stage,stage_index,stage_attempt,global_step,episode,n_agents,width,height,n_targets,n_obstacles,mean_episode_reward,food_discovered,food_picked_up,food_retrieved,exploration_coverage,pheromone_usage,pheromone_deposit_events,food_source_respawns,food_units_remaining,episode_length,first_pickup_step,first_delivery_step,pickup_to_delivery_latency,swarm_efficiency
stage1a_single_agent_miniscule,1,1,120,1,1,50,50,1,0,-4.387572765350342,0.0,0.0,0.0,0.4444444444444444,0.0,0,0,4,120,-1,-1,-1,0.0
stage1a_single_agent_miniscule,1,1,164,2,1,50,50,1,0,190.82098388671875,4.0,4.0,4.0,0.4444444444444444,0.0,0,0,0,44,41,41,0,0.09090909090909091
stage1a_single_agent_miniscule,1,1,284,3,1,50,50,1,0,-3.4101970195770264,0.0,0.0,0.0,0.3333333333333333,0.0,0,0,4,120,-1,-1,-1,0.0
stage1a_single_agent_miniscule,1,1,335,4,1,50,50,1,0,190.73007202148438,4.0,4.0,4.0,0.3333333333333333,0.0,0,0,0,51,48,48,0,0.0784313725490196
stage1a_single_agent_miniscule,1,1,455,5,1,50,50,1,0,91.71205139160156,2.0,2.0,2.0,0.3333333333333333,0.0,0,0,2,120,116,116,0,0.016666666666666666
stage1a_single_agent_miniscule,1,1,575,6,1,50,50,1,0,92.81037902832031,2.0,2.0,2.0,0.3333333333333333,0.0,0,0,2,120,93,93,0,0.016666666666666666
stage1a_single_agent_miniscule,1,1,695,7,1,50,50,1,0,-2.969879627227783,0.0,0.0,0.0,0.3333333333333333,0.0,0,0,4,120,-1,-1,-1,0.0
stage1a_single_agent_miniscule,1,1,803,8,1,50,50,1,0,188.194580078125,4.0,4.0,4.0,0.4444444444444444,0.0,0,0,0,108,81,81,0,0.037037037037037035
stage1a_single_agent_miniscule,1,1,923,9,1,50,50,1,0,-3.281764030456543,0.0,0.0,0.0,0.4444444444444444,0.0,0,0,4,120,-1,-1,-1,0.0
stage1a_single_agent_miniscule,1,1,1043,10,1,50,50,1,0,-1.3671960830688477,0.0,0.0,0.0,0.4444444444444444,0.0,0,0,4,120,-1,-1,-1,0.0
stage1a_single_agent_miniscule,1,1,1163,11,1,50,50,1,0,-2.9415550231933594,0.0,0.0,0.0,0.4444444444444444,0.0,0,0,4,120,-1,-1,-1,0.0
stage1a_single_agent_miniscule,1,1,1283,12,1,50,50,1,0,-4.290197849273682,0.0,0.0,0.0,0.3333333333333333,0.0,0,0,4,120,-1,-1,-1,0.0
stage1a_single_agent_miniscule,1,1,1403,13,1,50,50,1,0,-2.5398361682891846,0.0,0.0,0.0,0.3333333333333333,0.0,0,0,4,120,-1,-1,-1,0.0
stage1a_single_agent_miniscule,1,1,1442,14,1,50,50,1,0,190.57199096679688,4.0,4.0,4.0,0.2222222222222222,0.0,0,0,0,39,36,36,0,0.10256410256410256
stage1a_single_agent_miniscule,1,1,1562,15,1,50,50,1,0,-3.0114452838897705,0.0,0.0,0.0,0.4444444444444444,0.0,0,0,4,120,-1,-1,-1,0.0
stage1a_single_agent_miniscule,1,1,1585,16,1,50,50,1,0,191.546875,4.0,4.0,4.0,0.3333333333333333,0.0,0,0,0,23,20,20,0,0.17391304347826086
stage1a_single_agent_miniscule,1,1,1589,17,1,50,50,1,0,191.72073364257812,4.0,4.0,4.0,0.1111111111111111,0.0,0,0,0,4,1,1,0,1.0
stage1a_single_agent_miniscule,1,1,1682,18,1,50,50,1,0,190.41043090820312,4.0,4.0,4.0,0.4444444444444444,0.0,0,0,0,93,90,90,0,0.043010752688172046
stage1a_single_agent_miniscule,1,1,1802,19,1,50,50,1,0,-1.8196768760681152,0.0,0.0,0.0,0.3333333333333333,0.0,0,0,4,120,-1,-1,-1,0.0
stage1a_single_agent_miniscule,1,1,1897,20,1,50,50,1,0,189.56512451171875,4.0,4.0,4.0,0.4444444444444444,0.0,0,0,0,95,92,92,0,0.042105263157894736
stage1a_single_agent_miniscule,1,1,2017,21,1,50,50,1,0,-3.4399704933166504,0.0,0.0,0.0,0.4444444444444444,0.0,0,0,4,120,-1,-1,-1,0.0
stage1a_single_agent_miniscule,1,1,2036,22,1,50,50,1,0,191.08538818359375,4.0,4.0,4.0,0.2222222222222222,0.0,0,0,0,19,16,16,0,0.21052631578947367
stage1a_single_agent_miniscule,1,1,2040,23,1,50,50,1,0,191.71200561523438,4.0,4.0,4.0,0.1111111111111111,0.0,0,0,0,4,1,1,0,1.0
stage1a_single_agent_miniscule,1,1,2137,24,1,50,50,1,0,188.35049438476562,4.0,4.0,4.0,0.4444444444444444,0.0,0,0,0,97,94,94,0,0.041237113402061855
stage1a_single_agent_miniscule,1,1,2234,25,1,50,50,1,0,189.0576171875,4.0,4.0,4.0,0.4444444444444444,0.0,0,0,0,97,92,92,0,0.041237113402061855
stage1a_single_agent_miniscule,1,1,2354,26,1,50,50,1,0,-3.4176106452941895,0.0,0.0,0.0,0.4444444444444444,0.0,0,0,4,120,-1,-1,-1,0.0
stage1a_single_agent_miniscule,1,1,2474,27,1,50,50,1,0,141.2749786376953,3.0,3.0,3.0,0.4444444444444444,0.0,0,0,1,120,8,8,0,0.025
stage1a_single_agent_miniscule,1,1,2594,28,1,50,50,1,0,-2.0792133808135986,0.0,0.0,0.0,0.3333333333333333,0.0,0,0,4,120,-1,-1,-1,0.0
stage1a_single_agent_miniscule,1,1,2641,29,1,50,50,1,0,190.0786590576172,4.0,4.0,4.0,0.3333333333333333,0.0,0,0,0,47,43,43,0,0.0851063829787234
stage1a_single_agent_miniscule,1,1,2742,30,1,50,50,1,0,188.24017333984375,4.0,4.0,4.0,0.3333333333333333,0.0,0,0,0,101,72,72,0,0.039603960396039604
stage1a_single_agent_miniscule,1,1,2862,31,1,50,50,1,0,92.85414123535156,2.0,2.0,2.0,0.4444444444444444,0.0,0,0,2,120,119,119,0,0.016666666666666666
stage1a_single_agent_miniscule,1,1,2982,32,1,50,50,1,0,-4.255325794219971,0.0,0.0,0.0,0.4444444444444444,0.0,0,0,4,120,-1,-1,-1,0.0
stage1a_single_agent_miniscule,1,1,3010,33,1,50,50,1,0,190.71400451660156,4.0,4.0,4.0,0.2222222222222222,0.0,0,0,0,28,25,25,0,0.14285714285714285
stage1a_single_agent_miniscule,1,1,3039,34,1,50,50,1,0,190.75889587402344,4.0,4.0,4.0,0.2222222222222222,0.0,0,0,0,29,26,26,0,0.13793103448275862
stage1a_single_agent_miniscule,1,1,3159,35,1,50,50,1,0,-3.0248498916625977,0.0,0.0,0.0,0.4444444444444444,0.0,0,0,4,120,-1,-1,-1,0.0
stage1a_single_agent_miniscule,1,1,3238,36,1,50,50,1,0,190.05227661132812,4.0,4.0,4.0,0.4444444444444444,0.0,0,0,0,79,76,76,0,0.05063291139240506
stage1a_single_agent_miniscule,1,1,3242,37,1,50,50,1,0,191.961181640625,4.0,4.0,4.0,0.1111111111111111,0.0,0,0,0,4,1,1,0,1.0
stage1a_single_agent_miniscule,1,1,3326,38,1,50,50,1,0,189.48001098632812,4.0,4.0,4.0,0.4444444444444444,0.0,0,0,0,84,81,81,0,0.047619047619047616
stage1a_single_agent_miniscule,1,1,3374,39,1,50,50,1,0,190.22360229492188,4.0,4.0,4.0,0.2222222222222222,0.0,0,0,0,48,45,45,0,0.08333333333333333
stage1a_single_agent_miniscule,1,1,3494,40,1,50,50,1,0,-2.3768718242645264,0.0,0.0,0.0,0.2222222222222222,0.0,0,0,4,120,-1,-1,-1,0.0
stage1a_single_agent_miniscule,1,1,3560,41,1,50,50,1,0,190.67666625976562,4.0,4.0,4.0,0.4444444444444444,0.0,0,0,0,66,40,40,0,0.06060606060606061
stage1a_single_agent_miniscule,1,1,3617,42,1,50,50,1,0,189.9263153076172,4.0,4.0,4.0,0.2222222222222222,0.0,0,0,0,57,1,1,0,0.07017543859649122
stage1a_single_agent_miniscule,1,1,3693,43,1,50,50,1,0,189.77464294433594,4.0,4.0,4.0,0.3333333333333333,0.0,0,0,0,76,73,73,0,0.05263157894736842
stage1a_single_agent_miniscule,1,1,3813,44,1,50,50,1,0,92.19216918945312,2.0,2.0,2.0,0.2222222222222222,0.0,0,0,2,120,118,118,0,0.016666666666666666
stage1a_single_agent_miniscule,1,1,3897,45,1,50,50,1,0,190.22515869140625,4.0,4.0,4.0,0.4444444444444444,0.0,0,0,0,84,67,67,0,0.047619047619047616
stage1a_single_agent_miniscule,1,1,3996,46,1,50,50,1,0,189.86917114257812,4.0,4.0,4.0,0.4444444444444444,0.0,0,0,0,99,96,96,0,0.04040404040404041
stage1a_single_agent_miniscule,1,1,4040,47,1,50,50,1,0,190.80715942382812,4.0,4.0,4.0,0.3333333333333333,0.0,0,0,0,44,41,41,0,0.09090909090909091
stage1a_single_agent_miniscule,1,1,4115,48,1,50,50,1,0,189.03094482421875,4.0,4.0,4.0,0.4444444444444444,0.0,0,0,0,75,71,71,0,0.05333333333333334
stage1a_single_agent_miniscule,1,1,4119,49,1,50,50,1,0,191.72201538085938,4.0,4.0,4.0,0.1111111111111111,0.0,0,0,0,4,1,1,0,1.0
stage1a_single_agent_miniscule,1,1,4231,50,1,50,50,1,0,189.4582977294922,4.0,4.0,4.0,0.4444444444444444,0.0,0,0,0,112,109,109,0,0.03571428571428571
stage1a_single_agent_miniscule,1,1,4318,51,1,50,50,1,0,191.89520263671875,4.0,4.0,4.0,0.4444444444444444,0.0,0,0,0,87,84,84,0,0.04597701149425287
stage1a_single_agent_miniscule,1,1,4354,52,1,50,50,1,0,190.37799072265625,4.0,4.0,4.0,0.3333333333333333,0.0,0,0,0,36,32,32,0,0.1111111111111111
stage1a_single_agent_miniscule,1,1,4455,53,1,50,50,1,0,189.0390625,4.0,4.0,4.0,0.3333333333333333,0.0,0,0,0,101,98,98,0,0.039603960396039604
stage1a_single_agent_miniscule,1,1,4575,54,1,50,50,1,0,-4.040005207061768,0.0,0.0,0.0,0.2222222222222222,0.0,0,0,4,120,-1,-1,-1,0.0
stage1a_single_agent_miniscule,1,1,4612,55,1,50,50,1,0,189.90829467773438,4.0,4.0,4.0,0.3333333333333333,0.0,0,0,0,37,34,34,0,0.10810810810810811
stage1a_single_agent_miniscule,1,1,4690,56,1,50,50,1,0,190.07394409179688,4.0,4.0,4.0,0.3333333333333333,0.0,0,0,0,78,75,75,0,0.05128205128205128
stage1a_single_agent_miniscule,1,1,4754,57,1,50,50,1,0,190.6142578125,4.0,4.0,4.0,0.3333333333333333,0.0,0,0,0,64,61,61,0,0.0625
stage1a_single_agent_miniscule,1,1,4834,58,1,50,50,1,0,189.54986572265625,4.0,4.0,4.0,0.4444444444444444,0.0,0,0,0,80,15,15,0,0.05
stage1a_single_agent_miniscule,1,1,4849,59,1,50,50,1,0,191.39810180664062,4.0,4.0,4.0,0.2222222222222222,0.0,0,0,0,15,11,11,0,0.26666666666666666
stage1a_single_agent_miniscule,1,1,4969,60,1,50,50,1,0,-3.2582271099090576,0.0,0.0,0.0,0.3333333333333333,0.0,0,0,4,120,-1,-1,-1,0.0
stage1a_single_agent_miniscule,1,1,5062,61,1,50,50,1,0,188.2327880859375,4.0,4.0,4.0,0.3333333333333333,0.0,0,0,0,93,90,90,0,0.043010752688172046
stage1a_single_agent_miniscule,1,1,5066,62,1,50,50,1,0,191.96011352539062,4.0,4.0,4.0,0.1111111111111111,0.0,0,0,0,4,1,1,0,1.0
stage1a_single_agent_miniscule,1,1,5186,63,1,50,50,1,0,-3.3589463233947754,0.0,0.0,0.0,0.3333333333333333,0.0,0,0,4,120,-1,-1,-1,0.0
stage1a_single_agent_miniscule,1,1,5200,64,1,50,50,1,0,191.13067626953125,4.0,4.0,4.0,0.2222222222222222,0.0,0,0,0,14,11,11,0,0.2857142857142857
stage1a_single_agent_miniscule,1,1,5224,65,1,50,50,1,0,190.56480407714844,4.0,4.0,4.0,0.3333333333333333,0.0,0,0,0,24,20,20,0,0.16666666666666666
stage1a_single_agent_miniscule,1,1,5344,66,1,50,50,1,0,-4.536230087280273,0.0,0.0,0.0,0.3333333333333333,0.0,0,0,4,120,-1,-1,-1,0.0
stage1a_single_agent_miniscule,1,1,5411,67,1,50,50,1,0,190.0390625,4.0,4.0,4.0,0.3333333333333333,0.0,0,0,0,67,55,55,0,0.05970149253731343
stage1a_single_agent_miniscule,1,1,5486,68,1,50,50,1,0,190.3877716064453,4.0,4.0,4.0,0.4444444444444444,0.0,0,0,0,75,72,72,0,0.05333333333333334
stage1a_single_agent_miniscule,1,1,5568,69,1,50,50,1,0,188.65142822265625,4.0,4.0,4.0,0.4444444444444444,0.0,0,0,0,82,79,79,0,0.04878048780487805
stage1a_single_agent_miniscule,1,1,5677,70,1,50,50,1,0,187.96279907226562,4.0,4.0,4.0,0.4444444444444444,0.0,0,0,0,109,106,106,0,0.03669724770642202
stage1a_single_agent_miniscule,1,1,5687,71,1,50,50,1,0,191.67825317382812,4.0,4.0,4.0,0.2222222222222222,0.0,0,0,0,10,7,7,0,0.4
stage1a_single_agent_miniscule,1,1,5807,72,1,50,50,1,0,-3.326087474822998,0.0,0.0,0.0,0.4444444444444444,0.0,0,0,4,120,-1,-1,-1,0.0
stage1a_single_agent_miniscule,1,1,5927,73,1,50,50,1,0,139.33944702148438,3.0,3.0,3.0,0.4444444444444444,0.0,0,0,1,120,32,32,0,0.025
stage1a_single_agent_miniscule,1,1,6044,74,1,50,50,1,0,187.35357666015625,4.0,4.0,4.0,0.4444444444444444,0.0,0,0,0,117,114,114,0,0.03418803418803419
stage1a_single_agent_miniscule,1,1,6081,75,1,50,50,1,0,191.4346923828125,4.0,4.0,4.0,0.2222222222222222,0.0,0,0,0,37,34,34,0,0.10810810810810811
stage1a_single_agent_miniscule,1,1,6201,76,1,50,50,1,0,-1.9399383068084717,0.0,0.0,0.0,0.3333333333333333,0.0,0,0,4,120,-1,-1,-1,0.0
stage1a_single_agent_miniscule,1,1,6255,77,1,50,50,1,0,189.01336669921875,4.0,4.0,4.0,0.3333333333333333,0.0,0,0,0,54,50,50,0,0.07407407407407407
stage1a_single_agent_miniscule,1,1,6323,78,1,50,50,1,0,189.8059539794922,4.0,4.0,4.0,0.3333333333333333,0.0,0,0,0,68,65,65,0,0.058823529411764705
stage1a_single_agent_miniscule,1,1,6412,79,1,50,50,1,0,190.64144897460938,4.0,4.0,4.0,0.4444444444444444,0.0,0,0,0,89,80,80,0,0.0449438202247191
stage1a_single_agent_miniscule,1,1,6532,80,1,50,50,1,0,-2.556936025619507,0.0,0.0,0.0,0.4444444444444444,0.0,0,0,4,120,-1,-1,-1,0.0
stage1a_single_agent_miniscule,1,1,6549,81,1,50,50,1,0,191.348876953125,4.0,4.0,4.0,0.2222222222222222,0.0,0,0,0,17,10,10,0,0.23529411764705882
stage1a_single_agent_miniscule,1,1,6666,82,1,50,50,1,0,188.4352569580078,4.0,4.0,4.0,0.4444444444444444,0.0,0,0,0,117,114,114,0,0.03418803418803419
stage1a_single_agent_miniscule,1,1,6670,83,1,50,50,1,0,191.70977783203125,4.0,4.0,4.0,0.1111111111111111,0.0,0,0,0,4,1,1,0,1.0
stage1a_single_agent_miniscule,1,1,6707,84,1,50,50,1,0,190.95596313476562,4.0,4.0,4.0,0.3333333333333333,0.0,0,0,0,37,24,24,0,0.10810810810810811
stage1a_single_agent_miniscule,1,1,6711,85,1,50,50,1,0,191.45947265625,4.0,4.0,4.0,0.1111111111111111,0.0,0,0,0,4,1,1,0,1.0
stage1a_single_agent_miniscule,1,1,6745,86,1,50,50,1,0,191.04757690429688,4.0,4.0,4.0,0.4444444444444444,0.0,0,0,0,34,31,31,0,0.11764705882352941
stage1a_single_agent_miniscule,1,1,6865,87,1,50,50,1,0,-2.8872015476226807,0.0,0.0,0.0,0.4444444444444444,0.0,0,0,4,120,-1,-1,-1,0.0
stage1a_single_agent_miniscule,1,1,6942,88,1,50,50,1,0,189.48257446289062,4.0,4.0,4.0,0.3333333333333333,0.0,0,0,0,77,74,74,0,0.05194805194805195
stage1a_single_agent_miniscule,1,1,6966,89,1,50,50,1,0,190.77005004882812,4.0,4.0,4.0,0.2222222222222222,0.0,0,0,0,24,16,16,0,0.16666666666666666
stage1a_single_agent_miniscule,1,1,7078,90,1,50,50,1,0,189.73223876953125,4.0,4.0,4.0,0.4444444444444444,0.0,0,0,0,112,109,109,0,0.03571428571428571
stage1a_single_agent_miniscule,1,1,7129,91,1,50,50,1,0,190.08126831054688,4.0,4.0,4.0,0.3333333333333333,0.0,0,0,0,51,47,47,0,0.0784313725490196
stage1a_single_agent_miniscule,1,1,7249,92,1,50,50,1,0,-3.7695391178131104,0.0,0.0,0.0,0.3333333333333333,0.0,0,0,4,120,-1,-1,-1,0.0
stage1a_single_agent_miniscule,1,1,7369,93,1,50,50,1,0,-2.3867077827453613,0.0,0.0,0.0,0.4444444444444444,0.0,0,0,4,120,-1,-1,-1,0.0
stage1a_single_agent_miniscule,1,1,7426,94,1,50,50,1,0,189.97482299804688,4.0,4.0,4.0,0.3333333333333333,0.0,0,0,0,57,54,54,0,0.07017543859649122
stage1a_single_agent_miniscule,1,1,7430,95,1,50,50,1,0,191.71200561523438,4.0,4.0,4.0,0.1111111111111111,0.0,0,0,0,4,1,1,0,1.0
stage1a_single_agent_miniscule,1,1,7549,96,1,50,50,1,0,186.66275024414062,4.0,4.0,4.0,0.4444444444444444,0.0,0,0,0,119,116,116,0,0.03361344537815126
stage1a_single_agent_miniscule,1,1,7669,97,1,50,50,1,0,141.36090087890625,3.0,3.0,3.0,0.4444444444444444,0.0,0,0,1,120,52,52,0,0.025
stage1a_single_agent_miniscule,1,1,7738,98,1,50,50,1,0,189.64306640625,4.0,4.0,4.0,0.3333333333333333,0.0,0,0,0,69,31,31,0,0.057971014492753624
stage1a_single_agent_miniscule,1,1,7764,99,1,50,50,1,0,190.76678466796875,4.0,4.0,4.0,0.2222222222222222,0.0,0,0,0,26,23,23,0,0.15384615384615385
stage1a_single_agent_miniscule,1,1,7884,100,1,50,50,1,0,-3.772946834564209,0.0,0.0,0.0,0.4444444444444444,0.0,0,0,4,120,-1,-1,-1,0.0
stage1a_single_agent_miniscule,1,1,8004,101,1,50,50,1,0,-4.053752899169922,0.0,0.0,0.0,0.3333333333333333,0.0,0,0,4,120,-1,-1,-1,0.0
stage1a_single_agent_miniscule,1,1,8124,102,1,50,50,1,0,-3.0206475257873535,0.0,0.0,0.0,0.4444444444444444,0.0,0,0,4,120,-1,-1,-1,0.0
stage1a_single_agent_miniscule,1,1,8207,103,1,50,50,1,0,189.84085083007812,4.0,4.0,4.0,0.4444444444444444,0.0,0,0,0,83,80,80,0,0.04819277108433735
stage1a_single_agent_miniscule,1,1,8256,104,1,50,50,1,0,190.19210815429688,4.0,4.0,4.0,0.4444444444444444,0.0,0,0,0,49,46,46,0,0.08163265306122448
stage1a_single_agent_miniscule,1,1,8376,105,1,50,50,1,0,92.39569091796875,2.0,2.0,2.0,0.4444444444444444,0.0,0,0,2,120,49,49,0,0.016666666666666666
stage1a_single_agent_miniscule,1,1,8395,106,1,50,50,1,0,191.33453369140625,4.0,4.0,4.0,0.3333333333333333,0.0,0,0,0,19,16,16,0,0.21052631578947367
stage1a_single_agent_miniscule,1,1,8448,107,1,50,50,1,0,190.78338623046875,4.0,4.0,4.0,0.3333333333333333,0.0,0,0,0,53,50,50,0,0.07547169811320754
stage1a_single_agent_miniscule,1,1,8512,108,1,50,50,1,0,189.27267456054688,4.0,4.0,4.0,0.4444444444444444,0.0,0,0,0,64,29,29,0,0.0625
stage1a_single_agent_miniscule,1,1,8565,109,1,50,50,1,0,189.2890625,4.0,4.0,4.0,0.3333333333333333,0.0,0,0,0,53,50,50,0,0.07547169811320754
stage1a_single_agent_miniscule,1,1,8610,110,1,50,50,1,0,190.34603881835938,4.0,4.0,4.0,0.3333333333333333,0.0,0,0,0,45,39,39,0,0.08888888888888889
stage1a_single_agent_miniscule,1,1,8678,111,1,50,50,1,0,189.23846435546875,4.0,4.0,4.0,0.4444444444444444,0.0,0,0,0,68,65,65,0,0.058823529411764705
stage1a_single_agent_miniscule,1,1,8798,112,1,50,50,1,0,41.7534294128418,1.0,1.0,1.0,0.4444444444444444,0.0,0,0,3,120,44,44,0,0.008333333333333333
stage1a_single_agent_miniscule,1,1,8815,113,1,50,50,1,0,190.70730590820312,4.0,4.0,4.0,0.3333333333333333,0.0,0,0,0,17,14,14,0,0.23529411764705882
stage1a_single_agent_miniscule,1,1,8875,114,1,50,50,1,0,190.4871826171875,4.0,4.0,4.0,0.3333333333333333,0.0,0,0,0,60,56,56,0,0.06666666666666667
stage1a_single_agent_miniscule,1,1,8879,115,1,50,50,1,0,191.72201538085938,4.0,4.0,4.0,0.1111111111111111,0.0,0,0,0,4,1,1,0,1.0
stage1a_single_agent_miniscule,1,1,8999,116,1,50,50,1,0,90.68366241455078,2.0,2.0,2.0,0.4444444444444444,0.0,0,0,2,120,77,77,0,0.016666666666666666
stage1a_single_agent_miniscule,1,1,9038,117,1,50,50,1,0,190.49667358398438,4.0,4.0,4.0,0.4444444444444444,0.0,0,0,0,39,36,36,0,0.10256410256410256
stage1a_single_agent_miniscule,1,1,9074,118,1,50,50,1,0,190.8023681640625,4.0,4.0,4.0,0.4444444444444444,0.0,0,0,0,36,33,33,0,0.1111111111111111
stage1a_single_agent_miniscule,1,1,9176,119,1,50,50,1,0,188.18536376953125,4.0,4.0,4.0,0.4444444444444444,0.0,0,0,0,102,35,35,0,0.0392156862745098
stage1a_single_agent_miniscule,1,1,9234,120,1,50,50,1,0,189.47364807128906,4.0,4.0,4.0,0.4444444444444444,0.0,0,0,0,58,24,24,0,0.06896551724137931
stage1a_single_agent_miniscule,1,1,9329,121,1,50,50,1,0,188.58975219726562,4.0,4.0,4.0,0.4444444444444444,0.0,0,0,0,95,1,1,0,0.042105263157894736
stage1a_single_agent_miniscule,1,1,9348,122,1,50,50,1,0,191.51368713378906,4.0,4.0,4.0,0.3333333333333333,0.0,0,0,0,19,16,16,0,0.21052631578947367
stage1a_single_agent_miniscule,1,1,9383,123,1,50,50,1,0,190.41213989257812,4.0,4.0,4.0,0.2222222222222222,0.0,0,0,0,35,32,32,0,0.11428571428571428
stage1a_single_agent_miniscule,1,1,9426,124,1,50,50,1,0,190.14697265625,4.0,4.0,4.0,0.4444444444444444,0.0,0,0,0,43,34,34,0,0.09302325581395349
stage1a_single_agent_miniscule,1,1,9546,125,1,50,50,1,0,139.21978759765625,3.0,3.0,3.0,0.4444444444444444,0.0,0,0,1,120,11,11,0,0.025
stage1a_single_agent_miniscule,1,1,9636,126,1,50,50,1,0,188.8015899658203,4.0,4.0,4.0,0.4444444444444444,0.0,0,0,0,90,87,87,0,0.044444444444444446
stage1a_single_agent_miniscule,1,1,9730,127,1,50,50,1,0,188.15560913085938,4.0,4.0,4.0,0.4444444444444444,0.0,0,0,0,94,60,60,0,0.0425531914893617
stage1a_single_agent_miniscule,1,1,9749,128,1,50,50,1,0,191.09201049804688,4.0,4.0,4.0,0.3333333333333333,0.0,0,0,0,19,16,16,0,0.21052631578947367
stage1a_single_agent_miniscule,1,1,9782,129,1,50,50,1,0,190.60997009277344,4.0,4.0,4.0,0.3333333333333333,0.0,0,0,0,33,30,30,0,0.12121212121212122
stage1a_single_agent_miniscule,1,1,9794,130,1,50,50,1,0,191.27915954589844,4.0,4.0,4.0,0.3333333333333333,0.0,0,0,0,12,9,9,0,0.3333333333333333
stage1a_single_agent_miniscule,1,1,9914,131,1,50,50,1,0,139.2125701904297,3.0,3.0,3.0,0.4444444444444444,0.0,0,0,1,120,40,40,0,0.025
stage1a_single_agent_miniscule,1,1,10030,132,1,50,50,1,0,185.99851989746094,4.0,4.0,4.0,0.4444444444444444,0.0,0,0,0,116,36,36,0,0.034482758620689655
stage1a_single_agent_miniscule,1,1,10086,133,1,50,50,1,0,188.6660919189453,4.0,4.0,4.0,0.4444444444444444,0.0,0,0,0,56,28,28,0,0.07142857142857142
stage1a_single_agent_miniscule,1,1,10162,134,1,50,50,1,0,188.55345153808594,4.0,4.0,4.0,0.4444444444444444,0.0,0,0,0,76,31,31,0,0.05263157894736842
stage1a_single_agent_miniscule,1,1,10187,135,1,50,50,1,0,190.89918518066406,4.0,4.0,4.0,0.3333333333333333,0.0,0,0,0,25,21,21,0,0.16
stage1a_single_agent_miniscule,1,1,10193,136,1,50,50,1,0,191.95518493652344,4.0,4.0,4.0,0.1111111111111111,0.0,0,0,0,6,1,1,0,0.6666666666666666
stage1a_single_agent_miniscule,1,1,10229,137,1,50,50,1,0,190.4475555419922,4.0,4.0,4.0,0.4444444444444444,0.0,0,0,0,36,33,33,0,0.1111111111111111
stage1a_single_agent_miniscule,1,1,10306,138,1,50,50,1,0,187.7816162109375,4.0,4.0,4.0,0.4444444444444444,0.0,0,0,0,77,27,27,0,0.05194805194805195
stage1a_single_agent_miniscule,1,1,10340,139,1,50,50,1,0,190.03773498535156,4.0,4.0,4.0,0.4444444444444444,0.0,0,0,0,34,31,31,0,0.11764705882352941
stage1a_single_agent_miniscule,1,1,10397,140,1,50,50,1,0,189.15614318847656,4.0,4.0,4.0,0.4444444444444444,0.0,0,0,0,57,30,30,0,0.07017543859649122
stage1a_single_agent_miniscule,1,1,10455,141,1,50,50,1,0,189.75233459472656,4.0,4.0,4.0,0.4444444444444444,0.0,0,0,0,58,55,55,0,0.06896551724137931
stage1a_single_agent_miniscule,1,1,10497,142,1,50,50,1,0,190.56329345703125,4.0,4.0,4.0,0.3333333333333333,0.0,0,0,0,42,39,39,0,0.09523809523809523
stage1a_single_agent_miniscule,1,1,10529,143,1,50,50,1,0,190.45103454589844,4.0,4.0,4.0,0.4444444444444444,0.0,0,0,0,32,29,29,0,0.125
stage1a_single_agent_miniscule,1,1,10643,144,1,50,50,1,0,186.4613800048828,4.0,4.0,4.0,0.4444444444444444,0.0,0,0,0,114,38,38,0,0.03508771929824561
stage1a_single_agent_miniscule,1,1,10653,145,1,50,50,1,0,191.52366638183594,4.0,4.0,4.0,0.3333333333333333,0.0,0,0,0,10,7,7,0,0.4
stage1a_single_agent_miniscule,1,1,10736,146,1,50,50,1,0,187.71739196777344,4.0,4.0,4.0,0.4444444444444444,0.0,0,0,0,83,30,30,0,0.04819277108433735
stage1a_single_agent_miniscule,1,1,10795,147,1,50,50,1,0,189.17079162597656,4.0,4.0,4.0,0.4444444444444444,0.0,0,0,0,59,37,37,0,0.06779661016949153
stage1a_single_agent_miniscule,1,1,10857,148,1,50,50,1,0,188.82969665527344,4.0,4.0,4.0,0.4444444444444444,0.0,0,0,0,62,11,11,0,0.06451612903225806
stage1a_single_agent_miniscule,1,1,10933,149,1,50,50,1,0,188.31298828125,4.0,4.0,4.0,0.4444444444444444,0.0,0,0,0,76,72,72,0,0.05263157894736842
stage1a_single_agent_miniscule,1,1,10937,150,1,50,50,1,0,191.22012329101562,4.0,4.0,4.0,0.1111111111111111,0.0,0,0,0,4,1,1,0,1.0
stage1a_single_agent_miniscule,1,1,10993,151,1,50,50,1,0,188.81517028808594,4.0,4.0,4.0,0.4444444444444444,0.0,0,0,0,56,5,5,0,0.07142857142857142
stage1a_single_agent_miniscule,1,1,11024,152,1,50,50,1,0,189.9804229736328,4.0,4.0,4.0,0.3333333333333333,0.0,0,0,0,31,28,28,0,0.12903225806451613
stage1a_single_agent_miniscule,1,1,11033,153,1,50,50,1,0,191.5005645751953,4.0,4.0,4.0,0.2222222222222222,0.0,0,0,0,9,4,4,0,0.4444444444444444
stage1a_single_agent_miniscule,1,1,11091,154,1,50,50,1,0,189.32070922851562,4.0,4.0,4.0,0.4444444444444444,0.0,0,0,0,58,29,29,0,0.06896551724137931
stage1a_single_agent_miniscule,1,1,11189,155,1,50,50,1,0,186.2870330810547,4.0,4.0,4.0,0.4444444444444444,0.0,0,0,0,98,23,23,0,0.04081632653061224
stage1a_single_agent_miniscule,1,1,11243,156,1,50,50,1,0,187.981201171875,4.0,4.0,4.0,0.4444444444444444,0.0,0,0,0,54,27,27,0,0.07407407407407407
stage1a_single_agent_miniscule,1,1,11312,157,1,50,50,1,0,188.37908935546875,4.0,4.0,4.0,0.4444444444444444,0.0,0,0,0,69,39,39,0,0.057971014492753624
stage1a_single_agent_miniscule,1,1,11343,158,1,50,50,1,0,190.27455139160156,4.0,4.0,4.0,0.4444444444444444,0.0,0,0,0,31,28,28,0,0.12903225806451613
stage1a_single_agent_miniscule,1,1,11400,159,1,50,50,1,0,188.9297637939453,4.0,4.0,4.0,0.4444444444444444,0.0,0,0,0,57,11,11,0,0.07017543859649122
stage1a_single_agent_miniscule,1,1,11432,160,1,50,50,1,0,190.67112731933594,4.0,4.0,4.0,0.4444444444444444,0.0,0,0,0,32,29,29,0,0.125
stage1a_single_agent_miniscule,1,1,11524,161,1,50,50,1,0,186.3223114013672,4.0,4.0,4.0,0.4444444444444444,0.0,0,0,0,92,39,39,0,0.043478260869565216
stage1a_single_agent_miniscule,1,1,11591,162,1,50,50,1,0,189.3346405029297,4.0,4.0,4.0,0.4444444444444444,0.0,0,0,0,67,64,64,0,0.05970149253731343
stage1a_single_agent_miniscule,1,1,11639,163,1,50,50,1,0,189.63262939453125,4.0,4.0,4.0,0.4444444444444444,0.0,0,0,0,48,11,11,0,0.08333333333333333
stage1a_single_agent_miniscule,1,1,11685,164,1,50,50,1,0,189.71205139160156,4.0,4.0,4.0,0.4444444444444444,0.0,0,0,0,46,11,11,0,0.08695652173913043
stage1a_single_agent_miniscule,1,1,11721,165,1,50,50,1,0,190.72640991210938,4.0,4.0,4.0,0.4444444444444444,0.0,0,0,0,36,6,6,0,0.1111111111111111
stage1a_single_agent_miniscule,1,1,11810,166,1,50,50,1,0,185.9955291748047,4.0,4.0,4.0,0.4444444444444444,0.0,0,0,0,89,36,36,0,0.0449438202247191
stage1a_single_agent_miniscule,1,1,11869,167,1,50,50,1,0,188.92559814453125,4.0,4.0,4.0,0.4444444444444444,0.0,0,0,0,59,31,31,0,0.06779661016949153
stage1a_single_agent_miniscule,1,1,11961,168,1,50,50,1,0,188.4287109375,4.0,4.0,4.0,0.4444444444444444,0.0,0,0,0,92,42,42,0,0.043478260869565216
stage1a_single_agent_miniscule,1,1,12011,169,1,50,50,1,0,189.66610717773438,4.0,4.0,4.0,0.4444444444444444,0.0,0,0,0,50,24,24,0,0.08
stage1a_single_agent_miniscule,1,1,12046,170,1,50,50,1,0,191.0318145751953,4.0,4.0,4.0,0.3333333333333333,0.0,0,0,0,35,32,32,0,0.11428571428571428
stage1a_single_agent_miniscule,1,1,12114,171,1,50,50,1,0,188.39076232910156,4.0,4.0,4.0,0.4444444444444444,0.0,0,0,0,68,1,1,0,0.058823529411764705
stage1a_single_agent_miniscule,1,1,12147,172,1,50,50,1,0,189.5153350830078,4.0,4.0,4.0,0.3333333333333333,0.0,0,0,0,33,30,30,0,0.12121212121212122
stage1a_single_agent_miniscule,1,1,12151,173,1,50,50,1,0,191.47073364257812,4.0,4.0,4.0,0.1111111111111111,0.0,0,0,0,4,1,1,0,1.0
stage1a_single_agent_miniscule,1,1,12210,174,1,50,50,1,0,188.78802490234375,4.0,4.0,4.0,0.4444444444444444,0.0,0,0,0,59,33,33,0,0.06779661016949153
stage1a_single_agent_miniscule,1,1,12238,175,1,50,50,1,0,191.33016967773438,4.0,4.0,4.0,0.3333333333333333,0.0,0,0,0,28,24,24,0,0.14285714285714285
stage1a_single_agent_miniscule,1,1,12296,176,1,50,50,1,0,189.3706512451172,4.0,4.0,4.0,0.4444444444444444,0.0,0,0,0,58,55,55,0,0.06896551724137931
stage1a_single_agent_miniscule,1,1,12336,177,1,50,50,1,0,190.0336151123047,4.0,4.0,4.0,0.4444444444444444,0.0,0,0,0,40,15,15,0,0.1
stage1a_single_agent_miniscule,1,1,12393,178,1,50,50,1,0,188.74169921875,4.0,4.0,4.0,0.4444444444444444,0.0,0,0,0,57,32,32,0,0.07017543859649122
stage1a_single_agent_miniscule,1,1,12417,179,1,50,50,1,0,190.3137664794922,4.0,4.0,4.0,0.4444444444444444,0.0,0,0,0,24,21,21,0,0.16666666666666666
stage1a_single_agent_miniscule,1,1,12443,180,1,50,50,1,0,190.0276336669922,4.0,4.0,4.0,0.3333333333333333,0.0,0,0,0,26,23,23,0,0.15384615384615385
stage1a_single_agent_miniscule,1,1,12447,181,1,50,50,1,0,191.47146606445312,4.0,4.0,4.0,0.1111111111111111,0.0,0,0,0,4,1,1,0,1.0
stage1a_single_agent_miniscule,1,1,12480,182,1,50,50,1,0,190.04393005371094,4.0,4.0,4.0,0.4444444444444444,0.0,0,0,0,33,30,30,0,0.12121212121212122
stage1a_single_agent_miniscule,1,1,12486,183,1,50,50,1,0,191.69488525390625,4.0,4.0,4.0,0.1111111111111111,0.0,0,0,0,6,1,1,0,0.6666666666666666
stage1a_single_agent_miniscule,1,1,12513,184,1,50,50,1,0,189.5066680908203,4.0,4.0,4.0,0.3333333333333333,0.0,0,0,0,27,24,24,0,0.14814814814814814
stage1a_single_agent_miniscule,1,1,12549,185,1,50,50,1,0,190.266845703125,4.0,4.0,4.0,0.3333333333333333,0.0,0,0,0,36,33,33,0,0.1111111111111111
stage1a_single_agent_miniscule,1,1,12596,186,1,50,50,1,0,188.96485900878906,4.0,4.0,4.0,0.4444444444444444,0.0,0,0,0,47,23,23,0,0.0851063829787234
stage1a_single_agent_miniscule,1,1,12650,187,1,50,50,1,0,188.5098114013672,4.0,4.0,4.0,0.4444444444444444,0.0,0,0,0,54,27,27,0,0.07407407407407407
stage1a_single_agent_miniscule,1,1,12673,188,1,50,50,1,0,190.47361755371094,4.0,4.0,4.0,0.4444444444444444,0.0,0,0,0,23,20,20,0,0.17391304347826086
stage1a_single_agent_miniscule,1,1,12677,189,1,50,50,1,0,191.71200561523438,4.0,4.0,4.0,0.1111111111111111,0.0,0,0,0,4,1,1,0,1.0
stage1a_single_agent_miniscule,1,1,12705,190,1,50,50,1,0,191.15194702148438,4.0,4.0,4.0,0.4444444444444444,0.0,0,0,0,28,25,25,0,0.14285714285714285
stage1a_single_agent_miniscule,1,1,12749,191,1,50,50,1,0,189.57066345214844,4.0,4.0,4.0,0.4444444444444444,0.0,0,0,0,44,1,1,0,0.09090909090909091
stage1a_single_agent_miniscule,1,1,12768,192,1,50,50,1,0,190.96749877929688,4.0,4.0,4.0,0.2222222222222222,0.0,0,0,0,19,16,16,0,0.21052631578947367
stage1a_single_agent_miniscule,1,1,12791,193,1,50,50,1,0,190.52398681640625,4.0,4.0,4.0,0.2222222222222222,0.0,0,0,0,23,20,20,0,0.17391304347826086
stage1a_single_agent_miniscule,1,1,12856,194,1,50,50,1,0,188.29525756835938,4.0,4.0,4.0,0.4444444444444444,0.0,0,0,0,65,40,40,0,0.06153846153846154
stage1a_single_agent_miniscule,1,1,12890,195,1,50,50,1,0,190.0228729248047,4.0,4.0,4.0,0.4444444444444444,0.0,0,0,0,34,30,31,1,0.11764705882352941
stage1a_single_agent_miniscule,1,1,12894,196,1,50,50,1,0,191.4800262451172,4.0,4.0,4.0,0.1111111111111111,0.0,0,0,0,4,1,1,0,1.0
stage1a_single_agent_miniscule,1,1,12948,197,1,50,50,1,0,188.4720001220703,4.0,4.0,4.0,0.4444444444444444,0.0,0,0,0,54,27,27,0,0.07407407407407407
stage1a_single_agent_miniscule,1,1,12974,198,1,50,50,1,0,190.61810302734375,4.0,4.0,4.0,0.3333333333333333,0.0,0,0,0,26,23,23,0,0.15384615384615385
stage1a_single_agent_miniscule,1,1,12978,199,1,50,50,1,0,191.97201538085938,4.0,4.0,4.0,0.1111111111111111,0.0,0,0,0,4,1,1,0,1.0
stage1a_single_agent_miniscule,1,1,12989,200,1,50,50,1,0,191.2701416015625,4.0,4.0,4.0,0.3333333333333333,0.0,0,0,0,11,8,8,0,0.36363636363636365
stage1a_single_agent_miniscule,1,1,13021,201,1,50,50,1,0,189.80142211914062,4.0,4.0,4.0,0.4444444444444444,0.0,0,0,0,32,27,27,0,0.125
stage1a_single_agent_miniscule,1,1,13049,202,1,50,50,1,0,190.02723693847656,4.0,4.0,4.0,0.3333333333333333,0.0,0,0,0,28,25,25,0,0.14285714285714285
stage1a_single_agent_miniscule,1,1,13070,203,1,50,50,1,0,191.19564819335938,4.0,4.0,4.0,0.2222222222222222,0.0,0,0,0,21,1,1,0,0.19047619047619047
stage1a_single_agent_miniscule,1,1,13150,204,1,50,50,1,0,187.43667602539062,4.0,4.0,4.0,0.4444444444444444,0.0,0,0,0,80,30,30,0,0.05
stage1a_single_agent_miniscule,1,1,13226,205,1,50,50,1,0,188.5742950439453,4.0,4.0,4.0,0.4444444444444444,0.0,0,0,0,76,26,26,0,0.05263157894736842
stage1a_single_agent_miniscule,1,1,13245,206,1,50,50,1,0,190.82199096679688,4.0,4.0,4.0,0.2222222222222222,0.0,0,0,0,19,16,16,0,0.21052631578947367
stage1a_single_agent_miniscule,1,1,13319,207,1,50,50,1,0,187.45399475097656,4.0,4.0,4.0,0.4444444444444444,0.0,0,0,0,74,47,47,0,0.05405405405405406
stage1a_single_agent_miniscule,1,1,13376,208,1,50,50,1,0,188.64828491210938,4.0,4.0,4.0,0.4444444444444444,0.0,0,0,0,57,32,32,0,0.07017543859649122
stage1a_single_agent_miniscule,1,1,13392,209,1,50,50,1,0,191.3380126953125,4.0,4.0,4.0,0.2222222222222222,0.0,0,0,0,16,13,13,0,0.25
stage1a_single_agent_miniscule,1,1,13411,210,1,50,50,1,0,191.09201049804688,4.0,4.0,4.0,0.3333333333333333,0.0,0,0,0,19,16,16,0,0.21052631578947367
stage1a_single_agent_miniscule,1,1,13474,211,1,50,50,1,0,188.4351806640625,4.0,4.0,4.0,0.4444444444444444,0.0,0,0,0,63,60,60,0,0.06349206349206349
stage1a_single_agent_miniscule,1,1,13534,212,1,50,50,1,0,188.67904663085938,4.0,4.0,4.0,0.4444444444444444,0.0,0,0,0,60,33,33,0,0.06666666666666667
stage1a_single_agent_miniscule,1,1,13549,213,1,50,50,1,0,191.24256896972656,4.0,4.0,4.0,0.3333333333333333,0.0,0,0,0,15,12,12,0,0.26666666666666666
stage1a_single_agent_miniscule,1,1,13561,214,1,50,50,1,0,191.27023315429688,4.0,4.0,4.0,0.3333333333333333,0.0,0,0,0,12,9,9,0,0.3333333333333333
stage1a_single_agent_miniscule,1,1,13565,215,1,50,50,1,0,191.71200561523438,4.0,4.0,4.0,0.1111111111111111,0.0,0,0,0,4,1,1,0,1.0
stage1a_single_agent_miniscule,1,1,13600,216,1,50,50,1,0,190.02769470214844,4.0,4.0,4.0,0.4444444444444444,0.0,0,0,0,35,12,12,0,0.11428571428571428
stage1a_single_agent_miniscule,1,1,13631,217,1,50,50,1,0,190.34677124023438,4.0,4.0,4.0,0.3333333333333333,0.0,0,0,0,31,28,28,0,0.12903225806451613
stage1a_single_agent_miniscule,1,1,13635,218,1,50,50,1,0,191.46023559570312,4.0,4.0,4.0,0.1111111111111111,0.0,0,0,0,4,1,1,0,1.0
stage1a_single_agent_miniscule,1,1,13648,219,1,50,50,1,0,191.24794006347656,4.0,4.0,4.0,0.3333333333333333,0.0,0,0,0,13,10,10,0,0.3076923076923077
stage1a_single_agent_miniscule,1,1,13697,220,1,50,50,1,0,189.44895935058594,4.0,4.0,4.0,0.4444444444444444,0.0,0,0,0,49,45,45,0,0.08163265306122448
stage1a_single_agent_miniscule,1,1,13790,221,1,50,50,1,0,187.8781280517578,4.0,4.0,4.0,0.4444444444444444,0.0,0,0,0,93,68,68,0,0.043010752688172046
stage1a_single_agent_miniscule,1,1,13828,222,1,50,50,1,0,189.3757781982422,4.0,4.0,4.0,0.3333333333333333,0.0,0,0,0,38,35,35,0,0.10526315789473684
stage1a_single_agent_miniscule,1,1,13844,223,1,50,50,1,0,191.3378448486328,4.0,4.0,4.0,0.4444444444444444,0.0,0,0,0,16,13,13,0,0.25
stage1a_single_agent_miniscule,1,1,13871,224,1,50,50,1,0,190.6676483154297,4.0,4.0,4.0,0.3333333333333333,0.0,0,0,0,27,24,24,0,0.14814814814814814
stage1a_single_agent_miniscule,1,1,13906,225,1,50,50,1,0,189.534912109375,4.0,4.0,4.0,0.4444444444444444,0.0,0,0,0,35,12,12,0,0.11428571428571428
stage1a_single_agent_miniscule,1,1,13985,226,1,50,50,1,0,187.57131958007812,4.0,4.0,4.0,0.4444444444444444,0.0,0,0,0,79,29,29,0,0.05063291139240506
stage1a_single_agent_miniscule,1,1,14034,227,1,50,50,1,0,188.2772979736328,4.0,4.0,4.0,0.4444444444444444,0.0,0,0,0,49,23,23,0,0.08163265306122448
stage1a_single_agent_miniscule,1,1,14130,228,1,50,50,1,0,187.23707580566406,4.0,4.0,4.0,0.4444444444444444,0.0,0,0,0,96,71,71,0,0.041666666666666664
stage1a_single_agent_miniscule,1,1,14213,229,1,50,50,1,0,187.0955047607422,4.0,4.0,4.0,0.4444444444444444,0.0,0,0,0,83,7,7,0,0.04819277108433735
stage1a_single_agent_miniscule,1,1,14300,230,1,50,50,1,0,187.48248291015625,4.0,4.0,4.0,0.4444444444444444,0.0,0,0,0,87,61,61,0,0.04597701149425287
stage1a_single_agent_miniscule,1,1,14358,231,1,50,50,1,0,188.75814819335938,4.0,4.0,4.0,0.4444444444444444,0.0,0,0,0,58,30,30,0,0.06896551724137931
stage1a_single_agent_miniscule,1,1,14362,232,1,50,50,1,0,191.48019409179688,4.0,4.0,4.0,0.1111111111111111,0.0,0,0,0,4,1,1,0,1.0
stage1a_single_agent_miniscule,1,1,14442,233,1,50,50,1,0,188.32460021972656,4.0,4.0,4.0,0.4444444444444444,0.0,0,0,0,80,77,77,0,0.05
stage1a_single_agent_miniscule,1,1,14458,234,1,50,50,1,0,191.71591186523438,4.0,4.0,4.0,0.2222222222222222,0.0,0,0,0,16,13,13,0,0.25
stage1a_single_agent_miniscule,1,1,14469,235,1,50,50,1,0,191.17800903320312,4.0,4.0,4.0,0.3333333333333333,0.0,0,0,0,11,8,8,0,0.36363636363636365
stage1a_single_agent_miniscule,1,1,14512,236,1,50,50,1,0,190.00021362304688,4.0,4.0,4.0,0.4444444444444444,0.0,0,0,0,43,18,18,0,0.09302325581395349
stage1a_single_agent_miniscule,1,1,14546,237,1,50,50,1,0,190.01968383789062,4.0,4.0,4.0,0.4444444444444444,0.0,0,0,0,34,8,8,0,0.11764705882352941
stage1a_single_agent_miniscule,1,1,14578,238,1,50,50,1,0,190.0829620361328,4.0,4.0,4.0,0.2222222222222222,0.0,0,0,0,32,29,29,0,0.125
stage1a_single_agent_miniscule,1,1,14611,239,1,50,50,1,0,190.87875366210938,4.0,4.0,4.0,0.3333333333333333,0.0,0,0,0,33,30,30,0,0.12121212121212122
stage1a_single_agent_miniscule,1,1,14615,240,1,50,50,1,0,191.97201538085938,4.0,4.0,4.0,0.1111111111111111,0.0,0,0,0,4,1,1,0,1.0
stage1a_single_agent_miniscule,1,1,14687,241,1,50,50,1,0,189.25819396972656,4.0,4.0,4.0,0.4444444444444444,0.0,0,0,0,72,47,47,0,0.05555555555555555
stage1a_single_agent_miniscule,1,1,14695,242,1,50,50,1,0,191.7564239501953,4.0,4.0,4.0,0.2222222222222222,0.0,0,0,0,8,5,5,0,0.5
stage1a_single_agent_miniscule,1,1,14775,243,1,50,50,1,0,187.4613494873047,4.0,4.0,4.0,0.4444444444444444,0.0,0,0,0,80,27,27,0,0.05
stage1a_single_agent_miniscule,1,1,14807,244,1,50,50,1,0,189.96600341796875,4.0,4.0,4.0,0.3333333333333333,0.0,0,0,0,32,27,27,0,0.125
stage1a_single_agent_miniscule,1,1,14836,245,1,50,50,1,0,189.98583984375,4.0,4.0,4.0,0.4444444444444444,0.0,0,0,0,29,26,26,0,0.13793103448275862
stage1a_single_agent_miniscule,1,1,14885,246,1,50,50,1,0,190.10723876953125,4.0,4.0,4.0,0.4444444444444444,0.0,0,0,0,49,23,23,0,0.08163265306122448
stage1a_single_agent_miniscule,1,1,14949,247,1,50,50,1,0,189.87200927734375,4.0,4.0,4.0,0.4444444444444444,0.0,0,0,0,64,61,61,0,0.0625
stage1a_single_agent_miniscule,1,1,14953,248,1,50,50,1,0,191.76199340820312,4.0,4.0,4.0,0.1111111111111111,0.0,0,0,0,4,1,1,0,1.0
stage1a_single_agent_miniscule,1,1,14986,249,1,50,50,1,0,189.6453399658203,4.0,4.0,4.0,0.3333333333333333,0.0,0,0,0,33,30,30,0,0.12121212121212122
stage1a_single_agent_miniscule,1,1,15023,250,1,50,50,1,0,190.40524291992188,4.0,4.0,4.0,0.4444444444444444,0.0,0,0,0,37,1,1,0,0.10810810810810811
stage1a_single_agent_miniscule,1,1,15082,251,1,50,50,1,0,189.29649353027344,4.0,4.0,4.0,0.4444444444444444,0.0,0,0,0,59,32,32,0,0.06779661016949153
stage1a_single_agent_miniscule,1,1,15143,252,1,50,50,1,0,190.23277282714844,4.0,4.0,4.0,0.3333333333333333,0.0,0,0,0,61,58,58,0,0.06557377049180328
stage1a_single_agent_miniscule,1,1,15195,253,1,50,50,1,0,188.89283752441406,4.0,4.0,4.0,0.4444444444444444,0.0,0,0,0,52,25,25,0,0.07692307692307693
stage1a_single_agent_miniscule,1,1,15248,254,1,50,50,1,0,188.68101501464844,4.0,4.0,4.0,0.4444444444444444,0.0,0,0,0,53,50,50,0,0.07547169811320754
stage1a_single_agent_miniscule,1,1,15336,255,1,50,50,1,0,186.5240936279297,4.0,4.0,4.0,0.4444444444444444,0.0,0,0,0,88,36,36,0,0.045454545454545456
stage1a_single_agent_miniscule,1,1,15414,256,1,50,50,1,0,188.32957458496094,4.0,4.0,4.0,0.4444444444444444,0.0,0,0,0,78,54,54,0,0.05128205128205128
stage1a_single_agent_miniscule,1,1,15442,257,1,50,50,1,0,190.8633575439453,4.0,4.0,4.0,0.3333333333333333,0.0,0,0,0,28,25,25,0,0.14285714285714285
stage1a_single_agent_miniscule,1,1,15519,258,1,50,50,1,0,187.52711486816406,4.0,4.0,4.0,0.4444444444444444,0.0,0,0,0,77,26,26,0,0.05194805194805195
stage1a_single_agent_miniscule,1,1,15576,259,1,50,50,1,0,188.58193969726562,4.0,4.0,4.0,0.4444444444444444,0.0,0,0,0,57,31,31,0,0.07017543859649122
stage1a_single_agent_miniscule,1,1,15696,260,1,50,50,1,0,42.82662582397461,1.0,1.0,1.0,0.4444444444444444,0.0,0,0,3,120,76,76,0,0.008333333333333333
stage1a_single_agent_miniscule,1,1,15742,261,1,50,50,1,0,188.46194458007812,4.0,4.0,4.0,0.4444444444444444,0.0,0,0,0,46,42,42,0,0.08695652173913043
stage1a_single_agent_miniscule,1,1,15757,262,1,50,50,1,0,191.51144409179688,4.0,4.0,4.0,0.3333333333333333,0.0,0,0,0,15,12,12,0,0.26666666666666666
stage1a_single_agent_miniscule,1,1,15790,263,1,50,50,1,0,189.2847442626953,4.0,4.0,4.0,0.4444444444444444,0.0,0,0,0,33,30,30,0,0.12121212121212122
stage1a_single_agent_miniscule,1,1,15825,264,1,50,50,1,0,190.1511993408203,4.0,4.0,4.0,0.3333333333333333,0.0,0,0,0,35,32,32,0,0.11428571428571428
stage1a_single_agent_miniscule,1,1,15837,265,1,50,50,1,0,190.906005859375,4.0,4.0,4.0,0.2222222222222222,0.0,0,0,0,12,9,9,0,0.3333333333333333
stage1a_single_agent_miniscule,1,1,15858,266,1,50,50,1,0,191.06581115722656,4.0,4.0,4.0,0.4444444444444444,0.0,0,0,0,21,1,1,0,0.19047619047619047
stage1a_single_agent_miniscule,1,1,15902,267,1,50,50,1,0,189.72325134277344,4.0,4.0,4.0,0.4444444444444444,0.0,0,0,0,44,41,41,0,0.09090909090909091
stage1a_single_agent_miniscule,1,1,15931,268,1,50,50,1,0,190.70199584960938,4.0,4.0,4.0,0.3333333333333333,0.0,0,0,0,29,26,26,0,0.13793103448275862
stage1a_single_agent_miniscule,1,1,15961,269,1,50,50,1,0,190.15138244628906,4.0,4.0,4.0,0.2222222222222222,0.0,0,0,0,30,26,26,0,0.13333333333333333
stage1a_single_agent_miniscule,1,1,16012,270,1,50,50,1,0,188.5267333984375,4.0,4.0,4.0,0.4444444444444444,0.0,0,0,0,51,24,24,0,0.0784313725490196
stage1a_single_agent_miniscule,1,1,16122,271,1,50,50,1,0,185.0447998046875,4.0,4.0,4.0,0.4444444444444444,0.0,0,0,0,110,59,59,0,0.03636363636363636
stage1a_single_agent_miniscule,1,1,16157,272,1,50,50,1,0,191.33419799804688,4.0,4.0,4.0,0.3333333333333333,0.0,0,0,0,35,32,32,0,0.11428571428571428
stage1a_single_agent_miniscule,1,1,16179,273,1,50,50,1,0,191.28294372558594,4.0,4.0,4.0,0.4444444444444444,0.0,0,0,0,22,1,1,0,0.18181818181818182
stage1a_single_agent_miniscule,1,1,16210,274,1,50,50,1,0,190.3414764404297,4.0,4.0,4.0,0.3333333333333333,0.0,0,0,0,31,28,28,0,0.12903225806451613
stage1a_single_agent_miniscule,1,1,16264,275,1,50,50,1,0,189.44635009765625,4.0,4.0,4.0,0.4444444444444444,0.0,0,0,0,54,35,35,0,0.07407407407407407
stage1a_single_agent_miniscule,1,1,16293,276,1,50,50,1,0,190.15150451660156,4.0,4.0,4.0,0.4444444444444444,0.0,0,0,0,29,26,26,0,0.13793103448275862
stage1a_single_agent_miniscule,1,1,16343,277,1,50,50,1,0,189.1904296875,4.0,4.0,4.0,0.4444444444444444,0.0,0,0,0,50,23,23,0,0.08
stage1a_single_agent_miniscule,1,1,16432,278,1,50,50,1,0,187.50613403320312,4.0,4.0,4.0,0.4444444444444444,0.0,0,0,0,89,37,37,0,0.0449438202247191
stage1a_single_agent_miniscule,1,1,16539,279,1,50,50,1,0,186.33409118652344,4.0,4.0,4.0,0.4444444444444444,0.0,0,0,0,107,55,55,0,0.037383177570093455
stage1a_single_agent_miniscule,1,1,16552,280,1,50,50,1,0,191.31553649902344,4.0,4.0,4.0,0.3333333333333333,0.0,0,0,0,13,10,10,0,0.3076923076923077
stage1a_single_agent_miniscule,1,1,16556,281,1,50,50,1,0,191.47962951660156,4.0,4.0,4.0,0.1111111111111111,0.0,0,0,0,4,1,1,0,1.0
stage1a_single_agent_miniscule,1,1,16613,282,1,50,50,1,0,188.56405639648438,4.0,4.0,4.0,0.4444444444444444,0.0,0,0,0,57,29,29,0,0.07017543859649122
stage1a_single_agent_miniscule,1,1,16617,283,1,50,50,1,0,191.76199340820312,4.0,4.0,4.0,0.1111111111111111,0.0,0,0,0,4,1,1,0,1.0
stage1a_single_agent_miniscule,1,1,16638,284,1,50,50,1,0,191.19984436035156,4.0,4.0,4.0,0.3333333333333333,0.0,0,0,0,21,18,18,0,0.19047619047619047
stage1a_single_agent_miniscule,1,1,16691,285,1,50,50,1,0,188.53543090820312,4.0,4.0,4.0,0.4444444444444444,0.0,0,0,0,53,29,29,0,0.07547169811320754
stage1a_single_agent_miniscule,1,1,16738,286,1,50,50,1,0,189.29559326171875,4.0,4.0,4.0,0.4444444444444444,0.0,0,0,0,47,1,1,0,0.0851063829787234
stage1a_single_agent_miniscule,1,1,16767,287,1,50,50,1,0,191.5968780517578,4.0,4.0,4.0,0.3333333333333333,0.0,0,0,0,29,24,24,0,0.13793103448275862
stage1a_single_agent_miniscule,1,1,16875,288,1,50,50,1,0,185.06922912597656,4.0,4.0,4.0,0.4444444444444444,0.0,0,0,0,108,58,58,0,0.037037037037037035
stage1a_single_agent_miniscule,1,1,16928,289,1,50,50,1,0,189.07778930664062,4.0,4.0,4.0,0.4444444444444444,0.0,0,0,0,53,5,5,0,0.07547169811320754
stage1a_single_agent_miniscule,1,1,16949,290,1,50,50,1,0,191.442626953125,4.0,4.0,4.0,0.4444444444444444,0.0,0,0,0,21,17,17,0,0.19047619047619047
stage1a_single_agent_miniscule,1,1,17002,291,1,50,50,1,0,189.0477752685547,4.0,4.0,4.0,0.4444444444444444,0.0,0,0,0,53,29,29,0,0.07547169811320754
stage1a_single_agent_miniscule,1,1,17017,292,1,50,50,1,0,191.76153564453125,4.0,4.0,4.0,0.3333333333333333,0.0,0,0,0,15,12,12,0,0.26666666666666666
stage1a_single_agent_miniscule,1,1,17027,293,1,50,50,1,0,191.25894165039062,4.0,4.0,4.0,0.2222222222222222,0.0,0,0,0,10,7,7,0,0.4
stage1a_single_agent_miniscule,1,1,17044,294,1,50,50,1,0,191.57516479492188,4.0,4.0,4.0,0.4444444444444444,0.0,0,0,0,17,14,14,0,0.23529411764705882
stage1a_single_agent_miniscule,1,1,17055,295,1,50,50,1,0,191.2705841064453,4.0,4.0,4.0,0.3333333333333333,0.0,0,0,0,11,8,8,0,0.36363636363636365
stage1a_single_agent_miniscule,1,1,17085,296,1,50,50,1,0,190.68812561035156,4.0,4.0,4.0,0.4444444444444444,0.0,0,0,0,30,27,27,0,0.13333333333333333
stage1a_single_agent_miniscule,1,1,17094,297,1,50,50,1,0,191.53465270996094,4.0,4.0,4.0,0.3333333333333333,0.0,0,0,0,9,5,5,0,0.4444444444444444
stage1a_single_agent_miniscule,1,1,17148,298,1,50,50,1,0,188.87484741210938,4.0,4.0,4.0,0.4444444444444444,0.0,0,0,0,54,28,28,0,0.07407407407407407
stage1a_single_agent_miniscule,1,1,17155,299,1,50,50,1,0,191.50457763671875,4.0,4.0,4.0,0.2222222222222222,0.0,0,0,0,7,4,4,0,0.5714285714285714
stage1a_single_agent_miniscule,1,1,17184,300,1,50,50,1,0,189.78515625,4.0,4.0,4.0,0.3333333333333333,0.0,0,0,0,29,26,26,0,0.13793103448275862
stage1a_single_agent_miniscule,1,1,17188,301,1,50,50,1,0,191.48147583007812,4.0,4.0,4.0,0.1111111111111111,0.0,0,0,0,4,1,1,0,1.0
stage1a_single_agent_miniscule,1,1,17200,302,1,50,50,1,0,191.27911376953125,4.0,4.0,4.0,0.3333333333333333,0.0,0,0,0,12,9,9,0,0.3333333333333333
stage1a_single_agent_miniscule,1,1,17269,303,1,50,50,1,0,187.8337860107422,4.0,4.0,4.0,0.4444444444444444,0.0,0,0,0,69,1,1,0,0.057971014492753624
stage1a_single_agent_miniscule,1,1,17323,304,1,50,50,1,0,188.3136749267578,4.0,4.0,4.0,0.4444444444444444,0.0,0,0,0,54,29,29,0,0.07407407407407407
stage1a_single_agent_miniscule,1,1,17339,305,1,50,50,1,0,191.23638916015625,4.0,4.0,4.0,0.2222222222222222,0.0,0,0,0,16,13,13,0,0.25
stage1a_single_agent_miniscule,1,1,17445,306,1,50,50,1,0,185.5845489501953,4.0,4.0,4.0,0.4444444444444444,0.0,0,0,0,106,32,32,0,0.03773584905660377
stage1a_single_agent_miniscule,1,1,17449,307,1,50,50,1,0,191.79200744628906,4.0,4.0,4.0,0.1111111111111111,0.0,0,0,0,4,1,1,0,1.0
stage1a_single_agent_miniscule,1,1,17482,308,1,50,50,1,0,190.0602264404297,4.0,4.0,4.0,0.4444444444444444,0.0,0,0,0,33,30,30,0,0.12121212121212122
stage1a_single_agent_miniscule,1,1,17502,309,1,50,50,1,0,190.81919860839844,4.0,4.0,4.0,0.4444444444444444,0.0,0,0,0,20,17,17,0,0.2
stage1a_single_agent_miniscule,1,1,17527,310,1,50,50,1,0,190.0387725830078,4.0,4.0,4.0,0.3333333333333333,0.0,0,0,0,25,22,22,0,0.16
stage1a_single_agent_miniscule,1,1,17551,311,1,50,50,1,0,190.3136749267578,4.0,4.0,4.0,0.4444444444444444,0.0,0,0,0,24,21,21,0,0.16666666666666666
stage1a_single_agent_miniscule,1,1,17579,312,1,50,50,1,0,189.8417205810547,4.0,4.0,4.0,0.3333333333333333,0.0,0,0,0,28,24,24,0,0.14285714285714285
stage1a_single_agent_miniscule,1,1,17616,313,1,50,50,1,0,189.8502197265625,4.0,4.0,4.0,0.4444444444444444,0.0,0,0,0,37,13,13,0,0.10810810810810811
stage1a_single_agent_miniscule,1,1,17649,314,1,50,50,1,0,190.35997009277344,4.0,4.0,4.0,0.4444444444444444,0.0,0,0,0,33,30,30,0,0.12121212121212122
stage1a_single_agent_miniscule,1,1,17653,315,1,50,50,1,0,191.72999572753906,4.0,4.0,4.0,0.1111111111111111,0.0,0,0,0,4,1,1,0,1.0
stage1a_single_agent_miniscule,1,1,17680,316,1,50,50,1,0,189.7888946533203,4.0,4.0,4.0,0.3333333333333333,0.0,0,0,0,27,24,24,0,0.14814814814814814
stage1a_single_agent_miniscule,1,1,17684,317,1,50,50,1,0,191.719970703125,4.0,4.0,4.0,0.1111111111111111,0.0,0,0,0,4,1,1,0,1.0
stage1a_single_agent_miniscule,1,1,17716,318,1,50,50,1,0,189.51516723632812,4.0,4.0,4.0,0.4444444444444444,0.0,0,0,0,32,29,29,0,0.125
stage1a_single_agent_miniscule,1,1,17749,319,1,50,50,1,0,190.31533813476562,4.0,4.0,4.0,0.4444444444444444,0.0,0,0,0,33,30,30,0,0.12121212121212122
stage1a_single_agent_miniscule,1,1,17847,320,1,50,50,1,0,186.3378448486328,4.0,4.0,4.0,0.4444444444444444,0.0,0,0,0,98,23,23,0,0.04081632653061224
stage1a_single_agent_miniscule,1,1,17874,321,1,50,50,1,0,190.3001708984375,4.0,4.0,4.0,0.3333333333333333,0.0,0,0,0,27,24,24,0,0.14814814814814814
stage1a_single_agent_miniscule,1,1,17908,322,1,50,50,1,0,189.79983520507812,4.0,4.0,4.0,0.4444444444444444,0.0,0,0,0,34,31,31,0,0.11764705882352941
stage1a_single_agent_miniscule,1,1,17921,323,1,50,50,1,0,191.0147247314453,4.0,4.0,4.0,0.1111111111111111,0.0,0,0,0,13,1,1,0,0.3076923076923077
stage1a_single_agent_miniscule,1,1,17930,324,1,50,50,1,0,191.28604125976562,4.0,4.0,4.0,0.3333333333333333,0.0,0,0,0,9,6,6,0,0.4444444444444444
stage1a_single_agent_miniscule,1,1,17981,325,1,50,50,1,0,188.87684631347656,4.0,4.0,4.0,0.4444444444444444,0.0,0,0,0,51,24,24,0,0.0784313725490196
stage1a_single_agent_miniscule,1,1,18041,326,1,50,50,1,0,187.5529327392578,4.0,4.0,4.0,0.4444444444444444,0.0,0,0,0,60,34,34,0,0.06666666666666667
stage1a_single_agent_miniscule,1,1,18092,327,1,50,50,1,0,188.33108520507812,4.0,4.0,4.0,0.4444444444444444,0.0,0,0,0,51,26,26,0,0.0784313725490196
stage1a_single_agent_miniscule,1,1,18101,328,1,50,50,1,0,191.51478576660156,4.0,4.0,4.0,0.2222222222222222,0.0,0,0,0,9,5,5,0,0.4444444444444444
stage1a_single_agent_miniscule,1,1,18113,329,1,50,50,1,0,191.27914428710938,4.0,4.0,4.0,0.3333333333333333,0.0,0,0,0,12,9,9,0,0.3333333333333333
stage1a_single_agent_miniscule,1,1,18158,330,1,50,50,1,0,189.75389099121094,4.0,4.0,4.0,0.4444444444444444,0.0,0,0,0,45,42,42,0,0.08888888888888889
stage1a_single_agent_miniscule,1,1,18171,331,1,50,50,1,0,191.0288543701172,4.0,4.0,4.0,0.3333333333333333,0.0,0,0,0,13,10,10,0,0.3076923076923077
stage1a_single_agent_miniscule,1,1,18175,332,1,50,50,1,0,191.49020385742188,4.0,4.0,4.0,0.1111111111111111,0.0,0,0,0,4,1,1,0,1.0
stage1a_single_agent_miniscule,1,1,18200,333,1,50,50,1,0,190.25732421875,4.0,4.0,4.0,0.2222222222222222,0.0,0,0,0,25,22,22,0,0.16
stage1a_single_agent_miniscule,1,1,18248,334,1,50,50,1,0,188.81227111816406,4.0,4.0,4.0,0.4444444444444444,0.0,0,0,0,48,22,22,0,0.08333333333333333
stage1a_single_agent_miniscule,1,1,18257,335,1,50,50,1,0,191.51483154296875,4.0,4.0,4.0,0.2222222222222222,0.0,0,0,0,9,5,5,0,0.4444444444444444
stage1a_single_agent_miniscule,1,1,18308,336,1,50,50,1,0,188.31622314453125,4.0,4.0,4.0,0.4444444444444444,0.0,0,0,0,51,27,27,0,0.0784313725490196
stage1a_single_agent_miniscule,1,1,18312,337,1,50,50,1,0,191.7301788330078,4.0,4.0,4.0,0.1111111111111111,0.0,0,0,0,4,1,1,0,1.0
stage1a_single_agent_miniscule,1,1,18363,338,1,50,50,1,0,188.3282012939453,4.0,4.0,4.0,0.4444444444444444,0.0,0,0,0,51,27,27,0,0.0784313725490196
stage1a_single_agent_miniscule,1,1,18367,339,1,50,50,1,0,191.48072814941406,4.0,4.0,4.0,0.1111111111111111,0.0,0,0,0,4,1,1,0,1.0
stage1a_single_agent_miniscule,1,1,18392,340,1,50,50,1,0,190.00991821289062,4.0,4.0,4.0,0.3333333333333333,0.0,0,0,0,25,22,22,0,0.16
stage1a_single_agent_miniscule,1,1,18396,341,1,50,50,1,0,191.73182678222656,4.0,4.0,4.0,0.1111111111111111,0.0,0,0,0,4,1,1,0,1.0
stage1a_single_agent_miniscule,1,1,18417,342,1,50,50,1,0,191.56332397460938,4.0,4.0,4.0,0.4444444444444444,0.0,0,0,0,21,18,18,0,0.19047619047619047
stage1a_single_agent_miniscule,1,1,18451,343,1,50,50,1,0,189.80165100097656,4.0,4.0,4.0,0.4444444444444444,0.0,0,0,0,34,31,31,0,0.11764705882352941
stage1a_single_agent_miniscule,1,1,18493,344,1,50,50,1,0,189.7603759765625,4.0,4.0,4.0,0.4444444444444444,0.0,0,0,0,42,19,19,0,0.09523809523809523
stage1a_single_agent_miniscule,1,1,18497,345,1,50,50,1,0,191.7320098876953,4.0,4.0,4.0,0.1111111111111111,0.0,0,0,0,4,1,1,0,1.0
stage1a_single_agent_miniscule,1,1,18525,346,1,50,50,1,0,189.8338165283203,4.0,4.0,4.0,0.3333333333333333,0.0,0,0,0,28,24,24,0,0.14285714285714285
stage1a_single_agent_miniscule,1,1,18537,347,1,50,50,1,0,191.27854919433594,4.0,4.0,4.0,0.3333333333333333,0.0,0,0,0,12,8,8,0,0.3333333333333333
stage1a_single_agent_miniscule,1,1,18589,348,1,50,50,1,0,188.3162841796875,4.0,4.0,4.0,0.4444444444444444,0.0,0,0,0,52,26,26,0,0.07692307692307693
stage1a_single_agent_miniscule,1,1,18647,349,1,50,50,1,0,188.86949157714844,4.0,4.0,4.0,0.4444444444444444,0.0,0,0,0,58,31,31,0,0.06896551724137931
stage1a_single_agent_miniscule,1,1,18679,350,1,50,50,1,0,190.05947875976562,4.0,4.0,4.0,0.4444444444444444,0.0,0,0,0,32,29,29,0,0.125
stage1a_single_agent_miniscule,1,1,18687,351,1,50,50,1,0,191.46400451660156,4.0,4.0,4.0,0.2222222222222222,0.0,0,0,0,8,5,5,0,0.5
stage1a_single_agent_miniscule,1,1,18721,352,1,50,50,1,0,189.81321716308594,4.0,4.0,4.0,0.4444444444444444,0.0,0,0,0,34,8,8,0,0.11764705882352941
stage1a_single_agent_miniscule,1,1,18730,353,1,50,50,1,0,191.27549743652344,4.0,4.0,4.0,0.3333333333333333,0.0,0,0,0,9,6,6,0,0.4444444444444444
stage1a_single_agent_miniscule,1,1,18758,354,1,50,50,1,0,190.30795288085938,4.0,4.0,4.0,0.4444444444444444,0.0,0,0,0,28,25,25,0,0.14285714285714285
stage1a_single_agent_miniscule,1,1,18791,355,1,50,50,1,0,190.31520080566406,4.0,4.0,4.0,0.4444444444444444,0.0,0,0,0,33,30,30,0,0.12121212121212122
stage1a_single_agent_miniscule,1,1,18861,356,1,50,50,1,0,188.09548950195312,4.0,4.0,4.0,0.4444444444444444,0.0,0,0,0,70,1,1,0,0.05714285714285714
stage1a_single_agent_miniscule,1,1,18914,357,1,50,50,1,0,188.2806396484375,4.0,4.0,4.0,0.4444444444444444,0.0,0,0,0,53,26,26,0,0.07547169811320754
stage1a_single_agent_miniscule,1,1,18919,358,1,50,50,1,0,191.8099822998047,4.0,4.0,4.0,0.1111111111111111,0.0,0,0,0,5,1,1,0,0.8
stage1a_single_agent_miniscule,1,1,18947,359,1,50,50,1,0,189.77699279785156,4.0,4.0,4.0,0.3333333333333333,0.0,0,0,0,28,25,25,0,0.14285714285714285
stage1a_single_agent_miniscule,1,1,18951,360,1,50,50,1,0,191.52232360839844,4.0,4.0,4.0,0.1111111111111111,0.0,0,0,0,4,1,1,0,1.0
stage1a_single_agent_miniscule,1,1,18990,361,1,50,50,1,0,190.28929138183594,4.0,4.0,4.0,0.4444444444444444,0.0,0,0,0,39,13,13,0,0.10256410256410256
stage1a_single_agent_miniscule,1,1,19013,362,1,50,50,1,0,190.46282958984375,4.0,4.0,4.0,0.3333333333333333,0.0,0,0,0,23,20,20,0,0.17391304347826086
stage1a_single_agent_miniscule,1,1,19017,363,1,50,50,1,0,191.7216796875,4.0,4.0,4.0,0.1111111111111111,0.0,0,0,0,4,1,1,0,1.0
stage1a_single_agent_miniscule,1,1,19021,364,1,50,50,1,0,191.78199768066406,4.0,4.0,4.0,0.1111111111111111,0.0,0,0,0,4,1,1,0,1.0
stage1a_single_agent_miniscule,1,1,19031,365,1,50,50,1,0,191.25753784179688,4.0,4.0,4.0,0.2222222222222222,0.0,0,0,0,10,4,4,0,0.4
stage1a_single_agent_miniscule,1,1,19085,366,1,50,50,1,0,188.31399536132812,4.0,4.0,4.0,0.4444444444444444,0.0,0,0,0,54,28,28,0,0.07407407407407407
stage1a_single_agent_miniscule,1,1,19141,367,1,50,50,1,0,188.82167053222656,4.0,4.0,4.0,0.4444444444444444,0.0,0,0,0,56,31,31,0,0.07142857142857142
stage1a_single_agent_miniscule,1,1,19145,368,1,50,50,1,0,191.47125244140625,4.0,4.0,4.0,0.1111111111111111,0.0,0,0,0,4,1,1,0,1.0
stage1a_single_agent_miniscule,1,1,19157,369,1,50,50,1,0,191.96600341796875,4.0,4.0,4.0,0.2222222222222222,0.0,0,0,0,12,9,9,0,0.3333333333333333
stage1a_single_agent_miniscule,1,1,19176,370,1,50,50,1,0,190.82086181640625,4.0,4.0,4.0,0.4444444444444444,0.0,0,0,0,19,16,16,0,0.21052631578947367
stage1a_single_agent_miniscule,1,1,19194,371,1,50,50,1,0,190.88400268554688,4.0,4.0,4.0,0.3333333333333333,0.0,0,0,0,18,15,15,0,0.2222222222222222
stage1a_single_agent_miniscule,1,1,19198,372,1,50,50,1,0,191.23025512695312,4.0,4.0,4.0,0.1111111111111111,0.0,0,0,0,4,1,1,0,1.0
stage1a_single_agent_miniscule,1,1,19248,373,1,50,50,1,0,188.3282012939453,4.0,4.0,4.0,0.4444444444444444,0.0,0,0,0,50,25,25,0,0.08
stage1a_single_agent_miniscule,1,1,19275,374,1,50,50,1,0,190.5689697265625,4.0,4.0,4.0,0.4444444444444444,0.0,0,0,0,27,24,24,0,0.14814814814814814
stage1a_single_agent_miniscule,1,1,19377,375,1,50,50,1,0,185.95806884765625,4.0,4.0,4.0,0.4444444444444444,0.0,0,0,0,102,76,76,0,0.0392156862745098
stage1a_single_agent_miniscule,1,1,19381,376,1,50,50,1,0,191.48020935058594,4.0,4.0,4.0,0.1111111111111111,0.0,0,0,0,4,1,1,0,1.0
stage1a_single_agent_miniscule,1,1,19398,377,1,50,50,1,0,190.99615478515625,4.0,4.0,4.0,0.3333333333333333,0.0,0,0,0,17,13,13,0,0.23529411764705882
stage1a_single_agent_miniscule,1,1,19498,378,1,50,50,1,0,185.70228576660156,4.0,4.0,4.0,0.4444444444444444,0.0,0,0,0,100,48,48,0,0.04
stage1a_single_agent_miniscule,1,1,19535,379,1,50,50,1,0,189.54562377929688,4.0,4.0,4.0,0.4444444444444444,0.0,0,0,0,37,9,9,0,0.10810810810810811
stage1a_single_agent_miniscule,1,1,19584,380,1,50,50,1,0,188.55865478515625,4.0,4.0,4.0,0.4444444444444444,0.0,0,0,0,49,26,26,0,0.08163265306122448
stage1a_single_agent_miniscule,1,1,19642,381,1,50,50,1,0,188.34310913085938,4.0,4.0,4.0,0.4444444444444444,0.0,0,0,0,58,31,31,0,0.06896551724137931
stage1a_single_agent_miniscule,1,1,19660,382,1,50,50,1,0,190.73211669921875,4.0,4.0,4.0,0.3333333333333333,0.0,0,0,0,18,15,15,0,0.2222222222222222
stage1a_single_agent_miniscule,1,1,19669,383,1,50,50,1,0,191.23199462890625,4.0,4.0,4.0,0.3333333333333333,0.0,0,0,0,9,6,6,0,0.4444444444444444
stage1a_single_agent_miniscule,1,1,19744,384,1,50,50,1,0,187.9765167236328,4.0,4.0,4.0,0.4444444444444444,0.0,0,0,0,75,12,12,0,0.05333333333333334
stage1a_single_agent_miniscule,1,1,19864,385,1,50,50,1,0,136.1075897216797,3.0,3.0,3.0,0.4444444444444444,0.0,0,0,1,120,53,53,0,0.025
stage1a_single_agent_miniscule,1,1,19876,386,1,50,50,1,0,191.57794189453125,4.0,4.0,4.0,0.3333333333333333,0.0,0,0,0,12,9,9,0,0.3333333333333333
stage1a_single_agent_miniscule,1,1,19925,387,1,50,50,1,0,188.80873107910156,4.0,4.0,4.0,0.4444444444444444,0.0,0,0,0,49,22,22,0,0.08163265306122448
stage1a_single_agent_miniscule,1,1,19957,388,1,50,50,1,0,190.06060791015625,4.0,4.0,4.0,0.4444444444444444,0.0,0,0,0,32,29,29,0,0.125
stage1a_single_agent_miniscule,1,1,20077,389,1,50,50,1,0,136.94761657714844,3.0,3.0,3.0,0.4444444444444444,0.0,0,0,1,120,51,51,0,0.025
stage1a_single_agent_miniscule,1,1,20092,390,1,50,50,1,0,191.04161071777344,4.0,4.0,4.0,0.3333333333333333,0.0,0,0,0,15,11,11,0,0.26666666666666666
stage1a_single_agent_miniscule,1,1,20096,391,1,50,50,1,0,191.49009704589844,4.0,4.0,4.0,0.1111111111111111,0.0,0,0,0,4,1,1,0,1.0
stage1a_single_agent_miniscule,1,1,20118,392,1,50,50,1,0,190.7200164794922,4.0,4.0,4.0,0.3333333333333333,0.0,0,0,0,22,19,19,0,0.18181818181818182
stage1a_single_agent_miniscule,1,1,20154,393,1,50,50,1,0,189.5542755126953,4.0,4.0,4.0,0.4444444444444444,0.0,0,0,0,36,33,33,0,0.1111111111111111
stage1a_single_agent_miniscule,1,1,20201,394,1,50,50,1,0,189.01919555664062,4.0,4.0,4.0,0.4444444444444444,0.0,0,0,0,47,11,11,0,0.0851063829787234
stage1a_single_agent_miniscule,1,1,20236,395,1,50,50,1,0,190.0408172607422,4.0,4.0,4.0,0.4444444444444444,0.0,0,0,0,35,9,9,0,0.11428571428571428
stage1a_single_agent_miniscule,1,1,20246,396,1,50,50,1,0,191.44000244140625,4.0,4.0,4.0,0.2222222222222222,0.0,0,0,0,10,5,5,0,0.4
stage1a_single_agent_miniscule,1,1,20263,397,1,50,50,1,0,191.26153564453125,4.0,4.0,4.0,0.3333333333333333,0.0,0,0,0,17,13,13,0,0.23529411764705882
stage1a_single_agent_miniscule,1,1,20267,398,1,50,50,1,0,191.4801788330078,4.0,4.0,4.0,0.1111111111111111,0.0,0,0,0,4,1,1,0,1.0
stage1a_single_agent_miniscule,1,1,20276,399,1,50,50,1,0,191.28549194335938,4.0,4.0,4.0,0.3333333333333333,0.0,0,0,0,9,6,6,0,0.4444444444444444
stage1a_single_agent_miniscule,1,1,20280,400,1,50,50,1,0,191.4716033935547,4.0,4.0,4.0,0.1111111111111111,0.0,0,0,0,4,1,1,0,1.0
stage1a_single_agent_miniscule,1,1,20293,401,1,50,50,1,0,191.2677001953125,4.0,4.0,4.0,0.3333333333333333,0.0,0,0,0,13,10,10,0,0.3076923076923077
stage1a_single_agent_miniscule,1,1,20370,402,1,50,50,1,0,186.82044982910156,4.0,4.0,4.0,0.4444444444444444,0.0,0,0,0,77,53,53,0,0.05194805194805195
stage1a_single_agent_miniscule,1,1,20390,403,1,50,50,1,0,191.21949768066406,4.0,4.0,4.0,0.3333333333333333,0.0,0,0,0,20,17,17,0,0.2
stage1a_single_agent_miniscule,1,1,20458,404,1,50,50,1,0,188.39659118652344,4.0,4.0,4.0,0.4444444444444444,0.0,0,0,0,68,1,1,0,0.058823529411764705
stage1a_single_agent_miniscule,1,1,20496,405,1,50,50,1,0,189.80503845214844,4.0,4.0,4.0,0.4444444444444444,0.0,0,0,0,38,11,11,0,0.10526315789473684
stage1a_single_agent_miniscule,1,1,20544,406,1,50,50,1,0,189.38429260253906,4.0,4.0,4.0,0.4444444444444444,0.0,0,0,0,48,1,1,0,0.08333333333333333
stage1a_single_agent_miniscule,1,1,20548,407,1,50,50,1,0,191.79074096679688,4.0,4.0,4.0,0.1111111111111111,0.0,0,0,0,4,1,1,0,1.0
stage1a_single_agent_miniscule,1,1,20577,408,1,50,50,1,0,189.79666137695312,4.0,4.0,4.0,0.3333333333333333,0.0,0,0,0,29,26,26,0,0.13793103448275862
stage1a_single_agent_miniscule,1,1,20581,409,1,50,50,1,0,191.489990234375,4.0,4.0,4.0,0.1111111111111111,0.0,0,0,0,4,1,1,0,1.0
stage1a_single_agent_miniscule,1,1,20612,410,1,50,50,1,0,190.0625457763672,4.0,4.0,4.0,0.4444444444444444,0.0,0,0,0,31,28,28,0,0.12903225806451613
stage1a_single_agent_miniscule,1,1,20616,411,1,50,50,1,0,191.4800567626953,4.0,4.0,4.0,0.1111111111111111,0.0,0,0,0,4,1,1,0,1.0
stage1a_single_agent_miniscule,1,1,20643,412,1,50,50,1,0,189.76559448242188,4.0,4.0,4.0,0.3333333333333333,0.0,0,0,0,27,24,24,0,0.14814814814814814
stage1a_single_agent_miniscule,1,1,20687,413,1,50,50,1,0,189.08847045898438,4.0,4.0,4.0,0.4444444444444444,0.0,0,0,0,44,18,18,0,0.09090909090909091
stage1a_single_agent_miniscule,1,1,20766,414,1,50,50,1,0,187.33123779296875,4.0,4.0,4.0,0.4444444444444444,0.0,0,0,0,79,54,54,0,0.05063291139240506
stage1a_single_agent_miniscule,1,1,20847,415,1,50,50,1,0,187.1268310546875,4.0,4.0,4.0,0.4444444444444444,0.0,0,0,0,81,31,31,0,0.04938271604938271
stage1a_single_agent_miniscule,1,1,20877,416,1,50,50,1,0,189.54197692871094,4.0,4.0,4.0,0.3333333333333333,0.0,0,0,0,30,27,27,0,0.13333333333333333
stage1a_single_agent_miniscule,1,1,20897,417,1,50,50,1,0,191.30862426757812,4.0,4.0,4.0,0.3333333333333333,0.0,0,0,0,20,17,17,0,0.2
stage1a_single_agent_miniscule,1,1,20929,418,1,50,50,1,0,190.86534118652344,4.0,4.0,4.0,0.4444444444444444,0.0,0,0,0,32,5,5,0,0.125
stage1a_single_agent_miniscule,1,1,20933,419,1,50,50,1,0,191.4720001220703,4.0,4.0,4.0,0.1111111111111111,0.0,0,0,0,4,1,1,0,1.0
stage1a_single_agent_miniscule,1,1,20960,420,1,50,50,1,0,189.7970428466797,4.0,4.0,4.0,0.3333333333333333,0.0,0,0,0,27,24,24,0,0.14814814814814814
stage1a_single_agent_miniscule,1,1,20964,421,1,50,50,1,0,191.46937561035156,4.0,4.0,4.0,0.1111111111111111,0.0,0,0,0,4,1,1,0,1.0
stage1a_single_agent_miniscule,1,1,21016,422,1,50,50,1,0,187.8039093017578,4.0,4.0,4.0,0.4444444444444444,0.0,0,0,0,52,25,25,0,0.07692307692307693
stage1a_single_agent_miniscule,1,1,21028,423,1,50,50,1,0,191.24539184570312,4.0,4.0,4.0,0.2222222222222222,0.0,0,0,0,12,9,9,0,0.3333333333333333
stage1a_single_agent_miniscule,1,1,21044,424,1,50,50,1,0,191.26148986816406,4.0,4.0,4.0,0.3333333333333333,0.0,0,0,0,16,12,12,0,0.25
stage1a_single_agent_miniscule,1,1,21053,425,1,50,50,1,0,191.28509521484375,4.0,4.0,4.0,0.3333333333333333,0.0,0,0,0,9,6,6,0,0.4444444444444444
stage1a_single_agent_miniscule,1,1,21070,426,1,50,50,1,0,191.24876403808594,4.0,4.0,4.0,0.3333333333333333,0.0,0,0,0,17,13,13,0,0.23529411764705882
stage1a_single_agent_miniscule,1,1,21099,427,1,50,50,1,0,189.5358428955078,4.0,4.0,4.0,0.3333333333333333,0.0,0,0,0,29,26,26,0,0.13793103448275862
stage1a_single_agent_miniscule,1,1,21165,428,1,50,50,1,0,187.8456573486328,4.0,4.0,4.0,0.4444444444444444,0.0,0,0,0,66,16,16,0,0.06060606060606061
stage1a_single_agent_miniscule,1,1,21210,429,1,50,50,1,0,190.07875061035156,4.0,4.0,4.0,0.4444444444444444,0.0,0,0,0,45,18,18,0,0.08888888888888889
stage1a_single_agent_miniscule,1,1,21214,430,1,50,50,1,0,191.4901885986328,4.0,4.0,4.0,0.1111111111111111,0.0,0,0,0,4,1,1,0,1.0
stage1a_single_agent_miniscule,1,1,21235,431,1,50,50,1,0,190.9811248779297,4.0,4.0,4.0,0.3333333333333333,0.0,0,0,0,21,17,17,0,0.19047619047619047
stage1a_single_agent_miniscule,1,1,21317,432,1,50,50,1,0,187.1607666015625,4.0,4.0,4.0,0.4444444444444444,0.0,0,0,0,82,55,55,0,0.04878048780487805
stage1a_single_agent_miniscule,1,1,21353,433,1,50,50,1,0,189.85452270507812,4.0,4.0,4.0,0.4444444444444444,0.0,0,0,0,36,12,12,0,0.1111111111111111
stage1a_single_agent_miniscule,1,1,21382,434,1,50,50,1,0,189.9072265625,4.0,4.0,4.0,0.3333333333333333,0.0,0,0,0,29,25,25,0,0.13793103448275862
stage1a_single_agent_miniscule,1,1,21404,435,1,50,50,1,0,191.0077667236328,4.0,4.0,4.0,0.3333333333333333,0.0,0,0,0,22,18,19,1,0.18181818181818182
stage1a_single_agent_miniscule,1,1,21412,436,1,50,50,1,0,191.46400451660156,4.0,4.0,4.0,0.2222222222222222,0.0,0,0,0,8,5,5,0,0.5
stage1a_single_agent_miniscule,1,1,21462,437,1,50,50,1,0,188.8079376220703,4.0,4.0,4.0,0.4444444444444444,0.0,0,0,0,50,24,24,0,0.08
stage1a_single_agent_miniscule,1,1,21506,438,1,50,50,1,0,189.3361053466797,4.0,4.0,4.0,0.4444444444444444,0.0,0,0,0,44,1,1,0,0.09090909090909091
stage1a_single_agent_miniscule,1,1,21515,439,1,50,50,1,0,191.285888671875,4.0,4.0,4.0,0.3333333333333333,0.0,0,0,0,9,6,6,0,0.4444444444444444
stage1a_single_agent_miniscule,1,1,21554,440,1,50,50,1,0,189.58644104003906,4.0,4.0,4.0,0.4444444444444444,0.0,0,0,0,39,15,15,0,0.10256410256410256
stage1a_single_agent_miniscule,1,1,21591,441,1,50,50,1,0,189.5584259033203,4.0,4.0,4.0,0.4444444444444444,0.0,0,0,0,37,12,12,0,0.10810810810810811
stage1a_single_agent_miniscule,1,1,21606,442,1,50,50,1,0,191.31776428222656,4.0,4.0,4.0,0.3333333333333333,0.0,0,0,0,15,11,11,0,0.26666666666666666
stage1a_single_agent_miniscule,1,1,21638,443,1,50,50,1,0,190.06370544433594,4.0,4.0,4.0,0.4444444444444444,0.0,0,0,0,32,29,29,0,0.125
stage1a_single_agent_miniscule,1,1,21690,444,1,50,50,1,0,188.29360961914062,4.0,4.0,4.0,0.4444444444444444,0.0,0,0,0,52,49,49,0,0.07692307692307693
stage1a_single_agent_miniscule,1,1,21699,445,1,50,50,1,0,191.53579711914062,4.0,4.0,4.0,0.3333333333333333,0.0,0,0,0,9,6,6,0,0.4444444444444444
stage1a_single_agent_miniscule,1,1,21723,446,1,50,50,1,0,190.56893920898438,4.0,4.0,4.0,0.4444444444444444,0.0,0,0,0,24,1,1,0,0.16666666666666666
stage1a_single_agent_miniscule,1,1,21813,447,1,50,50,1,0,186.6263427734375,4.0,4.0,4.0,0.4444444444444444,0.0,0,0,0,90,65,65,0,0.044444444444444446
stage1a_single_agent_miniscule,1,1,21855,448,1,50,50,1,0,189.3667755126953,4.0,4.0,4.0,0.4444444444444444,0.0,0,0,0,42,18,18,0,0.09523809523809523
stage1a_single_agent_miniscule,1,1,21878,449,1,50,50,1,0,190.9665069580078,4.0,4.0,4.0,0.3333333333333333,0.0,0,0,0,23,19,19,0,0.17391304347826086
stage1a_single_agent_miniscule,1,1,21897,450,1,50,50,1,0,191.0313262939453,4.0,4.0,4.0,0.2222222222222222,0.0,0,0,0,19,1,1,0,0.21052631578947367
stage1a_single_agent_miniscule,1,1,21908,451,1,50,50,1,0,191.2804718017578,4.0,4.0,4.0,0.3333333333333333,0.0,0,0,0,11,8,8,0,0.36363636363636365
stage1a_single_agent_miniscule,1,1,21963,452,1,50,50,1,0,188.8726043701172,4.0,4.0,4.0,0.4444444444444444,0.0,0,0,0,55,28,28,0,0.07272727272727272
stage1a_single_agent_miniscule,1,1,22031,453,1,50,50,1,0,187.84507751464844,4.0,4.0,4.0,0.4444444444444444,0.0,0,0,0,68,1,1,0,0.058823529411764705
stage1a_single_agent_miniscule,1,1,22088,454,1,50,50,1,0,188.80088806152344,4.0,4.0,4.0,0.4444444444444444,0.0,0,0,0,57,30,30,0,0.07017543859649122
stage1a_single_agent_miniscule,1,1,22158,455,1,50,50,1,0,187.09457397460938,4.0,4.0,4.0,0.4444444444444444,0.0,0,0,0,70,19,19,0,0.05714285714285714
stage1a_single_agent_miniscule,1,1,22173,456,1,50,50,1,0,191.0611114501953,4.0,4.0,4.0,0.3333333333333333,0.0,0,0,0,15,12,12,0,0.26666666666666666
stage1a_single_agent_miniscule,1,1,22291,457,1,50,50,1,0,185.11270141601562,4.0,4.0,4.0,0.4444444444444444,0.0,0,0,0,118,1,1,0,0.03389830508474576
stage1a_single_agent_miniscule,1,1,22361,458,1,50,50,1,0,187.0740966796875,4.0,4.0,4.0,0.4444444444444444,0.0,0,0,0,70,45,45,0,0.05714285714285714
stage1a_single_agent_miniscule,1,1,22371,459,1,50,50,1,0,191.53184509277344,4.0,4.0,4.0,0.3333333333333333,0.0,0,0,0,10,5,5,0,0.4
stage1a_single_agent_miniscule,1,1,22423,460,1,50,50,1,0,188.81385803222656,4.0,4.0,4.0,0.4444444444444444,0.0,0,0,0,52,28,28,0,0.07692307692307693
stage1a_single_agent_miniscule,1,1,22450,461,1,50,50,1,0,189.7881317138672,4.0,4.0,4.0,0.3333333333333333,0.0,0,0,0,27,24,24,0,0.14814814814814814
stage1a_single_agent_miniscule,1,1,22476,462,1,50,50,1,0,190.7119903564453,4.0,4.0,4.0,0.3333333333333333,0.0,0,0,0,26,10,10,0,0.15384615384615385
stage1a_single_agent_miniscule,1,1,22508,463,1,50,50,1,0,190.0641632080078,4.0,4.0,4.0,0.4444444444444444,0.0,0,0,0,32,29,29,0,0.125
stage1a_single_agent_miniscule,1,1,22521,464,1,50,50,1,0,191.57296752929688,4.0,4.0,4.0,0.3333333333333333,0.0,0,0,0,13,10,10,0,0.3076923076923077
stage1a_single_agent_miniscule,1,1,22599,465,1,50,50,1,0,186.8347625732422,4.0,4.0,4.0,0.4444444444444444,0.0,0,0,0,78,28,28,0,0.05128205128205128
stage1a_single_agent_miniscule,1,1,22706,466,1,50,50,1,0,186.1386260986328,4.0,4.0,4.0,0.4444444444444444,0.0,0,0,0,107,29,29,0,0.037383177570093455
stage1a_single_agent_miniscule,1,1,22710,467,1,50,50,1,0,191.49024963378906,4.0,4.0,4.0,0.1111111111111111,0.0,0,0,0,4,1,1,0,1.0
stage1a_single_agent_miniscule,1,1,22738,468,1,50,50,1,0,189.79452514648438,4.0,4.0,4.0,0.3333333333333333,0.0,0,0,0,28,25,25,0,0.14285714285714285
stage1a_single_agent_miniscule,1,1,22791,469,1,50,50,1,0,188.06617736816406,4.0,4.0,4.0,0.4444444444444444,0.0,0,0,0,53,27,27,0,0.07547169811320754
stage1a_single_agent_miniscule,1,1,22849,470,1,50,50,1,0,188.6148681640625,4.0,4.0,4.0,0.4444444444444444,0.0,0,0,0,58,35,35,0,0.06896551724137931
stage1a_single_agent_miniscule,1,1,22853,471,1,50,50,1,0,191.79074096679688,4.0,4.0,4.0,0.1111111111111111,0.0,0,0,0,4,1,1,0,1.0
stage1a_single_agent_miniscule,1,1,22866,472,1,50,50,1,0,191.02760314941406,4.0,4.0,4.0,0.3333333333333333,0.0,0,0,0,13,10,10,0,0.3076923076923077
stage1a_single_agent_miniscule,1,1,22877,473,1,50,50,1,0,191.50660705566406,4.0,4.0,4.0,0.2222222222222222,0.0,0,0,0,11,8,8,0,0.36363636363636365
stage1a_single_agent_miniscule,1,1,22910,474,1,50,50,1,0,190.10813903808594,4.0,4.0,4.0,0.4444444444444444,0.0,0,0,0,33,30,30,0,0.12121212121212122
stage1a_single_agent_miniscule,1,1,22926,475,1,50,50,1,0,191.54310607910156,4.0,4.0,4.0,0.3333333333333333,0.0,0,0,0,16,13,13,0,0.25
stage1a_single_agent_miniscule,1,1,22948,476,1,50,50,1,0,190.5574951171875,4.0,4.0,4.0,0.4444444444444444,0.0,0,0,0,22,19,19,0,0.18181818181818182
stage1a_single_agent_miniscule,1,1,22968,477,1,50,50,1,0,191.2972412109375,4.0,4.0,4.0,0.4444444444444444,0.0,0,0,0,20,17,17,0,0.2
stage1a_single_agent_miniscule,1,1,23025,478,1,50,50,1,0,188.87342834472656,4.0,4.0,4.0,0.4444444444444444,0.0,0,0,0,57,32,32,0,0.07017543859649122
stage1a_single_agent_miniscule,1,1,23043,479,1,50,50,1,0,191.26956176757812,4.0,4.0,4.0,0.3333333333333333,0.0,0,0,0,18,15,15,0,0.2222222222222222
stage1a_single_agent_miniscule,1,1,23047,480,1,50,50,1,0,191.49021911621094,4.0,4.0,4.0,0.1111111111111111,0.0,0,0,0,4,1,1,0,1.0
stage1a_single_agent_miniscule,1,1,23057,481,1,50,50,1,0,191.25900268554688,4.0,4.0,4.0,0.2222222222222222,0.0,0,0,0,10,7,7,0,0.4
stage1a_single_agent_miniscule,1,1,23072,482,1,50,50,1,0,191.04959106445312,4.0,4.0,4.0,0.3333333333333333,0.0,0,0,0,15,12,12,0,0.26666666666666666
stage1a_single_agent_miniscule,1,1,23086,483,1,50,50,1,0,191.37249755859375,4.0,4.0,4.0,0.3333333333333333,0.0,0,0,0,14,11,11,0,0.2857142857142857
stage1a_single_agent_miniscule,1,1,23113,484,1,50,50,1,0,190.08526611328125,4.0,4.0,4.0,0.3333333333333333,0.0,0,0,0,27,24,24,0,0.14814814814814814
stage1a_single_agent_miniscule,1,1,23172,485,1,50,50,1,0,188.86883544921875,4.0,4.0,4.0,0.4444444444444444,0.0,0,0,0,59,31,31,0,0.06779661016949153
stage1a_single_agent_miniscule,1,1,23205,486,1,50,50,1,0,189.80926513671875,4.0,4.0,4.0,0.4444444444444444,0.0,0,0,0,33,30,30,0,0.12121212121212122
stage1a_single_agent_miniscule,1,1,23217,487,1,50,50,1,0,191.22601318359375,4.0,4.0,4.0,0.3333333333333333,0.0,0,0,0,12,9,9,0,0.3333333333333333
stage1a_single_agent_miniscule,1,1,23333,488,1,50,50,1,0,185.289794921875,4.0,4.0,4.0,0.4444444444444444,0.0,0,0,0,116,64,64,0,0.034482758620689655
stage1a_single_agent_miniscule,1,1,23385,489,1,50,50,1,0,188.49989318847656,4.0,4.0,4.0,0.4444444444444444,0.0,0,0,0,52,49,49,0,0.07692307692307693
stage1a_single_agent_miniscule,1,1,23455,490,1,50,50,1,0,188.13467407226562,4.0,4.0,4.0,0.4444444444444444,0.0,0,0,0,70,1,1,0,0.05714285714285714
stage1a_single_agent_miniscule,1,1,23479,491,1,50,50,1,0,190.2578125,4.0,4.0,4.0,0.3333333333333333,0.0,0,0,0,24,7,7,0,0.16666666666666666
stage1a_single_agent_miniscule,1,1,23496,492,1,50,50,1,0,191.27593994140625,4.0,4.0,4.0,0.3333333333333333,0.0,0,0,0,17,14,14,0,0.23529411764705882
stage1a_single_agent_miniscule,1,1,23505,493,1,50,50,1,0,191.51486206054688,4.0,4.0,4.0,0.2222222222222222,0.0,0,0,0,9,5,5,0,0.4444444444444444
stage1a_single_agent_miniscule,1,1,23532,494,1,50,50,1,0,189.7974395751953,4.0,4.0,4.0,0.3333333333333333,0.0,0,0,0,27,24,24,0,0.14814814814814814
stage1a_single_agent_miniscule,1,1,23556,495,1,50,50,1,0,190.28045654296875,4.0,4.0,4.0,0.2222222222222222,0.0,0,0,0,24,21,21,0,0.16666666666666666
stage1a_single_agent_miniscule,1,1,23575,496,1,50,50,1,0,191.0690155029297,4.0,4.0,4.0,0.3333333333333333,0.0,0,0,0,19,15,15,0,0.21052631578947367
stage1a_single_agent_miniscule,1,1,23586,497,1,50,50,1,0,190.94801330566406,4.0,4.0,4.0,0.2222222222222222,0.0,0,0,0,11,8,8,0,0.36363636363636365
stage1a_single_agent_miniscule,1,1,23600,498,1,50,50,1,0,191.5426483154297,4.0,4.0,4.0,0.3333333333333333,0.0,0,0,0,14,11,11,0,0.2857142857142857
stage1a_single_agent_miniscule,1,1,23612,499,1,50,50,1,0,191.42599487304688,4.0,4.0,4.0,0.2222222222222222,0.0,0,0,0,12,9,9,0,0.3333333333333333
stage1a_single_agent_miniscule,1,1,23621,500,1,50,50,1,0,191.53395080566406,4.0,4.0,4.0,0.3333333333333333,0.0,0,0,0,9,5,5,0,0.4444444444444444
stage1a_single_agent_miniscule,1,1,23634,501,1,50,50,1,0,191.50399780273438,4.0,4.0,4.0,0.3333333333333333,0.0,0,0,0,13,10,10,0,0.3076923076923077
stage1a_single_agent_miniscule,1,1,23646,502,1,50,50,1,0,191.2794647216797,4.0,4.0,4.0,0.3333333333333333,0.0,0,0,0,12,9,9,0,0.3333333333333333
stage1a_single_agent_miniscule,1,1,23732,503,1,50,50,1,0,186.61582946777344,4.0,4.0,4.0,0.4444444444444444,0.0,0,0,0,86,33,33,0,0.046511627906976744
stage1a_single_agent_miniscule,1,1,23802,504,1,50,50,1,0,186.83592224121094,4.0,4.0,4.0,0.4444444444444444,0.0,0,0,0,70,19,19,0,0.05714285714285714
stage1a_single_agent_miniscule,1,1,23875,505,1,50,50,1,0,187.0794219970703,4.0,4.0,4.0,0.4444444444444444,0.0,0,0,0,73,26,26,0,0.0547945205479452
stage1a_single_agent_miniscule,1,1,23978,506,1,50,50,1,0,185.8436279296875,4.0,4.0,4.0,0.4444444444444444,0.0,0,0,0,103,27,27,0,0.038834951456310676
stage1a_single_agent_miniscule,1,1,24022,507,1,50,50,1,0,189.5155029296875,4.0,4.0,4.0,0.4444444444444444,0.0,0,0,0,44,18,18,0,0.09090909090909091
stage1a_single_agent_miniscule,1,1,24037,508,1,50,50,1,0,191.28018188476562,4.0,4.0,4.0,0.3333333333333333,0.0,0,0,0,15,11,11,0,0.26666666666666666
stage1a_single_agent_miniscule,1,1,24157,509,1,50,50,1,0,136.909912109375,3.0,3.0,3.0,0.4444444444444444,0.0,0,0,1,120,31,31,0,0.025
stage1a_single_agent_miniscule,1,1,24181,510,1,50,50,1,0,190.74063110351562,4.0,4.0,4.0,0.4444444444444444,0.0,0,0,0,24,20,20,0,0.16666666666666666
stage1a_single_agent_miniscule,1,1,24192,511,1,50,50,1,0,191.4580078125,4.0,4.0,4.0,0.3333333333333333,0.0,0,0,0,11,8,8,0,0.36363636363636365
stage1a_single_agent_miniscule,1,1,24213,512,1,50,50,1,0,190.77017211914062,4.0,4.0,4.0,0.3333333333333333,0.0,0,0,0,21,8,8,0,0.19047619047619047
stage1a_single_agent_miniscule,1,1,24238,513,1,50,50,1,0,190.552001953125,4.0,4.0,4.0,0.3333333333333333,0.0,0,0,0,25,22,22,0,0.16
stage1a_single_agent_miniscule,1,1,24272,514,1,50,50,1,0,190.35948181152344,4.0,4.0,4.0,0.4444444444444444,0.0,0,0,0,34,31,31,0,0.11764705882352941
stage1a_single_agent_miniscule,1,1,24338,515,1,50,50,1,0,188.314453125,4.0,4.0,4.0,0.4444444444444444,0.0,0,0,0,66,40,40,0,0.06060606060606061
stage1a_single_agent_miniscule,1,1,24406,516,1,50,50,1,0,188.28797912597656,4.0,4.0,4.0,0.4444444444444444,0.0,0,0,0,68,43,43,0,0.058823529411764705
stage1a_single_agent_miniscule,1,1,24468,517,1,50,50,1,0,188.0456085205078,4.0,4.0,4.0,0.4444444444444444,0.0,0,0,0,62,12,12,0,0.06451612903225806
stage1a_single_agent_miniscule,1,1,24576,518,1,50,50,1,0,185.3215789794922,4.0,4.0,4.0,0.4444444444444444,0.0,0,0,0,108,58,58,0,0.037037037037037035
stage1a_single_agent_miniscule,1,1,24647,519,1,50,50,1,0,186.84109497070312,4.0,4.0,4.0,0.4444444444444444,0.0,0,0,0,71,45,45,0,0.056338028169014086
stage1a_single_agent_miniscule,1,1,24655,520,1,50,50,1,0,191.78619384765625,4.0,4.0,4.0,0.3333333333333333,0.0,0,0,0,8,5,5,0,0.5
stage1a_single_agent_miniscule,1,1,24688,521,1,50,50,1,0,190.35995483398438,4.0,4.0,4.0,0.4444444444444444,0.0,0,0,0,33,30,30,0,0.12121212121212122
stage1a_single_agent_miniscule,1,1,24721,522,1,50,50,1,0,190.1094512939453,4.0,4.0,4.0,0.4444444444444444,0.0,0,0,0,33,7,7,0,0.12121212121212122
stage1a_single_agent_miniscule,1,1,24747,523,1,50,50,1,0,190.91946411132812,4.0,4.0,4.0,0.3333333333333333,0.0,0,0,0,26,21,21,0,0.15384615384615385
stage1a_single_agent_miniscule,1,1,24757,524,1,50,50,1,0,191.25796508789062,4.0,4.0,4.0,0.2222222222222222,0.0,0,0,0,10,4,4,0,0.4
stage1a_single_agent_miniscule,1,1,24808,525,1,50,50,1,0,188.62635803222656,4.0,4.0,4.0,0.4444444444444444,0.0,0,0,0,51,26,26,0,0.0784313725490196
stage1a_single_agent_miniscule,1,1,24868,526,1,50,50,1,0,188.34376525878906,4.0,4.0,4.0,0.4444444444444444,0.0,0,0,0,60,35,35,0,0.06666666666666667
stage1a_single_agent_miniscule,1,1,24905,527,1,50,50,1,0,190.1409912109375,4.0,4.0,4.0,0.4444444444444444,0.0,0,0,0,37,14,14,0,0.10810810810810811
stage1a_single_agent_miniscule,1,1,24909,528,1,50,50,1,0,191.4901885986328,4.0,4.0,4.0,0.1111111111111111,0.0,0,0,0,4,1,1,0,1.0
stage1a_single_agent_miniscule,1,1,24951,529,1,50,50,1,0,189.5745849609375,4.0,4.0,4.0,0.4444444444444444,0.0,0,0,0,42,15,15,0,0.09523809523809523
stage1a_single_agent_miniscule,1,1,24955,530,1,50,50,1,0,191.49021911621094,4.0,4.0,4.0,0.1111111111111111,0.0,0,0,0,4,1,1,0,1.0
stage1a_single_agent_miniscule,1,1,25008,531,1,50,50,1,0,188.82371520996094,4.0,4.0,4.0,0.4444444444444444,0.0,0,0,0,53,28,28,0,0.07547169811320754
stage1a_single_agent_miniscule,1,1,25057,532,1,50,50,1,0,189.06704711914062,4.0,4.0,4.0,0.4444444444444444,0.0,0,0,0,49,1,1,0,0.08163265306122448
stage1a_single_agent_miniscule,1,1,25077,533,1,50,50,1,0,191.2787322998047,4.0,4.0,4.0,0.4444444444444444,0.0,0,0,0,20,17,17,0,0.2
stage1a_single_agent_miniscule,1,1,25120,534,1,50,50,1,0,189.64280700683594,4.0,4.0,4.0,0.4444444444444444,0.0,0,0,0,43,18,18,0,0.09302325581395349
stage1a_single_agent_miniscule,1,1,25140,535,1,50,50,1,0,191.01904296875,4.0,4.0,4.0,0.3333333333333333,0.0,0,0,0,20,17,17,0,0.2
stage1a_single_agent_miniscule,1,1,25182,536,1,50,50,1,0,189.07208251953125,4.0,4.0,4.0,0.4444444444444444,0.0,0,0,0,42,16,16,0,0.09523809523809523
stage1a_single_agent_miniscule,1,1,25222,537,1,50,50,1,0,189.82586669921875,4.0,4.0,4.0,0.4444444444444444,0.0,0,0,0,40,16,16,0,0.1
stage1a_single_agent_miniscule,1,1,25234,538,1,50,50,1,0,191.02989196777344,4.0,4.0,4.0,0.3333333333333333,0.0,0,0,0,12,9,9,0,0.3333333333333333
stage1a_single_agent_miniscule,1,1,25295,539,1,50,50,1,0,189.1428680419922,4.0,4.0,4.0,0.4444444444444444,0.0,0,0,0,61,10,10,0,0.06557377049180328
stage1a_single_agent_miniscule,1,1,25342,540,1,50,50,1,0,188.7914581298828,4.0,4.0,4.0,0.4444444444444444,0.0,0,0,0,47,23,23,0,0.0851063829787234
stage1a_single_agent_miniscule,1,1,25346,541,1,50,50,1,0,192.09201049804688,4.0,4.0,4.0,0.1111111111111111,0.0,0,0,0,4,1,1,0,1.0
stage1a_single_agent_miniscule,1,1,25398,542,1,50,50,1,0,188.8243865966797,4.0,4.0,4.0,0.4444444444444444,0.0,0,0,0,52,28,28,0,0.07692307692307693
stage1a_single_agent_miniscule,1,1,25413,543,1,50,50,1,0,191.3014373779297,4.0,4.0,4.0,0.3333333333333333,0.0,0,0,0,15,10,10,0,0.26666666666666666
stage1a_single_agent_miniscule,1,1,25446,544,1,50,50,1,0,190.3150177001953,4.0,4.0,4.0,0.4444444444444444,0.0,0,0,0,33,30,30,0,0.12121212121212122
stage1a_single_agent_miniscule,1,1,25482,545,1,50,50,1,0,190.10447692871094,4.0,4.0,4.0,0.4444444444444444,0.0,0,0,0,36,33,33,0,0.1111111111111111
stage1a_single_agent_miniscule,1,1,25552,546,1,50,50,1,0,188.56593322753906,4.0,4.0,4.0,0.4444444444444444,0.0,0,0,0,70,44,44,0,0.05714285714285714
stage1a_single_agent_miniscule,1,1,25595,547,1,50,50,1,0,190.0971221923828,4.0,4.0,4.0,0.4444444444444444,0.0,0,0,0,43,40,40,0,0.09302325581395349
stage1a_single_agent_miniscule,1,1,25626,548,1,50,50,1,0,189.81077575683594,4.0,4.0,4.0,0.4444444444444444,0.0,0,0,0,31,28,28,0,0.12903225806451613
stage1a_single_agent_miniscule,1,1,25683,549,1,50,50,1,0,187.8144989013672,4.0,4.0,4.0,0.4444444444444444,0.0,0,0,0,57,30,30,0,0.07017543859649122
stage1a_single_agent_miniscule,1,1,25695,550,1,50,50,1,0,191.57861328125,4.0,4.0,4.0,0.3333333333333333,0.0,0,0,0,12,9,9,0,0.3333333333333333
stage1a_single_agent_miniscule,1,1,25699,551,1,50,50,1,0,191.4901580810547,4.0,4.0,4.0,0.1111111111111111,0.0,0,0,0,4,1,1,0,1.0
stage1a_single_agent_miniscule,1,1,25721,552,1,50,50,1,0,190.98988342285156,4.0,4.0,4.0,0.3333333333333333,0.0,0,0,0,22,19,19,0,0.18181818181818182
stage1a_single_agent_miniscule,1,1,25770,553,1,50,50,1,0,188.87786865234375,4.0,4.0,4.0,0.4444444444444444,0.0,0,0,0,49,24,24,0,0.08163265306122448
stage1a_single_agent_miniscule,1,1,25822,554,1,50,50,1,0,188.32379150390625,4.0,4.0,4.0,0.4444444444444444,0.0,0,0,0,52,25,25,0,0.07692307692307693
stage1a_single_agent_miniscule,1,1,25846,555,1,50,50,1,0,190.0515899658203,4.0,4.0,4.0,0.4444444444444444,0.0,0,0,0,24,20,20,0,0.16666666666666666
stage1a_single_agent_miniscule,1,1,25895,556,1,50,50,1,0,189.16690063476562,4.0,4.0,4.0,0.4444444444444444,0.0,0,0,0,49,26,26,0,0.08163265306122448
stage1a_single_agent_miniscule,1,1,25928,557,1,50,50,1,0,190.0602569580078,4.0,4.0,4.0,0.4444444444444444,0.0,0,0,0,33,30,30,0,0.12121212121212122
stage1a_single_agent_miniscule,1,1,25944,558,1,50,50,1,0,191.05880737304688,4.0,4.0,4.0,0.3333333333333333,0.0,0,0,0,16,13,13,0,0.25
stage1a_single_agent_miniscule,1,1,25989,559,1,50,50,1,0,189.575927734375,4.0,4.0,4.0,0.4444444444444444,0.0,0,0,0,45,22,22,0,0.08888888888888889
stage1a_single_agent_miniscule,1,1,26035,560,1,50,50,1,0,190.0142364501953,4.0,4.0,4.0,0.4444444444444444,0.0,0,0,0,46,20,20,0,0.08695652173913043
stage1a_single_agent_miniscule,1,1,26115,561,1,50,50,1,0,186.83033752441406,4.0,4.0,4.0,0.4444444444444444,0.0,0,0,0,80,77,77,0,0.05
stage1a_single_agent_miniscule,1,1,26196,562,1,50,50,1,0,187.63079833984375,4.0,4.0,4.0,0.4444444444444444,0.0,0,0,0,81,32,32,0,0.04938271604938271
stage1a_single_agent_miniscule,1,1,26220,563,1,50,50,1,0,191.30828857421875,4.0,4.0,4.0,0.4444444444444444,0.0,0,0,0,24,19,19,0,0.16666666666666666
stage1a_single_agent_miniscule,1,1,26240,564,1,50,50,1,0,190.72792053222656,4.0,4.0,4.0,0.3333333333333333,0.0,0,0,0,20,17,17,0,0.2
stage1a_single_agent_miniscule,1,1,26293,565,1,50,50,1,0,189.07980346679688,4.0,4.0,4.0,0.4444444444444444,0.0,0,0,0,53,27,27,0,0.07547169811320754
stage1a_single_agent_miniscule,1,1,26326,566,1,50,50,1,0,190.5643310546875,4.0,4.0,4.0,0.4444444444444444,0.0,0,0,0,33,5,5,0,0.12121212121212122
stage1a_single_agent_miniscule,1,1,26399,567,1,50,50,1,0,187.58834838867188,4.0,4.0,4.0,0.4444444444444444,0.0,0,0,0,73,1,1,0,0.0547945205479452
stage1a_single_agent_miniscule,1,1,26454,568,1,50,50,1,0,188.87184143066406,4.0,4.0,4.0,0.4444444444444444,0.0,0,0,0,55,28,28,0,0.07272727272727272
stage1a_single_agent_miniscule,1,1,26522,569,1,50,50,1,0,188.31072998046875,4.0,4.0,4.0,0.4444444444444444,0.0,0,0,0,68,41,41,0,0.058823529411764705
stage1a_single_agent_miniscule,1,1,26526,570,1,50,50,1,0,191.49200439453125,4.0,4.0,4.0,0.1111111111111111,0.0,0,0,0,4,1,1,0,1.0
stage1a_single_agent_miniscule,1,1,26555,571,1,50,50,1,0,189.79478454589844,4.0,4.0,4.0,0.3333333333333333,0.0,0,0,0,29,26,26,0,0.13793103448275862
stage1a_single_agent_miniscule,1,1,26591,572,1,50,50,1,0,189.55421447753906,4.0,4.0,4.0,0.4444444444444444,0.0,0,0,0,36,33,33,0,0.1111111111111111
stage1a_single_agent_miniscule,1,1,26624,573,1,50,50,1,0,190.3144073486328,4.0,4.0,4.0,0.4444444444444444,0.0,0,0,0,33,5,5,0,0.12121212121212122
stage1a_single_agent_miniscule,1,1,26699,574,1,50,50,1,0,188.13612365722656,4.0,4.0,4.0,0.4444444444444444,0.0,0,0,0,75,25,25,0,0.05333333333333334
stage1a_single_agent_miniscule,1,1,26723,575,1,50,50,1,0,190.0108642578125,4.0,4.0,4.0,0.3333333333333333,0.0,0,0,0,24,21,21,0,0.16666666666666666
stage1a_single_agent_miniscule,1,1,26747,576,1,50,50,1,0,190.8500518798828,4.0,4.0,4.0,0.4444444444444444,0.0,0,0,0,24,21,21,0,0.16666666666666666
stage1a_single_agent_miniscule,1,1,26766,577,1,50,50,1,0,190.99647521972656,4.0,4.0,4.0,0.3333333333333333,0.0,0,0,0,19,16,16,0,0.21052631578947367
stage1a_single_agent_miniscule,1,1,26778,578,1,50,50,1,0,191.2552947998047,4.0,4.0,4.0,0.2222222222222222,0.0,0,0,0,12,8,8,0,0.3333333333333333
stage1a_single_agent_miniscule,1,1,26795,579,1,50,50,1,0,190.80587768554688,4.0,4.0,4.0,0.3333333333333333,0.0,0,0,0,17,14,14,0,0.23529411764705882
stage1a_single_agent_miniscule,1,1,26816,580,1,50,50,1,0,191.07827758789062,4.0,4.0,4.0,0.4444444444444444,0.0,0,0,0,21,1,1,0,0.19047619047619047
stage1a_single_agent_miniscule,1,1,26848,581,1,50,50,1,0,190.31402587890625,4.0,4.0,4.0,0.4444444444444444,0.0,0,0,0,32,29,29,0,0.125
stage1a_single_agent_miniscule,1,1,26877,582,1,50,50,1,0,190.5666961669922,4.0,4.0,4.0,0.4444444444444444,0.0,0,0,0,29,24,24,0,0.13793103448275862
stage1a_single_agent_miniscule,1,1,26912,583,1,50,50,1,0,189.80889892578125,4.0,4.0,4.0,0.4444444444444444,0.0,0,0,0,35,8,8,0,0.11428571428571428
stage1a_single_agent_miniscule,1,1,26955,584,1,50,50,1,0,189.59034729003906,4.0,4.0,4.0,0.4444444444444444,0.0,0,0,0,43,15,15,0,0.09302325581395349
stage1a_single_agent_miniscule,1,1,27014,585,1,50,50,1,0,188.32334899902344,4.0,4.0,4.0,0.4444444444444444,0.0,0,0,0,59,8,8,0,0.06779661016949153
stage1a_single_agent_miniscule,1,1,27053,586,1,50,50,1,0,189.80650329589844,4.0,4.0,4.0,0.4444444444444444,0.0,0,0,0,39,13,13,0,0.10256410256410256
stage1a_single_agent_miniscule,1,1,27075,587,1,50,50,1,0,191.08294677734375,4.0,4.0,4.0,0.3333333333333333,0.0,0,0,0,22,19,19,0,0.18181818181818182
stage1a_single_agent_miniscule,1,1,27102,588,1,50,50,1,0,189.79788208007812,4.0,4.0,4.0,0.3333333333333333,0.0,0,0,0,27,24,24,0,0.14814814814814814
stage1a_single_agent_miniscule,1,1,27179,589,1,50,50,1,0,187.8373565673828,4.0,4.0,4.0,0.4444444444444444,0.0,0,0,0,77,25,25,0,0.05194805194805195
stage1a_single_agent_miniscule,1,1,27202,590,1,50,50,1,0,191.26971435546875,4.0,4.0,4.0,0.4444444444444444,0.0,0,0,0,23,20,20,0,0.17391304347826086
stage1a_single_agent_miniscule,1,1,27288,591,1,50,50,1,0,186.36631774902344,4.0,4.0,4.0,0.4444444444444444,0.0,0,0,0,86,59,59,0,0.046511627906976744
stage1a_single_agent_miniscule,1,1,27301,592,1,50,50,1,0,191.32559204101562,4.0,4.0,4.0,0.3333333333333333,0.0,0,0,0,13,10,10,0,0.3076923076923077
stage1a_single_agent_miniscule,1,1,27305,593,1,50,50,1,0,191.49021911621094,4.0,4.0,4.0,0.1111111111111111,0.0,0,0,0,4,1,1,0,1.0
stage1a_single_agent_miniscule,1,1,27381,594,1,50,50,1,0,186.5861053466797,4.0,4.0,4.0,0.4444444444444444,0.0,0,0,0,76,25,25,0,0.05263157894736842
stage1a_single_agent_miniscule,1,1,27398,595,1,50,50,1,0,191.60520935058594,4.0,4.0,4.0,0.3333333333333333,0.0,0,0,0,17,13,13,0,0.23529411764705882
stage1a_single_agent_miniscule,1,1,27476,596,1,50,50,1,0,186.8351593017578,4.0,4.0,4.0,0.4444444444444444,0.0,0,0,0,78,28,28,0,0.05128205128205128
stage1a_single_agent_miniscule,1,1,27526,597,1,50,50,1,0,188.5684814453125,4.0,4.0,4.0,0.4444444444444444,0.0,0,0,0,50,24,24,0,0.08
stage1a_single_agent_miniscule,1,1,27599,598,1,50,50,1,0,187.5885467529297,4.0,4.0,4.0,0.4444444444444444,0.0,0,0,0,73,1,1,0,0.0547945205479452
stage1a_single_agent_miniscule,1,1,27643,599,1,50,50,1,0,189.31919860839844,4.0,4.0,4.0,0.4444444444444444,0.0,0,0,0,44,20,20,0,0.09090909090909091
stage1a_single_agent_miniscule,1,1,27692,600,1,50,50,1,0,189.1295623779297,4.0,4.0,4.0,0.4444444444444444,0.0,0,0,0,49,24,24,0,0.08163265306122448
stage1a_single_agent_miniscule,1,1,27738,601,1,50,50,1,0,188.32334899902344,4.0,4.0,4.0,0.4444444444444444,0.0,0,0,0,46,19,19,0,0.08695652173913043
stage1a_single_agent_miniscule,1,1,27753,602,1,50,50,1,0,191.06068420410156,4.0,4.0,4.0,0.3333333333333333,0.0,0,0,0,15,12,12,0,0.26666666666666666
stage1a_single_agent_miniscule,1,1,27757,603,1,50,50,1,0,191.79200744628906,4.0,4.0,4.0,0.1111111111111111,0.0,0,0,0,4,1,1,0,1.0
stage1a_single_agent_miniscule,1,1,27811,604,1,50,50,1,0,189.37539672851562,4.0,4.0,4.0,0.4444444444444444,0.0,0,0,0,54,31,31,0,0.07407407407407407
stage1a_single_agent_miniscule,1,1,27825,605,1,50,50,1,0,191.02439880371094,4.0,4.0,4.0,0.3333333333333333,0.0,0,0,0,14,9,9,0,0.2857142857142857
stage1a_single_agent_miniscule,1,1,27866,606,1,50,50,1,0,189.58656311035156,4.0,4.0,4.0,0.4444444444444444,0.0,0,0,0,41,13,13,0,0.0975609756097561
stage1a_single_agent_miniscule,1,1,27908,607,1,50,50,1,0,189.34532165527344,4.0,4.0,4.0,0.4444444444444444,0.0,0,0,0,42,15,15,0,0.09523809523809523
stage1a_single_agent_miniscule,1,1,27979,608,1,50,50,1,0,188.39381408691406,4.0,4.0,4.0,0.4444444444444444,0.0,0,0,0,71,1,1,0,0.056338028169014086
stage1a_single_agent_miniscule,1,1,28018,609,1,50,50,1,0,189.84890747070312,4.0,4.0,4.0,0.4444444444444444,0.0,0,0,0,39,14,14,0,0.10256410256410256
stage1a_single_agent_miniscule,1,1,28063,610,1,50,50,1,0,188.8080291748047,4.0,4.0,4.0,0.4444444444444444,0.0,0,0,0,45,19,19,0,0.08888888888888889
stage1a_single_agent_miniscule,1,1,28145,611,1,50,50,1,0,186.8765106201172,4.0,4.0,4.0,0.4444444444444444,0.0,0,0,0,82,31,31,0,0.04878048780487805
stage1a_single_agent_miniscule,1,1,28154,612,1,50,50,1,0,191.5349578857422,4.0,4.0,4.0,0.3333333333333333,0.0,0,0,0,9,5,5,0,0.4444444444444444
stage1a_single_agent_miniscule,1,1,28163,613,1,50,50,1,0,191.53489685058594,4.0,4.0,4.0,0.3333333333333333,0.0,0,0,0,9,5,5,0,0.4444444444444444
stage1a_single_agent_miniscule,1,1,28219,614,1,50,50,1,0,188.56983947753906,4.0,4.0,4.0,0.4444444444444444,0.0,0,0,0,56,29,29,0,0.07142857142857142
stage1a_single_agent_miniscule,1,1,28248,615,1,50,50,1,0,189.79611206054688,4.0,4.0,4.0,0.3333333333333333,0.0,0,0,0,29,26,26,0,0.13793103448275862
stage1a_single_agent_miniscule,1,1,28315,616,1,50,50,1,0,188.35084533691406,4.0,4.0,4.0,0.4444444444444444,0.0,0,0,0,67,17,17,0,0.05970149253731343
stage1a_single_agent_miniscule,1,1,28361,617,1,50,50,1,0,188.87474060058594,4.0,4.0,4.0,0.4444444444444444,0.0,0,0,0,46,21,21,0,0.08695652173913043
stage1a_single_agent_miniscule,1,1,28365,618,1,50,50,1,0,192.09201049804688,4.0,4.0,4.0,0.1111111111111111,0.0,0,0,0,4,1,1,0,1.0
stage1a_single_agent_miniscule,1,1,28457,619,1,50,50,1,0,186.3402862548828,4.0,4.0,4.0,0.4444444444444444,0.0,0,0,0,92,40,40,0,0.043478260869565216
stage1a_single_agent_miniscule,1,1,28519,620,1,50,50,1,0,188.61529541015625,4.0,4.0,4.0,0.4444444444444444,0.0,0,0,0,62,10,10,0,0.06451612903225806
stage1a_single_agent_miniscule,1,1,28540,621,1,50,50,1,0,190.28944396972656,4.0,4.0,4.0,0.3333333333333333,0.0,0,0,0,21,18,18,0,0.19047619047619047
stage1a_single_agent_miniscule,1,1,28596,622,1,50,50,1,0,188.8225555419922,4.0,4.0,4.0,0.4444444444444444,0.0,0,0,0,56,30,30,0,0.07142857142857142
stage1a_single_agent_miniscule,1,1,28645,623,1,50,50,1,0,188.87818908691406,4.0,4.0,4.0,0.4444444444444444,0.0,0,0,0,49,23,23,0,0.08163265306122448
stage1a_single_agent_miniscule,1,1,28690,624,1,50,50,1,0,189.32565307617188,4.0,4.0,4.0,0.4444444444444444,0.0,0,0,0,45,20,20,0,0.08888888888888889
stage1a_single_agent_miniscule,1,1,28694,625,1,50,50,1,0,191.49021911621094,4.0,4.0,4.0,0.1111111111111111,0.0,0,0,0,4,1,1,0,1.0
stage1a_single_agent_miniscule,1,1,28725,626,1,50,50,1,0,189.81085205078125,4.0,4.0,4.0,0.4444444444444444,0.0,0,0,0,31,28,28,0,0.12903225806451613
stage1a_single_agent_miniscule,1,1,28758,627,1,50,50,1,0,190.063232421875,4.0,4.0,4.0,0.4444444444444444,0.0,0,0,0,33,8,8,0,0.12121212121212122
stage1a_single_agent_miniscule,1,1,28777,628,1,50,50,1,0,191.08030700683594,4.0,4.0,4.0,0.4444444444444444,0.0,0,0,0,19,16,16,0,0.21052631578947367
stage1a_single_agent_miniscule,1,1,28802,629,1,50,50,1,0,190.05067443847656,4.0,4.0,4.0,0.3333333333333333,0.0,0,0,0,25,21,21,0,0.16
stage1a_single_agent_miniscule,1,1,28834,630,1,50,50,1,0,190.3141326904297,4.0,4.0,4.0,0.4444444444444444,0.0,0,0,0,32,29,29,0,0.125
stage1a_single_agent_miniscule,1,1,28838,631,1,50,50,1,0,191.49044799804688,4.0,4.0,4.0,0.1111111111111111,0.0,0,0,0,4,1,1,0,1.0
stage1a_single_agent_miniscule,1,1,28884,632,1,50,50,1,0,188.83567810058594,4.0,4.0,4.0,0.4444444444444444,0.0,0,0,0,46,21,21,0,0.08695652173913043
stage1a_single_agent_miniscule,1,1,28920,633,1,50,50,1,0,189.55381774902344,4.0,4.0,4.0,0.4444444444444444,0.0,0,0,0,36,33,33,0,0.1111111111111111
stage1a_single_agent_miniscule,1,1,28933,634,1,50,50,1,0,191.02578735351562,4.0,4.0,4.0,0.3333333333333333,0.0,0,0,0,13,9,9,0,0.3076923076923077
stage1a_single_agent_miniscule,1,1,28952,635,1,50,50,1,0,190.55165100097656,4.0,4.0,4.0,0.3333333333333333,0.0,0,0,0,19,16,16,0,0.21052631578947367
stage1a_single_agent_miniscule,1,1,28966,636,1,50,50,1,0,190.79066467285156,4.0,4.0,4.0,0.2222222222222222,0.0,0,0,0,14,11,11,0,0.2857142857142857
stage1a_single_agent_miniscule,1,1,29014,637,1,50,50,1,0,189.37232971191406,4.0,4.0,4.0,0.4444444444444444,0.0,0,0,0,48,21,21,0,0.08333333333333333
stage1a_single_agent_miniscule,1,1,29036,638,1,50,50,1,0,190.826171875,4.0,4.0,4.0,0.4444444444444444,0.0,0,0,0,22,1,1,0,0.18181818181818182
stage1a_single_agent_miniscule,1,1,29081,639,1,50,50,1,0,189.13511657714844,4.0,4.0,4.0,0.4444444444444444,0.0,0,0,0,45,22,22,0,0.08888888888888889
stage1a_single_agent_miniscule,1,1,29128,640,1,50,50,1,0,189.08128356933594,4.0,4.0,4.0,0.4444444444444444,0.0,0,0,0,47,1,1,0,0.0851063829787234
stage1a_single_agent_miniscule,1,1,29137,641,1,50,50,1,0,191.5338897705078,4.0,4.0,4.0,0.3333333333333333,0.0,0,0,0,9,5,5,0,0.4444444444444444
stage1a_single_agent_miniscule,1,1,29201,642,1,50,50,1,0,188.09957885742188,4.0,4.0,4.0,0.4444444444444444,0.0,0,0,0,64,39,39,0,0.0625
stage1a_single_agent_miniscule,1,1,29222,643,1,50,50,1,0,191.05787658691406,4.0,4.0,4.0,0.3333333333333333,0.0,0,0,0,21,1,1,0,0.19047619047619047
stage1a_single_agent_miniscule,1,1,29277,644,1,50,50,1,0,188.5709991455078,4.0,4.0,4.0,0.4444444444444444,0.0,0,0,0,55,30,30,0,0.07272727272727272
stage1a_single_agent_miniscule,1,1,29281,645,1,50,50,1,0,191.49017333984375,4.0,4.0,4.0,0.1111111111111111,0.0,0,0,0,4,1,1,0,1.0
stage1a_single_agent_miniscule,1,1,29320,646,1,50,50,1,0,189.8411407470703,4.0,4.0,4.0,0.4444444444444444,0.0,0,0,0,39,14,14,0,0.10256410256410256
stage1a_single_agent_miniscule,1,1,29339,647,1,50,50,1,0,191.05352783203125,4.0,4.0,4.0,0.3333333333333333,0.0,0,0,0,19,16,16,0,0.21052631578947367
stage1a_single_agent_miniscule,1,1,29377,648,1,50,50,1,0,189.59228515625,4.0,4.0,4.0,0.4444444444444444,0.0,0,0,0,38,12,12,0,0.10526315789473684
stage1a_single_agent_miniscule,1,1,29392,649,1,50,50,1,0,191.07017517089844,4.0,4.0,4.0,0.3333333333333333,0.0,0,0,0,15,12,12,0,0.26666666666666666
stage1a_single_agent_miniscule,1,1,29440,650,1,50,50,1,0,188.8286895751953,4.0,4.0,4.0,0.4444444444444444,0.0,0,0,0,48,24,24,0,0.08333333333333333
stage1a_single_agent_miniscule,1,1,29480,651,1,50,50,1,0,189.3448028564453,4.0,4.0,4.0,0.4444444444444444,0.0,0,0,0,40,17,17,0,0.1
stage1a_single_agent_miniscule,1,1,29484,652,1,50,50,1,0,191.4901885986328,4.0,4.0,4.0,0.1111111111111111,0.0,0,0,0,4,1,1,0,1.0
stage1a_single_agent_miniscule,1,1,29539,653,1,50,50,1,0,188.8722686767578,4.0,4.0,4.0,0.4444444444444444,0.0,0,0,0,55,29,29,0,0.07272727272727272
stage1a_single_agent_miniscule,1,1,29657,654,1,50,50,1,0,185.16371154785156,4.0,4.0,4.0,0.4444444444444444,0.0,0,0,0,118,1,1,0,0.03389830508474576
stage1a_single_agent_miniscule,1,1,29697,655,1,50,50,1,0,189.59609985351562,4.0,4.0,4.0,0.4444444444444444,0.0,0,0,0,40,15,15,0,0.1
stage1a_single_agent_miniscule,1,1,29712,656,1,50,50,1,0,191.07090759277344,4.0,4.0,4.0,0.3333333333333333,0.0,0,0,0,15,12,12,0,0.26666666666666666
stage1a_single_agent_miniscule,1,1,29744,657,1,50,50,1,0,189.8554229736328,4.0,4.0,4.0,0.4444444444444444,0.0,0,0,0,32,29,29,0,0.125
stage1a_single_agent_miniscule,1,1,29776,658,1,50,50,1,0,190.56488037109375,4.0,4.0,4.0,0.4444444444444444,0.0,0,0,0,32,5,5,0,0.125
stage1a_single_agent_miniscule,1,1,29811,659,1,50,50,1,0,190.6112518310547,4.0,4.0,4.0,0.4444444444444444,0.0,0,0,0,35,32,32,0,0.11428571428571428
stage1a_single_agent_miniscule,1,1,29868,660,1,50,50,1,0,188.81932067871094,4.0,4.0,4.0,0.4444444444444444,0.0,0,0,0,57,31,31,0,0.07017543859649122
stage1a_single_agent_miniscule,1,1,29972,661,1,50,50,1,0,186.1396942138672,4.0,4.0,4.0,0.4444444444444444,0.0,0,0,0,104,28,28,0,0.038461538461538464
stage1b_single_agent_tiny,2,1,30057,662,1,75,75,1,0,28.99588966369629,4.0,4.0,0.0,0.5,0.0,0,0,0,57,30,-1,-1,0.0
stage1b_single_agent_tiny,2,1,30101,663,1,75,75,1,0,30.288684844970703,4.0,4.0,0.0,0.5,0.0,0,0,0,44,18,-1,-1,0.0
stage1b_single_agent_tiny,2,1,30213,664,1,75,75,1,0,26.87552261352539,4.0,4.0,0.0,0.5,0.0,0,0,0,112,60,-1,-1,0.0
stage1b_single_agent_tiny,2,1,30296,665,1,75,75,1,0,28.439239501953125,4.0,4.0,0.0,0.5,0.0,0,0,0,83,32,-1,-1,0.0
stage1b_single_agent_tiny,2,1,30333,666,1,75,75,1,0,30.310029983520508,4.0,4.0,0.0,0.5625,0.0,0,0,0,37,3,-1,-1,0.0
stage1b_single_agent_tiny,2,1,30392,667,1,75,75,1,0,29.24334144592285,4.0,4.0,0.0,0.5,0.0,0,0,0,59,32,-1,-1,0.0
stage1b_single_agent_tiny,2,1,30402,668,1,75,75,1,0,31.505712509155273,4.0,4.0,0.0,0.1875,0.0,0,0,0,10,4,-1,-1,0.0
stage1b_single_agent_tiny,2,1,30449,669,1,75,75,1,0,30.775827407836914,4.0,4.0,0.0,0.5,0.0,0,0,0,47,20,-1,-1,0.0
stage1b_single_agent_tiny,2,1,30507,670,1,75,75,1,0,29.731369018554688,4.0,4.0,0.0,0.5,0.0,0,0,0,58,30,-1,-1,0.0
stage1b_single_agent_tiny,2,1,30534,671,1,75,75,1,0,31.03765296936035,4.0,4.0,0.0,0.4375,0.0,0,0,0,27,22,-1,-1,0.0
stage1b_single_agent_tiny,2,1,30582,672,1,75,75,1,0,30.276447296142578,4.0,4.0,0.0,0.5,0.0,0,0,0,48,20,-1,-1,0.0
stage1b_single_agent_tiny,2,1,30611,673,1,75,75,1,0,71.07170104980469,4.0,4.0,1.0,0.5,0.0,0,0,0,29,2,3,1,0.034482758620689655
stage1b_single_agent_tiny,2,1,30658,674,1,75,75,1,0,30.76097869873047,4.0,4.0,0.0,0.5,0.0,0,0,0,47,21,-1,-1,0.0
stage1b_single_agent_tiny,2,1,30731,675,1,75,75,1,0,29.470783233642578,4.0,4.0,0.0,0.5,0.0,0,0,0,73,22,-1,-1,0.0
stage1b_single_agent_tiny,2,1,30851,676,1,75,75,1,0,11.860932350158691,2.0,2.0,0.0,0.5,0.0,0,0,2,120,31,-1,-1,0.0
stage1b_single_agent_tiny,2,1,30895,677,1,75,75,1,0,70.52984619140625,4.0,4.0,1.0,0.5,0.0,0,0,0,44,18,44,26,0.022727272727272728
stage1b_single_agent_tiny,2,1,31015,678,1,75,75,1,0,3.5520474910736084,1.0,1.0,0.0,0.5,0.0,0,0,3,120,104,-1,-1,0.0
stage1b_single_agent_tiny,2,1,31091,679,1,75,75,1,0,29.448610305786133,4.0,4.0,0.0,0.5,0.0,0,0,0,76,50,-1,-1,0.0
stage1b_single_agent_tiny,2,1,31143,680,1,75,75,1,0,30.000314712524414,4.0,4.0,0.0,0.5,0.0,0,0,0,52,26,-1,-1,0.0
stage1b_single_agent_tiny,2,1,31154,681,1,75,75,1,0,31.507095336914062,4.0,4.0,0.0,0.1875,0.0,0,0,0,11,5,-1,-1,0.0
stage1b_single_agent_tiny,2,1,31199,682,1,75,75,1,0,30.284332275390625,4.0,4.0,0.0,0.5,0.0,0,0,0,45,19,-1,-1,0.0
stage1b_single_agent_tiny,2,1,31209,683,1,75,75,1,0,31.50819969177246,4.0,4.0,0.0,0.1875,0.0,0,0,0,10,4,-1,-1,0.0
stage1b_single_agent_tiny,2,1,31329,684,1,75,75,1,0,-3.954697370529175,0.0,0.0,0.0,0.5,0.0,0,0,4,120,-1,-1,-1,0.0
stage1b_single_agent_tiny,2,1,31375,685,1,75,75,1,0,30.244739532470703,4.0,4.0,0.0,0.4375,0.0,0,0,0,46,19,-1,-1,0.0
stage1b_single_agent_tiny,2,1,31405,686,1,75,75,1,0,30.800668716430664,4.0,4.0,0.0,0.4375,0.0,0,0,0,30,24,-1,-1,0.0
stage1b_single_agent_tiny,2,1,31451,687,1,75,75,1,0,30.305326461791992,4.0,4.0,0.0,0.5625,0.0,0,0,0,46,18,-1,-1,0.0
stage1b_single_agent_tiny,2,1,31523,688,1,75,75,1,0,29.712865829467773,4.0,4.0,0.0,0.5,0.0,0,0,0,72,19,-1,-1,0.0
stage1b_single_agent_tiny,2,1,31573,689,1,75,75,1,0,30.25754737854004,4.0,4.0,0.0,0.5,0.0,0,0,0,50,24,-1,-1,0.0
stage1b_single_agent_tiny,2,1,31672,690,1,75,75,1,0,28.17458724975586,4.0,4.0,0.0,0.5625,0.0,0,0,0,99,47,-1,-1,0.0
stage1b_single_agent_tiny,2,1,31721,691,1,75,75,1,0,30.015384674072266,4.0,4.0,0.0,0.5,0.0,0,0,0,49,21,-1,-1,0.0
stage1b_single_agent_tiny,2,1,31768,692,1,75,75,1,0,30.27588653564453,4.0,4.0,0.0,0.5,0.0,0,0,0,47,22,-1,-1,0.0
stage1b_single_agent_tiny,2,1,31820,693,1,75,75,1,0,30.281747817993164,4.0,4.0,0.0,0.5625,0.0,0,0,0,52,23,-1,-1,0.0
stage1b_single_agent_tiny,2,1,31857,694,1,75,75,1,0,30.310670852661133,4.0,4.0,0.0,0.5625,0.0,0,0,0,37,31,-1,-1,0.0
stage1b_single_agent_tiny,2,1,31919,695,1,75,75,1,0,30.253599166870117,4.0,4.0,0.0,0.5,0.0,0,0,0,62,36,-1,-1,0.0
stage1b_single_agent_tiny,2,1,31931,696,1,75,75,1,0,71.50770568847656,4.0,4.0,1.0,0.1875,0.0,0,0,0,12,7,7,0,0.08333333333333333
stage1b_single_agent_tiny,2,1,31973,697,1,75,75,1,0,30.800457000732422,4.0,4.0,0.0,0.5,0.0,0,0,0,42,16,-1,-1,0.0
stage1b_single_agent_tiny,2,1,32017,698,1,75,75,1,0,30.780925750732422,4.0,4.0,0.0,0.5625,0.0,0,0,0,44,17,-1,-1,0.0
stage1b_single_agent_tiny,2,1,32077,699,1,75,75,1,0,29.99876594543457,4.0,4.0,0.0,0.5,0.0,0,0,0,60,31,-1,-1,0.0
stage1b_single_agent_tiny,2,1,32130,700,1,75,75,1,0,30.251272201538086,4.0,4.0,0.0,0.5,0.0,0,0,0,53,26,-1,-1,0.0
stage1b_single_agent_tiny,2,1,32250,701,1,75,75,1,0,-3.9234933853149414,0.0,0.0,0.0,0.5625,0.0,0,0,4,120,-1,-1,-1,0.0
stage1b_single_agent_tiny,2,1,32271,702,1,75,75,1,0,30.987600326538086,4.0,4.0,0.0,0.1875,0.0,0,0,0,21,2,-1,-1,0.0
stage1b_single_agent_tiny,2,1,32332,703,1,75,75,1,0,28.985076904296875,4.0,4.0,0.0,0.5,0.0,0,0,0,61,34,-1,-1,0.0
stage1b_single_agent_tiny,2,1,32430,704,1,75,75,1,0,28.874238967895508,4.0,4.0,0.0,0.5,0.0,0,0,0,98,22,-1,-1,0.0
stage1b_single_agent_tiny,2,1,32471,705,1,75,75,1,0,30.787160873413086,4.0,4.0,0.0,0.5,0.0,0,0,0,41,13,-1,-1,0.0
stage1b_single_agent_tiny,2,1,32591,706,1,75,75,1,0,12.5663480758667,2.0,2.0,0.0,0.5,0.0,0,0,2,120,8,-1,-1,0.0
stage1b_single_agent_tiny,2,1,32607,707,1,75,75,1,0,30.723424911499023,4.0,4.0,0.0,0.125,0.0,0,0,0,16,10,-1,-1,0.0
stage1b_single_agent_tiny,2,1,32676,708,1,75,75,1,0,29.18608856201172,4.0,4.0,0.0,0.5,0.0,0,0,0,69,42,-1,-1,0.0
stage1b_single_agent_tiny,2,1,32724,709,1,75,75,1,0,30.01679039001465,4.0,4.0,0.0,0.5,0.0,0,0,0,48,20,-1,-1,0.0
stage1b_single_agent_tiny,2,1,32774,710,1,75,75,1,0,30.258834838867188,4.0,4.0,0.0,0.5,0.0,0,0,0,50,24,-1,-1,0.0
stage1b_single_agent_tiny,2,1,32847,711,1,75,75,1,0,69.2100601196289,4.0,4.0,1.0,0.5,0.0,0,0,0,73,47,70,23,0.0136986301369863
stage1b_single_agent_tiny,2,1,32934,712,1,75,75,1,0,28.65574836730957,4.0,4.0,0.0,0.5,0.0,0,0,0,87,38,-1,-1,0.0
stage1b_single_agent_tiny,2,1,32973,713,1,75,75,1,0,70.80313110351562,4.0,4.0,1.0,0.5,0.0,0,0,0,39,11,14,3,0.02564102564102564
stage1b_single_agent_tiny,2,1,33005,714,1,75,75,1,0,71.06665802001953,4.0,4.0,1.0,0.5,0.0,0,0,0,32,4,32,28,0.03125
stage1b_single_agent_tiny,2,1,33013,715,1,75,75,1,0,31.49244499206543,4.0,4.0,0.0,0.125,0.0,0,0,0,8,2,-1,-1,0.0
stage1b_single_agent_tiny,2,1,33059,716,1,75,75,1,0,30.539297103881836,4.0,4.0,0.0,0.5625,0.0,0,0,0,46,19,-1,-1,0.0
stage1b_single_agent_tiny,2,1,33108,717,1,75,75,1,0,30.000757217407227,4.0,4.0,0.0,0.5,0.0,0,0,0,49,21,-1,-1,0.0
stage1b_single_agent_tiny,2,1,33228,718,1,75,75,1,0,-3.943565845489502,0.0,0.0,0.0,0.5,0.0,0,0,4,120,-1,-1,-1,0.0
stage1b_single_agent_tiny,2,1,33268,719,1,75,75,1,0,111.04389190673828,4.0,4.0,2.0,0.5,0.0,0,0,0,40,13,13,0,0.05
stage1b_single_agent_tiny,2,1,33328,720,1,75,75,1,0,28.982526779174805,4.0,4.0,0.0,0.5,0.0,0,0,0,60,32,-1,-1,0.0
stage1b_single_agent_tiny,2,1,33448,721,1,75,75,1,0,12.562554359436035,2.0,2.0,0.0,0.5,0.0,0,0,2,120,11,-1,-1,0.0
stage1b_single_agent_tiny,2,1,33453,722,1,75,75,1,0,151.76058959960938,4.0,4.0,3.0,0.125,0.0,0,0,0,5,2,3,1,0.6
stage1b_single_agent_tiny,2,1,33495,723,1,75,75,1,0,110.80159759521484,4.0,4.0,2.0,0.5625,0.0,0,0,0,42,16,16,0,0.047619047619047616
stage1b_single_agent_tiny,2,1,33591,724,1,75,75,1,0,28.875368118286133,4.0,4.0,0.0,0.5,0.0,0,0,0,96,19,-1,-1,0.0
stage1b_single_agent_tiny,2,1,33642,725,1,75,75,1,0,30.0109806060791,4.0,4.0,0.0,0.5,0.0,0,0,0,51,24,-1,-1,0.0
stage1b_single_agent_tiny,2,1,33701,726,1,75,75,1,0,29.51691246032715,4.0,4.0,0.0,0.5625,0.0,0,0,0,59,32,-1,-1,0.0
stage1b_single_agent_tiny,2,1,33757,727,1,75,75,1,0,29.49356460571289,4.0,4.0,0.0,0.5,0.0,0,0,0,56,29,-1,-1,0.0
stage1b_single_agent_tiny,2,1,33767,728,1,75,75,1,0,31.24689483642578,4.0,4.0,0.0,0.125,0.0,0,0,0,10,3,-1,-1,0.0
stage1b_single_agent_tiny,2,1,33796,729,1,75,75,1,0,31.063135147094727,4.0,4.0,0.0,0.5,0.0,0,0,0,29,3,-1,-1,0.0
stage1b_single_agent_tiny,2,1,33822,730,1,75,75,1,0,31.09195899963379,4.0,4.0,0.0,0.5625,0.0,0,0,0,26,21,-1,-1,0.0
stage1b_single_agent_tiny,2,1,33857,731,1,75,75,1,0,30.027070999145508,4.0,4.0,0.0,0.4375,0.0,0,0,0,35,29,-1,-1,0.0
stage1b_single_agent_tiny,2,1,33863,732,1,75,75,1,0,71.75578308105469,4.0,4.0,1.0,0.125,0.0,0,0,0,6,2,6,4,0.16666666666666666
stage1b_single_agent_tiny,2,1,33913,733,1,75,75,1,0,30.264192581176758,4.0,4.0,0.0,0.5,0.0,0,0,0,50,24,-1,-1,0.0
stage1b_single_agent_tiny,2,1,33982,734,1,75,75,1,0,29.979833602905273,4.0,4.0,0.0,0.5,0.0,0,0,0,69,16,-1,-1,0.0
stage1b_single_agent_tiny,2,1,34102,735,1,75,75,1,0,12.563796043395996,2.0,2.0,0.0,0.5,0.0,0,0,2,120,18,-1,-1,0.0
stage1b_single_agent_tiny,2,1,34134,736,1,75,75,1,0,71.06934356689453,4.0,4.0,1.0,0.5,0.0,0,0,0,32,5,8,3,0.03125
stage1b_single_agent_tiny,2,1,34193,737,1,75,75,1,0,30.011621475219727,4.0,4.0,0.0,0.5,0.0,0,0,0,59,31,-1,-1,0.0
stage1b_single_agent_tiny,2,1,34211,738,1,75,75,1,0,31.303071975708008,4.0,4.0,0.0,0.375,0.0,0,0,0,18,12,-1,-1,0.0
stage1b_single_agent_tiny,2,1,34282,739,1,75,75,1,0,29.221410751342773,4.0,4.0,0.0,0.5,0.0,0,0,0,71,43,-1,-1,0.0
stage1b_single_agent_tiny,2,1,34317,740,1,75,75,1,0,30.791976928710938,4.0,4.0,0.0,0.5,0.0,0,0,0,35,6,-1,-1,0.0
stage1b_single_agent_tiny,2,1,34340,741,1,75,75,1,0,31.046688079833984,4.0,4.0,0.0,0.375,0.0,0,0,0,23,18,-1,-1,0.0
stage1b_single_agent_tiny,2,1,34460,742,1,75,75,1,0,5.053719520568848,1.0,1.0,0.0,0.5,0.0,0,0,3,120,106,-1,-1,0.0
stage1b_single_agent_tiny,2,1,34547,743,1,75,75,1,0,29.6745662689209,4.0,4.0,0.0,0.5,0.0,0,0,0,87,36,-1,-1,0.0
stage1b_single_agent_tiny,2,1,34585,744,1,75,75,1,0,30.525344848632812,4.0,4.0,0.0,0.5,0.0,0,0,0,38,13,-1,-1,0.0
stage1b_single_agent_tiny,2,1,34642,745,1,75,75,1,0,30.275318145751953,4.0,4.0,0.0,0.5625,0.0,0,0,0,57,30,-1,-1,0.0
stage1b_single_agent_tiny,2,1,34697,746,1,75,75,1,0,30.01061248779297,4.0,4.0,0.0,0.5,0.0,0,0,0,55,28,-1,-1,0.0
stage1b_single_agent_tiny,2,1,34760,747,1,75,75,1,0,29.22570037841797,4.0,4.0,0.0,0.5,0.0,0,0,0,63,15,-1,-1,0.0
stage1b_single_agent_tiny,2,1,34880,748,1,75,75,1,0,20.070266723632812,3.0,3.0,0.0,0.5,0.0,0,0,1,120,9,-1,-1,0.0
stage1b_single_agent_tiny,2,1,34929,749,1,75,75,1,0,30.24669647216797,4.0,4.0,0.0,0.5,0.0,0,0,0,49,21,-1,-1,0.0
stage1b_single_agent_tiny,2,1,34974,750,1,75,75,1,0,30.025165557861328,4.0,4.0,0.0,0.4375,0.0,0,0,0,45,19,-1,-1,0.0
stage1b_single_agent_tiny,2,1,35058,751,1,75,75,1,0,28.47386932373047,4.0,4.0,0.0,0.5625,0.0,0,0,0,84,30,-1,-1,0.0
stage1b_single_agent_tiny,2,1,35124,752,1,75,75,1,0,29.22408103942871,4.0,4.0,0.0,0.5,0.0,0,0,0,66,13,-1,-1,0.0
stage1b_single_agent_tiny,2,1,35168,753,1,75,75,1,0,150.03619384765625,4.0,4.0,3.0,0.5,0.0,0,0,0,44,18,18,0,0.06818181818181818
stage1b_single_agent_tiny,2,1,35194,754,1,75,75,1,0,31.311826705932617,4.0,4.0,0.0,0.4375,0.0,0,0,0,26,2,-1,-1,0.0
stage1b_single_agent_tiny,2,1,35266,755,1,75,75,1,0,148.9597625732422,4.0,4.0,3.0,0.5,0.0,0,0,0,72,24,24,0,0.041666666666666664
stage1b_single_agent_tiny,2,1,35283,756,1,75,75,1,0,30.99384117126465,4.0,4.0,0.0,0.1875,0.0,0,0,0,17,12,-1,-1,0.0
stage1b_single_agent_tiny,2,1,35326,757,1,75,75,1,0,110.28812408447266,4.0,4.0,2.0,0.5,0.0,0,0,0,43,17,17,0,0.046511627906976744
stage1b_single_agent_tiny,2,1,35379,758,1,75,75,1,0,29.001359939575195,4.0,4.0,0.0,0.5,0.0,0,0,0,53,25,-1,-1,0.0
stage1b_single_agent_tiny,2,1,35437,759,1,75,75,1,0,69.48297882080078,4.0,4.0,1.0,0.5,0.0,0,0,0,58,30,30,0,0.017241379310344827
stage1b_single_agent_tiny,2,1,35478,760,1,75,75,1,0,30.292146682739258,4.0,4.0,0.0,0.5,0.0,0,0,0,41,14,-1,-1,0.0
stage1b_single_agent_tiny,2,1,35550,761,1,75,75,1,0,29.239635467529297,4.0,4.0,0.0,0.5625,0.0,0,0,0,72,44,-1,-1,0.0
stage1b_single_agent_tiny,2,1,35595,762,1,75,75,1,0,30.265148162841797,4.0,4.0,0.0,0.5,0.0,0,0,0,45,40,-1,-1,0.0
stage1b_single_agent_tiny,2,1,35642,763,1,75,75,1,0,30.0364933013916,4.0,4.0,0.0,0.5,0.0,0,0,0,47,20,-1,-1,0.0
stage1b_single_agent_tiny,2,1,35682,764,1,75,75,1,0,30.797195434570312,4.0,4.0,0.0,0.5,0.0,0,0,0,40,14,-1,-1,0.0
stage1b_single_agent_tiny,2,1,35699,765,1,75,75,1,0,31.507368087768555,4.0,4.0,0.0,0.25,0.0,0,0,0,17,12,-1,-1,0.0
stage1b_single_agent_tiny,2,1,35745,766,1,75,75,1,0,70.26173400878906,4.0,4.0,1.0,0.5,0.0,0,0,0,46,23,46,23,0.021739130434782608
stage1b_single_agent_tiny,2,1,35804,767,1,75,75,1,0,30.00514030456543,4.0,4.0,0.0,0.5,0.0,0,0,0,59,7,-1,-1,0.0
stage1b_single_agent_tiny,2,1,35851,768,1,75,75,1,0,30.00989532470703,4.0,4.0,0.0,0.5,0.0,0,0,0,47,20,-1,-1,0.0
stage1b_single_agent_tiny,2,1,35862,769,1,75,75,1,0,31.238542556762695,4.0,4.0,0.0,0.125,0.0,0,0,0,11,5,-1,-1,0.0
stage1b_single_agent_tiny,2,1,35933,770,1,75,75,1,0,69.20364379882812,4.0,4.0,1.0,0.5,0.0,0,0,0,71,18,68,50,0.014084507042253521
stage1b_single_agent_tiny,2,1,36009,771,1,75,75,1,0,29.444910049438477,4.0,4.0,0.0,0.5,0.0,0,0,0,76,23,-1,-1,0.0
stage1b_single_agent_tiny,2,1,36038,772,1,75,75,1,0,31.069799423217773,4.0,4.0,0.0,0.5,0.0,0,0,0,29,3,-1,-1,0.0
stage1b_single_agent_tiny,2,1,36093,773,1,75,75,1,0,29.245161056518555,4.0,4.0,0.0,0.5,0.0,0,0,0,55,27,-1,-1,0.0
stage1b_single_agent_tiny,2,1,36115,774,1,75,75,1,0,31.28302574157715,4.0,4.0,0.0,0.3125,0.0,0,0,0,22,2,-1,-1,0.0
stage1b_single_agent_tiny,2,1,36235,775,1,75,75,1,0,4.554640293121338,1.0,1.0,0.0,0.5,0.0,0,0,3,120,82,-1,-1,0.0
stage1b_single_agent_tiny,2,1,36355,776,1,75,75,1,0,-4.442001819610596,0.0,0.0,0.0,0.5,0.0,0,0,4,120,-1,-1,-1,0.0
stage1b_single_agent_tiny,2,1,36414,777,1,75,75,1,0,109.77587127685547,4.0,4.0,2.0,0.5625,0.0,0,0,0,59,33,34,1,0.03389830508474576
stage1b_single_agent_tiny,2,1,36463,778,1,75,75,1,0,29.73575782775879,4.0,4.0,0.0,0.4375,0.0,0,0,0,49,44,-1,-1,0.0
stage1b_single_agent_tiny,2,1,36523,779,1,75,75,1,0,29.478479385375977,4.0,4.0,0.0,0.5,0.0,0,0,0,60,32,-1,-1,0.0
stage1b_single_agent_tiny,2,1,36555,780,1,75,75,1,0,31.06666374206543,4.0,4.0,0.0,0.5,0.0,0,0,0,32,6,-1,-1,0.0
stage1b_single_agent_tiny,2,1,36568,781,1,75,75,1,0,31.508222579956055,4.0,4.0,0.0,0.1875,0.0,0,0,0,13,8,-1,-1,0.0
stage1b_single_agent_tiny,2,1,36618,782,1,75,75,1,0,30.78156280517578,4.0,4.0,0.0,0.5625,0.0,0,0,0,50,23,-1,-1,0.0
stage1b_single_agent_tiny,2,1,36674,783,1,75,75,1,0,29.997779846191406,4.0,4.0,0.0,0.5,0.0,0,0,0,56,28,-1,-1,0.0
stage1b_single_agent_tiny,2,1,36690,784,1,75,75,1,0,71.55661010742188,4.0,4.0,1.0,0.375,0.0,0,0,0,16,11,11,0,0.0625
stage1b_single_agent_tiny,2,1,36720,785,1,75,75,1,0,30.004072189331055,4.0,4.0,0.0,0.3125,0.0,0,0,0,30,24,-1,-1,0.0
stage1b_single_agent_tiny,2,1,36743,786,1,75,75,1,0,31.2973690032959,4.0,4.0,0.0,0.4375,0.0,0,0,0,23,17,-1,-1,0.0
stage1b_single_agent_tiny,2,1,36781,787,1,75,75,1,0,30.810026168823242,4.0,4.0,0.0,0.5,0.0,0,0,0,38,10,-1,-1,0.0
stage1b_single_agent_tiny,2,1,36791,788,1,75,75,1,0,31.486251831054688,4.0,4.0,0.0,0.125,0.0,0,0,0,10,4,-1,-1,0.0
stage1b_single_agent_tiny,2,1,36800,789,1,75,75,1,0,31.241840362548828,4.0,4.0,0.0,0.125,0.0,0,0,0,9,2,-1,-1,0.0
stage1b_single_agent_tiny,2,1,36851,790,1,75,75,1,0,29.51152801513672,4.0,4.0,0.0,0.5,0.0,0,0,0,51,23,-1,-1,0.0
stage1b_single_agent_tiny,2,1,36880,791,1,75,75,1,0,30.81636619567871,4.0,4.0,0.0,0.5,0.0,0,0,0,29,24,-1,-1,0.0
stage1b_single_agent_tiny,2,1,36929,792,1,75,75,1,0,30.258426666259766,4.0,4.0,0.0,0.5,0.0,0,0,0,49,23,-1,-1,0.0
stage1b_single_agent_tiny,2,1,36972,793,1,75,75,1,0,110.5147476196289,4.0,4.0,2.0,0.4375,0.0,0,0,0,43,16,16,0,0.046511627906976744
stage1b_single_agent_tiny,2,1,37030,794,1,75,75,1,0,30.030227661132812,4.0,4.0,0.0,0.5625,0.0,0,0,0,58,30,-1,-1,0.0
stage1b_single_agent_tiny,2,1,37103,795,1,75,75,1,0,29.48883056640625,4.0,4.0,0.0,0.5625,0.0,0,0,0,73,45,-1,-1,0.0
stage1b_single_agent_tiny,2,1,37167,796,1,75,75,1,0,29.9982852935791,4.0,4.0,0.0,0.5,0.0,0,0,0,64,36,-1,-1,0.0
stage1b_single_agent_tiny,2,1,37211,797,1,75,75,1,0,31.026721954345703,4.0,4.0,0.0,0.5625,0.0,0,0,0,44,19,-1,-1,0.0
stage1b_single_agent_tiny,2,1,37248,798,1,75,75,1,0,30.29685401916504,4.0,4.0,0.0,0.5,0.0,0,0,0,37,9,-1,-1,0.0
stage1b_single_agent_tiny,2,1,37368,799,1,75,75,1,0,-3.1950387954711914,0.0,0.0,0.0,0.5,0.0,0,0,4,120,-1,-1,-1,0.0
stage1b_single_agent_tiny,2,1,37400,800,1,75,75,1,0,30.56215476989746,4.0,4.0,0.0,0.5,0.0,0,0,0,32,26,-1,-1,0.0
stage1b_single_agent_tiny,2,1,37504,801,1,75,75,1,0,28.60026741027832,4.0,4.0,0.0,0.5,0.0,0,0,0,104,29,-1,-1,0.0
stage1b_single_agent_tiny,2,1,37591,802,1,75,75,1,0,28.945981979370117,4.0,4.0,0.0,0.5,0.0,0,0,0,87,59,-1,-1,0.0
stage1b_single_agent_tiny,2,1,37601,803,1,75,75,1,0,31.508644104003906,4.0,4.0,0.0,0.1875,0.0,0,0,0,10,4,-1,-1,0.0
stage1b_single_agent_tiny,2,1,37644,804,1,75,75,1,0,30.78116798400879,4.0,4.0,0.0,0.5,0.0,0,0,0,43,16,-1,-1,0.0
stage1b_single_agent_tiny,2,1,37677,805,1,75,75,1,0,30.270137786865234,4.0,4.0,0.0,0.375,0.0,0,0,0,33,27,-1,-1,0.0
stage1b_single_agent_tiny,2,1,37689,806,1,75,75,1,0,31.537784576416016,4.0,4.0,0.0,0.25,0.0,0,0,0,12,6,-1,-1,0.0
stage1b_single_agent_tiny,2,1,37751,807,1,75,75,1,0,68.976318359375,4.0,4.0,1.0,0.5,0.0,0,0,0,62,35,35,0,0.016129032258064516
stage1b_single_agent_tiny,2,1,37871,808,1,75,75,1,0,-3.711533784866333,0.0,0.0,0.0,0.5,0.0,0,0,4,120,-1,-1,-1,0.0
stage1b_single_agent_tiny,2,1,37912,809,1,75,75,1,0,30.541202545166016,4.0,4.0,0.0,0.5,0.0,0,0,0,41,14,-1,-1,0.0
stage1b_single_agent_tiny,2,1,37967,810,1,75,75,1,0,30.011539459228516,4.0,4.0,0.0,0.5,0.0,0,0,0,55,28,-1,-1,0.0
stage1b_single_agent_tiny,2,1,38016,811,1,75,75,1,0,30.044153213500977,4.0,4.0,0.0,0.5625,0.0,0,0,0,49,21,-1,-1,0.0
stage1b_single_agent_tiny,2,1,38075,812,1,75,75,1,0,29.47887420654297,4.0,4.0,0.0,0.5,0.0,0,0,0,59,32,-1,-1,0.0
stage1b_single_agent_tiny,2,1,38085,813,1,75,75,1,0,31.51019859313965,4.0,4.0,0.0,0.1875,0.0,0,0,0,10,4,-1,-1,0.0
stage1b_single_agent_tiny,2,1,38132,814,1,75,75,1,0,29.99658203125,4.0,4.0,0.0,0.5,0.0,0,0,0,47,20,-1,-1,0.0
stage1b_single_agent_tiny,2,1,38157,815,1,75,75,1,0,31.303552627563477,4.0,4.0,0.0,0.4375,0.0,0,0,0,25,2,-1,-1,0.0
stage1b_single_agent_tiny,2,1,38277,816,1,75,75,1,0,93.07568359375,2.0,2.0,2.0,0.5625,0.0,0,0,2,120,4,4,0,0.016666666666666666
stage1b_single_agent_tiny,2,1,38319,817,1,75,75,1,0,110.55200958251953,4.0,4.0,2.0,0.5625,0.0,0,0,0,42,13,13,0,0.047619047619047616
stage1b_single_agent_tiny,2,1,38439,818,1,75,75,1,0,59.553199768066406,3.0,3.0,1.0,0.5,0.0,0,0,1,120,37,83,46,0.008333333333333333
stage1b_single_agent_tiny,2,1,38495,819,1,75,75,1,0,69.23249816894531,4.0,4.0,1.0,0.5,0.0,0,0,0,56,29,29,0,0.017857142857142856
stage1b_single_agent_tiny,2,1,38541,820,1,75,75,1,0,30.550865173339844,4.0,4.0,0.0,0.5625,0.0,0,0,0,46,18,-1,-1,0.0
stage1b_single_agent_tiny,2,1,38594,821,1,75,75,1,0,30.526548385620117,4.0,4.0,0.0,0.5625,0.0,0,0,0,53,27,-1,-1,0.0
stage1b_single_agent_tiny,2,1,38636,822,1,75,75,1,0,110.80088806152344,4.0,4.0,2.0,0.5625,0.0,0,0,0,42,16,16,0,0.047619047619047616
stage1b_single_agent_tiny,2,1,38717,823,1,75,75,1,0,28.916839599609375,4.0,4.0,0.0,0.5,0.0,0,0,0,81,29,-1,-1,0.0
stage1b_single_agent_tiny,2,1,38758,824,1,75,75,1,0,30.54144859313965,4.0,4.0,0.0,0.5,0.0,0,0,0,41,13,-1,-1,0.0
stage1b_single_agent_tiny,2,1,38806,825,1,75,75,1,0,30.044666290283203,4.0,4.0,0.0,0.5625,0.0,0,0,0,48,20,-1,-1,0.0
stage1b_single_agent_tiny,2,1,38847,826,1,75,75,1,0,30.271732330322266,4.0,4.0,0.0,0.5,0.0,0,0,0,41,14,-1,-1,0.0
stage1b_single_agent_tiny,2,1,38905,827,1,75,75,1,0,29.97646141052246,4.0,4.0,0.0,0.5,0.0,0,0,0,58,33,-1,-1,0.0
stage1b_single_agent_tiny,2,1,38962,828,1,75,75,1,0,29.750436782836914,4.0,4.0,0.0,0.5,0.0,0,0,0,57,31,-1,-1,0.0
stage1b_single_agent_tiny,2,1,38998,829,1,75,75,1,0,30.537765502929688,4.0,4.0,0.0,0.5,0.0,0,0,0,36,3,-1,-1,0.0
stage1b_single_agent_tiny,2,1,39036,830,1,75,75,1,0,30.55063247680664,4.0,4.0,0.0,0.5,0.0,0,0,0,38,12,-1,-1,0.0
stage1b_single_agent_tiny,2,1,39051,831,1,75,75,1,0,31.227951049804688,4.0,4.0,0.0,0.125,0.0,0,0,0,15,3,-1,-1,0.0
stage1b_single_agent_tiny,2,1,39067,832,1,75,75,1,0,71.29640197753906,4.0,4.0,1.0,0.3125,0.0,0,0,0,16,12,16,4,0.0625
stage1b_single_agent_tiny,2,1,39187,833,1,75,75,1,0,-3.1759586334228516,0.0,0.0,0.0,0.5625,0.0,0,0,4,120,-1,-1,-1,0.0
stage1b_single_agent_tiny,2,1,39240,834,1,75,75,1,0,29.507829666137695,4.0,4.0,0.0,0.5,0.0,0,0,0,53,26,-1,-1,0.0
stage1b_single_agent_tiny,2,1,39317,835,1,75,75,1,0,108.4568862915039,4.0,4.0,2.0,0.5,0.0,0,0,0,77,25,27,2,0.025974025974025976
stage1b_single_agent_tiny,2,1,39356,836,1,75,75,1,0,30.286104202270508,4.0,4.0,0.0,0.5,0.0,0,0,0,39,10,-1,-1,0.0
stage1b_single_agent_tiny,2,1,39386,837,1,75,75,1,0,30.251705169677734,4.0,4.0,0.0,0.3125,0.0,0,0,0,30,24,-1,-1,0.0
stage1b_single_agent_tiny,2,1,39437,838,1,75,75,1,0,30.04560661315918,4.0,4.0,0.0,0.5625,0.0,0,0,0,51,23,-1,-1,0.0
stage1b_single_agent_tiny,2,1,39505,839,1,75,75,1,0,29.470809936523438,4.0,4.0,0.0,0.5,0.0,0,0,0,68,16,-1,-1,0.0
stage1b_single_agent_tiny,2,1,39578,840,1,75,75,1,0,29.433746337890625,4.0,4.0,0.0,0.5,0.0,0,0,0,73,22,-1,-1,0.0
stage1b_single_agent_tiny,2,1,39698,841,1,75,75,1,0,19.573503494262695,3.0,3.0,0.0,0.5,0.0,0,0,1,120,49,-1,-1,0.0
stage1b_single_agent_tiny,2,1,39751,842,1,75,75,1,0,30.50855827331543,4.0,4.0,0.0,0.5,0.0,0,0,0,53,3,-1,-1,0.0
stage1b_single_agent_tiny,2,1,39871,843,1,75,75,1,0,-3.4561541080474854,0.0,0.0,0.0,0.5,0.0,0,0,4,120,-1,-1,-1,0.0
stage1b_single_agent_tiny,2,1,39940,844,1,75,75,1,0,29.223491668701172,4.0,4.0,0.0,0.5,0.0,0,0,0,69,40,-1,-1,0.0
stage1b_single_agent_tiny,2,1,39952,845,1,75,75,1,0,30.989154815673828,4.0,4.0,0.0,0.125,0.0,0,0,0,12,1,-1,-1,0.0
stage1b_single_agent_tiny,2,1,39963,846,1,75,75,1,0,31.51186180114746,4.0,4.0,0.0,0.1875,0.0,0,0,0,11,5,-1,-1,0.0
stage1b_single_agent_tiny,2,1,40083,847,1,75,75,1,0,61.074947357177734,3.0,3.0,1.0,0.5625,0.0,0,0,1,120,4,4,0,0.008333333333333333
stage1b_single_agent_tiny,2,1,40130,848,1,75,75,1,0,69.52263641357422,4.0,4.0,1.0,0.5,0.0,0,0,0,47,20,21,1,0.02127659574468085
stage1b_single_agent_tiny,2,1,40222,849,1,75,75,1,0,28.68097686767578,4.0,4.0,0.0,0.5625,0.0,0,0,0,92,39,-1,-1,0.0
stage1b_single_agent_tiny,2,1,40245,850,1,75,75,1,0,31.01997947692871,4.0,4.0,0.0,0.3125,0.0,0,0,0,23,18,-1,-1,0.0
stage1b_single_agent_tiny,2,1,40365,851,1,75,75,1,0,11.377918243408203,2.0,2.0,0.0,0.5625,0.0,0,0,2,120,21,-1,-1,0.0
stage1b_single_agent_tiny,2,1,40386,852,1,75,75,1,0,31.50930404663086,4.0,4.0,0.0,0.3125,0.0,0,0,0,21,15,-1,-1,0.0
stage1b_single_agent_tiny,2,1,40459,853,1,75,75,1,0,29.463415145874023,4.0,4.0,0.0,0.5,0.0,0,0,0,73,20,-1,-1,0.0
stage1b_single_agent_tiny,2,1,40474,854,1,75,75,1,0,31.223596572875977,4.0,4.0,0.0,0.125,0.0,0,0,0,15,3,-1,-1,0.0
stage1b_single_agent_tiny,2,1,40521,855,1,75,75,1,0,30.016176223754883,4.0,4.0,0.0,0.5,0.0,0,0,0,47,20,-1,-1,0.0
stage1b_single_agent_tiny,2,1,40565,856,1,75,75,1,0,110.78590393066406,4.0,4.0,2.0,0.5,0.0,0,0,0,44,21,21,0,0.045454545454545456
stage1b_single_agent_tiny,2,1,40615,857,1,75,75,1,0,30.008535385131836,4.0,4.0,0.0,0.5,0.0,0,0,0,50,22,-1,-1,0.0
stage1b_single_agent_tiny,2,1,40626,858,1,75,75,1,0,71.5134506225586,4.0,4.0,1.0,0.1875,0.0,0,0,0,11,5,5,0,0.09090909090909091
stage1b_single_agent_tiny,2,1,40746,859,1,75,75,1,0,-4.161383628845215,0.0,0.0,0.0,0.5625,0.0,0,0,4,120,-1,-1,-1,0.0
stage1b_single_agent_tiny,2,1,40776,860,1,75,75,1,0,30.79315757751465,4.0,4.0,0.0,0.4375,0.0,0,0,0,30,24,-1,-1,0.0
stage1b_single_agent_tiny,2,1,40811,861,1,75,75,1,0,30.29397201538086,4.0,4.0,0.0,0.5,0.0,0,0,0,35,2,-1,-1,0.0
stage1b_single_agent_tiny,2,1,40857,862,1,75,75,1,0,30.52134132385254,4.0,4.0,0.0,0.5,0.0,0,0,0,46,18,-1,-1,0.0
stage1b_single_agent_tiny,2,1,40871,863,1,75,75,1,0,71.53182983398438,4.0,4.0,1.0,0.25,0.0,0,0,0,14,10,14,4,0.07142857142857142
stage1b_single_agent_tiny,2,1,40922,864,1,75,75,1,0,30.289857864379883,4.0,4.0,0.0,0.5625,0.0,0,0,0,51,3,-1,-1,0.0
stage1b_single_agent_tiny,2,1,40967,865,1,75,75,1,0,70.0339584350586,4.0,4.0,1.0,0.5,0.0,0,0,0,45,17,42,25,0.022222222222222223
stage1b_single_agent_tiny,2,1,41015,866,1,75,75,1,0,30.500436782836914,4.0,4.0,0.0,0.5,0.0,0,0,0,48,21,-1,-1,0.0
stage1b_single_agent_tiny,2,1,41057,867,1,75,75,1,0,70.54851531982422,4.0,4.0,1.0,0.5,0.0,0,0,0,42,15,17,2,0.023809523809523808
stage1b_single_agent_tiny,2,1,41111,868,1,75,75,1,0,69.5078353881836,4.0,4.0,1.0,0.5,0.0,0,0,0,54,27,54,27,0.018518518518518517
stage1b_single_agent_tiny,2,1,41136,869,1,75,75,1,0,31.05417823791504,4.0,4.0,0.0,0.4375,0.0,0,0,0,25,20,-1,-1,0.0
stage1b_single_agent_tiny,2,1,41256,870,1,75,75,1,0,20.316490173339844,3.0,3.0,0.0,0.5,0.0,0,0,1,120,16,-1,-1,0.0
stage1b_single_agent_tiny,2,1,41301,871,1,75,75,1,0,30.286813735961914,4.0,4.0,0.0,0.5625,0.0,0,0,0,45,20,-1,-1,0.0
stage1b_single_agent_tiny,2,1,41341,872,1,75,75,1,0,30.545143127441406,4.0,4.0,0.0,0.5,0.0,0,0,0,40,16,-1,-1,0.0
stage1b_single_agent_tiny,2,1,41404,873,1,75,75,1,0,29.731843948364258,4.0,4.0,0.0,0.5,0.0,0,0,0,63,11,-1,-1,0.0
stage1b_single_agent_tiny,2,1,41453,874,1,75,75,1,0,30.275827407836914,4.0,4.0,0.0,0.5,0.0,0,0,0,49,22,-1,-1,0.0
stage1b_single_agent_tiny,2,1,41532,875,1,75,75,1,0,27.691911697387695,4.0,4.0,0.0,0.5,0.0,0,0,0,79,26,-1,-1,0.0
stage1b_single_agent_tiny,2,1,41577,876,1,75,75,1,0,70.0406723022461,4.0,4.0,1.0,0.5,0.0,0,0,0,45,17,19,2,0.022222222222222223
stage1b_single_agent_tiny,2,1,41625,877,1,75,75,1,0,109.76233673095703,4.0,4.0,2.0,0.5,0.0,0,0,0,48,21,21,0,0.041666666666666664
stage1b_single_agent_tiny,2,1,41695,878,1,75,75,1,0,29.725276947021484,4.0,4.0,0.0,0.5625,0.0,0,0,0,70,43,-1,-1,0.0
stage1b_single_agent_tiny,2,1,41747,879,1,75,75,1,0,29.495805740356445,4.0,4.0,0.0,0.4375,0.0,0,0,0,52,23,-1,-1,0.0
stage1b_single_agent_tiny,2,1,41867,880,1,75,75,1,0,-2.9395697116851807,0.0,0.0,0.0,0.5,0.0,0,0,4,120,-1,-1,-1,0.0
stage1b_single_agent_tiny,2,1,41926,881,1,75,75,1,0,29.24630355834961,4.0,4.0,0.0,0.5,0.0,0,0,0,59,31,-1,-1,0.0
stage1b_single_agent_tiny,2,1,41957,882,1,75,75,1,0,30.835596084594727,4.0,4.0,0.0,0.5625,0.0,0,0,0,31,26,-1,-1,0.0
stage1b_single_agent_tiny,2,1,41994,883,1,75,75,1,0,30.53923225402832,4.0,4.0,0.0,0.5,0.0,0,0,0,37,11,-1,-1,0.0
stage1b_single_agent_tiny,2,1,42034,884,1,75,75,1,0,30.018840789794922,4.0,4.0,0.0,0.5,0.0,0,0,0,40,14,-1,-1,0.0
stage1b_single_agent_tiny,2,1,42079,885,1,75,75,1,0,30.005390167236328,4.0,4.0,0.0,0.5,0.0,0,0,0,45,17,-1,-1,0.0
stage1b_single_agent_tiny,2,1,42129,886,1,75,75,1,0,110.26386260986328,4.0,4.0,2.0,0.5,0.0,0,0,0,50,24,24,0,0.04
stage1b_single_agent_tiny,2,1,42163,887,1,75,75,1,0,110.04082489013672,4.0,4.0,2.0,0.4375,0.0,0,0,0,34,30,33,3,0.058823529411764705
stage1b_single_agent_tiny,2,1,42209,888,1,75,75,1,0,30.268247604370117,4.0,4.0,0.0,0.5,0.0,0,0,0,46,20,-1,-1,0.0
stage1b_single_agent_tiny,2,1,42254,889,1,75,75,1,0,30.557119369506836,4.0,4.0,0.0,0.5625,0.0,0,0,0,45,18,-1,-1,0.0
stage1b_single_agent_tiny,2,1,42301,890,1,75,75,1,0,30.77191734313965,4.0,4.0,0.0,0.5,0.0,0,0,0,47,21,-1,-1,0.0
stage1b_single_agent_tiny,2,1,42339,891,1,75,75,1,0,30.533613204956055,4.0,4.0,0.0,0.5,0.0,0,0,0,38,5,-1,-1,0.0
stage1b_single_agent_tiny,2,1,42395,892,1,75,75,1,0,29.763425827026367,4.0,4.0,0.0,0.5,0.0,0,0,0,56,30,-1,-1,0.0
stage1b_single_agent_tiny,2,1,42435,893,1,75,75,1,0,30.781095504760742,4.0,4.0,0.0,0.5,0.0,0,0,0,40,17,-1,-1,0.0
stage1b_single_agent_tiny,2,1,42472,894,1,75,75,1,0,30.54758644104004,4.0,4.0,0.0,0.5,0.0,0,0,0,37,11,-1,-1,0.0
stage1b_single_agent_tiny,2,1,42557,895,1,75,75,1,0,28.40584373474121,4.0,4.0,0.0,0.5,0.0,0,0,0,85,33,-1,-1,0.0
stage1b_single_agent_tiny,2,1,42607,896,1,75,75,1,0,30.026872634887695,4.0,4.0,0.0,0.5,0.0,0,0,0,50,23,-1,-1,0.0
stage1b_single_agent_tiny,2,1,42669,897,1,75,75,1,0,29.504539489746094,4.0,4.0,0.0,0.5625,0.0,0,0,0,62,34,-1,-1,0.0
stage1b_single_agent_tiny,2,1,42717,898,1,75,75,1,0,29.772716522216797,4.0,4.0,0.0,0.5,0.0,0,0,0,48,21,-1,-1,0.0
stage1b_single_agent_tiny,2,1,42837,899,1,75,75,1,0,12.046991348266602,2.0,2.0,0.0,0.5,0.0,0,0,2,120,27,-1,-1,0.0
stage1b_single_agent_tiny,2,1,42911,900,1,75,75,1,0,29.429851531982422,4.0,4.0,0.0,0.5,0.0,0,0,0,74,24,-1,-1,0.0
stage1b_single_agent_tiny,2,1,43031,901,1,75,75,1,0,3.30598521232605,1.0,1.0,0.0,0.5,0.0,0,0,3,120,32,-1,-1,0.0
stage1b_single_agent_tiny,2,1,43151,902,1,75,75,1,0,-3.672572374343872,0.0,0.0,0.0,0.5625,0.0,0,0,4,120,-1,-1,-1,0.0
stage1b_single_agent_tiny,2,1,43206,903,1,75,75,1,0,29.778074264526367,4.0,4.0,0.0,0.5625,0.0,0,0,0,55,25,-1,-1,0.0
stage1b_single_agent_tiny,2,1,43235,904,1,75,75,1,0,30.551889419555664,4.0,4.0,0.0,0.5,0.0,0,0,0,29,24,-1,-1,0.0
stage1b_single_agent_tiny,2,1,43287,905,1,75,75,1,0,30.528575897216797,4.0,4.0,0.0,0.5625,0.0,0,0,0,52,27,-1,-1,0.0
stage1b_single_agent_tiny,2,1,43344,906,1,75,75,1,0,29.495731353759766,4.0,4.0,0.0,0.5,0.0,0,0,0,57,33,-1,-1,0.0
stage1b_single_agent_tiny,2,1,43353,907,1,75,75,1,0,31.24462890625,4.0,4.0,0.0,0.125,0.0,0,0,0,9,2,-1,-1,0.0
stage1b_single_agent_tiny,2,1,43408,908,1,75,75,1,0,70.27941131591797,4.0,4.0,1.0,0.5625,0.0,0,0,0,55,4,4,0,0.01818181818181818
stage1b_single_agent_tiny,2,1,43438,909,1,75,75,1,0,31.0539493560791,4.0,4.0,0.0,0.5,0.0,0,0,0,30,25,-1,-1,0.0
stage1b_single_agent_tiny,2,1,43490,910,1,75,75,1,0,29.75031852722168,4.0,4.0,0.0,0.5,0.0,0,0,0,52,26,-1,-1,0.0
stage1b_single_agent_tiny,2,1,43525,911,1,75,75,1,0,30.79281234741211,4.0,4.0,0.0,0.4375,0.0,0,0,0,35,7,-1,-1,0.0
stage1b_single_agent_tiny,2,1,43564,912,1,75,75,1,0,30.780912399291992,4.0,4.0,0.0,0.5,0.0,0,0,0,39,13,-1,-1,0.0
stage1b_single_agent_tiny,2,1,43573,913,1,75,75,1,0,31.76786231994629,4.0,4.0,0.0,0.1875,0.0,0,0,0,9,4,-1,-1,0.0
stage1b_single_agent_tiny,2,1,43612,914,1,75,75,1,0,30.27055549621582,4.0,4.0,0.0,0.4375,0.0,0,0,0,39,11,-1,-1,0.0
stage1b_single_agent_tiny,2,1,43654,915,1,75,75,1,0,30.0244140625,4.0,4.0,0.0,0.5,0.0,0,0,0,42,16,-1,-1,0.0
stage1b_single_agent_tiny,2,1,43698,916,1,75,75,1,0,30.27482795715332,4.0,4.0,0.0,0.5,0.0,0,0,0,44,16,-1,-1,0.0
stage1b_single_agent_tiny,2,1,43710,917,1,75,75,1,0,31.504552841186523,4.0,4.0,0.0,0.1875,0.0,0,0,0,12,7,-1,-1,0.0
stage1b_single_agent_tiny,2,1,43761,918,1,75,75,1,0,30.28778648376465,4.0,4.0,0.0,0.5625,0.0,0,0,0,51,2,-1,-1,0.0
stage1b_single_agent_tiny,2,1,43819,919,1,75,75,1,0,110.03003692626953,4.0,4.0,2.0,0.5625,0.0,0,0,0,58,33,34,1,0.034482758620689655
stage1b_single_agent_tiny,2,1,43876,920,1,75,75,1,0,30.51766014099121,4.0,4.0,0.0,0.5625,0.0,0,0,0,57,29,-1,-1,0.0
stage1b_single_agent_tiny,2,1,43885,921,1,75,75,1,0,31.492387771606445,4.0,4.0,0.0,0.125,0.0,0,0,0,9,3,-1,-1,0.0
stage1b_single_agent_tiny,2,1,43915,922,1,75,75,1,0,30.79979133605957,4.0,4.0,0.0,0.4375,0.0,0,0,0,30,4,-1,-1,0.0
stage1b_single_agent_tiny,2,1,44035,923,1,75,75,1,0,3.8136110305786133,1.0,1.0,0.0,0.5,0.0,0,0,3,120,74,-1,-1,0.0
stage1b_single_agent_tiny,2,1,44089,924,1,75,75,1,0,29.499202728271484,4.0,4.0,0.0,0.5,0.0,0,0,0,54,26,-1,-1,0.0
stage1b_single_agent_tiny,2,1,44146,925,1,75,75,1,0,30.030658721923828,4.0,4.0,0.0,0.5625,0.0,0,0,0,57,29,-1,-1,0.0
stage1b_single_agent_tiny,2,1,44209,926,1,75,75,1,0,29.99342918395996,4.0,4.0,0.0,0.5,0.0,0,0,0,63,13,-1,-1,0.0
stage1b_single_agent_tiny,2,1,44221,927,1,75,75,1,0,30.987810134887695,4.0,4.0,0.0,0.125,0.0,0,0,0,12,5,-1,-1,0.0
stage1b_single_agent_tiny,2,1,44279,928,1,75,75,1,0,30.01380729675293,4.0,4.0,0.0,0.5625,0.0,0,0,0,58,32,-1,-1,0.0
stage1b_single_agent_tiny,2,1,44399,929,1,75,75,1,0,-3.200671434402466,0.0,0.0,0.0,0.5,0.0,0,0,4,120,-1,-1,-1,0.0
stage1b_single_agent_tiny,2,1,44457,930,1,75,75,1,0,29.237903594970703,4.0,4.0,0.0,0.5,0.0,0,0,0,58,30,-1,-1,0.0
stage1b_single_agent_tiny,2,1,44528,931,1,75,75,1,0,29.728092193603516,4.0,4.0,0.0,0.5625,0.0,0,0,0,71,17,-1,-1,0.0
stage1b_single_agent_tiny,2,1,44536,932,1,75,75,1,0,31.494810104370117,4.0,4.0,0.0,0.125,0.0,0,0,0,8,2,-1,-1,0.0
stage1b_single_agent_tiny,2,1,44607,933,1,75,75,1,0,28.977981567382812,4.0,4.0,0.0,0.5,0.0,0,0,0,71,43,-1,-1,0.0
stage1b_single_agent_tiny,2,1,44681,934,1,75,75,1,0,69.69757843017578,4.0,4.0,1.0,0.5,0.0,0,0,0,74,22,22,0,0.013513513513513514
stage1b_single_agent_tiny,2,1,44729,935,1,75,75,1,0,70.01415252685547,4.0,4.0,1.0,0.5,0.0,0,0,0,48,20,20,0,0.020833333333333332
stage1b_single_agent_tiny,2,1,44774,936,1,75,75,1,0,70.5230712890625,4.0,4.0,1.0,0.5,0.0,0,0,0,45,19,45,26,0.022222222222222223
stage1b_single_agent_tiny,2,1,44817,937,1,75,75,1,0,70.29064178466797,4.0,4.0,1.0,0.5,0.0,0,0,0,43,15,15,0,0.023255813953488372
stage1b_single_agent_tiny,2,1,44830,938,1,75,75,1,0,31.23358154296875,4.0,4.0,0.0,0.125,0.0,0,0,0,13,6,-1,-1,0.0
stage1b_single_agent_tiny,2,1,44875,939,1,75,75,1,0,70.27605438232422,4.0,4.0,1.0,0.5,0.0,0,0,0,45,17,45,28,0.022222222222222223
stage1b_single_agent_tiny,2,1,44930,940,1,75,75,1,0,29.492069244384766,4.0,4.0,0.0,0.5,0.0,0,0,0,55,28,-1,-1,0.0
stage1b_single_agent_tiny,2,1,44979,941,1,75,75,1,0,30.013395309448242,4.0,4.0,0.0,0.5,0.0,0,0,0,49,22,-1,-1,0.0
stage1b_single_agent_tiny,2,1,45075,942,1,75,75,1,0,29.388254165649414,4.0,4.0,0.0,0.5,0.0,0,0,0,96,18,-1,-1,0.0
stage1b_single_agent_tiny,2,1,45177,943,1,75,75,1,0,28.888032913208008,4.0,4.0,0.0,0.5625,0.0,0,0,0,102,26,-1,-1,0.0
stage1b_single_agent_tiny,2,1,45227,944,1,75,75,1,0,30.2662410736084,4.0,4.0,0.0,0.5,0.0,0,0,0,50,25,-1,-1,0.0
stage1b_single_agent_tiny,2,1,45270,945,1,75,75,1,0,30.78961944580078,4.0,4.0,0.0,0.5625,0.0,0,0,0,43,17,-1,-1,0.0
stage1b_single_agent_tiny,2,1,45347,946,1,75,75,1,0,28.734703063964844,4.0,4.0,0.0,0.5625,0.0,0,0,0,77,24,-1,-1,0.0
stage1b_single_agent_tiny,2,1,45391,947,1,75,75,1,0,30.28963279724121,4.0,4.0,0.0,0.5,0.0,0,0,0,44,15,-1,-1,0.0
stage1b_single_agent_tiny,2,1,45400,948,1,75,75,1,0,31.24771499633789,4.0,4.0,0.0,0.125,0.0,0,0,0,9,2,-1,-1,0.0
stage1b_single_agent_tiny,2,1,45417,949,1,75,75,1,0,111.56672668457031,4.0,4.0,2.0,0.375,0.0,0,0,0,17,13,16,3,0.11764705882352941
stage1b_single_agent_tiny,2,1,45500,950,1,75,75,1,0,29.660837173461914,4.0,4.0,0.0,0.5,0.0,0,0,0,83,33,-1,-1,0.0
stage1b_single_agent_tiny,2,1,45617,951,1,75,75,1,0,27.365880966186523,4.0,4.0,0.0,0.5,0.0,0,0,0,117,41,-1,-1,0.0
stage1b_single_agent_tiny,2,1,45682,952,1,75,75,1,0,29.72710609436035,4.0,4.0,0.0,0.5,0.0,0,0,0,65,15,-1,-1,0.0
stage1b_single_agent_tiny,2,1,45701,953,1,75,75,1,0,31.281579971313477,4.0,4.0,0.0,0.3125,0.0,0,0,0,19,13,-1,-1,0.0
stage1b_single_agent_tiny,2,1,45756,954,1,75,75,1,0,70.2803726196289,4.0,4.0,1.0,0.5625,0.0,0,0,0,55,27,30,3,0.01818181818181818
stage1b_single_agent_tiny,2,1,45791,955,1,75,75,1,0,31.037490844726562,4.0,4.0,0.0,0.4375,0.0,0,0,0,35,10,-1,-1,0.0
stage1b_single_agent_tiny,2,1,45853,956,1,75,75,1,0,29.47819709777832,4.0,4.0,0.0,0.5,0.0,0,0,0,62,13,-1,-1,0.0
stage1b_single_agent_tiny,2,1,45905,957,1,75,75,1,0,30.00678825378418,4.0,4.0,0.0,0.5,0.0,0,0,0,52,24,-1,-1,0.0
stage1b_single_agent_tiny,2,1,46025,958,1,75,75,1,0,-2.944476842880249,0.0,0.0,0.0,0.5,0.0,0,0,4,120,-1,-1,-1,0.0
stage1b_single_agent_tiny,2,1,46145,959,1,75,75,1,0,13.308881759643555,2.0,2.0,0.0,0.5,0.0,0,0,2,120,6,-1,-1,0.0
stage1b_single_agent_tiny,2,1,46181,960,1,75,75,1,0,30.78920555114746,4.0,4.0,0.0,0.5,0.0,0,0,0,36,11,-1,-1,0.0
stage1b_single_agent_tiny,2,1,46223,961,1,75,75,1,0,30.795114517211914,4.0,4.0,0.0,0.5,0.0,0,0,0,42,14,-1,-1,0.0
stage1b_single_agent_tiny,2,1,46261,962,1,75,75,1,0,30.8143367767334,4.0,4.0,0.0,0.5625,0.0,0,0,0,38,13,-1,-1,0.0
stage1b_single_agent_tiny,2,1,46304,963,1,75,75,1,0,30.783443450927734,4.0,4.0,0.0,0.5,0.0,0,0,0,43,16,-1,-1,0.0
stage1b_single_agent_tiny,2,1,46424,964,1,75,75,1,0,5.063688278198242,1.0,1.0,0.0,0.5,0.0,0,0,3,120,100,-1,-1,0.0
stage1b_single_agent_tiny,2,1,46451,965,1,75,75,1,0,30.00363540649414,4.0,4.0,0.0,0.3125,0.0,0,0,0,27,22,-1,-1,0.0
stage1b_single_agent_tiny,2,1,46464,966,1,75,75,1,0,31.267066955566406,4.0,4.0,0.0,0.1875,0.0,0,0,0,13,7,-1,-1,0.0
stage1b_single_agent_tiny,2,1,46568,967,1,75,75,1,0,27.39609146118164,4.0,4.0,0.0,0.5,0.0,0,0,0,104,26,-1,-1,0.0
stage1b_single_agent_tiny,2,1,46618,968,1,75,75,1,0,30.275856018066406,4.0,4.0,0.0,0.5625,0.0,0,0,0,50,22,-1,-1,0.0
stage1b_single_agent_tiny,2,1,46642,969,1,75,75,1,0,31.32273292541504,4.0,4.0,0.0,0.5,0.0,0,0,0,24,19,-1,-1,0.0
stage1b_single_agent_tiny,2,1,46723,970,1,75,75,1,0,28.45010757446289,4.0,4.0,0.0,0.5,0.0,0,0,0,81,28,-1,-1,0.0
stage1b_single_agent_tiny,2,1,46766,971,1,75,75,1,0,31.021629333496094,4.0,4.0,0.0,0.5,0.0,0,0,0,43,17,-1,-1,0.0
stage1b_single_agent_tiny,2,1,46886,972,1,75,75,1,0,3.5581777095794678,1.0,1.0,0.0,0.5,0.0,0,0,3,120,86,-1,-1,0.0
stage1b_single_agent_tiny,2,1,46950,973,1,75,75,1,0,29.99964141845703,4.0,4.0,0.0,0.5,0.0,0,0,0,64,36,-1,-1,0.0
stage1b_single_agent_tiny,2,1,47010,974,1,75,75,1,0,28.972993850708008,4.0,4.0,0.0,0.5,0.0,0,0,0,60,32,-1,-1,0.0
stage1b_single_agent_tiny,2,1,47061,975,1,75,75,1,0,30.253150939941406,4.0,4.0,0.0,0.5,0.0,0,0,0,51,23,-1,-1,0.0
stage1b_single_agent_tiny,2,1,47181,976,1,75,75,1,0,3.8083839416503906,1.0,1.0,0.0,0.5,0.0,0,0,3,120,55,-1,-1,0.0
stage1b_single_agent_tiny,2,1,47237,977,1,75,75,1,0,29.230260848999023,4.0,4.0,0.0,0.5,0.0,0,0,0,56,28,-1,-1,0.0
stage1b_single_agent_tiny,2,1,47357,978,1,75,75,1,0,-2.705218553543091,0.0,0.0,0.0,0.5,0.0,0,0,4,120,-1,-1,-1,0.0
stage1b_single_agent_tiny,2,1,47430,979,1,75,75,1,0,29.231592178344727,4.0,4.0,0.0,0.5625,0.0,0,0,0,73,19,-1,-1,0.0
stage1b_single_agent_tiny,2,1,47550,980,1,75,75,1,0,-3.886037826538086,0.0,0.0,0.0,0.5,0.0,0,0,4,120,-1,-1,-1,0.0
stage1b_single_agent_tiny,2,1,47596,981,1,75,75,1,0,30.528514862060547,4.0,4.0,0.0,0.5,0.0,0,0,0,46,18,-1,-1,0.0
stage1b_single_agent_tiny,2,1,47634,982,1,75,75,1,0,30.56402015686035,4.0,4.0,0.0,0.5625,0.0,0,0,0,38,8,-1,-1,0.0
stage1b_single_agent_tiny,2,1,47680,983,1,75,75,1,0,30.28658103942871,4.0,4.0,0.0,0.5,0.0,0,0,0,46,18,-1,-1,0.0
stage1b_single_agent_tiny,2,1,47800,984,1,75,75,1,0,-3.1750683784484863,0.0,0.0,0.0,0.5625,0.0,0,0,4,120,-1,-1,-1,0.0
stage1b_single_agent_tiny,2,1,47866,985,1,75,75,1,0,29.738101959228516,4.0,4.0,0.0,0.5625,0.0,0,0,0,66,14,-1,-1,0.0
stage1b_single_agent_tiny,2,1,47915,986,1,75,75,1,0,69.5152587890625,4.0,4.0,1.0,0.5,0.0,0,0,0,49,22,22,0,0.02040816326530612
stage1b_single_agent_tiny,2,1,47962,987,1,75,75,1,0,30.262357711791992,4.0,4.0,0.0,0.5,0.0,0,0,0,47,21,-1,-1,0.0
stage1b_single_agent_tiny,2,1,48020,988,1,75,75,1,0,29.777084350585938,4.0,4.0,0.0,0.5625,0.0,0,0,0,58,31,-1,-1,0.0
stage1b_single_agent_tiny,2,1,48044,989,1,75,75,1,0,31.04912567138672,4.0,4.0,0.0,0.375,0.0,0,0,0,24,2,-1,-1,0.0
stage1b_single_agent_tiny,2,1,48094,990,1,75,75,1,0,30.25493621826172,4.0,4.0,0.0,0.5,0.0,0,0,0,50,24,-1,-1,0.0
stage1b_single_agent_tiny,2,1,48147,991,1,75,75,1,0,29.745840072631836,4.0,4.0,0.0,0.5,0.0,0,0,0,53,26,-1,-1,0.0
stage1b_single_agent_tiny,2,1,48227,992,1,75,75,1,0,29.193601608276367,4.0,4.0,0.0,0.5,0.0,0,0,0,80,26,-1,-1,0.0
stage1b_single_agent_tiny,2,1,48277,993,1,75,75,1,0,30.750099182128906,4.0,4.0,0.0,0.5,0.0,0,0,0,50,22,-1,-1,0.0
stage1b_single_agent_tiny,2,1,48287,994,1,75,75,1,0,71.5389404296875,4.0,4.0,1.0,0.25,0.0,0,0,0,10,4,4,0,0.1
stage1b_single_agent_tiny,2,1,48295,995,1,75,75,1,0,31.471494674682617,4.0,4.0,0.0,0.0625,0.0,0,0,0,8,2,-1,-1,0.0
stage1b_single_agent_tiny,2,1,48415,996,1,75,75,1,0,-3.4456639289855957,0.0,0.0,0.0,0.5,0.0,0,0,4,120,-1,-1,-1,0.0
stage1b_single_agent_tiny,2,1,48476,997,1,75,75,1,0,28.98345375061035,4.0,4.0,0.0,0.5,0.0,0,0,0,61,33,-1,-1,0.0
stage1b_single_agent_tiny,2,1,48533,998,1,75,75,1,0,29.491586685180664,4.0,4.0,0.0,0.5,0.0,0,0,0,57,51,-1,-1,0.0
stage1b_single_agent_tiny,2,1,48580,999,1,75,75,1,0,30.27158546447754,4.0,4.0,0.0,0.5,0.0,0,0,0,47,21,-1,-1,0.0
stage1b_single_agent_tiny,2,1,48593,1000,1,75,75,1,0,31.28192710876465,4.0,4.0,0.0,0.25,0.0,0,0,0,13,7,-1,-1,0.0
stage1b_single_agent_tiny,2,1,48654,1001,1,75,75,1,0,29.497941970825195,4.0,4.0,0.0,0.5,0.0,0,0,0,61,8,-1,-1,0.0
stage1b_single_agent_tiny,2,1,48685,1002,1,75,75,1,0,30.815271377563477,4.0,4.0,0.0,0.5,0.0,0,0,0,31,4,-1,-1,0.0
stage1b_single_agent_tiny,2,1,48726,1003,1,75,75,1,0,30.795080184936523,4.0,4.0,0.0,0.5625,0.0,0,0,0,41,14,-1,-1,0.0
stage1b_single_agent_tiny,2,1,48794,1004,1,75,75,1,0,29.714008331298828,4.0,4.0,0.0,0.5,0.0,0,0,0,68,15,-1,-1,0.0
stage1b_single_agent_tiny,2,1,48805,1005,1,75,75,1,0,31.255992889404297,4.0,4.0,0.0,0.1875,0.0,0,0,0,11,4,-1,-1,0.0
stage1b_single_agent_tiny,2,1,48925,1006,1,75,75,1,0,11.378528594970703,2.0,2.0,0.0,0.5625,0.0,0,0,2,120,43,-1,-1,0.0
stage1b_single_agent_tiny,2,1,48981,1007,1,75,75,1,0,69.99520874023438,4.0,4.0,1.0,0.5,0.0,0,0,0,56,30,54,24,0.017857142857142856
stage1b_single_agent_tiny,2,1,49005,1008,1,75,75,1,0,71.04190826416016,4.0,4.0,1.0,0.375,0.0,0,0,0,24,3,4,1,0.041666666666666664
stage1b_single_agent_tiny,2,1,49073,1009,1,75,75,1,0,29.992170333862305,4.0,4.0,0.0,0.5625,0.0,0,0,0,68,18,-1,-1,0.0
stage1b_single_agent_tiny,2,1,49146,1010,1,75,75,1,0,28.6997013092041,4.0,4.0,0.0,0.5,0.0,0,0,0,73,22,-1,-1,0.0
stage1b_single_agent_tiny,2,1,49266,1011,1,75,75,1,0,19.35966682434082,3.0,3.0,0.0,0.5,0.0,0,0,1,120,24,-1,-1,0.0
stage1b_single_agent_tiny,2,1,49311,1012,1,75,75,1,0,70.03041076660156,4.0,4.0,1.0,0.5,0.0,0,0,0,45,18,19,1,0.022222222222222223
stage1b_single_agent_tiny,2,1,49377,1013,1,75,75,1,0,29.49094581604004,4.0,4.0,0.0,0.5,0.0,0,0,0,66,40,-1,-1,0.0
stage1b_single_agent_tiny,2,1,49497,1014,1,75,75,1,0,-2.9307215213775635,0.0,0.0,0.0,0.5,0.0,0,0,4,120,-1,-1,-1,0.0
stage1b_single_agent_tiny,2,1,49552,1015,1,75,75,1,0,30.03166961669922,4.0,4.0,0.0,0.5625,0.0,0,0,0,55,29,-1,-1,0.0
stage1b_single_agent_tiny,2,1,49560,1016,1,75,75,1,0,31.496679306030273,4.0,4.0,0.0,0.125,0.0,0,0,0,8,2,-1,-1,0.0
stage1b_single_agent_tiny,2,1,49576,1017,1,75,75,1,0,31.226879119873047,4.0,4.0,0.0,0.125,0.0,0,0,0,16,11,-1,-1,0.0
stage1b_single_agent_tiny,2,1,49587,1018,1,75,75,1,0,31.261430740356445,4.0,4.0,0.0,0.1875,0.0,0,0,0,11,4,-1,-1,0.0
stage1b_single_agent_tiny,2,1,49707,1019,1,75,75,1,0,-3.454166889190674,0.0,0.0,0.0,0.5,0.0,0,0,4,120,-1,-1,-1,0.0
stage1b_single_agent_tiny,2,1,49762,1020,1,75,75,1,0,109.74756622314453,4.0,4.0,2.0,0.5,0.0,0,0,0,55,28,28,0,0.03636363636363636
stage1b_single_agent_tiny,2,1,49817,1021,1,75,75,1,0,30.276216506958008,4.0,4.0,0.0,0.5625,0.0,0,0,0,55,28,-1,-1,0.0
stage1b_single_agent_tiny,2,1,49934,1022,1,75,75,1,0,27.845067977905273,4.0,4.0,0.0,0.5,0.0,0,0,0,117,16,-1,-1,0.0
stage1b_single_agent_tiny,2,1,50030,1023,1,75,75,1,0,29.38334846496582,4.0,4.0,0.0,0.5625,0.0,0,0,0,96,18,-1,-1,0.0
stage1b_single_agent_tiny,2,1,50097,1024,1,75,75,1,0,29.225980758666992,4.0,4.0,0.0,0.5,0.0,0,0,0,67,18,-1,-1,0.0
stage1b_single_agent_tiny,2,1,50144,1025,1,75,75,1,0,30.27452278137207,4.0,4.0,0.0,0.5625,0.0,0,0,0,47,21,-1,-1,0.0
stage1b_single_agent_tiny,2,1,50264,1026,1,75,75,1,0,20.311464309692383,3.0,3.0,0.0,0.5,0.0,0,0,1,120,48,-1,-1,0.0
stage1b_single_agent_tiny,2,1,50384,1027,1,75,75,1,0,4.334061622619629,1.0,1.0,0.0,0.5625,0.0,0,0,3,120,96,-1,-1,0.0
stage1b_single_agent_tiny,2,1,50440,1028,1,75,75,1,0,189.52520751953125,4.0,4.0,4.0,0.5625,0.0,0,0,0,56,32,32,0,0.07142857142857142
stage1b_single_agent_tiny,2,1,50472,1029,1,75,75,1,0,30.544038772583008,4.0,4.0,0.0,0.4375,0.0,0,0,0,32,5,-1,-1,0.0
stage1b_single_agent_tiny,2,1,50536,1030,1,75,75,1,0,29.475128173828125,4.0,4.0,0.0,0.5,0.0,0,0,0,64,35,-1,-1,0.0
stage1b_single_agent_tiny,2,1,50572,1031,1,75,75,1,0,30.803260803222656,4.0,4.0,0.0,0.5,0.0,0,0,0,36,9,-1,-1,0.0
stage1b_single_agent_tiny,2,1,50692,1032,1,75,75,1,0,-3.179394483566284,0.0,0.0,0.0,0.5625,0.0,0,0,4,120,-1,-1,-1,0.0
stage1b_single_agent_tiny,2,1,50702,1033,1,75,75,1,0,31.243465423583984,4.0,4.0,0.0,0.125,0.0,0,0,0,10,3,-1,-1,0.0
stage1b_single_agent_tiny,2,1,50822,1034,1,75,75,1,0,20.312519073486328,3.0,3.0,0.0,0.5,0.0,0,0,1,120,48,-1,-1,0.0
stage1b_single_agent_tiny,2,1,50874,1035,1,75,75,1,0,30.252260208129883,4.0,4.0,0.0,0.5,0.0,0,0,0,52,24,-1,-1,0.0
stage1b_single_agent_tiny,2,1,50904,1036,1,75,75,1,0,70.29767608642578,4.0,4.0,1.0,0.4375,0.0,0,0,0,30,26,30,4,0.03333333333333333
stage1b_single_agent_tiny,2,1,51024,1037,1,75,75,1,0,19.55856704711914,3.0,3.0,0.0,0.5,0.0,0,0,1,120,81,-1,-1,0.0
stage1b_single_agent_tiny,2,1,51098,1038,1,75,75,1,0,28.970258712768555,4.0,4.0,0.0,0.5625,0.0,0,0,0,74,22,-1,-1,0.0
stage1b_single_agent_tiny,2,1,51122,1039,1,75,75,1,0,70.790283203125,4.0,4.0,1.0,0.375,0.0,0,0,0,24,19,24,5,0.041666666666666664
stage1b_single_agent_tiny,2,1,51177,1040,1,75,75,1,0,30.001522064208984,4.0,4.0,0.0,0.5,0.0,0,0,0,55,26,-1,-1,0.0
stage1b_single_agent_tiny,2,1,51217,1041,1,75,75,1,0,110.79649353027344,4.0,4.0,2.0,0.5,0.0,0,0,0,40,13,13,0,0.05
stage1b_single_agent_tiny,2,1,51253,1042,1,75,75,1,0,70.82077026367188,4.0,4.0,1.0,0.5625,0.0,0,0,0,36,31,31,0,0.027777777777777776
stage1b_single_agent_tiny,2,1,51373,1043,1,75,75,1,0,8.351853370666504,3.0,3.0,0.0,0.5,0.0,0,0,1,120,20,-1,-1,0.0
stage1b_single_agent_tiny,2,1,51422,1044,1,75,75,1,0,30.768310546875,4.0,4.0,0.0,0.5,0.0,0,0,0,49,22,-1,-1,0.0
stage1b_single_agent_tiny,2,1,51518,1045,1,75,75,1,0,28.669429779052734,4.0,4.0,0.0,0.5,0.0,0,0,0,96,18,-1,-1,0.0
stage1b_single_agent_tiny,2,1,51636,1046,1,75,75,1,0,27.619434356689453,4.0,4.0,0.0,0.5625,0.0,0,0,0,118,40,-1,-1,0.0
stage1b_single_agent_tiny,2,1,51711,1047,1,75,75,1,0,29.46043586730957,4.0,4.0,0.0,0.5,0.0,0,0,0,75,25,-1,-1,0.0
stage1b_single_agent_tiny,2,1,51769,1048,1,75,75,1,0,29.737802505493164,4.0,4.0,0.0,0.5,0.0,0,0,0,58,30,-1,-1,0.0
stage1b_single_agent_tiny,2,1,51813,1049,1,75,75,1,0,30.53557014465332,4.0,4.0,0.0,0.5625,0.0,0,0,0,44,16,-1,-1,0.0
stage1b_single_agent_tiny,2,1,51933,1050,1,75,75,1,0,-3.6970551013946533,0.0,0.0,0.0,0.5,0.0,0,0,4,120,-1,-1,-1,0.0
stage1b_single_agent_tiny,2,1,52022,1051,1,75,75,1,0,29.14719009399414,4.0,4.0,0.0,0.5,0.0,0,0,0,89,14,-1,-1,0.0
stage1b_single_agent_tiny,2,1,52071,1052,1,75,75,1,0,30.273263931274414,4.0,4.0,0.0,0.5,0.0,0,0,0,49,21,-1,-1,0.0
stage1b_single_agent_tiny,2,1,52189,1053,1,75,75,1,0,27.366064071655273,4.0,4.0,0.0,0.5,0.0,0,0,0,118,90,-1,-1,0.0
stage1b_single_agent_tiny,2,1,52265,1054,1,75,75,1,0,28.94098663330078,4.0,4.0,0.0,0.5,0.0,0,0,0,76,25,-1,-1,0.0
stage1b_single_agent_tiny,2,1,52385,1055,1,75,75,1,0,20.84001922607422,3.0,3.0,0.0,0.5625,0.0,0,0,1,120,72,-1,-1,0.0
stage1b_single_agent_tiny,2,1,52428,1056,1,75,75,1,0,30.543485641479492,4.0,4.0,0.0,0.5625,0.0,0,0,0,43,17,-1,-1,0.0
stage1b_single_agent_tiny,2,1,52440,1057,1,75,75,1,0,31.809471130371094,4.0,4.0,0.0,0.3125,0.0,0,0,0,12,7,-1,-1,0.0
stage1b_single_agent_tiny,2,1,52470,1058,1,75,75,1,0,31.065641403198242,4.0,4.0,0.0,0.5,0.0,0,0,0,30,25,-1,-1,0.0
stage1b_single_agent_tiny,2,1,52507,1059,1,75,75,1,0,30.799531936645508,4.0,4.0,0.0,0.5,0.0,0,0,0,37,9,-1,-1,0.0
stage1b_single_agent_tiny,2,1,52569,1060,1,75,75,1,0,29.738243103027344,4.0,4.0,0.0,0.5,0.0,0,0,0,62,12,-1,-1,0.0
stage1b_single_agent_tiny,2,1,52689,1061,1,75,75,1,0,-3.9476256370544434,0.0,0.0,0.0,0.5,0.0,0,0,4,120,-1,-1,-1,0.0
stage1b_single_agent_tiny,2,1,52749,1062,1,75,75,1,0,28.99155044555664,4.0,4.0,0.0,0.5,0.0,0,0,0,60,33,-1,-1,0.0
stage1b_single_agent_tiny,2,1,52763,1063,1,75,75,1,0,31.225038528442383,4.0,4.0,0.0,0.125,0.0,0,0,0,14,9,-1,-1,0.0
stage1b_single_agent_tiny,2,1,52814,1064,1,75,75,1,0,30.254472732543945,4.0,4.0,0.0,0.5,0.0,0,0,0,51,25,-1,-1,0.0
stage1b_single_agent_tiny,2,1,52874,1065,1,75,75,1,0,29.234664916992188,4.0,4.0,0.0,0.5,0.0,0,0,0,60,32,-1,-1,0.0
stage1b_single_agent_tiny,2,1,52924,1066,1,75,75,1,0,30.509618759155273,4.0,4.0,0.0,0.5,0.0,0,0,0,50,23,-1,-1,0.0
stage1b_single_agent_tiny,2,1,52933,1067,1,75,75,1,0,31.242387771606445,4.0,4.0,0.0,0.125,0.0,0,0,0,9,3,-1,-1,0.0
stage1b_single_agent_tiny,2,1,53001,1068,1,75,75,1,0,29.468313217163086,4.0,4.0,0.0,0.5,0.0,0,0,0,68,40,-1,-1,0.0
stage1b_single_agent_tiny,2,1,53010,1069,1,75,75,1,0,31.51146125793457,4.0,4.0,0.0,0.1875,0.0,0,0,0,9,3,-1,-1,0.0
stage1b_single_agent_tiny,2,1,53065,1070,1,75,75,1,0,30.004777908325195,4.0,4.0,0.0,0.5,0.0,0,0,0,55,29,-1,-1,0.0
stage1b_single_agent_tiny,2,1,53109,1071,1,75,75,1,0,30.775001525878906,4.0,4.0,0.0,0.5,0.0,0,0,0,44,17,-1,-1,0.0
stage1b_single_agent_tiny,2,1,53128,1072,1,75,75,1,0,31.555444717407227,4.0,4.0,0.0,0.4375,0.0,0,0,0,19,14,-1,-1,0.0
stage1b_single_agent_tiny,2,1,53166,1073,1,75,75,1,0,30.809383392333984,4.0,4.0,0.0,0.5,0.0,0,0,0,38,10,-1,-1,0.0
stage1b_single_agent_tiny,2,1,53229,1074,1,75,75,1,0,29.72064781188965,4.0,4.0,0.0,0.5,0.0,0,0,0,63,13,-1,-1,0.0
stage1b_single_agent_tiny,2,1,53349,1075,1,75,75,1,0,19.359403610229492,3.0,3.0,0.0,0.5,0.0,0,0,1,120,66,-1,-1,0.0
stage1b_single_agent_tiny,2,1,53394,1076,1,75,75,1,0,30.79285430908203,4.0,4.0,0.0,0.5625,0.0,0,0,0,45,18,-1,-1,0.0
stage1b_single_agent_tiny,2,1,53434,1077,1,75,75,1,0,30.799785614013672,4.0,4.0,0.0,0.5625,0.0,0,0,0,40,14,-1,-1,0.0
stage1b_single_agent_tiny,2,1,53484,1078,1,75,75,1,0,30.01935577392578,4.0,4.0,0.0,0.5,0.0,0,0,0,50,21,-1,-1,0.0
stage1b_single_agent_tiny,2,1,53531,1079,1,75,75,1,0,30.299745559692383,4.0,4.0,0.0,0.5625,0.0,0,0,0,47,19,-1,-1,0.0
stage1b_single_agent_tiny,2,1,53587,1080,1,75,75,1,0,29.49380874633789,4.0,4.0,0.0,0.5,0.0,0,0,0,56,28,-1,-1,0.0
stage1b_single_agent_tiny,2,1,53707,1081,1,75,75,1,0,20.0544490814209,3.0,3.0,0.0,0.5,0.0,0,0,1,120,32,-1,-1,0.0
stage1b_single_agent_tiny,2,1,53744,1082,1,75,75,1,0,30.530113220214844,4.0,4.0,0.0,0.4375,0.0,0,0,0,37,15,-1,-1,0.0
stage1b_single_agent_tiny,2,1,53760,1083,1,75,75,1,0,31.2954158782959,4.0,4.0,0.0,0.3125,0.0,0,0,0,16,10,-1,-1,0.0
stage1b_single_agent_tiny,2,1,53776,1084,1,75,75,1,0,31.26705551147461,4.0,4.0,0.0,0.25,0.0,0,0,0,16,11,-1,-1,0.0
stage1b_single_agent_tiny,2,1,53864,1085,1,75,75,1,0,28.911054611206055,4.0,4.0,0.0,0.5,0.0,0,0,0,88,62,-1,-1,0.0
stage1b_single_agent_tiny,2,1,53907,1086,1,75,75,1,0,29.786684036254883,4.0,4.0,0.0,0.5,0.0,0,0,0,43,17,-1,-1,0.0
stage1b_single_agent_tiny,2,1,53959,1087,1,75,75,1,0,30.522783279418945,4.0,4.0,0.0,0.5625,0.0,0,0,0,52,25,-1,-1,0.0
stage1b_single_agent_tiny,2,1,54015,1088,1,75,75,1,0,29.490074157714844,4.0,4.0,0.0,0.5,0.0,0,0,0,56,28,-1,-1,0.0
stage1b_single_agent_tiny,2,1,54054,1089,1,75,75,1,0,110.56073760986328,4.0,4.0,2.0,0.5625,0.0,0,0,0,39,14,14,0,0.05128205128205128
stage1b_single_agent_tiny,2,1,54094,1090,1,75,75,1,0,30.55240821838379,4.0,4.0,0.0,0.5,0.0,0,0,0,40,13,-1,-1,0.0
stage1b_single_agent_tiny,2,1,54214,1091,1,75,75,1,0,-3.9552154541015625,0.0,0.0,0.0,0.5,0.0,0,0,4,120,-1,-1,-1,0.0
stage1b_single_agent_tiny,2,1,54271,1092,1,75,75,1,0,28.987245559692383,4.0,4.0,0.0,0.5,0.0,0,0,0,57,32,-1,-1,0.0
stage1b_single_agent_tiny,2,1,54297,1093,1,75,75,1,0,30.80017852783203,4.0,4.0,0.0,0.4375,0.0,0,0,0,26,20,-1,-1,0.0
stage1b_single_agent_tiny,2,1,54352,1094,1,75,75,1,0,149.50863647460938,4.0,4.0,3.0,0.5,0.0,0,0,0,55,29,29,0,0.05454545454545454
stage1b_single_agent_tiny,2,1,54430,1095,1,75,75,1,0,29.198240280151367,4.0,4.0,0.0,0.5,0.0,0,0,0,78,25,-1,-1,0.0
stage1b_single_agent_tiny,2,1,54478,1096,1,75,75,1,0,30.26166534423828,4.0,4.0,0.0,0.5,0.0,0,0,0,48,22,-1,-1,0.0
stage1b_single_agent_tiny,2,1,54517,1097,1,75,75,1,0,31.034536361694336,4.0,4.0,0.0,0.5,0.0,0,0,0,39,13,-1,-1,0.0
stage1b_single_agent_tiny,2,1,54620,1098,1,75,75,1,0,28.61688804626465,4.0,4.0,0.0,0.5,0.0,0,0,0,103,28,-1,-1,0.0
stage1b_single_agent_tiny,2,1,54668,1099,1,75,75,1,0,30.75196647644043,4.0,4.0,0.0,0.5,0.0,0,0,0,48,20,-1,-1,0.0
stage1b_single_agent_tiny,2,1,54723,1100,1,75,75,1,0,30.2786808013916,4.0,4.0,0.0,0.5625,0.0,0,0,0,55,28,-1,-1,0.0
stage1b_single_agent_tiny,2,1,54757,1101,1,75,75,1,0,30.2993221282959,4.0,4.0,0.0,0.5,0.0,0,0,0,34,29,-1,-1,0.0
stage1b_single_agent_tiny,2,1,54782,1102,1,75,75,1,0,31.325532913208008,4.0,4.0,0.0,0.5,0.0,0,0,0,25,19,-1,-1,0.0
stage1b_single_agent_tiny,2,1,54843,1103,1,75,75,1,0,29.48657989501953,4.0,4.0,0.0,0.5625,0.0,0,0,0,61,5,-1,-1,0.0
stage1b_single_agent_tiny,2,1,54963,1104,1,75,75,1,0,3.565311908721924,1.0,1.0,0.0,0.5,0.0,0,0,3,120,39,-1,-1,0.0
stage1b_single_agent_tiny,2,1,55010,1105,1,75,75,1,0,30.269372940063477,4.0,4.0,0.0,0.5,0.0,0,0,0,47,19,-1,-1,0.0
stage1b_single_agent_tiny,2,1,55071,1106,1,75,75,1,0,29.470308303833008,4.0,4.0,0.0,0.5,0.0,0,0,0,61,10,-1,-1,0.0
stage1b_single_agent_tiny,2,1,55115,1107,1,75,75,1,0,30.033985137939453,4.0,4.0,0.0,0.5,0.0,0,0,0,44,17,-1,-1,0.0
stage1b_single_agent_tiny,2,1,55172,1108,1,75,75,1,0,29.238142013549805,4.0,4.0,0.0,0.5,0.0,0,0,0,57,29,-1,-1,0.0
stage1b_single_agent_tiny,2,1,55200,1109,1,75,75,1,0,31.04765510559082,4.0,4.0,0.0,0.4375,0.0,0,0,0,28,23,-1,-1,0.0
stage1b_single_agent_tiny,2,1,55320,1110,1,75,75,1,0,12.563676834106445,2.0,2.0,0.0,0.5,0.0,0,0,2,120,19,-1,-1,0.0
stage1b_single_agent_tiny,2,1,55364,1111,1,75,75,1,0,30.03329849243164,4.0,4.0,0.0,0.5,0.0,0,0,0,44,18,-1,-1,0.0
stage1b_single_agent_tiny,2,1,55426,1112,1,75,75,1,0,29.75078773498535,4.0,4.0,0.0,0.5625,0.0,0,0,0,62,6,-1,-1,0.0
stage1b_single_agent_tiny,2,1,55436,1113,1,75,75,1,0,71.80564880371094,4.0,4.0,1.0,0.3125,0.0,0,0,0,10,5,5,0,0.1
stage1b_single_agent_tiny,2,1,55490,1114,1,75,75,1,0,29.25855827331543,4.0,4.0,0.0,0.5,0.0,0,0,0,54,27,-1,-1,0.0
stage1b_single_agent_tiny,2,1,55610,1115,1,75,75,1,0,-3.4353322982788086,0.0,0.0,0.0,0.5,0.0,0,0,4,120,-1,-1,-1,0.0
stage1b_single_agent_tiny,2,1,55730,1116,1,75,75,1,0,-2.447345495223999,0.0,0.0,0.0,0.5,0.0,0,0,4,120,-1,-1,-1,0.0
stage1b_single_agent_tiny,2,1,55774,1117,1,75,75,1,0,29.78004264831543,4.0,4.0,0.0,0.5,0.0,0,0,0,44,18,-1,-1,0.0
stage1b_single_agent_tiny,2,1,55815,1118,1,75,75,1,0,29.773195266723633,4.0,4.0,0.0,0.5,0.0,0,0,0,41,16,-1,-1,0.0
stage1b_single_agent_tiny,2,1,55870,1119,1,75,75,1,0,29.753244400024414,4.0,4.0,0.0,0.5,0.0,0,0,0,55,27,-1,-1,0.0
stage1b_single_agent_tiny,2,1,55939,1120,1,75,75,1,0,29.222545623779297,4.0,4.0,0.0,0.5,0.0,0,0,0,69,41,-1,-1,0.0
stage1b_single_agent_tiny,2,1,55973,1121,1,75,75,1,0,30.819032669067383,4.0,4.0,0.0,0.5,0.0,0,0,0,34,5,-1,-1,0.0
stage1b_single_agent_tiny,2,1,56035,1122,1,75,75,1,0,30.248868942260742,4.0,4.0,0.0,0.5,0.0,0,0,0,62,11,-1,-1,0.0
stage1b_single_agent_tiny,2,1,56046,1123,1,75,75,1,0,30.988859176635742,4.0,4.0,0.0,0.125,0.0,0,0,0,11,4,-1,-1,0.0
stage1b_single_agent_tiny,2,1,56085,1124,1,75,75,1,0,30.29522705078125,4.0,4.0,0.0,0.5,0.0,0,0,0,39,13,-1,-1,0.0
stage1b_single_agent_tiny,2,1,56128,1125,1,75,75,1,0,31.02918815612793,4.0,4.0,0.0,0.5,0.0,0,0,0,43,17,-1,-1,0.0
stage1b_single_agent_tiny,2,1,56148,1126,1,75,75,1,0,31.268291473388672,4.0,4.0,0.0,0.25,0.0,0,0,0,20,2,-1,-1,0.0
stage1b_single_agent_tiny,2,1,56187,1127,1,75,75,1,0,30.7700138092041,4.0,4.0,0.0,0.5,0.0,0,0,0,39,12,-1,-1,0.0
stage1b_single_agent_tiny,2,1,56247,1128,1,75,75,1,0,29.487964630126953,4.0,4.0,0.0,0.5,0.0,0,0,0,60,34,-1,-1,0.0
stage1b_single_agent_tiny,2,1,56301,1129,1,75,75,1,0,69.75395202636719,4.0,4.0,1.0,0.5,0.0,0,0,0,54,26,50,24,0.018518518518518517
stage1b_single_agent_tiny,2,1,56311,1130,1,75,75,1,0,71.80154418945312,4.0,4.0,1.0,0.3125,0.0,0,0,0,10,5,5,0,0.1
stage1b_single_agent_tiny,2,1,56341,1131,1,75,75,1,0,70.56759643554688,4.0,4.0,1.0,0.5,0.0,0,0,0,30,25,30,5,0.03333333333333333
stage1b_single_agent_tiny,2,1,56413,1132,1,75,75,1,0,29.455530166625977,4.0,4.0,0.0,0.5,0.0,0,0,0,72,19,-1,-1,0.0
stage1b_single_agent_tiny,2,1,56470,1133,1,75,75,1,0,29.48301124572754,4.0,4.0,0.0,0.5,0.0,0,0,0,57,30,-1,-1,0.0
stage1b_single_agent_tiny,2,1,56524,1134,1,75,75,1,0,31.008296966552734,4.0,4.0,0.0,0.5,0.0,0,0,0,54,4,-1,-1,0.0
stage1b_single_agent_tiny,2,1,56555,1135,1,75,75,1,0,30.26742935180664,4.0,4.0,0.0,0.375,0.0,0,0,0,31,25,-1,-1,0.0
stage1b_single_agent_tiny,2,1,56597,1136,1,75,75,1,0,30.794729232788086,4.0,4.0,0.0,0.5625,0.0,0,0,0,42,15,-1,-1,0.0
stage1b_single_agent_tiny,2,1,56717,1137,1,75,75,1,0,20.810022354125977,3.0,3.0,0.0,0.5,0.0,0,0,1,120,26,-1,-1,0.0
stage1b_single_agent_tiny,2,1,56726,1138,1,75,75,1,0,31.495866775512695,4.0,4.0,0.0,0.125,0.0,0,0,0,9,4,-1,-1,0.0
stage1b_single_agent_tiny,2,1,56766,1139,1,75,75,1,0,30.798582077026367,4.0,4.0,0.0,0.5625,0.0,0,0,0,40,12,-1,-1,0.0
stage1b_single_agent_tiny,2,1,56814,1140,1,75,75,1,0,29.99704933166504,4.0,4.0,0.0,0.5,0.0,0,0,0,48,21,-1,-1,0.0
stage1b_single_agent_tiny,2,1,56922,1141,1,75,75,1,0,28.633888244628906,4.0,4.0,0.0,0.5625,0.0,0,0,0,108,29,-1,-1,0.0
stage1b_single_agent_tiny,2,1,57016,1142,1,75,75,1,0,28.922067642211914,4.0,4.0,0.0,0.5625,0.0,0,0,0,94,16,-1,-1,0.0
stage1b_single_agent_tiny,2,1,57136,1143,1,75,75,1,0,13.558374404907227,2.0,2.0,0.0,0.5,0.0,0,0,2,120,28,-1,-1,0.0
stage1b_single_agent_tiny,2,1,57188,1144,1,75,75,1,0,29.01014518737793,4.0,4.0,0.0,0.5,0.0,0,0,0,52,23,-1,-1,0.0
stage1b_single_agent_tiny,2,1,57308,1145,1,75,75,1,0,4.32312536239624,1.0,1.0,0.0,0.5625,0.0,0,0,3,120,2,-1,-1,0.0
stage1b_single_agent_tiny,2,1,57364,1146,1,75,75,1,0,30.0355167388916,4.0,4.0,0.0,0.5625,0.0,0,0,0,56,30,-1,-1,0.0
stage1b_single_agent_tiny,2,1,57407,1147,1,75,75,1,0,30.282527923583984,4.0,4.0,0.0,0.5,0.0,0,0,0,43,14,-1,-1,0.0
stage1b_single_agent_tiny,2,1,57458,1148,1,75,75,1,0,70.25908660888672,4.0,4.0,1.0,0.5,0.0,0,0,0,51,25,25,0,0.0196078431372549
stage1b_single_agent_tiny,2,1,57543,1149,1,75,75,1,0,28.67446517944336,4.0,4.0,0.0,0.5,0.0,0,0,0,85,34,-1,-1,0.0
stage1b_single_agent_tiny,2,1,57596,1150,1,75,75,1,0,30.5043888092041,4.0,4.0,0.0,0.5,0.0,0,0,0,53,27,-1,-1,0.0
stage1b_single_agent_tiny,2,1,57716,1151,1,75,75,1,0,4.809178829193115,1.0,1.0,0.0,0.5,0.0,0,0,3,120,48,-1,-1,0.0
stage1b_single_agent_tiny,2,1,57727,1152,1,75,75,1,0,31.25935935974121,4.0,4.0,0.0,0.1875,0.0,0,0,0,11,5,-1,-1,0.0
stage1b_single_agent_tiny,2,1,57847,1153,1,75,75,1,0,20.837783813476562,3.0,3.0,0.0,0.5625,0.0,0,0,1,120,31,-1,-1,0.0
stage1b_single_agent_tiny,2,1,57894,1154,1,75,75,1,0,30.277320861816406,4.0,4.0,0.0,0.5,0.0,0,0,0,47,22,-1,-1,0.0
stage1b_single_agent_tiny,2,1,57924,1155,1,75,75,1,0,30.53244400024414,4.0,4.0,0.0,0.4375,0.0,0,0,0,30,1,-1,-1,0.0
stage1b_single_agent_tiny,2,1,58042,1156,1,75,75,1,0,28.09989356994629,4.0,4.0,0.0,0.5,0.0,0,0,0,118,40,-1,-1,0.0
stage1b_single_agent_tiny,2,1,58083,1157,1,75,75,1,0,30.5373592376709,4.0,4.0,0.0,0.5,0.0,0,0,0,41,15,-1,-1,0.0
stage1b_single_agent_tiny,2,1,58144,1158,1,75,75,1,0,29.48025131225586,4.0,4.0,0.0,0.5,0.0,0,0,0,61,34,-1,-1,0.0
stage1b_single_agent_tiny,2,1,58153,1159,1,75,75,1,0,31.473718643188477,4.0,4.0,0.0,0.0625,0.0,0,0,0,9,3,-1,-1,0.0
stage1b_single_agent_tiny,2,1,58172,1160,1,75,75,1,0,31.532392501831055,4.0,4.0,0.0,0.3125,0.0,0,0,0,19,14,-1,-1,0.0
stage1b_single_agent_tiny,2,1,58197,1161,1,75,75,1,0,31.325468063354492,4.0,4.0,0.0,0.5,0.0,0,0,0,25,2,-1,-1,0.0
stage1b_single_agent_tiny,2,1,58252,1162,1,75,75,1,0,149.7505340576172,4.0,4.0,3.0,0.5,0.0,0,0,0,55,28,28,0,0.05454545454545454
stage1b_single_agent_tiny,2,1,58327,1163,1,75,75,1,0,29.688676834106445,4.0,4.0,0.0,0.5,0.0,0,0,0,75,22,-1,-1,0.0
stage1b_single_agent_tiny,2,1,58386,1164,1,75,75,1,0,30.26007843017578,4.0,4.0,0.0,0.5625,0.0,0,0,0,59,5,-1,-1,0.0
stage1b_single_agent_tiny,2,1,58432,1165,1,75,75,1,0,30.768957138061523,4.0,4.0,0.0,0.5,0.0,0,0,0,46,19,-1,-1,0.0
stage1b_single_agent_tiny,2,1,58486,1166,1,75,75,1,0,30.286609649658203,4.0,4.0,0.0,0.5625,0.0,0,0,0,54,27,-1,-1,0.0
stage1b_single_agent_tiny,2,1,58519,1167,1,75,75,1,0,30.557741165161133,4.0,4.0,0.0,0.5,0.0,0,0,0,33,7,-1,-1,0.0
stage1b_single_agent_tiny,2,1,58566,1168,1,75,75,1,0,30.30055046081543,4.0,4.0,0.0,0.5625,0.0,0,0,0,47,19,-1,-1,0.0
stage1b_single_agent_tiny,2,1,58579,1169,1,75,75,1,0,30.981645584106445,4.0,4.0,0.0,0.125,0.0,0,0,0,13,7,-1,-1,0.0
stage1b_single_agent_tiny,2,1,58588,1170,1,75,75,1,0,31.488548278808594,4.0,4.0,0.0,0.125,0.0,0,0,0,9,3,-1,-1,0.0
stage1b_single_agent_tiny,2,1,58680,1171,1,75,75,1,0,69.91261291503906,4.0,4.0,1.0,0.5625,0.0,0,0,0,92,4,4,0,0.010869565217391304
stage1b_single_agent_tiny,2,1,58725,1172,1,75,75,1,0,30.544818878173828,4.0,4.0,0.0,0.5625,0.0,0,0,0,45,20,-1,-1,0.0
stage1b_single_agent_tiny,2,1,58771,1173,1,75,75,1,0,30.514551162719727,4.0,4.0,0.0,0.5,0.0,0,0,0,46,18,-1,-1,0.0
stage1b_single_agent_tiny,2,1,58778,1174,1,75,75,1,0,31.745819091796875,4.0,4.0,0.0,0.125,0.0,0,0,0,7,2,-1,-1,0.0
stage1b_single_agent_tiny,2,1,58827,1175,1,75,75,1,0,70.51158905029297,4.0,4.0,1.0,0.5,0.0,0,0,0,49,20,20,0,0.02040816326530612
stage1b_single_agent_tiny,2,1,58859,1176,1,75,75,1,0,70.29649353027344,4.0,4.0,1.0,0.4375,0.0,0,0,0,32,28,32,4,0.03125
stage1b_single_agent_tiny,2,1,58887,1177,1,75,75,1,0,30.81977653503418,4.0,4.0,0.0,0.5,0.0,0,0,0,28,23,-1,-1,0.0
stage1b_single_agent_tiny,2,1,58924,1178,1,75,75,1,0,31.062578201293945,4.0,4.0,0.0,0.5,0.0,0,0,0,37,11,-1,-1,0.0
stage1b_single_agent_tiny,2,1,58973,1179,1,75,75,1,0,30.035531997680664,4.0,4.0,0.0,0.5625,0.0,0,0,0,49,21,-1,-1,0.0
stage1b_single_agent_tiny,2,1,59015,1180,1,75,75,1,0,30.53219223022461,4.0,4.0,0.0,0.5,0.0,0,0,0,42,16,-1,-1,0.0
stage1b_single_agent_tiny,2,1,59058,1181,1,75,75,1,0,30.263574600219727,4.0,4.0,0.0,0.5,0.0,0,0,0,43,16,-1,-1,0.0
stage1b_single_agent_tiny,2,1,59086,1182,1,75,75,1,0,31.31867790222168,4.0,4.0,0.0,0.5,0.0,0,0,0,28,2,-1,-1,0.0
stage1b_single_agent_tiny,2,1,59206,1183,1,75,75,1,0,19.345739364624023,3.0,3.0,0.0,0.5,0.0,0,0,1,120,59,-1,-1,0.0
stage1b_single_agent_tiny,2,1,59273,1184,1,75,75,1,0,29.729045867919922,4.0,4.0,0.0,0.5625,0.0,0,0,0,67,14,-1,-1,0.0
stage1b_single_agent_tiny,2,1,59303,1185,1,75,75,1,0,30.822370529174805,4.0,4.0,0.0,0.5,0.0,0,0,0,30,3,-1,-1,0.0
stage1b_single_agent_tiny,2,1,59352,1186,1,75,75,1,0,30.249940872192383,4.0,4.0,0.0,0.5,0.0,0,0,0,49,22,-1,-1,0.0
stage1b_single_agent_tiny,2,1,59472,1187,1,75,75,1,0,12.311088562011719,2.0,2.0,0.0,0.5,0.0,0,0,2,120,111,-1,-1,0.0
stage1b_single_agent_tiny,2,1,59507,1188,1,75,75,1,0,30.053422927856445,4.0,4.0,0.0,0.5,0.0,0,0,0,35,6,-1,-1,0.0
stage1b_single_agent_tiny,2,1,59569,1189,1,75,75,1,0,29.47166633605957,4.0,4.0,0.0,0.5,0.0,0,0,0,62,35,-1,-1,0.0
stage1b_single_agent_tiny,2,1,59620,1190,1,75,75,1,0,29.745302200317383,4.0,4.0,0.0,0.5,0.0,0,0,0,51,22,-1,-1,0.0
stage1b_single_agent_tiny,2,1,59655,1191,1,75,75,1,0,31.060596466064453,4.0,4.0,0.0,0.5,0.0,0,0,0,35,8,-1,-1,0.0
stage1b_single_agent_tiny,2,1,59745,1192,1,75,75,1,0,29.416656494140625,4.0,4.0,0.0,0.5625,0.0,0,0,0,90,14,-1,-1,0.0
stage1b_single_agent_tiny,2,1,59777,1193,1,75,75,1,0,30.542205810546875,4.0,4.0,0.0,0.5,0.0,0,0,0,32,27,-1,-1,0.0
stage1b_single_agent_tiny,2,1,59823,1194,1,75,75,1,0,110.54066467285156,4.0,4.0,2.0,0.5625,0.0,0,0,0,46,18,18,0,0.043478260869565216
stage1b_single_agent_tiny,2,1,59943,1195,1,75,75,1,0,19.06333351135254,3.0,3.0,0.0,0.5,0.0,0,0,1,120,58,-1,-1,0.0
stage1b_single_agent_tiny,2,2,60045,1196,1,75,75,1,0,30.031005859375,4.0,4.0,0.0,0.5,0.0,0,0,0,45,18,-1,-1,0.0
stage1b_single_agent_tiny,2,2,60102,1197,1,75,75,1,0,29.729856491088867,4.0,4.0,0.0,0.5,0.0,0,0,0,57,31,-1,-1,0.0
stage1b_single_agent_tiny,2,2,60146,1198,1,75,75,1,0,30.282922744750977,4.0,4.0,0.0,0.5,0.0,0,0,0,44,19,-1,-1,0.0
stage1b_single_agent_tiny,2,2,60204,1199,1,75,75,1,0,30.019495010375977,4.0,4.0,0.0,0.5625,0.0,0,0,0,58,29,-1,-1,0.0
stage1b_single_agent_tiny,2,2,60233,1200,1,75,75,1,0,30.805328369140625,4.0,4.0,0.0,0.4375,0.0,0,0,0,29,3,-1,-1,0.0
stage1b_single_agent_tiny,2,2,60259,1201,1,75,75,1,0,31.05136489868164,4.0,4.0,0.0,0.4375,0.0,0,0,0,26,20,-1,-1,0.0
stage1b_single_agent_tiny,2,2,60312,1202,1,75,75,1,0,29.752700805664062,4.0,4.0,0.0,0.5,0.0,0,0,0,53,26,-1,-1,0.0
stage1b_single_agent_tiny,2,2,60344,1203,1,75,75,1,0,31.050983428955078,4.0,4.0,0.0,0.5,0.0,0,0,0,32,5,-1,-1,0.0
stage1b_single_agent_tiny,2,2,60397,1204,1,75,75,1,0,31.023059844970703,4.0,4.0,0.0,0.5625,0.0,0,0,0,53,26,-1,-1,0.0
stage1b_single_agent_tiny,2,2,60489,1205,1,75,75,1,0,28.420991897583008,4.0,4.0,0.0,0.5,0.0,0,0,0,92,17,-1,-1,0.0
stage1b_single_agent_tiny,2,2,60516,1206,1,75,75,1,0,31.0565242767334,4.0,4.0,0.0,0.4375,0.0,0,0,0,27,22,-1,-1,0.0
stage1b_single_agent_tiny,2,2,60547,1207,1,75,75,1,0,31.070322036743164,4.0,4.0,0.0,0.5,0.0,0,0,0,31,2,-1,-1,0.0
stage1b_single_agent_tiny,2,2,60667,1208,1,75,75,1,0,12.311002731323242,2.0,2.0,0.0,0.5,0.0,0,0,2,120,52,-1,-1,0.0
stage1b_single_agent_tiny,2,2,60741,1209,1,75,75,1,0,29.212636947631836,4.0,4.0,0.0,0.5,0.0,0,0,0,74,48,-1,-1,0.0
stage1b_single_agent_tiny,2,2,60775,1210,1,75,75,1,0,31.059782028198242,4.0,4.0,0.0,0.5,0.0,0,0,0,34,9,-1,-1,0.0
stage1b_single_agent_tiny,2,2,60825,1211,1,75,75,1,0,30.281665802001953,4.0,4.0,0.0,0.5625,0.0,0,0,0,50,21,-1,-1,0.0
stage1b_single_agent_tiny,2,2,60913,1212,1,75,75,1,0,28.65084457397461,4.0,4.0,0.0,0.5,0.0,0,0,0,88,6,-1,-1,0.0
stage1b_single_agent_tiny,2,2,60954,1213,1,75,75,1,0,29.76813507080078,4.0,4.0,0.0,0.4375,0.0,0,0,0,41,35,-1,-1,0.0
stage1b_single_agent_tiny,2,2,60978,1214,1,75,75,1,0,31.2877197265625,4.0,4.0,0.0,0.375,0.0,0,0,0,24,2,-1,-1,0.0
stage1b_single_agent_tiny,2,2,61011,1215,1,75,75,1,0,31.07208251953125,4.0,4.0,0.0,0.5,0.0,0,0,0,33,5,-1,-1,0.0
stage1b_single_agent_tiny,2,2,61067,1216,1,75,75,1,0,29.484249114990234,4.0,4.0,0.0,0.5,0.0,0,0,0,56,28,-1,-1,0.0
stage1b_single_agent_tiny,2,2,61089,1217,1,75,75,1,0,71.29375457763672,4.0,4.0,1.0,0.375,0.0,0,0,0,22,2,4,2,0.045454545454545456
stage1b_single_agent_tiny,2,2,61111,1218,1,75,75,1,0,31.031665802001953,4.0,4.0,0.0,0.3125,0.0,0,0,0,22,17,-1,-1,0.0
stage1b_single_agent_tiny,2,2,61145,1219,1,75,75,1,0,30.78636932373047,4.0,4.0,0.0,0.4375,0.0,0,0,0,34,8,-1,-1,0.0
stage1b_single_agent_tiny,2,2,61175,1220,1,75,75,1,0,31.067434310913086,4.0,4.0,0.0,0.5,0.0,0,0,0,30,3,-1,-1,0.0
stage1b_single_agent_tiny,2,2,61236,1221,1,75,75,1,0,29.231107711791992,4.0,4.0,0.0,0.5,0.0,0,0,0,61,33,-1,-1,0.0
stage1b_single_agent_tiny,2,2,61289,1222,1,75,75,1,0,29.75702476501465,4.0,4.0,0.0,0.5,0.0,0,0,0,53,24,-1,-1,0.0
stage1b_single_agent_tiny,2,2,61409,1223,1,75,75,1,0,20.102157592773438,3.0,3.0,0.0,0.5,0.0,0,0,1,120,45,-1,-1,0.0
stage1b_single_agent_tiny,2,2,61460,1224,1,75,75,1,0,30.247127532958984,4.0,4.0,0.0,0.5,0.0,0,0,0,51,24,-1,-1,0.0
stage1b_single_agent_tiny,2,2,61509,1225,1,75,75,1,0,30.252283096313477,4.0,4.0,0.0,0.5,0.0,0,0,0,49,23,-1,-1,0.0
stage1b_single_agent_tiny,2,2,61556,1226,1,75,75,1,0,30.537973403930664,4.0,4.0,0.0,0.5625,0.0,0,0,0,47,18,-1,-1,0.0
stage1b_single_agent_tiny,2,2,61676,1227,1,75,75,1,0,-2.6967406272888184,0.0,0.0,0.0,0.5,0.0,0,0,4,120,-1,-1,-1,0.0
stage1b_single_agent_tiny,2,2,61745,1228,1,75,75,1,0,29.22364044189453,4.0,4.0,0.0,0.5,0.0,0,0,0,69,18,-1,-1,0.0
stage1b_single_agent_tiny,2,2,61865,1229,1,75,75,1,0,4.376750469207764,1.0,1.0,0.0,0.5625,0.0,0,0,3,120,50,-1,-1,0.0
stage1b_single_agent_tiny,2,2,61985,1230,1,75,75,1,0,1.0601725578308105,2.0,2.0,0.0,0.5,0.0,0,0,2,120,45,-1,-1,0.0
stage1b_single_agent_tiny,2,2,62007,1231,1,75,75,1,0,31.02909278869629,4.0,4.0,0.0,0.3125,0.0,0,0,0,22,17,-1,-1,0.0
stage1b_single_agent_tiny,2,2,62052,1232,1,75,75,1,0,30.767292022705078,4.0,4.0,0.0,0.5,0.0,0,0,0,45,16,-1,-1,0.0
stage1b_single_agent_tiny,2,2,62172,1233,1,75,75,1,0,4.061085224151611,1.0,1.0,0.0,0.5,0.0,0,0,3,120,91,-1,-1,0.0
stage1b_single_agent_tiny,2,2,62221,1234,1,75,75,1,0,30.54654884338379,4.0,4.0,0.0,0.5625,0.0,0,0,0,49,24,-1,-1,0.0
stage1b_single_agent_tiny,2,2,62272,1235,1,75,75,1,0,30.28441047668457,4.0,4.0,0.0,0.5625,0.0,0,0,0,51,24,-1,-1,0.0
stage1b_single_agent_tiny,2,2,62307,1236,1,75,75,1,0,30.7925968170166,4.0,4.0,0.0,0.5,0.0,0,0,0,35,9,-1,-1,0.0
stage1b_single_agent_tiny,2,2,62330,1237,1,75,75,1,0,70.77606964111328,4.0,4.0,1.0,0.3125,0.0,0,0,0,23,19,23,4,0.043478260869565216
stage1b_single_agent_tiny,2,2,62379,1238,1,75,75,1,0,149.7726593017578,4.0,4.0,3.0,0.5,0.0,0,0,0,49,21,21,0,0.061224489795918366
stage1b_single_agent_tiny,2,2,62388,1239,1,75,75,1,0,31.493629455566406,4.0,4.0,0.0,0.125,0.0,0,0,0,9,3,-1,-1,0.0
stage1b_single_agent_tiny,2,2,62430,1240,1,75,75,1,0,30.76949119567871,4.0,4.0,0.0,0.5,0.0,0,0,0,42,14,-1,-1,0.0
stage1b_single_agent_tiny,2,2,62491,1241,1,75,75,1,0,30.02751922607422,4.0,4.0,0.0,0.5625,0.0,0,0,0,61,33,-1,-1,0.0
stage1b_single_agent_tiny,2,2,62611,1242,1,75,75,1,0,4.554992198944092,1.0,1.0,0.0,0.5,0.0,0,0,3,120,111,-1,-1,0.0
stage1b_single_agent_tiny,2,2,62699,1243,1,75,75,1,0,28.674365997314453,4.0,4.0,0.0,0.5,0.0,0,0,0,88,37,-1,-1,0.0
stage1b_single_agent_tiny,2,2,62787,1244,1,75,75,1,0,28.686838150024414,4.0,4.0,0.0,0.5,0.0,0,0,0,88,12,-1,-1,0.0
stage1b_single_agent_tiny,2,2,62907,1245,1,75,75,1,0,11.807088851928711,2.0,2.0,0.0,0.5,0.0,0,0,2,120,32,-1,-1,0.0
stage1b_single_agent_tiny,2,2,62940,1246,1,75,75,1,0,30.790912628173828,4.0,4.0,0.0,0.4375,0.0,0,0,0,33,4,-1,-1,0.0
stage1b_single_agent_tiny,2,2,63060,1247,1,75,75,1,0,20.060964584350586,3.0,3.0,0.0,0.5,0.0,0,0,1,120,28,-1,-1,0.0
stage1b_single_agent_tiny,2,2,63109,1248,1,75,75,1,0,30.017478942871094,4.0,4.0,0.0,0.5,0.0,0,0,0,49,21,-1,-1,0.0
stage1b_single_agent_tiny,2,2,63124,1249,1,75,75,1,0,31.79009437561035,4.0,4.0,0.0,0.3125,0.0,0,0,0,15,10,-1,-1,0.0
stage1b_single_agent_tiny,2,2,63244,1250,1,75,75,1,0,-3.160465717315674,0.0,0.0,0.0,0.5625,0.0,0,0,4,120,-1,-1,-1,0.0
stage1b_single_agent_tiny,2,2,63287,1251,1,75,75,1,0,30.301877975463867,4.0,4.0,0.0,0.5625,0.0,0,0,0,43,16,-1,-1,0.0
stage1b_single_agent_tiny,2,2,63336,1252,1,75,75,1,0,70.26644897460938,4.0,4.0,1.0,0.5,0.0,0,0,0,49,22,25,3,0.02040816326530612
stage1b_single_agent_tiny,2,2,63438,1253,1,75,75,1,0,27.87196922302246,4.0,4.0,0.0,0.5,0.0,0,0,0,102,25,-1,-1,0.0
stage1b_single_agent_tiny,2,2,63448,1254,1,75,75,1,0,31.26761245727539,4.0,4.0,0.0,0.1875,0.0,0,0,0,10,4,-1,-1,0.0
stage1b_single_agent_tiny,2,2,63492,1255,1,75,75,1,0,29.742830276489258,4.0,4.0,0.0,0.4375,0.0,0,0,0,44,17,-1,-1,0.0
stage1b_single_agent_tiny,2,2,63565,1256,1,75,75,1,0,29.728971481323242,4.0,4.0,0.0,0.5625,0.0,0,0,0,73,44,-1,-1,0.0
stage1b_single_agent_tiny,2,2,63642,1257,1,75,75,1,0,29.669776916503906,4.0,4.0,0.0,0.5,0.0,0,0,0,77,27,-1,-1,0.0
stage1b_single_agent_tiny,2,2,63669,1258,1,75,75,1,0,30.763700485229492,4.0,4.0,0.0,0.3125,0.0,0,0,0,27,21,-1,-1,0.0
stage1b_single_agent_tiny,2,2,63753,1259,1,75,75,1,0,29.15972328186035,4.0,4.0,0.0,0.5,0.0,0,0,0,84,30,-1,-1,0.0
stage1b_single_agent_tiny,2,2,63791,1260,1,75,75,1,0,30.791208267211914,4.0,4.0,0.0,0.5,0.0,0,0,0,38,14,-1,-1,0.0
stage1b_single_agent_tiny,2,2,63825,1261,1,75,75,1,0,70.55059814453125,4.0,4.0,1.0,0.5,0.0,0,0,0,34,3,34,31,0.029411764705882353
stage1b_single_agent_tiny,2,2,63896,1262,1,75,75,1,0,29.22347068786621,4.0,4.0,0.0,0.5,0.0,0,0,0,71,43,-1,-1,0.0
stage1b_single_agent_tiny,2,2,63944,1263,1,75,75,1,0,30.261816024780273,4.0,4.0,0.0,0.5,0.0,0,0,0,48,20,-1,-1,0.0
stage1b_single_agent_tiny,2,2,63994,1264,1,75,75,1,0,29.74999237060547,4.0,4.0,0.0,0.5,0.0,0,0,0,50,23,-1,-1,0.0
stage1b_single_agent_tiny,2,2,64048,1265,1,75,75,1,0,30.496063232421875,4.0,4.0,0.0,0.5,0.0,0,0,0,54,4,-1,-1,0.0
stage1b_single_agent_tiny,2,2,64088,1266,1,75,75,1,0,110.54158020019531,4.0,4.0,2.0,0.5,0.0,0,0,0,40,14,15,1,0.05
stage1b_single_agent_tiny,2,2,64143,1267,1,75,75,1,0,29.981054306030273,4.0,4.0,0.0,0.5,0.0,0,0,0,55,28,-1,-1,0.0
stage1b_single_agent_tiny,2,2,64226,1268,1,75,75,1,0,29.4150447845459,4.0,4.0,0.0,0.5,0.0,0,0,0,83,56,-1,-1,0.0
stage1b_single_agent_tiny,2,2,64263,1269,1,75,75,1,0,30.8106632232666,4.0,4.0,0.0,0.5,0.0,0,0,0,37,10,-1,-1,0.0
stage1b_single_agent_tiny,2,2,64383,1270,1,75,75,1,0,-6.942163467407227,1.0,1.0,0.0,0.5,0.0,0,0,3,120,120,-1,-1,0.0
stage1b_single_agent_tiny,2,2,64503,1271,1,75,75,1,0,19.825754165649414,3.0,3.0,0.0,0.5,0.0,0,0,1,120,16,-1,-1,0.0
stage1b_single_agent_tiny,2,2,64556,1272,1,75,75,1,0,30.028947830200195,4.0,4.0,0.0,0.5625,0.0,0,0,0,53,25,-1,-1,0.0
stage1b_single_agent_tiny,2,2,64676,1273,1,75,75,1,0,12.309833526611328,2.0,2.0,0.0,0.5,0.0,0,0,2,120,114,-1,-1,0.0
stage1b_single_agent_tiny,2,2,64687,1274,1,75,75,1,0,151.5374298095703,4.0,4.0,3.0,0.25,0.0,0,0,0,11,5,5,0,0.2727272727272727
stage1b_single_agent_tiny,2,2,64710,1275,1,75,75,1,0,31.05760383605957,4.0,4.0,0.0,0.4375,0.0,0,0,0,23,18,-1,-1,0.0
stage1b_single_agent_tiny,2,2,64745,1276,1,75,75,1,0,31.054777145385742,4.0,4.0,0.0,0.5,0.0,0,0,0,35,5,-1,-1,0.0
stage1b_single_agent_tiny,2,2,64800,1277,1,75,75,1,0,109.24742126464844,4.0,4.0,2.0,0.5,0.0,0,0,0,55,28,28,0,0.03636363636363636
stage1b_single_agent_tiny,2,2,64831,1278,1,75,75,1,0,31.317184448242188,4.0,4.0,0.0,0.5,0.0,0,0,0,31,5,-1,-1,0.0
stage1b_single_agent_tiny,2,2,64858,1279,1,75,75,1,0,70.82917785644531,4.0,4.0,1.0,0.5,0.0,0,0,0,27,4,6,2,0.037037037037037035
stage1b_single_agent_tiny,2,2,64909,1280,1,75,75,1,0,30.0030460357666,4.0,4.0,0.0,0.5,0.0,0,0,0,51,24,-1,-1,0.0
stage1b_single_agent_tiny,2,2,65029,1281,1,75,75,1,0,9.074239730834961,3.0,3.0,0.0,0.5625,0.0,0,0,1,120,67,-1,-1,0.0
stage1b_single_agent_tiny,2,2,65053,1282,1,75,75,1,0,30.523025512695312,4.0,4.0,0.0,0.3125,0.0,0,0,0,24,19,-1,-1,0.0
stage1b_single_agent_tiny,2,2,65136,1283,1,75,75,1,0,29.41103172302246,4.0,4.0,0.0,0.5,0.0,0,0,0,83,28,-1,-1,0.0
stage1b_single_agent_tiny,2,2,65256,1284,1,75,75,1,0,-3.4587621688842773,0.0,0.0,0.0,0.5,0.0,0,0,4,120,-1,-1,-1,0.0
stage1b_single_agent_tiny,2,2,65267,1285,1,75,75,1,0,71.53209686279297,4.0,4.0,1.0,0.25,0.0,0,0,0,11,5,5,0,0.09090909090909091
stage1b_single_agent_tiny,2,2,65387,1286,1,75,75,1,0,11.354568481445312,2.0,2.0,0.0,0.5,0.0,0,0,2,120,69,-1,-1,0.0
stage1b_single_agent_tiny,2,2,65447,1287,1,75,75,1,0,29.7353515625,4.0,4.0,0.0,0.5,0.0,0,0,0,60,33,-1,-1,0.0
stage1b_single_agent_tiny,2,2,65501,1288,1,75,75,1,0,29.73589324951172,4.0,4.0,0.0,0.5,0.0,0,0,0,54,27,-1,-1,0.0
stage1b_single_agent_tiny,2,2,65518,1289,1,75,75,1,0,31.241168975830078,4.0,4.0,0.0,0.1875,0.0,0,0,0,17,4,-1,-1,0.0
stage1b_single_agent_tiny,2,2,65570,1290,1,75,75,1,0,29.757076263427734,4.0,4.0,0.0,0.5,0.0,0,0,0,52,25,-1,-1,0.0
stage1b_single_agent_tiny,2,2,65617,1291,1,75,75,1,0,30.025754928588867,4.0,4.0,0.0,0.5,0.0,0,0,0,47,22,-1,-1,0.0
stage1b_single_agent_tiny,2,2,65684,1292,1,75,75,1,0,30.228120803833008,4.0,4.0,0.0,0.5625,0.0,0,0,0,67,16,-1,-1,0.0
stage1b_single_agent_tiny,2,2,65692,1293,1,75,75,1,0,31.493408203125,4.0,4.0,0.0,0.125,0.0,0,0,0,8,2,-1,-1,0.0
stage1b_single_agent_tiny,2,2,65812,1294,1,75,75,1,0,52.050655364990234,2.0,2.0,1.0,0.5,0.0,0,0,2,120,108,108,0,0.008333333333333333
stage1b_single_agent_tiny,2,2,65869,1295,1,75,75,1,0,29.231399536132812,4.0,4.0,0.0,0.5,0.0,0,0,0,57,29,-1,-1,0.0
stage1b_single_agent_tiny,2,2,65895,1296,1,75,75,1,0,31.326995849609375,4.0,4.0,0.0,0.5,0.0,0,0,0,26,2,-1,-1,0.0
stage1b_single_agent_tiny,2,2,65906,1297,1,75,75,1,0,31.242721557617188,4.0,4.0,0.0,0.125,0.0,0,0,0,11,4,-1,-1,0.0
stage1b_single_agent_tiny,2,2,65934,1298,1,75,75,1,0,30.811246871948242,4.0,4.0,0.0,0.5,0.0,0,0,0,28,23,-1,-1,0.0
stage1b_single_agent_tiny,2,2,65968,1299,1,75,75,1,0,30.802692413330078,4.0,4.0,0.0,0.4375,0.0,0,0,0,34,6,-1,-1,0.0
stage1b_single_agent_tiny,2,2,66041,1300,1,75,75,1,0,30.178956985473633,4.0,4.0,0.0,0.5,0.0,0,0,0,73,22,-1,-1,0.0
stage1b_single_agent_tiny,2,2,66091,1301,1,75,75,1,0,70.02093505859375,4.0,4.0,1.0,0.5,0.0,0,0,0,50,22,25,3,0.02
stage1b_single_agent_tiny,2,2,66107,1302,1,75,75,1,0,31.552902221679688,4.0,4.0,0.0,0.375,0.0,0,0,0,16,11,-1,-1,0.0
stage1b_single_agent_tiny,2,2,66142,1303,1,75,75,1,0,30.272319793701172,4.0,4.0,0.0,0.4375,0.0,0,0,0,35,30,-1,-1,0.0
stage1b_single_agent_tiny,2,2,66180,1304,1,75,75,1,0,30.046733856201172,4.0,4.0,0.0,0.5,0.0,0,0,0,38,8,-1,-1,0.0
stage1b_single_agent_tiny,2,2,66300,1305,1,75,75,1,0,-3.4400506019592285,0.0,0.0,0.0,0.5,0.0,0,0,4,120,-1,-1,-1,0.0
stage1b_single_agent_tiny,2,2,66356,1306,1,75,75,1,0,29.734935760498047,4.0,4.0,0.0,0.5,0.0,0,0,0,56,28,-1,-1,0.0
stage1b_single_agent_tiny,2,2,66392,1307,1,75,75,1,0,30.303035736083984,4.0,4.0,0.0,0.5,0.0,0,0,0,36,12,-1,-1,0.0
stage1b_single_agent_tiny,2,2,66441,1308,1,75,75,1,0,29.74613380432129,4.0,4.0,0.0,0.4375,0.0,0,0,0,49,20,-1,-1,0.0
stage1b_single_agent_tiny,2,2,66494,1309,1,75,75,1,0,29.509092330932617,4.0,4.0,0.0,0.5,0.0,0,0,0,53,24,-1,-1,0.0
stage1b_single_agent_tiny,2,2,66557,1310,1,75,75,1,0,29.982913970947266,4.0,4.0,0.0,0.5,0.0,0,0,0,63,36,-1,-1,0.0
stage1b_single_agent_tiny,2,2,66677,1311,1,75,75,1,0,-3.4386184215545654,0.0,0.0,0.0,0.5,0.0,0,0,4,120,-1,-1,-1,0.0
stage1b_single_agent_tiny,2,2,66695,1312,1,75,75,1,0,31.273624420166016,4.0,4.0,0.0,0.3125,0.0,0,0,0,18,12,-1,-1,0.0
stage1b_single_agent_tiny,2,2,66727,1313,1,75,75,1,0,31.03285789489746,4.0,4.0,0.0,0.4375,0.0,0,0,0,32,4,-1,-1,0.0
stage1b_single_agent_tiny,2,2,66801,1314,1,75,75,1,0,29.448623657226562,4.0,4.0,0.0,0.5,0.0,0,0,0,74,22,-1,-1,0.0
stage1b_single_agent_tiny,2,2,66858,1315,1,75,75,1,0,29.49277687072754,4.0,4.0,0.0,0.5,0.0,0,0,0,57,29,-1,-1,0.0
stage1b_single_agent_tiny,2,2,66890,1316,1,75,75,1,0,31.069252014160156,4.0,4.0,0.0,0.5,0.0,0,0,0,32,4,-1,-1,0.0
stage1b_single_agent_tiny,2,2,67010,1317,1,75,75,1,0,12.564189910888672,2.0,2.0,0.0,0.5,0.0,0,0,2,120,86,-1,-1,0.0
stage1b_single_agent_tiny,2,2,67071,1318,1,75,75,1,0,29.732290267944336,4.0,4.0,0.0,0.5,0.0,0,0,0,61,33,-1,-1,0.0
stage1b_single_agent_tiny,2,2,67161,1319,1,75,75,1,0,28.68305206298828,4.0,4.0,0.0,0.5,0.0,0,0,0,90,37,-1,-1,0.0
stage1b_single_agent_tiny,2,2,67198,1320,1,75,75,1,0,30.565155029296875,4.0,4.0,0.0,0.5,0.0,0,0,0,37,9,-1,-1,0.0
stage1b_single_agent_tiny,2,2,67217,1321,1,75,75,1,0,30.488967895507812,4.0,4.0,0.0,0.1875,0.0,0,0,0,19,13,-1,-1,0.0
stage1b_single_agent_tiny,2,2,67284,1322,1,75,75,1,0,29.212602615356445,4.0,4.0,0.0,0.5,0.0,0,0,0,67,18,-1,-1,0.0
stage1b_single_agent_tiny,2,2,67305,1323,1,75,75,1,0,31.263961791992188,4.0,4.0,0.0,0.25,0.0,0,0,0,21,2,-1,-1,0.0
stage1b_single_agent_tiny,2,2,67329,1324,1,75,75,1,0,31.01268196105957,4.0,4.0,0.0,0.3125,0.0,0,0,0,24,19,-1,-1,0.0
stage1b_single_agent_tiny,2,2,67411,1325,1,75,75,1,0,29.16622543334961,4.0,4.0,0.0,0.5,0.0,0,0,0,82,31,-1,-1,0.0
stage1b_single_agent_tiny,2,2,67463,1326,1,75,75,1,0,29.765121459960938,4.0,4.0,0.0,0.5,0.0,0,0,0,52,24,-1,-1,0.0
stage1b_single_agent_tiny,2,2,67510,1327,1,75,75,1,0,30.772506713867188,4.0,4.0,0.0,0.5,0.0,0,0,0,47,21,-1,-1,0.0
stage1b_single_agent_tiny,2,2,67561,1328,1,75,75,1,0,30.272504806518555,4.0,4.0,0.0,0.5625,0.0,0,0,0,51,24,-1,-1,0.0
stage1b_single_agent_tiny,2,2,67669,1329,1,75,75,1,0,27.60141372680664,4.0,4.0,0.0,0.5,0.0,0,0,0,108,31,-1,-1,0.0
stage1b_single_agent_tiny,2,2,67711,1330,1,75,75,1,0,30.551965713500977,4.0,4.0,0.0,0.5625,0.0,0,0,0,42,14,-1,-1,0.0
stage1b_single_agent_tiny,2,2,67831,1331,1,75,75,1,0,-2.70306396484375,0.0,0.0,0.0,0.5,0.0,0,0,4,120,-1,-1,-1,0.0
stage1b_single_agent_tiny,2,2,67878,1332,1,75,75,1,0,30.294492721557617,4.0,4.0,0.0,0.5625,0.0,0,0,0,47,19,-1,-1,0.0
stage1b_single_agent_tiny,2,2,67926,1333,1,75,75,1,0,30.279687881469727,4.0,4.0,0.0,0.5,0.0,0,0,0,48,22,-1,-1,0.0
stage1b_single_agent_tiny,2,2,67960,1334,1,75,75,1,0,30.78800392150879,4.0,4.0,0.0,0.4375,0.0,0,0,0,34,6,-1,-1,0.0
stage1b_single_agent_tiny,2,2,67974,1335,1,75,75,1,0,31.537189483642578,4.0,4.0,0.0,0.3125,0.0,0,0,0,14,9,-1,-1,0.0
stage1b_single_agent_tiny,2,2,67985,1336,1,75,75,1,0,111.79904174804688,4.0,4.0,2.0,0.3125,0.0,0,0,0,11,5,5,0,0.18181818181818182
stage1b_single_agent_tiny,2,2,68056,1337,1,75,75,1,0,29.2211856842041,4.0,4.0,0.0,0.5,0.0,0,0,0,71,19,-1,-1,0.0
stage1b_single_agent_tiny,2,2,68102,1338,1,75,75,1,0,30.024961471557617,4.0,4.0,0.0,0.5,0.0,0,0,0,46,19,-1,-1,0.0
stage1b_single_agent_tiny,2,2,68142,1339,1,75,75,1,0,31.27744483947754,4.0,4.0,0.0,0.5,0.0,0,0,0,40,14,-1,-1,0.0
stage1b_single_agent_tiny,2,2,68221,1340,1,75,75,1,0,28.923810958862305,4.0,4.0,0.0,0.5,0.0,0,0,0,79,28,-1,-1,0.0
stage1b_single_agent_tiny,2,2,68293,1341,1,75,75,1,0,29.227205276489258,4.0,4.0,0.0,0.5625,0.0,0,0,0,72,44,-1,-1,0.0
stage1b_single_agent_tiny,2,2,68319,1342,1,75,75,1,0,31.04718589782715,4.0,4.0,0.0,0.4375,0.0,0,0,0,26,20,-1,-1,0.0
stage1b_single_agent_tiny,2,2,68343,1343,1,75,75,1,0,71.0789566040039,4.0,4.0,1.0,0.5,0.0,0,0,0,24,19,19,0,0.041666666666666664
stage1b_single_agent_tiny,2,2,68463,1344,1,75,75,1,0,2.853715658187866,1.0,1.0,0.0,0.5,0.0,0,0,3,120,48,-1,-1,0.0
stage1b_single_agent_tiny,2,2,68472,1345,1,75,75,1,0,31.491483688354492,4.0,4.0,0.0,0.125,0.0,0,0,0,9,4,-1,-1,0.0
stage1b_single_agent_tiny,2,2,68489,1346,1,75,75,1,0,31.55154800415039,4.0,4.0,0.0,0.375,0.0,0,0,0,17,12,-1,-1,0.0
stage1b_single_agent_tiny,2,2,68528,1347,1,75,75,1,0,30.79250144958496,4.0,4.0,0.0,0.5,0.0,0,0,0,39,13,-1,-1,0.0
stage1b_single_agent_tiny,2,2,68611,1348,1,75,75,1,0,28.929338455200195,4.0,4.0,0.0,0.5,0.0,0,0,0,83,30,-1,-1,0.0
stage1b_single_agent_tiny,2,2,68657,1349,1,75,75,1,0,110.52655029296875,4.0,4.0,2.0,0.5,0.0,0,0,0,46,20,20,0,0.043478260869565216
stage1b_single_agent_tiny,2,2,68701,1350,1,75,75,1,0,30.021085739135742,4.0,4.0,0.0,0.4375,0.0,0,0,0,44,16,-1,-1,0.0
stage1b_single_agent_tiny,2,2,68742,1351,1,75,75,1,0,30.77970314025879,4.0,4.0,0.0,0.5,0.0,0,0,0,41,14,-1,-1,0.0
stage1b_single_agent_tiny,2,2,68776,1352,1,75,75,1,0,30.29475975036621,4.0,4.0,0.0,0.5,0.0,0,0,0,34,29,-1,-1,0.0
stage1b_single_agent_tiny,2,2,68812,1353,1,75,75,1,0,30.810535430908203,4.0,4.0,0.0,0.5,0.0,0,0,0,36,7,-1,-1,0.0
stage1b_single_agent_tiny,2,2,68839,1354,1,75,75,1,0,31.318012237548828,4.0,4.0,0.0,0.5,0.0,0,0,0,27,3,-1,-1,0.0
stage1b_single_agent_tiny,2,2,68887,1355,1,75,75,1,0,109.76641845703125,4.0,4.0,2.0,0.5,0.0,0,0,0,48,19,19,0,0.041666666666666664
stage1b_single_agent_tiny,2,2,68918,1356,1,75,75,1,0,31.07221221923828,4.0,4.0,0.0,0.5,0.0,0,0,0,31,4,-1,-1,0.0
stage1b_single_agent_tiny,2,2,68963,1357,1,75,75,1,0,30.797780990600586,4.0,4.0,0.0,0.5625,0.0,0,0,0,45,2,-1,-1,0.0
stage1b_single_agent_tiny,2,2,69059,1358,1,75,75,1,0,29.37775230407715,4.0,4.0,0.0,0.5,0.0,0,0,0,96,47,-1,-1,0.0
stage1b_single_agent_tiny,2,2,69179,1359,1,75,75,1,0,13.055142402648926,2.0,2.0,0.0,0.5,0.0,0,0,2,120,2,-1,-1,0.0
stage1b_single_agent_tiny,2,2,69248,1360,1,75,75,1,0,29.74391746520996,4.0,4.0,0.0,0.5625,0.0,0,0,0,69,42,-1,-1,0.0
stage1b_single_agent_tiny,2,2,69293,1361,1,75,75,1,0,110.27112579345703,4.0,4.0,2.0,0.5,0.0,0,0,0,45,19,19,0,0.044444444444444446
stage1b_single_agent_tiny,2,2,69343,1362,1,75,75,1,0,30.26287078857422,4.0,4.0,0.0,0.5,0.0,0,0,0,50,25,-1,-1,0.0
stage1b_single_agent_tiny,2,2,69410,1363,1,75,75,1,0,29.715116500854492,4.0,4.0,0.0,0.5,0.0,0,0,0,67,17,-1,-1,0.0
stage1b_single_agent_tiny,2,2,69480,1364,1,75,75,1,0,69.71546936035156,4.0,4.0,1.0,0.5,0.0,0,0,0,70,42,66,24,0.014285714285714285
stage1b_single_agent_tiny,2,2,69560,1365,1,75,75,1,0,28.91689682006836,4.0,4.0,0.0,0.5,0.0,0,0,0,80,29,-1,-1,0.0
stage1b_single_agent_tiny,2,2,69604,1366,1,75,75,1,0,30.538846969604492,4.0,4.0,0.0,0.5,0.0,0,0,0,44,17,-1,-1,0.0
stage1b_single_agent_tiny,2,2,69614,1367,1,75,75,1,0,71.55339050292969,4.0,4.0,1.0,0.3125,0.0,0,0,0,10,4,4,0,0.1
stage1b_single_agent_tiny,2,2,69682,1368,1,75,75,1,0,29.486291885375977,4.0,4.0,0.0,0.5625,0.0,0,0,0,68,19,-1,-1,0.0
stage1b_single_agent_tiny,2,2,69733,1369,1,75,75,1,0,29.746726989746094,4.0,4.0,0.0,0.5,0.0,0,0,0,51,26,-1,-1,0.0
stage1b_single_agent_tiny,2,2,69796,1370,1,75,75,1,0,29.748157501220703,4.0,4.0,0.0,0.5,0.0,0,0,0,63,12,-1,-1,0.0
stage1b_single_agent_tiny,2,2,69833,1371,1,75,75,1,0,70.03971099853516,4.0,4.0,1.0,0.5,0.0,0,0,0,37,32,32,0,0.02702702702702703
stage1b_single_agent_tiny,2,2,69869,1372,1,75,75,1,0,29.791810989379883,4.0,4.0,0.0,0.5,0.0,0,0,0,36,30,-1,-1,0.0
stage1b_single_agent_tiny,2,2,69931,1373,1,75,75,1,0,29.740938186645508,4.0,4.0,0.0,0.5,0.0,0,0,0,62,12,-1,-1,0.0
stage1b_single_agent_tiny,2,2,69941,1374,1,75,75,1,0,31.52992057800293,4.0,4.0,0.0,0.25,0.0,0,0,0,10,4,-1,-1,0.0
stage1b_single_agent_tiny,2,2,70023,1375,1,75,75,1,0,28.201894760131836,4.0,4.0,0.0,0.5625,0.0,0,0,0,82,29,-1,-1,0.0
stage1b_single_agent_tiny,2,2,70077,1376,1,75,75,1,0,30.033292770385742,4.0,4.0,0.0,0.5625,0.0,0,0,0,54,26,-1,-1,0.0
stage1b_single_agent_tiny,2,2,70100,1377,1,75,75,1,0,71.2917709350586,4.0,4.0,1.0,0.375,0.0,0,0,0,23,2,21,19,0.043478260869565216
stage1b_single_agent_tiny,2,2,70220,1378,1,75,75,1,0,13.057093620300293,2.0,2.0,0.0,0.5,0.0,0,0,2,120,10,-1,-1,0.0
stage1b_single_agent_tiny,2,2,70340,1379,1,75,75,1,0,-2.2007267475128174,0.0,0.0,0.0,0.5,0.0,0,0,4,120,-1,-1,-1,0.0
stage1b_single_agent_tiny,2,2,70396,1380,1,75,75,1,0,29.750398635864258,4.0,4.0,0.0,0.5,0.0,0,0,0,56,28,-1,-1,0.0
stage1b_single_agent_tiny,2,2,70438,1381,1,75,75,1,0,70.28997802734375,4.0,4.0,1.0,0.5,0.0,0,0,0,42,15,16,1,0.023809523809523808
stage1b_single_agent_tiny,2,2,70474,1382,1,75,75,1,0,30.81032371520996,4.0,4.0,0.0,0.5,0.0,0,0,0,36,8,-1,-1,0.0
stage1b_single_agent_tiny,2,2,70483,1383,1,75,75,1,0,71.51641845703125,4.0,4.0,1.0,0.1875,0.0,0,0,0,9,3,9,6,0.1111111111111111
stage1b_single_agent_tiny,2,2,70511,1384,1,75,75,1,0,30.817453384399414,4.0,4.0,0.0,0.5,0.0,0,0,0,28,22,-1,-1,0.0
stage1b_single_agent_tiny,2,2,70525,1385,1,75,75,1,0,31.476699829101562,4.0,4.0,0.0,0.125,0.0,0,0,0,14,2,-1,-1,0.0
stage1b_single_agent_tiny,2,2,70536,1386,1,75,75,1,0,191.54168701171875,4.0,4.0,4.0,0.25,0.0,0,0,0,11,8,8,0,0.36363636363636365
stage1b_single_agent_tiny,2,2,70565,1387,1,75,75,1,0,30.777265548706055,4.0,4.0,0.0,0.375,0.0,0,0,0,29,7,-1,-1,0.0
stage1b_single_agent_tiny,2,2,70616,1388,1,75,75,1,0,30.01015853881836,4.0,4.0,0.0,0.5,0.0,0,0,0,51,26,-1,-1,0.0
stage1b_single_agent_tiny,2,2,70666,1389,1,75,75,1,0,30.50623321533203,4.0,4.0,0.0,0.5,0.0,0,0,0,50,24,-1,-1,0.0
stage1b_single_agent_tiny,2,2,70712,1390,1,75,75,1,0,69.77313232421875,4.0,4.0,1.0,0.5,0.0,0,0,0,46,19,20,1,0.021739130434782608
stage1b_single_agent_tiny,2,2,70758,1391,1,75,75,1,0,30.265077590942383,4.0,4.0,0.0,0.5,0.0,0,0,0,46,20,-1,-1,0.0
stage1b_single_agent_tiny,2,2,70802,1392,1,75,75,1,0,30.02000617980957,4.0,4.0,0.0,0.5,0.0,0,0,0,44,16,-1,-1,0.0
stage1b_single_agent_tiny,2,2,70815,1393,1,75,75,1,0,31.252246856689453,4.0,4.0,0.0,0.1875,0.0,0,0,0,13,3,-1,-1,0.0
stage1b_single_agent_tiny,2,2,70830,1394,1,75,75,1,0,31.50018882751465,4.0,4.0,0.0,0.1875,0.0,0,0,0,15,10,-1,-1,0.0
stage1b_single_agent_tiny,2,2,70861,1395,1,75,75,1,0,111.07378387451172,4.0,4.0,2.0,0.5,0.0,0,0,0,31,6,7,1,0.06451612903225806
stage1b_single_agent_tiny,2,2,70905,1396,1,75,75,1,0,29.522258758544922,4.0,4.0,0.0,0.5,0.0,0,0,0,44,18,-1,-1,0.0
stage1b_single_agent_tiny,2,2,70938,1397,1,75,75,1,0,30.797311782836914,4.0,4.0,0.0,0.4375,0.0,0,0,0,33,6,-1,-1,0.0
stage1b_single_agent_tiny,2,2,70985,1398,1,75,75,1,0,30.538799285888672,4.0,4.0,0.0,0.5625,0.0,0,0,0,47,20,-1,-1,0.0
stage1b_single_agent_tiny,2,2,71015,1399,1,75,75,1,0,31.3229923248291,4.0,4.0,0.0,0.5,0.0,0,0,0,30,3,-1,-1,0.0
stage1b_single_agent_tiny,2,2,71084,1400,1,75,75,1,0,29.735719680786133,4.0,4.0,0.0,0.5625,0.0,0,0,0,69,16,-1,-1,0.0
stage1b_single_agent_tiny,2,2,71121,1401,1,75,75,1,0,31.294055938720703,4.0,4.0,0.0,0.5,0.0,0,0,0,37,9,-1,-1,0.0
stage1b_single_agent_tiny,2,2,71241,1402,1,75,75,1,0,3.7975361347198486,1.0,1.0,0.0,0.5,0.0,0,0,3,120,109,-1,-1,0.0
stage1b_single_agent_tiny,2,2,71282,1403,1,75,75,1,0,31.2978572845459,4.0,4.0,0.0,0.5625,0.0,0,0,0,41,4,-1,-1,0.0
stage1b_single_agent_tiny,2,2,71319,1404,1,75,75,1,0,110.8184585571289,4.0,4.0,2.0,0.5625,0.0,0,0,0,37,8,8,0,0.05405405405405406
stage1b_single_agent_tiny,2,2,71388,1405,1,75,75,1,0,29.727109909057617,4.0,4.0,0.0,0.5625,0.0,0,0,0,69,19,-1,-1,0.0
stage1b_single_agent_tiny,2,2,71443,1406,1,75,75,1,0,110.27890014648438,4.0,4.0,2.0,0.5625,0.0,0,0,0,55,30,30,0,0.03636363636363636
stage1b_single_agent_tiny,2,2,71451,1407,1,75,75,1,0,31.49362564086914,4.0,4.0,0.0,0.125,0.0,0,0,0,8,2,-1,-1,0.0
stage1b_single_agent_tiny,2,2,71476,1408,1,75,75,1,0,70.54216003417969,4.0,4.0,1.0,0.375,0.0,0,0,0,25,21,25,4,0.04
stage1b_single_agent_tiny,2,2,71550,1409,1,75,75,1,0,29.703758239746094,4.0,4.0,0.0,0.5,0.0,0,0,0,74,21,-1,-1,0.0
stage1b_single_agent_tiny,2,2,71595,1410,1,75,75,1,0,110.55207824707031,4.0,4.0,2.0,0.5625,0.0,0,0,0,45,19,19,0,0.044444444444444446
stage1b_single_agent_tiny,2,2,71671,1411,1,75,75,1,0,28.93235206604004,4.0,4.0,0.0,0.5,0.0,0,0,0,76,26,-1,-1,0.0
stage1b_single_agent_tiny,2,2,71698,1412,1,75,75,1,0,71.3290786743164,4.0,4.0,1.0,0.5,0.0,0,0,0,27,2,3,1,0.037037037037037035
stage1b_single_agent_tiny,2,2,71748,1413,1,75,75,1,0,30.28891944885254,4.0,4.0,0.0,0.5625,0.0,0,0,0,50,24,-1,-1,0.0
stage1b_single_agent_tiny,2,2,71825,1414,1,75,75,1,0,29.227067947387695,4.0,4.0,0.0,0.5625,0.0,0,0,0,77,51,-1,-1,0.0
stage1b_single_agent_tiny,2,2,71918,1415,1,75,75,1,0,28.66043472290039,4.0,4.0,0.0,0.5,0.0,0,0,0,93,42,-1,-1,0.0
stage1b_single_agent_tiny,2,2,71933,1416,1,75,75,1,0,71.2426986694336,4.0,4.0,1.0,0.1875,0.0,0,0,0,15,11,15,4,0.06666666666666667
stage1b_single_agent_tiny,2,2,71973,1417,1,75,75,1,0,30.553136825561523,4.0,4.0,0.0,0.5,0.0,0,0,0,40,12,-1,-1,0.0
stage1b_single_agent_tiny,2,2,72039,1418,1,75,75,1,0,29.46014404296875,4.0,4.0,0.0,0.5,0.0,0,0,0,66,15,-1,-1,0.0
stage1b_single_agent_tiny,2,2,72159,1419,1,75,75,1,0,19.809059143066406,3.0,3.0,0.0,0.5,0.0,0,0,1,120,6,-1,-1,0.0
stage1b_single_agent_tiny,2,2,72213,1420,1,75,75,1,0,109.75455474853516,4.0,4.0,2.0,0.5,0.0,0,0,0,54,31,31,0,0.037037037037037035
stage1b_single_agent_tiny,2,2,72295,1421,1,75,75,1,0,29.222843170166016,4.0,4.0,0.0,0.5625,0.0,0,0,0,82,31,-1,-1,0.0
stage1b_single_agent_tiny,2,2,72335,1422,1,75,75,1,0,30.52104949951172,4.0,4.0,0.0,0.5,0.0,0,0,0,40,13,-1,-1,0.0
stage1b_single_agent_tiny,2,2,72385,1423,1,75,75,1,0,30.504079818725586,4.0,4.0,0.0,0.5,0.0,0,0,0,50,24,-1,-1,0.0
stage1b_single_agent_tiny,2,2,72431,1424,1,75,75,1,0,30.257369995117188,4.0,4.0,0.0,0.4375,0.0,0,0,0,46,17,-1,-1,0.0
stage1b_single_agent_tiny,2,2,72461,1425,1,75,75,1,0,31.06401824951172,4.0,4.0,0.0,0.5,0.0,0,0,0,30,5,-1,-1,0.0
stage1b_single_agent_tiny,2,2,72540,1426,1,75,75,1,0,29.924570083618164,4.0,4.0,0.0,0.5,0.0,0,0,0,79,2,-1,-1,0.0
stage1b_single_agent_tiny,2,2,72564,1427,1,75,75,1,0,31.04317283630371,4.0,4.0,0.0,0.375,0.0,0,0,0,24,19,-1,-1,0.0
stage1b_single_agent_tiny,2,2,72609,1428,1,75,75,1,0,30.26737403869629,4.0,4.0,0.0,0.5,0.0,0,0,0,45,19,-1,-1,0.0
stage1b_single_agent_tiny,2,2,72631,1429,1,75,75,1,0,31.009008407592773,4.0,4.0,0.0,0.3125,0.0,0,0,0,22,17,-1,-1,0.0
stage1b_single_agent_tiny,2,2,72688,1430,1,75,75,1,0,29.49526023864746,4.0,4.0,0.0,0.5,0.0,0,0,0,57,31,-1,-1,0.0
stage1b_single_agent_tiny,2,2,72752,1431,1,75,75,1,0,29.22532081604004,4.0,4.0,0.0,0.5,0.0,0,0,0,64,6,-1,-1,0.0
stage1b_single_agent_tiny,2,2,72807,1432,1,75,75,1,0,29.737808227539062,4.0,4.0,0.0,0.5,0.0,0,0,0,55,28,-1,-1,0.0
stage1b_single_agent_tiny,2,2,72846,1433,1,75,75,1,0,110.81539154052734,4.0,4.0,2.0,0.5625,0.0,0,0,0,39,10,10,0,0.05128205128205128
stage1b_single_agent_tiny,2,2,72917,1434,1,75,75,1,0,29.24411964416504,4.0,4.0,0.0,0.5625,0.0,0,0,0,71,21,-1,-1,0.0
stage1b_single_agent_tiny,2,2,73037,1435,1,75,75,1,0,4.307002544403076,1.0,1.0,0.0,0.5,0.0,0,0,3,120,20,-1,-1,0.0
stage1b_single_agent_tiny,2,2,73078,1436,1,75,75,1,0,30.545047760009766,4.0,4.0,0.0,0.5,0.0,0,0,0,41,13,-1,-1,0.0
stage1b_single_agent_tiny,2,2,73135,1437,1,75,75,1,0,29.229711532592773,4.0,4.0,0.0,0.5,0.0,0,0,0,57,28,-1,-1,0.0
stage1b_single_agent_tiny,2,2,73255,1438,1,75,75,1,0,-3.225602388381958,0.0,0.0,0.0,0.5,0.0,0,0,4,120,-1,-1,-1,0.0
stage1b_single_agent_tiny,2,2,73299,1439,1,75,75,1,0,30.798030853271484,4.0,4.0,0.0,0.5625,0.0,0,0,0,44,18,-1,-1,0.0
stage1b_single_agent_tiny,2,2,73331,1440,1,75,75,1,0,30.79749870300293,4.0,4.0,0.0,0.4375,0.0,0,0,0,32,7,-1,-1,0.0
stage1b_single_agent_tiny,2,2,73386,1441,1,75,75,1,0,30.25821876525879,4.0,4.0,0.0,0.5,0.0,0,0,0,55,28,-1,-1,0.0
stage1b_single_agent_tiny,2,2,73421,1442,1,75,75,1,0,31.304018020629883,4.0,4.0,0.0,0.5,0.0,0,0,0,35,8,-1,-1,0.0
stage1b_single_agent_tiny,2,2,73469,1443,1,75,75,1,0,30.535329818725586,4.0,4.0,0.0,0.5625,0.0,0,0,0,48,22,-1,-1,0.0
stage1b_single_agent_tiny,2,2,73521,1444,1,75,75,1,0,30.016206741333008,4.0,4.0,0.0,0.5,0.0,0,0,0,52,25,-1,-1,0.0
stage1b_single_agent_tiny,2,2,73598,1445,1,75,75,1,0,29.43648338317871,4.0,4.0,0.0,0.5,0.0,0,0,0,77,25,-1,-1,0.0
stage1b_single_agent_tiny,2,2,73690,1446,1,75,75,1,0,29.42439079284668,4.0,4.0,0.0,0.5625,0.0,0,0,0,92,41,-1,-1,0.0
stage1b_single_agent_tiny,2,2,73773,1447,1,75,75,1,0,29.16218376159668,4.0,4.0,0.0,0.5,0.0,0,0,0,83,31,-1,-1,0.0
stage1b_single_agent_tiny,2,2,73847,1448,1,75,75,1,0,29.23345375061035,4.0,4.0,0.0,0.5625,0.0,0,0,0,74,20,-1,-1,0.0
stage1b_single_agent_tiny,2,2,73931,1449,1,75,75,1,0,29.20268440246582,4.0,4.0,0.0,0.5,0.0,0,0,0,84,33,-1,-1,0.0
stage1b_single_agent_tiny,2,2,73949,1450,1,75,75,1,0,31.54261016845703,4.0,4.0,0.0,0.375,0.0,0,0,0,18,13,-1,-1,0.0
stage1b_single_agent_tiny,2,2,74016,1451,1,75,75,1,0,28.974584579467773,4.0,4.0,0.0,0.5,0.0,0,0,0,67,15,-1,-1,0.0
stage1b_single_agent_tiny,2,2,74072,1452,1,75,75,1,0,29.252574920654297,4.0,4.0,0.0,0.5,0.0,0,0,0,56,29,-1,-1,0.0
stage1b_single_agent_tiny,2,2,74112,1453,1,75,75,1,0,30.8066349029541,4.0,4.0,0.0,0.5625,0.0,0,0,0,40,11,-1,-1,0.0
stage1b_single_agent_tiny,2,2,74232,1454,1,75,75,1,0,-2.925400495529175,0.0,0.0,0.0,0.5625,0.0,0,0,4,120,-1,-1,-1,0.0
stage1b_single_agent_tiny,2,2,74272,1455,1,75,75,1,0,30.53554344177246,4.0,4.0,0.0,0.5,0.0,0,0,0,40,15,-1,-1,0.0
stage1b_single_agent_tiny,2,2,74333,1456,1,75,75,1,0,29.235145568847656,4.0,4.0,0.0,0.5,0.0,0,0,0,61,35,-1,-1,0.0
stage1b_single_agent_tiny,2,2,74379,1457,1,75,75,1,0,30.49302864074707,4.0,4.0,0.0,0.4375,0.0,0,0,0,46,21,-1,-1,0.0
stage1b_single_agent_tiny,2,2,74426,1458,1,75,75,1,0,30.52607536315918,4.0,4.0,0.0,0.5,0.0,0,0,0,47,19,-1,-1,0.0
stage1b_single_agent_tiny,2,2,74484,1459,1,75,75,1,0,30.277408599853516,4.0,4.0,0.0,0.5625,0.0,0,0,0,58,32,-1,-1,0.0
stage1b_single_agent_tiny,2,2,74539,1460,1,75,75,1,0,29.512514114379883,4.0,4.0,0.0,0.5,0.0,0,0,0,55,3,-1,-1,0.0
stage1b_single_agent_tiny,2,2,74601,1461,1,75,75,1,0,29.989259719848633,4.0,4.0,0.0,0.5625,0.0,0,0,0,62,4,-1,-1,0.0
stage1b_single_agent_tiny,2,2,74649,1462,1,75,75,1,0,70.01130676269531,4.0,4.0,1.0,0.5,0.0,0,0,0,48,20,20,0,0.020833333333333332
stage1b_single_agent_tiny,2,2,74698,1463,1,75,75,1,0,30.27848243713379,4.0,4.0,0.0,0.5625,0.0,0,0,0,49,21,-1,-1,0.0
stage1b_single_agent_tiny,2,2,74751,1464,1,75,75,1,0,70.03053283691406,4.0,4.0,1.0,0.5625,0.0,0,0,0,53,2,2,0,0.018867924528301886
stage1b_single_agent_tiny,2,2,74803,1465,1,75,75,1,0,29.994672775268555,4.0,4.0,0.0,0.5,0.0,0,0,0,52,24,-1,-1,0.0
stage1b_single_agent_tiny,2,2,74852,1466,1,75,75,1,0,109.774658203125,4.0,4.0,2.0,0.5,0.0,0,0,0,49,20,20,0,0.04081632653061224
stage1b_single_agent_tiny,2,2,74972,1467,1,75,75,1,0,-3.942887783050537,0.0,0.0,0.0,0.5,0.0,0,0,4,120,-1,-1,-1,0.0
stage1b_single_agent_tiny,2,2,75032,1468,1,75,75,1,0,29.238718032836914,4.0,4.0,0.0,0.5,0.0,0,0,0,60,32,-1,-1,0.0
stage1b_single_agent_tiny,2,2,75152,1469,1,75,75,1,0,11.810175895690918,2.0,2.0,0.0,0.5,0.0,0,0,2,120,33,-1,-1,0.0
stage1b_single_agent_tiny,2,2,75190,1470,1,75,75,1,0,30.01517105102539,4.0,4.0,0.0,0.4375,0.0,0,0,0,38,33,-1,-1,0.0
stage1b_single_agent_tiny,2,2,75205,1471,1,75,75,1,0,31.54669189453125,4.0,4.0,0.0,0.3125,0.0,0,0,0,15,10,-1,-1,0.0
stage1b_single_agent_tiny,2,2,75253,1472,1,75,75,1,0,30.2546443939209,4.0,4.0,0.0,0.5,0.0,0,0,0,48,42,-1,-1,0.0
stage1b_single_agent_tiny,2,2,75298,1473,1,75,75,1,0,30.258010864257812,4.0,4.0,0.0,0.5,0.0,0,0,0,45,20,-1,-1,0.0
stage1b_single_agent_tiny,2,2,75355,1474,1,75,75,1,0,29.759654998779297,4.0,4.0,0.0,0.5,0.0,0,0,0,57,29,-1,-1,0.0
stage1b_single_agent_tiny,2,2,75417,1475,1,75,75,1,0,29.224863052368164,4.0,4.0,0.0,0.5,0.0,0,0,0,62,36,-1,-1,0.0
stage1b_single_agent_tiny,2,2,75465,1476,1,75,75,1,0,30.0274600982666,4.0,4.0,0.0,0.5,0.0,0,0,0,48,22,-1,-1,0.0
stage1b_single_agent_tiny,2,2,75557,1477,1,75,75,1,0,29.386987686157227,4.0,4.0,0.0,0.5,0.0,0,0,0,92,2,-1,-1,0.0
stage1b_single_agent_tiny,2,2,75677,1478,1,75,75,1,0,-4.7019219398498535,0.0,0.0,0.0,0.5,0.0,0,0,4,120,-1,-1,-1,0.0
stage1b_single_agent_tiny,2,2,75711,1479,1,75,75,1,0,70.81558990478516,4.0,4.0,1.0,0.5,0.0,0,0,0,34,7,10,3,0.029411764705882353
stage1b_single_agent_tiny,2,2,75777,1480,1,75,75,1,0,30.48122787475586,4.0,4.0,0.0,0.5625,0.0,0,0,0,66,14,-1,-1,0.0
stage1b_single_agent_tiny,2,2,75830,1481,1,75,75,1,0,29.99150848388672,4.0,4.0,0.0,0.4375,0.0,0,0,0,53,24,-1,-1,0.0
stage1b_single_agent_tiny,2,2,75841,1482,1,75,75,1,0,31.242733001708984,4.0,4.0,0.0,0.125,0.0,0,0,0,11,4,-1,-1,0.0
stage1b_single_agent_tiny,2,2,75865,1483,1,75,75,1,0,31.32193946838379,4.0,4.0,0.0,0.5,0.0,0,0,0,24,19,-1,-1,0.0
stage1b_single_agent_tiny,2,2,75912,1484,1,75,75,1,0,30.02515983581543,4.0,4.0,0.0,0.5,0.0,0,0,0,47,20,-1,-1,0.0
stage1b_single_agent_tiny,2,2,75924,1485,1,75,75,1,0,31.254377365112305,4.0,4.0,0.0,0.1875,0.0,0,0,0,12,3,-1,-1,0.0
stage1b_single_agent_tiny,2,2,75996,1486,1,75,75,1,0,29.716251373291016,4.0,4.0,0.0,0.5625,0.0,0,0,0,72,45,-1,-1,0.0
stage1b_single_agent_tiny,2,2,76116,1487,1,75,75,1,0,11.810498237609863,2.0,2.0,0.0,0.5,0.0,0,0,2,120,35,-1,-1,0.0
stage1b_single_agent_tiny,2,2,76174,1488,1,75,75,1,0,109.74566650390625,4.0,4.0,2.0,0.5,0.0,0,0,0,58,29,29,0,0.034482758620689655
stage1b_single_agent_tiny,2,2,76211,1489,1,75,75,1,0,30.54291343688965,4.0,4.0,0.0,0.5,0.0,0,0,0,37,5,-1,-1,0.0
stage1b_single_agent_tiny,2,2,76267,1490,1,75,75,1,0,69.2403564453125,4.0,4.0,1.0,0.5,0.0,0,0,0,56,28,28,0,0.017857142857142856
stage1b_single_agent_tiny,2,2,76345,1491,1,75,75,1,0,29.44611167907715,4.0,4.0,0.0,0.5,0.0,0,0,0,78,25,-1,-1,0.0
stage1b_single_agent_tiny,2,2,76365,1492,1,75,75,1,0,31.549333572387695,4.0,4.0,0.0,0.375,0.0,0,0,0,20,15,-1,-1,0.0
stage1b_single_agent_tiny,2,2,76428,1493,1,75,75,1,0,29.2291202545166,4.0,4.0,0.0,0.5,0.0,0,0,0,63,14,-1,-1,0.0
stage1b_single_agent_tiny,2,2,76548,1494,1,75,75,1,0,3.612060308456421,1.0,1.0,0.0,0.5,0.0,0,0,3,120,68,-1,-1,0.0
stage1b_single_agent_tiny,2,2,76668,1495,1,75,75,1,0,-2.6983067989349365,0.0,0.0,0.0,0.5,0.0,0,0,4,120,-1,-1,-1,0.0
stage1b_single_agent_tiny,2,2,76788,1496,1,75,75,1,0,3.555495500564575,1.0,1.0,0.0,0.5,0.0,0,0,3,120,20,-1,-1,0.0
stage1b_single_agent_tiny,2,2,76831,1497,1,75,75,1,0,30.776578903198242,4.0,4.0,0.0,0.5,0.0,0,0,0,43,16,-1,-1,0.0
stage1b_single_agent_tiny,2,2,76866,1498,1,75,75,1,0,30.299333572387695,4.0,4.0,0.0,0.5,0.0,0,0,0,35,30,-1,-1,0.0
stage1b_single_agent_tiny,2,2,76934,1499,1,75,75,1,0,29.752317428588867,4.0,4.0,0.0,0.5625,0.0,0,0,0,68,42,-1,-1,0.0
stage1b_single_agent_tiny,2,2,76977,1500,1,75,75,1,0,30.0185546875,4.0,4.0,0.0,0.5,0.0,0,0,0,43,19,-1,-1,0.0
stage1b_single_agent_tiny,2,2,77024,1501,1,75,75,1,0,30.54695701599121,4.0,4.0,0.0,0.5625,0.0,0,0,0,47,20,-1,-1,0.0
stage1b_single_agent_tiny,2,2,77144,1502,1,75,75,1,0,19.3076114654541,3.0,3.0,0.0,0.5,0.0,0,0,1,120,6,-1,-1,0.0
stage1b_single_agent_tiny,2,2,77197,1503,1,75,75,1,0,30.27337074279785,4.0,4.0,0.0,0.5625,0.0,0,0,0,53,28,-1,-1,0.0
stage1b_single_agent_tiny,2,2,77317,1504,1,75,75,1,0,52.82450485229492,2.0,2.0,1.0,0.5625,0.0,0,0,2,120,4,5,1,0.008333333333333333
stage1b_single_agent_tiny,2,2,77420,1505,1,75,75,1,0,28.116361618041992,4.0,4.0,0.0,0.5,0.0,0,0,0,103,27,-1,-1,0.0
stage1b_single_agent_tiny,2,2,77540,1506,1,75,75,1,0,-3.4462392330169678,0.0,0.0,0.0,0.5,0.0,0,0,4,120,-1,-1,-1,0.0
stage1b_single_agent_tiny,2,2,77591,1507,1,75,75,1,0,29.77971076965332,4.0,4.0,0.0,0.5625,0.0,0,0,0,51,23,-1,-1,0.0
stage1b_single_agent_tiny,2,2,77629,1508,1,75,75,1,0,30.794389724731445,4.0,4.0,0.0,0.5,0.0,0,0,0,38,12,-1,-1,0.0
stage1b_single_agent_tiny,2,2,77690,1509,1,75,75,1,0,29.724058151245117,4.0,4.0,0.0,0.5,0.0,0,0,0,61,32,-1,-1,0.0
stage1b_single_agent_tiny,2,2,77801,1510,1,75,75,1,0,29.347412109375,4.0,4.0,0.0,0.5,0.0,0,0,0,111,5,-1,-1,0.0
stage1b_single_agent_tiny,2,2,77816,1511,1,75,75,1,0,30.999610900878906,4.0,4.0,0.0,0.1875,0.0,0,0,0,15,6,-1,-1,0.0
stage1b_single_agent_tiny,2,2,77866,1512,1,75,75,1,0,30.014127731323242,4.0,4.0,0.0,0.5,0.0,0,0,0,50,25,-1,-1,0.0
stage1b_single_agent_tiny,2,2,77923,1513,1,75,75,1,0,29.48500633239746,4.0,4.0,0.0,0.5,0.0,0,0,0,57,30,-1,-1,0.0
stage1b_single_agent_tiny,2,2,78014,1514,1,75,75,1,0,28.680673599243164,4.0,4.0,0.0,0.5,0.0,0,0,0,91,40,-1,-1,0.0
stage1b_single_agent_tiny,2,2,78034,1515,1,75,75,1,0,70.80574035644531,4.0,4.0,1.0,0.375,0.0,0,0,0,20,15,20,5,0.05
stage1b_single_agent_tiny,2,2,78129,1516,1,75,75,1,0,28.16982078552246,4.0,4.0,0.0,0.5,0.0,0,0,0,95,69,-1,-1,0.0
stage1b_single_agent_tiny,2,2,78180,1517,1,75,75,1,0,30.247690200805664,4.0,4.0,0.0,0.5,0.0,0,0,0,51,24,-1,-1,0.0
stage1b_single_agent_tiny,2,2,78286,1518,1,75,75,1,0,29.35984992980957,4.0,4.0,0.0,0.5,0.0,0,0,0,106,55,-1,-1,0.0
stage1b_single_agent_tiny,2,2,78319,1519,1,75,75,1,0,30.809507369995117,4.0,4.0,0.0,0.5,0.0,0,0,0,33,6,-1,-1,0.0
stage1b_single_agent_tiny,2,2,78365,1520,1,75,75,1,0,30.788259506225586,4.0,4.0,0.0,0.5625,0.0,0,0,0,46,19,-1,-1,0.0
stage1b_single_agent_tiny,2,2,78403,1521,1,75,75,1,0,30.544824600219727,4.0,4.0,0.0,0.5,0.0,0,0,0,38,13,-1,-1,0.0
stage1b_single_agent_tiny,2,2,78449,1522,1,75,75,1,0,30.276016235351562,4.0,4.0,0.0,0.5,0.0,0,0,0,46,18,-1,-1,0.0
stage1b_single_agent_tiny,2,2,78504,1523,1,75,75,1,0,30.257198333740234,4.0,4.0,0.0,0.5,0.0,0,0,0,55,3,-1,-1,0.0
stage1b_single_agent_tiny,2,2,78543,1524,1,75,75,1,0,30.78390121459961,4.0,4.0,0.0,0.5,0.0,0,0,0,39,13,-1,-1,0.0
stage1b_single_agent_tiny,2,2,78592,1525,1,75,75,1,0,69.50932312011719,4.0,4.0,1.0,0.5,0.0,0,0,0,49,22,22,0,0.02040816326530612
stage1b_single_agent_tiny,2,2,78631,1526,1,75,75,1,0,30.03713035583496,4.0,4.0,0.0,0.5,0.0,0,0,0,39,7,-1,-1,0.0
stage1b_single_agent_tiny,2,2,78690,1527,1,75,75,1,0,29.487506866455078,4.0,4.0,0.0,0.5,0.0,0,0,0,59,31,-1,-1,0.0
stage1b_single_agent_tiny,2,2,78713,1528,1,75,75,1,0,31.570077896118164,4.0,4.0,0.0,0.5,0.0,0,0,0,23,18,-1,-1,0.0
stage1b_single_agent_tiny,2,2,78796,1529,1,75,75,1,0,148.71302795410156,4.0,4.0,3.0,0.5625,0.0,0,0,0,83,32,32,0,0.03614457831325301
stage1b_single_agent_tiny,2,2,78834,1530,1,75,75,1,0,30.75657081604004,4.0,4.0,0.0,0.4375,0.0,0,0,0,38,11,-1,-1,0.0
stage1b_single_agent_tiny,2,2,78882,1531,1,75,75,1,0,69.77788543701172,4.0,4.0,1.0,0.5,0.0,0,0,0,48,21,24,3,0.020833333333333332
stage1b_single_agent_tiny,2,2,78892,1532,1,75,75,1,0,31.244285583496094,4.0,4.0,0.0,0.125,0.0,0,0,0,10,3,-1,-1,0.0
stage1b_single_agent_tiny,2,2,78949,1533,1,75,75,1,0,29.4884090423584,4.0,4.0,0.0,0.5,0.0,0,0,0,57,31,-1,-1,0.0
stage1b_single_agent_tiny,2,2,79010,1534,1,75,75,1,0,29.98710823059082,4.0,4.0,0.0,0.5,0.0,0,0,0,61,8,-1,-1,0.0
stage1b_single_agent_tiny,2,2,79034,1535,1,75,75,1,0,71.307861328125,4.0,4.0,1.0,0.4375,0.0,0,0,0,24,19,19,0,0.041666666666666664
stage1b_single_agent_tiny,2,2,79077,1536,1,75,75,1,0,30.295196533203125,4.0,4.0,0.0,0.5,0.0,0,0,0,43,15,-1,-1,0.0
stage1b_single_agent_tiny,2,2,79130,1537,1,75,75,1,0,29.76466941833496,4.0,4.0,0.0,0.5,0.0,0,0,0,53,2,-1,-1,0.0
stage1b_single_agent_tiny,2,2,79190,1538,1,75,75,1,0,29.228246688842773,4.0,4.0,0.0,0.5,0.0,0,0,0,60,34,-1,-1,0.0
stage1b_single_agent_tiny,2,2,79240,1539,1,75,75,1,0,29.761993408203125,4.0,4.0,0.0,0.5,0.0,0,0,0,50,22,-1,-1,0.0
stage1b_single_agent_tiny,2,2,79360,1540,1,75,75,1,0,12.558160781860352,2.0,2.0,0.0,0.5,0.0,0,0,2,120,42,-1,-1,0.0
stage1b_single_agent_tiny,2,2,79416,1541,1,75,75,1,0,29.99172592163086,4.0,4.0,0.0,0.5,0.0,0,0,0,56,29,-1,-1,0.0
stage1b_single_agent_tiny,2,2,79462,1542,1,75,75,1,0,30.018699645996094,4.0,4.0,0.0,0.5,0.0,0,0,0,46,17,-1,-1,0.0
stage1b_single_agent_tiny,2,2,79480,1543,1,75,75,1,0,31.525712966918945,4.0,4.0,0.0,0.3125,0.0,0,0,0,18,12,-1,-1,0.0
stage1b_single_agent_tiny,2,2,79520,1544,1,75,75,1,0,30.7966251373291,4.0,4.0,0.0,0.5,0.0,0,0,0,40,13,-1,-1,0.0
stage1b_single_agent_tiny,2,2,79632,1545,1,75,75,1,0,27.622638702392578,4.0,4.0,0.0,0.5,0.0,0,0,0,112,34,-1,-1,0.0
stage1b_single_agent_tiny,2,2,79688,1546,1,75,75,1,0,29.757347106933594,4.0,4.0,0.0,0.5,0.0,0,0,0,56,30,-1,-1,0.0
stage1b_single_agent_tiny,2,2,79713,1547,1,75,75,1,0,31.024845123291016,4.0,4.0,0.0,0.375,0.0,0,0,0,25,21,-1,-1,0.0
stage1b_single_agent_tiny,2,2,79761,1548,1,75,75,1,0,30.007410049438477,4.0,4.0,0.0,0.5,0.0,0,0,0,48,21,-1,-1,0.0
stage1b_single_agent_tiny,2,2,79803,1549,1,75,75,1,0,30.553936004638672,4.0,4.0,0.0,0.5625,0.0,0,0,0,42,15,-1,-1,0.0
stage1b_single_agent_tiny,2,2,79923,1550,1,75,75,1,0,-3.1883444786071777,0.0,0.0,0.0,0.5,0.0,0,0,4,120,-1,-1,-1,0.0
stage1b_single_agent_tiny,2,2,79932,1551,1,75,75,1,0,31.22182846069336,4.0,4.0,0.0,0.0625,0.0,0,0,0,9,2,-1,-1,0.0
stage1b_single_agent_tiny,2,2,79973,1552,1,75,75,1,0,30.515047073364258,4.0,4.0,0.0,0.5,0.0,0,0,0,41,14,-1,-1,0.0
stage1b_single_agent_tiny,2,2,80025,1553,1,75,75,1,0,110.26422882080078,4.0,4.0,2.0,0.5,0.0,0,0,0,52,27,27,0,0.038461538461538464
stage1b_single_agent_tiny,2,2,80044,1554,1,75,75,1,0,71.5626220703125,4.0,4.0,1.0,0.4375,0.0,0,0,0,19,14,14,0,0.05263157894736842
stage1b_single_agent_tiny,2,2,80145,1555,1,75,75,1,0,28.897085189819336,4.0,4.0,0.0,0.5625,0.0,0,0,0,101,52,-1,-1,0.0
stage1b_single_agent_tiny,2,2,80154,1556,1,75,75,1,0,31.490493774414062,4.0,4.0,0.0,0.125,0.0,0,0,0,9,3,-1,-1,0.0
stage1b_single_agent_tiny,2,2,80242,1557,1,75,75,1,0,28.655080795288086,4.0,4.0,0.0,0.5,0.0,0,0,0,88,3,-1,-1,0.0
stage1b_single_agent_tiny,2,2,80295,1558,1,75,75,1,0,30.505619049072266,4.0,4.0,0.0,0.5,0.0,0,0,0,53,26,-1,-1,0.0
stage1b_single_agent_tiny,2,2,80354,1559,1,75,75,1,0,29.76828384399414,4.0,4.0,0.0,0.5625,0.0,0,0,0,59,30,-1,-1,0.0
stage1b_single_agent_tiny,2,2,80474,1560,1,75,75,1,0,-3.199138641357422,0.0,0.0,0.0,0.5,0.0,0,0,4,120,-1,-1,-1,0.0
stage1b_single_agent_tiny,2,2,80519,1561,1,75,75,1,0,30.77147102355957,4.0,4.0,0.0,0.5625,0.0,0,0,0,45,18,-1,-1,0.0
stage1b_single_agent_tiny,2,2,80599,1562,1,75,75,1,0,28.45166015625,4.0,4.0,0.0,0.5,0.0,0,0,0,80,27,-1,-1,0.0
stage1b_single_agent_tiny,2,2,80636,1563,1,75,75,1,0,30.043764114379883,4.0,4.0,0.0,0.5,0.0,0,0,0,37,4,-1,-1,0.0
stage1b_single_agent_tiny,2,2,80685,1564,1,75,75,1,0,30.510854721069336,4.0,4.0,0.0,0.5,0.0,0,0,0,49,21,-1,-1,0.0
stage1b_single_agent_tiny,2,2,80733,1565,1,75,75,1,0,30.261653900146484,4.0,4.0,0.0,0.5,0.0,0,0,0,48,22,-1,-1,0.0
stage1b_single_agent_tiny,2,2,80768,1566,1,75,75,1,0,30.55175018310547,4.0,4.0,0.0,0.5,0.0,0,0,0,35,8,-1,-1,0.0
stage1b_single_agent_tiny,2,2,80811,1567,1,75,75,1,0,30.037473678588867,4.0,4.0,0.0,0.5,0.0,0,0,0,43,16,-1,-1,0.0
stage1b_single_agent_tiny,2,2,80819,1568,1,75,75,1,0,31.764251708984375,4.0,4.0,0.0,0.1875,0.0,0,0,0,8,3,-1,-1,0.0
stage1b_single_agent_tiny,2,2,80879,1569,1,75,75,1,0,29.743654251098633,4.0,4.0,0.0,0.5,0.0,0,0,0,60,33,-1,-1,0.0
stage1b_single_agent_tiny,2,2,80903,1570,1,75,75,1,0,31.075761795043945,4.0,4.0,0.0,0.5,0.0,0,0,0,24,20,-1,-1,0.0
stage1b_single_agent_tiny,2,2,80951,1571,1,75,75,1,0,30.753602981567383,4.0,4.0,0.0,0.5,0.0,0,0,0,48,19,-1,-1,0.0
stage1b_single_agent_tiny,2,2,80988,1572,1,75,75,1,0,30.2893123626709,4.0,4.0,0.0,0.5,0.0,0,0,0,37,8,-1,-1,0.0
stage1b_single_agent_tiny,2,2,81055,1573,1,75,75,1,0,29.729368209838867,4.0,4.0,0.0,0.5625,0.0,0,0,0,67,18,-1,-1,0.0
stage1b_single_agent_tiny,2,2,81098,1574,1,75,75,1,0,30.281795501708984,4.0,4.0,0.0,0.5,0.0,0,0,0,43,16,-1,-1,0.0
stage1b_single_agent_tiny,2,2,81128,1575,1,75,75,1,0,31.056400299072266,4.0,4.0,0.0,0.5,0.0,0,0,0,30,2,-1,-1,0.0
stage1b_single_agent_tiny,2,2,81182,1576,1,75,75,1,0,29.766149520874023,4.0,4.0,0.0,0.5,0.0,0,0,0,54,26,-1,-1,0.0
stage1b_single_agent_tiny,2,2,81232,1577,1,75,75,1,0,30.266544342041016,4.0,4.0,0.0,0.5,0.0,0,0,0,50,23,-1,-1,0.0
stage1b_single_agent_tiny,2,2,81247,1578,1,75,75,1,0,31.278053283691406,4.0,4.0,0.0,0.25,0.0,0,0,0,15,9,-1,-1,0.0
stage1b_single_agent_tiny,2,2,81367,1579,1,75,75,1,0,4.559576988220215,1.0,1.0,0.0,0.5,0.0,0,0,3,120,46,-1,-1,0.0
stage1b_single_agent_tiny,2,2,81443,1580,1,75,75,1,0,29.201974868774414,4.0,4.0,0.0,0.5,0.0,0,0,0,76,26,-1,-1,0.0
stage1b_single_agent_tiny,2,2,81495,1581,1,75,75,1,0,69.99909973144531,4.0,4.0,1.0,0.5,0.0,0,0,0,52,27,52,25,0.019230769230769232
stage1b_single_agent_tiny,2,2,81544,1582,1,75,75,1,0,29.764266967773438,4.0,4.0,0.0,0.5,0.0,0,0,0,49,22,-1,-1,0.0
stage1b_single_agent_tiny,2,2,81594,1583,1,75,75,1,0,30.0028076171875,4.0,4.0,0.0,0.5,0.0,0,0,0,50,23,-1,-1,0.0
stage1b_single_agent_tiny,2,2,81636,1584,1,75,75,1,0,70.7916488647461,4.0,4.0,1.0,0.5,0.0,0,0,0,42,16,19,3,0.023809523809523808
stage1b_single_agent_tiny,2,2,81645,1585,1,75,75,1,0,31.509689331054688,4.0,4.0,0.0,0.1875,0.0,0,0,0,9,3,-1,-1,0.0
stage1b_single_agent_tiny,2,2,81703,1586,1,75,75,1,0,30.02019500732422,4.0,4.0,0.0,0.5625,0.0,0,0,0,58,29,-1,-1,0.0
stage1b_single_agent_tiny,2,2,81823,1587,1,75,75,1,0,13.076501846313477,2.0,2.0,0.0,0.5625,0.0,0,0,2,120,45,-1,-1,0.0
stage1b_single_agent_tiny,2,2,81880,1588,1,75,75,1,0,30.02194595336914,4.0,4.0,0.0,0.5625,0.0,0,0,0,57,29,-1,-1,0.0
stage1b_single_agent_tiny,2,2,81888,1589,1,75,75,1,0,71.79733276367188,4.0,4.0,1.0,0.25,0.0,0,0,0,8,4,8,4,0.125
stage1b_single_agent_tiny,2,2,81937,1590,1,75,75,1,0,30.026140213012695,4.0,4.0,0.0,0.5,0.0,0,0,0,49,21,-1,-1,0.0
stage1b_single_agent_tiny,2,2,81946,1591,1,75,75,1,0,31.492755889892578,4.0,4.0,0.0,0.125,0.0,0,0,0,9,3,-1,-1,0.0
stage1b_single_agent_tiny,2,2,82066,1592,1,75,75,1,0,-3.4440650939941406,0.0,0.0,0.0,0.5,0.0,0,0,4,120,-1,-1,-1,0.0
stage1b_single_agent_tiny,2,2,82186,1593,1,75,75,1,0,-3.4406850337982178,0.0,0.0,0.0,0.5,0.0,0,0,4,120,-1,-1,-1,0.0
stage1b_single_agent_tiny,2,2,82213,1594,1,75,75,1,0,30.23627471923828,4.0,4.0,0.0,0.25,0.0,0,0,0,27,21,-1,-1,0.0
stage1b_single_agent_tiny,2,2,82274,1595,1,75,75,1,0,29.479490280151367,4.0,4.0,0.0,0.5,0.0,0,0,0,61,9,-1,-1,0.0
stage1b_single_agent_tiny,2,2,82382,1596,1,75,75,1,0,27.862756729125977,4.0,4.0,0.0,0.5,0.0,0,0,0,108,32,-1,-1,0.0
stage1b_single_agent_tiny,2,2,82460,1597,1,75,75,1,0,28.925655364990234,4.0,4.0,0.0,0.5,0.0,0,0,0,78,28,-1,-1,0.0
stage1b_single_agent_tiny,2,2,82519,1598,1,75,75,1,0,70.02169799804688,4.0,4.0,1.0,0.5625,0.0,0,0,0,59,9,59,50,0.01694915254237288
stage1b_single_agent_tiny,2,2,82562,1599,1,75,75,1,0,70.28681945800781,4.0,4.0,1.0,0.5625,0.0,0,0,0,43,16,16,0,0.023255813953488372
stage1b_single_agent_tiny,2,2,82617,1600,1,75,75,1,0,30.022310256958008,4.0,4.0,0.0,0.5625,0.0,0,0,0,55,3,-1,-1,0.0
stage1b_single_agent_tiny,2,2,82640,1601,1,75,75,1,0,31.309255599975586,4.0,4.0,0.0,0.4375,0.0,0,0,0,23,17,-1,-1,0.0
stage1b_single_agent_tiny,2,2,82696,1602,1,75,75,1,0,110.01805114746094,4.0,4.0,2.0,0.5625,0.0,0,0,0,56,31,31,0,0.03571428571428571
stage1b_single_agent_tiny,2,2,82734,1603,1,75,75,1,0,70.01183319091797,4.0,4.0,1.0,0.4375,0.0,0,0,0,38,33,33,0,0.02631578947368421
stage1b_single_agent_tiny,2,2,82793,1604,1,75,75,1,0,30.008817672729492,4.0,4.0,0.0,0.5,0.0,0,0,0,59,8,-1,-1,0.0
stage1b_single_agent_tiny,2,2,82891,1605,1,75,75,1,0,28.877710342407227,4.0,4.0,0.0,0.5,0.0,0,0,0,98,19,-1,-1,0.0
stage1b_single_agent_tiny,2,2,82949,1606,1,75,75,1,0,28.990978240966797,4.0,4.0,0.0,0.5,0.0,0,0,0,58,31,-1,-1,0.0
stage1b_single_agent_tiny,2,2,83020,1607,1,75,75,1,0,69.49301147460938,4.0,4.0,1.0,0.5625,0.0,0,0,0,71,45,46,1,0.014084507042253521
stage1b_single_agent_tiny,2,2,83041,1608,1,75,75,1,0,31.264951705932617,4.0,4.0,0.0,0.25,0.0,0,0,0,21,1,-1,-1,0.0
stage1b_single_agent_tiny,2,2,83096,1609,1,75,75,1,0,29.494478225708008,4.0,4.0,0.0,0.5,0.0,0,0,0,55,28,-1,-1,0.0
stage1b_single_agent_tiny,2,2,83108,1610,1,75,75,1,0,70.9897232055664,4.0,4.0,1.0,0.125,0.0,0,0,0,12,8,12,4,0.08333333333333333
stage1b_single_agent_tiny,2,2,83144,1611,1,75,75,1,0,30.020475387573242,4.0,4.0,0.0,0.4375,0.0,0,0,0,36,31,-1,-1,0.0
stage1b_single_agent_tiny,2,2,83264,1612,1,75,75,1,0,-2.468416690826416,0.0,0.0,0.0,0.5,0.0,0,0,4,120,-1,-1,-1,0.0
stage1b_single_agent_tiny,2,2,83318,1613,1,75,75,1,0,29.744064331054688,4.0,4.0,0.0,0.5,0.0,0,0,0,54,25,-1,-1,0.0
stage1b_single_agent_tiny,2,2,83438,1614,1,75,75,1,0,-3.2027392387390137,0.0,0.0,0.0,0.5,0.0,0,0,4,120,-1,-1,-1,0.0
stage1b_single_agent_tiny,2,2,83484,1615,1,75,75,1,0,30.50120735168457,4.0,4.0,0.0,0.5,0.0,0,0,0,46,18,-1,-1,0.0
stage1b_single_agent_tiny,2,2,83529,1616,1,75,75,1,0,30.525758743286133,4.0,4.0,0.0,0.5,0.0,0,0,0,45,18,-1,-1,0.0
stage1b_single_agent_tiny,2,2,83593,1617,1,75,75,1,0,29.23915672302246,4.0,4.0,0.0,0.5,0.0,0,0,0,64,16,-1,-1,0.0
stage1b_single_agent_tiny,2,2,83703,1618,1,75,75,1,0,68.10292053222656,4.0,4.0,1.0,0.5625,0.0,0,0,0,110,57,57,0,0.00909090909090909
stage1b_single_agent_tiny,2,2,83740,1619,1,75,75,1,0,30.79279327392578,4.0,4.0,0.0,0.5,0.0,0,0,0,37,12,-1,-1,0.0
stage1b_single_agent_tiny,2,2,83766,1620,1,75,75,1,0,70.49182891845703,4.0,4.0,1.0,0.25,0.0,0,0,0,26,19,19,0,0.038461538461538464
stage1b_single_agent_tiny,2,2,83873,1621,1,75,75,1,0,27.850658416748047,4.0,4.0,0.0,0.5,0.0,0,0,0,107,55,-1,-1,0.0
stage1b_single_agent_tiny,2,2,83933,1622,1,75,75,1,0,29.508167266845703,4.0,4.0,0.0,0.5625,0.0,0,0,0,60,32,-1,-1,0.0
stage1b_single_agent_tiny,2,2,84053,1623,1,75,75,1,0,-3.944112539291382,0.0,0.0,0.0,0.5,0.0,0,0,4,120,-1,-1,-1,0.0
stage1b_single_agent_tiny,2,2,84093,1624,1,75,75,1,0,30.553897857666016,4.0,4.0,0.0,0.5,0.0,0,0,0,40,13,-1,-1,0.0
stage1b_single_agent_tiny,2,2,84142,1625,1,75,75,1,0,29.769372940063477,4.0,4.0,0.0,0.5,0.0,0,0,0,49,20,-1,-1,0.0
stage1b_single_agent_tiny,2,2,84204,1626,1,75,75,1,0,108.47987365722656,4.0,4.0,2.0,0.5,0.0,0,0,0,62,36,36,0,0.03225806451612903
stage1b_single_agent_tiny,2,2,84250,1627,1,75,75,1,0,29.518253326416016,4.0,4.0,0.0,0.5,0.0,0,0,0,46,18,-1,-1,0.0
stage1b_single_agent_tiny,2,2,84306,1628,1,75,75,1,0,29.988588333129883,4.0,4.0,0.0,0.5,0.0,0,0,0,56,29,-1,-1,0.0
stage1b_single_agent_tiny,2,2,84384,1629,1,75,75,1,0,28.956567764282227,4.0,4.0,0.0,0.5,0.0,0,0,0,78,27,-1,-1,0.0
stage1b_single_agent_tiny,2,2,84432,1630,1,75,75,1,0,30.294374465942383,4.0,4.0,0.0,0.5625,0.0,0,0,0,48,19,-1,-1,0.0
stage1b_single_agent_tiny,2,2,84442,1631,1,75,75,1,0,31.788166046142578,4.0,4.0,0.0,0.25,0.0,0,0,0,10,5,-1,-1,0.0
stage1b_single_agent_tiny,2,2,84497,1632,1,75,75,1,0,29.513471603393555,4.0,4.0,0.0,0.5,0.0,0,0,0,55,27,-1,-1,0.0
stage1b_single_agent_tiny,2,2,84525,1633,1,75,75,1,0,31.319215774536133,4.0,4.0,0.0,0.5,0.0,0,0,0,28,4,-1,-1,0.0
stage1b_single_agent_tiny,2,2,84645,1634,1,75,75,1,0,3.56160831451416,1.0,1.0,0.0,0.5,0.0,0,0,3,120,26,-1,-1,0.0
stage1b_single_agent_tiny,2,2,84748,1635,1,75,75,1,0,28.16868782043457,4.0,4.0,0.0,0.5625,0.0,0,0,0,103,77,-1,-1,0.0
stage1b_single_agent_tiny,2,2,84801,1636,1,75,75,1,0,30.24310302734375,4.0,4.0,0.0,0.5,0.0,0,0,0,53,24,-1,-1,0.0
stage1b_single_agent_tiny,2,2,84864,1637,1,75,75,1,0,29.733219146728516,4.0,4.0,0.0,0.5,0.0,0,0,0,63,13,-1,-1,0.0
stage1b_single_agent_tiny,2,2,84982,1638,1,75,75,1,0,27.60540199279785,4.0,4.0,0.0,0.5,0.0,0,0,0,118,43,-1,-1,0.0
stage1b_single_agent_tiny,2,2,85029,1639,1,75,75,1,0,30.26793098449707,4.0,4.0,0.0,0.5,0.0,0,0,0,47,20,-1,-1,0.0
stage1b_single_agent_tiny,2,2,85149,1640,1,75,75,1,0,4.550952434539795,1.0,1.0,0.0,0.5,0.0,0,0,3,120,74,-1,-1,0.0
stage1b_single_agent_tiny,2,2,85163,1641,1,75,75,1,0,31.26680564880371,4.0,4.0,0.0,0.25,0.0,0,0,0,14,8,-1,-1,0.0
stage1b_single_agent_tiny,2,2,85283,1642,1,75,75,1,0,4.0531697273254395,1.0,1.0,0.0,0.5,0.0,0,0,3,120,78,-1,-1,0.0
stage1b_single_agent_tiny,2,2,85400,1643,1,75,75,1,0,27.370027542114258,4.0,4.0,0.0,0.5,0.0,0,0,0,117,39,-1,-1,0.0
stage1b_single_agent_tiny,2,2,85432,1644,1,75,75,1,0,31.04195785522461,4.0,4.0,0.0,0.4375,0.0,0,0,0,32,4,-1,-1,0.0
stage1b_single_agent_tiny,2,2,85456,1645,1,75,75,1,0,31.333276748657227,4.0,4.0,0.0,0.5,0.0,0,0,0,24,18,-1,-1,0.0
stage1b_single_agent_tiny,2,2,85507,1646,1,75,75,1,0,30.00827980041504,4.0,4.0,0.0,0.5,0.0,0,0,0,51,24,-1,-1,0.0
stage1b_single_agent_tiny,2,2,85552,1647,1,75,75,1,0,30.540185928344727,4.0,4.0,0.0,0.5625,0.0,0,0,0,45,17,-1,-1,0.0
stage1b_single_agent_tiny,2,2,85562,1648,1,75,75,1,0,30.992473602294922,4.0,4.0,0.0,0.125,0.0,0,0,0,10,4,-1,-1,0.0
stage1b_single_agent_tiny,2,2,85609,1649,1,75,75,1,0,30.04433250427246,4.0,4.0,0.0,0.5625,0.0,0,0,0,47,18,-1,-1,0.0
stage1b_single_agent_tiny,2,2,85657,1650,1,75,75,1,0,30.513452529907227,4.0,4.0,0.0,0.5,0.0,0,0,0,48,22,-1,-1,0.0
stage1b_single_agent_tiny,2,2,85665,1651,1,75,75,1,0,31.497547149658203,4.0,4.0,0.0,0.125,0.0,0,0,0,8,2,-1,-1,0.0
stage1b_single_agent_tiny,2,2,85785,1652,1,75,75,1,0,4.313327789306641,1.0,1.0,0.0,0.5,0.0,0,0,3,120,2,-1,-1,0.0
stage1b_single_agent_tiny,2,2,85848,1653,1,75,75,1,0,69.48255157470703,4.0,4.0,1.0,0.5,0.0,0,0,0,63,13,16,3,0.015873015873015872
stage1b_single_agent_tiny,2,2,85894,1654,1,75,75,1,0,70.27137756347656,4.0,4.0,1.0,0.5,0.0,0,0,0,46,21,46,25,0.021739130434782608
stage1b_single_agent_tiny,2,2,85932,1655,1,75,75,1,0,30.809490203857422,4.0,4.0,0.0,0.5625,0.0,0,0,0,38,14,-1,-1,0.0
stage1b_single_agent_tiny,2,2,85995,1656,1,75,75,1,0,28.9869441986084,4.0,4.0,0.0,0.5,0.0,0,0,0,63,36,-1,-1,0.0
stage1b_single_agent_tiny,2,2,86115,1657,1,75,75,1,0,-4.2009124755859375,0.0,0.0,0.0,0.5,0.0,0,0,4,120,-1,-1,-1,0.0
stage1b_single_agent_tiny,2,2,86128,1658,1,75,75,1,0,31.227338790893555,4.0,4.0,0.0,0.125,0.0,0,0,0,13,8,-1,-1,0.0
stage1b_single_agent_tiny,2,2,86183,1659,1,75,75,1,0,30.029035568237305,4.0,4.0,0.0,0.5625,0.0,0,0,0,55,29,-1,-1,0.0
stage1b_single_agent_tiny,2,2,86303,1660,1,75,75,1,0,-2.9447362422943115,0.0,0.0,0.0,0.5,0.0,0,0,4,120,-1,-1,-1,0.0
stage1b_single_agent_tiny,2,2,86335,1661,1,75,75,1,0,31.055795669555664,4.0,4.0,0.0,0.5,0.0,0,0,0,32,4,-1,-1,0.0
stage1b_single_agent_tiny,2,2,86362,1662,1,75,75,1,0,31.08043098449707,4.0,4.0,0.0,0.5,0.0,0,0,0,27,2,-1,-1,0.0
stage1b_single_agent_tiny,2,2,86384,1663,1,75,75,1,0,31.332935333251953,4.0,4.0,0.0,0.5,0.0,0,0,0,22,17,-1,-1,0.0
stage1b_single_agent_tiny,2,2,86440,1664,1,75,75,1,0,70.26917266845703,4.0,4.0,1.0,0.5625,0.0,0,0,0,56,31,56,25,0.017857142857142856
stage1b_single_agent_tiny,2,2,86525,1665,1,75,75,1,0,28.66789436340332,4.0,4.0,0.0,0.5,0.0,0,0,0,85,60,-1,-1,0.0
stage1b_single_agent_tiny,2,2,86564,1666,1,75,75,1,0,30.55877113342285,4.0,4.0,0.0,0.5625,0.0,0,0,0,39,11,-1,-1,0.0
stage1b_single_agent_tiny,2,2,86603,1667,1,75,75,1,0,30.548128128051758,4.0,4.0,0.0,0.5,0.0,0,0,0,39,11,-1,-1,0.0
stage1b_single_agent_tiny,2,2,86638,1668,1,75,75,1,0,30.555116653442383,4.0,4.0,0.0,0.5,0.0,0,0,0,35,10,-1,-1,0.0
stage1b_single_agent_tiny,2,2,86696,1669,1,75,75,1,0,29.48371696472168,4.0,4.0,0.0,0.5,0.0,0,0,0,58,30,-1,-1,0.0
stage1b_single_agent_tiny,2,2,86816,1670,1,75,75,1,0,-3.4402337074279785,0.0,0.0,0.0,0.5,0.0,0,0,4,120,-1,-1,-1,0.0
stage1b_single_agent_tiny,2,2,86860,1671,1,75,75,1,0,30.272737503051758,4.0,4.0,0.0,0.5,0.0,0,0,0,44,18,-1,-1,0.0
stage1b_single_agent_tiny,2,2,86871,1672,1,75,75,1,0,31.239952087402344,4.0,4.0,0.0,0.125,0.0,0,0,0,11,4,-1,-1,0.0
stage1b_single_agent_tiny,2,2,86907,1673,1,75,75,1,0,30.037519454956055,4.0,4.0,0.0,0.5,0.0,0,0,0,36,31,-1,-1,0.0
stage1b_single_agent_tiny,2,2,86994,1674,1,75,75,1,0,27.408512115478516,4.0,4.0,0.0,0.5,0.0,0,0,0,87,35,-1,-1,0.0
stage1b_single_agent_tiny,2,2,87049,1675,1,75,75,1,0,29.496755599975586,4.0,4.0,0.0,0.5,0.0,0,0,0,55,31,-1,-1,0.0
stage1b_single_agent_tiny,2,2,87094,1676,1,75,75,1,0,30.28219985961914,4.0,4.0,0.0,0.5,0.0,0,0,0,45,18,-1,-1,0.0
stage1b_single_agent_tiny,2,2,87137,1677,1,75,75,1,0,30.80200958251953,4.0,4.0,0.0,0.5,0.0,0,0,0,43,15,-1,-1,0.0
stage1b_single_agent_tiny,2,2,87178,1678,1,75,75,1,0,30.282278060913086,4.0,4.0,0.0,0.5,0.0,0,0,0,41,16,-1,-1,0.0
stage1b_single_agent_tiny,2,2,87217,1679,1,75,75,1,0,30.033716201782227,4.0,4.0,0.0,0.5,0.0,0,0,0,39,33,-1,-1,0.0
stage1b_single_agent_tiny,2,2,87229,1680,1,75,75,1,0,31.232656478881836,4.0,4.0,0.0,0.125,0.0,0,0,0,12,7,-1,-1,0.0
stage1b_single_agent_tiny,2,2,87297,1681,1,75,75,1,0,29.73230743408203,4.0,4.0,0.0,0.5625,0.0,0,0,0,68,18,-1,-1,0.0
stage1b_single_agent_tiny,2,2,87339,1682,1,75,75,1,0,70.29246520996094,4.0,4.0,1.0,0.5,0.0,0,0,0,42,14,15,1,0.023809523809523808
stage1b_single_agent_tiny,2,2,87393,1683,1,75,75,1,0,30.248615264892578,4.0,4.0,0.0,0.5,0.0,0,0,0,54,25,-1,-1,0.0
stage1b_single_agent_tiny,2,2,87441,1684,1,75,75,1,0,30.539772033691406,4.0,4.0,0.0,0.5625,0.0,0,0,0,48,22,-1,-1,0.0
stage1b_single_agent_tiny,2,2,87488,1685,1,75,75,1,0,29.750642776489258,4.0,4.0,0.0,0.4375,0.0,0,0,0,47,20,-1,-1,0.0
stage1b_single_agent_tiny,2,2,87527,1686,1,75,75,1,0,30.795310974121094,4.0,4.0,0.0,0.5,0.0,0,0,0,39,14,-1,-1,0.0
stage1b_single_agent_tiny,2,2,87564,1687,1,75,75,1,0,70.55856323242188,4.0,4.0,1.0,0.5,0.0,0,0,0,37,10,12,2,0.02702702702702703
stage1b_single_agent_tiny,2,2,87684,1688,1,75,75,1,0,3.311004161834717,1.0,1.0,0.0,0.5,0.0,0,0,3,120,34,-1,-1,0.0
stage1b_single_agent_tiny,2,2,87726,1689,1,75,75,1,0,69.76624298095703,4.0,4.0,1.0,0.4375,0.0,0,0,0,42,15,16,1,0.023809523809523808
stage1b_single_agent_tiny,2,2,87777,1690,1,75,75,1,0,69.75884246826172,4.0,4.0,1.0,0.5,0.0,0,0,0,51,24,48,24,0.0196078431372549
stage1b_single_agent_tiny,2,2,87850,1691,1,75,75,1,0,29.687660217285156,4.0,4.0,0.0,0.5,0.0,0,0,0,73,23,-1,-1,0.0
stage1b_single_agent_tiny,2,2,87910,1692,1,75,75,1,0,30.26551628112793,4.0,4.0,0.0,0.5625,0.0,0,0,0,60,34,-1,-1,0.0
stage1b_single_agent_tiny,2,2,87951,1693,1,75,75,1,0,30.532878875732422,4.0,4.0,0.0,0.5,0.0,0,0,0,41,14,-1,-1,0.0
stage1b_single_agent_tiny,2,2,87960,1694,1,75,75,1,0,31.511367797851562,4.0,4.0,0.0,0.1875,0.0,0,0,0,9,3,-1,-1,0.0
stage1b_single_agent_tiny,2,2,88018,1695,1,75,75,1,0,109.74565124511719,4.0,4.0,2.0,0.5,0.0,0,0,0,58,8,33,25,0.034482758620689655
stage1b_single_agent_tiny,2,2,88138,1696,1,75,75,1,0,11.302440643310547,2.0,2.0,0.0,0.5,0.0,0,0,2,120,107,-1,-1,0.0
stage1b_single_agent_tiny,2,2,88150,1697,1,75,75,1,0,111.23902130126953,4.0,4.0,2.0,0.125,0.0,0,0,0,12,8,11,3,0.16666666666666666
stage1b_single_agent_tiny,2,2,88212,1698,1,75,75,1,0,29.748842239379883,4.0,4.0,0.0,0.5,0.0,0,0,0,62,9,-1,-1,0.0
stage1b_single_agent_tiny,2,2,88268,1699,1,75,75,1,0,29.747957229614258,4.0,4.0,0.0,0.5,0.0,0,0,0,56,29,-1,-1,0.0
stage1b_single_agent_tiny,2,2,88380,1700,1,75,75,1,0,27.37499237060547,4.0,4.0,0.0,0.5,0.0,0,0,0,112,34,-1,-1,0.0
stage1b_single_agent_tiny,2,2,88500,1701,1,75,75,1,0,4.333017349243164,1.0,1.0,0.0,0.5625,0.0,0,0,3,120,54,-1,-1,0.0
stage1b_single_agent_tiny,2,2,88547,1702,1,75,75,1,0,30.286813735961914,4.0,4.0,0.0,0.5625,0.0,0,0,0,47,20,-1,-1,0.0
stage1b_single_agent_tiny,2,2,88609,1703,1,75,75,1,0,29.485322952270508,4.0,4.0,0.0,0.5,0.0,0,0,0,62,35,-1,-1,0.0
stage1b_single_agent_tiny,2,2,88660,1704,1,75,75,1,0,70.00411987304688,4.0,4.0,1.0,0.5,0.0,0,0,0,51,26,51,25,0.0196078431372549
stage1b_single_agent_tiny,2,2,88719,1705,1,75,75,1,0,29.49203109741211,4.0,4.0,0.0,0.5,0.0,0,0,0,59,31,-1,-1,0.0
stage1b_single_agent_tiny,2,2,88839,1706,1,75,75,1,0,-2.4505367279052734,0.0,0.0,0.0,0.5,0.0,0,0,4,120,-1,-1,-1,0.0
stage1b_single_agent_tiny,2,2,88880,1707,1,75,75,1,0,30.52726936340332,4.0,4.0,0.0,0.5,0.0,0,0,0,41,14,-1,-1,0.0
stage1b_single_agent_tiny,2,2,88908,1708,1,75,75,1,0,30.819700241088867,4.0,4.0,0.0,0.5,0.0,0,0,0,28,3,-1,-1,0.0
stage1b_single_agent_tiny,2,2,88952,1709,1,75,75,1,0,30.035228729248047,4.0,4.0,0.0,0.5,0.0,0,0,0,44,17,-1,-1,0.0
stage1b_single_agent_tiny,2,2,88987,1710,1,75,75,1,0,30.55857276916504,4.0,4.0,0.0,0.5,0.0,0,0,0,35,8,-1,-1,0.0
stage1b_single_agent_tiny,2,2,89107,1711,1,75,75,1,0,-2.194441795349121,0.0,0.0,0.0,0.5,0.0,0,0,4,120,-1,-1,-1,0.0
stage1b_single_agent_tiny,2,2,89162,1712,1,75,75,1,0,30.268857955932617,4.0,4.0,0.0,0.5625,0.0,0,0,0,55,27,-1,-1,0.0
stage1b_single_agent_tiny,2,2,89217,1713,1,75,75,1,0,30.28136444091797,4.0,4.0,0.0,0.5625,0.0,0,0,0,55,28,-1,-1,0.0
stage1b_single_agent_tiny,2,2,89337,1714,1,75,75,1,0,-2.946669101715088,0.0,0.0,0.0,0.5,0.0,0,0,4,120,-1,-1,-1,0.0
stage1b_single_agent_tiny,2,2,89387,1715,1,75,75,1,0,30.508390426635742,4.0,4.0,0.0,0.5,0.0,0,0,0,50,22,-1,-1,0.0
stage1b_single_agent_tiny,2,2,89419,1716,1,75,75,1,0,110.56541442871094,4.0,4.0,2.0,0.5,0.0,0,0,0,32,6,7,1,0.0625
stage1b_single_agent_tiny,2,2,89483,1717,1,75,75,1,0,29.98926544189453,4.0,4.0,0.0,0.5625,0.0,0,0,0,64,13,-1,-1,0.0
stage1b_single_agent_tiny,2,2,89514,1718,1,75,75,1,0,30.545534133911133,4.0,4.0,0.0,0.5,0.0,0,0,0,31,26,-1,-1,0.0
stage1b_single_agent_tiny,2,2,89634,1719,1,75,75,1,0,12.307997703552246,2.0,2.0,0.0,0.5,0.0,0,0,2,120,4,-1,-1,0.0
stage1b_single_agent_tiny,2,2,89654,1720,1,75,75,1,0,31.262981414794922,4.0,4.0,0.0,0.25,0.0,0,0,0,20,2,-1,-1,0.0
stage1b_single_agent_tiny,2,2,89758,1721,1,75,75,1,0,69.61784362792969,4.0,4.0,1.0,0.5,0.0,0,0,0,104,3,4,1,0.009615384615384616
stage1b_single_agent_tiny,2,2,89785,1722,1,75,75,1,0,30.0052547454834,4.0,4.0,0.0,0.3125,0.0,0,0,0,27,21,-1,-1,0.0
stage1b_single_agent_tiny,2,2,89826,1723,1,75,75,1,0,70.55355072021484,4.0,4.0,1.0,0.5625,0.0,0,0,0,41,13,13,0,0.024390243902439025
stage1b_single_agent_tiny,2,2,89865,1724,1,75,75,1,0,29.78089714050293,4.0,4.0,0.0,0.5,0.0,0,0,0,39,34,-1,-1,0.0
stage1b_single_agent_tiny,2,2,89985,1725,1,75,75,1,0,-2.7030606269836426,0.0,0.0,0.0,0.5,0.0,0,0,4,120,-1,-1,-1,0.0
stage1c_single_agent_small,3,1,90140,1726,1,100,100,1,0,-4.881876468658447,0.0,0.0,0.0,0.48,0.0,0,0,4,140,-1,-1,-1,0.0
stage1c_single_agent_small,3,1,90182,1727,1,100,100,1,0,111.25921630859375,4.0,4.0,2.0,0.4,0.0,0,0,0,42,16,17,1,0.047619047619047616
stage1c_single_agent_small,3,1,90322,1728,1,100,100,1,0,-3.8131191730499268,0.0,0.0,0.0,0.6,0.0,0,0,4,140,-1,-1,-1,0.0
stage1c_single_agent_small,3,1,90355,1729,1,100,100,1,0,29.900039672851562,4.0,4.0,0.0,0.48,0.0,0,0,0,33,28,-1,-1,0.0
stage1c_single_agent_small,3,1,90495,1730,1,100,100,1,0,10.800602912902832,2.0,2.0,0.0,0.48,0.0,0,0,2,140,86,-1,-1,0.0
stage1c_single_agent_small,3,1,90635,1731,1,100,100,1,0,-4.2392706871032715,0.0,0.0,0.0,0.56,0.0,0,0,4,140,-1,-1,-1,0.0
stage1c_single_agent_small,3,1,90686,1732,1,100,100,1,0,70.10611724853516,4.0,4.0,1.0,0.56,0.0,0,0,0,51,24,26,2,0.0196078431372549
stage1c_single_agent_small,3,1,90826,1733,1,100,100,1,0,11.380352973937988,2.0,2.0,0.0,0.56,0.0,0,0,2,140,13,-1,-1,0.0
stage1c_single_agent_small,3,1,90866,1734,1,100,100,1,0,30.497343063354492,4.0,4.0,0.0,0.52,0.0,0,0,0,40,12,-1,-1,0.0
stage1c_single_agent_small,3,1,91006,1735,1,100,100,1,0,-3.632734537124634,0.0,0.0,0.0,0.48,0.0,0,0,4,140,-1,-1,-1,0.0
stage1c_single_agent_small,3,1,91146,1736,1,100,100,1,0,12.19218635559082,2.0,2.0,0.0,0.52,0.0,0,0,2,140,16,-1,-1,0.0
stage1c_single_agent_small,3,1,91156,1737,1,100,100,1,0,30.777769088745117,4.0,4.0,0.0,0.08,0.0,0,0,0,10,3,-1,-1,0.0
stage1c_single_agent_small,3,1,91216,1738,1,100,100,1,0,190.0619659423828,4.0,4.0,4.0,0.52,0.0,0,0,0,60,34,34,0,0.06666666666666667
stage1c_single_agent_small,3,1,91252,1739,1,100,100,1,0,30.68914222717285,4.0,4.0,0.0,0.44,0.0,0,0,0,36,6,-1,-1,0.0
stage1c_single_agent_small,3,1,91287,1740,1,100,100,1,0,30.704952239990234,4.0,4.0,0.0,0.44,0.0,0,0,0,35,7,-1,-1,0.0
stage1c_single_agent_small,3,1,91427,1741,1,100,100,1,0,19.576753616333008,3.0,3.0,0.0,0.56,0.0,0,0,1,140,6,-1,-1,0.0
stage1c_single_agent_small,3,1,91494,1742,1,100,100,1,0,29.431411743164062,4.0,4.0,0.0,0.52,0.0,0,0,0,67,40,-1,-1,0.0
stage1c_single_agent_small,3,1,91527,1743,1,100,100,1,0,189.42990112304688,4.0,4.0,4.0,0.32,0.0,0,0,0,33,30,30,0,0.12121212121212122
stage1c_single_agent_small,3,1,91592,1744,1,100,100,1,0,28.406152725219727,4.0,4.0,0.0,0.52,0.0,0,0,0,65,38,-1,-1,0.0
stage1c_single_agent_small,3,1,91639,1745,1,100,100,1,0,110.50515747070312,4.0,4.0,2.0,0.56,0.0,0,0,0,47,21,21,0,0.0425531914893617
stage1c_single_agent_small,3,1,91779,1746,1,100,100,1,0,12.02499008178711,2.0,2.0,0.0,0.64,0.0,0,0,2,140,27,-1,-1,0.0
stage1c_single_agent_small,3,1,91869,1747,1,100,100,1,0,69.54271697998047,4.0,4.0,1.0,0.56,0.0,0,0,0,90,13,13,0,0.011111111111111112
stage1c_single_agent_small,3,1,91916,1748,1,100,100,1,0,31.23194694519043,4.0,4.0,0.0,0.4,0.0,0,0,0,47,21,-1,-1,0.0
stage1c_single_agent_small,3,1,92056,1749,1,100,100,1,0,-4.085083961486816,0.0,0.0,0.0,0.52,0.0,0,0,4,140,-1,-1,-1,0.0
stage1c_single_agent_small,3,1,92196,1750,1,100,100,1,0,-4.263723373413086,0.0,0.0,0.0,0.4,0.0,0,0,4,140,-1,-1,-1,0.0
stage1c_single_agent_small,3,1,92238,1751,1,100,100,1,0,70.48107147216797,4.0,4.0,1.0,0.44,0.0,0,0,0,42,16,17,1,0.023809523809523808
stage1c_single_agent_small,3,1,92313,1752,1,100,100,1,0,29.385147094726562,4.0,4.0,0.0,0.52,0.0,0,0,0,75,24,-1,-1,0.0
stage1c_single_agent_small,3,1,92453,1753,1,100,100,1,0,-3.2713069915771484,0.0,0.0,0.0,0.52,0.0,0,0,4,140,-1,-1,-1,0.0
stage1c_single_agent_small,3,1,92593,1754,1,100,100,1,0,19.838869094848633,3.0,3.0,0.0,0.6,0.0,0,0,1,140,15,-1,-1,0.0
stage1c_single_agent_small,3,1,92733,1755,1,100,100,1,0,-3.295860767364502,0.0,0.0,0.0,0.52,0.0,0,0,4,140,-1,-1,-1,0.0
stage1c_single_agent_small,3,1,92873,1756,1,100,100,1,0,-4.18669319152832,0.0,0.0,0.0,0.56,0.0,0,0,4,140,-1,-1,-1,0.0
stage1c_single_agent_small,3,1,93013,1757,1,100,100,1,0,-3.418881893157959,0.0,0.0,0.0,0.48,0.0,0,0,4,140,-1,-1,-1,0.0
stage1c_single_agent_small,3,1,93153,1758,1,100,100,1,0,-4.410646438598633,0.0,0.0,0.0,0.56,0.0,0,0,4,140,-1,-1,-1,0.0
stage1c_single_agent_small,3,1,93241,1759,1,100,100,1,0,29.370153427124023,4.0,4.0,0.0,0.56,0.0,0,0,0,88,9,-1,-1,0.0
stage1c_single_agent_small,3,1,93306,1760,1,100,100,1,0,29.86967658996582,4.0,4.0,0.0,0.6,0.0,0,0,0,65,39,-1,-1,0.0
stage1c_single_agent_small,3,1,93397,1761,1,100,100,1,0,69.21095275878906,4.0,4.0,1.0,0.6,0.0,0,0,0,91,40,41,1,0.01098901098901099
stage1c_single_agent_small,3,1,93537,1762,1,100,100,1,0,-4.436940670013428,0.0,0.0,0.0,0.48,0.0,0,0,4,140,-1,-1,-1,0.0
stage1c_single_agent_small,3,1,93576,1763,1,100,100,1,0,29.682485580444336,4.0,4.0,0.0,0.48,0.0,0,0,0,39,15,-1,-1,0.0
stage1c_single_agent_small,3,1,93649,1764,1,100,100,1,0,109.04076385498047,4.0,4.0,2.0,0.56,0.0,0,0,0,73,47,48,1,0.0273972602739726
stage1c_single_agent_small,3,1,93729,1765,1,100,100,1,0,28.956953048706055,4.0,4.0,0.0,0.52,0.0,0,0,0,80,28,-1,-1,0.0
stage1c_single_agent_small,3,1,93840,1766,1,100,100,1,0,29.111345291137695,4.0,4.0,0.0,0.56,0.0,0,0,0,111,8,-1,-1,0.0
stage1c_single_agent_small,3,1,93980,1767,1,100,100,1,0,26.951995849609375,4.0,4.0,0.0,0.52,0.0,0,0,0,140,63,-1,-1,0.0
stage1c_single_agent_small,3,1,94031,1768,1,100,100,1,0,30.08411407470703,4.0,4.0,0.0,0.56,0.0,0,0,0,51,23,-1,-1,0.0
stage1c_single_agent_small,3,1,94077,1769,1,100,100,1,0,30.51942253112793,4.0,4.0,0.0,0.56,0.0,0,0,0,46,19,-1,-1,0.0
stage1c_single_agent_small,3,1,94175,1770,1,100,100,1,0,28.74247169494629,4.0,4.0,0.0,0.52,0.0,0,0,0,98,20,-1,-1,0.0
stage1c_single_agent_small,3,1,94210,1771,1,100,100,1,0,151.13230895996094,4.0,4.0,3.0,0.52,0.0,0,0,0,35,10,10,0,0.08571428571428572
stage1c_single_agent_small,3,1,94350,1772,1,100,100,1,0,3.1738975048065186,1.0,1.0,0.0,0.48,0.0,0,0,3,140,62,-1,-1,0.0
stage1c_single_agent_small,3,1,94490,1773,1,100,100,1,0,-3.8653440475463867,0.0,0.0,0.0,0.48,0.0,0,0,4,140,-1,-1,-1,0.0
stage1c_single_agent_small,3,1,94559,1774,1,100,100,1,0,30.205028533935547,4.0,4.0,0.0,0.52,0.0,0,0,0,69,17,-1,-1,0.0
stage1c_single_agent_small,3,1,94699,1775,1,100,100,1,0,12.127541542053223,2.0,2.0,0.0,0.56,0.0,0,0,2,140,4,-1,-1,0.0
stage1c_single_agent_small,3,1,94759,1776,1,100,100,1,0,29.589412689208984,4.0,4.0,0.0,0.44,0.0,0,0,0,60,32,-1,-1,0.0
stage1c_single_agent_small,3,1,94769,1777,1,100,100,1,0,30.777786254882812,4.0,4.0,0.0,0.08,0.0,0,0,0,10,3,-1,-1,0.0
stage1c_single_agent_small,3,1,94820,1778,1,100,100,1,0,29.260848999023438,4.0,4.0,0.0,0.52,0.0,0,0,0,51,23,-1,-1,0.0
stage1c_single_agent_small,3,1,94960,1779,1,100,100,1,0,140.20977783203125,3.0,3.0,3.0,0.56,0.0,0,0,1,140,18,18,0,0.02142857142857143
stage1c_single_agent_small,3,1,95100,1780,1,100,100,1,0,-5.445766448974609,0.0,0.0,0.0,0.52,0.0,0,0,4,140,-1,-1,-1,0.0
stage1c_single_agent_small,3,1,95162,1781,1,100,100,1,0,30.014469146728516,4.0,4.0,0.0,0.48,0.0,0,0,0,62,12,-1,-1,0.0
stage1c_single_agent_small,3,1,95242,1782,1,100,100,1,0,29.37997055053711,4.0,4.0,0.0,0.52,0.0,0,0,0,80,28,-1,-1,0.0
stage1c_single_agent_small,3,1,95277,1783,1,100,100,1,0,30.703502655029297,4.0,4.0,0.0,0.44,0.0,0,0,0,35,8,-1,-1,0.0
stage1c_single_agent_small,3,1,95311,1784,1,100,100,1,0,30.89139175415039,4.0,4.0,0.0,0.44,0.0,0,0,0,34,7,-1,-1,0.0
stage1c_single_agent_small,3,1,95352,1785,1,100,100,1,0,70.10343933105469,4.0,4.0,1.0,0.48,0.0,0,0,0,41,12,41,29,0.024390243902439025
stage1c_single_agent_small,3,1,95415,1786,1,100,100,1,0,29.20032501220703,4.0,4.0,0.0,0.48,0.0,0,0,0,63,36,-1,-1,0.0
stage1c_single_agent_small,3,1,95482,1787,1,100,100,1,0,30.620031356811523,4.0,4.0,0.0,0.52,0.0,0,0,0,67,16,-1,-1,0.0
stage1c_single_agent_small,3,1,95622,1788,1,100,100,1,0,4.154385566711426,1.0,1.0,0.0,0.56,0.0,0,0,3,140,90,-1,-1,0.0
stage1c_single_agent_small,3,1,95762,1789,1,100,100,1,0,-8.56082534790039,1.0,1.0,0.0,0.56,0.0,0,0,3,140,140,-1,-1,0.0
stage1c_single_agent_small,3,1,95801,1790,1,100,100,1,0,30.040157318115234,4.0,4.0,0.0,0.4,0.0,0,0,0,39,14,-1,-1,0.0
stage1c_single_agent_small,3,1,95850,1791,1,100,100,1,0,30.866376876831055,4.0,4.0,0.0,0.48,0.0,0,0,0,49,23,-1,-1,0.0
stage1c_single_agent_small,3,1,95990,1792,1,100,100,1,0,-3.4527580738067627,0.0,0.0,0.0,0.56,0.0,0,0,4,140,-1,-1,-1,0.0
stage1c_single_agent_small,3,1,96053,1793,1,100,100,1,0,29.608137130737305,4.0,4.0,0.0,0.52,0.0,0,0,0,63,9,-1,-1,0.0
stage1c_single_agent_small,3,1,96075,1794,1,100,100,1,0,30.566349029541016,4.0,4.0,0.0,0.2,0.0,0,0,0,22,17,-1,-1,0.0
stage1c_single_agent_small,3,1,96123,1795,1,100,100,1,0,30.847454071044922,4.0,4.0,0.0,0.52,0.0,0,0,0,48,20,-1,-1,0.0
stage1c_single_agent_small,3,1,96263,1796,1,100,100,1,0,-4.599116325378418,0.0,0.0,0.0,0.52,0.0,0,0,4,140,-1,-1,-1,0.0
stage1c_single_agent_small,3,1,96306,1797,1,100,100,1,0,30.894453048706055,4.0,4.0,0.0,0.48,0.0,0,0,0,43,17,-1,-1,0.0
stage1c_single_agent_small,3,1,96371,1798,1,100,100,1,0,30.641664505004883,4.0,4.0,0.0,0.52,0.0,0,0,0,65,14,-1,-1,0.0
stage1c_single_agent_small,3,1,96423,1799,1,100,100,1,0,29.234052658081055,4.0,4.0,0.0,0.48,0.0,0,0,0,52,24,-1,-1,0.0
stage1c_single_agent_small,3,1,96457,1800,1,100,100,1,0,30.686735153198242,4.0,4.0,0.0,0.44,0.0,0,0,0,34,29,-1,-1,0.0
stage1c_single_agent_small,3,1,96491,1801,1,100,100,1,0,30.69013214111328,4.0,4.0,0.0,0.44,0.0,0,0,0,34,29,-1,-1,0.0
stage1c_single_agent_small,3,1,96631,1802,1,100,100,1,0,4.524620532989502,1.0,1.0,0.0,0.56,0.0,0,0,3,140,5,-1,-1,0.0
stage1c_single_agent_small,3,1,96644,1803,1,100,100,1,0,31.21742057800293,4.0,4.0,0.0,0.16,0.0,0,0,0,13,7,-1,-1,0.0
stage1c_single_agent_small,3,1,96725,1804,1,100,100,1,0,29.76143455505371,4.0,4.0,0.0,0.56,0.0,0,0,0,81,29,-1,-1,0.0
stage1c_single_agent_small,3,1,96771,1805,1,100,100,1,0,30.04227066040039,4.0,4.0,0.0,0.44,0.0,0,0,0,46,2,-1,-1,0.0
stage1c_single_agent_small,3,1,96911,1806,1,100,100,1,0,-4.3188557624816895,0.0,0.0,0.0,0.48,0.0,0,0,4,140,-1,-1,-1,0.0
stage1c_single_agent_small,3,1,97051,1807,1,100,100,1,0,-5.705570697784424,0.0,0.0,0.0,0.56,0.0,0,0,4,140,-1,-1,-1,0.0
stage1c_single_agent_small,3,1,97127,1808,1,100,100,1,0,28.9099063873291,4.0,4.0,0.0,0.44,0.0,0,0,0,76,25,-1,-1,0.0
stage1c_single_agent_small,3,1,97267,1809,1,100,100,1,0,-3.340635299682617,0.0,0.0,0.0,0.56,0.0,0,0,4,140,-1,-1,-1,0.0
stage1c_single_agent_small,3,1,97318,1810,1,100,100,1,0,30.735300064086914,4.0,4.0,0.0,0.4,0.0,0,0,0,51,24,-1,-1,0.0
stage1c_single_agent_small,3,1,97390,1811,1,100,100,1,0,109.69866180419922,4.0,4.0,2.0,0.56,0.0,0,0,0,72,22,22,0,0.027777777777777776
stage1c_single_agent_small,3,1,97434,1812,1,100,100,1,0,110.84342193603516,4.0,4.0,2.0,0.48,0.0,0,0,0,44,17,17,0,0.045454545454545456
stage1c_single_agent_small,3,1,97548,1813,1,100,100,1,0,28.40935516357422,4.0,4.0,0.0,0.6,0.0,0,0,0,114,37,-1,-1,0.0
stage1c_single_agent_small,3,1,97614,1814,1,100,100,1,0,149.95993041992188,4.0,4.0,3.0,0.52,0.0,0,0,0,66,16,16,0,0.045454545454545456
stage1c_single_agent_small,3,1,97754,1815,1,100,100,1,0,-4.269433498382568,0.0,0.0,0.0,0.52,0.0,0,0,4,140,-1,-1,-1,0.0
stage1c_single_agent_small,3,1,97812,1816,1,100,100,1,0,29.48793601989746,4.0,4.0,0.0,0.56,0.0,0,0,0,58,32,-1,-1,0.0
stage1c_single_agent_small,3,1,97952,1817,1,100,100,1,0,-4.360869884490967,0.0,0.0,0.0,0.48,0.0,0,0,4,140,-1,-1,-1,0.0
stage1c_single_agent_small,3,1,98078,1818,1,100,100,1,0,28.752471923828125,4.0,4.0,0.0,0.52,0.0,0,0,0,126,2,-1,-1,0.0
stage1c_single_agent_small,3,1,98117,1819,1,100,100,1,0,30.395633697509766,4.0,4.0,0.0,0.48,0.0,0,0,0,39,14,-1,-1,0.0
stage1c_single_agent_small,3,1,98191,1820,1,100,100,1,0,28.797683715820312,4.0,4.0,0.0,0.44,0.0,0,0,0,74,23,-1,-1,0.0
stage1c_single_agent_small,3,1,98250,1821,1,100,100,1,0,28.793846130371094,4.0,4.0,0.0,0.52,0.0,0,0,0,59,31,-1,-1,0.0
stage1c_single_agent_small,3,1,98257,1822,1,100,100,1,0,31.533647537231445,4.0,4.0,0.0,0.08,0.0,0,0,0,7,2,-1,-1,0.0
stage1c_single_agent_small,3,1,98369,1823,1,100,100,1,0,27.803613662719727,4.0,4.0,0.0,0.56,0.0,0,0,0,112,36,-1,-1,0.0
stage1c_single_agent_small,3,1,98425,1824,1,100,100,1,0,30.020723342895508,4.0,4.0,0.0,0.56,0.0,0,0,0,56,29,-1,-1,0.0
stage1c_single_agent_small,3,1,98443,1825,1,100,100,1,0,31.29441261291504,4.0,4.0,0.0,0.12,0.0,0,0,0,18,12,-1,-1,0.0
stage1c_single_agent_small,3,1,98502,1826,1,100,100,1,0,28.713640213012695,4.0,4.0,0.0,0.52,0.0,0,0,0,59,33,-1,-1,0.0
stage1c_single_agent_small,3,1,98642,1827,1,100,100,1,0,-5.179999351501465,0.0,0.0,0.0,0.6,0.0,0,0,4,140,-1,-1,-1,0.0
stage1c_single_agent_small,3,1,98692,1828,1,100,100,1,0,30.63850212097168,4.0,4.0,0.0,0.48,0.0,0,0,0,50,2,-1,-1,0.0
stage1c_single_agent_small,3,1,98749,1829,1,100,100,1,0,29.407726287841797,4.0,4.0,0.0,0.52,0.0,0,0,0,57,30,-1,-1,0.0
stage1c_single_agent_small,3,1,98819,1830,1,100,100,1,0,28.76533317565918,4.0,4.0,0.0,0.52,0.0,0,0,0,70,21,-1,-1,0.0
stage1c_single_agent_small,3,1,98905,1831,1,100,100,1,0,28.607019424438477,4.0,4.0,0.0,0.6,0.0,0,0,0,86,33,-1,-1,0.0
stage1c_single_agent_small,3,1,99013,1832,1,100,100,1,0,27.267953872680664,4.0,4.0,0.0,0.6,0.0,0,0,0,108,31,-1,-1,0.0
stage1c_single_agent_small,3,1,99153,1833,1,100,100,1,0,-4.985418796539307,0.0,0.0,0.0,0.56,0.0,0,0,4,140,-1,-1,-1,0.0
stage1c_single_agent_small,3,1,99206,1834,1,100,100,1,0,30.166112899780273,4.0,4.0,0.0,0.52,0.0,0,0,0,53,24,-1,-1,0.0
stage1c_single_agent_small,3,1,99250,1835,1,100,100,1,0,31.09082794189453,4.0,4.0,0.0,0.52,0.0,0,0,0,44,17,-1,-1,0.0
stage1c_single_agent_small,3,1,99390,1836,1,100,100,1,0,50.48225784301758,2.0,2.0,1.0,0.64,0.0,0,0,2,140,37,38,1,0.007142857142857143
stage1c_single_agent_small,3,1,99462,1837,1,100,100,1,0,29.427776336669922,4.0,4.0,0.0,0.52,0.0,0,0,0,72,21,-1,-1,0.0
stage1c_single_agent_small,3,1,99530,1838,1,100,100,1,0,29.5130672454834,4.0,4.0,0.0,0.6,0.0,0,0,0,68,63,-1,-1,0.0
stage1c_single_agent_small,3,1,99670,1839,1,100,100,1,0,-4.366329193115234,0.0,0.0,0.0,0.56,0.0,0,0,4,140,-1,-1,-1,0.0
stage1c_single_agent_small,3,1,99719,1840,1,100,100,1,0,30.33492088317871,4.0,4.0,0.0,0.28,0.0,0,0,0,49,43,-1,-1,0.0
stage1c_single_agent_small,3,1,99807,1841,1,100,100,1,0,28.88734245300293,4.0,4.0,0.0,0.6,0.0,0,0,0,88,59,-1,-1,0.0
stage1c_single_agent_small,3,1,99947,1842,1,100,100,1,0,11.712469100952148,2.0,2.0,0.0,0.64,0.0,0,0,2,140,65,-1,-1,0.0
stage1c_single_agent_small,3,1,100087,1843,1,100,100,1,0,10.975513458251953,2.0,2.0,0.0,0.6,0.0,0,0,2,140,70,-1,-1,0.0
stage1c_single_agent_small,3,1,100123,1844,1,100,100,1,0,69.63288879394531,4.0,4.0,1.0,0.24,0.0,0,0,0,36,29,32,3,0.027777777777777776
stage1c_single_agent_small,3,1,100263,1845,1,100,100,1,0,12.400870323181152,2.0,2.0,0.0,0.6,0.0,0,0,2,140,121,-1,-1,0.0
stage1c_single_agent_small,3,1,100308,1846,1,100,100,1,0,30.203960418701172,4.0,4.0,0.0,0.48,0.0,0,0,0,45,40,-1,-1,0.0
stage1c_single_agent_small,3,1,100365,1847,1,100,100,1,0,29.10722541809082,4.0,4.0,0.0,0.48,0.0,0,0,0,57,29,-1,-1,0.0
stage1c_single_agent_small,3,1,100505,1848,1,100,100,1,0,11.61886215209961,2.0,2.0,0.0,0.6,0.0,0,0,2,140,66,-1,-1,0.0
stage1c_single_agent_small,3,1,100555,1849,1,100,100,1,0,30.729310989379883,4.0,4.0,0.0,0.44,0.0,0,0,0,50,14,-1,-1,0.0
stage1c_single_agent_small,3,1,100638,1850,1,100,100,1,0,149.3322296142578,4.0,4.0,3.0,0.52,0.0,0,0,0,83,79,79,0,0.03614457831325301
stage1c_single_agent_small,3,1,100658,1851,1,100,100,1,0,31.732929229736328,4.0,4.0,0.0,0.2,0.0,0,0,0,20,6,-1,-1,0.0
stage1c_single_agent_small,3,1,100678,1852,1,100,100,1,0,30.66277503967285,4.0,4.0,0.0,0.12,0.0,0,0,0,20,15,-1,-1,0.0
stage1c_single_agent_small,3,1,100769,1853,1,100,100,1,0,28.89381980895996,4.0,4.0,0.0,0.6,0.0,0,0,0,91,35,-1,-1,0.0
stage1c_single_agent_small,3,1,100909,1854,1,100,100,1,0,18.57129669189453,3.0,3.0,0.0,0.6,0.0,0,0,1,140,32,-1,-1,0.0
stage1c_single_agent_small,3,1,100984,1855,1,100,100,1,0,149.33688354492188,4.0,4.0,3.0,0.56,0.0,0,0,0,75,27,27,0,0.04
stage1c_single_agent_small,3,1,101063,1856,1,100,100,1,0,28.255638122558594,4.0,4.0,0.0,0.56,0.0,0,0,0,79,25,-1,-1,0.0
stage1c_single_agent_small,3,1,101117,1857,1,100,100,1,0,30.310800552368164,4.0,4.0,0.0,0.48,0.0,0,0,0,54,24,-1,-1,0.0
stage1c_single_agent_small,3,1,101224,1858,1,100,100,1,0,30.155780792236328,4.0,4.0,0.0,0.48,0.0,0,0,0,107,44,-1,-1,0.0
stage1c_single_agent_small,3,1,101364,1859,1,100,100,1,0,11.883160591125488,2.0,2.0,0.0,0.6,0.0,0,0,2,140,62,-1,-1,0.0
stage1c_single_agent_small,3,1,101398,1860,1,100,100,1,0,30.780345916748047,4.0,4.0,0.0,0.32,0.0,0,0,0,34,28,-1,-1,0.0
stage1c_single_agent_small,3,1,101424,1861,1,100,100,1,0,30.856388092041016,4.0,4.0,0.0,0.32,0.0,0,0,0,26,21,-1,-1,0.0
stage1c_single_agent_small,3,1,101444,1862,1,100,100,1,0,32.077484130859375,4.0,4.0,0.0,0.2,0.0,0,0,0,20,6,-1,-1,0.0
stage1c_single_agent_small,3,1,101491,1863,1,100,100,1,0,30.37257957458496,4.0,4.0,0.0,0.28,0.0,0,0,0,47,25,-1,-1,0.0
stage1c_single_agent_small,3,1,101598,1864,1,100,100,1,0,29.808006286621094,4.0,4.0,0.0,0.36,0.0,0,0,0,107,48,-1,-1,0.0
stage1c_single_agent_small,3,1,101634,1865,1,100,100,1,0,31.0250186920166,4.0,4.0,0.0,0.16,0.0,0,0,0,36,23,-1,-1,0.0
stage1c_single_agent_small,3,1,101744,1866,1,100,100,1,0,28.460155487060547,4.0,4.0,0.0,0.36,0.0,0,0,0,110,37,-1,-1,0.0
stage1c_single_agent_small,3,1,101876,1867,1,100,100,1,0,28.209741592407227,4.0,4.0,0.0,0.4,0.0,0,0,0,132,124,-1,-1,0.0
stage1c_single_agent_small,3,1,101960,1868,1,100,100,1,0,29.03618621826172,4.0,4.0,0.0,0.32,0.0,0,0,0,84,80,-1,-1,0.0
stage1c_single_agent_small,3,1,102024,1869,1,100,100,1,0,29.97456169128418,4.0,4.0,0.0,0.32,0.0,0,0,0,64,10,-1,-1,0.0
stage1c_single_agent_small,3,1,102063,1870,1,100,100,1,0,30.603391647338867,4.0,4.0,0.0,0.2,0.0,0,0,0,39,34,-1,-1,0.0
stage1c_single_agent_small,3,1,102087,1871,1,100,100,1,0,31.635250091552734,4.0,4.0,0.0,0.24,0.0,0,0,0,24,19,-1,-1,0.0
stage1c_single_agent_small,3,1,102102,1872,1,100,100,1,0,30.648517608642578,4.0,4.0,0.0,0.12,0.0,0,0,0,15,10,-1,-1,0.0
stage1c_single_agent_small,3,1,102200,1873,1,100,100,1,0,28.84912109375,4.0,4.0,0.0,0.36,0.0,0,0,0,98,30,-1,-1,0.0
stage1c_single_agent_small,3,1,102227,1874,1,100,100,1,0,31.579605102539062,4.0,4.0,0.0,0.2,0.0,0,0,0,27,22,-1,-1,0.0
stage1c_single_agent_small,3,1,102254,1875,1,100,100,1,0,29.585628509521484,4.0,4.0,0.0,0.16,0.0,0,0,0,27,21,-1,-1,0.0
stage1c_single_agent_small,3,1,102307,1876,1,100,100,1,0,29.457155227661133,4.0,4.0,0.0,0.36,0.0,0,0,0,53,46,-1,-1,0.0
stage1c_single_agent_small,3,1,102329,1877,1,100,100,1,0,32.08687210083008,4.0,4.0,0.0,0.2,0.0,0,0,0,22,5,-1,-1,0.0
stage1c_single_agent_small,3,1,102368,1878,1,100,100,1,0,31.606101989746094,4.0,4.0,0.0,0.4,0.0,0,0,0,39,35,-1,-1,0.0
stage1c_single_agent_small,3,1,102436,1879,1,100,100,1,0,31.536039352416992,4.0,4.0,0.0,0.28,0.0,0,0,0,68,63,-1,-1,0.0
stage1c_single_agent_small,3,1,102560,1880,1,100,100,1,0,29.866535186767578,4.0,4.0,0.0,0.36,0.0,0,0,0,124,87,-1,-1,0.0
stage1c_single_agent_small,3,1,102582,1881,1,100,100,1,0,30.676681518554688,4.0,4.0,0.0,0.24,0.0,0,0,0,22,16,-1,-1,0.0
stage1c_single_agent_small,3,1,102613,1882,1,100,100,1,0,110.40970611572266,4.0,4.0,2.0,0.24,0.0,0,0,0,31,25,25,0,0.06451612903225806
stage1c_single_agent_small,3,1,102634,1883,1,100,100,1,0,32.11600875854492,4.0,4.0,0.0,0.28,0.0,0,0,0,21,8,-1,-1,0.0
stage1c_single_agent_small,3,1,102642,1884,1,100,100,1,0,31.918991088867188,4.0,4.0,0.0,0.08,0.0,0,0,0,8,4,-1,-1,0.0
stage1c_single_agent_small,3,1,102677,1885,1,100,100,1,0,150.67764282226562,4.0,4.0,3.0,0.2,0.0,0,0,0,35,31,31,0,0.08571428571428572
stage1c_single_agent_small,3,1,102696,1886,1,100,100,1,0,31.25044822692871,4.0,4.0,0.0,0.16,0.0,0,0,0,19,13,-1,-1,0.0
stage1c_single_agent_small,3,1,102726,1887,1,100,100,1,0,30.547929763793945,4.0,4.0,0.0,0.12,0.0,0,0,0,30,26,-1,-1,0.0
stage1c_single_agent_small,3,1,102766,1888,1,100,100,1,0,30.529586791992188,4.0,4.0,0.0,0.32,0.0,0,0,0,40,35,-1,-1,0.0
stage1c_single_agent_small,3,1,102843,1889,1,100,100,1,0,29.201974868774414,4.0,4.0,0.0,0.24,0.0,0,0,0,77,27,-1,-1,0.0
stage1c_single_agent_small,3,1,102857,1890,1,100,100,1,0,32.084739685058594,4.0,4.0,0.0,0.12,0.0,0,0,0,14,10,-1,-1,0.0
stage1c_single_agent_small,3,1,102888,1891,1,100,100,1,0,31.32599639892578,4.0,4.0,0.0,0.2,0.0,0,0,0,31,11,-1,-1,0.0
stage1c_single_agent_small,3,1,102912,1892,1,100,100,1,0,111.82369232177734,4.0,4.0,2.0,0.16,0.0,0,0,0,24,15,16,1,0.08333333333333333
stage1c_single_agent_small,3,1,102989,1893,1,100,100,1,0,31.56801986694336,4.0,4.0,0.0,0.2,0.0,0,0,0,77,73,-1,-1,0.0
stage1c_single_agent_small,3,1,102999,1894,1,100,100,1,0,31.572437286376953,4.0,4.0,0.0,0.16,0.0,0,0,0,10,5,-1,-1,0.0
stage1c_single_agent_small,3,1,103093,1895,1,100,100,1,0,30.215089797973633,4.0,4.0,0.0,0.24,0.0,0,0,0,94,46,-1,-1,0.0
stage1c_single_agent_small,3,1,103149,1896,1,100,100,1,0,28.77468490600586,4.0,4.0,0.0,0.28,0.0,0,0,0,56,51,-1,-1,0.0
stage1c_single_agent_small,3,1,103166,1897,1,100,100,1,0,31.430145263671875,4.0,4.0,0.0,0.16,0.0,0,0,0,17,12,-1,-1,0.0
stage1c_single_agent_small,3,1,103214,1898,1,100,100,1,0,190.3316650390625,4.0,4.0,4.0,0.2,0.0,0,0,0,48,45,45,0,0.08333333333333333
stage1c_single_agent_small,3,1,103283,1899,1,100,100,1,0,31.437835693359375,4.0,4.0,0.0,0.4,0.0,0,0,0,69,31,-1,-1,0.0
stage1c_single_agent_small,3,1,103334,1900,1,100,100,1,0,31.684743881225586,4.0,4.0,0.0,0.4,0.0,0,0,0,51,28,-1,-1,0.0
stage1c_single_agent_small,3,1,103374,1901,1,100,100,1,0,111.87190246582031,4.0,4.0,2.0,0.28,0.0,0,0,0,40,30,32,2,0.05
stage1c_single_agent_small,3,1,103392,1902,1,100,100,1,0,31.548725128173828,4.0,4.0,0.0,0.24,0.0,0,0,0,18,14,-1,-1,0.0
stage1c_single_agent_small,3,1,103487,1903,1,100,100,1,0,27.688724517822266,4.0,4.0,0.0,0.24,0.0,0,0,0,95,69,-1,-1,0.0
stage1c_single_agent_small,3,1,103505,1904,1,100,100,1,0,31.298627853393555,4.0,4.0,0.0,0.16,0.0,0,0,0,18,13,-1,-1,0.0
stage1c_single_agent_small,3,1,103522,1905,1,100,100,1,0,31.02938461303711,4.0,4.0,0.0,0.08,0.0,0,0,0,17,13,-1,-1,0.0
stage1c_single_agent_small,3,1,103573,1906,1,100,100,1,0,29.952930450439453,4.0,4.0,0.0,0.28,0.0,0,0,0,51,45,-1,-1,0.0
stage1c_single_agent_small,3,1,103594,1907,1,100,100,1,0,31.660852432250977,4.0,4.0,0.0,0.2,0.0,0,0,0,21,16,-1,-1,0.0
stage1c_single_agent_small,3,1,103688,1908,1,100,100,1,0,29.265361785888672,4.0,4.0,0.0,0.24,0.0,0,0,0,94,66,-1,-1,0.0
stage1c_single_agent_small,3,1,103717,1909,1,100,100,1,0,31.21380615234375,4.0,4.0,0.0,0.24,0.0,0,0,0,29,24,-1,-1,0.0
stage1c_single_agent_small,3,1,103770,1910,1,100,100,1,0,31.758886337280273,4.0,4.0,0.0,0.32,0.0,0,0,0,53,38,-1,-1,0.0
stage1c_single_agent_small,3,1,103791,1911,1,100,100,1,0,30.6883544921875,4.0,4.0,0.0,0.24,0.0,0,0,0,21,15,-1,-1,0.0
stage1c_single_agent_small,3,1,103828,1912,1,100,100,1,0,32.10551071166992,4.0,4.0,0.0,0.16,0.0,0,0,0,37,33,-1,-1,0.0
stage1c_single_agent_small,3,1,103853,1913,1,100,100,1,0,31.64130973815918,4.0,4.0,0.0,0.16,0.0,0,0,0,25,6,-1,-1,0.0
stage1c_single_agent_small,3,1,103887,1914,1,100,100,1,0,71.43247985839844,4.0,4.0,1.0,0.24,0.0,0,0,0,34,20,20,0,0.029411764705882353
stage1c_single_agent_small,3,1,103910,1915,1,100,100,1,0,31.439308166503906,4.0,4.0,0.0,0.2,0.0,0,0,0,23,19,-1,-1,0.0
stage1c_single_agent_small,3,1,103929,1916,1,100,100,1,0,31.673662185668945,4.0,4.0,0.0,0.2,0.0,0,0,0,19,13,-1,-1,0.0
stage1c_single_agent_small,3,1,104027,1917,1,100,100,1,0,30.3502197265625,4.0,4.0,0.0,0.44,0.0,0,0,0,98,37,-1,-1,0.0
stage1c_single_agent_small,3,1,104075,1918,1,100,100,1,0,71.03850555419922,4.0,4.0,1.0,0.2,0.0,0,0,0,48,7,7,0,0.020833333333333332
stage1c_single_agent_small,3,1,104126,1919,1,100,100,1,0,111.58110046386719,4.0,4.0,2.0,0.32,0.0,0,0,0,51,18,50,32,0.0392156862745098
stage1c_single_agent_small,3,1,104219,1920,1,100,100,1,0,30.552343368530273,4.0,4.0,0.0,0.16,0.0,0,0,0,93,89,-1,-1,0.0
stage1c_single_agent_small,3,1,104252,1921,1,100,100,1,0,31.609905242919922,4.0,4.0,0.0,0.28,0.0,0,0,0,33,28,-1,-1,0.0
stage1c_single_agent_small,3,1,104332,1922,1,100,100,1,0,31.08443832397461,4.0,4.0,0.0,0.4,0.0,0,0,0,80,75,-1,-1,0.0
stage1c_single_agent_small,3,1,104355,1923,1,100,100,1,0,31.338197708129883,4.0,4.0,0.0,0.28,0.0,0,0,0,23,19,-1,-1,0.0
stage1c_single_agent_small,3,1,104386,1924,1,100,100,1,0,190.409912109375,4.0,4.0,4.0,0.16,0.0,0,0,0,31,28,28,0,0.12903225806451613
stage1c_single_agent_small,3,1,104420,1925,1,100,100,1,0,111.53357696533203,4.0,4.0,2.0,0.24,0.0,0,0,0,34,11,12,1,0.058823529411764705
stage1c_single_agent_small,3,1,104455,1926,1,100,100,1,0,31.447511672973633,4.0,4.0,0.0,0.32,0.0,0,0,0,35,9,-1,-1,0.0
stage1c_single_agent_small,3,1,104493,1927,1,100,100,1,0,31.26454734802246,4.0,4.0,0.0,0.16,0.0,0,0,0,38,34,-1,-1,0.0
stage1c_single_agent_small,3,1,104513,1928,1,100,100,1,0,31.7358341217041,4.0,4.0,0.0,0.28,0.0,0,0,0,20,15,-1,-1,0.0
stage1c_single_agent_small,3,1,104548,1929,1,100,100,1,0,31.017196655273438,4.0,4.0,0.0,0.24,0.0,0,0,0,35,16,-1,-1,0.0
stage1c_single_agent_small,3,1,104603,1930,1,100,100,1,0,31.797733306884766,4.0,4.0,0.0,0.32,0.0,0,0,0,55,25,-1,-1,0.0
stage1c_single_agent_small,3,1,104716,1931,1,100,100,1,0,30.149147033691406,4.0,4.0,0.0,0.56,0.0,0,0,0,113,64,-1,-1,0.0
stage1c_single_agent_small,3,1,104743,1932,1,100,100,1,0,31.677223205566406,4.0,4.0,0.0,0.24,0.0,0,0,0,27,23,-1,-1,0.0
stage1c_single_agent_small,3,1,104758,1933,1,100,100,1,0,71.30142974853516,4.0,4.0,1.0,0.12,0.0,0,0,0,15,9,9,0,0.06666666666666667
stage1c_single_agent_small,3,1,104777,1934,1,100,100,1,0,192.09930419921875,4.0,4.0,4.0,0.16,0.0,0,0,0,19,6,6,0,0.21052631578947367
stage1c_single_agent_small,3,1,104790,1935,1,100,100,1,0,30.70035743713379,4.0,4.0,0.0,0.08,0.0,0,0,0,13,6,-1,-1,0.0
stage1c_single_agent_small,3,1,104915,1936,1,100,100,1,0,29.50575065612793,4.0,4.0,0.0,0.4,0.0,0,0,0,125,39,-1,-1,0.0
stage1c_single_agent_small,3,1,104924,1937,1,100,100,1,0,31.56423568725586,4.0,4.0,0.0,0.08,0.0,0,0,0,9,3,-1,-1,0.0
stage1c_single_agent_small,3,1,104943,1938,1,100,100,1,0,31.15570068359375,4.0,4.0,0.0,0.2,0.0,0,0,0,19,15,-1,-1,0.0
stage1c_single_agent_small,3,1,104966,1939,1,100,100,1,0,31.668498992919922,4.0,4.0,0.0,0.2,0.0,0,0,0,23,18,-1,-1,0.0
stage1c_single_agent_small,3,1,105000,1940,1,100,100,1,0,29.174518585205078,4.0,4.0,0.0,0.16,0.0,0,0,0,34,28,-1,-1,0.0
stage1c_single_agent_small,3,1,105051,1941,1,100,100,1,0,111.49223327636719,4.0,4.0,2.0,0.4,0.0,0,0,0,51,32,32,0,0.0392156862745098
stage1c_single_agent_small,3,1,105091,1942,1,100,100,1,0,71.61774444580078,4.0,4.0,1.0,0.44,0.0,0,0,0,40,22,22,0,0.025
stage1c_single_agent_small,3,1,105189,1943,1,100,100,1,0,190.96234130859375,4.0,4.0,4.0,0.44,0.0,0,0,0,98,91,91,0,0.04081632653061224
stage1c_single_agent_small,3,1,105209,1944,1,100,100,1,0,29.889328002929688,4.0,4.0,0.0,0.16,0.0,0,0,0,20,14,-1,-1,0.0
stage1c_single_agent_small,3,1,105226,1945,1,100,100,1,0,31.761558532714844,4.0,4.0,0.0,0.2,0.0,0,0,0,17,12,-1,-1,0.0
stage1c_single_agent_small,3,1,105301,1946,1,100,100,1,0,31.099157333374023,4.0,4.0,0.0,0.44,0.0,0,0,0,75,70,-1,-1,0.0
stage1c_single_agent_small,3,1,105335,1947,1,100,100,1,0,31.169546127319336,4.0,4.0,0.0,0.2,0.0,0,0,0,34,30,-1,-1,0.0
stage1c_single_agent_small,3,1,105381,1948,1,100,100,1,0,29.566001892089844,4.0,4.0,0.0,0.2,0.0,0,0,0,46,29,-1,-1,0.0
stage1c_single_agent_small,3,1,105436,1949,1,100,100,1,0,30.432636260986328,4.0,4.0,0.0,0.36,0.0,0,0,0,55,10,-1,-1,0.0
stage1c_single_agent_small,3,1,105482,1950,1,100,100,1,0,30.59109878540039,4.0,4.0,0.0,0.16,0.0,0,0,0,46,26,-1,-1,0.0
stage1c_single_agent_small,3,1,105488,1951,1,100,100,1,0,31.962875366210938,4.0,4.0,0.0,0.08,0.0,0,0,0,6,2,-1,-1,0.0
stage1c_single_agent_small,3,1,105527,1952,1,100,100,1,0,29.475692749023438,4.0,4.0,0.0,0.24,0.0,0,0,0,39,15,-1,-1,0.0
stage1c_single_agent_small,3,1,105600,1953,1,100,100,1,0,31.097366333007812,4.0,4.0,0.0,0.36,0.0,0,0,0,73,5,-1,-1,0.0
stage1c_single_agent_small,3,1,105608,1954,1,100,100,1,0,31.96634292602539,4.0,4.0,0.0,0.12,0.0,0,0,0,8,4,-1,-1,0.0
stage1c_single_agent_small,3,1,105626,1955,1,100,100,1,0,31.563325881958008,4.0,4.0,0.0,0.2,0.0,0,0,0,18,11,-1,-1,0.0
stage1c_single_agent_small,3,1,105684,1956,1,100,100,1,0,30.89687156677246,4.0,4.0,0.0,0.32,0.0,0,0,0,58,40,-1,-1,0.0
stage1c_single_agent_small,3,1,105823,1957,1,100,100,1,0,30.344097137451172,4.0,4.0,0.0,0.48,0.0,0,0,0,139,96,-1,-1,0.0
stage1c_single_agent_small,3,1,105840,1958,1,100,100,1,0,151.25003051757812,4.0,4.0,3.0,0.12,0.0,0,0,0,17,14,15,1,0.17647058823529413
stage1c_single_agent_small,3,1,105863,1959,1,100,100,1,0,31.072330474853516,4.0,4.0,0.0,0.24,0.0,0,0,0,23,19,-1,-1,0.0
stage1c_single_agent_small,3,1,105950,1960,1,100,100,1,0,30.97075843811035,4.0,4.0,0.0,0.52,0.0,0,0,0,87,71,-1,-1,0.0
stage1c_single_agent_small,3,1,105997,1961,1,100,100,1,0,31.195253372192383,4.0,4.0,0.0,0.32,0.0,0,0,0,47,35,-1,-1,0.0
stage1c_single_agent_small,3,1,106137,1962,1,100,100,1,0,62.41336441040039,3.0,3.0,1.0,0.48,0.0,0,0,1,140,103,105,2,0.007142857142857143
stage1c_single_agent_small,3,1,106150,1963,1,100,100,1,0,31.075729370117188,4.0,4.0,0.0,0.08,0.0,0,0,0,13,6,-1,-1,0.0
stage1c_single_agent_small,3,1,106193,1964,1,100,100,1,0,191.42263793945312,4.0,4.0,4.0,0.36,0.0,0,0,0,43,40,40,0,0.09302325581395349
stage1c_single_agent_small,3,1,106274,1965,1,100,100,1,0,30.8529052734375,4.0,4.0,0.0,0.56,0.0,0,0,0,81,11,-1,-1,0.0
stage1c_single_agent_small,3,1,106414,1966,1,100,100,1,0,22.305217742919922,3.0,3.0,0.0,0.4,0.0,0,0,1,140,65,-1,-1,0.0
stage1c_single_agent_small,3,1,106511,1967,1,100,100,1,0,31.056991577148438,4.0,4.0,0.0,0.36,0.0,0,0,0,97,11,-1,-1,0.0
stage1c_single_agent_small,3,1,106564,1968,1,100,100,1,0,32.21188735961914,4.0,4.0,0.0,0.36,0.0,0,0,0,53,6,-1,-1,0.0
stage1c_single_agent_small,3,1,106574,1969,1,100,100,1,0,31.921104431152344,4.0,4.0,0.0,0.12,0.0,0,0,0,10,6,-1,-1,0.0
stage1c_single_agent_small,3,1,106623,1970,1,100,100,1,0,192.14663696289062,4.0,4.0,4.0,0.24,0.0,0,0,0,49,46,46,0,0.08163265306122448
stage1c_single_agent_small,3,1,106675,1971,1,100,100,1,0,31.507266998291016,4.0,4.0,0.0,0.2,0.0,0,0,0,52,29,-1,-1,0.0
stage1c_single_agent_small,3,1,106754,1972,1,100,100,1,0,30.277116775512695,4.0,4.0,0.0,0.16,0.0,0,0,0,79,72,-1,-1,0.0
stage1c_single_agent_small,3,1,106781,1973,1,100,100,1,0,31.17024803161621,4.0,4.0,0.0,0.16,0.0,0,0,0,27,23,-1,-1,0.0
stage1c_single_agent_small,3,1,106806,1974,1,100,100,1,0,191.46096801757812,4.0,4.0,4.0,0.24,0.0,0,0,0,25,22,22,0,0.16
stage1c_single_agent_small,3,1,106818,1975,1,100,100,1,0,111.88896179199219,4.0,4.0,2.0,0.12,0.0,0,0,0,12,9,11,2,0.16666666666666666
stage1c_single_agent_small,3,1,106852,1976,1,100,100,1,0,31.958885192871094,4.0,4.0,0.0,0.32,0.0,0,0,0,34,30,-1,-1,0.0
stage1c_single_agent_small,3,1,106869,1977,1,100,100,1,0,32.0420036315918,4.0,4.0,0.0,0.08,0.0,0,0,0,17,13,-1,-1,0.0
stage1c_single_agent_small,3,1,106913,1978,1,100,100,1,0,30.41457748413086,4.0,4.0,0.0,0.2,0.0,0,0,0,44,27,-1,-1,0.0
stage1c_single_agent_small,3,1,106954,1979,1,100,100,1,0,72.35955047607422,4.0,4.0,1.0,0.32,0.0,0,0,0,41,23,23,0,0.024390243902439025
stage1c_single_agent_small,3,1,106974,1980,1,100,100,1,0,32.20295715332031,4.0,4.0,0.0,0.12,0.0,0,0,0,20,16,-1,-1,0.0
stage1c_single_agent_small,3,1,106987,1981,1,100,100,1,0,32.124977111816406,4.0,4.0,0.0,0.16,0.0,0,0,0,13,9,-1,-1,0.0
stage1c_single_agent_small,3,1,107003,1982,1,100,100,1,0,31.745525360107422,4.0,4.0,0.0,0.16,0.0,0,0,0,16,12,-1,-1,0.0
stage1c_single_agent_small,3,1,107015,1983,1,100,100,1,0,31.160743713378906,4.0,4.0,0.0,0.2,0.0,0,0,0,12,6,-1,-1,0.0
stage1c_single_agent_small,3,1,107085,1984,1,100,100,1,0,29.63189125061035,4.0,4.0,0.0,0.36,0.0,0,0,0,70,52,-1,-1,0.0
stage1c_single_agent_small,3,1,107100,1985,1,100,100,1,0,31.67518424987793,4.0,4.0,0.0,0.12,0.0,0,0,0,15,11,-1,-1,0.0
stage1c_single_agent_small,3,1,107133,1986,1,100,100,1,0,71.15129089355469,4.0,4.0,1.0,0.2,0.0,0,0,0,33,15,15,0,0.030303030303030304
stage1c_single_agent_small,3,1,107154,1987,1,100,100,1,0,32.03382873535156,4.0,4.0,0.0,0.16,0.0,0,0,0,21,4,-1,-1,0.0
stage1c_single_agent_small,3,1,107189,1988,1,100,100,1,0,31.544578552246094,4.0,4.0,0.0,0.28,0.0,0,0,0,35,31,-1,-1,0.0
stage1c_single_agent_small,3,1,107218,1989,1,100,100,1,0,71.36815643310547,4.0,4.0,1.0,0.2,0.0,0,0,0,29,12,13,1,0.034482758620689655
stage1c_single_agent_small,3,1,107252,1990,1,100,100,1,0,31.102880477905273,4.0,4.0,0.0,0.24,0.0,0,0,0,34,16,-1,-1,0.0
stage1c_single_agent_small,3,1,107316,1991,1,100,100,1,0,31.292179107666016,4.0,4.0,0.0,0.36,0.0,0,0,0,64,54,-1,-1,0.0
stage1c_single_agent_small,3,1,107330,1992,1,100,100,1,0,31.47439956665039,4.0,4.0,0.0,0.12,0.0,0,0,0,14,9,-1,-1,0.0
stage1c_single_agent_small,3,1,107392,1993,1,100,100,1,0,30.58889389038086,4.0,4.0,0.0,0.2,0.0,0,0,0,62,33,-1,-1,0.0
stage1c_single_agent_small,3,1,107403,1994,1,100,100,1,0,31.137781143188477,4.0,4.0,0.0,0.08,0.0,0,0,0,11,7,-1,-1,0.0
stage1c_single_agent_small,3,1,107440,1995,1,100,100,1,0,31.122638702392578,4.0,4.0,0.0,0.24,0.0,0,0,0,37,32,-1,-1,0.0
stage1c_single_agent_small,3,1,107446,1996,1,100,100,1,0,111.98368072509766,4.0,4.0,2.0,0.08,0.0,0,0,0,6,3,5,2,0.3333333333333333
stage1c_single_agent_small,3,1,107465,1997,1,100,100,1,0,71.076904296875,4.0,4.0,1.0,0.24,0.0,0,0,0,19,13,13,0,0.05263157894736842
stage1c_single_agent_small,3,1,107511,1998,1,100,100,1,0,32.45842742919922,4.0,4.0,0.0,0.28,0.0,0,0,0,46,12,-1,-1,0.0
stage1c_single_agent_small,3,1,107568,1999,1,100,100,1,0,31.98781967163086,4.0,4.0,0.0,0.4,0.0,0,0,0,57,10,-1,-1,0.0
stage1c_single_agent_small,3,1,107691,2000,1,100,100,1,0,31.541343688964844,4.0,4.0,0.0,0.4,0.0,0,0,0,123,89,-1,-1,0.0
stage1c_single_agent_small,3,1,107707,2001,1,100,100,1,0,31.519927978515625,4.0,4.0,0.0,0.24,0.0,0,0,0,16,11,-1,-1,0.0
stage1c_single_agent_small,3,1,107723,2002,1,100,100,1,0,32.075721740722656,4.0,4.0,0.0,0.12,0.0,0,0,0,16,10,-1,-1,0.0
stage1c_single_agent_small,3,1,107757,2003,1,100,100,1,0,31.95978546142578,4.0,4.0,0.0,0.24,0.0,0,0,0,34,5,-1,-1,0.0
stage1c_single_agent_small,3,1,107768,2004,1,100,100,1,0,29.876535415649414,4.0,4.0,0.0,0.04,0.0,0,0,0,11,4,-1,-1,0.0
stage1c_single_agent_small,3,1,107816,2005,1,100,100,1,0,31.200136184692383,4.0,4.0,0.0,0.24,0.0,0,0,0,48,22,-1,-1,0.0
stage1c_single_agent_small,3,1,107825,2006,1,100,100,1,0,31.59632682800293,4.0,4.0,0.0,0.12,0.0,0,0,0,9,5,-1,-1,0.0
stage1c_single_agent_small,3,1,107843,2007,1,100,100,1,0,30.863656997680664,4.0,4.0,0.0,0.08,0.0,0,0,0,18,6,-1,-1,0.0
stage1c_single_agent_small,3,1,107879,2008,1,100,100,1,0,29.95995330810547,4.0,4.0,0.0,0.32,0.0,0,0,0,36,30,-1,-1,0.0
stage1c_single_agent_small,3,1,107912,2009,1,100,100,1,0,31.14366340637207,4.0,4.0,0.0,0.2,0.0,0,0,0,33,14,-1,-1,0.0
stage1c_single_agent_small,3,1,108021,2010,1,100,100,1,0,72.12586212158203,4.0,4.0,1.0,0.52,0.0,0,0,0,109,52,94,42,0.009174311926605505
stage1c_single_agent_small,3,1,108044,2011,1,100,100,1,0,30.885480880737305,4.0,4.0,0.0,0.28,0.0,0,0,0,23,18,-1,-1,0.0
stage1c_single_agent_small,3,1,108090,2012,1,100,100,1,0,31.16698455810547,4.0,4.0,0.0,0.24,0.0,0,0,0,46,40,-1,-1,0.0
stage1c_single_agent_small,3,1,108119,2013,1,100,100,1,0,31.195608139038086,4.0,4.0,0.0,0.24,0.0,0,0,0,29,25,-1,-1,0.0
stage1c_single_agent_small,3,1,108157,2014,1,100,100,1,0,191.7427978515625,4.0,4.0,4.0,0.28,0.0,0,0,0,38,21,21,0,0.10526315789473684
stage1c_single_agent_small,3,1,108233,2015,1,100,100,1,0,30.090476989746094,4.0,4.0,0.0,0.24,0.0,0,0,0,76,5,-1,-1,0.0
stage1c_single_agent_small,3,1,108255,2016,1,100,100,1,0,32.05086898803711,4.0,4.0,0.0,0.24,0.0,0,0,0,22,15,-1,-1,0.0
stage1c_single_agent_small,3,1,108315,2017,1,100,100,1,0,151.51800537109375,4.0,4.0,3.0,0.36,0.0,0,0,0,60,8,9,1,0.05
stage1c_single_agent_small,3,1,108343,2018,1,100,100,1,0,31.654054641723633,4.0,4.0,0.0,0.32,0.0,0,0,0,28,23,-1,-1,0.0
stage1c_single_agent_small,3,1,108417,2019,1,100,100,1,0,31.414608001708984,4.0,4.0,0.0,0.36,0.0,0,0,0,74,22,-1,-1,0.0
stage1c_single_agent_small,3,1,108441,2020,1,100,100,1,0,31.799184799194336,4.0,4.0,0.0,0.24,0.0,0,0,0,24,16,-1,-1,0.0
stage1c_single_agent_small,3,1,108482,2021,1,100,100,1,0,30.69422721862793,4.0,4.0,0.0,0.28,0.0,0,0,0,41,12,-1,-1,0.0
stage1c_single_agent_small,3,1,108507,2022,1,100,100,1,0,31.384653091430664,4.0,4.0,0.0,0.12,0.0,0,0,0,25,13,-1,-1,0.0
stage1c_single_agent_small,3,1,108545,2023,1,100,100,1,0,30.726078033447266,4.0,4.0,0.0,0.32,0.0,0,0,0,38,32,-1,-1,0.0
stage1c_single_agent_small,3,1,108592,2024,1,100,100,1,0,31.55109405517578,4.0,4.0,0.0,0.2,0.0,0,0,0,47,14,-1,-1,0.0
stage1c_single_agent_small,3,1,108607,2025,1,100,100,1,0,31.54168128967285,4.0,4.0,0.0,0.2,0.0,0,0,0,15,10,-1,-1,0.0
stage1c_single_agent_small,3,1,108634,2026,1,100,100,1,0,31.840682983398438,4.0,4.0,0.0,0.28,0.0,0,0,0,27,12,-1,-1,0.0
stage1c_single_agent_small,3,1,108670,2027,1,100,100,1,0,31.12779998779297,4.0,4.0,0.0,0.28,0.0,0,0,0,36,24,-1,-1,0.0
stage1c_single_agent_small,3,1,108747,2028,1,100,100,1,0,29.799468994140625,4.0,4.0,0.0,0.52,0.0,0,0,0,77,37,-1,-1,0.0
stage1c_single_agent_small,3,1,108767,2029,1,100,100,1,0,32.01690673828125,4.0,4.0,0.0,0.16,0.0,0,0,0,20,14,-1,-1,0.0
stage1c_single_agent_small,3,1,108779,2030,1,100,100,1,0,32.01326370239258,4.0,4.0,0.0,0.24,0.0,0,0,0,12,8,-1,-1,0.0
stage1c_single_agent_small,3,1,108806,2031,1,100,100,1,0,71.66924285888672,4.0,4.0,1.0,0.32,0.0,0,0,0,27,23,23,0,0.037037037037037035
stage1c_single_agent_small,3,1,108824,2032,1,100,100,1,0,31.73160171508789,4.0,4.0,0.0,0.24,0.0,0,0,0,18,14,-1,-1,0.0
stage1c_single_agent_small,3,1,108855,2033,1,100,100,1,0,31.648906707763672,4.0,4.0,0.0,0.36,0.0,0,0,0,31,27,-1,-1,0.0
stage1c_single_agent_small,3,1,108909,2034,1,100,100,1,0,31.546981811523438,4.0,4.0,0.0,0.44,0.0,0,0,0,54,15,-1,-1,0.0
stage1c_single_agent_small,3,1,108929,2035,1,100,100,1,0,32.039642333984375,4.0,4.0,0.0,0.16,0.0,0,0,0,20,16,-1,-1,0.0
stage1c_single_agent_small,3,1,108950,2036,1,100,100,1,0,31.45022201538086,4.0,4.0,0.0,0.24,0.0,0,0,0,21,15,-1,-1,0.0
stage1c_single_agent_small,3,1,109014,2037,1,100,100,1,0,30.601398468017578,4.0,4.0,0.0,0.2,0.0,0,0,0,64,7,-1,-1,0.0
stage1c_single_agent_small,3,1,109047,2038,1,100,100,1,0,31.82697296142578,4.0,4.0,0.0,0.36,0.0,0,0,0,33,24,-1,-1,0.0
stage1c_single_agent_small,3,1,109057,2039,1,100,100,1,0,32.01513671875,4.0,4.0,0.0,0.2,0.0,0,0,0,10,6,-1,-1,0.0
stage1c_single_agent_small,3,1,109077,2040,1,100,100,1,0,31.617225646972656,4.0,4.0,0.0,0.12,0.0,0,0,0,20,13,-1,-1,0.0
stage1c_single_agent_small,3,1,109105,2041,1,100,100,1,0,31.999576568603516,4.0,4.0,0.0,0.24,0.0,0,0,0,28,20,-1,-1,0.0
stage1c_single_agent_small,3,1,109112,2042,1,100,100,1,0,31.95918083190918,4.0,4.0,0.0,0.08,0.0,0,0,0,7,3,-1,-1,0.0
stage1c_single_agent_small,3,1,109135,2043,1,100,100,1,0,30.69672203063965,4.0,4.0,0.0,0.24,0.0,0,0,0,23,16,-1,-1,0.0
stage1c_single_agent_small,3,1,109170,2044,1,100,100,1,0,29.959203720092773,4.0,4.0,0.0,0.24,0.0,0,0,0,35,25,-1,-1,0.0
stage1c_single_agent_small,3,1,109310,2045,1,100,100,1,0,144.69044494628906,3.0,3.0,3.0,0.56,0.0,0,0,1,140,42,42,0,0.02142857142857143
stage1c_single_agent_small,3,1,109376,2046,1,100,100,1,0,30.670684814453125,4.0,4.0,0.0,0.36,0.0,0,0,0,66,27,-1,-1,0.0
stage1c_single_agent_small,3,1,109393,2047,1,100,100,1,0,30.62567138671875,4.0,4.0,0.0,0.12,0.0,0,0,0,17,10,-1,-1,0.0
stage1c_single_agent_small,3,1,109405,2048,1,100,100,1,0,31.595417022705078,4.0,4.0,0.0,0.16,0.0,0,0,0,12,7,-1,-1,0.0
stage1c_single_agent_small,3,1,109456,2049,1,100,100,1,0,29.617246627807617,4.0,4.0,0.0,0.2,0.0,0,0,0,51,12,-1,-1,0.0
stage1c_single_agent_small,3,1,109506,2050,1,100,100,1,0,29.72446632385254,4.0,4.0,0.0,0.2,0.0,0,0,0,50,24,-1,-1,0.0
stage1c_single_agent_small,3,1,109578,2051,1,100,100,1,0,30.38650894165039,4.0,4.0,0.0,0.4,0.0,0,0,0,72,22,-1,-1,0.0
stage1c_single_agent_small,3,1,109638,2052,1,100,100,1,0,30.957454681396484,4.0,4.0,0.0,0.32,0.0,0,0,0,60,28,-1,-1,0.0
stage1c_single_agent_small,3,1,109658,2053,1,100,100,1,0,72.20377349853516,4.0,4.0,1.0,0.32,0.0,0,0,0,20,6,6,0,0.05
stage1c_single_agent_small,3,1,109698,2054,1,100,100,1,0,31.25322151184082,4.0,4.0,0.0,0.16,0.0,0,0,0,40,2,-1,-1,0.0
stage1c_single_agent_small,3,1,109711,2055,1,100,100,1,0,31.061386108398438,4.0,4.0,0.0,0.08,0.0,0,0,0,13,7,-1,-1,0.0
stage1c_single_agent_small,3,1,109763,2056,1,100,100,1,0,111.47911834716797,4.0,4.0,2.0,0.32,0.0,0,0,0,52,44,44,0,0.038461538461538464
stage1c_single_agent_small,3,1,109774,2057,1,100,100,1,0,31.559865951538086,4.0,4.0,0.0,0.16,0.0,0,0,0,11,6,-1,-1,0.0
stage1c_single_agent_small,3,1,109787,2058,1,100,100,1,0,31.723060607910156,4.0,4.0,0.0,0.16,0.0,0,0,0,13,8,-1,-1,0.0
stage1c_single_agent_small,3,1,109915,2059,1,100,100,1,0,30.301517486572266,4.0,4.0,0.0,0.48,0.0,0,0,0,128,39,-1,-1,0.0
stage1c_single_agent_small,3,1,109960,2060,1,100,100,1,0,150.4951934814453,4.0,4.0,3.0,0.32,0.0,0,0,0,45,12,12,0,0.06666666666666667
stage1c_single_agent_small,3,1,109998,2061,1,100,100,1,0,30.2166690826416,4.0,4.0,0.0,0.28,0.0,0,0,0,38,28,-1,-1,0.0
stage1c_single_agent_small,3,1,110014,2062,1,100,100,1,0,31.126178741455078,4.0,4.0,0.0,0.2,0.0,0,0,0,16,10,-1,-1,0.0
stage1c_single_agent_small,3,1,110061,2063,1,100,100,1,0,70.38084411621094,4.0,4.0,1.0,0.2,0.0,0,0,0,47,30,47,17,0.02127659574468085
stage1c_single_agent_small,3,1,110089,2064,1,100,100,1,0,31.040019989013672,4.0,4.0,0.0,0.2,0.0,0,0,0,28,20,-1,-1,0.0
stage1c_single_agent_small,3,1,110121,2065,1,100,100,1,0,31.58194923400879,4.0,4.0,0.0,0.24,0.0,0,0,0,32,27,-1,-1,0.0
stage1c_single_agent_small,3,1,110139,2066,1,100,100,1,0,31.70684242248535,4.0,4.0,0.0,0.2,0.0,0,0,0,18,13,-1,-1,0.0
stage1c_single_agent_small,3,1,110154,2067,1,100,100,1,0,30.71206283569336,4.0,4.0,0.0,0.2,0.0,0,0,0,15,9,-1,-1,0.0
stage1c_single_agent_small,3,1,110179,2068,1,100,100,1,0,31.70284652709961,4.0,4.0,0.0,0.24,0.0,0,0,0,25,3,-1,-1,0.0
stage1c_single_agent_small,3,1,110197,2069,1,100,100,1,0,30.701045989990234,4.0,4.0,0.0,0.16,0.0,0,0,0,18,12,-1,-1,0.0
stage1c_single_agent_small,3,1,110204,2070,1,100,100,1,0,151.97250366210938,4.0,4.0,3.0,0.08,0.0,0,0,0,7,4,5,1,0.42857142857142855
stage1c_single_agent_small,3,1,110231,2071,1,100,100,1,0,30.445066452026367,4.0,4.0,0.0,0.24,0.0,0,0,0,27,18,-1,-1,0.0
stage1c_single_agent_small,3,1,110254,2072,1,100,100,1,0,31.89556312561035,4.0,4.0,0.0,0.24,0.0,0,0,0,23,10,-1,-1,0.0
stage1c_single_agent_small,3,1,110294,2073,1,100,100,1,0,29.526229858398438,4.0,4.0,0.0,0.28,0.0,0,0,0,40,33,-1,-1,0.0
stage1c_single_agent_small,3,1,110322,2074,1,100,100,1,0,32.07994842529297,4.0,4.0,0.0,0.28,0.0,0,0,0,28,3,-1,-1,0.0
stage1c_single_agent_small,3,1,110352,2075,1,100,100,1,0,31.246559143066406,4.0,4.0,0.0,0.28,0.0,0,0,0,30,23,-1,-1,0.0
stage1c_single_agent_small,3,1,110375,2076,1,100,100,1,0,32.106056213378906,4.0,4.0,0.0,0.24,0.0,0,0,0,23,19,-1,-1,0.0
stage1c_single_agent_small,3,1,110407,2077,1,100,100,1,0,151.83322143554688,4.0,4.0,3.0,0.24,0.0,0,0,0,32,21,22,1,0.09375
stage1c_single_agent_small,3,1,110419,2078,1,100,100,1,0,31.537609100341797,4.0,4.0,0.0,0.12,0.0,0,0,0,12,8,-1,-1,0.0
stage1c_single_agent_small,3,1,110454,2079,1,100,100,1,0,30.396163940429688,4.0,4.0,0.0,0.28,0.0,0,0,0,35,18,-1,-1,0.0
stage1c_single_agent_small,3,1,110500,2080,1,100,100,1,0,29.096202850341797,4.0,4.0,0.0,0.24,0.0,0,0,0,46,26,-1,-1,0.0
stage1c_single_agent_small,3,1,110557,2081,1,100,100,1,0,31.523921966552734,4.0,4.0,0.0,0.44,0.0,0,0,0,57,27,-1,-1,0.0
stage1c_single_agent_small,3,1,110614,2082,1,100,100,1,0,31.619842529296875,4.0,4.0,0.0,0.4,0.0,0,0,0,57,9,-1,-1,0.0
stage1c_single_agent_small,3,1,110629,2083,1,100,100,1,0,31.53313446044922,4.0,4.0,0.0,0.2,0.0,0,0,0,15,9,-1,-1,0.0
stage1c_single_agent_small,3,1,110699,2084,1,100,100,1,0,30.55478858947754,4.0,4.0,0.0,0.44,0.0,0,0,0,70,28,-1,-1,0.0
stage1c_single_agent_small,3,1,110712,2085,1,100,100,1,0,190.95050048828125,4.0,4.0,4.0,0.12,0.0,0,0,0,13,9,9,0,0.3076923076923077
stage1c_single_agent_small,3,1,110732,2086,1,100,100,1,0,31.71772575378418,4.0,4.0,0.0,0.2,0.0,0,0,0,20,16,-1,-1,0.0
stage1c_single_agent_small,3,1,110759,2087,1,100,100,1,0,30.62383270263672,4.0,4.0,0.0,0.16,0.0,0,0,0,27,21,-1,-1,0.0
stage1c_single_agent_small,3,1,110777,2088,1,100,100,1,0,32.12371063232422,4.0,4.0,0.0,0.2,0.0,0,0,0,18,14,-1,-1,0.0
stage1c_single_agent_small,3,1,110829,2089,1,100,100,1,0,31.31984519958496,4.0,4.0,0.0,0.44,0.0,0,0,0,52,32,-1,-1,0.0
stage1c_single_agent_small,3,1,110838,2090,1,100,100,1,0,31.997312545776367,4.0,4.0,0.0,0.2,0.0,0,0,0,9,5,-1,-1,0.0
stage1c_single_agent_small,3,1,110873,2091,1,100,100,1,0,31.45513916015625,4.0,4.0,0.0,0.32,0.0,0,0,0,35,31,-1,-1,0.0
stage1c_single_agent_small,3,1,110892,2092,1,100,100,1,0,31.256885528564453,4.0,4.0,0.0,0.16,0.0,0,0,0,19,13,-1,-1,0.0
stage1c_single_agent_small,3,1,110909,2093,1,100,100,1,0,31.46401023864746,4.0,4.0,0.0,0.16,0.0,0,0,0,17,9,-1,-1,0.0
stage1c_single_agent_small,3,1,110932,2094,1,100,100,1,0,111.72279357910156,4.0,4.0,2.0,0.28,0.0,0,0,0,23,7,8,1,0.08695652173913043
stage1c_single_agent_small,3,1,110961,2095,1,100,100,1,0,30.85711097717285,4.0,4.0,0.0,0.2,0.0,0,0,0,29,4,-1,-1,0.0
stage1c_single_agent_small,3,1,111014,2096,1,100,100,1,0,28.3192195892334,4.0,4.0,0.0,0.48,0.0,0,0,0,53,47,-1,-1,0.0
stage1c_single_agent_small,3,1,111050,2097,1,100,100,1,0,111.5631103515625,4.0,4.0,2.0,0.2,0.0,0,0,0,36,11,25,14,0.05555555555555555
stage1c_single_agent_small,3,1,111058,2098,1,100,100,1,0,31.961252212524414,4.0,4.0,0.0,0.08,0.0,0,0,0,8,4,-1,-1,0.0
stage1c_single_agent_small,3,1,111086,2099,1,100,100,1,0,30.8421688079834,4.0,4.0,0.0,0.2,0.0,0,0,0,28,22,-1,-1,0.0
stage1c_single_agent_small,3,1,111104,2100,1,100,100,1,0,111.11682891845703,4.0,4.0,2.0,0.2,0.0,0,0,0,18,14,17,3,0.1111111111111111
stage1c_single_agent_small,3,1,111124,2101,1,100,100,1,0,31.34991455078125,4.0,4.0,0.0,0.24,0.0,0,0,0,20,9,-1,-1,0.0
stage1c_single_agent_small,3,1,111136,2102,1,100,100,1,0,32.17444610595703,4.0,4.0,0.0,0.16,0.0,0,0,0,12,8,-1,-1,0.0
stage1c_single_agent_small,3,1,111161,2103,1,100,100,1,0,30.465238571166992,4.0,4.0,0.0,0.24,0.0,0,0,0,25,18,-1,-1,0.0
stage1c_single_agent_small,3,1,111196,2104,1,100,100,1,0,31.237125396728516,4.0,4.0,0.0,0.28,0.0,0,0,0,35,16,-1,-1,0.0
stage1c_single_agent_small,3,1,111213,2105,1,100,100,1,0,31.480018615722656,4.0,4.0,0.0,0.16,0.0,0,0,0,17,12,-1,-1,0.0
stage1c_single_agent_small,3,1,111221,2106,1,100,100,1,0,31.54550552368164,4.0,4.0,0.0,0.08,0.0,0,0,0,8,3,-1,-1,0.0
stage1c_single_agent_small,3,1,111242,2107,1,100,100,1,0,31.147518157958984,4.0,4.0,0.0,0.28,0.0,0,0,0,21,15,-1,-1,0.0
stage1c_single_agent_small,3,1,111293,2108,1,100,100,1,0,30.67634391784668,4.0,4.0,0.0,0.28,0.0,0,0,0,51,47,-1,-1,0.0
stage1c_single_agent_small,3,1,111315,2109,1,100,100,1,0,31.69145965576172,4.0,4.0,0.0,0.2,0.0,0,0,0,22,15,-1,-1,0.0
stage1c_single_agent_small,3,1,111337,2110,1,100,100,1,0,31.325462341308594,4.0,4.0,0.0,0.28,0.0,0,0,0,22,18,-1,-1,0.0
stage1c_single_agent_small,3,1,111354,2111,1,100,100,1,0,32.106300354003906,4.0,4.0,0.0,0.12,0.0,0,0,0,17,13,-1,-1,0.0
stage1c_single_agent_small,3,1,111381,2112,1,100,100,1,0,30.65274429321289,4.0,4.0,0.0,0.2,0.0,0,0,0,27,22,-1,-1,0.0
stage1c_single_agent_small,3,1,111429,2113,1,100,100,1,0,31.71587371826172,4.0,4.0,0.0,0.36,0.0,0,0,0,48,14,-1,-1,0.0
stage1c_single_agent_small,3,1,111437,2114,1,100,100,1,0,191.72557067871094,4.0,4.0,4.0,0.08,0.0,0,0,0,8,4,4,0,0.5
stage1c_single_agent_small,3,1,111531,2115,1,100,100,1,0,152.11788940429688,4.0,4.0,3.0,0.4,0.0,0,0,0,94,24,24,0,0.031914893617021274
stage1c_single_agent_small,3,1,111587,2116,1,100,100,1,0,32.10162353515625,4.0,4.0,0.0,0.32,0.0,0,0,0,56,23,-1,-1,0.0
stage1c_single_agent_small,3,1,111611,2117,1,100,100,1,0,30.31361198425293,4.0,4.0,0.0,0.2,0.0,0,0,0,24,17,-1,-1,0.0
stage1c_single_agent_small,3,1,111663,2118,1,100,100,1,0,28.85841941833496,4.0,4.0,0.0,0.36,0.0,0,0,0,52,29,-1,-1,0.0
stage1c_single_agent_small,3,1,111674,2119,1,100,100,1,0,31.59048843383789,4.0,4.0,0.0,0.16,0.0,0,0,0,11,6,-1,-1,0.0
stage1c_single_agent_small,3,1,111695,2120,1,100,100,1,0,31.683786392211914,4.0,4.0,0.0,0.2,0.0,0,0,0,21,17,-1,-1,0.0
stage1c_single_agent_small,3,1,111724,2121,1,100,100,1,0,192.29995727539062,4.0,4.0,4.0,0.28,0.0,0,0,0,29,18,18,0,0.13793103448275862
stage1c_single_agent_small,3,1,111739,2122,1,100,100,1,0,32.1192512512207,4.0,4.0,0.0,0.16,0.0,0,0,0,15,11,-1,-1,0.0
stage1c_single_agent_small,3,1,111760,2123,1,100,100,1,0,31.356426239013672,4.0,4.0,0.0,0.24,0.0,0,0,0,21,17,-1,-1,0.0
stage1c_single_agent_small,3,1,111820,2124,1,100,100,1,0,31.062253952026367,4.0,4.0,0.0,0.4,0.0,0,0,0,60,11,-1,-1,0.0
stage1c_single_agent_small,3,1,111905,2125,1,100,100,1,0,31.9722900390625,4.0,4.0,0.0,0.48,0.0,0,0,0,85,20,-1,-1,0.0
stage1c_single_agent_small,3,1,111927,2126,1,100,100,1,0,30.255348205566406,4.0,4.0,0.0,0.08,0.0,0,0,0,22,5,-1,-1,0.0
stage1c_single_agent_small,3,1,111936,2127,1,100,100,1,0,31.536022186279297,4.0,4.0,0.0,0.08,0.0,0,0,0,9,2,-1,-1,0.0
stage1c_single_agent_small,3,1,111955,2128,1,100,100,1,0,71.91999816894531,4.0,4.0,1.0,0.2,0.0,0,0,0,19,1,19,18,0.05263157894736842
stage1c_single_agent_small,3,1,111966,2129,1,100,100,1,0,151.7867431640625,4.0,4.0,3.0,0.16,0.0,0,0,0,11,8,9,1,0.2727272727272727
stage1c_single_agent_small,3,1,111996,2130,1,100,100,1,0,31.422340393066406,4.0,4.0,0.0,0.2,0.0,0,0,0,30,24,-1,-1,0.0
stage1c_single_agent_small,3,1,112007,2131,1,100,100,1,0,31.967857360839844,4.0,4.0,0.0,0.12,0.0,0,0,0,11,7,-1,-1,0.0
stage1c_single_agent_small,3,1,112062,2132,1,100,100,1,0,31.303579330444336,4.0,4.0,0.0,0.36,0.0,0,0,0,55,18,-1,-1,0.0
stage1c_single_agent_small,3,1,112107,2133,1,100,100,1,0,111.82884979248047,4.0,4.0,2.0,0.28,0.0,0,0,0,45,23,23,0,0.044444444444444446
stage1c_single_agent_small,3,1,112140,2134,1,100,100,1,0,29.404396057128906,4.0,4.0,0.0,0.2,0.0,0,0,0,33,27,-1,-1,0.0
stage1c_single_agent_small,3,1,112175,2135,1,100,100,1,0,31.59337615966797,4.0,4.0,0.0,0.2,0.0,0,0,0,35,9,-1,-1,0.0
stage1c_single_agent_small,3,1,112233,2136,1,100,100,1,0,31.564090728759766,4.0,4.0,0.0,0.44,0.0,0,0,0,58,10,-1,-1,0.0
stage1c_single_agent_small,3,1,112256,2137,1,100,100,1,0,29.851654052734375,4.0,4.0,0.0,0.08,0.0,0,0,0,23,3,-1,-1,0.0
stage1c_single_agent_small,3,1,112296,2138,1,100,100,1,0,30.417264938354492,4.0,4.0,0.0,0.28,0.0,0,0,0,40,21,-1,-1,0.0
stage1c_single_agent_small,3,1,112312,2139,1,100,100,1,0,32.17208480834961,4.0,4.0,0.0,0.16,0.0,0,0,0,16,4,-1,-1,0.0
stage1c_single_agent_small,3,1,112331,2140,1,100,100,1,0,30.706974029541016,4.0,4.0,0.0,0.12,0.0,0,0,0,19,5,-1,-1,0.0
stage1c_single_agent_small,3,1,112352,2141,1,100,100,1,0,31.32954978942871,4.0,4.0,0.0,0.16,0.0,0,0,0,21,17,-1,-1,0.0
stage1c_single_agent_small,3,1,112365,2142,1,100,100,1,0,32.10284423828125,4.0,4.0,0.0,0.08,0.0,0,0,0,13,9,-1,-1,0.0
stage1c_single_agent_small,3,1,112389,2143,1,100,100,1,0,30.510160446166992,4.0,4.0,0.0,0.16,0.0,0,0,0,24,20,-1,-1,0.0
stage1c_single_agent_small,3,1,112444,2144,1,100,100,1,0,71.33720397949219,4.0,4.0,1.0,0.36,0.0,0,0,0,55,24,53,29,0.01818181818181818
stage1c_single_agent_small,3,1,112459,2145,1,100,100,1,0,32.159786224365234,4.0,4.0,0.0,0.16,0.0,0,0,0,15,11,-1,-1,0.0
stage1c_single_agent_small,3,1,112492,2146,1,100,100,1,0,189.2411651611328,4.0,4.0,4.0,0.2,0.0,0,0,0,33,27,27,0,0.12121212121212122
stage1c_single_agent_small,3,1,112525,2147,1,100,100,1,0,30.17144775390625,4.0,4.0,0.0,0.16,0.0,0,0,0,33,27,-1,-1,0.0
stage1c_single_agent_small,3,1,112609,2148,1,100,100,1,0,31.471525192260742,4.0,4.0,0.0,0.36,0.0,0,0,0,84,15,-1,-1,0.0
stage1c_single_agent_small,3,1,112634,2149,1,100,100,1,0,31.676158905029297,4.0,4.0,0.0,0.2,0.0,0,0,0,25,12,-1,-1,0.0
stage1c_single_agent_small,3,1,112655,2150,1,100,100,1,0,31.50359344482422,4.0,4.0,0.0,0.16,0.0,0,0,0,21,3,-1,-1,0.0
stage1c_single_agent_small,3,1,112673,2151,1,100,100,1,0,30.918920516967773,4.0,4.0,0.0,0.12,0.0,0,0,0,18,14,-1,-1,0.0
stage1c_single_agent_small,3,1,112719,2152,1,100,100,1,0,32.334014892578125,4.0,4.0,0.0,0.32,0.0,0,0,0,46,32,-1,-1,0.0
stage1c_single_agent_small,3,1,112760,2153,1,100,100,1,0,31.301223754882812,4.0,4.0,0.0,0.24,0.0,0,0,0,41,16,-1,-1,0.0
stage1c_single_agent_small,3,1,112778,2154,1,100,100,1,0,32.01167678833008,4.0,4.0,0.0,0.28,0.0,0,0,0,18,14,-1,-1,0.0
stage1c_single_agent_small,3,1,112793,2155,1,100,100,1,0,190.78271484375,4.0,4.0,4.0,0.16,0.0,0,0,0,15,12,12,0,0.26666666666666666
stage1c_single_agent_small,3,1,112806,2156,1,100,100,1,0,31.763700485229492,4.0,4.0,0.0,0.12,0.0,0,0,0,13,2,-1,-1,0.0
stage1c_single_agent_small,3,1,112831,2157,1,100,100,1,0,31.704360961914062,4.0,4.0,0.0,0.24,0.0,0,0,0,25,19,-1,-1,0.0
stage1c_single_agent_small,3,1,112872,2158,1,100,100,1,0,30.406574249267578,4.0,4.0,0.0,0.36,0.0,0,0,0,41,26,-1,-1,0.0
stage1c_single_agent_small,3,1,112901,2159,1,100,100,1,0,30.91896629333496,4.0,4.0,0.0,0.36,0.0,0,0,0,29,23,-1,-1,0.0
stage1c_single_agent_small,3,1,112939,2160,1,100,100,1,0,30.118518829345703,4.0,4.0,0.0,0.44,0.0,0,0,0,38,32,-1,-1,0.0
stage1c_single_agent_small,3,1,112952,2161,1,100,100,1,0,31.79453468322754,4.0,4.0,0.0,0.2,0.0,0,0,0,13,9,-1,-1,0.0
stage1c_single_agent_small,3,1,112969,2162,1,100,100,1,0,31.425235748291016,4.0,4.0,0.0,0.24,0.0,0,0,0,17,12,-1,-1,0.0
stage1c_single_agent_small,3,1,113003,2163,1,100,100,1,0,30.335201263427734,4.0,4.0,0.0,0.2,0.0,0,0,0,34,19,-1,-1,0.0
stage1c_single_agent_small,3,1,113043,2164,1,100,100,1,0,71.36673736572266,4.0,4.0,1.0,0.32,0.0,0,0,0,40,12,25,13,0.025
stage1c_single_agent_small,3,1,113060,2165,1,100,100,1,0,31.317115783691406,4.0,4.0,0.0,0.16,0.0,0,0,0,17,11,-1,-1,0.0
stage1c_single_agent_small,3,1,113074,2166,1,100,100,1,0,191.7525634765625,4.0,4.0,4.0,0.24,0.0,0,0,0,14,11,11,0,0.2857142857142857
stage1c_single_agent_small,3,1,113091,2167,1,100,100,1,0,30.882038116455078,4.0,4.0,0.0,0.16,0.0,0,0,0,17,11,-1,-1,0.0
stage1c_single_agent_small,3,1,113129,2168,1,100,100,1,0,31.851566314697266,4.0,4.0,0.0,0.4,0.0,0,0,0,38,33,-1,-1,0.0
stage1c_single_agent_small,3,1,113149,2169,1,100,100,1,0,31.9434814453125,4.0,4.0,0.0,0.24,0.0,0,0,0,20,10,-1,-1,0.0
stage1c_single_agent_small,3,1,113179,2170,1,100,100,1,0,30.62169647216797,4.0,4.0,0.0,0.24,0.0,0,0,0,30,9,-1,-1,0.0
stage1c_single_agent_small,3,1,113203,2171,1,100,100,1,0,72.06914520263672,4.0,4.0,1.0,0.16,0.0,0,0,0,24,5,6,1,0.041666666666666664
stage1c_single_agent_small,3,1,113234,2172,1,100,100,1,0,31.2380313873291,4.0,4.0,0.0,0.24,0.0,0,0,0,31,13,-1,-1,0.0
stage1c_single_agent_small,3,1,113257,2173,1,100,100,1,0,31.652782440185547,4.0,4.0,0.0,0.24,0.0,0,0,0,23,16,-1,-1,0.0
stage1c_single_agent_small,3,1,113284,2174,1,100,100,1,0,31.299367904663086,4.0,4.0,0.0,0.24,0.0,0,0,0,27,23,-1,-1,0.0
stage1c_single_agent_small,3,1,113303,2175,1,100,100,1,0,31.27014923095703,4.0,4.0,0.0,0.16,0.0,0,0,0,19,13,-1,-1,0.0
stage1c_single_agent_small,3,1,113316,2176,1,100,100,1,0,32.145286560058594,4.0,4.0,0.0,0.16,0.0,0,0,0,13,9,-1,-1,0.0
stage1c_single_agent_small,3,1,113334,2177,1,100,100,1,0,31.081737518310547,4.0,4.0,0.0,0.16,0.0,0,0,0,18,3,-1,-1,0.0
stage1c_single_agent_small,3,1,113369,2178,1,100,100,1,0,29.583118438720703,4.0,4.0,0.0,0.2,0.0,0,0,0,35,13,-1,-1,0.0
stage1c_single_agent_small,3,1,113395,2179,1,100,100,1,0,31.04145622253418,4.0,4.0,0.0,0.24,0.0,0,0,0,26,10,-1,-1,0.0
stage1c_single_agent_small,3,1,113405,2180,1,100,100,1,0,31.547161102294922,4.0,4.0,0.0,0.12,0.0,0,0,0,10,4,-1,-1,0.0
stage1c_single_agent_small,3,1,113413,2181,1,100,100,1,0,31.591777801513672,4.0,4.0,0.0,0.12,0.0,0,0,0,8,3,-1,-1,0.0
stage1c_single_agent_small,3,1,113440,2182,1,100,100,1,0,30.071542739868164,4.0,4.0,0.0,0.24,0.0,0,0,0,27,21,-1,-1,0.0
stage1c_single_agent_small,3,1,113460,2183,1,100,100,1,0,32.08208465576172,4.0,4.0,0.0,0.16,0.0,0,0,0,20,5,-1,-1,0.0
stage1c_single_agent_small,3,1,113497,2184,1,100,100,1,0,32.429893493652344,4.0,4.0,0.0,0.24,0.0,0,0,0,37,11,-1,-1,0.0
stage1c_single_agent_small,3,1,113531,2185,1,100,100,1,0,151.613525390625,4.0,4.0,3.0,0.24,0.0,0,0,0,34,19,19,0,0.08823529411764706
stage1c_single_agent_small,3,1,113539,2186,1,100,100,1,0,31.594654083251953,4.0,4.0,0.0,0.16,0.0,0,0,0,8,3,-1,-1,0.0
stage1c_single_agent_small,3,1,113578,2187,1,100,100,1,0,31.06427001953125,4.0,4.0,0.0,0.36,0.0,0,0,0,39,17,-1,-1,0.0
stage1c_single_agent_small,3,1,113655,2188,1,100,100,1,0,151.09402465820312,4.0,4.0,3.0,0.56,0.0,0,0,0,77,48,75,27,0.03896103896103896
stage1c_single_agent_small,3,1,113713,2189,1,100,100,1,0,30.48532485961914,4.0,4.0,0.0,0.4,0.0,0,0,0,58,28,-1,-1,0.0
stage1c_single_agent_small,3,1,113736,2190,1,100,100,1,0,31.703439712524414,4.0,4.0,0.0,0.24,0.0,0,0,0,23,18,-1,-1,0.0
stage1c_single_agent_small,3,1,113771,2191,1,100,100,1,0,190.71524047851562,4.0,4.0,4.0,0.28,0.0,0,0,0,35,24,24,0,0.11428571428571428
stage1c_single_agent_small,3,1,113839,2192,1,100,100,1,0,151.440673828125,4.0,4.0,3.0,0.36,0.0,0,0,0,68,11,11,0,0.04411764705882353
stage1c_single_agent_small,3,1,113848,2193,1,100,100,1,0,31.165990829467773,4.0,4.0,0.0,0.08,0.0,0,0,0,9,3,-1,-1,0.0
stage1c_single_agent_small,3,1,113903,2194,1,100,100,1,0,28.331405639648438,4.0,4.0,0.0,0.28,0.0,0,0,0,55,25,-1,-1,0.0
stage1c_single_agent_small,3,1,113930,2195,1,100,100,1,0,32.3308219909668,4.0,4.0,0.0,0.28,0.0,0,0,0,27,11,-1,-1,0.0
stage1c_single_agent_small,3,1,113936,2196,1,100,100,1,0,31.96342658996582,4.0,4.0,0.0,0.08,0.0,0,0,0,6,2,-1,-1,0.0
stage1c_single_agent_small,3,1,113973,2197,1,100,100,1,0,31.29918098449707,4.0,4.0,0.0,0.32,0.0,0,0,0,37,6,-1,-1,0.0
stage1c_single_agent_small,3,1,114015,2198,1,100,100,1,0,31.649709701538086,4.0,4.0,0.0,0.32,0.0,0,0,0,42,37,-1,-1,0.0
stage1c_single_agent_small,3,1,114046,2199,1,100,100,1,0,191.74179077148438,4.0,4.0,4.0,0.36,0.0,0,0,0,31,28,28,0,0.12903225806451613
stage1c_single_agent_small,3,1,114073,2200,1,100,100,1,0,31.614870071411133,4.0,4.0,0.0,0.28,0.0,0,0,0,27,23,-1,-1,0.0
stage1c_single_agent_small,3,1,114097,2201,1,100,100,1,0,30.95125389099121,4.0,4.0,0.0,0.2,0.0,0,0,0,24,7,-1,-1,0.0
stage1c_single_agent_small,3,1,114114,2202,1,100,100,1,0,30.709611892700195,4.0,4.0,0.0,0.16,0.0,0,0,0,17,11,-1,-1,0.0
stage1c_single_agent_small,3,1,114132,2203,1,100,100,1,0,32.13063430786133,4.0,4.0,0.0,0.16,0.0,0,0,0,18,14,-1,-1,0.0
stage1c_single_agent_small,3,1,114157,2204,1,100,100,1,0,30.723278045654297,4.0,4.0,0.0,0.2,0.0,0,0,0,25,19,-1,-1,0.0
stage1c_single_agent_small,3,1,114210,2205,1,100,100,1,0,32.24159240722656,4.0,4.0,0.0,0.36,0.0,0,0,0,53,10,-1,-1,0.0
stage1c_single_agent_small,3,1,114264,2206,1,100,100,1,0,30.078096389770508,4.0,4.0,0.0,0.2,0.0,0,0,0,54,23,-1,-1,0.0
stage1c_single_agent_small,3,1,114271,2207,1,100,100,1,0,31.545673370361328,4.0,4.0,0.0,0.08,0.0,0,0,0,7,2,-1,-1,0.0
stage1c_single_agent_small,3,1,114306,2208,1,100,100,1,0,31.273757934570312,4.0,4.0,0.0,0.32,0.0,0,0,0,35,10,-1,-1,0.0
stage1c_single_agent_small,3,1,114316,2209,1,100,100,1,0,30.741233825683594,4.0,4.0,0.0,0.08,0.0,0,0,0,10,5,-1,-1,0.0
stage1c_single_agent_small,3,1,114330,2210,1,100,100,1,0,30.943132400512695,4.0,4.0,0.0,0.12,0.0,0,0,0,14,5,-1,-1,0.0
stage1c_single_agent_small,3,1,114384,2211,1,100,100,1,0,29.069141387939453,4.0,4.0,0.0,0.16,0.0,0,0,0,54,13,-1,-1,0.0
stage1c_single_agent_small,3,1,114416,2212,1,100,100,1,0,30.889019012451172,4.0,4.0,0.0,0.24,0.0,0,0,0,32,11,-1,-1,0.0
stage1c_single_agent_small,3,1,114432,2213,1,100,100,1,0,30.756759643554688,4.0,4.0,0.0,0.12,0.0,0,0,0,16,9,-1,-1,0.0
stage1c_single_agent_small,3,1,114460,2214,1,100,100,1,0,31.487323760986328,4.0,4.0,0.0,0.2,0.0,0,0,0,28,10,-1,-1,0.0
stage1c_single_agent_small,3,1,114468,2215,1,100,100,1,0,31.96332550048828,4.0,4.0,0.0,0.12,0.0,0,0,0,8,4,-1,-1,0.0
stage1c_single_agent_small,3,1,114483,2216,1,100,100,1,0,31.602802276611328,4.0,4.0,0.0,0.2,0.0,0,0,0,15,9,-1,-1,0.0
stage1c_single_agent_small,3,1,114499,2217,1,100,100,1,0,191.36631774902344,4.0,4.0,4.0,0.16,0.0,0,0,0,16,11,11,0,0.25
stage1c_single_agent_small,3,1,114529,2218,1,100,100,1,0,30.649248123168945,4.0,4.0,0.0,0.2,0.0,0,0,0,30,8,-1,-1,0.0
stage1c_single_agent_small,3,1,114546,2219,1,100,100,1,0,32.135318756103516,4.0,4.0,0.0,0.12,0.0,0,0,0,17,3,-1,-1,0.0
stage1c_single_agent_small,3,1,114578,2220,1,100,100,1,0,31.058307647705078,4.0,4.0,0.0,0.24,0.0,0,0,0,32,28,-1,-1,0.0
stage1c_single_agent_small,3,1,114609,2221,1,100,100,1,0,31.463665008544922,4.0,4.0,0.0,0.2,0.0,0,0,0,31,26,-1,-1,0.0
stage1c_single_agent_small,3,1,114623,2222,1,100,100,1,0,32.13642120361328,4.0,4.0,0.0,0.16,0.0,0,0,0,14,10,-1,-1,0.0
stage1c_single_agent_small,3,1,114629,2223,1,100,100,1,0,31.99182891845703,4.0,4.0,0.0,0.12,0.0,0,0,0,6,2,-1,-1,0.0
stage1c_single_agent_small,3,1,114653,2224,1,100,100,1,0,32.18353271484375,4.0,4.0,0.0,0.28,0.0,0,0,0,24,10,-1,-1,0.0
stage1c_single_agent_small,3,1,114673,2225,1,100,100,1,0,191.34539794921875,4.0,4.0,4.0,0.2,0.0,0,0,0,20,17,17,0,0.2
stage1c_single_agent_small,3,1,114684,2226,1,100,100,1,0,32.145259857177734,4.0,4.0,0.0,0.12,0.0,0,0,0,11,7,-1,-1,0.0
stage1c_single_agent_small,3,1,114737,2227,1,100,100,1,0,152.65689086914062,4.0,4.0,3.0,0.36,0.0,0,0,0,53,24,24,0,0.05660377358490566
stage1c_single_agent_small,3,1,114747,2228,1,100,100,1,0,31.744091033935547,4.0,4.0,0.0,0.12,0.0,0,0,0,10,6,-1,-1,0.0
stage1c_single_agent_small,3,1,114763,2229,1,100,100,1,0,31.827177047729492,4.0,4.0,0.0,0.32,0.0,0,0,0,16,12,-1,-1,0.0
stage1c_single_agent_small,3,1,114796,2230,1,100,100,1,0,31.858789443969727,4.0,4.0,0.0,0.24,0.0,0,0,0,33,19,-1,-1,0.0
stage1c_single_agent_small,3,1,114866,2231,1,100,100,1,0,29.042510986328125,4.0,4.0,0.0,0.36,0.0,0,0,0,70,42,-1,-1,0.0
stage1c_single_agent_small,3,1,114901,2232,1,100,100,1,0,31.272031784057617,4.0,4.0,0.0,0.24,0.0,0,0,0,35,11,-1,-1,0.0
stage1c_single_agent_small,3,1,114930,2233,1,100,100,1,0,31.483142852783203,4.0,4.0,0.0,0.2,0.0,0,0,0,29,7,-1,-1,0.0
stage1c_single_agent_small,3,1,114980,2234,1,100,100,1,0,151.3942108154297,4.0,4.0,3.0,0.24,0.0,0,0,0,50,25,25,0,0.06
stage1c_single_agent_small,3,1,115005,2235,1,100,100,1,0,111.957763671875,4.0,4.0,2.0,0.28,0.0,0,0,0,25,11,12,1,0.08
stage1c_single_agent_small,3,1,115014,2236,1,100,100,1,0,31.589004516601562,4.0,4.0,0.0,0.16,0.0,0,0,0,9,3,-1,-1,0.0
stage1c_single_agent_small,3,1,115055,2237,1,100,100,1,0,32.48462677001953,4.0,4.0,0.0,0.32,0.0,0,0,0,41,33,-1,-1,0.0
stage1c_single_agent_small,3,1,115064,2238,1,100,100,1,0,31.614124298095703,4.0,4.0,0.0,0.16,0.0,0,0,0,9,3,-1,-1,0.0
stage1c_single_agent_small,3,1,115088,2239,1,100,100,1,0,31.96919822692871,4.0,4.0,0.0,0.28,0.0,0,0,0,24,11,-1,-1,0.0
stage1c_single_agent_small,3,1,115116,2240,1,100,100,1,0,31.291061401367188,4.0,4.0,0.0,0.2,0.0,0,0,0,28,4,-1,-1,0.0
stage1c_single_agent_small,3,1,115136,2241,1,100,100,1,0,31.85894775390625,4.0,4.0,0.0,0.12,0.0,0,0,0,20,8,-1,-1,0.0
stage1c_single_agent_small,3,1,115160,2242,1,100,100,1,0,31.677682876586914,4.0,4.0,0.0,0.16,0.0,0,0,0,24,15,-1,-1,0.0
stage1c_single_agent_small,3,1,115178,2243,1,100,100,1,0,31.763153076171875,4.0,4.0,0.0,0.24,0.0,0,0,0,18,12,-1,-1,0.0
stage1c_single_agent_small,3,1,115199,2244,1,100,100,1,0,31.92825698852539,4.0,4.0,0.0,0.2,0.0,0,0,0,21,4,-1,-1,0.0
stage1c_single_agent_small,3,1,115208,2245,1,100,100,1,0,31.582664489746094,4.0,4.0,0.0,0.12,0.0,0,0,0,9,4,-1,-1,0.0
stage1c_single_agent_small,3,1,115269,2246,1,100,100,1,0,32.215179443359375,4.0,4.0,0.0,0.36,0.0,0,0,0,61,19,-1,-1,0.0
stage1c_single_agent_small,3,1,115289,2247,1,100,100,1,0,31.931304931640625,4.0,4.0,0.0,0.16,0.0,0,0,0,20,8,-1,-1,0.0
stage1c_single_agent_small,3,1,115337,2248,1,100,100,1,0,30.516815185546875,4.0,4.0,0.0,0.24,0.0,0,0,0,48,18,-1,-1,0.0
stage1c_single_agent_small,3,1,115376,2249,1,100,100,1,0,30.777883529663086,4.0,4.0,0.0,0.16,0.0,0,0,0,39,10,-1,-1,0.0
stage1c_single_agent_small,3,1,115397,2250,1,100,100,1,0,30.273380279541016,4.0,4.0,0.0,0.08,0.0,0,0,0,21,10,-1,-1,0.0
stage1c_single_agent_small,3,1,115439,2251,1,100,100,1,0,31.686203002929688,4.0,4.0,0.0,0.32,0.0,0,0,0,42,31,-1,-1,0.0
stage1c_single_agent_small,3,1,115480,2252,1,100,100,1,0,70.36883544921875,4.0,4.0,1.0,0.24,0.0,0,0,0,41,13,13,0,0.024390243902439025
stage1c_single_agent_small,3,1,115531,2253,1,100,100,1,0,29.814212799072266,4.0,4.0,0.0,0.32,0.0,0,0,0,51,29,-1,-1,0.0
stage1c_single_agent_small,3,1,115548,2254,1,100,100,1,0,31.50919532775879,4.0,4.0,0.0,0.12,0.0,0,0,0,17,6,-1,-1,0.0
stage1c_single_agent_small,3,1,115562,2255,1,100,100,1,0,31.58197593688965,4.0,4.0,0.0,0.28,0.0,0,0,0,14,8,-1,-1,0.0
stage1c_single_agent_small,3,1,115622,2256,1,100,100,1,0,30.673816680908203,4.0,4.0,0.0,0.52,0.0,0,0,0,60,26,-1,-1,0.0
stage1c_single_agent_small,3,1,115658,2257,1,100,100,1,0,29.33654022216797,4.0,4.0,0.0,0.28,0.0,0,0,0,36,30,-1,-1,0.0
stage1c_single_agent_small,3,1,115682,2258,1,100,100,1,0,31.769960403442383,4.0,4.0,0.0,0.24,0.0,0,0,0,24,20,-1,-1,0.0
stage1c_single_agent_small,3,1,115714,2259,1,100,100,1,0,29.7343692779541,4.0,4.0,0.0,0.32,0.0,0,0,0,32,25,-1,-1,0.0
stage1c_single_agent_small,3,1,115792,2260,1,100,100,1,0,31.27459144592285,4.0,4.0,0.0,0.4,0.0,0,0,0,78,21,-1,-1,0.0
stage1c_single_agent_small,3,1,115819,2261,1,100,100,1,0,31.721271514892578,4.0,4.0,0.0,0.2,0.0,0,0,0,27,9,-1,-1,0.0
stage1c_single_agent_small,3,1,115836,2262,1,100,100,1,0,111.53809356689453,4.0,4.0,2.0,0.24,0.0,0,0,0,17,13,13,0,0.11764705882352941
stage1c_single_agent_small,3,1,115881,2263,1,100,100,1,0,31.45331382751465,4.0,4.0,0.0,0.4,0.0,0,0,0,45,22,-1,-1,0.0
stage1c_single_agent_small,3,1,115910,2264,1,100,100,1,0,31.333072662353516,4.0,4.0,0.0,0.32,0.0,0,0,0,29,6,-1,-1,0.0
stage1c_single_agent_small,3,1,115922,2265,1,100,100,1,0,32.151615142822266,4.0,4.0,0.0,0.12,0.0,0,0,0,12,2,-1,-1,0.0
stage1c_single_agent_small,3,1,115983,2266,1,100,100,1,0,27.944515228271484,4.0,4.0,0.0,0.32,0.0,0,0,0,61,29,-1,-1,0.0
stage1c_single_agent_small,3,1,116011,2267,1,100,100,1,0,29.287872314453125,4.0,4.0,0.0,0.16,0.0,0,0,0,28,21,-1,-1,0.0
stage1c_single_agent_small,3,1,116052,2268,1,100,100,1,0,30.012426376342773,4.0,4.0,0.0,0.24,0.0,0,0,0,41,18,-1,-1,0.0
stage1c_single_agent_small,3,1,116071,2269,1,100,100,1,0,30.945566177368164,4.0,4.0,0.0,0.16,0.0,0,0,0,19,14,-1,-1,0.0
stage1c_single_agent_small,3,1,116105,2270,1,100,100,1,0,30.840919494628906,4.0,4.0,0.0,0.2,0.0,0,0,0,34,17,-1,-1,0.0
stage1c_single_agent_small,3,1,116142,2271,1,100,100,1,0,72.5565414428711,4.0,4.0,1.0,0.36,0.0,0,0,0,37,23,35,12,0.02702702702702703
stage1c_single_agent_small,3,1,116184,2272,1,100,100,1,0,31.722148895263672,4.0,4.0,0.0,0.36,0.0,0,0,0,42,30,-1,-1,0.0
stage1c_single_agent_small,3,1,116243,2273,1,100,100,1,0,30.69278907775879,4.0,4.0,0.0,0.24,0.0,0,0,0,59,10,-1,-1,0.0
stage1c_single_agent_small,3,1,116259,2274,1,100,100,1,0,30.38562774658203,4.0,4.0,0.0,0.16,0.0,0,0,0,16,9,-1,-1,0.0
stage1c_single_agent_small,3,1,116294,2275,1,100,100,1,0,31.485658645629883,4.0,4.0,0.0,0.2,0.0,0,0,0,35,26,-1,-1,0.0
stage1c_single_agent_small,3,1,116324,2276,1,100,100,1,0,110.89535522460938,4.0,4.0,2.0,0.2,0.0,0,0,0,30,12,29,17,0.06666666666666667
stage1c_single_agent_small,3,1,116340,2277,1,100,100,1,0,32.173973083496094,4.0,4.0,0.0,0.2,0.0,0,0,0,16,10,-1,-1,0.0
stage1c_single_agent_small,3,1,116354,2278,1,100,100,1,0,30.385433197021484,4.0,4.0,0.0,0.12,0.0,0,0,0,14,7,-1,-1,0.0
stage1c_single_agent_small,3,1,116389,2279,1,100,100,1,0,30.913042068481445,4.0,4.0,0.0,0.28,0.0,0,0,0,35,20,-1,-1,0.0
stage1c_single_agent_small,3,1,116443,2280,1,100,100,1,0,30.936397552490234,4.0,4.0,0.0,0.28,0.0,0,0,0,54,20,-1,-1,0.0
stage1c_single_agent_small,3,1,116468,2281,1,100,100,1,0,31.53279685974121,4.0,4.0,0.0,0.24,0.0,0,0,0,25,7,-1,-1,0.0
stage1c_single_agent_small,3,1,116483,2282,1,100,100,1,0,30.367998123168945,4.0,4.0,0.0,0.12,0.0,0,0,0,15,9,-1,-1,0.0
stage1c_single_agent_small,3,1,116507,2283,1,100,100,1,0,31.123136520385742,4.0,4.0,0.0,0.16,0.0,0,0,0,24,18,-1,-1,0.0
stage1c_single_agent_small,3,1,116583,2284,1,100,100,1,0,31.99618911743164,4.0,4.0,0.0,0.48,0.0,0,0,0,76,3,-1,-1,0.0
stage1c_single_agent_small,3,1,116600,2285,1,100,100,1,0,31.808847427368164,4.0,4.0,0.0,0.28,0.0,0,0,0,17,12,-1,-1,0.0
stage1c_single_agent_small,3,1,116618,2286,1,100,100,1,0,32.2105712890625,4.0,4.0,0.0,0.24,0.0,0,0,0,18,12,-1,-1,0.0
stage1c_single_agent_small,3,1,116656,2287,1,100,100,1,0,31.715421676635742,4.0,4.0,0.0,0.28,0.0,0,0,0,38,26,-1,-1,0.0
stage1c_single_agent_small,3,1,116715,2288,1,100,100,1,0,72.6219711303711,4.0,4.0,1.0,0.36,0.0,0,0,0,59,14,57,43,0.01694915254237288
stage1c_single_agent_small,3,1,116732,2289,1,100,100,1,0,31.543184280395508,4.0,4.0,0.0,0.16,0.0,0,0,0,17,3,-1,-1,0.0
stage1c_single_agent_small,3,1,116786,2290,1,100,100,1,0,32.011375427246094,4.0,4.0,0.0,0.32,0.0,0,0,0,54,20,-1,-1,0.0
stage1c_single_agent_small,3,1,116807,2291,1,100,100,1,0,30.958229064941406,4.0,4.0,0.0,0.2,0.0,0,0,0,21,15,-1,-1,0.0
stage1c_single_agent_small,3,1,116840,2292,1,100,100,1,0,30.745378494262695,4.0,4.0,0.0,0.32,0.0,0,0,0,33,28,-1,-1,0.0
stage1c_single_agent_small,3,1,116865,2293,1,100,100,1,0,31.970420837402344,4.0,4.0,0.0,0.28,0.0,0,0,0,25,12,-1,-1,0.0
stage1c_single_agent_small,3,1,116890,2294,1,100,100,1,0,31.36958885192871,4.0,4.0,0.0,0.32,0.0,0,0,0,25,20,-1,-1,0.0
stage1c_single_agent_small,3,1,116948,2295,1,100,100,1,0,32.170799255371094,4.0,4.0,0.0,0.36,0.0,0,0,0,58,29,-1,-1,0.0
stage1c_single_agent_small,3,1,116959,2296,1,100,100,1,0,31.619491577148438,4.0,4.0,0.0,0.16,0.0,0,0,0,11,7,-1,-1,0.0
stage1c_single_agent_small,3,1,116975,2297,1,100,100,1,0,72.11093139648438,4.0,4.0,1.0,0.16,0.0,0,0,0,16,12,12,0,0.0625
stage1c_single_agent_small,3,1,117050,2298,1,100,100,1,0,32.42472839355469,4.0,4.0,0.0,0.36,0.0,0,0,0,75,25,-1,-1,0.0
stage1c_single_agent_small,3,1,117086,2299,1,100,100,1,0,30.021703720092773,4.0,4.0,0.0,0.2,0.0,0,0,0,36,9,-1,-1,0.0
stage1c_single_agent_small,3,1,117141,2300,1,100,100,1,0,30.386415481567383,4.0,4.0,0.0,0.24,0.0,0,0,0,55,34,-1,-1,0.0
stage1c_single_agent_small,3,1,117156,2301,1,100,100,1,0,31.113941192626953,4.0,4.0,0.0,0.12,0.0,0,0,0,15,9,-1,-1,0.0
stage1c_single_agent_small,3,1,117174,2302,1,100,100,1,0,190.72222900390625,4.0,4.0,4.0,0.12,0.0,0,0,0,18,13,13,0,0.2222222222222222
stage1c_single_agent_small,3,1,117207,2303,1,100,100,1,0,31.89983367919922,4.0,4.0,0.0,0.24,0.0,0,0,0,33,29,-1,-1,0.0
stage1c_single_agent_small,3,1,117212,2304,1,100,100,1,0,31.97463607788086,4.0,4.0,0.0,0.04,0.0,0,0,0,5,1,-1,-1,0.0
stage1c_single_agent_small,3,1,117229,2305,1,100,100,1,0,30.952566146850586,4.0,4.0,0.0,0.12,0.0,0,0,0,17,13,-1,-1,0.0
stage1c_single_agent_small,3,1,117249,2306,1,100,100,1,0,31.728227615356445,4.0,4.0,0.0,0.16,0.0,0,0,0,20,15,-1,-1,0.0
stage1c_single_agent_small,3,1,117279,2307,1,100,100,1,0,31.508581161499023,4.0,4.0,0.0,0.24,0.0,0,0,0,30,4,-1,-1,0.0
stage1c_single_agent_small,3,1,117301,2308,1,100,100,1,0,31.50296974182129,4.0,4.0,0.0,0.16,0.0,0,0,0,22,2,-1,-1,0.0
stage1c_single_agent_small,3,1,117320,2309,1,100,100,1,0,71.15418243408203,4.0,4.0,1.0,0.24,0.0,0,0,0,19,14,14,0,0.05263157894736842
stage1c_single_agent_small,3,1,117343,2310,1,100,100,1,0,31.939838409423828,4.0,4.0,0.0,0.16,0.0,0,0,0,23,9,-1,-1,0.0
stage1c_single_agent_small,3,1,117360,2311,1,100,100,1,0,32.119789123535156,4.0,4.0,0.0,0.16,0.0,0,0,0,17,13,-1,-1,0.0
stage1c_single_agent_small,3,1,117391,2312,1,100,100,1,0,32.09455108642578,4.0,4.0,0.0,0.28,0.0,0,0,0,31,8,-1,-1,0.0
stage1c_single_agent_small,3,1,117413,2313,1,100,100,1,0,191.17404174804688,4.0,4.0,4.0,0.28,0.0,0,0,0,22,19,19,0,0.18181818181818182
stage1c_single_agent_small,3,1,117451,2314,1,100,100,1,0,32.467010498046875,4.0,4.0,0.0,0.36,0.0,0,0,0,38,23,-1,-1,0.0
stage1c_single_agent_small,3,1,117483,2315,1,100,100,1,0,31.09714126586914,4.0,4.0,0.0,0.24,0.0,0,0,0,32,18,-1,-1,0.0
stage1c_single_agent_small,3,1,117499,2316,1,100,100,1,0,31.896724700927734,4.0,4.0,0.0,0.08,0.0,0,0,0,16,8,-1,-1,0.0
stage1c_single_agent_small,3,1,117526,2317,1,100,100,1,0,30.882963180541992,4.0,4.0,0.0,0.16,0.0,0,0,0,27,8,-1,-1,0.0
stage1c_single_agent_small,3,1,117547,2318,1,100,100,1,0,70.2718276977539,4.0,4.0,1.0,0.12,0.0,0,0,0,21,15,15,0,0.047619047619047616
stage1c_single_agent_small,3,1,117560,2319,1,100,100,1,0,32.02134323120117,4.0,4.0,0.0,0.24,0.0,0,0,0,13,9,-1,-1,0.0
stage1c_single_agent_small,3,1,117621,2320,1,100,100,1,0,30.170181274414062,4.0,4.0,0.0,0.4,0.0,0,0,0,61,21,-1,-1,0.0
stage1c_single_agent_small,3,1,117638,2321,1,100,100,1,0,30.795501708984375,4.0,4.0,0.0,0.2,0.0,0,0,0,17,12,-1,-1,0.0
stage1c_single_agent_small,3,1,117671,2322,1,100,100,1,0,30.917146682739258,4.0,4.0,0.0,0.32,0.0,0,0,0,33,27,-1,-1,0.0
stage1c_single_agent_small,3,1,117705,2323,1,100,100,1,0,111.92618560791016,4.0,4.0,2.0,0.32,0.0,0,0,0,34,19,19,0,0.058823529411764705
stage1c_single_agent_small,3,1,117731,2324,1,100,100,1,0,32.17560577392578,4.0,4.0,0.0,0.28,0.0,0,0,0,26,7,-1,-1,0.0
stage1c_single_agent_small,3,1,117748,2325,1,100,100,1,0,31.536943435668945,4.0,4.0,0.0,0.2,0.0,0,0,0,17,13,-1,-1,0.0
stage1c_single_agent_small,3,1,117788,2326,1,100,100,1,0,31.657535552978516,4.0,4.0,0.0,0.28,0.0,0,0,0,40,28,-1,-1,0.0
stage1c_single_agent_small,3,1,117813,2327,1,100,100,1,0,32.313453674316406,4.0,4.0,0.0,0.24,0.0,0,0,0,25,13,-1,-1,0.0
stage1c_single_agent_small,3,1,117834,2328,1,100,100,1,0,31.334897994995117,4.0,4.0,0.0,0.2,0.0,0,0,0,21,17,-1,-1,0.0
stage1c_single_agent_small,3,1,117864,2329,1,100,100,1,0,111.91857147216797,4.0,4.0,2.0,0.24,0.0,0,0,0,30,16,17,1,0.06666666666666667
stage1c_single_agent_small,3,1,117884,2330,1,100,100,1,0,32.074527740478516,4.0,4.0,0.0,0.2,0.0,0,0,0,20,16,-1,-1,0.0
stage1c_single_agent_small,3,1,117915,2331,1,100,100,1,0,30.855894088745117,4.0,4.0,0.0,0.24,0.0,0,0,0,31,20,-1,-1,0.0
stage1c_single_agent_small,3,1,117937,2332,1,100,100,1,0,31.85540008544922,4.0,4.0,0.0,0.12,0.0,0,0,0,22,11,-1,-1,0.0
stage1c_single_agent_small,3,1,117967,2333,1,100,100,1,0,31.417844772338867,4.0,4.0,0.0,0.28,0.0,0,0,0,30,11,-1,-1,0.0
stage1c_single_agent_small,3,1,117991,2334,1,100,100,1,0,32.307342529296875,4.0,4.0,0.0,0.28,0.0,0,0,0,24,13,-1,-1,0.0
stage1c_single_agent_small,3,1,118016,2335,1,100,100,1,0,32.14727783203125,4.0,4.0,0.0,0.28,0.0,0,0,0,25,21,-1,-1,0.0
stage1c_single_agent_small,3,1,118030,2336,1,100,100,1,0,31.765335083007812,4.0,4.0,0.0,0.12,0.0,0,0,0,14,4,-1,-1,0.0
stage1c_single_agent_small,3,1,118044,2337,1,100,100,1,0,31.330642700195312,4.0,4.0,0.0,0.08,0.0,0,0,0,14,8,-1,-1,0.0
stage1c_single_agent_small,3,1,118086,2338,1,100,100,1,0,32.55900573730469,4.0,4.0,0.0,0.4,0.0,0,0,0,42,29,-1,-1,0.0
stage1c_single_agent_small,3,1,118096,2339,1,100,100,1,0,32.19889831542969,4.0,4.0,0.0,0.16,0.0,0,0,0,10,2,-1,-1,0.0
stage1c_single_agent_small,3,1,118121,2340,1,100,100,1,0,30.944793701171875,4.0,4.0,0.0,0.24,0.0,0,0,0,25,19,-1,-1,0.0
stage1c_single_agent_small,3,1,118150,2341,1,100,100,1,0,31.97231101989746,4.0,4.0,0.0,0.28,0.0,0,0,0,29,25,-1,-1,0.0
stage1c_single_agent_small,3,1,118167,2342,1,100,100,1,0,31.756046295166016,4.0,4.0,0.0,0.16,0.0,0,0,0,17,13,-1,-1,0.0
stage1c_single_agent_small,3,1,118184,2343,1,100,100,1,0,31.814735412597656,4.0,4.0,0.0,0.24,0.0,0,0,0,17,8,-1,-1,0.0
stage1c_single_agent_small,3,1,118248,2344,1,100,100,1,0,32.5646858215332,4.0,4.0,0.0,0.36,0.0,0,0,0,64,60,-1,-1,0.0
stage1c_single_agent_small,3,1,118289,2345,1,100,100,1,0,31.46818733215332,4.0,4.0,0.0,0.28,0.0,0,0,0,41,27,-1,-1,0.0
stage1c_single_agent_small,3,1,118309,2346,1,100,100,1,0,32.13274383544922,4.0,4.0,0.0,0.2,0.0,0,0,0,20,12,-1,-1,0.0
stage1c_single_agent_small,3,1,118332,2347,1,100,100,1,0,32.33518981933594,4.0,4.0,0.0,0.16,0.0,0,0,0,23,11,-1,-1,0.0
stage1c_single_agent_small,3,1,118341,2348,1,100,100,1,0,31.177824020385742,4.0,4.0,0.0,0.12,0.0,0,0,0,9,3,-1,-1,0.0
stage1c_single_agent_small,3,1,118377,2349,1,100,100,1,0,30.45993995666504,4.0,4.0,0.0,0.24,0.0,0,0,0,36,21,-1,-1,0.0
stage1c_single_agent_small,3,1,118401,2350,1,100,100,1,0,32.233341217041016,4.0,4.0,0.0,0.12,0.0,0,0,0,24,16,-1,-1,0.0
stage1c_single_agent_small,3,1,118432,2351,1,100,100,1,0,112.1068115234375,4.0,4.0,2.0,0.28,0.0,0,0,0,31,8,10,2,0.06451612903225806
stage1c_single_agent_small,3,1,118454,2352,1,100,100,1,0,31.73574447631836,4.0,4.0,0.0,0.24,0.0,0,0,0,22,15,-1,-1,0.0
stage1c_single_agent_small,3,1,118492,2353,1,100,100,1,0,29.74449348449707,4.0,4.0,0.0,0.32,0.0,0,0,0,38,31,-1,-1,0.0
stage1c_single_agent_small,3,1,118539,2354,1,100,100,1,0,192.39801025390625,4.0,4.0,4.0,0.28,0.0,0,0,0,47,17,17,0,0.0851063829787234
stage1c_single_agent_small,3,1,118571,2355,1,100,100,1,0,31.103796005249023,4.0,4.0,0.0,0.2,0.0,0,0,0,32,20,-1,-1,0.0
stage1c_single_agent_small,3,1,118589,2356,1,100,100,1,0,29.920551300048828,4.0,4.0,0.0,0.12,0.0,0,0,0,18,11,-1,-1,0.0
stage1c_single_agent_small,3,1,118608,2357,1,100,100,1,0,151.52037048339844,4.0,4.0,3.0,0.16,0.0,0,0,0,19,16,17,1,0.15789473684210525
stage1c_single_agent_small,3,1,118644,2358,1,100,100,1,0,29.690092086791992,4.0,4.0,0.0,0.28,0.0,0,0,0,36,26,-1,-1,0.0
stage1c_single_agent_small,3,1,118671,2359,1,100,100,1,0,31.25589942932129,4.0,4.0,0.0,0.2,0.0,0,0,0,27,8,-1,-1,0.0
stage1c_single_agent_small,3,1,118683,2360,1,100,100,1,0,191.625732421875,4.0,4.0,4.0,0.2,0.0,0,0,0,12,9,9,0,0.3333333333333333
stage1c_single_agent_small,3,1,118709,2361,1,100,100,1,0,31.7612247467041,4.0,4.0,0.0,0.28,0.0,0,0,0,26,21,-1,-1,0.0
stage1c_single_agent_small,3,1,118722,2362,1,100,100,1,0,32.156776428222656,4.0,4.0,0.0,0.12,0.0,0,0,0,13,9,-1,-1,0.0
stage1c_single_agent_small,3,1,118753,2363,1,100,100,1,0,31.347301483154297,4.0,4.0,0.0,0.36,0.0,0,0,0,31,26,-1,-1,0.0
stage1c_single_agent_small,3,1,118779,2364,1,100,100,1,0,31.076669692993164,4.0,4.0,0.0,0.24,0.0,0,0,0,26,6,-1,-1,0.0
stage1c_single_agent_small,3,1,118818,2365,1,100,100,1,0,72.48123931884766,4.0,4.0,1.0,0.36,0.0,0,0,0,39,24,36,12,0.02564102564102564
stage1c_single_agent_small,3,1,118842,2366,1,100,100,1,0,29.71286964416504,4.0,4.0,0.0,0.12,0.0,0,0,0,24,12,-1,-1,0.0
stage1c_single_agent_small,3,1,118865,2367,1,100,100,1,0,32.158546447753906,4.0,4.0,0.0,0.2,0.0,0,0,0,23,4,-1,-1,0.0
stage1c_single_agent_small,3,1,118903,2368,1,100,100,1,0,30.616199493408203,4.0,4.0,0.0,0.28,0.0,0,0,0,38,32,-1,-1,0.0
stage1c_single_agent_small,3,1,118916,2369,1,100,100,1,0,191.7711181640625,4.0,4.0,4.0,0.24,0.0,0,0,0,13,10,10,0,0.3076923076923077
stage1c_single_agent_small,3,1,118936,2370,1,100,100,1,0,152.35336303710938,4.0,4.0,3.0,0.16,0.0,0,0,0,20,15,16,1,0.15
stage1c_single_agent_small,3,1,118974,2371,1,100,100,1,0,32.503536224365234,4.0,4.0,0.0,0.32,0.0,0,0,0,38,24,-1,-1,0.0
stage1c_single_agent_small,3,1,118999,2372,1,100,100,1,0,31.631698608398438,4.0,4.0,0.0,0.2,0.0,0,0,0,25,20,-1,-1,0.0
stage1c_single_agent_small,3,1,119008,2373,1,100,100,1,0,30.783355712890625,4.0,4.0,0.0,0.08,0.0,0,0,0,9,2,-1,-1,0.0
stage1c_single_agent_small,3,1,119045,2374,1,100,100,1,0,30.591978073120117,4.0,4.0,0.0,0.2,0.0,0,0,0,37,29,-1,-1,0.0
stage1c_single_agent_small,3,1,119055,2375,1,100,100,1,0,32.17982482910156,4.0,4.0,0.0,0.12,0.0,0,0,0,10,6,-1,-1,0.0
stage1c_single_agent_small,3,1,119078,2376,1,100,100,1,0,31.155675888061523,4.0,4.0,0.0,0.2,0.0,0,0,0,23,10,-1,-1,0.0
stage1c_single_agent_small,3,1,119109,2377,1,100,100,1,0,31.525672912597656,4.0,4.0,0.0,0.28,0.0,0,0,0,31,21,-1,-1,0.0
stage1c_single_agent_small,3,1,119115,2378,1,100,100,1,0,31.986204147338867,4.0,4.0,0.0,0.08,0.0,0,0,0,6,2,-1,-1,0.0
stage1c_single_agent_small,3,1,119129,2379,1,100,100,1,0,32.12815475463867,4.0,4.0,0.0,0.12,0.0,0,0,0,14,10,-1,-1,0.0
stage1c_single_agent_small,3,1,119139,2380,1,100,100,1,0,192.18972778320312,4.0,4.0,4.0,0.2,0.0,0,0,0,10,7,7,0,0.4
stage1c_single_agent_small,3,1,119156,2381,1,100,100,1,0,32.16865921020508,4.0,4.0,0.0,0.16,0.0,0,0,0,17,13,-1,-1,0.0
stage1c_single_agent_small,3,1,119180,2382,1,100,100,1,0,30.86427116394043,4.0,4.0,0.0,0.16,0.0,0,0,0,24,20,-1,-1,0.0
stage1c_single_agent_small,3,1,119208,2383,1,100,100,1,0,31.316484451293945,4.0,4.0,0.0,0.28,0.0,0,0,0,28,23,-1,-1,0.0
stage1c_single_agent_small,3,1,119229,2384,1,100,100,1,0,31.117456436157227,4.0,4.0,0.0,0.24,0.0,0,0,0,21,15,-1,-1,0.0
stage1c_single_agent_small,3,1,119261,2385,1,100,100,1,0,32.30817794799805,4.0,4.0,0.0,0.28,0.0,0,0,0,32,28,-1,-1,0.0
stage1c_single_agent_small,3,1,119287,2386,1,100,100,1,0,31.35686683654785,4.0,4.0,0.0,0.28,0.0,0,0,0,26,16,-1,-1,0.0
stage1c_single_agent_small,3,1,119355,2387,1,100,100,1,0,192.32701110839844,4.0,4.0,4.0,0.44,0.0,0,0,0,68,27,27,0,0.058823529411764705
stage1c_single_agent_small,3,1,119371,2388,1,100,100,1,0,71.79307556152344,4.0,4.0,1.0,0.2,0.0,0,0,0,16,5,5,0,0.0625
stage1c_single_agent_small,3,1,119387,2389,1,100,100,1,0,32.12116622924805,4.0,4.0,0.0,0.12,0.0,0,0,0,16,12,-1,-1,0.0
stage1c_single_agent_small,3,1,119404,2390,1,100,100,1,0,111.95556640625,4.0,4.0,2.0,0.2,0.0,0,0,0,17,5,5,0,0.11764705882352941
stage1c_single_agent_small,3,1,119423,2391,1,100,100,1,0,30.768659591674805,4.0,4.0,0.0,0.2,0.0,0,0,0,19,13,-1,-1,0.0
stage1c_single_agent_small,3,1,119461,2392,1,100,100,1,0,31.802202224731445,4.0,4.0,0.0,0.28,0.0,0,0,0,38,3,-1,-1,0.0
stage1c_single_agent_small,3,1,119479,2393,1,100,100,1,0,30.953962326049805,4.0,4.0,0.0,0.12,0.0,0,0,0,18,12,-1,-1,0.0
stage1c_single_agent_small,3,1,119496,2394,1,100,100,1,0,112.11129760742188,4.0,4.0,2.0,0.12,0.0,0,0,0,17,2,2,0,0.11764705882352941
stage1c_single_agent_small,3,1,119525,2395,1,100,100,1,0,71.67355346679688,4.0,4.0,1.0,0.24,0.0,0,0,0,29,15,16,1,0.034482758620689655
stage1c_single_agent_small,3,1,119558,2396,1,100,100,1,0,31.295398712158203,4.0,4.0,0.0,0.32,0.0,0,0,0,33,25,-1,-1,0.0
stage1c_single_agent_small,3,1,119603,2397,1,100,100,1,0,31.132535934448242,4.0,4.0,0.0,0.28,0.0,0,0,0,45,17,-1,-1,0.0
stage1c_single_agent_small,3,1,119635,2398,1,100,100,1,0,72.3079833984375,4.0,4.0,1.0,0.28,0.0,0,0,0,32,18,18,0,0.03125
stage1c_single_agent_small,3,1,119653,2399,1,100,100,1,0,30.774768829345703,4.0,4.0,0.0,0.2,0.0,0,0,0,18,12,-1,-1,0.0
stage1c_single_agent_small,3,1,119696,2400,1,100,100,1,0,30.85284423828125,4.0,4.0,0.0,0.36,0.0,0,0,0,43,31,-1,-1,0.0
stage1c_single_agent_small,3,1,119716,2401,1,100,100,1,0,72.35791015625,4.0,4.0,1.0,0.2,0.0,0,0,0,20,8,18,10,0.05
stage1c_single_agent_small,3,1,119741,2402,1,100,100,1,0,31.74672508239746,4.0,4.0,0.0,0.28,0.0,0,0,0,25,20,-1,-1,0.0
stage1c_single_agent_small,3,1,119776,2403,1,100,100,1,0,30.50323486328125,4.0,4.0,0.0,0.36,0.0,0,0,0,35,28,-1,-1,0.0
stage1c_single_agent_small,3,1,119818,2404,1,100,100,1,0,30.506380081176758,4.0,4.0,0.0,0.4,0.0,0,0,0,42,25,-1,-1,0.0
stage1c_single_agent_small,3,1,119861,2405,1,100,100,1,0,30.79914665222168,4.0,4.0,0.0,0.28,0.0,0,0,0,43,39,-1,-1,0.0
stage1c_single_agent_small,3,1,119872,2406,1,100,100,1,0,31.169240951538086,4.0,4.0,0.0,0.12,0.0,0,0,0,11,5,-1,-1,0.0
stage1c_single_agent_small,3,1,119905,2407,1,100,100,1,0,32.47432327270508,4.0,4.0,0.0,0.28,0.0,0,0,0,33,19,-1,-1,0.0
stage1c_single_agent_small,3,1,119911,2408,1,100,100,1,0,31.976959228515625,4.0,4.0,0.0,0.08,0.0,0,0,0,6,2,-1,-1,0.0
stage1c_single_agent_small,3,1,119948,2409,1,100,100,1,0,31.287620544433594,4.0,4.0,0.0,0.36,0.0,0,0,0,37,26,-1,-1,0.0
stage1c_single_agent_small,3,1,119983,2410,1,100,100,1,0,29.09328842163086,4.0,4.0,0.0,0.24,0.0,0,0,0,35,24,-1,-1,0.0
stage1c_single_agent_small,3,2,120020,2411,1,100,100,1,0,31.777929306030273,4.0,4.0,0.0,0.2,0.0,0,0,0,20,4,-1,-1,0.0
stage1c_single_agent_small,3,2,120031,2412,1,100,100,1,0,32.011783599853516,4.0,4.0,0.0,0.16,0.0,0,0,0,11,7,-1,-1,0.0
stage1c_single_agent_small,3,2,120050,2413,1,100,100,1,0,32.32147979736328,4.0,4.0,0.0,0.16,0.0,0,0,0,19,15,-1,-1,0.0
stage1c_single_agent_small,3,2,120066,2414,1,100,100,1,0,32.19778823852539,4.0,4.0,0.0,0.24,0.0,0,0,0,16,10,-1,-1,0.0
stage1c_single_agent_small,3,2,120075,2415,1,100,100,1,0,31.17664909362793,4.0,4.0,0.0,0.08,0.0,0,0,0,9,3,-1,-1,0.0
stage1c_single_agent_small,3,2,120110,2416,1,100,100,1,0,32.45027542114258,4.0,4.0,0.0,0.24,0.0,0,0,0,35,31,-1,-1,0.0
stage1c_single_agent_small,3,2,120137,2417,1,100,100,1,0,32.05824661254883,4.0,4.0,0.0,0.2,0.0,0,0,0,27,2,-1,-1,0.0
stage1c_single_agent_small,3,2,120152,2418,1,100,100,1,0,32.14457321166992,4.0,4.0,0.0,0.16,0.0,0,0,0,15,11,-1,-1,0.0
stage1c_single_agent_small,3,2,120181,2419,1,100,100,1,0,72.484130859375,4.0,4.0,1.0,0.16,0.0,0,0,0,29,15,15,0,0.034482758620689655
stage1c_single_agent_small,3,2,120201,2420,1,100,100,1,0,151.91159057617188,4.0,4.0,3.0,0.16,0.0,0,0,0,20,4,5,1,0.15
stage1c_single_agent_small,3,2,120229,2421,1,100,100,1,0,31.845191955566406,4.0,4.0,0.0,0.24,0.0,0,0,0,28,14,-1,-1,0.0
stage1c_single_agent_small,3,2,120237,2422,1,100,100,1,0,191.60972595214844,4.0,4.0,4.0,0.16,0.0,0,0,0,8,5,5,0,0.5
stage1c_single_agent_small,3,2,120255,2423,1,100,100,1,0,32.167930603027344,4.0,4.0,0.0,0.2,0.0,0,0,0,18,12,-1,-1,0.0
stage1c_single_agent_small,3,2,120277,2424,1,100,100,1,0,31.503807067871094,4.0,4.0,0.0,0.2,0.0,0,0,0,22,9,-1,-1,0.0
stage1c_single_agent_small,3,2,120307,2425,1,100,100,1,0,31.032121658325195,4.0,4.0,0.0,0.16,0.0,0,0,0,30,26,-1,-1,0.0
stage1c_single_agent_small,3,2,120332,2426,1,100,100,1,0,31.493743896484375,4.0,4.0,0.0,0.16,0.0,0,0,0,25,11,-1,-1,0.0
stage1c_single_agent_small,3,2,120350,2427,1,100,100,1,0,30.38340950012207,4.0,4.0,0.0,0.2,0.0,0,0,0,18,11,-1,-1,0.0
stage1c_single_agent_small,3,2,120380,2428,1,100,100,1,0,31.255125045776367,4.0,4.0,0.0,0.16,0.0,0,0,0,30,22,-1,-1,0.0
stage1c_single_agent_small,3,2,120403,2429,1,100,100,1,0,32.00198745727539,4.0,4.0,0.0,0.16,0.0,0,0,0,23,14,-1,-1,0.0
stage1c_single_agent_small,3,2,120445,2430,1,100,100,1,0,32.41239929199219,4.0,4.0,0.0,0.24,0.0,0,0,0,42,3,-1,-1,0.0
stage1c_single_agent_small,3,2,120459,2431,1,100,100,1,0,31.164216995239258,4.0,4.0,0.0,0.08,0.0,0,0,0,14,10,-1,-1,0.0
stage1c_single_agent_small,3,2,120483,2432,1,100,100,1,0,31.682647705078125,4.0,4.0,0.0,0.2,0.0,0,0,0,24,4,-1,-1,0.0
stage1c_single_agent_small,3,2,120527,2433,1,100,100,1,0,31.285076141357422,4.0,4.0,0.0,0.12,0.0,0,0,0,44,6,-1,-1,0.0
stage1c_single_agent_small,3,2,120566,2434,1,100,100,1,0,112.07701873779297,4.0,4.0,2.0,0.4,0.0,0,0,0,39,28,28,0,0.05128205128205128
stage1c_single_agent_small,3,2,120585,2435,1,100,100,1,0,30.725004196166992,4.0,4.0,0.0,0.12,0.0,0,0,0,19,5,-1,-1,0.0
stage1c_single_agent_small,3,2,120624,2436,1,100,100,1,0,31.755104064941406,4.0,4.0,0.0,0.2,0.0,0,0,0,39,12,-1,-1,0.0
stage1c_single_agent_small,3,2,120636,2437,1,100,100,1,0,31.155942916870117,4.0,4.0,0.0,0.08,0.0,0,0,0,12,6,-1,-1,0.0
stage1c_single_agent_small,3,2,120659,2438,1,100,100,1,0,31.3062744140625,4.0,4.0,0.0,0.2,0.0,0,0,0,23,17,-1,-1,0.0
stage1c_single_agent_small,3,2,120684,2439,1,100,100,1,0,31.346162796020508,4.0,4.0,0.0,0.2,0.0,0,0,0,25,21,-1,-1,0.0
stage1c_single_agent_small,3,2,120748,2440,1,100,100,1,0,31.441984176635742,4.0,4.0,0.0,0.28,0.0,0,0,0,64,5,-1,-1,0.0
stage1c_single_agent_small,3,2,120786,2441,1,100,100,1,0,29.89884376525879,4.0,4.0,0.0,0.32,0.0,0,0,0,38,33,-1,-1,0.0
stage1c_single_agent_small,3,2,120808,2442,1,100,100,1,0,31.138072967529297,4.0,4.0,0.0,0.2,0.0,0,0,0,22,14,-1,-1,0.0
stage1c_single_agent_small,3,2,120824,2443,1,100,100,1,0,32.153846740722656,4.0,4.0,0.0,0.16,0.0,0,0,0,16,4,-1,-1,0.0
stage1c_single_agent_small,3,2,120846,2444,1,100,100,1,0,30.88762664794922,4.0,4.0,0.0,0.12,0.0,0,0,0,22,15,-1,-1,0.0
stage1c_single_agent_small,3,2,120867,2445,1,100,100,1,0,31.943679809570312,4.0,4.0,0.0,0.16,0.0,0,0,0,21,9,-1,-1,0.0
stage1c_single_agent_small,3,2,120886,2446,1,100,100,1,0,31.693246841430664,4.0,4.0,0.0,0.12,0.0,0,0,0,19,14,-1,-1,0.0
stage1c_single_agent_small,3,2,120918,2447,1,100,100,1,0,29.843711853027344,4.0,4.0,0.0,0.24,0.0,0,0,0,32,28,-1,-1,0.0
stage1c_single_agent_small,3,2,120953,2448,1,100,100,1,0,31.093868255615234,4.0,4.0,0.0,0.28,0.0,0,0,0,35,31,-1,-1,0.0
stage1c_single_agent_small,3,2,120988,2449,1,100,100,1,0,31.265928268432617,4.0,4.0,0.0,0.28,0.0,0,0,0,35,20,-1,-1,0.0
stage1c_single_agent_small,3,2,121016,2450,1,100,100,1,0,151.97650146484375,4.0,4.0,3.0,0.32,0.0,0,0,0,28,11,24,13,0.10714285714285714
stage1c_single_agent_small,3,2,121067,2451,1,100,100,1,0,29.51833152770996,4.0,4.0,0.0,0.28,0.0,0,0,0,51,40,-1,-1,0.0
stage1c_single_agent_small,3,2,121078,2452,1,100,100,1,0,32.15643310546875,4.0,4.0,0.0,0.08,0.0,0,0,0,11,7,-1,-1,0.0
stage1c_single_agent_small,3,2,121100,2453,1,100,100,1,0,31.732025146484375,4.0,4.0,0.0,0.2,0.0,0,0,0,22,17,-1,-1,0.0
stage1c_single_agent_small,3,2,121114,2454,1,100,100,1,0,32.11406326293945,4.0,4.0,0.0,0.12,0.0,0,0,0,14,10,-1,-1,0.0
stage1c_single_agent_small,3,2,121152,2455,1,100,100,1,0,111.61698913574219,4.0,4.0,2.0,0.24,0.0,0,0,0,38,28,30,2,0.05263157894736842
stage1c_single_agent_small,3,2,121167,2456,1,100,100,1,0,31.76871681213379,4.0,4.0,0.0,0.16,0.0,0,0,0,15,10,-1,-1,0.0
stage1c_single_agent_small,3,2,121200,2457,1,100,100,1,0,30.384674072265625,4.0,4.0,0.0,0.2,0.0,0,0,0,33,14,-1,-1,0.0
stage1c_single_agent_small,3,2,121225,2458,1,100,100,1,0,31.28846549987793,4.0,4.0,0.0,0.2,0.0,0,0,0,25,20,-1,-1,0.0
stage1c_single_agent_small,3,2,121236,2459,1,100,100,1,0,32.17578887939453,4.0,4.0,0.0,0.12,0.0,0,0,0,11,7,-1,-1,0.0
stage1c_single_agent_small,3,2,121247,2460,1,100,100,1,0,32.17287063598633,4.0,4.0,0.0,0.12,0.0,0,0,0,11,7,-1,-1,0.0
stage1c_single_agent_small,3,2,121267,2461,1,100,100,1,0,190.84136962890625,4.0,4.0,4.0,0.28,0.0,0,0,0,20,13,13,0,0.2
stage1c_single_agent_small,3,2,121293,2462,1,100,100,1,0,31.420873641967773,4.0,4.0,0.0,0.36,0.0,0,0,0,26,19,-1,-1,0.0
stage1c_single_agent_small,3,2,121378,2463,1,100,100,1,0,112.50431823730469,4.0,4.0,2.0,0.44,0.0,0,0,0,85,55,55,0,0.023529411764705882
stage1c_single_agent_small,3,2,121402,2464,1,100,100,1,0,31.69898796081543,4.0,4.0,0.0,0.28,0.0,0,0,0,24,19,-1,-1,0.0
stage1c_single_agent_small,3,2,121414,2465,1,100,100,1,0,151.8270721435547,4.0,4.0,3.0,0.2,0.0,0,0,0,12,9,10,1,0.25
stage1c_single_agent_small,3,2,121448,2466,1,100,100,1,0,31.88592529296875,4.0,4.0,0.0,0.28,0.0,0,0,0,34,30,-1,-1,0.0
stage1c_single_agent_small,3,2,121478,2467,1,100,100,1,0,31.907190322875977,4.0,4.0,0.0,0.32,0.0,0,0,0,30,26,-1,-1,0.0
stage1c_single_agent_small,3,2,121509,2468,1,100,100,1,0,31.148033142089844,4.0,4.0,0.0,0.32,0.0,0,0,0,31,27,-1,-1,0.0
stage1c_single_agent_small,3,2,121538,2469,1,100,100,1,0,30.580472946166992,4.0,4.0,0.0,0.36,0.0,0,0,0,29,24,-1,-1,0.0
stage1c_single_agent_small,3,2,121567,2470,1,100,100,1,0,30.583423614501953,4.0,4.0,0.0,0.32,0.0,0,0,0,29,23,-1,-1,0.0
stage1c_single_agent_small,3,2,121587,2471,1,100,100,1,0,31.321210861206055,4.0,4.0,0.0,0.12,0.0,0,0,0,20,16,-1,-1,0.0
stage1c_single_agent_small,3,2,121633,2472,1,100,100,1,0,31.330921173095703,4.0,4.0,0.0,0.28,0.0,0,0,0,46,25,-1,-1,0.0
stage1c_single_agent_small,3,2,121670,2473,1,100,100,1,0,151.01695251464844,4.0,4.0,3.0,0.24,0.0,0,0,0,37,22,31,9,0.08108108108108109
stage1c_single_agent_small,3,2,121689,2474,1,100,100,1,0,31.104623794555664,4.0,4.0,0.0,0.12,0.0,0,0,0,19,5,-1,-1,0.0
stage1c_single_agent_small,3,2,121706,2475,1,100,100,1,0,71.80253601074219,4.0,4.0,1.0,0.2,0.0,0,0,0,17,11,17,6,0.058823529411764705
stage1c_single_agent_small,3,2,121712,2476,1,100,100,1,0,31.984949111938477,4.0,4.0,0.0,0.08,0.0,0,0,0,6,2,-1,-1,0.0
stage1c_single_agent_small,3,2,121753,2477,1,100,100,1,0,32.444480895996094,4.0,4.0,0.0,0.36,0.0,0,0,0,41,22,-1,-1,0.0
stage1c_single_agent_small,3,2,121778,2478,1,100,100,1,0,31.05952262878418,4.0,4.0,0.0,0.2,0.0,0,0,0,25,13,-1,-1,0.0
stage1c_single_agent_small,3,2,121792,2479,1,100,100,1,0,31.766067504882812,4.0,4.0,0.0,0.16,0.0,0,0,0,14,3,-1,-1,0.0
stage1c_single_agent_small,3,2,121805,2480,1,100,100,1,0,32.161861419677734,4.0,4.0,0.0,0.12,0.0,0,0,0,13,9,-1,-1,0.0
stage1c_single_agent_small,3,2,121841,2481,1,100,100,1,0,31.382091522216797,4.0,4.0,0.0,0.24,0.0,0,0,0,36,4,-1,-1,0.0
stage1c_single_agent_small,3,2,121857,2482,1,100,100,1,0,30.795122146606445,4.0,4.0,0.0,0.2,0.0,0,0,0,16,9,-1,-1,0.0
stage1c_single_agent_small,3,2,121871,2483,1,100,100,1,0,192.3227081298828,4.0,4.0,4.0,0.12,0.0,0,0,0,14,11,11,0,0.2857142857142857
stage1c_single_agent_small,3,2,121900,2484,1,100,100,1,0,31.646268844604492,4.0,4.0,0.0,0.24,0.0,0,0,0,29,9,-1,-1,0.0
stage1c_single_agent_small,3,2,121914,2485,1,100,100,1,0,31.813962936401367,4.0,4.0,0.0,0.24,0.0,0,0,0,14,10,-1,-1,0.0
stage1c_single_agent_small,3,2,121949,2486,1,100,100,1,0,31.718395233154297,4.0,4.0,0.0,0.32,0.0,0,0,0,35,7,-1,-1,0.0
stage1c_single_agent_small,3,2,121989,2487,1,100,100,1,0,30.714031219482422,4.0,4.0,0.0,0.32,0.0,0,0,0,40,34,-1,-1,0.0
stage1c_single_agent_small,3,2,121998,2488,1,100,100,1,0,31.613895416259766,4.0,4.0,0.0,0.16,0.0,0,0,0,9,4,-1,-1,0.0
stage1c_single_agent_small,3,2,122009,2489,1,100,100,1,0,152.01736450195312,4.0,4.0,3.0,0.16,0.0,0,0,0,11,4,5,1,0.2727272727272727
stage1c_single_agent_small,3,2,122041,2490,1,100,100,1,0,71.75511169433594,4.0,4.0,1.0,0.36,0.0,0,0,0,32,13,13,0,0.03125
stage1c_single_agent_small,3,2,122090,2491,1,100,100,1,0,32.671539306640625,4.0,4.0,0.0,0.36,0.0,0,0,0,49,8,-1,-1,0.0
stage1c_single_agent_small,3,2,122114,2492,1,100,100,1,0,31.521188735961914,4.0,4.0,0.0,0.2,0.0,0,0,0,24,8,-1,-1,0.0
stage1c_single_agent_small,3,2,122145,2493,1,100,100,1,0,31.312850952148438,4.0,4.0,0.0,0.28,0.0,0,0,0,31,10,-1,-1,0.0
stage1c_single_agent_small,3,2,122172,2494,1,100,100,1,0,31.834562301635742,4.0,4.0,0.0,0.4,0.0,0,0,0,27,21,-1,-1,0.0
stage1c_single_agent_small,3,2,122219,2495,1,100,100,1,0,31.786231994628906,4.0,4.0,0.0,0.32,0.0,0,0,0,47,18,-1,-1,0.0
stage1c_single_agent_small,3,2,122243,2496,1,100,100,1,0,31.66326904296875,4.0,4.0,0.0,0.16,0.0,0,0,0,24,19,-1,-1,0.0
stage1c_single_agent_small,3,2,122287,2497,1,100,100,1,0,31.57549476623535,4.0,4.0,0.0,0.12,0.0,0,0,0,44,17,-1,-1,0.0
stage1c_single_agent_small,3,2,122324,2498,1,100,100,1,0,30.968955993652344,4.0,4.0,0.0,0.36,0.0,0,0,0,37,23,-1,-1,0.0
stage1c_single_agent_small,3,2,122360,2499,1,100,100,1,0,30.640600204467773,4.0,4.0,0.0,0.2,0.0,0,0,0,36,14,-1,-1,0.0
stage1c_single_agent_small,3,2,122395,2500,1,100,100,1,0,30.640241622924805,4.0,4.0,0.0,0.24,0.0,0,0,0,35,31,-1,-1,0.0
stage1c_single_agent_small,3,2,122420,2501,1,100,100,1,0,30.9533748626709,4.0,4.0,0.0,0.2,0.0,0,0,0,25,11,-1,-1,0.0
stage1c_single_agent_small,3,2,122443,2502,1,100,100,1,0,112.15762329101562,4.0,4.0,2.0,0.2,0.0,0,0,0,23,5,22,17,0.08695652173913043
stage1c_single_agent_small,3,2,122481,2503,1,100,100,1,0,32.465728759765625,4.0,4.0,0.0,0.28,0.0,0,0,0,38,22,-1,-1,0.0
stage1c_single_agent_small,3,2,122495,2504,1,100,100,1,0,32.17563247680664,4.0,4.0,0.0,0.12,0.0,0,0,0,14,10,-1,-1,0.0
stage1c_single_agent_small,3,2,122524,2505,1,100,100,1,0,31.50543785095215,4.0,4.0,0.0,0.28,0.0,0,0,0,29,12,-1,-1,0.0
stage1c_single_agent_small,3,2,122555,2506,1,100,100,1,0,31.272939682006836,4.0,4.0,0.0,0.2,0.0,0,0,0,31,17,-1,-1,0.0
stage1c_single_agent_small,3,2,122583,2507,1,100,100,1,0,31.952844619750977,4.0,4.0,0.0,0.32,0.0,0,0,0,28,24,-1,-1,0.0
stage1c_single_agent_small,3,2,122592,2508,1,100,100,1,0,31.563852310180664,4.0,4.0,0.0,0.12,0.0,0,0,0,9,2,-1,-1,0.0
stage1c_single_agent_small,3,2,122609,2509,1,100,100,1,0,151.34771728515625,4.0,4.0,3.0,0.16,0.0,0,0,0,17,14,15,1,0.17647058823529413
stage1c_single_agent_small,3,2,122633,2510,1,100,100,1,0,32.21932601928711,4.0,4.0,0.0,0.28,0.0,0,0,0,24,20,-1,-1,0.0
stage1c_single_agent_small,3,2,122649,2511,1,100,100,1,0,30.71494483947754,4.0,4.0,0.0,0.16,0.0,0,0,0,16,7,-1,-1,0.0
stage1c_single_agent_small,3,2,122685,2512,1,100,100,1,0,31.624652862548828,4.0,4.0,0.0,0.48,0.0,0,0,0,36,31,-1,-1,0.0
stage1c_single_agent_small,3,2,122724,2513,1,100,100,1,0,31.83507537841797,4.0,4.0,0.0,0.24,0.0,0,0,0,39,16,-1,-1,0.0
stage1c_single_agent_small,3,2,122758,2514,1,100,100,1,0,31.29776382446289,4.0,4.0,0.0,0.32,0.0,0,0,0,34,12,-1,-1,0.0
stage1c_single_agent_small,3,2,122774,2515,1,100,100,1,0,30.330677032470703,4.0,4.0,0.0,0.12,0.0,0,0,0,16,10,-1,-1,0.0
stage1c_single_agent_small,3,2,122781,2516,1,100,100,1,0,31.627286911010742,4.0,4.0,0.0,0.16,0.0,0,0,0,7,2,-1,-1,0.0
stage1c_single_agent_small,3,2,122803,2517,1,100,100,1,0,32.14270782470703,4.0,4.0,0.0,0.24,0.0,0,0,0,22,18,-1,-1,0.0
stage1c_single_agent_small,3,2,122835,2518,1,100,100,1,0,31.66763687133789,4.0,4.0,0.0,0.2,0.0,0,0,0,32,8,-1,-1,0.0
stage1c_single_agent_small,3,2,122853,2519,1,100,100,1,0,112.20405578613281,4.0,4.0,2.0,0.24,0.0,0,0,0,18,4,17,13,0.1111111111111111
stage1c_single_agent_small,3,2,122890,2520,1,100,100,1,0,31.818016052246094,4.0,4.0,0.0,0.24,0.0,0,0,0,37,16,-1,-1,0.0
stage1c_single_agent_small,3,2,122908,2521,1,100,100,1,0,31.725027084350586,4.0,4.0,0.0,0.16,0.0,0,0,0,18,13,-1,-1,0.0
stage1c_single_agent_small,3,2,122938,2522,1,100,100,1,0,30.019506454467773,4.0,4.0,0.0,0.12,0.0,0,0,0,30,24,-1,-1,0.0
stage1c_single_agent_small,3,2,122954,2523,1,100,100,1,0,31.41884422302246,4.0,4.0,0.0,0.24,0.0,0,0,0,16,9,-1,-1,0.0
stage1c_single_agent_small,3,2,123002,2524,1,100,100,1,0,32.51911544799805,4.0,4.0,0.0,0.36,0.0,0,0,0,48,18,-1,-1,0.0
stage1c_single_agent_small,3,2,123022,2525,1,100,100,1,0,31.95187759399414,4.0,4.0,0.0,0.16,0.0,0,0,0,20,8,-1,-1,0.0
stage1c_single_agent_small,3,2,123038,2526,1,100,100,1,0,111.6817626953125,4.0,4.0,2.0,0.16,0.0,0,0,0,16,12,12,0,0.125
stage1c_single_agent_small,3,2,123055,2527,1,100,100,1,0,31.778409957885742,4.0,4.0,0.0,0.2,0.0,0,0,0,17,12,-1,-1,0.0
stage1c_single_agent_small,3,2,123078,2528,1,100,100,1,0,31.973453521728516,4.0,4.0,0.0,0.24,0.0,0,0,0,23,19,-1,-1,0.0
stage1c_single_agent_small,3,2,123123,2529,1,100,100,1,0,71.70048522949219,4.0,4.0,1.0,0.32,0.0,0,0,0,45,20,20,0,0.022222222222222223
stage1c_single_agent_small,3,2,123145,2530,1,100,100,1,0,31.95950698852539,4.0,4.0,0.0,0.2,0.0,0,0,0,22,18,-1,-1,0.0
stage1c_single_agent_small,3,2,123184,2531,1,100,100,1,0,70.73413848876953,4.0,4.0,1.0,0.32,0.0,0,0,0,39,18,37,19,0.02564102564102564
stage1c_single_agent_small,3,2,123196,2532,1,100,100,1,0,191.7713165283203,4.0,4.0,4.0,0.2,0.0,0,0,0,12,9,9,0,0.3333333333333333
stage1c_single_agent_small,3,2,123232,2533,1,100,100,1,0,31.28960609436035,4.0,4.0,0.0,0.32,0.0,0,0,0,36,11,-1,-1,0.0
stage1c_single_agent_small,3,2,123275,2534,1,100,100,1,0,32.46533203125,4.0,4.0,0.0,0.28,0.0,0,0,0,43,28,-1,-1,0.0
stage1c_single_agent_small,3,2,123303,2535,1,100,100,1,0,30.594318389892578,4.0,4.0,0.0,0.36,0.0,0,0,0,28,21,-1,-1,0.0
stage1c_single_agent_small,3,2,123322,2536,1,100,100,1,0,112.17314910888672,4.0,4.0,2.0,0.24,0.0,0,0,0,19,16,18,2,0.10526315789473684
stage1c_single_agent_small,3,2,123343,2537,1,100,100,1,0,31.93975067138672,4.0,4.0,0.0,0.16,0.0,0,0,0,21,7,-1,-1,0.0
stage1c_single_agent_small,3,2,123362,2538,1,100,100,1,0,32.184146881103516,4.0,4.0,0.0,0.2,0.0,0,0,0,19,5,-1,-1,0.0
stage1c_single_agent_small,3,2,123375,2539,1,100,100,1,0,31.56022834777832,4.0,4.0,0.0,0.08,0.0,0,0,0,13,4,-1,-1,0.0
stage1c_single_agent_small,3,2,123430,2540,1,100,100,1,0,30.49391746520996,4.0,4.0,0.0,0.44,0.0,0,0,0,55,26,-1,-1,0.0
stage1c_single_agent_small,3,2,123490,2541,1,100,100,1,0,112.66065979003906,4.0,4.0,2.0,0.36,0.0,0,0,0,60,41,41,0,0.03333333333333333
stage1c_single_agent_small,3,2,123534,2542,1,100,100,1,0,31.85761260986328,4.0,4.0,0.0,0.28,0.0,0,0,0,44,2,-1,-1,0.0
stage1c_single_agent_small,3,2,123572,2543,1,100,100,1,0,29.6695499420166,4.0,4.0,0.0,0.32,0.0,0,0,0,38,31,-1,-1,0.0
stage1c_single_agent_small,3,2,123602,2544,1,100,100,1,0,31.928638458251953,4.0,4.0,0.0,0.28,0.0,0,0,0,30,19,-1,-1,0.0
stage1c_single_agent_small,3,2,123612,2545,1,100,100,1,0,191.58802795410156,4.0,4.0,4.0,0.12,0.0,0,0,0,10,6,6,0,0.4
stage1c_single_agent_small,3,2,123635,2546,1,100,100,1,0,32.105621337890625,4.0,4.0,0.0,0.2,0.0,0,0,0,23,19,-1,-1,0.0
stage1c_single_agent_small,3,2,123653,2547,1,100,100,1,0,32.14919662475586,4.0,4.0,0.0,0.16,0.0,0,0,0,18,14,-1,-1,0.0
stage1c_single_agent_small,3,2,123695,2548,1,100,100,1,0,150.90817260742188,4.0,4.0,3.0,0.4,0.0,0,0,0,42,22,22,0,0.07142857142857142
stage1c_single_agent_small,3,2,123722,2549,1,100,100,1,0,69.87922668457031,4.0,4.0,1.0,0.2,0.0,0,0,0,27,8,9,1,0.037037037037037035
stage1c_single_agent_small,3,2,123765,2550,1,100,100,1,0,109.37892150878906,4.0,4.0,2.0,0.24,0.0,0,0,0,43,39,39,0,0.046511627906976744
stage1c_single_agent_small,3,2,123788,2551,1,100,100,1,0,30.712129592895508,4.0,4.0,0.0,0.12,0.0,0,0,0,23,13,-1,-1,0.0
stage1c_single_agent_small,3,2,123811,2552,1,100,100,1,0,31.824010848999023,4.0,4.0,0.0,0.28,0.0,0,0,0,23,9,-1,-1,0.0
stage1c_single_agent_small,3,2,123835,2553,1,100,100,1,0,109.2781982421875,4.0,4.0,2.0,0.12,0.0,0,0,0,24,14,15,1,0.08333333333333333
stage1c_single_agent_small,3,2,123849,2554,1,100,100,1,0,31.775014877319336,4.0,4.0,0.0,0.12,0.0,0,0,0,14,7,-1,-1,0.0
stage1c_single_agent_small,3,2,123890,2555,1,100,100,1,0,32.195594787597656,4.0,4.0,0.0,0.24,0.0,0,0,0,41,23,-1,-1,0.0
stage1c_single_agent_small,3,2,123921,2556,1,100,100,1,0,29.33673667907715,4.0,4.0,0.0,0.28,0.0,0,0,0,31,24,-1,-1,0.0
stage1c_single_agent_small,3,2,123945,2557,1,100,100,1,0,31.019161224365234,4.0,4.0,0.0,0.28,0.0,0,0,0,24,12,-1,-1,0.0
stage1c_single_agent_small,3,2,123978,2558,1,100,100,1,0,30.876968383789062,4.0,4.0,0.0,0.28,0.0,0,0,0,33,25,-1,-1,0.0
stage1c_single_agent_small,3,2,123999,2559,1,100,100,1,0,30.346771240234375,4.0,4.0,0.0,0.16,0.0,0,0,0,21,15,-1,-1,0.0
stage1c_single_agent_small,3,2,124020,2560,1,100,100,1,0,32.342803955078125,4.0,4.0,0.0,0.16,0.0,0,0,0,21,7,-1,-1,0.0
stage1c_single_agent_small,3,2,124044,2561,1,100,100,1,0,111.51029205322266,4.0,4.0,2.0,0.12,0.0,0,0,0,24,10,11,1,0.08333333333333333
stage1c_single_agent_small,3,2,124067,2562,1,100,100,1,0,32.2253532409668,4.0,4.0,0.0,0.32,0.0,0,0,0,23,11,-1,-1,0.0
stage1c_single_agent_small,3,2,124095,2563,1,100,100,1,0,192.35287475585938,4.0,4.0,4.0,0.28,0.0,0,0,0,28,15,15,0,0.14285714285714285
stage1c_single_agent_small,3,2,124106,2564,1,100,100,1,0,31.611492156982422,4.0,4.0,0.0,0.16,0.0,0,0,0,11,6,-1,-1,0.0
stage1c_single_agent_small,3,2,124141,2565,1,100,100,1,0,29.083967208862305,4.0,4.0,0.0,0.24,0.0,0,0,0,35,16,-1,-1,0.0
stage1c_single_agent_small,3,2,124168,2566,1,100,100,1,0,30.52275276184082,4.0,4.0,0.0,0.2,0.0,0,0,0,27,21,-1,-1,0.0
stage1c_single_agent_small,3,2,124193,2567,1,100,100,1,0,30.115835189819336,4.0,4.0,0.0,0.12,0.0,0,0,0,25,20,-1,-1,0.0
stage1c_single_agent_small,3,2,124229,2568,1,100,100,1,0,31.47899627685547,4.0,4.0,0.0,0.24,0.0,0,0,0,36,14,-1,-1,0.0
stage1c_single_agent_small,3,2,124246,2569,1,100,100,1,0,31.936506271362305,4.0,4.0,0.0,0.12,0.0,0,0,0,17,2,-1,-1,0.0
stage1c_single_agent_small,3,2,124252,2570,1,100,100,1,0,32.00028991699219,4.0,4.0,0.0,0.12,0.0,0,0,0,6,2,-1,-1,0.0
stage1c_single_agent_small,3,2,124290,2571,1,100,100,1,0,31.840770721435547,4.0,4.0,0.0,0.24,0.0,0,0,0,38,19,-1,-1,0.0
stage1c_single_agent_small,3,2,124319,2572,1,100,100,1,0,70.90861511230469,4.0,4.0,1.0,0.24,0.0,0,0,0,29,13,14,1,0.034482758620689655
stage1c_single_agent_small,3,2,124347,2573,1,100,100,1,0,32.35884094238281,4.0,4.0,0.0,0.28,0.0,0,0,0,28,12,-1,-1,0.0
stage1c_single_agent_small,3,2,124361,2574,1,100,100,1,0,31.75282096862793,4.0,4.0,0.0,0.12,0.0,0,0,0,14,9,-1,-1,0.0
stage1c_single_agent_small,3,2,124383,2575,1,100,100,1,0,30.408761978149414,4.0,4.0,0.0,0.24,0.0,0,0,0,22,16,-1,-1,0.0
stage1c_single_agent_small,3,2,124408,2576,1,100,100,1,0,30.577957153320312,4.0,4.0,0.0,0.24,0.0,0,0,0,25,18,-1,-1,0.0
stage1c_single_agent_small,3,2,124420,2577,1,100,100,1,0,31.37007713317871,4.0,4.0,0.0,0.16,0.0,0,0,0,12,8,-1,-1,0.0
stage1c_single_agent_small,3,2,124442,2578,1,100,100,1,0,30.96599578857422,4.0,4.0,0.0,0.24,0.0,0,0,0,22,14,-1,-1,0.0
stage1c_single_agent_small,3,2,124450,2579,1,100,100,1,0,31.184165954589844,4.0,4.0,0.0,0.08,0.0,0,0,0,8,2,-1,-1,0.0
stage1c_single_agent_small,3,2,124470,2580,1,100,100,1,0,30.963237762451172,4.0,4.0,0.0,0.16,0.0,0,0,0,20,14,-1,-1,0.0
stage1c_single_agent_small,3,2,124498,2581,1,100,100,1,0,112.13958740234375,4.0,4.0,2.0,0.32,0.0,0,0,0,28,15,17,2,0.07142857142857142
stage1c_single_agent_small,3,2,124511,2582,1,100,100,1,0,32.20287322998047,4.0,4.0,0.0,0.2,0.0,0,0,0,13,9,-1,-1,0.0
stage1c_single_agent_small,3,2,124537,2583,1,100,100,1,0,31.670490264892578,4.0,4.0,0.0,0.16,0.0,0,0,0,26,18,-1,-1,0.0
stage1c_single_agent_small,3,2,124582,2584,1,100,100,1,0,31.504257202148438,4.0,4.0,0.0,0.36,0.0,0,0,0,45,32,-1,-1,0.0
stage1c_single_agent_small,3,2,124626,2585,1,100,100,1,0,32.291316986083984,4.0,4.0,0.0,0.28,0.0,0,0,0,44,12,-1,-1,0.0
stage1c_single_agent_small,3,2,124675,2586,1,100,100,1,0,72.31936645507812,4.0,4.0,1.0,0.44,0.0,0,0,0,49,19,47,28,0.02040816326530612
stage1c_single_agent_small,3,2,124702,2587,1,100,100,1,0,31.09408950805664,4.0,4.0,0.0,0.2,0.0,0,0,0,27,12,-1,-1,0.0
stage1c_single_agent_small,3,2,124757,2588,1,100,100,1,0,31.97562026977539,4.0,4.0,0.0,0.28,0.0,0,0,0,55,25,-1,-1,0.0
stage1c_single_agent_small,3,2,124801,2589,1,100,100,1,0,32.06145095825195,4.0,4.0,0.0,0.28,0.0,0,0,0,44,30,-1,-1,0.0
stage1c_single_agent_small,3,2,124853,2590,1,100,100,1,0,32.37403869628906,4.0,4.0,0.0,0.36,0.0,0,0,0,52,17,-1,-1,0.0
stage1c_single_agent_small,3,2,124879,2591,1,100,100,1,0,191.52700805664062,4.0,4.0,4.0,0.2,0.0,0,0,0,26,16,16,0,0.15384615384615385
stage1c_single_agent_small,3,2,124893,2592,1,100,100,1,0,31.160547256469727,4.0,4.0,0.0,0.12,0.0,0,0,0,14,9,-1,-1,0.0
stage1c_single_agent_small,3,2,124968,2593,1,100,100,1,0,32.960784912109375,4.0,4.0,0.0,0.44,0.0,0,0,0,75,67,-1,-1,0.0
stage1c_single_agent_small,3,2,124979,2594,1,100,100,1,0,152.1447296142578,4.0,4.0,3.0,0.16,0.0,0,0,0,11,7,7,0,0.2727272727272727
stage1c_single_agent_small,3,2,125008,2595,1,100,100,1,0,31.86324119567871,4.0,4.0,0.0,0.2,0.0,0,0,0,29,11,-1,-1,0.0
stage1c_single_agent_small,3,2,125018,2596,1,100,100,1,0,31.98529624938965,4.0,4.0,0.0,0.12,0.0,0,0,0,10,4,-1,-1,0.0
stage1c_single_agent_small,3,2,125037,2597,1,100,100,1,0,31.92384147644043,4.0,4.0,0.0,0.16,0.0,0,0,0,19,10,-1,-1,0.0
stage1c_single_agent_small,3,2,125071,2598,1,100,100,1,0,31.040523529052734,4.0,4.0,0.0,0.2,0.0,0,0,0,34,28,-1,-1,0.0
stage1c_single_agent_small,3,2,125094,2599,1,100,100,1,0,31.14374351501465,4.0,4.0,0.0,0.24,0.0,0,0,0,23,10,-1,-1,0.0
stage1c_single_agent_small,3,2,125124,2600,1,100,100,1,0,151.50433349609375,4.0,4.0,3.0,0.28,0.0,0,0,0,30,20,20,0,0.1
stage1c_single_agent_small,3,2,125143,2601,1,100,100,1,0,110.95704650878906,4.0,4.0,2.0,0.12,0.0,0,0,0,19,11,18,7,0.10526315789473684
stage1c_single_agent_small,3,2,125200,2602,1,100,100,1,0,152.62718200683594,4.0,4.0,3.0,0.28,0.0,0,0,0,57,17,17,0,0.05263157894736842
stage1c_single_agent_small,3,2,125214,2603,1,100,100,1,0,31.785545349121094,4.0,4.0,0.0,0.16,0.0,0,0,0,14,10,-1,-1,0.0
stage1c_single_agent_small,3,2,125263,2604,1,100,100,1,0,32.41394805908203,4.0,4.0,0.0,0.32,0.0,0,0,0,49,17,-1,-1,0.0
stage1c_single_agent_small,3,2,125291,2605,1,100,100,1,0,32.149662017822266,4.0,4.0,0.0,0.28,0.0,0,0,0,28,3,-1,-1,0.0
stage1c_single_agent_small,3,2,125305,2606,1,100,100,1,0,32.34803009033203,4.0,4.0,0.0,0.12,0.0,0,0,0,14,4,-1,-1,0.0
stage1c_single_agent_small,3,2,125339,2607,1,100,100,1,0,31.104511260986328,4.0,4.0,0.0,0.28,0.0,0,0,0,34,29,-1,-1,0.0
stage1c_single_agent_small,3,2,125355,2608,1,100,100,1,0,31.876487731933594,4.0,4.0,0.0,0.08,0.0,0,0,0,16,10,-1,-1,0.0
stage1c_single_agent_small,3,2,125370,2609,1,100,100,1,0,111.60720825195312,4.0,4.0,2.0,0.2,0.0,0,0,0,15,10,12,2,0.13333333333333333
stage1c_single_agent_small,3,2,125400,2610,1,100,100,1,0,31.74089813232422,4.0,4.0,0.0,0.24,0.0,0,0,0,30,9,-1,-1,0.0
stage1c_single_agent_small,3,2,125423,2611,1,100,100,1,0,32.0727424621582,4.0,4.0,0.0,0.2,0.0,0,0,0,23,19,-1,-1,0.0
stage1c_single_agent_small,3,2,125452,2612,1,100,100,1,0,111.59221649169922,4.0,4.0,2.0,0.36,0.0,0,0,0,29,16,17,1,0.06896551724137931
stage1c_single_agent_small,3,2,125478,2613,1,100,100,1,0,30.94204330444336,4.0,4.0,0.0,0.2,0.0,0,0,0,26,20,-1,-1,0.0
stage1c_single_agent_small,3,2,125497,2614,1,100,100,1,0,29.936830520629883,4.0,4.0,0.0,0.08,0.0,0,0,0,19,9,-1,-1,0.0
stage1c_single_agent_small,3,2,125507,2615,1,100,100,1,0,32.17351531982422,4.0,4.0,0.0,0.12,0.0,0,0,0,10,6,-1,-1,0.0
stage1c_single_agent_small,3,2,125516,2616,1,100,100,1,0,31.596210479736328,4.0,4.0,0.0,0.12,0.0,0,0,0,9,5,-1,-1,0.0
stage1c_single_agent_small,3,2,125548,2617,1,100,100,1,0,72.32917022705078,4.0,4.0,1.0,0.28,0.0,0,0,0,32,18,18,0,0.03125
stage1c_single_agent_small,3,2,125572,2618,1,100,100,1,0,31.532737731933594,4.0,4.0,0.0,0.16,0.0,0,0,0,24,9,-1,-1,0.0
stage1c_single_agent_small,3,2,125588,2619,1,100,100,1,0,31.547256469726562,4.0,4.0,0.0,0.16,0.0,0,0,0,16,9,-1,-1,0.0
stage1c_single_agent_small,3,2,125638,2620,1,100,100,1,0,32.37928009033203,4.0,4.0,0.0,0.28,0.0,0,0,0,50,20,-1,-1,0.0
stage1c_single_agent_small,3,2,125698,2621,1,100,100,1,0,30.064910888671875,4.0,4.0,0.0,0.24,0.0,0,0,0,60,39,-1,-1,0.0
stage1c_single_agent_small,3,2,125706,2622,1,100,100,1,0,31.202730178833008,4.0,4.0,0.0,0.12,0.0,0,0,0,8,2,-1,-1,0.0
stage1c_single_agent_small,3,2,125731,2623,1,100,100,1,0,31.855125427246094,4.0,4.0,0.0,0.2,0.0,0,0,0,25,14,-1,-1,0.0
stage1c_single_agent_small,3,2,125739,2624,1,100,100,1,0,31.592098236083984,4.0,4.0,0.0,0.12,0.0,0,0,0,8,3,-1,-1,0.0
stage1c_single_agent_small,3,2,125762,2625,1,100,100,1,0,31.807592391967773,4.0,4.0,0.0,0.32,0.0,0,0,0,23,19,-1,-1,0.0
stage1c_single_agent_small,3,2,125785,2626,1,100,100,1,0,32.150054931640625,4.0,4.0,0.0,0.2,0.0,0,0,0,23,19,-1,-1,0.0
stage1c_single_agent_small,3,2,125797,2627,1,100,100,1,0,31.167112350463867,4.0,4.0,0.0,0.12,0.0,0,0,0,12,6,-1,-1,0.0
stage1c_single_agent_small,3,2,125804,2628,1,100,100,1,0,31.990144729614258,4.0,4.0,0.0,0.08,0.0,0,0,0,7,3,-1,-1,0.0
stage1c_single_agent_small,3,2,125830,2629,1,100,100,1,0,31.371397018432617,4.0,4.0,0.0,0.28,0.0,0,0,0,26,21,-1,-1,0.0
stage1c_single_agent_small,3,2,125853,2630,1,100,100,1,0,31.31214714050293,4.0,4.0,0.0,0.24,0.0,0,0,0,23,19,-1,-1,0.0
stage1c_single_agent_small,3,2,125902,2631,1,100,100,1,0,29.00507164001465,4.0,4.0,0.0,0.28,0.0,0,0,0,49,37,-1,-1,0.0
stage1c_single_agent_small,3,2,125934,2632,1,100,100,1,0,31.285999298095703,4.0,4.0,0.0,0.24,0.0,0,0,0,32,20,-1,-1,0.0
stage1c_single_agent_small,3,2,125985,2633,1,100,100,1,0,30.228429794311523,4.0,4.0,0.0,0.36,0.0,0,0,0,51,44,-1,-1,0.0
stage1c_single_agent_small,3,2,126002,2634,1,100,100,1,0,32.1951789855957,4.0,4.0,0.0,0.2,0.0,0,0,0,17,13,-1,-1,0.0
stage1c_single_agent_small,3,2,126043,2635,1,100,100,1,0,30.487829208374023,4.0,4.0,0.0,0.4,0.0,0,0,0,41,35,-1,-1,0.0
stage1c_single_agent_small,3,2,126054,2636,1,100,100,1,0,31.588090896606445,4.0,4.0,0.0,0.16,0.0,0,0,0,11,6,-1,-1,0.0
stage1c_single_agent_small,3,2,126064,2637,1,100,100,1,0,32.03789138793945,4.0,4.0,0.0,0.2,0.0,0,0,0,10,6,-1,-1,0.0
stage1c_single_agent_small,3,2,126091,2638,1,100,100,1,0,31.93364143371582,4.0,4.0,0.0,0.24,0.0,0,0,0,27,23,-1,-1,0.0
stage1c_single_agent_small,3,2,126106,2639,1,100,100,1,0,31.19742202758789,4.0,4.0,0.0,0.16,0.0,0,0,0,15,11,-1,-1,0.0
stage1c_single_agent_small,3,2,126120,2640,1,100,100,1,0,31.3881893157959,4.0,4.0,0.0,0.16,0.0,0,0,0,14,10,-1,-1,0.0
stage1c_single_agent_small,3,2,126142,2641,1,100,100,1,0,71.7379379272461,4.0,4.0,1.0,0.2,0.0,0,0,0,22,14,14,0,0.045454545454545456
stage1c_single_agent_small,3,2,126170,2642,1,100,100,1,0,30.167757034301758,4.0,4.0,0.0,0.28,0.0,0,0,0,28,21,-1,-1,0.0
stage1c_single_agent_small,3,2,126192,2643,1,100,100,1,0,151.56170654296875,4.0,4.0,3.0,0.24,0.0,0,0,0,22,18,18,0,0.13636363636363635
stage1c_single_agent_small,3,2,126215,2644,1,100,100,1,0,29.751480102539062,4.0,4.0,0.0,0.16,0.0,0,0,0,23,19,-1,-1,0.0
stage1c_single_agent_small,3,2,126243,2645,1,100,100,1,0,29.931398391723633,4.0,4.0,0.0,0.28,0.0,0,0,0,28,9,-1,-1,0.0
stage1c_single_agent_small,3,2,126269,2646,1,100,100,1,0,30.467317581176758,4.0,4.0,0.0,0.2,0.0,0,0,0,26,19,-1,-1,0.0
stage1c_single_agent_small,3,2,126296,2647,1,100,100,1,0,30.9273624420166,4.0,4.0,0.0,0.2,0.0,0,0,0,27,21,-1,-1,0.0
stage1c_single_agent_small,3,2,126304,2648,1,100,100,1,0,32.0322151184082,4.0,4.0,0.0,0.2,0.0,0,0,0,8,4,-1,-1,0.0
stage1c_single_agent_small,3,2,126316,2649,1,100,100,1,0,31.16596221923828,4.0,4.0,0.0,0.16,0.0,0,0,0,12,6,-1,-1,0.0
stage1c_single_agent_small,3,2,126324,2650,1,100,100,1,0,31.59654426574707,4.0,4.0,0.0,0.12,0.0,0,0,0,8,3,-1,-1,0.0
stage1c_single_agent_small,3,2,126350,2651,1,100,100,1,0,31.663145065307617,4.0,4.0,0.0,0.24,0.0,0,0,0,26,22,-1,-1,0.0
stage1c_single_agent_small,3,2,126394,2652,1,100,100,1,0,29.19511604309082,4.0,4.0,0.0,0.24,0.0,0,0,0,44,30,-1,-1,0.0
stage1c_single_agent_small,3,2,126419,2653,1,100,100,1,0,30.98475456237793,4.0,4.0,0.0,0.28,0.0,0,0,0,25,19,-1,-1,0.0
stage1c_single_agent_small,3,2,126434,2654,1,100,100,1,0,30.758007049560547,4.0,4.0,0.0,0.08,0.0,0,0,0,15,4,-1,-1,0.0
stage1c_single_agent_small,3,2,126476,2655,1,100,100,1,0,30.970216751098633,4.0,4.0,0.0,0.16,0.0,0,0,0,42,2,-1,-1,0.0
stage1c_single_agent_small,3,2,126492,2656,1,100,100,1,0,31.738977432250977,4.0,4.0,0.0,0.12,0.0,0,0,0,16,12,-1,-1,0.0
stage1c_single_agent_small,3,2,126501,2657,1,100,100,1,0,32.01247787475586,4.0,4.0,0.0,0.16,0.0,0,0,0,9,5,-1,-1,0.0
stage1c_single_agent_small,3,2,126515,2658,1,100,100,1,0,152.12216186523438,4.0,4.0,3.0,0.08,0.0,0,0,0,14,10,10,0,0.21428571428571427
stage1c_single_agent_small,3,2,126547,2659,1,100,100,1,0,29.735931396484375,4.0,4.0,0.0,0.24,0.0,0,0,0,32,26,-1,-1,0.0
stage1c_single_agent_small,3,2,126563,2660,1,100,100,1,0,31.77873420715332,4.0,4.0,0.0,0.16,0.0,0,0,0,16,12,-1,-1,0.0
stage1c_single_agent_small,3,2,126588,2661,1,100,100,1,0,31.69774055480957,4.0,4.0,0.0,0.2,0.0,0,0,0,25,21,-1,-1,0.0
stage1c_single_agent_small,3,2,126648,2662,1,100,100,1,0,72.15196990966797,4.0,4.0,1.0,0.44,0.0,0,0,0,60,56,56,0,0.016666666666666666
stage1c_single_agent_small,3,2,126659,2663,1,100,100,1,0,31.57844352722168,4.0,4.0,0.0,0.12,0.0,0,0,0,11,6,-1,-1,0.0
stage1c_single_agent_small,3,2,126680,2664,1,100,100,1,0,32.34373474121094,4.0,4.0,0.0,0.16,0.0,0,0,0,21,7,-1,-1,0.0
stage1c_single_agent_small,3,2,126697,2665,1,100,100,1,0,32.193851470947266,4.0,4.0,0.0,0.2,0.0,0,0,0,17,5,-1,-1,0.0
stage1c_single_agent_small,3,2,126720,2666,1,100,100,1,0,31.718318939208984,4.0,4.0,0.0,0.24,0.0,0,0,0,23,19,-1,-1,0.0
stage1c_single_agent_small,3,2,126740,2667,1,100,100,1,0,31.728134155273438,4.0,4.0,0.0,0.16,0.0,0,0,0,20,9,-1,-1,0.0
stage1c_single_agent_small,3,2,126763,2668,1,100,100,1,0,30.939340591430664,4.0,4.0,0.0,0.2,0.0,0,0,0,23,17,-1,-1,0.0
stage1c_single_agent_small,3,2,126794,2669,1,100,100,1,0,190.68740844726562,4.0,4.0,4.0,0.24,0.0,0,0,0,31,27,27,0,0.12903225806451613
stage1c_single_agent_small,3,2,126819,2670,1,100,100,1,0,30.70867919921875,4.0,4.0,0.0,0.16,0.0,0,0,0,25,8,-1,-1,0.0
stage1c_single_agent_small,3,2,126851,2671,1,100,100,1,0,31.402196884155273,4.0,4.0,0.0,0.16,0.0,0,0,0,32,27,-1,-1,0.0
stage1c_single_agent_small,3,2,126868,2672,1,100,100,1,0,151.75201416015625,4.0,4.0,3.0,0.2,0.0,0,0,0,17,13,13,0,0.17647058823529413
stage1c_single_agent_small,3,2,126883,2673,1,100,100,1,0,31.32099723815918,4.0,4.0,0.0,0.08,0.0,0,0,0,15,10,-1,-1,0.0
stage1c_single_agent_small,3,2,126911,2674,1,100,100,1,0,31.276899337768555,4.0,4.0,0.0,0.2,0.0,0,0,0,28,10,-1,-1,0.0
stage1c_single_agent_small,3,2,126939,2675,1,100,100,1,0,31.69307518005371,4.0,4.0,0.0,0.24,0.0,0,0,0,28,24,-1,-1,0.0
stage1c_single_agent_small,3,2,126969,2676,1,100,100,1,0,31.3591365814209,4.0,4.0,0.0,0.32,0.0,0,0,0,30,26,-1,-1,0.0
stage1c_single_agent_small,3,2,127007,2677,1,100,100,1,0,112.06632995605469,4.0,4.0,2.0,0.28,0.0,0,0,0,38,27,27,0,0.05263157894736842
stage1c_single_agent_small,3,2,127024,2678,1,100,100,1,0,30.9182186126709,4.0,4.0,0.0,0.16,0.0,0,0,0,17,10,-1,-1,0.0
stage1c_single_agent_small,3,2,127038,2679,1,100,100,1,0,32.166259765625,4.0,4.0,0.0,0.2,0.0,0,0,0,14,10,-1,-1,0.0
stage1c_single_agent_small,3,2,127050,2680,1,100,100,1,0,151.78236389160156,4.0,4.0,3.0,0.16,0.0,0,0,0,12,7,8,1,0.25
stage1c_single_agent_small,3,2,127072,2681,1,100,100,1,0,31.960065841674805,4.0,4.0,0.0,0.2,0.0,0,0,0,22,18,-1,-1,0.0
stage1c_single_agent_small,3,2,127092,2682,1,100,100,1,0,31.2054500579834,4.0,4.0,0.0,0.24,0.0,0,0,0,20,15,-1,-1,0.0
stage1c_single_agent_small,3,2,127116,2683,1,100,100,1,0,30.39737319946289,4.0,4.0,0.0,0.24,0.0,0,0,0,24,17,-1,-1,0.0
stage1c_single_agent_small,3,2,127123,2684,1,100,100,1,0,31.97897720336914,4.0,4.0,0.0,0.08,0.0,0,0,0,7,3,-1,-1,0.0
stage1c_single_agent_small,3,2,127130,2685,1,100,100,1,0,32.01077651977539,4.0,4.0,0.0,0.12,0.0,0,0,0,7,3,-1,-1,0.0
stage1c_single_agent_small,3,2,127137,2686,1,100,100,1,0,31.58002281188965,4.0,4.0,0.0,0.08,0.0,0,0,0,7,2,-1,-1,0.0
stage1c_single_agent_small,3,2,127169,2687,1,100,100,1,0,72.31649780273438,4.0,4.0,1.0,0.28,0.0,0,0,0,32,24,25,1,0.03125
stage1c_single_agent_small,3,2,127183,2688,1,100,100,1,0,31.61089515686035,4.0,4.0,0.0,0.16,0.0,0,0,0,14,7,-1,-1,0.0
stage1c_single_agent_small,3,2,127211,2689,1,100,100,1,0,31.441720962524414,4.0,4.0,0.0,0.16,0.0,0,0,0,28,15,-1,-1,0.0
stage1c_single_agent_small,3,2,127242,2690,1,100,100,1,0,70.72689819335938,4.0,4.0,1.0,0.28,0.0,0,0,0,31,23,23,0,0.03225806451612903
stage1c_single_agent_small,3,2,127271,2691,1,100,100,1,0,31.920316696166992,4.0,4.0,0.0,0.24,0.0,0,0,0,29,25,-1,-1,0.0
stage1c_single_agent_small,3,2,127279,2692,1,100,100,1,0,31.617197036743164,4.0,4.0,0.0,0.2,0.0,0,0,0,8,3,-1,-1,0.0
stage1c_single_agent_small,3,2,127321,2693,1,100,100,1,0,72.4195785522461,4.0,4.0,1.0,0.32,0.0,0,0,0,42,13,13,0,0.023809523809523808
stage1c_single_agent_small,3,2,127347,2694,1,100,100,1,0,32.101932525634766,4.0,4.0,0.0,0.2,0.0,0,0,0,26,22,-1,-1,0.0
stage1c_single_agent_small,3,2,127365,2695,1,100,100,1,0,32.32829666137695,4.0,4.0,0.0,0.16,0.0,0,0,0,18,14,-1,-1,0.0
stage1c_single_agent_small,3,2,127387,2696,1,100,100,1,0,31.917098999023438,4.0,4.0,0.0,0.16,0.0,0,0,0,22,10,-1,-1,0.0
stage1c_single_agent_small,3,2,127400,2697,1,100,100,1,0,32.19172668457031,4.0,4.0,0.0,0.16,0.0,0,0,0,13,9,-1,-1,0.0
stage1c_single_agent_small,3,2,127433,2698,1,100,100,1,0,31.675371170043945,4.0,4.0,0.0,0.28,0.0,0,0,0,33,19,-1,-1,0.0
stage1c_single_agent_small,3,2,127480,2699,1,100,100,1,0,71.1901626586914,4.0,4.0,1.0,0.28,0.0,0,0,0,47,11,12,1,0.02127659574468085
stage1c_single_agent_small,3,2,127500,2700,1,100,100,1,0,31.674415588378906,4.0,4.0,0.0,0.16,0.0,0,0,0,20,12,-1,-1,0.0
stage1c_single_agent_small,3,2,127640,2701,1,100,100,1,0,1.5036085844039917,0.0,0.0,0.0,0.32,0.0,0,0,4,140,-1,-1,-1,0.0
stage1c_single_agent_small,3,2,127675,2702,1,100,100,1,0,32.306907653808594,4.0,4.0,0.0,0.32,0.0,0,0,0,35,14,-1,-1,0.0
stage1c_single_agent_small,3,2,127732,2703,1,100,100,1,0,32.35881423950195,4.0,4.0,0.0,0.28,0.0,0,0,0,57,9,-1,-1,0.0
stage1c_single_agent_small,3,2,127762,2704,1,100,100,1,0,31.242395401000977,4.0,4.0,0.0,0.24,0.0,0,0,0,30,23,-1,-1,0.0
stage1c_single_agent_small,3,2,127785,2705,1,100,100,1,0,31.982580184936523,4.0,4.0,0.0,0.28,0.0,0,0,0,23,15,-1,-1,0.0
stage1c_single_agent_small,3,2,127798,2706,1,100,100,1,0,32.20529556274414,4.0,4.0,0.0,0.16,0.0,0,0,0,13,9,-1,-1,0.0
stage1c_single_agent_small,3,2,127822,2707,1,100,100,1,0,32.124393463134766,4.0,4.0,0.0,0.2,0.0,0,0,0,24,20,-1,-1,0.0
stage1c_single_agent_small,3,2,127846,2708,1,100,100,1,0,31.765342712402344,4.0,4.0,0.0,0.24,0.0,0,0,0,24,20,-1,-1,0.0
stage1c_single_agent_small,3,2,127865,2709,1,100,100,1,0,31.777114868164062,4.0,4.0,0.0,0.2,0.0,0,0,0,19,15,-1,-1,0.0
stage1c_single_agent_small,3,2,127888,2710,1,100,100,1,0,30.95335578918457,4.0,4.0,0.0,0.2,0.0,0,0,0,23,16,-1,-1,0.0
stage1c_single_agent_small,3,2,127900,2711,1,100,100,1,0,31.6566162109375,4.0,4.0,0.0,0.24,0.0,0,0,0,12,7,-1,-1,0.0
stage1c_single_agent_small,3,2,127927,2712,1,100,100,1,0,31.069557189941406,4.0,4.0,0.0,0.2,0.0,0,0,0,27,22,-1,-1,0.0
stage1c_single_agent_small,3,2,127948,2713,1,100,100,1,0,31.25682258605957,4.0,4.0,0.0,0.08,0.0,0,0,0,21,16,-1,-1,0.0
stage1c_single_agent_small,3,2,127968,2714,1,100,100,1,0,29.488811492919922,4.0,4.0,0.0,0.08,0.0,0,0,0,20,14,-1,-1,0.0
stage1c_single_agent_small,3,2,127983,2715,1,100,100,1,0,31.118417739868164,4.0,4.0,0.0,0.08,0.0,0,0,0,15,2,-1,-1,0.0
stage1c_single_agent_small,3,2,128000,2716,1,100,100,1,0,112.38970947265625,4.0,4.0,2.0,0.2,0.0,0,0,0,17,10,12,2,0.11764705882352941
stage1c_single_agent_small,3,2,128010,2717,1,100,100,1,0,31.993581771850586,4.0,4.0,0.0,0.12,0.0,0,0,0,10,4,-1,-1,0.0
stage1c_single_agent_small,3,2,128020,2718,1,100,100,1,0,112.17178344726562,4.0,4.0,2.0,0.12,0.0,0,0,0,10,3,3,0,0.2
stage1c_single_agent_small,3,2,128045,2719,1,100,100,1,0,30.277816772460938,4.0,4.0,0.0,0.16,0.0,0,0,0,25,8,-1,-1,0.0
stage1c_single_agent_small,3,2,128070,2720,1,100,100,1,0,191.31735229492188,4.0,4.0,4.0,0.24,0.0,0,0,0,25,22,22,0,0.16
stage1c_single_agent_small,3,2,128108,2721,1,100,100,1,0,30.091506958007812,4.0,4.0,0.0,0.32,0.0,0,0,0,38,26,-1,-1,0.0
stage1c_single_agent_small,3,2,128130,2722,1,100,100,1,0,31.757612228393555,4.0,4.0,0.0,0.28,0.0,0,0,0,22,17,-1,-1,0.0
stage1c_single_agent_small,3,2,128139,2723,1,100,100,1,0,152.1658935546875,4.0,4.0,3.0,0.12,0.0,0,0,0,9,6,7,1,0.3333333333333333
stage1c_single_agent_small,3,2,128150,2724,1,100,100,1,0,31.158584594726562,4.0,4.0,0.0,0.12,0.0,0,0,0,11,2,-1,-1,0.0
stage1c_single_agent_small,3,2,128160,2725,1,100,100,1,0,31.54800033569336,4.0,4.0,0.0,0.08,0.0,0,0,0,10,3,-1,-1,0.0
stage1c_single_agent_small,3,2,128167,2726,1,100,100,1,0,111.98078155517578,4.0,4.0,2.0,0.12,0.0,0,0,0,7,3,3,0,0.2857142857142857
stage1c_single_agent_small,3,2,128216,2727,1,100,100,1,0,29.59067153930664,4.0,4.0,0.0,0.28,0.0,0,0,0,49,39,-1,-1,0.0
stage1c_single_agent_small,3,2,128234,2728,1,100,100,1,0,191.13377380371094,4.0,4.0,4.0,0.16,0.0,0,0,0,18,14,14,0,0.2222222222222222
stage1c_single_agent_small,3,2,128253,2729,1,100,100,1,0,31.177383422851562,4.0,4.0,0.0,0.2,0.0,0,0,0,19,14,-1,-1,0.0
stage1c_single_agent_small,3,2,128293,2730,1,100,100,1,0,31.19889259338379,4.0,4.0,0.0,0.28,0.0,0,0,0,40,30,-1,-1,0.0
stage1c_single_agent_small,3,2,128310,2731,1,100,100,1,0,31.942594528198242,4.0,4.0,0.0,0.16,0.0,0,0,0,17,3,-1,-1,0.0
stage1c_single_agent_small,3,2,128354,2732,1,100,100,1,0,31.763465881347656,4.0,4.0,0.0,0.24,0.0,0,0,0,44,30,-1,-1,0.0
stage1c_single_agent_small,3,2,128368,2733,1,100,100,1,0,32.13992691040039,4.0,4.0,0.0,0.12,0.0,0,0,0,14,10,-1,-1,0.0
stage1c_single_agent_small,3,2,128383,2734,1,100,100,1,0,31.512422561645508,4.0,4.0,0.0,0.12,0.0,0,0,0,15,11,-1,-1,0.0
stage1c_single_agent_small,3,2,128412,2735,1,100,100,1,0,32.03754806518555,4.0,4.0,0.0,0.2,0.0,0,0,0,29,5,-1,-1,0.0
stage1c_single_agent_small,3,2,128429,2736,1,100,100,1,0,31.774309158325195,4.0,4.0,0.0,0.2,0.0,0,0,0,17,12,-1,-1,0.0
stage1c_single_agent_small,3,2,128442,2737,1,100,100,1,0,32.159603118896484,4.0,4.0,0.0,0.12,0.0,0,0,0,13,9,-1,-1,0.0
stage1c_single_agent_small,3,2,128462,2738,1,100,100,1,0,31.41624641418457,4.0,4.0,0.0,0.28,0.0,0,0,0,20,16,-1,-1,0.0
stage1c_single_agent_small,3,2,128475,2739,1,100,100,1,0,31.536863327026367,4.0,4.0,0.0,0.08,0.0,0,0,0,13,8,-1,-1,0.0
stage1c_single_agent_small,3,2,128492,2740,1,100,100,1,0,32.19464874267578,4.0,4.0,0.0,0.2,0.0,0,0,0,17,13,-1,-1,0.0
stage1c_single_agent_small,3,2,128511,2741,1,100,100,1,0,31.38011360168457,4.0,4.0,0.0,0.2,0.0,0,0,0,19,15,-1,-1,0.0
stage1c_single_agent_small,3,2,128540,2742,1,100,100,1,0,31.512636184692383,4.0,4.0,0.0,0.2,0.0,0,0,0,29,24,-1,-1,0.0
stage1c_single_agent_small,3,2,128557,2743,1,100,100,1,0,31.21897315979004,4.0,4.0,0.0,0.2,0.0,0,0,0,17,10,-1,-1,0.0
stage1c_single_agent_small,3,2,128569,2744,1,100,100,1,0,32.18000411987305,4.0,4.0,0.0,0.12,0.0,0,0,0,12,8,-1,-1,0.0
stage1c_single_agent_small,3,2,128598,2745,1,100,100,1,0,30.68457794189453,4.0,4.0,0.0,0.16,0.0,0,0,0,29,7,-1,-1,0.0
stage1c_single_agent_small,3,2,128633,2746,1,100,100,1,0,31.259042739868164,4.0,4.0,0.0,0.24,0.0,0,0,0,35,21,-1,-1,0.0
stage1c_single_agent_small,3,2,128650,2747,1,100,100,1,0,31.773670196533203,4.0,4.0,0.0,0.2,0.0,0,0,0,17,12,-1,-1,0.0
stage1c_single_agent_small,3,2,128693,2748,1,100,100,1,0,29.212474822998047,4.0,4.0,0.0,0.28,0.0,0,0,0,43,30,-1,-1,0.0
stage1c_single_agent_small,3,2,128708,2749,1,100,100,1,0,72.09021759033203,4.0,4.0,1.0,0.12,0.0,0,0,0,15,11,11,0,0.06666666666666667
stage1c_single_agent_small,3,2,128727,2750,1,100,100,1,0,31.928958892822266,4.0,4.0,0.0,0.2,0.0,0,0,0,19,5,-1,-1,0.0
stage1c_single_agent_small,3,2,128741,2751,1,100,100,1,0,32.17948532104492,4.0,4.0,0.0,0.12,0.0,0,0,0,14,10,-1,-1,0.0
stage1c_single_agent_small,3,2,128785,2752,1,100,100,1,0,71.35115051269531,4.0,4.0,1.0,0.4,0.0,0,0,0,44,31,31,0,0.022727272727272728
stage1c_single_agent_small,3,2,128810,2753,1,100,100,1,0,30.474464416503906,4.0,4.0,0.0,0.16,0.0,0,0,0,25,20,-1,-1,0.0
stage1c_single_agent_small,3,2,128832,2754,1,100,100,1,0,31.766511917114258,4.0,4.0,0.0,0.24,0.0,0,0,0,22,13,-1,-1,0.0
stage1c_single_agent_small,3,2,128857,2755,1,100,100,1,0,32.325111389160156,4.0,4.0,0.0,0.2,0.0,0,0,0,25,11,-1,-1,0.0
stage1c_single_agent_small,3,2,128884,2756,1,100,100,1,0,31.228017807006836,4.0,4.0,0.0,0.12,0.0,0,0,0,27,6,-1,-1,0.0
stage1c_single_agent_small,3,2,128890,2757,1,100,100,1,0,151.76605224609375,4.0,4.0,3.0,0.08,0.0,0,0,0,6,2,4,2,0.5
stage1c_single_agent_small,3,2,128917,2758,1,100,100,1,0,31.664100646972656,4.0,4.0,0.0,0.16,0.0,0,0,0,27,6,-1,-1,0.0
stage1c_single_agent_small,3,2,128934,2759,1,100,100,1,0,32.17890930175781,4.0,4.0,0.0,0.16,0.0,0,0,0,17,9,-1,-1,0.0
stage1c_single_agent_small,3,2,128964,2760,1,100,100,1,0,31.03091812133789,4.0,4.0,0.0,0.12,0.0,0,0,0,30,24,-1,-1,0.0
stage1c_single_agent_small,3,2,128974,2761,1,100,100,1,0,31.599592208862305,4.0,4.0,0.0,0.12,0.0,0,0,0,10,6,-1,-1,0.0
stage1c_single_agent_small,3,2,128996,2762,1,100,100,1,0,31.282230377197266,4.0,4.0,0.0,0.16,0.0,0,0,0,22,14,-1,-1,0.0
stage1c_single_agent_small,3,2,129005,2763,1,100,100,1,0,152.18710327148438,4.0,4.0,3.0,0.12,0.0,0,0,0,9,6,7,1,0.3333333333333333
stage1c_single_agent_small,3,2,129047,2764,1,100,100,1,0,32.53548812866211,4.0,4.0,0.0,0.36,0.0,0,0,0,42,28,-1,-1,0.0
stage1c_single_agent_small,3,2,129083,2765,1,100,100,1,0,70.47930145263672,4.0,4.0,1.0,0.36,0.0,0,0,0,36,29,32,3,0.027777777777777776
stage1c_single_agent_small,3,2,129112,2766,1,100,100,1,0,72.32744598388672,4.0,4.0,1.0,0.24,0.0,0,0,0,29,17,17,0,0.034482758620689655
stage1c_single_agent_small,3,2,129134,2767,1,100,100,1,0,31.7398738861084,4.0,4.0,0.0,0.24,0.0,0,0,0,22,18,-1,-1,0.0
stage1c_single_agent_small,3,2,129154,2768,1,100,100,1,0,32.08859634399414,4.0,4.0,0.0,0.16,0.0,0,0,0,20,16,-1,-1,0.0
stage1c_single_agent_small,3,2,129192,2769,1,100,100,1,0,30.54911231994629,4.0,4.0,0.0,0.36,0.0,0,0,0,38,32,-1,-1,0.0
stage1c_single_agent_small,3,2,129200,2770,1,100,100,1,0,31.18499183654785,4.0,4.0,0.0,0.08,0.0,0,0,0,8,2,-1,-1,0.0
stage1c_single_agent_small,3,2,129223,2771,1,100,100,1,0,32.50000762939453,4.0,4.0,0.0,0.16,0.0,0,0,0,23,15,-1,-1,0.0
stage1c_single_agent_small,3,2,129260,2772,1,100,100,1,0,31.284116744995117,4.0,4.0,0.0,0.32,0.0,0,0,0,37,21,-1,-1,0.0
stage1c_single_agent_small,3,2,129281,2773,1,100,100,1,0,71.17549133300781,4.0,4.0,1.0,0.24,0.0,0,0,0,21,9,21,12,0.047619047619047616
stage1c_single_agent_small,3,2,129293,2774,1,100,100,1,0,31.606496810913086,4.0,4.0,0.0,0.16,0.0,0,0,0,12,8,-1,-1,0.0
stage1c_single_agent_small,3,2,129325,2775,1,100,100,1,0,31.859445571899414,4.0,4.0,0.0,0.24,0.0,0,0,0,32,18,-1,-1,0.0
stage1c_single_agent_small,3,2,129355,2776,1,100,100,1,0,71.58566284179688,4.0,4.0,1.0,0.32,0.0,0,0,0,30,25,25,0,0.03333333333333333
stage1c_single_agent_small,3,2,129378,2777,1,100,100,1,0,31.685447692871094,4.0,4.0,0.0,0.2,0.0,0,0,0,23,18,-1,-1,0.0
stage1c_single_agent_small,3,2,129405,2778,1,100,100,1,0,31.054367065429688,4.0,4.0,0.0,0.12,0.0,0,0,0,27,23,-1,-1,0.0
stage1c_single_agent_small,3,2,129428,2779,1,100,100,1,0,31.328603744506836,4.0,4.0,0.0,0.2,0.0,0,0,0,23,16,-1,-1,0.0
stage1c_single_agent_small,3,2,129478,2780,1,100,100,1,0,29.74106788635254,4.0,4.0,0.0,0.28,0.0,0,0,0,50,43,-1,-1,0.0
stage1c_single_agent_small,3,2,129496,2781,1,100,100,1,0,30.53373908996582,4.0,4.0,0.0,0.08,0.0,0,0,0,18,13,-1,-1,0.0
stage1c_single_agent_small,3,2,129513,2782,1,100,100,1,0,31.93096160888672,4.0,4.0,0.0,0.16,0.0,0,0,0,17,9,-1,-1,0.0
stage1c_single_agent_small,3,2,129531,2783,1,100,100,1,0,31.379323959350586,4.0,4.0,0.0,0.2,0.0,0,0,0,18,13,-1,-1,0.0
stage1c_single_agent_small,3,2,129590,2784,1,100,100,1,0,112.25588989257812,4.0,4.0,2.0,0.36,0.0,0,0,0,59,23,24,1,0.03389830508474576
stage1c_single_agent_small,3,2,129609,2785,1,100,100,1,0,31.321725845336914,4.0,4.0,0.0,0.2,0.0,0,0,0,19,14,-1,-1,0.0
stage1c_single_agent_small,3,2,129639,2786,1,100,100,1,0,71.38067626953125,4.0,4.0,1.0,0.28,0.0,0,0,0,30,26,26,0,0.03333333333333333
stage1c_single_agent_small,3,2,129663,2787,1,100,100,1,0,30.484582901000977,4.0,4.0,0.0,0.12,0.0,0,0,0,24,4,-1,-1,0.0
stage1c_single_agent_small,3,2,129689,2788,1,100,100,1,0,32.28425598144531,4.0,4.0,0.0,0.16,0.0,0,0,0,26,14,-1,-1,0.0
stage1c_single_agent_small,3,2,129728,2789,1,100,100,1,0,31.424327850341797,4.0,4.0,0.0,0.24,0.0,0,0,0,39,6,-1,-1,0.0
stage1c_single_agent_small,3,2,129779,2790,1,100,100,1,0,31.544130325317383,4.0,4.0,0.0,0.28,0.0,0,0,0,51,22,-1,-1,0.0
stage1c_single_agent_small,3,2,129792,2791,1,100,100,1,0,31.63128662109375,4.0,4.0,0.0,0.2,0.0,0,0,0,13,9,-1,-1,0.0
stage1c_single_agent_small,3,2,129806,2792,1,100,100,1,0,31.4025936126709,4.0,4.0,0.0,0.2,0.0,0,0,0,14,10,-1,-1,0.0
stage1c_single_agent_small,3,2,129814,2793,1,100,100,1,0,31.9881649017334,4.0,4.0,0.0,0.08,0.0,0,0,0,8,2,-1,-1,0.0
stage1c_single_agent_small,3,2,129848,2794,1,100,100,1,0,31.07778549194336,4.0,4.0,0.0,0.24,0.0,0,0,0,34,25,-1,-1,0.0
stage1c_single_agent_small,3,2,129872,2795,1,100,100,1,0,31.388463973999023,4.0,4.0,0.0,0.24,0.0,0,0,0,24,20,-1,-1,0.0
stage1c_single_agent_small,3,2,129896,2796,1,100,100,1,0,32.10953903198242,4.0,4.0,0.0,0.2,0.0,0,0,0,24,10,-1,-1,0.0
stage1c_single_agent_small,3,2,129917,2797,1,100,100,1,0,71.95524597167969,4.0,4.0,1.0,0.16,0.0,0,0,0,21,8,21,13,0.047619047619047616
stage1c_single_agent_small,3,2,129937,2798,1,100,100,1,0,71.37258911132812,4.0,4.0,1.0,0.24,0.0,0,0,0,20,16,16,0,0.05
stage1c_single_agent_small,3,2,129964,2799,1,100,100,1,0,32.321678161621094,4.0,4.0,0.0,0.2,0.0,0,0,0,27,13,-1,-1,0.0
stage1c_single_agent_small,3,2,129999,2800,1,100,100,1,0,29.848983764648438,4.0,4.0,0.0,0.16,0.0,0,0,0,35,31,-1,-1,0.0
stage1c_single_agent_small,3,2,130041,2801,1,100,100,1,0,31.228736877441406,4.0,4.0,0.0,0.24,0.0,0,0,0,42,27,-1,-1,0.0
stage1c_single_agent_small,3,2,130089,2802,1,100,100,1,0,32.05461120605469,4.0,4.0,0.0,0.28,0.0,0,0,0,48,24,-1,-1,0.0
stage1c_single_agent_small,3,2,130116,2803,1,100,100,1,0,191.74789428710938,4.0,4.0,4.0,0.32,0.0,0,0,0,27,24,24,0,0.14814814814814814
stage1c_single_agent_small,3,2,130156,2804,1,100,100,1,0,29.534135818481445,4.0,4.0,0.0,0.28,0.0,0,0,0,40,35,-1,-1,0.0
stage1c_single_agent_small,3,2,130192,2805,1,100,100,1,0,32.064613342285156,4.0,4.0,0.0,0.24,0.0,0,0,0,36,22,-1,-1,0.0
stage1c_single_agent_small,3,2,130219,2806,1,100,100,1,0,191.07952880859375,4.0,4.0,4.0,0.2,0.0,0,0,0,27,24,24,0,0.14814814814814814
stage1c_single_agent_small,3,2,130232,2807,1,100,100,1,0,31.936708450317383,4.0,4.0,0.0,0.12,0.0,0,0,0,13,7,-1,-1,0.0
stage1c_single_agent_small,3,2,130300,2808,1,100,100,1,0,32.086273193359375,4.0,4.0,0.0,0.24,0.0,0,0,0,68,17,-1,-1,0.0
stage1c_single_agent_small,3,2,130337,2809,1,100,100,1,0,30.90656852722168,4.0,4.0,0.0,0.32,0.0,0,0,0,37,31,-1,-1,0.0
stage1c_single_agent_small,3,2,130355,2810,1,100,100,1,0,32.18032455444336,4.0,4.0,0.0,0.2,0.0,0,0,0,18,3,-1,-1,0.0
stage1c_single_agent_small,3,2,130373,2811,1,100,100,1,0,32.126956939697266,4.0,4.0,0.0,0.16,0.0,0,0,0,18,14,-1,-1,0.0
stage1c_single_agent_small,3,2,130392,2812,1,100,100,1,0,30.342769622802734,4.0,4.0,0.0,0.12,0.0,0,0,0,19,8,-1,-1,0.0
stage1c_single_agent_small,3,2,130425,2813,1,100,100,1,0,32.0992546081543,4.0,4.0,0.0,0.24,0.0,0,0,0,33,19,-1,-1,0.0
stage1c_single_agent_small,3,2,130443,2814,1,100,100,1,0,31.452749252319336,4.0,4.0,0.0,0.12,0.0,0,0,0,18,10,-1,-1,0.0
stage1c_single_agent_small,3,2,130450,2815,1,100,100,1,0,32.011131286621094,4.0,4.0,0.0,0.12,0.0,0,0,0,7,3,-1,-1,0.0
stage1c_single_agent_small,3,2,130472,2816,1,100,100,1,0,31.298044204711914,4.0,4.0,0.0,0.12,0.0,0,0,0,22,18,-1,-1,0.0
stage1c_single_agent_small,3,2,130497,2817,1,100,100,1,0,31.32425308227539,4.0,4.0,0.0,0.2,0.0,0,0,0,25,20,-1,-1,0.0
stage1c_single_agent_small,3,2,130538,2818,1,100,100,1,0,32.074485778808594,4.0,4.0,0.0,0.28,0.0,0,0,0,41,27,-1,-1,0.0
stage1c_single_agent_small,3,2,130553,2819,1,100,100,1,0,151.76068115234375,4.0,4.0,3.0,0.16,0.0,0,0,0,15,3,4,1,0.2
stage1c_single_agent_small,3,2,130580,2820,1,100,100,1,0,31.54741096496582,4.0,4.0,0.0,0.24,0.0,0,0,0,27,18,-1,-1,0.0
stage1c_single_agent_small,3,2,130596,2821,1,100,100,1,0,32.331321716308594,4.0,4.0,0.0,0.12,0.0,0,0,0,16,6,-1,-1,0.0
stage1c_single_agent_small,3,2,130649,2822,1,100,100,1,0,32.06862258911133,4.0,4.0,0.0,0.36,0.0,0,0,0,53,39,-1,-1,0.0
stage1c_single_agent_small,3,2,130665,2823,1,100,100,1,0,31.930097579956055,4.0,4.0,0.0,0.16,0.0,0,0,0,16,12,-1,-1,0.0
stage1c_single_agent_small,3,2,130690,2824,1,100,100,1,0,30.954225540161133,4.0,4.0,0.0,0.2,0.0,0,0,0,25,9,-1,-1,0.0
stage1c_single_agent_small,3,2,130701,2825,1,100,100,1,0,31.99778938293457,4.0,4.0,0.0,0.12,0.0,0,0,0,11,5,-1,-1,0.0
stage1c_single_agent_small,3,2,130719,2826,1,100,100,1,0,31.140348434448242,4.0,4.0,0.0,0.16,0.0,0,0,0,18,13,-1,-1,0.0
stage1c_single_agent_small,3,2,130741,2827,1,100,100,1,0,30.979198455810547,4.0,4.0,0.0,0.2,0.0,0,0,0,22,16,-1,-1,0.0
stage1c_single_agent_small,3,2,130779,2828,1,100,100,1,0,31.746095657348633,4.0,4.0,0.0,0.36,0.0,0,0,0,38,21,-1,-1,0.0
stage1c_single_agent_small,3,2,130822,2829,1,100,100,1,0,30.77606773376465,4.0,4.0,0.0,0.2,0.0,0,0,0,43,20,-1,-1,0.0
stage1c_single_agent_small,3,2,130836,2830,1,100,100,1,0,31.331138610839844,4.0,4.0,0.0,0.08,0.0,0,0,0,14,10,-1,-1,0.0
stage1c_single_agent_small,3,2,130874,2831,1,100,100,1,0,31.796693801879883,4.0,4.0,0.0,0.24,0.0,0,0,0,38,34,-1,-1,0.0
stage1c_single_agent_small,3,2,130897,2832,1,100,100,1,0,31.326629638671875,4.0,4.0,0.0,0.2,0.0,0,0,0,23,16,-1,-1,0.0
stage1c_single_agent_small,3,2,130918,2833,1,100,100,1,0,191.7083282470703,4.0,4.0,4.0,0.24,0.0,0,0,0,21,17,17,0,0.19047619047619047
stage1c_single_agent_small,3,2,130950,2834,1,100,100,1,0,72.07962799072266,4.0,4.0,1.0,0.28,0.0,0,0,0,32,9,30,21,0.03125
stage1c_single_agent_small,3,2,130985,2835,1,100,100,1,0,31.661693572998047,4.0,4.0,0.0,0.16,0.0,0,0,0,35,12,-1,-1,0.0
stage1c_single_agent_small,3,2,131009,2836,1,100,100,1,0,72.35491180419922,4.0,4.0,1.0,0.28,0.0,0,0,0,24,11,24,13,0.041666666666666664
stage1c_single_agent_small,3,2,131044,2837,1,100,100,1,0,31.781757354736328,4.0,4.0,0.0,0.2,0.0,0,0,0,35,27,-1,-1,0.0
stage1c_single_agent_small,3,2,131054,2838,1,100,100,1,0,32.187076568603516,4.0,4.0,0.0,0.12,0.0,0,0,0,10,6,-1,-1,0.0
stage1c_single_agent_small,3,2,131078,2839,1,100,100,1,0,31.674346923828125,4.0,4.0,0.0,0.12,0.0,0,0,0,24,3,-1,-1,0.0
stage1c_single_agent_small,3,2,131104,2840,1,100,100,1,0,31.270748138427734,4.0,4.0,0.0,0.16,0.0,0,0,0,26,20,-1,-1,0.0
stage1c_single_agent_small,3,2,131122,2841,1,100,100,1,0,31.746726989746094,4.0,4.0,0.0,0.16,0.0,0,0,0,18,10,-1,-1,0.0
stage1c_single_agent_small,3,2,131141,2842,1,100,100,1,0,30.573009490966797,4.0,4.0,0.0,0.2,0.0,0,0,0,19,13,-1,-1,0.0
stage1c_single_agent_small,3,2,131178,2843,1,100,100,1,0,32.739601135253906,4.0,4.0,0.0,0.4,0.0,0,0,0,37,26,-1,-1,0.0
stage1c_single_agent_small,3,2,131186,2844,1,100,100,1,0,31.59848976135254,4.0,4.0,0.0,0.12,0.0,0,0,0,8,3,-1,-1,0.0
stage1c_single_agent_small,3,2,131201,2845,1,100,100,1,0,32.20227813720703,4.0,4.0,0.0,0.2,0.0,0,0,0,15,11,-1,-1,0.0
stage1c_single_agent_small,3,2,131249,2846,1,100,100,1,0,112.63978576660156,4.0,4.0,2.0,0.28,0.0,0,0,0,48,25,37,12,0.041666666666666664
stage1c_single_agent_small,3,2,131277,2847,1,100,100,1,0,151.06646728515625,4.0,4.0,3.0,0.16,0.0,0,0,0,28,20,21,1,0.10714285714285714
stage1c_single_agent_small,3,2,131294,2848,1,100,100,1,0,72.16377258300781,4.0,4.0,1.0,0.16,0.0,0,0,0,17,14,17,3,0.058823529411764705
stage1c_single_agent_small,3,2,131308,2849,1,100,100,1,0,32.16423797607422,4.0,4.0,0.0,0.16,0.0,0,0,0,14,10,-1,-1,0.0
stage1c_single_agent_small,3,2,131337,2850,1,100,100,1,0,71.94615173339844,4.0,4.0,1.0,0.24,0.0,0,0,0,29,23,23,0,0.034482758620689655
stage1c_single_agent_small,3,2,131377,2851,1,100,100,1,0,31.220108032226562,4.0,4.0,0.0,0.24,0.0,0,0,0,40,32,-1,-1,0.0
stage1c_single_agent_small,3,2,131402,2852,1,100,100,1,0,32.127376556396484,4.0,4.0,0.0,0.24,0.0,0,0,0,25,3,-1,-1,0.0
stage1c_single_agent_small,3,2,131465,2853,1,100,100,1,0,152.3675079345703,4.0,4.0,3.0,0.36,0.0,0,0,0,63,38,38,0,0.047619047619047616
stage1c_single_agent_small,3,2,131487,2854,1,100,100,1,0,30.118249893188477,4.0,4.0,0.0,0.12,0.0,0,0,0,22,15,-1,-1,0.0
stage1c_single_agent_small,3,2,131507,2855,1,100,100,1,0,151.96119689941406,4.0,4.0,3.0,0.24,0.0,0,0,0,20,16,16,0,0.15
stage1c_single_agent_small,3,2,131546,2856,1,100,100,1,0,31.532278060913086,4.0,4.0,0.0,0.16,0.0,0,0,0,39,20,-1,-1,0.0
stage1c_single_agent_small,3,2,131567,2857,1,100,100,1,0,31.19565773010254,4.0,4.0,0.0,0.24,0.0,0,0,0,21,9,-1,-1,0.0
stage1c_single_agent_small,3,2,131598,2858,1,100,100,1,0,32.32033920288086,4.0,4.0,0.0,0.2,0.0,0,0,0,31,16,-1,-1,0.0
stage1c_single_agent_small,3,2,131626,2859,1,100,100,1,0,31.42601203918457,4.0,4.0,0.0,0.36,0.0,0,0,0,28,22,-1,-1,0.0
stage1c_single_agent_small,3,2,131662,2860,1,100,100,1,0,30.96382713317871,4.0,4.0,0.0,0.16,0.0,0,0,0,36,15,-1,-1,0.0
stage1c_single_agent_small,3,2,131683,2861,1,100,100,1,0,31.30776023864746,4.0,4.0,0.0,0.16,0.0,0,0,0,21,17,-1,-1,0.0
stage1c_single_agent_small,3,2,131711,2862,1,100,100,1,0,31.150978088378906,4.0,4.0,0.0,0.28,0.0,0,0,0,28,19,-1,-1,0.0
stage1c_single_agent_small,3,2,131732,2863,1,100,100,1,0,31.723268508911133,4.0,4.0,0.0,0.2,0.0,0,0,0,21,16,-1,-1,0.0
stage1c_single_agent_small,3,2,131760,2864,1,100,100,1,0,30.76900291442871,4.0,4.0,0.0,0.08,0.0,0,0,0,28,10,-1,-1,0.0
stage1c_single_agent_small,3,2,131772,2865,1,100,100,1,0,111.78026580810547,4.0,4.0,2.0,0.12,0.0,0,0,0,12,5,8,3,0.16666666666666666
stage1c_single_agent_small,3,2,131804,2866,1,100,100,1,0,30.856664657592773,4.0,4.0,0.0,0.2,0.0,0,0,0,32,7,-1,-1,0.0
stage1c_single_agent_small,3,2,131841,2867,1,100,100,1,0,29.348960876464844,4.0,4.0,0.0,0.24,0.0,0,0,0,37,31,-1,-1,0.0
stage1c_single_agent_small,3,2,131855,2868,1,100,100,1,0,30.751907348632812,4.0,4.0,0.0,0.08,0.0,0,0,0,14,6,-1,-1,0.0
stage1c_single_agent_small,3,2,131888,2869,1,100,100,1,0,32.56568145751953,4.0,4.0,0.0,0.36,0.0,0,0,0,33,25,-1,-1,0.0
stage1c_single_agent_small,3,2,131934,2870,1,100,100,1,0,32.11037063598633,4.0,4.0,0.0,0.24,0.0,0,0,0,46,10,-1,-1,0.0
stage1c_single_agent_small,3,2,131962,2871,1,100,100,1,0,31.484811782836914,4.0,4.0,0.0,0.24,0.0,0,0,0,28,17,-1,-1,0.0
stage1c_single_agent_small,3,2,131973,2872,1,100,100,1,0,32.00491714477539,4.0,4.0,0.0,0.12,0.0,0,0,0,11,7,-1,-1,0.0
stage1c_single_agent_small,3,2,131998,2873,1,100,100,1,0,31.15211296081543,4.0,4.0,0.0,0.2,0.0,0,0,0,25,12,-1,-1,0.0
stage1c_single_agent_small,3,2,132011,2874,1,100,100,1,0,31.14417266845703,4.0,4.0,0.0,0.08,0.0,0,0,0,13,7,-1,-1,0.0
stage1c_single_agent_small,3,2,132058,2875,1,100,100,1,0,31.656829833984375,4.0,4.0,0.0,0.32,0.0,0,0,0,47,40,-1,-1,0.0
stage1c_single_agent_small,3,2,132082,2876,1,100,100,1,0,31.22414779663086,4.0,4.0,0.0,0.08,0.0,0,0,0,24,19,-1,-1,0.0
stage1c_single_agent_small,3,2,132109,2877,1,100,100,1,0,30.151092529296875,4.0,4.0,0.0,0.24,0.0,0,0,0,27,20,-1,-1,0.0
stage1c_single_agent_small,3,2,132119,2878,1,100,100,1,0,31.171173095703125,4.0,4.0,0.0,0.12,0.0,0,0,0,10,4,-1,-1,0.0
stage1c_single_agent_small,3,2,132167,2879,1,100,100,1,0,32.160301208496094,4.0,4.0,0.0,0.24,0.0,0,0,0,48,30,-1,-1,0.0
stage1c_single_agent_small,3,2,132237,2880,1,100,100,1,0,32.51239013671875,4.0,4.0,0.0,0.36,0.0,0,0,0,70,51,-1,-1,0.0
stage1c_single_agent_small,3,2,132251,2881,1,100,100,1,0,31.144643783569336,4.0,4.0,0.0,0.08,0.0,0,0,0,14,8,-1,-1,0.0
stage1c_single_agent_small,3,2,132299,2882,1,100,100,1,0,31.59228515625,4.0,4.0,0.0,0.28,0.0,0,0,0,48,15,-1,-1,0.0
stage1c_single_agent_small,3,2,132334,2883,1,100,100,1,0,32.32140350341797,4.0,4.0,0.0,0.32,0.0,0,0,0,35,23,-1,-1,0.0
stage1c_single_agent_small,3,2,132384,2884,1,100,100,1,0,31.84693717956543,4.0,4.0,0.0,0.4,0.0,0,0,0,50,46,-1,-1,0.0
stage1c_single_agent_small,3,2,132415,2885,1,100,100,1,0,32.23243713378906,4.0,4.0,0.0,0.2,0.0,0,0,0,31,17,-1,-1,0.0
stage1c_single_agent_small,3,2,132454,2886,1,100,100,1,0,30.47338104248047,4.0,4.0,0.0,0.24,0.0,0,0,0,39,23,-1,-1,0.0
stage1c_single_agent_small,3,2,132471,2887,1,100,100,1,0,32.0772819519043,4.0,4.0,0.0,0.12,0.0,0,0,0,17,13,-1,-1,0.0
stage1c_single_agent_small,3,2,132513,2888,1,100,100,1,0,32.64954376220703,4.0,4.0,0.0,0.24,0.0,0,0,0,42,38,-1,-1,0.0
stage1c_single_agent_small,3,2,132537,2889,1,100,100,1,0,31.117671966552734,4.0,4.0,0.0,0.16,0.0,0,0,0,24,12,-1,-1,0.0
stage1c_single_agent_small,3,2,132553,2890,1,100,100,1,0,31.29230308532715,4.0,4.0,0.0,0.08,0.0,0,0,0,16,8,-1,-1,0.0
stage1c_single_agent_small,3,2,132581,2891,1,100,100,1,0,191.54061889648438,4.0,4.0,4.0,0.32,0.0,0,0,0,28,24,24,0,0.14285714285714285
stage1c_single_agent_small,3,2,132605,2892,1,100,100,1,0,30.359407424926758,4.0,4.0,0.0,0.2,0.0,0,0,0,24,9,-1,-1,0.0
stage1c_single_agent_small,3,2,132629,2893,1,100,100,1,0,30.854333877563477,4.0,4.0,0.0,0.12,0.0,0,0,0,24,17,-1,-1,0.0
stage1c_single_agent_small,3,2,132641,2894,1,100,100,1,0,31.330358505249023,4.0,4.0,0.0,0.08,0.0,0,0,0,12,6,-1,-1,0.0
stage1c_single_agent_small,3,2,132669,2895,1,100,100,1,0,31.529314041137695,4.0,4.0,0.0,0.2,0.0,0,0,0,28,24,-1,-1,0.0
stage1c_single_agent_small,3,2,132735,2896,1,100,100,1,0,32.5239143371582,4.0,4.0,0.0,0.36,0.0,0,0,0,66,41,-1,-1,0.0
stage1c_single_agent_small,3,2,132751,2897,1,100,100,1,0,31.79981231689453,4.0,4.0,0.0,0.2,0.0,0,0,0,16,12,-1,-1,0.0
stage1c_single_agent_small,3,2,132780,2898,1,100,100,1,0,31.35986328125,4.0,4.0,0.0,0.28,0.0,0,0,0,29,21,-1,-1,0.0
stage1c_single_agent_small,3,2,132807,2899,1,100,100,1,0,30.90837860107422,4.0,4.0,0.0,0.24,0.0,0,0,0,27,23,-1,-1,0.0
stage1c_single_agent_small,3,2,132835,2900,1,100,100,1,0,30.210739135742188,4.0,4.0,0.0,0.12,0.0,0,0,0,28,9,-1,-1,0.0
stage1c_single_agent_small,3,2,132866,2901,1,100,100,1,0,31.651052474975586,4.0,4.0,0.0,0.2,0.0,0,0,0,31,19,-1,-1,0.0
stage1c_single_agent_small,3,2,132889,2902,1,100,100,1,0,30.763431549072266,4.0,4.0,0.0,0.2,0.0,0,0,0,23,8,-1,-1,0.0
stage1c_single_agent_small,3,2,132904,2903,1,100,100,1,0,31.38141441345215,4.0,4.0,0.0,0.2,0.0,0,0,0,15,11,-1,-1,0.0
stage1c_single_agent_small,3,2,132922,2904,1,100,100,1,0,30.335155487060547,4.0,4.0,0.0,0.16,0.0,0,0,0,18,10,-1,-1,0.0
stage1c_single_agent_small,3,2,132954,2905,1,100,100,1,0,32.251670837402344,4.0,4.0,0.0,0.2,0.0,0,0,0,32,21,-1,-1,0.0
stage1c_single_agent_small,3,2,132981,2906,1,100,100,1,0,31.470308303833008,4.0,4.0,0.0,0.16,0.0,0,0,0,27,23,-1,-1,0.0
stage1c_single_agent_small,3,2,132996,2907,1,100,100,1,0,30.72648048400879,4.0,4.0,0.0,0.08,0.0,0,0,0,15,8,-1,-1,0.0
stage1c_single_agent_small,3,2,133011,2908,1,100,100,1,0,30.356948852539062,4.0,4.0,0.0,0.12,0.0,0,0,0,15,8,-1,-1,0.0
stage1c_single_agent_small,3,2,133029,2909,1,100,100,1,0,32.184844970703125,4.0,4.0,0.0,0.2,0.0,0,0,0,18,4,-1,-1,0.0
stage1c_single_agent_small,3,2,133079,2910,1,100,100,1,0,32.60358428955078,4.0,4.0,0.0,0.32,0.0,0,0,0,50,35,-1,-1,0.0
stage1c_single_agent_small,3,2,133117,2911,1,100,100,1,0,31.125286102294922,4.0,4.0,0.0,0.32,0.0,0,0,0,38,33,-1,-1,0.0
stage1c_single_agent_small,3,2,133140,2912,1,100,100,1,0,191.09414672851562,4.0,4.0,4.0,0.12,0.0,0,0,0,23,19,20,1,0.17391304347826086
stage1c_single_agent_small,3,2,133160,2913,1,100,100,1,0,31.336545944213867,4.0,4.0,0.0,0.12,0.0,0,0,0,20,16,-1,-1,0.0
stage1c_single_agent_small,3,2,133201,2914,1,100,100,1,0,31.83943748474121,4.0,4.0,0.0,0.28,0.0,0,0,0,41,27,-1,-1,0.0
stage1c_single_agent_small,3,2,133248,2915,1,100,100,1,0,112.42971801757812,4.0,4.0,2.0,0.32,0.0,0,0,0,47,20,21,1,0.0425531914893617
stage1c_single_agent_small,3,2,133257,2916,1,100,100,1,0,31.537029266357422,4.0,4.0,0.0,0.12,0.0,0,0,0,9,4,-1,-1,0.0
stage1c_single_agent_small,3,2,133276,2917,1,100,100,1,0,32.16868591308594,4.0,4.0,0.0,0.28,0.0,0,0,0,19,15,-1,-1,0.0
stage1c_single_agent_small,3,2,133295,2918,1,100,100,1,0,31.682647705078125,4.0,4.0,0.0,0.12,0.0,0,0,0,19,13,-1,-1,0.0
stage1c_single_agent_small,3,2,133333,2919,1,100,100,1,0,152.33474731445312,4.0,4.0,3.0,0.36,0.0,0,0,0,38,35,36,1,0.07894736842105263
stage1c_single_agent_small,3,2,133366,2920,1,100,100,1,0,30.77637481689453,4.0,4.0,0.0,0.12,0.0,0,0,0,33,3,-1,-1,0.0
stage1c_single_agent_small,3,2,133405,2921,1,100,100,1,0,31.860239028930664,4.0,4.0,0.0,0.28,0.0,0,0,0,39,18,-1,-1,0.0
stage1c_single_agent_small,3,2,133436,2922,1,100,100,1,0,30.189231872558594,4.0,4.0,0.0,0.32,0.0,0,0,0,31,13,-1,-1,0.0
stage1c_single_agent_small,3,2,133463,2923,1,100,100,1,0,31.8709659576416,4.0,4.0,0.0,0.2,0.0,0,0,0,27,17,-1,-1,0.0
stage1c_single_agent_small,3,2,133485,2924,1,100,100,1,0,152.0823974609375,4.0,4.0,3.0,0.16,0.0,0,0,0,22,16,17,1,0.13636363636363635
stage1c_single_agent_small,3,2,133499,2925,1,100,100,1,0,32.18354797363281,4.0,4.0,0.0,0.2,0.0,0,0,0,14,10,-1,-1,0.0
stage1c_single_agent_small,3,2,133541,2926,1,100,100,1,0,32.13906478881836,4.0,4.0,0.0,0.44,0.0,0,0,0,42,38,-1,-1,0.0
stage1c_single_agent_small,3,2,133567,2927,1,100,100,1,0,29.69442367553711,4.0,4.0,0.0,0.12,0.0,0,0,0,26,12,-1,-1,0.0
stage1c_single_agent_small,3,2,133579,2928,1,100,100,1,0,31.524198532104492,4.0,4.0,0.0,0.12,0.0,0,0,0,12,7,-1,-1,0.0
stage1c_single_agent_small,3,2,133596,2929,1,100,100,1,0,31.27066421508789,4.0,4.0,0.0,0.12,0.0,0,0,0,17,12,-1,-1,0.0
stage1c_single_agent_small,3,2,133608,2930,1,100,100,1,0,32.06544876098633,4.0,4.0,0.0,0.24,0.0,0,0,0,12,8,-1,-1,0.0
stage1c_single_agent_small,3,2,133628,2931,1,100,100,1,0,29.913429260253906,4.0,4.0,0.0,0.12,0.0,0,0,0,20,12,-1,-1,0.0
stage1c_single_agent_small,3,2,133660,2932,1,100,100,1,0,30.115646362304688,4.0,4.0,0.0,0.2,0.0,0,0,0,32,8,-1,-1,0.0
stage1c_single_agent_small,3,2,133712,2933,1,100,100,1,0,30.989425659179688,4.0,4.0,0.0,0.4,0.0,0,0,0,52,48,-1,-1,0.0
stage1c_single_agent_small,3,2,133739,2934,1,100,100,1,0,31.81795883178711,4.0,4.0,0.0,0.12,0.0,0,0,0,27,23,-1,-1,0.0
stage1c_single_agent_small,3,2,133757,2935,1,100,100,1,0,31.566020965576172,4.0,4.0,0.0,0.2,0.0,0,0,0,18,6,-1,-1,0.0
stage1c_single_agent_small,3,2,133782,2936,1,100,100,1,0,31.80718231201172,4.0,4.0,0.0,0.12,0.0,0,0,0,25,19,-1,-1,0.0
stage1c_single_agent_small,3,2,133816,2937,1,100,100,1,0,32.33829879760742,4.0,4.0,0.0,0.32,0.0,0,0,0,34,22,-1,-1,0.0
stage1c_single_agent_small,3,2,133831,2938,1,100,100,1,0,32.17955017089844,4.0,4.0,0.0,0.2,0.0,0,0,0,15,11,-1,-1,0.0
stage1c_single_agent_small,3,2,133843,2939,1,100,100,1,0,32.05805587768555,4.0,4.0,0.0,0.24,0.0,0,0,0,12,8,-1,-1,0.0
stage1c_single_agent_small,3,2,133870,2940,1,100,100,1,0,111.41500854492188,4.0,4.0,2.0,0.32,0.0,0,0,0,27,12,12,0,0.07407407407407407
stage1c_single_agent_small,3,2,133888,2941,1,100,100,1,0,151.81019592285156,4.0,4.0,3.0,0.24,0.0,0,0,0,18,6,16,10,0.16666666666666666
stage1c_single_agent_small,3,2,133925,2942,1,100,100,1,0,31.683284759521484,4.0,4.0,0.0,0.36,0.0,0,0,0,37,24,-1,-1,0.0
stage1c_single_agent_small,3,2,133955,2943,1,100,100,1,0,30.85433006286621,4.0,4.0,0.0,0.24,0.0,0,0,0,30,26,-1,-1,0.0
stage1c_single_agent_small,3,2,133990,2944,1,100,100,1,0,31.734994888305664,4.0,4.0,0.0,0.32,0.0,0,0,0,35,22,-1,-1,0.0
stage1c_single_agent_small,3,2,134009,2945,1,100,100,1,0,31.676055908203125,4.0,4.0,0.0,0.12,0.0,0,0,0,19,15,-1,-1,0.0
stage1c_single_agent_small,3,2,134025,2946,1,100,100,1,0,191.74179077148438,4.0,4.0,4.0,0.2,0.0,0,0,0,16,12,13,1,0.25
stage1c_single_agent_small,3,2,134052,2947,1,100,100,1,0,32.29475402832031,4.0,4.0,0.0,0.2,0.0,0,0,0,27,23,-1,-1,0.0
stage1c_single_agent_small,3,2,134069,2948,1,100,100,1,0,111.36939239501953,4.0,4.0,2.0,0.16,0.0,0,0,0,17,13,13,0,0.11764705882352941
stage1c_single_agent_small,3,2,134093,2949,1,100,100,1,0,31.84280776977539,4.0,4.0,0.0,0.24,0.0,0,0,0,24,17,-1,-1,0.0
stage1c_single_agent_small,3,2,134119,2950,1,100,100,1,0,31.847232818603516,4.0,4.0,0.0,0.16,0.0,0,0,0,26,3,-1,-1,0.0
stage1c_single_agent_small,3,2,134149,2951,1,100,100,1,0,112.2817611694336,4.0,4.0,2.0,0.2,0.0,0,0,0,30,17,17,0,0.06666666666666667
stage1c_single_agent_small,3,2,134163,2952,1,100,100,1,0,31.1994686126709,4.0,4.0,0.0,0.2,0.0,0,0,0,14,10,-1,-1,0.0
stage1c_single_agent_small,3,2,134195,2953,1,100,100,1,0,70.8097152709961,4.0,4.0,1.0,0.28,0.0,0,0,0,32,26,26,0,0.03125
stage1c_single_agent_small,3,2,134214,2954,1,100,100,1,0,31.380020141601562,4.0,4.0,0.0,0.2,0.0,0,0,0,19,15,-1,-1,0.0
stage1c_single_agent_small,3,2,134256,2955,1,100,100,1,0,30.28639793395996,4.0,4.0,0.0,0.36,0.0,0,0,0,42,23,-1,-1,0.0
stage1c_single_agent_small,3,2,134264,2956,1,100,100,1,0,31.178699493408203,4.0,4.0,0.0,0.12,0.0,0,0,0,8,2,-1,-1,0.0
stage1c_single_agent_small,3,2,134288,2957,1,100,100,1,0,71.82720184326172,4.0,4.0,1.0,0.16,0.0,0,0,0,24,19,20,1,0.041666666666666664
stage1c_single_agent_small,3,2,134309,2958,1,100,100,1,0,32.14674377441406,4.0,4.0,0.0,0.2,0.0,0,0,0,21,17,-1,-1,0.0
stage1c_single_agent_small,3,2,134449,2959,1,100,100,1,0,2.2853376865386963,0.0,0.0,0.0,0.28,0.0,0,0,4,140,-1,-1,-1,0.0
stage1c_single_agent_small,3,2,134463,2960,1,100,100,1,0,32.14427185058594,4.0,4.0,0.0,0.16,0.0,0,0,0,14,10,-1,-1,0.0
stage1c_single_agent_small,3,2,134479,2961,1,100,100,1,0,32.34457015991211,4.0,4.0,0.0,0.16,0.0,0,0,0,16,12,-1,-1,0.0
stage1c_single_agent_small,3,2,134495,2962,1,100,100,1,0,30.755203247070312,4.0,4.0,0.0,0.12,0.0,0,0,0,16,9,-1,-1,0.0
stage1c_single_agent_small,3,2,134511,2963,1,100,100,1,0,31.615379333496094,4.0,4.0,0.0,0.2,0.0,0,0,0,16,7,-1,-1,0.0
stage1c_single_agent_small,3,2,134531,2964,1,100,100,1,0,31.246824264526367,4.0,4.0,0.0,0.12,0.0,0,0,0,20,14,-1,-1,0.0
stage1c_single_agent_small,3,2,134580,2965,1,100,100,1,0,152.13536071777344,4.0,4.0,3.0,0.24,0.0,0,0,0,49,27,27,0,0.061224489795918366
stage1c_single_agent_small,3,2,134618,2966,1,100,100,1,0,32.67530059814453,4.0,4.0,0.0,0.24,0.0,0,0,0,38,24,-1,-1,0.0
stage1c_single_agent_small,3,2,134647,2967,1,100,100,1,0,29.72342872619629,4.0,4.0,0.0,0.2,0.0,0,0,0,29,22,-1,-1,0.0
stage1c_single_agent_small,3,2,134677,2968,1,100,100,1,0,192.12254333496094,4.0,4.0,4.0,0.2,0.0,0,0,0,30,9,9,0,0.13333333333333333
stage1c_single_agent_small,3,2,134696,2969,1,100,100,1,0,31.916969299316406,4.0,4.0,0.0,0.16,0.0,0,0,0,19,5,-1,-1,0.0
stage1c_single_agent_small,3,2,134719,2970,1,100,100,1,0,31.130170822143555,4.0,4.0,0.0,0.2,0.0,0,0,0,23,19,-1,-1,0.0
stage1c_single_agent_small,3,2,134735,2971,1,100,100,1,0,31.725147247314453,4.0,4.0,0.0,0.12,0.0,0,0,0,16,8,-1,-1,0.0
stage1c_single_agent_small,3,2,134763,2972,1,100,100,1,0,70.96109771728516,4.0,4.0,1.0,0.24,0.0,0,0,0,28,15,15,0,0.03571428571428571
stage1c_single_agent_small,3,2,134779,2973,1,100,100,1,0,32.15719223022461,4.0,4.0,0.0,0.16,0.0,0,0,0,16,12,-1,-1,0.0
stage1c_single_agent_small,3,2,134801,2974,1,100,100,1,0,31.02792739868164,4.0,4.0,0.0,0.16,0.0,0,0,0,22,11,-1,-1,0.0
stage1c_single_agent_small,3,2,134826,2975,1,100,100,1,0,31.360811233520508,4.0,4.0,0.0,0.28,0.0,0,0,0,25,12,-1,-1,0.0
stage1c_single_agent_small,3,2,134848,2976,1,100,100,1,0,30.061721801757812,4.0,4.0,0.0,0.12,0.0,0,0,0,22,16,-1,-1,0.0
stage1c_single_agent_small,3,2,134861,2977,1,100,100,1,0,32.05475616455078,4.0,4.0,0.0,0.24,0.0,0,0,0,13,9,-1,-1,0.0
stage1c_single_agent_small,3,2,134903,2978,1,100,100,1,0,32.24139404296875,4.0,4.0,0.0,0.32,0.0,0,0,0,42,3,-1,-1,0.0
stage1c_single_agent_small,3,2,134932,2979,1,100,100,1,0,32.31338119506836,4.0,4.0,0.0,0.28,0.0,0,0,0,29,25,-1,-1,0.0
stage1c_single_agent_small,3,2,134956,2980,1,100,100,1,0,32.246551513671875,4.0,4.0,0.0,0.12,0.0,0,0,0,24,20,-1,-1,0.0
stage1c_single_agent_small,3,2,134970,2981,1,100,100,1,0,31.580739974975586,4.0,4.0,0.0,0.12,0.0,0,0,0,14,5,-1,-1,0.0
stage1c_single_agent_small,3,2,134979,2982,1,100,100,1,0,31.180673599243164,4.0,4.0,0.0,0.08,0.0,0,0,0,9,5,-1,-1,0.0
stage1c_single_agent_small,3,2,135005,2983,1,100,100,1,0,31.356847763061523,4.0,4.0,0.0,0.32,0.0,0,0,0,26,21,-1,-1,0.0
stage1c_single_agent_small,3,2,135029,2984,1,100,100,1,0,31.273298263549805,4.0,4.0,0.0,0.2,0.0,0,0,0,24,19,-1,-1,0.0
stage1c_single_agent_small,3,2,135056,2985,1,100,100,1,0,30.514686584472656,4.0,4.0,0.0,0.2,0.0,0,0,0,27,20,-1,-1,0.0
stage1c_single_agent_small,3,2,135076,2986,1,100,100,1,0,31.958656311035156,4.0,4.0,0.0,0.24,0.0,0,0,0,20,12,-1,-1,0.0
stage1c_single_agent_small,3,2,135097,2987,1,100,100,1,0,32.114837646484375,4.0,4.0,0.0,0.16,0.0,0,0,0,21,17,-1,-1,0.0
stage1c_single_agent_small,3,2,135121,2988,1,100,100,1,0,31.873689651489258,4.0,4.0,0.0,0.2,0.0,0,0,0,24,6,-1,-1,0.0
stage1c_single_agent_small,3,2,135139,2989,1,100,100,1,0,32.151031494140625,4.0,4.0,0.0,0.16,0.0,0,0,0,18,14,-1,-1,0.0
stage1c_single_agent_small,3,2,135155,2990,1,100,100,1,0,31.808128356933594,4.0,4.0,0.0,0.2,0.0,0,0,0,16,12,-1,-1,0.0
stage1c_single_agent_small,3,2,135184,2991,1,100,100,1,0,31.77658462524414,4.0,4.0,0.0,0.32,0.0,0,0,0,29,25,-1,-1,0.0
stage1c_single_agent_small,3,2,135203,2992,1,100,100,1,0,32.092689514160156,4.0,4.0,0.0,0.08,0.0,0,0,0,19,15,-1,-1,0.0
stage1c_single_agent_small,3,2,135213,2993,1,100,100,1,0,31.535133361816406,4.0,4.0,0.0,0.08,0.0,0,0,0,10,4,-1,-1,0.0
stage1c_single_agent_small,3,2,135228,2994,1,100,100,1,0,32.143524169921875,4.0,4.0,0.0,0.16,0.0,0,0,0,15,11,-1,-1,0.0
stage1c_single_agent_small,3,2,135271,2995,1,100,100,1,0,31.1072940826416,4.0,4.0,0.0,0.36,0.0,0,0,0,43,33,-1,-1,0.0
stage1c_single_agent_small,3,2,135312,2996,1,100,100,1,0,31.76530647277832,4.0,4.0,0.0,0.44,0.0,0,0,0,41,37,-1,-1,0.0
stage1c_single_agent_small,3,2,135333,2997,1,100,100,1,0,32.12466812133789,4.0,4.0,0.0,0.16,0.0,0,0,0,21,17,-1,-1,0.0
stage1c_single_agent_small,3,2,135359,2998,1,100,100,1,0,32.464561462402344,4.0,4.0,0.0,0.2,0.0,0,0,0,26,18,-1,-1,0.0
stage1c_single_agent_small,3,2,135374,2999,1,100,100,1,0,31.57987403869629,4.0,4.0,0.0,0.16,0.0,0,0,0,15,4,-1,-1,0.0
stage1c_single_agent_small,3,2,135396,3000,1,100,100,1,0,31.671493530273438,4.0,4.0,0.0,0.16,0.0,0,0,0,22,17,-1,-1,0.0
stage1c_single_agent_small,3,2,135403,3001,1,100,100,1,0,31.98455047607422,4.0,4.0,0.0,0.08,0.0,0,0,0,7,3,-1,-1,0.0
stage1c_single_agent_small,3,2,135429,3002,1,100,100,1,0,32.064002990722656,4.0,4.0,0.0,0.2,0.0,0,0,0,26,20,-1,-1,0.0
stage1c_single_agent_small,3,2,135453,3003,1,100,100,1,0,191.71804809570312,4.0,4.0,4.0,0.24,0.0,0,0,0,24,20,21,1,0.16666666666666666
stage1c_single_agent_small,3,2,135482,3004,1,100,100,1,0,31.250925064086914,4.0,4.0,0.0,0.16,0.0,0,0,0,29,14,-1,-1,0.0
stage1c_single_agent_small,3,2,135529,3005,1,100,100,1,0,29.428491592407227,4.0,4.0,0.0,0.24,0.0,0,0,0,47,14,-1,-1,0.0
stage1c_single_agent_small,3,2,135548,3006,1,100,100,1,0,31.769515991210938,4.0,4.0,0.0,0.16,0.0,0,0,0,19,7,-1,-1,0.0
stage1c_single_agent_small,3,2,135591,3007,1,100,100,1,0,30.087133407592773,4.0,4.0,0.0,0.36,0.0,0,0,0,43,31,-1,-1,0.0
stage1c_single_agent_small,3,2,135621,3008,1,100,100,1,0,30.942981719970703,4.0,4.0,0.0,0.36,0.0,0,0,0,30,24,-1,-1,0.0
stage1c_single_agent_small,3,2,135638,3009,1,100,100,1,0,31.754228591918945,4.0,4.0,0.0,0.2,0.0,0,0,0,17,12,-1,-1,0.0
stage1c_single_agent_small,3,2,135656,3010,1,100,100,1,0,31.72498321533203,4.0,4.0,0.0,0.16,0.0,0,0,0,18,14,-1,-1,0.0
stage1c_single_agent_small,3,2,135678,3011,1,100,100,1,0,30.487751007080078,4.0,4.0,0.0,0.12,0.0,0,0,0,22,16,-1,-1,0.0
stage1c_single_agent_small,3,2,135704,3012,1,100,100,1,0,31.729629516601562,4.0,4.0,0.0,0.24,0.0,0,0,0,26,9,-1,-1,0.0
stage1c_single_agent_small,3,2,135762,3013,1,100,100,1,0,31.932228088378906,4.0,4.0,0.0,0.24,0.0,0,0,0,58,53,-1,-1,0.0
stage1c_single_agent_small,3,2,135792,3014,1,100,100,1,0,31.863300323486328,4.0,4.0,0.0,0.24,0.0,0,0,0,30,16,-1,-1,0.0
stage1c_single_agent_small,3,2,135812,3015,1,100,100,1,0,31.971359252929688,4.0,4.0,0.0,0.2,0.0,0,0,0,20,9,-1,-1,0.0
stage1c_single_agent_small,3,2,135835,3016,1,100,100,1,0,32.08673858642578,4.0,4.0,0.0,0.2,0.0,0,0,0,23,6,-1,-1,0.0
stage1c_single_agent_small,3,2,135851,3017,1,100,100,1,0,32.168758392333984,4.0,4.0,0.0,0.16,0.0,0,0,0,16,4,-1,-1,0.0
stage1c_single_agent_small,3,2,135875,3018,1,100,100,1,0,191.76881408691406,4.0,4.0,4.0,0.28,0.0,0,0,0,24,21,21,0,0.16666666666666666
stage1c_single_agent_small,3,2,135898,3019,1,100,100,1,0,31.662330627441406,4.0,4.0,0.0,0.2,0.0,0,0,0,23,3,-1,-1,0.0
stage1c_single_agent_small,3,2,135924,3020,1,100,100,1,0,31.413455963134766,4.0,4.0,0.0,0.16,0.0,0,0,0,26,9,-1,-1,0.0
stage1c_single_agent_small,3,2,135951,3021,1,100,100,1,0,32.019134521484375,4.0,4.0,0.0,0.28,0.0,0,0,0,27,23,-1,-1,0.0
stage1c_single_agent_small,3,2,135970,3022,1,100,100,1,0,31.91758918762207,4.0,4.0,0.0,0.12,0.0,0,0,0,19,3,-1,-1,0.0
stage1c_single_agent_small,3,2,135982,3023,1,100,100,1,0,32.15773010253906,4.0,4.0,0.0,0.12,0.0,0,0,0,12,8,-1,-1,0.0
stage1c_single_agent_small,3,2,136007,3024,1,100,100,1,0,31.54075050354004,4.0,4.0,0.0,0.24,0.0,0,0,0,25,14,-1,-1,0.0
stage1c_single_agent_small,3,2,136030,3025,1,100,100,1,0,31.14790916442871,4.0,4.0,0.0,0.2,0.0,0,0,0,23,8,-1,-1,0.0
stage1c_single_agent_small,3,2,136042,3026,1,100,100,1,0,31.38469123840332,4.0,4.0,0.0,0.12,0.0,0,0,0,12,5,-1,-1,0.0
stage1c_single_agent_small,3,2,136066,3027,1,100,100,1,0,31.713525772094727,4.0,4.0,0.0,0.24,0.0,0,0,0,24,17,-1,-1,0.0
stage1c_single_agent_small,3,2,136093,3028,1,100,100,1,0,30.67830467224121,4.0,4.0,0.0,0.12,0.0,0,0,0,27,22,-1,-1,0.0
stage1c_single_agent_small,3,2,136113,3029,1,100,100,1,0,32.062381744384766,4.0,4.0,0.0,0.16,0.0,0,0,0,20,16,-1,-1,0.0
stage1c_single_agent_small,3,2,136126,3030,1,100,100,1,0,32.17449188232422,4.0,4.0,0.0,0.12,0.0,0,0,0,13,9,-1,-1,0.0
stage1c_single_agent_small,3,2,136163,3031,1,100,100,1,0,30.0919132232666,4.0,4.0,0.0,0.28,0.0,0,0,0,37,30,-1,-1,0.0
stage1c_single_agent_small,3,2,136197,3032,1,100,100,1,0,31.68030548095703,4.0,4.0,0.0,0.28,0.0,0,0,0,34,12,-1,-1,0.0
stage1c_single_agent_small,3,2,136229,3033,1,100,100,1,0,31.92756462097168,4.0,4.0,0.0,0.32,0.0,0,0,0,32,20,-1,-1,0.0
stage1c_single_agent_small,3,2,136253,3034,1,100,100,1,0,31.24628448486328,4.0,4.0,0.0,0.2,0.0,0,0,0,24,18,-1,-1,0.0
stage1c_single_agent_small,3,2,136279,3035,1,100,100,1,0,31.275182723999023,4.0,4.0,0.0,0.16,0.0,0,0,0,26,18,-1,-1,0.0
stage1c_single_agent_small,3,2,136308,3036,1,100,100,1,0,32.13640594482422,4.0,4.0,0.0,0.24,0.0,0,0,0,29,21,-1,-1,0.0
stage1c_single_agent_small,3,2,136324,3037,1,100,100,1,0,31.138151168823242,4.0,4.0,0.0,0.12,0.0,0,0,0,16,4,-1,-1,0.0
stage1c_single_agent_small,3,2,136345,3038,1,100,100,1,0,32.10609817504883,4.0,4.0,0.0,0.16,0.0,0,0,0,21,17,-1,-1,0.0
stage1c_single_agent_small,3,2,136358,3039,1,100,100,1,0,31.540205001831055,4.0,4.0,0.0,0.12,0.0,0,0,0,13,8,-1,-1,0.0
stage1c_single_agent_small,3,2,136378,3040,1,100,100,1,0,31.968017578125,4.0,4.0,0.0,0.2,0.0,0,0,0,20,16,-1,-1,0.0
stage1c_single_agent_small,3,2,136391,3041,1,100,100,1,0,31.55961036682129,4.0,4.0,0.0,0.12,0.0,0,0,0,13,3,-1,-1,0.0
stage1c_single_agent_small,3,2,136419,3042,1,100,100,1,0,31.378192901611328,4.0,4.0,0.0,0.28,0.0,0,0,0,28,17,-1,-1,0.0
stage1c_single_agent_small,3,2,136441,3043,1,100,100,1,0,32.221885681152344,4.0,4.0,0.0,0.28,0.0,0,0,0,22,18,-1,-1,0.0
stage1c_single_agent_small,3,2,136470,3044,1,100,100,1,0,112.49494934082031,4.0,4.0,2.0,0.2,0.0,0,0,0,29,15,16,1,0.06896551724137931
stage1c_single_agent_small,3,2,136496,3045,1,100,100,1,0,31.682701110839844,4.0,4.0,0.0,0.16,0.0,0,0,0,26,13,-1,-1,0.0
stage1c_single_agent_small,3,2,136542,3046,1,100,100,1,0,30.036909103393555,4.0,4.0,0.0,0.28,0.0,0,0,0,46,41,-1,-1,0.0
stage1c_single_agent_small,3,2,136569,3047,1,100,100,1,0,31.34595489501953,4.0,4.0,0.0,0.32,0.0,0,0,0,27,20,-1,-1,0.0
stage1c_single_agent_small,3,2,136595,3048,1,100,100,1,0,70.935791015625,4.0,4.0,1.0,0.24,0.0,0,0,0,26,20,20,0,0.038461538461538464
stage1c_single_agent_small,3,2,136613,3049,1,100,100,1,0,31.75751304626465,4.0,4.0,0.0,0.16,0.0,0,0,0,18,9,-1,-1,0.0
stage1c_single_agent_small,3,2,136639,3050,1,100,100,1,0,31.682077407836914,4.0,4.0,0.0,0.24,0.0,0,0,0,26,6,-1,-1,0.0
stage1c_single_agent_small,3,2,136668,3051,1,100,100,1,0,31.882064819335938,4.0,4.0,0.0,0.24,0.0,0,0,0,29,25,-1,-1,0.0
stage1c_single_agent_small,3,2,136684,3052,1,100,100,1,0,32.07721710205078,4.0,4.0,0.0,0.12,0.0,0,0,0,16,12,-1,-1,0.0
stage1c_single_agent_small,3,2,136727,3053,1,100,100,1,0,31.8878173828125,4.0,4.0,0.0,0.36,0.0,0,0,0,43,27,-1,-1,0.0
stage1c_single_agent_small,3,2,136744,3054,1,100,100,1,0,30.76329803466797,4.0,4.0,0.0,0.12,0.0,0,0,0,17,8,-1,-1,0.0
stage1c_single_agent_small,3,2,136764,3055,1,100,100,1,0,31.49256706237793,4.0,4.0,0.0,0.16,0.0,0,0,0,20,8,-1,-1,0.0
stage1c_single_agent_small,3,2,136793,3056,1,100,100,1,0,30.937475204467773,4.0,4.0,0.0,0.24,0.0,0,0,0,29,17,-1,-1,0.0
stage1c_single_agent_small,3,2,136816,3057,1,100,100,1,0,31.692737579345703,4.0,4.0,0.0,0.2,0.0,0,0,0,23,18,-1,-1,0.0
stage1c_single_agent_small,3,2,136827,3058,1,100,100,1,0,32.03367233276367,4.0,4.0,0.0,0.2,0.0,0,0,0,11,5,-1,-1,0.0
stage1c_single_agent_small,3,2,136841,3059,1,100,100,1,0,31.772897720336914,4.0,4.0,0.0,0.16,0.0,0,0,0,14,10,-1,-1,0.0
stage1c_single_agent_small,3,2,136866,3060,1,100,100,1,0,111.70362854003906,4.0,4.0,2.0,0.24,0.0,0,0,0,25,19,19,0,0.08
stage1c_single_agent_small,3,2,136891,3061,1,100,100,1,0,29.680200576782227,4.0,4.0,0.0,0.12,0.0,0,0,0,25,10,-1,-1,0.0
stage1c_single_agent_small,3,2,137031,3062,1,100,100,1,0,2.0974271297454834,0.0,0.0,0.0,0.36,0.0,0,0,4,140,-1,-1,-1,0.0
stage1c_single_agent_small,3,2,137051,3063,1,100,100,1,0,31.32135772705078,4.0,4.0,0.0,0.16,0.0,0,0,0,20,9,-1,-1,0.0
stage1c_single_agent_small,3,2,137063,3064,1,100,100,1,0,31.934965133666992,4.0,4.0,0.0,0.16,0.0,0,0,0,12,4,-1,-1,0.0
stage1c_single_agent_small,3,2,137070,3065,1,100,100,1,0,31.99118995666504,4.0,4.0,0.0,0.08,0.0,0,0,0,7,3,-1,-1,0.0
stage1c_single_agent_small,3,2,137091,3066,1,100,100,1,0,32.17183303833008,4.0,4.0,0.0,0.24,0.0,0,0,0,21,17,-1,-1,0.0
stage1c_single_agent_small,3,2,137125,3067,1,100,100,1,0,31.91474723815918,4.0,4.0,0.0,0.28,0.0,0,0,0,34,20,-1,-1,0.0
stage1c_single_agent_small,3,2,137137,3068,1,100,100,1,0,31.164695739746094,4.0,4.0,0.0,0.2,0.0,0,0,0,12,6,-1,-1,0.0
stage1c_single_agent_small,3,2,137152,3069,1,100,100,1,0,31.64016342163086,4.0,4.0,0.0,0.24,0.0,0,0,0,15,11,-1,-1,0.0
stage1c_single_agent_small,3,2,137197,3070,1,100,100,1,0,32.668514251708984,4.0,4.0,0.0,0.28,0.0,0,0,0,45,41,-1,-1,0.0
stage1c_single_agent_small,3,2,137210,3071,1,100,100,1,0,32.14217758178711,4.0,4.0,0.0,0.12,0.0,0,0,0,13,9,-1,-1,0.0
stage1c_single_agent_small,3,2,137231,3072,1,100,100,1,0,31.785184860229492,4.0,4.0,0.0,0.2,0.0,0,0,0,21,17,-1,-1,0.0
stage1c_single_agent_small,3,2,137265,3073,1,100,100,1,0,29.79556655883789,4.0,4.0,0.0,0.32,0.0,0,0,0,34,29,-1,-1,0.0
stage1c_single_agent_small,3,2,137285,3074,1,100,100,1,0,32.06623840332031,4.0,4.0,0.0,0.08,0.0,0,0,0,20,16,-1,-1,0.0
stage1c_single_agent_small,3,2,137293,3075,1,100,100,1,0,31.58608055114746,4.0,4.0,0.0,0.08,0.0,0,0,0,8,4,-1,-1,0.0
stage1c_single_agent_small,3,2,137322,3076,1,100,100,1,0,112.34098815917969,4.0,4.0,2.0,0.24,0.0,0,0,0,29,10,28,18,0.06896551724137931
stage1c_single_agent_small,3,2,137338,3077,1,100,100,1,0,31.66927146911621,4.0,4.0,0.0,0.32,0.0,0,0,0,16,11,-1,-1,0.0
stage1c_single_agent_small,3,2,137356,3078,1,100,100,1,0,31.421390533447266,4.0,4.0,0.0,0.28,0.0,0,0,0,18,14,-1,-1,0.0
stage1c_single_agent_small,3,2,137378,3079,1,100,100,1,0,31.230417251586914,4.0,4.0,0.0,0.08,0.0,0,0,0,22,18,-1,-1,0.0
stage1c_single_agent_small,3,2,137388,3080,1,100,100,1,0,32.004493713378906,4.0,4.0,0.0,0.16,0.0,0,0,0,10,3,-1,-1,0.0
stage1c_single_agent_small,3,2,137407,3081,1,100,100,1,0,31.147079467773438,4.0,4.0,0.0,0.2,0.0,0,0,0,19,13,-1,-1,0.0
stage1c_single_agent_small,3,2,137415,3082,1,100,100,1,0,31.14015007019043,4.0,4.0,0.0,0.04,0.0,0,0,0,8,3,-1,-1,0.0
stage1c_single_agent_small,3,2,137448,3083,1,100,100,1,0,30.908105850219727,4.0,4.0,0.0,0.4,0.0,0,0,0,33,27,-1,-1,0.0
stage1c_single_agent_small,3,2,137483,3084,1,100,100,1,0,29.845706939697266,4.0,4.0,0.0,0.28,0.0,0,0,0,35,28,-1,-1,0.0
stage1c_single_agent_small,3,2,137508,3085,1,100,100,1,0,111.35884094238281,4.0,4.0,2.0,0.32,0.0,0,0,0,25,21,24,3,0.08
stage1c_single_agent_small,3,2,137528,3086,1,100,100,1,0,32.2972297668457,4.0,4.0,0.0,0.12,0.0,0,0,0,20,8,-1,-1,0.0
stage1c_single_agent_small,3,2,137558,3087,1,100,100,1,0,30.630701065063477,4.0,4.0,0.0,0.16,0.0,0,0,0,30,25,-1,-1,0.0
stage1c_single_agent_small,3,2,137570,3088,1,100,100,1,0,152.16830444335938,4.0,4.0,3.0,0.12,0.0,0,0,0,12,9,10,1,0.25
stage1c_single_agent_small,3,2,137581,3089,1,100,100,1,0,31.95798110961914,4.0,4.0,0.0,0.16,0.0,0,0,0,11,3,-1,-1,0.0
stage1c_single_agent_small,3,2,137616,3090,1,100,100,1,0,30.542966842651367,4.0,4.0,0.0,0.2,0.0,0,0,0,35,18,-1,-1,0.0
stage1c_single_agent_small,3,2,137627,3091,1,100,100,1,0,32.16018295288086,4.0,4.0,0.0,0.12,0.0,0,0,0,11,3,-1,-1,0.0
stage1c_single_agent_small,3,2,137649,3092,1,100,100,1,0,31.128917694091797,4.0,4.0,0.0,0.2,0.0,0,0,0,22,16,-1,-1,0.0
stage1c_single_agent_small,3,2,137670,3093,1,100,100,1,0,32.252994537353516,4.0,4.0,0.0,0.12,0.0,0,0,0,21,17,-1,-1,0.0
stage1c_single_agent_small,3,2,137700,3094,1,100,100,1,0,72.2993392944336,4.0,4.0,1.0,0.24,0.0,0,0,0,30,16,16,0,0.03333333333333333
stage1c_single_agent_small,3,2,137707,3095,1,100,100,1,0,31.564516067504883,4.0,4.0,0.0,0.12,0.0,0,0,0,7,2,-1,-1,0.0
stage1c_single_agent_small,3,2,137730,3096,1,100,100,1,0,30.950424194335938,4.0,4.0,0.0,0.2,0.0,0,0,0,23,18,-1,-1,0.0
stage1c_single_agent_small,3,2,137738,3097,1,100,100,1,0,32.01190185546875,4.0,4.0,0.0,0.16,0.0,0,0,0,8,4,-1,-1,0.0
stage1c_single_agent_small,3,2,137778,3098,1,100,100,1,0,30.73847770690918,4.0,4.0,0.0,0.24,0.0,0,0,0,40,23,-1,-1,0.0
stage1c_single_agent_small,3,2,137800,3099,1,100,100,1,0,31.236343383789062,4.0,4.0,0.0,0.2,0.0,0,0,0,22,14,-1,-1,0.0
stage1c_single_agent_small,3,2,137815,3100,1,100,100,1,0,31.560348510742188,4.0,4.0,0.0,0.16,0.0,0,0,0,15,10,-1,-1,0.0
stage1c_single_agent_small,3,2,137834,3101,1,100,100,1,0,32.337642669677734,4.0,4.0,0.0,0.16,0.0,0,0,0,19,8,-1,-1,0.0
stage1c_single_agent_small,3,2,137863,3102,1,100,100,1,0,30.550533294677734,4.0,4.0,0.0,0.28,0.0,0,0,0,29,14,-1,-1,0.0
stage1c_single_agent_small,3,2,137884,3103,1,100,100,1,0,32.079776763916016,4.0,4.0,0.0,0.16,0.0,0,0,0,21,17,-1,-1,0.0
stage1c_single_agent_small,3,2,137904,3104,1,100,100,1,0,31.92733383178711,4.0,4.0,0.0,0.12,0.0,0,0,0,20,9,-1,-1,0.0
stage1c_single_agent_small,3,2,137931,3105,1,100,100,1,0,31.08414077758789,4.0,4.0,0.0,0.24,0.0,0,0,0,27,13,-1,-1,0.0
stage1c_single_agent_small,3,2,137956,3106,1,100,100,1,0,31.744277954101562,4.0,4.0,0.0,0.24,0.0,0,0,0,25,21,-1,-1,0.0
stage1c_single_agent_small,3,2,137980,3107,1,100,100,1,0,31.3363037109375,4.0,4.0,0.0,0.24,0.0,0,0,0,24,18,-1,-1,0.0
stage1c_single_agent_small,3,2,137997,3108,1,100,100,1,0,31.553571701049805,4.0,4.0,0.0,0.2,0.0,0,0,0,17,12,-1,-1,0.0
stage1c_single_agent_small,3,2,138039,3109,1,100,100,1,0,31.769193649291992,4.0,4.0,0.0,0.28,0.0,0,0,0,42,11,-1,-1,0.0
stage1c_single_agent_small,3,2,138052,3110,1,100,100,1,0,32.151458740234375,4.0,4.0,0.0,0.12,0.0,0,0,0,13,3,-1,-1,0.0
stage1c_single_agent_small,3,2,138089,3111,1,100,100,1,0,31.65147590637207,4.0,4.0,0.0,0.24,0.0,0,0,0,37,11,-1,-1,0.0
stage1c_single_agent_small,3,2,138135,3112,1,100,100,1,0,152.4762725830078,4.0,4.0,3.0,0.36,0.0,0,0,0,46,19,19,0,0.06521739130434782
stage1c_single_agent_small,3,2,138153,3113,1,100,100,1,0,31.102602005004883,4.0,4.0,0.0,0.08,0.0,0,0,0,18,10,-1,-1,0.0
stage1c_single_agent_small,3,2,138201,3114,1,100,100,1,0,29.890466690063477,4.0,4.0,0.0,0.16,0.0,0,0,0,48,19,-1,-1,0.0
stage1c_single_agent_small,3,2,138207,3115,1,100,100,1,0,31.96501350402832,4.0,4.0,0.0,0.08,0.0,0,0,0,6,2,-1,-1,0.0
stage1c_single_agent_small,3,2,138245,3116,1,100,100,1,0,30.05451011657715,4.0,4.0,0.0,0.24,0.0,0,0,0,38,23,-1,-1,0.0
stage1c_single_agent_small,3,2,138275,3117,1,100,100,1,0,151.45156860351562,4.0,4.0,3.0,0.2,0.0,0,0,0,30,24,28,4,0.1
stage1c_single_agent_small,3,2,138297,3118,1,100,100,1,0,29.893781661987305,4.0,4.0,0.0,0.12,0.0,0,0,0,22,15,-1,-1,0.0
stage1c_single_agent_small,3,2,138314,3119,1,100,100,1,0,32.14348602294922,4.0,4.0,0.0,0.2,0.0,0,0,0,17,13,-1,-1,0.0
stage1c_single_agent_small,3,2,138351,3120,1,100,100,1,0,32.524452209472656,4.0,4.0,0.0,0.32,0.0,0,0,0,37,23,-1,-1,0.0
stage1c_single_agent_small,3,2,138381,3121,1,100,100,1,0,31.8090763092041,4.0,4.0,0.0,0.2,0.0,0,0,0,30,10,-1,-1,0.0
stage1c_single_agent_small,3,2,138400,3122,1,100,100,1,0,31.194623947143555,4.0,4.0,0.0,0.24,0.0,0,0,0,19,14,-1,-1,0.0
stage1c_single_agent_small,3,2,138427,3123,1,100,100,1,0,32.54638671875,4.0,4.0,0.0,0.28,0.0,0,0,0,27,23,-1,-1,0.0
stage1c_single_agent_small,3,2,138462,3124,1,100,100,1,0,32.1966667175293,4.0,4.0,0.0,0.24,0.0,0,0,0,35,3,-1,-1,0.0
stage1c_single_agent_small,3,2,138478,3125,1,100,100,1,0,32.193546295166016,4.0,4.0,0.0,0.2,0.0,0,0,0,16,4,-1,-1,0.0
stage1c_single_agent_small,3,2,138489,3126,1,100,100,1,0,32.169193267822266,4.0,4.0,0.0,0.12,0.0,0,0,0,11,7,-1,-1,0.0
stage1c_single_agent_small,3,2,138524,3127,1,100,100,1,0,31.204233169555664,4.0,4.0,0.0,0.24,0.0,0,0,0,35,16,-1,-1,0.0
stage1c_single_agent_small,3,2,138550,3128,1,100,100,1,0,31.713558197021484,4.0,4.0,0.0,0.24,0.0,0,0,0,26,5,-1,-1,0.0
stage1c_single_agent_small,3,2,138582,3129,1,100,100,1,0,31.94407844543457,4.0,4.0,0.0,0.36,0.0,0,0,0,32,28,-1,-1,0.0
stage1c_single_agent_small,3,2,138595,3130,1,100,100,1,0,31.5456485748291,4.0,4.0,0.0,0.16,0.0,0,0,0,13,8,-1,-1,0.0
stage1c_single_agent_small,3,2,138606,3131,1,100,100,1,0,31.56787872314453,4.0,4.0,0.0,0.16,0.0,0,0,0,11,6,-1,-1,0.0
stage1c_single_agent_small,3,2,138621,3132,1,100,100,1,0,32.17254638671875,4.0,4.0,0.0,0.2,0.0,0,0,0,15,11,-1,-1,0.0
stage1c_single_agent_small,3,2,138641,3133,1,100,100,1,0,30.517759323120117,4.0,4.0,0.0,0.16,0.0,0,0,0,20,14,-1,-1,0.0
stage1c_single_agent_small,3,2,138665,3134,1,100,100,1,0,29.66156768798828,4.0,4.0,0.0,0.16,0.0,0,0,0,24,18,-1,-1,0.0
stage1c_single_agent_small,3,2,138698,3135,1,100,100,1,0,32.328521728515625,4.0,4.0,0.0,0.36,0.0,0,0,0,33,9,-1,-1,0.0
stage1c_single_agent_small,3,2,138714,3136,1,100,100,1,0,32.1966552734375,4.0,4.0,0.0,0.24,0.0,0,0,0,16,10,-1,-1,0.0
stage1c_single_agent_small,3,2,138738,3137,1,100,100,1,0,112.19648742675781,4.0,4.0,2.0,0.12,0.0,0,0,0,24,20,20,0,0.08333333333333333
stage1c_single_agent_small,3,2,138767,3138,1,100,100,1,0,32.30842590332031,4.0,4.0,0.0,0.32,0.0,0,0,0,29,4,-1,-1,0.0
stage1c_single_agent_small,3,2,138788,3139,1,100,100,1,0,31.496212005615234,4.0,4.0,0.0,0.2,0.0,0,0,0,21,6,-1,-1,0.0
stage1c_single_agent_small,3,2,138837,3140,1,100,100,1,0,32.05784225463867,4.0,4.0,0.0,0.36,0.0,0,0,0,49,18,-1,-1,0.0
stage1c_single_agent_small,3,2,138851,3141,1,100,100,1,0,31.810314178466797,4.0,4.0,0.0,0.2,0.0,0,0,0,14,9,-1,-1,0.0
stage1c_single_agent_small,3,2,138874,3142,1,100,100,1,0,151.13116455078125,4.0,4.0,3.0,0.24,0.0,0,0,0,23,19,19,0,0.13043478260869565
stage1c_single_agent_small,3,2,138900,3143,1,100,100,1,0,112.29228973388672,4.0,4.0,2.0,0.2,0.0,0,0,0,26,13,13,0,0.07692307692307693
stage1c_single_agent_small,3,2,138911,3144,1,100,100,1,0,32.15516662597656,4.0,4.0,0.0,0.08,0.0,0,0,0,11,7,-1,-1,0.0
stage1c_single_agent_small,3,2,138931,3145,1,100,100,1,0,31.147533416748047,4.0,4.0,0.0,0.2,0.0,0,0,0,20,14,-1,-1,0.0
stage1c_single_agent_small,3,2,138948,3146,1,100,100,1,0,32.1341552734375,4.0,4.0,0.0,0.2,0.0,0,0,0,17,13,-1,-1,0.0
stage1c_single_agent_small,3,2,138980,3147,1,100,100,1,0,31.415664672851562,4.0,4.0,0.0,0.2,0.0,0,0,0,32,17,-1,-1,0.0
stage1c_single_agent_small,3,2,138997,3148,1,100,100,1,0,30.709304809570312,4.0,4.0,0.0,0.12,0.0,0,0,0,17,10,-1,-1,0.0
stage1c_single_agent_small,3,2,139009,3149,1,100,100,1,0,31.75884437561035,4.0,4.0,0.0,0.08,0.0,0,0,0,12,8,-1,-1,0.0
stage1c_single_agent_small,3,2,139035,3150,1,100,100,1,0,31.29762077331543,4.0,4.0,0.0,0.24,0.0,0,0,0,26,21,-1,-1,0.0
stage1c_single_agent_small,3,2,139060,3151,1,100,100,1,0,30.32285499572754,4.0,4.0,0.0,0.24,0.0,0,0,0,25,20,-1,-1,0.0
stage1c_single_agent_small,3,2,139076,3152,1,100,100,1,0,31.366008758544922,4.0,4.0,0.0,0.2,0.0,0,0,0,16,10,-1,-1,0.0
stage1c_single_agent_small,3,2,139097,3153,1,100,100,1,0,111.67835235595703,4.0,4.0,2.0,0.24,0.0,0,0,0,21,17,17,0,0.09523809523809523
stage1c_single_agent_small,3,2,139104,3154,1,100,100,1,0,31.988693237304688,4.0,4.0,0.0,0.08,0.0,0,0,0,7,3,-1,-1,0.0
stage1c_single_agent_small,3,2,139129,3155,1,100,100,1,0,31.78801155090332,4.0,4.0,0.0,0.12,0.0,0,0,0,25,21,-1,-1,0.0
stage1c_single_agent_small,3,2,139151,3156,1,100,100,1,0,31.73787498474121,4.0,4.0,0.0,0.2,0.0,0,0,0,22,15,-1,-1,0.0
stage1c_single_agent_small,3,2,139191,3157,1,100,100,1,0,72.32757568359375,4.0,4.0,1.0,0.36,0.0,0,0,0,40,34,34,0,0.025
stage1c_single_agent_small,3,2,139215,3158,1,100,100,1,0,31.736440658569336,4.0,4.0,0.0,0.24,0.0,0,0,0,24,15,-1,-1,0.0
stage1c_single_agent_small,3,2,139263,3159,1,100,100,1,0,29.87778091430664,4.0,4.0,0.0,0.4,0.0,0,0,0,48,33,-1,-1,0.0
stage1c_single_agent_small,3,2,139294,3160,1,100,100,1,0,32.068607330322266,4.0,4.0,0.0,0.28,0.0,0,0,0,31,16,-1,-1,0.0
stage1c_single_agent_small,3,2,139305,3161,1,100,100,1,0,30.776609420776367,4.0,4.0,0.0,0.08,0.0,0,0,0,11,4,-1,-1,0.0
stage1c_single_agent_small,3,2,139339,3162,1,100,100,1,0,32.122169494628906,4.0,4.0,0.0,0.28,0.0,0,0,0,34,24,-1,-1,0.0
stage1c_single_agent_small,3,2,139355,3163,1,100,100,1,0,32.15958786010742,4.0,4.0,0.0,0.2,0.0,0,0,0,16,12,-1,-1,0.0
stage1c_single_agent_small,3,2,139404,3164,1,100,100,1,0,31.933603286743164,4.0,4.0,0.0,0.28,0.0,0,0,0,49,25,-1,-1,0.0
stage1c_single_agent_small,3,2,139421,3165,1,100,100,1,0,31.551956176757812,4.0,4.0,0.0,0.16,0.0,0,0,0,17,9,-1,-1,0.0
stage1c_single_agent_small,3,2,139442,3166,1,100,100,1,0,31.87942886352539,4.0,4.0,0.0,0.2,0.0,0,0,0,21,5,-1,-1,0.0
stage1c_single_agent_small,3,2,139455,3167,1,100,100,1,0,31.35771942138672,4.0,4.0,0.0,0.12,0.0,0,0,0,13,9,-1,-1,0.0
stage1c_single_agent_small,3,2,139462,3168,1,100,100,1,0,152.18211364746094,4.0,4.0,3.0,0.08,0.0,0,0,0,7,2,3,1,0.42857142857142855
stage1c_single_agent_small,3,2,139496,3169,1,100,100,1,0,30.33160400390625,4.0,4.0,0.0,0.12,0.0,0,0,0,34,20,-1,-1,0.0
stage1c_single_agent_small,3,2,139511,3170,1,100,100,1,0,31.77011489868164,4.0,4.0,0.0,0.2,0.0,0,0,0,15,11,-1,-1,0.0
stage1c_single_agent_small,3,2,139529,3171,1,100,100,1,0,30.295839309692383,4.0,4.0,0.0,0.12,0.0,0,0,0,18,11,-1,-1,0.0
stage1c_single_agent_small,3,2,139549,3172,1,100,100,1,0,71.80435943603516,4.0,4.0,1.0,0.28,0.0,0,0,0,20,11,11,0,0.05
stage1c_single_agent_small,3,2,139569,3173,1,100,100,1,0,30.339536666870117,4.0,4.0,0.0,0.16,0.0,0,0,0,20,14,-1,-1,0.0
stage1c_single_agent_small,3,2,139585,3174,1,100,100,1,0,31.172945022583008,4.0,4.0,0.0,0.16,0.0,0,0,0,16,10,-1,-1,0.0
stage1c_single_agent_small,3,2,139602,3175,1,100,100,1,0,31.762544631958008,4.0,4.0,0.0,0.2,0.0,0,0,0,17,13,-1,-1,0.0
stage1c_single_agent_small,3,2,139640,3176,1,100,100,1,0,30.441789627075195,4.0,4.0,0.0,0.32,0.0,0,0,0,38,31,-1,-1,0.0
stage1c_single_agent_small,3,2,139687,3177,1,100,100,1,0,32.18675231933594,4.0,4.0,0.0,0.28,0.0,0,0,0,47,43,-1,-1,0.0
stage1c_single_agent_small,3,2,139716,3178,1,100,100,1,0,31.249486923217773,4.0,4.0,0.0,0.2,0.0,0,0,0,29,23,-1,-1,0.0
stage1c_single_agent_small,3,2,139743,3179,1,100,100,1,0,31.685789108276367,4.0,4.0,0.0,0.24,0.0,0,0,0,27,12,-1,-1,0.0
stage1c_single_agent_small,3,2,139752,3180,1,100,100,1,0,31.134414672851562,4.0,4.0,0.0,0.08,0.0,0,0,0,9,3,-1,-1,0.0
stage1c_single_agent_small,3,2,139793,3181,1,100,100,1,0,29.70855712890625,4.0,4.0,0.0,0.36,0.0,0,0,0,41,26,-1,-1,0.0
stage1c_single_agent_small,3,2,139803,3182,1,100,100,1,0,31.526033401489258,4.0,4.0,0.0,0.08,0.0,0,0,0,10,5,-1,-1,0.0
stage1c_single_agent_small,3,2,139813,3183,1,100,100,1,0,32.17329788208008,4.0,4.0,0.0,0.12,0.0,0,0,0,10,6,-1,-1,0.0
stage1c_single_agent_small,3,2,139823,3184,1,100,100,1,0,31.534543991088867,4.0,4.0,0.0,0.12,0.0,0,0,0,10,2,-1,-1,0.0
stage1c_single_agent_small,3,2,139851,3185,1,100,100,1,0,30.49523162841797,4.0,4.0,0.0,0.2,0.0,0,0,0,28,21,-1,-1,0.0
stage1c_single_agent_small,3,2,139866,3186,1,100,100,1,0,32.09567642211914,4.0,4.0,0.0,0.12,0.0,0,0,0,15,11,-1,-1,0.0
stage1c_single_agent_small,3,2,139887,3187,1,100,100,1,0,31.89474105834961,4.0,4.0,0.0,0.2,0.0,0,0,0,21,7,-1,-1,0.0
stage1c_single_agent_small,3,2,139922,3188,1,100,100,1,0,31.95260238647461,4.0,4.0,0.0,0.36,0.0,0,0,0,35,18,-1,-1,0.0
stage1c_single_agent_small,3,2,139957,3189,1,100,100,1,0,32.08700180053711,4.0,4.0,0.0,0.28,0.0,0,0,0,35,16,-1,-1,0.0
stage1c_single_agent_small,3,2,139984,3190,1,100,100,1,0,31.249948501586914,4.0,4.0,0.0,0.24,0.0,0,0,0,27,22,-1,-1,0.0
stage1c_single_agent_small,3,2,140028,3191,1,100,100,1,0,30.5408992767334,4.0,4.0,0.0,0.28,0.0,0,0,0,44,32,-1,-1,0.0
stage1c_single_agent_small,3,2,140045,3192,1,100,100,1,0,30.951980590820312,4.0,4.0,0.0,0.12,0.0,0,0,0,17,13,-1,-1,0.0
stage1c_single_agent_small,3,2,140069,3193,1,100,100,1,0,152.13059997558594,4.0,4.0,3.0,0.24,0.0,0,0,0,24,11,11,0,0.125
stage1c_single_agent_small,3,2,140107,3194,1,100,100,1,0,31.700225830078125,4.0,4.0,0.0,0.24,0.0,0,0,0,38,22,-1,-1,0.0
stage1c_single_agent_small,3,2,140114,3195,1,100,100,1,0,32.01282501220703,4.0,4.0,0.0,0.12,0.0,0,0,0,7,3,-1,-1,0.0
stage1c_single_agent_small,3,2,140133,3196,1,100,100,1,0,31.904312133789062,4.0,4.0,0.0,0.16,0.0,0,0,0,19,3,-1,-1,0.0
stage1c_single_agent_small,3,2,140182,3197,1,100,100,1,0,30.761159896850586,4.0,4.0,0.0,0.32,0.0,0,0,0,49,35,-1,-1,0.0
stage1c_single_agent_small,3,2,140220,3198,1,100,100,1,0,150.41763305664062,4.0,4.0,3.0,0.4,0.0,0,0,0,38,32,32,0,0.07894736842105263
stage1c_single_agent_small,3,2,140246,3199,1,100,100,1,0,31.318693161010742,4.0,4.0,0.0,0.24,0.0,0,0,0,26,22,-1,-1,0.0
stage1c_single_agent_small,3,2,140263,3200,1,100,100,1,0,31.689788818359375,4.0,4.0,0.0,0.16,0.0,0,0,0,17,13,-1,-1,0.0
stage1c_single_agent_small,3,2,140275,3201,1,100,100,1,0,112.1435317993164,4.0,4.0,2.0,0.12,0.0,0,0,0,12,2,2,0,0.16666666666666666
stage1c_single_agent_small,3,2,140299,3202,1,100,100,1,0,31.882299423217773,4.0,4.0,0.0,0.2,0.0,0,0,0,24,7,-1,-1,0.0
stage1c_single_agent_small,3,2,140327,3203,1,100,100,1,0,30.890779495239258,4.0,4.0,0.0,0.2,0.0,0,0,0,28,11,-1,-1,0.0
stage1c_single_agent_small,3,2,140345,3204,1,100,100,1,0,30.929990768432617,4.0,4.0,0.0,0.16,0.0,0,0,0,18,12,-1,-1,0.0
stage1c_single_agent_small,3,2,140370,3205,1,100,100,1,0,30.858869552612305,4.0,4.0,0.0,0.12,0.0,0,0,0,25,9,-1,-1,0.0
stage1c_single_agent_small,3,2,140417,3206,1,100,100,1,0,31.98314666748047,4.0,4.0,0.0,0.4,0.0,0,0,0,47,24,-1,-1,0.0
stage1c_single_agent_small,3,2,140450,3207,1,100,100,1,0,31.811723709106445,4.0,4.0,0.0,0.24,0.0,0,0,0,33,17,-1,-1,0.0
stage1c_single_agent_small,3,2,140491,3208,1,100,100,1,0,29.647733688354492,4.0,4.0,0.0,0.36,0.0,0,0,0,41,29,-1,-1,0.0
stage1c_single_agent_small,3,2,140525,3209,1,100,100,1,0,31.88418960571289,4.0,4.0,0.0,0.28,0.0,0,0,0,34,14,-1,-1,0.0
stage1c_single_agent_small,3,2,140558,3210,1,100,100,1,0,30.373512268066406,4.0,4.0,0.0,0.32,0.0,0,0,0,33,28,-1,-1,0.0
stage1c_single_agent_small,3,2,140571,3211,1,100,100,1,0,32.13395309448242,4.0,4.0,0.0,0.12,0.0,0,0,0,13,9,-1,-1,0.0
stage1c_single_agent_small,3,2,140578,3212,1,100,100,1,0,31.992671966552734,4.0,4.0,0.0,0.08,0.0,0,0,0,7,3,-1,-1,0.0
stage1c_single_agent_small,3,2,140589,3213,1,100,100,1,0,30.752605438232422,4.0,4.0,0.0,0.08,0.0,0,0,0,11,5,-1,-1,0.0
stage1c_single_agent_small,3,2,140608,3214,1,100,100,1,0,31.39282989501953,4.0,4.0,0.0,0.28,0.0,0,0,0,19,11,-1,-1,0.0
stage1c_single_agent_small,3,2,140648,3215,1,100,100,1,0,29.37457847595215,4.0,4.0,0.0,0.28,0.0,0,0,0,40,33,-1,-1,0.0
stage1c_single_agent_small,3,2,140666,3216,1,100,100,1,0,31.311429977416992,4.0,4.0,0.0,0.16,0.0,0,0,0,18,12,-1,-1,0.0
stage1c_single_agent_small,3,2,140673,3217,1,100,100,1,0,31.53699493408203,4.0,4.0,0.0,0.08,0.0,0,0,0,7,2,-1,-1,0.0
stage1c_single_agent_small,3,2,140680,3218,1,100,100,1,0,31.99619483947754,4.0,4.0,0.0,0.12,0.0,0,0,0,7,3,-1,-1,0.0
stage1c_single_agent_small,3,2,140719,3219,1,100,100,1,0,31.186874389648438,4.0,4.0,0.0,0.32,0.0,0,0,0,39,17,-1,-1,0.0
stage1c_single_agent_small,3,2,140747,3220,1,100,100,1,0,31.176374435424805,4.0,4.0,0.0,0.32,0.0,0,0,0,28,23,-1,-1,0.0
stage1c_single_agent_small,3,2,140773,3221,1,100,100,1,0,31.54829978942871,4.0,4.0,0.0,0.32,0.0,0,0,0,26,10,-1,-1,0.0
stage1c_single_agent_small,3,2,140791,3222,1,100,100,1,0,192.12496948242188,4.0,4.0,4.0,0.2,0.0,0,0,0,18,15,15,0,0.2222222222222222
stage1c_single_agent_small,3,2,140816,3223,1,100,100,1,0,30.873825073242188,4.0,4.0,0.0,0.24,0.0,0,0,0,25,19,-1,-1,0.0
stage1c_single_agent_small,3,2,140840,3224,1,100,100,1,0,30.051061630249023,4.0,4.0,0.0,0.2,0.0,0,0,0,24,15,-1,-1,0.0
stage1c_single_agent_small,3,2,140854,3225,1,100,100,1,0,31.13437271118164,4.0,4.0,0.0,0.12,0.0,0,0,0,14,2,-1,-1,0.0
stage1c_single_agent_small,3,2,140865,3226,1,100,100,1,0,32.129093170166016,4.0,4.0,0.0,0.08,0.0,0,0,0,11,7,-1,-1,0.0
stage1c_single_agent_small,3,2,140874,3227,1,100,100,1,0,32.00126647949219,4.0,4.0,0.0,0.16,0.0,0,0,0,9,5,-1,-1,0.0
stage1c_single_agent_small,3,2,140913,3228,1,100,100,1,0,151.86004638671875,4.0,4.0,3.0,0.28,0.0,0,0,0,39,15,15,0,0.07692307692307693
stage1c_single_agent_small,3,2,140957,3229,1,100,100,1,0,30.02165985107422,4.0,4.0,0.0,0.36,0.0,0,0,0,44,24,-1,-1,0.0
stage1c_single_agent_small,3,2,140977,3230,1,100,100,1,0,30.917144775390625,4.0,4.0,0.0,0.2,0.0,0,0,0,20,14,-1,-1,0.0
stage1c_single_agent_small,3,2,140983,3231,1,100,100,1,0,31.98517608642578,4.0,4.0,0.0,0.08,0.0,0,0,0,6,2,-1,-1,0.0
stage1c_single_agent_small,3,2,141010,3232,1,100,100,1,0,151.49261474609375,4.0,4.0,3.0,0.24,0.0,0,0,0,27,17,18,1,0.1111111111111111
stage1c_single_agent_small,3,2,141045,3233,1,100,100,1,0,30.988632202148438,4.0,4.0,0.0,0.2,0.0,0,0,0,35,19,-1,-1,0.0
stage1c_single_agent_small,3,2,141082,3234,1,100,100,1,0,30.814109802246094,4.0,4.0,0.0,0.28,0.0,0,0,0,37,23,-1,-1,0.0
stage1c_single_agent_small,3,2,141113,3235,1,100,100,1,0,30.449899673461914,4.0,4.0,0.0,0.16,0.0,0,0,0,31,11,-1,-1,0.0
stage1c_single_agent_small,3,2,141151,3236,1,100,100,1,0,30.586946487426758,4.0,4.0,0.0,0.32,0.0,0,0,0,38,23,-1,-1,0.0
stage1c_single_agent_small,3,2,141191,3237,1,100,100,1,0,30.42932891845703,4.0,4.0,0.0,0.24,0.0,0,0,0,40,24,-1,-1,0.0
stage1c_single_agent_small,3,2,141245,3238,1,100,100,1,0,31.566513061523438,4.0,4.0,0.0,0.4,0.0,0,0,0,54,23,-1,-1,0.0
stage1c_single_agent_small,3,2,141263,3239,1,100,100,1,0,31.11603546142578,4.0,4.0,0.0,0.12,0.0,0,0,0,18,4,-1,-1,0.0
stage1c_single_agent_small,3,2,141290,3240,1,100,100,1,0,31.0369930267334,4.0,4.0,0.0,0.2,0.0,0,0,0,27,12,-1,-1,0.0
stage1c_single_agent_small,3,2,141361,3241,1,100,100,1,0,31.572853088378906,4.0,4.0,0.0,0.36,0.0,0,0,0,71,11,-1,-1,0.0
stage1c_single_agent_small,3,2,141370,3242,1,100,100,1,0,31.583337783813477,4.0,4.0,0.0,0.12,0.0,0,0,0,9,4,-1,-1,0.0
stage1c_single_agent_small,3,2,141385,3243,1,100,100,1,0,31.74894905090332,4.0,4.0,0.0,0.2,0.0,0,0,0,15,11,-1,-1,0.0
stage1c_single_agent_small,3,2,141420,3244,1,100,100,1,0,31.97207260131836,4.0,4.0,0.0,0.2,0.0,0,0,0,35,11,-1,-1,0.0
stage1c_single_agent_small,3,2,141468,3245,1,100,100,1,0,28.953399658203125,4.0,4.0,0.0,0.32,0.0,0,0,0,48,29,-1,-1,0.0
stage1c_single_agent_small,3,2,141496,3246,1,100,100,1,0,32.00136947631836,4.0,4.0,0.0,0.16,0.0,0,0,0,28,24,-1,-1,0.0
stage1c_single_agent_small,3,2,141522,3247,1,100,100,1,0,30.843076705932617,4.0,4.0,0.0,0.12,0.0,0,0,0,26,8,-1,-1,0.0
stage1c_single_agent_small,3,2,141541,3248,1,100,100,1,0,31.76293182373047,4.0,4.0,0.0,0.16,0.0,0,0,0,19,15,-1,-1,0.0
stage1c_single_agent_small,3,2,141565,3249,1,100,100,1,0,30.860456466674805,4.0,4.0,0.0,0.12,0.0,0,0,0,24,10,-1,-1,0.0
stage1c_single_agent_small,3,2,141585,3250,1,100,100,1,0,30.234054565429688,4.0,4.0,0.0,0.08,0.0,0,0,0,20,13,-1,-1,0.0
stage1c_single_agent_small,3,2,141591,3251,1,100,100,1,0,31.960018157958984,4.0,4.0,0.0,0.04,0.0,0,0,0,6,2,-1,-1,0.0
stage1c_single_agent_small,3,2,141617,3252,1,100,100,1,0,32.264705657958984,4.0,4.0,0.0,0.2,0.0,0,0,0,26,22,-1,-1,0.0
stage1c_single_agent_small,3,2,141641,3253,1,100,100,1,0,190.70742797851562,4.0,4.0,4.0,0.24,0.0,0,0,0,24,20,20,0,0.16666666666666666
stage1c_single_agent_small,3,2,141667,3254,1,100,100,1,0,30.84640121459961,4.0,4.0,0.0,0.2,0.0,0,0,0,26,5,-1,-1,0.0
stage1c_single_agent_small,3,2,141700,3255,1,100,100,1,0,31.234277725219727,4.0,4.0,0.0,0.24,0.0,0,0,0,33,22,-1,-1,0.0
stage1c_single_agent_small,3,2,141713,3256,1,100,100,1,0,32.19021987915039,4.0,4.0,0.0,0.2,0.0,0,0,0,13,9,-1,-1,0.0
stage1c_single_agent_small,3,2,141755,3257,1,100,100,1,0,29.718923568725586,4.0,4.0,0.0,0.32,0.0,0,0,0,42,36,-1,-1,0.0
stage1c_single_agent_small,3,2,141808,3258,1,100,100,1,0,31.387102127075195,4.0,4.0,0.0,0.44,0.0,0,0,0,53,44,-1,-1,0.0
stage1c_single_agent_small,3,2,141861,3259,1,100,100,1,0,29.823867797851562,4.0,4.0,0.0,0.24,0.0,0,0,0,53,26,-1,-1,0.0
stage1c_single_agent_small,3,2,141905,3260,1,100,100,1,0,30.48225212097168,4.0,4.0,0.0,0.36,0.0,0,0,0,44,38,-1,-1,0.0
stage1c_single_agent_small,3,2,141918,3261,1,100,100,1,0,112.12409973144531,4.0,4.0,2.0,0.12,0.0,0,0,0,13,7,7,0,0.15384615384615385
stage1c_single_agent_small,3,2,141939,3262,1,100,100,1,0,30.415878295898438,4.0,4.0,0.0,0.16,0.0,0,0,0,21,16,-1,-1,0.0
stage1c_single_agent_small,3,2,141954,3263,1,100,100,1,0,31.139177322387695,4.0,4.0,0.0,0.16,0.0,0,0,0,15,7,-1,-1,0.0
stage1c_single_agent_small,3,2,142027,3264,1,100,100,1,0,30.58690643310547,4.0,4.0,0.0,0.32,0.0,0,0,0,73,39,-1,-1,0.0
stage1c_single_agent_small,3,2,142033,3265,1,100,100,1,0,31.96529769897461,4.0,4.0,0.0,0.04,0.0,0,0,0,6,2,-1,-1,0.0
stage1c_single_agent_small,3,2,142054,3266,1,100,100,1,0,31.28127098083496,4.0,4.0,0.0,0.12,0.0,0,0,0,21,5,-1,-1,0.0
stage1c_single_agent_small,3,2,142083,3267,1,100,100,1,0,32.09157943725586,4.0,4.0,0.0,0.28,0.0,0,0,0,29,8,-1,-1,0.0
stage1c_single_agent_small,3,2,142109,3268,1,100,100,1,0,191.25259399414062,4.0,4.0,4.0,0.2,0.0,0,0,0,26,12,12,0,0.15384615384615385
stage1c_single_agent_small,3,2,142152,3269,1,100,100,1,0,31.68073081970215,4.0,4.0,0.0,0.4,0.0,0,0,0,43,25,-1,-1,0.0
stage1c_single_agent_small,3,2,142210,3270,1,100,100,1,0,29.552066802978516,4.0,4.0,0.0,0.2,0.0,0,0,0,58,10,-1,-1,0.0
stage1c_single_agent_small,3,2,142233,3271,1,100,100,1,0,192.27859497070312,4.0,4.0,4.0,0.16,0.0,0,0,0,23,10,10,0,0.17391304347826086
stage1c_single_agent_small,3,2,142256,3272,1,100,100,1,0,31.723295211791992,4.0,4.0,0.0,0.24,0.0,0,0,0,23,19,-1,-1,0.0
stage1c_single_agent_small,3,2,142306,3273,1,100,100,1,0,28.487777709960938,4.0,4.0,0.0,0.32,0.0,0,0,0,50,29,-1,-1,0.0
stage1c_single_agent_small,3,2,142321,3274,1,100,100,1,0,32.161006927490234,4.0,4.0,0.0,0.12,0.0,0,0,0,15,11,-1,-1,0.0
stage1c_single_agent_small,3,2,142359,3275,1,100,100,1,0,30.38645362854004,4.0,4.0,0.0,0.28,0.0,0,0,0,38,22,-1,-1,0.0
stage1c_single_agent_small,3,2,142421,3276,1,100,100,1,0,31.97977638244629,4.0,4.0,0.0,0.24,0.0,0,0,0,62,11,-1,-1,0.0
stage1c_single_agent_small,3,2,142453,3277,1,100,100,1,0,30.452442169189453,4.0,4.0,0.0,0.24,0.0,0,0,0,32,13,-1,-1,0.0
stage1c_single_agent_small,3,2,142467,3278,1,100,100,1,0,32.122711181640625,4.0,4.0,0.0,0.08,0.0,0,0,0,14,10,-1,-1,0.0
stage1c_single_agent_small,3,2,142477,3279,1,100,100,1,0,31.982057571411133,4.0,4.0,0.0,0.12,0.0,0,0,0,10,6,-1,-1,0.0
stage1c_single_agent_small,3,2,142511,3280,1,100,100,1,0,30.62140464782715,4.0,4.0,0.0,0.28,0.0,0,0,0,34,13,-1,-1,0.0
stage1c_single_agent_small,3,2,142527,3281,1,100,100,1,0,31.346677780151367,4.0,4.0,0.0,0.16,0.0,0,0,0,16,11,-1,-1,0.0
stage1c_single_agent_small,3,2,142555,3282,1,100,100,1,0,30.846290588378906,4.0,4.0,0.0,0.16,0.0,0,0,0,28,9,-1,-1,0.0
stage1c_single_agent_small,3,2,142587,3283,1,100,100,1,0,29.993244171142578,4.0,4.0,0.0,0.2,0.0,0,0,0,32,12,-1,-1,0.0
stage1c_single_agent_small,3,2,142614,3284,1,100,100,1,0,31.25121307373047,4.0,4.0,0.0,0.28,0.0,0,0,0,27,21,-1,-1,0.0
stage1c_single_agent_small,3,2,142631,3285,1,100,100,1,0,31.475664138793945,4.0,4.0,0.0,0.12,0.0,0,0,0,17,10,-1,-1,0.0
stage1c_single_agent_small,3,2,142662,3286,1,100,100,1,0,31.50356101989746,4.0,4.0,0.0,0.32,0.0,0,0,0,31,19,-1,-1,0.0
stage1c_single_agent_small,3,2,142685,3287,1,100,100,1,0,31.483301162719727,4.0,4.0,0.0,0.2,0.0,0,0,0,23,4,-1,-1,0.0
stage1c_single_agent_small,3,2,142714,3288,1,100,100,1,0,30.282773971557617,4.0,4.0,0.0,0.28,0.0,0,0,0,29,24,-1,-1,0.0
stage1c_single_agent_small,3,2,142734,3289,1,100,100,1,0,32.126068115234375,4.0,4.0,0.0,0.28,0.0,0,0,0,20,8,-1,-1,0.0
stage1c_single_agent_small,3,2,142789,3290,1,100,100,1,0,31.531713485717773,4.0,4.0,0.0,0.36,0.0,0,0,0,55,10,-1,-1,0.0
stage1c_single_agent_small,3,2,142813,3291,1,100,100,1,0,30.90381622314453,4.0,4.0,0.0,0.24,0.0,0,0,0,24,17,-1,-1,0.0
stage1c_single_agent_small,3,2,142849,3292,1,100,100,1,0,67.91854858398438,4.0,4.0,1.0,0.12,0.0,0,0,0,36,18,22,4,0.027777777777777776
stage1c_single_agent_small,3,2,142887,3293,1,100,100,1,0,111.40005493164062,4.0,4.0,2.0,0.24,0.0,0,0,0,38,33,33,0,0.05263157894736842
stage1c_single_agent_small,3,2,142912,3294,1,100,100,1,0,71.25747680664062,4.0,4.0,1.0,0.2,0.0,0,0,0,25,21,21,0,0.04
stage1c_single_agent_small,3,2,142934,3295,1,100,100,1,0,30.670475006103516,4.0,4.0,0.0,0.16,0.0,0,0,0,22,13,-1,-1,0.0
stage1c_single_agent_small,3,2,142993,3296,1,100,100,1,0,31.90268325805664,4.0,4.0,0.0,0.4,0.0,0,0,0,59,34,-1,-1,0.0
stage1c_single_agent_small,3,2,143036,3297,1,100,100,1,0,29.167402267456055,4.0,4.0,0.0,0.12,0.0,0,0,0,43,24,-1,-1,0.0
stage1c_single_agent_small,3,2,143058,3298,1,100,100,1,0,29.502309799194336,4.0,4.0,0.0,0.12,0.0,0,0,0,22,15,-1,-1,0.0
stage1c_single_agent_small,3,2,143065,3299,1,100,100,1,0,31.962743759155273,4.0,4.0,0.0,0.08,0.0,0,0,0,7,3,-1,-1,0.0
stage1c_single_agent_small,3,2,143130,3300,1,100,100,1,0,32.07099533081055,4.0,4.0,0.0,0.32,0.0,0,0,0,65,48,-1,-1,0.0
stage1c_single_agent_small,3,2,143181,3301,1,100,100,1,0,32.28211212158203,4.0,4.0,0.0,0.32,0.0,0,0,0,51,34,-1,-1,0.0
stage1c_single_agent_small,3,2,143210,3302,1,100,100,1,0,31.670961380004883,4.0,4.0,0.0,0.2,0.0,0,0,0,29,13,-1,-1,0.0
stage1c_single_agent_small,3,2,143222,3303,1,100,100,1,0,31.323089599609375,4.0,4.0,0.0,0.08,0.0,0,0,0,12,7,-1,-1,0.0
stage1c_single_agent_small,3,2,143236,3304,1,100,100,1,0,32.13984298706055,4.0,4.0,0.0,0.12,0.0,0,0,0,14,10,-1,-1,0.0
stage1c_single_agent_small,3,2,143261,3305,1,100,100,1,0,31.04682159423828,4.0,4.0,0.0,0.2,0.0,0,0,0,25,15,-1,-1,0.0
stage1c_single_agent_small,3,2,143283,3306,1,100,100,1,0,31.514816284179688,4.0,4.0,0.0,0.2,0.0,0,0,0,22,18,-1,-1,0.0
stage1c_single_agent_small,3,2,143304,3307,1,100,100,1,0,32.3282585144043,4.0,4.0,0.0,0.24,0.0,0,0,0,21,17,-1,-1,0.0
stage1c_single_agent_small,3,2,143322,3308,1,100,100,1,0,72.12841033935547,4.0,4.0,1.0,0.12,0.0,0,0,0,18,4,15,11,0.05555555555555555
stage1c_single_agent_small,3,2,143359,3309,1,100,100,1,0,29.3690242767334,4.0,4.0,0.0,0.12,0.0,0,0,0,37,23,-1,-1,0.0
stage1c_single_agent_small,3,2,143404,3310,1,100,100,1,0,72.19108581542969,4.0,4.0,1.0,0.32,0.0,0,0,0,45,18,19,1,0.022222222222222223
stage1c_single_agent_small,3,2,143413,3311,1,100,100,1,0,31.51642608642578,4.0,4.0,0.0,0.04,0.0,0,0,0,9,2,-1,-1,0.0
stage1c_single_agent_small,3,2,143440,3312,1,100,100,1,0,31.44026756286621,4.0,4.0,0.0,0.2,0.0,0,0,0,27,10,-1,-1,0.0
stage1c_single_agent_small,3,2,143449,3313,1,100,100,1,0,31.132898330688477,4.0,4.0,0.0,0.08,0.0,0,0,0,9,3,-1,-1,0.0
stage1c_single_agent_small,3,2,143487,3314,1,100,100,1,0,31.644058227539062,4.0,4.0,0.0,0.36,0.0,0,0,0,38,22,-1,-1,0.0
stage1c_single_agent_small,3,2,143514,3315,1,100,100,1,0,31.438425064086914,4.0,4.0,0.0,0.28,0.0,0,0,0,27,9,-1,-1,0.0
stage1c_single_agent_small,3,2,143532,3316,1,100,100,1,0,31.52326202392578,4.0,4.0,0.0,0.2,0.0,0,0,0,18,13,-1,-1,0.0
stage1c_single_agent_small,3,2,143565,3317,1,100,100,1,0,31.165748596191406,4.0,4.0,0.0,0.2,0.0,0,0,0,33,15,-1,-1,0.0
stage1c_single_agent_small,3,2,143612,3318,1,100,100,1,0,70.0712890625,4.0,4.0,1.0,0.32,0.0,0,0,0,47,41,42,1,0.02127659574468085
stage1c_single_agent_small,3,2,143629,3319,1,100,100,1,0,30.69622230529785,4.0,4.0,0.0,0.16,0.0,0,0,0,17,11,-1,-1,0.0
stage1c_single_agent_small,3,2,143662,3320,1,100,100,1,0,32.31241989135742,4.0,4.0,0.0,0.32,0.0,0,0,0,33,18,-1,-1,0.0
stage1c_single_agent_small,3,2,143684,3321,1,100,100,1,0,30.29115867614746,4.0,4.0,0.0,0.2,0.0,0,0,0,22,15,-1,-1,0.0
stage1c_single_agent_small,3,2,143699,3322,1,100,100,1,0,31.483366012573242,4.0,4.0,0.0,0.04,0.0,0,0,0,15,4,-1,-1,0.0
stage1c_single_agent_small,3,2,143720,3323,1,100,100,1,0,151.33834838867188,4.0,4.0,3.0,0.2,0.0,0,0,0,21,17,17,0,0.14285714285714285
stage1c_single_agent_small,3,2,143751,3324,1,100,100,1,0,31.302719116210938,4.0,4.0,0.0,0.32,0.0,0,0,0,31,20,-1,-1,0.0
stage1c_single_agent_small,3,2,143808,3325,1,100,100,1,0,32.23701095581055,4.0,4.0,0.0,0.36,0.0,0,0,0,57,16,-1,-1,0.0
stage1c_single_agent_small,3,2,143843,3326,1,100,100,1,0,31.379011154174805,4.0,4.0,0.0,0.28,0.0,0,0,0,35,23,-1,-1,0.0
stage1c_single_agent_small,3,2,143861,3327,1,100,100,1,0,151.34054565429688,4.0,4.0,3.0,0.24,0.0,0,0,0,18,14,14,0,0.16666666666666666
stage1c_single_agent_small,3,2,143880,3328,1,100,100,1,0,31.46550750732422,4.0,4.0,0.0,0.16,0.0,0,0,0,19,13,-1,-1,0.0
stage1c_single_agent_small,3,2,143897,3329,1,100,100,1,0,32.265079498291016,4.0,4.0,0.0,0.08,0.0,0,0,0,17,9,-1,-1,0.0
stage1c_single_agent_small,3,2,143921,3330,1,100,100,1,0,31.234285354614258,4.0,4.0,0.0,0.24,0.0,0,0,0,24,15,-1,-1,0.0
stage1c_single_agent_small,3,2,143967,3331,1,100,100,1,0,31.510887145996094,4.0,4.0,0.0,0.4,0.0,0,0,0,46,11,-1,-1,0.0
stage1c_single_agent_small,3,2,144012,3332,1,100,100,1,0,29.8873291015625,4.0,4.0,0.0,0.24,0.0,0,0,0,45,12,-1,-1,0.0
stage1c_single_agent_small,3,2,144074,3333,1,100,100,1,0,31.830509185791016,4.0,4.0,0.0,0.4,0.0,0,0,0,62,31,-1,-1,0.0
stage1c_single_agent_small,3,2,144088,3334,1,100,100,1,0,30.325469970703125,4.0,4.0,0.0,0.16,0.0,0,0,0,14,6,-1,-1,0.0
stage1c_single_agent_small,3,2,144108,3335,1,100,100,1,0,31.130712509155273,4.0,4.0,0.0,0.24,0.0,0,0,0,20,14,-1,-1,0.0
stage1c_single_agent_small,3,2,144135,3336,1,100,100,1,0,30.602468490600586,4.0,4.0,0.0,0.12,0.0,0,0,0,27,9,-1,-1,0.0
stage1c_single_agent_small,3,2,144162,3337,1,100,100,1,0,191.297607421875,4.0,4.0,4.0,0.32,0.0,0,0,0,27,24,24,0,0.14814814814814814
stage1c_single_agent_small,3,2,144180,3338,1,100,100,1,0,30.638614654541016,4.0,4.0,0.0,0.16,0.0,0,0,0,18,12,-1,-1,0.0
stage1c_single_agent_small,3,2,144235,3339,1,100,100,1,0,71.67961883544922,4.0,4.0,1.0,0.36,0.0,0,0,0,55,21,55,34,0.01818181818181818
stage1c_single_agent_small,3,2,144270,3340,1,100,100,1,0,31.499643325805664,4.0,4.0,0.0,0.2,0.0,0,0,0,35,21,-1,-1,0.0
stage1c_single_agent_small,3,2,144316,3341,1,100,100,1,0,71.70722961425781,4.0,4.0,1.0,0.32,0.0,0,0,0,46,18,30,12,0.021739130434782608
stage1c_single_agent_small,3,2,144331,3342,1,100,100,1,0,31.093006134033203,4.0,4.0,0.0,0.12,0.0,0,0,0,15,9,-1,-1,0.0
stage1c_single_agent_small,3,2,144387,3343,1,100,100,1,0,71.28217315673828,4.0,4.0,1.0,0.24,0.0,0,0,0,56,35,44,9,0.017857142857142856
stage1c_single_agent_small,3,2,144411,3344,1,100,100,1,0,31.661699295043945,4.0,4.0,0.0,0.28,0.0,0,0,0,24,9,-1,-1,0.0
stage1c_single_agent_small,3,2,144424,3345,1,100,100,1,0,152.11813354492188,4.0,4.0,3.0,0.12,0.0,0,0,0,13,3,3,0,0.23076923076923078
stage1c_single_agent_small,3,2,144438,3346,1,100,100,1,0,31.725366592407227,4.0,4.0,0.0,0.16,0.0,0,0,0,14,10,-1,-1,0.0
stage1c_single_agent_small,3,2,144477,3347,1,100,100,1,0,109.10509490966797,4.0,4.0,2.0,0.24,0.0,0,0,0,39,22,22,0,0.05128205128205128
stage1c_single_agent_small,3,2,144493,3348,1,100,100,1,0,31.890390396118164,4.0,4.0,0.0,0.12,0.0,0,0,0,16,8,-1,-1,0.0
stage1c_single_agent_small,3,2,144517,3349,1,100,100,1,0,30.584739685058594,4.0,4.0,0.0,0.16,0.0,0,0,0,24,18,-1,-1,0.0
stage1c_single_agent_small,3,2,144533,3350,1,100,100,1,0,31.8978328704834,4.0,4.0,0.0,0.16,0.0,0,0,0,16,12,-1,-1,0.0
stage1c_single_agent_small,3,2,144572,3351,1,100,100,1,0,31.50026512145996,4.0,4.0,0.0,0.24,0.0,0,0,0,39,10,-1,-1,0.0
stage1c_single_agent_small,3,2,144596,3352,1,100,100,1,0,71.4526138305664,4.0,4.0,1.0,0.24,0.0,0,0,0,24,20,24,4,0.041666666666666664
stage1c_single_agent_small,3,2,144648,3353,1,100,100,1,0,31.168689727783203,4.0,4.0,0.0,0.36,0.0,0,0,0,52,24,-1,-1,0.0
stage1c_single_agent_small,3,2,144675,3354,1,100,100,1,0,30.983173370361328,4.0,4.0,0.0,0.16,0.0,0,0,0,27,8,-1,-1,0.0
stage1c_single_agent_small,3,2,144699,3355,1,100,100,1,0,190.8395538330078,4.0,4.0,4.0,0.2,0.0,0,0,0,24,21,21,0,0.16666666666666666
stage1c_single_agent_small,3,2,144709,3356,1,100,100,1,0,31.972126007080078,4.0,4.0,0.0,0.16,0.0,0,0,0,10,6,-1,-1,0.0
stage1c_single_agent_small,3,2,144745,3357,1,100,100,1,0,31.37445640563965,4.0,4.0,0.0,0.28,0.0,0,0,0,36,28,-1,-1,0.0
stage1c_single_agent_small,3,2,144763,3358,1,100,100,1,0,31.885469436645508,4.0,4.0,0.0,0.16,0.0,0,0,0,18,10,-1,-1,0.0
stage1c_single_agent_small,3,2,144780,3359,1,100,100,1,0,31.500829696655273,4.0,4.0,0.0,0.2,0.0,0,0,0,17,3,-1,-1,0.0
stage1c_single_agent_small,3,2,144796,3360,1,100,100,1,0,32.107547760009766,4.0,4.0,0.0,0.16,0.0,0,0,0,16,12,-1,-1,0.0
stage1c_single_agent_small,3,2,144830,3361,1,100,100,1,0,30.718481063842773,4.0,4.0,0.0,0.2,0.0,0,0,0,34,16,-1,-1,0.0
stage1c_single_agent_small,3,2,144845,3362,1,100,100,1,0,30.474008560180664,4.0,4.0,0.0,0.04,0.0,0,0,0,15,11,-1,-1,0.0
stage1c_single_agent_small,3,2,144876,3363,1,100,100,1,0,30.168678283691406,4.0,4.0,0.0,0.24,0.0,0,0,0,31,25,-1,-1,0.0
stage1c_single_agent_small,3,2,144900,3364,1,100,100,1,0,31.2525577545166,4.0,4.0,0.0,0.16,0.0,0,0,0,24,18,-1,-1,0.0
stage1c_single_agent_small,3,2,144914,3365,1,100,100,1,0,30.719392776489258,4.0,4.0,0.0,0.16,0.0,0,0,0,14,7,-1,-1,0.0
stage1c_single_agent_small,3,2,144956,3366,1,100,100,1,0,31.67194938659668,4.0,4.0,0.0,0.2,0.0,0,0,0,42,12,-1,-1,0.0
stage1c_single_agent_small,3,2,144998,3367,1,100,100,1,0,72.11386108398438,4.0,4.0,1.0,0.4,0.0,0,0,0,42,4,40,36,0.023809523809523808
stage1c_single_agent_small,3,2,145025,3368,1,100,100,1,0,30.891891479492188,4.0,4.0,0.0,0.04,0.0,0,0,0,27,3,-1,-1,0.0
stage1c_single_agent_small,3,2,145059,3369,1,100,100,1,0,29.35346794128418,4.0,4.0,0.0,0.24,0.0,0,0,0,34,27,-1,-1,0.0
stage1c_single_agent_small,3,2,145077,3370,1,100,100,1,0,31.838489532470703,4.0,4.0,0.0,0.12,0.0,0,0,0,18,4,-1,-1,0.0
stage1c_single_agent_small,3,2,145094,3371,1,100,100,1,0,31.26422882080078,4.0,4.0,0.0,0.12,0.0,0,0,0,17,13,-1,-1,0.0
stage1c_single_agent_small,3,2,145135,3372,1,100,100,1,0,31.910648345947266,4.0,4.0,0.0,0.28,0.0,0,0,0,41,36,-1,-1,0.0
stage1c_single_agent_small,3,2,145172,3373,1,100,100,1,0,29.107866287231445,4.0,4.0,0.0,0.24,0.0,0,0,0,37,15,-1,-1,0.0
stage1c_single_agent_small,3,2,145199,3374,1,100,100,1,0,30.424114227294922,4.0,4.0,0.0,0.28,0.0,0,0,0,27,22,-1,-1,0.0
stage1c_single_agent_small,3,2,145216,3375,1,100,100,1,0,30.229642868041992,4.0,4.0,0.0,0.12,0.0,0,0,0,17,13,-1,-1,0.0
stage1c_single_agent_small,3,2,145232,3376,1,100,100,1,0,31.713321685791016,4.0,4.0,0.0,0.2,0.0,0,0,0,16,12,-1,-1,0.0
stage1c_single_agent_small,3,2,145292,3377,1,100,100,1,0,112.35391998291016,4.0,4.0,2.0,0.4,0.0,0,0,0,60,36,37,1,0.03333333333333333
stage1c_single_agent_small,3,2,145298,3378,1,100,100,1,0,31.959543228149414,4.0,4.0,0.0,0.04,0.0,0,0,0,6,2,-1,-1,0.0
stage1c_single_agent_small,3,2,145359,3379,1,100,100,1,0,31.92918586730957,4.0,4.0,0.0,0.36,0.0,0,0,0,61,11,-1,-1,0.0
stage1c_single_agent_small,3,2,145389,3380,1,100,100,1,0,71.85054779052734,4.0,4.0,1.0,0.28,0.0,0,0,0,30,26,26,0,0.03333333333333333
stage1c_single_agent_small,3,2,145431,3381,1,100,100,1,0,110.29166412353516,4.0,4.0,2.0,0.28,0.0,0,0,0,42,32,33,1,0.047619047619047616
stage1c_single_agent_small,3,2,145475,3382,1,100,100,1,0,31.123144149780273,4.0,4.0,0.0,0.32,0.0,0,0,0,44,26,-1,-1,0.0
stage1c_single_agent_small,3,2,145498,3383,1,100,100,1,0,31.6113224029541,4.0,4.0,0.0,0.12,0.0,0,0,0,23,8,-1,-1,0.0
stage1c_single_agent_small,3,2,145542,3384,1,100,100,1,0,72.48356628417969,4.0,4.0,1.0,0.24,0.0,0,0,0,44,19,19,0,0.022727272727272728
stage1c_single_agent_small,3,2,145581,3385,1,100,100,1,0,32.30583190917969,4.0,4.0,0.0,0.24,0.0,0,0,0,39,17,-1,-1,0.0
stage1c_single_agent_small,3,2,145625,3386,1,100,100,1,0,30.189254760742188,4.0,4.0,0.0,0.4,0.0,0,0,0,44,34,-1,-1,0.0
stage1c_single_agent_small,3,2,145672,3387,1,100,100,1,0,30.782896041870117,4.0,4.0,0.0,0.24,0.0,0,0,0,47,17,-1,-1,0.0
stage1c_single_agent_small,3,2,145684,3388,1,100,100,1,0,31.943254470825195,4.0,4.0,0.0,0.16,0.0,0,0,0,12,8,-1,-1,0.0
stage1c_single_agent_small,3,2,145704,3389,1,100,100,1,0,31.462345123291016,4.0,4.0,0.0,0.2,0.0,0,0,0,20,6,-1,-1,0.0
stage1c_single_agent_small,3,2,145720,3390,1,100,100,1,0,191.5011749267578,4.0,4.0,4.0,0.12,0.0,0,0,0,16,12,12,0,0.25
stage1c_single_agent_small,3,2,145738,3391,1,100,100,1,0,71.46710205078125,4.0,4.0,1.0,0.16,0.0,0,0,0,18,13,13,0,0.05555555555555555
stage1c_single_agent_small,3,2,145786,3392,1,100,100,1,0,32.56660079956055,4.0,4.0,0.0,0.2,0.0,0,0,0,48,30,-1,-1,0.0
stage1c_single_agent_small,3,2,145829,3393,1,100,100,1,0,31.51004409790039,4.0,4.0,0.0,0.32,0.0,0,0,0,43,26,-1,-1,0.0
stage1c_single_agent_small,3,2,145866,3394,1,100,100,1,0,31.08743667602539,4.0,4.0,0.0,0.16,0.0,0,0,0,37,29,-1,-1,0.0
stage1c_single_agent_small,3,2,145889,3395,1,100,100,1,0,31.018333435058594,4.0,4.0,0.0,0.24,0.0,0,0,0,23,16,-1,-1,0.0
stage1c_single_agent_small,3,2,145914,3396,1,100,100,1,0,31.83952522277832,4.0,4.0,0.0,0.28,0.0,0,0,0,25,8,-1,-1,0.0
stage1c_single_agent_small,3,2,145961,3397,1,100,100,1,0,31.795228958129883,4.0,4.0,0.0,0.32,0.0,0,0,0,47,31,-1,-1,0.0
stage1c_single_agent_small,3,2,145991,3398,1,100,100,1,0,30.14929962158203,4.0,4.0,0.0,0.16,0.0,0,0,0,30,12,-1,-1,0.0
stage1c_single_agent_small,3,2,146014,3399,1,100,100,1,0,30.53676414489746,4.0,4.0,0.0,0.08,0.0,0,0,0,23,3,-1,-1,0.0
stage1c_single_agent_small,3,2,146044,3400,1,100,100,1,0,30.767322540283203,4.0,4.0,0.0,0.24,0.0,0,0,0,30,26,-1,-1,0.0
stage1c_single_agent_small,3,2,146053,3401,1,100,100,1,0,31.954538345336914,4.0,4.0,0.0,0.12,0.0,0,0,0,9,5,-1,-1,0.0
stage1c_single_agent_small,3,2,146075,3402,1,100,100,1,0,30.843719482421875,4.0,4.0,0.0,0.2,0.0,0,0,0,22,16,-1,-1,0.0
stage1c_single_agent_small,3,2,146103,3403,1,100,100,1,0,29.994216918945312,4.0,4.0,0.0,0.2,0.0,0,0,0,28,12,-1,-1,0.0
stage1c_single_agent_small,3,2,146135,3404,1,100,100,1,0,30.981285095214844,4.0,4.0,0.0,0.28,0.0,0,0,0,32,27,-1,-1,0.0
stage1c_single_agent_small,3,2,146154,3405,1,100,100,1,0,31.29815673828125,4.0,4.0,0.0,0.16,0.0,0,0,0,19,15,-1,-1,0.0
stage1c_single_agent_small,3,2,146191,3406,1,100,100,1,0,29.80185890197754,4.0,4.0,0.0,0.32,0.0,0,0,0,37,31,-1,-1,0.0
stage1c_single_agent_small,3,2,146218,3407,1,100,100,1,0,31.419204711914062,4.0,4.0,0.0,0.28,0.0,0,0,0,27,12,-1,-1,0.0
stage1c_single_agent_small,3,2,146234,3408,1,100,100,1,0,31.702739715576172,4.0,4.0,0.0,0.16,0.0,0,0,0,16,12,-1,-1,0.0
stage1c_single_agent_small,3,2,146314,3409,1,100,100,1,0,31.57099723815918,4.0,4.0,0.0,0.32,0.0,0,0,0,80,76,-1,-1,0.0
stage1c_single_agent_small,3,2,146340,3410,1,100,100,1,0,31.02081871032715,4.0,4.0,0.0,0.2,0.0,0,0,0,26,21,-1,-1,0.0
stage1c_single_agent_small,3,2,146361,3411,1,100,100,1,0,32.093441009521484,4.0,4.0,0.0,0.2,0.0,0,0,0,21,17,-1,-1,0.0
stage1c_single_agent_small,3,2,146378,3412,1,100,100,1,0,31.624874114990234,4.0,4.0,0.0,0.12,0.0,0,0,0,17,2,-1,-1,0.0
stage1c_single_agent_small,3,2,146398,3413,1,100,100,1,0,191.49884033203125,4.0,4.0,4.0,0.24,0.0,0,0,0,20,16,16,0,0.2
stage1c_single_agent_small,3,2,146439,3414,1,100,100,1,0,31.884063720703125,4.0,4.0,0.0,0.28,0.0,0,0,0,41,28,-1,-1,0.0
stage1c_single_agent_small,3,2,146477,3415,1,100,100,1,0,30.569049835205078,4.0,4.0,0.0,0.28,0.0,0,0,0,38,22,-1,-1,0.0
stage1c_single_agent_small,3,2,146490,3416,1,100,100,1,0,31.736286163330078,4.0,4.0,0.0,0.12,0.0,0,0,0,13,8,-1,-1,0.0
stage1c_single_agent_small,3,2,146516,3417,1,100,100,1,0,112.01744842529297,4.0,4.0,2.0,0.2,0.0,0,0,0,26,12,13,1,0.07692307692307693
stage1c_single_agent_small,3,2,146526,3418,1,100,100,1,0,31.13509750366211,4.0,4.0,0.0,0.12,0.0,0,0,0,10,4,-1,-1,0.0
stage1c_single_agent_small,3,2,146553,3419,1,100,100,1,0,32.029598236083984,4.0,4.0,0.0,0.28,0.0,0,0,0,27,23,-1,-1,0.0
stage1c_single_agent_small,3,2,146595,3420,1,100,100,1,0,31.845462799072266,4.0,4.0,0.0,0.2,0.0,0,0,0,42,26,-1,-1,0.0
stage1c_single_agent_small,3,2,146647,3421,1,100,100,1,0,31.96552085876465,4.0,4.0,0.0,0.28,0.0,0,0,0,52,37,-1,-1,0.0
stage1c_single_agent_small,3,2,146672,3422,1,100,100,1,0,191.86489868164062,4.0,4.0,4.0,0.24,0.0,0,0,0,25,18,18,0,0.16
stage1c_single_agent_small,3,2,146696,3423,1,100,100,1,0,111.25411987304688,4.0,4.0,2.0,0.28,0.0,0,0,0,24,19,21,2,0.08333333333333333
stage1c_single_agent_small,3,2,146711,3424,1,100,100,1,0,112.129150390625,4.0,4.0,2.0,0.16,0.0,0,0,0,15,12,12,0,0.13333333333333333
stage1c_single_agent_small,3,2,146733,3425,1,100,100,1,0,72.01074981689453,4.0,4.0,1.0,0.16,0.0,0,0,0,22,18,18,0,0.045454545454545456
stage1c_single_agent_small,3,2,146776,3426,1,100,100,1,0,31.9918212890625,4.0,4.0,0.0,0.2,0.0,0,0,0,43,10,-1,-1,0.0
stage1c_single_agent_small,3,2,146789,3427,1,100,100,1,0,31.948612213134766,4.0,4.0,0.0,0.2,0.0,0,0,0,13,9,-1,-1,0.0
stage1c_single_agent_small,3,2,146837,3428,1,100,100,1,0,30.1077823638916,4.0,4.0,0.0,0.2,0.0,0,0,0,48,27,-1,-1,0.0
stage1c_single_agent_small,3,2,146848,3429,1,100,100,1,0,31.549007415771484,4.0,4.0,0.0,0.08,0.0,0,0,0,11,7,-1,-1,0.0
stage1c_single_agent_small,3,2,146869,3430,1,100,100,1,0,31.70319366455078,4.0,4.0,0.0,0.28,0.0,0,0,0,21,9,-1,-1,0.0
stage1c_single_agent_small,3,2,146893,3431,1,100,100,1,0,71.85051727294922,4.0,4.0,1.0,0.2,0.0,0,0,0,24,1,3,2,0.041666666666666664
stage1c_single_agent_small,3,2,146916,3432,1,100,100,1,0,31.53233528137207,4.0,4.0,0.0,0.24,0.0,0,0,0,23,6,-1,-1,0.0
stage1c_single_agent_small,3,2,146936,3433,1,100,100,1,0,32.02606964111328,4.0,4.0,0.0,0.2,0.0,0,0,0,20,16,-1,-1,0.0
stage1c_single_agent_small,3,2,146954,3434,1,100,100,1,0,31.858808517456055,4.0,4.0,0.0,0.12,0.0,0,0,0,18,4,-1,-1,0.0
stage1c_single_agent_small,3,2,146993,3435,1,100,100,1,0,30.654808044433594,4.0,4.0,0.0,0.16,0.0,0,0,0,39,24,-1,-1,0.0
stage1c_single_agent_small,3,2,147039,3436,1,100,100,1,0,32.06688690185547,4.0,4.0,0.0,0.36,0.0,0,0,0,46,6,-1,-1,0.0
stage1c_single_agent_small,3,2,147090,3437,1,100,100,1,0,31.786212921142578,4.0,4.0,0.0,0.28,0.0,0,0,0,51,46,-1,-1,0.0
stage1c_single_agent_small,3,2,147104,3438,1,100,100,1,0,191.72537231445312,4.0,4.0,4.0,0.16,0.0,0,0,0,14,11,11,0,0.2857142857142857
stage1c_single_agent_small,3,2,147128,3439,1,100,100,1,0,31.626293182373047,4.0,4.0,0.0,0.2,0.0,0,0,0,24,20,-1,-1,0.0
stage1c_single_agent_small,3,2,147149,3440,1,100,100,1,0,32.4371223449707,4.0,4.0,0.0,0.2,0.0,0,0,0,21,17,-1,-1,0.0
stage1c_single_agent_small,3,2,147187,3441,1,100,100,1,0,31.44285774230957,4.0,4.0,0.0,0.32,0.0,0,0,0,38,34,-1,-1,0.0
stage1c_single_agent_small,3,2,147245,3442,1,100,100,1,0,30.228235244750977,4.0,4.0,0.0,0.32,0.0,0,0,0,58,22,-1,-1,0.0
stage1c_single_agent_small,3,2,147261,3443,1,100,100,1,0,31.503089904785156,4.0,4.0,0.0,0.2,0.0,0,0,0,16,9,-1,-1,0.0
stage1c_single_agent_small,3,2,147293,3444,1,100,100,1,0,70.80059814453125,4.0,4.0,1.0,0.2,0.0,0,0,0,32,29,32,3,0.03125
stage1c_single_agent_small,3,2,147335,3445,1,100,100,1,0,30.443347930908203,4.0,4.0,0.0,0.4,0.0,0,0,0,42,20,-1,-1,0.0
stage1c_single_agent_small,3,2,147367,3446,1,100,100,1,0,31.621423721313477,4.0,4.0,0.0,0.32,0.0,0,0,0,32,9,-1,-1,0.0
stage1c_single_agent_small,3,2,147388,3447,1,100,100,1,0,30.87264633178711,4.0,4.0,0.0,0.24,0.0,0,0,0,21,15,-1,-1,0.0
stage1c_single_agent_small,3,2,147422,3448,1,100,100,1,0,71.72598266601562,4.0,4.0,1.0,0.24,0.0,0,0,0,34,13,34,21,0.029411764705882353
stage1c_single_agent_small,3,2,147440,3449,1,100,100,1,0,31.320363998413086,4.0,4.0,0.0,0.16,0.0,0,0,0,18,14,-1,-1,0.0
stage1c_single_agent_small,3,2,147472,3450,1,100,100,1,0,30.620500564575195,4.0,4.0,0.0,0.24,0.0,0,0,0,32,19,-1,-1,0.0
stage1c_single_agent_small,3,2,147492,3451,1,100,100,1,0,70.26091766357422,4.0,4.0,1.0,0.12,0.0,0,0,0,20,4,20,16,0.05
stage1c_single_agent_small,3,2,147521,3452,1,100,100,1,0,31.164884567260742,4.0,4.0,0.0,0.16,0.0,0,0,0,29,25,-1,-1,0.0
stage1c_single_agent_small,3,2,147528,3453,1,100,100,1,0,31.993480682373047,4.0,4.0,0.0,0.12,0.0,0,0,0,7,3,-1,-1,0.0
stage1c_single_agent_small,3,2,147547,3454,1,100,100,1,0,30.657745361328125,4.0,4.0,0.0,0.08,0.0,0,0,0,19,6,-1,-1,0.0
stage1c_single_agent_small,3,2,147557,3455,1,100,100,1,0,31.577943801879883,4.0,4.0,0.0,0.12,0.0,0,0,0,10,3,-1,-1,0.0
stage1c_single_agent_small,3,2,147583,3456,1,100,100,1,0,70.51583862304688,4.0,4.0,1.0,0.24,0.0,0,0,0,26,21,21,0,0.038461538461538464
stage1c_single_agent_small,3,2,147599,3457,1,100,100,1,0,32.07781219482422,4.0,4.0,0.0,0.12,0.0,0,0,0,16,12,-1,-1,0.0
stage1c_single_agent_small,3,2,147625,3458,1,100,100,1,0,30.744386672973633,4.0,4.0,0.0,0.08,0.0,0,0,0,26,17,-1,-1,0.0
stage1c_single_agent_small,3,2,147656,3459,1,100,100,1,0,31.194293975830078,4.0,4.0,0.0,0.28,0.0,0,0,0,31,26,-1,-1,0.0
stage1c_single_agent_small,3,2,147666,3460,1,100,100,1,0,31.99787139892578,4.0,4.0,0.0,0.16,0.0,0,0,0,10,6,-1,-1,0.0
stage1c_single_agent_small,3,2,147712,3461,1,100,100,1,0,29.921314239501953,4.0,4.0,0.0,0.32,0.0,0,0,0,46,31,-1,-1,0.0
stage1c_single_agent_small,3,2,147723,3462,1,100,100,1,0,31.517009735107422,4.0,4.0,0.0,0.12,0.0,0,0,0,11,5,-1,-1,0.0
stage1c_single_agent_small,3,2,147773,3463,1,100,100,1,0,31.705795288085938,4.0,4.0,0.0,0.36,0.0,0,0,0,50,11,-1,-1,0.0
stage1c_single_agent_small,3,2,147787,3464,1,100,100,1,0,31.981290817260742,4.0,4.0,0.0,0.2,0.0,0,0,0,14,10,-1,-1,0.0
stage1c_single_agent_small,3,2,147806,3465,1,100,100,1,0,30.64860725402832,4.0,4.0,0.0,0.12,0.0,0,0,0,19,11,-1,-1,0.0
stage1c_single_agent_small,3,2,147857,3466,1,100,100,1,0,30.09027671813965,4.0,4.0,0.0,0.28,0.0,0,0,0,51,23,-1,-1,0.0
stage1c_single_agent_small,3,2,147887,3467,1,100,100,1,0,31.246110916137695,4.0,4.0,0.0,0.24,0.0,0,0,0,30,24,-1,-1,0.0
stage1c_single_agent_small,3,2,147906,3468,1,100,100,1,0,31.0756893157959,4.0,4.0,0.0,0.12,0.0,0,0,0,19,5,-1,-1,0.0
stage1c_single_agent_small,3,2,147957,3469,1,100,100,1,0,31.44148826599121,4.0,4.0,0.0,0.2,0.0,0,0,0,51,46,-1,-1,0.0
stage1c_single_agent_small,3,2,147983,3470,1,100,100,1,0,190.089599609375,4.0,4.0,4.0,0.16,0.0,0,0,0,26,23,23,0,0.15384615384615385
stage1c_single_agent_small,3,2,148009,3471,1,100,100,1,0,31.51280403137207,4.0,4.0,0.0,0.28,0.0,0,0,0,26,22,-1,-1,0.0
stage1c_single_agent_small,3,2,148041,3472,1,100,100,1,0,190.61990356445312,4.0,4.0,4.0,0.28,0.0,0,0,0,32,27,27,0,0.125
stage1c_single_agent_small,3,2,148055,3473,1,100,100,1,0,31.893461227416992,4.0,4.0,0.0,0.12,0.0,0,0,0,14,6,-1,-1,0.0
stage1c_single_agent_small,3,2,148127,3474,1,100,100,1,0,32.73395538330078,4.0,4.0,0.0,0.32,0.0,0,0,0,72,4,-1,-1,0.0
stage1c_single_agent_small,3,2,148139,3475,1,100,100,1,0,31.512779235839844,4.0,4.0,0.0,0.12,0.0,0,0,0,12,5,-1,-1,0.0
stage1c_single_agent_small,3,2,148197,3476,1,100,100,1,0,29.159358978271484,4.0,4.0,0.0,0.16,0.0,0,0,0,58,29,-1,-1,0.0
stage1c_single_agent_small,3,2,148234,3477,1,100,100,1,0,30.938644409179688,4.0,4.0,0.0,0.24,0.0,0,0,0,37,15,-1,-1,0.0
stage1c_single_agent_small,3,2,148248,3478,1,100,100,1,0,31.522401809692383,4.0,4.0,0.0,0.12,0.0,0,0,0,14,3,-1,-1,0.0
stage1c_single_agent_small,3,2,148264,3479,1,100,100,1,0,31.732309341430664,4.0,4.0,0.0,0.16,0.0,0,0,0,16,11,-1,-1,0.0
stage1c_single_agent_small,3,2,148293,3480,1,100,100,1,0,191.28851318359375,4.0,4.0,4.0,0.28,0.0,0,0,0,29,25,26,1,0.13793103448275862
stage1c_single_agent_small,3,2,148339,3481,1,100,100,1,0,30.63182258605957,4.0,4.0,0.0,0.24,0.0,0,0,0,46,24,-1,-1,0.0
stage1c_single_agent_small,3,2,148354,3482,1,100,100,1,0,31.04306983947754,4.0,4.0,0.0,0.08,0.0,0,0,0,15,10,-1,-1,0.0
stage1c_single_agent_small,3,2,148385,3483,1,100,100,1,0,30.66727638244629,4.0,4.0,0.0,0.28,0.0,0,0,0,31,13,-1,-1,0.0
stage1c_single_agent_small,3,2,148415,3484,1,100,100,1,0,29.44556999206543,4.0,4.0,0.0,0.2,0.0,0,0,0,30,24,-1,-1,0.0
stage1c_single_agent_small,3,2,148437,3485,1,100,100,1,0,30.957517623901367,4.0,4.0,0.0,0.24,0.0,0,0,0,22,17,-1,-1,0.0
stage1c_single_agent_small,3,2,148452,3486,1,100,100,1,0,31.92231559753418,4.0,4.0,0.0,0.12,0.0,0,0,0,15,11,-1,-1,0.0
stage1c_single_agent_small,3,2,148466,3487,1,100,100,1,0,111.36361694335938,4.0,4.0,2.0,0.12,0.0,0,0,0,14,10,13,3,0.14285714285714285
stage1c_single_agent_small,3,2,148495,3488,1,100,100,1,0,31.795185089111328,4.0,4.0,0.0,0.16,0.0,0,0,0,29,21,-1,-1,0.0
stage1c_single_agent_small,3,2,148537,3489,1,100,100,1,0,31.74479103088379,4.0,4.0,0.0,0.32,0.0,0,0,0,42,10,-1,-1,0.0
stage1c_single_agent_small,3,2,148557,3490,1,100,100,1,0,191.653076171875,4.0,4.0,4.0,0.16,0.0,0,0,0,20,17,17,0,0.2
stage1c_single_agent_small,3,2,148582,3491,1,100,100,1,0,31.660852432250977,4.0,4.0,0.0,0.2,0.0,0,0,0,25,10,-1,-1,0.0
stage1c_single_agent_small,3,2,148595,3492,1,100,100,1,0,32.144004821777344,4.0,4.0,0.0,0.12,0.0,0,0,0,13,9,-1,-1,0.0
stage1c_single_agent_small,3,2,148653,3493,1,100,100,1,0,32.420684814453125,4.0,4.0,0.0,0.36,0.0,0,0,0,58,12,-1,-1,0.0
stage1c_single_agent_small,3,2,148681,3494,1,100,100,1,0,31.276866912841797,4.0,4.0,0.0,0.28,0.0,0,0,0,28,20,-1,-1,0.0
stage1c_single_agent_small,3,2,148706,3495,1,100,100,1,0,72.27372741699219,4.0,4.0,1.0,0.28,0.0,0,0,0,25,16,16,0,0.04
stage1c_single_agent_small,3,2,148741,3496,1,100,100,1,0,30.95580291748047,4.0,4.0,0.0,0.24,0.0,0,0,0,35,29,-1,-1,0.0
stage1c_single_agent_small,3,2,148754,3497,1,100,100,1,0,32.12342834472656,4.0,4.0,0.0,0.08,0.0,0,0,0,13,9,-1,-1,0.0
stage1c_single_agent_small,3,2,148772,3498,1,100,100,1,0,30.725194931030273,4.0,4.0,0.0,0.2,0.0,0,0,0,18,12,-1,-1,0.0
stage1c_single_agent_small,3,2,148781,3499,1,100,100,1,0,31.770179748535156,4.0,4.0,0.0,0.16,0.0,0,0,0,9,2,-1,-1,0.0
stage1c_single_agent_small,3,2,148796,3500,1,100,100,1,0,31.099348068237305,4.0,4.0,0.0,0.12,0.0,0,0,0,15,9,-1,-1,0.0
stage1c_single_agent_small,3,2,148807,3501,1,100,100,1,0,31.143178939819336,4.0,4.0,0.0,0.08,0.0,0,0,0,11,5,-1,-1,0.0
stage1c_single_agent_small,3,2,148852,3502,1,100,100,1,0,30.94084930419922,4.0,4.0,0.0,0.24,0.0,0,0,0,45,25,-1,-1,0.0
stage1c_single_agent_small,3,2,148909,3503,1,100,100,1,0,30.52847671508789,4.0,4.0,0.0,0.28,0.0,0,0,0,57,20,-1,-1,0.0
stage1c_single_agent_small,3,2,148951,3504,1,100,100,1,0,31.643529891967773,4.0,4.0,0.0,0.36,0.0,0,0,0,42,12,-1,-1,0.0
stage1c_single_agent_small,3,2,148972,3505,1,100,100,1,0,32.08055114746094,4.0,4.0,0.0,0.16,0.0,0,0,0,21,17,-1,-1,0.0
stage1c_single_agent_small,3,2,149000,3506,1,100,100,1,0,32.04329299926758,4.0,4.0,0.0,0.24,0.0,0,0,0,28,11,-1,-1,0.0
stage1c_single_agent_small,3,2,149024,3507,1,100,100,1,0,30.94622802734375,4.0,4.0,0.0,0.32,0.0,0,0,0,24,19,-1,-1,0.0
stage1c_single_agent_small,3,2,149041,3508,1,100,100,1,0,31.396211624145508,4.0,4.0,0.0,0.24,0.0,0,0,0,17,12,-1,-1,0.0
stage1c_single_agent_small,3,2,149071,3509,1,100,100,1,0,31.387664794921875,4.0,4.0,0.0,0.2,0.0,0,0,0,30,15,-1,-1,0.0
stage1c_single_agent_small,3,2,149097,3510,1,100,100,1,0,30.924909591674805,4.0,4.0,0.0,0.24,0.0,0,0,0,26,22,-1,-1,0.0
stage1c_single_agent_small,3,2,149125,3511,1,100,100,1,0,31.045602798461914,4.0,4.0,0.0,0.32,0.0,0,0,0,28,20,-1,-1,0.0
stage1c_single_agent_small,3,2,149150,3512,1,100,100,1,0,191.67538452148438,4.0,4.0,4.0,0.2,0.0,0,0,0,25,22,22,0,0.16
stage1c_single_agent_small,3,2,149188,3513,1,100,100,1,0,30.984086990356445,4.0,4.0,0.0,0.32,0.0,0,0,0,38,26,-1,-1,0.0
stage1c_single_agent_small,3,2,149194,3514,1,100,100,1,0,31.988950729370117,4.0,4.0,0.0,0.08,0.0,0,0,0,6,2,-1,-1,0.0
stage1c_single_agent_small,3,2,149238,3515,1,100,100,1,0,31.42013168334961,4.0,4.0,0.0,0.32,0.0,0,0,0,44,31,-1,-1,0.0
stage1c_single_agent_small,3,2,149274,3516,1,100,100,1,0,30.63068389892578,4.0,4.0,0.0,0.2,0.0,0,0,0,36,22,-1,-1,0.0
stage1c_single_agent_small,3,2,149289,3517,1,100,100,1,0,32.115562438964844,4.0,4.0,0.0,0.12,0.0,0,0,0,15,11,-1,-1,0.0
stage1c_single_agent_small,3,2,149313,3518,1,100,100,1,0,31.47407341003418,4.0,4.0,0.0,0.2,0.0,0,0,0,24,10,-1,-1,0.0
stage1c_single_agent_small,3,2,149331,3519,1,100,100,1,0,31.489383697509766,4.0,4.0,0.0,0.24,0.0,0,0,0,18,13,-1,-1,0.0
stage1c_single_agent_small,3,2,149352,3520,1,100,100,1,0,31.079240798950195,4.0,4.0,0.0,0.16,0.0,0,0,0,21,3,-1,-1,0.0
stage1c_single_agent_small,3,2,149373,3521,1,100,100,1,0,31.68980598449707,4.0,4.0,0.0,0.16,0.0,0,0,0,21,15,-1,-1,0.0
stage1c_single_agent_small,3,2,149398,3522,1,100,100,1,0,30.849639892578125,4.0,4.0,0.0,0.16,0.0,0,0,0,25,19,-1,-1,0.0
stage1c_single_agent_small,3,2,149408,3523,1,100,100,1,0,31.168142318725586,4.0,4.0,0.0,0.08,0.0,0,0,0,10,4,-1,-1,0.0
stage1c_single_agent_small,3,2,149433,3524,1,100,100,1,0,32.27743911743164,4.0,4.0,0.0,0.16,0.0,0,0,0,25,10,-1,-1,0.0
stage1c_single_agent_small,3,2,149472,3525,1,100,100,1,0,31.7767333984375,4.0,4.0,0.0,0.28,0.0,0,0,0,39,34,-1,-1,0.0
stage1c_single_agent_small,3,2,149500,3526,1,100,100,1,0,30.2590274810791,4.0,4.0,0.0,0.2,0.0,0,0,0,28,9,-1,-1,0.0
stage1c_single_agent_small,3,2,149515,3527,1,100,100,1,0,30.75713539123535,4.0,4.0,0.0,0.2,0.0,0,0,0,15,9,-1,-1,0.0
stage1c_single_agent_small,3,2,149541,3528,1,100,100,1,0,31.681676864624023,4.0,4.0,0.0,0.24,0.0,0,0,0,26,21,-1,-1,0.0
stage1c_single_agent_small,3,2,149574,3529,1,100,100,1,0,30.20665740966797,4.0,4.0,0.0,0.16,0.0,0,0,0,33,15,-1,-1,0.0
stage1c_single_agent_small,3,2,149611,3530,1,100,100,1,0,31.227628707885742,4.0,4.0,0.0,0.2,0.0,0,0,0,37,22,-1,-1,0.0
stage1c_single_agent_small,3,2,149632,3531,1,100,100,1,0,31.882566452026367,4.0,4.0,0.0,0.16,0.0,0,0,0,21,17,-1,-1,0.0
stage1c_single_agent_small,3,2,149665,3532,1,100,100,1,0,30.010103225708008,4.0,4.0,0.0,0.16,0.0,0,0,0,33,14,-1,-1,0.0
stage1c_single_agent_small,3,2,149698,3533,1,100,100,1,0,32.22282028198242,4.0,4.0,0.0,0.28,0.0,0,0,0,33,29,-1,-1,0.0
stage1c_single_agent_small,3,2,149722,3534,1,100,100,1,0,31.490461349487305,4.0,4.0,0.0,0.24,0.0,0,0,0,24,6,-1,-1,0.0
stage1c_single_agent_small,3,2,149790,3535,1,100,100,1,0,31.718063354492188,4.0,4.0,0.0,0.32,0.0,0,0,0,68,31,-1,-1,0.0
stage1c_single_agent_small,3,2,149816,3536,1,100,100,1,0,31.713886260986328,4.0,4.0,0.0,0.28,0.0,0,0,0,26,21,-1,-1,0.0
stage1c_single_agent_small,3,2,149828,3537,1,100,100,1,0,31.914325714111328,4.0,4.0,0.0,0.12,0.0,0,0,0,12,8,-1,-1,0.0
stage1c_single_agent_small,3,2,149861,3538,1,100,100,1,0,31.842870712280273,4.0,4.0,0.0,0.28,0.0,0,0,0,33,29,-1,-1,0.0
stage1c_single_agent_small,3,2,149877,3539,1,100,100,1,0,30.699487686157227,4.0,4.0,0.0,0.08,0.0,0,0,0,16,9,-1,-1,0.0
stage1c_single_agent_small,3,2,149908,3540,1,100,100,1,0,31.421947479248047,4.0,4.0,0.0,0.24,0.0,0,0,0,31,11,-1,-1,0.0
stage1c_single_agent_small,3,2,149928,3541,1,100,100,1,0,31.102663040161133,4.0,4.0,0.0,0.16,0.0,0,0,0,20,14,-1,-1,0.0
stage1c_single_agent_small,3,2,149971,3542,1,100,100,1,0,31.94997215270996,4.0,4.0,0.0,0.28,0.0,0,0,0,43,14,-1,-1,0.0
stage1c_single_agent_small,3,2,149988,3543,1,100,100,1,0,31.145296096801758,4.0,4.0,0.0,0.16,0.0,0,0,0,17,11,-1,-1,0.0
stage1d_single_agent_delivery_obstacles,4,1,150021,3544,1,420,320,1,2,27.853811264038086,4.0,4.0,0.0,0.015873015873015872,0.0,0,0,0,21,3,-1,-1,0.0
stage1d_single_agent_delivery_obstacles,4,1,150120,3545,1,420,320,1,2,27.646900177001953,4.0,4.0,0.0,0.04365079365079365,0.0,0,0,0,99,49,-1,-1,0.0
stage1d_single_agent_delivery_obstacles,4,1,150343,3546,1,420,320,1,2,28.535810470581055,4.0,4.0,0.0,0.07539682539682539,0.0,0,0,0,223,97,-1,-1,0.0
stage1d_single_agent_delivery_obstacles,4,1,150395,3547,1,420,320,1,2,26.957483291625977,4.0,4.0,0.0,0.051587301587301584,0.0,0,0,0,52,31,-1,-1,0.0
stage1d_single_agent_delivery_obstacles,4,1,150685,3548,1,420,320,1,2,9.975756645202637,4.0,4.0,0.0,0.1984126984126984,0.0,0,0,0,290,236,-1,-1,0.0
stage1d_single_agent_delivery_obstacles,4,1,150968,3549,1,420,320,1,2,7.617374420166016,4.0,4.0,0.0,0.18253968253968253,0.0,0,0,0,283,262,-1,-1,0.0
stage1d_single_agent_delivery_obstacles,4,1,151148,3550,1,420,320,1,2,19.89356231689453,4.0,4.0,0.0,0.17063492063492064,0.0,0,0,0,180,175,-1,-1,0.0
stage1d_single_agent_delivery_obstacles,4,1,151464,3551,1,420,320,1,2,18.228313446044922,4.0,4.0,0.0,0.2857142857142857,0.0,0,0,0,316,289,-1,-1,0.0
stage1d_single_agent_delivery_obstacles,4,1,151587,3552,1,420,320,1,2,26.85659408569336,4.0,4.0,0.0,0.08333333333333333,0.0,0,0,0,123,51,-1,-1,0.0
stage1d_single_agent_delivery_obstacles,4,1,151907,3553,1,420,320,1,2,-13.82994270324707,0.0,0.0,0.0,0.1349206349206349,0.0,0,0,4,320,-1,-1,-1,0.0
stage1d_single_agent_delivery_obstacles,4,1,151937,3554,1,420,320,1,2,26.982200622558594,4.0,4.0,0.0,0.03571428571428571,0.0,0,0,0,30,13,-1,-1,0.0
stage1d_single_agent_delivery_obstacles,4,1,152257,3555,1,420,320,1,2,14.332535743713379,3.0,3.0,0.0,0.08333333333333333,0.0,0,0,1,320,51,-1,-1,0.0
stage1d_single_agent_delivery_obstacles,4,1,152431,3556,1,420,320,1,2,20.754858016967773,4.0,4.0,0.0,0.18253968253968253,0.0,0,0,0,174,170,-1,-1,0.0
stage1d_single_agent_delivery_obstacles,4,1,152751,3557,1,420,320,1,2,-23.600011825561523,0.0,0.0,0.0,0.1388888888888889,0.0,0,0,4,320,-1,-1,-1,0.0
stage1d_single_agent_delivery_obstacles,4,1,153071,3558,1,420,320,1,2,-16.59994888305664,0.0,0.0,0.0,0.24603174603174602,0.0,0,0,4,320,-1,-1,-1,0.0
stage1d_single_agent_delivery_obstacles,4,1,153391,3559,1,420,320,1,2,-18.919992446899414,0.0,0.0,0.0,0.1865079365079365,0.0,0,0,4,320,-1,-1,-1,0.0
stage1d_single_agent_delivery_obstacles,4,1,153416,3560,1,420,320,1,2,27.683547973632812,4.0,4.0,0.0,0.015873015873015872,0.0,0,0,0,25,21,-1,-1,0.0
stage1d_single_agent_delivery_obstacles,4,1,153576,3561,1,420,320,1,2,23.856197357177734,4.0,4.0,0.0,0.11507936507936507,0.0,0,0,0,160,115,-1,-1,0.0
stage1d_single_agent_delivery_obstacles,4,1,153781,3562,1,420,320,1,2,20.462385177612305,4.0,4.0,0.0,0.09523809523809523,0.0,0,0,0,205,197,-1,-1,0.0
stage1d_single_agent_delivery_obstacles,4,1,154101,3563,1,420,320,1,2,-16.319961547851562,0.0,0.0,0.0,0.21031746031746032,0.0,0,0,4,320,-1,-1,-1,0.0
stage1d_single_agent_delivery_obstacles,4,1,154421,3564,1,420,320,1,2,-21.63421630859375,0.0,0.0,0.0,0.09126984126984126,0.0,0,0,4,320,-1,-1,-1,0.0
stage1d_single_agent_delivery_obstacles,4,1,154646,3565,1,420,320,1,2,23.786848068237305,4.0,4.0,0.0,0.11507936507936507,0.0,0,0,0,225,189,-1,-1,0.0
stage1d_single_agent_delivery_obstacles,4,1,154661,3566,1,420,320,1,2,27.996675491333008,4.0,4.0,0.0,0.011904761904761904,0.0,0,0,0,15,11,-1,-1,0.0
stage1d_single_agent_delivery_obstacles,4,1,154755,3567,1,420,320,1,2,27.64958381652832,4.0,4.0,0.0,0.051587301587301584,0.0,0,0,0,94,52,-1,-1,0.0
stage1d_single_agent_delivery_obstacles,4,1,154842,3568,1,420,320,1,2,23.338550567626953,4.0,4.0,0.0,0.047619047619047616,0.0,0,0,0,87,67,-1,-1,0.0
stage1d_single_agent_delivery_obstacles,4,1,155162,3569,1,420,320,1,2,-9.789984703063965,0.0,0.0,0.0,0.07539682539682539,0.0,0,0,4,320,-1,-1,-1,0.0
stage1d_single_agent_delivery_obstacles,4,1,155174,3570,1,420,320,1,2,28.04730224609375,4.0,4.0,0.0,0.007936507936507936,0.0,0,0,0,12,8,-1,-1,0.0
stage1d_single_agent_delivery_obstacles,4,1,155494,3571,1,420,320,1,2,-15.807896614074707,0.0,0.0,0.0,0.07142857142857142,0.0,0,0,4,320,-1,-1,-1,0.0
stage1d_single_agent_delivery_obstacles,4,1,155565,3572,1,420,320,1,2,24.482913970947266,4.0,4.0,0.0,0.04365079365079365,0.0,0,0,0,71,67,-1,-1,0.0
stage1d_single_agent_delivery_obstacles,4,1,155835,3573,1,420,320,1,2,25.27493667602539,4.0,4.0,0.0,0.12301587301587301,0.0,0,0,0,270,249,-1,-1,0.0
stage1d_single_agent_delivery_obstacles,4,1,155866,3574,1,420,320,1,2,27.05205726623535,4.0,4.0,0.0,0.01984126984126984,0.0,0,0,0,31,26,-1,-1,0.0
stage1d_single_agent_delivery_obstacles,4,1,156186,3575,1,420,320,1,2,-9.049957275390625,0.0,0.0,0.0,0.07539682539682539,0.0,0,0,4,320,-1,-1,-1,0.0
stage1d_single_agent_delivery_obstacles,4,1,156217,3576,1,420,320,1,2,27.839733123779297,4.0,4.0,0.0,0.023809523809523808,0.0,0,0,0,31,27,-1,-1,0.0
stage1d_single_agent_delivery_obstacles,4,1,156537,3577,1,420,320,1,2,-4.62227201461792,0.0,0.0,0.0,0.10317460317460317,0.0,0,0,4,320,-1,-1,-1,0.0
stage1d_single_agent_delivery_obstacles,4,1,156652,3578,1,420,320,1,2,25.377490997314453,4.0,4.0,0.0,0.05952380952380952,0.0,0,0,0,115,80,-1,-1,0.0
stage1d_single_agent_delivery_obstacles,4,1,156766,3579,1,420,320,1,2,27.48943328857422,4.0,4.0,0.0,0.07539682539682539,0.0,0,0,0,114,93,-1,-1,0.0
stage1d_single_agent_delivery_obstacles,4,1,156815,3580,1,420,320,1,2,27.930578231811523,4.0,4.0,0.0,0.047619047619047616,0.0,0,0,0,49,26,-1,-1,0.0
stage1d_single_agent_delivery_obstacles,4,1,156879,3581,1,420,320,1,2,26.652517318725586,4.0,4.0,0.0,0.04365079365079365,0.0,0,0,0,64,60,-1,-1,0.0
stage1d_single_agent_delivery_obstacles,4,1,156920,3582,1,420,320,1,2,26.876455307006836,4.0,4.0,0.0,0.015873015873015872,0.0,0,0,0,41,37,-1,-1,0.0
stage1d_single_agent_delivery_obstacles,4,1,157240,3583,1,420,320,1,2,-5.7299957275390625,0.0,0.0,0.0,0.17857142857142858,0.0,0,0,4,320,-1,-1,-1,0.0
stage1d_single_agent_delivery_obstacles,4,1,157560,3584,1,420,320,1,2,-5.199990272521973,0.0,0.0,0.0,0.09523809523809523,0.0,0,0,4,320,-1,-1,-1,0.0
stage1d_single_agent_delivery_obstacles,4,1,157619,3585,1,420,320,1,2,27.88783836364746,4.0,4.0,0.0,0.04365079365079365,0.0,0,0,0,59,48,-1,-1,0.0
stage1d_single_agent_delivery_obstacles,4,1,157939,3586,1,420,320,1,2,-5.889981746673584,0.0,0.0,0.0,0.10317460317460317,0.0,0,0,4,320,-1,-1,-1,0.0
stage1d_single_agent_delivery_obstacles,4,1,158259,3587,1,420,320,1,2,-8.10997200012207,0.0,0.0,0.0,0.10714285714285714,0.0,0,0,4,320,-1,-1,-1,0.0
stage1d_single_agent_delivery_obstacles,4,1,158579,3588,1,420,320,1,2,-7.469962120056152,0.0,0.0,0.0,0.09126984126984126,0.0,0,0,4,320,-1,-1,-1,0.0
stage1d_single_agent_delivery_obstacles,4,1,158617,3589,1,420,320,1,2,26.46944236755371,4.0,4.0,0.0,0.03968253968253968,0.0,0,0,0,38,34,-1,-1,0.0
stage1d_single_agent_delivery_obstacles,4,1,158937,3590,1,420,320,1,2,-6.449986934661865,0.0,0.0,0.0,0.10317460317460317,0.0,0,0,4,320,-1,-1,-1,0.0
stage1d_single_agent_delivery_obstacles,4,1,158999,3591,1,420,320,1,2,27.725244522094727,4.0,4.0,0.0,0.04365079365079365,0.0,0,0,0,62,58,-1,-1,0.0
stage1d_single_agent_delivery_obstacles,4,1,159058,3592,1,420,320,1,2,27.854719161987305,4.0,4.0,0.0,0.051587301587301584,0.0,0,0,0,59,55,-1,-1,0.0
stage1d_single_agent_delivery_obstacles,4,1,159110,3593,1,420,320,1,2,27.546545028686523,4.0,4.0,0.0,0.023809523809523808,0.0,0,0,0,52,48,-1,-1,0.0
stage1d_single_agent_delivery_obstacles,4,1,159430,3594,1,420,320,1,2,-7.699988842010498,0.0,0.0,0.0,0.03571428571428571,0.0,0,0,4,320,-1,-1,-1,0.0
stage1d_single_agent_delivery_obstacles,4,1,159750,3595,1,420,320,1,2,-3.7600080966949463,0.0,0.0,0.0,0.031746031746031744,0.0,0,0,4,320,-1,-1,-1,0.0
stage1d_single_agent_delivery_obstacles,4,1,160070,3596,1,420,320,1,2,-2.9200081825256348,0.0,0.0,0.0,0.023809523809523808,0.0,0,0,4,320,-1,-1,-1,0.0
stage1d_single_agent_delivery_obstacles,4,1,160390,3597,1,420,320,1,2,-2.4100067615509033,0.0,0.0,0.0,0.007936507936507936,0.0,0,0,4,320,-1,-1,-1,0.0
stage1d_single_agent_delivery_obstacles,4,1,160559,3598,1,420,320,1,2,26.691612243652344,4.0,4.0,0.0,0.03571428571428571,0.0,0,0,0,169,165,-1,-1,0.0
stage1d_single_agent_delivery_obstacles,4,1,160879,3599,1,420,320,1,2,7.088407039642334,1.0,1.0,0.0,0.03571428571428571,0.0,0,0,3,320,38,-1,-1,0.0
stage1d_single_agent_delivery_obstacles,4,1,161199,3600,1,420,320,1,2,-1.920005440711975,0.0,0.0,0.0,0.003968253968253968,0.0,0,0,4,320,-1,-1,-1,0.0
stage1d_single_agent_delivery_obstacles,4,1,161519,3601,1,420,320,1,2,-1.9600056409835815,0.0,0.0,0.0,0.003968253968253968,0.0,0,0,4,320,-1,-1,-1,0.0
stage1d_single_agent_delivery_obstacles,4,1,161839,3602,1,420,320,1,2,-0.0804867148399353,0.0,0.0,0.0,0.027777777777777776,0.0,0,0,4,320,-1,-1,-1,0.0
stage1d_single_agent_delivery_obstacles,4,1,161874,3603,1,420,320,1,2,28.132761001586914,4.0,4.0,0.0,0.015873015873015872,0.0,0,0,0,35,31,-1,-1,0.0
stage1d_single_agent_delivery_obstacles,4,1,162194,3604,1,420,320,1,2,-2.1200060844421387,0.0,0.0,0.0,0.003968253968253968,0.0,0,0,4,320,-1,-1,-1,0.0
stage1d_single_agent_delivery_obstacles,4,1,162231,3605,1,420,320,1,2,28.07862663269043,4.0,4.0,0.0,0.011904761904761904,0.0,0,0,0,37,33,-1,-1,0.0
stage1d_single_agent_delivery_obstacles,4,1,162282,3606,1,420,320,1,2,28.045379638671875,4.0,4.0,0.0,0.023809523809523808,0.0,0,0,0,51,47,-1,-1,0.0
stage1d_single_agent_delivery_obstacles,4,1,162602,3607,1,420,320,1,2,-1.920005440711975,0.0,0.0,0.0,0.003968253968253968,0.0,0,0,4,320,-1,-1,-1,0.0
stage1d_single_agent_delivery_obstacles,4,1,162922,3608,1,420,320,1,2,-1.9400054216384888,0.0,0.0,0.0,0.003968253968253968,0.0,0,0,4,320,-1,-1,-1,0.0
stage1d_single_agent_delivery_obstacles,4,1,162973,3609,1,420,320,1,2,28.040985107421875,4.0,4.0,0.0,0.011904761904761904,0.0,0,0,0,51,47,-1,-1,0.0
stage1d_single_agent_delivery_obstacles,4,1,163293,3610,1,420,320,1,2,0.25173845887184143,0.0,0.0,0.0,0.031746031746031744,0.0,0,0,4,320,-1,-1,-1,0.0
stage1d_single_agent_delivery_obstacles,4,1,163362,3611,1,420,320,1,2,28.13233184814453,4.0,4.0,0.0,0.01984126984126984,0.0,0,0,0,69,65,-1,-1,0.0
stage1d_single_agent_delivery_obstacles,4,1,163682,3612,1,420,320,1,2,-1.920005440711975,0.0,0.0,0.0,0.003968253968253968,0.0,0,0,4,320,-1,-1,-1,0.0
stage1d_single_agent_delivery_obstacles,4,1,164002,3613,1,420,320,1,2,-1.920005440711975,0.0,0.0,0.0,0.003968253968253968,0.0,0,0,4,320,-1,-1,-1,0.0
stage1d_single_agent_delivery_obstacles,4,1,164322,3614,1,420,320,1,2,-1.920005440711975,0.0,0.0,0.0,0.003968253968253968,0.0,0,0,4,320,-1,-1,-1,0.0
stage1d_single_agent_delivery_obstacles,4,1,164642,3615,1,420,320,1,2,-1.920005440711975,0.0,0.0,0.0,0.003968253968253968,0.0,0,0,4,320,-1,-1,-1,0.0
stage1d_single_agent_delivery_obstacles,4,1,164962,3616,1,420,320,1,2,-1.920005440711975,0.0,0.0,0.0,0.003968253968253968,0.0,0,0,4,320,-1,-1,-1,0.0
stage1d_single_agent_delivery_obstacles,4,1,165282,3617,1,420,320,1,2,-1.920005440711975,0.0,0.0,0.0,0.003968253968253968,0.0,0,0,4,320,-1,-1,-1,0.0
stage1d_single_agent_delivery_obstacles,4,1,165363,3618,1,420,320,1,2,28.03131675720215,4.0,4.0,0.0,0.023809523809523808,0.0,0,0,0,81,77,-1,-1,0.0
stage1d_single_agent_delivery_obstacles,4,1,165683,3619,1,420,320,1,2,0.011676878668367863,0.0,0.0,0.0,0.023809523809523808,0.0,0,0,4,320,-1,-1,-1,0.0
stage1d_single_agent_delivery_obstacles,4,1,166003,3620,1,420,320,1,2,-1.920005440711975,0.0,0.0,0.0,0.003968253968253968,0.0,0,0,4,320,-1,-1,-1,0.0
stage1d_single_agent_delivery_obstacles,4,1,166323,3621,1,420,320,1,2,-1.920005440711975,0.0,0.0,0.0,0.003968253968253968,0.0,0,0,4,320,-1,-1,-1,0.0
stage1d_single_agent_delivery_obstacles,4,1,166643,3622,1,420,320,1,2,-1.9500054121017456,0.0,0.0,0.0,0.003968253968253968,0.0,0,0,4,320,-1,-1,-1,0.0
stage1d_single_agent_delivery_obstacles,4,1,166963,3623,1,420,320,1,2,-1.9500056505203247,0.0,0.0,0.0,0.007936507936507936,0.0,0,0,4,320,-1,-1,-1,0.0
stage1d_single_agent_delivery_obstacles,4,1,167006,3624,1,420,320,1,2,28.03617286682129,4.0,4.0,0.0,0.011904761904761904,0.0,0,0,0,43,39,-1,-1,0.0
stage1d_single_agent_delivery_obstacles,4,1,167326,3625,1,420,320,1,2,-1.920005440711975,0.0,0.0,0.0,0.003968253968253968,0.0,0,0,4,320,-1,-1,-1,0.0
stage1d_single_agent_delivery_obstacles,4,1,167646,3626,1,420,320,1,2,-1.9400055408477783,0.0,0.0,0.0,0.003968253968253968,0.0,0,0,4,320,-1,-1,-1,0.0
stage1d_single_agent_delivery_obstacles,4,1,167966,3627,1,420,320,1,2,-1.920005440711975,0.0,0.0,0.0,0.003968253968253968,0.0,0,0,4,320,-1,-1,-1,0.0
stage1d_single_agent_delivery_obstacles,4,1,168286,3628,1,420,320,1,2,-1.920005440711975,0.0,0.0,0.0,0.003968253968253968,0.0,0,0,4,320,-1,-1,-1,0.0
stage1d_single_agent_delivery_obstacles,4,1,168606,3629,1,420,320,1,2,-1.3810018301010132,0.0,0.0,0.0,0.01984126984126984,0.0,0,0,4,320,-1,-1,-1,0.0
stage1d_single_agent_delivery_obstacles,4,1,168926,3630,1,420,320,1,2,0.22618421912193298,0.0,0.0,0.0,0.027777777777777776,0.0,0,0,4,320,-1,-1,-1,0.0
stage1d_single_agent_delivery_obstacles,4,1,169209,3631,1,420,320,1,2,28.039846420288086,4.0,4.0,0.0,0.027777777777777776,0.0,0,0,0,283,279,-1,-1,0.0
stage1d_single_agent_delivery_obstacles,4,1,169278,3632,1,420,320,1,2,28.090452194213867,4.0,4.0,0.0,0.023809523809523808,0.0,0,0,0,69,65,-1,-1,0.0
stage1d_single_agent_delivery_obstacles,4,1,169598,3633,1,420,320,1,2,-1.920005440711975,0.0,0.0,0.0,0.003968253968253968,0.0,0,0,4,320,-1,-1,-1,0.0
stage1d_single_agent_delivery_obstacles,4,1,169666,3634,1,420,320,1,2,28.045055389404297,4.0,4.0,0.0,0.01984126984126984,0.0,0,0,0,68,64,-1,-1,0.0
stage1d_single_agent_delivery_obstacles,4,1,169986,3635,1,420,320,1,2,-1.920005440711975,0.0,0.0,0.0,0.003968253968253968,0.0,0,0,4,320,-1,-1,-1,0.0
stage1d_single_agent_delivery_obstacles,4,1,170306,3636,1,420,320,1,2,-1.9400054216384888,0.0,0.0,0.0,0.003968253968253968,0.0,0,0,4,320,-1,-1,-1,0.0
stage1d_single_agent_delivery_obstacles,4,1,170626,3637,1,420,320,1,2,-1.920005440711975,0.0,0.0,0.0,0.003968253968253968,0.0,0,0,4,320,-1,-1,-1,0.0
stage1d_single_agent_delivery_obstacles,4,1,170946,3638,1,420,320,1,2,-1.920005440711975,0.0,0.0,0.0,0.003968253968253968,0.0,0,0,4,320,-1,-1,-1,0.0
stage1d_single_agent_delivery_obstacles,4,1,170976,3639,1,420,320,1,2,28.003393173217773,4.0,4.0,0.0,0.015873015873015872,0.0,0,0,0,30,26,-1,-1,0.0
stage1d_single_agent_delivery_obstacles,4,1,170997,3640,1,420,320,1,2,28.040027618408203,4.0,4.0,0.0,0.007936507936507936,0.0,0,0,0,21,17,-1,-1,0.0
stage1d_single_agent_delivery_obstacles,4,1,171317,3641,1,420,320,1,2,-1.920005440711975,0.0,0.0,0.0,0.003968253968253968,0.0,0,0,4,320,-1,-1,-1,0.0
stage1d_single_agent_delivery_obstacles,4,1,171437,3642,1,420,320,1,2,28.078338623046875,4.0,4.0,0.0,0.023809523809523808,0.0,0,0,0,120,116,-1,-1,0.0
stage1d_single_agent_delivery_obstacles,4,1,171757,3643,1,420,320,1,2,-1.920005440711975,0.0,0.0,0.0,0.003968253968253968,0.0,0,0,4,320,-1,-1,-1,0.0
stage1d_single_agent_delivery_obstacles,4,1,172077,3644,1,420,320,1,2,-1.920005440711975,0.0,0.0,0.0,0.003968253968253968,0.0,0,0,4,320,-1,-1,-1,0.0
stage1d_single_agent_delivery_obstacles,4,1,172397,3645,1,420,320,1,2,-1.920005440711975,0.0,0.0,0.0,0.003968253968253968,0.0,0,0,4,320,-1,-1,-1,0.0
stage1d_single_agent_delivery_obstacles,4,1,172717,3646,1,420,320,1,2,-1.920005440711975,0.0,0.0,0.0,0.003968253968253968,0.0,0,0,4,320,-1,-1,-1,0.0
stage1d_single_agent_delivery_obstacles,4,1,173037,3647,1,420,320,1,2,0.20069511234760284,0.0,0.0,0.0,0.003968253968253968,0.0,0,0,4,320,-1,-1,-1,0.0
stage1d_single_agent_delivery_obstacles,4,1,173357,3648,1,420,320,1,2,-0.06544047594070435,0.0,0.0,0.0,0.015873015873015872,0.0,0,0,4,320,-1,-1,-1,0.0
stage1d_single_agent_delivery_obstacles,4,1,173677,3649,1,420,320,1,2,-1.920005440711975,0.0,0.0,0.0,0.003968253968253968,0.0,0,0,4,320,-1,-1,-1,0.0
stage1d_single_agent_delivery_obstacles,4,1,173997,3650,1,420,320,1,2,-1.9400055408477783,0.0,0.0,0.0,0.003968253968253968,0.0,0,0,4,320,-1,-1,-1,0.0
stage1d_single_agent_delivery_obstacles,4,1,174317,3651,1,420,320,1,2,0.20410163700580597,0.0,0.0,0.0,0.03968253968253968,0.0,0,0,4,320,-1,-1,-1,0.0
stage1d_single_agent_delivery_obstacles,4,1,174637,3652,1,420,320,1,2,-1.920005440711975,0.0,0.0,0.0,0.003968253968253968,0.0,0,0,4,320,-1,-1,-1,0.0
stage1d_single_agent_delivery_obstacles,4,1,174694,3653,1,420,320,1,2,27.974822998046875,4.0,4.0,0.0,0.01984126984126984,0.0,0,0,0,57,53,-1,-1,0.0
stage1d_single_agent_delivery_obstacles,4,1,174818,3654,1,420,320,1,2,28.06122398376465,4.0,4.0,0.0,0.023809523809523808,0.0,0,0,0,124,120,-1,-1,0.0
stage1d_single_agent_delivery_obstacles,4,1,174883,3655,1,420,320,1,2,28.099340438842773,4.0,4.0,0.0,0.015873015873015872,0.0,0,0,0,65,61,-1,-1,0.0
stage1d_single_agent_delivery_obstacles,4,1,175203,3656,1,420,320,1,2,-1.920005440711975,0.0,0.0,0.0,0.003968253968253968,0.0,0,0,4,320,-1,-1,-1,0.0
stage1d_single_agent_delivery_obstacles,4,1,175523,3657,1,420,320,1,2,-1.920005440711975,0.0,0.0,0.0,0.003968253968253968,0.0,0,0,4,320,-1,-1,-1,0.0
stage1d_single_agent_delivery_obstacles,4,1,175843,3658,1,420,320,1,2,-1.920005440711975,0.0,0.0,0.0,0.003968253968253968,0.0,0,0,4,320,-1,-1,-1,0.0
stage1d_single_agent_delivery_obstacles,4,1,175912,3659,1,420,320,1,2,23.59575653076172,4.0,4.0,0.0,0.027777777777777776,0.0,0,0,0,69,54,-1,-1,0.0
stage1d_single_agent_delivery_obstacles,4,1,176232,3660,1,420,320,1,2,-1.920005440711975,0.0,0.0,0.0,0.003968253968253968,0.0,0,0,4,320,-1,-1,-1,0.0
stage1d_single_agent_delivery_obstacles,4,1,176258,3661,1,420,320,1,2,28.045848846435547,4.0,4.0,0.0,0.015873015873015872,0.0,0,0,0,26,22,-1,-1,0.0
stage1d_single_agent_delivery_obstacles,4,1,176578,3662,1,420,320,1,2,-1.920005440711975,0.0,0.0,0.0,0.003968253968253968,0.0,0,0,4,320,-1,-1,-1,0.0
stage1d_single_agent_delivery_obstacles,4,1,176898,3663,1,420,320,1,2,-1.920005440711975,0.0,0.0,0.0,0.003968253968253968,0.0,0,0,4,320,-1,-1,-1,0.0
stage1d_single_agent_delivery_obstacles,4,1,177218,3664,1,420,320,1,2,-1.920005440711975,0.0,0.0,0.0,0.003968253968253968,0.0,0,0,4,320,-1,-1,-1,0.0
stage1d_single_agent_delivery_obstacles,4,1,177538,3665,1,420,320,1,2,-2.4853129386901855,0.0,0.0,0.0,0.011904761904761904,0.0,0,0,4,320,-1,-1,-1,0.0
stage1d_single_agent_delivery_obstacles,4,1,177858,3666,1,420,320,1,2,-1.920005440711975,0.0,0.0,0.0,0.003968253968253968,0.0,0,0,4,320,-1,-1,-1,0.0
stage1d_single_agent_delivery_obstacles,4,1,178178,3667,1,420,320,1,2,-1.920005440711975,0.0,0.0,0.0,0.003968253968253968,0.0,0,0,4,320,-1,-1,-1,0.0
stage1d_single_agent_delivery_obstacles,4,1,178498,3668,1,420,320,1,2,-1.920005440711975,0.0,0.0,0.0,0.003968253968253968,0.0,0,0,4,320,-1,-1,-1,0.0
stage1d_single_agent_delivery_obstacles,4,1,178556,3669,1,420,320,1,2,28.22564697265625,4.0,4.0,0.0,0.03968253968253968,0.0,0,0,0,58,43,-1,-1,0.0
stage1d_single_agent_delivery_obstacles,4,1,178876,3670,1,420,320,1,2,-1.920005440711975,0.0,0.0,0.0,0.003968253968253968,0.0,0,0,4,320,-1,-1,-1,0.0
stage1d_single_agent_delivery_obstacles,4,1,178932,3671,1,420,320,1,2,28.24374008178711,4.0,4.0,0.0,0.03571428571428571,0.0,0,0,0,56,52,-1,-1,0.0
stage1d_single_agent_delivery_obstacles,4,1,179015,3672,1,420,320,1,2,27.457910537719727,4.0,4.0,0.0,0.04365079365079365,0.0,0,0,0,83,79,-1,-1,0.0
stage1d_single_agent_delivery_obstacles,4,1,179335,3673,1,420,320,1,2,-1.920005440711975,0.0,0.0,0.0,0.003968253968253968,0.0,0,0,4,320,-1,-1,-1,0.0
stage1d_single_agent_delivery_obstacles,4,1,179379,3674,1,420,320,1,2,28.12689208984375,4.0,4.0,0.0,0.027777777777777776,0.0,0,0,0,44,40,-1,-1,0.0
stage1d_single_agent_delivery_obstacles,4,1,179699,3675,1,420,320,1,2,-1.920005440711975,0.0,0.0,0.0,0.003968253968253968,0.0,0,0,4,320,-1,-1,-1,0.0
stage1d_single_agent_delivery_obstacles,4,1,179720,3676,1,420,320,1,2,28.077903747558594,4.0,4.0,0.0,0.015873015873015872,0.0,0,0,0,21,17,-1,-1,0.0
stage1d_single_agent_delivery_obstacles,4,1,179785,3677,1,420,320,1,2,28.104190826416016,4.0,4.0,0.0,0.023809523809523808,0.0,0,0,0,65,61,-1,-1,0.0
stage1d_single_agent_delivery_obstacles,4,1,180105,3678,1,420,320,1,2,-1.920005440711975,0.0,0.0,0.0,0.003968253968253968,0.0,0,0,4,320,-1,-1,-1,0.0
stage1d_single_agent_delivery_obstacles,4,1,180161,3679,1,420,320,1,2,26.714929580688477,4.0,4.0,0.0,0.03571428571428571,0.0,0,0,0,56,45,-1,-1,0.0
stage1d_single_agent_delivery_obstacles,4,1,180481,3680,1,420,320,1,2,-1.9400055408477783,0.0,0.0,0.0,0.003968253968253968,0.0,0,0,4,320,-1,-1,-1,0.0
stage1d_single_agent_delivery_obstacles,4,1,180801,3681,1,420,320,1,2,-1.920005440711975,0.0,0.0,0.0,0.003968253968253968,0.0,0,0,4,320,-1,-1,-1,0.0
stage1d_single_agent_delivery_obstacles,4,1,181121,3682,1,420,320,1,2,-1.920005440711975,0.0,0.0,0.0,0.003968253968253968,0.0,0,0,4,320,-1,-1,-1,0.0
stage1d_single_agent_delivery_obstacles,4,1,181441,3683,1,420,320,1,2,-1.920005440711975,0.0,0.0,0.0,0.003968253968253968,0.0,0,0,4,320,-1,-1,-1,0.0
stage1d_single_agent_delivery_obstacles,4,1,181761,3684,1,420,320,1,2,-1.920005440711975,0.0,0.0,0.0,0.003968253968253968,0.0,0,0,4,320,-1,-1,-1,0.0
stage1d_single_agent_delivery_obstacles,4,1,182081,3685,1,420,320,1,2,-1.920005440711975,0.0,0.0,0.0,0.003968253968253968,0.0,0,0,4,320,-1,-1,-1,0.0
stage1d_single_agent_delivery_obstacles,4,1,182401,3686,1,420,320,1,2,-1.920005440711975,0.0,0.0,0.0,0.003968253968253968,0.0,0,0,4,320,-1,-1,-1,0.0
stage1d_single_agent_delivery_obstacles,4,1,182721,3687,1,420,320,1,2,-1.920005440711975,0.0,0.0,0.0,0.003968253968253968,0.0,0,0,4,320,-1,-1,-1,0.0
stage1d_single_agent_delivery_obstacles,4,1,183041,3688,1,420,320,1,2,-1.920005440711975,0.0,0.0,0.0,0.003968253968253968,0.0,0,0,4,320,-1,-1,-1,0.0
stage1d_single_agent_delivery_obstacles,4,1,183087,3689,1,420,320,1,2,28.12273597717285,4.0,4.0,0.0,0.031746031746031744,0.0,0,0,0,46,42,-1,-1,0.0
stage1d_single_agent_delivery_obstacles,4,1,183407,3690,1,420,320,1,2,-1.920005440711975,0.0,0.0,0.0,0.003968253968253968,0.0,0,0,4,320,-1,-1,-1,0.0
stage1d_single_agent_delivery_obstacles,4,1,183467,3691,1,420,320,1,2,28.21017074584961,4.0,4.0,0.0,0.03968253968253968,0.0,0,0,0,60,56,-1,-1,0.0
stage1d_single_agent_delivery_obstacles,4,1,183787,3692,1,420,320,1,2,-1.920005440711975,0.0,0.0,0.0,0.003968253968253968,0.0,0,0,4,320,-1,-1,-1,0.0
stage1d_single_agent_delivery_obstacles,4,1,183836,3693,1,420,320,1,2,28.07012176513672,4.0,4.0,0.0,0.027777777777777776,0.0,0,0,0,49,45,-1,-1,0.0
stage1d_single_agent_delivery_obstacles,4,1,183883,3694,1,420,320,1,2,28.07147216796875,4.0,4.0,0.0,0.023809523809523808,0.0,0,0,0,47,43,-1,-1,0.0
stage1d_single_agent_delivery_obstacles,4,1,184203,3695,1,420,320,1,2,-1.920005440711975,0.0,0.0,0.0,0.003968253968253968,0.0,0,0,4,320,-1,-1,-1,0.0
stage1d_single_agent_delivery_obstacles,4,1,184523,3696,1,420,320,1,2,-1.920005440711975,0.0,0.0,0.0,0.003968253968253968,0.0,0,0,4,320,-1,-1,-1,0.0
stage1d_single_agent_delivery_obstacles,4,1,184555,3697,1,420,320,1,2,28.021224975585938,4.0,4.0,0.0,0.01984126984126984,0.0,0,0,0,32,28,-1,-1,0.0
stage1d_single_agent_delivery_obstacles,4,1,184616,3698,1,420,320,1,2,27.960660934448242,4.0,4.0,0.0,0.01984126984126984,0.0,0,0,0,61,57,-1,-1,0.0
stage1d_single_agent_delivery_obstacles,4,1,184936,3699,1,420,320,1,2,-1.920005440711975,0.0,0.0,0.0,0.003968253968253968,0.0,0,0,4,320,-1,-1,-1,0.0
stage1d_single_agent_delivery_obstacles,4,1,185256,3700,1,420,320,1,2,-1.920005440711975,0.0,0.0,0.0,0.003968253968253968,0.0,0,0,4,320,-1,-1,-1,0.0
stage1d_single_agent_delivery_obstacles,4,1,185274,3701,1,420,320,1,2,28.118316650390625,4.0,4.0,0.0,0.023809523809523808,0.0,0,0,0,18,14,-1,-1,0.0
stage1d_single_agent_delivery_obstacles,4,1,185594,3702,1,420,320,1,2,-1.920005440711975,0.0,0.0,0.0,0.003968253968253968,0.0,0,0,4,320,-1,-1,-1,0.0
stage1d_single_agent_delivery_obstacles,4,1,185667,3703,1,420,320,1,2,26.587207794189453,4.0,4.0,0.0,0.03968253968253968,0.0,0,0,0,73,56,-1,-1,0.0
stage1d_single_agent_delivery_obstacles,4,1,185987,3704,1,420,320,1,2,-1.920005440711975,0.0,0.0,0.0,0.003968253968253968,0.0,0,0,4,320,-1,-1,-1,0.0
stage1d_single_agent_delivery_obstacles,4,1,186307,3705,1,420,320,1,2,-1.920005440711975,0.0,0.0,0.0,0.003968253968253968,0.0,0,0,4,320,-1,-1,-1,0.0
stage1d_single_agent_delivery_obstacles,4,1,186338,3706,1,420,320,1,2,27.25914764404297,4.0,4.0,0.0,0.023809523809523808,0.0,0,0,0,31,27,-1,-1,0.0
stage1d_single_agent_delivery_obstacles,4,1,186360,3707,1,420,320,1,2,28.091157913208008,4.0,4.0,0.0,0.01984126984126984,0.0,0,0,0,22,18,-1,-1,0.0
stage1d_single_agent_delivery_obstacles,4,1,186680,3708,1,420,320,1,2,-1.920005440711975,0.0,0.0,0.0,0.003968253968253968,0.0,0,0,4,320,-1,-1,-1,0.0
stage1d_single_agent_delivery_obstacles,4,1,187000,3709,1,420,320,1,2,-1.920005440711975,0.0,0.0,0.0,0.003968253968253968,0.0,0,0,4,320,-1,-1,-1,0.0
stage1d_single_agent_delivery_obstacles,4,1,187320,3710,1,420,320,1,2,-1.920005440711975,0.0,0.0,0.0,0.003968253968253968,0.0,0,0,4,320,-1,-1,-1,0.0
stage1d_single_agent_delivery_obstacles,4,1,187411,3711,1,420,320,1,2,28.047216415405273,4.0,4.0,0.0,0.015873015873015872,0.0,0,0,0,91,87,-1,-1,0.0
stage1d_single_agent_delivery_obstacles,4,1,187500,3712,1,420,320,1,2,28.197341918945312,4.0,4.0,0.0,0.05555555555555555,0.0,0,0,0,89,85,-1,-1,0.0
stage1d_single_agent_delivery_obstacles,4,1,187820,3713,1,420,320,1,2,-1.920005440711975,0.0,0.0,0.0,0.003968253968253968,0.0,0,0,4,320,-1,-1,-1,0.0
stage1d_single_agent_delivery_obstacles,4,1,188140,3714,1,420,320,1,2,-1.920005440711975,0.0,0.0,0.0,0.003968253968253968,0.0,0,0,4,320,-1,-1,-1,0.0
stage1d_single_agent_delivery_obstacles,4,1,188265,3715,1,420,320,1,2,28.086992263793945,4.0,4.0,0.0,0.03968253968253968,0.0,0,0,0,125,121,-1,-1,0.0
stage1d_single_agent_delivery_obstacles,4,1,188585,3716,1,420,320,1,2,-1.920005440711975,0.0,0.0,0.0,0.003968253968253968,0.0,0,0,4,320,-1,-1,-1,0.0
stage1d_single_agent_delivery_obstacles,4,1,188905,3717,1,420,320,1,2,-1.920005440711975,0.0,0.0,0.0,0.003968253968253968,0.0,0,0,4,320,-1,-1,-1,0.0
stage1d_single_agent_delivery_obstacles,4,1,189225,3718,1,420,320,1,2,-1.920005440711975,0.0,0.0,0.0,0.003968253968253968,0.0,0,0,4,320,-1,-1,-1,0.0
stage1d_single_agent_delivery_obstacles,4,1,189545,3719,1,420,320,1,2,-1.920005440711975,0.0,0.0,0.0,0.003968253968253968,0.0,0,0,4,320,-1,-1,-1,0.0
stage1d_single_agent_delivery_obstacles,4,1,189865,3720,1,420,320,1,2,-1.920005440711975,0.0,0.0,0.0,0.003968253968253968,0.0,0,0,4,320,-1,-1,-1,0.0
stage1d_single_agent_delivery_obstacles,4,1,189887,3721,1,420,320,1,2,28.24722671508789,4.0,4.0,0.0,0.01984126984126984,0.0,0,0,0,22,10,-1,-1,0.0
stage1d_single_agent_delivery_obstacles,4,1,190207,3722,1,420,320,1,2,-1.920005440711975,0.0,0.0,0.0,0.003968253968253968,0.0,0,0,4,320,-1,-1,-1,0.0
stage1d_single_agent_delivery_obstacles,4,1,190227,3723,1,420,320,1,2,28.063827514648438,4.0,4.0,0.0,0.011904761904761904,0.0,0,0,0,20,16,-1,-1,0.0
stage1d_single_agent_delivery_obstacles,4,1,190547,3724,1,420,320,1,2,-1.920005440711975,0.0,0.0,0.0,0.003968253968253968,0.0,0,0,4,320,-1,-1,-1,0.0
stage1d_single_agent_delivery_obstacles,4,1,190867,3725,1,420,320,1,2,-1.920005440711975,0.0,0.0,0.0,0.003968253968253968,0.0,0,0,4,320,-1,-1,-1,0.0
stage1d_single_agent_delivery_obstacles,4,1,190937,3726,1,420,320,1,2,27.51104164123535,4.0,4.0,0.0,0.027777777777777776,0.0,0,0,0,70,66,-1,-1,0.0
stage1d_single_agent_delivery_obstacles,4,1,191257,3727,1,420,320,1,2,-1.920005440711975,0.0,0.0,0.0,0.003968253968253968,0.0,0,0,4,320,-1,-1,-1,0.0
stage1d_single_agent_delivery_obstacles,4,1,191577,3728,1,420,320,1,2,-1.920005440711975,0.0,0.0,0.0,0.003968253968253968,0.0,0,0,4,320,-1,-1,-1,0.0
stage1d_single_agent_delivery_obstacles,4,1,191634,3729,1,420,320,1,2,28.198806762695312,4.0,4.0,0.0,0.023809523809523808,0.0,0,0,0,57,45,-1,-1,0.0
stage1d_single_agent_delivery_obstacles,4,1,191728,3730,1,420,320,1,2,28.099584579467773,4.0,4.0,0.0,0.027777777777777776,0.0,0,0,0,94,90,-1,-1,0.0
stage1d_single_agent_delivery_obstacles,4,1,191857,3731,1,420,320,1,2,28.138723373413086,4.0,4.0,0.0,0.03968253968253968,0.0,0,0,0,129,125,-1,-1,0.0
stage1d_single_agent_delivery_obstacles,4,1,192177,3732,1,420,320,1,2,-1.920005440711975,0.0,0.0,0.0,0.003968253968253968,0.0,0,0,4,320,-1,-1,-1,0.0
stage1d_single_agent_delivery_obstacles,4,1,192245,3733,1,420,320,1,2,28.163869857788086,4.0,4.0,0.0,0.027777777777777776,0.0,0,0,0,68,64,-1,-1,0.0
stage1d_single_agent_delivery_obstacles,4,1,192266,3734,1,420,320,1,2,28.066570281982422,4.0,4.0,0.0,0.011904761904761904,0.0,0,0,0,21,17,-1,-1,0.0
stage1d_single_agent_delivery_obstacles,4,1,192334,3735,1,420,320,1,2,27.37948989868164,4.0,4.0,0.0,0.031746031746031744,0.0,0,0,0,68,64,-1,-1,0.0
stage1d_single_agent_delivery_obstacles,4,1,192654,3736,1,420,320,1,2,-1.920005440711975,0.0,0.0,0.0,0.003968253968253968,0.0,0,0,4,320,-1,-1,-1,0.0
stage1d_single_agent_delivery_obstacles,4,1,192755,3737,1,420,320,1,2,28.07326316833496,4.0,4.0,0.0,0.04365079365079365,0.0,0,0,0,101,97,-1,-1,0.0
stage1d_single_agent_delivery_obstacles,4,1,193075,3738,1,420,320,1,2,-1.920005440711975,0.0,0.0,0.0,0.003968253968253968,0.0,0,0,4,320,-1,-1,-1,0.0
stage1d_single_agent_delivery_obstacles,4,1,193083,3739,1,420,320,1,2,27.980451583862305,4.0,4.0,0.0,0.011904761904761904,0.0,0,0,0,8,4,-1,-1,0.0
stage1d_single_agent_delivery_obstacles,4,1,193403,3740,1,420,320,1,2,-1.920005440711975,0.0,0.0,0.0,0.003968253968253968,0.0,0,0,4,320,-1,-1,-1,0.0
stage1d_single_agent_delivery_obstacles,4,1,193452,3741,1,420,320,1,2,28.22821044921875,4.0,4.0,0.0,0.023809523809523808,0.0,0,0,0,49,45,-1,-1,0.0
stage1d_single_agent_delivery_obstacles,4,1,193772,3742,1,420,320,1,2,-1.920005440711975,0.0,0.0,0.0,0.003968253968253968,0.0,0,0,4,320,-1,-1,-1,0.0
stage1d_single_agent_delivery_obstacles,4,1,194092,3743,1,420,320,1,2,-1.920005440711975,0.0,0.0,0.0,0.003968253968253968,0.0,0,0,4,320,-1,-1,-1,0.0
stage1d_single_agent_delivery_obstacles,4,1,194412,3744,1,420,320,1,2,-1.920005440711975,0.0,0.0,0.0,0.003968253968253968,0.0,0,0,4,320,-1,-1,-1,0.0
stage1d_single_agent_delivery_obstacles,4,1,194732,3745,1,420,320,1,2,-1.9400054216384888,0.0,0.0,0.0,0.003968253968253968,0.0,0,0,4,320,-1,-1,-1,0.0
stage1d_single_agent_delivery_obstacles,4,1,195052,3746,1,420,320,1,2,-1.920005440711975,0.0,0.0,0.0,0.003968253968253968,0.0,0,0,4,320,-1,-1,-1,0.0
stage1d_single_agent_delivery_obstacles,4,1,195079,3747,1,420,320,1,2,26.524761199951172,4.0,4.0,0.0,0.011904761904761904,0.0,0,0,0,27,23,-1,-1,0.0
stage1d_single_agent_delivery_obstacles,4,1,195399,3748,1,420,320,1,2,-1.920005440711975,0.0,0.0,0.0,0.003968253968253968,0.0,0,0,4,320,-1,-1,-1,0.0
stage1d_single_agent_delivery_obstacles,4,1,195719,3749,1,420,320,1,2,-1.920005440711975,0.0,0.0,0.0,0.003968253968253968,0.0,0,0,4,320,-1,-1,-1,0.0
stage1d_single_agent_delivery_obstacles,4,1,196039,3750,1,420,320,1,2,-1.920005440711975,0.0,0.0,0.0,0.003968253968253968,0.0,0,0,4,320,-1,-1,-1,0.0
stage1d_single_agent_delivery_obstacles,4,1,196359,3751,1,420,320,1,2,-1.920005440711975,0.0,0.0,0.0,0.003968253968253968,0.0,0,0,4,320,-1,-1,-1,0.0
stage1d_single_agent_delivery_obstacles,4,1,196378,3752,1,420,320,1,2,28.100515365600586,4.0,4.0,0.0,0.01984126984126984,0.0,0,0,0,19,15,-1,-1,0.0
stage1d_single_agent_delivery_obstacles,4,1,196434,3753,1,420,320,1,2,25.195165634155273,4.0,4.0,0.0,0.027777777777777776,0.0,0,0,0,56,44,-1,-1,0.0
stage1d_single_agent_delivery_obstacles,4,1,196754,3754,1,420,320,1,2,-1.920005440711975,0.0,0.0,0.0,0.003968253968253968,0.0,0,0,4,320,-1,-1,-1,0.0
stage1d_single_agent_delivery_obstacles,4,1,197074,3755,1,420,320,1,2,-1.920005440711975,0.0,0.0,0.0,0.003968253968253968,0.0,0,0,4,320,-1,-1,-1,0.0
stage1d_single_agent_delivery_obstacles,4,1,197394,3756,1,420,320,1,2,-1.920005440711975,0.0,0.0,0.0,0.003968253968253968,0.0,0,0,4,320,-1,-1,-1,0.0
stage1d_single_agent_delivery_obstacles,4,1,197714,3757,1,420,320,1,2,-1.920005440711975,0.0,0.0,0.0,0.003968253968253968,0.0,0,0,4,320,-1,-1,-1,0.0
stage1d_single_agent_delivery_obstacles,4,1,198034,3758,1,420,320,1,2,-1.920005440711975,0.0,0.0,0.0,0.003968253968253968,0.0,0,0,4,320,-1,-1,-1,0.0
stage1d_single_agent_delivery_obstacles,4,1,198354,3759,1,420,320,1,2,-1.920005440711975,0.0,0.0,0.0,0.003968253968253968,0.0,0,0,4,320,-1,-1,-1,0.0
stage1d_single_agent_delivery_obstacles,4,1,198674,3760,1,420,320,1,2,-1.920005440711975,0.0,0.0,0.0,0.003968253968253968,0.0,0,0,4,320,-1,-1,-1,0.0
stage1d_single_agent_delivery_obstacles,4,1,198994,3761,1,420,320,1,2,-1.920005440711975,0.0,0.0,0.0,0.003968253968253968,0.0,0,0,4,320,-1,-1,-1,0.0
stage1d_single_agent_delivery_obstacles,4,1,199059,3762,1,420,320,1,2,28.14412498474121,4.0,4.0,0.0,0.031746031746031744,0.0,0,0,0,65,61,-1,-1,0.0
stage1d_single_agent_delivery_obstacles,4,1,199379,3763,1,420,320,1,2,-1.920005440711975,0.0,0.0,0.0,0.003968253968253968,0.0,0,0,4,320,-1,-1,-1,0.0
stage1d_single_agent_delivery_obstacles,4,1,199429,3764,1,420,320,1,2,28.276519775390625,4.0,4.0,0.0,0.031746031746031744,0.0,0,0,0,50,38,-1,-1,0.0
stage1d_single_agent_delivery_obstacles,4,1,199749,3765,1,420,320,1,2,-1.920005440711975,0.0,0.0,0.0,0.003968253968253968,0.0,0,0,4,320,-1,-1,-1,0.0
stage1d_single_agent_delivery_obstacles,4,1,200069,3766,1,420,320,1,2,-1.920005440711975,0.0,0.0,0.0,0.003968253968253968,0.0,0,0,4,320,-1,-1,-1,0.0
stage1d_single_agent_delivery_obstacles,4,1,200389,3767,1,420,320,1,2,-1.920005440711975,0.0,0.0,0.0,0.003968253968253968,0.0,0,0,4,320,-1,-1,-1,0.0
stage1d_single_agent_delivery_obstacles,4,1,200709,3768,1,420,320,1,2,-1.930005431175232,0.0,0.0,0.0,0.003968253968253968,0.0,0,0,4,320,-1,-1,-1,0.0
stage1d_single_agent_delivery_obstacles,4,1,201029,3769,1,420,320,1,2,-1.920005440711975,0.0,0.0,0.0,0.003968253968253968,0.0,0,0,4,320,-1,-1,-1,0.0
stage1d_single_agent_delivery_obstacles,4,1,201349,3770,1,420,320,1,2,-1.920005440711975,0.0,0.0,0.0,0.003968253968253968,0.0,0,0,4,320,-1,-1,-1,0.0
stage1d_single_agent_delivery_obstacles,4,1,201669,3771,1,420,320,1,2,-1.9400055408477783,0.0,0.0,0.0,0.003968253968253968,0.0,0,0,4,320,-1,-1,-1,0.0
stage1d_single_agent_delivery_obstacles,4,1,201989,3772,1,420,320,1,2,-1.920005440711975,0.0,0.0,0.0,0.003968253968253968,0.0,0,0,4,320,-1,-1,-1,0.0
stage1d_single_agent_delivery_obstacles,4,1,202071,3773,1,420,320,1,2,28.266691207885742,4.0,4.0,0.0,0.047619047619047616,0.0,0,0,0,82,78,-1,-1,0.0
stage1d_single_agent_delivery_obstacles,4,1,202391,3774,1,420,320,1,2,-1.920005440711975,0.0,0.0,0.0,0.003968253968253968,0.0,0,0,4,320,-1,-1,-1,0.0
stage1d_single_agent_delivery_obstacles,4,1,202414,3775,1,420,320,1,2,28.025022506713867,4.0,4.0,0.0,0.007936507936507936,0.0,0,0,0,23,19,-1,-1,0.0
stage1d_single_agent_delivery_obstacles,4,1,202443,3776,1,420,320,1,2,28.03105926513672,4.0,4.0,0.0,0.01984126984126984,0.0,0,0,0,29,25,-1,-1,0.0
stage1d_single_agent_delivery_obstacles,4,1,202763,3777,1,420,320,1,2,-1.920005440711975,0.0,0.0,0.0,0.003968253968253968,0.0,0,0,4,320,-1,-1,-1,0.0
stage1d_single_agent_delivery_obstacles,4,1,202869,3778,1,420,320,1,2,27.999141693115234,4.0,4.0,0.0,0.023809523809523808,0.0,0,0,0,106,102,-1,-1,0.0
stage1d_single_agent_delivery_obstacles,4,1,202917,3779,1,420,320,1,2,28.1117000579834,4.0,4.0,0.0,0.031746031746031744,0.0,0,0,0,48,44,-1,-1,0.0
stage1d_single_agent_delivery_obstacles,4,1,202940,3780,1,420,320,1,2,28.02642250061035,4.0,4.0,0.0,0.011904761904761904,0.0,0,0,0,23,19,-1,-1,0.0
stage1d_single_agent_delivery_obstacles,4,1,203002,3781,1,420,320,1,2,27.395389556884766,4.0,4.0,0.0,0.027777777777777776,0.0,0,0,0,62,58,-1,-1,0.0
stage1d_single_agent_delivery_obstacles,4,1,203322,3782,1,420,320,1,2,-1.920005440711975,0.0,0.0,0.0,0.003968253968253968,0.0,0,0,4,320,-1,-1,-1,0.0
stage1d_single_agent_delivery_obstacles,4,1,203642,3783,1,420,320,1,2,-1.920005440711975,0.0,0.0,0.0,0.003968253968253968,0.0,0,0,4,320,-1,-1,-1,0.0
stage1d_single_agent_delivery_obstacles,4,1,203686,3784,1,420,320,1,2,28.424793243408203,4.0,4.0,0.0,0.023809523809523808,0.0,0,0,0,44,10,-1,-1,0.0
stage1d_single_agent_delivery_obstacles,4,1,203727,3785,1,420,320,1,2,28.184844970703125,4.0,4.0,0.0,0.03571428571428571,0.0,0,0,0,41,37,-1,-1,0.0
stage1d_single_agent_delivery_obstacles,4,1,204047,3786,1,420,320,1,2,-1.920005440711975,0.0,0.0,0.0,0.003968253968253968,0.0,0,0,4,320,-1,-1,-1,0.0
stage1d_single_agent_delivery_obstacles,4,1,204115,3787,1,420,320,1,2,28.19798469543457,4.0,4.0,0.0,0.04365079365079365,0.0,0,0,0,68,64,-1,-1,0.0
stage1d_single_agent_delivery_obstacles,4,1,204435,3788,1,420,320,1,2,-1.920005440711975,0.0,0.0,0.0,0.003968253968253968,0.0,0,0,4,320,-1,-1,-1,0.0
stage1d_single_agent_delivery_obstacles,4,1,204741,3789,1,420,320,1,2,138.54879760742188,4.0,4.0,3.0,0.05555555555555555,0.0,0,0,0,306,171,204,33,0.00980392156862745
stage1d_single_agent_delivery_obstacles,4,1,205061,3790,1,420,320,1,2,-1.920005440711975,0.0,0.0,0.0,0.003968253968253968,0.0,0,0,4,320,-1,-1,-1,0.0
stage1d_single_agent_delivery_obstacles,4,1,205120,3791,1,420,320,1,2,28.03514289855957,4.0,4.0,0.0,0.03968253968253968,0.0,0,0,0,59,55,-1,-1,0.0
stage1d_single_agent_delivery_obstacles,4,1,205440,3792,1,420,320,1,2,-1.920005440711975,0.0,0.0,0.0,0.003968253968253968,0.0,0,0,4,320,-1,-1,-1,0.0
stage1d_single_agent_delivery_obstacles,4,1,205760,3793,1,420,320,1,2,-1.920005440711975,0.0,0.0,0.0,0.003968253968253968,0.0,0,0,4,320,-1,-1,-1,0.0
stage1d_single_agent_delivery_obstacles,4,1,205799,3794,1,420,320,1,2,28.183507919311523,4.0,4.0,0.0,0.03571428571428571,0.0,0,0,0,39,10,-1,-1,0.0
stage1d_single_agent_delivery_obstacles,4,1,206119,3795,1,420,320,1,2,-2.6544220447540283,0.0,0.0,0.0,0.011904761904761904,0.0,0,0,4,320,-1,-1,-1,0.0
stage1d_single_agent_delivery_obstacles,4,1,206439,3796,1,420,320,1,2,-1.920005440711975,0.0,0.0,0.0,0.003968253968253968,0.0,0,0,4,320,-1,-1,-1,0.0
stage1d_single_agent_delivery_obstacles,4,1,206759,3797,1,420,320,1,2,-1.920005440711975,0.0,0.0,0.0,0.003968253968253968,0.0,0,0,4,320,-1,-1,-1,0.0
stage1d_single_agent_delivery_obstacles,4,1,207079,3798,1,420,320,1,2,-1.920005440711975,0.0,0.0,0.0,0.003968253968253968,0.0,0,0,4,320,-1,-1,-1,0.0
stage1d_single_agent_delivery_obstacles,4,1,207399,3799,1,420,320,1,2,-1.920005440711975,0.0,0.0,0.0,0.003968253968253968,0.0,0,0,4,320,-1,-1,-1,0.0
stage1d_single_agent_delivery_obstacles,4,1,207490,3800,1,420,320,1,2,27.97983741760254,4.0,4.0,0.0,0.051587301587301584,0.0,0,0,0,91,41,-1,-1,0.0
stage1d_single_agent_delivery_obstacles,4,1,207542,3801,1,420,320,1,2,27.531455993652344,4.0,4.0,0.0,0.03968253968253968,0.0,0,0,0,52,32,-1,-1,0.0
stage1d_single_agent_delivery_obstacles,4,1,207862,3802,1,420,320,1,2,-1.920005440711975,0.0,0.0,0.0,0.003968253968253968,0.0,0,0,4,320,-1,-1,-1,0.0
stage1d_single_agent_delivery_obstacles,4,1,207886,3803,1,420,320,1,2,28.055797576904297,4.0,4.0,0.0,0.023809523809523808,0.0,0,0,0,24,20,-1,-1,0.0
stage1d_single_agent_delivery_obstacles,4,1,208206,3804,1,420,320,1,2,-1.9500054121017456,0.0,0.0,0.0,0.007936507936507936,0.0,0,0,4,320,-1,-1,-1,0.0
stage1d_single_agent_delivery_obstacles,4,1,208526,3805,1,420,320,1,2,-1.920005440711975,0.0,0.0,0.0,0.003968253968253968,0.0,0,0,4,320,-1,-1,-1,0.0
stage1d_single_agent_delivery_obstacles,4,1,208556,3806,1,420,320,1,2,27.97034454345703,4.0,4.0,0.0,0.011904761904761904,0.0,0,0,0,30,26,-1,-1,0.0
stage1d_single_agent_delivery_obstacles,4,1,208876,3807,1,420,320,1,2,-1.920005440711975,0.0,0.0,0.0,0.003968253968253968,0.0,0,0,4,320,-1,-1,-1,0.0
stage1d_single_agent_delivery_obstacles,4,1,208916,3808,1,420,320,1,2,26.59328842163086,4.0,4.0,0.0,0.011904761904761904,0.0,0,0,0,40,15,-1,-1,0.0
stage1d_single_agent_delivery_obstacles,4,1,209236,3809,1,420,320,1,2,-1.920005440711975,0.0,0.0,0.0,0.003968253968253968,0.0,0,0,4,320,-1,-1,-1,0.0
stage1d_single_agent_delivery_obstacles,4,1,209278,3810,1,420,320,1,2,28.174129486083984,4.0,4.0,0.0,0.03968253968253968,0.0,0,0,0,42,38,-1,-1,0.0
stage1d_single_agent_delivery_obstacles,4,1,209598,3811,1,420,320,1,2,-1.920005440711975,0.0,0.0,0.0,0.003968253968253968,0.0,0,0,4,320,-1,-1,-1,0.0
stage1d_single_agent_delivery_obstacles,4,1,209918,3812,1,420,320,1,2,-2.020005941390991,0.0,0.0,0.0,0.003968253968253968,0.0,0,0,4,320,-1,-1,-1,0.0
stage1d_single_agent_delivery_obstacles,4,2,210320,3813,1,420,320,1,2,-1.920005440711975,0.0,0.0,0.0,0.003968253968253968,0.0,0,0,4,320,-1,-1,-1,0.0
stage1d_single_agent_delivery_obstacles,4,2,210640,3814,1,420,320,1,2,-1.920005440711975,0.0,0.0,0.0,0.003968253968253968,0.0,0,0,4,320,-1,-1,-1,0.0
stage1d_single_agent_delivery_obstacles,4,2,210678,3815,1,420,320,1,2,28.183500289916992,4.0,4.0,0.0,0.027777777777777776,0.0,0,0,0,38,34,-1,-1,0.0
stage1d_single_agent_delivery_obstacles,4,2,210998,3816,1,420,320,1,2,-1.920005440711975,0.0,0.0,0.0,0.003968253968253968,0.0,0,0,4,320,-1,-1,-1,0.0
stage1d_single_agent_delivery_obstacles,4,2,211318,3817,1,420,320,1,2,-1.920005440711975,0.0,0.0,0.0,0.003968253968253968,0.0,0,0,4,320,-1,-1,-1,0.0
stage1d_single_agent_delivery_obstacles,4,2,211638,3818,1,420,320,1,2,-1.920005440711975,0.0,0.0,0.0,0.003968253968253968,0.0,0,0,4,320,-1,-1,-1,0.0
stage1d_single_agent_delivery_obstacles,4,2,211958,3819,1,420,320,1,2,-1.920005440711975,0.0,0.0,0.0,0.003968253968253968,0.0,0,0,4,320,-1,-1,-1,0.0
stage1d_single_agent_delivery_obstacles,4,2,212278,3820,1,420,320,1,2,-1.920005440711975,0.0,0.0,0.0,0.003968253968253968,0.0,0,0,4,320,-1,-1,-1,0.0
stage1d_single_agent_delivery_obstacles,4,2,212598,3821,1,420,320,1,2,-1.920005440711975,0.0,0.0,0.0,0.003968253968253968,0.0,0,0,4,320,-1,-1,-1,0.0
stage1d_single_agent_delivery_obstacles,4,2,212918,3822,1,420,320,1,2,-1.920005440711975,0.0,0.0,0.0,0.003968253968253968,0.0,0,0,4,320,-1,-1,-1,0.0
stage1d_single_agent_delivery_obstacles,4,2,212936,3823,1,420,320,1,2,27.318023681640625,4.0,4.0,0.0,0.011904761904761904,0.0,0,0,0,18,14,-1,-1,0.0
stage1d_single_agent_delivery_obstacles,4,2,213256,3824,1,420,320,1,2,-1.920005440711975,0.0,0.0,0.0,0.003968253968253968,0.0,0,0,4,320,-1,-1,-1,0.0
stage1d_single_agent_delivery_obstacles,4,2,213576,3825,1,420,320,1,2,-1.920005440711975,0.0,0.0,0.0,0.003968253968253968,0.0,0,0,4,320,-1,-1,-1,0.0
stage1d_single_agent_delivery_obstacles,4,2,213608,3826,1,420,320,1,2,27.990253448486328,4.0,4.0,0.0,0.023809523809523808,0.0,0,0,0,32,28,-1,-1,0.0
stage1d_single_agent_delivery_obstacles,4,2,213668,3827,1,420,320,1,2,26.72560691833496,4.0,4.0,0.0,0.03571428571428571,0.0,0,0,0,60,47,-1,-1,0.0
stage1d_single_agent_delivery_obstacles,4,2,213725,3828,1,420,320,1,2,25.960798263549805,4.0,4.0,0.0,0.023809523809523808,0.0,0,0,0,57,43,-1,-1,0.0
stage1d_single_agent_delivery_obstacles,4,2,214045,3829,1,420,320,1,2,-1.920005440711975,0.0,0.0,0.0,0.003968253968253968,0.0,0,0,4,320,-1,-1,-1,0.0
stage1d_single_agent_delivery_obstacles,4,2,214365,3830,1,420,320,1,2,-1.9083564281463623,0.0,0.0,0.0,0.011904761904761904,0.0,0,0,4,320,-1,-1,-1,0.0
stage1d_single_agent_delivery_obstacles,4,2,214395,3831,1,420,320,1,2,28.172449111938477,4.0,4.0,0.0,0.015873015873015872,0.0,0,0,0,30,19,-1,-1,0.0
stage1d_single_agent_delivery_obstacles,4,2,214460,3832,1,420,320,1,2,28.184581756591797,4.0,4.0,0.0,0.04365079365079365,0.0,0,0,0,65,53,-1,-1,0.0
stage1d_single_agent_delivery_obstacles,4,2,214780,3833,1,420,320,1,2,-1.920005440711975,0.0,0.0,0.0,0.003968253968253968,0.0,0,0,4,320,-1,-1,-1,0.0
stage1d_single_agent_delivery_obstacles,4,2,215100,3834,1,420,320,1,2,-1.920005440711975,0.0,0.0,0.0,0.003968253968253968,0.0,0,0,4,320,-1,-1,-1,0.0
stage1d_single_agent_delivery_obstacles,4,2,215164,3835,1,420,320,1,2,28.39698028564453,4.0,4.0,0.0,0.047619047619047616,0.0,0,0,0,64,54,-1,-1,0.0
stage1d_single_agent_delivery_obstacles,4,2,215484,3836,1,420,320,1,2,-1.920005440711975,0.0,0.0,0.0,0.003968253968253968,0.0,0,0,4,320,-1,-1,-1,0.0
stage1d_single_agent_delivery_obstacles,4,2,215537,3837,1,420,320,1,2,28.255945205688477,4.0,4.0,0.0,0.031746031746031744,0.0,0,0,0,53,49,-1,-1,0.0
stage1d_single_agent_delivery_obstacles,4,2,215601,3838,1,420,320,1,2,28.14919090270996,4.0,4.0,0.0,0.03968253968253968,0.0,0,0,0,64,60,-1,-1,0.0
stage1d_single_agent_delivery_obstacles,4,2,215637,3839,1,420,320,1,2,27.297203063964844,4.0,4.0,0.0,0.031746031746031744,0.0,0,0,0,36,32,-1,-1,0.0
stage1d_single_agent_delivery_obstacles,4,2,215957,3840,1,420,320,1,2,-1.920005440711975,0.0,0.0,0.0,0.003968253968253968,0.0,0,0,4,320,-1,-1,-1,0.0
stage1d_single_agent_delivery_obstacles,4,2,216030,3841,1,420,320,1,2,28.149240493774414,4.0,4.0,0.0,0.04365079365079365,0.0,0,0,0,73,69,-1,-1,0.0
stage1d_single_agent_delivery_obstacles,4,2,216054,3842,1,420,320,1,2,28.025630950927734,4.0,4.0,0.0,0.011904761904761904,0.0,0,0,0,24,20,-1,-1,0.0
stage1d_single_agent_delivery_obstacles,4,2,216374,3843,1,420,320,1,2,-1.920005440711975,0.0,0.0,0.0,0.003968253968253968,0.0,0,0,4,320,-1,-1,-1,0.0
stage1d_single_agent_delivery_obstacles,4,2,216416,3844,1,420,320,1,2,25.892730712890625,4.0,4.0,0.0,0.027777777777777776,0.0,0,0,0,42,27,-1,-1,0.0
stage1d_single_agent_delivery_obstacles,4,2,216736,3845,1,420,320,1,2,-1.920005440711975,0.0,0.0,0.0,0.003968253968253968,0.0,0,0,4,320,-1,-1,-1,0.0
stage1d_single_agent_delivery_obstacles,4,2,217056,3846,1,420,320,1,2,-1.920005440711975,0.0,0.0,0.0,0.003968253968253968,0.0,0,0,4,320,-1,-1,-1,0.0
stage1d_single_agent_delivery_obstacles,4,2,217376,3847,1,420,320,1,2,-1.920005440711975,0.0,0.0,0.0,0.003968253968253968,0.0,0,0,4,320,-1,-1,-1,0.0
stage1d_single_agent_delivery_obstacles,4,2,217441,3848,1,420,320,1,2,26.822805404663086,4.0,4.0,0.0,0.023809523809523808,0.0,0,0,0,65,52,-1,-1,0.0
stage1d_single_agent_delivery_obstacles,4,2,217761,3849,1,420,320,1,2,-1.920005440711975,0.0,0.0,0.0,0.003968253968253968,0.0,0,0,4,320,-1,-1,-1,0.0
stage1d_single_agent_delivery_obstacles,4,2,218081,3850,1,420,320,1,2,-1.930005431175232,0.0,0.0,0.0,0.003968253968253968,0.0,0,0,4,320,-1,-1,-1,0.0
stage1d_single_agent_delivery_obstacles,4,2,218401,3851,1,420,320,1,2,-1.920005440711975,0.0,0.0,0.0,0.003968253968253968,0.0,0,0,4,320,-1,-1,-1,0.0
stage1d_single_agent_delivery_obstacles,4,2,218721,3852,1,420,320,1,2,-1.920005440711975,0.0,0.0,0.0,0.003968253968253968,0.0,0,0,4,320,-1,-1,-1,0.0
stage1d_single_agent_delivery_obstacles,4,2,218751,3853,1,420,320,1,2,26.533836364746094,4.0,4.0,0.0,0.01984126984126984,0.0,0,0,0,30,26,-1,-1,0.0
stage1d_single_agent_delivery_obstacles,4,2,218838,3854,1,420,320,1,2,27.684791564941406,4.0,4.0,0.0,0.05555555555555555,0.0,0,0,0,87,77,-1,-1,0.0
stage1d_single_agent_delivery_obstacles,4,2,219158,3855,1,420,320,1,2,-1.920005440711975,0.0,0.0,0.0,0.003968253968253968,0.0,0,0,4,320,-1,-1,-1,0.0
stage1d_single_agent_delivery_obstacles,4,2,219195,3856,1,420,320,1,2,28.173851013183594,4.0,4.0,0.0,0.031746031746031744,0.0,0,0,0,37,33,-1,-1,0.0
stage1d_single_agent_delivery_obstacles,4,2,219515,3857,1,420,320,1,2,-1.920005440711975,0.0,0.0,0.0,0.003968253968253968,0.0,0,0,4,320,-1,-1,-1,0.0
stage1d_single_agent_delivery_obstacles,4,2,219835,3858,1,420,320,1,2,-1.920005440711975,0.0,0.0,0.0,0.003968253968253968,0.0,0,0,4,320,-1,-1,-1,0.0
stage1d_single_agent_delivery_obstacles,4,2,219877,3859,1,420,320,1,2,27.401092529296875,4.0,4.0,0.0,0.031746031746031744,0.0,0,0,0,42,37,-1,-1,0.0
stage1d_single_agent_delivery_obstacles,4,2,219914,3860,1,420,320,1,2,28.143966674804688,4.0,4.0,0.0,0.01984126984126984,0.0,0,0,0,37,33,-1,-1,0.0
stage1d_single_agent_delivery_obstacles,4,2,220234,3861,1,420,320,1,2,-1.920005440711975,0.0,0.0,0.0,0.003968253968253968,0.0,0,0,4,320,-1,-1,-1,0.0
stage1d_single_agent_delivery_obstacles,4,2,220554,3862,1,420,320,1,2,-1.920005440711975,0.0,0.0,0.0,0.003968253968253968,0.0,0,0,4,320,-1,-1,-1,0.0
stage1d_single_agent_delivery_obstacles,4,2,220874,3863,1,420,320,1,2,-1.9400054216384888,0.0,0.0,0.0,0.003968253968253968,0.0,0,0,4,320,-1,-1,-1,0.0
stage1d_single_agent_delivery_obstacles,4,2,220921,3864,1,420,320,1,2,27.343975067138672,4.0,4.0,0.0,0.027777777777777776,0.0,0,0,0,47,43,-1,-1,0.0
stage1d_single_agent_delivery_obstacles,4,2,221241,3865,1,420,320,1,2,-1.920005440711975,0.0,0.0,0.0,0.003968253968253968,0.0,0,0,4,320,-1,-1,-1,0.0
stage1d_single_agent_delivery_obstacles,4,2,221561,3866,1,420,320,1,2,-1.920005440711975,0.0,0.0,0.0,0.003968253968253968,0.0,0,0,4,320,-1,-1,-1,0.0
stage1d_single_agent_delivery_obstacles,4,2,221589,3867,1,420,320,1,2,28.173709869384766,4.0,4.0,0.0,0.011904761904761904,0.0,0,0,0,28,24,-1,-1,0.0
stage1d_single_agent_delivery_obstacles,4,2,221909,3868,1,420,320,1,2,-1.920005440711975,0.0,0.0,0.0,0.003968253968253968,0.0,0,0,4,320,-1,-1,-1,0.0
stage1d_single_agent_delivery_obstacles,4,2,222229,3869,1,420,320,1,2,-1.920005440711975,0.0,0.0,0.0,0.003968253968253968,0.0,0,0,4,320,-1,-1,-1,0.0
stage1d_single_agent_delivery_obstacles,4,2,222549,3870,1,420,320,1,2,-1.920005440711975,0.0,0.0,0.0,0.003968253968253968,0.0,0,0,4,320,-1,-1,-1,0.0
stage1d_single_agent_delivery_obstacles,4,2,222869,3871,1,420,320,1,2,-1.920005440711975,0.0,0.0,0.0,0.003968253968253968,0.0,0,0,4,320,-1,-1,-1,0.0
stage1d_single_agent_delivery_obstacles,4,2,223189,3872,1,420,320,1,2,-1.920005440711975,0.0,0.0,0.0,0.003968253968253968,0.0,0,0,4,320,-1,-1,-1,0.0
stage1d_single_agent_delivery_obstacles,4,2,223509,3873,1,420,320,1,2,-1.920005440711975,0.0,0.0,0.0,0.003968253968253968,0.0,0,0,4,320,-1,-1,-1,0.0
stage1d_single_agent_delivery_obstacles,4,2,223829,3874,1,420,320,1,2,-1.920005440711975,0.0,0.0,0.0,0.003968253968253968,0.0,0,0,4,320,-1,-1,-1,0.0
stage1d_single_agent_delivery_obstacles,4,2,224149,3875,1,420,320,1,2,-1.920005440711975,0.0,0.0,0.0,0.003968253968253968,0.0,0,0,4,320,-1,-1,-1,0.0
stage1d_single_agent_delivery_obstacles,4,2,224469,3876,1,420,320,1,2,-1.920005440711975,0.0,0.0,0.0,0.003968253968253968,0.0,0,0,4,320,-1,-1,-1,0.0
stage1d_single_agent_delivery_obstacles,4,2,224789,3877,1,420,320,1,2,-1.920005440711975,0.0,0.0,0.0,0.003968253968253968,0.0,0,0,4,320,-1,-1,-1,0.0
stage1d_single_agent_delivery_obstacles,4,2,225109,3878,1,420,320,1,2,-1.920005440711975,0.0,0.0,0.0,0.003968253968253968,0.0,0,0,4,320,-1,-1,-1,0.0
stage1d_single_agent_delivery_obstacles,4,2,225429,3879,1,420,320,1,2,-1.920005440711975,0.0,0.0,0.0,0.003968253968253968,0.0,0,0,4,320,-1,-1,-1,0.0
stage1d_single_agent_delivery_obstacles,4,2,225536,3880,1,420,320,1,2,23.18523597717285,4.0,4.0,0.0,0.03968253968253968,0.0,0,0,0,107,80,-1,-1,0.0
stage1d_single_agent_delivery_obstacles,4,2,225856,3881,1,420,320,1,2,-1.920005440711975,0.0,0.0,0.0,0.003968253968253968,0.0,0,0,4,320,-1,-1,-1,0.0
stage1d_single_agent_delivery_obstacles,4,2,226176,3882,1,420,320,1,2,-1.920005440711975,0.0,0.0,0.0,0.003968253968253968,0.0,0,0,4,320,-1,-1,-1,0.0
stage1d_single_agent_delivery_obstacles,4,2,226496,3883,1,420,320,1,2,-6.600003719329834,0.0,0.0,0.0,0.027777777777777776,0.0,0,0,4,320,-1,-1,-1,0.0
stage1d_single_agent_delivery_obstacles,4,2,226816,3884,1,420,320,1,2,-1.920005440711975,0.0,0.0,0.0,0.003968253968253968,0.0,0,0,4,320,-1,-1,-1,0.0
stage1d_single_agent_delivery_obstacles,4,2,227136,3885,1,420,320,1,2,-1.920005440711975,0.0,0.0,0.0,0.003968253968253968,0.0,0,0,4,320,-1,-1,-1,0.0
stage1d_single_agent_delivery_obstacles,4,2,227456,3886,1,420,320,1,2,-1.920005440711975,0.0,0.0,0.0,0.003968253968253968,0.0,0,0,4,320,-1,-1,-1,0.0
stage1d_single_agent_delivery_obstacles,4,2,227518,3887,1,420,320,1,2,26.687597274780273,4.0,4.0,0.0,0.03571428571428571,0.0,0,0,0,62,58,-1,-1,0.0
stage1d_single_agent_delivery_obstacles,4,2,227838,3888,1,420,320,1,2,-1.874097228050232,0.0,0.0,0.0,0.01984126984126984,0.0,0,0,4,320,-1,-1,-1,0.0
stage1d_single_agent_delivery_obstacles,4,2,227937,3889,1,420,320,1,2,28.69791603088379,4.0,4.0,0.0,0.05555555555555555,0.0,0,0,0,99,53,-1,-1,0.0
stage1d_single_agent_delivery_obstacles,4,2,228257,3890,1,420,320,1,2,-1.920005440711975,0.0,0.0,0.0,0.003968253968253968,0.0,0,0,4,320,-1,-1,-1,0.0
stage1d_single_agent_delivery_obstacles,4,2,228324,3891,1,420,320,1,2,28.301572799682617,4.0,4.0,0.0,0.031746031746031744,0.0,0,0,0,67,41,-1,-1,0.0
stage1d_single_agent_delivery_obstacles,4,2,228644,3892,1,420,320,1,2,-1.920005440711975,0.0,0.0,0.0,0.003968253968253968,0.0,0,0,4,320,-1,-1,-1,0.0
stage1d_single_agent_delivery_obstacles,4,2,228964,3893,1,420,320,1,2,-1.920005440711975,0.0,0.0,0.0,0.003968253968253968,0.0,0,0,4,320,-1,-1,-1,0.0
stage1d_single_agent_delivery_obstacles,4,2,229284,3894,1,420,320,1,2,-1.920005440711975,0.0,0.0,0.0,0.003968253968253968,0.0,0,0,4,320,-1,-1,-1,0.0
stage1d_single_agent_delivery_obstacles,4,2,229369,3895,1,420,320,1,2,28.579740524291992,4.0,4.0,0.0,0.04365079365079365,0.0,0,0,0,85,40,-1,-1,0.0
stage1d_single_agent_delivery_obstacles,4,2,229466,3896,1,420,320,1,2,27.79275894165039,4.0,4.0,0.0,0.05555555555555555,0.0,0,0,0,97,46,-1,-1,0.0
stage1d_single_agent_delivery_obstacles,4,2,229786,3897,1,420,320,1,2,-1.920005440711975,0.0,0.0,0.0,0.003968253968253968,0.0,0,0,4,320,-1,-1,-1,0.0
stage1d_single_agent_delivery_obstacles,4,2,229892,3898,1,420,320,1,2,28.450862884521484,4.0,4.0,0.0,0.051587301587301584,0.0,0,0,0,106,80,-1,-1,0.0
stage1d_single_agent_delivery_obstacles,4,2,229953,3899,1,420,320,1,2,26.668170928955078,4.0,4.0,0.0,0.031746031746031744,0.0,0,0,0,61,52,-1,-1,0.0
stage1d_single_agent_delivery_obstacles,4,2,230273,3900,1,420,320,1,2,-1.920005440711975,0.0,0.0,0.0,0.003968253968253968,0.0,0,0,4,320,-1,-1,-1,0.0
stage1d_single_agent_delivery_obstacles,4,2,230593,3901,1,420,320,1,2,-1.920005440711975,0.0,0.0,0.0,0.003968253968253968,0.0,0,0,4,320,-1,-1,-1,0.0
stage1d_single_agent_delivery_obstacles,4,2,230913,3902,1,420,320,1,2,-1.920005440711975,0.0,0.0,0.0,0.003968253968253968,0.0,0,0,4,320,-1,-1,-1,0.0
stage1d_single_agent_delivery_obstacles,4,2,231233,3903,1,420,320,1,2,-1.920005440711975,0.0,0.0,0.0,0.003968253968253968,0.0,0,0,4,320,-1,-1,-1,0.0
stage1d_single_agent_delivery_obstacles,4,2,231553,3904,1,420,320,1,2,-1.920005440711975,0.0,0.0,0.0,0.003968253968253968,0.0,0,0,4,320,-1,-1,-1,0.0
stage1d_single_agent_delivery_obstacles,4,2,231593,3905,1,420,320,1,2,27.432113647460938,4.0,4.0,0.0,0.03968253968253968,0.0,0,0,0,40,28,-1,-1,0.0
stage1d_single_agent_delivery_obstacles,4,2,231705,3906,1,420,320,1,2,28.21320152282715,4.0,4.0,0.0,0.03968253968253968,0.0,0,0,0,112,108,-1,-1,0.0
stage1d_single_agent_delivery_obstacles,4,2,232025,3907,1,420,320,1,2,-1.920005440711975,0.0,0.0,0.0,0.003968253968253968,0.0,0,0,4,320,-1,-1,-1,0.0
stage1d_single_agent_delivery_obstacles,4,2,232345,3908,1,420,320,1,2,-1.920005440711975,0.0,0.0,0.0,0.003968253968253968,0.0,0,0,4,320,-1,-1,-1,0.0
stage1d_single_agent_delivery_obstacles,4,2,232420,3909,1,420,320,1,2,28.167421340942383,4.0,4.0,0.0,0.047619047619047616,0.0,0,0,0,75,71,-1,-1,0.0
stage1d_single_agent_delivery_obstacles,4,2,232740,3910,1,420,320,1,2,-1.920005440711975,0.0,0.0,0.0,0.003968253968253968,0.0,0,0,4,320,-1,-1,-1,0.0
stage1d_single_agent_delivery_obstacles,4,2,232814,3911,1,420,320,1,2,28.06332015991211,4.0,4.0,0.0,0.027777777777777776,0.0,0,0,0,74,70,-1,-1,0.0
stage1d_single_agent_delivery_obstacles,4,2,233134,3912,1,420,320,1,2,-1.920005440711975,0.0,0.0,0.0,0.003968253968253968,0.0,0,0,4,320,-1,-1,-1,0.0
stage1d_single_agent_delivery_obstacles,4,2,233454,3913,1,420,320,1,2,-1.920005440711975,0.0,0.0,0.0,0.003968253968253968,0.0,0,0,4,320,-1,-1,-1,0.0
stage1d_single_agent_delivery_obstacles,4,2,233774,3914,1,420,320,1,2,-1.920005440711975,0.0,0.0,0.0,0.003968253968253968,0.0,0,0,4,320,-1,-1,-1,0.0
stage1d_single_agent_delivery_obstacles,4,2,234094,3915,1,420,320,1,2,-1.920005440711975,0.0,0.0,0.0,0.003968253968253968,0.0,0,0,4,320,-1,-1,-1,0.0
stage1d_single_agent_delivery_obstacles,4,2,234414,3916,1,420,320,1,2,-1.920005440711975,0.0,0.0,0.0,0.003968253968253968,0.0,0,0,4,320,-1,-1,-1,0.0
stage1d_single_agent_delivery_obstacles,4,2,234734,3917,1,420,320,1,2,-1.920005440711975,0.0,0.0,0.0,0.003968253968253968,0.0,0,0,4,320,-1,-1,-1,0.0
stage1d_single_agent_delivery_obstacles,4,2,235054,3918,1,420,320,1,2,-1.920005440711975,0.0,0.0,0.0,0.003968253968253968,0.0,0,0,4,320,-1,-1,-1,0.0
stage1d_single_agent_delivery_obstacles,4,2,235085,3919,1,420,320,1,2,26.516170501708984,4.0,4.0,0.0,0.015873015873015872,0.0,0,0,0,31,26,-1,-1,0.0
stage1d_single_agent_delivery_obstacles,4,2,235405,3920,1,420,320,1,2,-1.920005440711975,0.0,0.0,0.0,0.003968253968253968,0.0,0,0,4,320,-1,-1,-1,0.0
stage1d_single_agent_delivery_obstacles,4,2,235725,3921,1,420,320,1,2,-1.920005440711975,0.0,0.0,0.0,0.003968253968253968,0.0,0,0,4,320,-1,-1,-1,0.0
stage1d_single_agent_delivery_obstacles,4,2,236045,3922,1,420,320,1,2,-1.920005440711975,0.0,0.0,0.0,0.003968253968253968,0.0,0,0,4,320,-1,-1,-1,0.0
stage1d_single_agent_delivery_obstacles,4,2,236365,3923,1,420,320,1,2,-1.920005440711975,0.0,0.0,0.0,0.003968253968253968,0.0,0,0,4,320,-1,-1,-1,0.0
stage1d_single_agent_delivery_obstacles,4,2,236685,3924,1,420,320,1,2,-1.920005440711975,0.0,0.0,0.0,0.003968253968253968,0.0,0,0,4,320,-1,-1,-1,0.0
stage1d_single_agent_delivery_obstacles,4,2,237005,3925,1,420,320,1,2,-1.920005440711975,0.0,0.0,0.0,0.003968253968253968,0.0,0,0,4,320,-1,-1,-1,0.0
stage1d_single_agent_delivery_obstacles,4,2,237325,3926,1,420,320,1,2,-1.920005440711975,0.0,0.0,0.0,0.003968253968253968,0.0,0,0,4,320,-1,-1,-1,0.0
stage1d_single_agent_delivery_obstacles,4,2,237645,3927,1,420,320,1,2,-1.920005440711975,0.0,0.0,0.0,0.003968253968253968,0.0,0,0,4,320,-1,-1,-1,0.0
stage1d_single_agent_delivery_obstacles,4,2,237965,3928,1,420,320,1,2,-1.920005440711975,0.0,0.0,0.0,0.003968253968253968,0.0,0,0,4,320,-1,-1,-1,0.0
stage1d_single_agent_delivery_obstacles,4,2,238285,3929,1,420,320,1,2,-1.920005440711975,0.0,0.0,0.0,0.003968253968253968,0.0,0,0,4,320,-1,-1,-1,0.0
stage1d_single_agent_delivery_obstacles,4,2,238605,3930,1,420,320,1,2,-1.920005440711975,0.0,0.0,0.0,0.003968253968253968,0.0,0,0,4,320,-1,-1,-1,0.0
stage1d_single_agent_delivery_obstacles,4,2,238925,3931,1,420,320,1,2,-1.920005440711975,0.0,0.0,0.0,0.003968253968253968,0.0,0,0,4,320,-1,-1,-1,0.0
stage1d_single_agent_delivery_obstacles,4,2,238989,3932,1,420,320,1,2,28.193445205688477,4.0,4.0,0.0,0.031746031746031744,0.0,0,0,0,64,60,-1,-1,0.0
stage1d_single_agent_delivery_obstacles,4,2,239309,3933,1,420,320,1,2,-1.920005440711975,0.0,0.0,0.0,0.003968253968253968,0.0,0,0,4,320,-1,-1,-1,0.0
stage1d_single_agent_delivery_obstacles,4,2,239629,3934,1,420,320,1,2,-0.3470398783683777,0.0,0.0,0.0,0.027777777777777776,0.0,0,0,4,320,-1,-1,-1,0.0
stage1d_single_agent_delivery_obstacles,4,2,239949,3935,1,420,320,1,2,-1.920005440711975,0.0,0.0,0.0,0.003968253968253968,0.0,0,0,4,320,-1,-1,-1,0.0
stage1d_single_agent_delivery_obstacles,4,2,240269,3936,1,420,320,1,2,-1.920005440711975,0.0,0.0,0.0,0.003968253968253968,0.0,0,0,4,320,-1,-1,-1,0.0
stage1d_single_agent_delivery_obstacles,4,2,240589,3937,1,420,320,1,2,-1.920005440711975,0.0,0.0,0.0,0.003968253968253968,0.0,0,0,4,320,-1,-1,-1,0.0
stage1d_single_agent_delivery_obstacles,4,2,240909,3938,1,420,320,1,2,-1.920005440711975,0.0,0.0,0.0,0.003968253968253968,0.0,0,0,4,320,-1,-1,-1,0.0
stage1d_single_agent_delivery_obstacles,4,2,241229,3939,1,420,320,1,2,-1.920005440711975,0.0,0.0,0.0,0.003968253968253968,0.0,0,0,4,320,-1,-1,-1,0.0
stage1d_single_agent_delivery_obstacles,4,2,241269,3940,1,420,320,1,2,28.141021728515625,4.0,4.0,0.0,0.01984126984126984,0.0,0,0,0,40,36,-1,-1,0.0
stage1d_single_agent_delivery_obstacles,4,2,241589,3941,1,420,320,1,2,-1.920005440711975,0.0,0.0,0.0,0.003968253968253968,0.0,0,0,4,320,-1,-1,-1,0.0
stage1d_single_agent_delivery_obstacles,4,2,241728,3942,1,420,320,1,2,28.276805877685547,4.0,4.0,0.0,0.03571428571428571,0.0,0,0,0,139,135,-1,-1,0.0
stage1d_single_agent_delivery_obstacles,4,2,242048,3943,1,420,320,1,2,-1.920005440711975,0.0,0.0,0.0,0.003968253968253968,0.0,0,0,4,320,-1,-1,-1,0.0
stage1d_single_agent_delivery_obstacles,4,2,242368,3944,1,420,320,1,2,0.42156344652175903,0.0,0.0,0.0,0.015873015873015872,0.0,0,0,4,320,-1,-1,-1,0.0
stage1d_single_agent_delivery_obstacles,4,2,242688,3945,1,420,320,1,2,-1.920005440711975,0.0,0.0,0.0,0.003968253968253968,0.0,0,0,4,320,-1,-1,-1,0.0
stage1d_single_agent_delivery_obstacles,4,2,243008,3946,1,420,320,1,2,-1.920005440711975,0.0,0.0,0.0,0.003968253968253968,0.0,0,0,4,320,-1,-1,-1,0.0
stage1d_single_agent_delivery_obstacles,4,2,243040,3947,1,420,320,1,2,27.962583541870117,4.0,4.0,0.0,0.011904761904761904,0.0,0,0,0,32,28,-1,-1,0.0
stage1d_single_agent_delivery_obstacles,4,2,243360,3948,1,420,320,1,2,-1.920005440711975,0.0,0.0,0.0,0.003968253968253968,0.0,0,0,4,320,-1,-1,-1,0.0
stage1d_single_agent_delivery_obstacles,4,2,243680,3949,1,420,320,1,2,-1.920005440711975,0.0,0.0,0.0,0.003968253968253968,0.0,0,0,4,320,-1,-1,-1,0.0
stage1d_single_agent_delivery_obstacles,4,2,244000,3950,1,420,320,1,2,-1.920005440711975,0.0,0.0,0.0,0.003968253968253968,0.0,0,0,4,320,-1,-1,-1,0.0
stage1d_single_agent_delivery_obstacles,4,2,244320,3951,1,420,320,1,2,-1.920005440711975,0.0,0.0,0.0,0.003968253968253968,0.0,0,0,4,320,-1,-1,-1,0.0
stage1d_single_agent_delivery_obstacles,4,2,244346,3952,1,420,320,1,2,28.00996208190918,4.0,4.0,0.0,0.007936507936507936,0.0,0,0,0,26,22,-1,-1,0.0
stage1d_single_agent_delivery_obstacles,4,2,244666,3953,1,420,320,1,2,-1.920005440711975,0.0,0.0,0.0,0.003968253968253968,0.0,0,0,4,320,-1,-1,-1,0.0
stage1d_single_agent_delivery_obstacles,4,2,244723,3954,1,420,320,1,2,25.081754684448242,4.0,4.0,0.0,0.03571428571428571,0.0,0,0,0,57,53,-1,-1,0.0
stage1d_single_agent_delivery_obstacles,4,2,245043,3955,1,420,320,1,2,0.31505653262138367,0.0,0.0,0.0,0.015873015873015872,0.0,0,0,4,320,-1,-1,-1,0.0
stage1d_single_agent_delivery_obstacles,4,2,245363,3956,1,420,320,1,2,-1.920005440711975,0.0,0.0,0.0,0.003968253968253968,0.0,0,0,4,320,-1,-1,-1,0.0
stage1d_single_agent_delivery_obstacles,4,2,245683,3957,1,420,320,1,2,-1.920005440711975,0.0,0.0,0.0,0.003968253968253968,0.0,0,0,4,320,-1,-1,-1,0.0
stage1d_single_agent_delivery_obstacles,4,2,246003,3958,1,420,320,1,2,-1.920005440711975,0.0,0.0,0.0,0.003968253968253968,0.0,0,0,4,320,-1,-1,-1,0.0
stage1d_single_agent_delivery_obstacles,4,2,246323,3959,1,420,320,1,2,-1.920005440711975,0.0,0.0,0.0,0.003968253968253968,0.0,0,0,4,320,-1,-1,-1,0.0
stage1d_single_agent_delivery_obstacles,4,2,246371,3960,1,420,320,1,2,28.06882095336914,4.0,4.0,0.0,0.015873015873015872,0.0,0,0,0,48,44,-1,-1,0.0
stage1d_single_agent_delivery_obstacles,4,2,246691,3961,1,420,320,1,2,-1.920005440711975,0.0,0.0,0.0,0.003968253968253968,0.0,0,0,4,320,-1,-1,-1,0.0
stage1d_single_agent_delivery_obstacles,4,2,246698,3962,1,420,320,1,2,27.97873306274414,4.0,4.0,0.0,0.011904761904761904,0.0,0,0,0,7,3,-1,-1,0.0
stage1d_single_agent_delivery_obstacles,4,2,247018,3963,1,420,320,1,2,-1.920005440711975,0.0,0.0,0.0,0.003968253968253968,0.0,0,0,4,320,-1,-1,-1,0.0
stage1d_single_agent_delivery_obstacles,4,2,247338,3964,1,420,320,1,2,0.20965276658535004,0.0,0.0,0.0,0.03571428571428571,0.0,0,0,4,320,-1,-1,-1,0.0
stage1d_single_agent_delivery_obstacles,4,2,247440,3965,1,420,320,1,2,28.0662784576416,4.0,4.0,0.0,0.027777777777777776,0.0,0,0,0,102,98,-1,-1,0.0
stage1d_single_agent_delivery_obstacles,4,2,247760,3966,1,420,320,1,2,-1.920005440711975,0.0,0.0,0.0,0.003968253968253968,0.0,0,0,4,320,-1,-1,-1,0.0
stage1d_single_agent_delivery_obstacles,4,2,248080,3967,1,420,320,1,2,-1.920005440711975,0.0,0.0,0.0,0.003968253968253968,0.0,0,0,4,320,-1,-1,-1,0.0
stage1d_single_agent_delivery_obstacles,4,2,248400,3968,1,420,320,1,2,-1.920005440711975,0.0,0.0,0.0,0.003968253968253968,0.0,0,0,4,320,-1,-1,-1,0.0
stage1d_single_agent_delivery_obstacles,4,2,248720,3969,1,420,320,1,2,-1.920005440711975,0.0,0.0,0.0,0.003968253968253968,0.0,0,0,4,320,-1,-1,-1,0.0
stage1d_single_agent_delivery_obstacles,4,2,249040,3970,1,420,320,1,2,-1.920005440711975,0.0,0.0,0.0,0.003968253968253968,0.0,0,0,4,320,-1,-1,-1,0.0
stage1d_single_agent_delivery_obstacles,4,2,249360,3971,1,420,320,1,2,-1.920005440711975,0.0,0.0,0.0,0.003968253968253968,0.0,0,0,4,320,-1,-1,-1,0.0
stage1d_single_agent_delivery_obstacles,4,2,249407,3972,1,420,320,1,2,28.280305862426758,4.0,4.0,0.0,0.027777777777777776,0.0,0,0,0,47,30,-1,-1,0.0
stage1d_single_agent_delivery_obstacles,4,2,249727,3973,1,420,320,1,2,-1.920005440711975,0.0,0.0,0.0,0.003968253968253968,0.0,0,0,4,320,-1,-1,-1,0.0
stage1d_single_agent_delivery_obstacles,4,2,249788,3974,1,420,320,1,2,26.68577003479004,4.0,4.0,0.0,0.023809523809523808,0.0,0,0,0,61,46,-1,-1,0.0
stage1d_single_agent_delivery_obstacles,4,2,250108,3975,1,420,320,1,2,-1.920005440711975,0.0,0.0,0.0,0.003968253968253968,0.0,0,0,4,320,-1,-1,-1,0.0
stage1d_single_agent_delivery_obstacles,4,2,250428,3976,1,420,320,1,2,-1.920005440711975,0.0,0.0,0.0,0.003968253968253968,0.0,0,0,4,320,-1,-1,-1,0.0
stage1d_single_agent_delivery_obstacles,4,2,250483,3977,1,420,320,1,2,27.497766494750977,4.0,4.0,0.0,0.03571428571428571,0.0,0,0,0,55,40,-1,-1,0.0
stage1d_single_agent_delivery_obstacles,4,2,250532,3978,1,420,320,1,2,28.251115798950195,4.0,4.0,0.0,0.023809523809523808,0.0,0,0,0,49,20,-1,-1,0.0
stage1d_single_agent_delivery_obstacles,4,2,250852,3979,1,420,320,1,2,-1.920005440711975,0.0,0.0,0.0,0.003968253968253968,0.0,0,0,4,320,-1,-1,-1,0.0
stage1d_single_agent_delivery_obstacles,4,2,251172,3980,1,420,320,1,2,-1.920005440711975,0.0,0.0,0.0,0.003968253968253968,0.0,0,0,4,320,-1,-1,-1,0.0
stage1d_single_agent_delivery_obstacles,4,2,251492,3981,1,420,320,1,2,-1.920005440711975,0.0,0.0,0.0,0.003968253968253968,0.0,0,0,4,320,-1,-1,-1,0.0
stage1d_single_agent_delivery_obstacles,4,2,251812,3982,1,420,320,1,2,-1.930005431175232,0.0,0.0,0.0,0.003968253968253968,0.0,0,0,4,320,-1,-1,-1,0.0
stage1d_single_agent_delivery_obstacles,4,2,252132,3983,1,420,320,1,2,-1.920005440711975,0.0,0.0,0.0,0.003968253968253968,0.0,0,0,4,320,-1,-1,-1,0.0
stage1d_single_agent_delivery_obstacles,4,2,252238,3984,1,420,320,1,2,27.754638671875,4.0,4.0,0.0,0.05952380952380952,0.0,0,0,0,106,78,-1,-1,0.0
stage1d_single_agent_delivery_obstacles,4,2,252558,3985,1,420,320,1,2,-1.920005440711975,0.0,0.0,0.0,0.003968253968253968,0.0,0,0,4,320,-1,-1,-1,0.0
stage1d_single_agent_delivery_obstacles,4,2,252878,3986,1,420,320,1,2,-1.920005440711975,0.0,0.0,0.0,0.003968253968253968,0.0,0,0,4,320,-1,-1,-1,0.0
stage1d_single_agent_delivery_obstacles,4,2,253198,3987,1,420,320,1,2,-1.888232707977295,0.0,0.0,0.0,0.01984126984126984,0.0,0,0,4,320,-1,-1,-1,0.0
stage1d_single_agent_delivery_obstacles,4,2,253246,3988,1,420,320,1,2,28.285171508789062,4.0,4.0,0.0,0.027777777777777776,0.0,0,0,0,48,35,-1,-1,0.0
stage1d_single_agent_delivery_obstacles,4,2,253566,3989,1,420,320,1,2,-1.920005440711975,0.0,0.0,0.0,0.003968253968253968,0.0,0,0,4,320,-1,-1,-1,0.0
stage1d_single_agent_delivery_obstacles,4,2,253886,3990,1,420,320,1,2,-1.920005440711975,0.0,0.0,0.0,0.003968253968253968,0.0,0,0,4,320,-1,-1,-1,0.0
stage1d_single_agent_delivery_obstacles,4,2,254206,3991,1,420,320,1,2,-1.920005440711975,0.0,0.0,0.0,0.003968253968253968,0.0,0,0,4,320,-1,-1,-1,0.0
stage1d_single_agent_delivery_obstacles,4,2,254526,3992,1,420,320,1,2,-1.920005440711975,0.0,0.0,0.0,0.003968253968253968,0.0,0,0,4,320,-1,-1,-1,0.0
stage1d_single_agent_delivery_obstacles,4,2,254593,3993,1,420,320,1,2,27.684385299682617,4.0,4.0,0.0,0.05952380952380952,0.0,0,0,0,67,50,-1,-1,0.0
stage1d_single_agent_delivery_obstacles,4,2,254684,3994,1,420,320,1,2,27.68468475341797,4.0,4.0,0.0,0.05952380952380952,0.0,0,0,0,91,74,-1,-1,0.0
stage1d_single_agent_delivery_obstacles,4,2,254718,3995,1,420,320,1,2,25.793045043945312,4.0,4.0,0.0,0.03968253968253968,0.0,0,0,0,34,30,-1,-1,0.0
stage1d_single_agent_delivery_obstacles,4,2,255038,3996,1,420,320,1,2,-1.920005440711975,0.0,0.0,0.0,0.003968253968253968,0.0,0,0,4,320,-1,-1,-1,0.0
stage1d_single_agent_delivery_obstacles,4,2,255358,3997,1,420,320,1,2,-1.920005440711975,0.0,0.0,0.0,0.003968253968253968,0.0,0,0,4,320,-1,-1,-1,0.0
stage1d_single_agent_delivery_obstacles,4,2,255678,3998,1,420,320,1,2,-1.920005440711975,0.0,0.0,0.0,0.003968253968253968,0.0,0,0,4,320,-1,-1,-1,0.0
stage1d_single_agent_delivery_obstacles,4,2,255998,3999,1,420,320,1,2,-1.920005440711975,0.0,0.0,0.0,0.003968253968253968,0.0,0,0,4,320,-1,-1,-1,0.0
stage1d_single_agent_delivery_obstacles,4,2,256318,4000,1,420,320,1,2,-1.920005440711975,0.0,0.0,0.0,0.007936507936507936,0.0,0,0,4,320,-1,-1,-1,0.0
stage1d_single_agent_delivery_obstacles,4,2,256638,4001,1,420,320,1,2,-1.920005440711975,0.0,0.0,0.0,0.003968253968253968,0.0,0,0,4,320,-1,-1,-1,0.0
stage1d_single_agent_delivery_obstacles,4,2,256694,4002,1,420,320,1,2,28.30986785888672,4.0,4.0,0.0,0.047619047619047616,0.0,0,0,0,56,39,-1,-1,0.0
stage1d_single_agent_delivery_obstacles,4,2,257014,4003,1,420,320,1,2,-1.920005440711975,0.0,0.0,0.0,0.003968253968253968,0.0,0,0,4,320,-1,-1,-1,0.0
stage1d_single_agent_delivery_obstacles,4,2,257334,4004,1,420,320,1,2,-1.9400055408477783,0.0,0.0,0.0,0.003968253968253968,0.0,0,0,4,320,-1,-1,-1,0.0
stage1d_single_agent_delivery_obstacles,4,2,257396,4005,1,420,320,1,2,63.506919860839844,4.0,4.0,1.0,0.051587301587301584,0.0,0,0,0,62,46,62,16,0.016129032258064516
stage1d_single_agent_delivery_obstacles,4,2,257716,4006,1,420,320,1,2,-1.930005431175232,0.0,0.0,0.0,0.003968253968253968,0.0,0,0,4,320,-1,-1,-1,0.0
stage1d_single_agent_delivery_obstacles,4,2,257742,4007,1,420,320,1,2,28.102493286132812,4.0,4.0,0.0,0.031746031746031744,0.0,0,0,0,26,11,-1,-1,0.0
stage1d_single_agent_delivery_obstacles,4,2,258062,4008,1,420,320,1,2,-1.920005440711975,0.0,0.0,0.0,0.003968253968253968,0.0,0,0,4,320,-1,-1,-1,0.0
stage1d_single_agent_delivery_obstacles,4,2,258090,4009,1,420,320,1,2,28.172504425048828,4.0,4.0,0.0,0.011904761904761904,0.0,0,0,0,28,12,-1,-1,0.0
stage1d_single_agent_delivery_obstacles,4,2,258410,4010,1,420,320,1,2,-1.920005440711975,0.0,0.0,0.0,0.003968253968253968,0.0,0,0,4,320,-1,-1,-1,0.0
stage1d_single_agent_delivery_obstacles,4,2,258730,4011,1,420,320,1,2,-1.920005440711975,0.0,0.0,0.0,0.003968253968253968,0.0,0,0,4,320,-1,-1,-1,0.0
stage1d_single_agent_delivery_obstacles,4,2,258805,4012,1,420,320,1,2,28.33852767944336,4.0,4.0,0.0,0.051587301587301584,0.0,0,0,0,75,44,-1,-1,0.0
stage1d_single_agent_delivery_obstacles,4,2,259125,4013,1,420,320,1,2,-1.920005440711975,0.0,0.0,0.0,0.003968253968253968,0.0,0,0,4,320,-1,-1,-1,0.0
stage1d_single_agent_delivery_obstacles,4,2,259445,4014,1,420,320,1,2,-1.9500054121017456,0.0,0.0,0.0,0.003968253968253968,0.0,0,0,4,320,-1,-1,-1,0.0
stage1d_single_agent_delivery_obstacles,4,2,259534,4015,1,420,320,1,2,28.593894958496094,4.0,4.0,0.0,0.051587301587301584,0.0,0,0,0,89,20,-1,-1,0.0
stage1d_single_agent_delivery_obstacles,4,2,259583,4016,1,420,320,1,2,25.87062644958496,4.0,4.0,0.0,0.031746031746031744,0.0,0,0,0,49,44,-1,-1,0.0
stage1d_single_agent_delivery_obstacles,4,2,259903,4017,1,420,320,1,2,-3.530008554458618,0.0,0.0,0.0,0.015873015873015872,0.0,0,0,4,320,-1,-1,-1,0.0
stage1d_single_agent_delivery_obstacles,4,2,259962,4018,1,420,320,1,2,27.44465446472168,4.0,4.0,0.0,0.031746031746031744,0.0,0,0,0,59,37,-1,-1,0.0
stage1d_single_agent_delivery_obstacles,4,2,260282,4019,1,420,320,1,2,-1.920005440711975,0.0,0.0,0.0,0.003968253968253968,0.0,0,0,4,320,-1,-1,-1,0.0
stage1d_single_agent_delivery_obstacles,4,2,260602,4020,1,420,320,1,2,-1.920005440711975,0.0,0.0,0.0,0.003968253968253968,0.0,0,0,4,320,-1,-1,-1,0.0
stage1d_single_agent_delivery_obstacles,4,2,260632,4021,1,420,320,1,2,27.456754684448242,4.0,4.0,0.0,0.023809523809523808,0.0,0,0,0,30,13,-1,-1,0.0
stage1d_single_agent_delivery_obstacles,4,2,260952,4022,1,420,320,1,2,-1.920005440711975,0.0,0.0,0.0,0.003968253968253968,0.0,0,0,4,320,-1,-1,-1,0.0
stage1d_single_agent_delivery_obstacles,4,2,261272,4023,1,420,320,1,2,-1.930005431175232,0.0,0.0,0.0,0.003968253968253968,0.0,0,0,4,320,-1,-1,-1,0.0
stage1d_single_agent_delivery_obstacles,4,2,261592,4024,1,420,320,1,2,-1.920005440711975,0.0,0.0,0.0,0.003968253968253968,0.0,0,0,4,320,-1,-1,-1,0.0
stage1d_single_agent_delivery_obstacles,4,2,261651,4025,1,420,320,1,2,26.725265502929688,4.0,4.0,0.0,0.03571428571428571,0.0,0,0,0,59,47,-1,-1,0.0
stage1d_single_agent_delivery_obstacles,4,2,261971,4026,1,420,320,1,2,-1.920005440711975,0.0,0.0,0.0,0.003968253968253968,0.0,0,0,4,320,-1,-1,-1,0.0
stage1d_single_agent_delivery_obstacles,4,2,262017,4027,1,420,320,1,2,28.27700424194336,4.0,4.0,0.0,0.027777777777777776,0.0,0,0,0,46,21,-1,-1,0.0
stage1d_single_agent_delivery_obstacles,4,2,262337,4028,1,420,320,1,2,-1.920005440711975,0.0,0.0,0.0,0.003968253968253968,0.0,0,0,4,320,-1,-1,-1,0.0
stage1d_single_agent_delivery_obstacles,4,2,262657,4029,1,420,320,1,2,-1.920005440711975,0.0,0.0,0.0,0.003968253968253968,0.0,0,0,4,320,-1,-1,-1,0.0
stage1d_single_agent_delivery_obstacles,4,2,262977,4030,1,420,320,1,2,-3.2031409740448,0.0,0.0,0.0,0.01984126984126984,0.0,0,0,4,320,-1,-1,-1,0.0
stage1d_single_agent_delivery_obstacles,4,2,263297,4031,1,420,320,1,2,-1.920005440711975,0.0,0.0,0.0,0.003968253968253968,0.0,0,0,4,320,-1,-1,-1,0.0
stage1d_single_agent_delivery_obstacles,4,2,263326,4032,1,420,320,1,2,28.191865921020508,4.0,4.0,0.0,0.027777777777777776,0.0,0,0,0,29,25,-1,-1,0.0
stage1d_single_agent_delivery_obstacles,4,2,263646,4033,1,420,320,1,2,-1.920005440711975,0.0,0.0,0.0,0.003968253968253968,0.0,0,0,4,320,-1,-1,-1,0.0
stage1d_single_agent_delivery_obstacles,4,2,263966,4034,1,420,320,1,2,-1.920005440711975,0.0,0.0,0.0,0.003968253968253968,0.0,0,0,4,320,-1,-1,-1,0.0
stage1d_single_agent_delivery_obstacles,4,2,264064,4035,1,420,320,1,2,28.506319046020508,4.0,4.0,0.0,0.047619047619047616,0.0,0,0,0,98,43,-1,-1,0.0
stage1d_single_agent_delivery_obstacles,4,2,264384,4036,1,420,320,1,2,-1.920005440711975,0.0,0.0,0.0,0.003968253968253968,0.0,0,0,4,320,-1,-1,-1,0.0
stage1d_single_agent_delivery_obstacles,4,2,264704,4037,1,420,320,1,2,-1.920005440711975,0.0,0.0,0.0,0.003968253968253968,0.0,0,0,4,320,-1,-1,-1,0.0
stage1d_single_agent_delivery_obstacles,4,2,265024,4038,1,420,320,1,2,-1.920005440711975,0.0,0.0,0.0,0.003968253968253968,0.0,0,0,4,320,-1,-1,-1,0.0
stage1d_single_agent_delivery_obstacles,4,2,265344,4039,1,420,320,1,2,-1.9900059700012207,0.0,0.0,0.0,0.007936507936507936,0.0,0,0,4,320,-1,-1,-1,0.0
stage1d_single_agent_delivery_obstacles,4,2,265394,4040,1,420,320,1,2,28.249868392944336,4.0,4.0,0.0,0.027777777777777776,0.0,0,0,0,50,39,-1,-1,0.0
stage1d_single_agent_delivery_obstacles,4,2,265410,4041,1,420,320,1,2,28.093143463134766,4.0,4.0,0.0,0.015873015873015872,0.0,0,0,0,16,12,-1,-1,0.0
stage1d_single_agent_delivery_obstacles,4,2,265730,4042,1,420,320,1,2,-1.920005440711975,0.0,0.0,0.0,0.003968253968253968,0.0,0,0,4,320,-1,-1,-1,0.0
stage1d_single_agent_delivery_obstacles,4,2,266050,4043,1,420,320,1,2,-1.920005440711975,0.0,0.0,0.0,0.003968253968253968,0.0,0,0,4,320,-1,-1,-1,0.0
stage1d_single_agent_delivery_obstacles,4,2,266370,4044,1,420,320,1,2,-1.920005440711975,0.0,0.0,0.0,0.003968253968253968,0.0,0,0,4,320,-1,-1,-1,0.0
stage1d_single_agent_delivery_obstacles,4,2,266690,4045,1,420,320,1,2,-1.920005440711975,0.0,0.0,0.0,0.003968253968253968,0.0,0,0,4,320,-1,-1,-1,0.0
stage1d_single_agent_delivery_obstacles,4,2,266753,4046,1,420,320,1,2,27.683181762695312,4.0,4.0,0.0,0.05555555555555555,0.0,0,0,0,63,50,-1,-1,0.0
stage1d_single_agent_delivery_obstacles,4,2,266815,4047,1,420,320,1,2,28.24200439453125,4.0,4.0,0.0,0.051587301587301584,0.0,0,0,0,62,47,-1,-1,0.0
stage1d_single_agent_delivery_obstacles,4,2,266856,4048,1,420,320,1,2,28.147994995117188,4.0,4.0,0.0,0.031746031746031744,0.0,0,0,0,41,37,-1,-1,0.0
stage1d_single_agent_delivery_obstacles,4,2,267176,4049,1,420,320,1,2,-1.920005440711975,0.0,0.0,0.0,0.003968253968253968,0.0,0,0,4,320,-1,-1,-1,0.0
stage1d_single_agent_delivery_obstacles,4,2,267496,4050,1,420,320,1,2,-1.920005440711975,0.0,0.0,0.0,0.003968253968253968,0.0,0,0,4,320,-1,-1,-1,0.0
stage1d_single_agent_delivery_obstacles,4,2,267816,4051,1,420,320,1,2,-1.920005440711975,0.0,0.0,0.0,0.003968253968253968,0.0,0,0,4,320,-1,-1,-1,0.0
stage1d_single_agent_delivery_obstacles,4,2,268136,4052,1,420,320,1,2,-1.920005440711975,0.0,0.0,0.0,0.003968253968253968,0.0,0,0,4,320,-1,-1,-1,0.0
stage1d_single_agent_delivery_obstacles,4,2,268456,4053,1,420,320,1,2,-1.920005440711975,0.0,0.0,0.0,0.003968253968253968,0.0,0,0,4,320,-1,-1,-1,0.0
stage1d_single_agent_delivery_obstacles,4,2,268776,4054,1,420,320,1,2,-1.920005440711975,0.0,0.0,0.0,0.003968253968253968,0.0,0,0,4,320,-1,-1,-1,0.0
stage1d_single_agent_delivery_obstacles,4,2,269096,4055,1,420,320,1,2,-1.920005440711975,0.0,0.0,0.0,0.003968253968253968,0.0,0,0,4,320,-1,-1,-1,0.0
stage1d_single_agent_delivery_obstacles,4,2,269170,4056,1,420,320,1,2,28.49977684020996,4.0,4.0,0.0,0.047619047619047616,0.0,0,0,0,74,48,-1,-1,0.0
stage1d_single_agent_delivery_obstacles,4,2,269490,4057,1,420,320,1,2,-1.920005440711975,0.0,0.0,0.0,0.003968253968253968,0.0,0,0,4,320,-1,-1,-1,0.0
stage1d_single_agent_delivery_obstacles,4,2,269810,4058,1,420,320,1,2,-1.920005440711975,0.0,0.0,0.0,0.003968253968253968,0.0,0,0,4,320,-1,-1,-1,0.0
stage1d_single_agent_delivery_obstacles,4,2,269886,4059,1,420,320,1,2,22.984413146972656,4.0,4.0,0.0,0.01984126984126984,0.0,0,0,0,76,50,-1,-1,0.0
stage2a_small_swarm_medium,5,1,271260,4060,3,700,500,2,4,5.063267230987549,4.0,4.0,0.0,0.03015873015873016,0.0,0,0,4,420,139,-1,-1,0.0
stage2a_small_swarm_medium,5,1,272520,4061,3,700,500,2,4,2.272737503051758,4.0,4.0,0.0,0.02857142857142857,0.0,0,0,4,420,47,-1,-1,0.0
stage2a_small_swarm_medium,5,1,273780,4062,3,700,500,2,4,4.8408732414245605,4.0,4.0,0.0,0.026984126984126985,0.13095238095238093,3,0,4,420,70,-1,-1,0.0
stage2a_small_swarm_medium,5,1,275040,4063,3,700,500,2,4,5.127895832061768,4.0,4.0,0.0,0.044444444444444446,0.061692721453598796,1,0,4,420,52,-1,-1,0.0
stage2a_small_swarm_medium,5,1,276300,4064,3,700,500,2,4,4.8617844581604,4.0,4.0,0.0,0.01904761904761905,0.0,0,0,4,420,54,-1,-1,0.0
stage2a_small_swarm_medium,5,1,277560,4065,3,700,500,2,4,4.894206523895264,4.0,4.0,0.0,0.015873015873015872,0.0,0,0,4,420,114,-1,-1,0.0
stage2a_small_swarm_medium,5,1,278820,4066,3,700,500,2,4,4.093430519104004,4.0,4.0,0.0,0.031746031746031744,0.0,0,0,4,420,97,-1,-1,0.0
stage2a_small_swarm_medium,5,1,280080,4067,3,700,500,2,4,-3.359985113143921,0.0,0.0,0.0,0.004761904761904762,0.0,0,0,8,420,-1,-1,-1,0.0
stage2a_small_swarm_medium,5,1,281340,4068,3,700,500,2,4,3.456956148147583,4.0,4.0,0.0,0.026984126984126985,0.0,0,0,4,420,46,-1,-1,0.0
stage2a_small_swarm_medium,5,1,282600,4069,3,700,500,2,4,-3.359985113143921,0.0,0.0,0.0,0.004761904761904762,0.0,0,0,8,420,-1,-1,-1,0.0
stage2a_small_swarm_medium,5,1,283860,4070,3,700,500,2,4,4.240065097808838,4.0,4.0,0.0,0.03492063492063492,0.0,0,0,4,420,69,-1,-1,0.0
stage2a_small_swarm_medium,5,1,285120,4071,3,700,500,2,4,-3.359985113143921,0.0,0.0,0.0,0.004761904761904762,0.0,0,0,8,420,-1,-1,-1,0.0
stage2a_small_swarm_medium,5,1,286380,4072,3,700,500,2,4,4.421745777130127,4.0,4.0,0.0,0.014285714285714285,0.08968253968253968,1,0,4,420,45,-1,-1,0.0
stage2a_small_swarm_medium,5,1,287640,4073,3,700,500,2,4,5.059136867523193,4.0,4.0,0.0,0.011111111111111112,0.0,0,0,4,420,192,-1,-1,0.0
stage2a_small_swarm_medium,5,1,288900,4074,3,700,500,2,4,4.863630771636963,4.0,4.0,0.0,0.01746031746031746,0.0,0,0,4,420,34,-1,-1,0.0
stage2a_small_swarm_medium,5,1,290160,4075,3,700,500,2,4,4.8608717918396,4.0,4.0,0.0,0.01746031746031746,0.0,0,0,4,420,38,-1,-1,0.0
stage2a_small_swarm_medium,5,1,291420,4076,3,700,500,2,4,-3.359985113143921,0.0,0.0,0.0,0.004761904761904762,0.0,0,0,8,420,-1,-1,-1,0.0
stage2a_small_swarm_medium,5,1,291639,4077,3,700,500,2,4,15.768302917480469,8.0,8.0,0.0,0.031746031746031744,0.0,0,0,0,73,27,-1,-1,0.0
stage2a_small_swarm_medium,5,1,292899,4078,3,700,500,2,4,4.870751857757568,4.0,4.0,0.0,0.023809523809523808,0.0,0,0,4,420,58,-1,-1,0.0
stage2a_small_swarm_medium,5,1,294159,4079,3,700,500,2,4,3.4387214183807373,4.0,4.0,0.0,0.01904761904761905,0.08968253968253968,1,0,4,420,51,-1,-1,0.0
stage2a_small_swarm_medium,5,1,295419,4080,3,700,500,2,4,-3.359985113143921,0.0,0.0,0.0,0.004761904761904762,0.0,0,0,8,420,-1,-1,-1,0.0
stage2a_small_swarm_medium,5,1,296679,4081,3,700,500,2,4,-3.359985113143921,0.0,0.0,0.0,0.004761904761904762,0.0,0,0,8,420,-1,-1,-1,0.0
stage2a_small_swarm_medium,5,1,297939,4082,3,700,500,2,4,4.085237503051758,4.0,4.0,0.0,0.012698412698412698,0.0,0,0,4,420,29,-1,-1,0.0
stage2a_small_swarm_medium,5,1,299199,4083,3,700,500,2,4,4.843411445617676,4.0,4.0,0.0,0.031746031746031744,0.0,0,0,4,420,28,-1,-1,0.0
stage2a_small_swarm_medium,5,1,300459,4084,3,700,500,2,4,-3.359985113143921,0.0,0.0,0.0,0.004761904761904762,0.0,0,0,8,420,-1,-1,-1,0.0
stage2a_small_swarm_medium,5,1,301719,4085,3,700,500,2,4,0.8556897044181824,4.0,4.0,0.0,0.06666666666666667,0.0,0,0,4,420,58,-1,-1,0.0
stage2a_small_swarm_medium,5,1,302850,4086,3,700,500,2,4,9.401534080505371,8.0,8.0,0.0,0.07301587301587302,0.0,0,0,0,377,286,-1,-1,0.0
stage2a_small_swarm_medium,5,1,304110,4087,3,700,500,2,4,-3.359985113143921,0.0,0.0,0.0,0.012698412698412698,0.0,0,0,8,420,-1,-1,-1,0.0
stage2a_small_swarm_medium,5,1,305370,4088,3,700,500,2,4,-3.36331844329834,0.0,0.0,0.0,0.004761904761904762,0.0,0,0,8,420,-1,-1,-1,0.0
stage2a_small_swarm_medium,5,1,306630,4089,3,700,500,2,4,-3.506650686264038,0.0,0.0,0.0,0.03492063492063492,0.0,0,0,8,420,-1,-1,-1,0.0
stage2a_small_swarm_medium,5,1,307890,4090,3,700,500,2,4,-5.380006313323975,0.0,0.0,0.0,0.01904761904761905,0.0,0,0,8,420,-1,-1,-1,0.0
stage2a_small_swarm_medium,5,1,309150,4091,3,700,500,2,4,4.895071029663086,4.0,4.0,0.0,0.02857142857142857,0.0,0,0,4,420,58,-1,-1,0.0
stage2a_small_swarm_medium,5,1,310410,4092,3,700,500,2,4,4.831912517547607,4.0,4.0,0.0,0.025396825396825397,0.0035466323473623816,1,0,4,420,46,-1,-1,0.0
stage2a_small_swarm_medium,5,1,311670,4093,3,700,500,2,4,-3.359985113143921,0.0,0.0,0.0,0.004761904761904762,0.0,0,0,8,420,-1,-1,-1,0.0
stage2a_small_swarm_medium,5,1,312930,4094,3,700,500,2,4,3.8176205158233643,4.0,4.0,0.0,0.01746031746031746,0.0,0,0,4,420,38,-1,-1,0.0
stage2a_small_swarm_medium,5,1,314190,4095,3,700,500,2,4,4.23187255859375,4.0,4.0,0.0,0.03015873015873016,0.0,0,0,4,420,58,-1,-1,0.0
stage2a_small_swarm_medium,5,1,314520,4096,3,700,500,2,4,15.237025260925293,8.0,8.0,0.0,0.07301587301587302,0.0,0,0,0,110,36,-1,-1,0.0
stage2a_small_swarm_medium,5,1,314634,4097,3,700,500,2,4,15.924969673156738,8.0,8.0,0.0,0.023809523809523808,0.0,0,0,0,38,20,-1,-1,0.0
stage2a_small_swarm_medium,5,1,315894,4098,3,700,500,2,4,4.761185646057129,4.0,4.0,0.0,0.015873015873015872,0.0,0,0,4,420,43,-1,-1,0.0
stage2a_small_swarm_medium,5,1,317154,4099,3,700,500,2,4,4.7689433097839355,4.0,4.0,0.0,0.01904761904761905,0.0,0,0,4,420,30,-1,-1,0.0
stage2a_small_swarm_medium,5,1,317340,4100,3,700,500,2,4,15.796490669250488,8.0,8.0,0.0,0.03015873015873016,0.015946785200847892,1,0,0,62,20,-1,-1,0.0
stage2a_small_swarm_medium,5,1,318600,4101,3,700,500,2,4,4.982192039489746,4.0,4.0,0.0,0.03015873015873016,0.0,0,0,4,420,62,-1,-1,0.0
stage2a_small_swarm_medium,5,1,319860,4102,3,700,500,2,4,3.0784432888031006,2.0,2.0,0.0,0.06666666666666667,0.0,0,0,6,420,146,-1,-1,0.0
stage2a_small_swarm_medium,5,1,321120,4103,3,700,500,2,4,-3.359985113143921,0.0,0.0,0.0,0.004761904761904762,0.0,0,0,8,420,-1,-1,-1,0.0
stage2a_small_swarm_medium,5,1,322380,4104,3,700,500,2,4,4.481376647949219,4.0,4.0,0.0,0.01746031746031746,0.0,0,0,4,420,39,-1,-1,0.0
stage2a_small_swarm_medium,5,1,323640,4105,3,700,500,2,4,5.007508277893066,4.0,4.0,0.0,0.0380952380952381,0.0,0,0,4,420,83,-1,-1,0.0
stage2a_small_swarm_medium,5,1,324900,4106,3,700,500,2,4,3.1575355529785156,4.0,4.0,0.0,0.023809523809523808,0.0,0,0,4,420,56,-1,-1,0.0
stage2a_small_swarm_medium,5,1,326160,4107,3,700,500,2,4,3.415189027786255,4.0,4.0,0.0,0.011111111111111112,0.0720422108968099,1,0,4,420,36,-1,-1,0.0
stage2a_small_swarm_medium,5,1,327420,4108,3,700,500,2,4,-3.359985113143921,0.0,0.0,0.0,0.004761904761904762,0.0,0,0,8,420,-1,-1,-1,0.0
stage2a_small_swarm_medium,5,1,328680,4109,3,700,500,2,4,-3.656984329223633,0.0,0.0,0.0,0.046031746031746035,0.0,0,0,8,420,-1,-1,-1,0.0
stage2a_small_swarm_medium,5,1,329940,4110,3,700,500,2,4,-3.359985113143921,0.0,0.0,0.0,0.004761904761904762,0.0,0,0,8,420,-1,-1,-1,0.0
stage2a_small_swarm_medium,5,2,331260,4111,3,700,500,2,4,4.765255451202393,4.0,4.0,0.0,0.01746031746031746,0.0,0,0,4,420,25,-1,-1,0.0
stage2a_small_swarm_medium,5,2,332520,4112,3,700,500,2,4,3.024317502975464,4.0,4.0,0.0,0.007936507936507936,0.08571428571428572,1,0,4,420,28,-1,-1,0.0
stage2a_small_swarm_medium,5,2,333780,4113,3,700,500,2,4,4.486885070800781,4.0,4.0,0.0,0.022222222222222223,0.0,0,0,4,420,5,-1,-1,0.0
stage2a_small_swarm_medium,5,2,335040,4114,3,700,500,2,4,-3.359985113143921,0.0,0.0,0.0,0.004761904761904762,0.0,0,0,8,420,-1,-1,-1,0.0
stage2a_small_swarm_medium,5,2,336300,4115,3,700,500,2,4,-3.359985113143921,0.0,0.0,0.0,0.004761904761904762,0.0,0,0,8,420,-1,-1,-1,0.0
stage2a_small_swarm_medium,5,2,337560,4116,3,700,500,2,4,-3.359985113143921,0.0,0.0,0.0,0.004761904761904762,0.0,0,0,8,420,-1,-1,-1,0.0
stage2a_small_swarm_medium,5,2,338820,4117,3,700,500,2,4,-3.9524028301239014,0.0,0.0,0.0,0.01746031746031746,0.0,0,0,8,420,-1,-1,-1,0.0
stage2a_small_swarm_medium,5,2,340080,4118,3,700,500,2,4,5.212562084197998,4.0,4.0,0.0,0.05873015873015873,0.0,0,0,4,420,79,-1,-1,0.0
stage2a_small_swarm_medium,5,2,341340,4119,3,700,500,2,4,4.805078029632568,4.0,4.0,0.0,0.015873015873015872,0.0,0,0,4,420,15,-1,-1,0.0
stage2a_small_swarm_medium,5,2,342600,4120,3,700,500,2,4,4.708112716674805,4.0,4.0,0.0,0.015873015873015872,0.0,0,0,4,420,10,-1,-1,0.0
stage2a_small_swarm_medium,5,2,343860,4121,3,700,500,2,4,-3.359985113143921,0.0,0.0,0.0,0.004761904761904762,0.0,0,0,8,420,-1,-1,-1,0.0
stage2a_small_swarm_medium,5,2,345120,4122,3,700,500,2,4,-3.359985113143921,0.0,0.0,0.0,0.004761904761904762,0.0,0,0,8,420,-1,-1,-1,0.0
stage2a_small_swarm_medium,5,2,346380,4123,3,700,500,2,4,-3.359985113143921,0.0,0.0,0.0,0.004761904761904762,0.0,0,0,8,420,-1,-1,-1,0.0
stage2a_small_swarm_medium,5,2,347640,4124,3,700,500,2,4,4.557081699371338,4.0,4.0,0.0,0.026984126984126985,0.08571428571428572,1,0,4,420,40,-1,-1,0.0
stage2a_small_swarm_medium,5,2,348900,4125,3,700,500,2,4,4.830912113189697,4.0,4.0,0.0,0.023809523809523808,0.0,0,0,4,420,38,-1,-1,0.0
stage2a_small_swarm_medium,5,2,350160,4126,3,700,500,2,4,4.926236629486084,4.0,4.0,0.0,0.023809523809523808,0.0,0,0,4,420,73,-1,-1,0.0
stage2a_small_swarm_medium,5,2,351420,4127,3,700,500,2,4,3.948025941848755,4.0,4.0,0.0,0.026984126984126985,0.0,0,0,4,420,68,-1,-1,0.0
stage2a_small_swarm_medium,5,2,352680,4128,3,700,500,2,4,1.9622411727905273,4.0,4.0,0.0,0.05714285714285714,0.0,0,0,4,420,76,-1,-1,0.0
stage2a_small_swarm_medium,5,2,352863,4129,3,700,500,2,4,15.49435043334961,8.0,8.0,0.0,0.0380952380952381,0.0,0,0,0,61,29,-1,-1,0.0
stage2a_small_swarm_medium,5,2,354123,4130,3,700,500,2,4,4.491751194000244,4.0,4.0,0.0,0.020634920634920634,0.0,0,0,4,420,33,-1,-1,0.0
stage2a_small_swarm_medium,5,2,355383,4131,3,700,500,2,4,-3.359985113143921,0.0,0.0,0.0,0.004761904761904762,0.0,0,0,8,420,-1,-1,-1,0.0
stage2a_small_swarm_medium,5,2,356643,4132,3,700,500,2,4,-3.359985113143921,0.0,0.0,0.0,0.004761904761904762,0.0,0,0,8,420,-1,-1,-1,0.0
stage2a_small_swarm_medium,5,2,357903,4133,3,700,500,2,4,4.878291606903076,4.0,4.0,0.0,0.023809523809523808,0.004638740118770373,1,0,4,420,12,-1,-1,0.0
stage2a_small_swarm_medium,5,2,359163,4134,3,700,500,2,4,4.8926215171813965,4.0,4.0,0.0,0.02857142857142857,0.0,0,0,4,420,69,-1,-1,0.0
stage2a_small_swarm_medium,5,2,360423,4135,3,700,500,2,4,4.520318984985352,4.0,4.0,0.0,0.01746031746031746,0.0,0,0,4,420,18,-1,-1,0.0
stage2a_small_swarm_medium,5,2,361683,4136,3,700,500,2,4,4.934145450592041,4.0,4.0,0.0,0.026984126984126985,0.0,0,0,4,420,56,-1,-1,0.0
stage2a_small_swarm_medium,5,2,362943,4137,3,700,500,2,4,4.367687702178955,4.0,4.0,0.0,0.014285714285714285,0.0,0,0,4,420,11,-1,-1,0.0
stage2a_small_swarm_medium,5,2,364203,4138,3,700,500,2,4,4.469706058502197,4.0,4.0,0.0,0.012698412698412698,0.0,0,0,4,420,34,-1,-1,0.0
stage2a_small_swarm_medium,5,2,365463,4139,3,700,500,2,4,4.938412189483643,4.0,4.0,0.0,0.031746031746031744,0.0,0,0,4,420,62,-1,-1,0.0
stage2a_small_swarm_medium,5,2,365979,4140,3,700,500,2,4,14.504809379577637,8.0,8.0,0.0,0.049206349206349205,0.015807337901923197,2,0,0,172,45,-1,-1,0.0
stage2a_small_swarm_medium,5,2,367239,4141,3,700,500,2,4,4.805361270904541,4.0,4.0,0.0,0.01746031746031746,0.0,0,0,4,420,23,-1,-1,0.0
stage2a_small_swarm_medium,5,2,368499,4142,3,700,500,2,4,3.8629589080810547,4.0,4.0,0.0,0.020634920634920634,0.0,0,0,4,420,11,-1,-1,0.0
stage2a_small_swarm_medium,5,2,368994,4143,3,700,500,2,4,15.25323486328125,8.0,8.0,0.0,0.04126984126984127,0.01327354928497413,1,0,0,165,35,-1,-1,0.0
stage2a_small_swarm_medium,5,2,370254,4144,3,700,500,2,4,-3.359985113143921,0.0,0.0,0.0,0.004761904761904762,0.0,0,0,8,420,-1,-1,-1,0.0
stage2a_small_swarm_medium,5,2,371514,4145,3,700,500,2,4,-3.359985113143921,0.0,0.0,0.0,0.004761904761904762,0.0,0,0,8,420,-1,-1,-1,0.0
stage2a_small_swarm_medium,5,2,372774,4146,3,700,500,2,4,4.828248500823975,4.0,4.0,0.0,0.022222222222222223,0.0,0,0,4,420,15,-1,-1,0.0
stage2a_small_swarm_medium,5,2,374034,4147,3,700,500,2,4,5.006692409515381,4.0,4.0,0.0,0.0380952380952381,0.0,0,0,4,420,91,-1,-1,0.0
stage2a_small_swarm_medium,5,2,375294,4148,3,700,500,2,4,4.896949291229248,4.0,4.0,0.0,0.031746031746031744,0.0,0,0,4,420,65,-1,-1,0.0
stage2a_small_swarm_medium,5,2,376554,4149,3,700,500,2,4,-3.359985113143921,0.0,0.0,0.0,0.004761904761904762,0.0,0,0,8,420,-1,-1,-1,0.0
stage2a_small_swarm_medium,5,2,377814,4150,3,700,500,2,4,4.88625955581665,4.0,4.0,0.0,0.025396825396825397,0.0,0,0,4,420,61,-1,-1,0.0
stage2a_small_swarm_medium,5,2,379074,4151,3,700,500,2,4,4.829091548919678,4.0,4.0,0.0,0.023809523809523808,0.0,0,0,4,420,16,-1,-1,0.0
stage2a_small_swarm_medium,5,2,379365,4152,3,700,500,2,4,14.721115112304688,8.0,8.0,0.0,0.050793650793650794,0.0,0,0,0,97,64,-1,-1,0.0
stage2a_small_swarm_medium,5,2,380625,4153,3,700,500,2,4,-3.356652021408081,0.0,0.0,0.0,0.009523809523809525,0.0,0,0,8,420,-1,-1,-1,0.0
stage2a_small_swarm_medium,5,2,381885,4154,3,700,500,2,4,4.818526268005371,4.0,4.0,0.0,0.01904761904761905,0.0004672537787839593,1,0,4,420,37,-1,-1,0.0
stage2a_small_swarm_medium,5,2,383145,4155,3,700,500,2,4,-3.3599853515625,0.0,0.0,0.0,0.006349206349206349,0.0,0,0,8,420,-1,-1,-1,0.0
stage2a_small_swarm_medium,5,2,384405,4156,3,700,500,2,4,4.7738165855407715,4.0,4.0,0.0,0.020634920634920634,0.0,0,0,4,420,27,-1,-1,0.0
stage2a_small_swarm_medium,5,2,385665,4157,3,700,500,2,4,3.8160781860351562,4.0,4.0,0.0,0.01904761904761905,0.0,0,0,4,420,28,-1,-1,0.0
stage2a_small_swarm_medium,5,2,386925,4158,3,700,500,2,4,-3.359985113143921,0.0,0.0,0.0,0.004761904761904762,0.0,0,0,8,420,-1,-1,-1,0.0
stage2a_small_swarm_medium,5,2,388185,4159,3,700,500,2,4,4.450489044189453,4.0,4.0,0.0,0.023809523809523808,0.08968253968253968,1,0,4,420,47,-1,-1,0.0
stage2a_small_swarm_medium,5,2,389445,4160,3,700,500,2,4,2.858157157897949,4.0,4.0,0.0,0.01746031746031746,0.0,0,0,4,420,42,-1,-1,0.0
stage2b_small_swarm_large,6,1,391950,4161,3,950,700,3,8,1.603550910949707,4.0,4.0,0.0,0.0075,0.0,0,1,12,650,19,-1,-1,0.0
stage2b_small_swarm_large,6,1,393900,4162,3,950,700,3,8,-6.500887393951416,0.0,0.0,0.0,0.0033333333333333335,0.0,0,0,12,650,-1,-1,-1,0.0
stage2b_small_swarm_large,6,1,395850,4163,3,950,700,3,8,18.124332427978516,12.0,12.0,0.0,0.03166666666666667,0.0,0,3,12,650,9,-1,-1,0.0
stage2b_small_swarm_large,6,1,397800,4164,3,950,700,3,8,-6.500053882598877,0.0,0.0,0.0,0.0025,0.0,0,0,12,650,-1,-1,-1,0.0
stage2b_small_swarm_large,6,1,399750,4165,3,950,700,3,8,9.450827598571777,8.0,8.0,0.0,0.018333333333333333,0.0,0,2,12,650,12,-1,-1,0.0
stage2b_small_swarm_large,6,1,401700,4166,3,950,700,3,8,1.6599332094192505,4.0,4.0,0.0,0.010833333333333334,0.0,0,1,12,650,34,-1,-1,0.0
stage2b_small_swarm_large,6,1,403650,4167,3,950,700,3,8,-2.8672449588775635,4.0,4.0,0.0,0.0175,0.0,0,1,12,650,68,-1,-1,0.0
stage2b_small_swarm_large,6,1,405600,4168,3,950,700,3,8,-6.500053882598877,0.0,0.0,0.0,0.0025,0.0,0,0,12,650,-1,-1,-1,0.0
stage2b_small_swarm_large,6,1,407550,4169,3,950,700,3,8,18.12849235534668,12.0,12.0,0.0,0.030833333333333334,0.0,0,3,12,650,66,-1,-1,0.0
stage2b_small_swarm_large,6,1,409500,4170,3,950,700,3,8,-6.500053882598877,0.0,0.0,0.0,0.0025,0.0,0,0,12,650,-1,-1,-1,0.0
stage2b_small_swarm_large,6,1,411450,4171,3,950,700,3,8,0.0816183090209961,4.0,4.0,0.0,0.010833333333333334,0.0,0,1,12,650,54,-1,-1,0.0
stage2b_small_swarm_large,6,1,413400,4172,3,950,700,3,8,17.33173179626465,12.0,12.0,0.0,0.035833333333333335,0.0,0,3,12,650,42,-1,-1,0.0
stage2b_small_swarm_large,6,1,415350,4173,3,950,700,3,8,1.6218000650405884,4.0,4.0,0.0,0.011666666666666667,0.0,0,1,12,650,30,-1,-1,0.0
stage2b_small_swarm_large,6,1,417300,4174,3,950,700,3,8,-6.500053882598877,0.0,0.0,0.0,0.0025,0.0,0,0,12,650,-1,-1,-1,0.0
stage2b_small_swarm_large,6,1,419250,4175,3,950,700,3,8,-6.503387451171875,0.0,0.0,0.0,0.0025,0.0,0,0,12,650,-1,-1,-1,0.0
stage2b_small_swarm_large,6,1,421200,4176,3,950,700,3,8,1.7719858884811401,4.0,4.0,0.0,0.019166666666666665,0.0,0,1,12,650,66,-1,-1,0.0
stage2b_small_swarm_large,6,1,423150,4177,3,950,700,3,8,-6.500053882598877,0.0,0.0,0.0,0.0025,0.0,0,0,12,650,-1,-1,-1,0.0
stage2b_small_swarm_large,6,1,425100,4178,3,950,700,3,8,1.6600984334945679,4.0,4.0,0.0,0.011666666666666667,0.0016875258661233463,2,1,12,650,46,-1,-1,0.0
stage2b_small_swarm_large,6,1,427050,4179,3,950,700,3,8,-6.500053882598877,0.0,0.0,0.0,0.0025,0.0,0,0,12,650,-1,-1,-1,0.0
stage2b_small_swarm_large,6,1,429000,4180,3,950,700,3,8,1.8949851989746094,4.0,4.0,0.0,0.025,0.0,0,1,12,650,110,-1,-1,0.0
stage2b_small_swarm_large,6,1,430950,4181,3,950,700,3,8,1.2366338968276978,4.0,4.0,0.0,0.008333333333333333,0.0,0,1,12,650,35,-1,-1,0.0
stage2b_small_swarm_large,6,1,432900,4182,3,950,700,3,8,9.801750183105469,8.0,8.0,0.0,0.0125,0.0,0,2,12,650,59,-1,-1,0.0
stage2b_small_swarm_large,6,1,434850,4183,3,950,700,3,8,1.6016629934310913,4.0,4.0,0.0,0.006666666666666667,0.0,0,1,12,650,13,-1,-1,0.0
stage2b_small_swarm_large,6,1,436800,4184,3,950,700,3,8,3.7267322540283203,4.0,4.0,0.0,0.03833333333333333,0.00233397733569384,1,1,12,650,565,-1,-1,0.0
stage2b_small_swarm_large,6,1,438750,4185,3,950,700,3,8,9.910694122314453,8.0,8.0,0.0,0.02,0.0006633095820553791,1,2,12,650,41,-1,-1,0.0
stage2b_small_swarm_large,6,1,440700,4186,3,950,700,3,8,-6.500053882598877,0.0,0.0,0.0,0.0025,0.0,0,0,12,650,-1,-1,-1,0.0
stage2b_small_swarm_large,6,1,442650,4187,3,950,700,3,8,18.066831588745117,12.0,12.0,0.0,0.03916666666666667,0.0,0,3,12,650,3,-1,-1,0.0
stage2b_small_swarm_large,6,1,444600,4188,3,950,700,3,8,23.772890090942383,16.0,16.0,0.0,0.035833333333333335,0.055384615384615386,1,4,12,650,46,-1,-1,0.0
stage2b_small_swarm_large,6,1,446550,4189,3,950,700,3,8,-6.500053882598877,0.0,0.0,0.0,0.0025,0.0,0,0,12,650,-1,-1,-1,0.0
stage2b_small_swarm_large,6,1,448500,4190,3,950,700,3,8,42.010684967041016,24.0,24.0,0.0,0.06333333333333334,0.038221291373185334,3,6,12,650,49,-1,-1,0.0
stage2b_small_swarm_large,6,1,450450,4191,3,950,700,3,8,-9.509231567382812,0.0,0.0,0.0,0.015,0.0,0,0,12,650,-1,-1,-1,0.0
stage2b_small_swarm_large,6,1,452400,4192,3,950,700,3,8,-1.404271125793457,4.0,4.0,0.0,0.018333333333333333,0.0,0,1,12,650,597,-1,-1,0.0
stage2b_small_swarm_large,6,1,454350,4193,3,950,700,3,8,41.78065490722656,26.0,26.0,0.0,0.08833333333333333,0.0,0,6,10,650,4,-1,-1,0.0
stage2b_small_swarm_large,6,1,456300,4194,3,950,700,3,8,-6.500053882598877,0.0,0.0,0.0,0.0025,0.0,0,0,12,650,-1,-1,-1,0.0
stage2b_small_swarm_large,6,1,458250,4195,3,950,700,3,8,9.131972312927246,8.0,8.0,0.0,0.020833333333333332,0.0,0,2,12,650,34,-1,-1,0.0
stage2b_small_swarm_large,6,1,460200,4196,3,950,700,3,8,-6.500053882598877,0.0,0.0,0.0,0.0025,0.0,0,0,12,650,-1,-1,-1,0.0
stage2b_small_swarm_large,6,1,462150,4197,3,950,700,3,8,1.0161075592041016,4.0,4.0,0.0,0.015,0.0,0,1,12,650,64,-1,-1,0.0
stage2b_small_swarm_large,6,1,464100,4198,3,950,700,3,8,42.53249740600586,24.0,24.0,0.0,0.05416666666666667,0.0023316842031020383,1,6,12,650,28,-1,-1,0.0
stage2b_small_swarm_large,6,1,466050,4199,3,950,700,3,8,1.3227773904800415,4.0,4.0,0.0,0.015833333333333335,0.0,0,1,12,650,22,-1,-1,0.0
stage2b_small_swarm_large,6,1,468000,4200,3,950,700,3,8,26.95847511291504,16.0,16.0,0.0,0.055,0.0,0,4,12,650,50,-1,-1,0.0
stage2b_small_swarm_large,6,1,469950,4201,3,950,700,3,8,1.65625,4.0,4.0,0.0,0.008333333333333333,0.039736470234795256,1,1,12,650,34,-1,-1,0.0
stage2b_small_swarm_large,6,1,471900,4202,3,950,700,3,8,17.748682022094727,12.0,12.0,0.0,0.03,0.0022133457622466944,1,3,12,650,65,-1,-1,0.0
stage2b_small_swarm_large,6,1,473850,4203,3,950,700,3,8,-6.500053882598877,0.0,0.0,0.0,0.0025,0.0,0,0,12,650,-1,-1,-1,0.0
stage2b_small_swarm_large,6,1,475800,4204,3,950,700,3,8,-6.500053882598877,0.0,0.0,0.0,0.0025,0.0,0,0,12,650,-1,-1,-1,0.0
stage2b_small_swarm_large,6,1,477750,4205,3,950,700,3,8,9.437602043151855,8.0,8.0,0.0,0.015833333333333335,0.055384615384615386,1,2,12,650,51,-1,-1,0.0
stage2b_small_swarm_large,6,1,479700,4206,3,950,700,3,8,1.7503987550735474,4.0,4.0,0.0,0.010833333333333334,0.0,0,1,12,650,58,-1,-1,0.0
stage2b_small_swarm_large,6,2,481950,4207,3,950,700,3,8,-6.500053882598877,0.0,0.0,0.0,0.0025,0.0,0,0,12,650,-1,-1,-1,0.0
stage2b_small_swarm_large,6,2,483900,4208,3,950,700,3,8,1.6617761850357056,4.0,4.0,0.0,0.011666666666666667,0.0,0,1,12,650,48,-1,-1,0.0
stage2b_small_swarm_large,6,2,485850,4209,3,950,700,3,8,1.8474572896957397,4.0,4.0,0.0,0.013333333333333334,0.0,0,1,12,650,18,-1,-1,0.0
stage2b_small_swarm_large,6,2,487800,4210,3,950,700,3,8,-6.500053882598877,0.0,0.0,0.0,0.0025,0.0,0,0,12,650,-1,-1,-1,0.0
stage2b_small_swarm_large,6,2,489750,4211,3,950,700,3,8,-6.500053882598877,0.0,0.0,0.0,0.0025,0.0,0,0,12,650,-1,-1,-1,0.0
stage2b_small_swarm_large,6,2,491700,4212,3,950,700,3,8,-6.500053882598877,0.0,0.0,0.0,0.0025,0.0,0,0,12,650,-1,-1,-1,0.0
stage2b_small_swarm_large,6,2,493650,4213,3,950,700,3,8,-6.498352527618408,0.0,0.0,0.0,0.004166666666666667,0.0,0,0,12,650,-1,-1,-1,0.0
stage2b_small_swarm_large,6,2,495600,4214,3,950,700,3,8,1.6012592315673828,4.0,4.0,0.0,0.01,0.0,0,1,12,650,10,-1,-1,0.0
stage2b_small_swarm_large,6,2,497550,4215,3,950,700,3,8,-6.500053882598877,0.0,0.0,0.0,0.0025,0.0,0,0,12,650,-1,-1,-1,0.0
stage2b_small_swarm_large,6,2,499500,4216,3,950,700,3,8,-6.500053882598877,0.0,0.0,0.0,0.0025,0.0,0,0,12,650,-1,-1,-1,0.0
stage2b_small_swarm_large,6,2,501450,4217,3,950,700,3,8,-1.7583374977111816,4.0,4.0,0.0,0.03166666666666667,0.0,0,1,12,650,169,-1,-1,0.0
stage2b_small_swarm_large,6,2,503400,4218,3,950,700,3,8,-6.555055141448975,0.0,0.0,0.0,0.0075,0.0,0,0,12,650,-1,-1,-1,0.0
stage2b_small_swarm_large,6,2,505350,4219,3,950,700,3,8,-6.500053882598877,0.0,0.0,0.0,0.0025,0.0,0,0,12,650,-1,-1,-1,0.0
stage2b_small_swarm_large,6,2,507300,4220,3,950,700,3,8,-6.500053882598877,0.0,0.0,0.0,0.0025,0.0,0,0,12,650,-1,-1,-1,0.0
stage2b_small_swarm_large,6,2,509250,4221,3,950,700,3,8,9.069581985473633,8.0,8.0,0.0,0.0175,0.0,0,2,12,650,46,-1,-1,0.0
stage2b_small_swarm_large,6,2,511200,4222,3,950,700,3,8,1.2422758340835571,4.0,4.0,0.0,0.01,0.05794871794871795,1,1,12,650,53,-1,-1,0.0
stage2b_small_swarm_large,6,2,513150,4223,3,950,700,3,8,-6.4966721534729,0.0,0.0,0.0,0.006666666666666667,0.0,0,0,12,650,-1,-1,-1,0.0
stage2b_small_swarm_large,6,2,515100,4224,3,950,700,3,8,-6.500053882598877,0.0,0.0,0.0,0.0025,0.0,0,0,12,650,-1,-1,-1,0.0
stage2b_small_swarm_large,6,2,517050,4225,3,950,700,3,8,46.11735153198242,28.0,28.0,0.0,0.05333333333333334,0.0,0,7,12,650,11,-1,-1,0.0
stage2b_small_swarm_large,6,2,519000,4226,3,950,700,3,8,-6.498386859893799,0.0,0.0,0.0,0.004166666666666667,0.0,0,0,12,650,-1,-1,-1,0.0
stage2b_small_swarm_large,6,2,520950,4227,3,950,700,3,8,1.6556898355484009,4.0,4.0,0.0,0.008333333333333333,0.0,0,1,12,650,41,-1,-1,0.0
stage2b_small_swarm_large,6,2,522900,4228,3,950,700,3,8,-6.500053882598877,0.0,0.0,0.0,0.0025,0.0,0,0,12,650,-1,-1,-1,0.0
stage2b_small_swarm_large,6,2,524850,4229,3,950,700,3,8,7.883570194244385,8.0,8.0,0.0,0.04583333333333333,0.0,0,2,12,650,120,-1,-1,0.0
stage2b_small_swarm_large,6,2,526800,4230,3,950,700,3,8,-7.584108829498291,0.0,0.0,0.0,0.03,0.0,0,0,12,650,-1,-1,-1,0.0
stage2b_small_swarm_large,6,2,528750,4231,3,950,700,3,8,-6.500053882598877,0.0,0.0,0.0,0.0025,0.0,0,0,12,650,-1,-1,-1,0.0
stage2b_small_swarm_large,6,2,530700,4232,3,950,700,3,8,-6.500887393951416,0.0,0.0,0.0,0.0033333333333333335,0.0,0,0,12,650,-1,-1,-1,0.0
stage2b_small_swarm_large,6,2,532650,4233,3,950,700,3,8,-6.508387088775635,0.0,0.0,0.0,0.004166666666666667,0.0,0,0,12,650,-1,-1,-1,0.0
stage2b_small_swarm_large,6,2,534600,4234,3,950,700,3,8,3.3249142169952393,8.0,8.0,0.0,0.06916666666666667,0.0,0,2,12,650,34,-1,-1,0.0
stage2b_small_swarm_large,6,2,536550,4235,3,950,700,3,8,-6.569222927093506,0.0,0.0,0.0,0.041666666666666664,0.0,0,0,12,650,-1,-1,-1,0.0
stage2b_small_swarm_large,6,2,538500,4236,3,950,700,3,8,23.97994041442871,14.0,14.0,0.0,0.075,0.0,0,3,10,650,49,-1,-1,0.0
stage2b_small_swarm_large,6,2,540450,4237,3,950,700,3,8,-20.078264236450195,4.0,4.0,0.0,0.07666666666666666,0.0,0,1,12,650,54,-1,-1,0.0
stage2b_small_swarm_large,6,2,542400,4238,3,950,700,3,8,16.400270462036133,20.0,20.0,0.0,0.09333333333333334,0.0,0,5,12,650,37,-1,-1,0.0
stage2b_small_swarm_large,6,2,544350,4239,3,950,700,3,8,-32.458858489990234,0.0,0.0,0.0,0.1,0.0,0,0,12,650,-1,-1,-1,0.0
stage2b_small_swarm_large,6,2,546300,4240,3,950,700,3,8,0.6232115626335144,12.0,12.0,0.0,0.11833333333333333,0.0,0,3,12,650,168,-1,-1,0.0
stage2b_small_swarm_large,6,2,548250,4241,3,950,700,3,8,-32.87752914428711,12.0,12.0,0.0,0.16583333333333333,0.0,0,3,12,650,144,-1,-1,0.0
stage2b_small_swarm_large,6,2,550200,4242,3,950,700,3,8,-82.41344451904297,0.0,0.0,0.0,0.0725,0.0,0,0,12,650,-1,-1,-1,0.0
stage2b_small_swarm_large,6,2,552150,4243,3,950,700,3,8,-67.5232925415039,0.0,0.0,0.0,0.06916666666666667,0.0,0,0,12,650,-1,-1,-1,0.0
stage2b_small_swarm_large,6,2,554100,4244,3,950,700,3,8,-25.43134880065918,20.0,20.0,0.0,0.14583333333333334,0.0,0,5,12,650,17,-1,-1,0.0
stage2b_small_swarm_large,6,2,556050,4245,3,950,700,3,8,-34.66212844848633,8.0,8.0,0.0,0.12416666666666666,0.0,0,2,12,650,135,-1,-1,0.0
stage2b_small_swarm_large,6,2,558000,4246,3,950,700,3,8,-30.24397850036621,8.0,8.0,0.0,0.13166666666666665,0.0,0,2,12,650,307,-1,-1,0.0
stage2b_small_swarm_large,6,2,559950,4247,3,950,700,3,8,-19.144411087036133,8.0,8.0,0.0,0.14666666666666667,0.0,0,2,12,650,375,-1,-1,0.0
stage2b_small_swarm_large,6,2,561900,4248,3,950,700,3,8,-5.415330410003662,3.0,3.0,0.0,0.043333333333333335,0.0,0,0,9,650,79,-1,-1,0.0
stage2b_small_swarm_large,6,2,563850,4249,3,950,700,3,8,-4.866170406341553,8.0,8.0,0.0,0.17583333333333334,0.0,0,2,12,650,20,-1,-1,0.0
stage2b_small_swarm_large,6,2,565800,4250,3,950,700,3,8,-15.223658561706543,4.0,4.0,0.0,0.1575,0.0,0,1,12,650,164,-1,-1,0.0
stage2b_small_swarm_large,6,2,567750,4251,3,950,700,3,8,-2.8733043670654297,4.0,4.0,0.0,0.14583333333333334,0.0,0,1,12,650,107,-1,-1,0.0
stage2b_small_swarm_large,6,2,569700,4252,3,950,700,3,8,22.527620315551758,16.0,16.0,0.0,0.17083333333333334,0.0,0,4,12,650,44,-1,-1,0.0
