stage,stage_index,global_step,episode,n_agents,width,height,n_targets,n_obstacles,pheromone_enabled,mean_episode_reward,food_discovered,food_picked_up,food_retrieved,exploration_coverage,pheromone_usage,pheromone_deposit_events,episode_length,first_pickup_step,first_delivery_step,pickup_to_delivery_latency,swarm_efficiency
stage1a_single_agent_tiny,1,120,1,1,100,100,2,0,False,-14.93025016784668,0.0,0.0,0.0,0.44,0.0,0,120,-1,-1,-1,0.0
stage1a_single_agent_tiny,1,240,2,1,100,100,2,0,False,-13.178007125854492,0.0,0.0,0.0,0.32,0.0,0,120,-1,-1,-1,0.0
stage1a_single_agent_tiny,1,360,3,1,100,100,2,0,False,-16.032760620117188,0.0,0.0,0.0,0.36,0.0,0,120,-1,-1,-1,0.0
stage1a_single_agent_tiny,1,480,4,1,100,100,2,0,False,-11.790162086486816,0.0,0.0,0.0,0.44,0.0,0,120,-1,-1,-1,0.0
stage1a_single_agent_tiny,1,600,5,1,100,100,2,0,False,-19.20696258544922,0.0,0.0,0.0,0.28,0.0,0,120,-1,-1,-1,0.0
stage1a_single_agent_tiny,1,720,6,1,100,100,2,0,False,-11.846490859985352,0.0,0.0,0.0,0.32,0.0,0,120,-1,-1,-1,0.0
stage1a_single_agent_tiny,1,840,7,1,100,100,2,0,False,-6.510530471801758,1.0,1.0,0.0,0.4,0.0,0,120,9,-1,-1,0.0
stage1a_single_agent_tiny,1,960,8,1,100,100,2,0,False,-19.14972496032715,0.0,0.0,0.0,0.44,0.0,0,120,-1,-1,-1,0.0
stage1a_single_agent_tiny,1,1080,9,1,100,100,2,0,False,-11.94062328338623,0.0,0.0,0.0,0.4,0.0,0,120,-1,-1,-1,0.0
stage1a_single_agent_tiny,1,1200,10,1,100,100,2,0,False,33.21807098388672,2.0,2.0,1.0,0.52,0.0,0,120,11,28,17,0.008333333333333333
stage1a_single_agent_tiny,1,1320,11,1,100,100,2,0,False,-12.777388572692871,1.0,1.0,0.0,0.36,0.0,0,120,97,-1,-1,0.0
stage1a_single_agent_tiny,1,1440,12,1,100,100,2,0,False,5.773017406463623,2.0,2.0,0.0,0.48,0.0,0,120,3,-1,-1,0.0
stage1a_single_agent_tiny,1,1560,13,1,100,100,2,0,False,-20.694578170776367,0.0,0.0,0.0,0.56,0.0,0,120,-1,-1,-1,0.0
stage1a_single_agent_tiny,1,1680,14,1,100,100,2,0,False,-7.170862197875977,0.0,0.0,0.0,0.36,0.0,0,120,-1,-1,-1,0.0
stage1a_single_agent_tiny,1,1800,15,1,100,100,2,0,False,27.99217414855957,2.0,2.0,1.0,0.28,0.0,0,120,64,64,0,0.008333333333333333
stage1a_single_agent_tiny,1,1920,16,1,100,100,2,0,False,-14.636734008789062,0.0,0.0,0.0,0.44,0.0,0,120,-1,-1,-1,0.0
stage1a_single_agent_tiny,1,2040,17,1,100,100,2,0,False,3.5752859115600586,1.0,1.0,0.0,0.44,0.0,0,120,2,-1,-1,0.0
stage1a_single_agent_tiny,1,2160,18,1,100,100,2,0,False,-10.079873085021973,0.0,0.0,0.0,0.24,0.0,0,120,-1,-1,-1,0.0
stage1a_single_agent_tiny,1,2280,19,1,100,100,2,0,False,3.2108874320983887,3.0,3.0,0.0,0.36,0.0,0,120,67,-1,-1,0.0
stage1a_single_agent_tiny,1,2400,20,1,100,100,2,0,False,30.031606674194336,2.0,2.0,1.0,0.44,0.0,0,120,33,83,50,0.008333333333333333
stage1a_single_agent_tiny,1,2520,21,1,100,100,2,0,False,-8.948517799377441,0.0,0.0,0.0,0.4,0.0,0,120,-1,-1,-1,0.0
stage1a_single_agent_tiny,1,2640,22,1,100,100,2,0,False,-13.451534271240234,0.0,0.0,0.0,0.4,0.0,0,120,-1,-1,-1,0.0
stage1a_single_agent_tiny,1,2760,23,1,100,100,2,0,False,-18.66071128845215,1.0,1.0,0.0,0.4,0.0,0,120,3,-1,-1,0.0
stage1a_single_agent_tiny,1,2880,24,1,100,100,2,0,False,-25.35428810119629,0.0,0.0,0.0,0.32,0.0,0,120,-1,-1,-1,0.0
stage1a_single_agent_tiny,1,3000,25,1,100,100,2,0,False,-11.696757316589355,0.0,0.0,0.0,0.32,0.0,0,120,-1,-1,-1,0.0
stage1a_single_agent_tiny,1,3120,26,1,100,100,2,0,False,-5.786684989929199,2.0,2.0,0.0,0.52,0.0,0,120,3,-1,-1,0.0
stage1a_single_agent_tiny,1,3240,27,1,100,100,2,0,False,-23.46225929260254,0.0,0.0,0.0,0.4,0.0,0,120,-1,-1,-1,0.0
stage1a_single_agent_tiny,1,3360,28,1,100,100,2,0,False,31.513568878173828,2.0,2.0,1.0,0.4,0.0,0,120,18,118,100,0.008333333333333333
stage1a_single_agent_tiny,1,3480,29,1,100,100,2,0,False,-17.427827835083008,1.0,1.0,0.0,0.4,0.0,0,120,21,-1,-1,0.0
stage1a_single_agent_tiny,1,3600,30,1,100,100,2,0,False,-16.426294326782227,0.0,0.0,0.0,0.44,0.0,0,120,-1,-1,-1,0.0
stage1a_single_agent_tiny,1,3720,31,1,100,100,2,0,False,-14.677074432373047,0.0,0.0,0.0,0.32,0.0,0,120,-1,-1,-1,0.0
stage1a_single_agent_tiny,1,3840,32,1,100,100,2,0,False,-6.7559380531311035,1.0,1.0,0.0,0.16,0.0,0,120,115,-1,-1,0.0
stage1a_single_agent_tiny,1,3960,33,1,100,100,2,0,False,-13.023733139038086,0.0,0.0,0.0,0.36,0.0,0,120,-1,-1,-1,0.0
stage1a_single_agent_tiny,1,4080,34,1,100,100,2,0,False,-13.22677993774414,0.0,0.0,0.0,0.32,0.0,0,120,-1,-1,-1,0.0
stage1a_single_agent_tiny,1,4200,35,1,100,100,2,0,False,-5.139097213745117,1.0,1.0,0.0,0.44,0.0,0,120,21,-1,-1,0.0
stage1a_single_agent_tiny,1,4320,36,1,100,100,2,0,False,-3.1673285961151123,2.0,2.0,0.0,0.4,0.0,0,120,16,-1,-1,0.0
stage1a_single_agent_tiny,1,4440,37,1,100,100,2,0,False,-14.67223834991455,0.0,0.0,0.0,0.32,0.0,0,120,-1,-1,-1,0.0
stage1a_single_agent_tiny,1,4560,38,1,100,100,2,0,False,-13.031632423400879,0.0,0.0,0.0,0.36,0.0,0,120,-1,-1,-1,0.0
stage1a_single_agent_tiny,1,4680,39,1,100,100,2,0,False,-0.5179277658462524,1.0,1.0,0.0,0.36,0.0,0,120,77,-1,-1,0.0
stage1a_single_agent_tiny,1,4800,40,1,100,100,2,0,False,-17.44564437866211,0.0,0.0,0.0,0.4,0.0,0,120,-1,-1,-1,0.0
stage1a_single_agent_tiny,1,4920,41,1,100,100,2,0,False,-8.39504337310791,1.0,1.0,0.0,0.48,0.0,0,120,95,-1,-1,0.0
stage1a_single_agent_tiny,1,5040,42,1,100,100,2,0,False,1.41593599319458,2.0,2.0,0.0,0.44,0.0,0,120,51,-1,-1,0.0
stage1a_single_agent_tiny,1,5160,43,1,100,100,2,0,False,-0.3091270327568054,2.0,2.0,0.0,0.32,0.0,0,120,25,-1,-1,0.0
stage1a_single_agent_tiny,1,5280,44,1,100,100,2,0,False,-5.118165969848633,1.0,1.0,0.0,0.44,0.0,0,120,80,-1,-1,0.0
stage1a_single_agent_tiny,1,5400,45,1,100,100,2,0,False,-11.336533546447754,1.0,1.0,0.0,0.28,0.0,0,120,22,-1,-1,0.0
stage1a_single_agent_tiny,1,5520,46,1,100,100,2,0,False,-12.85215950012207,0.0,0.0,0.0,0.44,0.0,0,120,-1,-1,-1,0.0
stage1a_single_agent_tiny,1,5640,47,1,100,100,2,0,False,2.2122673988342285,1.0,1.0,0.0,0.44,0.0,0,120,2,-1,-1,0.0
stage1a_single_agent_tiny,1,5760,48,1,100,100,2,0,False,-13.111024856567383,0.0,0.0,0.0,0.44,0.0,0,120,-1,-1,-1,0.0
stage1a_single_agent_tiny,1,5880,49,1,100,100,2,0,False,-9.860466957092285,1.0,1.0,0.0,0.28,0.0,0,120,26,-1,-1,0.0
stage1a_single_agent_tiny,1,6000,50,1,100,100,2,0,False,-1.6266462802886963,2.0,2.0,0.0,0.4,0.0,0,120,73,-1,-1,0.0
stage1a_single_agent_tiny,1,6120,51,1,100,100,2,0,False,14.406949996948242,4.0,4.0,0.0,0.44,0.0,0,120,5,-1,-1,0.0
stage1a_single_agent_tiny,1,6240,52,1,100,100,2,0,False,-5.329202651977539,1.0,1.0,0.0,0.36,0.0,0,120,38,-1,-1,0.0
stage1a_single_agent_tiny,1,6360,53,1,100,100,2,0,False,-3.4380197525024414,1.0,1.0,0.0,0.44,0.0,0,120,27,-1,-1,0.0
stage1a_single_agent_tiny,1,6480,54,1,100,100,2,0,False,-13.100929260253906,0.0,0.0,0.0,0.44,0.0,0,120,-1,-1,-1,0.0
stage1a_single_agent_tiny,1,6600,55,1,100,100,2,0,False,-18.858121871948242,1.0,1.0,0.0,0.28,0.0,0,120,58,-1,-1,0.0
stage1a_single_agent_tiny,1,6720,56,1,100,100,2,0,False,-4.947718620300293,1.0,1.0,0.0,0.52,0.0,0,120,32,-1,-1,0.0
stage1a_single_agent_tiny,1,6840,57,1,100,100,2,0,False,-8.229321479797363,1.0,1.0,0.0,0.24,0.0,0,120,3,-1,-1,0.0
stage1a_single_agent_tiny,1,6960,58,1,100,100,2,0,False,-11.22058391571045,1.0,1.0,0.0,0.48,0.0,0,120,94,-1,-1,0.0
stage1a_single_agent_tiny,1,7080,59,1,100,100,2,0,False,-17.63983154296875,0.0,0.0,0.0,0.44,0.0,0,120,-1,-1,-1,0.0
stage1a_single_agent_tiny,1,7200,60,1,100,100,2,0,False,24.93512725830078,1.0,1.0,1.0,0.56,0.0,0,120,120,120,0,0.008333333333333333
stage1a_single_agent_tiny,1,7320,61,1,100,100,2,0,False,-15.826739311218262,0.0,0.0,0.0,0.4,0.0,0,120,-1,-1,-1,0.0
stage1a_single_agent_tiny,1,7440,62,1,100,100,2,0,False,-22.33107566833496,0.0,0.0,0.0,0.32,0.0,0,120,-1,-1,-1,0.0
stage1a_single_agent_tiny,1,7560,63,1,100,100,2,0,False,-6.79659366607666,1.0,1.0,0.0,0.36,0.0,0,120,35,-1,-1,0.0
stage1a_single_agent_tiny,1,7680,64,1,100,100,2,0,False,3.19820499420166,3.0,3.0,0.0,0.36,0.0,0,120,6,-1,-1,0.0
stage1a_single_agent_tiny,1,7800,65,1,100,100,2,0,False,-19.39937400817871,0.0,0.0,0.0,0.2,0.0,0,120,-1,-1,-1,0.0
stage1a_single_agent_tiny,1,7920,66,1,100,100,2,0,False,-14.638846397399902,0.0,0.0,0.0,0.4,0.0,0,120,-1,-1,-1,0.0
stage1a_single_agent_tiny,1,8040,67,1,100,100,2,0,False,5.976338863372803,2.0,2.0,0.0,0.4,0.0,0,120,101,-1,-1,0.0
stage1a_single_agent_tiny,1,8160,68,1,100,100,2,0,False,-6.842859745025635,1.0,1.0,0.0,0.32,0.0,0,120,64,-1,-1,0.0
stage1a_single_agent_tiny,1,8280,69,1,100,100,2,0,False,-13.148062705993652,0.0,0.0,0.0,0.32,0.0,0,120,-1,-1,-1,0.0
stage1a_single_agent_tiny,1,8400,70,1,100,100,2,0,False,-14.54582405090332,0.0,0.0,0.0,0.36,0.0,0,120,-1,-1,-1,0.0
stage1a_single_agent_tiny,1,8520,71,1,100,100,2,0,False,-8.04061222076416,1.0,1.0,0.0,0.28,0.0,0,120,44,-1,-1,0.0
stage1a_single_agent_tiny,1,8640,72,1,100,100,2,0,False,-11.414409637451172,0.0,0.0,0.0,0.2,0.0,0,120,-1,-1,-1,0.0
stage1a_single_agent_tiny,1,8760,73,1,100,100,2,0,False,-2.766392707824707,0.0,0.0,0.0,0.44,0.0,0,120,-1,-1,-1,0.0
stage1a_single_agent_tiny,1,8880,74,1,100,100,2,0,False,6.230860710144043,2.0,2.0,0.0,0.48,0.0,0,120,6,-1,-1,0.0
stage1a_single_agent_tiny,1,9000,75,1,100,100,2,0,False,-1.8929378986358643,2.0,2.0,0.0,0.52,0.0,0,120,39,-1,-1,0.0
stage1a_single_agent_tiny,1,9120,76,1,100,100,2,0,False,-16.201324462890625,0.0,0.0,0.0,0.32,0.0,0,120,-1,-1,-1,0.0
stage1a_single_agent_tiny,1,9240,77,1,100,100,2,0,False,19.116365432739258,1.0,1.0,1.0,0.52,0.0,0,120,80,80,0,0.008333333333333333
stage1a_single_agent_tiny,1,9360,78,1,100,100,2,0,False,-5.178056240081787,1.0,1.0,0.0,0.36,0.0,0,120,40,-1,-1,0.0
stage1a_single_agent_tiny,1,9480,79,1,100,100,2,0,False,-5.253555774688721,1.0,1.0,0.0,0.52,0.0,0,120,84,-1,-1,0.0
stage1a_single_agent_tiny,1,9600,80,1,100,100,2,0,False,0.09069252014160156,2.0,2.0,0.0,0.52,0.0,0,120,82,-1,-1,0.0
stage1a_single_agent_tiny,1,9720,81,1,100,100,2,0,False,-12.519730567932129,1.0,1.0,0.0,0.44,0.0,0,120,2,-1,-1,0.0
stage1a_single_agent_tiny,1,9840,82,1,100,100,2,0,False,-16.070566177368164,0.0,0.0,0.0,0.24,0.0,0,120,-1,-1,-1,0.0
stage1a_single_agent_tiny,1,9960,83,1,100,100,2,0,False,-4.349784851074219,2.0,2.0,0.0,0.4,0.0,0,120,93,-1,-1,0.0
stage1a_single_agent_tiny,1,10080,84,1,100,100,2,0,False,10.560260772705078,3.0,3.0,0.0,0.44,0.0,0,120,2,-1,-1,0.0
stage1a_single_agent_tiny,1,10200,85,1,100,100,2,0,False,-6.993593215942383,0.0,0.0,0.0,0.4,0.0,0,120,-1,-1,-1,0.0
stage1a_single_agent_tiny,1,10320,86,1,100,100,2,0,False,27.89799690246582,1.0,1.0,1.0,0.36,0.0,0,120,62,62,0,0.008333333333333333
stage1a_single_agent_tiny,1,10440,87,1,100,100,2,0,False,-16.151592254638672,0.0,0.0,0.0,0.4,0.0,0,120,-1,-1,-1,0.0
stage1a_single_agent_tiny,1,10560,88,1,100,100,2,0,False,-14.681680679321289,0.0,0.0,0.0,0.32,0.0,0,120,-1,-1,-1,0.0
stage1a_single_agent_tiny,1,10680,89,1,100,100,2,0,False,-17.7318172454834,0.0,0.0,0.0,0.44,0.0,0,120,-1,-1,-1,0.0
stage1a_single_agent_tiny,1,10800,90,1,100,100,2,0,False,1.390316367149353,2.0,2.0,0.0,0.48,0.0,0,120,53,-1,-1,0.0
stage1a_single_agent_tiny,1,10920,91,1,100,100,2,0,False,47.47449493408203,4.0,4.0,1.0,0.4,0.0,0,120,7,48,41,0.008333333333333333
stage1a_single_agent_tiny,1,11040,92,1,100,100,2,0,False,-3.626866340637207,1.0,1.0,0.0,0.4,0.0,0,120,57,-1,-1,0.0
stage1a_single_agent_tiny,1,11160,93,1,100,100,2,0,False,-13.347648620605469,0.0,0.0,0.0,0.36,0.0,0,120,-1,-1,-1,0.0
stage1a_single_agent_tiny,1,11280,94,1,100,100,2,0,False,-5.038013458251953,1.0,1.0,0.0,0.36,0.0,0,120,59,-1,-1,0.0
stage1a_single_agent_tiny,1,11400,95,1,100,100,2,0,False,-9.93737506866455,0.0,0.0,0.0,0.52,0.0,0,120,-1,-1,-1,0.0
stage1a_single_agent_tiny,1,11520,96,1,100,100,2,0,False,-16.08999252319336,0.0,0.0,0.0,0.48,0.0,0,120,-1,-1,-1,0.0
stage1a_single_agent_tiny,1,11640,97,1,100,100,2,0,False,-13.1757230758667,0.0,0.0,0.0,0.32,0.0,0,120,-1,-1,-1,0.0
stage1a_single_agent_tiny,1,11760,98,1,100,100,2,0,False,-8.699302673339844,0.0,0.0,0.0,0.32,0.0,0,120,-1,-1,-1,0.0
stage1a_single_agent_tiny,1,11880,99,1,100,100,2,0,False,36.28615951538086,3.0,3.0,1.0,0.28,0.0,0,120,16,92,76,0.008333333333333333
stage1a_single_agent_tiny,1,12000,100,1,100,100,2,0,False,-0.8122599124908447,1.0,1.0,0.0,0.4,0.0,0,120,111,-1,-1,0.0
stage1a_single_agent_tiny,1,12120,101,1,100,100,2,0,False,-6.815585136413574,1.0,1.0,0.0,0.4,0.0,0,120,118,-1,-1,0.0
stage1a_single_agent_tiny,1,12240,102,1,100,100,2,0,False,-14.658975601196289,0.0,0.0,0.0,0.32,0.0,0,120,-1,-1,-1,0.0
stage1a_single_agent_tiny,1,12360,103,1,100,100,2,0,False,34.39797592163086,2.0,2.0,1.0,0.44,0.0,0,120,4,4,0,0.008333333333333333
stage1a_single_agent_tiny,1,12480,104,1,100,100,2,0,False,-5.134253025054932,1.0,1.0,0.0,0.36,0.0,0,120,39,-1,-1,0.0
stage1a_single_agent_tiny,1,12600,105,1,100,100,2,0,False,8.893865585327148,2.0,2.0,0.0,0.36,0.0,0,120,13,-1,-1,0.0
stage1a_single_agent_tiny,1,12720,106,1,100,100,2,0,False,-17.728853225708008,0.0,0.0,0.0,0.2,0.0,0,120,-1,-1,-1,0.0
stage1a_single_agent_tiny,1,12840,107,1,100,100,2,0,False,1.0641589164733887,2.0,2.0,0.0,0.28,0.0,0,120,6,-1,-1,0.0
stage1a_single_agent_tiny,1,12960,108,1,100,100,2,0,False,-10.328961372375488,0.0,0.0,0.0,0.32,0.0,0,120,-1,-1,-1,0.0
stage1a_single_agent_tiny,1,13080,109,1,100,100,2,0,False,-3.8037025928497314,1.0,1.0,0.0,0.28,0.0,0,120,43,-1,-1,0.0
stage1a_single_agent_tiny,1,13200,110,1,100,100,2,0,False,-10.373190879821777,0.0,0.0,0.0,0.44,0.0,0,120,-1,-1,-1,0.0
stage1a_single_agent_tiny,1,13320,111,1,100,100,2,0,False,-4.087524890899658,1.0,1.0,0.0,0.28,0.0,0,120,20,-1,-1,0.0
stage1a_single_agent_tiny,1,13440,112,1,100,100,2,0,False,-7.064281463623047,0.0,0.0,0.0,0.4,0.0,0,120,-1,-1,-1,0.0
stage1a_single_agent_tiny,1,13560,113,1,100,100,2,0,False,-6.079697608947754,0.0,0.0,0.0,0.08,0.0,0,120,-1,-1,-1,0.0
stage1a_single_agent_tiny,1,13680,114,1,100,100,2,0,False,-1.2617164850234985,0.0,0.0,0.0,0.12,0.0,0,120,-1,-1,-1,0.0
stage1a_single_agent_tiny,1,13800,115,1,100,100,2,0,False,-2.3448586463928223,1.0,1.0,0.0,0.2,0.0,0,120,7,-1,-1,0.0
stage1a_single_agent_tiny,1,13920,116,1,100,100,2,0,False,8.615581512451172,2.0,2.0,0.0,0.2,0.0,0,120,5,-1,-1,0.0
stage1a_single_agent_tiny,1,14040,117,1,100,100,2,0,False,-3.0626349449157715,0.0,0.0,0.0,0.24,0.0,0,120,-1,-1,-1,0.0
stage1a_single_agent_tiny,1,14160,118,1,100,100,2,0,False,3.5460104942321777,1.0,1.0,0.0,0.12,0.0,0,120,3,-1,-1,0.0
stage1a_single_agent_tiny,1,14280,119,1,100,100,2,0,False,-8.939884185791016,0.0,0.0,0.0,0.2,0.0,0,120,-1,-1,-1,0.0
stage1a_single_agent_tiny,1,14400,120,1,100,100,2,0,False,0.8636290431022644,1.0,1.0,0.0,0.24,0.0,0,120,24,-1,-1,0.0
stage1a_single_agent_tiny,1,14520,121,1,100,100,2,0,False,-2.6340343952178955,0.0,0.0,0.0,0.2,0.0,0,120,-1,-1,-1,0.0
stage1a_single_agent_tiny,1,14640,122,1,100,100,2,0,False,-5.67206335067749,0.0,0.0,0.0,0.2,0.0,0,120,-1,-1,-1,0.0
stage1a_single_agent_tiny,1,14760,123,1,100,100,2,0,False,-2.5092790126800537,0.0,0.0,0.0,0.32,0.0,0,120,-1,-1,-1,0.0
stage1a_single_agent_tiny,1,14880,124,1,100,100,2,0,False,-10.610030174255371,0.0,0.0,0.0,0.24,0.0,0,120,-1,-1,-1,0.0
stage1a_single_agent_tiny,1,15000,125,1,100,100,2,0,False,-10.42270278930664,0.0,0.0,0.0,0.16,0.0,0,120,-1,-1,-1,0.0
stage1a_single_agent_tiny,1,15120,126,1,100,100,2,0,False,-7.211010932922363,0.0,0.0,0.0,0.2,0.0,0,120,-1,-1,-1,0.0
stage1a_single_agent_tiny,1,15240,127,1,100,100,2,0,False,-2.9397904872894287,0.0,0.0,0.0,0.16,0.0,0,120,-1,-1,-1,0.0
stage1a_single_agent_tiny,1,15360,128,1,100,100,2,0,False,-1.2786939144134521,0.0,0.0,0.0,0.12,0.0,0,120,-1,-1,-1,0.0
stage1a_single_agent_tiny,1,15480,129,1,100,100,2,0,False,-1.1043034791946411,0.0,0.0,0.0,0.12,0.0,0,120,-1,-1,-1,0.0
stage1a_single_agent_tiny,1,15600,130,1,100,100,2,0,False,-4.1439409255981445,0.0,0.0,0.0,0.16,0.0,0,120,-1,-1,-1,0.0
stage1a_single_agent_tiny,1,15720,131,1,100,100,2,0,False,-1.0098906755447388,0.0,0.0,0.0,0.08,0.0,0,120,-1,-1,-1,0.0
stage1a_single_agent_tiny,1,15840,132,1,100,100,2,0,False,3.851025342941284,1.0,1.0,0.0,0.16,0.0,0,120,4,-1,-1,0.0
stage1a_single_agent_tiny,1,15960,133,1,100,100,2,0,False,-4.335099697113037,0.0,0.0,0.0,0.08,0.0,0,120,-1,-1,-1,0.0
stage1a_single_agent_tiny,1,16080,134,1,100,100,2,0,False,-1.351312279701233,0.0,0.0,0.0,0.12,0.0,0,120,-1,-1,-1,0.0
stage1a_single_agent_tiny,1,16200,135,1,100,100,2,0,False,-2.6686012744903564,0.0,0.0,0.0,0.08,0.0,0,120,-1,-1,-1,0.0
stage1a_single_agent_tiny,1,16320,136,1,100,100,2,0,False,-2.6043436527252197,0.0,0.0,0.0,0.16,0.0,0,120,-1,-1,-1,0.0
stage1a_single_agent_tiny,1,16440,137,1,100,100,2,0,False,-1.0873326063156128,0.0,0.0,0.0,0.16,0.0,0,120,-1,-1,-1,0.0
stage1a_single_agent_tiny,1,16560,138,1,100,100,2,0,False,7.002762794494629,1.0,1.0,0.0,0.12,0.0,0,120,73,-1,-1,0.0
stage1a_single_agent_tiny,1,16680,139,1,100,100,2,0,False,7.012091159820557,1.0,1.0,0.0,0.12,0.0,0,120,5,-1,-1,0.0
stage1a_single_agent_tiny,1,16800,140,1,100,100,2,0,False,-1.3099991083145142,0.0,0.0,0.0,0.04,0.0,0,120,-1,-1,-1,0.0
stage1a_single_agent_tiny,1,16920,141,1,100,100,2,0,False,-4.173533916473389,0.0,0.0,0.0,0.12,0.0,0,120,-1,-1,-1,0.0
stage1a_single_agent_tiny,1,17040,142,1,100,100,2,0,False,-1.0135340690612793,0.0,0.0,0.0,0.16,0.0,0,120,-1,-1,-1,0.0
stage1a_single_agent_tiny,1,17160,143,1,100,100,2,0,False,5.522640705108643,1.0,1.0,0.0,0.16,0.0,0,120,59,-1,-1,0.0
stage1a_single_agent_tiny,1,17280,144,1,100,100,2,0,False,-1.2455565929412842,0.0,0.0,0.0,0.08,0.0,0,120,-1,-1,-1,0.0
stage1a_single_agent_tiny,1,17400,145,1,100,100,2,0,False,-1.1190828084945679,0.0,0.0,0.0,0.16,0.0,0,120,-1,-1,-1,0.0
stage1a_single_agent_tiny,1,17520,146,1,100,100,2,0,False,-1.1798440217971802,0.0,0.0,0.0,0.16,0.0,0,120,-1,-1,-1,0.0
stage1a_single_agent_tiny,1,17640,147,1,100,100,2,0,False,-1.179807186126709,0.0,0.0,0.0,0.2,0.0,0,120,-1,-1,-1,0.0
stage1a_single_agent_tiny,1,17760,148,1,100,100,2,0,False,-1.1606181859970093,0.0,0.0,0.0,0.16,0.0,0,120,-1,-1,-1,0.0
stage1a_single_agent_tiny,1,17880,149,1,100,100,2,0,False,-5.6059370040893555,0.0,0.0,0.0,0.28,0.0,0,120,-1,-1,-1,0.0
stage1a_single_agent_tiny,1,18000,150,1,100,100,2,0,False,-3.971008777618408,0.0,0.0,0.0,0.28,0.0,0,120,-1,-1,-1,0.0
stage1a_single_agent_tiny,1,18120,151,1,100,100,2,0,False,-10.400426864624023,0.0,0.0,0.0,0.24,0.0,0,120,-1,-1,-1,0.0
stage1a_single_agent_tiny,1,18240,152,1,100,100,2,0,False,-2.6665496826171875,0.0,0.0,0.0,0.2,0.0,0,120,-1,-1,-1,0.0
stage1a_single_agent_tiny,1,18360,153,1,100,100,2,0,False,18.331777572631836,3.0,3.0,0.0,0.12,0.0,0,120,32,-1,-1,0.0
stage1a_single_agent_tiny,1,18480,154,1,100,100,2,0,False,-2.802370548248291,0.0,0.0,0.0,0.24,0.0,0,120,-1,-1,-1,0.0
stage1a_single_agent_tiny,1,18600,155,1,100,100,2,0,False,3.652971029281616,1.0,1.0,0.0,0.08,0.0,0,120,4,-1,-1,0.0
stage1a_single_agent_tiny,1,18720,156,1,100,100,2,0,False,-6.8379082679748535,0.0,0.0,0.0,0.32,0.0,0,120,-1,-1,-1,0.0
stage1a_single_agent_tiny,1,18840,157,1,100,100,2,0,False,-8.221288681030273,0.0,0.0,0.0,0.2,0.0,0,120,-1,-1,-1,0.0
stage1a_single_agent_tiny,1,18960,158,1,100,100,2,0,False,40.78096389770508,3.0,3.0,1.0,0.24,0.0,0,120,5,5,0,0.008333333333333333
stage1a_single_agent_tiny,1,19080,159,1,100,100,2,0,False,-2.580018997192383,0.0,0.0,0.0,0.24,0.0,0,120,-1,-1,-1,0.0
stage1a_single_agent_tiny,1,19200,160,1,100,100,2,0,False,-2.774782180786133,0.0,0.0,0.0,0.2,0.0,0,120,-1,-1,-1,0.0
stage1a_single_agent_tiny,1,19320,161,1,100,100,2,0,False,-4.142228126525879,0.0,0.0,0.0,0.2,0.0,0,120,-1,-1,-1,0.0
stage1a_single_agent_tiny,1,19440,162,1,100,100,2,0,False,33.95992660522461,1.0,1.0,1.0,0.2,0.0,0,120,86,86,0,0.008333333333333333
stage1a_single_agent_tiny,1,19560,163,1,100,100,2,0,False,-7.2616496086120605,0.0,0.0,0.0,0.08,0.0,0,120,-1,-1,-1,0.0
stage1a_single_agent_tiny,1,19680,164,1,100,100,2,0,False,-2.514601707458496,0.0,0.0,0.0,0.32,0.0,0,120,-1,-1,-1,0.0
stage1a_single_agent_tiny,1,19800,165,1,100,100,2,0,False,-6.947742462158203,0.0,0.0,0.0,0.08,0.0,0,120,-1,-1,-1,0.0
stage1a_single_agent_tiny,1,19920,166,1,100,100,2,0,False,-2.6399989128112793,0.0,0.0,0.0,0.08,0.0,0,120,-1,-1,-1,0.0
stage1a_single_agent_tiny,1,20040,167,1,100,100,2,0,False,-1.0702637434005737,0.0,0.0,0.0,0.12,0.0,0,120,-1,-1,-1,0.0
stage1a_single_agent_tiny,1,20160,168,1,100,100,2,0,False,5.409467697143555,1.0,1.0,0.0,0.2,0.0,0,120,106,-1,-1,0.0
stage1a_single_agent_tiny,1,20280,169,1,100,100,2,0,False,-1.2178480625152588,0.0,0.0,0.0,0.04,0.0,0,120,-1,-1,-1,0.0
stage1a_single_agent_tiny,1,20400,170,1,100,100,2,0,False,-1.158108115196228,0.0,0.0,0.0,0.08,0.0,0,120,-1,-1,-1,0.0
stage1a_single_agent_tiny,1,20520,171,1,100,100,2,0,False,-1.2187429666519165,0.0,0.0,0.0,0.04,0.0,0,120,-1,-1,-1,0.0
stage1a_single_agent_tiny,1,20640,172,1,100,100,2,0,False,-2.859999179840088,0.0,0.0,0.0,0.12,0.0,0,120,-1,-1,-1,0.0
stage1a_single_agent_tiny,1,20760,173,1,100,100,2,0,False,-1.2078781127929688,0.0,0.0,0.0,0.04,0.0,0,120,-1,-1,-1,0.0
stage1a_single_agent_tiny,1,20880,174,1,100,100,2,0,False,-1.2414168119430542,0.0,0.0,0.0,0.04,0.0,0,120,-1,-1,-1,0.0
stage1a_single_agent_tiny,1,21000,175,1,100,100,2,0,False,-2.709998846054077,0.0,0.0,0.0,0.04,0.0,0,120,-1,-1,-1,0.0
stage1a_single_agent_tiny,1,21120,176,1,100,100,2,0,False,-1.25999915599823,0.0,0.0,0.0,0.08,0.0,0,120,-1,-1,-1,0.0
stage1a_single_agent_tiny,1,21240,177,1,100,100,2,0,False,-2.5998990535736084,0.0,0.0,0.0,0.04,0.0,0,120,-1,-1,-1,0.0
stage1a_single_agent_tiny,1,21360,178,1,100,100,2,0,False,-4.0894904136657715,0.0,0.0,0.0,0.04,0.0,0,120,-1,-1,-1,0.0
stage1a_single_agent_tiny,1,21480,179,1,100,100,2,0,False,-1.2099992036819458,0.0,0.0,0.0,0.04,0.0,0,120,-1,-1,-1,0.0
stage1a_single_agent_tiny,1,21600,180,1,100,100,2,0,False,-1.207903504371643,0.0,0.0,0.0,0.04,0.0,0,120,-1,-1,-1,0.0
stage1a_single_agent_tiny,1,21720,181,1,100,100,2,0,False,-1.199999213218689,0.0,0.0,0.0,0.04,0.0,0,120,-1,-1,-1,0.0
stage1a_single_agent_tiny,1,21840,182,1,100,100,2,0,False,-1.079999327659607,0.0,0.0,0.0,0.16,0.0,0,120,-1,-1,-1,0.0
stage1a_single_agent_tiny,1,21960,183,1,100,100,2,0,False,-1.201719880104065,0.0,0.0,0.0,0.08,0.0,0,120,-1,-1,-1,0.0
stage1a_single_agent_tiny,1,22080,184,1,100,100,2,0,False,-1.199999213218689,0.0,0.0,0.0,0.04,0.0,0,120,-1,-1,-1,0.0
stage1a_single_agent_tiny,1,22200,185,1,100,100,2,0,False,-1.199999213218689,0.0,0.0,0.0,0.04,0.0,0,120,-1,-1,-1,0.0
stage1a_single_agent_tiny,1,22320,186,1,100,100,2,0,False,-2.520336151123047,0.0,0.0,0.0,0.16,0.0,0,120,-1,-1,-1,0.0
stage1a_single_agent_tiny,1,22440,187,1,100,100,2,0,False,6.748594284057617,1.0,1.0,0.0,0.08,0.0,0,120,23,-1,-1,0.0
stage1a_single_agent_tiny,1,22560,188,1,100,100,2,0,False,-1.0602154731750488,0.0,0.0,0.0,0.08,0.0,0,120,-1,-1,-1,0.0
stage1a_single_agent_tiny,1,22680,189,1,100,100,2,0,False,-1.199999213218689,0.0,0.0,0.0,0.04,0.0,0,120,-1,-1,-1,0.0
stage1a_single_agent_tiny,1,22800,190,1,100,100,2,0,False,-1.199999213218689,0.0,0.0,0.0,0.04,0.0,0,120,-1,-1,-1,0.0
stage1a_single_agent_tiny,1,22920,191,1,100,100,2,0,False,-1.199999213218689,0.0,0.0,0.0,0.04,0.0,0,120,-1,-1,-1,0.0
stage1a_single_agent_tiny,1,23040,192,1,100,100,2,0,False,-1.2177777290344238,0.0,0.0,0.0,0.04,0.0,0,120,-1,-1,-1,0.0
stage1a_single_agent_tiny,1,23160,193,1,100,100,2,0,False,-1.2417080402374268,0.0,0.0,0.0,0.04,0.0,0,120,-1,-1,-1,0.0
stage1a_single_agent_tiny,1,23280,194,1,100,100,2,0,False,-1.199999213218689,0.0,0.0,0.0,0.04,0.0,0,120,-1,-1,-1,0.0
stage1a_single_agent_tiny,1,23400,195,1,100,100,2,0,False,6.779502868652344,1.0,1.0,0.0,0.04,0.0,0,120,100,-1,-1,0.0
stage1a_single_agent_tiny,1,23520,196,1,100,100,2,0,False,-1.199999213218689,0.0,0.0,0.0,0.04,0.0,0,120,-1,-1,-1,0.0
stage1a_single_agent_tiny,1,23640,197,1,100,100,2,0,False,-2.7192020416259766,0.0,0.0,0.0,0.04,0.0,0,120,-1,-1,-1,0.0
stage1a_single_agent_tiny,1,23760,198,1,100,100,2,0,False,-1.199999213218689,0.0,0.0,0.0,0.04,0.0,0,120,-1,-1,-1,0.0
stage1a_single_agent_tiny,1,23880,199,1,100,100,2,0,False,-1.098828911781311,0.0,0.0,0.0,0.12,0.0,0,120,-1,-1,-1,0.0
stage1a_single_agent_tiny,1,24000,200,1,100,100,2,0,False,-6.848927974700928,0.0,0.0,0.0,0.28,0.0,0,120,-1,-1,-1,0.0
stage1a_single_agent_tiny,1,24120,201,1,100,100,2,0,False,20.00691795349121,3.0,3.0,0.0,0.24,0.0,0,120,7,-1,-1,0.0
stage1a_single_agent_tiny,1,24240,202,1,100,100,2,0,False,14.876909255981445,2.0,2.0,0.0,0.16,0.0,0,120,12,-1,-1,0.0
stage1a_single_agent_tiny,1,24360,203,1,100,100,2,0,False,5.364780902862549,1.0,1.0,0.0,0.32,0.0,0,120,88,-1,-1,0.0
stage1a_single_agent_tiny,1,24480,204,1,100,100,2,0,False,-2.3959903717041016,0.0,0.0,0.0,0.24,0.0,0,120,-1,-1,-1,0.0
stage1a_single_agent_tiny,1,24600,205,1,100,100,2,0,False,-1.2256149053573608,0.0,0.0,0.0,0.08,0.0,0,120,-1,-1,-1,0.0
stage1a_single_agent_tiny,1,24720,206,1,100,100,2,0,False,10.45750617980957,2.0,2.0,0.0,0.24,0.0,0,120,73,-1,-1,0.0
stage1a_single_agent_tiny,1,24840,207,1,100,100,2,0,False,4.567225456237793,2.0,2.0,0.0,0.4,0.0,0,120,12,-1,-1,0.0
stage1a_single_agent_tiny,1,24960,208,1,100,100,2,0,False,-7.884842872619629,1.0,1.0,0.0,0.36,0.0,0,120,43,-1,-1,0.0
stage1a_single_agent_tiny,1,25080,209,1,100,100,2,0,False,-3.077106475830078,1.0,1.0,0.0,0.6,0.0,0,120,29,-1,-1,0.0
stage1a_single_agent_tiny,1,25200,210,1,100,100,2,0,False,-0.4360387623310089,1.0,1.0,0.0,0.44,0.0,0,120,15,-1,-1,0.0
stage1a_single_agent_tiny,1,25320,211,1,100,100,2,0,False,-14.47187614440918,0.0,0.0,0.0,0.48,0.0,0,120,-1,-1,-1,0.0
stage1a_single_agent_tiny,1,25440,212,1,100,100,2,0,False,60.14344787597656,5.0,5.0,1.0,0.52,0.0,0,120,10,10,0,0.008333333333333333
stage1a_single_agent_tiny,1,25560,213,1,100,100,2,0,False,-1.2562211751937866,0.0,0.0,0.0,0.08,0.0,0,120,-1,-1,-1,0.0
stage1a_single_agent_tiny,1,25680,214,1,100,100,2,0,False,28.975444793701172,5.0,5.0,0.0,0.6,0.0,0,120,17,-1,-1,0.0
stage1a_single_agent_tiny,1,25800,215,1,100,100,2,0,False,35.22813415527344,6.0,6.0,0.0,0.6,0.0,0,120,47,-1,-1,0.0
stage1a_single_agent_tiny,1,25920,216,1,100,100,2,0,False,-5.445568084716797,0.0,0.0,0.0,0.36,0.0,0,120,-1,-1,-1,0.0
stage1a_single_agent_tiny,1,26040,217,1,100,100,2,0,False,10.507411003112793,2.0,2.0,0.0,0.28,0.0,0,120,27,-1,-1,0.0
stage1a_single_agent_tiny,1,26160,218,1,100,100,2,0,False,11.220027923583984,3.0,3.0,0.0,0.48,0.0,0,120,8,-1,-1,0.0
stage1a_single_agent_tiny,1,26280,219,1,100,100,2,0,False,-4.421841144561768,2.0,2.0,0.0,0.4,0.0,0,120,58,-1,-1,0.0
stage1a_single_agent_tiny,1,26400,220,1,100,100,2,0,False,5.4328765869140625,3.0,3.0,0.0,0.6,0.0,0,120,49,-1,-1,0.0
stage1a_single_agent_tiny,1,26520,221,1,100,100,2,0,False,0.42141851782798767,2.0,2.0,0.0,0.64,0.0,0,120,56,-1,-1,0.0
stage1a_single_agent_tiny,1,26640,222,1,100,100,2,0,False,20.869375228881836,1.0,1.0,1.0,0.48,0.0,0,120,68,68,0,0.008333333333333333
stage1a_single_agent_tiny,1,26760,223,1,100,100,2,0,False,-10.946057319641113,1.0,1.0,0.0,0.56,0.0,0,120,28,-1,-1,0.0
stage1a_single_agent_tiny,1,26880,224,1,100,100,2,0,False,-9.098762512207031,1.0,1.0,0.0,0.6,0.0,0,120,7,-1,-1,0.0
stage1a_single_agent_tiny,1,27000,225,1,100,100,2,0,False,17.90664291381836,4.0,4.0,0.0,0.6,0.0,0,120,7,-1,-1,0.0
stage1a_single_agent_tiny,1,27120,226,1,100,100,2,0,False,-2.189204216003418,2.0,2.0,0.0,0.64,0.0,0,120,34,-1,-1,0.0
stage1a_single_agent_tiny,1,27240,227,1,100,100,2,0,False,78.12165832519531,8.0,8.0,1.0,0.6,0.0,0,120,21,31,10,0.008333333333333333
stage1a_single_agent_tiny,1,27360,228,1,100,100,2,0,False,-7.409327983856201,1.0,1.0,0.0,0.56,0.0,0,120,32,-1,-1,0.0
stage1a_single_agent_tiny,1,27480,229,1,100,100,2,0,False,67.43191528320312,7.0,7.0,1.0,0.64,0.0,0,120,23,23,0,0.008333333333333333
stage1a_single_agent_tiny,1,27600,230,1,100,100,2,0,False,32.089996337890625,6.0,6.0,0.0,0.6,0.0,0,120,10,-1,-1,0.0
stage1a_single_agent_tiny,1,27720,231,1,100,100,2,0,False,4.341426849365234,3.0,3.0,0.0,0.64,0.0,0,120,14,-1,-1,0.0
stage1a_single_agent_tiny,1,27840,232,1,100,100,2,0,False,4.872962474822998,2.0,2.0,0.0,0.56,0.0,0,120,28,-1,-1,0.0
stage1a_single_agent_tiny,1,27960,233,1,100,100,2,0,False,-5.168207168579102,2.0,2.0,0.0,0.64,0.0,0,120,32,-1,-1,0.0
stage1a_single_agent_tiny,1,28080,234,1,100,100,2,0,False,64.00833892822266,6.0,6.0,1.0,0.56,0.0,0,120,7,55,48,0.008333333333333333
stage1a_single_agent_tiny,1,28200,235,1,100,100,2,0,False,6.699403285980225,3.0,3.0,0.0,0.56,0.0,0,120,55,-1,-1,0.0
stage1a_single_agent_tiny,1,28320,236,1,100,100,2,0,False,-2.25848388671875,2.0,2.0,0.0,0.64,0.0,0,120,66,-1,-1,0.0
stage1a_single_agent_tiny,1,28440,237,1,100,100,2,0,False,25.771421432495117,5.0,5.0,0.0,0.64,0.0,0,120,29,-1,-1,0.0
stage1a_single_agent_tiny,1,28560,238,1,100,100,2,0,False,36.51130294799805,6.0,6.0,0.0,0.56,0.0,0,120,24,-1,-1,0.0
stage1a_single_agent_tiny,1,28680,239,1,100,100,2,0,False,88.87689208984375,5.0,5.0,2.0,0.52,0.0,0,120,32,32,0,0.016666666666666666
stage1a_single_agent_tiny,1,28800,240,1,100,100,2,0,False,15.47476577758789,3.0,3.0,0.0,0.52,0.0,0,120,29,-1,-1,0.0
stage1a_single_agent_tiny,1,28920,241,1,100,100,2,0,False,4.245317459106445,1.0,1.0,0.0,0.36,0.0,0,120,7,-1,-1,0.0
stage1a_single_agent_tiny,1,29040,242,1,100,100,2,0,False,30.018310546875,4.0,4.0,0.0,0.44,0.0,0,120,38,-1,-1,0.0
stage1a_single_agent_tiny,1,29160,243,1,100,100,2,0,False,24.126726150512695,4.0,4.0,0.0,0.56,0.0,0,120,27,-1,-1,0.0
stage1a_single_agent_tiny,1,29280,244,1,100,100,2,0,False,34.950599670410156,2.0,2.0,1.0,0.6,0.0,0,120,59,92,33,0.008333333333333333
stage1a_single_agent_tiny,1,29400,245,1,100,100,2,0,False,20.730730056762695,4.0,4.0,0.0,0.48,0.0,0,120,26,-1,-1,0.0
stage1a_single_agent_tiny,1,29520,246,1,100,100,2,0,False,36.8096923828125,3.0,3.0,1.0,0.56,0.0,0,120,2,86,84,0.008333333333333333
stage1a_single_agent_tiny,1,29640,247,1,100,100,2,0,False,15.805848121643066,3.0,3.0,0.0,0.6,0.0,0,120,28,-1,-1,0.0
stage1a_single_agent_tiny,1,29760,248,1,100,100,2,0,False,4.702368259429932,2.0,2.0,0.0,0.4,0.0,0,120,13,-1,-1,0.0
stage1a_single_agent_tiny,1,29880,249,1,100,100,2,0,False,7.844912528991699,2.0,2.0,0.0,0.52,0.0,0,120,103,-1,-1,0.0
stage1a_single_agent_tiny,1,30000,250,1,100,100,2,0,False,6.724145412445068,2.0,2.0,0.0,0.48,0.0,0,120,58,-1,-1,0.0
stage1a_single_agent_tiny,1,30120,251,1,100,100,2,0,False,41.618839263916016,3.0,3.0,1.0,0.6,0.0,0,120,45,63,18,0.008333333333333333
stage1a_single_agent_tiny,1,30240,252,1,100,100,2,0,False,11.346739768981934,3.0,3.0,0.0,0.52,0.0,0,120,4,-1,-1,0.0
stage1a_single_agent_tiny,1,30360,253,1,100,100,2,0,False,8.28041934967041,3.0,3.0,0.0,0.48,0.0,0,120,49,-1,-1,0.0
stage1a_single_agent_tiny,1,30480,254,1,100,100,2,0,False,0.3863198161125183,2.0,2.0,0.0,0.52,0.0,0,120,53,-1,-1,0.0
stage1a_single_agent_tiny,1,30600,255,1,100,100,2,0,False,14.57533073425293,3.0,3.0,0.0,0.52,0.0,0,120,54,-1,-1,0.0
stage1a_single_agent_tiny,1,30720,256,1,100,100,2,0,False,10.01607894897461,3.0,3.0,0.0,0.56,0.0,0,120,36,-1,-1,0.0
stage1a_single_agent_tiny,1,30840,257,1,100,100,2,0,False,19.315196990966797,4.0,4.0,0.0,0.36,0.0,0,120,12,-1,-1,0.0
stage1a_single_agent_tiny,1,30960,258,1,100,100,2,0,False,3.7980172634124756,2.0,2.0,0.0,0.6,0.0,0,120,61,-1,-1,0.0
stage1a_single_agent_tiny,1,31080,259,1,100,100,2,0,False,49.58221435546875,8.0,8.0,0.0,0.48,0.0,0,120,4,-1,-1,0.0
stage1a_single_agent_tiny,1,31200,260,1,100,100,2,0,False,21.189096450805664,4.0,4.0,0.0,0.64,0.0,0,120,25,-1,-1,0.0
stage1a_single_agent_tiny,1,31320,261,1,100,100,2,0,False,27.27041244506836,5.0,5.0,0.0,0.52,0.0,0,120,8,-1,-1,0.0
stage1a_single_agent_tiny,1,31440,262,1,100,100,2,0,False,25.974714279174805,5.0,5.0,0.0,0.6,0.0,0,120,46,-1,-1,0.0
stage1a_single_agent_tiny,1,31560,263,1,100,100,2,0,False,39.718475341796875,6.0,6.0,0.0,0.52,0.0,0,120,21,-1,-1,0.0
stage1a_single_agent_tiny,1,31680,264,1,100,100,2,0,False,57.72378921508789,5.0,5.0,1.0,0.64,0.0,0,120,27,50,23,0.008333333333333333
stage1a_single_agent_tiny,1,31800,265,1,100,100,2,0,False,11.529874801635742,3.0,3.0,0.0,0.52,0.0,0,120,28,-1,-1,0.0
stage1a_single_agent_tiny,1,31920,266,1,100,100,2,0,False,52.6094970703125,4.0,4.0,1.0,0.48,0.0,0,120,51,113,62,0.008333333333333333
stage1a_single_agent_tiny,1,32040,267,1,100,100,2,0,False,47.72593688964844,7.0,7.0,0.0,0.48,0.0,0,120,4,-1,-1,0.0
stage1a_single_agent_tiny,1,32160,268,1,100,100,2,0,False,9.861408233642578,3.0,3.0,0.0,0.52,0.0,0,120,23,-1,-1,0.0
stage1a_single_agent_tiny,1,32280,269,1,100,100,2,0,False,31.3314266204834,5.0,5.0,0.0,0.4,0.0,0,120,32,-1,-1,0.0
stage1a_single_agent_tiny,1,32400,270,1,100,100,2,0,False,39.75236129760742,6.0,6.0,0.0,0.6,0.0,0,120,24,-1,-1,0.0
stage1a_single_agent_tiny,1,32520,271,1,100,100,2,0,False,41.83540344238281,7.0,7.0,0.0,0.6,0.0,0,120,25,-1,-1,0.0
stage1a_single_agent_tiny,1,32640,272,1,100,100,2,0,False,16.079687118530273,3.0,3.0,0.0,0.44,0.0,0,120,26,-1,-1,0.0
stage1a_single_agent_tiny,1,32760,273,1,100,100,2,0,False,23.68356704711914,4.0,4.0,0.0,0.52,0.0,0,120,15,-1,-1,0.0
stage1a_single_agent_tiny,1,32880,274,1,100,100,2,0,False,44.6240348815918,3.0,3.0,1.0,0.56,0.0,0,120,71,102,31,0.008333333333333333
stage1a_single_agent_tiny,1,33000,275,1,100,100,2,0,False,33.14430618286133,5.0,5.0,0.0,0.56,0.0,0,120,21,-1,-1,0.0
stage1a_single_agent_tiny,1,33120,276,1,100,100,2,0,False,29.193012237548828,5.0,5.0,0.0,0.56,0.0,0,120,9,-1,-1,0.0
stage1a_single_agent_tiny,1,33240,277,1,100,100,2,0,False,20.95057487487793,4.0,4.0,0.0,0.56,0.0,0,120,12,-1,-1,0.0
stage1a_single_agent_tiny,1,33360,278,1,100,100,2,0,False,-4.74652099609375,1.0,1.0,0.0,0.44,0.0,0,120,31,-1,-1,0.0
stage1a_single_agent_tiny,1,33480,279,1,100,100,2,0,False,28.571853637695312,1.0,1.0,1.0,0.48,0.0,0,120,72,72,0,0.008333333333333333
stage1a_single_agent_tiny,1,33600,280,1,100,100,2,0,False,8.100432395935059,2.0,2.0,0.0,0.52,0.0,0,120,13,-1,-1,0.0
stage1a_single_agent_tiny,1,33720,281,1,100,100,2,0,False,71.63229370117188,3.0,3.0,2.0,0.6,0.0,0,120,68,94,26,0.016666666666666666
stage1a_single_agent_tiny,1,33840,282,1,100,100,2,0,False,3.8436527252197266,3.0,3.0,0.0,0.56,0.0,0,120,81,-1,-1,0.0
stage1a_single_agent_tiny,1,33960,283,1,100,100,2,0,False,29.37651824951172,2.0,2.0,1.0,0.52,0.0,0,120,50,50,0,0.008333333333333333
stage1a_single_agent_tiny,1,34080,284,1,100,100,2,0,False,-33.18427658081055,1.0,1.0,0.0,0.48,0.0,0,120,64,-1,-1,0.0
stage1a_single_agent_tiny,1,34200,285,1,100,100,2,0,False,5.369736194610596,2.0,2.0,0.0,0.52,0.0,0,120,8,-1,-1,0.0
stage1a_single_agent_tiny,1,34320,286,1,100,100,2,0,False,57.780677795410156,5.0,5.0,1.0,0.56,0.0,0,120,17,20,3,0.008333333333333333
stage1a_single_agent_tiny,1,34440,287,1,100,100,2,0,False,11.909578323364258,3.0,3.0,0.0,0.52,0.0,0,120,7,-1,-1,0.0
stage1a_single_agent_tiny,1,34560,288,1,100,100,2,0,False,-0.6976163983345032,2.0,2.0,0.0,0.4,0.0,0,120,31,-1,-1,0.0
stage1a_single_agent_tiny,1,34680,289,1,100,100,2,0,False,27.573759078979492,5.0,5.0,0.0,0.56,0.0,0,120,2,-1,-1,0.0
stage1a_single_agent_tiny,1,34800,290,1,100,100,2,0,False,87.63813781738281,5.0,5.0,2.0,0.56,0.0,0,120,14,92,78,0.016666666666666666
stage1a_single_agent_tiny,1,34920,291,1,100,100,2,0,False,16.60307502746582,4.0,4.0,0.0,0.48,0.0,0,120,24,-1,-1,0.0
stage1a_single_agent_tiny,1,35040,292,1,100,100,2,0,False,15.046785354614258,3.0,3.0,0.0,0.6,0.0,0,120,43,-1,-1,0.0
stage1a_single_agent_tiny,1,35160,293,1,100,100,2,0,False,17.45794677734375,5.0,5.0,0.0,0.64,0.0,0,120,33,-1,-1,0.0
stage1a_single_agent_tiny,1,35280,294,1,100,100,2,0,False,33.818565368652344,6.0,6.0,0.0,0.36,0.0,0,120,49,-1,-1,0.0
stage1a_single_agent_tiny,1,35400,295,1,100,100,2,0,False,52.973148345947266,5.0,5.0,1.0,0.6,0.0,0,120,32,110,78,0.008333333333333333
stage1a_single_agent_tiny,1,35520,296,1,100,100,2,0,False,-12.501855850219727,0.0,0.0,0.0,0.56,0.0,0,120,-1,-1,-1,0.0
stage1a_single_agent_tiny,1,35640,297,1,100,100,2,0,False,43.11399841308594,3.0,3.0,1.0,0.64,0.0,0,120,22,22,0,0.008333333333333333
stage1a_single_agent_tiny,1,35760,298,1,100,100,2,0,False,27.511259078979492,5.0,5.0,0.0,0.52,0.0,0,120,63,-1,-1,0.0
stage1a_single_agent_tiny,1,35880,299,1,100,100,2,0,False,14.745826721191406,4.0,4.0,0.0,0.6,0.0,0,120,1,-1,-1,0.0
stage1a_single_agent_tiny,1,36000,300,1,100,100,2,0,False,49.3514404296875,4.0,4.0,1.0,0.52,0.0,0,120,13,97,84,0.008333333333333333
stage1a_single_agent_tiny,1,36120,301,1,100,100,2,0,False,28.69853973388672,5.0,5.0,0.0,0.6,0.0,0,120,9,-1,-1,0.0
stage1a_single_agent_tiny,1,36240,302,1,100,100,2,0,False,4.93083381652832,2.0,2.0,0.0,0.44,0.0,0,120,68,-1,-1,0.0
stage1a_single_agent_tiny,1,36360,303,1,100,100,2,0,False,8.900309562683105,3.0,3.0,0.0,0.56,0.0,0,120,79,-1,-1,0.0
stage1a_single_agent_tiny,1,36480,304,1,100,100,2,0,False,91.0902099609375,6.0,6.0,2.0,0.6,0.0,0,120,20,46,26,0.016666666666666666
stage1a_single_agent_tiny,1,36600,305,1,100,100,2,0,False,5.207745552062988,3.0,3.0,0.0,0.6,0.0,0,120,77,-1,-1,0.0
stage1a_single_agent_tiny,1,36720,306,1,100,100,2,0,False,32.4389533996582,6.0,6.0,0.0,0.6,0.0,0,120,31,-1,-1,0.0
stage1a_single_agent_tiny,1,36840,307,1,100,100,2,0,False,47.64985656738281,4.0,4.0,1.0,0.52,0.0,0,120,56,99,43,0.008333333333333333
stage1a_single_agent_tiny,1,36960,308,1,100,100,2,0,False,43.20574951171875,7.0,7.0,0.0,0.48,0.0,0,120,7,-1,-1,0.0
stage1a_single_agent_tiny,1,37080,309,1,100,100,2,0,False,51.065467834472656,4.0,4.0,1.0,0.64,0.0,0,120,35,104,69,0.008333333333333333
stage1a_single_agent_tiny,1,37200,310,1,100,100,2,0,False,44.778724670410156,3.0,3.0,1.0,0.64,0.0,0,120,40,63,23,0.008333333333333333
stage1a_single_agent_tiny,1,37320,311,1,100,100,2,0,False,22.540042877197266,4.0,4.0,0.0,0.56,0.0,0,120,12,-1,-1,0.0
stage1a_single_agent_tiny,1,37440,312,1,100,100,2,0,False,20.3801326751709,3.0,3.0,0.0,0.56,0.0,0,120,17,-1,-1,0.0
stage1a_single_agent_tiny,1,37560,313,1,100,100,2,0,False,49.6893424987793,4.0,4.0,1.0,0.6,0.0,0,120,45,110,65,0.008333333333333333
stage1a_single_agent_tiny,1,37680,314,1,100,100,2,0,False,80.13333129882812,8.0,8.0,1.0,0.44,0.0,0,120,31,101,70,0.008333333333333333
stage1a_single_agent_tiny,1,37800,315,1,100,100,2,0,False,-6.497017860412598,0.0,0.0,0.0,0.44,0.0,0,120,-1,-1,-1,0.0
stage1a_single_agent_tiny,1,37920,316,1,100,100,2,0,False,61.984832763671875,5.0,5.0,1.0,0.52,0.0,0,120,73,73,0,0.008333333333333333
stage1a_single_agent_tiny,1,38040,317,1,100,100,2,0,False,88.51851654052734,4.0,4.0,2.0,0.44,0.0,0,120,28,28,0,0.016666666666666666
stage1a_single_agent_tiny,1,38160,318,1,100,100,2,0,False,70.07112884521484,6.0,6.0,1.0,0.52,0.0,0,120,5,28,23,0.008333333333333333
stage1a_single_agent_tiny,1,38280,319,1,100,100,2,0,False,6.361565589904785,2.0,2.0,0.0,0.52,0.0,0,120,56,-1,-1,0.0
stage1a_single_agent_tiny,1,38400,320,1,100,100,2,0,False,2.156029462814331,2.0,2.0,0.0,0.48,0.0,0,120,29,-1,-1,0.0
stage1a_single_agent_tiny,1,38520,321,1,100,100,2,0,False,42.90990447998047,3.0,3.0,1.0,0.52,0.0,0,120,17,52,35,0.008333333333333333
stage1a_single_agent_tiny,1,38640,322,1,100,100,2,0,False,17.01358413696289,3.0,3.0,0.0,0.44,0.0,0,120,20,-1,-1,0.0
stage1a_single_agent_tiny,1,38760,323,1,100,100,2,0,False,25.665870666503906,5.0,5.0,0.0,0.48,0.0,0,120,13,-1,-1,0.0
stage1a_single_agent_tiny,1,38880,324,1,100,100,2,0,False,34.50922775268555,5.0,5.0,0.0,0.48,0.0,0,120,24,-1,-1,0.0
stage1a_single_agent_tiny,1,39000,325,1,100,100,2,0,False,101.84085845947266,10.0,10.0,1.0,0.4,0.0,0,120,17,82,65,0.008333333333333333
stage1a_single_agent_tiny,1,39120,326,1,100,100,2,0,False,25.13340950012207,4.0,4.0,0.0,0.4,0.0,0,120,37,-1,-1,0.0
stage1a_single_agent_tiny,1,39240,327,1,100,100,2,0,False,58.78935241699219,5.0,5.0,1.0,0.4,0.0,0,120,18,51,33,0.008333333333333333
stage1a_single_agent_tiny,1,39360,328,1,100,100,2,0,False,86.24691772460938,8.0,8.0,1.0,0.48,0.0,0,120,7,23,16,0.008333333333333333
stage1a_single_agent_tiny,1,39480,329,1,100,100,2,0,False,26.518329620361328,4.0,4.0,0.0,0.36,0.0,0,120,48,-1,-1,0.0
stage1a_single_agent_tiny,1,39600,330,1,100,100,2,0,False,31.69073486328125,5.0,5.0,0.0,0.52,0.0,0,120,38,-1,-1,0.0
stage1a_single_agent_tiny,1,39720,331,1,100,100,2,0,False,17.393465042114258,3.0,3.0,0.0,0.4,0.0,0,120,52,-1,-1,0.0
stage1a_single_agent_tiny,1,39840,332,1,100,100,2,0,False,40.95270538330078,2.0,2.0,1.0,0.44,0.0,0,120,75,75,0,0.008333333333333333
stage1a_single_agent_tiny,1,39960,333,1,100,100,2,0,False,7.734447479248047,2.0,2.0,0.0,0.4,0.0,0,120,72,-1,-1,0.0
stage1a_single_agent_tiny,1,40080,334,1,100,100,2,0,False,23.765371322631836,4.0,4.0,0.0,0.44,0.0,0,120,20,-1,-1,0.0
stage1a_single_agent_tiny,1,40200,335,1,100,100,2,0,False,26.85988426208496,4.0,4.0,0.0,0.48,0.0,0,120,18,-1,-1,0.0
stage1a_single_agent_tiny,1,40320,336,1,100,100,2,0,False,7.800662517547607,2.0,2.0,0.0,0.44,0.0,0,120,42,-1,-1,0.0
stage1a_single_agent_tiny,1,40440,337,1,100,100,2,0,False,30.32503890991211,5.0,5.0,0.0,0.52,0.0,0,120,20,-1,-1,0.0
stage1a_single_agent_tiny,1,40560,338,1,100,100,2,0,False,46.01372146606445,3.0,3.0,1.0,0.36,0.0,0,120,55,55,0,0.008333333333333333
stage1a_single_agent_tiny,1,40680,339,1,100,100,2,0,False,96.6314697265625,5.0,5.0,2.0,0.36,0.0,0,120,5,62,57,0.016666666666666666
stage1a_single_agent_tiny,1,40800,340,1,100,100,2,0,False,37.5034065246582,5.0,5.0,0.0,0.52,0.0,0,120,40,-1,-1,0.0
stage1a_single_agent_tiny,1,40920,341,1,100,100,2,0,False,9.484289169311523,2.0,2.0,0.0,0.48,0.0,0,120,64,-1,-1,0.0
stage1a_single_agent_tiny,1,41040,342,1,100,100,2,0,False,37.69157409667969,2.0,2.0,1.0,0.28,0.0,0,120,79,98,19,0.008333333333333333
stage1a_single_agent_tiny,1,41160,343,1,100,100,2,0,False,42.33373260498047,6.0,6.0,0.0,0.44,0.0,0,120,5,-1,-1,0.0
stage1a_single_agent_tiny,1,41280,344,1,100,100,2,0,False,18.693098068237305,3.0,3.0,0.0,0.48,0.0,0,120,55,-1,-1,0.0
stage1a_single_agent_tiny,1,41400,345,1,100,100,2,0,False,10.57985782623291,2.0,2.0,0.0,0.36,0.0,0,120,18,-1,-1,0.0
stage1a_single_agent_tiny,1,41520,346,1,100,100,2,0,False,26.67889404296875,4.0,4.0,0.0,0.44,0.0,0,120,9,-1,-1,0.0
stage1a_single_agent_tiny,1,41640,347,1,100,100,2,0,False,41.30674743652344,6.0,6.0,0.0,0.44,0.0,0,120,35,-1,-1,0.0
stage1a_single_agent_tiny,1,41760,348,1,100,100,2,0,False,56.71205520629883,4.0,4.0,1.0,0.48,0.0,0,120,37,112,75,0.008333333333333333
stage1a_single_agent_tiny,1,41880,349,1,100,100,2,0,False,23.782506942749023,4.0,4.0,0.0,0.44,0.0,0,120,17,-1,-1,0.0
stage1a_single_agent_tiny,1,42000,350,1,100,100,2,0,False,63.36225509643555,5.0,5.0,1.0,0.48,0.0,0,120,25,39,14,0.008333333333333333
stage1a_single_agent_tiny,1,42120,351,1,100,100,2,0,False,96.62126159667969,9.0,9.0,1.0,0.52,0.0,0,120,10,95,85,0.008333333333333333
stage1a_single_agent_tiny,1,42240,352,1,100,100,2,0,False,31.735549926757812,5.0,5.0,0.0,0.44,0.0,0,120,15,-1,-1,0.0
stage1a_single_agent_tiny,1,42360,353,1,100,100,2,0,False,81.22772216796875,8.0,8.0,1.0,0.6,0.0,0,120,20,33,13,0.008333333333333333
stage1a_single_agent_tiny,1,42480,354,1,100,100,2,0,False,21.12392234802246,4.0,4.0,0.0,0.56,0.0,0,120,49,-1,-1,0.0
stage1a_single_agent_tiny,1,42600,355,1,100,100,2,0,False,90.68147277832031,9.0,9.0,1.0,0.6,0.0,0,120,22,99,77,0.008333333333333333
stage1a_single_agent_tiny,1,42720,356,1,100,100,2,0,False,24.068496704101562,4.0,4.0,0.0,0.6,0.0,0,120,22,-1,-1,0.0
stage1a_single_agent_tiny,1,42840,357,1,100,100,2,0,False,20.756900787353516,4.0,4.0,0.0,0.6,0.0,0,120,29,-1,-1,0.0
stage1a_single_agent_tiny,1,42960,358,1,100,100,2,0,False,58.571834564208984,5.0,5.0,1.0,0.52,0.0,0,120,8,68,60,0.008333333333333333
stage1a_single_agent_tiny,1,43080,359,1,100,100,2,0,False,19.805973052978516,3.0,3.0,0.0,0.28,0.0,0,120,20,-1,-1,0.0
stage1a_single_agent_tiny,1,43200,360,1,100,100,2,0,False,60.688228607177734,5.0,5.0,1.0,0.6,0.0,0,120,18,113,95,0.008333333333333333
stage1a_single_agent_tiny,1,43320,361,1,100,100,2,0,False,50.96120834350586,4.0,4.0,1.0,0.56,0.0,0,120,16,64,48,0.008333333333333333
stage1a_single_agent_tiny,1,43440,362,1,100,100,2,0,False,39.760982513427734,6.0,6.0,0.0,0.6,0.0,0,120,34,-1,-1,0.0
stage1a_single_agent_tiny,1,43560,363,1,100,100,2,0,False,43.22930908203125,7.0,7.0,0.0,0.48,0.0,0,120,29,-1,-1,0.0
stage1a_single_agent_tiny,1,43680,364,1,100,100,2,0,False,47.82752227783203,7.0,7.0,0.0,0.6,0.0,0,120,5,-1,-1,0.0
stage1a_single_agent_tiny,1,43800,365,1,100,100,2,0,False,24.57720184326172,5.0,5.0,0.0,0.64,0.0,0,120,16,-1,-1,0.0
stage1a_single_agent_tiny,1,43920,366,1,100,100,2,0,False,0.5964723825454712,2.0,2.0,0.0,0.52,0.0,0,120,70,-1,-1,0.0
stage1a_single_agent_tiny,1,44040,367,1,100,100,2,0,False,29.152311325073242,5.0,5.0,0.0,0.6,0.0,0,120,19,-1,-1,0.0
stage1a_single_agent_tiny,1,44160,368,1,100,100,2,0,False,17.659215927124023,4.0,4.0,0.0,0.6,0.0,0,120,22,-1,-1,0.0
stage1a_single_agent_tiny,1,44280,369,1,100,100,2,0,False,97.3687744140625,10.0,10.0,1.0,0.64,0.0,0,120,4,97,93,0.008333333333333333
stage1a_single_agent_tiny,1,44400,370,1,100,100,2,0,False,21.653030395507812,5.0,5.0,0.0,0.6,0.0,0,120,54,-1,-1,0.0
stage1a_single_agent_tiny,1,44520,371,1,100,100,2,0,False,41.91281509399414,3.0,3.0,1.0,0.6,0.0,0,120,27,27,0,0.008333333333333333
stage1a_single_agent_tiny,1,44640,372,1,100,100,2,0,False,72.0509033203125,7.0,7.0,1.0,0.48,0.0,0,120,6,56,50,0.008333333333333333
stage1a_single_agent_tiny,1,44760,373,1,100,100,2,0,False,0.1778554767370224,1.0,1.0,0.0,0.48,0.0,0,120,101,-1,-1,0.0
stage1a_single_agent_tiny,1,44880,374,1,100,100,2,0,False,-8.710869789123535,1.0,1.0,0.0,0.56,0.0,0,120,52,-1,-1,0.0
stage1a_single_agent_tiny,1,45000,375,1,100,100,2,0,False,23.022703170776367,4.0,4.0,0.0,0.56,0.0,0,120,51,-1,-1,0.0
stage1a_single_agent_tiny,1,45120,376,1,100,100,2,0,False,35.38044357299805,6.0,6.0,0.0,0.52,0.0,0,120,14,-1,-1,0.0
stage1a_single_agent_tiny,1,45240,377,1,100,100,2,0,False,20.783220291137695,4.0,4.0,0.0,0.56,0.0,0,120,11,-1,-1,0.0
stage1a_single_agent_tiny,1,45360,378,1,100,100,2,0,False,52.742130279541016,4.0,4.0,1.0,0.56,0.0,0,120,23,106,83,0.008333333333333333
stage1a_single_agent_tiny,1,45480,379,1,100,100,2,0,False,14.548640251159668,3.0,3.0,0.0,0.4,0.0,0,120,44,-1,-1,0.0
stage1a_single_agent_tiny,1,45600,380,1,100,100,2,0,False,33.01198196411133,5.0,5.0,0.0,0.36,0.0,0,120,12,-1,-1,0.0
stage1a_single_agent_tiny,1,45720,381,1,100,100,2,0,False,60.60158157348633,5.0,5.0,1.0,0.56,0.0,0,120,20,117,97,0.008333333333333333
stage1a_single_agent_tiny,1,45840,382,1,100,100,2,0,False,14.404491424560547,3.0,3.0,0.0,0.44,0.0,0,120,12,-1,-1,0.0
stage1a_single_agent_tiny,1,45960,383,1,100,100,2,0,False,63.60468673706055,5.0,5.0,1.0,0.56,0.0,0,120,35,85,50,0.008333333333333333
stage1a_single_agent_tiny,1,46080,384,1,100,100,2,0,False,111.06350708007812,7.0,7.0,2.0,0.52,0.0,0,120,9,9,0,0.016666666666666666
stage1a_single_agent_tiny,1,46200,385,1,100,100,2,0,False,27.225475311279297,5.0,5.0,0.0,0.4,0.0,0,120,16,-1,-1,0.0
stage1a_single_agent_tiny,1,46320,386,1,100,100,2,0,False,35.14229965209961,6.0,6.0,0.0,0.48,0.0,0,120,14,-1,-1,0.0
stage1a_single_agent_tiny,1,46440,387,1,100,100,2,0,False,27.239490509033203,5.0,5.0,0.0,0.44,0.0,0,120,23,-1,-1,0.0
stage1a_single_agent_tiny,1,46560,388,1,100,100,2,0,False,81.66488647460938,8.0,8.0,1.0,0.64,0.0,0,120,8,112,104,0.008333333333333333
stage1a_single_agent_tiny,1,46680,389,1,100,100,2,0,False,44.65978240966797,7.0,7.0,0.0,0.52,0.0,0,120,20,-1,-1,0.0
stage1a_single_agent_tiny,1,46800,390,1,100,100,2,0,False,60.893917083740234,5.0,5.0,1.0,0.52,0.0,0,120,26,65,39,0.008333333333333333
stage1a_single_agent_tiny,1,46920,391,1,100,100,2,0,False,14.50976276397705,3.0,3.0,0.0,0.56,0.0,0,120,41,-1,-1,0.0
stage1a_single_agent_tiny,1,47040,392,1,100,100,2,0,False,35.65815353393555,6.0,6.0,0.0,0.6,0.0,0,120,56,-1,-1,0.0
stage1a_single_agent_tiny,1,47160,393,1,100,100,2,0,False,22.670194625854492,4.0,4.0,0.0,0.4,0.0,0,120,18,-1,-1,0.0
stage1a_single_agent_tiny,1,47280,394,1,100,100,2,0,False,28.83806800842285,5.0,5.0,0.0,0.6,0.0,0,120,29,-1,-1,0.0
stage1a_single_agent_tiny,1,47400,395,1,100,100,2,0,False,89.25299835205078,5.0,5.0,2.0,0.48,0.0,0,120,24,24,0,0.016666666666666666
stage1a_single_agent_tiny,1,47520,396,1,100,100,2,0,False,23.98522186279297,4.0,4.0,0.0,0.6,0.0,0,120,40,-1,-1,0.0
stage1a_single_agent_tiny,1,47640,397,1,100,100,2,0,False,18.123218536376953,4.0,4.0,0.0,0.52,0.0,0,120,22,-1,-1,0.0
stage1a_single_agent_tiny,1,47760,398,1,100,100,2,0,False,71.94784545898438,7.0,7.0,1.0,0.56,0.0,0,120,10,109,99,0.008333333333333333
stage1a_single_agent_tiny,1,47880,399,1,100,100,2,0,False,34.3798942565918,6.0,6.0,0.0,0.64,0.0,0,120,31,-1,-1,0.0
stage1a_single_agent_tiny,1,48000,400,1,100,100,2,0,False,23.16151237487793,5.0,5.0,0.0,0.52,0.0,0,120,45,-1,-1,0.0
stage1a_single_agent_tiny,1,48120,401,1,100,100,2,0,False,82.93843078613281,8.0,8.0,1.0,0.52,0.0,0,120,22,92,70,0.008333333333333333
stage1a_single_agent_tiny,1,48240,402,1,100,100,2,0,False,45.149776458740234,7.0,7.0,0.0,0.6,0.0,0,120,3,-1,-1,0.0
stage1a_single_agent_tiny,1,48360,403,1,100,100,2,0,False,37.14845275878906,6.0,6.0,0.0,0.6,0.0,0,120,11,-1,-1,0.0
stage1a_single_agent_tiny,1,48480,404,1,100,100,2,0,False,13.332036972045898,4.0,4.0,0.0,0.48,0.0,0,120,18,-1,-1,0.0
stage1a_single_agent_tiny,1,48600,405,1,100,100,2,0,False,26.011547088623047,5.0,5.0,0.0,0.64,0.0,0,120,24,-1,-1,0.0
stage1a_single_agent_tiny,1,48720,406,1,100,100,2,0,False,97.25804901123047,6.0,6.0,2.0,0.56,0.0,0,120,7,7,0,0.016666666666666666
stage1a_single_agent_tiny,1,48840,407,1,100,100,2,0,False,20.996274948120117,4.0,4.0,0.0,0.56,0.0,0,120,20,-1,-1,0.0
stage1a_single_agent_tiny,1,48960,408,1,100,100,2,0,False,37.270755767822266,6.0,6.0,0.0,0.56,0.0,0,120,12,-1,-1,0.0
stage1a_single_agent_tiny,1,49080,409,1,100,100,2,0,False,30.30626106262207,5.0,5.0,0.0,0.56,0.0,0,120,7,-1,-1,0.0
stage1a_single_agent_tiny,1,49200,410,1,100,100,2,0,False,22.546184539794922,4.0,4.0,0.0,0.44,0.0,0,120,23,-1,-1,0.0
stage1a_single_agent_tiny,1,49320,411,1,100,100,2,0,False,92.33357238769531,9.0,9.0,1.0,0.56,0.0,0,120,16,63,47,0.008333333333333333
stage1a_single_agent_tiny,1,49440,412,1,100,100,2,0,False,22.598712921142578,4.0,4.0,0.0,0.48,0.0,0,120,46,-1,-1,0.0
stage1a_single_agent_tiny,1,49560,413,1,100,100,2,0,False,29.318788528442383,5.0,5.0,0.0,0.6,0.0,0,120,15,-1,-1,0.0
stage1a_single_agent_tiny,1,49680,414,1,100,100,2,0,False,46.06721496582031,3.0,3.0,1.0,0.48,0.0,0,120,42,107,65,0.008333333333333333
stage1a_single_agent_tiny,1,49800,415,1,100,100,2,0,False,21.10770606994629,4.0,4.0,0.0,0.52,0.0,0,120,13,-1,-1,0.0
stage1a_single_agent_tiny,1,49920,416,1,100,100,2,0,False,60.48529815673828,5.0,5.0,1.0,0.48,0.0,0,120,21,21,0,0.008333333333333333
stage1a_single_agent_tiny,1,50040,417,1,100,100,2,0,False,53.14446258544922,8.0,8.0,0.0,0.52,0.0,0,120,8,-1,-1,0.0
stage1a_single_agent_tiny,1,50160,418,1,100,100,2,0,False,44.87410354614258,7.0,7.0,0.0,0.44,0.0,0,120,33,-1,-1,0.0
stage1a_single_agent_tiny,1,50280,419,1,100,100,2,0,False,44.64253616333008,7.0,7.0,0.0,0.52,0.0,0,120,7,-1,-1,0.0
stage1a_single_agent_tiny,1,50400,420,1,100,100,2,0,False,46.23921203613281,7.0,7.0,0.0,0.64,0.0,0,120,39,-1,-1,0.0
stage1a_single_agent_tiny,1,50520,421,1,100,100,2,0,False,90.73171997070312,5.0,5.0,2.0,0.56,0.0,0,120,35,57,22,0.016666666666666666
stage1a_single_agent_tiny,1,50640,422,1,100,100,2,0,False,85.7925033569336,8.0,8.0,1.0,0.48,0.0,0,120,18,54,36,0.008333333333333333
stage1a_single_agent_tiny,1,50760,423,1,100,100,2,0,False,81.10809326171875,4.0,4.0,2.0,0.48,0.0,0,120,25,25,0,0.016666666666666666
stage1a_single_agent_tiny,1,50880,424,1,100,100,2,0,False,65.2323989868164,5.0,5.0,1.0,0.48,0.0,0,120,32,120,88,0.008333333333333333
stage1a_single_agent_tiny,1,51000,425,1,100,100,2,0,False,87.6029052734375,8.0,8.0,1.0,0.52,0.0,0,120,6,100,94,0.008333333333333333
stage1a_single_agent_tiny,1,51120,426,1,100,100,2,0,False,33.396400451660156,5.0,5.0,0.0,0.4,0.0,0,120,9,-1,-1,0.0
stage1a_single_agent_tiny,1,51240,427,1,100,100,2,0,False,15.96912956237793,3.0,3.0,0.0,0.52,0.0,0,120,12,-1,-1,0.0
stage1a_single_agent_tiny,1,51360,428,1,100,100,2,0,False,71.67265319824219,7.0,7.0,1.0,0.52,0.0,0,120,16,94,78,0.008333333333333333
stage1a_single_agent_tiny,1,51480,429,1,100,100,2,0,False,49.2906379699707,7.0,7.0,0.0,0.52,0.0,0,120,34,-1,-1,0.0
stage1a_single_agent_tiny,1,51600,430,1,100,100,2,0,False,19.519636154174805,4.0,4.0,0.0,0.6,0.0,0,120,11,-1,-1,0.0
stage1a_single_agent_tiny,1,51720,431,1,100,100,2,0,False,37.123085021972656,6.0,6.0,0.0,0.6,0.0,0,120,23,-1,-1,0.0
stage1a_single_agent_tiny,1,51840,432,1,100,100,2,0,False,25.396989822387695,4.0,4.0,0.0,0.52,0.0,0,120,59,-1,-1,0.0
stage1a_single_agent_tiny,1,51960,433,1,100,100,2,0,False,39.97285842895508,6.0,6.0,0.0,0.6,0.0,0,120,26,-1,-1,0.0
stage1a_single_agent_tiny,1,52080,434,1,100,100,2,0,False,12.861309051513672,3.0,3.0,0.0,0.44,0.0,0,120,31,-1,-1,0.0
stage1a_single_agent_tiny,1,52200,435,1,100,100,2,0,False,55.82387924194336,5.0,5.0,1.0,0.52,0.0,0,120,19,28,9,0.008333333333333333
stage1a_single_agent_tiny,1,52320,436,1,100,100,2,0,False,21.513933181762695,5.0,5.0,0.0,0.44,0.0,0,120,29,-1,-1,0.0
stage1a_single_agent_tiny,1,52440,437,1,100,100,2,0,False,49.373268127441406,4.0,4.0,1.0,0.4,0.0,0,120,22,22,0,0.008333333333333333
stage1a_single_agent_tiny,1,52560,438,1,100,100,2,0,False,35.426025390625,6.0,6.0,0.0,0.52,0.0,0,120,20,-1,-1,0.0
stage1a_single_agent_tiny,1,52680,439,1,100,100,2,0,False,31.53194236755371,5.0,5.0,0.0,0.44,0.0,0,120,17,-1,-1,0.0
stage1a_single_agent_tiny,1,52800,440,1,100,100,2,0,False,62.054542541503906,5.0,5.0,1.0,0.52,0.0,0,120,9,113,104,0.008333333333333333
stage1a_single_agent_tiny,1,52920,441,1,100,100,2,0,False,62.12556076049805,5.0,5.0,1.0,0.6,0.0,0,120,6,58,52,0.008333333333333333
stage1a_single_agent_tiny,1,53040,442,1,100,100,2,0,False,31.98849868774414,5.0,5.0,0.0,0.56,0.0,0,120,28,-1,-1,0.0
stage1a_single_agent_tiny,1,53160,443,1,100,100,2,0,False,64.7391357421875,5.0,5.0,1.0,0.52,0.0,0,120,17,67,50,0.008333333333333333
stage1a_single_agent_tiny,1,53280,444,1,100,100,2,0,False,19.229293823242188,4.0,4.0,0.0,0.36,0.0,0,120,31,-1,-1,0.0
stage1a_single_agent_tiny,1,53400,445,1,100,100,2,0,False,41.21169662475586,6.0,6.0,0.0,0.48,0.0,0,120,34,-1,-1,0.0
stage1a_single_agent_tiny,1,53520,446,1,100,100,2,0,False,52.71831130981445,4.0,4.0,1.0,0.52,0.0,0,120,16,83,67,0.008333333333333333
stage1a_single_agent_tiny,1,53640,447,1,100,100,2,0,False,46.261592864990234,7.0,7.0,0.0,0.52,0.0,0,120,12,-1,-1,0.0
stage1a_single_agent_tiny,1,53760,448,1,100,100,2,0,False,55.563663482666016,4.0,4.0,1.0,0.56,0.0,0,120,10,12,2,0.008333333333333333
stage1a_single_agent_tiny,1,53880,449,1,100,100,2,0,False,47.394596099853516,3.0,3.0,1.0,0.6,0.0,0,120,37,37,0,0.008333333333333333
stage1a_single_agent_tiny,1,54000,450,1,100,100,2,0,False,69.75447845458984,6.0,6.0,1.0,0.56,0.0,0,120,6,91,85,0.008333333333333333
stage1a_single_agent_tiny,1,54120,451,1,100,100,2,0,False,62.0,9.0,9.0,0.0,0.6,0.0,0,120,2,-1,-1,0.0
stage1a_single_agent_tiny,1,54240,452,1,100,100,2,0,False,9.40017318725586,2.0,2.0,0.0,0.48,0.0,0,120,48,-1,-1,0.0
stage1a_single_agent_tiny,1,54360,453,1,100,100,2,0,False,12.904500007629395,3.0,3.0,0.0,0.52,0.0,0,120,45,-1,-1,0.0
stage1a_single_agent_tiny,1,54480,454,1,100,100,2,0,False,17.980838775634766,4.0,4.0,0.0,0.4,0.0,0,120,8,-1,-1,0.0
stage1a_single_agent_tiny,1,54600,455,1,100,100,2,0,False,39.53076171875,6.0,6.0,0.0,0.48,0.0,0,120,33,-1,-1,0.0
stage1a_single_agent_tiny,1,54720,456,1,100,100,2,0,False,14.16475772857666,3.0,3.0,0.0,0.36,0.0,0,120,25,-1,-1,0.0
stage1a_single_agent_tiny,1,54840,457,1,100,100,2,0,False,41.44252014160156,3.0,3.0,1.0,0.48,0.0,0,120,40,40,0,0.008333333333333333
stage1a_single_agent_tiny,1,54960,458,1,100,100,2,0,False,25.117584228515625,4.0,4.0,0.0,0.36,0.0,0,120,27,-1,-1,0.0
stage1a_single_agent_tiny,1,55080,459,1,100,100,2,0,False,44.4222412109375,3.0,3.0,1.0,0.56,0.0,0,120,20,79,59,0.008333333333333333
stage1a_single_agent_tiny,1,55200,460,1,100,100,2,0,False,7.870100975036621,2.0,2.0,0.0,0.4,0.0,0,120,34,-1,-1,0.0
stage1a_single_agent_tiny,1,55320,461,1,100,100,2,0,False,49.62837219238281,8.0,8.0,0.0,0.48,0.0,0,120,9,-1,-1,0.0
stage1a_single_agent_tiny,1,55440,462,1,100,100,2,0,False,49.06019592285156,7.0,7.0,0.0,0.4,0.0,0,120,25,-1,-1,0.0
stage1a_single_agent_tiny,1,55560,463,1,100,100,2,0,False,31.565263748168945,5.0,5.0,0.0,0.44,0.0,0,120,38,-1,-1,0.0
stage1a_single_agent_tiny,1,55680,464,1,100,100,2,0,False,70.2850341796875,7.0,7.0,1.0,0.48,0.0,0,120,28,85,57,0.008333333333333333
stage1a_single_agent_tiny,1,55800,465,1,100,100,2,0,False,52.5252685546875,4.0,4.0,1.0,0.44,0.0,0,120,18,57,39,0.008333333333333333
stage1a_single_agent_tiny,1,55920,466,1,100,100,2,0,False,36.72000503540039,6.0,6.0,0.0,0.44,0.0,0,120,7,-1,-1,0.0
stage1a_single_agent_tiny,1,56040,467,1,100,100,2,0,False,14.166532516479492,3.0,3.0,0.0,0.44,0.0,0,120,23,-1,-1,0.0
stage1a_single_agent_tiny,1,56160,468,1,100,100,2,0,False,17.08525276184082,3.0,3.0,0.0,0.44,0.0,0,120,23,-1,-1,0.0
stage1a_single_agent_tiny,1,56280,469,1,100,100,2,0,False,49.12151336669922,7.0,7.0,0.0,0.52,0.0,0,120,13,-1,-1,0.0
stage1a_single_agent_tiny,1,56400,470,1,100,100,2,0,False,23.914459228515625,4.0,4.0,0.0,0.48,0.0,0,120,29,-1,-1,0.0
stage1a_single_agent_tiny,1,56520,471,1,100,100,2,0,False,69.92413330078125,6.0,6.0,1.0,0.52,0.0,0,120,23,70,47,0.008333333333333333
stage1a_single_agent_tiny,1,56640,472,1,100,100,2,0,False,25.26858901977539,4.0,4.0,0.0,0.48,0.0,0,120,25,-1,-1,0.0
stage1a_single_agent_tiny,1,56760,473,1,100,100,2,0,False,31.710779190063477,5.0,5.0,0.0,0.48,0.0,0,120,26,-1,-1,0.0
stage1a_single_agent_tiny,1,56880,474,1,100,100,2,0,False,60.31291198730469,5.0,5.0,1.0,0.4,0.0,0,120,39,39,0,0.008333333333333333
stage1a_single_agent_tiny,1,57000,475,1,100,100,2,0,False,19.254146575927734,4.0,4.0,0.0,0.52,0.0,0,120,25,-1,-1,0.0
stage1a_single_agent_tiny,1,57120,476,1,100,100,2,0,False,28.32330322265625,5.0,5.0,0.0,0.32,0.0,0,120,49,-1,-1,0.0
stage1a_single_agent_tiny,1,57240,477,1,100,100,2,0,False,66.43400573730469,5.0,5.0,1.0,0.56,0.0,0,120,36,73,37,0.008333333333333333
stage1a_single_agent_tiny,1,57360,478,1,100,100,2,0,False,35.167030334472656,6.0,6.0,0.0,0.44,0.0,0,120,4,-1,-1,0.0
stage1a_single_agent_tiny,1,57480,479,1,100,100,2,0,False,52.7971076965332,4.0,4.0,1.0,0.44,0.0,0,120,52,100,48,0.008333333333333333
stage1a_single_agent_tiny,1,57600,480,1,100,100,2,0,False,30.168292999267578,5.0,5.0,0.0,0.44,0.0,0,120,15,-1,-1,0.0
stage1a_single_agent_tiny,1,57720,481,1,100,100,2,0,False,60.41493606567383,5.0,5.0,1.0,0.52,0.0,0,120,20,33,13,0.008333333333333333
stage1a_single_agent_tiny,1,57840,482,1,100,100,2,0,False,79.60409545898438,7.0,7.0,1.0,0.56,0.0,0,120,42,73,31,0.008333333333333333
stage1a_single_agent_tiny,1,57960,483,1,100,100,2,0,False,20.881210327148438,4.0,4.0,0.0,0.44,0.0,0,120,22,-1,-1,0.0
stage1a_single_agent_tiny,1,58080,484,1,100,100,2,0,False,33.85308074951172,6.0,6.0,0.0,0.6,0.0,0,120,11,-1,-1,0.0
stage1a_single_agent_tiny,1,58200,485,1,100,100,2,0,False,38.22697830200195,6.0,6.0,0.0,0.48,0.0,0,120,25,-1,-1,0.0
stage1a_single_agent_tiny,1,58320,486,1,100,100,2,0,False,20.90191078186035,4.0,4.0,0.0,0.48,0.0,0,120,25,-1,-1,0.0
stage1a_single_agent_tiny,1,58440,487,1,100,100,2,0,False,35.4398307800293,6.0,6.0,0.0,0.56,0.0,0,120,27,-1,-1,0.0
stage1a_single_agent_tiny,1,58560,488,1,100,100,2,0,False,68.35108947753906,6.0,6.0,1.0,0.48,0.0,0,120,6,116,110,0.008333333333333333
stage1a_single_agent_tiny,1,58680,489,1,100,100,2,0,False,49.0146484375,3.0,3.0,1.0,0.48,0.0,0,120,35,35,0,0.008333333333333333
stage1a_single_agent_tiny,1,58800,490,1,100,100,2,0,False,15.251319885253906,3.0,3.0,0.0,0.48,0.0,0,120,18,-1,-1,0.0
stage1a_single_agent_tiny,1,58920,491,1,100,100,2,0,False,10.077136039733887,3.0,3.0,0.0,0.48,0.0,0,120,4,-1,-1,0.0
stage1a_single_agent_tiny,1,59040,492,1,100,100,2,0,False,28.730730056762695,5.0,5.0,0.0,0.48,0.0,0,120,46,-1,-1,0.0
stage1a_single_agent_tiny,1,59160,493,1,100,100,2,0,False,59.48362731933594,9.0,9.0,0.0,0.56,0.0,0,120,36,-1,-1,0.0
stage1a_single_agent_tiny,1,59280,494,1,100,100,2,0,False,27.318349838256836,5.0,5.0,0.0,0.48,0.0,0,120,21,-1,-1,0.0
stage1a_single_agent_tiny,1,59400,495,1,100,100,2,0,False,63.32796096801758,5.0,5.0,1.0,0.56,0.0,0,120,15,110,95,0.008333333333333333
stage1a_single_agent_tiny,1,59520,496,1,100,100,2,0,False,50.960323333740234,8.0,8.0,0.0,0.44,0.0,0,120,22,-1,-1,0.0
stage1a_single_agent_tiny,1,59640,497,1,100,100,2,0,False,68.52609252929688,6.0,6.0,1.0,0.6,0.0,0,120,18,107,89,0.008333333333333333
stage1a_single_agent_tiny,1,59760,498,1,100,100,2,0,False,30.581892013549805,5.0,5.0,0.0,0.48,0.0,0,120,41,-1,-1,0.0
stage1a_single_agent_tiny,1,59880,499,1,100,100,2,0,False,104.95377349853516,7.0,7.0,2.0,0.56,0.0,0,120,19,52,33,0.016666666666666666
stage1a_single_agent_tiny,1,60000,500,1,100,100,2,0,False,33.61172103881836,6.0,6.0,0.0,0.4,0.0,0,120,14,-1,-1,0.0
stage1a_single_agent_tiny,1,60120,501,1,100,100,2,0,False,46.11760711669922,7.0,7.0,0.0,0.56,0.0,0,120,11,-1,-1,0.0
stage1a_single_agent_tiny,1,60240,502,1,100,100,2,0,False,21.116775512695312,4.0,4.0,0.0,0.6,0.0,0,120,22,-1,-1,0.0
stage1a_single_agent_tiny,1,60360,503,1,100,100,2,0,False,6.706104755401611,2.0,2.0,0.0,0.44,0.0,0,120,39,-1,-1,0.0
stage1a_single_agent_tiny,1,60480,504,1,100,100,2,0,False,47.73009490966797,7.0,7.0,0.0,0.64,0.0,0,120,17,-1,-1,0.0
stage1a_single_agent_tiny,1,60600,505,1,100,100,2,0,False,33.63624954223633,5.0,5.0,0.0,0.52,0.0,0,120,45,-1,-1,0.0
stage1a_single_agent_tiny,1,60720,506,1,100,100,2,0,False,33.55325698852539,5.0,5.0,0.0,0.48,0.0,0,120,20,-1,-1,0.0
stage1a_single_agent_tiny,1,60840,507,1,100,100,2,0,False,44.8015251159668,7.0,7.0,0.0,0.44,0.0,0,120,37,-1,-1,0.0
stage1a_single_agent_tiny,1,60960,508,1,100,100,2,0,False,63.70196533203125,9.0,9.0,0.0,0.6,0.0,0,120,11,-1,-1,0.0
stage1a_single_agent_tiny,1,61080,509,1,100,100,2,0,False,100.13797760009766,6.0,6.0,2.0,0.52,0.0,0,120,5,42,37,0.016666666666666666
stage1a_single_agent_tiny,1,61200,510,1,100,100,2,0,False,43.14926528930664,7.0,7.0,0.0,0.44,0.0,0,120,24,-1,-1,0.0
stage1a_single_agent_tiny,1,61320,511,1,100,100,2,0,False,46.43210220336914,7.0,7.0,0.0,0.48,0.0,0,120,32,-1,-1,0.0
stage1a_single_agent_tiny,1,61440,512,1,100,100,2,0,False,47.90264892578125,7.0,7.0,0.0,0.44,0.0,0,120,24,-1,-1,0.0
stage1a_single_agent_tiny,1,61560,513,1,100,100,2,0,False,34.64427185058594,5.0,5.0,0.0,0.52,0.0,0,120,19,-1,-1,0.0
stage1a_single_agent_tiny,1,61680,514,1,100,100,2,0,False,30.133556365966797,5.0,5.0,0.0,0.48,0.0,0,120,3,-1,-1,0.0
stage1a_single_agent_tiny,1,61800,515,1,100,100,2,0,False,46.22358703613281,7.0,7.0,0.0,0.56,0.0,0,120,7,-1,-1,0.0
stage1a_single_agent_tiny,1,61920,516,1,100,100,2,0,False,11.517325401306152,3.0,3.0,0.0,0.44,0.0,0,120,6,-1,-1,0.0
stage1a_single_agent_tiny,1,62040,517,1,100,100,2,0,False,39.620635986328125,6.0,6.0,0.0,0.56,0.0,0,120,23,-1,-1,0.0
stage1a_single_agent_tiny,1,62160,518,1,100,100,2,0,False,8.685935020446777,3.0,3.0,0.0,0.44,0.0,0,120,21,-1,-1,0.0
stage1a_single_agent_tiny,1,62280,519,1,100,100,2,0,False,22.19508171081543,4.0,4.0,0.0,0.4,0.0,0,120,17,-1,-1,0.0
stage1a_single_agent_tiny,1,62400,520,1,100,100,2,0,False,31.70926856994629,5.0,5.0,0.0,0.44,0.0,0,120,9,-1,-1,0.0
stage1a_single_agent_tiny,1,62520,521,1,100,100,2,0,False,54.4382438659668,8.0,8.0,0.0,0.56,0.0,0,120,24,-1,-1,0.0
stage1a_single_agent_tiny,1,62640,522,1,100,100,2,0,False,87.31982421875,5.0,5.0,2.0,0.56,0.0,0,120,38,58,20,0.016666666666666666
stage1a_single_agent_tiny,1,62760,523,1,100,100,2,0,False,44.41840744018555,3.0,3.0,1.0,0.44,0.0,0,120,25,90,65,0.008333333333333333
stage1a_single_agent_tiny,1,62880,524,1,100,100,2,0,False,30.3291072845459,5.0,5.0,0.0,0.6,0.0,0,120,22,-1,-1,0.0
stage1a_single_agent_tiny,1,63000,525,1,100,100,2,0,False,92.49453735351562,9.0,9.0,1.0,0.6,0.0,0,120,23,78,55,0.008333333333333333
stage1a_single_agent_tiny,1,63120,526,1,100,100,2,0,False,19.442184448242188,4.0,4.0,0.0,0.48,0.0,0,120,33,-1,-1,0.0
stage1a_single_agent_tiny,1,63240,527,1,100,100,2,0,False,34.95705795288086,5.0,5.0,0.0,0.6,0.0,0,120,43,-1,-1,0.0
stage1a_single_agent_tiny,1,63360,528,1,100,100,2,0,False,47.825157165527344,7.0,7.0,0.0,0.56,0.0,0,120,19,-1,-1,0.0
stage1a_single_agent_tiny,1,63480,529,1,100,100,2,0,False,47.635154724121094,7.0,7.0,0.0,0.48,0.0,0,120,16,-1,-1,0.0
stage1a_single_agent_tiny,1,63600,530,1,100,100,2,0,False,22.123979568481445,4.0,4.0,0.0,0.36,0.0,0,120,21,-1,-1,0.0
stage1a_single_agent_tiny,1,63720,531,1,100,100,2,0,False,50.965763092041016,4.0,4.0,1.0,0.52,0.0,0,120,20,111,91,0.008333333333333333
stage1a_single_agent_tiny,1,63840,532,1,100,100,2,0,False,68.51588439941406,6.0,6.0,1.0,0.64,0.0,0,120,22,113,91,0.008333333333333333
stage1a_single_agent_tiny,1,63960,533,1,100,100,2,0,False,58.01730728149414,9.0,9.0,0.0,0.6,0.0,0,120,10,-1,-1,0.0
stage1a_single_agent_tiny,1,64080,534,1,100,100,2,0,False,68.59068298339844,6.0,6.0,1.0,0.52,0.0,0,120,20,24,4,0.008333333333333333
stage1a_single_agent_tiny,1,64200,535,1,100,100,2,0,False,30.416715621948242,5.0,5.0,0.0,0.48,0.0,0,120,16,-1,-1,0.0
stage1a_single_agent_tiny,1,64320,536,1,100,100,2,0,False,27.489877700805664,5.0,5.0,0.0,0.6,0.0,0,120,33,-1,-1,0.0
stage1a_single_agent_tiny,1,64440,537,1,100,100,2,0,False,49.51958465576172,4.0,4.0,1.0,0.52,0.0,0,120,37,37,0,0.008333333333333333
stage1a_single_agent_tiny,1,64560,538,1,100,100,2,0,False,68.79657745361328,6.0,6.0,1.0,0.6,0.0,0,120,43,69,26,0.008333333333333333
stage1a_single_agent_tiny,1,64680,539,1,100,100,2,0,False,23.57089614868164,4.0,4.0,0.0,0.36,0.0,0,120,22,-1,-1,0.0
stage1a_single_agent_tiny,1,64800,540,1,100,100,2,0,False,39.46945571899414,6.0,6.0,0.0,0.48,0.0,0,120,12,-1,-1,0.0
stage1a_single_agent_tiny,1,64920,541,1,100,100,2,0,False,55.878021240234375,4.0,4.0,1.0,0.48,0.0,0,120,30,82,52,0.008333333333333333
stage1a_single_agent_tiny,1,65040,542,1,100,100,2,0,False,78.35513305664062,11.0,11.0,0.0,0.4,0.0,0,120,9,-1,-1,0.0
stage1a_single_agent_tiny,1,65160,543,1,100,100,2,0,False,63.426090240478516,5.0,5.0,1.0,0.56,0.0,0,120,26,111,85,0.008333333333333333
stage1a_single_agent_tiny,1,65280,544,1,100,100,2,0,False,60.48984146118164,9.0,9.0,0.0,0.52,0.0,0,120,15,-1,-1,0.0
stage1a_single_agent_tiny,1,65400,545,1,100,100,2,0,False,96.81348419189453,6.0,6.0,2.0,0.52,0.0,0,120,11,58,47,0.016666666666666666
stage1a_single_agent_tiny,1,65520,546,1,100,100,2,0,False,14.441771507263184,3.0,3.0,0.0,0.52,0.0,0,120,30,-1,-1,0.0
stage1a_single_agent_tiny,1,65640,547,1,100,100,2,0,False,35.633140563964844,6.0,6.0,0.0,0.56,0.0,0,120,27,-1,-1,0.0
stage1a_single_agent_tiny,1,65760,548,1,100,100,2,0,False,39.825439453125,2.0,2.0,1.0,0.48,0.0,0,120,33,33,0,0.008333333333333333
stage1a_single_agent_tiny,1,65880,549,1,100,100,2,0,False,23.695222854614258,4.0,4.0,0.0,0.4,0.0,0,120,44,-1,-1,0.0
stage1a_single_agent_tiny,1,66000,550,1,100,100,2,0,False,22.221101760864258,4.0,4.0,0.0,0.44,0.0,0,120,36,-1,-1,0.0
stage1a_single_agent_tiny,1,66120,551,1,100,100,2,0,False,44.80436706542969,7.0,7.0,0.0,0.64,0.0,0,120,20,-1,-1,0.0
stage1a_single_agent_tiny,1,66240,552,1,100,100,2,0,False,43.21369552612305,7.0,7.0,0.0,0.48,0.0,0,120,4,-1,-1,0.0
stage1a_single_agent_tiny,1,66360,553,1,100,100,2,0,False,55.77680969238281,8.0,8.0,0.0,0.6,0.0,0,120,2,-1,-1,0.0
stage1a_single_agent_tiny,1,66480,554,1,100,100,2,0,False,42.647891998291016,6.0,6.0,0.0,0.4,0.0,0,120,5,-1,-1,0.0
stage1a_single_agent_tiny,1,66600,555,1,100,100,2,0,False,25.979480743408203,5.0,5.0,0.0,0.56,0.0,0,120,3,-1,-1,0.0
stage1a_single_agent_tiny,1,66720,556,1,100,100,2,0,False,38.27098846435547,6.0,6.0,0.0,0.52,0.0,0,120,11,-1,-1,0.0
stage1a_single_agent_tiny,1,66840,557,1,100,100,2,0,False,35.060150146484375,6.0,6.0,0.0,0.6,0.0,0,120,24,-1,-1,0.0
stage1a_single_agent_tiny,1,66960,558,1,100,100,2,0,False,17.88340950012207,4.0,4.0,0.0,0.48,0.0,0,120,41,-1,-1,0.0
stage1a_single_agent_tiny,1,67080,559,1,100,100,2,0,False,27.3536376953125,5.0,5.0,0.0,0.6,0.0,0,120,24,-1,-1,0.0
stage1a_single_agent_tiny,1,67200,560,1,100,100,2,0,False,19.49622917175293,4.0,4.0,0.0,0.56,0.0,0,120,30,-1,-1,0.0
stage1a_single_agent_tiny,1,67320,561,1,100,100,2,0,False,47.628475189208984,7.0,7.0,0.0,0.48,0.0,0,120,6,-1,-1,0.0
stage1a_single_agent_tiny,1,67440,562,1,100,100,2,0,False,49.62464904785156,4.0,4.0,1.0,0.48,0.0,0,120,42,95,53,0.008333333333333333
stage1a_single_agent_tiny,1,67560,563,1,100,100,2,0,False,78.14358520507812,7.0,7.0,1.0,0.56,0.0,0,120,12,119,107,0.008333333333333333
stage1a_single_agent_tiny,1,67680,564,1,100,100,2,0,False,93.5906982421875,5.0,5.0,2.0,0.52,0.0,0,120,3,19,16,0.016666666666666666
stage1a_single_agent_tiny,1,67800,565,1,100,100,2,0,False,43.64961242675781,4.0,4.0,1.0,0.52,0.0,0,120,46,77,31,0.008333333333333333
stage1a_single_agent_tiny,1,67920,566,1,100,100,2,0,False,36.888187408447266,6.0,6.0,0.0,0.44,0.0,0,120,12,-1,-1,0.0
stage1a_single_agent_tiny,1,68040,567,1,100,100,2,0,False,14.497050285339355,3.0,3.0,0.0,0.56,0.0,0,120,44,-1,-1,0.0
stage1a_single_agent_tiny,1,68160,568,1,100,100,2,0,False,97.22273254394531,6.0,6.0,2.0,0.56,0.0,0,120,26,85,59,0.016666666666666666
stage1a_single_agent_tiny,1,68280,569,1,100,100,2,0,False,46.10652160644531,7.0,7.0,0.0,0.44,0.0,0,120,20,-1,-1,0.0
stage1a_single_agent_tiny,1,68400,570,1,100,100,2,0,False,60.9556770324707,5.0,5.0,1.0,0.56,0.0,0,120,34,47,13,0.008333333333333333
stage1a_single_agent_tiny,1,68520,571,1,100,100,2,0,False,37.00653839111328,7.0,7.0,0.0,0.48,0.0,0,120,32,-1,-1,0.0
stage1a_single_agent_tiny,1,68640,572,1,100,100,2,0,False,33.97639083862305,6.0,6.0,0.0,0.52,0.0,0,120,32,-1,-1,0.0
stage1a_single_agent_tiny,1,68760,573,1,100,100,2,0,False,36.945987701416016,6.0,6.0,0.0,0.52,0.0,0,120,29,-1,-1,0.0
stage1a_single_agent_tiny,1,68880,574,1,100,100,2,0,False,41.050331115722656,6.0,6.0,0.0,0.4,0.0,0,120,23,-1,-1,0.0
stage1a_single_agent_tiny,1,69000,575,1,100,100,2,0,False,33.37060546875,5.0,5.0,0.0,0.4,0.0,0,120,35,-1,-1,0.0
stage1a_single_agent_tiny,1,69120,576,1,100,100,2,0,False,60.26593017578125,5.0,5.0,1.0,0.44,0.0,0,120,7,110,103,0.008333333333333333
stage1a_single_agent_tiny,1,69240,577,1,100,100,2,0,False,118.76419067382812,8.0,8.0,2.0,0.48,0.0,0,120,22,36,14,0.016666666666666666
stage1a_single_agent_tiny,1,69360,578,1,100,100,2,0,False,73.52842712402344,7.0,7.0,1.0,0.6,0.0,0,120,32,67,35,0.008333333333333333
stage1a_single_agent_tiny,1,69480,579,1,100,100,2,0,False,82.58525848388672,4.0,4.0,2.0,0.44,0.0,0,120,17,17,0,0.016666666666666666
stage1a_single_agent_tiny,1,69600,580,1,100,100,2,0,False,66.89306640625,6.0,6.0,1.0,0.44,0.0,0,120,6,84,78,0.008333333333333333
stage1a_single_agent_tiny,1,69720,581,1,100,100,2,0,False,24.42482566833496,5.0,5.0,0.0,0.48,0.0,0,120,31,-1,-1,0.0
stage1a_single_agent_tiny,1,69840,582,1,100,100,2,0,False,96.55536651611328,5.0,5.0,2.0,0.48,0.0,0,120,27,27,0,0.016666666666666666
stage1a_single_agent_tiny,1,69960,583,1,100,100,2,0,False,25.36944007873535,4.0,4.0,0.0,0.24,0.0,0,120,36,-1,-1,0.0
stage1a_single_agent_tiny,1,70080,584,1,100,100,2,0,False,34.73027801513672,5.0,5.0,0.0,0.48,0.0,0,120,24,-1,-1,0.0
stage1a_single_agent_tiny,1,70200,585,1,100,100,2,0,False,36.830780029296875,6.0,6.0,0.0,0.6,0.0,0,120,21,-1,-1,0.0
stage1a_single_agent_tiny,1,70320,586,1,100,100,2,0,False,73.1561279296875,7.0,7.0,1.0,0.56,0.0,0,120,17,91,74,0.008333333333333333
stage1a_single_agent_tiny,1,70440,587,1,100,100,2,0,False,31.8674259185791,5.0,5.0,0.0,0.36,0.0,0,120,19,-1,-1,0.0
stage1a_single_agent_tiny,1,70560,588,1,100,100,2,0,False,57.417205810546875,8.0,8.0,0.0,0.56,0.0,0,120,19,-1,-1,0.0
stage1a_single_agent_tiny,1,70680,589,1,100,100,2,0,False,20.888038635253906,4.0,4.0,0.0,0.44,0.0,0,120,24,-1,-1,0.0
stage1a_single_agent_tiny,1,70800,590,1,100,100,2,0,False,33.36399841308594,5.0,5.0,0.0,0.4,0.0,0,120,45,-1,-1,0.0
stage1a_single_agent_tiny,1,70920,591,1,100,100,2,0,False,68.62419128417969,3.0,3.0,2.0,0.44,0.0,0,120,42,42,0,0.016666666666666666
stage1a_single_agent_tiny,1,71040,592,1,100,100,2,0,False,40.230499267578125,6.0,6.0,0.0,0.56,0.0,0,120,16,-1,-1,0.0
stage1a_single_agent_tiny,1,71160,593,1,100,100,2,0,False,33.442665100097656,5.0,5.0,0.0,0.52,0.0,0,120,15,-1,-1,0.0
stage1a_single_agent_tiny,1,71280,594,1,100,100,2,0,False,67.18449401855469,6.0,6.0,1.0,0.6,0.0,0,120,10,59,49,0.008333333333333333
stage1a_single_agent_tiny,1,71400,595,1,100,100,2,0,False,51.593360900878906,8.0,8.0,0.0,0.52,0.0,0,120,27,-1,-1,0.0
stage1b_single_agent_obstacles,2,71648,596,1,420,320,2,2,False,-9.778914451599121,1.0,1.0,0.0,0.14682539682539683,0.0,0,220,67,-1,-1,0.0
stage1b_single_agent_obstacles,2,71868,597,1,420,320,2,2,False,-1.9199985265731812,0.0,0.0,0.0,0.05952380952380952,0.0,0,220,-1,-1,-1,0.0
stage1b_single_agent_obstacles,2,72088,598,1,420,320,2,2,False,21.55265235900879,3.0,3.0,0.0,0.17063492063492064,0.0,0,220,18,-1,-1,0.0
stage1b_single_agent_obstacles,2,72308,599,1,420,320,2,2,False,-6.170015335083008,0.0,0.0,0.0,0.11507936507936507,0.0,0,220,-1,-1,-1,0.0
stage1b_single_agent_obstacles,2,72528,600,1,420,320,2,2,False,-23.197998046875,2.0,2.0,0.0,0.07936507936507936,0.0,0,220,41,-1,-1,0.0
stage1b_single_agent_obstacles,2,72748,601,1,420,320,2,2,False,-4.88001823425293,0.0,0.0,0.0,0.07142857142857142,0.0,0,220,-1,-1,-1,0.0
stage1b_single_agent_obstacles,2,72968,602,1,420,320,2,2,False,-1.8999985456466675,0.0,0.0,0.0,0.06349206349206349,0.0,0,220,-1,-1,-1,0.0
stage1b_single_agent_obstacles,2,73188,603,1,420,320,2,2,False,-14.575666427612305,2.0,2.0,0.0,0.13095238095238096,0.0,0,220,97,-1,-1,0.0
stage1b_single_agent_obstacles,2,73408,604,1,420,320,2,2,False,-14.766008377075195,1.0,1.0,0.0,0.1349206349206349,0.0,0,220,11,-1,-1,0.0
stage1b_single_agent_obstacles,2,73628,605,1,420,320,2,2,False,-13.013368606567383,1.0,1.0,0.0,0.07936507936507936,0.0,0,220,91,-1,-1,0.0
stage1b_single_agent_obstacles,2,73848,606,1,420,320,2,2,False,15.465517044067383,3.0,3.0,0.0,0.11507936507936507,0.0,0,220,64,-1,-1,0.0
stage1b_single_agent_obstacles,2,74068,607,1,420,320,2,2,False,-28.530033111572266,0.0,0.0,0.0,0.1746031746031746,0.0,0,220,-1,-1,-1,0.0
stage1b_single_agent_obstacles,2,74288,608,1,420,320,2,2,False,-14.900379180908203,2.0,2.0,0.0,0.1349206349206349,0.0,0,220,163,-1,-1,0.0
stage1b_single_agent_obstacles,2,74508,609,1,420,320,2,2,False,21.635549545288086,3.0,3.0,0.0,0.1111111111111111,0.0,0,220,68,-1,-1,0.0
stage1b_single_agent_obstacles,2,74728,610,1,420,320,2,2,False,-33.420021057128906,0.0,0.0,0.0,0.1111111111111111,0.0,0,220,-1,-1,-1,0.0
stage1b_single_agent_obstacles,2,74948,611,1,420,320,2,2,False,10.738635063171387,2.0,2.0,0.0,0.14285714285714285,0.0,0,220,24,-1,-1,0.0
stage1b_single_agent_obstacles,2,75168,612,1,420,320,2,2,False,-38.31998825073242,0.0,0.0,0.0,0.047619047619047616,0.0,0,220,-1,-1,-1,0.0
stage1b_single_agent_obstacles,2,75388,613,1,420,320,2,2,False,-60.6298828125,0.0,0.0,0.0,0.05555555555555555,0.0,0,220,-1,-1,-1,0.0
stage1b_single_agent_obstacles,2,75608,614,1,420,320,2,2,False,-30.770042419433594,0.0,0.0,0.0,0.06349206349206349,0.0,0,220,-1,-1,-1,0.0
stage1b_single_agent_obstacles,2,75828,615,1,420,320,2,2,False,-25.64002227783203,0.0,0.0,0.0,0.1626984126984127,0.0,0,220,-1,-1,-1,0.0
stage1b_single_agent_obstacles,2,76048,616,1,420,320,2,2,False,-16.182348251342773,1.0,1.0,0.0,0.15476190476190477,0.0,0,220,14,-1,-1,0.0
stage1b_single_agent_obstacles,2,76268,617,1,420,320,2,2,False,-2.5405893325805664,0.0,0.0,0.0,0.19047619047619047,0.0,0,220,-1,-1,-1,0.0
stage1b_single_agent_obstacles,2,76488,618,1,420,320,2,2,False,-40.71998596191406,0.0,0.0,0.0,0.15079365079365079,0.0,0,220,-1,-1,-1,0.0
stage1b_single_agent_obstacles,2,76708,619,1,420,320,2,2,False,-22.85003089904785,0.0,0.0,0.0,0.12698412698412698,0.0,0,220,-1,-1,-1,0.0
stage1b_single_agent_obstacles,2,76928,620,1,420,320,2,2,False,-19.83003044128418,0.0,0.0,0.0,0.14682539682539683,0.0,0,220,-1,-1,-1,0.0
stage1b_single_agent_obstacles,2,77148,621,1,420,320,2,2,False,-47.05994415283203,0.0,0.0,0.0,0.07142857142857142,0.0,0,220,-1,-1,-1,0.0
stage1b_single_agent_obstacles,2,77368,622,1,420,320,2,2,False,-20.05002784729004,0.0,0.0,0.0,0.0992063492063492,0.0,0,220,-1,-1,-1,0.0
stage1b_single_agent_obstacles,2,77588,623,1,420,320,2,2,False,-24.4100399017334,0.0,0.0,0.0,0.15476190476190477,0.0,0,220,-1,-1,-1,0.0
stage1b_single_agent_obstacles,2,77808,624,1,420,320,2,2,False,-17.77541732788086,0.0,0.0,0.0,0.17063492063492064,0.0,0,220,-1,-1,-1,0.0
stage1b_single_agent_obstacles,2,78028,625,1,420,320,2,2,False,-38.03001022338867,0.0,0.0,0.0,0.11904761904761904,0.0,0,220,-1,-1,-1,0.0
stage1b_single_agent_obstacles,2,78248,626,1,420,320,2,2,False,-1.6321462392807007,0.0,0.0,0.0,0.15476190476190477,0.0,0,220,-1,-1,-1,0.0
stage1b_single_agent_obstacles,2,78468,627,1,420,320,2,2,False,-23.450048446655273,0.0,0.0,0.0,0.09126984126984126,0.0,0,220,-1,-1,-1,0.0
stage1b_single_agent_obstacles,2,78688,628,1,420,320,2,2,False,-6.93000602722168,0.0,0.0,0.0,0.12301587301587301,0.0,0,220,-1,-1,-1,0.0
stage1b_single_agent_obstacles,2,78908,629,1,420,320,2,2,False,-1.3861663341522217,1.0,1.0,0.0,0.12698412698412698,0.0,0,220,45,-1,-1,0.0
stage1b_single_agent_obstacles,2,79128,630,1,420,320,2,2,False,-8.37000846862793,0.0,0.0,0.0,0.11507936507936507,0.0,0,220,-1,-1,-1,0.0
stage1b_single_agent_obstacles,2,79348,631,1,420,320,2,2,False,-2.615891218185425,1.0,1.0,0.0,0.14682539682539683,0.0,0,220,92,-1,-1,0.0
stage1b_single_agent_obstacles,2,79568,632,1,420,320,2,2,False,-8.290005683898926,0.0,0.0,0.0,0.12301587301587301,0.0,0,220,-1,-1,-1,0.0
stage1b_single_agent_obstacles,2,79788,633,1,420,320,2,2,False,-5.677484512329102,1.0,1.0,0.0,0.09126984126984126,0.0,0,220,94,-1,-1,0.0
stage1b_single_agent_obstacles,2,80008,634,1,420,320,2,2,False,-4.019998550415039,0.0,0.0,0.0,0.07539682539682539,0.0,0,220,-1,-1,-1,0.0
stage1b_single_agent_obstacles,2,80228,635,1,420,320,2,2,False,-9.950027465820312,0.0,0.0,0.0,0.09523809523809523,0.0,0,220,-1,-1,-1,0.0
stage1b_single_agent_obstacles,2,80448,636,1,420,320,2,2,False,11.93707275390625,2.0,2.0,0.0,0.09126984126984126,0.0,0,220,70,-1,-1,0.0
stage1b_single_agent_obstacles,2,80668,637,1,420,320,2,2,False,-9.76002025604248,0.0,0.0,0.0,0.14285714285714285,0.0,0,220,-1,-1,-1,0.0
stage1b_single_agent_obstacles,2,80888,638,1,420,320,2,2,False,5.81274938583374,1.0,1.0,0.0,0.0992063492063492,0.0,0,220,49,-1,-1,0.0
stage1b_single_agent_obstacles,2,81108,639,1,420,320,2,2,False,-9.570015907287598,0.0,0.0,0.0,0.16666666666666666,0.0,0,220,-1,-1,-1,0.0
stage1b_single_agent_obstacles,2,81328,640,1,420,320,2,2,False,-3.1708662509918213,0.0,0.0,0.0,0.09523809523809523,0.0,0,220,-1,-1,-1,0.0
stage1b_single_agent_obstacles,2,81548,641,1,420,320,2,2,False,-18.990022659301758,0.0,0.0,0.0,0.09523809523809523,0.0,0,220,-1,-1,-1,0.0
stage1b_single_agent_obstacles,2,81768,642,1,420,320,2,2,False,-3.8190557956695557,0.0,0.0,0.0,0.027777777777777776,0.0,0,220,-1,-1,-1,0.0
stage1b_single_agent_obstacles,2,81988,643,1,420,320,2,2,False,-3.9031918048858643,0.0,0.0,0.0,0.04365079365079365,0.0,0,220,-1,-1,-1,0.0
stage1b_single_agent_obstacles,2,82208,644,1,420,320,2,2,False,4.304370880126953,1.0,1.0,0.0,0.03571428571428571,0.0,0,220,3,-1,-1,0.0
stage1b_single_agent_obstacles,2,82428,645,1,420,320,2,2,False,-6.610011100769043,0.0,0.0,0.0,0.14682539682539683,0.0,0,220,-1,-1,-1,0.0
stage1b_single_agent_obstacles,2,82648,646,1,420,320,2,2,False,-6.810006141662598,0.0,0.0,0.0,0.11904761904761904,0.0,0,220,-1,-1,-1,0.0
stage1b_single_agent_obstacles,2,82868,647,1,420,320,2,2,False,-1.7184040546417236,0.0,0.0,0.0,0.05555555555555555,0.0,0,220,-1,-1,-1,0.0
stage1b_single_agent_obstacles,2,83088,648,1,420,320,2,2,False,-2.0233101844787598,0.0,0.0,0.0,0.031746031746031744,0.0,0,220,-1,-1,-1,0.0
stage1b_single_agent_obstacles,2,83308,649,1,420,320,2,2,False,-29.280038833618164,0.0,0.0,0.0,0.08333333333333333,0.0,0,220,-1,-1,-1,0.0
stage1b_single_agent_obstacles,2,83528,650,1,420,320,2,2,False,2.8341739177703857,1.0,1.0,0.0,0.09523809523809523,0.0,0,220,5,-1,-1,0.0
stage1b_single_agent_obstacles,2,83748,651,1,420,320,2,2,False,-2.0309946537017822,0.0,0.0,0.0,0.01984126984126984,0.0,0,220,-1,-1,-1,0.0
stage1b_single_agent_obstacles,2,83968,652,1,420,320,2,2,False,-6.440023422241211,0.0,0.0,0.0,0.15873015873015872,0.0,0,220,-1,-1,-1,0.0
stage1b_single_agent_obstacles,2,84188,653,1,420,320,2,2,False,-0.06283247470855713,1.0,1.0,0.0,0.0873015873015873,0.0,0,220,144,-1,-1,0.0
stage1b_single_agent_obstacles,2,84408,654,1,420,320,2,2,False,4.593650817871094,1.0,1.0,0.0,0.13095238095238096,0.0,0,220,10,-1,-1,0.0
stage1b_single_agent_obstacles,2,84628,655,1,420,320,2,2,False,-12.550027847290039,0.0,0.0,0.0,0.13095238095238096,0.0,0,220,-1,-1,-1,0.0
stage1b_single_agent_obstacles,2,84848,656,1,420,320,2,2,False,-7.237236499786377,1.0,1.0,0.0,0.1746031746031746,0.0,0,220,53,-1,-1,0.0
stage1b_single_agent_obstacles,2,85068,657,1,420,320,2,2,False,-3.618509531021118,0.0,0.0,0.0,0.015873015873015872,0.0,0,220,-1,-1,-1,0.0
stage1b_single_agent_obstacles,2,85288,658,1,420,320,2,2,False,-3.0213208198547363,0.0,0.0,0.0,0.0992063492063492,0.0,0,220,-1,-1,-1,0.0
stage1b_single_agent_obstacles,2,85508,659,1,420,320,2,2,False,-2.0290544033050537,0.0,0.0,0.0,0.051587301587301584,0.0,0,220,-1,-1,-1,0.0
stage1b_single_agent_obstacles,2,85728,660,1,420,320,2,2,False,-23.140039443969727,0.0,0.0,0.0,0.1111111111111111,0.0,0,220,-1,-1,-1,0.0
stage1b_single_agent_obstacles,2,85948,661,1,420,320,2,2,False,-9.320014953613281,0.0,0.0,0.0,0.11904761904761904,0.0,0,220,-1,-1,-1,0.0
stage1b_single_agent_obstacles,2,86168,662,1,420,320,2,2,False,-2.0099985599517822,0.0,0.0,0.0,0.09126984126984126,0.0,0,220,-1,-1,-1,0.0
stage1b_single_agent_obstacles,2,86388,663,1,420,320,2,2,False,-8.050019264221191,0.0,0.0,0.0,0.0873015873015873,0.0,0,220,-1,-1,-1,0.0
stage1b_single_agent_obstacles,2,86608,664,1,420,320,2,2,False,5.894014358520508,1.0,1.0,0.0,0.09523809523809523,0.0,0,220,5,-1,-1,0.0
stage1b_single_agent_obstacles,2,86828,665,1,420,320,2,2,False,-34.64002990722656,0.0,0.0,0.0,0.15079365079365079,0.0,0,220,-1,-1,-1,0.0
stage1b_single_agent_obstacles,2,87048,666,1,420,320,2,2,False,1.8248097896575928,1.0,1.0,0.0,0.09126984126984126,0.0,0,220,171,-1,-1,0.0
stage1b_single_agent_obstacles,2,87268,667,1,420,320,2,2,False,-3.442807674407959,0.0,0.0,0.0,0.027777777777777776,0.0,0,220,-1,-1,-1,0.0
stage1b_single_agent_obstacles,2,87488,668,1,420,320,2,2,False,-3.4432356357574463,0.0,0.0,0.0,0.03968253968253968,0.0,0,220,-1,-1,-1,0.0
stage1b_single_agent_obstacles,2,87708,669,1,420,320,2,2,False,4.378982067108154,1.0,1.0,0.0,0.047619047619047616,0.0,0,220,125,-1,-1,0.0
stage1b_single_agent_obstacles,2,87928,670,1,420,320,2,2,False,-37.06890106201172,1.0,1.0,0.0,0.07539682539682539,0.0,0,220,120,-1,-1,0.0
stage1b_single_agent_obstacles,2,88148,671,1,420,320,2,2,False,6.1443986892700195,1.0,1.0,0.0,0.08333333333333333,0.0,0,220,103,-1,-1,0.0
stage1b_single_agent_obstacles,2,88368,672,1,420,320,2,2,False,-0.8471710681915283,1.0,1.0,0.0,0.1388888888888889,0.0,0,220,181,-1,-1,0.0
stage1b_single_agent_obstacles,2,88588,673,1,420,320,2,2,False,9.788618087768555,2.0,2.0,0.0,0.11904761904761904,0.0,0,220,65,-1,-1,0.0
stage1b_single_agent_obstacles,2,88808,674,1,420,320,2,2,False,-9.30003833770752,0.0,0.0,0.0,0.08333333333333333,0.0,0,220,-1,-1,-1,0.0
stage1b_single_agent_obstacles,2,89028,675,1,420,320,2,2,False,-2.4255709648132324,0.0,0.0,0.0,0.1111111111111111,0.0,0,220,-1,-1,-1,0.0
stage1b_single_agent_obstacles,2,89248,676,1,420,320,2,2,False,-3.339998245239258,0.0,0.0,0.0,0.07539682539682539,0.0,0,220,-1,-1,-1,0.0
stage1b_single_agent_obstacles,2,89468,677,1,420,320,2,2,False,-4.860018730163574,0.0,0.0,0.0,0.07142857142857142,0.0,0,220,-1,-1,-1,0.0
stage1b_single_agent_obstacles,2,89688,678,1,420,320,2,2,False,-0.5962872505187988,0.0,0.0,0.0,0.06349206349206349,0.0,0,220,-1,-1,-1,0.0
stage1b_single_agent_obstacles,2,89908,679,1,420,320,2,2,False,-1.8999985456466675,0.0,0.0,0.0,0.06349206349206349,0.0,0,220,-1,-1,-1,0.0
stage1b_single_agent_obstacles,2,90128,680,1,420,320,2,2,False,-2.485722780227661,1.0,1.0,0.0,0.11904761904761904,0.0,0,220,172,-1,-1,0.0
stage1b_single_agent_obstacles,2,90348,681,1,420,320,2,2,False,-6.36004114151001,0.0,0.0,0.0,0.07142857142857142,0.0,0,220,-1,-1,-1,0.0
stage1b_single_agent_obstacles,2,90568,682,1,420,320,2,2,False,-10.800040245056152,0.0,0.0,0.0,0.08333333333333333,0.0,0,220,-1,-1,-1,0.0
stage1b_single_agent_obstacles,2,90788,683,1,420,320,2,2,False,12.8409423828125,2.0,2.0,0.0,0.09523809523809523,0.0,0,220,36,-1,-1,0.0
stage1b_single_agent_obstacles,2,91008,684,1,420,320,2,2,False,-6.294824600219727,0.0,0.0,0.0,0.07539682539682539,0.0,0,220,-1,-1,-1,0.0
stage1b_single_agent_obstacles,2,91228,685,1,420,320,2,2,False,8.37440013885498,2.0,2.0,0.0,0.07142857142857142,0.0,0,220,80,-1,-1,0.0
stage1b_single_agent_obstacles,2,91448,686,1,420,320,2,2,False,-54.27204132080078,0.0,0.0,0.0,0.06746031746031746,0.0,0,220,-1,-1,-1,0.0
stage1b_single_agent_obstacles,2,91668,687,1,420,320,2,2,False,4.182822227478027,2.0,2.0,0.0,0.1349206349206349,0.0,0,220,101,-1,-1,0.0
stage1b_single_agent_obstacles,2,91888,688,1,420,320,2,2,False,-1.382878065109253,0.0,0.0,0.0,0.07936507936507936,0.0,0,220,-1,-1,-1,0.0
stage1b_single_agent_obstacles,2,92108,689,1,420,320,2,2,False,-5.571644306182861,1.0,1.0,0.0,0.10714285714285714,0.0,0,220,67,-1,-1,0.0
stage1b_single_agent_obstacles,2,92328,690,1,420,320,2,2,False,0.6408426761627197,1.0,1.0,0.0,0.11904761904761904,0.0,0,220,135,-1,-1,0.0
stage1b_single_agent_obstacles,2,92548,691,1,420,320,2,2,False,6.876081943511963,1.0,1.0,0.0,0.09523809523809523,0.0,0,220,177,-1,-1,0.0
stage1b_single_agent_obstacles,2,92768,692,1,420,320,2,2,False,-19.900041580200195,0.0,0.0,0.0,0.07936507936507936,0.0,0,220,-1,-1,-1,0.0
stage1b_single_agent_obstacles,2,92988,693,1,420,320,2,2,False,-9.300039291381836,0.0,0.0,0.0,0.0873015873015873,0.0,0,220,-1,-1,-1,0.0
stage1b_single_agent_obstacles,2,93208,694,1,420,320,2,2,False,-4.653619766235352,0.0,0.0,0.0,0.051587301587301584,0.0,0,220,-1,-1,-1,0.0
stage1b_single_agent_obstacles,2,93428,695,1,420,320,2,2,False,-4.66107177734375,0.0,0.0,0.0,0.07142857142857142,0.0,0,220,-1,-1,-1,0.0
stage1b_single_agent_obstacles,2,93648,696,1,420,320,2,2,False,-9.300039291381836,0.0,0.0,0.0,0.0873015873015873,0.0,0,220,-1,-1,-1,0.0
stage1b_single_agent_obstacles,2,93868,697,1,420,320,2,2,False,-65.18985748291016,0.0,0.0,0.0,0.03968253968253968,0.0,0,220,-1,-1,-1,0.0
stage1b_single_agent_obstacles,2,94088,698,1,420,320,2,2,False,-25.94003677368164,0.0,0.0,0.0,0.07142857142857142,0.0,0,220,-1,-1,-1,0.0
stage1b_single_agent_obstacles,2,94308,699,1,420,320,2,2,False,-13.790035247802734,0.0,0.0,0.0,0.10317460317460317,0.0,0,220,-1,-1,-1,0.0
stage1b_single_agent_obstacles,2,94528,700,1,420,320,2,2,False,-3.371737003326416,0.0,0.0,0.0,0.011904761904761904,0.0,0,220,-1,-1,-1,0.0
stage1b_single_agent_obstacles,2,94748,701,1,420,320,2,2,False,-43.83992004394531,0.0,0.0,0.0,0.08333333333333333,0.0,0,220,-1,-1,-1,0.0
stage1b_single_agent_obstacles,2,94968,702,1,420,320,2,2,False,6.064345359802246,1.0,1.0,0.0,0.03571428571428571,0.0,0,220,11,-1,-1,0.0
stage1b_single_agent_obstacles,2,95188,703,1,420,320,2,2,False,-1.8999985456466675,0.0,0.0,0.0,0.06349206349206349,0.0,0,220,-1,-1,-1,0.0
stage1b_single_agent_obstacles,2,95408,704,1,420,320,2,2,False,-3.1539149284362793,0.0,0.0,0.0,0.05952380952380952,0.0,0,220,-1,-1,-1,0.0
stage1b_single_agent_obstacles,2,95628,705,1,420,320,2,2,False,-1.8999985456466675,0.0,0.0,0.0,0.06349206349206349,0.0,0,220,-1,-1,-1,0.0
stage1b_single_agent_obstacles,2,95848,706,1,420,320,2,2,False,-1.8999985456466675,0.0,0.0,0.0,0.06349206349206349,0.0,0,220,-1,-1,-1,0.0
stage1b_single_agent_obstacles,2,96068,707,1,420,320,2,2,False,-1.9199985265731812,0.0,0.0,0.0,0.05952380952380952,0.0,0,220,-1,-1,-1,0.0
stage1b_single_agent_obstacles,2,96288,708,1,420,320,2,2,False,-4.756133079528809,0.0,0.0,0.0,0.06746031746031746,0.0,0,220,-1,-1,-1,0.0
stage1b_single_agent_obstacles,2,96508,709,1,420,320,2,2,False,-5.020114898681641,0.0,0.0,0.0,0.015873015873015872,0.0,0,220,-1,-1,-1,0.0
stage1b_single_agent_obstacles,2,96728,710,1,420,320,2,2,False,-95.10004425048828,0.0,0.0,0.0,0.03571428571428571,0.0,0,220,-1,-1,-1,0.0
stage1b_single_agent_obstacles,2,96948,711,1,420,320,2,2,False,-6.140036582946777,0.0,0.0,0.0,0.11507936507936507,0.0,0,220,-1,-1,-1,0.0
stage1b_single_agent_obstacles,2,97168,712,1,420,320,2,2,False,-0.5909037590026855,0.0,0.0,0.0,0.06746031746031746,0.0,0,220,-1,-1,-1,0.0
stage1b_single_agent_obstacles,2,97388,713,1,420,320,2,2,False,-1.9422378540039062,0.0,0.0,0.0,0.027777777777777776,0.0,0,220,-1,-1,-1,0.0
stage1b_single_agent_obstacles,2,97608,714,1,420,320,2,2,False,-7.840039253234863,0.0,0.0,0.0,0.07936507936507936,0.0,0,220,-1,-1,-1,0.0
stage1b_single_agent_obstacles,2,97828,715,1,420,320,2,2,False,-2.199998378753662,0.0,0.0,0.0,0.003968253968253968,0.0,0,220,-1,-1,-1,0.0
stage1b_single_agent_obstacles,2,98048,716,1,420,320,2,2,False,-5.025603771209717,0.0,0.0,0.0,0.015873015873015872,0.0,0,220,-1,-1,-1,0.0
stage1b_single_agent_obstacles,2,98268,717,1,420,320,2,2,False,-1.8999985456466675,0.0,0.0,0.0,0.06349206349206349,0.0,0,220,-1,-1,-1,0.0
stage1b_single_agent_obstacles,2,98488,718,1,420,320,2,2,False,-5.740004539489746,0.0,0.0,0.0,0.09126984126984126,0.0,0,220,-1,-1,-1,0.0
stage1b_single_agent_obstacles,2,98708,719,1,420,320,2,2,False,-39.359962463378906,0.0,0.0,0.0,0.07539682539682539,0.0,0,220,-1,-1,-1,0.0
stage1b_single_agent_obstacles,2,98928,720,1,420,320,2,2,False,-1.9023610353469849,0.0,0.0,0.0,0.03968253968253968,0.0,0,220,-1,-1,-1,0.0
stage1b_single_agent_obstacles,2,99148,721,1,420,320,2,2,False,-6.340040683746338,0.0,0.0,0.0,0.07539682539682539,0.0,0,220,-1,-1,-1,0.0
stage1b_single_agent_obstacles,2,99368,722,1,420,320,2,2,False,-67.87991333007812,0.0,0.0,0.0,0.07539682539682539,0.0,0,220,-1,-1,-1,0.0
stage1b_single_agent_obstacles,2,99588,723,1,420,320,2,2,False,-45.0599479675293,0.0,0.0,0.0,0.1349206349206349,0.0,0,220,-1,-1,-1,0.0
stage1b_single_agent_obstacles,2,99808,724,1,420,320,2,2,False,-2.259998321533203,0.0,0.0,0.0,0.003968253968253968,0.0,0,220,-1,-1,-1,0.0
stage1b_single_agent_obstacles,2,100028,725,1,420,320,2,2,False,-6.36004114151001,0.0,0.0,0.0,0.07142857142857142,0.0,0,220,-1,-1,-1,0.0
stage1b_single_agent_obstacles,2,100248,726,1,420,320,2,2,False,-2.3113038539886475,0.0,0.0,0.0,0.007936507936507936,0.0,0,220,-1,-1,-1,0.0
stage1b_single_agent_obstacles,2,100468,727,1,420,320,2,2,False,-9.240038871765137,0.0,0.0,0.0,0.09523809523809523,0.0,0,220,-1,-1,-1,0.0
stage1b_single_agent_obstacles,2,100688,728,1,420,320,2,2,False,-1.8999985456466675,0.0,0.0,0.0,0.06349206349206349,0.0,0,220,-1,-1,-1,0.0
stage1b_single_agent_obstacles,2,100908,729,1,420,320,2,2,False,-9.240036964416504,0.0,0.0,0.0,0.0992063492063492,0.0,0,220,-1,-1,-1,0.0
stage1b_single_agent_obstacles,2,101128,730,1,420,320,2,2,False,-4.880019187927246,0.0,0.0,0.0,0.06746031746031746,0.0,0,220,-1,-1,-1,0.0
stage1b_single_agent_obstacles,2,101348,731,1,420,320,2,2,False,-33.320030212402344,0.0,0.0,0.0,0.07936507936507936,0.0,0,220,-1,-1,-1,0.0
stage1b_single_agent_obstacles,2,101568,732,1,420,320,2,2,False,-5.097842693328857,0.0,0.0,0.0,0.031746031746031744,0.0,0,220,-1,-1,-1,0.0
stage1b_single_agent_obstacles,2,101788,733,1,420,320,2,2,False,-4.900019645690918,0.0,0.0,0.0,0.06349206349206349,0.0,0,220,-1,-1,-1,0.0
stage1b_single_agent_obstacles,2,102008,734,1,420,320,2,2,False,-0.13980107009410858,1.0,1.0,0.0,0.04365079365079365,0.0,0,220,196,-1,-1,0.0
stage1b_single_agent_obstacles,2,102228,735,1,420,320,2,2,False,-9.42004108428955,0.0,0.0,0.0,0.06746031746031746,0.0,0,220,-1,-1,-1,0.0
stage1b_single_agent_obstacles,2,102448,736,1,420,320,2,2,False,-2.2386062145233154,0.0,0.0,0.0,0.007936507936507936,0.0,0,220,-1,-1,-1,0.0
stage1b_single_agent_obstacles,2,102668,737,1,420,320,2,2,False,4.656057357788086,1.0,1.0,0.0,0.051587301587301584,0.0,0,220,194,-1,-1,0.0
stage1b_single_agent_obstacles,2,102888,738,1,420,320,2,2,False,6.053530216217041,1.0,1.0,0.0,0.06746031746031746,0.0,0,220,49,-1,-1,0.0
stage1b_single_agent_obstacles,2,103108,739,1,420,320,2,2,False,-1.8999985456466675,0.0,0.0,0.0,0.06349206349206349,0.0,0,220,-1,-1,-1,0.0
stage1b_single_agent_obstacles,2,103328,740,1,420,320,2,2,False,-9.360037803649902,0.0,0.0,0.0,0.0873015873015873,0.0,0,220,-1,-1,-1,0.0
stage1b_single_agent_obstacles,2,103548,741,1,420,320,2,2,False,-7.950039863586426,0.0,0.0,0.0,0.06349206349206349,0.0,0,220,-1,-1,-1,0.0
stage1b_single_agent_obstacles,2,103768,742,1,420,320,2,2,False,-4.497831344604492,0.0,0.0,0.0,0.05555555555555555,0.0,0,220,-1,-1,-1,0.0
stage1b_single_agent_obstacles,2,103988,743,1,420,320,2,2,False,-4.860018730163574,0.0,0.0,0.0,0.07142857142857142,0.0,0,220,-1,-1,-1,0.0
stage1b_single_agent_obstacles,2,104208,744,1,420,320,2,2,False,-25.84004020690918,0.0,0.0,0.0,0.07936507936507936,0.0,0,220,-1,-1,-1,0.0
stage1b_single_agent_obstacles,2,104428,745,1,420,320,2,2,False,-30.28003692626953,0.0,0.0,0.0,0.09126984126984126,0.0,0,220,-1,-1,-1,0.0
stage1b_single_agent_obstacles,2,104648,746,1,420,320,2,2,False,-4.92002010345459,0.0,0.0,0.0,0.05952380952380952,0.0,0,220,-1,-1,-1,0.0
stage1b_single_agent_obstacles,2,104868,747,1,420,320,2,2,False,4.610960960388184,1.0,1.0,0.0,0.07936507936507936,0.0,0,220,23,-1,-1,0.0
stage1b_single_agent_obstacles,2,105088,748,1,420,320,2,2,False,7.689774513244629,3.0,3.0,0.0,0.14682539682539683,0.0,0,220,15,-1,-1,0.0
stage1b_single_agent_obstacles,2,105308,749,1,420,320,2,2,False,5.543872356414795,3.0,3.0,0.0,0.1626984126984127,0.0,0,220,99,-1,-1,0.0
stage1b_single_agent_obstacles,2,105528,750,1,420,320,2,2,False,-28.84004020690918,0.0,0.0,0.0,0.07539682539682539,0.0,0,220,-1,-1,-1,0.0
stage1b_single_agent_obstacles,2,105748,751,1,420,320,2,2,False,-1.8999985456466675,0.0,0.0,0.0,0.06349206349206349,0.0,0,220,-1,-1,-1,0.0
stage1b_single_agent_obstacles,2,105968,752,1,420,320,2,2,False,5.138397216796875,1.0,1.0,0.0,0.11904761904761904,0.0,0,220,83,-1,-1,0.0
stage1b_single_agent_obstacles,2,106188,753,1,420,320,2,2,False,-30.480043411254883,0.0,0.0,0.0,0.05555555555555555,0.0,0,220,-1,-1,-1,0.0
stage1b_single_agent_obstacles,2,106408,754,1,420,320,2,2,False,-28.850040435791016,0.0,0.0,0.0,0.09126984126984126,0.0,0,220,-1,-1,-1,0.0
stage1b_single_agent_obstacles,2,106628,755,1,420,320,2,2,False,4.197490215301514,2.0,2.0,0.0,0.1388888888888889,0.0,0,220,29,-1,-1,0.0
stage1b_single_agent_obstacles,2,106848,756,1,420,320,2,2,False,5.148653984069824,1.0,1.0,0.0,0.11904761904761904,0.0,0,220,61,-1,-1,0.0
stage1b_single_agent_obstacles,2,107068,757,1,420,320,2,2,False,-6.360038757324219,0.0,0.0,0.0,0.08333333333333333,0.0,0,220,-1,-1,-1,0.0
stage1b_single_agent_obstacles,2,107288,758,1,420,320,2,2,False,-1.8999985456466675,0.0,0.0,0.0,0.06746031746031746,0.0,0,220,-1,-1,-1,0.0
stage1b_single_agent_obstacles,2,107508,759,1,420,320,2,2,False,-4.88001823425293,0.0,0.0,0.0,0.07142857142857142,0.0,0,220,-1,-1,-1,0.0
stage1b_single_agent_obstacles,2,107728,760,1,420,320,2,2,False,-1.8999985456466675,0.0,0.0,0.0,0.06349206349206349,0.0,0,220,-1,-1,-1,0.0
stage1b_single_agent_obstacles,2,107948,761,1,420,320,2,2,False,-4.940019607543945,0.0,0.0,0.0,0.06746031746031746,0.0,0,220,-1,-1,-1,0.0
stage1b_single_agent_obstacles,2,108168,762,1,420,320,2,2,False,-22.97072982788086,1.0,1.0,0.0,0.14285714285714285,0.0,0,220,143,-1,-1,0.0
stage1b_single_agent_obstacles,2,108388,763,1,420,320,2,2,False,-1.8999985456466675,0.0,0.0,0.0,0.06746031746031746,0.0,0,220,-1,-1,-1,0.0
stage1b_single_agent_obstacles,2,108608,764,1,420,320,2,2,False,-27.430038452148438,0.0,0.0,0.0,0.09523809523809523,0.0,0,220,-1,-1,-1,0.0
stage1b_single_agent_obstacles,2,108828,765,1,420,320,2,2,False,-21.129100799560547,2.0,2.0,0.0,0.10714285714285714,0.0,0,220,59,-1,-1,0.0
stage1b_single_agent_obstacles,2,109048,766,1,420,320,2,2,False,-38.99293518066406,0.0,0.0,0.0,0.12301587301587301,0.0,0,220,-1,-1,-1,0.0
stage1b_single_agent_obstacles,2,109268,767,1,420,320,2,2,False,-37.116355895996094,1.0,1.0,0.0,0.07539682539682539,0.0,0,220,53,-1,-1,0.0
stage1b_single_agent_obstacles,2,109488,768,1,420,320,2,2,False,-1.7799986600875854,0.0,0.0,0.0,0.11507936507936507,0.0,0,220,-1,-1,-1,0.0
stage1b_single_agent_obstacles,2,109708,769,1,420,320,2,2,False,13.219632148742676,2.0,2.0,0.0,0.12698412698412698,0.0,0,220,40,-1,-1,0.0
stage1b_single_agent_obstacles,2,109928,770,1,420,320,2,2,False,-30.36003875732422,0.0,0.0,0.0,0.0873015873015873,0.0,0,220,-1,-1,-1,0.0
stage1b_single_agent_obstacles,2,110148,771,1,420,320,2,2,False,-1.9199985265731812,0.0,0.0,0.0,0.07142857142857142,0.0,0,220,-1,-1,-1,0.0
stage1b_single_agent_obstacles,2,110368,772,1,420,320,2,2,False,-4.3824462890625,2.0,2.0,0.0,0.19444444444444445,0.0,0,220,95,-1,-1,0.0
stage1b_single_agent_obstacles,2,110588,773,1,420,320,2,2,False,-1.8799985647201538,0.0,0.0,0.0,0.08333333333333333,0.0,0,220,-1,-1,-1,0.0
stage1b_single_agent_obstacles,2,110808,774,1,420,320,2,2,False,-9.450037002563477,0.0,0.0,0.0,0.09523809523809523,0.0,0,220,-1,-1,-1,0.0
stage1b_single_agent_obstacles,2,111028,775,1,420,320,2,2,False,13.672627449035645,2.0,2.0,0.0,0.19047619047619047,0.0,0,220,116,-1,-1,0.0
stage1b_single_agent_obstacles,2,111248,776,1,420,320,2,2,False,-4.570009231567383,0.0,0.0,0.0,0.1865079365079365,0.0,0,220,-1,-1,-1,0.0
stage1b_single_agent_obstacles,2,111468,777,1,420,320,2,2,False,3.934990644454956,2.0,2.0,0.0,0.10317460317460317,0.0,0,220,10,-1,-1,0.0
stage1b_single_agent_obstacles,2,111688,778,1,420,320,2,2,False,-4.850015640258789,0.0,0.0,0.0,0.12301587301587301,0.0,0,220,-1,-1,-1,0.0
stage1b_single_agent_obstacles,2,111908,779,1,420,320,2,2,False,13.628368377685547,3.0,3.0,0.0,0.12698412698412698,0.0,0,220,22,-1,-1,0.0
stage1b_single_agent_obstacles,2,112128,780,1,420,320,2,2,False,-22.770029067993164,0.0,0.0,0.0,0.15476190476190477,0.0,0,220,-1,-1,-1,0.0
stage1b_single_agent_obstacles,2,112348,781,1,420,320,2,2,False,-5.571709632873535,1.0,1.0,0.0,0.16666666666666666,0.0,0,220,147,-1,-1,0.0
stage1b_single_agent_obstacles,2,112568,782,1,420,320,2,2,False,-8.341703414916992,1.0,1.0,0.0,0.1388888888888889,0.0,0,220,83,-1,-1,0.0
stage1b_single_agent_obstacles,2,112788,783,1,420,320,2,2,False,3.990600347518921,2.0,2.0,0.0,0.15476190476190477,0.0,0,220,75,-1,-1,0.0
stage1b_single_agent_obstacles,2,113008,784,1,420,320,2,2,False,-9.47003173828125,0.0,0.0,0.0,0.1111111111111111,0.0,0,220,-1,-1,-1,0.0
stage1b_single_agent_obstacles,2,113228,785,1,420,320,2,2,False,-1.9399985074996948,0.0,0.0,0.0,0.07142857142857142,0.0,0,220,-1,-1,-1,0.0
stage1b_single_agent_obstacles,2,113448,786,1,420,320,2,2,False,-1.9699983596801758,0.0,0.0,0.0,0.08333333333333333,0.0,0,220,-1,-1,-1,0.0
stage1b_single_agent_obstacles,2,113668,787,1,420,320,2,2,False,3.6088576316833496,1.0,1.0,0.0,0.0992063492063492,0.0,0,220,37,-1,-1,0.0
stage1b_single_agent_obstacles,2,113888,788,1,420,320,2,2,False,-56.22991180419922,0.0,0.0,0.0,0.07936507936507936,0.0,0,220,-1,-1,-1,0.0
stage1b_single_agent_obstacles,2,114108,789,1,420,320,2,2,False,-16.79003143310547,0.0,0.0,0.0,0.1626984126984127,0.0,0,220,-1,-1,-1,0.0
stage1b_single_agent_obstacles,2,114328,790,1,420,320,2,2,False,-4.9100165367126465,0.0,0.0,0.0,0.11904761904761904,0.0,0,220,-1,-1,-1,0.0
stage1b_single_agent_obstacles,2,114548,791,1,420,320,2,2,False,-6.470015048980713,0.0,0.0,0.0,0.11904761904761904,0.0,0,220,-1,-1,-1,0.0
stage1b_single_agent_obstacles,2,114768,792,1,420,320,2,2,False,-15.370033264160156,0.0,0.0,0.0,0.1746031746031746,0.0,0,220,-1,-1,-1,0.0
stage1b_single_agent_obstacles,2,114988,793,1,420,320,2,2,False,2.774273157119751,1.0,1.0,0.0,0.03571428571428571,0.0,0,220,131,-1,-1,0.0
stage1b_single_agent_obstacles,2,115208,794,1,420,320,2,2,False,-5.759617805480957,1.0,1.0,0.0,0.13095238095238096,0.0,0,220,140,-1,-1,0.0
stage1b_single_agent_obstacles,2,115428,795,1,420,320,2,2,False,-13.950034141540527,0.0,0.0,0.0,0.11507936507936507,0.0,0,220,-1,-1,-1,0.0
stage1b_single_agent_obstacles,2,115648,796,1,420,320,2,2,False,-4.413173675537109,0.0,0.0,0.0,0.06349206349206349,0.0,0,220,-1,-1,-1,0.0
stage1b_single_agent_obstacles,2,115868,797,1,420,320,2,2,False,-24.550121307373047,0.0,0.0,0.0,0.11507936507936507,0.0,0,220,-1,-1,-1,0.0
stage1b_single_agent_obstacles,2,116088,798,1,420,320,2,2,False,-2.469670295715332,0.0,0.0,0.0,0.015873015873015872,0.0,0,220,-1,-1,-1,0.0
stage1b_single_agent_obstacles,2,116308,799,1,420,320,2,2,False,-2.0093367099761963,0.0,0.0,0.0,0.047619047619047616,0.0,0,220,-1,-1,-1,0.0
stage1b_single_agent_obstacles,2,116528,800,1,420,320,2,2,False,-2.1515026092529297,0.0,0.0,0.0,0.015873015873015872,0.0,0,220,-1,-1,-1,0.0
stage1b_single_agent_obstacles,2,116748,801,1,420,320,2,2,False,-21.450031280517578,0.0,0.0,0.0,0.15079365079365079,0.0,0,220,-1,-1,-1,0.0
stage1b_single_agent_obstacles,2,116968,802,1,420,320,2,2,False,-4.940006256103516,0.0,0.0,0.0,0.15873015873015872,0.0,0,220,-1,-1,-1,0.0
stage1b_single_agent_obstacles,2,117188,803,1,420,320,2,2,False,-10.693540573120117,0.0,0.0,0.0,0.0992063492063492,0.0,0,220,-1,-1,-1,0.0
stage1b_single_agent_obstacles,2,117408,804,1,420,320,2,2,False,-2.033355474472046,0.0,0.0,0.0,0.03968253968253968,0.0,0,220,-1,-1,-1,0.0
stage1b_single_agent_obstacles,2,117628,805,1,420,320,2,2,False,-26.530052185058594,0.0,0.0,0.0,0.0873015873015873,0.0,0,220,-1,-1,-1,0.0
stage1b_single_agent_obstacles,2,117848,806,1,420,320,2,2,False,-11.6600341796875,0.0,0.0,0.0,0.09126984126984126,0.0,0,220,-1,-1,-1,0.0
stage1b_single_agent_obstacles,2,118068,807,1,420,320,2,2,False,-17.190038681030273,0.0,0.0,0.0,0.1746031746031746,0.0,0,220,-1,-1,-1,0.0
stage1b_single_agent_obstacles,2,118288,808,1,420,320,2,2,False,-6.572046756744385,0.0,0.0,0.0,0.03968253968253968,0.0,0,220,-1,-1,-1,0.0
stage1b_single_agent_obstacles,2,118508,809,1,420,320,2,2,False,-6.770002841949463,0.0,0.0,0.0,0.1349206349206349,0.0,0,220,-1,-1,-1,0.0
stage1b_single_agent_obstacles,2,118728,810,1,420,320,2,2,False,-2.1551663875579834,0.0,0.0,0.0,0.03968253968253968,0.0,0,220,-1,-1,-1,0.0
stage1b_single_agent_obstacles,2,118948,811,1,420,320,2,2,False,-1.980823040008545,0.0,0.0,0.0,0.01984126984126984,0.0,0,220,-1,-1,-1,0.0
stage1b_single_agent_obstacles,2,119168,812,1,420,320,2,2,False,-2.1363112926483154,0.0,0.0,0.0,0.027777777777777776,0.0,0,220,-1,-1,-1,0.0
stage1b_single_agent_obstacles,2,119388,813,1,420,320,2,2,False,-17.229612350463867,0.0,0.0,0.0,0.0992063492063492,0.0,0,220,-1,-1,-1,0.0
stage1b_single_agent_obstacles,2,119608,814,1,420,320,2,2,False,-2.075535535812378,0.0,0.0,0.0,0.01984126984126984,0.0,0,220,-1,-1,-1,0.0
stage1b_single_agent_obstacles,2,119828,815,1,420,320,2,2,False,-3.5860326290130615,0.0,0.0,0.0,0.01984126984126984,0.0,0,220,-1,-1,-1,0.0
stage1b_single_agent_obstacles,2,120048,816,1,420,320,2,2,False,-2.059072732925415,0.0,0.0,0.0,0.023809523809523808,0.0,0,220,-1,-1,-1,0.0
stage1b_single_agent_obstacles,2,120268,817,1,420,320,2,2,False,-5.278630256652832,0.0,0.0,0.0,0.051587301587301584,0.0,0,220,-1,-1,-1,0.0
stage1b_single_agent_obstacles,2,120488,818,1,420,320,2,2,False,-2.063316822052002,0.0,0.0,0.0,0.015873015873015872,0.0,0,220,-1,-1,-1,0.0
stage1b_single_agent_obstacles,2,120708,819,1,420,320,2,2,False,-19.21004295349121,0.0,0.0,0.0,0.07142857142857142,0.0,0,220,-1,-1,-1,0.0
stage1b_single_agent_obstacles,2,120928,820,1,420,320,2,2,False,-14.710037231445312,0.0,0.0,0.0,0.08333333333333333,0.0,0,220,-1,-1,-1,0.0
stage1b_single_agent_obstacles,2,121148,821,1,420,320,2,2,False,-2.199998378753662,0.0,0.0,0.0,0.003968253968253968,0.0,0,220,-1,-1,-1,0.0
stage1b_single_agent_obstacles,2,121368,822,1,420,320,2,2,False,-2.218350648880005,0.0,0.0,0.0,0.003968253968253968,0.0,0,220,-1,-1,-1,0.0
stage1b_single_agent_obstacles,2,121588,823,1,420,320,2,2,False,-3.6699981689453125,0.0,0.0,0.0,0.01984126984126984,0.0,0,220,-1,-1,-1,0.0
stage1b_single_agent_obstacles,2,121808,824,1,420,320,2,2,False,-4.2300004959106445,0.0,0.0,0.0,0.06746031746031746,0.0,0,220,-1,-1,-1,0.0
stage1b_single_agent_obstacles,2,122028,825,1,420,320,2,2,False,-11.740041732788086,0.0,0.0,0.0,0.05555555555555555,0.0,0,220,-1,-1,-1,0.0
stage1b_single_agent_obstacles,2,122248,826,1,420,320,2,2,False,-16.38003921508789,0.0,0.0,0.0,0.04365079365079365,0.0,0,220,-1,-1,-1,0.0
stage1b_single_agent_obstacles,2,122468,827,1,420,320,2,2,False,-2.242849111557007,0.0,0.0,0.0,0.011904761904761904,0.0,0,220,-1,-1,-1,0.0
stage1b_single_agent_obstacles,2,122688,828,1,420,320,2,2,False,-4.220001220703125,0.0,0.0,0.0,0.05952380952380952,0.0,0,220,-1,-1,-1,0.0
stage1b_single_agent_obstacles,2,122908,829,1,420,320,2,2,False,-2.0699985027313232,0.0,0.0,0.0,0.003968253968253968,0.0,0,220,-1,-1,-1,0.0
stage1b_single_agent_obstacles,2,123128,830,1,420,320,2,2,False,-5.09984827041626,0.0,0.0,0.0,0.011904761904761904,0.0,0,220,-1,-1,-1,0.0
stage1b_single_agent_obstacles,2,123348,831,1,420,320,2,2,False,-7.2500081062316895,0.0,0.0,0.0,0.04365079365079365,0.0,0,220,-1,-1,-1,0.0
stage1b_single_agent_obstacles,2,123568,832,1,420,320,2,2,False,-8.067702293395996,0.0,0.0,0.0,0.04365079365079365,0.0,0,220,-1,-1,-1,0.0
stage1b_single_agent_obstacles,2,123788,833,1,420,320,2,2,False,-5.539998531341553,0.0,0.0,0.0,0.023809523809523808,0.0,0,220,-1,-1,-1,0.0
stage1b_single_agent_obstacles,2,124008,834,1,420,320,2,2,False,-11.74002456665039,0.0,0.0,0.0,0.015873015873015872,0.0,0,220,-1,-1,-1,0.0
stage1b_single_agent_obstacles,2,124228,835,1,420,320,2,2,False,-5.61000394821167,0.0,0.0,0.0,0.015873015873015872,0.0,0,220,-1,-1,-1,0.0
stage1b_single_agent_obstacles,2,124448,836,1,420,320,2,2,False,-2.129312753677368,0.0,0.0,0.0,0.015873015873015872,0.0,0,220,-1,-1,-1,0.0
stage1b_single_agent_obstacles,2,124668,837,1,420,320,2,2,False,-2.4297211170196533,0.0,0.0,0.0,0.027777777777777776,0.0,0,220,-1,-1,-1,0.0
stage1b_single_agent_obstacles,2,124888,838,1,420,320,2,2,False,-2.889997720718384,0.0,0.0,0.0,0.023809523809523808,0.0,0,220,-1,-1,-1,0.0
stage1b_single_agent_obstacles,2,125108,839,1,420,320,2,2,False,-6.100014686584473,0.0,0.0,0.0,0.027777777777777776,0.0,0,220,-1,-1,-1,0.0
stage1b_single_agent_obstacles,2,125328,840,1,420,320,2,2,False,-4.330000877380371,0.0,0.0,0.0,0.05952380952380952,0.0,0,220,-1,-1,-1,0.0
stage1b_single_agent_obstacles,2,125548,841,1,420,320,2,2,False,-8.7100248336792,0.0,0.0,0.0,0.06746031746031746,0.0,0,220,-1,-1,-1,0.0
stage1b_single_agent_obstacles,2,125768,842,1,420,320,2,2,False,-3.838940382003784,0.0,0.0,0.0,0.01984126984126984,0.0,0,220,-1,-1,-1,0.0
stage1b_single_agent_obstacles,2,125988,843,1,420,320,2,2,False,-2.229637622833252,0.0,0.0,0.0,0.011904761904761904,0.0,0,220,-1,-1,-1,0.0
stage1b_single_agent_obstacles,2,126208,844,1,420,320,2,2,False,-2.2574095726013184,0.0,0.0,0.0,0.007936507936507936,0.0,0,220,-1,-1,-1,0.0
stage1b_single_agent_obstacles,2,126428,845,1,420,320,2,2,False,-7.220014572143555,0.0,0.0,0.0,0.09523809523809523,0.0,0,220,-1,-1,-1,0.0
stage1b_single_agent_obstacles,2,126648,846,1,420,320,2,2,False,-2.699998140335083,0.0,0.0,0.0,0.06746031746031746,0.0,0,220,-1,-1,-1,0.0
stage1b_single_agent_obstacles,2,126868,847,1,420,320,2,2,False,-10.050020217895508,0.0,0.0,0.0,0.09126984126984126,0.0,0,220,-1,-1,-1,0.0
stage1b_single_agent_obstacles,2,127088,848,1,420,320,2,2,False,-5.830009937286377,0.0,0.0,0.0,0.05952380952380952,0.0,0,220,-1,-1,-1,0.0
stage1b_single_agent_obstacles,2,127308,849,1,420,320,2,2,False,-6.711617469787598,0.0,0.0,0.0,0.01984126984126984,0.0,0,220,-1,-1,-1,0.0
stage1b_single_agent_obstacles,2,127528,850,1,420,320,2,2,False,-20.720050811767578,0.0,0.0,0.0,0.07142857142857142,0.0,0,220,-1,-1,-1,0.0
stage1b_single_agent_obstacles,2,127748,851,1,420,320,2,2,False,-8.850021362304688,0.0,0.0,0.0,0.04365079365079365,0.0,0,220,-1,-1,-1,0.0
stage1b_single_agent_obstacles,2,127968,852,1,420,320,2,2,False,-21.020048141479492,0.0,0.0,0.0,0.023809523809523808,0.0,0,220,-1,-1,-1,0.0
stage1b_single_agent_obstacles,2,128188,853,1,420,320,2,2,False,-2.7799978256225586,0.0,0.0,0.0,0.01984126984126984,0.0,0,220,-1,-1,-1,0.0
stage1b_single_agent_obstacles,2,128408,854,1,420,320,2,2,False,-5.710022449493408,0.0,0.0,0.0,0.023809523809523808,0.0,0,220,-1,-1,-1,0.0
stage1b_single_agent_obstacles,2,128628,855,1,420,320,2,2,False,-2.205702781677246,0.0,0.0,0.0,0.015873015873015872,0.0,0,220,-1,-1,-1,0.0
stage1b_single_agent_obstacles,2,128848,856,1,420,320,2,2,False,-3.669923782348633,0.0,0.0,0.0,0.015873015873015872,0.0,0,220,-1,-1,-1,0.0
stage1b_single_agent_obstacles,2,129068,857,1,420,320,2,2,False,-3.539797782897949,0.0,0.0,0.0,0.015873015873015872,0.0,0,220,-1,-1,-1,0.0
stage1b_single_agent_obstacles,2,129288,858,1,420,320,2,2,False,-2.7999978065490723,0.0,0.0,0.0,0.031746031746031744,0.0,0,220,-1,-1,-1,0.0
stage1b_single_agent_obstacles,2,129508,859,1,420,320,2,2,False,-2.2220797538757324,0.0,0.0,0.0,0.007936507936507936,0.0,0,220,-1,-1,-1,0.0
stage1b_single_agent_obstacles,2,129728,860,1,420,320,2,2,False,-2.36946439743042,0.0,0.0,0.0,0.011904761904761904,0.0,0,220,-1,-1,-1,0.0
stage1b_single_agent_obstacles,2,129948,861,1,420,320,2,2,False,-2.458779811859131,0.0,0.0,0.0,0.011904761904761904,0.0,0,220,-1,-1,-1,0.0
stage1b_single_agent_obstacles,2,130168,862,1,420,320,2,2,False,-4.180001258850098,0.0,0.0,0.0,0.031746031746031744,0.0,0,220,-1,-1,-1,0.0
stage1b_single_agent_obstacles,2,130388,863,1,420,320,2,2,False,-6.418667793273926,0.0,0.0,0.0,0.011904761904761904,0.0,0,220,-1,-1,-1,0.0
stage1b_single_agent_obstacles,2,130608,864,1,420,320,2,2,False,-2.4099981784820557,0.0,0.0,0.0,0.01984126984126984,0.0,0,220,-1,-1,-1,0.0
stage1b_single_agent_obstacles,2,130828,865,1,420,320,2,2,False,-2.219998359680176,0.0,0.0,0.0,0.003968253968253968,0.0,0,220,-1,-1,-1,0.0
stage1b_single_agent_obstacles,2,131048,866,1,420,320,2,2,False,-2.4299981594085693,0.0,0.0,0.0,0.011904761904761904,0.0,0,220,-1,-1,-1,0.0
stage1b_single_agent_obstacles,2,131268,867,1,420,320,2,2,False,-2.4199981689453125,0.0,0.0,0.0,0.011904761904761904,0.0,0,220,-1,-1,-1,0.0
stage1b_single_agent_obstacles,2,131488,868,1,420,320,2,2,False,-13.150026321411133,0.0,0.0,0.0,0.023809523809523808,0.0,0,220,-1,-1,-1,0.0
stage1b_single_agent_obstacles,2,131708,869,1,420,320,2,2,False,-2.6799979209899902,0.0,0.0,0.0,0.003968253968253968,0.0,0,220,-1,-1,-1,0.0
stage1b_single_agent_obstacles,2,131928,870,1,420,320,2,2,False,-2.4699981212615967,0.0,0.0,0.0,0.011904761904761904,0.0,0,220,-1,-1,-1,0.0
stage1b_single_agent_obstacles,2,132148,871,1,420,320,2,2,False,-4.1399993896484375,0.0,0.0,0.0,0.027777777777777776,0.0,0,220,-1,-1,-1,0.0
stage1b_single_agent_obstacles,2,132368,872,1,420,320,2,2,False,-2.0896987915039062,0.0,0.0,0.0,0.003968253968253968,0.0,0,220,-1,-1,-1,0.0
stage1b_single_agent_obstacles,2,132588,873,1,420,320,2,2,False,-2.199998378753662,0.0,0.0,0.0,0.003968253968253968,0.0,0,220,-1,-1,-1,0.0
stage1b_single_agent_obstacles,2,132808,874,1,420,320,2,2,False,-10.300042152404785,0.0,0.0,0.0,0.03571428571428571,0.0,0,220,-1,-1,-1,0.0
stage1b_single_agent_obstacles,2,133028,875,1,420,320,2,2,False,-5.790002346038818,0.0,0.0,0.0,0.027777777777777776,0.0,0,220,-1,-1,-1,0.0
stage1b_single_agent_obstacles,2,133248,876,1,420,320,2,2,False,-2.869997978210449,0.0,0.0,0.0,0.015873015873015872,0.0,0,220,-1,-1,-1,0.0
stage1b_single_agent_obstacles,2,133468,877,1,420,320,2,2,False,-2.199998378753662,0.0,0.0,0.0,0.003968253968253968,0.0,0,220,-1,-1,-1,0.0
stage1b_single_agent_obstacles,2,133688,878,1,420,320,2,2,False,-2.7299978733062744,0.0,0.0,0.0,0.027777777777777776,0.0,0,220,-1,-1,-1,0.0
stage1b_single_agent_obstacles,2,133908,879,1,420,320,2,2,False,-7.270009994506836,0.0,0.0,0.0,0.023809523809523808,0.0,0,220,-1,-1,-1,0.0
stage1b_single_agent_obstacles,2,134128,880,1,420,320,2,2,False,-2.7099978923797607,0.0,0.0,0.0,0.003968253968253968,0.0,0,220,-1,-1,-1,0.0
stage1b_single_agent_obstacles,2,134348,881,1,420,320,2,2,False,-2.1899983882904053,0.0,0.0,0.0,0.003968253968253968,0.0,0,220,-1,-1,-1,0.0
stage1b_single_agent_obstacles,2,134568,882,1,420,320,2,2,False,-2.199998378753662,0.0,0.0,0.0,0.003968253968253968,0.0,0,220,-1,-1,-1,0.0
stage1b_single_agent_obstacles,2,134788,883,1,420,320,2,2,False,-4.300002098083496,0.0,0.0,0.0,0.023809523809523808,0.0,0,220,-1,-1,-1,0.0
stage1b_single_agent_obstacles,2,135008,884,1,420,320,2,2,False,-2.198676347732544,0.0,0.0,0.0,0.007936507936507936,0.0,0,220,-1,-1,-1,0.0
stage1b_single_agent_obstacles,2,135228,885,1,420,320,2,2,False,-2.0596320629119873,0.0,0.0,0.0,0.007936507936507936,0.0,0,220,-1,-1,-1,0.0
stage1b_single_agent_obstacles,2,135448,886,1,420,320,2,2,False,-2.071241855621338,0.0,0.0,0.0,0.003968253968253968,0.0,0,220,-1,-1,-1,0.0
stage1b_single_agent_obstacles,2,135668,887,1,420,320,2,2,False,-2.199998378753662,0.0,0.0,0.0,0.003968253968253968,0.0,0,220,-1,-1,-1,0.0
stage1b_single_agent_obstacles,2,135888,888,1,420,320,2,2,False,-2.7299978733062744,0.0,0.0,0.0,0.03571428571428571,0.0,0,220,-1,-1,-1,0.0
stage1b_single_agent_obstacles,2,136108,889,1,420,320,2,2,False,-5.730000972747803,0.0,0.0,0.0,0.011904761904761904,0.0,0,220,-1,-1,-1,0.0
stage1b_single_agent_obstacles,2,136328,890,1,420,320,2,2,False,-2.118710517883301,0.0,0.0,0.0,0.003968253968253968,0.0,0,220,-1,-1,-1,0.0
stage1b_single_agent_obstacles,2,136548,891,1,420,320,2,2,False,-2.217764377593994,0.0,0.0,0.0,0.003968253968253968,0.0,0,220,-1,-1,-1,0.0
stage1b_single_agent_obstacles,2,136768,892,1,420,320,2,2,False,-7.070023536682129,0.0,0.0,0.0,0.01984126984126984,0.0,0,220,-1,-1,-1,0.0
stage1b_single_agent_obstacles,2,136988,893,1,420,320,2,2,False,-2.3099982738494873,0.0,0.0,0.0,0.003968253968253968,0.0,0,220,-1,-1,-1,0.0
stage1b_single_agent_obstacles,2,137208,894,1,420,320,2,2,False,-2.1099236011505127,0.0,0.0,0.0,0.007936507936507936,0.0,0,220,-1,-1,-1,0.0
stage1b_single_agent_obstacles,2,137428,895,1,420,320,2,2,False,-2.3099982738494873,0.0,0.0,0.0,0.007936507936507936,0.0,0,220,-1,-1,-1,0.0
stage1b_single_agent_obstacles,2,137648,896,1,420,320,2,2,False,-2.029998540878296,0.0,0.0,0.0,0.011904761904761904,0.0,0,220,-1,-1,-1,0.0
stage1b_single_agent_obstacles,2,137868,897,1,420,320,2,2,False,-2.139998197555542,0.0,0.0,0.0,0.003968253968253968,0.0,0,220,-1,-1,-1,0.0
stage1b_single_agent_obstacles,2,138088,898,1,420,320,2,2,False,-2.1299984455108643,0.0,0.0,0.0,0.007936507936507936,0.0,0,220,-1,-1,-1,0.0
stage1b_single_agent_obstacles,2,138308,899,1,420,320,2,2,False,-2.4899981021881104,0.0,0.0,0.0,0.007936507936507936,0.0,0,220,-1,-1,-1,0.0
stage1b_single_agent_obstacles,2,138528,900,1,420,320,2,2,False,-2.449998140335083,0.0,0.0,0.0,0.011904761904761904,0.0,0,220,-1,-1,-1,0.0
stage1b_single_agent_obstacles,2,138748,901,1,420,320,2,2,False,-2.199998378753662,0.0,0.0,0.0,0.003968253968253968,0.0,0,220,-1,-1,-1,0.0
stage1b_single_agent_obstacles,2,138968,902,1,420,320,2,2,False,-2.279998302459717,0.0,0.0,0.0,0.007936507936507936,0.0,0,220,-1,-1,-1,0.0
stage1b_single_agent_obstacles,2,139188,903,1,420,320,2,2,False,-2.0599982738494873,0.0,0.0,0.0,0.007936507936507936,0.0,0,220,-1,-1,-1,0.0
stage1b_single_agent_obstacles,2,139408,904,1,420,320,2,2,False,-2.259998321533203,0.0,0.0,0.0,0.011904761904761904,0.0,0,220,-1,-1,-1,0.0
stage1b_single_agent_obstacles,2,139628,905,1,420,320,2,2,False,-2.2399983406066895,0.0,0.0,0.0,0.007936507936507936,0.0,0,220,-1,-1,-1,0.0
stage1b_single_agent_obstacles,2,139848,906,1,420,320,2,2,False,-2.177842855453491,0.0,0.0,0.0,0.011904761904761904,0.0,0,220,-1,-1,-1,0.0
stage1b_single_agent_obstacles,2,140068,907,1,420,320,2,2,False,-2.279998302459717,0.0,0.0,0.0,0.015873015873015872,0.0,0,220,-1,-1,-1,0.0
stage1b_single_agent_obstacles,2,140288,908,1,420,320,2,2,False,-2.199998378753662,0.0,0.0,0.0,0.003968253968253968,0.0,0,220,-1,-1,-1,0.0
stage1b_single_agent_obstacles,2,140508,909,1,420,320,2,2,False,-2.279998302459717,0.0,0.0,0.0,0.015873015873015872,0.0,0,220,-1,-1,-1,0.0
stage1b_single_agent_obstacles,2,140728,910,1,420,320,2,2,False,-2.219998359680176,0.0,0.0,0.0,0.007936507936507936,0.0,0,220,-1,-1,-1,0.0
stage1b_single_agent_obstacles,2,140948,911,1,420,320,2,2,False,-2.219998359680176,0.0,0.0,0.0,0.007936507936507936,0.0,0,220,-1,-1,-1,0.0
stage1b_single_agent_obstacles,2,141168,912,1,420,320,2,2,False,-2.199998378753662,0.0,0.0,0.0,0.003968253968253968,0.0,0,220,-1,-1,-1,0.0
stage1b_single_agent_obstacles,2,141388,913,1,420,320,2,2,False,-2.199998378753662,0.0,0.0,0.0,0.003968253968253968,0.0,0,220,-1,-1,-1,0.0
stage1b_single_agent_obstacles,2,141608,914,1,420,320,2,2,False,-3.759998083114624,0.0,0.0,0.0,0.003968253968253968,0.0,0,220,-1,-1,-1,0.0
stage1b_single_agent_obstacles,2,141828,915,1,420,320,2,2,False,-2.1793055534362793,0.0,0.0,0.0,0.011904761904761904,0.0,0,220,-1,-1,-1,0.0
stage1b_single_agent_obstacles,2,142048,916,1,420,320,2,2,False,-2.199998378753662,0.0,0.0,0.0,0.003968253968253968,0.0,0,220,-1,-1,-1,0.0
stage1b_single_agent_obstacles,2,142268,917,1,420,320,2,2,False,-2.2399983406066895,0.0,0.0,0.0,0.011904761904761904,0.0,0,220,-1,-1,-1,0.0
stage1b_single_agent_obstacles,2,142488,918,1,420,320,2,2,False,-2.219998359680176,0.0,0.0,0.0,0.003968253968253968,0.0,0,220,-1,-1,-1,0.0
stage1b_single_agent_obstacles,2,142708,919,1,420,320,2,2,False,-2.199998378753662,0.0,0.0,0.0,0.003968253968253968,0.0,0,220,-1,-1,-1,0.0
stage2a_small_swarm_medium,3,143936,920,3,700,500,2,4,True,-3.5495846271514893,0.0,0.0,0.0,0.007936507936507936,0.0,0,360,-1,-1,-1,0.0
stage2a_small_swarm_medium,3,145016,921,3,700,500,2,4,True,-3.6286637783050537,0.0,0.0,0.0,0.006349206349206349,0.18888888888888888,6,360,-1,-1,-1,0.0
stage2a_small_swarm_medium,3,146096,922,3,700,500,2,4,True,-3.6299965381622314,0.0,0.0,0.0,0.007936507936507936,0.26314226770256127,10,360,-1,-1,-1,0.0
stage2a_small_swarm_medium,3,147176,923,3,700,500,2,4,True,-3.6213302612304688,0.0,0.0,0.0,0.007936507936507936,0.1834721980284451,4,360,-1,-1,-1,0.0
stage2a_small_swarm_medium,3,148256,924,3,700,500,2,4,True,-3.5999972820281982,0.0,0.0,0.0,0.004761904761904762,0.0,0,360,-1,-1,-1,0.0
stage2a_small_swarm_medium,3,149336,925,3,700,500,2,4,True,-3.5999972820281982,0.0,0.0,0.0,0.004761904761904762,0.0,0,360,-1,-1,-1,0.0
stage2a_small_swarm_medium,3,150416,926,3,700,500,2,4,True,-3.62829327583313,0.0,0.0,0.0,0.006349206349206349,0.2750930548291998,6,360,-1,-1,-1,0.0
stage2a_small_swarm_medium,3,151496,927,3,700,500,2,4,True,-3.621262550354004,0.0,0.0,0.0,0.006349206349206349,0.2513045652071014,6,360,-1,-1,-1,0.0
stage2a_small_swarm_medium,3,152576,928,3,700,500,2,4,True,-3.5999972820281982,0.0,0.0,0.0,0.004761904761904762,0.0,0,360,-1,-1,-1,0.0
stage2a_small_swarm_medium,3,153656,929,3,700,500,2,4,True,-3.6201725006103516,0.0,0.0,0.0,0.007936507936507936,0.15493600567181903,4,360,-1,-1,-1,0.0
stage2a_small_swarm_medium,3,154736,930,3,700,500,2,4,True,-3.6201486587524414,0.0,0.0,0.0,0.004761904761904762,0.0,0,360,-1,-1,-1,0.0
stage2a_small_swarm_medium,3,155816,931,3,700,500,2,4,True,-3.5966637134552,0.0,0.0,0.0,0.006349206349206349,0.0,0,360,-1,-1,-1,0.0
stage2a_small_swarm_medium,3,156896,932,3,700,500,2,4,True,-3.607996940612793,0.0,0.0,0.0,0.007936507936507936,0.041116462287458556,4,360,-1,-1,-1,0.0
stage2a_small_swarm_medium,3,157976,933,3,700,500,2,4,True,-3.61466383934021,0.0,0.0,0.0,0.007936507936507936,0.1085982006871038,4,360,-1,-1,-1,0.0
stage2a_small_swarm_medium,3,159056,934,3,700,500,2,4,True,-4.1226725578308105,0.0,0.0,0.0,0.009523809523809525,0.06147879677333146,8,360,-1,-1,-1,0.0
stage2a_small_swarm_medium,3,160136,935,3,700,500,2,4,True,-3.591390371322632,0.0,0.0,0.0,0.011111111111111112,0.20411060611777765,6,360,-1,-1,-1,0.0
stage2a_small_swarm_medium,3,161216,936,3,700,500,2,4,True,-4.181055545806885,0.0,0.0,0.0,0.020634920634920634,0.26626139497384427,20,360,-1,-1,-1,0.0
stage2a_small_swarm_medium,3,162296,937,3,700,500,2,4,True,-4.16005277633667,0.0,0.0,0.0,0.01904761904761905,0.12389395590979364,6,360,-1,-1,-1,0.0
stage2a_small_swarm_medium,3,163376,938,3,700,500,2,4,True,-3.616472005844116,0.0,0.0,0.0,0.01904761904761905,0.12577304934039366,16,360,-1,-1,-1,0.0
stage2a_small_swarm_medium,3,164456,939,3,700,500,2,4,True,-4.644167423248291,0.0,0.0,0.0,0.020634920634920634,0.2591321631170878,28,360,-1,-1,-1,0.0
stage2a_small_swarm_medium,3,165536,940,3,700,500,2,4,True,-4.155340194702148,0.0,0.0,0.0,0.011111111111111112,0.1925982288007314,6,360,-1,-1,-1,0.0
stage2a_small_swarm_medium,3,166616,941,3,700,500,2,4,True,-3.6413304805755615,0.0,0.0,0.0,0.015873015873015872,0.2174333969829604,14,360,-1,-1,-1,0.0
stage2a_small_swarm_medium,3,167696,942,3,700,500,2,4,True,-6.093964099884033,0.0,0.0,0.0,0.012698412698412698,0.27311140134525314,12,360,-1,-1,-1,0.0
stage2a_small_swarm_medium,3,168776,943,3,700,500,2,4,True,-3.5553390979766846,0.0,0.0,0.0,0.009523809523809525,0.3618759570460059,36,360,-1,-1,-1,0.0
stage2a_small_swarm_medium,3,169856,944,3,700,500,2,4,True,-3.7499964237213135,0.0,0.0,0.0,0.014285714285714285,0.4386504736396967,40,360,-1,-1,-1,0.0
stage2a_small_swarm_medium,3,170936,945,3,700,500,2,4,True,-3.6479969024658203,0.0,0.0,0.0,0.01746031746031746,0.2917591657041123,14,360,-1,-1,-1,0.0
stage2a_small_swarm_medium,3,172016,946,3,700,500,2,4,True,-5.631934642791748,0.0,0.0,0.0,0.020634920634920634,0.27029269882305357,36,360,-1,-1,-1,0.0
stage2a_small_swarm_medium,3,173096,947,3,700,500,2,4,True,-3.6879968643188477,0.0,0.0,0.0,0.012698412698412698,0.31118503573147954,24,360,-1,-1,-1,0.0
stage2a_small_swarm_medium,3,174176,948,3,700,500,2,4,True,-1.013335108757019,1.0,1.0,0.0,0.009523809523809525,0.4423492625196188,36,360,202,-1,-1,0.0
stage2a_small_swarm_medium,3,175256,949,3,700,500,2,4,True,-3.6419970989227295,0.0,0.0,0.0,0.012698412698412698,0.32995646338655477,16,360,-1,-1,-1,0.0
stage2a_small_swarm_medium,3,176336,950,3,700,500,2,4,True,-3.5965425968170166,0.0,0.0,0.0,0.009523809523809525,0.2992976379671341,12,360,-1,-1,-1,0.0
stage2a_small_swarm_medium,3,177416,951,3,700,500,2,4,True,-5.1048712730407715,0.0,0.0,0.0,0.015873015873015872,0.2961214957687642,24,360,-1,-1,-1,0.0
stage2a_small_swarm_medium,3,178496,952,3,700,500,2,4,True,-3.634430170059204,0.0,0.0,0.0,0.012698412698412698,0.33989969783083157,16,360,-1,-1,-1,0.0
stage2a_small_swarm_medium,3,179576,953,3,700,500,2,4,True,-3.6454734802246094,0.0,0.0,0.0,0.012698412698412698,0.32335913606781375,16,360,-1,-1,-1,0.0
stage2a_small_swarm_medium,3,180656,954,3,700,500,2,4,True,-4.628681182861328,0.0,0.0,0.0,0.011111111111111112,0.3537786906304838,16,360,-1,-1,-1,0.0
stage2a_small_swarm_medium,3,181736,955,3,700,500,2,4,True,-3.6192586421966553,0.0,0.0,0.0,0.007936507936507936,0.2648647373182164,8,360,-1,-1,-1,0.0
stage2a_small_swarm_medium,3,182816,956,3,700,500,2,4,True,-3.609264373779297,0.0,0.0,0.0,0.007936507936507936,0.1796332543922795,6,360,-1,-1,-1,0.0
stage2a_small_swarm_medium,3,183896,957,3,700,500,2,4,True,-3.5999972820281982,0.0,0.0,0.0,0.004761904761904762,0.0,0,360,-1,-1,-1,0.0
stage2a_small_swarm_medium,3,184976,958,3,700,500,2,4,True,-3.6175403594970703,0.0,0.0,0.0,0.012698412698412698,0.17647599478562673,6,360,-1,-1,-1,0.0
stage2a_small_swarm_medium,3,186056,959,3,700,500,2,4,True,-3.602058172225952,0.0,0.0,0.0,0.012698412698412698,0.1886116010102409,8,360,-1,-1,-1,0.0
stage2a_small_swarm_medium,3,187136,960,3,700,500,2,4,True,-3.607330322265625,0.0,0.0,0.0,0.004761904761904762,0.11296296296296296,2,360,-1,-1,-1,0.0
stage2a_small_swarm_medium,3,188216,961,3,700,500,2,4,True,-3.603996992111206,0.0,0.0,0.0,0.007936507936507936,0.11296296296296296,2,360,-1,-1,-1,0.0
stage2a_small_swarm_medium,3,189296,962,3,700,500,2,4,True,-3.6146633625030518,0.0,0.0,0.0,0.007936507936507936,0.028625524002644752,4,360,-1,-1,-1,0.0
stage2a_small_swarm_medium,3,190376,963,3,700,500,2,4,True,-3.5999972820281982,0.0,0.0,0.0,0.004761904761904762,0.0,0,360,-1,-1,-1,0.0
stage2a_small_swarm_medium,3,191456,964,3,700,500,2,4,True,-3.613997220993042,0.0,0.0,0.0,0.004761904761904762,0.09480687544715626,2,360,-1,-1,-1,0.0
stage2a_small_swarm_medium,3,192536,965,3,700,500,2,4,True,-3.605990171432495,0.0,0.0,0.0,0.004761904761904762,0.0,0,360,-1,-1,-1,0.0
stage2a_small_swarm_medium,3,193616,966,3,700,500,2,4,True,-3.5966637134552,0.0,0.0,0.0,0.006349206349206349,0.0,0,360,-1,-1,-1,0.0
stage2a_small_swarm_medium,3,194696,967,3,700,500,2,4,True,-3.607330322265625,0.0,0.0,0.0,0.004761904761904762,0.11489197531094154,2,360,-1,-1,-1,0.0
stage2a_small_swarm_medium,3,195776,968,3,700,500,2,4,True,-4.122005939483643,0.0,0.0,0.0,0.007936507936507936,0.25401054802135115,6,360,-1,-1,-1,0.0
stage2a_small_swarm_medium,3,196856,969,3,700,500,2,4,True,-3.621943473815918,0.0,0.0,0.0,0.006349206349206349,0.27229340912567246,8,360,-1,-1,-1,0.0
stage2a_small_swarm_medium,3,197936,970,3,700,500,2,4,True,-3.5999972820281982,0.0,0.0,0.0,0.011111111111111112,0.0,0,360,-1,-1,-1,0.0
stage2a_small_swarm_medium,3,199016,971,3,700,500,2,4,True,-3.617774248123169,0.0,0.0,0.0,0.011111111111111112,0.0,0,360,-1,-1,-1,0.0
stage2a_small_swarm_medium,3,200096,972,3,700,500,2,4,True,-3.563462018966675,0.0,0.0,0.0,0.006349206349206349,0.0,0,360,-1,-1,-1,0.0
stage2a_small_swarm_medium,3,201176,973,3,700,500,2,4,True,-3.6321945190429688,0.0,0.0,0.0,0.006349206349206349,0.24080614989140522,6,360,-1,-1,-1,0.0
stage2a_small_swarm_medium,3,202256,974,3,700,500,2,4,True,-3.6306636333465576,0.0,0.0,0.0,0.009523809523809525,0.21012021748390033,12,360,-1,-1,-1,0.0
stage2a_small_swarm_medium,3,203336,975,3,700,500,2,4,True,-3.657996416091919,0.0,0.0,0.0,0.014285714285714285,0.26951125316770264,14,360,-1,-1,-1,0.0
stage2a_small_swarm_medium,3,204416,976,3,700,500,2,4,True,-3.717825174331665,0.0,0.0,0.0,0.020634920634920634,0.40238001787155453,38,360,-1,-1,-1,0.0
stage2a_small_swarm_medium,3,205496,977,3,700,500,2,4,True,-3.734388589859009,0.0,0.0,0.0,0.012698412698412698,0.34908223529022914,28,360,-1,-1,-1,0.0
stage2a_small_swarm_medium,3,206576,978,3,700,500,2,4,True,-3.622800827026367,0.0,0.0,0.0,0.011111111111111112,0.3017508063894369,10,360,-1,-1,-1,0.0
stage2a_small_swarm_medium,3,207656,979,3,700,500,2,4,True,-3.6266677379608154,0.0,0.0,0.0,0.009523809523809525,0.14149108684656245,4,360,-1,-1,-1,0.0
stage2a_small_swarm_medium,3,208736,980,3,700,500,2,4,True,-3.6246635913848877,0.0,0.0,0.0,0.006349206349206349,0.1500152043653307,4,360,-1,-1,-1,0.0
stage2a_small_swarm_medium,3,209816,981,3,700,500,2,4,True,-3.61466383934021,0.0,0.0,0.0,0.004761904761904762,0.16972575180956886,4,360,-1,-1,-1,0.0
stage2a_small_swarm_medium,3,210896,982,3,700,500,2,4,True,-3.5999972820281982,0.0,0.0,0.0,0.004761904761904762,0.0,0,360,-1,-1,-1,0.0
stage2a_small_swarm_medium,3,211976,983,3,700,500,2,4,True,-3.623918294906616,0.0,0.0,0.0,0.006349206349206349,0.149206624476722,4,360,-1,-1,-1,0.0
stage2a_small_swarm_medium,3,213056,984,3,700,500,2,4,True,-3.5999972820281982,0.0,0.0,0.0,0.006349206349206349,0.0,0,360,-1,-1,-1,0.0
stage2a_small_swarm_medium,3,214136,985,3,700,500,2,4,True,-3.604663610458374,0.0,0.0,0.0,0.007936507936507936,0.18799065699179968,4,360,-1,-1,-1,0.0
stage2b_small_swarm_large,4,215786,986,3,950,700,3,8,True,-5.015353202819824,0.0,0.0,0.0,0.004166666666666667,0.17659576459228993,6,500,-1,-1,-1,0.0
stage2b_small_swarm_large,4,217286,987,3,950,700,3,8,True,-5.021352767944336,0.0,0.0,0.0,0.0025,0.12733333333333333,4,500,-1,-1,-1,0.0
stage2b_small_swarm_large,4,218786,988,3,950,700,3,8,True,-5.021353244781494,0.0,0.0,0.0,0.0033333333333333335,0.060517003655433645,4,500,-1,-1,-1,0.0
stage2b_small_swarm_large,4,220286,989,3,950,700,3,8,True,-5.044179439544678,0.0,0.0,0.0,0.005833333333333334,0.18516062733065333,10,500,-1,-1,-1,0.0
stage2b_small_swarm_large,4,221786,990,3,950,700,3,8,True,-5.025352478027344,0.0,0.0,0.0,0.005,0.11971053920065361,6,500,-1,-1,-1,0.0
stage2b_small_swarm_large,4,223286,991,3,950,700,3,8,True,-5.2115702629089355,0.0,0.0,0.0,0.005,0.3695948157104043,46,500,-1,-1,-1,0.0
stage2b_small_swarm_large,4,224786,992,3,950,700,3,8,True,-5.07002067565918,0.0,0.0,0.0,0.005,0.1541844592547665,10,500,-1,-1,-1,0.0
stage2b_small_swarm_large,4,226286,993,3,950,700,3,8,True,-5.042686939239502,0.0,0.0,0.0,0.0033333333333333335,0.32813844697829336,18,500,-1,-1,-1,0.0
stage2b_small_swarm_large,4,227786,994,3,950,700,3,8,True,-5.548598766326904,0.0,0.0,0.0,0.009166666666666667,0.2831070253988728,20,500,-1,-1,-1,0.0
stage2b_small_swarm_large,4,229286,995,3,950,700,3,8,True,-5.024686813354492,0.0,0.0,0.0,0.0033333333333333335,0.1640555555572112,4,500,-1,-1,-1,0.0
stage2b_small_swarm_large,4,230786,996,3,950,700,3,8,True,-5.020686626434326,0.0,0.0,0.0,0.005833333333333334,0.17448292367408672,12,500,-1,-1,-1,0.0
stage2b_small_swarm_large,4,232286,997,3,950,700,3,8,True,-5.000686168670654,0.0,0.0,0.0,0.004166666666666667,0.0190623197555542,2,500,-1,-1,-1,0.0
stage2b_small_swarm_large,4,233786,998,3,950,700,3,8,True,-4.997352600097656,0.0,0.0,0.0,0.004166666666666667,0.08272222222387789,2,500,-1,-1,-1,0.0
stage2b_small_swarm_large,4,235286,999,3,950,700,3,8,True,-4.975379943847656,0.0,0.0,0.0,0.0025,0.19864203274467337,6,500,-1,-1,-1,0.0
stage2b_small_swarm_large,4,236786,1000,3,950,700,3,8,True,-4.967351913452148,0.0,0.0,0.0,0.0025,0.08133333333333333,2,500,-1,-1,-1,0.0
stage2b_small_swarm_large,4,238286,1001,3,950,700,3,8,True,-5.008686542510986,0.0,0.0,0.0,0.0033333333333333335,0.19919222789506116,6,500,-1,-1,-1,0.0
stage2b_small_swarm_large,4,239786,1002,3,950,700,3,8,True,-5.000686168670654,0.0,0.0,0.0,0.0033333333333333335,0.0827222222238779,2,500,-1,-1,-1,0.0
stage2b_small_swarm_large,4,241286,1003,3,950,700,3,8,True,-5.011353015899658,0.0,0.0,0.0,0.0033333333333333335,0.12382695209731659,4,500,-1,-1,-1,0.0
stage2b_small_swarm_large,4,242786,1004,3,950,700,3,8,True,-5.504698276519775,0.0,0.0,0.0,0.0033333333333333335,0.1567222222238779,4,500,-1,-1,-1,0.0
stage2b_small_swarm_large,4,244286,1005,3,950,700,3,8,True,-5.026675224304199,0.0,0.0,0.0,0.0025,0.2086361755952239,8,500,-1,-1,-1,0.0
stage2b_small_swarm_large,4,245786,1006,3,950,700,3,8,True,-5.026507377624512,0.0,0.0,0.0,0.004166666666666667,0.13937180009980996,6,500,-1,-1,-1,0.0
stage2b_small_swarm_large,4,247286,1007,3,950,700,3,8,True,-4.994637966156006,0.0,0.0,0.0,0.005,0.14634065945446492,4,500,-1,-1,-1,0.0
stage2b_small_swarm_large,4,248786,1008,3,950,700,3,8,True,-5.007352828979492,0.0,0.0,0.0,0.0025,0.06202758125464122,2,500,-1,-1,-1,0.0
stage2b_small_swarm_large,4,250286,1009,3,950,700,3,8,True,-5.01068639755249,0.0,0.0,0.0,0.0025,0.009544894928733507,2,500,-1,-1,-1,0.0
stage2b_small_swarm_large,4,251786,1010,3,950,700,3,8,True,-2.3628921508789062,1.0,1.0,0.0,0.005833333333333334,0.23200250619743018,14,500,1,-1,-1,0.0
stage2b_small_swarm_large,4,253286,1011,3,950,700,3,8,True,-4.995352745056152,0.0,0.0,0.0,0.005833333333333334,0.1161982051997135,6,500,-1,-1,-1,0.0
stage2b_small_swarm_large,4,254786,1012,3,950,700,3,8,True,-5.012238025665283,0.0,0.0,0.0,0.006666666666666667,0.2599082157065471,12,500,-1,-1,-1,0.0
stage2b_small_swarm_large,4,256286,1013,3,950,700,3,8,True,-5.017353534698486,0.0,0.0,0.0,0.005,0.29964856113369265,12,500,-1,-1,-1,0.0
stage2b_small_swarm_large,4,257786,1014,3,950,700,3,8,True,-4.969393730163574,0.0,0.0,0.0,0.0033333333333333335,0.16544474659487604,8,500,-1,-1,-1,0.0
stage2b_small_swarm_large,4,259286,1015,3,950,700,3,8,True,-5.042686939239502,0.0,0.0,0.0,0.008333333333333333,0.2936626912498226,28,500,-1,-1,-1,0.0
stage2b_small_swarm_large,4,260786,1016,3,950,700,3,8,True,-7.0217156410217285,0.0,0.0,0.0,0.008333333333333333,0.19923266333318315,25,500,-1,-1,-1,0.0
stage2b_small_swarm_large,4,262286,1017,3,950,700,3,8,True,-6.021481037139893,0.0,0.0,0.0,0.0075,0.1610333055546507,16,500,-1,-1,-1,0.0
stage2b_small_swarm_large,4,263786,1018,3,950,700,3,8,True,-4.983425140380859,0.0,0.0,0.0,0.008333333333333333,0.23780682506598533,24,500,-1,-1,-1,0.0
stage2b_small_swarm_large,4,265286,1019,3,950,700,3,8,True,-5.073941230773926,0.0,0.0,0.0,0.0125,0.3259901742326716,38,500,-1,-1,-1,0.0
stage2b_small_swarm_large,4,266786,1020,3,950,700,3,8,True,-5.024693012237549,0.0,0.0,0.0,0.011666666666666667,0.29580475217585145,44,500,-1,-1,-1,0.0
stage2b_small_swarm_large,4,268286,1021,3,950,700,3,8,True,-5.513019561767578,0.0,0.0,0.0,0.008333333333333333,0.18584234420396387,19,500,-1,-1,-1,0.0
stage2b_small_swarm_large,4,269786,1022,3,950,700,3,8,True,-6.016698360443115,0.0,0.0,0.0,0.011666666666666667,0.3241762877639849,30,500,-1,-1,-1,0.0
stage2b_small_swarm_large,4,271286,1023,3,950,700,3,8,True,-5.032686710357666,0.0,0.0,0.0,0.005833333333333334,0.18617402325198054,18,500,-1,-1,-1,0.0
stage2b_small_swarm_large,4,272786,1024,3,950,700,3,8,True,-7.024710178375244,0.0,0.0,0.0,0.005833333333333334,0.24404119878262281,14,500,-1,-1,-1,0.0
stage2b_small_swarm_large,4,274286,1025,3,950,700,3,8,True,-5.000686168670654,0.0,0.0,0.0,0.0033333333333333335,0.08266666666666665,2,500,-1,-1,-1,0.0
stage2b_small_swarm_large,4,275786,1026,3,950,700,3,8,True,-5.001352787017822,0.0,0.0,0.0,0.004166666666666667,0.14135044853885967,4,500,-1,-1,-1,0.0
stage2b_small_swarm_large,4,277286,1027,3,950,700,3,8,True,-5.00468635559082,0.0,0.0,0.0,0.0033333333333333335,0.07919590162485837,4,500,-1,-1,-1,0.0
stage2b_small_swarm_large,4,278786,1028,3,950,700,3,8,True,-4.998019218444824,0.0,0.0,0.0,0.004166666666666667,0.1438347489585479,4,500,-1,-1,-1,0.0
stage2b_small_swarm_large,4,280286,1029,3,950,700,3,8,True,-5.000019550323486,0.0,0.0,0.0,0.0025,0.0,0,500,-1,-1,-1,0.0
stage2b_small_swarm_large,4,281786,1030,3,950,700,3,8,True,-5.000019550323486,0.0,0.0,0.0,0.0025,0.0,0,500,-1,-1,-1,0.0
stage2b_small_swarm_large,4,283286,1031,3,950,700,3,8,True,-5.00535249710083,0.0,0.0,0.0,0.004166666666666667,0.13260269411901632,6,500,-1,-1,-1,0.0
stage2b_small_swarm_large,4,284786,1032,3,950,700,3,8,True,-4.9973530769348145,0.0,0.0,0.0,0.0033333333333333335,0.0827222222238779,2,500,-1,-1,-1,0.0
stage3a_full_swarm_large,5,288716,1033,6,950,700,3,8,True,-5.000019550323486,0.0,0.0,0.0,0.005,0.0,0,500,-1,-1,-1,0.0
stage3a_full_swarm_large,5,291716,1034,6,950,700,3,8,True,-5.000352382659912,0.0,0.0,0.0,0.005833333333333334,0.04136111111193894,2,500,-1,-1,-1,0.0
stage3a_full_swarm_large,5,294716,1035,6,950,700,3,8,True,-5.258498668670654,0.0,0.0,0.0,0.005833333333333334,0.06695971319824458,6,500,-1,-1,-1,0.0
stage3a_full_swarm_large,5,297716,1036,6,950,700,3,8,True,-5.003352642059326,0.0,0.0,0.0,0.005,0.0,0,500,-1,-1,-1,0.0
stage3a_full_swarm_large,5,300716,1037,6,950,700,3,8,True,-4.998352527618408,0.0,0.0,0.0,0.005833333333333334,0.0,0,500,-1,-1,-1,0.0
stage3a_full_swarm_large,5,303716,1038,6,950,700,3,8,True,-5.001049041748047,0.0,0.0,0.0,0.005833333333333334,0.07317033292601505,4,500,-1,-1,-1,0.0
stage3a_full_swarm_large,5,306716,1039,6,950,700,3,8,True,-5.008019924163818,0.0,0.0,0.0,0.005,0.08751013846943775,8,500,-1,-1,-1,0.0
stage3a_full_swarm_large,5,309716,1040,6,950,700,3,8,True,-5.015352725982666,0.0,0.0,0.0,0.006666666666666667,0.1304126978156467,12,500,-1,-1,-1,0.0
stage3a_full_swarm_large,5,312716,1041,6,950,700,3,8,True,-5.021203517913818,0.0,0.0,0.0,0.006666666666666667,0.18464420712929372,18,500,-1,-1,-1,0.0
stage3a_full_swarm_large,5,315716,1042,6,950,700,3,8,True,-8.312777519226074,0.0,0.0,0.0,0.045,0.16086918255858473,187,500,-1,-1,-1,0.0
stage3a_full_swarm_large,5,318716,1043,6,950,700,3,8,True,-4.460664749145508,1.0,1.0,0.0,0.04583333333333333,0.1867277332712741,160,500,10,-1,-1,0.0
stage3a_full_swarm_large,5,321716,1044,6,950,700,3,8,True,-5.46329927444458,0.0,0.0,0.0,0.055,0.2115667427997493,159,500,-1,-1,-1,0.0
stage3a_full_swarm_large,5,324716,1045,6,950,700,3,8,True,-5.9234232902526855,0.0,0.0,0.0,0.0875,0.16621038671648908,258,500,-1,-1,-1,0.0
stage3a_full_swarm_large,5,327716,1046,6,950,700,3,8,True,-7.5372748374938965,0.0,0.0,0.0,0.06166666666666667,0.21622228447489517,262,500,-1,-1,-1,0.0
stage3a_full_swarm_large,5,330716,1047,6,950,700,3,8,True,-5.633871555328369,0.0,0.0,0.0,0.05,0.1087093421057022,200,500,-1,-1,-1,0.0
stage3a_full_swarm_large,5,333716,1048,6,950,700,3,8,True,-6.359198093414307,0.0,0.0,0.0,0.12833333333333333,0.2566995160890705,869,500,-1,-1,-1,0.0
stage3a_full_swarm_large,5,336716,1049,6,950,700,3,8,True,-7.147510528564453,1.0,1.0,0.0,0.11166666666666666,0.20483662681996553,558,500,71,-1,-1,0.0
stage3a_full_swarm_large,5,339716,1050,6,950,700,3,8,True,-7.016473293304443,0.0,0.0,0.0,0.11833333333333333,0.2831203867695391,825,500,-1,-1,-1,0.0
stage3a_full_swarm_large,5,342716,1051,6,950,700,3,8,True,-4.993502140045166,1.0,1.0,0.0,0.1075,0.2686534940603112,589,500,186,-1,-1,0.0
stage3a_full_swarm_large,5,345716,1052,6,950,700,3,8,True,-6.003641605377197,0.0,0.0,0.0,0.0875,0.14072796608606586,351,500,-1,-1,-1,0.0
stage3a_full_swarm_large,5,348716,1053,6,950,700,3,8,True,-9.16703987121582,0.0,0.0,0.0,0.12083333333333333,0.17906238826729046,847,500,-1,-1,-1,0.0
stage3a_full_swarm_large,5,351716,1054,6,950,700,3,8,True,-6.364856243133545,2.0,2.0,0.0,0.22333333333333333,0.2355612637877542,1468,500,169,-1,-1,0.0
stage3a_full_swarm_large,5,354716,1055,6,950,700,3,8,True,-8.52649211883545,0.0,0.0,0.0,0.1725,0.32516271806194946,1509,500,-1,-1,-1,0.0
stage3b_full_swarm_final,6,361466,1056,6,1400,950,4,35,True,-9.445443153381348,0.0,0.0,0.0,0.030508474576271188,0.23269346072400504,546,720,-1,-1,-1,0.0
stage3b_full_swarm_final,6,365786,1057,6,1400,950,4,35,True,-8.798312187194824,0.0,0.0,0.0,0.01864406779661017,0.293283253838362,482,720,-1,-1,-1,0.0
stage3b_full_swarm_final,6,370106,1058,6,1400,950,4,35,True,-7.731086730957031,0.0,0.0,0.0,0.009322033898305085,0.3126319654428193,404,720,-1,-1,-1,0.0
stage3b_full_swarm_final,6,374426,1059,6,1400,950,4,35,True,-7.059545516967773,1.0,1.0,0.0,0.015677966101694914,0.27276945479337616,361,720,50,-1,-1,0.0
stage3b_full_swarm_final,6,378746,1060,6,1400,950,4,35,True,-6.296292781829834,1.0,1.0,0.0,0.015254237288135594,0.2037040381106231,290,720,71,-1,-1,0.0
stage3b_full_swarm_final,6,383066,1061,6,1400,950,4,35,True,-8.210589408874512,0.0,0.0,0.0,0.02923728813559322,0.2633887567771631,782,720,-1,-1,-1,0.0
stage3b_full_swarm_final,6,387386,1062,6,1400,950,4,35,True,-7.496524333953857,0.0,0.0,0.0,0.019491525423728815,0.16306777080689144,316,720,-1,-1,-1,0.0
stage3b_full_swarm_final,6,391706,1063,6,1400,950,4,35,True,-7.571708679199219,0.0,0.0,0.0,0.011864406779661017,0.08057656536127777,100,720,-1,-1,-1,0.0
stage3b_full_swarm_final,6,396026,1064,6,1400,950,4,35,True,-7.809284210205078,0.0,0.0,0.0,0.005932203389830509,0.1787316217158891,78,720,-1,-1,-1,0.0
stage3b_full_swarm_final,6,400346,1065,6,1400,950,4,35,True,-7.315882205963135,0.0,0.0,0.0,0.015677966101694914,0.1362674283417652,146,720,-1,-1,-1,0.0
stage3b_full_swarm_final,6,404666,1066,6,1400,950,4,35,True,-7.430436611175537,0.0,0.0,0.0,0.013983050847457627,0.19962698664016057,180,720,-1,-1,-1,0.0
stage3b_full_swarm_final,6,408986,1067,6,1400,950,4,35,True,-8.282594680786133,0.0,0.0,0.0,0.013983050847457627,0.10332459150275908,105,720,-1,-1,-1,0.0
stage3b_full_swarm_final,6,413306,1068,6,1400,950,4,35,True,-7.8080735206604,0.0,0.0,0.0,0.020338983050847456,0.12334872867666288,190,720,-1,-1,-1,0.0
stage3b_full_swarm_final,6,417626,1069,6,1400,950,4,35,True,-7.247535705566406,0.0,0.0,0.0,0.006779661016949152,0.10586630961193738,62,720,-1,-1,-1,0.0
stage3b_full_swarm_final,6,421946,1070,6,1400,950,4,35,True,-7.383920669555664,0.0,0.0,0.0,0.007627118644067797,0.21374599887090476,142,720,-1,-1,-1,0.0
stage3b_full_swarm_final,6,426266,1071,6,1400,950,4,35,True,-7.49645471572876,0.0,0.0,0.0,0.005932203389830509,0.06874706050975538,36,720,-1,-1,-1,0.0
stage3b_full_swarm_final,6,430586,1072,6,1400,950,4,35,True,-7.238070964813232,0.0,0.0,0.0,0.0038135593220338985,0.08598991110360389,28,720,-1,-1,-1,0.0
stage3b_full_swarm_final,6,434906,1073,6,1400,950,4,35,True,-7.223984241485596,0.0,0.0,0.0,0.002542372881355932,0.08660953332350968,14,720,-1,-1,-1,0.0
stage3b_full_swarm_final,6,439226,1074,6,1400,950,4,35,True,-7.213736057281494,0.0,0.0,0.0,0.00423728813559322,0.07851368853158353,12,720,-1,-1,-1,0.0
stage3b_full_swarm_final,6,443546,1075,6,1400,950,4,35,True,-7.1834492683410645,0.0,0.0,0.0,0.005508474576271186,0.06087796101454404,24,720,-1,-1,-1,0.0
stage3b_full_swarm_final,6,447866,1076,6,1400,950,4,35,True,-7.465576171875,0.0,0.0,0.0,0.0038135593220338985,0.055021406969710904,13,720,-1,-1,-1,0.0
stage3b_full_swarm_final,6,452186,1077,6,1400,950,4,35,True,-7.225927352905273,0.0,0.0,0.0,0.0038135593220338985,0.07878562657429873,20,720,-1,-1,-1,0.0
stage3b_full_swarm_final,6,456506,1078,6,1400,950,4,35,True,-7.229665756225586,0.0,0.0,0.0,0.004661016949152543,0.07916909192197771,20,720,-1,-1,-1,0.0
stage3b_full_swarm_final,6,460826,1079,6,1400,950,4,35,True,-7.223403453826904,0.0,0.0,0.0,0.005932203389830509,0.1304117264238475,30,720,-1,-1,-1,0.0
stage3b_full_swarm_final,6,465146,1080,6,1400,950,4,35,True,-7.20991849899292,0.0,0.0,0.0,0.008050847457627118,0.1254014524084158,42,720,-1,-1,-1,0.0
stage3b_full_swarm_final,6,469466,1081,6,1400,950,4,35,True,-7.48074197769165,0.0,0.0,0.0,0.007203389830508475,0.11188091465155592,34,720,-1,-1,-1,0.0
stage3b_full_swarm_final,6,473786,1082,6,1400,950,4,35,True,-7.7177414894104,0.0,0.0,0.0,0.011016949152542373,0.07872985865246004,66,720,-1,-1,-1,0.0
stage3b_full_swarm_final,6,478106,1083,6,1400,950,4,35,True,-7.425331115722656,0.0,0.0,0.0,0.01652542372881356,0.08590183147588741,99,720,-1,-1,-1,0.0
stage3b_full_swarm_final,6,482426,1084,6,1400,950,4,35,True,-7.214702606201172,0.0,0.0,0.0,0.009322033898305085,0.07390325613274332,54,720,-1,-1,-1,0.0
stage3b_full_swarm_final,6,486746,1085,6,1400,950,4,35,True,-8.23377513885498,0.0,0.0,0.0,0.006355932203389831,0.11418642138251689,52,720,-1,-1,-1,0.0
stage3b_full_swarm_final,6,491066,1086,6,1400,950,4,35,True,-5.051757335662842,2.0,2.0,0.0,0.00847457627118644,0.10066541819102927,59,720,29,-1,-1,0.0
stage3b_full_swarm_final,6,495386,1087,6,1400,950,4,35,True,-7.212402820587158,0.0,0.0,0.0,0.00423728813559322,0.06049067305737278,14,720,-1,-1,-1,0.0
stage3b_full_swarm_final,6,499706,1088,6,1400,950,4,35,True,-7.46819543838501,0.0,0.0,0.0,0.00847457627118644,0.11311166378921673,59,720,-1,-1,-1,0.0
