stage,stage_index,stage_attempt,global_step,episode,n_agents,width,height,n_targets,n_obstacles,mean_episode_reward,food_discovered,food_picked_up,food_retrieved,exploration_coverage,pheromone_usage,pheromone_deposit_events,food_source_respawns,food_units_remaining,episode_length,first_pickup_step,first_delivery_step,pickup_to_delivery_latency,delivery_conversion,carrying_stall_events,carrying_stall_fraction,carrying_low_progress_fraction,carrying_low_displacement_fraction,carrying_penalty_total,non_carrying_nest_loiter_fraction,non_carrying_nest_crowding_fraction,non_carrying_nest_penalty_total,non_carrying_explore_active_fraction,non_carrying_outward_reward_total,non_carrying_idle_near_nest_fraction,non_carrying_idle_near_nest_penalty_total,non_carrying_force_explore_fraction,non_carrying_force_explore_overrides,non_carrying_random_explore_fraction,non_carrying_random_explore_overrides,post_delivery_active_fraction,post_delivery_outward_reward,post_delivery_loiter_penalty_total,swarm_efficiency
stage1a_single_agent_miniscule,1,1,12,1,1,50,50,1,0,191.26600646972656,4.0,4.0,4.0,0.3333333333333333,0.0,0,0,0,12,9,9,0,1.0,0,0.0,0.0,0.0,0.0,0.0,0.0,0.0,0.0,0.0,0.0,0.0,0.0,0.0,0.0,0.0,0.0,0.0,0.0,0.3333333333333333
stage1a_single_agent_miniscule,1,1,30,2,1,50,50,1,0,190.204345703125,4.0,4.0,4.0,0.2222222222222222,0.0,0,0,0,18,14,14,0,1.0,0,0.0,0.0,0.0,0.0,0.0,0.0,0.0,0.0,0.0,0.0,0.0,0.0,0.0,0.0,0.0,0.0,0.0,0.0,0.2222222222222222
stage1a_single_agent_miniscule,1,1,44,3,1,50,50,1,0,191.31411743164062,4.0,4.0,4.0,0.3333333333333333,0.0,0,0,0,14,10,10,0,1.0,0,0.0,0.0,0.0,0.0,0.0,0.0,0.0,0.0,0.0,0.0,0.0,0.0,0.0,0.0,0.0,0.0,0.0,0.0,0.2857142857142857
stage1a_single_agent_miniscule,1,1,48,4,1,50,50,1,0,191.49200439453125,4.0,4.0,4.0,0.1111111111111111,0.0,0,0,0,4,1,1,0,1.0,0,0.0,0.0,0.0,0.0,0.0,0.0,0.0,0.0,0.0,0.0,0.0,0.0,0.0,0.0,0.0,0.0,0.0,0.0,1.0
stage1a_single_agent_miniscule,1,1,67,5,1,50,50,1,0,191.5139923095703,4.0,4.0,4.0,0.3333333333333333,0.0,0,0,0,19,10,10,0,1.0,0,0.0,0.0,0.0,0.0,0.0,0.0,0.0,0.0,0.0,0.0,0.0,0.0,0.0,0.0,0.0,0.0,0.0,0.0,0.21052631578947367
stage1a_single_agent_miniscule,1,1,85,6,1,50,50,1,0,190.23068237304688,4.0,4.0,4.0,0.2222222222222222,0.0,0,0,0,18,15,15,0,1.0,0,0.0,0.0,0.0,0.0,0.0,0.0,0.0,0.0,0.0,0.0,0.0,0.0,0.0,0.0,0.0,0.0,0.0,0.0,0.2222222222222222
stage1a_single_agent_miniscule,1,1,98,7,1,50,50,1,0,191.2586212158203,4.0,4.0,4.0,0.3333333333333333,0.0,0,0,0,13,10,10,0,1.0,0,0.0,0.0,0.0,0.0,0.0,0.0,0.0,0.0,0.0,0.0,0.0,0.0,0.0,0.0,0.0,0.0,0.0,0.0,0.3076923076923077
stage1a_single_agent_miniscule,1,1,144,8,1,50,50,1,0,189.26092529296875,4.0,4.0,4.0,0.3333333333333333,0.0,0,0,0,46,9,9,0,1.0,0,0.0,0.0,0.0,0.0,0.0,0.0,0.0,0.0,0.0,0.0,0.0,0.0,0.0,0.0,0.0,0.0,0.0,0.0,0.08695652173913043
stage1a_single_agent_miniscule,1,1,153,9,1,50,50,1,0,191.7850799560547,4.0,4.0,4.0,0.3333333333333333,0.0,0,0,0,9,5,5,0,1.0,0,0.0,0.0,0.0,0.0,0.0,0.0,0.0,0.0,0.0,0.0,0.0,0.0,0.0,0.0,0.0,0.0,0.0,0.0,0.4444444444444444
stage1a_single_agent_miniscule,1,1,171,10,1,50,50,1,0,190.2243194580078,4.0,4.0,4.0,0.2222222222222222,0.0,0,0,0,18,15,15,0,1.0,0,0.0,0.0,0.0,0.0,0.0,0.0,0.0,0.0,0.0,0.0,0.0,0.0,0.0,0.0,0.0,0.0,0.0,0.0,0.2222222222222222
stage1a_single_agent_miniscule,1,1,184,11,1,50,50,1,0,191.26638793945312,4.0,4.0,4.0,0.3333333333333333,0.0,0,0,0,13,7,7,0,1.0,0,0.0,0.0,0.0,0.0,0.0,0.0,0.0,0.0,0.0,0.0,0.0,0.0,0.0,0.0,0.0,0.0,0.0,0.0,0.3076923076923077
stage1a_single_agent_miniscule,1,1,203,12,1,50,50,1,0,190.9838104248047,4.0,4.0,4.0,0.2222222222222222,0.0,0,0,0,19,14,14,0,1.0,0,0.0,0.0,0.0,0.0,0.0,0.0,0.0,0.0,0.0,0.0,0.0,0.0,0.0,0.0,0.0,0.0,0.0,0.0,0.21052631578947367
stage1a_single_agent_miniscule,1,1,223,13,1,50,50,1,0,190.76231384277344,4.0,4.0,4.0,0.2222222222222222,0.0,0,0,0,20,17,17,0,1.0,0,0.0,0.0,0.0,0.0,0.0,0.0,0.0,0.0,0.0,0.0,0.0,0.0,0.0,0.0,0.0,0.0,0.0,0.0,0.2
stage1a_single_agent_miniscule,1,1,237,14,1,50,50,1,0,190.9866485595703,4.0,4.0,4.0,0.3333333333333333,0.0,0,0,0,14,10,10,0,1.0,0,0.0,0.0,0.0,0.0,0.0,0.0,0.0,0.0,0.0,0.0,0.0,0.0,0.0,0.0,0.0,0.0,0.0,0.0,0.2857142857142857
stage1a_single_agent_miniscule,1,1,241,15,1,50,50,1,0,191.49009704589844,4.0,4.0,4.0,0.1111111111111111,0.0,0,0,0,4,1,1,0,1.0,0,0.0,0.0,0.0,0.0,0.0,0.0,0.0,0.0,0.0,0.0,0.0,0.0,0.0,0.0,0.0,0.0,0.0,0.0,1.0
stage1a_single_agent_miniscule,1,1,260,16,1,50,50,1,0,191.5770721435547,4.0,4.0,4.0,0.4444444444444444,0.0,0,0,0,19,16,16,0,1.0,0,0.0,0.0,0.0,0.0,0.0,0.0,0.0,0.0,0.0,0.0,0.0,0.0,0.0,0.0,0.0,0.0,0.0,0.0,0.21052631578947367
stage1a_single_agent_miniscule,1,1,276,17,1,50,50,1,0,191.3067169189453,4.0,4.0,4.0,0.3333333333333333,0.0,0,0,0,16,13,13,0,1.0,0,0.0,0.0,0.0,0.0,0.0,0.0,0.0,0.0,0.0,0.0,0.0,0.0,0.0,0.0,0.0,0.0,0.0,0.0,0.25
stage1a_single_agent_miniscule,1,1,280,18,1,50,50,1,0,191.49200439453125,4.0,4.0,4.0,0.1111111111111111,0.0,0,0,0,4,1,1,0,1.0,0,0.0,0.0,0.0,0.0,0.0,0.0,0.0,0.0,0.0,0.0,0.0,0.0,0.0,0.0,0.0,0.0,0.0,0.0,1.0
stage1a_single_agent_miniscule,1,1,295,19,1,50,50,1,0,190.7524871826172,4.0,4.0,4.0,0.3333333333333333,0.0,0,0,0,15,12,12,0,1.0,0,0.0,0.0,0.0,0.0,0.0,0.0,0.0,0.0,0.0,0.0,0.0,0.0,0.0,0.0,0.0,0.0,0.0,0.0,0.26666666666666666
stage1a_single_agent_miniscule,1,1,315,20,1,50,50,1,0,190.54856872558594,4.0,4.0,4.0,0.3333333333333333,0.0,0,0,0,20,17,17,0,1.0,0,0.0,0.0,0.0,0.0,0.0,0.0,0.0,0.0,0.0,0.0,0.0,0.0,0.0,0.0,0.0,0.0,0.0,0.0,0.2
stage1a_single_agent_miniscule,1,1,330,21,1,50,50,1,0,191.03102111816406,4.0,4.0,4.0,0.2222222222222222,0.0,0,0,0,15,10,10,0,1.0,0,0.0,0.0,0.0,0.0,0.0,0.0,0.0,0.0,0.0,0.0,0.0,0.0,0.0,0.0,0.0,0.0,0.0,0.0,0.26666666666666666
stage1a_single_agent_miniscule,1,1,342,22,1,50,50,1,0,191.26600646972656,4.0,4.0,4.0,0.3333333333333333,0.0,0,0,0,12,9,9,0,1.0,0,0.0,0.0,0.0,0.0,0.0,0.0,0.0,0.0,0.0,0.0,0.0,0.0,0.0,0.0,0.0,0.0,0.0,0.0,0.3333333333333333
stage1a_single_agent_miniscule,1,1,346,23,1,50,50,1,0,191.49200439453125,4.0,4.0,4.0,0.1111111111111111,0.0,0,0,0,4,1,1,0,1.0,0,0.0,0.0,0.0,0.0,0.0,0.0,0.0,0.0,0.0,0.0,0.0,0.0,0.0,0.0,0.0,0.0,0.0,0.0,1.0
stage1a_single_agent_miniscule,1,1,355,24,1,50,50,1,0,191.28565979003906,4.0,4.0,4.0,0.3333333333333333,0.0,0,0,0,9,6,6,0,1.0,0,0.0,0.0,0.0,0.0,0.0,0.0,0.0,0.0,0.0,0.0,0.0,0.0,0.0,0.0,0.0,0.0,0.0,0.0,0.4444444444444444
stage1a_single_agent_miniscule,1,1,372,25,1,50,50,1,0,191.0345458984375,4.0,4.0,4.0,0.2222222222222222,0.0,0,0,0,17,14,14,0,1.0,0,0.0,0.0,0.0,0.0,0.0,0.0,0.0,0.0,0.0,0.0,0.0,0.0,0.0,0.0,0.0,0.0,0.0,0.0,0.23529411764705882
stage1a_single_agent_miniscule,1,1,403,26,1,50,50,1,0,190.5299530029297,4.0,4.0,4.0,0.4444444444444444,0.0,0,0,0,31,13,13,0,1.0,0,0.0,0.0,0.0,0.0,0.0,0.0,0.0,0.0,0.0,0.0,0.0,0.0,0.0,0.0,0.0,0.0,0.0,0.0,0.12903225806451613
stage1a_single_agent_miniscule,1,1,416,27,1,50,50,1,0,191.2584686279297,4.0,4.0,4.0,0.3333333333333333,0.0,0,0,0,13,10,10,0,1.0,0,0.0,0.0,0.0,0.0,0.0,0.0,0.0,0.0,0.0,0.0,0.0,0.0,0.0,0.0,0.0,0.0,0.0,0.0,0.3076923076923077
stage1a_single_agent_miniscule,1,1,420,28,1,50,50,1,0,191.49200439453125,4.0,4.0,4.0,0.1111111111111111,0.0,0,0,0,4,1,1,0,1.0,0,0.0,0.0,0.0,0.0,0.0,0.0,0.0,0.0,0.0,0.0,0.0,0.0,0.0,0.0,0.0,0.0,0.0,0.0,1.0
stage1a_single_agent_miniscule,1,1,435,29,1,50,50,1,0,191.8046417236328,4.0,4.0,4.0,0.3333333333333333,0.0,0,0,0,15,12,12,0,1.0,0,0.0,0.0,0.0,0.0,0.0,0.0,0.0,0.0,0.0,0.0,0.0,0.0,0.0,0.0,0.0,0.0,0.0,0.0,0.26666666666666666
stage1a_single_agent_miniscule,1,1,439,30,1,50,50,1,0,191.49200439453125,4.0,4.0,4.0,0.1111111111111111,0.0,0,0,0,4,1,1,0,1.0,0,0.0,0.0,0.0,0.0,0.0,0.0,0.0,0.0,0.0,0.0,0.0,0.0,0.0,0.0,0.0,0.0,0.0,0.0,1.0
stage1a_single_agent_miniscule,1,1,481,31,1,50,50,1,0,190.0245361328125,4.0,4.0,4.0,0.4444444444444444,0.0,0,0,0,42,11,11,0,1.0,0,0.0,0.0,0.0,0.0,0.0,0.0,0.0,0.0,0.0,0.0,0.0,0.0,0.0,0.0,0.0,0.0,0.0,0.0,0.09523809523809523
stage1a_single_agent_miniscule,1,1,499,32,1,50,50,1,0,191.0182647705078,4.0,4.0,4.0,0.4444444444444444,0.0,0,0,0,18,15,15,0,1.0,0,0.0,0.0,0.0,0.0,0.0,0.0,0.0,0.0,0.0,0.0,0.0,0.0,0.0,0.0,0.0,0.0,0.0,0.0,0.2222222222222222
stage1a_single_agent_miniscule,1,1,516,33,1,50,50,1,0,190.47727966308594,4.0,4.0,4.0,0.2222222222222222,0.0,0,0,0,17,13,13,0,1.0,0,0.0,0.0,0.0,0.0,0.0,0.0,0.0,0.0,0.0,0.0,0.0,0.0,0.0,0.0,0.0,0.0,0.0,0.0,0.23529411764705882
stage1a_single_agent_miniscule,1,1,532,34,1,50,50,1,0,190.7339324951172,4.0,4.0,4.0,0.2222222222222222,0.0,0,0,0,16,11,11,0,1.0,0,0.0,0.0,0.0,0.0,0.0,0.0,0.0,0.0,0.0,0.0,0.0,0.0,0.0,0.0,0.0,0.0,0.0,0.0,0.25
stage1a_single_agent_miniscule,1,1,541,35,1,50,50,1,0,191.5354766845703,4.0,4.0,4.0,0.3333333333333333,0.0,0,0,0,9,6,6,0,1.0,0,0.0,0.0,0.0,0.0,0.0,0.0,0.0,0.0,0.0,0.0,0.0,0.0,0.0,0.0,0.0,0.0,0.0,0.0,0.4444444444444444
stage1a_single_agent_miniscule,1,1,557,36,1,50,50,1,0,191.03720092773438,4.0,4.0,4.0,0.2222222222222222,0.0,0,0,0,16,12,12,0,1.0,0,0.0,0.0,0.0,0.0,0.0,0.0,0.0,0.0,0.0,0.0,0.0,0.0,0.0,0.0,0.0,0.0,0.0,0.0,0.25
stage1a_single_agent_miniscule,1,1,574,37,1,50,50,1,0,190.74942016601562,4.0,4.0,4.0,0.3333333333333333,0.0,0,0,0,17,13,13,0,1.0,0,0.0,0.0,0.0,0.0,0.0,0.0,0.0,0.0,0.0,0.0,0.0,0.0,0.0,0.0,0.0,0.0,0.0,0.0,0.23529411764705882
stage1a_single_agent_miniscule,1,1,594,38,1,50,50,1,0,189.9720916748047,4.0,4.0,4.0,0.2222222222222222,0.0,0,0,0,20,16,16,0,1.0,0,0.0,0.0,0.0,0.0,0.0,0.0,0.0,0.0,0.0,0.0,0.0,0.0,0.0,0.0,0.0,0.0,0.0,0.0,0.2
stage1a_single_agent_miniscule,1,1,611,39,1,50,50,1,0,191.29730224609375,4.0,4.0,4.0,0.3333333333333333,0.0,0,0,0,17,11,11,0,1.0,0,0.0,0.0,0.0,0.0,0.0,0.0,0.0,0.0,0.0,0.0,0.0,0.0,0.0,0.0,0.0,0.0,0.0,0.0,0.23529411764705882
stage1a_single_agent_miniscule,1,1,645,40,1,50,50,1,0,190.54156494140625,4.0,4.0,4.0,0.3333333333333333,0.0,0,0,0,34,11,11,0,1.0,0,0.0,0.0,0.0,0.0,0.0,0.0,0.0,0.0,0.0,0.0,0.0,0.0,0.0,0.0,0.0,0.0,0.0,0.0,0.11764705882352941
stage1a_single_agent_miniscule,1,1,661,41,1,50,50,1,0,191.21868896484375,4.0,4.0,4.0,0.2222222222222222,0.0,0,0,0,16,12,12,0,1.0,0,0.0,0.0,0.0,0.0,0.0,0.0,0.0,0.0,0.0,0.0,0.0,0.0,0.0,0.0,0.0,0.0,0.0,0.0,0.25
stage1a_single_agent_miniscule,1,1,675,42,1,50,50,1,0,191.50779724121094,4.0,4.0,4.0,0.3333333333333333,0.0,0,0,0,14,11,11,0,1.0,0,0.0,0.0,0.0,0.0,0.0,0.0,0.0,0.0,0.0,0.0,0.0,0.0,0.0,0.0,0.0,0.0,0.0,0.0,0.2857142857142857
stage1a_single_agent_miniscule,1,1,679,43,1,50,50,1,0,191.49200439453125,4.0,4.0,4.0,0.1111111111111111,0.0,0,0,0,4,1,1,0,1.0,0,0.0,0.0,0.0,0.0,0.0,0.0,0.0,0.0,0.0,0.0,0.0,0.0,0.0,0.0,0.0,0.0,0.0,0.0,1.0
stage1a_single_agent_miniscule,1,1,711,44,1,50,50,1,0,190.58470153808594,4.0,4.0,4.0,0.3333333333333333,0.0,0,0,0,32,10,10,0,1.0,0,0.0,0.0,0.0,0.0,0.0,0.0,0.0,0.0,0.0,0.0,0.0,0.0,0.0,0.0,0.0,0.0,0.0,0.0,0.125
stage1a_single_agent_miniscule,1,1,725,45,1,50,50,1,0,191.01431274414062,4.0,4.0,4.0,0.3333333333333333,0.0,0,0,0,14,8,8,0,1.0,0,0.0,0.0,0.0,0.0,0.0,0.0,0.0,0.0,0.0,0.0,0.0,0.0,0.0,0.0,0.0,0.0,0.0,0.0,0.2857142857142857
stage1a_single_agent_miniscule,1,1,737,46,1,50,50,1,0,191.26600646972656,4.0,4.0,4.0,0.3333333333333333,0.0,0,0,0,12,9,9,0,1.0,0,0.0,0.0,0.0,0.0,0.0,0.0,0.0,0.0,0.0,0.0,0.0,0.0,0.0,0.0,0.0,0.0,0.0,0.0,0.3333333333333333
stage1a_single_agent_miniscule,1,1,754,47,1,50,50,1,0,191.0345001220703,4.0,4.0,4.0,0.2222222222222222,0.0,0,0,0,17,14,14,0,1.0,0,0.0,0.0,0.0,0.0,0.0,0.0,0.0,0.0,0.0,0.0,0.0,0.0,0.0,0.0,0.0,0.0,0.0,0.0,0.23529411764705882
stage1a_single_agent_miniscule,1,1,770,48,1,50,50,1,0,190.75108337402344,4.0,4.0,4.0,0.3333333333333333,0.0,0,0,0,16,13,13,0,1.0,0,0.0,0.0,0.0,0.0,0.0,0.0,0.0,0.0,0.0,0.0,0.0,0.0,0.0,0.0,0.0,0.0,0.0,0.0,0.25
stage1a_single_agent_miniscule,1,1,790,49,1,50,50,1,0,190.7892608642578,4.0,4.0,4.0,0.3333333333333333,0.0,0,0,0,20,13,13,0,1.0,0,0.0,0.0,0.0,0.0,0.0,0.0,0.0,0.0,0.0,0.0,0.0,0.0,0.0,0.0,0.0,0.0,0.0,0.0,0.2
stage1a_single_agent_miniscule,1,1,820,50,1,50,50,1,0,191.30638122558594,4.0,4.0,4.0,0.4444444444444444,0.0,0,0,0,30,5,5,0,1.0,0,0.0,0.0,0.0,0.0,0.0,0.0,0.0,0.0,0.0,0.0,0.0,0.0,0.0,0.0,0.0,0.0,0.0,0.0,0.13333333333333333
stage1a_single_agent_miniscule,1,1,833,51,1,50,50,1,0,190.98960876464844,4.0,4.0,4.0,0.2222222222222222,0.0,0,0,0,13,9,9,0,1.0,0,0.0,0.0,0.0,0.0,0.0,0.0,0.0,0.0,0.0,0.0,0.0,0.0,0.0,0.0,0.0,0.0,0.0,0.0,0.3076923076923077
stage1a_single_agent_miniscule,1,1,850,52,1,50,50,1,0,191.2945556640625,4.0,4.0,4.0,0.3333333333333333,0.0,0,0,0,17,13,13,0,1.0,0,0.0,0.0,0.0,0.0,0.0,0.0,0.0,0.0,0.0,0.0,0.0,0.0,0.0,0.0,0.0,0.0,0.0,0.0,0.23529411764705882
stage1a_single_agent_miniscule,1,1,854,53,1,50,50,1,0,191.4901580810547,4.0,4.0,4.0,0.1111111111111111,0.0,0,0,0,4,1,1,0,1.0,0,0.0,0.0,0.0,0.0,0.0,0.0,0.0,0.0,0.0,0.0,0.0,0.0,0.0,0.0,0.0,0.0,0.0,0.0,1.0
stage1a_single_agent_miniscule,1,1,867,54,1,50,50,1,0,190.72523498535156,4.0,4.0,4.0,0.2222222222222222,0.0,0,0,0,13,10,10,0,1.0,0,0.0,0.0,0.0,0.0,0.0,0.0,0.0,0.0,0.0,0.0,0.0,0.0,0.0,0.0,0.0,0.0,0.0,0.0,0.3076923076923077
stage1a_single_agent_miniscule,1,1,881,55,1,50,50,1,0,191.52488708496094,4.0,4.0,4.0,0.2222222222222222,0.0,0,0,0,14,10,10,0,1.0,0,0.0,0.0,0.0,0.0,0.0,0.0,0.0,0.0,0.0,0.0,0.0,0.0,0.0,0.0,0.0,0.0,0.0,0.0,0.2857142857142857
stage1a_single_agent_miniscule,1,1,893,56,1,50,50,1,0,191.26600646972656,4.0,4.0,4.0,0.3333333333333333,0.0,0,0,0,12,9,9,0,1.0,0,0.0,0.0,0.0,0.0,0.0,0.0,0.0,0.0,0.0,0.0,0.0,0.0,0.0,0.0,0.0,0.0,0.0,0.0,0.3333333333333333
stage1a_single_agent_miniscule,1,1,907,57,1,50,50,1,0,190.7387237548828,4.0,4.0,4.0,0.2222222222222222,0.0,0,0,0,14,11,11,0,1.0,0,0.0,0.0,0.0,0.0,0.0,0.0,0.0,0.0,0.0,0.0,0.0,0.0,0.0,0.0,0.0,0.0,0.0,0.0,0.2857142857142857
stage1a_single_agent_miniscule,1,1,918,58,1,50,50,1,0,191.2580108642578,4.0,4.0,4.0,0.3333333333333333,0.0,0,0,0,11,8,8,0,1.0,0,0.0,0.0,0.0,0.0,0.0,0.0,0.0,0.0,0.0,0.0,0.0,0.0,0.0,0.0,0.0,0.0,0.0,0.0,0.36363636363636365
stage1a_single_agent_miniscule,1,1,931,59,1,50,50,1,0,191.27723693847656,4.0,4.0,4.0,0.3333333333333333,0.0,0,0,0,13,9,9,0,1.0,0,0.0,0.0,0.0,0.0,0.0,0.0,0.0,0.0,0.0,0.0,0.0,0.0,0.0,0.0,0.0,0.0,0.0,0.0,0.3076923076923077
stage1a_single_agent_miniscule,1,1,962,60,1,50,50,1,0,189.48696899414062,4.0,4.0,4.0,0.2222222222222222,0.0,0,0,0,31,27,27,0,1.0,0,0.0,0.0,0.0,0.0,0.0,0.0,0.0,0.0,0.0,0.0,0.0,0.0,0.0,0.0,0.0,0.0,0.0,0.0,0.12903225806451613
stage1a_single_agent_miniscule,1,1,973,61,1,50,50,1,0,191.5080108642578,4.0,4.0,4.0,0.3333333333333333,0.0,0,0,0,11,8,8,0,1.0,0,0.0,0.0,0.0,0.0,0.0,0.0,0.0,0.0,0.0,0.0,0.0,0.0,0.0,0.0,0.0,0.0,0.0,0.0,0.36363636363636365
stage1a_single_agent_miniscule,1,1,1024,62,1,50,50,1,0,189.29237365722656,4.0,4.0,4.0,0.4444444444444444,0.0,0,0,0,51,48,48,0,1.0,0,0.0,0.0,0.0,0.0,0.0,0.0,0.0,0.0,0.0,0.0,0.0,0.0,0.0,0.0,0.0,0.0,0.0,0.0,0.0784313725490196
stage1a_single_agent_miniscule,1,1,1037,63,1,50,50,1,0,191.0270233154297,4.0,4.0,4.0,0.3333333333333333,0.0,0,0,0,13,10,10,0,1.0,0,0.0,0.0,0.0,0.0,0.0,0.0,0.0,0.0,0.0,0.0,0.0,0.0,0.0,0.0,0.0,0.0,0.0,0.0,0.3076923076923077
stage1a_single_agent_miniscule,1,1,1052,64,1,50,50,1,0,191.79876708984375,4.0,4.0,4.0,0.3333333333333333,0.0,0,0,0,15,12,12,0,1.0,0,0.0,0.0,0.0,0.0,0.0,0.0,0.0,0.0,0.0,0.0,0.0,0.0,0.0,0.0,0.0,0.0,0.0,0.0,0.26666666666666666
stage1a_single_agent_miniscule,1,1,1079,65,1,50,50,1,0,190.51510620117188,4.0,4.0,4.0,0.3333333333333333,0.0,0,0,0,27,5,5,0,1.0,0,0.0,0.0,0.0,0.0,0.0,0.0,0.0,0.0,0.0,0.0,0.0,0.0,0.0,0.0,0.0,0.0,0.0,0.0,0.14814814814814814
stage1a_single_agent_miniscule,1,1,1103,66,1,50,50,1,0,190.51686096191406,4.0,4.0,4.0,0.3333333333333333,0.0,0,0,0,24,21,21,0,1.0,0,0.0,0.0,0.0,0.0,0.0,0.0,0.0,0.0,0.0,0.0,0.0,0.0,0.0,0.0,0.0,0.0,0.0,0.0,0.16666666666666666
stage1a_single_agent_miniscule,1,1,1125,67,1,50,50,1,0,191.58175659179688,4.0,4.0,4.0,0.4444444444444444,0.0,0,0,0,22,15,15,0,1.0,0,0.0,0.0,0.0,0.0,0.0,0.0,0.0,0.0,0.0,0.0,0.0,0.0,0.0,0.0,0.0,0.0,0.0,0.0,0.18181818181818182
stage1a_single_agent_miniscule,1,1,1140,68,1,50,50,1,0,191.4922332763672,4.0,4.0,4.0,0.3333333333333333,0.0,0,0,0,15,5,5,0,1.0,0,0.0,0.0,0.0,0.0,0.0,0.0,0.0,0.0,0.0,0.0,0.0,0.0,0.0,0.0,0.0,0.0,0.0,0.0,0.26666666666666666
stage1a_single_agent_miniscule,1,1,1173,69,1,50,50,1,0,189.74945068359375,4.0,4.0,4.0,0.2222222222222222,0.0,0,0,0,33,29,29,0,1.0,0,0.0,0.0,0.0,0.0,0.0,0.0,0.0,0.0,0.0,0.0,0.0,0.0,0.0,0.0,0.0,0.0,0.0,0.0,0.12121212121212122
stage1a_single_agent_miniscule,1,1,1192,70,1,50,50,1,0,191.2601776123047,4.0,4.0,4.0,0.3333333333333333,0.0,0,0,0,19,16,16,0,1.0,0,0.0,0.0,0.0,0.0,0.0,0.0,0.0,0.0,0.0,0.0,0.0,0.0,0.0,0.0,0.0,0.0,0.0,0.0,0.21052631578947367
stage1a_single_agent_miniscule,1,1,1207,71,1,50,50,1,0,191.78492736816406,4.0,4.0,4.0,0.3333333333333333,0.0,0,0,0,15,12,12,0,1.0,0,0.0,0.0,0.0,0.0,0.0,0.0,0.0,0.0,0.0,0.0,0.0,0.0,0.0,0.0,0.0,0.0,0.0,0.0,0.26666666666666666
stage1a_single_agent_miniscule,1,1,1222,72,1,50,50,1,0,191.26705932617188,4.0,4.0,4.0,0.2222222222222222,0.0,0,0,0,15,7,7,0,1.0,0,0.0,0.0,0.0,0.0,0.0,0.0,0.0,0.0,0.0,0.0,0.0,0.0,0.0,0.0,0.0,0.0,0.0,0.0,0.26666666666666666
stage1a_single_agent_miniscule,1,1,1239,73,1,50,50,1,0,191.25271606445312,4.0,4.0,4.0,0.3333333333333333,0.0,0,0,0,17,14,14,0,1.0,0,0.0,0.0,0.0,0.0,0.0,0.0,0.0,0.0,0.0,0.0,0.0,0.0,0.0,0.0,0.0,0.0,0.0,0.0,0.23529411764705882
stage1a_single_agent_miniscule,1,1,1243,74,1,50,50,1,0,191.49200439453125,4.0,4.0,4.0,0.1111111111111111,0.0,0,0,0,4,1,1,0,1.0,0,0.0,0.0,0.0,0.0,0.0,0.0,0.0,0.0,0.0,0.0,0.0,0.0,0.0,0.0,0.0,0.0,0.0,0.0,1.0
stage1a_single_agent_miniscule,1,1,1258,75,1,50,50,1,0,191.2904815673828,4.0,4.0,4.0,0.2222222222222222,0.0,0,0,0,15,11,11,0,1.0,0,0.0,0.0,0.0,0.0,0.0,0.0,0.0,0.0,0.0,0.0,0.0,0.0,0.0,0.0,0.0,0.0,0.0,0.0,0.26666666666666666
stage1a_single_agent_miniscule,1,1,1275,76,1,50,50,1,0,191.0038604736328,4.0,4.0,4.0,0.3333333333333333,0.0,0,0,0,17,13,13,0,1.0,0,0.0,0.0,0.0,0.0,0.0,0.0,0.0,0.0,0.0,0.0,0.0,0.0,0.0,0.0,0.0,0.0,0.0,0.0,0.23529411764705882
stage1a_single_agent_miniscule,1,1,1284,77,1,50,50,1,0,192.02435302734375,4.0,4.0,4.0,0.3333333333333333,0.0,0,0,0,9,5,5,0,1.0,0,0.0,0.1111111111111111,0.0,-0.04,0.0,0.0,0.0,0.0,0.0,0.0,0.0,0.0,0.0,0.0,0.0,0.0,0.0,0.0,0.4444444444444444
stage1a_single_agent_miniscule,1,1,1298,78,1,50,50,1,0,191.31201171875,4.0,4.0,4.0,0.3333333333333333,0.0,0,0,0,14,9,9,0,1.0,0,0.0,0.0,0.0,0.0,0.0,0.0,0.0,0.0,0.0,0.0,0.0,0.0,0.0,0.0,0.0,0.0,0.0,0.0,0.2857142857142857
stage1a_single_agent_miniscule,1,1,1307,79,1,50,50,1,0,191.51461791992188,4.0,4.0,4.0,0.3333333333333333,0.0,0,0,0,9,6,6,0,1.0,0,0.0,0.0,0.0,0.0,0.0,0.0,0.0,0.0,0.0,0.0,0.0,0.0,0.0,0.0,0.0,0.0,0.0,0.0,0.4444444444444444
stage1a_single_agent_miniscule,1,1,1314,80,1,50,50,1,0,191.50599670410156,4.0,4.0,4.0,0.2222222222222222,0.0,0,0,0,7,4,4,0,1.0,0,0.0,0.0,0.0,0.0,0.0,0.0,0.0,0.0,0.0,0.0,0.0,0.0,0.0,0.0,0.0,0.0,0.0,0.0,0.5714285714285714
stage1a_single_agent_miniscule,1,1,1346,81,1,50,50,1,0,191.05029296875,4.0,4.0,4.0,0.4444444444444444,0.0,0,0,0,32,5,5,0,1.0,0,0.0,0.0,0.0,0.0,0.0,0.0,0.0,0.0,0.0,0.0,0.0,0.0,0.0,0.0,0.0,0.0,0.0,0.0,0.125
stage1a_single_agent_miniscule,1,1,1377,82,1,50,50,1,0,189.99684143066406,4.0,4.0,4.0,0.3333333333333333,0.0,0,0,0,31,26,26,0,1.0,0,0.0,0.0,0.0,0.0,0.0,0.0,0.0,0.0,0.0,0.0,0.0,0.0,0.0,0.0,0.0,0.0,0.0,0.0,0.12903225806451613
stage1a_single_agent_miniscule,1,1,1386,83,1,50,50,1,0,191.52200317382812,4.0,4.0,4.0,0.3333333333333333,0.0,0,0,0,9,5,5,0,1.0,0,0.0,0.0,0.0,0.0,0.0,0.0,0.0,0.0,0.0,0.0,0.0,0.0,0.0,0.0,0.0,0.0,0.0,0.0,0.4444444444444444
stage1a_single_agent_miniscule,1,1,1397,84,1,50,50,1,0,191.5080108642578,4.0,4.0,4.0,0.3333333333333333,0.0,0,0,0,11,5,5,0,1.0,0,0.0,0.0,0.0,0.0,0.0,0.0,0.0,0.0,0.0,0.0,0.0,0.0,0.0,0.0,0.0,0.0,0.0,0.0,0.36363636363636365
stage1a_single_agent_miniscule,1,1,1419,85,1,50,50,1,0,191.58128356933594,4.0,4.0,4.0,0.4444444444444444,0.0,0,0,0,22,15,15,0,1.0,0,0.0,0.0,0.0,0.0,0.0,0.0,0.0,0.0,0.0,0.0,0.0,0.0,0.0,0.0,0.0,0.0,0.0,0.0,0.18181818181818182
stage1a_single_agent_miniscule,1,1,1430,86,1,50,50,1,0,191.53932189941406,4.0,4.0,4.0,0.2222222222222222,0.0,0,0,0,11,5,5,0,1.0,0,0.0,0.0,0.0,0.0,0.0,0.0,0.0,0.0,0.0,0.0,0.0,0.0,0.0,0.0,0.0,0.0,0.0,0.0,0.36363636363636365
stage1a_single_agent_miniscule,1,1,1448,87,1,50,50,1,0,190.5255889892578,4.0,4.0,4.0,0.2222222222222222,0.0,0,0,0,18,15,15,0,1.0,0,0.0,0.0,0.0,0.0,0.0,0.0,0.0,0.0,0.0,0.0,0.0,0.0,0.0,0.0,0.0,0.0,0.0,0.0,0.2222222222222222
stage1a_single_agent_miniscule,1,1,1462,88,1,50,50,1,0,191.2532196044922,4.0,4.0,4.0,0.3333333333333333,0.0,0,0,0,14,11,11,0,1.0,0,0.0,0.0,0.0,0.0,0.0,0.0,0.0,0.0,0.0,0.0,0.0,0.0,0.0,0.0,0.0,0.0,0.0,0.0,0.2857142857142857
stage1a_single_agent_miniscule,1,1,1484,89,1,50,50,1,0,191.03468322753906,4.0,4.0,4.0,0.3333333333333333,0.0,0,0,0,22,19,19,0,1.0,0,0.0,0.0,0.0,0.0,0.0,0.0,0.0,0.0,0.0,0.0,0.0,0.0,0.0,0.0,0.0,0.0,0.0,0.0,0.18181818181818182
stage1a_single_agent_miniscule,1,1,1501,90,1,50,50,1,0,191.3353271484375,4.0,4.0,4.0,0.3333333333333333,0.0,0,0,0,17,14,14,0,1.0,0,0.0,0.0,0.0,0.0,0.0,0.0,0.0,0.0,0.0,0.0,0.0,0.0,0.0,0.0,0.0,0.0,0.0,0.0,0.23529411764705882
stage1a_single_agent_miniscule,1,1,1517,91,1,50,50,1,0,190.49081420898438,4.0,4.0,4.0,0.3333333333333333,0.0,0,0,0,16,13,13,0,1.0,0,0.0,0.0,0.0,0.0,0.0,0.0,0.0,0.0,0.0,0.0,0.0,0.0,0.0,0.0,0.0,0.0,0.0,0.0,0.25
stage1a_single_agent_miniscule,1,1,1532,92,1,50,50,1,0,191.28964233398438,4.0,4.0,4.0,0.2222222222222222,0.0,0,0,0,15,11,11,0,1.0,0,0.0,0.0,0.0,0.0,0.0,0.0,0.0,0.0,0.0,0.0,0.0,0.0,0.0,0.0,0.0,0.0,0.0,0.0,0.26666666666666666
stage1a_single_agent_miniscule,1,1,1547,93,1,50,50,1,0,191.02157592773438,4.0,4.0,4.0,0.2222222222222222,0.0,0,0,0,15,12,12,0,1.0,0,0.0,0.0,0.0,0.0,0.0,0.0,0.0,0.0,0.0,0.0,0.0,0.0,0.0,0.0,0.0,0.0,0.0,0.0,0.26666666666666666
stage1a_single_agent_miniscule,1,1,1551,94,1,50,50,1,0,191.49200439453125,4.0,4.0,4.0,0.1111111111111111,0.0,0,0,0,4,1,1,0,1.0,0,0.0,0.0,0.0,0.0,0.0,0.0,0.0,0.0,0.0,0.0,0.0,0.0,0.0,0.0,0.0,0.0,0.0,0.0,1.0
stage1a_single_agent_miniscule,1,1,1564,95,1,50,50,1,0,191.2563018798828,4.0,4.0,4.0,0.3333333333333333,0.0,0,0,0,13,10,10,0,1.0,0,0.0,0.0,0.0,0.0,0.0,0.0,0.0,0.0,0.0,0.0,0.0,0.0,0.0,0.0,0.0,0.0,0.0,0.0,0.3076923076923077
stage1a_single_agent_miniscule,1,1,1568,96,1,50,50,1,0,191.49020385742188,4.0,4.0,4.0,0.1111111111111111,0.0,0,0,0,4,1,1,0,1.0,0,0.0,0.0,0.0,0.0,0.0,0.0,0.0,0.0,0.0,0.0,0.0,0.0,0.0,0.0,0.0,0.0,0.0,0.0,1.0
stage1a_single_agent_miniscule,1,1,1578,97,1,50,50,1,0,191.49000549316406,4.0,4.0,4.0,0.2222222222222222,0.0,0,0,0,10,7,7,0,1.0,0,0.0,0.0,0.0,0.0,0.0,0.0,0.0,0.0,0.0,0.0,0.0,0.0,0.0,0.0,0.0,0.0,0.0,0.0,0.4
stage1a_single_agent_miniscule,1,1,1595,98,1,50,50,1,0,191.31369018554688,4.0,4.0,4.0,0.4444444444444444,0.0,0,0,0,17,14,14,0,1.0,0,0.0,0.0,0.0,0.0,0.0,0.0,0.0,0.0,0.0,0.0,0.0,0.0,0.0,0.0,0.0,0.0,0.0,0.0,0.23529411764705882
stage1a_single_agent_miniscule,1,1,1609,99,1,50,50,1,0,191.79994201660156,4.0,4.0,4.0,0.3333333333333333,0.0,0,0,0,14,11,11,0,1.0,0,0.0,0.0,0.0,0.0,0.0,0.0,0.0,0.0,0.0,0.0,0.0,0.0,0.0,0.0,0.0,0.0,0.0,0.0,0.2857142857142857
stage1a_single_agent_miniscule,1,1,1624,100,1,50,50,1,0,191.0093994140625,4.0,4.0,4.0,0.2222222222222222,0.0,0,0,0,15,12,12,0,1.0,0,0.0,0.0,0.0,0.0,0.0,0.0,0.0,0.0,0.0,0.0,0.0,0.0,0.0,0.0,0.0,0.0,0.0,0.0,0.26666666666666666
stage1a_single_agent_miniscule,1,1,1642,101,1,50,50,1,0,190.52584838867188,4.0,4.0,4.0,0.2222222222222222,0.0,0,0,0,18,15,15,0,1.0,0,0.0,0.0,0.0,0.0,0.0,0.0,0.0,0.0,0.0,0.0,0.0,0.0,0.0,0.0,0.0,0.0,0.0,0.0,0.2222222222222222
stage1a_single_agent_miniscule,1,1,1660,102,1,50,50,1,0,190.72439575195312,4.0,4.0,4.0,0.3333333333333333,0.0,0,0,0,18,13,13,0,1.0,0,0.0,0.0,0.0,0.0,0.0,0.0,0.0,0.0,0.0,0.0,0.0,0.0,0.0,0.0,0.0,0.0,0.0,0.0,0.2222222222222222
stage1a_single_agent_miniscule,1,1,1676,103,1,50,50,1,0,191.02783203125,4.0,4.0,4.0,0.3333333333333333,0.0,0,0,0,16,13,13,0,1.0,0,0.0,0.0,0.0,0.0,0.0,0.0,0.0,0.0,0.0,0.0,0.0,0.0,0.0,0.0,0.0,0.0,0.0,0.0,0.25
stage1a_single_agent_miniscule,1,1,1704,104,1,50,50,1,0,189.93984985351562,4.0,4.0,4.0,0.2222222222222222,0.0,0,0,0,28,15,15,0,1.0,0,0.0,0.0,0.0,0.0,0.0,0.0,0.0,0.0,0.0,0.0,0.0,0.0,0.0,0.0,0.0,0.0,0.0,0.0,0.14285714285714285
stage1a_single_agent_miniscule,1,1,1721,105,1,50,50,1,0,190.77891540527344,4.0,4.0,4.0,0.2222222222222222,0.0,0,0,0,17,13,13,0,1.0,0,0.0,0.0,0.0,0.0,0.0,0.0,0.0,0.0,0.0,0.0,0.0,0.0,0.0,0.0,0.0,0.0,0.0,0.0,0.23529411764705882
stage1a_single_agent_miniscule,1,1,1738,106,1,50,50,1,0,191.5052947998047,4.0,4.0,4.0,0.3333333333333333,0.0,0,0,0,17,14,14,0,1.0,0,0.0,0.0,0.0,0.0,0.0,0.0,0.0,0.0,0.0,0.0,0.0,0.0,0.0,0.0,0.0,0.0,0.0,0.0,0.23529411764705882
stage1a_single_agent_miniscule,1,1,1746,107,1,50,50,1,0,191.7421875,4.0,4.0,4.0,0.2222222222222222,0.0,0,0,0,8,4,4,0,1.0,0,0.0,0.0,0.0,0.0,0.0,0.0,0.0,0.0,0.0,0.0,0.0,0.0,0.0,0.0,0.0,0.0,0.0,0.0,0.5
stage1a_single_agent_miniscule,1,1,1762,108,1,50,50,1,0,191.5196075439453,4.0,4.0,4.0,0.2222222222222222,0.0,0,0,0,16,10,10,0,1.0,0,0.0,0.0,0.0,0.0,0.0,0.0,0.0,0.0,0.0,0.0,0.0,0.0,0.0,0.0,0.0,0.0,0.0,0.0,0.25
stage1a_single_agent_miniscule,1,1,1777,109,1,50,50,1,0,191.5319061279297,4.0,4.0,4.0,0.2222222222222222,0.0,0,0,0,15,10,10,0,1.0,0,0.0,0.0,0.0,0.0,0.0,0.0,0.0,0.0,0.0,0.0,0.0,0.0,0.0,0.0,0.0,0.0,0.0,0.0,0.26666666666666666
stage1a_single_agent_miniscule,1,1,1789,110,1,50,50,1,0,191.25535583496094,4.0,4.0,4.0,0.2222222222222222,0.0,0,0,0,12,8,8,0,1.0,0,0.0,0.0,0.0,0.0,0.0,0.0,0.0,0.0,0.0,0.0,0.0,0.0,0.0,0.0,0.0,0.0,0.0,0.0,0.3333333333333333
stage1a_single_agent_miniscule,1,1,1798,111,1,50,50,1,0,191.51431274414062,4.0,4.0,4.0,0.3333333333333333,0.0,0,0,0,9,6,6,0,1.0,0,0.0,0.0,0.0,0.0,0.0,0.0,0.0,0.0,0.0,0.0,0.0,0.0,0.0,0.0,0.0,0.0,0.0,0.0,0.4444444444444444
stage1a_single_agent_miniscule,1,1,1814,112,1,50,50,1,0,191.4588623046875,4.0,4.0,4.0,0.2222222222222222,0.0,0,0,0,16,5,5,0,1.0,0,0.0,0.0,0.0,0.0,0.0,0.0,0.0,0.0,0.0,0.0,0.0,0.0,0.0,0.0,0.0,0.0,0.0,0.0,0.25
stage1a_single_agent_miniscule,1,1,1818,113,1,50,50,1,0,191.49200439453125,4.0,4.0,4.0,0.1111111111111111,0.0,0,0,0,4,1,1,0,1.0,0,0.0,0.0,0.0,0.0,0.0,0.0,0.0,0.0,0.0,0.0,0.0,0.0,0.0,0.0,0.0,0.0,0.0,0.0,1.0
stage1a_single_agent_miniscule,1,1,1834,114,1,50,50,1,0,191.0484619140625,4.0,4.0,4.0,0.3333333333333333,0.0,0,0,0,16,13,13,0,1.0,0,0.0,0.0,0.0,0.0,0.0,0.0,0.0,0.0,0.0,0.0,0.0,0.0,0.0,0.0,0.0,0.0,0.0,0.0,0.25
stage1a_single_agent_miniscule,1,1,1855,115,1,50,50,1,0,190.77972412109375,4.0,4.0,4.0,0.3333333333333333,0.0,0,0,0,21,13,13,0,1.0,0,0.0,0.0,0.0,0.0,0.0,0.0,0.0,0.0,0.0,0.0,0.0,0.0,0.0,0.0,0.0,0.0,0.0,0.0,0.19047619047619047
stage1a_single_agent_miniscule,1,1,1868,116,1,50,50,1,0,190.99606323242188,4.0,4.0,4.0,0.3333333333333333,0.0,0,0,0,13,9,9,0,1.0,0,0.0,0.0,0.0,0.0,0.0,0.0,0.0,0.0,0.0,0.0,0.0,0.0,0.0,0.0,0.0,0.0,0.0,0.0,0.3076923076923077
stage1a_single_agent_miniscule,1,1,1890,117,1,50,50,1,0,191.2689208984375,4.0,4.0,4.0,0.4444444444444444,0.0,0,0,0,22,19,19,0,1.0,0,0.0,0.0,0.0,0.0,0.0,0.0,0.0,0.0,0.0,0.0,0.0,0.0,0.0,0.0,0.0,0.0,0.0,0.0,0.18181818181818182
stage1a_single_agent_miniscule,1,1,1901,118,1,50,50,1,0,191.2805938720703,4.0,4.0,4.0,0.3333333333333333,0.0,0,0,0,11,8,8,0,1.0,0,0.0,0.0,0.0,0.0,0.0,0.0,0.0,0.0,0.0,0.0,0.0,0.0,0.0,0.0,0.0,0.0,0.0,0.0,0.36363636363636365
stage1a_single_agent_miniscule,1,1,1915,119,1,50,50,1,0,191.31201171875,4.0,4.0,4.0,0.3333333333333333,0.0,0,0,0,14,9,9,0,1.0,0,0.0,0.0,0.0,0.0,0.0,0.0,0.0,0.0,0.0,0.0,0.0,0.0,0.0,0.0,0.0,0.0,0.0,0.0,0.2857142857142857
stage1a_single_agent_miniscule,1,1,1932,120,1,50,50,1,0,191.53268432617188,4.0,4.0,4.0,0.3333333333333333,0.0,0,0,0,17,14,14,0,1.0,0,0.0,0.0,0.0,0.0,0.0,0.0,0.0,0.0,0.0,0.0,0.0,0.0,0.0,0.0,0.0,0.0,0.0,0.0,0.23529411764705882
stage1a_single_agent_miniscule,1,1,1936,121,1,50,50,1,0,191.49200439453125,4.0,4.0,4.0,0.1111111111111111,0.0,0,0,0,4,1,1,0,1.0,0,0.0,0.0,0.0,0.0,0.0,0.0,0.0,0.0,0.0,0.0,0.0,0.0,0.0,0.0,0.0,0.0,0.0,0.0,1.0
stage1a_single_agent_miniscule,1,1,1954,122,1,50,50,1,0,191.5319061279297,4.0,4.0,4.0,0.3333333333333333,0.0,0,0,0,18,15,15,0,1.0,0,0.0,0.0,0.0,0.0,0.0,0.0,0.0,0.0,0.0,0.0,0.0,0.0,0.0,0.0,0.0,0.0,0.0,0.0,0.2222222222222222
stage1a_single_agent_miniscule,1,1,1963,123,1,50,50,1,0,191.24200439453125,4.0,4.0,4.0,0.2222222222222222,0.0,0,0,0,9,5,5,0,1.0,0,0.0,0.0,0.0,0.0,0.0,0.0,0.0,0.0,0.0,0.0,0.0,0.0,0.0,0.0,0.0,0.0,0.0,0.0,0.4444444444444444
stage1a_single_agent_miniscule,1,1,1997,124,1,50,50,1,0,189.7418670654297,4.0,4.0,4.0,0.4444444444444444,0.0,0,0,0,34,13,13,0,1.0,0,0.0,0.0,0.0,0.0,0.0,0.0,0.0,0.0,0.0,0.0,0.0,0.0,0.0,0.0,0.0,0.0,0.0,0.0,0.11764705882352941
stage1a_single_agent_miniscule,1,1,2013,125,1,50,50,1,0,191.21865844726562,4.0,4.0,4.0,0.2222222222222222,0.0,0,0,0,16,12,12,0,1.0,0,0.0,0.0,0.0,0.0,0.0,0.0,0.0,0.0,0.0,0.0,0.0,0.0,0.0,0.0,0.0,0.0,0.0,0.0,0.25
stage1a_single_agent_miniscule,1,1,2017,126,1,50,50,1,0,191.49200439453125,4.0,4.0,4.0,0.1111111111111111,0.0,0,0,0,4,1,1,0,1.0,0,0.0,0.0,0.0,0.0,0.0,0.0,0.0,0.0,0.0,0.0,0.0,0.0,0.0,0.0,0.0,0.0,0.0,0.0,1.0
stage1a_single_agent_miniscule,1,1,2035,127,1,50,50,1,0,191.23385620117188,4.0,4.0,4.0,0.3333333333333333,0.0,0,0,0,18,15,15,0,1.0,0,0.0,0.0,0.0,0.0,0.0,0.0,0.0,0.0,0.0,0.0,0.0,0.0,0.0,0.0,0.0,0.0,0.0,0.0,0.2222222222222222
stage1a_single_agent_miniscule,1,1,2050,128,1,50,50,1,0,190.7563934326172,4.0,4.0,4.0,0.3333333333333333,0.0,0,0,0,15,11,11,0,1.0,0,0.0,0.0,0.0,0.0,0.0,0.0,0.0,0.0,0.0,0.0,0.0,0.0,0.0,0.0,0.0,0.0,0.0,0.0,0.26666666666666666
stage1a_single_agent_miniscule,1,1,2069,129,1,50,50,1,0,191.2977752685547,4.0,4.0,4.0,0.4444444444444444,0.0,0,0,0,19,16,16,0,1.0,0,0.0,0.0,0.0,0.0,0.0,0.0,0.0,0.0,0.0,0.0,0.0,0.0,0.0,0.0,0.0,0.0,0.0,0.0,0.21052631578947367
stage1a_single_agent_miniscule,1,1,2084,130,1,50,50,1,0,190.75634765625,4.0,4.0,4.0,0.3333333333333333,0.0,0,0,0,15,11,11,0,1.0,0,0.0,0.0,0.0,0.0,0.0,0.0,0.0,0.0,0.0,0.0,0.0,0.0,0.0,0.0,0.0,0.0,0.0,0.0,0.26666666666666666
stage1a_single_agent_miniscule,1,1,2093,131,1,50,50,1,0,191.50564575195312,4.0,4.0,4.0,0.3333333333333333,0.0,0,0,0,9,6,6,0,1.0,0,0.0,0.0,0.0,0.0,0.0,0.0,0.0,0.0,0.0,0.0,0.0,0.0,0.0,0.0,0.0,0.0,0.0,0.0,0.4444444444444444
stage1a_single_agent_miniscule,1,1,2097,132,1,50,50,1,0,191.49200439453125,4.0,4.0,4.0,0.1111111111111111,0.0,0,0,0,4,1,1,0,1.0,0,0.0,0.0,0.0,0.0,0.0,0.0,0.0,0.0,0.0,0.0,0.0,0.0,0.0,0.0,0.0,0.0,0.0,0.0,1.0
stage1a_single_agent_miniscule,1,1,2114,133,1,50,50,1,0,191.22885131835938,4.0,4.0,4.0,0.2222222222222222,0.0,0,0,0,17,14,14,0,1.0,0,0.0,0.0,0.0,0.0,0.0,0.0,0.0,0.0,0.0,0.0,0.0,0.0,0.0,0.0,0.0,0.0,0.0,0.0,0.23529411764705882
stage1a_single_agent_miniscule,1,1,2130,134,1,50,50,1,0,190.79736328125,4.0,4.0,4.0,0.3333333333333333,0.0,0,0,0,16,13,13,0,1.0,0,0.0,0.0,0.0,0.0,0.0,0.0,0.0,0.0,0.0,0.0,0.0,0.0,0.0,0.0,0.0,0.0,0.0,0.0,0.25
stage1a_single_agent_miniscule,1,1,2145,135,1,50,50,1,0,190.9833221435547,4.0,4.0,4.0,0.2222222222222222,0.0,0,0,0,15,11,11,0,1.0,0,0.0,0.0,0.0,0.0,0.0,0.0,0.0,0.0,0.0,0.0,0.0,0.0,0.0,0.0,0.0,0.0,0.0,0.0,0.26666666666666666
stage1a_single_agent_miniscule,1,1,2149,136,1,50,50,1,0,191.49200439453125,4.0,4.0,4.0,0.1111111111111111,0.0,0,0,0,4,1,1,0,1.0,0,0.0,0.0,0.0,0.0,0.0,0.0,0.0,0.0,0.0,0.0,0.0,0.0,0.0,0.0,0.0,0.0,0.0,0.0,1.0
stage1a_single_agent_miniscule,1,1,2164,137,1,50,50,1,0,190.97157287597656,4.0,4.0,4.0,0.2222222222222222,0.0,0,0,0,15,11,11,0,1.0,0,0.0,0.0,0.0,0.0,0.0,0.0,0.0,0.0,0.0,0.0,0.0,0.0,0.0,0.0,0.0,0.0,0.0,0.0,0.26666666666666666
stage1a_single_agent_miniscule,1,1,2188,138,1,50,50,1,0,190.97811889648438,4.0,4.0,4.0,0.2222222222222222,0.0,0,0,0,24,14,14,0,1.0,0,0.0,0.0,0.0,0.0,0.0,0.0,0.0,0.0,0.0,0.0,0.0,0.0,0.0,0.0,0.0,0.0,0.0,0.0,0.16666666666666666
stage1a_single_agent_miniscule,1,1,2199,139,1,50,50,1,0,191.2580108642578,4.0,4.0,4.0,0.3333333333333333,0.0,0,0,0,11,8,8,0,1.0,0,0.0,0.0,0.0,0.0,0.0,0.0,0.0,0.0,0.0,0.0,0.0,0.0,0.0,0.0,0.0,0.0,0.0,0.0,0.36363636363636365
stage1a_single_agent_miniscule,1,1,2210,140,1,50,50,1,0,191.26800537109375,4.0,4.0,4.0,0.3333333333333333,0.0,0,0,0,11,8,8,0,1.0,0,0.0,0.0,0.0,0.0,0.0,0.0,0.0,0.0,0.0,0.0,0.0,0.0,0.0,0.0,0.0,0.0,0.0,0.0,0.36363636363636365
stage1a_single_agent_miniscule,1,1,2214,141,1,50,50,1,0,191.49200439453125,4.0,4.0,4.0,0.1111111111111111,0.0,0,0,0,4,1,1,0,1.0,0,0.0,0.0,0.0,0.0,0.0,0.0,0.0,0.0,0.0,0.0,0.0,0.0,0.0,0.0,0.0,0.0,0.0,0.0,1.0
stage1a_single_agent_miniscule,1,1,2229,142,1,50,50,1,0,191.53848266601562,4.0,4.0,4.0,0.3333333333333333,0.0,0,0,0,15,12,12,0,1.0,0,0.0,0.0,0.0,0.0,0.0,0.0,0.0,0.0,0.0,0.0,0.0,0.0,0.0,0.0,0.0,0.0,0.0,0.0,0.26666666666666666
stage1a_single_agent_miniscule,1,1,2246,143,1,50,50,1,0,190.78269958496094,4.0,4.0,4.0,0.2222222222222222,0.0,0,0,0,17,9,9,0,1.0,0,0.0,0.0,0.0,0.0,0.0,0.0,0.0,0.0,0.0,0.0,0.0,0.0,0.0,0.0,0.0,0.0,0.0,0.0,0.23529411764705882
stage1a_single_agent_miniscule,1,1,2262,144,1,50,50,1,0,191.49871826171875,4.0,4.0,4.0,0.2222222222222222,0.0,0,0,0,16,5,5,0,1.0,0,0.0,0.0,0.0,0.0,0.0,0.0,0.0,0.0,0.0,0.0,0.0,0.0,0.0,0.0,0.0,0.0,0.0,0.0,0.25
stage1a_single_agent_miniscule,1,1,2271,145,1,50,50,1,0,191.4820098876953,4.0,4.0,4.0,0.2222222222222222,0.0,0,0,0,9,6,6,0,1.0,0,0.0,0.0,0.0,0.0,0.0,0.0,0.0,0.0,0.0,0.0,0.0,0.0,0.0,0.0,0.0,0.0,0.0,0.0,0.4444444444444444
stage1a_single_agent_miniscule,1,1,2281,146,1,50,50,1,0,191.260009765625,4.0,4.0,4.0,0.3333333333333333,0.0,0,0,0,10,7,7,0,1.0,0,0.0,0.0,0.0,0.0,0.0,0.0,0.0,0.0,0.0,0.0,0.0,0.0,0.0,0.0,0.0,0.0,0.0,0.0,0.4
stage1a_single_agent_miniscule,1,1,2300,147,1,50,50,1,0,191.2975616455078,4.0,4.0,4.0,0.4444444444444444,0.0,0,0,0,19,16,16,0,1.0,0,0.0,0.0,0.0,0.0,0.0,0.0,0.0,0.0,0.0,0.0,0.0,0.0,0.0,0.0,0.0,0.0,0.0,0.0,0.21052631578947367
stage1a_single_agent_miniscule,1,1,2322,148,1,50,50,1,0,190.4888153076172,4.0,4.0,4.0,0.2222222222222222,0.0,0,0,0,22,19,19,0,1.0,0,0.0,0.0,0.0,0.0,0.0,0.0,0.0,0.0,0.0,0.0,0.0,0.0,0.0,0.0,0.0,0.0,0.0,0.0,0.18181818181818182
stage1a_single_agent_miniscule,1,1,2331,149,1,50,50,1,0,191.265869140625,4.0,4.0,4.0,0.3333333333333333,0.0,0,0,0,9,6,6,0,1.0,0,0.0,0.0,0.0,0.0,0.0,0.0,0.0,0.0,0.0,0.0,0.0,0.0,0.0,0.0,0.0,0.0,0.0,0.0,0.4444444444444444
stage1a_single_agent_miniscule,1,1,2335,150,1,50,50,1,0,191.49200439453125,4.0,4.0,4.0,0.1111111111111111,0.0,0,0,0,4,1,1,0,1.0,0,0.0,0.0,0.0,0.0,0.0,0.0,0.0,0.0,0.0,0.0,0.0,0.0,0.0,0.0,0.0,0.0,0.0,0.0,1.0
stage1a_single_agent_miniscule,1,1,2350,151,1,50,50,1,0,190.98585510253906,4.0,4.0,4.0,0.2222222222222222,0.0,0,0,0,15,12,12,0,1.0,0,0.0,0.0,0.0,0.0,0.0,0.0,0.0,0.0,0.0,0.0,0.0,0.0,0.0,0.0,0.0,0.0,0.0,0.0,0.26666666666666666
stage1a_single_agent_miniscule,1,1,2365,152,1,50,50,1,0,191.7955322265625,4.0,4.0,4.0,0.3333333333333333,0.0,0,0,0,15,12,12,0,1.0,0,0.0,0.0,0.0,0.0,0.0,0.0,0.0,0.0,0.0,0.0,0.0,0.0,0.0,0.0,0.0,0.0,0.0,0.0,0.26666666666666666
stage1a_single_agent_miniscule,1,1,2384,153,1,50,50,1,0,190.52841186523438,4.0,4.0,4.0,0.2222222222222222,0.0,0,0,0,19,13,13,0,1.0,0,0.0,0.0,0.0,0.0,0.0,0.0,0.0,0.0,0.0,0.0,0.0,0.0,0.0,0.0,0.0,0.0,0.0,0.0,0.21052631578947367
stage1a_single_agent_miniscule,1,1,2415,154,1,50,50,1,0,189.2123565673828,4.0,4.0,4.0,0.2222222222222222,0.0,0,0,0,31,28,28,0,1.0,0,0.0,0.0,0.0,0.0,0.0,0.0,0.0,0.0,0.0,0.0,0.0,0.0,0.0,0.0,0.0,0.0,0.0,0.0,0.12903225806451613
stage1a_single_agent_miniscule,1,1,2447,155,1,50,50,1,0,190.30821228027344,4.0,4.0,4.0,0.3333333333333333,0.0,0,0,0,32,26,26,0,1.0,0,0.0,0.0,0.0,0.0,0.0,0.0,0.0,0.0,0.0,0.0,0.0,0.0,0.0,0.0,0.0,0.0,0.0,0.0,0.125
stage1a_single_agent_miniscule,1,1,2466,156,1,50,50,1,0,191.26266479492188,4.0,4.0,4.0,0.2222222222222222,0.0,0,0,0,19,10,10,0,1.0,0,0.0,0.0,0.0,0.0,0.0,0.0,0.0,0.0,0.0,0.0,0.0,0.0,0.0,0.0,0.0,0.0,0.0,0.0,0.21052631578947367
stage1a_single_agent_miniscule,1,1,2477,157,1,50,50,1,0,191.26800537109375,4.0,4.0,4.0,0.3333333333333333,0.0,0,0,0,11,8,8,0,1.0,0,0.0,0.0,0.0,0.0,0.0,0.0,0.0,0.0,0.0,0.0,0.0,0.0,0.0,0.0,0.0,0.0,0.0,0.0,0.36363636363636365
stage1a_single_agent_miniscule,1,1,2501,158,1,50,50,1,0,190.5298309326172,4.0,4.0,4.0,0.3333333333333333,0.0,0,0,0,24,21,21,0,1.0,0,0.0,0.0,0.0,0.0,0.0,0.0,0.0,0.0,0.0,0.0,0.0,0.0,0.0,0.0,0.0,0.0,0.0,0.0,0.16666666666666666
stage1a_single_agent_miniscule,1,1,2519,159,1,50,50,1,0,191.3091583251953,4.0,4.0,4.0,0.4444444444444444,0.0,0,0,0,18,15,15,0,1.0,0,0.0,0.0,0.0,0.0,0.0,0.0,0.0,0.0,0.0,0.0,0.0,0.0,0.0,0.0,0.0,0.0,0.0,0.0,0.2222222222222222
stage1a_single_agent_miniscule,1,1,2533,160,1,50,50,1,0,191.53392028808594,4.0,4.0,4.0,0.2222222222222222,0.0,0,0,0,14,5,5,0,1.0,0,0.0,0.0,0.0,0.0,0.0,0.0,0.0,0.0,0.0,0.0,0.0,0.0,0.0,0.0,0.0,0.0,0.0,0.0,0.2857142857142857
stage1a_single_agent_miniscule,1,1,2550,161,1,50,50,1,0,190.77313232421875,4.0,4.0,4.0,0.2222222222222222,0.0,0,0,0,17,13,13,0,1.0,0,0.0,0.0,0.0,0.0,0.0,0.0,0.0,0.0,0.0,0.0,0.0,0.0,0.0,0.0,0.0,0.0,0.0,0.0,0.23529411764705882
stage1a_single_agent_miniscule,1,1,2561,162,1,50,50,1,0,191.27996826171875,4.0,4.0,4.0,0.3333333333333333,0.0,0,0,0,11,8,8,0,1.0,0,0.0,0.0,0.0,0.0,0.0,0.0,0.0,0.0,0.0,0.0,0.0,0.0,0.0,0.0,0.0,0.0,0.0,0.0,0.36363636363636365
stage1a_single_agent_miniscule,1,1,2582,163,1,50,50,1,0,190.20272827148438,4.0,4.0,4.0,0.2222222222222222,0.0,0,0,0,21,17,17,0,1.0,0,0.0,0.0,0.0,0.0,0.0,0.0,0.0,0.0,0.0,0.0,0.0,0.0,0.0,0.0,0.0,0.0,0.0,0.0,0.19047619047619047
stage1a_single_agent_miniscule,1,1,2592,164,1,50,50,1,0,191.25,4.0,4.0,4.0,0.2222222222222222,0.0,0,0,0,10,4,4,0,1.0,0,0.0,0.0,0.0,0.0,0.0,0.0,0.0,0.0,0.0,0.0,0.0,0.0,0.0,0.0,0.0,0.0,0.0,0.0,0.4
stage1a_single_agent_miniscule,1,1,2607,165,1,50,50,1,0,190.98318481445312,4.0,4.0,4.0,0.2222222222222222,0.0,0,0,0,15,11,11,0,1.0,0,0.0,0.0,0.0,0.0,0.0,0.0,0.0,0.0,0.0,0.0,0.0,0.0,0.0,0.0,0.0,0.0,0.0,0.0,0.26666666666666666
stage1a_single_agent_miniscule,1,1,2662,166,1,50,50,1,0,188.94578552246094,4.0,4.0,4.0,0.3333333333333333,0.0,0,0,0,55,46,46,0,1.0,0,0.0,0.0,0.0,0.0,0.0,0.0,0.0,0.0,0.0,0.0,0.0,0.0,0.0,0.0,0.0,0.0,0.0,0.0,0.07272727272727272
stage1a_single_agent_miniscule,1,1,2678,167,1,50,50,1,0,191.2982635498047,4.0,4.0,4.0,0.3333333333333333,0.0,0,0,0,16,13,13,0,1.0,0,0.0,0.0,0.0,0.0,0.0,0.0,0.0,0.0,0.0,0.0,0.0,0.0,0.0,0.0,0.0,0.0,0.0,0.0,0.25
stage1a_single_agent_miniscule,1,1,2694,168,1,50,50,1,0,191.00115966796875,4.0,4.0,4.0,0.3333333333333333,0.0,0,0,0,16,13,13,0,1.0,0,0.0,0.0,0.0,0.0,0.0,0.0,0.0,0.0,0.0,0.0,0.0,0.0,0.0,0.0,0.0,0.0,0.0,0.0,0.25
stage1a_single_agent_miniscule,1,1,2713,169,1,50,50,1,0,190.5248260498047,4.0,4.0,4.0,0.2222222222222222,0.0,0,0,0,19,15,15,0,1.0,0,0.0,0.0,0.0,0.0,0.0,0.0,0.0,0.0,0.0,0.0,0.0,0.0,0.0,0.0,0.0,0.0,0.0,0.0,0.21052631578947367
stage1a_single_agent_miniscule,1,1,2732,170,1,50,50,1,0,191.83966064453125,4.0,4.0,4.0,0.4444444444444444,0.0,0,0,0,19,16,16,0,1.0,0,0.0,0.0,0.0,0.0,0.0,0.0,0.0,0.0,0.0,0.0,0.0,0.0,0.0,0.0,0.0,0.0,0.0,0.0,0.21052631578947367
stage1a_single_agent_miniscule,1,1,2744,171,1,50,50,1,0,191.26600646972656,4.0,4.0,4.0,0.3333333333333333,0.0,0,0,0,12,9,9,0,1.0,0,0.0,0.0,0.0,0.0,0.0,0.0,0.0,0.0,0.0,0.0,0.0,0.0,0.0,0.0,0.0,0.0,0.0,0.0,0.3333333333333333
stage1a_single_agent_miniscule,1,1,2763,172,1,50,50,1,0,190.4582061767578,4.0,4.0,4.0,0.2222222222222222,0.0,0,0,0,19,15,15,0,1.0,0,0.0,0.0,0.0,0.0,0.0,0.0,0.0,0.0,0.0,0.0,0.0,0.0,0.0,0.0,0.0,0.0,0.0,0.0,0.21052631578947367
stage1a_single_agent_miniscule,1,1,2767,173,1,50,50,1,0,191.4901580810547,4.0,4.0,4.0,0.1111111111111111,0.0,0,0,0,4,1,1,0,1.0,0,0.0,0.0,0.0,0.0,0.0,0.0,0.0,0.0,0.0,0.0,0.0,0.0,0.0,0.0,0.0,0.0,0.0,0.0,1.0
stage1a_single_agent_miniscule,1,1,2783,174,1,50,50,1,0,191.0292205810547,4.0,4.0,4.0,0.2222222222222222,0.0,0,0,0,16,11,11,0,1.0,0,0.0,0.0,0.0,0.0,0.0,0.0,0.0,0.0,0.0,0.0,0.0,0.0,0.0,0.0,0.0,0.0,0.0,0.0,0.25
stage1a_single_agent_miniscule,1,1,2792,175,1,50,50,1,0,191.27200317382812,4.0,4.0,4.0,0.3333333333333333,0.0,0,0,0,9,6,6,0,1.0,0,0.0,0.0,0.0,0.0,0.0,0.0,0.0,0.0,0.0,0.0,0.0,0.0,0.0,0.0,0.0,0.0,0.0,0.0,0.4444444444444444
stage1a_single_agent_miniscule,1,1,2807,176,1,50,50,1,0,191.00257873535156,4.0,4.0,4.0,0.3333333333333333,0.0,0,0,0,15,12,12,0,1.0,0,0.0,0.0,0.0,0.0,0.0,0.0,0.0,0.0,0.0,0.0,0.0,0.0,0.0,0.0,0.0,0.0,0.0,0.0,0.26666666666666666
stage1a_single_agent_miniscule,1,1,2826,177,1,50,50,1,0,190.54966735839844,4.0,4.0,4.0,0.3333333333333333,0.0,0,0,0,19,15,15,0,1.0,0,0.0,0.0,0.0,0.0,0.0,0.0,0.0,0.0,0.0,0.0,0.0,0.0,0.0,0.0,0.0,0.0,0.0,0.0,0.21052631578947367
stage1a_single_agent_miniscule,1,1,2839,178,1,50,50,1,0,191.2363739013672,4.0,4.0,4.0,0.2222222222222222,0.0,0,0,0,13,10,10,0,1.0,0,0.0,0.0,0.0,0.0,0.0,0.0,0.0,0.0,0.0,0.0,0.0,0.0,0.0,0.0,0.0,0.0,0.0,0.0,0.3076923076923077
stage1a_single_agent_miniscule,1,1,2858,179,1,50,50,1,0,190.45843505859375,4.0,4.0,4.0,0.2222222222222222,0.0,0,0,0,19,7,7,0,1.0,0,0.0,0.0,0.0,0.0,0.0,0.0,0.0,0.0,0.0,0.0,0.0,0.0,0.0,0.0,0.0,0.0,0.0,0.0,0.21052631578947367
stage1a_single_agent_miniscule,1,1,2866,180,1,50,50,1,0,191.76589965820312,4.0,4.0,4.0,0.2222222222222222,0.0,0,0,0,8,5,5,0,1.0,0,0.0,0.0,0.0,0.0,0.0,0.0,0.0,0.0,0.0,0.0,0.0,0.0,0.0,0.0,0.0,0.0,0.0,0.0,0.5
stage1a_single_agent_miniscule,1,1,2874,181,1,50,50,1,0,191.53672790527344,4.0,4.0,4.0,0.3333333333333333,0.0,0,0,0,8,5,5,0,1.0,0,0.0,0.0,0.0,0.0,0.0,0.0,0.0,0.0,0.0,0.0,0.0,0.0,0.0,0.0,0.0,0.0,0.0,0.0,0.5
stage1a_single_agent_miniscule,1,1,2888,182,1,50,50,1,0,190.7542724609375,4.0,4.0,4.0,0.3333333333333333,0.0,0,0,0,14,11,11,0,1.0,0,0.0,0.0,0.0,0.0,0.0,0.0,0.0,0.0,0.0,0.0,0.0,0.0,0.0,0.0,0.0,0.0,0.0,0.0,0.2857142857142857
stage1a_single_agent_miniscule,1,1,2892,183,1,50,50,1,0,191.4901123046875,4.0,4.0,4.0,0.1111111111111111,0.0,0,0,0,4,1,1,0,1.0,0,0.0,0.0,0.0,0.0,0.0,0.0,0.0,0.0,0.0,0.0,0.0,0.0,0.0,0.0,0.0,0.0,0.0,0.0,1.0
stage1a_single_agent_miniscule,1,1,2901,184,1,50,50,1,0,191.5120086669922,4.0,4.0,4.0,0.3333333333333333,0.0,0,0,0,9,6,6,0,1.0,0,0.0,0.0,0.0,0.0,0.0,0.0,0.0,0.0,0.0,0.0,0.0,0.0,0.0,0.0,0.0,0.0,0.0,0.0,0.4444444444444444
stage1a_single_agent_miniscule,1,1,2905,185,1,50,50,1,0,191.489990234375,4.0,4.0,4.0,0.1111111111111111,0.0,0,0,0,4,1,1,0,1.0,0,0.0,0.0,0.0,0.0,0.0,0.0,0.0,0.0,0.0,0.0,0.0,0.0,0.0,0.0,0.0,0.0,0.0,0.0,1.0
stage1a_single_agent_miniscule,1,1,2918,186,1,50,50,1,0,191.2938232421875,4.0,4.0,4.0,0.3333333333333333,0.0,0,0,0,13,10,10,0,1.0,0,0.0,0.0,0.0,0.0,0.0,0.0,0.0,0.0,0.0,0.0,0.0,0.0,0.0,0.0,0.0,0.0,0.0,0.0,0.3076923076923077
stage1a_single_agent_miniscule,1,1,2934,187,1,50,50,1,0,191.00657653808594,4.0,4.0,4.0,0.3333333333333333,0.0,0,0,0,16,13,13,0,1.0,0,0.0,0.0,0.0,0.0,0.0,0.0,0.0,0.0,0.0,0.0,0.0,0.0,0.0,0.0,0.0,0.0,0.0,0.0,0.25
stage1a_single_agent_miniscule,1,1,2947,188,1,50,50,1,0,191.0287322998047,4.0,4.0,4.0,0.3333333333333333,0.0,0,0,0,13,10,10,0,1.0,0,0.0,0.0,0.0,0.0,0.0,0.0,0.0,0.0,0.0,0.0,0.0,0.0,0.0,0.0,0.0,0.0,0.0,0.0,0.3076923076923077
stage1a_single_agent_miniscule,1,1,2961,189,1,50,50,1,0,191.2643585205078,4.0,4.0,4.0,0.3333333333333333,0.0,0,0,0,14,7,7,0,1.0,0,0.0,0.0,0.0,0.0,0.0,0.0,0.0,0.0,0.0,0.0,0.0,0.0,0.0,0.0,0.0,0.0,0.0,0.0,0.2857142857142857
stage1a_single_agent_miniscule,1,1,2978,190,1,50,50,1,0,190.75833129882812,4.0,4.0,4.0,0.3333333333333333,0.0,0,0,0,17,8,8,0,1.0,0,0.0,0.0,0.0,0.0,0.0,0.0,0.0,0.0,0.0,0.0,0.0,0.0,0.0,0.0,0.0,0.0,0.0,0.0,0.23529411764705882
stage1a_single_agent_miniscule,1,1,2996,191,1,50,50,1,0,191.0294189453125,4.0,4.0,4.0,0.3333333333333333,0.0,0,0,0,18,14,14,0,1.0,0,0.0,0.0,0.0,0.0,0.0,0.0,0.0,0.0,0.0,0.0,0.0,0.0,0.0,0.0,0.0,0.0,0.0,0.0,0.2222222222222222
stage1a_single_agent_miniscule,1,1,3011,192,1,50,50,1,0,190.72093200683594,4.0,4.0,4.0,0.2222222222222222,0.0,0,0,0,15,12,12,0,1.0,0,0.0,0.0,0.0,0.0,0.0,0.0,0.0,0.0,0.0,0.0,0.0,0.0,0.0,0.0,0.0,0.0,0.0,0.0,0.26666666666666666
stage1a_single_agent_miniscule,1,1,3030,193,1,50,50,1,0,191.54396057128906,4.0,4.0,4.0,0.2222222222222222,0.0,0,0,0,19,16,16,0,1.0,0,0.0,0.0,0.0,0.0,0.0,0.0,0.0,0.0,0.0,0.0,0.0,0.0,0.0,0.0,0.0,0.0,0.0,0.0,0.21052631578947367
stage1a_single_agent_miniscule,1,1,3053,194,1,50,50,1,0,190.83575439453125,4.0,4.0,4.0,0.3333333333333333,0.0,0,0,0,23,11,11,0,1.0,0,0.0,0.0,0.0,0.0,0.0,0.0,0.0,0.0,0.0,0.0,0.0,0.0,0.0,0.0,0.0,0.0,0.0,0.0,0.17391304347826086
stage1a_single_agent_miniscule,1,1,3083,195,1,50,50,1,0,189.4846649169922,4.0,4.0,4.0,0.2222222222222222,0.0,0,0,0,30,25,25,0,1.0,0,0.0,0.0,0.0,0.0,0.0,0.0,0.0,0.0,0.0,0.0,0.0,0.0,0.0,0.0,0.0,0.0,0.0,0.0,0.13333333333333333
stage1a_single_agent_miniscule,1,1,3096,196,1,50,50,1,0,191.26400756835938,4.0,4.0,4.0,0.3333333333333333,0.0,0,0,0,13,10,10,0,1.0,0,0.0,0.0,0.0,0.0,0.0,0.0,0.0,0.0,0.0,0.0,0.0,0.0,0.0,0.0,0.0,0.0,0.0,0.0,0.3076923076923077
stage1a_single_agent_miniscule,1,1,3100,197,1,50,50,1,0,191.49044799804688,4.0,4.0,4.0,0.1111111111111111,0.0,0,0,0,4,1,1,0,1.0,0,0.0,0.0,0.0,0.0,0.0,0.0,0.0,0.0,0.0,0.0,0.0,0.0,0.0,0.0,0.0,0.0,0.0,0.0,1.0
stage1a_single_agent_miniscule,1,1,3120,198,1,50,50,1,0,192.11611938476562,4.0,4.0,4.0,0.4444444444444444,0.0,0,0,0,20,17,17,0,1.0,0,0.0,0.0,0.0,0.0,0.0,0.0,0.0,0.0,0.0,0.0,0.0,0.0,0.0,0.0,0.0,0.0,0.0,0.0,0.2
stage1a_single_agent_miniscule,1,1,3124,199,1,50,50,1,0,191.49044799804688,4.0,4.0,4.0,0.1111111111111111,0.0,0,0,0,4,1,1,0,1.0,0,0.0,0.0,0.0,0.0,0.0,0.0,0.0,0.0,0.0,0.0,0.0,0.0,0.0,0.0,0.0,0.0,0.0,0.0,1.0
stage1a_single_agent_miniscule,1,1,3133,200,1,50,50,1,0,191.802001953125,4.0,4.0,4.0,0.3333333333333333,0.0,0,0,0,9,6,6,0,1.0,0,0.0,0.0,0.0,0.0,0.0,0.0,0.0,0.0,0.0,0.0,0.0,0.0,0.0,0.0,0.0,0.0,0.0,0.0,0.4444444444444444
stage1a_single_agent_miniscule,1,1,3152,201,1,50,50,1,0,191.2979278564453,4.0,4.0,4.0,0.4444444444444444,0.0,0,0,0,19,16,16,0,1.0,0,0.0,0.0,0.0,0.0,0.0,0.0,0.0,0.0,0.0,0.0,0.0,0.0,0.0,0.0,0.0,0.0,0.0,0.0,0.21052631578947367
stage1a_single_agent_miniscule,1,1,3156,202,1,50,50,1,0,191.48020935058594,4.0,4.0,4.0,0.1111111111111111,0.0,0,0,0,4,1,1,0,1.0,0,0.0,0.0,0.0,0.0,0.0,0.0,0.0,0.0,0.0,0.0,0.0,0.0,0.0,0.0,0.0,0.0,0.0,0.0,1.0
stage1a_single_agent_miniscule,1,1,3184,203,1,50,50,1,0,190.78916931152344,4.0,4.0,4.0,0.3333333333333333,0.0,0,0,0,28,25,25,0,1.0,0,0.0,0.0,0.0,0.0,0.0,0.0,0.0,0.0,0.0,0.0,0.0,0.0,0.0,0.0,0.0,0.0,0.0,0.0,0.14285714285714285
stage1a_single_agent_miniscule,1,1,3196,204,1,50,50,1,0,191.2360076904297,4.0,4.0,4.0,0.2222222222222222,0.0,0,0,0,12,8,8,0,1.0,0,0.0,0.0,0.0,0.0,0.0,0.0,0.0,0.0,0.0,0.0,0.0,0.0,0.0,0.0,0.0,0.0,0.0,0.0,0.3333333333333333
stage1a_single_agent_miniscule,1,1,3204,205,1,50,50,1,0,191.7661590576172,4.0,4.0,4.0,0.3333333333333333,0.0,0,0,0,8,5,5,0,1.0,0,0.0,0.0,0.0,0.0,0.0,0.0,0.0,0.0,0.0,0.0,0.0,0.0,0.0,0.0,0.0,0.0,0.0,0.0,0.5
stage1a_single_agent_miniscule,1,1,3246,206,1,50,50,1,0,190.24122619628906,4.0,4.0,4.0,0.4444444444444444,0.0,0,0,0,42,39,39,0,1.0,0,0.0,0.0,0.0,0.0,0.0,0.0,0.0,0.0,0.0,0.0,0.0,0.0,0.0,0.0,0.0,0.0,0.0,0.0,0.09523809523809523
stage1a_single_agent_miniscule,1,1,3260,207,1,50,50,1,0,191.46572875976562,4.0,4.0,4.0,0.2222222222222222,0.0,0,0,0,14,11,11,0,1.0,0,0.0,0.0,0.0,0.0,0.0,0.0,0.0,0.0,0.0,0.0,0.0,0.0,0.0,0.0,0.0,0.0,0.0,0.0,0.2857142857142857
stage1a_single_agent_miniscule,1,1,3272,208,1,50,50,1,0,191.26600646972656,4.0,4.0,4.0,0.3333333333333333,0.0,0,0,0,12,9,9,0,1.0,0,0.0,0.0,0.0,0.0,0.0,0.0,0.0,0.0,0.0,0.0,0.0,0.0,0.0,0.0,0.0,0.0,0.0,0.0,0.3333333333333333
stage1a_single_agent_miniscule,1,1,3285,209,1,50,50,1,0,191.22401428222656,4.0,4.0,4.0,0.2222222222222222,0.0,0,0,0,13,9,9,0,1.0,0,0.0,0.0,0.0,0.0,0.0,0.0,0.0,0.0,0.0,0.0,0.0,0.0,0.0,0.0,0.0,0.0,0.0,0.0,0.3076923076923077
stage1a_single_agent_miniscule,1,1,3299,210,1,50,50,1,0,191.30487060546875,4.0,4.0,4.0,0.3333333333333333,0.0,0,0,0,14,11,11,0,1.0,0,0.0,0.0,0.0,0.0,0.0,0.0,0.0,0.0,0.0,0.0,0.0,0.0,0.0,0.0,0.0,0.0,0.0,0.0,0.2857142857142857
stage1a_single_agent_miniscule,1,1,3311,211,1,50,50,1,0,191.53799438476562,4.0,4.0,4.0,0.3333333333333333,0.0,0,0,0,12,8,8,0,1.0,0,0.0,0.0,0.0,0.0,0.0,0.0,0.0,0.0,0.0,0.0,0.0,0.0,0.0,0.0,0.0,0.0,0.0,0.0,0.3333333333333333
stage1a_single_agent_miniscule,1,1,3323,212,1,50,50,1,0,191.2552947998047,4.0,4.0,4.0,0.2222222222222222,0.0,0,0,0,12,8,8,0,1.0,0,0.0,0.0,0.0,0.0,0.0,0.0,0.0,0.0,0.0,0.0,0.0,0.0,0.0,0.0,0.0,0.0,0.0,0.0,0.3333333333333333
stage1a_single_agent_miniscule,1,1,3334,213,1,50,50,1,0,191.2480010986328,4.0,4.0,4.0,0.3333333333333333,0.0,0,0,0,11,8,8,0,1.0,0,0.0,0.0,0.0,0.0,0.0,0.0,0.0,0.0,0.0,0.0,0.0,0.0,0.0,0.0,0.0,0.0,0.0,0.0,0.36363636363636365
stage1a_single_agent_miniscule,1,1,3348,214,1,50,50,1,0,191.244140625,4.0,4.0,4.0,0.3333333333333333,0.0,0,0,0,14,9,9,0,1.0,0,0.0,0.0,0.0,0.0,0.0,0.0,0.0,0.0,0.0,0.0,0.0,0.0,0.0,0.0,0.0,0.0,0.0,0.0,0.2857142857142857
stage1a_single_agent_miniscule,1,1,3361,215,1,50,50,1,0,191.25624084472656,4.0,4.0,4.0,0.3333333333333333,0.0,0,0,0,13,10,10,0,1.0,0,0.0,0.0,0.0,0.0,0.0,0.0,0.0,0.0,0.0,0.0,0.0,0.0,0.0,0.0,0.0,0.0,0.0,0.0,0.3076923076923077
stage1a_single_agent_miniscule,1,1,3365,216,1,50,50,1,0,191.49200439453125,4.0,4.0,4.0,0.1111111111111111,0.0,0,0,0,4,1,1,0,1.0,0,0.0,0.0,0.0,0.0,0.0,0.0,0.0,0.0,0.0,0.0,0.0,0.0,0.0,0.0,0.0,0.0,0.0,0.0,1.0
stage1a_single_agent_miniscule,1,1,3396,217,1,50,50,1,0,190.45664978027344,4.0,4.0,4.0,0.4444444444444444,0.0,0,0,0,31,13,13,0,1.0,0,0.0,0.0,0.0,0.0,0.0,0.0,0.0,0.0,0.0,0.0,0.0,0.0,0.0,0.0,0.0,0.0,0.0,0.0,0.12903225806451613
stage1a_single_agent_miniscule,1,1,3415,218,1,50,50,1,0,191.09130859375,4.0,4.0,4.0,0.3333333333333333,0.0,0,0,0,19,13,13,0,1.0,0,0.0,0.0,0.0,0.0,0.0,0.0,0.0,0.0,0.0,0.0,0.0,0.0,0.0,0.0,0.0,0.0,0.0,0.0,0.21052631578947367
stage1a_single_agent_miniscule,1,1,3429,219,1,50,50,1,0,191.4912567138672,4.0,4.0,4.0,0.3333333333333333,0.0,0,0,0,14,11,11,0,1.0,0,0.0,0.0,0.0,0.0,0.0,0.0,0.0,0.0,0.0,0.0,0.0,0.0,0.0,0.0,0.0,0.0,0.0,0.0,0.2857142857142857
stage1a_single_agent_miniscule,1,1,3437,220,1,50,50,1,0,191.24400329589844,4.0,4.0,4.0,0.2222222222222222,0.0,0,0,0,8,5,5,0,1.0,0,0.0,0.0,0.0,0.0,0.0,0.0,0.0,0.0,0.0,0.0,0.0,0.0,0.0,0.0,0.0,0.0,0.0,0.0,0.5
stage1a_single_agent_miniscule,1,1,3456,221,1,50,50,1,0,191.31756591796875,4.0,4.0,4.0,0.4444444444444444,0.0,0,0,0,19,16,16,0,1.0,0,0.0,0.0,0.0,0.0,0.0,0.0,0.0,0.0,0.0,0.0,0.0,0.0,0.0,0.0,0.0,0.0,0.0,0.0,0.21052631578947367
stage1a_single_agent_miniscule,1,1,3460,222,1,50,50,1,0,191.49044799804688,4.0,4.0,4.0,0.1111111111111111,0.0,0,0,0,4,1,1,0,1.0,0,0.0,0.0,0.0,0.0,0.0,0.0,0.0,0.0,0.0,0.0,0.0,0.0,0.0,0.0,0.0,0.0,0.0,0.0,1.0
stage1a_single_agent_miniscule,1,1,3472,223,1,50,50,1,0,190.9860076904297,4.0,4.0,4.0,0.2222222222222222,0.0,0,0,0,12,8,8,0,1.0,0,0.0,0.0,0.0,0.0,0.0,0.0,0.0,0.0,0.0,0.0,0.0,0.0,0.0,0.0,0.0,0.0,0.0,0.0,0.3333333333333333
stage1a_single_agent_miniscule,1,1,3490,224,1,50,50,1,0,190.7872314453125,4.0,4.0,4.0,0.3333333333333333,0.0,0,0,0,18,13,13,0,1.0,0,0.0,0.0,0.0,0.0,0.0,0.0,0.0,0.0,0.0,0.0,0.0,0.0,0.0,0.0,0.0,0.0,0.0,0.0,0.2222222222222222
stage1a_single_agent_miniscule,1,1,3503,225,1,50,50,1,0,191.2830352783203,4.0,4.0,4.0,0.2222222222222222,0.0,0,0,0,13,7,7,0,1.0,0,0.0,0.0,0.0,0.0,0.0,0.0,0.0,0.0,0.0,0.0,0.0,0.0,0.0,0.0,0.0,0.0,0.0,0.0,0.3076923076923077
stage1a_single_agent_miniscule,1,1,3535,226,1,50,50,1,0,190.22970581054688,4.0,4.0,4.0,0.4444444444444444,0.0,0,0,0,32,27,27,0,1.0,0,0.0,0.0,0.0,0.0,0.0,0.0,0.0,0.0,0.0,0.0,0.0,0.0,0.0,0.0,0.0,0.0,0.0,0.0,0.125
stage1a_single_agent_miniscule,1,1,3561,227,1,50,50,1,0,191.05111694335938,4.0,4.0,4.0,0.3333333333333333,0.0,0,0,0,26,23,23,0,1.0,0,0.0,0.0,0.0,0.0,0.0,0.0,0.0,0.0,0.0,0.0,0.0,0.0,0.0,0.0,0.0,0.0,0.0,0.0,0.15384615384615385
stage1a_single_agent_miniscule,1,1,3586,228,1,50,50,1,0,191.2130126953125,4.0,4.0,4.0,0.3333333333333333,0.0,0,0,0,25,13,13,0,1.0,0,0.0,0.0,0.0,0.0,0.0,0.0,0.0,0.0,0.0,0.0,0.0,0.0,0.0,0.0,0.0,0.0,0.0,0.0,0.16
stage1a_single_agent_miniscule,1,1,3604,229,1,50,50,1,0,190.2307586669922,4.0,4.0,4.0,0.2222222222222222,0.0,0,0,0,18,15,15,0,1.0,0,0.0,0.0,0.0,0.0,0.0,0.0,0.0,0.0,0.0,0.0,0.0,0.0,0.0,0.0,0.0,0.0,0.0,0.0,0.2222222222222222
stage1a_single_agent_miniscule,1,1,3623,230,1,50,50,1,0,191.04994201660156,4.0,4.0,4.0,0.3333333333333333,0.0,0,0,0,19,15,15,0,1.0,0,0.0,0.0,0.0,0.0,0.0,0.0,0.0,0.0,0.0,0.0,0.0,0.0,0.0,0.0,0.0,0.0,0.0,0.0,0.21052631578947367
stage1a_single_agent_miniscule,1,1,3642,231,1,50,50,1,0,190.79322814941406,4.0,4.0,4.0,0.3333333333333333,0.0,0,0,0,19,13,13,0,1.0,0,0.0,0.0,0.0,0.0,0.0,0.0,0.0,0.0,0.0,0.0,0.0,0.0,0.0,0.0,0.0,0.0,0.0,0.0,0.21052631578947367
stage1a_single_agent_miniscule,1,1,3646,232,1,50,50,1,0,191.49044799804688,4.0,4.0,4.0,0.1111111111111111,0.0,0,0,0,4,1,1,0,1.0,0,0.0,0.0,0.0,0.0,0.0,0.0,0.0,0.0,0.0,0.0,0.0,0.0,0.0,0.0,0.0,0.0,0.0,0.0,1.0
stage1a_single_agent_miniscule,1,1,3665,233,1,50,50,1,0,191.31776428222656,4.0,4.0,4.0,0.4444444444444444,0.0,0,0,0,19,16,16,0,1.0,0,0.0,0.0,0.0,0.0,0.0,0.0,0.0,0.0,0.0,0.0,0.0,0.0,0.0,0.0,0.0,0.0,0.0,0.0,0.21052631578947367
stage1a_single_agent_miniscule,1,1,3676,234,1,50,50,1,0,191.2259521484375,4.0,4.0,4.0,0.2222222222222222,0.0,0,0,0,11,5,5,0,1.0,0,0.0,0.0,0.0,0.0,0.0,0.0,0.0,0.0,0.0,0.0,0.0,0.0,0.0,0.0,0.0,0.0,0.0,0.0,0.36363636363636365
stage1a_single_agent_miniscule,1,1,3685,235,1,50,50,1,0,191.51539611816406,4.0,4.0,4.0,0.3333333333333333,0.0,0,0,0,9,6,6,0,1.0,0,0.0,0.0,0.0,0.0,0.0,0.0,0.0,0.0,0.0,0.0,0.0,0.0,0.0,0.0,0.0,0.0,0.0,0.0,0.4444444444444444
stage1a_single_agent_miniscule,1,1,3697,236,1,50,50,1,0,191.24600219726562,4.0,4.0,4.0,0.2222222222222222,0.0,0,0,0,12,7,7,0,1.0,0,0.0,0.0,0.0,0.0,0.0,0.0,0.0,0.0,0.0,0.0,0.0,0.0,0.0,0.0,0.0,0.0,0.0,0.0,0.3333333333333333
stage1a_single_agent_miniscule,1,1,3710,237,1,50,50,1,0,191.255126953125,4.0,4.0,4.0,0.3333333333333333,0.0,0,0,0,13,10,10,0,1.0,0,0.0,0.0,0.0,0.0,0.0,0.0,0.0,0.0,0.0,0.0,0.0,0.0,0.0,0.0,0.0,0.0,0.0,0.0,0.3076923076923077
stage1a_single_agent_miniscule,1,1,3734,238,1,50,50,1,0,190.98854064941406,4.0,4.0,4.0,0.2222222222222222,0.0,0,0,0,24,21,21,0,1.0,0,0.0,0.0,0.0,0.0,0.0,0.0,0.0,0.0,0.0,0.0,0.0,0.0,0.0,0.0,0.0,0.0,0.0,0.0,0.16666666666666666
stage1a_single_agent_miniscule,1,1,3750,239,1,50,50,1,0,191.21881103515625,4.0,4.0,4.0,0.2222222222222222,0.0,0,0,0,16,12,12,0,1.0,0,0.0,0.0,0.0,0.0,0.0,0.0,0.0,0.0,0.0,0.0,0.0,0.0,0.0,0.0,0.0,0.0,0.0,0.0,0.25
stage1a_single_agent_miniscule,1,1,3762,240,1,50,50,1,0,191.0096893310547,4.0,4.0,4.0,0.3333333333333333,0.0,0,0,0,12,9,9,0,1.0,0,0.0,0.0,0.0,0.0,0.0,0.0,0.0,0.0,0.0,0.0,0.0,0.0,0.0,0.0,0.0,0.0,0.0,0.0,0.3333333333333333
stage1a_single_agent_miniscule,1,1,3777,241,1,50,50,1,0,191.2827606201172,4.0,4.0,4.0,0.2222222222222222,0.0,0,0,0,15,12,12,0,1.0,0,0.0,0.0,0.0,0.0,0.0,0.0,0.0,0.0,0.0,0.0,0.0,0.0,0.0,0.0,0.0,0.0,0.0,0.0,0.26666666666666666
stage1a_single_agent_miniscule,1,1,3792,242,1,50,50,1,0,191.53941345214844,4.0,4.0,4.0,0.3333333333333333,0.0,0,0,0,15,8,8,0,1.0,0,0.0,0.0,0.0,0.0,0.0,0.0,0.0,0.0,0.0,0.0,0.0,0.0,0.0,0.0,0.0,0.0,0.0,0.0,0.26666666666666666
stage1a_single_agent_miniscule,1,1,3805,243,1,50,50,1,0,191.25631713867188,4.0,4.0,4.0,0.3333333333333333,0.0,0,0,0,13,10,10,0,1.0,0,0.0,0.0,0.0,0.0,0.0,0.0,0.0,0.0,0.0,0.0,0.0,0.0,0.0,0.0,0.0,0.0,0.0,0.0,0.3076923076923077
stage1a_single_agent_miniscule,1,1,3824,244,1,50,50,1,0,191.04190063476562,4.0,4.0,4.0,0.3333333333333333,0.0,0,0,0,19,13,13,0,1.0,0,0.0,0.0,0.0,0.0,0.0,0.0,0.0,0.0,0.0,0.0,0.0,0.0,0.0,0.0,0.0,0.0,0.0,0.0,0.21052631578947367
stage1a_single_agent_miniscule,1,1,3833,245,1,50,50,1,0,191.5019989013672,4.0,4.0,4.0,0.2222222222222222,0.0,0,0,0,9,4,4,0,1.0,0,0.0,0.0,0.0,0.0,0.0,0.0,0.0,0.0,0.0,0.0,0.0,0.0,0.0,0.0,0.0,0.0,0.0,0.0,0.4444444444444444
stage1a_single_agent_miniscule,1,1,3857,246,1,50,50,1,0,190.50181579589844,4.0,4.0,4.0,0.3333333333333333,0.0,0,0,0,24,13,13,0,1.0,0,0.0,0.0,0.0,0.0,0.0,0.0,0.0,0.0,0.0,0.0,0.0,0.0,0.0,0.0,0.0,0.0,0.0,0.0,0.16666666666666666
stage1a_single_agent_miniscule,1,1,3876,247,1,50,50,1,0,191.05064392089844,4.0,4.0,4.0,0.3333333333333333,0.0,0,0,0,19,15,15,0,1.0,0,0.0,0.0,0.0,0.0,0.0,0.0,0.0,0.0,0.0,0.0,0.0,0.0,0.0,0.0,0.0,0.0,0.0,0.0,0.21052631578947367
stage1a_single_agent_miniscule,1,1,3893,248,1,50,50,1,0,191.23275756835938,4.0,4.0,4.0,0.3333333333333333,0.0,0,0,0,17,14,14,0,1.0,0,0.0,0.0,0.0,0.0,0.0,0.0,0.0,0.0,0.0,0.0,0.0,0.0,0.0,0.0,0.0,0.0,0.0,0.0,0.23529411764705882
stage1a_single_agent_miniscule,1,1,3897,249,1,50,50,1,0,191.49200439453125,4.0,4.0,4.0,0.1111111111111111,0.0,0,0,0,4,1,1,0,1.0,0,0.0,0.0,0.0,0.0,0.0,0.0,0.0,0.0,0.0,0.0,0.0,0.0,0.0,0.0,0.0,0.0,0.0,0.0,1.0
stage1a_single_agent_miniscule,1,1,3910,250,1,50,50,1,0,191.25514221191406,4.0,4.0,4.0,0.3333333333333333,0.0,0,0,0,13,10,10,0,1.0,0,0.0,0.0,0.0,0.0,0.0,0.0,0.0,0.0,0.0,0.0,0.0,0.0,0.0,0.0,0.0,0.0,0.0,0.0,0.3076923076923077
stage1a_single_agent_miniscule,1,1,3928,251,1,50,50,1,0,190.47413635253906,4.0,4.0,4.0,0.2222222222222222,0.0,0,0,0,18,15,15,0,1.0,0,0.0,0.0,0.0,0.0,0.0,0.0,0.0,0.0,0.0,0.0,0.0,0.0,0.0,0.0,0.0,0.0,0.0,0.0,0.2222222222222222
stage1a_single_agent_miniscule,1,1,3939,252,1,50,50,1,0,191.52069091796875,4.0,4.0,4.0,0.3333333333333333,0.0,0,0,0,11,7,7,0,1.0,0,0.0,0.0,0.0,0.0,0.0,0.0,0.0,0.0,0.0,0.0,0.0,0.0,0.0,0.0,0.0,0.0,0.0,0.0,0.36363636363636365
stage1a_single_agent_miniscule,1,1,3955,253,1,50,50,1,0,191.5208740234375,4.0,4.0,4.0,0.2222222222222222,0.0,0,0,0,16,11,11,0,1.0,0,0.0,0.0,0.0,0.0,0.0,0.0,0.0,0.0,0.0,0.0,0.0,0.0,0.0,0.0,0.0,0.0,0.0,0.0,0.25
stage1a_single_agent_miniscule,1,1,3963,254,1,50,50,1,0,191.4925537109375,4.0,4.0,4.0,0.2222222222222222,0.0,0,0,0,8,5,5,0,1.0,0,0.0,0.0,0.0,0.0,0.0,0.0,0.0,0.0,0.0,0.0,0.0,0.0,0.0,0.0,0.0,0.0,0.0,0.0,0.5
stage1a_single_agent_miniscule,1,1,3984,255,1,50,50,1,0,190.50479125976562,4.0,4.0,4.0,0.2222222222222222,0.0,0,0,0,21,16,16,0,1.0,0,0.0,0.0,0.0,0.0,0.0,0.0,0.0,0.0,0.0,0.0,0.0,0.0,0.0,0.0,0.0,0.0,0.0,0.0,0.19047619047619047
stage1a_single_agent_miniscule,1,1,4006,256,1,50,50,1,0,190.80575561523438,4.0,4.0,4.0,0.4444444444444444,0.0,0,0,0,22,13,13,0,1.0,0,0.0,0.0,0.0,0.0,0.0,0.0,0.0,0.0,0.0,0.0,0.0,0.0,0.0,0.0,0.0,0.0,0.0,0.0,0.18181818181818182
stage1a_single_agent_miniscule,1,1,4028,257,1,50,50,1,0,191.5521697998047,4.0,4.0,4.0,0.4444444444444444,0.0,0,0,0,22,19,19,0,1.0,0,0.0,0.0,0.0,0.0,0.0,0.0,0.0,0.0,0.0,0.0,0.0,0.0,0.0,0.0,0.0,0.0,0.0,0.0,0.18181818181818182
stage1a_single_agent_miniscule,1,1,4036,258,1,50,50,1,0,192.07655334472656,4.0,4.0,4.0,0.3333333333333333,0.0,0,0,0,8,5,5,0,1.0,0,0.0,0.0,0.0,0.0,0.0,0.0,0.0,0.0,0.0,0.0,0.0,0.0,0.0,0.0,0.0,0.0,0.0,0.0,0.5
stage1a_single_agent_miniscule,1,1,4051,259,1,50,50,1,0,190.73350524902344,4.0,4.0,4.0,0.2222222222222222,0.0,0,0,0,15,12,12,0,1.0,0,0.0,0.0,0.0,0.0,0.0,0.0,0.0,0.0,0.0,0.0,0.0,0.0,0.0,0.0,0.0,0.0,0.0,0.0,0.26666666666666666
stage1a_single_agent_miniscule,1,1,4073,260,1,50,50,1,0,190.5023193359375,4.0,4.0,4.0,0.2222222222222222,0.0,0,0,0,22,18,18,0,1.0,0,0.0,0.0,0.0,0.0,0.0,0.0,0.0,0.0,0.0,0.0,0.0,0.0,0.0,0.0,0.0,0.0,0.0,0.0,0.18181818181818182
stage1a_single_agent_miniscule,1,1,4087,261,1,50,50,1,0,191.5497589111328,4.0,4.0,4.0,0.3333333333333333,0.0,0,0,0,14,11,11,0,1.0,0,0.0,0.0,0.0,0.0,0.0,0.0,0.0,0.0,0.0,0.0,0.0,0.0,0.0,0.0,0.0,0.0,0.0,0.0,0.2857142857142857
stage1a_single_agent_miniscule,1,1,4129,262,1,50,50,1,0,190.0790557861328,4.0,4.0,4.0,0.4444444444444444,0.0,0,0,0,42,17,17,0,1.0,0,0.0,0.0,0.0,0.0,0.0,0.0,0.0,0.0,0.0,0.0,0.0,0.0,0.0,0.0,0.0,0.0,0.0,0.0,0.09523809523809523
stage1a_single_agent_miniscule,1,1,4144,263,1,50,50,1,0,191.54934692382812,4.0,4.0,4.0,0.3333333333333333,0.0,0,0,0,15,12,12,0,1.0,0,0.0,0.0,0.0,0.0,0.0,0.0,0.0,0.0,0.0,0.0,0.0,0.0,0.0,0.0,0.0,0.0,0.0,0.0,0.26666666666666666
stage1a_single_agent_miniscule,1,1,4156,264,1,50,50,1,0,191.0090789794922,4.0,4.0,4.0,0.3333333333333333,0.0,0,0,0,12,9,9,0,1.0,0,0.0,0.0,0.0,0.0,0.0,0.0,0.0,0.0,0.0,0.0,0.0,0.0,0.0,0.0,0.0,0.0,0.0,0.0,0.3333333333333333
stage1a_single_agent_miniscule,1,1,4170,265,1,50,50,1,0,191.22244262695312,4.0,4.0,4.0,0.2222222222222222,0.0,0,0,0,14,10,10,0,1.0,0,0.0,0.0,0.0,0.0,0.0,0.0,0.0,0.0,0.0,0.0,0.0,0.0,0.0,0.0,0.0,0.0,0.0,0.0,0.2857142857142857
stage1a_single_agent_miniscule,1,1,4174,266,1,50,50,1,0,191.49020385742188,4.0,4.0,4.0,0.1111111111111111,0.0,0,0,0,4,1,1,0,1.0,0,0.0,0.0,0.0,0.0,0.0,0.0,0.0,0.0,0.0,0.0,0.0,0.0,0.0,0.0,0.0,0.0,0.0,0.0,1.0
stage1a_single_agent_miniscule,1,1,4201,267,1,50,50,1,0,190.7559051513672,4.0,4.0,4.0,0.3333333333333333,0.0,0,0,0,27,24,24,0,1.0,0,0.0,0.0,0.0,0.0,0.0,0.0,0.0,0.0,0.0,0.0,0.0,0.0,0.0,0.0,0.0,0.0,0.0,0.0,0.14814814814814814
stage1a_single_agent_miniscule,1,1,4212,268,1,50,50,1,0,191.26800537109375,4.0,4.0,4.0,0.3333333333333333,0.0,0,0,0,11,8,8,0,1.0,0,0.0,0.0,0.0,0.0,0.0,0.0,0.0,0.0,0.0,0.0,0.0,0.0,0.0,0.0,0.0,0.0,0.0,0.0,0.36363636363636365
stage1a_single_agent_miniscule,1,1,4221,269,1,50,50,1,0,191.515625,4.0,4.0,4.0,0.3333333333333333,0.0,0,0,0,9,6,6,0,1.0,0,0.0,0.0,0.0,0.0,0.0,0.0,0.0,0.0,0.0,0.0,0.0,0.0,0.0,0.0,0.0,0.0,0.0,0.0,0.4444444444444444
stage1a_single_agent_miniscule,1,1,4225,270,1,50,50,1,0,191.49200439453125,4.0,4.0,4.0,0.1111111111111111,0.0,0,0,0,4,1,1,0,1.0,0,0.0,0.0,0.0,0.0,0.0,0.0,0.0,0.0,0.0,0.0,0.0,0.0,0.0,0.0,0.0,0.0,0.0,0.0,1.0
stage1a_single_agent_miniscule,1,1,4235,271,1,50,50,1,0,191.4991455078125,4.0,4.0,4.0,0.2222222222222222,0.0,0,0,0,10,7,7,0,1.0,0,0.0,0.0,0.0,0.0,0.0,0.0,0.0,0.0,0.0,0.0,0.0,0.0,0.0,0.0,0.0,0.0,0.0,0.0,0.4
stage1a_single_agent_miniscule,1,1,4254,272,1,50,50,1,0,190.7320098876953,4.0,4.0,4.0,0.3333333333333333,0.0,0,0,0,19,16,16,0,1.0,0,0.0,0.0,0.0,0.0,0.0,0.0,0.0,0.0,0.0,0.0,0.0,0.0,0.0,0.0,0.0,0.0,0.0,0.0,0.21052631578947367
stage1a_single_agent_miniscule,1,1,4268,273,1,50,50,1,0,191.0142364501953,4.0,4.0,4.0,0.3333333333333333,0.0,0,0,0,14,11,11,0,1.0,0,0.0,0.0,0.0,0.0,0.0,0.0,0.0,0.0,0.0,0.0,0.0,0.0,0.0,0.0,0.0,0.0,0.0,0.0,0.2857142857142857
stage1a_single_agent_miniscule,1,1,4284,274,1,50,50,1,0,191.02943420410156,4.0,4.0,4.0,0.2222222222222222,0.0,0,0,0,16,10,10,0,1.0,0,0.0,0.0,0.0,0.0,0.0,0.0,0.0,0.0,0.0,0.0,0.0,0.0,0.0,0.0,0.0,0.0,0.0,0.0,0.25
stage1a_single_agent_miniscule,1,1,4303,275,1,50,50,1,0,190.4730987548828,4.0,4.0,4.0,0.2222222222222222,0.0,0,0,0,19,16,16,0,1.0,0,0.0,0.0,0.0,0.0,0.0,0.0,0.0,0.0,0.0,0.0,0.0,0.0,0.0,0.0,0.0,0.0,0.0,0.0,0.21052631578947367
stage1a_single_agent_miniscule,1,1,4315,276,1,50,50,1,0,191.31764221191406,4.0,4.0,4.0,0.3333333333333333,0.0,0,0,0,12,9,9,0,1.0,0,0.0,0.0,0.0,0.0,0.0,0.0,0.0,0.0,0.0,0.0,0.0,0.0,0.0,0.0,0.0,0.0,0.0,0.0,0.3333333333333333
stage1a_single_agent_miniscule,1,1,4319,277,1,50,50,1,0,191.49200439453125,4.0,4.0,4.0,0.1111111111111111,0.0,0,0,0,4,1,1,0,1.0,0,0.0,0.0,0.0,0.0,0.0,0.0,0.0,0.0,0.0,0.0,0.0,0.0,0.0,0.0,0.0,0.0,0.0,0.0,1.0
stage1a_single_agent_miniscule,1,1,4331,278,1,50,50,1,0,191.26600646972656,4.0,4.0,4.0,0.3333333333333333,0.0,0,0,0,12,8,8,0,1.0,0,0.0,0.0,0.0,0.0,0.0,0.0,0.0,0.0,0.0,0.0,0.0,0.0,0.0,0.0,0.0,0.0,0.0,0.0,0.3333333333333333
stage1a_single_agent_miniscule,1,1,4339,279,1,50,50,1,0,191.5020751953125,4.0,4.0,4.0,0.2222222222222222,0.0,0,0,0,8,5,5,0,1.0,0,0.0,0.0,0.0,0.0,0.0,0.0,0.0,0.0,0.0,0.0,0.0,0.0,0.0,0.0,0.0,0.0,0.0,0.0,0.5
stage1a_single_agent_miniscule,1,1,4351,280,1,50,50,1,0,191.25962829589844,4.0,4.0,4.0,0.3333333333333333,0.0,0,0,0,12,9,9,0,1.0,0,0.0,0.0,0.0,0.0,0.0,0.0,0.0,0.0,0.0,0.0,0.0,0.0,0.0,0.0,0.0,0.0,0.0,0.0,0.3333333333333333
stage1a_single_agent_miniscule,1,1,4355,281,1,50,50,1,0,191.49009704589844,4.0,4.0,4.0,0.1111111111111111,0.0,0,0,0,4,1,1,0,1.0,0,0.0,0.0,0.0,0.0,0.0,0.0,0.0,0.0,0.0,0.0,0.0,0.0,0.0,0.0,0.0,0.0,0.0,0.0,1.0
stage1a_single_agent_miniscule,1,1,4372,282,1,50,50,1,0,190.75830078125,4.0,4.0,4.0,0.3333333333333333,0.0,0,0,0,17,8,8,0,1.0,0,0.0,0.0,0.0,0.0,0.0,0.0,0.0,0.0,0.0,0.0,0.0,0.0,0.0,0.0,0.0,0.0,0.0,0.0,0.23529411764705882
stage1a_single_agent_miniscule,1,1,4384,283,1,50,50,1,0,191.26983642578125,4.0,4.0,4.0,0.3333333333333333,0.0,0,0,0,12,9,9,0,1.0,0,0.0,0.0,0.0,0.0,0.0,0.0,0.0,0.0,0.0,0.0,0.0,0.0,0.0,0.0,0.0,0.0,0.0,0.0,0.3333333333333333
stage1a_single_agent_miniscule,1,1,4388,284,1,50,50,1,0,191.24046325683594,4.0,4.0,4.0,0.1111111111111111,0.0,0,0,0,4,1,1,0,1.0,0,0.0,0.0,0.0,0.0,0.0,0.0,0.0,0.0,0.0,0.0,0.0,0.0,0.0,0.0,0.0,0.0,0.0,0.0,1.0
stage1a_single_agent_miniscule,1,1,4402,285,1,50,50,1,0,191.31187438964844,4.0,4.0,4.0,0.3333333333333333,0.0,0,0,0,14,10,10,0,1.0,0,0.0,0.0,0.0,0.0,0.0,0.0,0.0,0.0,0.0,0.0,0.0,0.0,0.0,0.0,0.0,0.0,0.0,0.0,0.2857142857142857
stage1a_single_agent_miniscule,1,1,4406,286,1,50,50,1,0,191.49200439453125,4.0,4.0,4.0,0.1111111111111111,0.0,0,0,0,4,1,1,0,1.0,0,0.0,0.0,0.0,0.0,0.0,0.0,0.0,0.0,0.0,0.0,0.0,0.0,0.0,0.0,0.0,0.0,0.0,0.0,1.0
stage1a_single_agent_miniscule,1,1,4421,287,1,50,50,1,0,191.53890991210938,4.0,4.0,4.0,0.3333333333333333,0.0,0,0,0,15,12,12,0,1.0,0,0.0,0.0,0.0,0.0,0.0,0.0,0.0,0.0,0.0,0.0,0.0,0.0,0.0,0.0,0.0,0.0,0.0,0.0,0.26666666666666666
stage1a_single_agent_miniscule,1,1,4435,288,1,50,50,1,0,191.28428649902344,4.0,4.0,4.0,0.2222222222222222,0.0,0,0,0,14,9,9,0,1.0,0,0.0,0.0,0.0,0.0,0.0,0.0,0.0,0.0,0.0,0.0,0.0,0.0,0.0,0.0,0.0,0.0,0.0,0.0,0.2857142857142857
stage1a_single_agent_miniscule,1,1,4453,289,1,50,50,1,0,191.2340087890625,4.0,4.0,4.0,0.3333333333333333,0.0,0,0,0,18,14,14,0,1.0,0,0.0,0.0,0.0,0.0,0.0,0.0,0.0,0.0,0.0,0.0,0.0,0.0,0.0,0.0,0.0,0.0,0.0,0.0,0.2222222222222222
stage1a_single_agent_miniscule,1,1,4476,290,1,50,50,1,0,191.48878479003906,4.0,4.0,4.0,0.3333333333333333,0.0,0,0,0,23,12,12,0,1.0,0,0.0,0.0,0.0,0.0,0.0,0.0,0.0,0.0,0.0,0.0,0.0,0.0,0.0,0.0,0.0,0.0,0.0,0.0,0.17391304347826086
stage1a_single_agent_miniscule,1,1,4491,291,1,50,50,1,0,191.52133178710938,4.0,4.0,4.0,0.2222222222222222,0.0,0,0,0,15,5,5,0,1.0,0,0.0,0.0,0.0,0.0,0.0,0.0,0.0,0.0,0.0,0.0,0.0,0.0,0.0,0.0,0.0,0.0,0.0,0.0,0.26666666666666666
stage1a_single_agent_miniscule,1,1,4515,292,1,50,50,1,0,190.27972412109375,4.0,4.0,4.0,0.3333333333333333,0.0,0,0,0,24,21,21,0,1.0,0,0.0,0.0,0.0,0.0,0.0,0.0,0.0,0.0,0.0,0.0,0.0,0.0,0.0,0.0,0.0,0.0,0.0,0.0,0.16666666666666666
stage1a_single_agent_miniscule,1,1,4538,293,1,50,50,1,0,190.52919006347656,4.0,4.0,4.0,0.3333333333333333,0.0,0,0,0,23,20,20,0,1.0,0,0.0,0.0,0.0,0.0,0.0,0.0,0.0,0.0,0.0,0.0,0.0,0.0,0.0,0.0,0.0,0.0,0.0,0.0,0.17391304347826086
stage1a_single_agent_miniscule,1,1,4556,294,1,50,50,1,0,190.4943389892578,4.0,4.0,4.0,0.3333333333333333,0.0,0,0,0,18,15,15,0,1.0,0,0.0,0.0,0.0,0.0,0.0,0.0,0.0,0.0,0.0,0.0,0.0,0.0,0.0,0.0,0.0,0.0,0.0,0.0,0.2222222222222222
stage1a_single_agent_miniscule,1,1,4569,295,1,50,50,1,0,191.25869750976562,4.0,4.0,4.0,0.3333333333333333,0.0,0,0,0,13,10,10,0,1.0,0,0.0,0.0,0.0,0.0,0.0,0.0,0.0,0.0,0.0,0.0,0.0,0.0,0.0,0.0,0.0,0.0,0.0,0.0,0.3076923076923077
stage1a_single_agent_miniscule,1,1,4585,296,1,50,50,1,0,191.0084991455078,4.0,4.0,4.0,0.3333333333333333,0.0,0,0,0,16,13,13,0,1.0,0,0.0,0.0,0.0,0.0,0.0,0.0,0.0,0.0,0.0,0.0,0.0,0.0,0.0,0.0,0.0,0.0,0.0,0.0,0.25
stage1a_single_agent_miniscule,1,1,4600,297,1,50,50,1,0,191.55210876464844,4.0,4.0,4.0,0.3333333333333333,0.0,0,0,0,15,10,10,0,1.0,0,0.0,0.0,0.0,0.0,0.0,0.0,0.0,0.0,0.0,0.0,0.0,0.0,0.0,0.0,0.0,0.0,0.0,0.0,0.26666666666666666
stage1a_single_agent_miniscule,1,1,4604,298,1,50,50,1,0,191.49020385742188,4.0,4.0,4.0,0.1111111111111111,0.0,0,0,0,4,1,1,0,1.0,0,0.0,0.0,0.0,0.0,0.0,0.0,0.0,0.0,0.0,0.0,0.0,0.0,0.0,0.0,0.0,0.0,0.0,0.0,1.0
stage1a_single_agent_miniscule,1,1,4620,299,1,50,50,1,0,191.02935791015625,4.0,4.0,4.0,0.2222222222222222,0.0,0,0,0,16,11,11,0,1.0,0,0.0,0.0,0.0,0.0,0.0,0.0,0.0,0.0,0.0,0.0,0.0,0.0,0.0,0.0,0.0,0.0,0.0,0.0,0.25
stage1a_single_agent_miniscule,1,1,4638,300,1,50,50,1,0,191.0012664794922,4.0,4.0,4.0,0.3333333333333333,0.0,0,0,0,18,15,15,0,1.0,0,0.0,0.0,0.0,0.0,0.0,0.0,0.0,0.0,0.0,0.0,0.0,0.0,0.0,0.0,0.0,0.0,0.0,0.0,0.2222222222222222
stage1a_single_agent_miniscule,1,1,4642,301,1,50,50,1,0,191.49200439453125,4.0,4.0,4.0,0.1111111111111111,0.0,0,0,0,4,1,1,0,1.0,0,0.0,0.0,0.0,0.0,0.0,0.0,0.0,0.0,0.0,0.0,0.0,0.0,0.0,0.0,0.0,0.0,0.0,0.0,1.0
stage1a_single_agent_miniscule,1,1,4659,302,1,50,50,1,0,191.5428924560547,4.0,4.0,4.0,0.3333333333333333,0.0,0,0,0,17,14,14,0,1.0,0,0.0,0.0,0.0,0.0,0.0,0.0,0.0,0.0,0.0,0.0,0.0,0.0,0.0,0.0,0.0,0.0,0.0,0.0,0.23529411764705882
stage1a_single_agent_miniscule,1,1,4663,303,1,50,50,1,0,191.49024963378906,4.0,4.0,4.0,0.1111111111111111,0.0,0,0,0,4,1,1,0,1.0,0,0.0,0.0,0.0,0.0,0.0,0.0,0.0,0.0,0.0,0.0,0.0,0.0,0.0,0.0,0.0,0.0,0.0,0.0,1.0
stage1a_single_agent_miniscule,1,1,4677,304,1,50,50,1,0,191.0142364501953,4.0,4.0,4.0,0.3333333333333333,0.0,0,0,0,14,11,11,0,1.0,0,0.0,0.0,0.0,0.0,0.0,0.0,0.0,0.0,0.0,0.0,0.0,0.0,0.0,0.0,0.0,0.0,0.0,0.0,0.2857142857142857
stage1a_single_agent_miniscule,1,1,4701,305,1,50,50,1,0,190.7808380126953,4.0,4.0,4.0,0.3333333333333333,0.0,0,0,0,24,21,21,0,1.0,0,0.0,0.0,0.0,0.0,0.0,0.0,0.0,0.0,0.0,0.0,0.0,0.0,0.0,0.0,0.0,0.0,0.0,0.0,0.16666666666666666
stage1a_single_agent_miniscule,1,1,4717,306,1,50,50,1,0,191.0172576904297,4.0,4.0,4.0,0.2222222222222222,0.0,0,0,0,16,12,12,0,1.0,0,0.0,0.0,0.0,0.0,0.0,0.0,0.0,0.0,0.0,0.0,0.0,0.0,0.0,0.0,0.0,0.0,0.0,0.0,0.25
stage1a_single_agent_miniscule,1,1,4732,307,1,50,50,1,0,191.79693603515625,4.0,4.0,4.0,0.3333333333333333,0.0,0,0,0,15,12,12,0,1.0,0,0.0,0.0,0.0,0.0,0.0,0.0,0.0,0.0,0.0,0.0,0.0,0.0,0.0,0.0,0.0,0.0,0.0,0.0,0.26666666666666666
stage1a_single_agent_miniscule,1,1,4736,308,1,50,50,1,0,191.4904327392578,4.0,4.0,4.0,0.1111111111111111,0.0,0,0,0,4,1,1,0,1.0,0,0.0,0.0,0.0,0.0,0.0,0.0,0.0,0.0,0.0,0.0,0.0,0.0,0.0,0.0,0.0,0.0,0.0,0.0,1.0
stage1a_single_agent_miniscule,1,1,4751,309,1,50,50,1,0,191.2998809814453,4.0,4.0,4.0,0.3333333333333333,0.0,0,0,0,15,8,8,0,1.0,0,0.0,0.0,0.0,0.0,0.0,0.0,0.0,0.0,0.0,0.0,0.0,0.0,0.0,0.0,0.0,0.0,0.0,0.0,0.26666666666666666
stage1a_single_agent_miniscule,1,1,4768,310,1,50,50,1,0,191.2673797607422,4.0,4.0,4.0,0.2222222222222222,0.0,0,0,0,17,13,13,0,1.0,0,0.0,0.0,0.0,0.0,0.0,0.0,0.0,0.0,0.0,0.0,0.0,0.0,0.0,0.0,0.0,0.0,0.0,0.0,0.23529411764705882
stage1a_single_agent_miniscule,1,1,4782,311,1,50,50,1,0,191.033935546875,4.0,4.0,4.0,0.2222222222222222,0.0,0,0,0,14,11,11,0,1.0,0,0.0,0.0,0.0,0.0,0.0,0.0,0.0,0.0,0.0,0.0,0.0,0.0,0.0,0.0,0.0,0.0,0.0,0.0,0.2857142857142857
stage1a_single_agent_miniscule,1,1,4795,312,1,50,50,1,0,191.0439910888672,4.0,4.0,4.0,0.2222222222222222,0.0,0,0,0,13,10,10,0,1.0,0,0.0,0.0,0.0,0.0,0.0,0.0,0.0,0.0,0.0,0.0,0.0,0.0,0.0,0.0,0.0,0.0,0.0,0.0,0.3076923076923077
stage1a_single_agent_miniscule,1,1,4810,313,1,50,50,1,0,191.822021484375,4.0,4.0,4.0,0.2222222222222222,0.0,0,0,0,15,12,12,0,1.0,0,0.0,0.0,0.0,0.0,0.0,0.0,0.0,0.0,0.0,0.0,0.0,0.0,0.0,0.0,0.0,0.0,0.0,0.0,0.26666666666666666
stage1a_single_agent_miniscule,1,1,4836,314,1,50,50,1,0,190.2543487548828,4.0,4.0,4.0,0.3333333333333333,0.0,0,0,0,26,13,13,0,1.0,0,0.0,0.0,0.0,0.0,0.0,0.0,0.0,0.0,0.0,0.0,0.0,0.0,0.0,0.0,0.0,0.0,0.0,0.0,0.15384615384615385
stage1a_single_agent_miniscule,1,1,4857,315,1,50,50,1,0,190.77732849121094,4.0,4.0,4.0,0.3333333333333333,0.0,0,0,0,21,14,14,0,1.0,0,0.0,0.0,0.0,0.0,0.0,0.0,0.0,0.0,0.0,0.0,0.0,0.0,0.0,0.0,0.0,0.0,0.0,0.0,0.19047619047619047
stage1a_single_agent_miniscule,1,1,4874,316,1,50,50,1,0,190.99594116210938,4.0,4.0,4.0,0.4444444444444444,0.0,0,0,0,17,14,14,0,1.0,0,0.0,0.0,0.0,0.0,0.0,0.0,0.0,0.0,0.0,0.0,0.0,0.0,0.0,0.0,0.0,0.0,0.0,0.0,0.23529411764705882
stage1a_single_agent_miniscule,1,1,4891,317,1,50,50,1,0,191.50323486328125,4.0,4.0,4.0,0.4444444444444444,0.0,0,0,0,17,14,14,0,1.0,0,0.0,0.0,0.0,0.0,0.0,0.0,0.0,0.0,0.0,0.0,0.0,0.0,0.0,0.0,0.0,0.0,0.0,0.0,0.23529411764705882
stage1a_single_agent_miniscule,1,1,4906,318,1,50,50,1,0,191.01954650878906,4.0,4.0,4.0,0.2222222222222222,0.0,0,0,0,15,11,11,0,1.0,0,0.0,0.0,0.0,0.0,0.0,0.0,0.0,0.0,0.0,0.0,0.0,0.0,0.0,0.0,0.0,0.0,0.0,0.0,0.26666666666666666
stage1a_single_agent_miniscule,1,1,4922,319,1,50,50,1,0,191.29876708984375,4.0,4.0,4.0,0.3333333333333333,0.0,0,0,0,16,8,8,0,1.0,0,0.0,0.0,0.0,0.0,0.0,0.0,0.0,0.0,0.0,0.0,0.0,0.0,0.0,0.0,0.0,0.0,0.0,0.0,0.25
stage1a_single_agent_miniscule,1,1,4935,320,1,50,50,1,0,191.25241088867188,4.0,4.0,4.0,0.2222222222222222,0.0,0,0,0,13,8,8,0,1.0,0,0.0,0.0,0.0,0.0,0.0,0.0,0.0,0.0,0.0,0.0,0.0,0.0,0.0,0.0,0.0,0.0,0.0,0.0,0.3076923076923077
stage1a_single_agent_miniscule,1,1,4961,321,1,50,50,1,0,191.2694091796875,4.0,4.0,4.0,0.3333333333333333,0.0,0,0,0,26,22,22,0,1.0,0,0.0,0.0,0.0,0.0,0.0,0.0,0.0,0.0,0.0,0.0,0.0,0.0,0.0,0.0,0.0,0.0,0.0,0.0,0.15384615384615385
stage1a_single_agent_miniscule,1,1,4970,322,1,50,50,1,0,191.52200317382812,4.0,4.0,4.0,0.3333333333333333,0.0,0,0,0,9,5,5,0,1.0,0,0.0,0.0,0.0,0.0,0.0,0.0,0.0,0.0,0.0,0.0,0.0,0.0,0.0,0.0,0.0,0.0,0.0,0.0,0.4444444444444444
stage1a_single_agent_miniscule,1,1,4984,323,1,50,50,1,0,191.5634002685547,4.0,4.0,4.0,0.3333333333333333,0.0,0,0,0,14,11,11,0,1.0,0,0.0,0.0,0.0,0.0,0.0,0.0,0.0,0.0,0.0,0.0,0.0,0.0,0.0,0.0,0.0,0.0,0.0,0.0,0.2857142857142857
stage1a_single_agent_miniscule,1,1,5000,324,1,50,50,1,0,191.28765869140625,4.0,4.0,4.0,0.3333333333333333,0.0,0,0,0,16,13,13,0,1.0,0,0.0,0.0,0.0,0.0,0.0,0.0,0.0,0.0,0.0,0.0,0.0,0.0,0.0,0.0,0.0,0.0,0.0,0.0,0.25
stage1a_single_agent_miniscule,1,1,5019,325,1,50,50,1,0,190.4560089111328,4.0,4.0,4.0,0.2222222222222222,0.0,0,0,0,19,15,15,0,1.0,0,0.0,0.0,0.0,0.0,0.0,0.0,0.0,0.0,0.0,0.0,0.0,0.0,0.0,0.0,0.0,0.0,0.0,0.0,0.21052631578947367
stage1a_single_agent_miniscule,1,1,5050,326,1,50,50,1,0,191.0538330078125,4.0,4.0,4.0,0.4444444444444444,0.0,0,0,0,31,5,5,0,1.0,0,0.0,0.0,0.0,0.0,0.0,0.0,0.0,0.0,0.0,0.0,0.0,0.0,0.0,0.0,0.0,0.0,0.0,0.0,0.12903225806451613
stage1a_single_agent_miniscule,1,1,5054,327,1,50,50,1,0,191.49200439453125,4.0,4.0,4.0,0.1111111111111111,0.0,0,0,0,4,1,1,0,1.0,0,0.0,0.0,0.0,0.0,0.0,0.0,0.0,0.0,0.0,0.0,0.0,0.0,0.0,0.0,0.0,0.0,0.0,0.0,1.0
stage1a_single_agent_miniscule,1,1,5078,328,1,50,50,1,0,191.54620361328125,4.0,4.0,4.0,0.3333333333333333,0.0,0,0,0,24,12,12,0,1.0,0,0.0,0.0,0.0,0.0,0.0,0.0,0.0,0.0,0.0,0.0,0.0,0.0,0.0,0.0,0.0,0.0,0.0,0.0,0.16666666666666666
stage1a_single_agent_miniscule,1,1,5089,329,1,50,50,1,0,191.26174926757812,4.0,4.0,4.0,0.3333333333333333,0.0,0,0,0,11,8,8,0,1.0,0,0.0,0.0,0.0,0.0,0.0,0.0,0.0,0.0,0.0,0.0,0.0,0.0,0.0,0.0,0.0,0.0,0.0,0.0,0.36363636363636365
stage1a_single_agent_miniscule,1,1,5122,330,1,50,50,1,0,190.74481201171875,4.0,4.0,4.0,0.4444444444444444,0.0,0,0,0,33,10,10,0,1.0,0,0.0,0.0,0.0,0.0,0.0,0.0,0.0,0.0,0.0,0.0,0.0,0.0,0.0,0.0,0.0,0.0,0.0,0.0,0.12121212121212122
stage1a_single_agent_miniscule,1,1,5136,331,1,50,50,1,0,191.5635986328125,4.0,4.0,4.0,0.3333333333333333,0.0,0,0,0,14,11,11,0,1.0,0,0.0,0.0,0.0,0.0,0.0,0.0,0.0,0.0,0.0,0.0,0.0,0.0,0.0,0.0,0.0,0.0,0.0,0.0,0.2857142857142857
stage1a_single_agent_miniscule,1,1,5140,332,1,50,50,1,0,191.49200439453125,4.0,4.0,4.0,0.1111111111111111,0.0,0,0,0,4,1,1,0,1.0,0,0.0,0.0,0.0,0.0,0.0,0.0,0.0,0.0,0.0,0.0,0.0,0.0,0.0,0.0,0.0,0.0,0.0,0.0,1.0
stage1a_single_agent_miniscule,1,1,5162,333,1,50,50,1,0,190.53237915039062,4.0,4.0,4.0,0.3333333333333333,0.0,0,0,0,22,13,13,0,1.0,0,0.0,0.0,0.0,0.0,0.0,0.0,0.0,0.0,0.0,0.0,0.0,0.0,0.0,0.0,0.0,0.0,0.0,0.0,0.18181818181818182
stage1a_single_agent_miniscule,1,1,5177,334,1,50,50,1,0,191.05076599121094,4.0,4.0,4.0,0.3333333333333333,0.0,0,0,0,15,12,12,0,1.0,0,0.0,0.0,0.0,0.0,0.0,0.0,0.0,0.0,0.0,0.0,0.0,0.0,0.0,0.0,0.0,0.0,0.0,0.0,0.26666666666666666
stage1a_single_agent_miniscule,1,1,5190,335,1,50,50,1,0,191.01400756835938,4.0,4.0,4.0,0.3333333333333333,0.0,0,0,0,13,10,10,0,1.0,0,0.0,0.0,0.0,0.0,0.0,0.0,0.0,0.0,0.0,0.0,0.0,0.0,0.0,0.0,0.0,0.0,0.0,0.0,0.3076923076923077
stage1a_single_agent_miniscule,1,1,5194,336,1,50,50,1,0,191.49020385742188,4.0,4.0,4.0,0.1111111111111111,0.0,0,0,0,4,1,1,0,1.0,0,0.0,0.0,0.0,0.0,0.0,0.0,0.0,0.0,0.0,0.0,0.0,0.0,0.0,0.0,0.0,0.0,0.0,0.0,1.0
stage1a_single_agent_miniscule,1,1,5208,337,1,50,50,1,0,191.56333923339844,4.0,4.0,4.0,0.3333333333333333,0.0,0,0,0,14,11,11,0,1.0,0,0.0,0.0,0.0,0.0,0.0,0.0,0.0,0.0,0.0,0.0,0.0,0.0,0.0,0.0,0.0,0.0,0.0,0.0,0.2857142857142857
stage1a_single_agent_miniscule,1,1,5219,338,1,50,50,1,0,191.26800537109375,4.0,4.0,4.0,0.3333333333333333,0.0,0,0,0,11,8,8,0,1.0,0,0.0,0.0,0.0,0.0,0.0,0.0,0.0,0.0,0.0,0.0,0.0,0.0,0.0,0.0,0.0,0.0,0.0,0.0,0.36363636363636365
stage1a_single_agent_miniscule,1,1,5227,339,1,50,50,1,0,191.74400329589844,4.0,4.0,4.0,0.2222222222222222,0.0,0,0,0,8,5,5,0,1.0,0,0.0,0.0,0.0,0.0,0.0,0.0,0.0,0.0,0.0,0.0,0.0,0.0,0.0,0.0,0.0,0.0,0.0,0.0,0.5
stage1a_single_agent_miniscule,1,1,5243,340,1,50,50,1,0,191.00119018554688,4.0,4.0,4.0,0.3333333333333333,0.0,0,0,0,16,13,13,0,1.0,0,0.0,0.0,0.0,0.0,0.0,0.0,0.0,0.0,0.0,0.0,0.0,0.0,0.0,0.0,0.0,0.0,0.0,0.0,0.25
stage1a_single_agent_miniscule,1,1,5247,341,1,50,50,1,0,191.49200439453125,4.0,4.0,4.0,0.1111111111111111,0.0,0,0,0,4,1,1,0,1.0,0,0.0,0.0,0.0,0.0,0.0,0.0,0.0,0.0,0.0,0.0,0.0,0.0,0.0,0.0,0.0,0.0,0.0,0.0,1.0
stage1a_single_agent_miniscule,1,1,5261,342,1,50,50,1,0,190.98440551757812,4.0,4.0,4.0,0.2222222222222222,0.0,0,0,0,14,10,10,0,1.0,0,0.0,0.0,0.0,0.0,0.0,0.0,0.0,0.0,0.0,0.0,0.0,0.0,0.0,0.0,0.0,0.0,0.0,0.0,0.2857142857142857
stage1a_single_agent_miniscule,1,1,5283,343,1,50,50,1,0,191.28160095214844,4.0,4.0,4.0,0.3333333333333333,0.0,0,0,0,22,18,18,0,1.0,0,0.0,0.0,0.0,0.0,0.0,0.0,0.0,0.0,0.0,0.0,0.0,0.0,0.0,0.0,0.0,0.0,0.0,0.0,0.18181818181818182
stage1a_single_agent_miniscule,1,1,5297,344,1,50,50,1,0,191.00308227539062,4.0,4.0,4.0,0.3333333333333333,0.0,0,0,0,14,10,10,0,1.0,0,0.0,0.0,0.0,0.0,0.0,0.0,0.0,0.0,0.0,0.0,0.0,0.0,0.0,0.0,0.0,0.0,0.0,0.0,0.2857142857142857
stage1a_single_agent_miniscule,1,1,5311,345,1,50,50,1,0,191.05279541015625,4.0,4.0,4.0,0.3333333333333333,0.0,0,0,0,14,11,11,0,1.0,0,0.0,0.0,0.0,0.0,0.0,0.0,0.0,0.0,0.0,0.0,0.0,0.0,0.0,0.0,0.0,0.0,0.0,0.0,0.2857142857142857
stage1a_single_agent_miniscule,1,1,5326,346,1,50,50,1,0,191.54000854492188,4.0,4.0,4.0,0.3333333333333333,0.0,0,0,0,15,12,12,0,1.0,0,0.0,0.0,0.0,0.0,0.0,0.0,0.0,0.0,0.0,0.0,0.0,0.0,0.0,0.0,0.0,0.0,0.0,0.0,0.26666666666666666
stage1a_single_agent_miniscule,1,1,5339,347,1,50,50,1,0,191.25869750976562,4.0,4.0,4.0,0.3333333333333333,0.0,0,0,0,13,10,10,0,1.0,0,0.0,0.0,0.0,0.0,0.0,0.0,0.0,0.0,0.0,0.0,0.0,0.0,0.0,0.0,0.0,0.0,0.0,0.0,0.3076923076923077
stage1a_single_agent_miniscule,1,1,5343,348,1,50,50,1,0,191.78103637695312,4.0,4.0,4.0,0.1111111111111111,0.0,0,0,0,4,1,1,0,1.0,0,0.0,0.0,0.0,0.0,0.0,0.0,0.0,0.0,0.0,0.0,0.0,0.0,0.0,0.0,0.0,0.0,0.0,0.0,1.0
stage1a_single_agent_miniscule,1,1,5359,349,1,50,50,1,0,191.25669860839844,4.0,4.0,4.0,0.3333333333333333,0.0,0,0,0,16,13,13,0,1.0,0,0.0,0.0,0.0,0.0,0.0,0.0,0.0,0.0,0.0,0.0,0.0,0.0,0.0,0.0,0.0,0.0,0.0,0.0,0.25
stage1a_single_agent_miniscule,1,1,5379,350,1,50,50,1,0,190.7106475830078,4.0,4.0,4.0,0.3333333333333333,0.0,0,0,0,20,17,17,0,1.0,0,0.0,0.0,0.0,0.0,0.0,0.0,0.0,0.0,0.0,0.0,0.0,0.0,0.0,0.0,0.0,0.0,0.0,0.0,0.2
stage1a_single_agent_miniscule,1,1,5393,351,1,50,50,1,0,191.2567901611328,4.0,4.0,4.0,0.3333333333333333,0.0,0,0,0,14,11,11,0,1.0,0,0.0,0.0,0.0,0.0,0.0,0.0,0.0,0.0,0.0,0.0,0.0,0.0,0.0,0.0,0.0,0.0,0.0,0.0,0.2857142857142857
stage1a_single_agent_miniscule,1,1,5408,352,1,50,50,1,0,191.00477600097656,4.0,4.0,4.0,0.3333333333333333,0.0,0,0,0,15,12,12,0,1.0,0,0.0,0.0,0.0,0.0,0.0,0.0,0.0,0.0,0.0,0.0,0.0,0.0,0.0,0.0,0.0,0.0,0.0,0.0,0.26666666666666666
stage1a_single_agent_miniscule,1,1,5412,353,1,50,50,1,0,191.49200439453125,4.0,4.0,4.0,0.1111111111111111,0.0,0,0,0,4,1,1,0,1.0,0,0.0,0.0,0.0,0.0,0.0,0.0,0.0,0.0,0.0,0.0,0.0,0.0,0.0,0.0,0.0,0.0,0.0,0.0,1.0
stage1a_single_agent_miniscule,1,1,5424,354,1,50,50,1,0,191.27862548828125,4.0,4.0,4.0,0.3333333333333333,0.0,0,0,0,12,9,9,0,1.0,0,0.0,0.0,0.0,0.0,0.0,0.0,0.0,0.0,0.0,0.0,0.0,0.0,0.0,0.0,0.0,0.0,0.0,0.0,0.3333333333333333
stage1a_single_agent_miniscule,1,1,5441,355,1,50,50,1,0,190.45648193359375,4.0,4.0,4.0,0.2222222222222222,0.0,0,0,0,17,14,14,0,1.0,0,0.0,0.0,0.0,0.0,0.0,0.0,0.0,0.0,0.0,0.0,0.0,0.0,0.0,0.0,0.0,0.0,0.0,0.0,0.23529411764705882
stage1a_single_agent_miniscule,1,1,5454,356,1,50,50,1,0,191.56527709960938,4.0,4.0,4.0,0.3333333333333333,0.0,0,0,0,13,10,10,0,1.0,0,0.0,0.0,0.0,0.0,0.0,0.0,0.0,0.0,0.0,0.0,0.0,0.0,0.0,0.0,0.0,0.0,0.0,0.0,0.3076923076923077
stage1a_single_agent_miniscule,1,1,5458,357,1,50,50,1,0,191.49200439453125,4.0,4.0,4.0,0.1111111111111111,0.0,0,0,0,4,1,1,0,1.0,0,0.0,0.0,0.0,0.0,0.0,0.0,0.0,0.0,0.0,0.0,0.0,0.0,0.0,0.0,0.0,0.0,0.0,0.0,1.0
stage1a_single_agent_miniscule,1,1,5472,358,1,50,50,1,0,191.25318908691406,4.0,4.0,4.0,0.3333333333333333,0.0,0,0,0,14,11,11,0,1.0,0,0.0,0.0,0.0,0.0,0.0,0.0,0.0,0.0,0.0,0.0,0.0,0.0,0.0,0.0,0.0,0.0,0.0,0.0,0.2857142857142857
stage1a_single_agent_miniscule,1,1,5483,359,1,50,50,1,0,191.2802276611328,4.0,4.0,4.0,0.3333333333333333,0.0,0,0,0,11,8,8,0,1.0,0,0.0,0.0,0.0,0.0,0.0,0.0,0.0,0.0,0.0,0.0,0.0,0.0,0.0,0.0,0.0,0.0,0.0,0.0,0.36363636363636365
stage1a_single_agent_miniscule,1,1,5499,360,1,50,50,1,0,191.53028869628906,4.0,4.0,4.0,0.2222222222222222,0.0,0,0,0,16,13,13,0,1.0,0,0.0,0.0,0.0,0.0,0.0,0.0,0.0,0.0,0.0,0.0,0.0,0.0,0.0,0.0,0.0,0.0,0.0,0.0,0.25
stage1a_single_agent_miniscule,1,1,5503,361,1,50,50,1,0,191.49200439453125,4.0,4.0,4.0,0.1111111111111111,0.0,0,0,0,4,1,1,0,1.0,0,0.0,0.0,0.0,0.0,0.0,0.0,0.0,0.0,0.0,0.0,0.0,0.0,0.0,0.0,0.0,0.0,0.0,0.0,1.0
stage1a_single_agent_miniscule,1,1,5517,362,1,50,50,1,0,191.80946350097656,4.0,4.0,4.0,0.3333333333333333,0.0,0,0,0,14,11,11,0,1.0,0,0.0,0.0,0.0,0.0,0.0,0.0,0.0,0.0,0.0,0.0,0.0,0.0,0.0,0.0,0.0,0.0,0.0,0.0,0.2857142857142857
stage1a_single_agent_miniscule,1,1,5521,363,1,50,50,1,0,191.24044799804688,4.0,4.0,4.0,0.1111111111111111,0.0,0,0,0,4,1,1,0,1.0,0,0.0,0.0,0.0,0.0,0.0,0.0,0.0,0.0,0.0,0.0,0.0,0.0,0.0,0.0,0.0,0.0,0.0,0.0,1.0
stage1a_single_agent_miniscule,1,1,5525,364,1,50,50,1,0,191.49046325683594,4.0,4.0,4.0,0.1111111111111111,0.0,0,0,0,4,1,1,0,1.0,0,0.0,0.0,0.0,0.0,0.0,0.0,0.0,0.0,0.0,0.0,0.0,0.0,0.0,0.0,0.0,0.0,0.0,0.0,1.0
stage1a_single_agent_miniscule,1,1,5559,365,1,50,50,1,0,190.53146362304688,4.0,4.0,4.0,0.3333333333333333,0.0,0,0,0,34,31,31,0,1.0,0,0.0,0.0,0.0,0.0,0.0,0.0,0.0,0.0,0.0,0.0,0.0,0.0,0.0,0.0,0.0,0.0,0.0,0.0,0.11764705882352941
stage1a_single_agent_miniscule,1,1,5571,366,1,50,50,1,0,191.26600646972656,4.0,4.0,4.0,0.3333333333333333,0.0,0,0,0,12,9,9,0,1.0,0,0.0,0.0,0.0,0.0,0.0,0.0,0.0,0.0,0.0,0.0,0.0,0.0,0.0,0.0,0.0,0.0,0.0,0.0,0.3333333333333333
stage1a_single_agent_miniscule,1,1,5575,367,1,50,50,1,0,191.49024963378906,4.0,4.0,4.0,0.1111111111111111,0.0,0,0,0,4,1,1,0,1.0,0,0.0,0.0,0.0,0.0,0.0,0.0,0.0,0.0,0.0,0.0,0.0,0.0,0.0,0.0,0.0,0.0,0.0,0.0,1.0
stage1a_single_agent_miniscule,1,1,5589,368,1,50,50,1,0,191.29344177246094,4.0,4.0,4.0,0.2222222222222222,0.0,0,0,0,14,10,10,0,1.0,0,0.0,0.0,0.0,0.0,0.0,0.0,0.0,0.0,0.0,0.0,0.0,0.0,0.0,0.0,0.0,0.0,0.0,0.0,0.2857142857142857
stage1a_single_agent_miniscule,1,1,5597,369,1,50,50,1,0,191.5121307373047,4.0,4.0,4.0,0.2222222222222222,0.0,0,0,0,8,4,4,0,1.0,0,0.0,0.0,0.0,0.0,0.0,0.0,0.0,0.0,0.0,0.0,0.0,0.0,0.0,0.0,0.0,0.0,0.0,0.0,0.5
stage1a_single_agent_miniscule,1,1,5613,370,1,50,50,1,0,190.48155212402344,4.0,4.0,4.0,0.2222222222222222,0.0,0,0,0,16,12,12,0,1.0,0,0.0,0.0,0.0,0.0,0.0,0.0,0.0,0.0,0.0,0.0,0.0,0.0,0.0,0.0,0.0,0.0,0.0,0.0,0.25
stage1a_single_agent_miniscule,1,1,5639,371,1,50,50,1,0,190.27011108398438,4.0,4.0,4.0,0.3333333333333333,0.0,0,0,0,26,20,20,0,1.0,0,0.0,0.0,0.0,0.0,0.0,0.0,0.0,0.0,0.0,0.0,0.0,0.0,0.0,0.0,0.0,0.0,0.0,0.0,0.15384615384615385
stage1a_single_agent_miniscule,1,1,5650,372,1,50,50,1,0,191.26800537109375,4.0,4.0,4.0,0.3333333333333333,0.0,0,0,0,11,8,8,0,1.0,0,0.0,0.0,0.0,0.0,0.0,0.0,0.0,0.0,0.0,0.0,0.0,0.0,0.0,0.0,0.0,0.0,0.0,0.0,0.36363636363636365
stage1a_single_agent_miniscule,1,1,5664,373,1,50,50,1,0,191.541748046875,4.0,4.0,4.0,0.2222222222222222,0.0,0,0,0,14,11,11,0,1.0,0,0.0,0.0,0.0,0.0,0.0,0.0,0.0,0.0,0.0,0.0,0.0,0.0,0.0,0.0,0.0,0.0,0.0,0.0,0.2857142857142857
stage1a_single_agent_miniscule,1,1,5680,374,1,50,50,1,0,190.48484802246094,4.0,4.0,4.0,0.2222222222222222,0.0,0,0,0,16,13,13,0,1.0,0,0.0,0.0,0.0,0.0,0.0,0.0,0.0,0.0,0.0,0.0,0.0,0.0,0.0,0.0,0.0,0.0,0.0,0.0,0.25
stage1a_single_agent_miniscule,1,1,5692,375,1,50,50,1,0,191.27857971191406,4.0,4.0,4.0,0.3333333333333333,0.0,0,0,0,12,9,9,0,1.0,0,0.0,0.0,0.0,0.0,0.0,0.0,0.0,0.0,0.0,0.0,0.0,0.0,0.0,0.0,0.0,0.0,0.0,0.0,0.3333333333333333
stage1a_single_agent_miniscule,1,1,5696,376,1,50,50,1,0,191.49200439453125,4.0,4.0,4.0,0.1111111111111111,0.0,0,0,0,4,1,1,0,1.0,0,0.0,0.0,0.0,0.0,0.0,0.0,0.0,0.0,0.0,0.0,0.0,0.0,0.0,0.0,0.0,0.0,0.0,0.0,1.0
stage1a_single_agent_miniscule,1,1,5714,377,1,50,50,1,0,190.7933807373047,4.0,4.0,4.0,0.3333333333333333,0.0,0,0,0,18,13,13,0,1.0,0,0.0,0.0,0.0,0.0,0.0,0.0,0.0,0.0,0.0,0.0,0.0,0.0,0.0,0.0,0.0,0.0,0.0,0.0,0.2222222222222222
stage1a_single_agent_miniscule,1,1,5728,378,1,50,50,1,0,190.9893798828125,4.0,4.0,4.0,0.2222222222222222,0.0,0,0,0,14,5,5,0,1.0,0,0.0,0.0,0.0,0.0,0.0,0.0,0.0,0.0,0.0,0.0,0.0,0.0,0.0,0.0,0.0,0.0,0.0,0.0,0.2857142857142857
stage1a_single_agent_miniscule,1,1,5745,379,1,50,50,1,0,191.55259704589844,4.0,4.0,4.0,0.3333333333333333,0.0,0,0,0,17,14,14,0,1.0,0,0.0,0.0,0.0,0.0,0.0,0.0,0.0,0.0,0.0,0.0,0.0,0.0,0.0,0.0,0.0,0.0,0.0,0.0,0.23529411764705882
stage1a_single_agent_miniscule,1,1,5749,380,1,50,50,1,0,191.49044799804688,4.0,4.0,4.0,0.1111111111111111,0.0,0,0,0,4,1,1,0,1.0,0,0.0,0.0,0.0,0.0,0.0,0.0,0.0,0.0,0.0,0.0,0.0,0.0,0.0,0.0,0.0,0.0,0.0,0.0,1.0
stage1a_single_agent_miniscule,1,1,5761,381,1,50,50,1,0,191.5670928955078,4.0,4.0,4.0,0.3333333333333333,0.0,0,0,0,12,8,8,0,1.0,0,0.0,0.0,0.0,0.0,0.0,0.0,0.0,0.0,0.0,0.0,0.0,0.0,0.0,0.0,0.0,0.0,0.0,0.0,0.3333333333333333
stage1a_single_agent_miniscule,1,1,5778,382,1,50,50,1,0,191.02391052246094,4.0,4.0,4.0,0.2222222222222222,0.0,0,0,0,17,9,9,0,1.0,0,0.0,0.0,0.0,0.0,0.0,0.0,0.0,0.0,0.0,0.0,0.0,0.0,0.0,0.0,0.0,0.0,0.0,0.0,0.23529411764705882
stage1a_single_agent_miniscule,1,1,5787,383,1,50,50,1,0,191.4919891357422,4.0,4.0,4.0,0.3333333333333333,0.0,0,0,0,9,6,6,0,1.0,0,0.0,0.0,0.0,0.0,0.0,0.0,0.0,0.0,0.0,0.0,0.0,0.0,0.0,0.0,0.0,0.0,0.0,0.0,0.4444444444444444
stage1a_single_agent_miniscule,1,1,5797,384,1,50,50,1,0,191.25881958007812,4.0,4.0,4.0,0.2222222222222222,0.0,0,0,0,10,7,7,0,1.0,0,0.0,0.0,0.0,0.0,0.0,0.0,0.0,0.0,0.0,0.0,0.0,0.0,0.0,0.0,0.0,0.0,0.0,0.0,0.4
stage1a_single_agent_miniscule,1,1,5812,385,1,50,50,1,0,191.82228088378906,4.0,4.0,4.0,0.2222222222222222,0.0,0,0,0,15,11,11,0,1.0,0,0.0,0.0,0.0,0.0,0.0,0.0,0.0,0.0,0.0,0.0,0.0,0.0,0.0,0.0,0.0,0.0,0.0,0.0,0.26666666666666666
stage1a_single_agent_miniscule,1,1,5824,386,1,50,50,1,0,191.54598999023438,4.0,4.0,4.0,0.3333333333333333,0.0,0,0,0,12,8,8,0,1.0,0,0.0,0.0,0.0,0.0,0.0,0.0,0.0,0.0,0.0,0.0,0.0,0.0,0.0,0.0,0.0,0.0,0.0,0.0,0.3333333333333333
stage1a_single_agent_miniscule,1,1,5838,387,1,50,50,1,0,191.30235290527344,4.0,4.0,4.0,0.3333333333333333,0.0,0,0,0,14,10,10,0,1.0,0,0.0,0.0,0.0,0.0,0.0,0.0,0.0,0.0,0.0,0.0,0.0,0.0,0.0,0.0,0.0,0.0,0.0,0.0,0.2857142857142857
stage1a_single_agent_miniscule,1,1,5842,388,1,50,50,1,0,191.2404327392578,4.0,4.0,4.0,0.1111111111111111,0.0,0,0,0,4,1,1,0,1.0,0,0.0,0.0,0.0,0.0,0.0,0.0,0.0,0.0,0.0,0.0,0.0,0.0,0.0,0.0,0.0,0.0,0.0,0.0,1.0
stage1a_single_agent_miniscule,1,1,5856,389,1,50,50,1,0,191.50718688964844,4.0,4.0,4.0,0.3333333333333333,0.0,0,0,0,14,11,11,0,1.0,0,0.0,0.0,0.0,0.0,0.0,0.0,0.0,0.0,0.0,0.0,0.0,0.0,0.0,0.0,0.0,0.0,0.0,0.0,0.2857142857142857
stage1a_single_agent_miniscule,1,1,5860,390,1,50,50,1,0,191.49200439453125,4.0,4.0,4.0,0.1111111111111111,0.0,0,0,0,4,1,1,0,1.0,0,0.0,0.0,0.0,0.0,0.0,0.0,0.0,0.0,0.0,0.0,0.0,0.0,0.0,0.0,0.0,0.0,0.0,0.0,1.0
stage1a_single_agent_miniscule,1,1,5873,391,1,50,50,1,0,191.55377197265625,4.0,4.0,4.0,0.3333333333333333,0.0,0,0,0,13,7,7,0,1.0,0,0.0,0.0,0.0,0.0,0.0,0.0,0.0,0.0,0.0,0.0,0.0,0.0,0.0,0.0,0.0,0.0,0.0,0.0,0.3076923076923077
stage1a_single_agent_miniscule,1,1,5889,392,1,50,50,1,0,191.25999450683594,4.0,4.0,4.0,0.3333333333333333,0.0,0,0,0,16,5,5,0,1.0,0,0.0,0.0,0.0,0.0,0.0,0.0,0.0,0.0,0.0,0.0,0.0,0.0,0.0,0.0,0.0,0.0,0.0,0.0,0.25
stage1a_single_agent_miniscule,1,1,5909,393,1,50,50,1,0,190.52760314941406,4.0,4.0,4.0,0.2222222222222222,0.0,0,0,0,20,16,16,0,1.0,0,0.0,0.0,0.0,0.0,0.0,0.0,0.0,0.0,0.0,0.0,0.0,0.0,0.0,0.0,0.0,0.0,0.0,0.0,0.2
stage1a_single_agent_miniscule,1,1,5925,394,1,50,50,1,0,191.06680297851562,4.0,4.0,4.0,0.4444444444444444,0.0,0,0,0,16,13,13,0,1.0,0,0.0,0.0,0.0,0.0,0.0,0.0,0.0,0.0,0.0,0.0,0.0,0.0,0.0,0.0,0.0,0.0,0.0,0.0,0.25
stage1a_single_agent_miniscule,1,1,5942,395,1,50,50,1,0,191.25213623046875,4.0,4.0,4.0,0.3333333333333333,0.0,0,0,0,17,14,14,0,1.0,0,0.0,0.0,0.0,0.0,0.0,0.0,0.0,0.0,0.0,0.0,0.0,0.0,0.0,0.0,0.0,0.0,0.0,0.0,0.23529411764705882
stage1a_single_agent_miniscule,1,1,5970,396,1,50,50,1,0,190.5113983154297,4.0,4.0,4.0,0.3333333333333333,0.0,0,0,0,28,25,25,0,1.0,0,0.0,0.0,0.0,0.0,0.0,0.0,0.0,0.0,0.0,0.0,0.0,0.0,0.0,0.0,0.0,0.0,0.0,0.0,0.14285714285714285
stage1a_single_agent_miniscule,1,1,5987,397,1,50,50,1,0,190.9994354248047,4.0,4.0,4.0,0.3333333333333333,0.0,0,0,0,17,14,14,0,1.0,0,0.0,0.0,0.0,0.0,0.0,0.0,0.0,0.0,0.0,0.0,0.0,0.0,0.0,0.0,0.0,0.0,0.0,0.0,0.23529411764705882
stage1a_single_agent_miniscule,1,1,5998,398,1,50,50,1,0,191.28060913085938,4.0,4.0,4.0,0.3333333333333333,0.0,0,0,0,11,8,8,0,1.0,0,0.0,0.0,0.0,0.0,0.0,0.0,0.0,0.0,0.0,0.0,0.0,0.0,0.0,0.0,0.0,0.0,0.0,0.0,0.36363636363636365
stage1a_single_agent_miniscule,1,1,6013,399,1,50,50,1,0,190.7926025390625,4.0,4.0,4.0,0.3333333333333333,0.0,0,0,0,15,11,11,0,1.0,0,0.0,0.0,0.0,0.0,0.0,0.0,0.0,0.0,0.0,0.0,0.0,0.0,0.0,0.0,0.0,0.0,0.0,0.0,0.26666666666666666
stage1a_single_agent_miniscule,1,1,6017,400,1,50,50,1,0,191.49200439453125,4.0,4.0,4.0,0.1111111111111111,0.0,0,0,0,4,1,1,0,1.0,0,0.0,0.0,0.0,0.0,0.0,0.0,0.0,0.0,0.0,0.0,0.0,0.0,0.0,0.0,0.0,0.0,0.0,0.0,1.0
stage1a_single_agent_miniscule,1,1,6029,401,1,50,50,1,0,191.26600646972656,4.0,4.0,4.0,0.3333333333333333,0.0,0,0,0,12,9,9,0,1.0,0,0.0,0.0,0.0,0.0,0.0,0.0,0.0,0.0,0.0,0.0,0.0,0.0,0.0,0.0,0.0,0.0,0.0,0.0,0.3333333333333333
stage1a_single_agent_miniscule,1,1,6040,402,1,50,50,1,0,191.2572784423828,4.0,4.0,4.0,0.2222222222222222,0.0,0,0,0,11,8,8,0,1.0,0,0.0,0.0,0.0,0.0,0.0,0.0,0.0,0.0,0.0,0.0,0.0,0.0,0.0,0.0,0.0,0.0,0.0,0.0,0.36363636363636365
stage1a_single_agent_miniscule,1,1,6058,403,1,50,50,1,0,191.26687622070312,4.0,4.0,4.0,0.3333333333333333,0.0,0,0,0,18,15,15,0,1.0,0,0.0,0.0,0.0,0.0,0.0,0.0,0.0,0.0,0.0,0.0,0.0,0.0,0.0,0.0,0.0,0.0,0.0,0.0,0.2222222222222222
stage1a_single_agent_miniscule,1,1,6067,404,1,50,50,1,0,191.52200317382812,4.0,4.0,4.0,0.3333333333333333,0.0,0,0,0,9,5,5,0,1.0,0,0.0,0.0,0.0,0.0,0.0,0.0,0.0,0.0,0.0,0.0,0.0,0.0,0.0,0.0,0.0,0.0,0.0,0.0,0.4444444444444444
stage1a_single_agent_miniscule,1,1,6076,405,1,50,50,1,0,191.28570556640625,4.0,4.0,4.0,0.3333333333333333,0.0,0,0,0,9,6,6,0,1.0,0,0.0,0.0,0.0,0.0,0.0,0.0,0.0,0.0,0.0,0.0,0.0,0.0,0.0,0.0,0.0,0.0,0.0,0.0,0.4444444444444444
stage1a_single_agent_miniscule,1,1,6080,406,1,50,50,1,0,191.49200439453125,4.0,4.0,4.0,0.1111111111111111,0.0,0,0,0,4,1,1,0,1.0,0,0.0,0.0,0.0,0.0,0.0,0.0,0.0,0.0,0.0,0.0,0.0,0.0,0.0,0.0,0.0,0.0,0.0,0.0,1.0
stage1a_single_agent_miniscule,1,1,6084,407,1,50,50,1,0,191.49200439453125,4.0,4.0,4.0,0.1111111111111111,0.0,0,0,0,4,1,1,0,1.0,0,0.0,0.0,0.0,0.0,0.0,0.0,0.0,0.0,0.0,0.0,0.0,0.0,0.0,0.0,0.0,0.0,0.0,0.0,1.0
stage1a_single_agent_miniscule,1,1,6101,408,1,50,50,1,0,191.04515075683594,4.0,4.0,4.0,0.3333333333333333,0.0,0,0,0,17,13,13,0,1.0,0,0.0,0.0,0.0,0.0,0.0,0.0,0.0,0.0,0.0,0.0,0.0,0.0,0.0,0.0,0.0,0.0,0.0,0.0,0.23529411764705882
stage1a_single_agent_miniscule,1,1,6116,409,1,50,50,1,0,191.2333984375,4.0,4.0,4.0,0.3333333333333333,0.0,0,0,0,15,12,12,0,1.0,0,0.0,0.0,0.0,0.0,0.0,0.0,0.0,0.0,0.0,0.0,0.0,0.0,0.0,0.0,0.0,0.0,0.0,0.0,0.26666666666666666
stage1a_single_agent_miniscule,1,1,6152,410,1,50,50,1,0,190.08572387695312,4.0,4.0,4.0,0.4444444444444444,0.0,0,0,0,36,11,11,0,1.0,0,0.0,0.0,0.0,0.0,0.0,0.0,0.0,0.0,0.0,0.0,0.0,0.0,0.0,0.0,0.0,0.0,0.0,0.0,0.1111111111111111
stage1a_single_agent_miniscule,1,1,6156,411,1,50,50,1,0,191.2404327392578,4.0,4.0,4.0,0.1111111111111111,0.0,0,0,0,4,1,1,0,1.0,0,0.0,0.0,0.0,0.0,0.0,0.0,0.0,0.0,0.0,0.0,0.0,0.0,0.0,0.0,0.0,0.0,0.0,0.0,1.0
stage1a_single_agent_miniscule,1,1,6171,412,1,50,50,1,0,191.00733947753906,4.0,4.0,4.0,0.3333333333333333,0.0,0,0,0,15,11,11,0,1.0,0,0.0,0.0,0.0,0.0,0.0,0.0,0.0,0.0,0.0,0.0,0.0,0.0,0.0,0.0,0.0,0.0,0.0,0.0,0.26666666666666666
stage1a_single_agent_miniscule,1,1,6185,413,1,50,50,1,0,191.3017120361328,4.0,4.0,4.0,0.3333333333333333,0.0,0,0,0,14,11,11,0,1.0,0,0.0,0.0,0.0,0.0,0.0,0.0,0.0,0.0,0.0,0.0,0.0,0.0,0.0,0.0,0.0,0.0,0.0,0.0,0.2857142857142857
stage1a_single_agent_miniscule,1,1,6203,414,1,50,50,1,0,191.044677734375,4.0,4.0,4.0,0.3333333333333333,0.0,0,0,0,18,11,11,0,1.0,0,0.0,0.0,0.0,0.0,0.0,0.0,0.0,0.0,0.0,0.0,0.0,0.0,0.0,0.0,0.0,0.0,0.0,0.0,0.2222222222222222
stage1a_single_agent_miniscule,1,1,6216,415,1,50,50,1,0,190.97401428222656,4.0,4.0,4.0,0.2222222222222222,0.0,0,0,0,13,9,9,0,1.0,0,0.0,0.0,0.0,0.0,0.0,0.0,0.0,0.0,0.0,0.0,0.0,0.0,0.0,0.0,0.0,0.0,0.0,0.0,0.3076923076923077
stage1a_single_agent_miniscule,1,1,6225,416,1,50,50,1,0,191.53497314453125,4.0,4.0,4.0,0.3333333333333333,0.0,0,0,0,9,6,6,0,1.0,0,0.0,0.0,0.0,0.0,0.0,0.0,0.0,0.0,0.0,0.0,0.0,0.0,0.0,0.0,0.0,0.0,0.0,0.0,0.4444444444444444
stage1a_single_agent_miniscule,1,1,6247,417,1,50,50,1,0,191.28428649902344,4.0,4.0,4.0,0.4444444444444444,0.0,0,0,0,22,13,13,0,1.0,0,0.0,0.0,0.0,0.0,0.0,0.0,0.0,0.0,0.0,0.0,0.0,0.0,0.0,0.0,0.0,0.0,0.0,0.0,0.18181818181818182
stage1a_single_agent_miniscule,1,1,6261,418,1,50,50,1,0,191.29339599609375,4.0,4.0,4.0,0.2222222222222222,0.0,0,0,0,14,10,10,0,1.0,0,0.0,0.0,0.0,0.0,0.0,0.0,0.0,0.0,0.0,0.0,0.0,0.0,0.0,0.0,0.0,0.0,0.0,0.0,0.2857142857142857
stage1a_single_agent_miniscule,1,1,6277,419,1,50,50,1,0,190.75112915039062,4.0,4.0,4.0,0.3333333333333333,0.0,0,0,0,16,13,13,0,1.0,0,0.0,0.0,0.0,0.0,0.0,0.0,0.0,0.0,0.0,0.0,0.0,0.0,0.0,0.0,0.0,0.0,0.0,0.0,0.25
stage1a_single_agent_miniscule,1,1,6281,420,1,50,50,1,0,191.489990234375,4.0,4.0,4.0,0.1111111111111111,0.0,0,0,0,4,1,1,0,1.0,0,0.0,0.0,0.0,0.0,0.0,0.0,0.0,0.0,0.0,0.0,0.0,0.0,0.0,0.0,0.0,0.0,0.0,0.0,1.0
stage1a_single_agent_miniscule,1,1,6293,421,1,50,50,1,0,191.01600646972656,4.0,4.0,4.0,0.3333333333333333,0.0,0,0,0,12,9,9,0,1.0,0,0.0,0.0,0.0,0.0,0.0,0.0,0.0,0.0,0.0,0.0,0.0,0.0,0.0,0.0,0.0,0.0,0.0,0.0,0.3333333333333333
stage1a_single_agent_miniscule,1,1,6297,422,1,50,50,1,0,191.49200439453125,4.0,4.0,4.0,0.1111111111111111,0.0,0,0,0,4,1,1,0,1.0,0,0.0,0.0,0.0,0.0,0.0,0.0,0.0,0.0,0.0,0.0,0.0,0.0,0.0,0.0,0.0,0.0,0.0,0.0,1.0
stage1a_single_agent_miniscule,1,1,6324,423,1,50,50,1,0,190.2750244140625,4.0,4.0,4.0,0.3333333333333333,0.0,0,0,0,27,22,22,0,1.0,0,0.0,0.0,0.0,0.0,0.0,0.0,0.0,0.0,0.0,0.0,0.0,0.0,0.0,0.0,0.0,0.0,0.0,0.0,0.14814814814814814
stage1a_single_agent_miniscule,1,1,6338,424,1,50,50,1,0,191.5628662109375,4.0,4.0,4.0,0.3333333333333333,0.0,0,0,0,14,11,11,0,1.0,0,0.0,0.0,0.0,0.0,0.0,0.0,0.0,0.0,0.0,0.0,0.0,0.0,0.0,0.0,0.0,0.0,0.0,0.0,0.2857142857142857
stage1a_single_agent_miniscule,1,1,6352,425,1,50,50,1,0,191.5631866455078,4.0,4.0,4.0,0.3333333333333333,0.0,0,0,0,14,11,11,0,1.0,0,0.0,0.0,0.0,0.0,0.0,0.0,0.0,0.0,0.0,0.0,0.0,0.0,0.0,0.0,0.0,0.0,0.0,0.0,0.2857142857142857
stage1a_single_agent_miniscule,1,1,6361,426,1,50,50,1,0,191.2519989013672,4.0,4.0,4.0,0.3333333333333333,0.0,0,0,0,9,6,6,0,1.0,0,0.0,0.0,0.0,0.0,0.0,0.0,0.0,0.0,0.0,0.0,0.0,0.0,0.0,0.0,0.0,0.0,0.0,0.0,0.4444444444444444
stage1a_single_agent_miniscule,1,1,6376,427,1,50,50,1,0,190.99180603027344,4.0,4.0,4.0,0.2222222222222222,0.0,0,0,0,15,5,5,0,1.0,0,0.0,0.0,0.0,0.0,0.0,0.0,0.0,0.0,0.0,0.0,0.0,0.0,0.0,0.0,0.0,0.0,0.0,0.0,0.26666666666666666
stage1a_single_agent_miniscule,1,1,6410,428,1,50,50,1,0,190.80221557617188,4.0,4.0,4.0,0.4444444444444444,0.0,0,0,0,34,13,13,0,1.0,0,0.0,0.0,0.0,0.0,0.0,0.0,0.0,0.0,0.0,0.0,0.0,0.0,0.0,0.0,0.0,0.0,0.0,0.0,0.11764705882352941
stage1a_single_agent_miniscule,1,1,6428,429,1,50,50,1,0,191.29241943359375,4.0,4.0,4.0,0.3333333333333333,0.0,0,0,0,18,9,9,0,1.0,0,0.0,0.0,0.0,0.0,0.0,0.0,0.0,0.0,0.0,0.0,0.0,0.0,0.0,0.0,0.0,0.0,0.0,0.0,0.2222222222222222
stage1a_single_agent_miniscule,1,1,6443,430,1,50,50,1,0,191.24058532714844,4.0,4.0,4.0,0.2222222222222222,0.0,0,0,0,15,10,10,0,1.0,0,0.0,0.0,0.0,0.0,0.0,0.0,0.0,0.0,0.0,0.0,0.0,0.0,0.0,0.0,0.0,0.0,0.0,0.0,0.26666666666666666
stage1a_single_agent_miniscule,1,1,6458,431,1,50,50,1,0,191.7980194091797,4.0,4.0,4.0,0.3333333333333333,0.0,0,0,0,15,12,12,0,1.0,0,0.0,0.0,0.0,0.0,0.0,0.0,0.0,0.0,0.0,0.0,0.0,0.0,0.0,0.0,0.0,0.0,0.0,0.0,0.26666666666666666
stage1a_single_agent_miniscule,1,1,6472,432,1,50,50,1,0,191.31427001953125,4.0,4.0,4.0,0.3333333333333333,0.0,0,0,0,14,10,10,0,1.0,0,0.0,0.0,0.0,0.0,0.0,0.0,0.0,0.0,0.0,0.0,0.0,0.0,0.0,0.0,0.0,0.0,0.0,0.0,0.2857142857142857
stage1a_single_agent_miniscule,1,1,6487,433,1,50,50,1,0,191.54725646972656,4.0,4.0,4.0,0.3333333333333333,0.0,0,0,0,15,12,12,0,1.0,0,0.0,0.0,0.0,0.0,0.0,0.0,0.0,0.0,0.0,0.0,0.0,0.0,0.0,0.0,0.0,0.0,0.0,0.0,0.26666666666666666
stage1a_single_agent_miniscule,1,1,6516,434,1,50,50,1,0,190.49960327148438,4.0,4.0,4.0,0.3333333333333333,0.0,0,0,0,29,24,24,0,1.0,0,0.0,0.0,0.0,0.0,0.0,0.0,0.0,0.0,0.0,0.0,0.0,0.0,0.0,0.0,0.0,0.0,0.0,0.0,0.13793103448275862
stage1a_single_agent_miniscule,1,1,6531,435,1,50,50,1,0,191.30006408691406,4.0,4.0,4.0,0.3333333333333333,0.0,0,0,0,15,11,11,0,1.0,0,0.0,0.0,0.0,0.0,0.0,0.0,0.0,0.0,0.0,0.0,0.0,0.0,0.0,0.0,0.0,0.0,0.0,0.0,0.26666666666666666
stage1a_single_agent_miniscule,1,1,6555,436,1,50,50,1,0,190.53773498535156,4.0,4.0,4.0,0.4444444444444444,0.0,0,0,0,24,20,20,0,1.0,0,0.0,0.0,0.0,0.0,0.0,0.0,0.0,0.0,0.0,0.0,0.0,0.0,0.0,0.0,0.0,0.0,0.0,0.0,0.16666666666666666
stage1a_single_agent_miniscule,1,1,6569,437,1,50,50,1,0,191.29345703125,4.0,4.0,4.0,0.2222222222222222,0.0,0,0,0,14,10,10,0,1.0,0,0.0,0.0,0.0,0.0,0.0,0.0,0.0,0.0,0.0,0.0,0.0,0.0,0.0,0.0,0.0,0.0,0.0,0.0,0.2857142857142857
stage1a_single_agent_miniscule,1,1,6578,438,1,50,50,1,0,191.27200317382812,4.0,4.0,4.0,0.3333333333333333,0.0,0,0,0,9,6,6,0,1.0,0,0.0,0.0,0.0,0.0,0.0,0.0,0.0,0.0,0.0,0.0,0.0,0.0,0.0,0.0,0.0,0.0,0.0,0.0,0.4444444444444444
stage1a_single_agent_miniscule,1,1,6591,439,1,50,50,1,0,191.01400756835938,4.0,4.0,4.0,0.3333333333333333,0.0,0,0,0,13,10,10,0,1.0,0,0.0,0.0,0.0,0.0,0.0,0.0,0.0,0.0,0.0,0.0,0.0,0.0,0.0,0.0,0.0,0.0,0.0,0.0,0.3076923076923077
stage1a_single_agent_miniscule,1,1,6604,440,1,50,50,1,0,191.54281616210938,4.0,4.0,4.0,0.2222222222222222,0.0,0,0,0,13,10,10,0,1.0,0,0.0,0.0,0.0,0.0,0.0,0.0,0.0,0.0,0.0,0.0,0.0,0.0,0.0,0.0,0.0,0.0,0.0,0.0,0.3076923076923077
stage1a_single_agent_miniscule,1,1,6618,441,1,50,50,1,0,191.50701904296875,4.0,4.0,4.0,0.3333333333333333,0.0,0,0,0,14,11,11,0,1.0,0,0.0,0.0,0.0,0.0,0.0,0.0,0.0,0.0,0.0,0.0,0.0,0.0,0.0,0.0,0.0,0.0,0.0,0.0,0.2857142857142857
stage1a_single_agent_miniscule,1,1,6635,442,1,50,50,1,0,191.4967803955078,4.0,4.0,4.0,0.2222222222222222,0.0,0,0,0,17,5,5,0,1.0,0,0.0,0.0,0.0,0.0,0.0,0.0,0.0,0.0,0.0,0.0,0.0,0.0,0.0,0.0,0.0,0.0,0.0,0.0,0.23529411764705882
stage1a_single_agent_miniscule,1,1,6654,443,1,50,50,1,0,191.80157470703125,4.0,4.0,4.0,0.2222222222222222,0.0,0,0,0,19,16,16,0,1.0,0,0.0,0.0,0.0,0.0,0.0,0.0,0.0,0.0,0.0,0.0,0.0,0.0,0.0,0.0,0.0,0.0,0.0,0.0,0.21052631578947367
stage1a_single_agent_miniscule,1,1,6668,444,1,50,50,1,0,191.00453186035156,4.0,4.0,4.0,0.3333333333333333,0.0,0,0,0,14,10,10,0,1.0,0,0.0,0.0,0.0,0.0,0.0,0.0,0.0,0.0,0.0,0.0,0.0,0.0,0.0,0.0,0.0,0.0,0.0,0.0,0.2857142857142857
stage1a_single_agent_miniscule,1,1,6681,445,1,50,50,1,0,191.0258331298828,4.0,4.0,4.0,0.3333333333333333,0.0,0,0,0,13,9,9,0,1.0,0,0.0,0.0,0.0,0.0,0.0,0.0,0.0,0.0,0.0,0.0,0.0,0.0,0.0,0.0,0.0,0.0,0.0,0.0,0.3076923076923077
stage1a_single_agent_miniscule,1,1,6693,446,1,50,50,1,0,191.01869201660156,4.0,4.0,4.0,0.3333333333333333,0.0,0,0,0,12,9,9,0,1.0,0,0.0,0.0,0.0,0.0,0.0,0.0,0.0,0.0,0.0,0.0,0.0,0.0,0.0,0.0,0.0,0.0,0.0,0.0,0.3333333333333333
stage1a_single_agent_miniscule,1,1,6712,447,1,50,50,1,0,191.27915954589844,4.0,4.0,4.0,0.3333333333333333,0.0,0,0,0,19,9,9,0,1.0,0,0.0,0.0,0.0,0.0,0.0,0.0,0.0,0.0,0.0,0.0,0.0,0.0,0.0,0.0,0.0,0.0,0.0,0.0,0.21052631578947367
stage1a_single_agent_miniscule,1,1,6728,448,1,50,50,1,0,191.25999450683594,4.0,4.0,4.0,0.3333333333333333,0.0,0,0,0,16,5,5,0,1.0,0,0.0,0.0,0.0,0.0,0.0,0.0,0.0,0.0,0.0,0.0,0.0,0.0,0.0,0.0,0.0,0.0,0.0,0.0,0.25
stage1a_single_agent_miniscule,1,1,6740,449,1,50,50,1,0,191.2574462890625,4.0,4.0,4.0,0.3333333333333333,0.0,0,0,0,12,9,9,0,1.0,0,0.0,0.0,0.0,0.0,0.0,0.0,0.0,0.0,0.0,0.0,0.0,0.0,0.0,0.0,0.0,0.0,0.0,0.0,0.3333333333333333
stage1a_single_agent_miniscule,1,1,6758,450,1,50,50,1,0,191.3022003173828,4.0,4.0,4.0,0.4444444444444444,0.0,0,0,0,18,14,14,0,1.0,0,0.0,0.0,0.0,0.0,0.0,0.0,0.0,0.0,0.0,0.0,0.0,0.0,0.0,0.0,0.0,0.0,0.0,0.0,0.2222222222222222
stage1a_single_agent_miniscule,1,1,6772,451,1,50,50,1,0,191.8334197998047,4.0,4.0,4.0,0.2222222222222222,0.0,0,0,0,14,11,11,0,1.0,0,0.0,0.0,0.0,0.0,0.0,0.0,0.0,0.0,0.0,0.0,0.0,0.0,0.0,0.0,0.0,0.0,0.0,0.0,0.2857142857142857
stage1a_single_agent_miniscule,1,1,6787,452,1,50,50,1,0,190.72056579589844,4.0,4.0,4.0,0.2222222222222222,0.0,0,0,0,15,11,11,0,1.0,0,0.0,0.0,0.0,0.0,0.0,0.0,0.0,0.0,0.0,0.0,0.0,0.0,0.0,0.0,0.0,0.0,0.0,0.0,0.26666666666666666
stage1a_single_agent_miniscule,1,1,6802,453,1,50,50,1,0,191.5569610595703,4.0,4.0,4.0,0.3333333333333333,0.0,0,0,0,15,12,12,0,1.0,0,0.0,0.0,0.0,0.0,0.0,0.0,0.0,0.0,0.0,0.0,0.0,0.0,0.0,0.0,0.0,0.0,0.0,0.0,0.26666666666666666
stage1a_single_agent_miniscule,1,1,6815,454,1,50,50,1,0,191.56561279296875,4.0,4.0,4.0,0.3333333333333333,0.0,0,0,0,13,10,10,0,1.0,0,0.0,0.0,0.0,0.0,0.0,0.0,0.0,0.0,0.0,0.0,0.0,0.0,0.0,0.0,0.0,0.0,0.0,0.0,0.3076923076923077
stage1a_single_agent_miniscule,1,1,6842,455,1,50,50,1,0,190.02410888671875,4.0,4.0,4.0,0.3333333333333333,0.0,0,0,0,27,23,23,0,1.0,0,0.0,0.0,0.0,0.0,0.0,0.0,0.0,0.0,0.0,0.0,0.0,0.0,0.0,0.0,0.0,0.0,0.0,0.0,0.14814814814814814
stage1a_single_agent_miniscule,1,1,6855,456,1,50,50,1,0,191.25865173339844,4.0,4.0,4.0,0.3333333333333333,0.0,0,0,0,13,10,10,0,1.0,0,0.0,0.0,0.0,0.0,0.0,0.0,0.0,0.0,0.0,0.0,0.0,0.0,0.0,0.0,0.0,0.0,0.0,0.0,0.3076923076923077
stage1a_single_agent_miniscule,1,1,6859,457,1,50,50,1,0,191.24046325683594,4.0,4.0,4.0,0.1111111111111111,0.0,0,0,0,4,1,1,0,1.0,0,0.0,0.0,0.0,0.0,0.0,0.0,0.0,0.0,0.0,0.0,0.0,0.0,0.0,0.0,0.0,0.0,0.0,0.0,1.0
stage1a_single_agent_miniscule,1,1,6872,458,1,50,50,1,0,190.98422241210938,4.0,4.0,4.0,0.2222222222222222,0.0,0,0,0,13,9,9,0,1.0,0,0.0,0.0,0.0,0.0,0.0,0.0,0.0,0.0,0.0,0.0,0.0,0.0,0.0,0.0,0.0,0.0,0.0,0.0,0.3076923076923077
stage1a_single_agent_miniscule,1,1,6887,459,1,50,50,1,0,191.53565979003906,4.0,4.0,4.0,0.3333333333333333,0.0,0,0,0,15,12,12,0,1.0,0,0.0,0.0,0.0,0.0,0.0,0.0,0.0,0.0,0.0,0.0,0.0,0.0,0.0,0.0,0.0,0.0,0.0,0.0,0.26666666666666666
stage1a_single_agent_miniscule,1,1,6903,460,1,50,50,1,0,191.0009002685547,4.0,4.0,4.0,0.3333333333333333,0.0,0,0,0,16,13,13,0,1.0,0,0.0,0.0,0.0,0.0,0.0,0.0,0.0,0.0,0.0,0.0,0.0,0.0,0.0,0.0,0.0,0.0,0.0,0.0,0.25
stage1a_single_agent_miniscule,1,1,6907,461,1,50,50,1,0,191.79074096679688,4.0,4.0,4.0,0.1111111111111111,0.0,0,0,0,4,1,1,0,1.0,0,0.0,0.0,0.0,0.0,0.0,0.0,0.0,0.0,0.0,0.0,0.0,0.0,0.0,0.0,0.0,0.0,0.0,0.0,1.0
stage1a_single_agent_miniscule,1,1,6921,462,1,50,50,1,0,191.78887939453125,4.0,4.0,4.0,0.3333333333333333,0.0,0,0,0,14,11,11,0,1.0,0,0.0,0.0,0.0,0.0,0.0,0.0,0.0,0.0,0.0,0.0,0.0,0.0,0.0,0.0,0.0,0.0,0.0,0.0,0.2857142857142857
stage1a_single_agent_miniscule,1,1,6929,463,1,50,50,1,0,191.75401306152344,4.0,4.0,4.0,0.2222222222222222,0.0,0,0,0,8,5,5,0,1.0,0,0.0,0.0,0.0,0.0,0.0,0.0,0.0,0.0,0.0,0.0,0.0,0.0,0.0,0.0,0.0,0.0,0.0,0.0,0.5
stage1a_single_agent_miniscule,1,1,6957,464,1,50,50,1,0,189.98902893066406,4.0,4.0,4.0,0.2222222222222222,0.0,0,0,0,28,19,19,0,1.0,0,0.0,0.0,0.0,0.0,0.0,0.0,0.0,0.0,0.0,0.0,0.0,0.0,0.0,0.0,0.0,0.0,0.0,0.0,0.14285714285714285
stage1a_single_agent_miniscule,1,1,6973,465,1,50,50,1,0,191.05909729003906,4.0,4.0,4.0,0.3333333333333333,0.0,0,0,0,16,13,13,0,1.0,0,0.0,0.0,0.0,0.0,0.0,0.0,0.0,0.0,0.0,0.0,0.0,0.0,0.0,0.0,0.0,0.0,0.0,0.0,0.25
stage1a_single_agent_miniscule,1,1,6977,466,1,50,50,1,0,191.49200439453125,4.0,4.0,4.0,0.1111111111111111,0.0,0,0,0,4,1,1,0,1.0,0,0.0,0.0,0.0,0.0,0.0,0.0,0.0,0.0,0.0,0.0,0.0,0.0,0.0,0.0,0.0,0.0,0.0,0.0,1.0
stage1a_single_agent_miniscule,1,1,6996,467,1,50,50,1,0,191.34901428222656,4.0,4.0,4.0,0.4444444444444444,0.0,0,0,0,19,15,15,0,1.0,0,0.0,0.0,0.0,0.0,0.0,0.0,0.0,0.0,0.0,0.0,0.0,0.0,0.0,0.0,0.0,0.0,0.0,0.0,0.21052631578947367
stage1a_single_agent_miniscule,1,1,7010,468,1,50,50,1,0,191.2436981201172,4.0,4.0,4.0,0.2222222222222222,0.0,0,0,0,14,5,5,0,1.0,0,0.0,0.0,0.0,0.0,0.0,0.0,0.0,0.0,0.0,0.0,0.0,0.0,0.0,0.0,0.0,0.0,0.0,0.0,0.2857142857142857
stage1a_single_agent_miniscule,1,1,7014,469,1,50,50,1,0,191.49200439453125,4.0,4.0,4.0,0.1111111111111111,0.0,0,0,0,4,1,1,0,1.0,0,0.0,0.0,0.0,0.0,0.0,0.0,0.0,0.0,0.0,0.0,0.0,0.0,0.0,0.0,0.0,0.0,0.0,0.0,1.0
stage1a_single_agent_miniscule,1,1,7031,470,1,50,50,1,0,191.0199432373047,4.0,4.0,4.0,0.4444444444444444,0.0,0,0,0,17,14,14,0,1.0,0,0.0,0.0,0.0,0.0,0.0,0.0,0.0,0.0,0.0,0.0,0.0,0.0,0.0,0.0,0.0,0.0,0.0,0.0,0.23529411764705882
stage1a_single_agent_miniscule,1,1,7035,471,1,50,50,1,0,191.49017333984375,4.0,4.0,4.0,0.1111111111111111,0.0,0,0,0,4,1,1,0,1.0,0,0.0,0.0,0.0,0.0,0.0,0.0,0.0,0.0,0.0,0.0,0.0,0.0,0.0,0.0,0.0,0.0,0.0,0.0,1.0
stage1a_single_agent_miniscule,1,1,7050,472,1,50,50,1,0,191.30763244628906,4.0,4.0,4.0,0.3333333333333333,0.0,0,0,0,15,12,12,0,1.0,0,0.0,0.0,0.0,0.0,0.0,0.0,0.0,0.0,0.0,0.0,0.0,0.0,0.0,0.0,0.0,0.0,0.0,0.0,0.26666666666666666
stage1a_single_agent_miniscule,1,1,7074,473,1,50,50,1,0,190.24847412109375,4.0,4.0,4.0,0.2222222222222222,0.0,0,0,0,24,16,16,0,1.0,0,0.0,0.0,0.0,0.0,0.0,0.0,0.0,0.0,0.0,0.0,0.0,0.0,0.0,0.0,0.0,0.0,0.0,0.0,0.16666666666666666
stage1a_single_agent_miniscule,1,1,7087,474,1,50,50,1,0,191.00515747070312,4.0,4.0,4.0,0.3333333333333333,0.0,0,0,0,13,10,10,0,1.0,0,0.0,0.0,0.0,0.0,0.0,0.0,0.0,0.0,0.0,0.0,0.0,0.0,0.0,0.0,0.0,0.0,0.0,0.0,0.3076923076923077
stage1a_single_agent_miniscule,1,1,7091,475,1,50,50,1,0,191.48074340820312,4.0,4.0,4.0,0.1111111111111111,0.0,0,0,0,4,1,1,0,1.0,0,0.0,0.0,0.0,0.0,0.0,0.0,0.0,0.0,0.0,0.0,0.0,0.0,0.0,0.0,0.0,0.0,0.0,0.0,1.0
stage1a_single_agent_miniscule,1,1,7103,476,1,50,50,1,0,191.55825805664062,4.0,4.0,4.0,0.3333333333333333,0.0,0,0,0,12,8,8,0,1.0,0,0.0,0.0,0.0,0.0,0.0,0.0,0.0,0.0,0.0,0.0,0.0,0.0,0.0,0.0,0.0,0.0,0.0,0.0,0.3333333333333333
stage1a_single_agent_miniscule,1,1,7107,477,1,50,50,1,0,191.49200439453125,4.0,4.0,4.0,0.1111111111111111,0.0,0,0,0,4,1,1,0,1.0,0,0.0,0.0,0.0,0.0,0.0,0.0,0.0,0.0,0.0,0.0,0.0,0.0,0.0,0.0,0.0,0.0,0.0,0.0,1.0
stage1a_single_agent_miniscule,1,1,7125,478,1,50,50,1,0,191.5406036376953,4.0,4.0,4.0,0.3333333333333333,0.0,0,0,0,18,15,15,0,1.0,0,0.0,0.0,0.0,0.0,0.0,0.0,0.0,0.0,0.0,0.0,0.0,0.0,0.0,0.0,0.0,0.0,0.0,0.0,0.2222222222222222
stage1a_single_agent_miniscule,1,1,7129,479,1,50,50,1,0,191.49021911621094,4.0,4.0,4.0,0.1111111111111111,0.0,0,0,0,4,1,1,0,1.0,0,0.0,0.0,0.0,0.0,0.0,0.0,0.0,0.0,0.0,0.0,0.0,0.0,0.0,0.0,0.0,0.0,0.0,0.0,1.0
stage1a_single_agent_miniscule,1,1,7145,480,1,50,50,1,0,191.2790069580078,4.0,4.0,4.0,0.2222222222222222,0.0,0,0,0,16,11,11,0,1.0,0,0.0,0.0,0.0,0.0,0.0,0.0,0.0,0.0,0.0,0.0,0.0,0.0,0.0,0.0,0.0,0.0,0.0,0.0,0.25
stage1a_single_agent_miniscule,1,1,7153,481,1,50,50,1,0,191.51385498046875,4.0,4.0,4.0,0.2222222222222222,0.0,0,0,0,8,4,4,0,1.0,0,0.0,0.0,0.0,0.0,0.0,0.0,0.0,0.0,0.0,0.0,0.0,0.0,0.0,0.0,0.0,0.0,0.0,0.0,0.5
stage1a_single_agent_miniscule,1,1,7167,482,1,50,50,1,0,190.75311279296875,4.0,4.0,4.0,0.3333333333333333,0.0,0,0,0,14,11,11,0,1.0,0,0.0,0.0,0.0,0.0,0.0,0.0,0.0,0.0,0.0,0.0,0.0,0.0,0.0,0.0,0.0,0.0,0.0,0.0,0.2857142857142857
stage1a_single_agent_miniscule,1,1,7189,483,1,50,50,1,0,190.5292205810547,4.0,4.0,4.0,0.3333333333333333,0.0,0,0,0,22,18,18,0,1.0,0,0.0,0.0,0.0,0.0,0.0,0.0,0.0,0.0,0.0,0.0,0.0,0.0,0.0,0.0,0.0,0.0,0.0,0.0,0.18181818181818182
stage1a_single_agent_miniscule,1,1,7200,484,1,50,50,1,0,191.28050231933594,4.0,4.0,4.0,0.3333333333333333,0.0,0,0,0,11,8,8,0,1.0,0,0.0,0.0,0.0,0.0,0.0,0.0,0.0,0.0,0.0,0.0,0.0,0.0,0.0,0.0,0.0,0.0,0.0,0.0,0.36363636363636365
stage1a_single_agent_miniscule,1,1,7209,485,1,50,50,1,0,191.2858123779297,4.0,4.0,4.0,0.3333333333333333,0.0,0,0,0,9,6,6,0,1.0,0,0.0,0.0,0.0,0.0,0.0,0.0,0.0,0.0,0.0,0.0,0.0,0.0,0.0,0.0,0.0,0.0,0.0,0.0,0.4444444444444444
stage1a_single_agent_miniscule,1,1,7224,486,1,50,50,1,0,191.25701904296875,4.0,4.0,4.0,0.3333333333333333,0.0,0,0,0,15,12,12,0,1.0,0,0.0,0.0,0.0,0.0,0.0,0.0,0.0,0.0,0.0,0.0,0.0,0.0,0.0,0.0,0.0,0.0,0.0,0.0,0.26666666666666666
stage1a_single_agent_miniscule,1,1,7241,487,1,50,50,1,0,190.78857421875,4.0,4.0,4.0,0.3333333333333333,0.0,0,0,0,17,14,14,0,1.0,0,0.0,0.0,0.0,0.0,0.0,0.0,0.0,0.0,0.0,0.0,0.0,0.0,0.0,0.0,0.0,0.0,0.0,0.0,0.23529411764705882
stage1a_single_agent_miniscule,1,1,7256,488,1,50,50,1,0,190.73684692382812,4.0,4.0,4.0,0.2222222222222222,0.0,0,0,0,15,10,10,0,1.0,0,0.0,0.0,0.0,0.0,0.0,0.0,0.0,0.0,0.0,0.0,0.0,0.0,0.0,0.0,0.0,0.0,0.0,0.0,0.26666666666666666
stage1a_single_agent_miniscule,1,1,7270,489,1,50,50,1,0,191.0142822265625,4.0,4.0,4.0,0.3333333333333333,0.0,0,0,0,14,8,8,0,1.0,0,0.0,0.0,0.0,0.0,0.0,0.0,0.0,0.0,0.0,0.0,0.0,0.0,0.0,0.0,0.0,0.0,0.0,0.0,0.2857142857142857
stage1a_single_agent_miniscule,1,1,7279,490,1,50,50,1,0,191.5019989013672,4.0,4.0,4.0,0.2222222222222222,0.0,0,0,0,9,5,5,0,1.0,0,0.0,0.0,0.0,0.0,0.0,0.0,0.0,0.0,0.0,0.0,0.0,0.0,0.0,0.0,0.0,0.0,0.0,0.0,0.4444444444444444
stage1a_single_agent_miniscule,1,1,7297,491,1,50,50,1,0,189.9656524658203,4.0,4.0,4.0,0.2222222222222222,0.0,0,0,0,18,15,15,0,1.0,0,0.0,0.0,0.0,0.0,0.0,0.0,0.0,0.0,0.0,0.0,0.0,0.0,0.0,0.0,0.0,0.0,0.0,0.0,0.2222222222222222
stage1a_single_agent_miniscule,1,1,7308,492,1,50,50,1,0,191.55801391601562,4.0,4.0,4.0,0.3333333333333333,0.0,0,0,0,11,8,8,0,1.0,0,0.0,0.0,0.0,0.0,0.0,0.0,0.0,0.0,0.0,0.0,0.0,0.0,0.0,0.0,0.0,0.0,0.0,0.0,0.36363636363636365
stage1a_single_agent_miniscule,1,1,7312,493,1,50,50,1,0,191.49020385742188,4.0,4.0,4.0,0.1111111111111111,0.0,0,0,0,4,1,1,0,1.0,0,0.0,0.0,0.0,0.0,0.0,0.0,0.0,0.0,0.0,0.0,0.0,0.0,0.0,0.0,0.0,0.0,0.0,0.0,1.0
stage1a_single_agent_miniscule,1,1,7326,494,1,50,50,1,0,190.9651641845703,4.0,4.0,4.0,0.2222222222222222,0.0,0,0,0,14,11,11,0,1.0,0,0.0,0.0,0.0,0.0,0.0,0.0,0.0,0.0,0.0,0.0,0.0,0.0,0.0,0.0,0.0,0.0,0.0,0.0,0.2857142857142857
stage1a_single_agent_miniscule,1,1,7342,495,1,50,50,1,0,191.27877807617188,4.0,4.0,4.0,0.2222222222222222,0.0,0,0,0,16,12,12,0,1.0,0,0.0,0.0,0.0,0.0,0.0,0.0,0.0,0.0,0.0,0.0,0.0,0.0,0.0,0.0,0.0,0.0,0.0,0.0,0.25
stage1a_single_agent_miniscule,1,1,7364,496,1,50,50,1,0,191.04098510742188,4.0,4.0,4.0,0.4444444444444444,0.0,0,0,0,22,17,17,0,1.0,0,0.0,0.0,0.0,0.0,0.0,0.0,0.0,0.0,0.0,0.0,0.0,0.0,0.0,0.0,0.0,0.0,0.0,0.0,0.18181818181818182
stage1a_single_agent_miniscule,1,1,7379,497,1,50,50,1,0,191.03944396972656,4.0,4.0,4.0,0.2222222222222222,0.0,0,0,0,15,11,11,0,1.0,0,0.0,0.0,0.0,0.0,0.0,0.0,0.0,0.0,0.0,0.0,0.0,0.0,0.0,0.0,0.0,0.0,0.0,0.0,0.26666666666666666
stage1a_single_agent_miniscule,1,1,7396,498,1,50,50,1,0,191.0357208251953,4.0,4.0,4.0,0.3333333333333333,0.0,0,0,0,17,11,11,0,1.0,0,0.0,0.0,0.0,0.0,0.0,0.0,0.0,0.0,0.0,0.0,0.0,0.0,0.0,0.0,0.0,0.0,0.0,0.0,0.23529411764705882
stage1a_single_agent_miniscule,1,1,7414,499,1,50,50,1,0,190.78363037109375,4.0,4.0,4.0,0.3333333333333333,0.0,0,0,0,18,13,13,0,1.0,0,0.0,0.0,0.0,0.0,0.0,0.0,0.0,0.0,0.0,0.0,0.0,0.0,0.0,0.0,0.0,0.0,0.0,0.0,0.2222222222222222
stage1a_single_agent_miniscule,1,1,7429,500,1,50,50,1,0,191.7954864501953,4.0,4.0,4.0,0.3333333333333333,0.0,0,0,0,15,12,12,0,1.0,0,0.0,0.0,0.0,0.0,0.0,0.0,0.0,0.0,0.0,0.0,0.0,0.0,0.0,0.0,0.0,0.0,0.0,0.0,0.26666666666666666
stage1a_single_agent_miniscule,1,1,7433,501,1,50,50,1,0,191.49200439453125,4.0,4.0,4.0,0.1111111111111111,0.0,0,0,0,4,1,1,0,1.0,0,0.0,0.0,0.0,0.0,0.0,0.0,0.0,0.0,0.0,0.0,0.0,0.0,0.0,0.0,0.0,0.0,0.0,0.0,1.0
stage1a_single_agent_miniscule,1,1,7445,502,1,50,50,1,0,191.26600646972656,4.0,4.0,4.0,0.3333333333333333,0.0,0,0,0,12,9,9,0,1.0,0,0.0,0.0,0.0,0.0,0.0,0.0,0.0,0.0,0.0,0.0,0.0,0.0,0.0,0.0,0.0,0.0,0.0,0.0,0.3333333333333333
stage1a_single_agent_miniscule,1,1,7455,503,1,50,50,1,0,191.25,4.0,4.0,4.0,0.2222222222222222,0.0,0,0,0,10,4,4,0,1.0,0,0.0,0.0,0.0,0.0,0.0,0.0,0.0,0.0,0.0,0.0,0.0,0.0,0.0,0.0,0.0,0.0,0.0,0.0,0.4
stage1a_single_agent_miniscule,1,1,7478,504,1,50,50,1,0,191.04725646972656,4.0,4.0,4.0,0.4444444444444444,0.0,0,0,0,23,17,17,0,1.0,0,0.0,0.0,0.0,0.0,0.0,0.0,0.0,0.0,0.0,0.0,0.0,0.0,0.0,0.0,0.0,0.0,0.0,0.0,0.17391304347826086
stage1a_single_agent_miniscule,1,1,7494,505,1,50,50,1,0,191.0406494140625,4.0,4.0,4.0,0.3333333333333333,0.0,0,0,0,16,12,12,0,1.0,0,0.0,0.0,0.0,0.0,0.0,0.0,0.0,0.0,0.0,0.0,0.0,0.0,0.0,0.0,0.0,0.0,0.0,0.0,0.25
stage1a_single_agent_miniscule,1,1,7506,506,1,50,50,1,0,191.585693359375,4.0,4.0,4.0,0.2222222222222222,0.0,0,0,0,12,7,7,0,1.0,0,0.0,0.0,0.0,0.0,0.0,0.0,0.0,0.0,0.0,0.0,0.0,0.0,0.0,0.0,0.0,0.0,0.0,0.0,0.3333333333333333
stage1a_single_agent_miniscule,1,1,7522,507,1,50,50,1,0,191.554931640625,4.0,4.0,4.0,0.3333333333333333,0.0,0,0,0,16,12,12,0,1.0,0,0.0,0.0,0.0,0.0,0.0,0.0,0.0,0.0,0.0,0.0,0.0,0.0,0.0,0.0,0.0,0.0,0.0,0.0,0.25
stage1a_single_agent_miniscule,1,1,7544,508,1,50,50,1,0,191.03858947753906,4.0,4.0,4.0,0.4444444444444444,0.0,0,0,0,22,19,19,0,1.0,0,0.0,0.0,0.0,0.0,0.0,0.0,0.0,0.0,0.0,0.0,0.0,0.0,0.0,0.0,0.0,0.0,0.0,0.0,0.18181818181818182
stage1a_single_agent_miniscule,1,1,7559,509,1,50,50,1,0,191.00270080566406,4.0,4.0,4.0,0.3333333333333333,0.0,0,0,0,15,12,12,0,1.0,0,0.0,0.0,0.0,0.0,0.0,0.0,0.0,0.0,0.0,0.0,0.0,0.0,0.0,0.0,0.0,0.0,0.0,0.0,0.26666666666666666
stage1a_single_agent_miniscule,1,1,7563,510,1,50,50,1,0,191.49200439453125,4.0,4.0,4.0,0.1111111111111111,0.0,0,0,0,4,1,1,0,1.0,0,0.0,0.0,0.0,0.0,0.0,0.0,0.0,0.0,0.0,0.0,0.0,0.0,0.0,0.0,0.0,0.0,0.0,0.0,1.0
stage1a_single_agent_miniscule,1,1,7579,511,1,50,50,1,0,191.059326171875,4.0,4.0,4.0,0.3333333333333333,0.0,0,0,0,16,13,13,0,1.0,0,0.0,0.0,0.0,0.0,0.0,0.0,0.0,0.0,0.0,0.0,0.0,0.0,0.0,0.0,0.0,0.0,0.0,0.0,0.25
stage1a_single_agent_miniscule,1,1,7598,512,1,50,50,1,0,190.82078552246094,4.0,4.0,4.0,0.4444444444444444,0.0,0,0,0,19,16,16,0,1.0,0,0.0,0.0,0.0,0.0,0.0,0.0,0.0,0.0,0.0,0.0,0.0,0.0,0.0,0.0,0.0,0.0,0.0,0.0,0.21052631578947367
stage1a_single_agent_miniscule,1,1,7619,513,1,50,50,1,0,191.58316040039062,4.0,4.0,4.0,0.4444444444444444,0.0,0,0,0,21,15,15,0,1.0,0,0.0,0.0,0.0,0.0,0.0,0.0,0.0,0.0,0.0,0.0,0.0,0.0,0.0,0.0,0.0,0.0,0.0,0.0,0.19047619047619047
stage1a_single_agent_miniscule,1,1,7634,514,1,50,50,1,0,191.8223114013672,4.0,4.0,4.0,0.3333333333333333,0.0,0,0,0,15,12,12,0,1.0,0,0.0,0.0,0.0,0.0,0.0,0.0,0.0,0.0,0.0,0.0,0.0,0.0,0.0,0.0,0.0,0.0,0.0,0.0,0.26666666666666666
stage1a_single_agent_miniscule,1,1,7648,515,1,50,50,1,0,191.5251922607422,4.0,4.0,4.0,0.2222222222222222,0.0,0,0,0,14,10,10,0,1.0,0,0.0,0.0,0.0,0.0,0.0,0.0,0.0,0.0,0.0,0.0,0.0,0.0,0.0,0.0,0.0,0.0,0.0,0.0,0.2857142857142857
stage1a_single_agent_miniscule,1,1,7657,516,1,50,50,1,0,191.5350799560547,4.0,4.0,4.0,0.3333333333333333,0.0,0,0,0,9,5,5,0,1.0,0,0.0,0.0,0.0,0.0,0.0,0.0,0.0,0.0,0.0,0.0,0.0,0.0,0.0,0.0,0.0,0.0,0.0,0.0,0.4444444444444444
stage1a_single_agent_miniscule,1,1,7671,517,1,50,50,1,0,191.2530975341797,4.0,4.0,4.0,0.3333333333333333,0.0,0,0,0,14,11,11,0,1.0,0,0.0,0.0,0.0,0.0,0.0,0.0,0.0,0.0,0.0,0.0,0.0,0.0,0.0,0.0,0.0,0.0,0.0,0.0,0.2857142857142857
stage1a_single_agent_miniscule,1,1,7689,518,1,50,50,1,0,191.60218811035156,4.0,4.0,4.0,0.4444444444444444,0.0,0,0,0,18,15,15,0,1.0,0,0.0,0.0,0.0,0.0,0.0,0.0,0.0,0.0,0.0,0.0,0.0,0.0,0.0,0.0,0.0,0.0,0.0,0.0,0.2222222222222222
stage1a_single_agent_miniscule,1,1,7712,519,1,50,50,1,0,191.52783203125,4.0,4.0,4.0,0.4444444444444444,0.0,0,0,0,23,20,20,0,1.0,0,0.0,0.0,0.0,0.0,0.0,0.0,0.0,0.0,0.0,0.0,0.0,0.0,0.0,0.0,0.0,0.0,0.0,0.0,0.17391304347826086
stage1a_single_agent_miniscule,1,1,7723,520,1,50,50,1,0,191.55801391601562,4.0,4.0,4.0,0.3333333333333333,0.0,0,0,0,11,8,8,0,1.0,0,0.0,0.0,0.0,0.0,0.0,0.0,0.0,0.0,0.0,0.0,0.0,0.0,0.0,0.0,0.0,0.0,0.0,0.0,0.36363636363636365
stage1a_single_agent_miniscule,1,1,7742,521,1,50,50,1,0,191.5950927734375,4.0,4.0,4.0,0.3333333333333333,0.0,0,0,0,19,15,15,0,1.0,0,0.0,0.0,0.0,0.0,0.0,0.0,0.0,0.0,0.0,0.0,0.0,0.0,0.0,0.0,0.0,0.0,0.0,0.0,0.21052631578947367
stage1a_single_agent_miniscule,1,1,7765,522,1,50,50,1,0,191.02894592285156,4.0,4.0,4.0,0.3333333333333333,0.0,0,0,0,23,20,20,0,1.0,0,0.0,0.0,0.0,0.0,0.0,0.0,0.0,0.0,0.0,0.0,0.0,0.0,0.0,0.0,0.0,0.0,0.0,0.0,0.17391304347826086
stage1a_single_agent_miniscule,1,1,7781,523,1,50,50,1,0,190.78016662597656,4.0,4.0,4.0,0.2222222222222222,0.0,0,0,0,16,13,13,0,1.0,0,0.0,0.0,0.0,0.0,0.0,0.0,0.0,0.0,0.0,0.0,0.0,0.0,0.0,0.0,0.0,0.0,0.0,0.0,0.25
stage1a_single_agent_miniscule,1,1,7794,524,1,50,50,1,0,191.02577209472656,4.0,4.0,4.0,0.3333333333333333,0.0,0,0,0,13,9,9,0,1.0,0,0.0,0.0,0.0,0.0,0.0,0.0,0.0,0.0,0.0,0.0,0.0,0.0,0.0,0.0,0.0,0.0,0.0,0.0,0.3076923076923077
stage1a_single_agent_miniscule,1,1,7831,525,1,50,50,1,0,190.07142639160156,4.0,4.0,4.0,0.4444444444444444,0.0,0,0,0,37,34,34,0,1.0,0,0.0,0.0,0.0,0.0,0.0,0.0,0.0,0.0,0.0,0.0,0.0,0.0,0.0,0.0,0.0,0.0,0.0,0.0,0.10810810810810811
stage1a_single_agent_miniscule,1,1,7849,526,1,50,50,1,0,190.52606201171875,4.0,4.0,4.0,0.2222222222222222,0.0,0,0,0,18,15,15,0,1.0,0,0.0,0.0,0.0,0.0,0.0,0.0,0.0,0.0,0.0,0.0,0.0,0.0,0.0,0.0,0.0,0.0,0.0,0.0,0.2222222222222222
stage1a_single_agent_miniscule,1,1,7863,527,1,50,50,1,0,191.00303649902344,4.0,4.0,4.0,0.3333333333333333,0.0,0,0,0,14,10,10,0,1.0,0,0.0,0.0,0.0,0.0,0.0,0.0,0.0,0.0,0.0,0.0,0.0,0.0,0.0,0.0,0.0,0.0,0.0,0.0,0.2857142857142857
stage1a_single_agent_miniscule,1,1,7879,528,1,50,50,1,0,191.005126953125,4.0,4.0,4.0,0.3333333333333333,0.0,0,0,0,16,12,12,0,1.0,0,0.0,0.0,0.0,0.0,0.0,0.0,0.0,0.0,0.0,0.0,0.0,0.0,0.0,0.0,0.0,0.0,0.0,0.0,0.25
stage1a_single_agent_miniscule,1,1,7897,529,1,50,50,1,0,191.05213928222656,4.0,4.0,4.0,0.3333333333333333,0.0,0,0,0,18,15,15,0,1.0,0,0.0,0.0,0.0,0.0,0.0,0.0,0.0,0.0,0.0,0.0,0.0,0.0,0.0,0.0,0.0,0.0,0.0,0.0,0.2222222222222222
stage1a_single_agent_miniscule,1,1,7906,530,1,50,50,1,0,191.81201171875,4.0,4.0,4.0,0.3333333333333333,0.0,0,0,0,9,6,6,0,1.0,0,0.0,0.0,0.0,0.0,0.0,0.0,0.0,0.0,0.0,0.0,0.0,0.0,0.0,0.0,0.0,0.0,0.0,0.0,0.4444444444444444
stage1a_single_agent_miniscule,1,1,7911,531,1,50,50,1,0,191.47874450683594,4.0,4.0,4.0,0.1111111111111111,0.0,0,0,0,5,1,1,0,1.0,0,0.0,0.0,0.0,0.0,0.0,0.0,0.0,0.0,0.0,0.0,0.0,0.0,0.0,0.0,0.0,0.0,0.0,0.0,0.8
stage1a_single_agent_miniscule,1,1,7924,532,1,50,50,1,0,191.25852966308594,4.0,4.0,4.0,0.3333333333333333,0.0,0,0,0,13,10,10,0,1.0,0,0.0,0.0,0.0,0.0,0.0,0.0,0.0,0.0,0.0,0.0,0.0,0.0,0.0,0.0,0.0,0.0,0.0,0.0,0.3076923076923077
stage1a_single_agent_miniscule,1,1,7950,533,1,50,50,1,0,191.02906799316406,4.0,4.0,4.0,0.3333333333333333,0.0,0,0,0,26,23,23,0,1.0,0,0.0,0.0,0.0,0.0,0.0,0.0,0.0,0.0,0.0,0.0,0.0,0.0,0.0,0.0,0.0,0.0,0.0,0.0,0.15384615384615385
stage1a_single_agent_miniscule,1,1,7963,534,1,50,50,1,0,191.56483459472656,4.0,4.0,4.0,0.3333333333333333,0.0,0,0,0,13,10,10,0,1.0,0,0.0,0.0,0.0,0.0,0.0,0.0,0.0,0.0,0.0,0.0,0.0,0.0,0.0,0.0,0.0,0.0,0.0,0.0,0.3076923076923077
stage1a_single_agent_miniscule,1,1,7981,535,1,50,50,1,0,190.78257751464844,4.0,4.0,4.0,0.2222222222222222,0.0,0,0,0,18,15,15,0,1.0,0,0.0,0.0,0.0,0.0,0.0,0.0,0.0,0.0,0.0,0.0,0.0,0.0,0.0,0.0,0.0,0.0,0.0,0.0,0.2222222222222222
stage1a_single_agent_miniscule,1,1,7997,536,1,50,50,1,0,191.55484008789062,4.0,4.0,4.0,0.3333333333333333,0.0,0,0,0,16,12,12,0,1.0,0,0.0,0.0,0.0,0.0,0.0,0.0,0.0,0.0,0.0,0.0,0.0,0.0,0.0,0.0,0.0,0.0,0.0,0.0,0.25
stage1a_single_agent_miniscule,1,1,8011,537,1,50,50,1,0,191.006591796875,4.0,4.0,4.0,0.3333333333333333,0.0,0,0,0,14,10,10,0,1.0,0,0.0,0.0,0.0,0.0,0.0,0.0,0.0,0.0,0.0,0.0,0.0,0.0,0.0,0.0,0.0,0.0,0.0,0.0,0.2857142857142857
stage1a_single_agent_miniscule,1,1,8026,538,1,50,50,1,0,191.28289794921875,4.0,4.0,4.0,0.2222222222222222,0.0,0,0,0,15,12,12,0,1.0,0,0.0,0.0,0.0,0.0,0.0,0.0,0.0,0.0,0.0,0.0,0.0,0.0,0.0,0.0,0.0,0.0,0.0,0.0,0.26666666666666666
stage1a_single_agent_miniscule,1,1,8041,539,1,50,50,1,0,190.75238037109375,4.0,4.0,4.0,0.3333333333333333,0.0,0,0,0,15,12,12,0,1.0,0,0.0,0.0,0.0,0.0,0.0,0.0,0.0,0.0,0.0,0.0,0.0,0.0,0.0,0.0,0.0,0.0,0.0,0.0,0.26666666666666666
stage1a_single_agent_miniscule,1,1,8051,540,1,50,50,1,0,191.24000549316406,4.0,4.0,4.0,0.2222222222222222,0.0,0,0,0,10,7,7,0,1.0,0,0.0,0.0,0.0,0.0,0.0,0.0,0.0,0.0,0.0,0.0,0.0,0.0,0.0,0.0,0.0,0.0,0.0,0.0,0.4
stage1a_single_agent_miniscule,1,1,8067,541,1,50,50,1,0,191.0492706298828,4.0,4.0,4.0,0.3333333333333333,0.0,0,0,0,16,8,8,0,1.0,0,0.0,0.0,0.0,0.0,0.0,0.0,0.0,0.0,0.0,0.0,0.0,0.0,0.0,0.0,0.0,0.0,0.0,0.0,0.25
stage1a_single_agent_miniscule,1,1,8083,542,1,50,50,1,0,190.7515106201172,4.0,4.0,4.0,0.3333333333333333,0.0,0,0,0,16,13,13,0,1.0,0,0.0,0.0,0.0,0.0,0.0,0.0,0.0,0.0,0.0,0.0,0.0,0.0,0.0,0.0,0.0,0.0,0.0,0.0,0.25
stage1a_single_agent_miniscule,1,1,8100,543,1,50,50,1,0,191.30307006835938,4.0,4.0,4.0,0.3333333333333333,0.0,0,0,0,17,14,14,0,1.0,0,0.0,0.0,0.0,0.0,0.0,0.0,0.0,0.0,0.0,0.0,0.0,0.0,0.0,0.0,0.0,0.0,0.0,0.0,0.23529411764705882
stage1a_single_agent_miniscule,1,1,8115,544,1,50,50,1,0,191.00270080566406,4.0,4.0,4.0,0.3333333333333333,0.0,0,0,0,15,12,12,0,1.0,0,0.0,0.0,0.0,0.0,0.0,0.0,0.0,0.0,0.0,0.0,0.0,0.0,0.0,0.0,0.0,0.0,0.0,0.0,0.26666666666666666
stage1a_single_agent_miniscule,1,1,8141,545,1,50,50,1,0,190.51292419433594,4.0,4.0,4.0,0.3333333333333333,0.0,0,0,0,26,21,21,0,1.0,0,0.0,0.0,0.0,0.0,0.0,0.0,0.0,0.0,0.0,0.0,0.0,0.0,0.0,0.0,0.0,0.0,0.0,0.0,0.15384615384615385
stage1a_single_agent_miniscule,1,1,8153,546,1,50,50,1,0,191.26600646972656,4.0,4.0,4.0,0.3333333333333333,0.0,0,0,0,12,9,9,0,1.0,0,0.0,0.0,0.0,0.0,0.0,0.0,0.0,0.0,0.0,0.0,0.0,0.0,0.0,0.0,0.0,0.0,0.0,0.0,0.3333333333333333
stage1a_single_agent_miniscule,1,1,8168,547,1,50,50,1,0,190.73622131347656,4.0,4.0,4.0,0.2222222222222222,0.0,0,0,0,15,11,11,0,1.0,0,0.0,0.0,0.0,0.0,0.0,0.0,0.0,0.0,0.0,0.0,0.0,0.0,0.0,0.0,0.0,0.0,0.0,0.0,0.26666666666666666
stage1a_single_agent_miniscule,1,1,8177,548,1,50,50,1,0,191.27200317382812,4.0,4.0,4.0,0.3333333333333333,0.0,0,0,0,9,6,6,0,1.0,0,0.0,0.0,0.0,0.0,0.0,0.0,0.0,0.0,0.0,0.0,0.0,0.0,0.0,0.0,0.0,0.0,0.0,0.0,0.4444444444444444
stage1a_single_agent_miniscule,1,1,8203,549,1,50,50,1,0,191.02914428710938,4.0,4.0,4.0,0.3333333333333333,0.0,0,0,0,26,23,23,0,1.0,0,0.0,0.0,0.0,0.0,0.0,0.0,0.0,0.0,0.0,0.0,0.0,0.0,0.0,0.0,0.0,0.0,0.0,0.0,0.15384615384615385
stage1a_single_agent_miniscule,1,1,8219,550,1,50,50,1,0,191.2559356689453,4.0,4.0,4.0,0.3333333333333333,0.0,0,0,0,16,13,13,0,1.0,0,0.0,0.0,0.0,0.0,0.0,0.0,0.0,0.0,0.0,0.0,0.0,0.0,0.0,0.0,0.0,0.0,0.0,0.0,0.25
stage1a_single_agent_miniscule,1,1,8224,551,1,50,50,1,0,191.24000549316406,4.0,4.0,4.0,0.1111111111111111,0.0,0,0,0,5,1,1,0,1.0,0,0.0,0.0,0.0,0.0,0.0,0.0,0.0,0.0,0.0,0.0,0.0,0.0,0.0,0.0,0.0,0.0,0.0,0.0,0.8
stage1a_single_agent_miniscule,1,1,8239,552,1,50,50,1,0,191.2906951904297,4.0,4.0,4.0,0.2222222222222222,0.0,0,0,0,15,11,11,0,1.0,0,0.0,0.0,0.0,0.0,0.0,0.0,0.0,0.0,0.0,0.0,0.0,0.0,0.0,0.0,0.0,0.0,0.0,0.0,0.26666666666666666
stage1a_single_agent_miniscule,1,1,8268,553,1,50,50,1,0,191.0194549560547,4.0,4.0,4.0,0.3333333333333333,0.0,0,0,0,29,26,26,0,1.0,0,0.0,0.0,0.0,0.0,0.0,0.0,0.0,0.0,0.0,0.0,0.0,0.0,0.0,0.0,0.0,0.0,0.0,0.0,0.13793103448275862
stage1a_single_agent_miniscule,1,1,8280,554,1,50,50,1,0,191.2794189453125,4.0,4.0,4.0,0.3333333333333333,0.0,0,0,0,12,9,9,0,1.0,0,0.0,0.0,0.0,0.0,0.0,0.0,0.0,0.0,0.0,0.0,0.0,0.0,0.0,0.0,0.0,0.0,0.0,0.0,0.3333333333333333
stage1a_single_agent_miniscule,1,1,8289,555,1,50,50,1,0,191.5107879638672,4.0,4.0,4.0,0.2222222222222222,0.0,0,0,0,9,4,4,0,1.0,0,0.0,0.0,0.0,0.0,0.0,0.0,0.0,0.0,0.0,0.0,0.0,0.0,0.0,0.0,0.0,0.0,0.0,0.0,0.4444444444444444
stage1a_single_agent_miniscule,1,1,8303,556,1,50,50,1,0,191.2932586669922,4.0,4.0,4.0,0.2222222222222222,0.0,0,0,0,14,10,10,0,1.0,0,0.0,0.0,0.0,0.0,0.0,0.0,0.0,0.0,0.0,0.0,0.0,0.0,0.0,0.0,0.0,0.0,0.0,0.0,0.2857142857142857
stage1a_single_agent_miniscule,1,1,8312,557,1,50,50,1,0,191.51039123535156,4.0,4.0,4.0,0.2222222222222222,0.0,0,0,0,9,4,4,0,1.0,0,0.0,0.0,0.0,0.0,0.0,0.0,0.0,0.0,0.0,0.0,0.0,0.0,0.0,0.0,0.0,0.0,0.0,0.0,0.4444444444444444
stage1a_single_agent_miniscule,1,1,8332,558,1,50,50,1,0,191.03964233398438,4.0,4.0,4.0,0.3333333333333333,0.0,0,0,0,20,13,13,0,1.0,0,0.0,0.0,0.0,0.0,0.0,0.0,0.0,0.0,0.0,0.0,0.0,0.0,0.0,0.0,0.0,0.0,0.0,0.0,0.2
stage1a_single_agent_miniscule,1,1,8348,559,1,50,50,1,0,191.30726623535156,4.0,4.0,4.0,0.3333333333333333,0.0,0,0,0,16,13,13,0,1.0,0,0.0,0.0,0.0,0.0,0.0,0.0,0.0,0.0,0.0,0.0,0.0,0.0,0.0,0.0,0.0,0.0,0.0,0.0,0.25
stage1a_single_agent_miniscule,1,1,8352,560,1,50,50,1,0,191.49012756347656,4.0,4.0,4.0,0.1111111111111111,0.0,0,0,0,4,1,1,0,1.0,0,0.0,0.0,0.0,0.0,0.0,0.0,0.0,0.0,0.0,0.0,0.0,0.0,0.0,0.0,0.0,0.0,0.0,0.0,1.0
stage1a_single_agent_miniscule,1,1,8369,561,1,50,50,1,0,190.78851318359375,4.0,4.0,4.0,0.3333333333333333,0.0,0,0,0,17,14,14,0,1.0,0,0.0,0.0,0.0,0.0,0.0,0.0,0.0,0.0,0.0,0.0,0.0,0.0,0.0,0.0,0.0,0.0,0.0,0.0,0.23529411764705882
stage1a_single_agent_miniscule,1,1,8386,562,1,50,50,1,0,191.01988220214844,4.0,4.0,4.0,0.4444444444444444,0.0,0,0,0,17,14,14,0,1.0,0,0.0,0.0,0.0,0.0,0.0,0.0,0.0,0.0,0.0,0.0,0.0,0.0,0.0,0.0,0.0,0.0,0.0,0.0,0.23529411764705882
stage1a_single_agent_miniscule,1,1,8390,563,1,50,50,1,0,191.24200439453125,4.0,4.0,4.0,0.1111111111111111,0.0,0,0,0,4,1,1,0,1.0,0,0.0,0.0,0.0,0.0,0.0,0.0,0.0,0.0,0.0,0.0,0.0,0.0,0.0,0.0,0.0,0.0,0.0,0.0,1.0
stage1a_single_agent_miniscule,1,1,8394,564,1,50,50,1,0,191.49021911621094,4.0,4.0,4.0,0.1111111111111111,0.0,0,0,0,4,1,1,0,1.0,0,0.0,0.0,0.0,0.0,0.0,0.0,0.0,0.0,0.0,0.0,0.0,0.0,0.0,0.0,0.0,0.0,0.0,0.0,1.0
stage1a_single_agent_miniscule,1,1,8404,565,1,50,50,1,0,191.54000854492188,4.0,4.0,4.0,0.2222222222222222,0.0,0,0,0,10,7,7,0,1.0,0,0.0,0.0,0.0,0.0,0.0,0.0,0.0,0.0,0.0,0.0,0.0,0.0,0.0,0.0,0.0,0.0,0.0,0.0,0.4
stage1a_single_agent_miniscule,1,1,8418,566,1,50,50,1,0,191.29344177246094,4.0,4.0,4.0,0.2222222222222222,0.0,0,0,0,14,10,10,0,1.0,0,0.0,0.0,0.0,0.0,0.0,0.0,0.0,0.0,0.0,0.0,0.0,0.0,0.0,0.0,0.0,0.0,0.0,0.0,0.2857142857142857
stage1a_single_agent_miniscule,1,1,8437,567,1,50,50,1,0,190.52479553222656,4.0,4.0,4.0,0.2222222222222222,0.0,0,0,0,19,15,15,0,1.0,0,0.0,0.0,0.0,0.0,0.0,0.0,0.0,0.0,0.0,0.0,0.0,0.0,0.0,0.0,0.0,0.0,0.0,0.0,0.21052631578947367
stage1a_single_agent_miniscule,1,1,8449,568,1,50,50,1,0,191.26600646972656,4.0,4.0,4.0,0.3333333333333333,0.0,0,0,0,12,9,9,0,1.0,0,0.0,0.0,0.0,0.0,0.0,0.0,0.0,0.0,0.0,0.0,0.0,0.0,0.0,0.0,0.0,0.0,0.0,0.0,0.3333333333333333
stage1a_single_agent_miniscule,1,1,8453,569,1,50,50,1,0,191.4901885986328,4.0,4.0,4.0,0.1111111111111111,0.0,0,0,0,4,1,1,0,1.0,0,0.0,0.0,0.0,0.0,0.0,0.0,0.0,0.0,0.0,0.0,0.0,0.0,0.0,0.0,0.0,0.0,0.0,0.0,1.0
stage1a_single_agent_miniscule,1,1,8470,570,1,50,50,1,0,191.54335021972656,4.0,4.0,4.0,0.3333333333333333,0.0,0,0,0,17,14,14,0,1.0,0,0.0,0.0,0.0,0.0,0.0,0.0,0.0,0.0,0.0,0.0,0.0,0.0,0.0,0.0,0.0,0.0,0.0,0.0,0.23529411764705882
stage1a_single_agent_miniscule,1,1,8492,571,1,50,50,1,0,189.72023010253906,4.0,4.0,4.0,0.2222222222222222,0.0,0,0,0,22,19,19,0,1.0,0,0.0,0.0,0.0,0.0,0.0,0.0,0.0,0.0,0.0,0.0,0.0,0.0,0.0,0.0,0.0,0.0,0.0,0.0,0.18181818181818182
stage1a_single_agent_miniscule,1,1,8509,572,1,50,50,1,0,190.98130798339844,4.0,4.0,4.0,0.3333333333333333,0.0,0,0,0,17,14,14,0,1.0,0,0.0,0.0,0.0,0.0,0.0,0.0,0.0,0.0,0.0,0.0,0.0,0.0,0.0,0.0,0.0,0.0,0.0,0.0,0.23529411764705882
stage1a_single_agent_miniscule,1,1,8513,573,1,50,50,1,0,191.4900665283203,4.0,4.0,4.0,0.1111111111111111,0.0,0,0,0,4,1,1,0,1.0,0,0.0,0.0,0.0,0.0,0.0,0.0,0.0,0.0,0.0,0.0,0.0,0.0,0.0,0.0,0.0,0.0,0.0,0.0,1.0
stage1a_single_agent_miniscule,1,1,8522,574,1,50,50,1,0,191.27200317382812,4.0,4.0,4.0,0.3333333333333333,0.0,0,0,0,9,6,6,0,1.0,0,0.0,0.0,0.0,0.0,0.0,0.0,0.0,0.0,0.0,0.0,0.0,0.0,0.0,0.0,0.0,0.0,0.0,0.0,0.4444444444444444
stage1a_single_agent_miniscule,1,1,8534,575,1,50,50,1,0,191.26600646972656,4.0,4.0,4.0,0.3333333333333333,0.0,0,0,0,12,9,9,0,1.0,0,0.0,0.0,0.0,0.0,0.0,0.0,0.0,0.0,0.0,0.0,0.0,0.0,0.0,0.0,0.0,0.0,0.0,0.0,0.3333333333333333
stage1a_single_agent_miniscule,1,1,8572,576,1,50,50,1,0,189.563720703125,4.0,4.0,4.0,0.4444444444444444,0.0,0,0,0,38,15,15,0,1.0,0,0.0,0.0,0.0,0.0,0.0,0.0,0.0,0.0,0.0,0.0,0.0,0.0,0.0,0.0,0.0,0.0,0.0,0.0,0.10526315789473684
stage1a_single_agent_miniscule,1,1,8591,577,1,50,50,1,0,191.3180389404297,4.0,4.0,4.0,0.4444444444444444,0.0,0,0,0,19,16,16,0,1.0,0,0.0,0.0,0.0,0.0,0.0,0.0,0.0,0.0,0.0,0.0,0.0,0.0,0.0,0.0,0.0,0.0,0.0,0.0,0.21052631578947367
stage1a_single_agent_miniscule,1,1,8618,578,1,50,50,1,0,190.27212524414062,4.0,4.0,4.0,0.3333333333333333,0.0,0,0,0,27,13,13,0,1.0,0,0.0,0.0,0.0,0.0,0.0,0.0,0.0,0.0,0.0,0.0,0.0,0.0,0.0,0.0,0.0,0.0,0.0,0.0,0.14814814814814814
stage1a_single_agent_miniscule,1,1,8632,579,1,50,50,1,0,191.2577667236328,4.0,4.0,4.0,0.3333333333333333,0.0,0,0,0,14,11,11,0,1.0,0,0.0,0.0,0.0,0.0,0.0,0.0,0.0,0.0,0.0,0.0,0.0,0.0,0.0,0.0,0.0,0.0,0.0,0.0,0.2857142857142857
stage1a_single_agent_miniscule,1,1,8670,580,1,50,50,1,0,190.8802032470703,4.0,4.0,4.0,0.4444444444444444,0.0,0,0,0,38,33,33,0,1.0,0,0.0,0.0,0.0,0.0,0.0,0.0,0.0,0.0,0.0,0.0,0.0,0.0,0.0,0.0,0.0,0.0,0.0,0.0,0.10526315789473684
stage1a_single_agent_miniscule,1,1,8683,581,1,50,50,1,0,191.01611328125,4.0,4.0,4.0,0.3333333333333333,0.0,0,0,0,13,8,8,0,1.0,0,0.0,0.0,0.0,0.0,0.0,0.0,0.0,0.0,0.0,0.0,0.0,0.0,0.0,0.0,0.0,0.0,0.0,0.0,0.3076923076923077
stage1a_single_agent_miniscule,1,1,8697,582,1,50,50,1,0,190.9163360595703,4.0,4.0,4.0,0.2222222222222222,0.0,0,0,0,14,10,10,0,1.0,0,0.0,0.07142857142857142,0.0,-0.04,0.0,0.0,0.0,0.0,0.0,0.0,0.0,0.0,0.0,0.0,0.0,0.0,0.0,0.0,0.2857142857142857
stage1a_single_agent_miniscule,1,1,8719,583,1,50,50,1,0,191.30059814453125,4.0,4.0,4.0,0.4444444444444444,0.0,0,0,0,22,19,19,0,1.0,0,0.0,0.0,0.0,0.0,0.0,0.0,0.0,0.0,0.0,0.0,0.0,0.0,0.0,0.0,0.0,0.0,0.0,0.0,0.18181818181818182
stage1a_single_agent_miniscule,1,1,8747,584,1,50,50,1,0,191.29815673828125,4.0,4.0,4.0,0.3333333333333333,0.0,0,0,0,28,21,21,0,1.0,0,0.0,0.0,0.0,0.0,0.0,0.0,0.0,0.0,0.0,0.0,0.0,0.0,0.0,0.0,0.0,0.0,0.0,0.0,0.14285714285714285
stage1a_single_agent_miniscule,1,1,8756,585,1,50,50,1,0,191.27200317382812,4.0,4.0,4.0,0.3333333333333333,0.0,0,0,0,9,6,6,0,1.0,0,0.0,0.0,0.0,0.0,0.0,0.0,0.0,0.0,0.0,0.0,0.0,0.0,0.0,0.0,0.0,0.0,0.0,0.0,0.4444444444444444
stage1a_single_agent_miniscule,1,1,8780,586,1,50,50,1,0,190.77655029296875,4.0,4.0,4.0,0.3333333333333333,0.0,0,0,0,24,18,18,0,1.0,0,0.0,0.0,0.0,0.0,0.0,0.0,0.0,0.0,0.0,0.0,0.0,0.0,0.0,0.0,0.0,0.0,0.0,0.0,0.16666666666666666
stage1a_single_agent_miniscule,1,1,8794,587,1,50,50,1,0,191.3020477294922,4.0,4.0,4.0,0.3333333333333333,0.0,0,0,0,14,11,11,0,1.0,0,0.0,0.0,0.0,0.0,0.0,0.0,0.0,0.0,0.0,0.0,0.0,0.0,0.0,0.0,0.0,0.0,0.0,0.0,0.2857142857142857
stage1a_single_agent_miniscule,1,1,8803,588,1,50,50,1,0,191.5355224609375,4.0,4.0,4.0,0.3333333333333333,0.0,0,0,0,9,6,6,0,1.0,0,0.0,0.0,0.0,0.0,0.0,0.0,0.0,0.0,0.0,0.0,0.0,0.0,0.0,0.0,0.0,0.0,0.0,0.0,0.4444444444444444
stage1a_single_agent_miniscule,1,1,8813,589,1,50,50,1,0,191.25,4.0,4.0,4.0,0.2222222222222222,0.0,0,0,0,10,7,7,0,1.0,0,0.0,0.0,0.0,0.0,0.0,0.0,0.0,0.0,0.0,0.0,0.0,0.0,0.0,0.0,0.0,0.0,0.0,0.0,0.4
stage1a_single_agent_miniscule,1,1,8828,590,1,50,50,1,0,191.50782775878906,4.0,4.0,4.0,0.3333333333333333,0.0,0,0,0,15,12,12,0,1.0,0,0.0,0.0,0.0,0.0,0.0,0.0,0.0,0.0,0.0,0.0,0.0,0.0,0.0,0.0,0.0,0.0,0.0,0.0,0.26666666666666666
stage1a_single_agent_miniscule,1,1,8844,591,1,50,50,1,0,190.7282257080078,4.0,4.0,4.0,0.2222222222222222,0.0,0,0,0,16,12,12,0,1.0,0,0.0,0.0,0.0,0.0,0.0,0.0,0.0,0.0,0.0,0.0,0.0,0.0,0.0,0.0,0.0,0.0,0.0,0.0,0.25
stage1a_single_agent_miniscule,1,1,8859,592,1,50,50,1,0,190.98313903808594,4.0,4.0,4.0,0.2222222222222222,0.0,0,0,0,15,11,11,0,1.0,0,0.0,0.0,0.0,0.0,0.0,0.0,0.0,0.0,0.0,0.0,0.0,0.0,0.0,0.0,0.0,0.0,0.0,0.0,0.26666666666666666
stage1a_single_agent_miniscule,1,1,8874,593,1,50,50,1,0,191.0047607421875,4.0,4.0,4.0,0.3333333333333333,0.0,0,0,0,15,12,12,0,1.0,0,0.0,0.0,0.0,0.0,0.0,0.0,0.0,0.0,0.0,0.0,0.0,0.0,0.0,0.0,0.0,0.0,0.0,0.0,0.26666666666666666
stage1a_single_agent_miniscule,1,1,8879,594,1,50,50,1,0,191.24000549316406,4.0,4.0,4.0,0.1111111111111111,0.0,0,0,0,5,1,1,0,1.0,0,0.0,0.0,0.0,0.0,0.0,0.0,0.0,0.0,0.0,0.0,0.0,0.0,0.0,0.0,0.0,0.0,0.0,0.0,0.8
stage1a_single_agent_miniscule,1,1,8895,595,1,50,50,1,0,190.48165893554688,4.0,4.0,4.0,0.2222222222222222,0.0,0,0,0,16,12,12,0,1.0,0,0.0,0.0,0.0,0.0,0.0,0.0,0.0,0.0,0.0,0.0,0.0,0.0,0.0,0.0,0.0,0.0,0.0,0.0,0.25
stage1a_single_agent_miniscule,1,1,8911,596,1,50,50,1,0,191.50048828125,4.0,4.0,4.0,0.2222222222222222,0.0,0,0,0,16,13,13,0,1.0,0,0.0,0.0,0.0,0.0,0.0,0.0,0.0,0.0,0.0,0.0,0.0,0.0,0.0,0.0,0.0,0.0,0.0,0.0,0.25
stage1a_single_agent_miniscule,1,1,8915,597,1,50,50,1,0,191.49200439453125,4.0,4.0,4.0,0.1111111111111111,0.0,0,0,0,4,1,1,0,1.0,0,0.0,0.0,0.0,0.0,0.0,0.0,0.0,0.0,0.0,0.0,0.0,0.0,0.0,0.0,0.0,0.0,0.0,0.0,1.0
stage1a_single_agent_miniscule,1,1,8928,598,1,50,50,1,0,191.56341552734375,4.0,4.0,4.0,0.3333333333333333,0.0,0,0,0,13,10,10,0,1.0,0,0.0,0.0,0.0,0.0,0.0,0.0,0.0,0.0,0.0,0.0,0.0,0.0,0.0,0.0,0.0,0.0,0.0,0.0,0.3076923076923077
stage1a_single_agent_miniscule,1,1,8943,599,1,50,50,1,0,190.73045349121094,4.0,4.0,4.0,0.2222222222222222,0.0,0,0,0,15,11,11,0,1.0,0,0.0,0.0,0.0,0.0,0.0,0.0,0.0,0.0,0.0,0.0,0.0,0.0,0.0,0.0,0.0,0.0,0.0,0.0,0.26666666666666666
stage1a_single_agent_miniscule,1,1,8955,600,1,50,50,1,0,191.2783203125,4.0,4.0,4.0,0.3333333333333333,0.0,0,0,0,12,9,9,0,1.0,0,0.0,0.0,0.0,0.0,0.0,0.0,0.0,0.0,0.0,0.0,0.0,0.0,0.0,0.0,0.0,0.0,0.0,0.0,0.3333333333333333
stage1a_single_agent_miniscule,1,1,8977,601,1,50,50,1,0,191.56153869628906,4.0,4.0,4.0,0.3333333333333333,0.0,0,0,0,22,15,15,0,1.0,0,0.0,0.0,0.0,0.0,0.0,0.0,0.0,0.0,0.0,0.0,0.0,0.0,0.0,0.0,0.0,0.0,0.0,0.0,0.18181818181818182
stage1a_single_agent_miniscule,1,1,8990,602,1,50,50,1,0,191.56329345703125,4.0,4.0,4.0,0.3333333333333333,0.0,0,0,0,13,10,10,0,1.0,0,0.0,0.0,0.0,0.0,0.0,0.0,0.0,0.0,0.0,0.0,0.0,0.0,0.0,0.0,0.0,0.0,0.0,0.0,0.3076923076923077
stage1a_single_agent_miniscule,1,1,8994,603,1,50,50,1,0,191.49200439453125,4.0,4.0,4.0,0.1111111111111111,0.0,0,0,0,4,1,1,0,1.0,0,0.0,0.0,0.0,0.0,0.0,0.0,0.0,0.0,0.0,0.0,0.0,0.0,0.0,0.0,0.0,0.0,0.0,0.0,1.0
stage1a_single_agent_miniscule,1,1,9003,604,1,50,50,1,0,191.28607177734375,4.0,4.0,4.0,0.3333333333333333,0.0,0,0,0,9,6,6,0,1.0,0,0.0,0.0,0.0,0.0,0.0,0.0,0.0,0.0,0.0,0.0,0.0,0.0,0.0,0.0,0.0,0.0,0.0,0.0,0.4444444444444444
stage1a_single_agent_miniscule,1,1,9018,605,1,50,50,1,0,191.3076629638672,4.0,4.0,4.0,0.3333333333333333,0.0,0,0,0,15,12,12,0,1.0,0,0.0,0.0,0.0,0.0,0.0,0.0,0.0,0.0,0.0,0.0,0.0,0.0,0.0,0.0,0.0,0.0,0.0,0.0,0.26666666666666666
stage1a_single_agent_miniscule,1,1,9039,606,1,50,50,1,0,191.03382873535156,4.0,4.0,4.0,0.3333333333333333,0.0,0,0,0,21,17,17,0,1.0,0,0.0,0.0,0.0,0.0,0.0,0.0,0.0,0.0,0.0,0.0,0.0,0.0,0.0,0.0,0.0,0.0,0.0,0.0,0.19047619047619047
stage1a_single_agent_miniscule,1,1,9057,607,1,50,50,1,0,191.0189666748047,4.0,4.0,4.0,0.4444444444444444,0.0,0,0,0,18,15,15,0,1.0,0,0.0,0.0,0.0,0.0,0.0,0.0,0.0,0.0,0.0,0.0,0.0,0.0,0.0,0.0,0.0,0.0,0.0,0.0,0.2222222222222222
stage1a_single_agent_miniscule,1,1,9061,608,1,50,50,1,0,191.49200439453125,4.0,4.0,4.0,0.1111111111111111,0.0,0,0,0,4,1,1,0,1.0,0,0.0,0.0,0.0,0.0,0.0,0.0,0.0,0.0,0.0,0.0,0.0,0.0,0.0,0.0,0.0,0.0,0.0,0.0,1.0
stage1a_single_agent_miniscule,1,1,9087,609,1,50,50,1,0,190.2295379638672,4.0,4.0,4.0,0.2222222222222222,0.0,0,0,0,26,11,11,0,1.0,0,0.0,0.0,0.0,0.0,0.0,0.0,0.0,0.0,0.0,0.0,0.0,0.0,0.0,0.0,0.0,0.0,0.0,0.0,0.15384615384615385
stage1a_single_agent_miniscule,1,1,9103,610,1,50,50,1,0,190.75057983398438,4.0,4.0,4.0,0.3333333333333333,0.0,0,0,0,16,12,12,0,1.0,0,0.0,0.0,0.0,0.0,0.0,0.0,0.0,0.0,0.0,0.0,0.0,0.0,0.0,0.0,0.0,0.0,0.0,0.0,0.25
stage1a_single_agent_miniscule,1,1,9115,611,1,50,50,1,0,191.27960205078125,4.0,4.0,4.0,0.3333333333333333,0.0,0,0,0,12,9,9,0,1.0,0,0.0,0.0,0.0,0.0,0.0,0.0,0.0,0.0,0.0,0.0,0.0,0.0,0.0,0.0,0.0,0.0,0.0,0.0,0.3333333333333333
stage1a_single_agent_miniscule,1,1,9119,612,1,50,50,1,0,191.4900360107422,4.0,4.0,4.0,0.1111111111111111,0.0,0,0,0,4,1,1,0,1.0,0,0.0,0.0,0.0,0.0,0.0,0.0,0.0,0.0,0.0,0.0,0.0,0.0,0.0,0.0,0.0,0.0,0.0,0.0,1.0
stage1a_single_agent_miniscule,1,1,9128,613,1,50,50,1,0,191.52200317382812,4.0,4.0,4.0,0.3333333333333333,0.0,0,0,0,9,5,5,0,1.0,0,0.0,0.0,0.0,0.0,0.0,0.0,0.0,0.0,0.0,0.0,0.0,0.0,0.0,0.0,0.0,0.0,0.0,0.0,0.4444444444444444
stage1a_single_agent_miniscule,1,1,9140,614,1,50,50,1,0,192.03688049316406,4.0,4.0,4.0,0.2222222222222222,0.0,0,0,0,12,5,5,0,1.0,0,0.0,0.0,0.0,0.0,0.0,0.0,0.0,0.0,0.0,0.0,0.0,0.0,0.0,0.0,0.0,0.0,0.0,0.0,0.3333333333333333
stage1a_single_agent_miniscule,1,1,9144,615,1,50,50,1,0,191.49200439453125,4.0,4.0,4.0,0.1111111111111111,0.0,0,0,0,4,1,1,0,1.0,0,0.0,0.0,0.0,0.0,0.0,0.0,0.0,0.0,0.0,0.0,0.0,0.0,0.0,0.0,0.0,0.0,0.0,0.0,1.0
stage1a_single_agent_miniscule,1,1,9167,616,1,50,50,1,0,190.52706909179688,4.0,4.0,4.0,0.3333333333333333,0.0,0,0,0,23,13,13,0,1.0,0,0.0,0.0,0.0,0.0,0.0,0.0,0.0,0.0,0.0,0.0,0.0,0.0,0.0,0.0,0.0,0.0,0.0,0.0,0.17391304347826086
stage1a_single_agent_miniscule,1,1,9180,617,1,50,50,1,0,190.9840087890625,4.0,4.0,4.0,0.2222222222222222,0.0,0,0,0,13,8,8,0,1.0,0,0.0,0.0,0.0,0.0,0.0,0.0,0.0,0.0,0.0,0.0,0.0,0.0,0.0,0.0,0.0,0.0,0.0,0.0,0.3076923076923077
stage1a_single_agent_miniscule,1,1,9192,618,1,50,50,1,0,191.0286102294922,4.0,4.0,4.0,0.3333333333333333,0.0,0,0,0,12,8,8,0,1.0,0,0.0,0.0,0.0,0.0,0.0,0.0,0.0,0.0,0.0,0.0,0.0,0.0,0.0,0.0,0.0,0.0,0.0,0.0,0.3333333333333333
stage1a_single_agent_miniscule,1,1,9213,619,1,50,50,1,0,190.51930236816406,4.0,4.0,4.0,0.2222222222222222,0.0,0,0,0,21,7,7,0,1.0,0,0.0,0.0,0.0,0.0,0.0,0.0,0.0,0.0,0.0,0.0,0.0,0.0,0.0,0.0,0.0,0.0,0.0,0.0,0.19047619047619047
stage1a_single_agent_miniscule,1,1,9241,620,1,50,50,1,0,190.52487182617188,4.0,4.0,4.0,0.3333333333333333,0.0,0,0,0,28,25,25,0,1.0,0,0.0,0.0,0.0,0.0,0.0,0.0,0.0,0.0,0.0,0.0,0.0,0.0,0.0,0.0,0.0,0.0,0.0,0.0,0.14285714285714285
stage1a_single_agent_miniscule,1,1,9263,621,1,50,50,1,0,190.8057861328125,4.0,4.0,4.0,0.4444444444444444,0.0,0,0,0,22,13,13,0,1.0,0,0.0,0.0,0.0,0.0,0.0,0.0,0.0,0.0,0.0,0.0,0.0,0.0,0.0,0.0,0.0,0.0,0.0,0.0,0.18181818181818182
stage1a_single_agent_miniscule,1,1,9267,622,1,50,50,1,0,191.49014282226562,4.0,4.0,4.0,0.1111111111111111,0.0,0,0,0,4,1,1,0,1.0,0,0.0,0.0,0.0,0.0,0.0,0.0,0.0,0.0,0.0,0.0,0.0,0.0,0.0,0.0,0.0,0.0,0.0,0.0,1.0
stage1a_single_agent_miniscule,1,1,9286,623,1,50,50,1,0,191.05030822753906,4.0,4.0,4.0,0.3333333333333333,0.0,0,0,0,19,16,16,0,1.0,0,0.0,0.0,0.0,0.0,0.0,0.0,0.0,0.0,0.0,0.0,0.0,0.0,0.0,0.0,0.0,0.0,0.0,0.0,0.21052631578947367
stage1a_single_agent_miniscule,1,1,9296,624,1,50,50,1,0,191.52000427246094,4.0,4.0,4.0,0.3333333333333333,0.0,0,0,0,10,5,5,0,1.0,0,0.0,0.0,0.0,0.0,0.0,0.0,0.0,0.0,0.0,0.0,0.0,0.0,0.0,0.0,0.0,0.0,0.0,0.0,0.4
stage1a_single_agent_miniscule,1,1,9312,625,1,50,50,1,0,190.80821228027344,4.0,4.0,4.0,0.3333333333333333,0.0,0,0,0,16,13,13,0,1.0,0,0.0,0.0,0.0,0.0,0.0,0.0,0.0,0.0,0.0,0.0,0.0,0.0,0.0,0.0,0.0,0.0,0.0,0.0,0.25
stage1a_single_agent_miniscule,1,1,9316,626,1,50,50,1,0,191.4901885986328,4.0,4.0,4.0,0.1111111111111111,0.0,0,0,0,4,1,1,0,1.0,0,0.0,0.0,0.0,0.0,0.0,0.0,0.0,0.0,0.0,0.0,0.0,0.0,0.0,0.0,0.0,0.0,0.0,0.0,1.0
stage1a_single_agent_miniscule,1,1,9328,627,1,50,50,1,0,191.55599975585938,4.0,4.0,4.0,0.3333333333333333,0.0,0,0,0,12,8,8,0,1.0,0,0.0,0.0,0.0,0.0,0.0,0.0,0.0,0.0,0.0,0.0,0.0,0.0,0.0,0.0,0.0,0.0,0.0,0.0,0.3333333333333333
stage1a_single_agent_miniscule,1,1,9336,628,1,50,50,1,0,191.50401306152344,4.0,4.0,4.0,0.2222222222222222,0.0,0,0,0,8,5,5,0,1.0,0,0.0,0.0,0.0,0.0,0.0,0.0,0.0,0.0,0.0,0.0,0.0,0.0,0.0,0.0,0.0,0.0,0.0,0.0,0.5
stage1a_single_agent_miniscule,1,1,9356,629,1,50,50,1,0,190.75177001953125,4.0,4.0,4.0,0.3333333333333333,0.0,0,0,0,20,11,11,0,1.0,0,0.0,0.0,0.0,0.0,0.0,0.0,0.0,0.0,0.0,0.0,0.0,0.0,0.0,0.0,0.0,0.0,0.0,0.0,0.2
stage1a_single_agent_miniscule,1,1,9373,630,1,50,50,1,0,192.08297729492188,4.0,4.0,4.0,0.4444444444444444,0.0,0,0,0,17,14,14,0,1.0,0,0.0,0.0,0.0,0.0,0.0,0.0,0.0,0.0,0.0,0.0,0.0,0.0,0.0,0.0,0.0,0.0,0.0,0.0,0.23529411764705882
stage1a_single_agent_miniscule,1,1,9387,631,1,50,50,1,0,191.31178283691406,4.0,4.0,4.0,0.3333333333333333,0.0,0,0,0,14,10,10,0,1.0,0,0.0,0.0,0.0,0.0,0.0,0.0,0.0,0.0,0.0,0.0,0.0,0.0,0.0,0.0,0.0,0.0,0.0,0.0,0.2857142857142857
stage1a_single_agent_miniscule,1,1,9407,632,1,50,50,1,0,190.22157287597656,4.0,4.0,4.0,0.2222222222222222,0.0,0,0,0,20,16,16,0,1.0,0,0.0,0.0,0.0,0.0,0.0,0.0,0.0,0.0,0.0,0.0,0.0,0.0,0.0,0.0,0.0,0.0,0.0,0.0,0.2
stage1a_single_agent_miniscule,1,1,9423,633,1,50,50,1,0,191.23878479003906,4.0,4.0,4.0,0.2222222222222222,0.0,0,0,0,16,13,13,0,1.0,0,0.0,0.0,0.0,0.0,0.0,0.0,0.0,0.0,0.0,0.0,0.0,0.0,0.0,0.0,0.0,0.0,0.0,0.0,0.25
stage1a_single_agent_miniscule,1,1,9427,634,1,50,50,1,0,191.49200439453125,4.0,4.0,4.0,0.1111111111111111,0.0,0,0,0,4,1,1,0,1.0,0,0.0,0.0,0.0,0.0,0.0,0.0,0.0,0.0,0.0,0.0,0.0,0.0,0.0,0.0,0.0,0.0,0.0,0.0,1.0
stage1a_single_agent_miniscule,1,1,9444,635,1,50,50,1,0,191.03932189941406,4.0,4.0,4.0,0.3333333333333333,0.0,0,0,0,17,13,13,0,1.0,0,0.0,0.0,0.0,0.0,0.0,0.0,0.0,0.0,0.0,0.0,0.0,0.0,0.0,0.0,0.0,0.0,0.0,0.0,0.23529411764705882
stage1a_single_agent_miniscule,1,1,9459,636,1,50,50,1,0,191.05433654785156,4.0,4.0,4.0,0.3333333333333333,0.0,0,0,0,15,11,11,0,1.0,0,0.0,0.0,0.0,0.0,0.0,0.0,0.0,0.0,0.0,0.0,0.0,0.0,0.0,0.0,0.0,0.0,0.0,0.0,0.26666666666666666
stage1b_single_agent_tiny,2,1,9518,637,1,75,75,1,0,191.55819702148438,4.0,4.0,4.0,0.375,0.0,0,0,0,46,8,10,2,1.0,1,0.08695652173913043,0.15217391304347827,0.021739130434782608,-0.30000000000000004,0.0,0.0,0.0,0.0,0.0,0.0,0.0,0.0,0.0,0.0,0.0,0.0,0.0,0.0,0.08695652173913043
stage1b_single_agent_tiny,2,1,9587,638,1,75,75,1,0,191.44024658203125,4.0,4.0,4.0,0.4375,0.0,0,0,0,69,6,9,3,1.0,0,0.0,0.043478260869565216,0.0,-0.12,0.0,0.0,0.0,0.0,0.0,0.0,0.0,0.0,0.0,0.0,0.0,0.0,0.0,0.0,0.057971014492753624
stage1b_single_agent_tiny,2,1,9633,639,1,75,75,1,0,191.66143798828125,4.0,4.0,4.0,0.375,0.0,0,0,0,46,28,28,0,1.0,0,0.0,0.0,0.0,0.0,0.0,0.0,0.0,0.0,0.0,0.0,0.0,0.0,0.0,0.0,0.0,0.0,0.0,0.0,0.08695652173913043
stage1b_single_agent_tiny,2,1,9701,640,1,75,75,1,0,191.1712646484375,4.0,4.0,4.0,0.5,0.0,0,0,0,68,2,4,2,1.0,1,0.04411764705882353,0.1323529411764706,0.04411764705882353,-0.42,0.0,0.0,0.0,0.0,0.0,0.0,0.0,0.0,0.0,0.0,0.0,0.0,0.0,0.0,0.058823529411764705
stage1b_single_agent_tiny,2,1,9748,641,1,75,75,1,0,191.79513549804688,4.0,4.0,4.0,0.4375,0.0,0,0,0,47,7,8,1,1.0,0,0.0,0.06382978723404255,0.0,-0.12,0.0,0.0,0.0,0.0,0.0,0.0,0.0,0.0,0.0,0.0,0.0,0.0,0.0,0.0,0.0851063829787234
stage1b_single_agent_tiny,2,1,9768,642,1,75,75,1,0,191.68270874023438,4.0,4.0,4.0,0.25,0.0,0,0,0,20,2,2,0,1.0,0,0.0,0.0,0.0,0.0,0.0,0.0,0.0,0.0,0.0,0.0,0.0,0.0,0.0,0.0,0.0,0.0,0.0,0.0,0.2
stage1b_single_agent_tiny,2,1,9782,643,1,75,75,1,0,192.21615600585938,4.0,4.0,4.0,0.1875,0.0,0,0,0,14,11,11,0,1.0,0,0.0,0.0,0.0,0.0,0.0,0.0,0.0,0.0,0.0,0.0,0.0,0.0,0.0,0.0,0.0,0.0,0.0,0.0,0.2857142857142857
stage1b_single_agent_tiny,2,1,9894,644,1,75,75,1,0,191.61245727539062,4.0,4.0,4.0,0.4375,0.0,0,0,0,112,16,16,0,1.0,0,0.0,0.0,0.0,0.0,0.0,0.0,0.0,0.0,0.0,0.0,0.0,0.0,0.0,0.0,0.0,0.0,0.0,0.0,0.03571428571428571
stage1b_single_agent_tiny,2,1,9925,645,1,75,75,1,0,191.19070434570312,4.0,4.0,4.0,0.25,0.0,0,0,0,31,3,9,6,1.0,1,0.16129032258064516,0.3548387096774194,0.06451612903225806,-0.48,0.0,0.0,0.0,0.0,0.0,0.0,0.0,0.0,0.0,0.0,0.0,0.0,0.0,0.0,0.12903225806451613
stage1b_single_agent_tiny,2,1,9986,646,1,75,75,1,0,189.9307861328125,4.0,4.0,4.0,0.4375,0.0,0,0,0,61,2,17,15,1.0,3,0.06557377049180328,0.3114754098360656,0.04918032786885246,-0.8200000000000001,0.0,0.0,0.0,0.0,0.0,0.0,0.0,0.0,0.0,0.0,0.0,0.0,0.0,0.0,0.06557377049180328
stage1b_single_agent_tiny,2,1,10009,647,1,75,75,1,0,191.60848999023438,4.0,4.0,4.0,0.25,0.0,0,0,0,23,5,7,2,1.0,0,0.0,0.08695652173913043,0.0,-0.08,0.0,0.0,0.0,0.0,0.0,0.0,0.0,0.0,0.0,0.0,0.0,0.0,0.0,0.0,0.17391304347826086
stage1b_single_agent_tiny,2,1,10065,648,1,75,75,1,0,191.29031372070312,4.0,4.0,4.0,0.25,0.0,0,0,0,56,15,25,10,1.0,1,0.017857142857142856,0.19642857142857142,0.017857142857142856,-0.4599999999999999,0.0,0.0,0.0,0.0,0.0,0.0,0.0,0.0,0.0,0.0,0.0,0.0,0.0,0.0,0.07142857142857142
stage1b_single_agent_tiny,2,1,10150,649,1,75,75,1,0,191.46109008789062,4.0,4.0,4.0,0.5625,0.0,0,0,0,85,2,4,2,1.0,1,0.011764705882352941,0.08235294117647059,0.011764705882352941,-0.30000000000000004,0.0,0.0,0.0,0.0,0.0,0.0,0.0,0.0,0.0,0.0,0.0,0.0,0.0,0.0,0.047058823529411764
stage1b_single_agent_tiny,2,1,10264,650,1,75,75,1,0,190.60365295410156,4.0,4.0,4.0,0.5625,0.0,0,0,0,114,26,29,3,1.0,3,0.09649122807017543,0.24561403508771928,0.05263157894736842,-1.2400000000000007,0.0,0.0,0.0,0.0,0.0,0.0,0.0,0.0,0.0,0.0,0.0,0.0,0.0,0.0,0.03508771929824561
stage1b_single_agent_tiny,2,1,10271,651,1,75,75,1,0,191.5008544921875,4.0,4.0,4.0,0.125,0.0,0,0,0,7,3,3,0,1.0,0,0.0,0.0,0.0,0.0,0.0,0.0,0.0,0.0,0.0,0.0,0.0,0.0,0.0,0.0,0.0,0.0,0.0,0.0,0.5714285714285714
stage1b_single_agent_tiny,2,1,10342,652,1,75,75,1,0,190.6630859375,4.0,4.0,4.0,0.4375,0.0,0,0,0,71,15,15,0,1.0,1,0.08450704225352113,0.19718309859154928,0.028169014084507043,-0.5999999999999999,0.0,0.0,0.0,0.0,0.0,0.0,0.0,0.0,0.0,0.0,0.0,0.0,0.0,0.0,0.056338028169014086
stage1b_single_agent_tiny,2,1,10378,653,1,75,75,1,0,191.62554931640625,4.0,4.0,4.0,0.4375,0.0,0,0,0,36,18,18,0,1.0,1,0.08333333333333333,0.19444444444444445,0.05555555555555555,-0.32,0.0,0.0,0.0,0.0,0.0,0.0,0.0,0.0,0.0,0.0,0.0,0.0,0.0,0.0,0.1111111111111111
stage1b_single_agent_tiny,2,1,10445,654,1,75,75,1,0,190.72406005859375,4.0,4.0,4.0,0.25,0.0,0,0,0,67,9,12,3,1.0,0,0.0,0.07462686567164178,0.0,-0.2,0.0,0.0,0.0,0.0,0.0,0.0,0.0,0.0,0.0,0.0,0.0,0.0,0.0,0.0,0.05970149253731343
stage1b_single_agent_tiny,2,1,10555,655,1,75,75,1,0,189.7159881591797,4.0,4.0,4.0,0.5625,0.0,0,0,0,110,3,9,6,1.0,6,0.2,0.37272727272727274,0.07272727272727272,-1.800000000000001,0.0,0.0,0.0,0.0,0.0,0.0,0.0,0.0,0.0,0.0,0.0,0.0,0.0,0.0,0.03636363636363636
stage1b_single_agent_tiny,2,1,10650,656,1,75,75,1,0,191.2713623046875,4.0,4.0,4.0,0.4375,0.0,0,0,0,95,5,7,2,1.0,2,0.10526315789473684,0.18947368421052632,0.042105263157894736,-0.8,0.0,0.0,0.0,0.0,0.0,0.0,0.0,0.0,0.0,0.0,0.0,0.0,0.0,0.0,0.042105263157894736
stage1b_single_agent_tiny,2,1,10694,657,1,75,75,1,0,190.27621459960938,4.0,4.0,4.0,0.3125,0.0,0,0,0,44,2,3,1,1.0,0,0.0,0.0,0.0,0.0,0.0,0.0,0.0,0.0,0.0,0.0,0.0,0.0,0.0,0.0,0.0,0.0,0.0,0.0,0.09090909090909091
stage1b_single_agent_tiny,2,1,10796,658,1,75,75,1,0,189.29315185546875,4.0,4.0,4.0,0.5,0.0,0,0,0,102,2,9,7,1.0,5,0.1568627450980392,0.37254901960784315,0.0784313725490196,-1.6800000000000008,0.0,0.0,0.0,0.0,0.0,0.0,0.0,0.0,0.0,0.0,0.0,0.0,0.0,0.0,0.0392156862745098
stage1b_single_agent_tiny,2,1,10895,659,1,75,75,1,0,191.2728271484375,4.0,4.0,4.0,0.5,0.0,0,0,0,99,16,16,0,1.0,1,0.0707070707070707,0.13131313131313133,0.020202020202020204,-0.5599999999999999,0.0,0.0,0.0,0.0,0.0,0.0,0.0,0.0,0.0,0.0,0.0,0.0,0.0,0.0,0.04040404040404041
stage1b_single_agent_tiny,2,1,10933,660,1,75,75,1,0,191.66439819335938,4.0,4.0,4.0,0.3125,0.0,0,0,0,38,2,4,2,1.0,1,0.18421052631578946,0.2631578947368421,0.05263157894736842,-0.43999999999999995,0.0,0.0,0.0,0.0,0.0,0.0,0.0,0.0,0.0,0.0,0.0,0.0,0.0,0.0,0.10526315789473684
stage1b_single_agent_tiny,2,1,10939,661,1,75,75,1,0,191.75650024414062,4.0,4.0,4.0,0.1875,0.0,0,0,0,6,3,3,0,1.0,0,0.0,0.0,0.0,0.0,0.0,0.0,0.0,0.0,0.0,0.0,0.0,0.0,0.0,0.0,0.0,0.0,0.0,0.0,0.6666666666666666
stage1b_single_agent_tiny,2,1,11010,662,1,75,75,1,0,190.08053588867188,4.0,4.0,4.0,0.3125,0.0,0,0,0,71,1,9,8,1.0,6,0.18309859154929578,0.43661971830985913,0.08450704225352113,-1.3600000000000005,0.0,0.0,0.0,0.0,0.0,0.0,0.0,0.0,0.0,0.0,0.0,0.0,0.0,0.0,0.056338028169014086
stage1b_single_agent_tiny,2,1,11090,663,1,75,75,1,0,190.55447387695312,4.0,4.0,4.0,0.5,0.0,0,0,0,80,2,13,11,1.0,3,0.2375,0.3875,0.075,-1.3600000000000005,0.0,0.0,0.0,0.0,0.0,0.0,0.0,0.0,0.0,0.0,0.0,0.0,0.0,0.0,0.05
stage1b_single_agent_tiny,2,1,11125,664,1,75,75,1,0,190.65701293945312,4.0,4.0,4.0,0.1875,0.0,0,0,0,35,21,27,6,1.0,0,0.0,0.14285714285714285,0.0,-0.2,0.0,0.0,0.0,0.0,0.0,0.0,0.0,0.0,0.0,0.0,0.0,0.0,0.0,0.0,0.11428571428571428
stage1b_single_agent_tiny,2,1,11156,665,1,75,75,1,0,191.07510375976562,4.0,4.0,4.0,0.1875,0.0,0,0,0,31,6,10,4,1.0,0,0.0,0.06451612903225806,0.0,-0.08,0.0,0.0,0.0,0.0,0.0,0.0,0.0,0.0,0.0,0.0,0.0,0.0,0.0,0.0,0.12903225806451613
stage1b_single_agent_tiny,2,1,11276,666,1,75,75,1,0,143.2640380859375,3.0,3.0,3.0,0.5625,0.0,0,0,1,120,7,8,1,1.0,1,0.008333333333333333,0.058333333333333334,0.0,-0.28,0.0,0.0,0.0,0.0,0.0,0.0,0.0,0.0,0.0,0.0,0.0,0.0,0.0,0.0,0.025
stage1b_single_agent_tiny,2,1,11295,667,1,75,75,1,0,191.85726928710938,4.0,4.0,4.0,0.1875,0.0,0,0,0,19,6,7,1,1.0,0,0.0,0.10526315789473684,0.0,-0.08,0.0,0.0,0.0,0.0,0.0,0.0,0.0,0.0,0.0,0.0,0.0,0.0,0.0,0.0,0.21052631578947367
stage1b_single_agent_tiny,2,1,11352,668,1,75,75,1,0,191.40380859375,4.0,4.0,4.0,0.375,0.0,0,0,0,57,5,6,1,1.0,2,0.15789473684210525,0.3157894736842105,0.07017543859649122,-0.8,0.0,0.0,0.0,0.0,0.0,0.0,0.0,0.0,0.0,0.0,0.0,0.0,0.0,0.0,0.07017543859649122
stage1b_single_agent_tiny,2,1,11410,669,1,75,75,1,0,190.23611450195312,4.0,4.0,4.0,0.25,0.0,0,0,0,58,3,18,15,1.0,2,0.1724137931034483,0.3620689655172414,0.08620689655172414,-0.9400000000000002,0.0,0.0,0.0,0.0,0.0,0.0,0.0,0.0,0.0,0.0,0.0,0.0,0.0,0.0,0.06896551724137931
stage1b_single_agent_tiny,2,1,11444,670,1,75,75,1,0,191.92599487304688,4.0,4.0,4.0,0.375,0.0,0,0,0,34,2,4,2,1.0,0,0.0,0.0,0.0,0.0,0.0,0.0,0.0,0.0,0.0,0.0,0.0,0.0,0.0,0.0,0.0,0.0,0.0,0.0,0.11764705882352941
stage1b_single_agent_tiny,2,1,11495,671,1,75,75,1,0,190.72755432128906,4.0,4.0,4.0,0.4375,0.0,0,0,0,51,2,9,7,1.0,2,0.19607843137254902,0.35294117647058826,0.0392156862745098,-0.7600000000000001,0.0,0.0,0.0,0.0,0.0,0.0,0.0,0.0,0.0,0.0,0.0,0.0,0.0,0.0,0.0784313725490196
stage1b_single_agent_tiny,2,1,11560,672,1,75,75,1,0,190.2947998046875,4.0,4.0,4.0,0.375,0.0,0,0,0,65,6,17,11,1.0,3,0.16923076923076924,0.36923076923076925,0.06153846153846154,-1.0400000000000003,0.0,0.0,0.0,0.0,0.0,0.0,0.0,0.0,0.0,0.0,0.0,0.0,0.0,0.0,0.06153846153846154
stage1b_single_agent_tiny,2,1,11627,673,1,75,75,1,0,191.63790893554688,4.0,4.0,4.0,0.5,0.0,0,0,0,67,7,9,2,1.0,2,0.1044776119402985,0.23880597014925373,0.05970149253731343,-0.72,0.0,0.0,0.0,0.0,0.0,0.0,0.0,0.0,0.0,0.0,0.0,0.0,0.0,0.0,0.05970149253731343
stage1b_single_agent_tiny,2,1,11644,674,1,75,75,1,0,191.83926391601562,4.0,4.0,4.0,0.25,0.0,0,0,0,17,11,11,0,1.0,0,0.0,0.11764705882352941,0.058823529411764705,-0.1,0.0,0.0,0.0,0.0,0.0,0.0,0.0,0.0,0.0,0.0,0.0,0.0,0.0,0.0,0.23529411764705882
stage1b_single_agent_tiny,2,1,11678,675,1,75,75,1,0,191.36276245117188,4.0,4.0,4.0,0.375,0.0,0,0,0,34,2,10,8,1.0,2,0.17647058823529413,0.35294117647058826,0.08823529411764706,-0.5399999999999999,0.0,0.0,0.0,0.0,0.0,0.0,0.0,0.0,0.0,0.0,0.0,0.0,0.0,0.0,0.11764705882352941
stage1b_single_agent_tiny,2,1,11731,676,1,75,75,1,0,191.4913330078125,4.0,4.0,4.0,0.375,0.0,0,0,0,53,2,4,2,1.0,0,0.0,0.11320754716981132,0.018867924528301886,-0.26,0.0,0.0,0.0,0.0,0.0,0.0,0.0,0.0,0.0,0.0,0.0,0.0,0.0,0.0,0.07547169811320754
stage1b_single_agent_tiny,2,1,11783,677,1,75,75,1,0,191.32861328125,4.0,4.0,4.0,0.3125,0.0,0,0,0,52,17,17,0,1.0,1,0.019230769230769232,0.1346153846153846,0.038461538461538464,-0.32,0.0,0.0,0.0,0.0,0.0,0.0,0.0,0.0,0.0,0.0,0.0,0.0,0.0,0.0,0.07692307692307693
stage1b_single_agent_tiny,2,1,11856,678,1,75,75,1,0,191.84445190429688,4.0,4.0,4.0,0.4375,0.0,0,0,0,73,2,4,2,1.0,1,0.0821917808219178,0.1643835616438356,0.0410958904109589,-0.5399999999999999,0.0,0.0,0.0,0.0,0.0,0.0,0.0,0.0,0.0,0.0,0.0,0.0,0.0,0.0,0.0547945205479452
stage1b_single_agent_tiny,2,1,11884,679,1,75,75,1,0,191.9632568359375,4.0,4.0,4.0,0.25,0.0,0,0,0,28,2,3,1,1.0,1,0.25,0.35714285714285715,0.07142857142857142,-0.43999999999999995,0.0,0.0,0.0,0.0,0.0,0.0,0.0,0.0,0.0,0.0,0.0,0.0,0.0,0.0,0.14285714285714285
stage1b_single_agent_tiny,2,1,11915,680,1,75,75,1,0,192.13406372070312,4.0,4.0,4.0,0.3125,0.0,0,0,0,31,7,8,1,1.0,0,0.0,0.0,0.0,0.0,0.0,0.0,0.0,0.0,0.0,0.0,0.0,0.0,0.0,0.0,0.0,0.0,0.0,0.0,0.12903225806451613
stage1b_single_agent_tiny,2,1,11936,681,1,75,75,1,0,191.51287841796875,4.0,4.0,4.0,0.125,0.0,0,0,0,21,15,15,0,1.0,0,0.0,0.09523809523809523,0.047619047619047616,-0.1,0.0,0.0,0.0,0.0,0.0,0.0,0.0,0.0,0.0,0.0,0.0,0.0,0.0,0.0,0.19047619047619047
stage1b_single_agent_tiny,2,1,11995,682,1,75,75,1,0,191.79759216308594,4.0,4.0,4.0,0.4375,0.0,0,0,0,59,10,12,2,1.0,2,0.13559322033898305,0.23728813559322035,0.05084745762711865,-0.6199999999999999,0.0,0.0,0.0,0.0,0.0,0.0,0.0,0.0,0.0,0.0,0.0,0.0,0.0,0.0,0.06779661016949153
stage1b_single_agent_tiny,2,1,12048,683,1,75,75,1,0,192.70375061035156,4.0,4.0,4.0,0.4375,0.0,0,0,0,53,5,6,1,1.0,0,0.0,0.03773584905660377,0.0,-0.08,0.0,0.0,0.0,0.0,0.0,0.0,0.0,0.0,0.0,0.0,0.0,0.0,0.0,0.0,0.07547169811320754
stage1b_single_agent_tiny,2,1,12054,684,1,75,75,1,0,192.229736328125,4.0,4.0,4.0,0.125,0.0,0,0,0,6,1,3,2,1.0,0,0.0,0.0,0.0,0.0,0.0,0.0,0.0,0.0,0.0,0.0,0.0,0.0,0.0,0.0,0.0,0.0,0.0,0.0,0.6666666666666666
stage1b_single_agent_tiny,2,1,12115,685,1,75,75,1,0,191.54299926757812,4.0,4.0,4.0,0.3125,0.0,0,0,0,61,7,13,6,1.0,1,0.01639344262295082,0.16393442622950818,0.03278688524590164,-0.44,0.0,0.0,0.0,0.0,0.0,0.0,0.0,0.0,0.0,0.0,0.0,0.0,0.0,0.0,0.06557377049180328
stage1b_single_agent_tiny,2,1,12132,686,1,75,75,1,0,191.84539794921875,4.0,4.0,4.0,0.125,0.0,0,0,0,17,6,6,0,1.0,1,0.23529411764705882,0.4117647058823529,0.11764705882352941,-0.32,0.0,0.0,0.0,0.0,0.0,0.0,0.0,0.0,0.0,0.0,0.0,0.0,0.0,0.0,0.23529411764705882
stage1b_single_agent_tiny,2,1,12201,687,1,75,75,1,0,191.34222412109375,4.0,4.0,4.0,0.4375,0.0,0,0,0,69,12,15,3,1.0,2,0.043478260869565216,0.18840579710144928,0.07246376811594203,-0.6199999999999999,0.0,0.0,0.0,0.0,0.0,0.0,0.0,0.0,0.0,0.0,0.0,0.0,0.0,0.0,0.057971014492753624
stage1b_single_agent_tiny,2,1,12281,688,1,75,75,1,0,190.88430786132812,4.0,4.0,4.0,0.375,0.0,0,0,0,80,17,17,0,1.0,1,0.0125,0.1375,0.025,-0.4799999999999999,0.0,0.0,0.0,0.0,0.0,0.0,0.0,0.0,0.0,0.0,0.0,0.0,0.0,0.0,0.05
stage1b_single_agent_tiny,2,1,12343,689,1,75,75,1,0,190.42092895507812,4.0,4.0,4.0,0.375,0.0,0,0,0,62,6,10,4,1.0,0,0.0,0.016129032258064516,0.0,-0.04,0.0,0.0,0.0,0.0,0.0,0.0,0.0,0.0,0.0,0.0,0.0,0.0,0.0,0.0,0.06451612903225806
stage1b_single_agent_tiny,2,1,12374,690,1,75,75,1,0,191.80862426757812,4.0,4.0,4.0,0.25,0.0,0,0,0,31,2,3,1,1.0,1,0.03225806451612903,0.22580645161290322,0.03225806451612903,-0.3,0.0,0.0,0.0,0.0,0.0,0.0,0.0,0.0,0.0,0.0,0.0,0.0,0.0,0.0,0.12903225806451613
stage1b_single_agent_tiny,2,1,12386,691,1,75,75,1,0,191.6151580810547,4.0,4.0,4.0,0.3125,0.0,0,0,0,12,3,4,1,1.0,0,0.0,0.25,0.08333333333333333,-0.14,0.0,0.0,0.0,0.0,0.0,0.0,0.0,0.0,0.0,0.0,0.0,0.0,0.0,0.0,0.3333333333333333
stage1b_single_agent_tiny,2,1,12397,692,1,75,75,1,0,191.96218872070312,4.0,4.0,4.0,0.1875,0.0,0,0,0,11,6,8,2,1.0,0,0.0,0.0,0.0,0.0,0.0,0.0,0.0,0.0,0.0,0.0,0.0,0.0,0.0,0.0,0.0,0.0,0.0,0.0,0.36363636363636365
stage1b_single_agent_tiny,2,1,12506,693,1,75,75,1,0,189.47738647460938,4.0,4.0,4.0,0.5625,0.0,0,0,0,109,1,26,25,1.0,6,0.21100917431192662,0.3944954128440367,0.11009174311926606,-1.960000000000001,0.0,0.0,0.0,0.0,0.0,0.0,0.0,0.0,0.0,0.0,0.0,0.0,0.0,0.0,0.03669724770642202
stage1b_single_agent_tiny,2,1,12519,694,1,75,75,1,0,191.72731018066406,4.0,4.0,4.0,0.1875,0.0,0,0,0,13,6,7,1,1.0,0,0.0,0.0,0.0,0.0,0.0,0.0,0.0,0.0,0.0,0.0,0.0,0.0,0.0,0.0,0.0,0.0,0.0,0.0,0.3076923076923077
stage1b_single_agent_tiny,2,1,12586,695,1,75,75,1,0,189.85400390625,4.0,4.0,4.0,0.375,0.0,0,0,0,67,3,3,0,1.0,6,0.16417910447761194,0.4626865671641791,0.1791044776119403,-1.4800000000000006,0.0,0.0,0.0,0.0,0.0,0.0,0.0,0.0,0.0,0.0,0.0,0.0,0.0,0.0,0.05970149253731343
stage1b_single_agent_tiny,2,1,12678,696,1,75,75,1,0,188.57147216796875,4.0,4.0,4.0,0.25,0.0,0,0,0,92,16,16,0,1.0,5,0.18478260869565216,0.44565217391304346,0.11956521739130435,-1.860000000000001,0.0,0.0,0.0,0.0,0.0,0.0,0.0,0.0,0.0,0.0,0.0,0.0,0.0,0.0,0.043478260869565216
stage1b_single_agent_tiny,2,1,12694,697,1,75,75,1,0,191.90414428710938,4.0,4.0,4.0,0.125,0.0,0,0,0,16,2,4,2,1.0,0,0.0,0.0,0.0,0.0,0.0,0.0,0.0,0.0,0.0,0.0,0.0,0.0,0.0,0.0,0.0,0.0,0.0,0.0,0.25
stage1b_single_agent_tiny,2,1,12768,698,1,75,75,1,0,190.6531219482422,4.0,4.0,4.0,0.3125,0.0,0,0,0,74,2,9,7,1.0,3,0.13513513513513514,0.33783783783783783,0.10810810810810811,-1.1600000000000004,0.0,0.0,0.0,0.0,0.0,0.0,0.0,0.0,0.0,0.0,0.0,0.0,0.0,0.0,0.05405405405405406
stage1b_single_agent_tiny,2,1,12785,699,1,75,75,1,0,191.78062438964844,4.0,4.0,4.0,0.25,0.0,0,0,0,17,2,9,7,1.0,1,0.058823529411764705,0.23529411764705882,0.058823529411764705,-0.18,0.0,0.0,0.0,0.0,0.0,0.0,0.0,0.0,0.0,0.0,0.0,0.0,0.0,0.0,0.23529411764705882
stage1b_single_agent_tiny,2,1,12897,700,1,75,75,1,0,189.91226196289062,4.0,4.0,4.0,0.5625,0.0,0,0,0,112,19,38,19,1.0,5,0.15178571428571427,0.29464285714285715,0.0625,-1.4600000000000006,0.0,0.0,0.0,0.0,0.0,0.0,0.0,0.0,0.0,0.0,0.0,0.0,0.0,0.0,0.03571428571428571
stage1b_single_agent_tiny,2,1,12982,701,1,75,75,1,0,192.08932495117188,4.0,4.0,4.0,0.5625,0.0,0,0,0,85,7,18,11,1.0,2,0.11764705882352941,0.18823529411764706,0.047058823529411764,-0.72,0.0,0.0,0.0,0.0,0.0,0.0,0.0,0.0,0.0,0.0,0.0,0.0,0.0,0.0,0.047058823529411764
stage1b_single_agent_tiny,2,1,13044,702,1,75,75,1,0,191.22265625,4.0,4.0,4.0,0.3125,0.0,0,0,0,62,10,10,0,1.0,2,0.11290322580645161,0.20967741935483872,0.11290322580645161,-0.6599999999999999,0.0,0.0,0.0,0.0,0.0,0.0,0.0,0.0,0.0,0.0,0.0,0.0,0.0,0.0,0.06451612903225806
stage1b_single_agent_tiny,2,1,13067,703,1,75,75,1,0,192.06430053710938,4.0,4.0,4.0,0.125,0.0,0,0,0,23,7,7,0,1.0,0,0.0,0.0,0.0,0.0,0.0,0.0,0.0,0.0,0.0,0.0,0.0,0.0,0.0,0.0,0.0,0.0,0.0,0.0,0.17391304347826086
stage1b_single_agent_tiny,2,1,13141,704,1,75,75,1,0,190.38455200195312,4.0,4.0,4.0,0.3125,0.0,0,0,0,74,6,28,22,1.0,2,0.12162162162162163,0.28378378378378377,0.06756756756756757,-0.9400000000000002,0.0,0.0,0.0,0.0,0.0,0.0,0.0,0.0,0.0,0.0,0.0,0.0,0.0,0.0,0.05405405405405406
stage1b_single_agent_tiny,2,1,13168,705,1,75,75,1,0,191.418212890625,4.0,4.0,4.0,0.1875,0.0,0,0,0,27,7,8,1,1.0,0,0.0,0.18518518518518517,0.07407407407407407,-0.24000000000000002,0.0,0.0,0.0,0.0,0.0,0.0,0.0,0.0,0.0,0.0,0.0,0.0,0.0,0.0,0.14814814814814814
stage1b_single_agent_tiny,2,1,13240,706,1,75,75,1,0,190.90533447265625,4.0,4.0,4.0,0.5,0.0,0,0,0,72,3,4,1,1.0,3,0.08333333333333333,0.25,0.06944444444444445,-0.8200000000000003,0.0,0.0,0.0,0.0,0.0,0.0,0.0,0.0,0.0,0.0,0.0,0.0,0.0,0.0,0.05555555555555555
stage1b_single_agent_tiny,2,1,13245,707,1,75,75,1,0,191.7750244140625,4.0,4.0,4.0,0.1875,0.0,0,0,0,5,2,2,0,1.0,0,0.0,0.0,0.0,0.0,0.0,0.0,0.0,0.0,0.0,0.0,0.0,0.0,0.0,0.0,0.0,0.0,0.0,0.0,0.8
stage1b_single_agent_tiny,2,1,13255,708,1,75,75,1,0,191.97801208496094,4.0,4.0,4.0,0.125,0.0,0,0,0,10,5,7,2,1.0,0,0.0,0.0,0.0,0.0,0.0,0.0,0.0,0.0,0.0,0.0,0.0,0.0,0.0,0.0,0.0,0.0,0.0,0.0,0.4
stage1b_single_agent_tiny,2,1,13274,709,1,75,75,1,0,192.07730102539062,4.0,4.0,4.0,0.25,0.0,0,0,0,19,10,12,2,1.0,0,0.0,0.10526315789473684,0.05263157894736842,-0.1,0.0,0.0,0.0,0.0,0.0,0.0,0.0,0.0,0.0,0.0,0.0,0.0,0.0,0.0,0.21052631578947367
stage1b_single_agent_tiny,2,1,13312,710,1,75,75,1,0,191.3692169189453,4.0,4.0,4.0,0.1875,0.0,0,0,0,38,2,6,4,1.0,3,0.10526315789473684,0.39473684210526316,0.10526315789473684,-0.6800000000000002,0.0,0.0,0.0,0.0,0.0,0.0,0.0,0.0,0.0,0.0,0.0,0.0,0.0,0.0,0.10526315789473684
stage1b_single_agent_tiny,2,1,13356,711,1,75,75,1,0,190.88601684570312,4.0,4.0,4.0,0.25,0.0,0,0,0,44,7,8,1,1.0,1,0.045454545454545456,0.20454545454545456,0.022727272727272728,-0.37999999999999995,0.0,0.0,0.0,0.0,0.0,0.0,0.0,0.0,0.0,0.0,0.0,0.0,0.0,0.0,0.09090909090909091
stage1b_single_agent_tiny,2,1,13421,712,1,75,75,1,0,192.85247802734375,4.0,4.0,4.0,0.4375,0.0,0,0,0,65,34,41,7,1.0,0,0.0,0.046153846153846156,0.015384615384615385,-0.14,0.0,0.0,0.0,0.0,0.0,0.0,0.0,0.0,0.0,0.0,0.0,0.0,0.0,0.0,0.06153846153846154
stage1b_single_agent_tiny,2,1,13444,713,1,75,75,1,0,191.61032104492188,4.0,4.0,4.0,0.125,0.0,0,0,0,23,19,19,0,1.0,0,0.0,0.0,0.0,0.0,0.0,0.0,0.0,0.0,0.0,0.0,0.0,0.0,0.0,0.0,0.0,0.0,0.0,0.0,0.17391304347826086
stage1b_single_agent_tiny,2,1,13499,714,1,75,75,1,0,190.75103759765625,4.0,4.0,4.0,0.1875,0.0,0,0,0,55,2,8,6,1.0,2,0.07272727272727272,0.2727272727272727,0.07272727272727272,-0.6800000000000002,0.0,0.0,0.0,0.0,0.0,0.0,0.0,0.0,0.0,0.0,0.0,0.0,0.0,0.0,0.07272727272727272
stage1b_single_agent_tiny,2,1,13514,715,1,75,75,1,0,191.54806518554688,4.0,4.0,4.0,0.25,0.0,0,0,0,15,3,5,2,1.0,0,0.0,0.2,0.06666666666666667,-0.14,0.0,0.0,0.0,0.0,0.0,0.0,0.0,0.0,0.0,0.0,0.0,0.0,0.0,0.0,0.26666666666666666
stage1b_single_agent_tiny,2,1,13539,716,1,75,75,1,0,191.9052734375,4.0,4.0,4.0,0.25,0.0,0,0,0,25,6,8,2,1.0,0,0.0,0.0,0.0,0.0,0.0,0.0,0.0,0.0,0.0,0.0,0.0,0.0,0.0,0.0,0.0,0.0,0.0,0.0,0.16
stage1b_single_agent_tiny,2,1,13624,717,1,75,75,1,0,190.70367431640625,4.0,4.0,4.0,0.375,0.0,0,0,0,85,18,32,14,1.0,3,0.08235294117647059,0.2823529411764706,0.07058823529411765,-1.0800000000000003,0.0,0.0,0.0,0.0,0.0,0.0,0.0,0.0,0.0,0.0,0.0,0.0,0.0,0.0,0.047058823529411764
stage1b_single_agent_tiny,2,1,13704,718,1,75,75,1,0,188.37960815429688,4.0,4.0,4.0,0.5,0.0,0,0,0,80,2,26,24,1.0,5,0.225,0.4875,0.05,-1.6400000000000008,0.0,0.0,0.0,0.0,0.0,0.0,0.0,0.0,0.0,0.0,0.0,0.0,0.0,0.0,0.05
stage1b_single_agent_tiny,2,1,13758,719,1,75,75,1,0,189.97372436523438,4.0,4.0,4.0,0.25,0.0,0,0,0,54,18,22,4,1.0,2,0.037037037037037035,0.2037037037037037,0.05555555555555555,-0.49999999999999994,0.0,0.0,0.0,0.0,0.0,0.0,0.0,0.0,0.0,0.0,0.0,0.0,0.0,0.0,0.07407407407407407
stage1b_single_agent_tiny,2,1,13797,720,1,75,75,1,0,191.58743286132812,4.0,4.0,4.0,0.375,0.0,0,0,0,39,4,11,7,1.0,0,0.0,0.28205128205128205,0.05128205128205128,-0.48,0.0,0.0,0.0,0.0,0.0,0.0,0.0,0.0,0.0,0.0,0.0,0.0,0.0,0.0,0.10256410256410256
stage1b_single_agent_tiny,2,1,13809,721,1,75,75,1,0,191.71514892578125,4.0,4.0,4.0,0.125,0.0,0,0,0,12,7,9,2,1.0,0,0.0,0.0,0.0,0.0,0.0,0.0,0.0,0.0,0.0,0.0,0.0,0.0,0.0,0.0,0.0,0.0,0.0,0.0,0.3333333333333333
stage1b_single_agent_tiny,2,1,13860,722,1,75,75,1,0,191.67428588867188,4.0,4.0,4.0,0.375,0.0,0,0,0,51,6,11,5,1.0,0,0.0,0.0392156862745098,0.0,-0.08,0.0,0.0,0.0,0.0,0.0,0.0,0.0,0.0,0.0,0.0,0.0,0.0,0.0,0.0,0.0784313725490196
stage1b_single_agent_tiny,2,1,13866,723,1,75,75,1,0,191.96768188476562,4.0,4.0,4.0,0.0625,0.0,0,0,0,6,2,3,1,1.0,0,0.0,0.0,0.0,0.0,0.0,0.0,0.0,0.0,0.0,0.0,0.0,0.0,0.0,0.0,0.0,0.0,0.0,0.0,0.6666666666666666
stage1b_single_agent_tiny,2,1,13962,724,1,75,75,1,0,191.92208862304688,4.0,4.0,4.0,0.5,0.0,0,0,0,96,2,9,7,1.0,2,0.052083333333333336,0.13541666666666666,0.020833333333333332,-0.56,0.0,0.0,0.0,0.0,0.0,0.0,0.0,0.0,0.0,0.0,0.0,0.0,0.0,0.0,0.041666666666666664
stage1b_single_agent_tiny,2,1,13985,725,1,75,75,1,0,192.18984985351562,4.0,4.0,4.0,0.3125,0.0,0,0,0,23,20,20,0,1.0,0,0.0,0.0,0.0,0.0,0.0,0.0,0.0,0.0,0.0,0.0,0.0,0.0,0.0,0.0,0.0,0.0,0.0,0.0,0.17391304347826086
stage1b_single_agent_tiny,2,1,14019,726,1,75,75,1,0,192.61257934570312,4.0,4.0,4.0,0.25,0.0,0,0,0,34,18,18,0,1.0,0,0.0,0.0,0.0,0.0,0.0,0.0,0.0,0.0,0.0,0.0,0.0,0.0,0.0,0.0,0.0,0.0,0.0,0.0,0.11764705882352941
stage1b_single_agent_tiny,2,1,14094,727,1,75,75,1,0,191.84835815429688,4.0,4.0,4.0,0.5,0.0,0,0,0,75,2,11,9,1.0,2,0.04,0.16,0.04,-0.5399999999999999,0.0,0.0,0.0,0.0,0.0,0.0,0.0,0.0,0.0,0.0,0.0,0.0,0.0,0.0,0.05333333333333334
stage1b_single_agent_tiny,2,1,14141,728,1,75,75,1,0,191.34913635253906,4.0,4.0,4.0,0.375,0.0,0,0,0,47,3,7,4,1.0,1,0.02127659574468085,0.23404255319148937,0.06382978723404255,-0.5,0.0,0.0,0.0,0.0,0.0,0.0,0.0,0.0,0.0,0.0,0.0,0.0,0.0,0.0,0.0851063829787234
stage1b_single_agent_tiny,2,1,14149,729,1,75,75,1,0,191.98486328125,4.0,4.0,4.0,0.1875,0.0,0,0,0,8,2,5,3,1.0,0,0.0,0.0,0.0,0.0,0.0,0.0,0.0,0.0,0.0,0.0,0.0,0.0,0.0,0.0,0.0,0.0,0.0,0.0,0.5
stage1b_single_agent_tiny,2,1,14178,730,1,75,75,1,0,191.05677795410156,4.0,4.0,4.0,0.25,0.0,0,0,0,29,16,16,0,1.0,1,0.13793103448275862,0.2413793103448276,0.06896551724137931,-0.32,0.0,0.0,0.0,0.0,0.0,0.0,0.0,0.0,0.0,0.0,0.0,0.0,0.0,0.0,0.13793103448275862
stage1b_single_agent_tiny,2,1,14239,731,1,75,75,1,0,190.52044677734375,4.0,4.0,4.0,0.3125,0.0,0,0,0,61,4,9,5,1.0,0,0.0,0.16393442622950818,0.03278688524590164,-0.43999999999999995,0.0,0.0,0.0,0.0,0.0,0.0,0.0,0.0,0.0,0.0,0.0,0.0,0.0,0.0,0.06557377049180328
stage1b_single_agent_tiny,2,1,14273,732,1,75,75,1,0,190.92657470703125,4.0,4.0,4.0,0.25,0.0,0,0,0,34,6,10,4,1.0,1,0.11764705882352941,0.29411764705882354,0.058823529411764705,-0.43999999999999995,0.0,0.0,0.0,0.0,0.0,0.0,0.0,0.0,0.0,0.0,0.0,0.0,0.0,0.0,0.11764705882352941
stage1b_single_agent_tiny,2,1,14323,733,1,75,75,1,0,191.3701171875,4.0,4.0,4.0,0.3125,0.0,0,0,0,50,8,17,9,1.0,2,0.08,0.28,0.06,-0.6199999999999999,0.0,0.0,0.0,0.0,0.0,0.0,0.0,0.0,0.0,0.0,0.0,0.0,0.0,0.0,0.08
stage1b_single_agent_tiny,2,1,14370,734,1,75,75,1,0,191.6221923828125,4.0,4.0,4.0,0.375,0.0,0,0,0,47,2,8,6,1.0,1,0.10638297872340426,0.23404255319148937,0.06382978723404255,-0.49999999999999994,0.0,0.0,0.0,0.0,0.0,0.0,0.0,0.0,0.0,0.0,0.0,0.0,0.0,0.0,0.0851063829787234
stage1b_single_agent_tiny,2,1,14399,735,1,75,75,1,0,191.86270141601562,4.0,4.0,4.0,0.375,0.0,0,0,0,29,2,9,7,1.0,0,0.0,0.06896551724137931,0.0,-0.08,0.0,0.0,0.0,0.0,0.0,0.0,0.0,0.0,0.0,0.0,0.0,0.0,0.0,0.0,0.13793103448275862
stage1b_single_agent_tiny,2,1,14446,736,1,75,75,1,0,190.64846801757812,4.0,4.0,4.0,0.3125,0.0,0,0,0,47,3,10,7,1.0,2,0.1702127659574468,0.3191489361702128,0.0851063829787234,-0.6800000000000002,0.0,0.0,0.0,0.0,0.0,0.0,0.0,0.0,0.0,0.0,0.0,0.0,0.0,0.0,0.0851063829787234
stage1b_single_agent_tiny,2,1,14487,737,1,75,75,1,0,191.6082763671875,4.0,4.0,4.0,0.3125,0.0,0,0,0,41,4,7,3,1.0,1,0.14634146341463414,0.24390243902439024,0.07317073170731707,-0.45999999999999996,0.0,0.0,0.0,0.0,0.0,0.0,0.0,0.0,0.0,0.0,0.0,0.0,0.0,0.0,0.0975609756097561
stage1b_single_agent_tiny,2,1,14524,738,1,75,75,1,0,191.52182006835938,4.0,4.0,4.0,0.375,0.0,0,0,0,37,4,11,7,1.0,1,0.02702702702702703,0.1891891891891892,0.05405405405405406,-0.32,0.0,0.0,0.0,0.0,0.0,0.0,0.0,0.0,0.0,0.0,0.0,0.0,0.0,0.0,0.10810810810810811
stage1b_single_agent_tiny,2,1,14623,739,1,75,75,1,0,191.21322631835938,4.0,4.0,4.0,0.5,0.0,0,0,0,99,2,9,7,1.0,2,0.06060606060606061,0.15151515151515152,0.020202020202020204,-0.6399999999999999,0.0,0.0,0.0,0.0,0.0,0.0,0.0,0.0,0.0,0.0,0.0,0.0,0.0,0.0,0.04040404040404041
stage1b_single_agent_tiny,2,1,14630,740,1,75,75,1,0,191.75665283203125,4.0,4.0,4.0,0.1875,0.0,0,0,0,7,3,4,1,1.0,0,0.0,0.0,0.0,0.0,0.0,0.0,0.0,0.0,0.0,0.0,0.0,0.0,0.0,0.0,0.0,0.0,0.0,0.0,0.5714285714285714
stage1b_single_agent_tiny,2,1,14714,741,1,75,75,1,0,190.35296630859375,4.0,4.0,4.0,0.375,0.0,0,0,0,84,17,28,11,1.0,3,0.03571428571428571,0.2619047619047619,0.05952380952380952,-0.9800000000000002,0.0,0.0,0.0,0.0,0.0,0.0,0.0,0.0,0.0,0.0,0.0,0.0,0.0,0.0,0.047619047619047616
stage1b_single_agent_tiny,2,1,14814,742,1,75,75,1,0,189.66552734375,4.0,4.0,4.0,0.4375,0.0,0,0,0,100,24,36,12,1.0,3,0.09,0.29,0.07,-1.3000000000000005,0.0,0.0,0.0,0.0,0.0,0.0,0.0,0.0,0.0,0.0,0.0,0.0,0.0,0.0,0.04
stage1b_single_agent_tiny,2,1,14893,743,1,75,75,1,0,191.03463745117188,4.0,4.0,4.0,0.25,0.0,0,0,0,79,4,9,5,1.0,3,0.05063291139240506,0.22784810126582278,0.05063291139240506,-0.8000000000000003,0.0,0.0,0.0,0.0,0.0,0.0,0.0,0.0,0.0,0.0,0.0,0.0,0.0,0.0,0.05063291139240506
stage1b_single_agent_tiny,2,1,14903,744,1,75,75,1,0,191.9868927001953,4.0,4.0,4.0,0.1875,0.0,0,0,0,10,6,7,1,1.0,0,0.0,0.0,0.0,0.0,0.0,0.0,0.0,0.0,0.0,0.0,0.0,0.0,0.0,0.0,0.0,0.0,0.0,0.0,0.4
stage1b_single_agent_tiny,2,1,14914,745,1,75,75,1,0,192.03836059570312,4.0,4.0,4.0,0.1875,0.0,0,0,0,11,2,8,6,1.0,1,0.09090909090909091,0.36363636363636365,0.09090909090909091,-0.18,0.0,0.0,0.0,0.0,0.0,0.0,0.0,0.0,0.0,0.0,0.0,0.0,0.0,0.0,0.36363636363636365
stage1b_single_agent_tiny,2,1,14984,746,1,75,75,1,0,190.7176513671875,4.0,4.0,4.0,0.4375,0.0,0,0,0,70,3,8,5,1.0,1,0.014285714285714285,0.24285714285714285,0.05714285714285714,-0.76,0.0,0.0,0.0,0.0,0.0,0.0,0.0,0.0,0.0,0.0,0.0,0.0,0.0,0.0,0.05714285714285714
stage1b_single_agent_tiny,2,1,15034,747,1,75,75,1,0,191.34237670898438,4.0,4.0,4.0,0.3125,0.0,0,0,0,50,8,18,10,1.0,2,0.08,0.26,0.1,-0.6199999999999999,0.0,0.0,0.0,0.0,0.0,0.0,0.0,0.0,0.0,0.0,0.0,0.0,0.0,0.0,0.08
stage1b_single_agent_tiny,2,1,15115,748,1,75,75,1,0,192.08041381835938,4.0,4.0,4.0,0.4375,0.0,0,0,0,81,7,16,9,1.0,1,0.04938271604938271,0.08641975308641975,0.012345679012345678,-0.30000000000000004,0.0,0.0,0.0,0.0,0.0,0.0,0.0,0.0,0.0,0.0,0.0,0.0,0.0,0.0,0.04938271604938271
stage1b_single_agent_tiny,2,1,15155,749,1,75,75,1,0,191.24337768554688,4.0,4.0,4.0,0.25,0.0,0,0,0,40,12,22,10,1.0,2,0.2,0.425,0.125,-0.78,0.0,0.0,0.0,0.0,0.0,0.0,0.0,0.0,0.0,0.0,0.0,0.0,0.0,0.0,0.1
stage1b_single_agent_tiny,2,1,15161,750,1,75,75,1,0,191.74761962890625,4.0,4.0,4.0,0.125,0.0,0,0,0,6,1,3,2,1.0,0,0.0,0.0,0.0,0.0,0.0,0.0,0.0,0.0,0.0,0.0,0.0,0.0,0.0,0.0,0.0,0.0,0.0,0.0,0.6666666666666666
stage1b_single_agent_tiny,2,1,15200,751,1,75,75,1,0,190.89193725585938,4.0,4.0,4.0,0.25,0.0,0,0,0,39,13,13,0,1.0,1,0.1282051282051282,0.20512820512820512,0.10256410256410256,-0.39999999999999997,0.0,0.0,0.0,0.0,0.0,0.0,0.0,0.0,0.0,0.0,0.0,0.0,0.0,0.0,0.10256410256410256
stage1b_single_agent_tiny,2,1,15245,752,1,75,75,1,0,191.98538208007812,4.0,4.0,4.0,0.375,0.0,0,0,0,45,27,30,3,1.0,0,0.0,0.022222222222222223,0.0,-0.04,0.0,0.0,0.0,0.0,0.0,0.0,0.0,0.0,0.0,0.0,0.0,0.0,0.0,0.0,0.08888888888888889
stage1b_single_agent_tiny,2,1,15256,753,1,75,75,1,0,191.48452758789062,4.0,4.0,4.0,0.125,0.0,0,0,0,11,7,8,1,1.0,0,0.0,0.0,0.0,0.0,0.0,0.0,0.0,0.0,0.0,0.0,0.0,0.0,0.0,0.0,0.0,0.0,0.0,0.0,0.36363636363636365
stage1b_single_agent_tiny,2,1,15298,754,1,75,75,1,0,191.59555053710938,4.0,4.0,4.0,0.3125,0.0,0,0,0,42,5,7,2,1.0,2,0.11904761904761904,0.2619047619047619,0.07142857142857142,-0.49999999999999994,0.0,0.0,0.0,0.0,0.0,0.0,0.0,0.0,0.0,0.0,0.0,0.0,0.0,0.0,0.09523809523809523
stage1b_single_agent_tiny,2,1,15341,755,1,75,75,1,0,190.99835205078125,4.0,4.0,4.0,0.25,0.0,0,0,0,43,2,9,7,1.0,2,0.13953488372093023,0.2558139534883721,0.09302325581395349,-0.5199999999999999,0.0,0.0,0.0,0.0,0.0,0.0,0.0,0.0,0.0,0.0,0.0,0.0,0.0,0.0,0.09302325581395349
stage1b_single_agent_tiny,2,1,15406,756,1,75,75,1,0,190.88705444335938,4.0,4.0,4.0,0.375,0.0,0,0,0,65,10,14,4,1.0,1,0.06153846153846154,0.12307692307692308,0.015384615384615385,-0.34,0.0,0.0,0.0,0.0,0.0,0.0,0.0,0.0,0.0,0.0,0.0,0.0,0.0,0.0,0.06153846153846154
stage1b_single_agent_tiny,2,1,15441,757,1,75,75,1,0,190.39907836914062,4.0,4.0,4.0,0.1875,0.0,0,0,0,35,3,5,2,1.0,1,0.08571428571428572,0.3142857142857143,0.02857142857142857,-0.45999999999999996,0.0,0.0,0.0,0.0,0.0,0.0,0.0,0.0,0.0,0.0,0.0,0.0,0.0,0.0,0.11428571428571428
stage1b_single_agent_tiny,2,1,15499,758,1,75,75,1,0,192.37176513671875,4.0,4.0,4.0,0.375,0.0,0,0,0,58,27,27,0,1.0,1,0.08620689655172414,0.13793103448275862,0.034482758620689655,-0.36,0.0,0.0,0.0,0.0,0.0,0.0,0.0,0.0,0.0,0.0,0.0,0.0,0.0,0.0,0.06896551724137931
stage1b_single_agent_tiny,2,1,15552,759,1,75,75,1,0,190.60812377929688,4.0,4.0,4.0,0.25,0.0,0,0,0,53,7,12,5,1.0,1,0.18867924528301888,0.3018867924528302,0.16981132075471697,-0.8200000000000001,0.0,0.0,0.0,0.0,0.0,0.0,0.0,0.0,0.0,0.0,0.0,0.0,0.0,0.0,0.07547169811320754
stage1b_single_agent_tiny,2,1,15617,760,1,75,75,1,0,192.05828857421875,4.0,4.0,4.0,0.375,0.0,0,0,0,65,23,24,1,1.0,1,0.09230769230769231,0.13846153846153847,0.03076923076923077,-0.39999999999999997,0.0,0.0,0.0,0.0,0.0,0.0,0.0,0.0,0.0,0.0,0.0,0.0,0.0,0.0,0.06153846153846154
stage1b_single_agent_tiny,2,1,15646,761,1,75,75,1,0,190.8009033203125,4.0,4.0,4.0,0.1875,0.0,0,0,0,29,1,7,6,1.0,2,0.20689655172413793,0.5862068965517241,0.20689655172413793,-0.8000000000000003,0.0,0.0,0.0,0.0,0.0,0.0,0.0,0.0,0.0,0.0,0.0,0.0,0.0,0.0,0.13793103448275862
stage1b_single_agent_tiny,2,1,15726,762,1,75,75,1,0,191.743408203125,4.0,4.0,4.0,0.5,0.0,0,0,0,80,2,10,8,1.0,2,0.0625,0.175,0.0,-0.5599999999999999,0.0,0.0,0.0,0.0,0.0,0.0,0.0,0.0,0.0,0.0,0.0,0.0,0.0,0.0,0.05
stage1b_single_agent_tiny,2,1,15772,763,1,75,75,1,0,190.79232788085938,4.0,4.0,4.0,0.1875,0.0,0,0,0,46,8,13,5,1.0,0,0.0,0.13043478260869565,0.021739130434782608,-0.26,0.0,0.0,0.0,0.0,0.0,0.0,0.0,0.0,0.0,0.0,0.0,0.0,0.0,0.0,0.08695652173913043
stage1b_single_agent_tiny,2,1,15804,764,1,75,75,1,0,191.88177490234375,4.0,4.0,4.0,0.3125,0.0,0,0,0,32,6,7,1,1.0,0,0.0,0.0,0.0,0.0,0.0,0.0,0.0,0.0,0.0,0.0,0.0,0.0,0.0,0.0,0.0,0.0,0.0,0.0,0.125
stage1b_single_agent_tiny,2,1,15828,765,1,75,75,1,0,191.229248046875,4.0,4.0,4.0,0.25,0.0,0,0,0,24,6,9,3,1.0,0,0.0,0.0,0.0,0.0,0.0,0.0,0.0,0.0,0.0,0.0,0.0,0.0,0.0,0.0,0.0,0.0,0.0,0.0,0.16666666666666666
stage1b_single_agent_tiny,2,1,15857,766,1,75,75,1,0,191.438720703125,4.0,4.0,4.0,0.25,0.0,0,0,0,29,2,10,8,1.0,1,0.06896551724137931,0.1724137931034483,0.034482758620689655,-0.22,0.0,0.0,0.0,0.0,0.0,0.0,0.0,0.0,0.0,0.0,0.0,0.0,0.0,0.0,0.13793103448275862
stage1b_single_agent_tiny,2,1,15923,767,1,75,75,1,0,191.65924072265625,4.0,4.0,4.0,0.375,0.0,0,0,0,66,3,9,6,1.0,1,0.015151515151515152,0.18181818181818182,0.030303030303030304,-0.52,0.0,0.0,0.0,0.0,0.0,0.0,0.0,0.0,0.0,0.0,0.0,0.0,0.0,0.0,0.06060606060606061
stage1b_single_agent_tiny,2,1,15937,768,1,75,75,1,0,191.28521728515625,4.0,4.0,4.0,0.1875,0.0,0,0,0,14,3,3,0,1.0,0,0.0,0.21428571428571427,0.14285714285714285,-0.16,0.0,0.0,0.0,0.0,0.0,0.0,0.0,0.0,0.0,0.0,0.0,0.0,0.0,0.0,0.2857142857142857
stage1b_single_agent_tiny,2,1,15992,769,1,75,75,1,0,191.770263671875,4.0,4.0,4.0,0.375,0.0,0,0,0,55,5,7,2,1.0,1,0.01818181818181818,0.09090909090909091,0.01818181818181818,-0.22,0.0,0.0,0.0,0.0,0.0,0.0,0.0,0.0,0.0,0.0,0.0,0.0,0.0,0.0,0.07272727272727272
stage1b_single_agent_tiny,2,1,16038,770,1,75,75,1,0,191.557373046875,4.0,4.0,4.0,0.375,0.0,0,0,0,46,2,9,7,1.0,2,0.13043478260869565,0.2608695652173913,0.06521739130434782,-0.5399999999999999,0.0,0.0,0.0,0.0,0.0,0.0,0.0,0.0,0.0,0.0,0.0,0.0,0.0,0.0,0.08695652173913043
stage1b_single_agent_tiny,2,1,16083,771,1,75,75,1,0,192.203125,4.0,4.0,4.0,0.5,0.0,0,0,0,45,2,3,1,1.0,1,0.022222222222222223,0.08888888888888889,0.022222222222222223,-0.18,0.0,0.0,0.0,0.0,0.0,0.0,0.0,0.0,0.0,0.0,0.0,0.0,0.0,0.0,0.08888888888888889
stage1b_single_agent_tiny,2,1,16127,772,1,75,75,1,0,190.87054443359375,4.0,4.0,4.0,0.3125,0.0,0,0,0,44,2,7,5,1.0,1,0.09090909090909091,0.25,0.022727272727272728,-0.45999999999999996,0.0,0.0,0.0,0.0,0.0,0.0,0.0,0.0,0.0,0.0,0.0,0.0,0.0,0.0,0.09090909090909091
stage1b_single_agent_tiny,2,1,16159,773,1,75,75,1,0,191.77496337890625,4.0,4.0,4.0,0.375,0.0,0,0,0,32,2,2,0,1.0,0,0.0,0.09375,0.03125,-0.14,0.0,0.0,0.0,0.0,0.0,0.0,0.0,0.0,0.0,0.0,0.0,0.0,0.0,0.0,0.125
stage1b_single_agent_tiny,2,1,16199,774,1,75,75,1,0,189.62063598632812,4.0,4.0,4.0,0.25,0.0,0,0,0,40,7,7,0,1.0,3,0.225,0.525,0.125,-0.9400000000000002,0.0,0.0,0.0,0.0,0.0,0.0,0.0,0.0,0.0,0.0,0.0,0.0,0.0,0.0,0.1
stage1b_single_agent_tiny,2,1,16254,775,1,75,75,1,0,191.63058471679688,4.0,4.0,4.0,0.375,0.0,0,0,0,55,6,17,11,1.0,2,0.23636363636363636,0.34545454545454546,0.09090909090909091,-0.8600000000000003,0.0,0.0,0.0,0.0,0.0,0.0,0.0,0.0,0.0,0.0,0.0,0.0,0.0,0.0,0.07272727272727272
stage1b_single_agent_tiny,2,1,16294,776,1,75,75,1,0,192.56015014648438,4.0,4.0,4.0,0.3125,0.0,0,0,0,40,29,29,0,1.0,0,0.0,0.0,0.0,0.0,0.0,0.0,0.0,0.0,0.0,0.0,0.0,0.0,0.0,0.0,0.0,0.0,0.0,0.0,0.1
stage1b_single_agent_tiny,2,1,16325,777,1,75,75,1,0,190.82598876953125,4.0,4.0,4.0,0.125,0.0,0,0,0,31,9,10,1,1.0,0,0.0,0.0,0.0,0.0,0.0,0.0,0.0,0.0,0.0,0.0,0.0,0.0,0.0,0.0,0.0,0.0,0.0,0.0,0.12903225806451613
stage1b_single_agent_tiny,2,1,16345,778,1,75,75,1,0,191.9431915283203,4.0,4.0,4.0,0.1875,0.0,0,0,0,20,17,17,0,1.0,0,0.0,0.0,0.0,0.0,0.0,0.0,0.0,0.0,0.0,0.0,0.0,0.0,0.0,0.0,0.0,0.0,0.0,0.0,0.2
stage1b_single_agent_tiny,2,1,16373,779,1,75,75,1,0,190.90280151367188,4.0,4.0,4.0,0.25,0.0,0,0,0,28,14,14,0,1.0,1,0.25,0.35714285714285715,0.07142857142857142,-0.43999999999999995,0.0,0.0,0.0,0.0,0.0,0.0,0.0,0.0,0.0,0.0,0.0,0.0,0.0,0.0,0.14285714285714285
stage1b_single_agent_tiny,2,1,16380,780,1,75,75,1,0,191.9852294921875,4.0,4.0,4.0,0.1875,0.0,0,0,0,7,3,4,1,1.0,0,0.0,0.0,0.0,0.0,0.0,0.0,0.0,0.0,0.0,0.0,0.0,0.0,0.0,0.0,0.0,0.0,0.0,0.0,0.5714285714285714
stage1b_single_agent_tiny,2,1,16447,781,1,75,75,1,0,190.2176513671875,4.0,4.0,4.0,0.3125,0.0,0,0,0,67,6,6,0,1.0,3,0.13432835820895522,0.31343283582089554,0.07462686567164178,-0.9400000000000002,0.0,0.0,0.0,0.0,0.0,0.0,0.0,0.0,0.0,0.0,0.0,0.0,0.0,0.0,0.05970149253731343
stage1b_single_agent_tiny,2,1,16463,782,1,75,75,1,0,191.96246337890625,4.0,4.0,4.0,0.25,0.0,0,0,0,16,2,4,2,1.0,0,0.0,0.0,0.0,0.0,0.0,0.0,0.0,0.0,0.0,0.0,0.0,0.0,0.0,0.0,0.0,0.0,0.0,0.0,0.25
stage1b_single_agent_tiny,2,1,16521,783,1,75,75,1,0,191.105224609375,4.0,4.0,4.0,0.375,0.0,0,0,0,58,2,3,1,1.0,2,0.08620689655172414,0.2413793103448276,0.034482758620689655,-0.6,0.0,0.0,0.0,0.0,0.0,0.0,0.0,0.0,0.0,0.0,0.0,0.0,0.0,0.0,0.06896551724137931
stage1b_single_agent_tiny,2,1,16526,784,1,75,75,1,0,192.00709533691406,4.0,4.0,4.0,0.1875,0.0,0,0,0,5,2,2,0,1.0,0,0.0,0.0,0.0,0.0,0.0,0.0,0.0,0.0,0.0,0.0,0.0,0.0,0.0,0.0,0.0,0.0,0.0,0.0,0.8
stage1b_single_agent_tiny,2,1,16548,785,1,75,75,1,0,192.44784545898438,4.0,4.0,4.0,0.25,0.0,0,0,0,22,6,7,1,1.0,0,0.0,0.0,0.0,0.0,0.0,0.0,0.0,0.0,0.0,0.0,0.0,0.0,0.0,0.0,0.0,0.0,0.0,0.0,0.18181818181818182
stage1b_single_agent_tiny,2,1,16556,786,1,75,75,1,0,192.2437744140625,4.0,4.0,4.0,0.125,0.0,0,0,0,8,1,3,2,1.0,0,0.0,0.0,0.0,0.0,0.0,0.0,0.0,0.0,0.0,0.0,0.0,0.0,0.0,0.0,0.0,0.0,0.0,0.0,0.5
stage1b_single_agent_tiny,2,1,16573,787,1,75,75,1,0,191.62545776367188,4.0,4.0,4.0,0.1875,0.0,0,0,0,17,3,14,11,1.0,1,0.058823529411764705,0.35294117647058826,0.11764705882352941,-0.28,0.0,0.0,0.0,0.0,0.0,0.0,0.0,0.0,0.0,0.0,0.0,0.0,0.0,0.0,0.23529411764705882
stage1b_single_agent_tiny,2,1,16606,788,1,75,75,1,0,191.070068359375,4.0,4.0,4.0,0.3125,0.0,0,0,0,33,2,9,7,1.0,2,0.12121212121212122,0.36363636363636365,0.06060606060606061,-0.5199999999999999,0.0,0.0,0.0,0.0,0.0,0.0,0.0,0.0,0.0,0.0,0.0,0.0,0.0,0.0,0.12121212121212122
stage1b_single_agent_tiny,2,1,16647,789,1,75,75,1,0,191.97950744628906,4.0,4.0,4.0,0.375,0.0,0,0,0,41,17,17,0,1.0,1,0.024390243902439025,0.17073170731707318,0.04878048780487805,-0.32,0.0,0.0,0.0,0.0,0.0,0.0,0.0,0.0,0.0,0.0,0.0,0.0,0.0,0.0,0.0975609756097561
stage1b_single_agent_tiny,2,1,16687,790,1,75,75,1,0,190.55935668945312,4.0,4.0,4.0,0.25,0.0,0,0,0,40,2,3,1,1.0,0,0.0,0.0,0.0,0.0,0.0,0.0,0.0,0.0,0.0,0.0,0.0,0.0,0.0,0.0,0.0,0.0,0.0,0.0,0.1
stage1b_single_agent_tiny,2,1,16731,791,1,75,75,1,0,192.80596923828125,4.0,4.0,4.0,0.3125,0.0,0,0,0,44,23,24,1,1.0,0,0.0,0.0,0.0,0.0,0.0,0.0,0.0,0.0,0.0,0.0,0.0,0.0,0.0,0.0,0.0,0.0,0.0,0.0,0.09090909090909091
stage1b_single_agent_tiny,2,1,16764,792,1,75,75,1,0,191.06497192382812,4.0,4.0,4.0,0.25,0.0,0,0,0,33,15,15,0,1.0,2,0.18181818181818182,0.36363636363636365,0.09090909090909091,-0.5399999999999999,0.0,0.0,0.0,0.0,0.0,0.0,0.0,0.0,0.0,0.0,0.0,0.0,0.0,0.0,0.12121212121212122
stage1b_single_agent_tiny,2,1,16796,793,1,75,75,1,0,189.30313110351562,4.0,4.0,4.0,0.125,0.0,0,0,0,32,2,23,21,1.0,2,0.15625,0.40625,0.03125,-0.5399999999999999,0.0,0.0,0.0,0.0,0.0,0.0,0.0,0.0,0.0,0.0,0.0,0.0,0.0,0.0,0.125
stage1b_single_agent_tiny,2,1,16862,794,1,75,75,1,0,192.38705444335938,4.0,4.0,4.0,0.5,0.0,0,0,0,66,22,24,2,1.0,1,0.030303030303030304,0.12121212121212122,0.030303030303030304,-0.36,0.0,0.0,0.0,0.0,0.0,0.0,0.0,0.0,0.0,0.0,0.0,0.0,0.0,0.0,0.06060606060606061
stage1b_single_agent_tiny,2,1,16870,795,1,75,75,1,0,192.2413330078125,4.0,4.0,4.0,0.125,0.0,0,0,0,8,2,3,1,1.0,0,0.0,0.0,0.0,0.0,0.0,0.0,0.0,0.0,0.0,0.0,0.0,0.0,0.0,0.0,0.0,0.0,0.0,0.0,0.5
stage1b_single_agent_tiny,2,1,16894,796,1,75,75,1,0,191.69358825683594,4.0,4.0,4.0,0.25,0.0,0,0,0,24,2,3,1,1.0,0,0.0,0.20833333333333334,0.041666666666666664,-0.22,0.0,0.0,0.0,0.0,0.0,0.0,0.0,0.0,0.0,0.0,0.0,0.0,0.0,0.0,0.16666666666666666
stage1b_single_agent_tiny,2,1,16962,797,1,75,75,1,0,191.3109130859375,4.0,4.0,4.0,0.3125,0.0,0,0,0,68,2,4,2,1.0,1,0.07352941176470588,0.11764705882352941,0.014705882352941176,-0.33999999999999997,0.0,0.0,0.0,0.0,0.0,0.0,0.0,0.0,0.0,0.0,0.0,0.0,0.0,0.0,0.058823529411764705
stage1b_single_agent_tiny,2,1,16992,798,1,75,75,1,0,191.46224975585938,4.0,4.0,4.0,0.25,0.0,0,0,0,30,2,10,8,1.0,0,0.0,0.3,0.13333333333333333,-0.44,0.0,0.0,0.0,0.0,0.0,0.0,0.0,0.0,0.0,0.0,0.0,0.0,0.0,0.0,0.13333333333333333
stage1b_single_agent_tiny,2,1,17072,799,1,75,75,1,0,191.48727416992188,4.0,4.0,4.0,0.5625,0.0,0,0,0,80,3,3,0,1.0,2,0.125,0.2375,0.05,-0.8400000000000002,0.0,0.0,0.0,0.0,0.0,0.0,0.0,0.0,0.0,0.0,0.0,0.0,0.0,0.0,0.05
stage1b_single_agent_tiny,2,1,17148,800,1,75,75,1,0,191.50970458984375,4.0,4.0,4.0,0.4375,0.0,0,0,0,76,7,17,10,1.0,3,0.09210526315789473,0.2631578947368421,0.06578947368421052,-0.9000000000000001,0.0,0.0,0.0,0.0,0.0,0.0,0.0,0.0,0.0,0.0,0.0,0.0,0.0,0.0,0.05263157894736842
stage1b_single_agent_tiny,2,1,17163,801,1,75,75,1,0,192.24041748046875,4.0,4.0,4.0,0.25,0.0,0,0,0,15,8,9,1,1.0,0,0.0,0.0,0.0,0.0,0.0,0.0,0.0,0.0,0.0,0.0,0.0,0.0,0.0,0.0,0.0,0.0,0.0,0.0,0.26666666666666666
stage1b_single_agent_tiny,2,1,17182,802,1,75,75,1,0,192.31967163085938,4.0,4.0,4.0,0.25,0.0,0,0,0,19,14,14,0,1.0,0,0.0,0.10526315789473684,0.05263157894736842,-0.1,0.0,0.0,0.0,0.0,0.0,0.0,0.0,0.0,0.0,0.0,0.0,0.0,0.0,0.0,0.21052631578947367
stage1b_single_agent_tiny,2,1,17241,803,1,75,75,1,0,193.02989196777344,4.0,4.0,4.0,0.375,0.0,0,0,0,59,23,24,1,1.0,0,0.0,0.0,0.0,0.0,0.0,0.0,0.0,0.0,0.0,0.0,0.0,0.0,0.0,0.0,0.0,0.0,0.0,0.0,0.06779661016949153
stage1b_single_agent_tiny,2,1,17297,804,1,75,75,1,0,191.29759216308594,4.0,4.0,4.0,0.375,0.0,0,0,0,56,2,19,17,1.0,3,0.07142857142857142,0.2857142857142857,0.07142857142857142,-0.72,0.0,0.0,0.0,0.0,0.0,0.0,0.0,0.0,0.0,0.0,0.0,0.0,0.0,0.0,0.07142857142857142
stage1b_single_agent_tiny,2,1,17312,805,1,75,75,1,0,191.4637451171875,4.0,4.0,4.0,0.125,0.0,0,0,0,15,5,12,7,1.0,1,0.2,0.4,0.0,-0.24000000000000002,0.0,0.0,0.0,0.0,0.0,0.0,0.0,0.0,0.0,0.0,0.0,0.0,0.0,0.0,0.26666666666666666
stage1b_single_agent_tiny,2,1,17319,806,1,75,75,1,0,191.99700927734375,4.0,4.0,4.0,0.1875,0.0,0,0,0,7,2,4,2,1.0,0,0.0,0.0,0.0,0.0,0.0,0.0,0.0,0.0,0.0,0.0,0.0,0.0,0.0,0.0,0.0,0.0,0.0,0.0,0.5714285714285714
stage1b_single_agent_tiny,2,1,17352,807,1,75,75,1,0,191.44012451171875,4.0,4.0,4.0,0.375,0.0,0,0,0,33,16,16,0,1.0,1,0.12121212121212122,0.30303030303030304,0.09090909090909091,-0.45999999999999996,0.0,0.0,0.0,0.0,0.0,0.0,0.0,0.0,0.0,0.0,0.0,0.0,0.0,0.0,0.12121212121212122
stage1b_single_agent_tiny,2,1,17358,808,1,75,75,1,0,192.26327514648438,4.0,4.0,4.0,0.1875,0.0,0,0,0,6,2,3,1,1.0,0,0.0,0.0,0.0,0.0,0.0,0.0,0.0,0.0,0.0,0.0,0.0,0.0,0.0,0.0,0.0,0.0,0.0,0.0,0.6666666666666666
stage1b_single_agent_tiny,2,1,17421,809,1,75,75,1,0,190.58432006835938,4.0,4.0,4.0,0.4375,0.0,0,0,0,63,7,8,1,1.0,2,0.15873015873015872,0.3333333333333333,0.047619047619047616,-0.9000000000000002,0.0,0.0,0.0,0.0,0.0,0.0,0.0,0.0,0.0,0.0,0.0,0.0,0.0,0.0,0.06349206349206349
stage1b_single_agent_tiny,2,1,17465,810,1,75,75,1,0,191.71426391601562,4.0,4.0,4.0,0.25,0.0,0,0,0,44,2,9,7,1.0,3,0.09090909090909091,0.29545454545454547,0.06818181818181818,-0.5799999999999998,0.0,0.0,0.0,0.0,0.0,0.0,0.0,0.0,0.0,0.0,0.0,0.0,0.0,0.0,0.09090909090909091
stage1b_single_agent_tiny,2,1,17506,811,1,75,75,1,0,191.81649780273438,4.0,4.0,4.0,0.3125,0.0,0,0,0,41,2,4,2,1.0,1,0.0975609756097561,0.17073170731707318,0.0,-0.28,0.0,0.0,0.0,0.0,0.0,0.0,0.0,0.0,0.0,0.0,0.0,0.0,0.0,0.0,0.0975609756097561
stage1b_single_agent_tiny,2,1,17530,812,1,75,75,1,0,191.81454467773438,4.0,4.0,4.0,0.25,0.0,0,0,0,24,13,13,0,1.0,0,0.0,0.08333333333333333,0.0,-0.08,0.0,0.0,0.0,0.0,0.0,0.0,0.0,0.0,0.0,0.0,0.0,0.0,0.0,0.0,0.16666666666666666
stage1b_single_agent_tiny,2,1,17536,813,1,75,75,1,0,191.98944091796875,4.0,4.0,4.0,0.125,0.0,0,0,0,6,2,3,1,1.0,0,0.0,0.0,0.0,0.0,0.0,0.0,0.0,0.0,0.0,0.0,0.0,0.0,0.0,0.0,0.0,0.0,0.0,0.0,0.6666666666666666
stage1b_single_agent_tiny,2,1,17566,814,1,75,75,1,0,190.45191955566406,4.0,4.0,4.0,0.125,0.0,0,0,0,30,14,14,0,1.0,1,0.16666666666666666,0.3333333333333333,0.03333333333333333,-0.42,0.0,0.0,0.0,0.0,0.0,0.0,0.0,0.0,0.0,0.0,0.0,0.0,0.0,0.0,0.13333333333333333
stage1b_single_agent_tiny,2,1,17598,815,1,75,75,1,0,191.34732055664062,4.0,4.0,4.0,0.375,0.0,0,0,0,32,3,3,0,1.0,2,0.21875,0.5,0.15625,-0.74,0.0,0.0,0.0,0.0,0.0,0.0,0.0,0.0,0.0,0.0,0.0,0.0,0.0,0.0,0.125
stage1b_single_agent_tiny,2,1,17639,816,1,75,75,1,0,191.619140625,4.0,4.0,4.0,0.3125,0.0,0,0,0,41,5,16,11,1.0,2,0.24390243902439024,0.3902439024390244,0.14634146341463414,-0.7600000000000002,0.0,0.0,0.0,0.0,0.0,0.0,0.0,0.0,0.0,0.0,0.0,0.0,0.0,0.0,0.0975609756097561
stage1b_single_agent_tiny,2,1,17667,817,1,75,75,1,0,192.16311645507812,4.0,4.0,4.0,0.3125,0.0,0,0,0,28,4,8,4,1.0,1,0.07142857142857142,0.17857142857142858,0.03571428571428571,-0.22,0.0,0.0,0.0,0.0,0.0,0.0,0.0,0.0,0.0,0.0,0.0,0.0,0.0,0.0,0.14285714285714285
stage1b_single_agent_tiny,2,1,17727,818,1,75,75,1,0,189.92098999023438,4.0,4.0,4.0,0.5,0.0,0,0,0,60,5,7,2,1.0,2,0.08333333333333333,0.31666666666666665,0.06666666666666667,-0.8400000000000001,0.0,0.0,0.0,0.0,0.0,0.0,0.0,0.0,0.0,0.0,0.0,0.0,0.0,0.0,0.06666666666666667
stage1b_single_agent_tiny,2,1,17783,819,1,75,75,1,0,190.10751342773438,4.0,4.0,4.0,0.5625,0.0,0,0,0,56,15,15,0,1.0,2,0.125,0.30357142857142855,0.017857142857142856,-0.7000000000000001,0.0,0.0,0.0,0.0,0.0,0.0,0.0,0.0,0.0,0.0,0.0,0.0,0.0,0.0,0.07142857142857142
stage1b_single_agent_tiny,2,1,17813,820,1,75,75,1,0,192.3653564453125,4.0,4.0,4.0,0.25,0.0,0,0,0,30,11,11,0,1.0,0,0.0,0.0,0.0,0.0,0.0,0.0,0.0,0.0,0.0,0.0,0.0,0.0,0.0,0.0,0.0,0.0,0.0,0.0,0.13333333333333333
stage1b_single_agent_tiny,2,1,17840,821,1,75,75,1,0,191.83734130859375,4.0,4.0,4.0,0.25,0.0,0,0,0,27,7,8,1,1.0,0,0.0,0.037037037037037035,0.0,-0.04,0.0,0.0,0.0,0.0,0.0,0.0,0.0,0.0,0.0,0.0,0.0,0.0,0.0,0.0,0.14814814814814814
stage1b_single_agent_tiny,2,1,17928,822,1,75,75,1,0,191.46627807617188,4.0,4.0,4.0,0.5625,0.0,0,0,0,88,33,34,1,1.0,2,0.125,0.19318181818181818,0.011363636363636364,-0.7000000000000001,0.0,0.0,0.0,0.0,0.0,0.0,0.0,0.0,0.0,0.0,0.0,0.0,0.0,0.0,0.045454545454545456
stage1b_single_agent_tiny,2,1,18008,823,1,75,75,1,0,190.55181884765625,4.0,4.0,4.0,0.25,0.0,0,0,0,80,14,14,0,1.0,3,0.05,0.3,0.0625,-1.0600000000000003,0.0,0.0,0.0,0.0,0.0,0.0,0.0,0.0,0.0,0.0,0.0,0.0,0.0,0.0,0.05
stage1b_single_agent_tiny,2,1,18074,824,1,75,75,1,0,190.95504760742188,4.0,4.0,4.0,0.4375,0.0,0,0,0,66,3,16,13,1.0,3,0.16666666666666666,0.3484848484848485,0.07575757575757576,-1.0200000000000002,0.0,0.0,0.0,0.0,0.0,0.0,0.0,0.0,0.0,0.0,0.0,0.0,0.0,0.0,0.06060606060606061
stage1b_single_agent_tiny,2,1,18169,825,1,75,75,1,0,190.31094360351562,4.0,4.0,4.0,0.5,0.0,0,0,0,95,4,24,20,1.0,4,0.15789473684210525,0.3473684210526316,0.07368421052631578,-1.4600000000000006,0.0,0.0,0.0,0.0,0.0,0.0,0.0,0.0,0.0,0.0,0.0,0.0,0.0,0.0,0.042105263157894736
stage1b_single_agent_tiny,2,1,18201,826,1,75,75,1,0,191.95321655273438,4.0,4.0,4.0,0.3125,0.0,0,0,0,32,7,19,12,1.0,1,0.1875,0.28125,0.0625,-0.39999999999999997,0.0,0.0,0.0,0.0,0.0,0.0,0.0,0.0,0.0,0.0,0.0,0.0,0.0,0.0,0.125
stage1b_single_agent_tiny,2,1,18252,827,1,75,75,1,0,190.5535888671875,4.0,4.0,4.0,0.25,0.0,0,0,0,51,13,13,0,1.0,2,0.17647058823529413,0.35294117647058826,0.19607843137254902,-0.9200000000000004,0.0,0.0,0.0,0.0,0.0,0.0,0.0,0.0,0.0,0.0,0.0,0.0,0.0,0.0,0.0784313725490196
stage1b_single_agent_tiny,2,1,18300,828,1,75,75,1,0,190.77362060546875,4.0,4.0,4.0,0.375,0.0,0,0,0,48,12,13,1,1.0,3,0.16666666666666666,0.375,0.08333333333333333,-0.8000000000000003,0.0,0.0,0.0,0.0,0.0,0.0,0.0,0.0,0.0,0.0,0.0,0.0,0.0,0.0,0.08333333333333333
stage1b_single_agent_tiny,2,1,18312,829,1,75,75,1,0,190.7950439453125,4.0,4.0,4.0,0.0625,0.0,0,0,0,12,1,9,8,1.0,0,0.0,0.3333333333333333,0.0,-0.16,0.0,0.0,0.0,0.0,0.0,0.0,0.0,0.0,0.0,0.0,0.0,0.0,0.0,0.0,0.3333333333333333
stage1b_single_agent_tiny,2,1,18329,830,1,75,75,1,0,191.4583740234375,4.0,4.0,4.0,0.125,0.0,0,0,0,17,2,3,1,1.0,0,0.0,0.0,0.0,0.0,0.0,0.0,0.0,0.0,0.0,0.0,0.0,0.0,0.0,0.0,0.0,0.0,0.0,0.0,0.23529411764705882
stage1b_single_agent_tiny,2,1,18420,831,1,75,75,1,0,189.67645263671875,4.0,4.0,4.0,0.5,0.0,0,0,0,91,3,23,20,1.0,4,0.17582417582417584,0.34065934065934067,0.054945054945054944,-1.3400000000000005,0.0,0.0,0.0,0.0,0.0,0.0,0.0,0.0,0.0,0.0,0.0,0.0,0.0,0.0,0.04395604395604396
stage1b_single_agent_tiny,2,1,18462,832,1,75,75,1,0,189.79209899902344,4.0,4.0,4.0,0.4375,0.0,0,0,0,42,2,9,7,1.0,2,0.23809523809523808,0.4523809523809524,0.07142857142857142,-0.8200000000000001,0.0,0.0,0.0,0.0,0.0,0.0,0.0,0.0,0.0,0.0,0.0,0.0,0.0,0.0,0.09523809523809523
stage1b_single_agent_tiny,2,1,18513,833,1,75,75,1,0,191.63800048828125,4.0,4.0,4.0,0.375,0.0,0,0,0,51,2,3,1,1.0,1,0.09803921568627451,0.1568627450980392,0.0196078431372549,-0.34,0.0,0.0,0.0,0.0,0.0,0.0,0.0,0.0,0.0,0.0,0.0,0.0,0.0,0.0,0.0784313725490196
stage1b_single_agent_tiny,2,1,18557,834,1,75,75,1,0,192.00250244140625,4.0,4.0,4.0,0.375,0.0,0,0,0,44,5,7,2,1.0,1,0.11363636363636363,0.18181818181818182,0.045454545454545456,-0.36,0.0,0.0,0.0,0.0,0.0,0.0,0.0,0.0,0.0,0.0,0.0,0.0,0.0,0.0,0.09090909090909091
stage1b_single_agent_tiny,2,1,18571,835,1,75,75,1,0,191.06430053710938,4.0,4.0,4.0,0.125,0.0,0,0,0,14,2,8,6,1.0,0,0.0,0.2857142857142857,0.0,-0.16,0.0,0.0,0.0,0.0,0.0,0.0,0.0,0.0,0.0,0.0,0.0,0.0,0.0,0.0,0.2857142857142857
stage1b_single_agent_tiny,2,1,18601,836,1,75,75,1,0,191.5279541015625,4.0,4.0,4.0,0.375,0.0,0,0,0,30,1,3,2,1.0,1,0.16666666666666666,0.3,0.03333333333333333,-0.37999999999999995,0.0,0.0,0.0,0.0,0.0,0.0,0.0,0.0,0.0,0.0,0.0,0.0,0.0,0.0,0.13333333333333333
stage1b_single_agent_tiny,2,1,18638,837,1,75,75,1,0,191.8092041015625,4.0,4.0,4.0,0.25,0.0,0,0,0,37,11,11,0,1.0,1,0.21621621621621623,0.2972972972972973,0.10810810810810811,-0.52,0.0,0.0,0.0,0.0,0.0,0.0,0.0,0.0,0.0,0.0,0.0,0.0,0.0,0.0,0.10810810810810811
stage1b_single_agent_tiny,2,1,18688,838,1,75,75,1,0,190.44615173339844,4.0,4.0,4.0,0.4375,0.0,0,0,0,50,3,6,3,1.0,2,0.1,0.26,0.02,-0.5399999999999999,0.0,0.0,0.0,0.0,0.0,0.0,0.0,0.0,0.0,0.0,0.0,0.0,0.0,0.0,0.08
stage1b_single_agent_tiny,2,1,18708,839,1,75,75,1,0,192.39981079101562,4.0,4.0,4.0,0.25,0.0,0,0,0,20,2,4,2,1.0,0,0.0,0.0,0.0,0.0,0.0,0.0,0.0,0.0,0.0,0.0,0.0,0.0,0.0,0.0,0.0,0.0,0.0,0.0,0.2
stage1b_single_agent_tiny,2,1,18760,840,1,75,75,1,0,190.06918334960938,4.0,4.0,4.0,0.3125,0.0,0,0,0,52,5,5,0,1.0,3,0.28846153846153844,0.5,0.09615384615384616,-1.1400000000000003,0.0,0.0,0.0,0.0,0.0,0.0,0.0,0.0,0.0,0.0,0.0,0.0,0.0,0.0,0.07692307692307693
stage1b_single_agent_tiny,2,1,18773,841,1,75,75,1,0,191.6243896484375,4.0,4.0,4.0,0.1875,0.0,0,0,0,13,2,10,8,1.0,1,0.3076923076923077,0.5384615384615384,0.15384615384615385,-0.32,0.0,0.0,0.0,0.0,0.0,0.0,0.0,0.0,0.0,0.0,0.0,0.0,0.0,0.0,0.3076923076923077
stage1b_single_agent_tiny,2,1,18851,842,1,75,75,1,0,191.4432373046875,4.0,4.0,4.0,0.375,0.0,0,0,0,78,2,4,2,1.0,1,0.02564102564102564,0.19230769230769232,0.05128205128205128,-0.6799999999999999,0.0,0.0,0.0,0.0,0.0,0.0,0.0,0.0,0.0,0.0,0.0,0.0,0.0,0.0,0.05128205128205128
stage1b_single_agent_tiny,2,1,18869,843,1,75,75,1,0,191.53945922851562,4.0,4.0,4.0,0.25,0.0,0,0,0,18,6,6,0,1.0,1,0.2777777777777778,0.4444444444444444,0.16666666666666666,-0.38,0.0,0.0,0.0,0.0,0.0,0.0,0.0,0.0,0.0,0.0,0.0,0.0,0.0,0.0,0.2222222222222222
stage1b_single_agent_tiny,2,1,18890,844,1,75,75,1,0,191.77670288085938,4.0,4.0,4.0,0.1875,0.0,0,0,0,21,6,6,0,1.0,1,0.23809523809523808,0.38095238095238093,0.09523809523809523,-0.36,0.0,0.0,0.0,0.0,0.0,0.0,0.0,0.0,0.0,0.0,0.0,0.0,0.0,0.0,0.19047619047619047
stage1b_single_agent_tiny,2,1,18924,845,1,75,75,1,0,190.597412109375,4.0,4.0,4.0,0.125,0.0,0,0,0,34,3,5,2,1.0,1,0.08823529411764706,0.17647058823529413,0.0,-0.24000000000000002,0.0,0.0,0.0,0.0,0.0,0.0,0.0,0.0,0.0,0.0,0.0,0.0,0.0,0.0,0.11764705882352941
stage1c_single_agent_small,3,1,19056,846,1,100,100,1,0,187.1099853515625,4.0,4.0,4.0,0.28,0.0,0,0,0,112,7,22,15,1.0,4,0.08928571428571429,0.21428571428571427,0.044642857142857144,-1.2049999999999998,0.0,0.0,0.0,0.0,0.0,0.0,0.0,0.0,0.0,0.0,0.0,0.0,0.0,0.0,0.03571428571428571
stage1c_single_agent_small,3,1,19196,847,1,100,100,1,0,143.3246612548828,3.0,3.0,3.0,0.56,0.0,0,0,1,140,4,4,0,1.0,0,0.0,0.0,0.0,0.0,0.0,0.0,0.0,0.0,0.0,0.0,0.0,0.0,0.0,0.0,0.0,0.0,0.0,0.0,0.02142857142857143
stage1c_single_agent_small,3,1,19250,848,1,100,100,1,0,190.29872131347656,4.0,4.0,4.0,0.36,0.0,0,0,0,54,3,4,1,1.0,2,0.09259259259259259,0.25925925925925924,0.05555555555555555,-0.7050000000000001,0.0,0.0,0.0,0.0,0.0,0.0,0.0,0.0,0.0,0.0,0.0,0.0,0.0,0.0,0.07407407407407407
stage1c_single_agent_small,3,1,19351,849,1,100,100,1,0,190.611328125,4.0,4.0,4.0,0.4,0.0,0,0,0,101,3,8,5,1.0,4,0.1188118811881188,0.24752475247524752,0.039603960396039604,-1.225,0.0,0.0,0.0,0.0,0.0,0.0,0.0,0.0,0.0,0.0,0.0,0.0,0.0,0.0,0.039603960396039604
stage1c_single_agent_small,3,1,19469,850,1,100,100,1,0,190.65655517578125,4.0,4.0,4.0,0.44,0.0,0,0,0,118,17,29,12,1.0,4,0.07627118644067797,0.2033898305084746,0.05084745762711865,-1.23,0.0,0.0,0.0,0.0,0.0,0.0,0.0,0.0,0.0,0.0,0.0,0.0,0.0,0.0,0.03389830508474576
stage1c_single_agent_small,3,1,19556,851,1,100,100,1,0,186.71658325195312,4.0,4.0,4.0,0.16,0.0,0,0,0,87,3,12,9,1.0,6,0.16091954022988506,0.3793103448275862,0.13793103448275862,-1.7849999999999997,0.0,0.0,0.0,0.0,0.0,0.0,0.0,0.0,0.0,0.0,0.0,0.0,0.0,0.0,0.04597701149425287
stage1c_single_agent_small,3,1,19696,852,1,100,100,1,0,136.61399841308594,4.0,4.0,3.0,0.32,0.0,0,0,0,140,7,9,2,0.75,6,0.08571428571428572,0.2357142857142857,0.04285714285714286,-1.6349999999999996,0.0,0.0,0.0,0.0,0.0,0.0,0.0,0.0,0.0,0.0,0.0,0.0,0.0,0.0,0.02142857142857143
stage1c_single_agent_small,3,1,19826,853,1,100,100,1,0,190.35128784179688,4.0,4.0,4.0,0.4,0.0,0,0,0,130,24,30,6,1.0,1,0.05384615384615385,0.11538461538461539,0.023076923076923078,-0.7499999999999999,0.0,0.0,0.0,0.0,0.0,0.0,0.0,0.0,0.0,0.0,0.0,0.0,0.0,0.0,0.03076923076923077
stage1c_single_agent_small,3,1,19966,854,1,100,100,1,0,47.560577392578125,1.0,1.0,1.0,0.56,0.0,0,0,3,140,3,19,16,1.0,1,0.014285714285714285,0.05,0.007142857142857143,-0.33999999999999997,0.0,0.0,0.0,0.0,0.0,0.0,0.0,0.0,0.0,0.0,0.0,0.0,0.0,0.0,0.007142857142857143
stage1c_single_agent_small,3,1,20078,855,1,100,100,1,0,189.5318145751953,4.0,4.0,4.0,0.44,0.0,0,0,0,112,3,19,16,1.0,3,0.13392857142857142,0.26785714285714285,0.08035714285714286,-1.5749999999999997,0.0,0.0,0.0,0.0,0.0,0.0,0.0,0.0,0.0,0.0,0.0,0.0,0.0,0.0,0.03571428571428571
stage1c_single_agent_small,3,1,20152,856,1,100,100,1,0,187.99478149414062,4.0,4.0,4.0,0.2,0.0,0,0,0,74,29,51,22,1.0,2,0.06756756756756757,0.24324324324324326,0.13513513513513514,-1.0600000000000003,0.0,0.0,0.0,0.0,0.0,0.0,0.0,0.0,0.0,0.0,0.0,0.0,0.0,0.0,0.05405405405405406
stage1c_single_agent_small,3,1,20204,857,1,100,100,1,0,189.91976928710938,4.0,4.0,4.0,0.2,0.0,0,0,0,52,3,14,11,1.0,3,0.15384615384615385,0.34615384615384615,0.11538461538461539,-0.9600000000000002,0.0,0.0,0.0,0.0,0.0,0.0,0.0,0.0,0.0,0.0,0.0,0.0,0.0,0.0,0.07692307692307693
stage1c_single_agent_small,3,1,20215,858,1,100,100,1,0,191.54702758789062,4.0,4.0,4.0,0.16,0.0,0,0,0,11,3,6,3,1.0,0,0.0,0.09090909090909091,0.0,-0.045,0.0,0.0,0.0,0.0,0.0,0.0,0.0,0.0,0.0,0.0,0.0,0.0,0.0,0.0,0.36363636363636365
stage1c_single_agent_small,3,1,20306,859,1,100,100,1,0,187.02084350585938,4.0,4.0,4.0,0.24,0.0,0,0,0,91,7,14,7,1.0,4,0.08791208791208792,0.23076923076923078,0.06593406593406594,-1.0950000000000004,0.0,0.0,0.0,0.0,0.0,0.0,0.0,0.0,0.0,0.0,0.0,0.0,0.0,0.0,0.04395604395604396
stage1c_single_agent_small,3,1,20429,860,1,100,100,1,0,186.10256958007812,4.0,4.0,4.0,0.44,0.0,0,0,0,123,6,26,20,1.0,4,0.1951219512195122,0.3902439024390244,0.13008130081300814,-2.559999999999999,0.0,0.0,0.0,0.0,0.0,0.0,0.0,0.0,0.0,0.0,0.0,0.0,0.0,0.0,0.032520325203252036
stage1c_single_agent_small,3,1,20563,861,1,100,100,1,0,189.12098693847656,4.0,4.0,4.0,0.4,0.0,0,0,0,134,24,44,20,1.0,7,0.16417910447761194,0.35074626865671643,0.08208955223880597,-2.3899999999999992,0.0,0.0,0.0,0.0,0.0,0.0,0.0,0.0,0.0,0.0,0.0,0.0,0.0,0.0,0.029850746268656716
stage1c_single_agent_small,3,1,20649,862,1,100,100,1,0,189.39129638671875,4.0,4.0,4.0,0.28,0.0,0,0,0,86,1,5,4,1.0,3,0.05813953488372093,0.23255813953488372,0.06976744186046512,-1.0500000000000003,0.0,0.0,0.0,0.0,0.0,0.0,0.0,0.0,0.0,0.0,0.0,0.0,0.0,0.0,0.046511627906976744
stage1c_single_agent_small,3,1,20768,863,1,100,100,1,0,191.87208557128906,4.0,4.0,4.0,0.4,0.0,0,0,0,119,9,10,1,1.0,2,0.025210084033613446,0.07563025210084033,0.025210084033613446,-0.48,0.0,0.0,0.0,0.0,0.0,0.0,0.0,0.0,0.0,0.0,0.0,0.0,0.0,0.0,0.03361344537815126
stage1c_single_agent_small,3,1,20908,864,1,100,100,1,0,139.2408447265625,4.0,4.0,3.0,0.48,0.0,0,0,0,140,24,39,15,0.75,3,0.04285714285714286,0.12857142857142856,0.02857142857142857,-0.9100000000000001,0.0,0.0,0.0,0.0,0.0,0.0,0.0,0.0,0.0,0.0,0.0,0.0,0.0,0.0,0.02142857142857143
stage1c_single_agent_small,3,1,20961,865,1,100,100,1,0,190.77662658691406,4.0,4.0,4.0,0.4,0.0,0,0,0,53,24,25,1,1.0,1,0.18867924528301888,0.2641509433962264,0.0,-0.63,0.0,0.0,0.0,0.0,0.0,0.0,0.0,0.0,0.0,0.0,0.0,0.0,0.0,0.0,0.07547169811320754
stage1c_single_agent_small,3,1,21036,866,1,100,100,1,0,189.686767578125,4.0,4.0,4.0,0.48,0.0,0,0,0,75,17,19,2,1.0,2,0.10666666666666667,0.22666666666666666,0.013333333333333334,-0.7900000000000001,0.0,0.0,0.0,0.0,0.0,0.0,0.0,0.0,0.0,0.0,0.0,0.0,0.0,0.0,0.05333333333333334
stage1c_single_agent_small,3,1,21150,867,1,100,100,1,0,189.33151245117188,4.0,4.0,4.0,0.36,0.0,0,0,0,114,24,24,0,1.0,2,0.14035087719298245,0.23684210526315788,0.043859649122807015,-1.34,0.0,0.0,0.0,0.0,0.0,0.0,0.0,0.0,0.0,0.0,0.0,0.0,0.0,0.0,0.03508771929824561
stage1c_single_agent_small,3,1,21224,868,1,100,100,1,0,190.68051147460938,4.0,4.0,4.0,0.32,0.0,0,0,0,74,7,9,2,1.0,1,0.04054054054054054,0.10810810810810811,0.05405405405405406,-0.46,0.0,0.0,0.0,0.0,0.0,0.0,0.0,0.0,0.0,0.0,0.0,0.0,0.0,0.0,0.05405405405405406
stage1c_single_agent_small,3,1,21294,869,1,100,100,1,0,190.11886596679688,4.0,4.0,4.0,0.28,0.0,0,0,0,70,26,33,7,1.0,1,0.02857142857142857,0.15714285714285714,0.05714285714285714,-0.595,0.0,0.0,0.0,0.0,0.0,0.0,0.0,0.0,0.0,0.0,0.0,0.0,0.0,0.0,0.05714285714285714
stage1c_single_agent_small,3,1,21400,870,1,100,100,1,0,190.59396362304688,4.0,4.0,4.0,0.48,0.0,0,0,0,106,4,5,1,1.0,3,0.10377358490566038,0.18867924528301888,0.03773584905660377,-1.0,0.0,0.0,0.0,0.0,0.0,0.0,0.0,0.0,0.0,0.0,0.0,0.0,0.0,0.0,0.03773584905660377
stage1c_single_agent_small,3,1,21505,871,1,100,100,1,0,190.56668090820312,4.0,4.0,4.0,0.36,0.0,0,0,0,105,3,10,7,1.0,1,0.009523809523809525,0.08571428571428572,0.01904761904761905,-0.45499999999999996,0.0,0.0,0.0,0.0,0.0,0.0,0.0,0.0,0.0,0.0,0.0,0.0,0.0,0.0,0.0380952380952381
stage1c_single_agent_small,3,1,21585,872,1,100,100,1,0,190.76333618164062,4.0,4.0,4.0,0.24,0.0,0,0,0,80,15,16,1,1.0,1,0.075,0.125,0.025,-0.49999999999999994,0.0,0.0,0.0,0.0,0.0,0.0,0.0,0.0,0.0,0.0,0.0,0.0,0.0,0.0,0.05
stage1c_single_agent_small,3,1,21691,873,1,100,100,1,0,192.026123046875,4.0,4.0,4.0,0.44,0.0,0,0,0,106,6,9,3,1.0,2,0.08490566037735849,0.16981132075471697,0.03773584905660377,-0.91,0.0,0.0,0.0,0.0,0.0,0.0,0.0,0.0,0.0,0.0,0.0,0.0,0.0,0.0,0.03773584905660377
stage1c_single_agent_small,3,1,21831,874,1,100,100,1,0,137.5078582763672,4.0,4.0,3.0,0.44,0.0,0,0,0,140,14,37,23,0.75,4,0.09285714285714286,0.22142857142857142,0.05714285714285714,-1.5949999999999998,0.0,0.0,0.0,0.0,0.0,0.0,0.0,0.0,0.0,0.0,0.0,0.0,0.0,0.0,0.02142857142857143
stage1c_single_agent_small,3,1,21964,875,1,100,100,1,0,190.69491577148438,4.0,4.0,4.0,0.4,0.0,0,0,0,133,53,55,2,1.0,3,0.12030075187969924,0.21052631578947367,0.045112781954887216,-1.4099999999999997,0.0,0.0,0.0,0.0,0.0,0.0,0.0,0.0,0.0,0.0,0.0,0.0,0.0,0.0,0.03007518796992481
stage1c_single_agent_small,3,1,22044,876,1,100,100,1,0,189.7095489501953,4.0,4.0,4.0,0.28,0.0,0,0,0,80,1,5,4,1.0,0,0.0,0.1375,0.05,-0.5950000000000001,0.0,0.0,0.0,0.0,0.0,0.0,0.0,0.0,0.0,0.0,0.0,0.0,0.0,0.0,0.05
stage1c_single_agent_small,3,1,22158,877,1,100,100,1,0,188.43360900878906,4.0,4.0,4.0,0.32,0.0,0,0,0,114,6,7,1,1.0,3,0.07894736842105263,0.24561403508771928,0.05263157894736842,-1.41,0.0,0.0,0.0,0.0,0.0,0.0,0.0,0.0,0.0,0.0,0.0,0.0,0.0,0.0,0.03508771929824561
stage1c_single_agent_small,3,1,22298,878,1,100,100,1,0,143.8723907470703,3.0,3.0,3.0,0.56,0.0,0,0,1,140,3,8,5,1.0,3,0.05714285714285714,0.12857142857142856,0.014285714285714285,-0.8600000000000002,0.0,0.0,0.0,0.0,0.0,0.0,0.0,0.0,0.0,0.0,0.0,0.0,0.0,0.0,0.02142857142857143
stage1c_single_agent_small,3,1,22438,879,1,100,100,1,0,144.12228393554688,3.0,3.0,3.0,0.32,0.0,0,0,1,140,54,57,3,1.0,0,0.0,0.0,0.0,0.0,0.0,0.0,0.0,0.0,0.0,0.0,0.0,0.0,0.0,0.0,0.0,0.0,0.0,0.0,0.02142857142857143
stage1c_single_agent_small,3,1,22488,880,1,100,100,1,0,190.00164794921875,4.0,4.0,4.0,0.2,0.0,0,0,0,50,2,10,8,1.0,1,0.08,0.22,0.08,-0.5950000000000001,0.0,0.0,0.0,0.0,0.0,0.0,0.0,0.0,0.0,0.0,0.0,0.0,0.0,0.0,0.08
stage1c_single_agent_small,3,1,22619,881,1,100,100,1,0,184.84963989257812,4.0,4.0,4.0,0.6,0.0,0,0,0,131,9,28,19,1.0,4,0.22900763358778625,0.366412213740458,0.022900763358778626,-2.234999999999999,0.0,0.0,0.0,0.0,0.0,0.0,0.0,0.0,0.0,0.0,0.0,0.0,0.0,0.0,0.030534351145038167
stage1c_single_agent_small,3,1,22671,882,1,100,100,1,0,189.7325439453125,4.0,4.0,4.0,0.2,0.0,0,0,0,52,16,27,11,1.0,0,0.0,0.23076923076923078,0.057692307692307696,-0.615,0.0,0.0,0.0,0.0,0.0,0.0,0.0,0.0,0.0,0.0,0.0,0.0,0.0,0.0,0.07692307692307693
stage1c_single_agent_small,3,1,22742,883,1,100,100,1,0,188.7569580078125,4.0,4.0,4.0,0.2,0.0,0,0,0,71,2,4,2,1.0,1,0.04225352112676056,0.15492957746478872,0.028169014084507043,-0.5449999999999999,0.0,0.0,0.0,0.0,0.0,0.0,0.0,0.0,0.0,0.0,0.0,0.0,0.0,0.0,0.056338028169014086
stage1c_single_agent_small,3,1,22882,884,1,100,100,1,0,139.79873657226562,3.0,3.0,3.0,0.4,0.0,0,0,1,140,47,58,11,1.0,3,0.11428571428571428,0.2,0.04285714285714286,-1.41,0.0,0.0,0.0,0.0,0.0,0.0,0.0,0.0,0.0,0.0,0.0,0.0,0.0,0.0,0.02142857142857143
stage1c_single_agent_small,3,1,23010,885,1,100,100,1,0,189.94464111328125,4.0,4.0,4.0,0.48,0.0,0,0,0,128,3,28,25,1.0,2,0.109375,0.2265625,0.0390625,-1.4299999999999997,0.0,0.0,0.0,0.0,0.0,0.0,0.0,0.0,0.0,0.0,0.0,0.0,0.0,0.0,0.03125
stage1c_single_agent_small,3,1,23100,886,1,100,100,1,0,186.5401611328125,4.0,4.0,4.0,0.4,0.0,0,0,0,90,2,7,5,1.0,4,0.2111111111111111,0.4444444444444444,0.1,-2.0249999999999995,0.0,0.0,0.0,0.0,0.0,0.0,0.0,0.0,0.0,0.0,0.0,0.0,0.0,0.0,0.044444444444444446
stage1c_single_agent_small,3,1,23174,887,1,100,100,1,0,189.33399963378906,4.0,4.0,4.0,0.44,0.0,0,0,0,74,3,11,8,1.0,2,0.13513513513513514,0.3108108108108108,0.04054054054054054,-1.11,0.0,0.0,0.0,0.0,0.0,0.0,0.0,0.0,0.0,0.0,0.0,0.0,0.0,0.0,0.05405405405405406
stage1c_single_agent_small,3,1,23211,888,1,100,100,1,0,190.80673217773438,4.0,4.0,4.0,0.12,0.0,0,0,0,37,2,13,11,1.0,2,0.10810810810810811,0.35135135135135137,0.21621621621621623,-0.7850000000000001,0.0,0.0,0.0,0.0,0.0,0.0,0.0,0.0,0.0,0.0,0.0,0.0,0.0,0.0,0.10810810810810811
stage1c_single_agent_small,3,1,23327,889,1,100,100,1,0,191.74948120117188,4.0,4.0,4.0,0.4,0.0,0,0,0,116,17,26,9,1.0,3,0.07758620689655173,0.1810344827586207,0.04310344827586207,-1.07,0.0,0.0,0.0,0.0,0.0,0.0,0.0,0.0,0.0,0.0,0.0,0.0,0.0,0.0,0.034482758620689655
stage1c_single_agent_small,3,1,23435,890,1,100,100,1,0,188.77398681640625,4.0,4.0,4.0,0.48,0.0,0,0,0,108,11,32,21,1.0,4,0.09259259259259259,0.24074074074074073,0.037037037037037035,-1.27,0.0,0.0,0.0,0.0,0.0,0.0,0.0,0.0,0.0,0.0,0.0,0.0,0.0,0.0,0.037037037037037035
stage1c_single_agent_small,3,1,23533,891,1,100,100,1,0,189.24288940429688,4.0,4.0,4.0,0.4,0.0,0,0,0,98,4,16,12,1.0,4,0.07142857142857142,0.3163265306122449,0.09183673469387756,-1.6199999999999997,0.0,0.0,0.0,0.0,0.0,0.0,0.0,0.0,0.0,0.0,0.0,0.0,0.0,0.0,0.04081632653061224
stage1c_single_agent_small,3,1,23625,892,1,100,100,1,0,188.09120178222656,4.0,4.0,4.0,0.28,0.0,0,0,0,92,10,22,12,1.0,3,0.043478260869565216,0.2608695652173913,0.09782608695652174,-1.3050000000000002,0.0,0.0,0.0,0.0,0.0,0.0,0.0,0.0,0.0,0.0,0.0,0.0,0.0,0.0,0.043478260869565216
stage1c_single_agent_small,3,1,23726,893,1,100,100,1,0,186.5208282470703,4.0,4.0,4.0,0.28,0.0,0,0,0,101,3,23,20,1.0,4,0.1188118811881188,0.3069306930693069,0.0297029702970297,-1.4699999999999995,0.0,0.0,0.0,0.0,0.0,0.0,0.0,0.0,0.0,0.0,0.0,0.0,0.0,0.0,0.039603960396039604
stage1c_single_agent_small,3,1,23752,894,1,100,100,1,0,190.8128662109375,4.0,4.0,4.0,0.28,0.0,0,0,0,26,2,2,0,1.0,1,0.3076923076923077,0.5769230769230769,0.19230769230769232,-0.8000000000000002,0.0,0.0,0.0,0.0,0.0,0.0,0.0,0.0,0.0,0.0,0.0,0.0,0.0,0.0,0.15384615384615385
stage1c_single_agent_small,3,1,23810,895,1,100,100,1,0,188.54495239257812,4.0,4.0,4.0,0.2,0.0,0,0,0,58,3,6,3,1.0,1,0.017241379310344827,0.2413793103448276,0.10344827586206896,-0.7800000000000001,0.0,0.0,0.0,0.0,0.0,0.0,0.0,0.0,0.0,0.0,0.0,0.0,0.0,0.0,0.06896551724137931
stage1c_single_agent_small,3,1,23919,896,1,100,100,1,0,191.1788787841797,4.0,4.0,4.0,0.44,0.0,0,0,0,109,25,30,5,1.0,5,0.05504587155963303,0.22935779816513763,0.045871559633027525,-1.2500000000000002,0.0,0.0,0.0,0.0,0.0,0.0,0.0,0.0,0.0,0.0,0.0,0.0,0.0,0.0,0.03669724770642202
stage1c_single_agent_small,3,1,24012,897,1,100,100,1,0,187.82936096191406,4.0,4.0,4.0,0.24,0.0,0,0,0,93,11,16,5,1.0,2,0.021505376344086023,0.12903225806451613,0.043010752688172046,-0.6400000000000001,0.0,0.0,0.0,0.0,0.0,0.0,0.0,0.0,0.0,0.0,0.0,0.0,0.0,0.0,0.043010752688172046
stage1c_single_agent_small,3,1,24125,898,1,100,100,1,0,191.53863525390625,4.0,4.0,4.0,0.44,0.0,0,0,0,113,3,7,4,1.0,1,0.02654867256637168,0.11504424778761062,0.02654867256637168,-0.6599999999999999,0.0,0.0,0.0,0.0,0.0,0.0,0.0,0.0,0.0,0.0,0.0,0.0,0.0,0.0,0.035398230088495575
stage1c_single_agent_small,3,1,24227,899,1,100,100,1,0,188.99282836914062,4.0,4.0,4.0,0.48,0.0,0,0,0,102,3,17,14,1.0,5,0.21568627450980393,0.37254901960784315,0.0392156862745098,-1.8099999999999994,0.0,0.0,0.0,0.0,0.0,0.0,0.0,0.0,0.0,0.0,0.0,0.0,0.0,0.0,0.0392156862745098
stage1c_single_agent_small,3,1,24364,900,1,100,100,1,0,190.58236694335938,4.0,4.0,4.0,0.56,0.0,0,0,0,137,24,40,16,1.0,3,0.0948905109489051,0.18248175182481752,0.029197080291970802,-1.2250000000000003,0.0,0.0,0.0,0.0,0.0,0.0,0.0,0.0,0.0,0.0,0.0,0.0,0.0,0.0,0.029197080291970802
stage1c_single_agent_small,3,1,24490,901,1,100,100,1,0,190.7740478515625,4.0,4.0,4.0,0.32,0.0,0,0,0,126,12,25,13,1.0,3,0.14285714285714285,0.23015873015873015,0.047619047619047616,-1.4549999999999998,0.0,0.0,0.0,0.0,0.0,0.0,0.0,0.0,0.0,0.0,0.0,0.0,0.0,0.0,0.031746031746031744
stage1c_single_agent_small,3,1,24608,902,1,100,100,1,0,187.4546356201172,4.0,4.0,4.0,0.6,0.0,0,0,0,118,7,16,9,1.0,5,0.1694915254237288,0.3644067796610169,0.0423728813559322,-2.0599999999999987,0.0,0.0,0.0,0.0,0.0,0.0,0.0,0.0,0.0,0.0,0.0,0.0,0.0,0.0,0.03389830508474576
stage1c_single_agent_small,3,1,24681,903,1,100,100,1,0,186.14935302734375,4.0,4.0,4.0,0.16,0.0,0,0,0,73,3,6,3,1.0,3,0.0821917808219178,0.2876712328767123,0.0547945205479452,-1.0450000000000002,0.0,0.0,0.0,0.0,0.0,0.0,0.0,0.0,0.0,0.0,0.0,0.0,0.0,0.0,0.0547945205479452
stage1c_single_agent_small,3,1,24703,904,1,100,100,1,0,190.79806518554688,4.0,4.0,4.0,0.08,0.0,0,0,0,22,2,5,3,1.0,0,0.0,0.045454545454545456,0.0,-0.045,0.0,0.0,0.0,0.0,0.0,0.0,0.0,0.0,0.0,0.0,0.0,0.0,0.0,0.0,0.18181818181818182
stage1c_single_agent_small,3,1,24797,905,1,100,100,1,0,188.68096923828125,4.0,4.0,4.0,0.52,0.0,0,0,0,94,13,44,31,1.0,5,0.22340425531914893,0.4148936170212766,0.0851063829787234,-1.9549999999999992,0.0,0.0,0.0,0.0,0.0,0.0,0.0,0.0,0.0,0.0,0.0,0.0,0.0,0.0,0.0425531914893617
stage1c_single_agent_small,3,1,24832,906,1,100,100,1,0,191.26519775390625,4.0,4.0,4.0,0.24,0.0,0,0,0,35,3,11,8,1.0,1,0.11428571428571428,0.17142857142857143,0.05714285714285714,-0.32,0.0,0.0,0.0,0.0,0.0,0.0,0.0,0.0,0.0,0.0,0.0,0.0,0.0,0.0,0.11428571428571428
stage1c_single_agent_small,3,1,24898,907,1,100,100,1,0,191.77735900878906,4.0,4.0,4.0,0.4,0.0,0,0,0,66,1,3,2,1.0,0,0.0,0.045454545454545456,0.0,-0.135,0.0,0.0,0.0,0.0,0.0,0.0,0.0,0.0,0.0,0.0,0.0,0.0,0.0,0.0,0.06060606060606061
stage1c_single_agent_small,3,1,25016,908,1,100,100,1,0,187.29217529296875,4.0,4.0,4.0,0.44,0.0,0,0,0,118,16,29,13,1.0,4,0.09322033898305085,0.2457627118644068,0.05084745762711865,-1.4549999999999998,0.0,0.0,0.0,0.0,0.0,0.0,0.0,0.0,0.0,0.0,0.0,0.0,0.0,0.0,0.03389830508474576
stage1c_single_agent_small,3,1,25065,909,1,100,100,1,0,189.5111083984375,4.0,4.0,4.0,0.4,0.0,0,0,0,49,3,7,4,1.0,1,0.1836734693877551,0.2857142857142857,0.04081632653061224,-0.6799999999999999,0.0,0.0,0.0,0.0,0.0,0.0,0.0,0.0,0.0,0.0,0.0,0.0,0.0,0.0,0.08163265306122448
stage1c_single_agent_small,3,1,25205,910,1,100,100,1,0,142.25665283203125,3.0,3.0,3.0,0.44,0.0,0,0,1,140,54,81,27,1.0,6,0.12142857142857143,0.2785714285714286,0.05714285714285714,-1.9549999999999992,0.0,0.0,0.0,0.0,0.0,0.0,0.0,0.0,0.0,0.0,0.0,0.0,0.0,0.0,0.02142857142857143
stage1c_single_agent_small,3,1,25295,911,1,100,100,1,0,191.5447235107422,4.0,4.0,4.0,0.4,0.0,0,0,0,90,17,22,5,1.0,2,0.08888888888888889,0.17777777777777778,0.044444444444444446,-0.8200000000000001,0.0,0.0,0.0,0.0,0.0,0.0,0.0,0.0,0.0,0.0,0.0,0.0,0.0,0.0,0.044444444444444446
stage1c_single_agent_small,3,1,25318,912,1,100,100,1,0,190.9619140625,4.0,4.0,4.0,0.16,0.0,0,0,0,23,1,10,9,1.0,1,0.08695652173913043,0.2608695652173913,0.08695652173913043,-0.32,0.0,0.0,0.0,0.0,0.0,0.0,0.0,0.0,0.0,0.0,0.0,0.0,0.0,0.0,0.17391304347826086
stage1c_single_agent_small,3,1,25424,913,1,100,100,1,0,185.9033966064453,4.0,4.0,4.0,0.16,0.0,0,0,0,106,17,17,0,1.0,0,0.0,0.05660377358490566,0.018867924528301886,-0.32,0.0,0.0,0.0,0.0,0.0,0.0,0.0,0.0,0.0,0.0,0.0,0.0,0.0,0.0,0.03773584905660377
stage1c_single_agent_small,3,1,25503,914,1,100,100,1,0,191.1317901611328,4.0,4.0,4.0,0.28,0.0,0,0,0,79,7,9,2,1.0,2,0.16455696202531644,0.25316455696202533,0.06329113924050633,-1.0250000000000001,0.0,0.0,0.0,0.0,0.0,0.0,0.0,0.0,0.0,0.0,0.0,0.0,0.0,0.0,0.05063291139240506
stage1c_single_agent_small,3,1,25597,915,1,100,100,1,0,190.337646484375,4.0,4.0,4.0,0.44,0.0,0,0,0,94,9,17,8,1.0,3,0.05319148936170213,0.2127659574468085,0.05319148936170213,-1.0250000000000004,0.0,0.0,0.0,0.0,0.0,0.0,0.0,0.0,0.0,0.0,0.0,0.0,0.0,0.0,0.0425531914893617
stage1c_single_agent_small,3,1,25611,916,1,100,100,1,0,191.90589904785156,4.0,4.0,4.0,0.12,0.0,0,0,0,14,6,10,4,1.0,0,0.0,0.07142857142857142,0.0,-0.045,0.0,0.0,0.0,0.0,0.0,0.0,0.0,0.0,0.0,0.0,0.0,0.0,0.0,0.0,0.2857142857142857
stage1c_single_agent_small,3,1,25722,917,1,100,100,1,0,190.45388793945312,4.0,4.0,4.0,0.52,0.0,0,0,0,111,9,31,22,1.0,3,0.16216216216216217,0.2882882882882883,0.04504504504504504,-1.5649999999999995,0.0,0.0,0.0,0.0,0.0,0.0,0.0,0.0,0.0,0.0,0.0,0.0,0.0,0.0,0.036036036036036036
stage1c_single_agent_small,3,1,25752,918,1,100,100,1,0,191.10430908203125,4.0,4.0,4.0,0.2,0.0,0,0,0,30,3,3,0,1.0,1,0.06666666666666667,0.3333333333333333,0.1,-0.5249999999999999,0.0,0.0,0.0,0.0,0.0,0.0,0.0,0.0,0.0,0.0,0.0,0.0,0.0,0.0,0.13333333333333333
stage1c_single_agent_small,3,1,25779,919,1,100,100,1,0,190.76467895507812,4.0,4.0,4.0,0.08,0.0,0,0,0,27,3,3,0,1.0,2,0.37037037037037035,0.5925925925925926,0.2222222222222222,-0.8700000000000001,0.0,0.0,0.0,0.0,0.0,0.0,0.0,0.0,0.0,0.0,0.0,0.0,0.0,0.0,0.14814814814814814
stage1c_single_agent_small,3,1,25881,920,1,100,100,1,0,184.97352600097656,4.0,4.0,4.0,0.28,0.0,0,0,0,102,6,11,5,1.0,3,0.17647058823529413,0.30392156862745096,0.049019607843137254,-1.5199999999999996,0.0,0.0,0.0,0.0,0.0,0.0,0.0,0.0,0.0,0.0,0.0,0.0,0.0,0.0,0.0392156862745098
stage1c_single_agent_small,3,1,26002,921,1,100,100,1,0,183.51771545410156,4.0,4.0,4.0,0.4,0.0,0,0,0,121,3,24,21,1.0,7,0.2396694214876033,0.45454545454545453,0.11570247933884298,-2.824999999999998,0.0,0.0,0.0,0.0,0.0,0.0,0.0,0.0,0.0,0.0,0.0,0.0,0.0,0.0,0.03305785123966942
stage1c_single_agent_small,3,1,26087,922,1,100,100,1,0,190.95205688476562,4.0,4.0,4.0,0.36,0.0,0,0,0,85,2,8,6,1.0,2,0.08235294117647059,0.24705882352941178,0.058823529411764705,-1.0700000000000003,0.0,0.0,0.0,0.0,0.0,0.0,0.0,0.0,0.0,0.0,0.0,0.0,0.0,0.0,0.047058823529411764
stage1c_single_agent_small,3,1,26102,923,1,100,100,1,0,191.24746704101562,4.0,4.0,4.0,0.08,0.0,0,0,0,15,11,11,0,1.0,0,0.0,0.06666666666666667,0.0,-0.045,0.0,0.0,0.0,0.0,0.0,0.0,0.0,0.0,0.0,0.0,0.0,0.0,0.0,0.0,0.26666666666666666
stage1c_single_agent_small,3,1,26156,924,1,100,100,1,0,190.38922119140625,4.0,4.0,4.0,0.24,0.0,0,0,0,54,32,32,0,1.0,1,0.05555555555555555,0.16666666666666666,0.05555555555555555,-0.48,0.0,0.0,0.0,0.0,0.0,0.0,0.0,0.0,0.0,0.0,0.0,0.0,0.0,0.0,0.07407407407407407
stage1c_single_agent_small,3,1,26273,925,1,100,100,1,0,190.12680053710938,4.0,4.0,4.0,0.36,0.0,0,0,0,117,3,12,9,1.0,4,0.1111111111111111,0.2222222222222222,0.10256410256410256,-1.4700000000000002,0.0,0.0,0.0,0.0,0.0,0.0,0.0,0.0,0.0,0.0,0.0,0.0,0.0,0.0,0.03418803418803419
stage1c_single_agent_small,3,1,26291,926,1,100,100,1,0,190.44683837890625,4.0,4.0,4.0,0.08,0.0,0,0,0,18,3,15,12,1.0,1,0.1111111111111111,0.3888888888888889,0.2222222222222222,-0.415,0.0,0.0,0.0,0.0,0.0,0.0,0.0,0.0,0.0,0.0,0.0,0.0,0.0,0.0,0.2222222222222222
stage1c_single_agent_small,3,1,26387,927,1,100,100,1,0,189.97161865234375,4.0,4.0,4.0,0.4,0.0,0,0,0,96,1,7,6,1.0,2,0.08333333333333333,0.21875,0.08333333333333333,-1.1450000000000002,0.0,0.0,0.0,0.0,0.0,0.0,0.0,0.0,0.0,0.0,0.0,0.0,0.0,0.0,0.041666666666666664
stage1c_single_agent_small,3,1,26485,928,1,100,100,1,0,185.9861602783203,4.0,4.0,4.0,0.2,0.0,0,0,0,98,7,25,18,1.0,4,0.07142857142857142,0.2857142857142857,0.08163265306122448,-1.4600000000000002,0.0,0.0,0.0,0.0,0.0,0.0,0.0,0.0,0.0,0.0,0.0,0.0,0.0,0.0,0.04081632653061224
stage1c_single_agent_small,3,1,26607,929,1,100,100,1,0,191.54212951660156,4.0,4.0,4.0,0.52,0.0,0,0,0,122,24,32,8,1.0,2,0.04918032786885246,0.09836065573770492,0.00819672131147541,-0.565,0.0,0.0,0.0,0.0,0.0,0.0,0.0,0.0,0.0,0.0,0.0,0.0,0.0,0.0,0.03278688524590164
stage1c_single_agent_small,3,1,26719,930,1,100,100,1,0,188.770751953125,4.0,4.0,4.0,0.28,0.0,0,0,0,112,8,25,17,1.0,4,0.125,0.30357142857142855,0.07142857142857142,-1.7299999999999998,0.0,0.0,0.0,0.0,0.0,0.0,0.0,0.0,0.0,0.0,0.0,0.0,0.0,0.0,0.03571428571428571
stage1c_single_agent_small,3,1,26811,931,1,100,100,1,0,191.57704162597656,4.0,4.0,4.0,0.24,0.0,0,0,0,92,3,5,2,1.0,2,0.021739130434782608,0.11956521739130435,0.03260869565217391,-0.57,0.0,0.0,0.0,0.0,0.0,0.0,0.0,0.0,0.0,0.0,0.0,0.0,0.0,0.0,0.043478260869565216
stage1c_single_agent_small,3,1,26871,932,1,100,100,1,0,190.4366455078125,4.0,4.0,4.0,0.24,0.0,0,0,0,60,2,10,8,1.0,4,0.1,0.2833333333333333,0.1,-0.9150000000000001,0.0,0.0,0.0,0.0,0.0,0.0,0.0,0.0,0.0,0.0,0.0,0.0,0.0,0.0,0.06666666666666667
stage1c_single_agent_small,3,1,26974,933,1,100,100,1,0,189.19869995117188,4.0,4.0,4.0,0.24,0.0,0,0,0,103,15,30,15,1.0,3,0.08737864077669903,0.2912621359223301,0.0970873786407767,-1.5999999999999999,0.0,0.0,0.0,0.0,0.0,0.0,0.0,0.0,0.0,0.0,0.0,0.0,0.0,0.0,0.038834951456310676
stage1c_single_agent_small,3,1,27036,934,1,100,100,1,0,191.2505645751953,4.0,4.0,4.0,0.32,0.0,0,0,0,62,9,9,0,1.0,3,0.06451612903225806,0.25806451612903225,0.06451612903225806,-0.8200000000000001,0.0,0.0,0.0,0.0,0.0,0.0,0.0,0.0,0.0,0.0,0.0,0.0,0.0,0.0,0.06451612903225806
stage1c_single_agent_small,3,1,27143,935,1,100,100,1,0,189.81686401367188,4.0,4.0,4.0,0.32,0.0,0,0,0,107,13,21,8,1.0,4,0.14953271028037382,0.2616822429906542,0.07476635514018691,-1.4600000000000004,0.0,0.0,0.0,0.0,0.0,0.0,0.0,0.0,0.0,0.0,0.0,0.0,0.0,0.0,0.037383177570093455
stage1c_single_agent_small,3,1,27209,936,1,100,100,1,0,189.53053283691406,4.0,4.0,4.0,0.2,0.0,0,0,0,66,7,14,7,1.0,1,0.030303030303030304,0.25757575757575757,0.09090909090909091,-0.915,0.0,0.0,0.0,0.0,0.0,0.0,0.0,0.0,0.0,0.0,0.0,0.0,0.0,0.0,0.06060606060606061
stage1c_single_agent_small,3,1,27315,937,1,100,100,1,0,186.43572998046875,4.0,4.0,4.0,0.24,0.0,0,0,0,106,18,28,10,1.0,5,0.05660377358490566,0.3018867924528302,0.11320754716981132,-1.7399999999999998,0.0,0.0,0.0,0.0,0.0,0.0,0.0,0.0,0.0,0.0,0.0,0.0,0.0,0.0,0.03773584905660377
stage1c_single_agent_small,3,1,27362,938,1,100,100,1,0,191.90777587890625,4.0,4.0,4.0,0.2,0.0,0,0,0,47,9,11,2,1.0,2,0.0425531914893617,0.2127659574468085,0.0425531914893617,-0.49999999999999994,0.0,0.0,0.0,0.0,0.0,0.0,0.0,0.0,0.0,0.0,0.0,0.0,0.0,0.0,0.0851063829787234
stage1c_single_agent_small,3,1,27424,939,1,100,100,1,0,191.75372314453125,4.0,4.0,4.0,0.28,0.0,0,0,0,62,20,25,5,1.0,1,0.03225806451612903,0.11290322580645161,0.03225806451612903,-0.365,0.0,0.0,0.0,0.0,0.0,0.0,0.0,0.0,0.0,0.0,0.0,0.0,0.0,0.0,0.06451612903225806
stage1c_single_agent_small,3,1,27564,940,1,100,100,1,0,130.33450317382812,4.0,4.0,3.0,0.24,0.0,0,0,0,140,24,43,19,0.75,3,0.15,0.2571428571428571,0.05,-1.7949999999999995,0.0,0.0,0.0,0.0,0.0,0.0,0.0,0.0,0.0,0.0,0.0,0.0,0.0,0.0,0.02142857142857143
stage1c_single_agent_small,3,1,27686,941,1,100,100,1,0,190.91058349609375,4.0,4.0,4.0,0.4,0.0,0,0,0,122,2,20,18,1.0,2,0.09016393442622951,0.1557377049180328,0.02459016393442623,-0.9300000000000002,0.0,0.0,0.0,0.0,0.0,0.0,0.0,0.0,0.0,0.0,0.0,0.0,0.0,0.0,0.03278688524590164
stage1c_single_agent_small,3,1,27747,942,1,100,100,1,0,190.40353393554688,4.0,4.0,4.0,0.32,0.0,0,0,0,61,3,5,2,1.0,2,0.21311475409836064,0.36065573770491804,0.08196721311475409,-1.1150000000000002,0.0,0.0,0.0,0.0,0.0,0.0,0.0,0.0,0.0,0.0,0.0,0.0,0.0,0.0,0.06557377049180328
stage1c_single_agent_small,3,1,27777,943,1,100,100,1,0,190.7580108642578,4.0,4.0,4.0,0.12,0.0,0,0,0,30,3,5,2,1.0,0,0.0,0.06666666666666667,0.0,-0.09,0.0,0.0,0.0,0.0,0.0,0.0,0.0,0.0,0.0,0.0,0.0,0.0,0.0,0.0,0.13333333333333333
stage1c_single_agent_small,3,1,27851,944,1,100,100,1,0,190.03851318359375,4.0,4.0,4.0,0.36,0.0,0,0,0,74,7,10,3,1.0,3,0.05405405405405406,0.16216216216216217,0.04054054054054054,-0.615,0.0,0.0,0.0,0.0,0.0,0.0,0.0,0.0,0.0,0.0,0.0,0.0,0.0,0.0,0.05405405405405406
stage1c_single_agent_small,3,1,27915,945,1,100,100,1,0,191.08529663085938,4.0,4.0,4.0,0.28,0.0,0,0,0,64,2,23,21,1.0,3,0.09375,0.3125,0.0625,-1.0,0.0,0.0,0.0,0.0,0.0,0.0,0.0,0.0,0.0,0.0,0.0,0.0,0.0,0.0,0.0625
stage1c_single_agent_small,3,1,27990,946,1,100,100,1,0,189.7588653564453,4.0,4.0,4.0,0.4,0.0,0,0,0,75,7,10,3,1.0,4,0.12,0.29333333333333333,0.05333333333333334,-1.09,0.0,0.0,0.0,0.0,0.0,0.0,0.0,0.0,0.0,0.0,0.0,0.0,0.0,0.0,0.05333333333333334
stage1c_single_agent_small,3,1,28060,947,1,100,100,1,0,191.90908813476562,4.0,4.0,4.0,0.4,0.0,0,0,0,70,6,8,2,1.0,1,0.07142857142857142,0.11428571428571428,0.014285714285714285,-0.38499999999999995,0.0,0.0,0.0,0.0,0.0,0.0,0.0,0.0,0.0,0.0,0.0,0.0,0.0,0.0,0.05714285714285714
stage1c_single_agent_small,3,1,28141,948,1,100,100,1,0,188.3280487060547,4.0,4.0,4.0,0.16,0.0,0,0,0,81,5,8,3,1.0,3,0.08641975308641975,0.32098765432098764,0.13580246913580246,-1.4449999999999998,0.0,0.0,0.0,0.0,0.0,0.0,0.0,0.0,0.0,0.0,0.0,0.0,0.0,0.0,0.04938271604938271
stage1c_single_agent_small,3,1,28162,949,1,100,100,1,0,190.79107666015625,4.0,4.0,4.0,0.08,0.0,0,0,0,21,2,6,4,1.0,0,0.0,0.23809523809523808,0.047619047619047616,-0.25,0.0,0.0,0.0,0.0,0.0,0.0,0.0,0.0,0.0,0.0,0.0,0.0,0.0,0.0,0.19047619047619047
stage1c_single_agent_small,3,1,28227,950,1,100,100,1,0,189.2084503173828,4.0,4.0,4.0,0.24,0.0,0,0,0,65,8,24,16,1.0,3,0.09230769230769231,0.3076923076923077,0.09230769230769231,-1.0500000000000003,0.0,0.0,0.0,0.0,0.0,0.0,0.0,0.0,0.0,0.0,0.0,0.0,0.0,0.0,0.06153846153846154
stage1c_single_agent_small,3,1,28275,951,1,100,100,1,0,189.1251678466797,4.0,4.0,4.0,0.2,0.0,0,0,0,48,4,8,4,1.0,0,0.0,0.041666666666666664,0.0,-0.09,0.0,0.0,0.0,0.0,0.0,0.0,0.0,0.0,0.0,0.0,0.0,0.0,0.0,0.0,0.08333333333333333
stage1c_single_agent_small,3,1,28317,952,1,100,100,1,0,188.0447998046875,4.0,4.0,4.0,0.08,0.0,0,0,0,42,2,11,9,1.0,0,0.0,0.23809523809523808,0.047619047619047616,-0.49999999999999994,0.0,0.0,0.0,0.0,0.0,0.0,0.0,0.0,0.0,0.0,0.0,0.0,0.0,0.0,0.09523809523809523
stage1d_single_agent_carry_bootstrap,4,1,28438,953,1,120,100,1,0,59.683555603027344,0.0,0.0,1.0,0.26666666666666666,0.0,0,0,0,22,-1,22,-1,1.0,2,0.18181818181818182,0.2727272727272727,0.09090909090909091,-0.56,0.0,0.0,0.0,0.0,0.0,0.0,0.0,0.0,0.0,0.0,0.0,0.0,0.0,0.0,0.045454545454545456
stage1d_single_agent_carry_bootstrap,4,1,28444,954,1,120,100,1,0,59.707305908203125,0.0,0.0,1.0,0.1,0.0,0,0,0,6,-1,6,-1,1.0,1,0.3333333333333333,0.5,0.16666666666666666,-0.28,0.0,0.0,0.0,0.0,0.0,0.0,0.0,0.0,0.0,0.0,0.0,0.0,0.0,0.0,0.16666666666666666
stage1d_single_agent_carry_bootstrap,4,1,28445,955,1,120,100,1,0,59.99599838256836,0.0,0.0,1.0,0.03333333333333333,0.0,0,0,0,1,-1,1,-1,1.0,0,0.0,0.0,0.0,0.0,0.0,0.0,0.0,0.0,0.0,0.0,0.0,0.0,0.0,0.0,0.0,0.0,0.0,0.0,1.0
stage1d_single_agent_carry_bootstrap,4,1,28452,956,1,120,100,1,0,60.130863189697266,0.0,0.0,1.0,0.1,0.0,0,0,0,7,-1,7,-1,1.0,0,0.0,0.0,0.0,0.0,0.0,0.0,0.0,0.0,0.0,0.0,0.0,0.0,0.0,0.0,0.0,0.0,0.0,0.0,0.14285714285714285
stage1d_single_agent_carry_bootstrap,4,1,28458,957,1,120,100,1,0,60.152809143066406,0.0,0.0,1.0,0.13333333333333333,0.0,0,0,0,6,-1,6,-1,1.0,0,0.0,0.0,0.0,0.0,0.0,0.0,0.0,0.0,0.0,0.0,0.0,0.0,0.0,0.0,0.0,0.0,0.0,0.0,0.16666666666666666
stage1d_single_agent_carry_bootstrap,4,1,28469,958,1,120,100,1,0,59.81019973754883,0.0,0.0,1.0,0.13333333333333333,0.0,0,0,0,11,-1,11,-1,1.0,1,0.18181818181818182,0.2727272727272727,0.09090909090909091,-0.28,0.0,0.0,0.0,0.0,0.0,0.0,0.0,0.0,0.0,0.0,0.0,0.0,0.0,0.0,0.09090909090909091
stage1d_single_agent_carry_bootstrap,4,1,28477,959,1,120,100,1,0,59.82358169555664,0.0,0.0,1.0,0.1,0.0,0,0,0,8,-1,8,-1,1.0,1,0.125,0.25,0.125,-0.2,0.0,0.0,0.0,0.0,0.0,0.0,0.0,0.0,0.0,0.0,0.0,0.0,0.0,0.0,0.125
stage1d_single_agent_carry_bootstrap,4,1,28490,960,1,120,100,1,0,59.77689743041992,0.0,0.0,1.0,0.2,0.0,0,0,0,13,-1,13,-1,1.0,1,0.23076923076923078,0.3076923076923077,0.07692307692307693,-0.36,0.0,0.0,0.0,0.0,0.0,0.0,0.0,0.0,0.0,0.0,0.0,0.0,0.0,0.0,0.07692307692307693
stage1d_single_agent_carry_bootstrap,4,1,28493,961,1,120,100,1,0,60.002845764160156,0.0,0.0,1.0,0.06666666666666667,0.0,0,0,0,3,-1,3,-1,1.0,0,0.0,0.0,0.0,0.0,0.0,0.0,0.0,0.0,0.0,0.0,0.0,0.0,0.0,0.0,0.0,0.0,0.0,0.0,0.3333333333333333
stage1d_single_agent_carry_bootstrap,4,1,28511,962,1,120,100,1,0,59.41865158081055,0.0,0.0,1.0,0.13333333333333333,0.0,0,0,0,18,-1,18,-1,1.0,2,0.2777777777777778,0.3888888888888889,0.1111111111111111,-0.64,0.0,0.0,0.0,0.0,0.0,0.0,0.0,0.0,0.0,0.0,0.0,0.0,0.0,0.0,0.05555555555555555
stage1d_single_agent_carry_bootstrap,4,1,28517,963,1,120,100,1,0,60.13320541381836,0.0,0.0,1.0,0.1,0.0,0,0,0,6,-1,6,-1,1.0,0,0.0,0.0,0.0,0.0,0.0,0.0,0.0,0.0,0.0,0.0,0.0,0.0,0.0,0.0,0.0,0.0,0.0,0.0,0.16666666666666666
stage1d_single_agent_carry_bootstrap,4,1,28518,964,1,120,100,1,0,59.99599838256836,0.0,0.0,1.0,0.03333333333333333,0.0,0,0,0,1,-1,1,-1,1.0,0,0.0,0.0,0.0,0.0,0.0,0.0,0.0,0.0,0.0,0.0,0.0,0.0,0.0,0.0,0.0,0.0,0.0,0.0,1.0
stage1d_single_agent_carry_bootstrap,4,1,28527,965,1,120,100,1,0,59.74345016479492,0.0,0.0,1.0,0.06666666666666667,0.0,0,0,0,9,-1,9,-1,1.0,1,0.2222222222222222,0.3333333333333333,0.1111111111111111,-0.28,0.0,0.0,0.0,0.0,0.0,0.0,0.0,0.0,0.0,0.0,0.0,0.0,0.0,0.0,0.1111111111111111
stage1d_single_agent_carry_bootstrap,4,1,28529,966,1,120,100,1,0,59.99770736694336,0.0,0.0,1.0,0.06666666666666667,0.0,0,0,0,2,-1,2,-1,1.0,0,0.0,0.0,0.0,0.0,0.0,0.0,0.0,0.0,0.0,0.0,0.0,0.0,0.0,0.0,0.0,0.0,0.0,0.0,0.5
stage1d_single_agent_carry_bootstrap,4,1,28532,967,1,120,100,1,0,60.01626205444336,0.0,0.0,1.0,0.06666666666666667,0.0,0,0,0,3,-1,3,-1,1.0,0,0.0,0.0,0.0,0.0,0.0,0.0,0.0,0.0,0.0,0.0,0.0,0.0,0.0,0.0,0.0,0.0,0.0,0.0,0.3333333333333333
stage1d_single_agent_carry_bootstrap,4,1,28538,968,1,120,100,1,0,59.55868911743164,0.0,0.0,1.0,0.03333333333333333,0.0,0,0,0,6,-1,6,-1,1.0,1,0.5,0.6666666666666666,0.3333333333333333,-0.4,0.0,0.0,0.0,0.0,0.0,0.0,0.0,0.0,0.0,0.0,0.0,0.0,0.0,0.0,0.16666666666666666
stage1d_single_agent_carry_bootstrap,4,1,28542,969,1,120,100,1,0,59.91096496582031,0.0,0.0,1.0,0.06666666666666667,0.0,0,0,0,4,-1,4,-1,1.0,0,0.0,0.25,0.0,-0.08,0.0,0.0,0.0,0.0,0.0,0.0,0.0,0.0,0.0,0.0,0.0,0.0,0.0,0.0,0.25
stage1d_single_agent_carry_bootstrap,4,1,28548,970,1,120,100,1,0,60.14641571044922,0.0,0.0,1.0,0.1,0.0,0,0,0,6,-1,6,-1,1.0,0,0.0,0.0,0.0,0.0,0.0,0.0,0.0,0.0,0.0,0.0,0.0,0.0,0.0,0.0,0.0,0.0,0.0,0.0,0.16666666666666666
stage1d_single_agent_carry_bootstrap,4,1,28552,971,1,120,100,1,0,60.02716827392578,0.0,0.0,1.0,0.06666666666666667,0.0,0,0,0,4,-1,4,-1,1.0,0,0.0,0.0,0.0,0.0,0.0,0.0,0.0,0.0,0.0,0.0,0.0,0.0,0.0,0.0,0.0,0.0,0.0,0.0,0.25
stage1d_single_agent_carry_bootstrap,4,1,28563,972,1,120,100,1,0,59.72542953491211,0.0,0.0,1.0,0.13333333333333333,0.0,0,0,0,11,-1,11,-1,1.0,1,0.2727272727272727,0.36363636363636365,0.09090909090909091,-0.36,0.0,0.0,0.0,0.0,0.0,0.0,0.0,0.0,0.0,0.0,0.0,0.0,0.0,0.0,0.09090909090909091
stage1d_single_agent_carry_bootstrap,4,1,28574,973,1,120,100,1,0,59.871341705322266,0.0,0.0,1.0,0.13333333333333333,0.0,0,0,0,11,-1,11,-1,1.0,1,0.18181818181818182,0.2727272727272727,0.09090909090909091,-0.28,0.0,0.0,0.0,0.0,0.0,0.0,0.0,0.0,0.0,0.0,0.0,0.0,0.0,0.0,0.09090909090909091
stage1d_single_agent_carry_bootstrap,4,1,28587,974,1,120,100,1,0,59.79556655883789,0.0,0.0,1.0,0.16666666666666666,0.0,0,0,0,13,-1,13,-1,1.0,1,0.23076923076923078,0.3076923076923077,0.07692307692307693,-0.36,0.0,0.0,0.0,0.0,0.0,0.0,0.0,0.0,0.0,0.0,0.0,0.0,0.0,0.0,0.07692307692307693
stage1d_single_agent_carry_bootstrap,4,1,28594,975,1,120,100,1,0,59.71677780151367,0.0,0.0,1.0,0.06666666666666667,0.0,0,0,0,7,-1,7,-1,1.0,1,0.2857142857142857,0.42857142857142855,0.14285714285714285,-0.28,0.0,0.0,0.0,0.0,0.0,0.0,0.0,0.0,0.0,0.0,0.0,0.0,0.0,0.0,0.14285714285714285
stage1d_single_agent_carry_bootstrap,4,1,28597,976,1,120,100,1,0,60.02143859863281,0.0,0.0,1.0,0.03333333333333333,0.0,0,0,0,3,-1,3,-1,1.0,0,0.0,0.0,0.0,0.0,0.0,0.0,0.0,0.0,0.0,0.0,0.0,0.0,0.0,0.0,0.0,0.0,0.0,0.0,0.3333333333333333
stage1d_single_agent_carry_bootstrap,4,1,28608,977,1,120,100,1,0,59.827762603759766,0.0,0.0,1.0,0.16666666666666666,0.0,0,0,0,11,-1,11,-1,1.0,1,0.09090909090909091,0.18181818181818182,0.09090909090909091,-0.2,0.0,0.0,0.0,0.0,0.0,0.0,0.0,0.0,0.0,0.0,0.0,0.0,0.0,0.0,0.09090909090909091
stage1d_single_agent_carry_bootstrap,4,1,28611,978,1,120,100,1,0,60.008541107177734,0.0,0.0,1.0,0.06666666666666667,0.0,0,0,0,3,-1,3,-1,1.0,0,0.0,0.0,0.0,0.0,0.0,0.0,0.0,0.0,0.0,0.0,0.0,0.0,0.0,0.0,0.0,0.0,0.0,0.0,0.3333333333333333
stage1d_single_agent_carry_bootstrap,4,1,28615,979,1,120,100,1,0,60.040348052978516,0.0,0.0,1.0,0.1,0.0,0,0,0,4,-1,4,-1,1.0,0,0.0,0.0,0.0,0.0,0.0,0.0,0.0,0.0,0.0,0.0,0.0,0.0,0.0,0.0,0.0,0.0,0.0,0.0,0.25
stage1d_single_agent_carry_bootstrap,4,1,28620,980,1,120,100,1,0,60.11259460449219,0.0,0.0,1.0,0.13333333333333333,0.0,0,0,0,5,-1,5,-1,1.0,0,0.0,0.0,0.0,0.0,0.0,0.0,0.0,0.0,0.0,0.0,0.0,0.0,0.0,0.0,0.0,0.0,0.0,0.0,0.2
stage1d_single_agent_carry_bootstrap,4,1,28625,981,1,120,100,1,0,60.06498336791992,0.0,0.0,1.0,0.1,0.0,0,0,0,5,-1,5,-1,1.0,0,0.0,0.0,0.0,0.0,0.0,0.0,0.0,0.0,0.0,0.0,0.0,0.0,0.0,0.0,0.0,0.0,0.0,0.0,0.2
stage1d_single_agent_carry_bootstrap,4,1,28637,982,1,120,100,1,0,59.853416442871094,0.0,0.0,1.0,0.13333333333333333,0.0,0,0,0,12,-1,12,-1,1.0,1,0.16666666666666666,0.25,0.08333333333333333,-0.28,0.0,0.0,0.0,0.0,0.0,0.0,0.0,0.0,0.0,0.0,0.0,0.0,0.0,0.0,0.08333333333333333
stage1d_single_agent_carry_bootstrap,4,1,28645,983,1,120,100,1,0,60.215423583984375,0.0,0.0,1.0,0.16666666666666666,0.0,0,0,0,8,-1,8,-1,1.0,0,0.0,0.0,0.0,0.0,0.0,0.0,0.0,0.0,0.0,0.0,0.0,0.0,0.0,0.0,0.0,0.0,0.0,0.0,0.125
stage1d_single_agent_carry_bootstrap,4,1,28656,984,1,120,100,1,0,59.68635559082031,0.0,0.0,1.0,0.1,0.0,0,0,0,11,-1,11,-1,1.0,1,0.2727272727272727,0.36363636363636365,0.09090909090909091,-0.36,0.0,0.0,0.0,0.0,0.0,0.0,0.0,0.0,0.0,0.0,0.0,0.0,0.0,0.0,0.09090909090909091
stage1d_single_agent_carry_bootstrap,4,1,28671,985,1,120,100,1,0,59.30665588378906,0.0,0.0,1.0,0.2,0.0,0,0,0,15,-1,15,-1,1.0,1,0.4666666666666667,0.5333333333333333,0.06666666666666667,-0.6799999999999999,0.0,0.0,0.0,0.0,0.0,0.0,0.0,0.0,0.0,0.0,0.0,0.0,0.0,0.0,0.06666666666666667
stage1d_single_agent_carry_bootstrap,4,1,28675,986,1,120,100,1,0,60.031036376953125,0.0,0.0,1.0,0.06666666666666667,0.0,0,0,0,4,-1,4,-1,1.0,0,0.0,0.0,0.0,0.0,0.0,0.0,0.0,0.0,0.0,0.0,0.0,0.0,0.0,0.0,0.0,0.0,0.0,0.0,0.25
stage1d_single_agent_carry_bootstrap,4,1,28679,987,1,120,100,1,0,60.05848693847656,0.0,0.0,1.0,0.06666666666666667,0.0,0,0,0,4,-1,4,-1,1.0,0,0.0,0.0,0.0,0.0,0.0,0.0,0.0,0.0,0.0,0.0,0.0,0.0,0.0,0.0,0.0,0.0,0.0,0.0,0.25
stage1d_single_agent_carry_bootstrap,4,1,28686,988,1,120,100,1,0,59.74851989746094,0.0,0.0,1.0,0.1,0.0,0,0,0,7,-1,7,-1,1.0,0,0.0,0.0,0.0,0.0,0.0,0.0,0.0,0.0,0.0,0.0,0.0,0.0,0.0,0.0,0.0,0.0,0.0,0.0,0.14285714285714285
stage1d_single_agent_carry_bootstrap,4,1,28697,989,1,120,100,1,0,59.27249526977539,0.0,0.0,1.0,0.13333333333333333,0.0,0,0,0,11,-1,11,-1,1.0,1,0.18181818181818182,0.36363636363636365,0.09090909090909091,-0.36000000000000004,0.0,0.0,0.0,0.0,0.0,0.0,0.0,0.0,0.0,0.0,0.0,0.0,0.0,0.0,0.09090909090909091
stage1d_single_agent_carry_bootstrap,4,1,28699,990,1,120,100,1,0,59.99919891357422,0.0,0.0,1.0,0.1,0.0,0,0,0,2,-1,2,-1,1.0,0,0.0,0.0,0.0,0.0,0.0,0.0,0.0,0.0,0.0,0.0,0.0,0.0,0.0,0.0,0.0,0.0,0.0,0.0,0.5
stage1d_single_agent_carry_bootstrap,4,1,28701,991,1,120,100,1,0,60.003177642822266,0.0,0.0,1.0,0.06666666666666667,0.0,0,0,0,2,-1,2,-1,1.0,0,0.0,0.0,0.0,0.0,0.0,0.0,0.0,0.0,0.0,0.0,0.0,0.0,0.0,0.0,0.0,0.0,0.0,0.0,0.5
stage1d_single_agent_carry_bootstrap,4,1,28712,992,1,120,100,1,0,59.21105194091797,0.0,0.0,1.0,0.13333333333333333,0.0,0,0,0,11,-1,11,-1,1.0,1,0.36363636363636365,0.45454545454545453,0.0,-0.4,0.0,0.0,0.0,0.0,0.0,0.0,0.0,0.0,0.0,0.0,0.0,0.0,0.0,0.0,0.09090909090909091
stage1d_single_agent_carry_bootstrap,4,1,28723,993,1,120,100,1,0,59.663841247558594,0.0,0.0,1.0,0.13333333333333333,0.0,0,0,0,11,-1,11,-1,1.0,0,0.0,0.09090909090909091,0.0,-0.08,0.0,0.0,0.0,0.0,0.0,0.0,0.0,0.0,0.0,0.0,0.0,0.0,0.0,0.0,0.09090909090909091
stage1d_single_agent_carry_bootstrap,4,1,28734,994,1,120,100,1,0,59.399436950683594,0.0,0.0,1.0,0.13333333333333333,0.0,0,0,0,11,-1,11,-1,1.0,1,0.18181818181818182,0.2727272727272727,0.09090909090909091,-0.28,0.0,0.0,0.0,0.0,0.0,0.0,0.0,0.0,0.0,0.0,0.0,0.0,0.0,0.0,0.09090909090909091
stage1d_single_agent_carry_bootstrap,4,1,28753,995,1,120,100,1,0,59.37004089355469,0.0,0.0,1.0,0.2,0.0,0,0,0,19,-1,19,-1,1.0,1,0.15789473684210525,0.2631578947368421,0.05263157894736842,-0.44,0.0,0.0,0.0,0.0,0.0,0.0,0.0,0.0,0.0,0.0,0.0,0.0,0.0,0.0,0.05263157894736842
stage1d_single_agent_carry_bootstrap,4,1,28764,996,1,120,100,1,0,59.24748611450195,0.0,0.0,1.0,0.13333333333333333,0.0,0,0,0,11,-1,11,-1,1.0,1,0.09090909090909091,0.18181818181818182,0.0,-0.16,0.0,0.0,0.0,0.0,0.0,0.0,0.0,0.0,0.0,0.0,0.0,0.0,0.0,0.0,0.09090909090909091
stage1d_single_agent_carry_bootstrap,4,1,28768,997,1,120,100,1,0,60.05440139770508,0.0,0.0,1.0,0.06666666666666667,0.0,0,0,0,4,-1,4,-1,1.0,0,0.0,0.0,0.0,0.0,0.0,0.0,0.0,0.0,0.0,0.0,0.0,0.0,0.0,0.0,0.0,0.0,0.0,0.0,0.25
stage1d_single_agent_carry_bootstrap,4,1,28772,998,1,120,100,1,0,60.057987213134766,0.0,0.0,1.0,0.1,0.0,0,0,0,4,-1,4,-1,1.0,0,0.0,0.0,0.0,0.0,0.0,0.0,0.0,0.0,0.0,0.0,0.0,0.0,0.0,0.0,0.0,0.0,0.0,0.0,0.25
stage1d_single_agent_carry_bootstrap,4,1,28788,999,1,120,100,1,0,59.34062576293945,0.0,0.0,1.0,0.13333333333333333,0.0,0,0,0,16,-1,16,-1,1.0,2,0.3125,0.4375,0.125,-0.64,0.0,0.0,0.0,0.0,0.0,0.0,0.0,0.0,0.0,0.0,0.0,0.0,0.0,0.0,0.0625
stage1d_single_agent_carry_bootstrap,4,1,28801,1000,1,120,100,1,0,59.16105651855469,0.0,0.0,1.0,0.13333333333333333,0.0,0,0,0,13,-1,13,-1,1.0,1,0.07692307692307693,0.23076923076923078,0.0,-0.24,0.0,0.0,0.0,0.0,0.0,0.0,0.0,0.0,0.0,0.0,0.0,0.0,0.0,0.0,0.07692307692307693
stage1d_single_agent_carry_bootstrap,4,1,28811,1001,1,120,100,1,0,59.12305450439453,0.0,0.0,1.0,0.1,0.0,0,0,0,10,-1,10,-1,1.0,1,0.4,0.5,0.1,-0.44,0.0,0.0,0.0,0.0,0.0,0.0,0.0,0.0,0.0,0.0,0.0,0.0,0.0,0.0,0.1
stage1d_single_agent_carry_bootstrap,4,1,28817,1002,1,120,100,1,0,60.15000915527344,0.0,0.0,1.0,0.1,0.0,0,0,0,6,-1,6,-1,1.0,0,0.0,0.0,0.0,0.0,0.0,0.0,0.0,0.0,0.0,0.0,0.0,0.0,0.0,0.0,0.0,0.0,0.0,0.0,0.16666666666666666
stage1d_single_agent_carry_bootstrap,4,1,28828,1003,1,120,100,1,0,59.6143684387207,0.0,0.0,1.0,0.13333333333333333,0.0,0,0,0,11,-1,11,-1,1.0,1,0.36363636363636365,0.45454545454545453,0.0,-0.4,0.0,0.0,0.0,0.0,0.0,0.0,0.0,0.0,0.0,0.0,0.0,0.0,0.0,0.0,0.09090909090909091
stage1d_single_agent_carry_bootstrap,4,1,28831,1004,1,120,100,1,0,60.0156135559082,0.0,0.0,1.0,0.06666666666666667,0.0,0,0,0,3,-1,3,-1,1.0,0,0.0,0.0,0.0,0.0,0.0,0.0,0.0,0.0,0.0,0.0,0.0,0.0,0.0,0.0,0.0,0.0,0.0,0.0,0.3333333333333333
stage1d_single_agent_carry_bootstrap,4,1,28844,1005,1,120,100,1,0,59.38602066040039,0.0,0.0,1.0,0.23333333333333334,0.0,0,0,0,13,-1,13,-1,1.0,1,0.15384615384615385,0.23076923076923078,0.07692307692307693,-0.28,0.0,0.0,0.0,0.0,0.0,0.0,0.0,0.0,0.0,0.0,0.0,0.0,0.0,0.0,0.07692307692307693
stage1d_single_agent_carry_bootstrap,4,1,28852,1006,1,120,100,1,0,60.08662414550781,0.0,0.0,1.0,0.2,0.0,0,0,0,8,-1,8,-1,1.0,0,0.0,0.125,0.0,-0.08,0.0,0.0,0.0,0.0,0.0,0.0,0.0,0.0,0.0,0.0,0.0,0.0,0.0,0.0,0.125
stage1d_single_agent_carry_bootstrap,4,1,28864,1007,1,120,100,1,0,59.866703033447266,0.0,0.0,1.0,0.13333333333333333,0.0,0,0,0,12,-1,12,-1,1.0,1,0.16666666666666666,0.25,0.08333333333333333,-0.28,0.0,0.0,0.0,0.0,0.0,0.0,0.0,0.0,0.0,0.0,0.0,0.0,0.0,0.0,0.08333333333333333
stage1d_single_agent_carry_bootstrap,4,1,28875,1008,1,120,100,1,0,59.413352966308594,0.0,0.0,1.0,0.16666666666666666,0.0,0,0,0,11,-1,11,-1,1.0,1,0.18181818181818182,0.2727272727272727,0.09090909090909091,-0.28,0.0,0.0,0.0,0.0,0.0,0.0,0.0,0.0,0.0,0.0,0.0,0.0,0.0,0.0,0.09090909090909091
stage1d_single_agent_carry_bootstrap,4,1,28889,1009,1,120,100,1,0,59.832305908203125,0.0,0.0,1.0,0.23333333333333334,0.0,0,0,0,14,-1,14,-1,1.0,1,0.21428571428571427,0.2857142857142857,0.07142857142857142,-0.36,0.0,0.0,0.0,0.0,0.0,0.0,0.0,0.0,0.0,0.0,0.0,0.0,0.0,0.0,0.07142857142857142
stage1d_single_agent_carry_bootstrap,4,1,28897,1010,1,120,100,1,0,60.186458587646484,0.0,0.0,1.0,0.16666666666666666,0.0,0,0,0,8,-1,8,-1,1.0,0,0.0,0.0,0.0,0.0,0.0,0.0,0.0,0.0,0.0,0.0,0.0,0.0,0.0,0.0,0.0,0.0,0.0,0.0,0.125
stage1d_single_agent_carry_bootstrap,4,1,28909,1011,1,120,100,1,0,59.95982360839844,0.0,0.0,1.0,0.16666666666666666,0.0,0,0,0,12,-1,12,-1,1.0,1,0.08333333333333333,0.16666666666666666,0.08333333333333333,-0.2,0.0,0.0,0.0,0.0,0.0,0.0,0.0,0.0,0.0,0.0,0.0,0.0,0.0,0.0,0.08333333333333333
stage1d_single_agent_carry_bootstrap,4,1,28924,1012,1,120,100,1,0,58.92454147338867,0.0,0.0,1.0,0.23333333333333334,0.0,0,0,0,15,-1,15,-1,1.0,1,0.2,0.26666666666666666,0.0,-0.32,0.0,0.0,0.0,0.0,0.0,0.0,0.0,0.0,0.0,0.0,0.0,0.0,0.0,0.0,0.06666666666666667
stage1d_single_agent_carry_bootstrap,4,1,28931,1013,1,120,100,1,0,60.12718963623047,0.0,0.0,1.0,0.1,0.0,0,0,0,7,-1,7,-1,1.0,0,0.0,0.0,0.0,0.0,0.0,0.0,0.0,0.0,0.0,0.0,0.0,0.0,0.0,0.0,0.0,0.0,0.0,0.0,0.14285714285714285
stage1d_single_agent_carry_bootstrap,4,1,28941,1014,1,120,100,1,0,59.91013717651367,0.0,0.0,1.0,0.13333333333333333,0.0,0,0,0,10,-1,10,-1,1.0,1,0.1,0.2,0.1,-0.2,0.0,0.0,0.0,0.0,0.0,0.0,0.0,0.0,0.0,0.0,0.0,0.0,0.0,0.0,0.1
stage1d_single_agent_carry_bootstrap,4,1,28951,1015,1,120,100,1,0,59.31787109375,0.0,0.0,1.0,0.1,0.0,0,0,0,10,-1,10,-1,1.0,0,0.0,0.1,0.0,-0.08,0.0,0.0,0.0,0.0,0.0,0.0,0.0,0.0,0.0,0.0,0.0,0.0,0.0,0.0,0.1
stage1d_single_agent_carry_bootstrap,4,1,28953,1016,1,120,100,1,0,60.00159454345703,0.0,0.0,1.0,0.03333333333333333,0.0,0,0,0,2,-1,2,-1,1.0,0,0.0,0.0,0.0,0.0,0.0,0.0,0.0,0.0,0.0,0.0,0.0,0.0,0.0,0.0,0.0,0.0,0.0,0.0,0.5
stage1d_single_agent_carry_bootstrap,4,1,28963,1017,1,120,100,1,0,59.782379150390625,0.0,0.0,1.0,0.1,0.0,0,0,0,10,-1,10,-1,1.0,1,0.2,0.3,0.1,-0.28,0.0,0.0,0.0,0.0,0.0,0.0,0.0,0.0,0.0,0.0,0.0,0.0,0.0,0.0,0.1
stage1d_single_agent_carry_bootstrap,4,1,28965,1018,1,120,100,1,0,60.00322341918945,0.0,0.0,1.0,0.06666666666666667,0.0,0,0,0,2,-1,2,-1,1.0,0,0.0,0.0,0.0,0.0,0.0,0.0,0.0,0.0,0.0,0.0,0.0,0.0,0.0,0.0,0.0,0.0,0.0,0.0,0.5
stage1d_single_agent_carry_bootstrap,4,1,28970,1019,1,120,100,1,0,60.03669738769531,0.0,0.0,1.0,0.06666666666666667,0.0,0,0,0,5,-1,5,-1,1.0,0,0.0,0.0,0.0,0.0,0.0,0.0,0.0,0.0,0.0,0.0,0.0,0.0,0.0,0.0,0.0,0.0,0.0,0.0,0.2
stage1d_single_agent_carry_bootstrap,4,1,28982,1020,1,120,100,1,0,59.710113525390625,0.0,0.0,1.0,0.13333333333333333,0.0,0,0,0,12,-1,12,-1,1.0,1,0.25,0.3333333333333333,0.08333333333333333,-0.36,0.0,0.0,0.0,0.0,0.0,0.0,0.0,0.0,0.0,0.0,0.0,0.0,0.0,0.0,0.08333333333333333
stage1d_single_agent_carry_bootstrap,4,1,28990,1021,1,120,100,1,0,59.832767486572266,0.0,0.0,1.0,0.06666666666666667,0.0,0,0,0,8,-1,8,-1,1.0,1,0.125,0.25,0.125,-0.2,0.0,0.0,0.0,0.0,0.0,0.0,0.0,0.0,0.0,0.0,0.0,0.0,0.0,0.0,0.125
stage1d_single_agent_carry_bootstrap,4,1,29004,1022,1,120,100,1,0,59.841949462890625,0.0,0.0,1.0,0.2,0.0,0,0,0,14,-1,14,-1,1.0,1,0.21428571428571427,0.2857142857142857,0.07142857142857142,-0.36,0.0,0.0,0.0,0.0,0.0,0.0,0.0,0.0,0.0,0.0,0.0,0.0,0.0,0.0,0.07142857142857142
stage1d_single_agent_carry_bootstrap,4,1,29024,1023,1,120,100,1,0,58.91767120361328,0.0,0.0,1.0,0.26666666666666666,0.0,0,0,0,20,-1,20,-1,1.0,1,0.5,0.6,0.05,-0.9999999999999998,0.0,0.0,0.0,0.0,0.0,0.0,0.0,0.0,0.0,0.0,0.0,0.0,0.0,0.0,0.05
stage1d_single_agent_carry_bootstrap,4,1,29035,1024,1,120,100,1,0,59.610103607177734,0.0,0.0,1.0,0.13333333333333333,0.0,0,0,0,11,-1,11,-1,1.0,2,0.18181818181818182,0.36363636363636365,0.18181818181818182,-0.4,0.0,0.0,0.0,0.0,0.0,0.0,0.0,0.0,0.0,0.0,0.0,0.0,0.0,0.0,0.09090909090909091
stage1d_single_agent_carry_bootstrap,4,1,29040,1025,1,120,100,1,0,60.109310150146484,0.0,0.0,1.0,0.1,0.0,0,0,0,5,-1,5,-1,1.0,0,0.0,0.0,0.0,0.0,0.0,0.0,0.0,0.0,0.0,0.0,0.0,0.0,0.0,0.0,0.0,0.0,0.0,0.0,0.2
stage1d_single_agent_carry_bootstrap,4,1,29052,1026,1,120,100,1,0,59.74943161010742,0.0,0.0,1.0,0.16666666666666666,0.0,0,0,0,12,-1,12,-1,1.0,1,0.25,0.3333333333333333,0.0,-0.32,0.0,0.0,0.0,0.0,0.0,0.0,0.0,0.0,0.0,0.0,0.0,0.0,0.0,0.0,0.08333333333333333
stage1d_single_agent_carry_bootstrap,4,1,29066,1027,1,120,100,1,0,59.637264251708984,0.0,0.0,1.0,0.23333333333333334,0.0,0,0,0,14,-1,14,-1,1.0,1,0.2857142857142857,0.35714285714285715,0.0,-0.4,0.0,0.0,0.0,0.0,0.0,0.0,0.0,0.0,0.0,0.0,0.0,0.0,0.0,0.0,0.07142857142857142
stage1d_single_agent_carry_bootstrap,4,1,29077,1028,1,120,100,1,0,59.56061553955078,0.0,0.0,1.0,0.2,0.0,0,0,0,11,-1,11,-1,1.0,1,0.18181818181818182,0.2727272727272727,0.0,-0.24,0.0,0.0,0.0,0.0,0.0,0.0,0.0,0.0,0.0,0.0,0.0,0.0,0.0,0.0,0.09090909090909091
stage1d_single_agent_carry_bootstrap,4,1,29089,1029,1,120,100,1,0,59.86101150512695,0.0,0.0,1.0,0.13333333333333333,0.0,0,0,0,12,-1,12,-1,1.0,1,0.16666666666666666,0.25,0.08333333333333333,-0.28,0.0,0.0,0.0,0.0,0.0,0.0,0.0,0.0,0.0,0.0,0.0,0.0,0.0,0.0,0.08333333333333333
stage1d_single_agent_carry_bootstrap,4,1,29102,1030,1,120,100,1,0,59.22813415527344,0.0,0.0,1.0,0.16666666666666666,0.0,0,0,0,13,-1,13,-1,1.0,1,0.3076923076923077,0.38461538461538464,0.07692307692307693,-0.44,0.0,0.0,0.0,0.0,0.0,0.0,0.0,0.0,0.0,0.0,0.0,0.0,0.0,0.0,0.07692307692307693
stage1d_single_agent_carry_bootstrap,4,1,29109,1031,1,120,100,1,0,59.79380798339844,0.0,0.0,1.0,0.03333333333333333,0.0,0,0,0,7,-1,7,-1,1.0,1,0.14285714285714285,0.2857142857142857,0.14285714285714285,-0.2,0.0,0.0,0.0,0.0,0.0,0.0,0.0,0.0,0.0,0.0,0.0,0.0,0.0,0.0,0.14285714285714285
stage1d_single_agent_carry_bootstrap,4,1,29118,1032,1,120,100,1,0,59.761558532714844,0.0,0.0,1.0,0.13333333333333333,0.0,0,0,0,9,-1,9,-1,1.0,1,0.2222222222222222,0.3333333333333333,0.1111111111111111,-0.28,0.0,0.0,0.0,0.0,0.0,0.0,0.0,0.0,0.0,0.0,0.0,0.0,0.0,0.0,0.1111111111111111
stage1d_single_agent_carry_bootstrap,4,1,29131,1033,1,120,100,1,0,59.89797592163086,0.0,0.0,1.0,0.2,0.0,0,0,0,13,-1,13,-1,1.0,1,0.15384615384615385,0.23076923076923078,0.07692307692307693,-0.28,0.0,0.0,0.0,0.0,0.0,0.0,0.0,0.0,0.0,0.0,0.0,0.0,0.0,0.0,0.07692307692307693
stage1d_single_agent_carry_bootstrap,4,1,29138,1034,1,120,100,1,0,59.57905578613281,0.0,0.0,1.0,0.13333333333333333,0.0,0,0,0,7,-1,7,-1,1.0,0,0.0,0.14285714285714285,0.0,-0.08,0.0,0.0,0.0,0.0,0.0,0.0,0.0,0.0,0.0,0.0,0.0,0.0,0.0,0.0,0.14285714285714285
stage1d_single_agent_carry_bootstrap,4,1,29149,1035,1,120,100,1,0,59.64668273925781,0.0,0.0,1.0,0.13333333333333333,0.0,0,0,0,11,-1,11,-1,1.0,1,0.2727272727272727,0.36363636363636365,0.09090909090909091,-0.36,0.0,0.0,0.0,0.0,0.0,0.0,0.0,0.0,0.0,0.0,0.0,0.0,0.0,0.0,0.09090909090909091
stage1d_single_agent_carry_bootstrap,4,1,29159,1036,1,120,100,1,0,59.925296783447266,0.0,0.0,1.0,0.16666666666666666,0.0,0,0,0,10,-1,10,-1,1.0,1,0.1,0.2,0.1,-0.2,0.0,0.0,0.0,0.0,0.0,0.0,0.0,0.0,0.0,0.0,0.0,0.0,0.0,0.0,0.1
stage1d_single_agent_carry_bootstrap,4,1,29169,1037,1,120,100,1,0,59.648502349853516,0.0,0.0,1.0,0.1,0.0,0,0,0,10,-1,10,-1,1.0,1,0.3,0.4,0.1,-0.36,0.0,0.0,0.0,0.0,0.0,0.0,0.0,0.0,0.0,0.0,0.0,0.0,0.0,0.0,0.1
stage1d_single_agent_carry_bootstrap,4,1,29177,1038,1,120,100,1,0,59.5910758972168,0.0,0.0,1.0,0.13333333333333333,0.0,0,0,0,8,-1,8,-1,1.0,0,0.0,0.125,0.0,-0.08,0.0,0.0,0.0,0.0,0.0,0.0,0.0,0.0,0.0,0.0,0.0,0.0,0.0,0.0,0.125
stage1d_single_agent_carry_bootstrap,4,1,29188,1039,1,120,100,1,0,59.91627502441406,0.0,0.0,1.0,0.23333333333333334,0.0,0,0,0,11,-1,11,-1,1.0,1,0.09090909090909091,0.18181818181818182,0.0,-0.16,0.0,0.0,0.0,0.0,0.0,0.0,0.0,0.0,0.0,0.0,0.0,0.0,0.0,0.0,0.09090909090909091
stage1d_single_agent_carry_bootstrap,4,1,29199,1040,1,120,100,1,0,59.65301513671875,0.0,0.0,1.0,0.16666666666666666,0.0,0,0,0,11,-1,11,-1,1.0,1,0.09090909090909091,0.18181818181818182,0.0,-0.16,0.0,0.0,0.0,0.0,0.0,0.0,0.0,0.0,0.0,0.0,0.0,0.0,0.0,0.0,0.09090909090909091
stage1d_single_agent_carry_bootstrap,4,1,29207,1041,1,120,100,1,0,60.001129150390625,0.0,0.0,1.0,0.16666666666666666,0.0,0,0,0,8,-1,8,-1,1.0,0,0.0,0.125,0.0,-0.08,0.0,0.0,0.0,0.0,0.0,0.0,0.0,0.0,0.0,0.0,0.0,0.0,0.0,0.0,0.125
stage1d_single_agent_carry_bootstrap,4,1,29222,1042,1,120,100,1,0,59.423370361328125,0.0,0.0,1.0,0.26666666666666666,0.0,0,0,0,15,-1,15,-1,1.0,1,0.4,0.4666666666666667,0.0,-0.56,0.0,0.0,0.0,0.0,0.0,0.0,0.0,0.0,0.0,0.0,0.0,0.0,0.0,0.0,0.06666666666666667
stage1d_single_agent_carry_bootstrap,4,1,29237,1043,1,120,100,1,0,59.72196960449219,0.0,0.0,1.0,0.2,0.0,0,0,0,15,-1,15,-1,1.0,1,0.26666666666666666,0.3333333333333333,0.13333333333333333,-0.48000000000000004,0.0,0.0,0.0,0.0,0.0,0.0,0.0,0.0,0.0,0.0,0.0,0.0,0.0,0.0,0.06666666666666667
stage1d_single_agent_carry_bootstrap,4,1,29245,1044,1,120,100,1,0,59.382755279541016,0.0,0.0,1.0,0.13333333333333333,0.0,0,0,0,8,-1,8,-1,1.0,1,0.25,0.375,0.0,-0.24,0.0,0.0,0.0,0.0,0.0,0.0,0.0,0.0,0.0,0.0,0.0,0.0,0.0,0.0,0.125
stage1d_single_agent_carry_bootstrap,4,1,29255,1045,1,120,100,1,0,59.69032287597656,0.0,0.0,1.0,0.1,0.0,0,0,0,10,-1,10,-1,1.0,1,0.3,0.4,0.2,-0.4,0.0,0.0,0.0,0.0,0.0,0.0,0.0,0.0,0.0,0.0,0.0,0.0,0.0,0.0,0.1
stage1d_single_agent_carry_bootstrap,4,1,29256,1046,1,120,100,1,0,59.99599838256836,0.0,0.0,1.0,0.06666666666666667,0.0,0,0,0,1,-1,1,-1,1.0,0,0.0,0.0,0.0,0.0,0.0,0.0,0.0,0.0,0.0,0.0,0.0,0.0,0.0,0.0,0.0,0.0,0.0,0.0,1.0
stage1d_single_agent_carry_bootstrap,4,1,29268,1047,1,120,100,1,0,59.72715759277344,0.0,0.0,1.0,0.13333333333333333,0.0,0,0,0,12,-1,12,-1,1.0,1,0.25,0.3333333333333333,0.08333333333333333,-0.36,0.0,0.0,0.0,0.0,0.0,0.0,0.0,0.0,0.0,0.0,0.0,0.0,0.0,0.0,0.08333333333333333
stage1d_single_agent_carry_bootstrap,4,1,29279,1048,1,120,100,1,0,59.09843826293945,0.0,0.0,1.0,0.1,0.0,0,0,0,11,-1,11,-1,1.0,1,0.09090909090909091,0.18181818181818182,0.0,-0.16,0.0,0.0,0.0,0.0,0.0,0.0,0.0,0.0,0.0,0.0,0.0,0.0,0.0,0.0,0.09090909090909091
stage1d_single_agent_carry_bootstrap,4,1,29281,1049,1,120,100,1,0,60.00144958496094,0.0,0.0,1.0,0.03333333333333333,0.0,0,0,0,2,-1,2,-1,1.0,0,0.0,0.0,0.0,0.0,0.0,0.0,0.0,0.0,0.0,0.0,0.0,0.0,0.0,0.0,0.0,0.0,0.0,0.0,0.5
stage1d_single_agent_carry_bootstrap,4,1,29285,1050,1,120,100,1,0,60.036048889160156,0.0,0.0,1.0,0.1,0.0,0,0,0,4,-1,4,-1,1.0,0,0.0,0.0,0.0,0.0,0.0,0.0,0.0,0.0,0.0,0.0,0.0,0.0,0.0,0.0,0.0,0.0,0.0,0.0,0.25
stage1d_single_agent_carry_bootstrap,4,1,29298,1051,1,120,100,1,0,59.9218635559082,0.0,0.0,1.0,0.23333333333333334,0.0,0,0,0,13,-1,13,-1,1.0,1,0.15384615384615385,0.23076923076923078,0.07692307692307693,-0.28,0.0,0.0,0.0,0.0,0.0,0.0,0.0,0.0,0.0,0.0,0.0,0.0,0.0,0.0,0.07692307692307693
stage1d_single_agent_carry_bootstrap,4,1,29307,1052,1,120,100,1,0,59.390968322753906,0.0,0.0,1.0,0.06666666666666667,0.0,0,0,0,9,-1,9,-1,1.0,1,0.5555555555555556,0.6666666666666666,0.2222222222222222,-0.56,0.0,0.0,0.0,0.0,0.0,0.0,0.0,0.0,0.0,0.0,0.0,0.0,0.0,0.0,0.1111111111111111
stage1d_single_agent_carry_bootstrap,4,1,29311,1053,1,120,100,1,0,60.0523681640625,0.0,0.0,1.0,0.1,0.0,0,0,0,4,-1,4,-1,1.0,0,0.0,0.0,0.0,0.0,0.0,0.0,0.0,0.0,0.0,0.0,0.0,0.0,0.0,0.0,0.0,0.0,0.0,0.0,0.25
stage1d_single_agent_carry_bootstrap,4,1,29317,1054,1,120,100,1,0,60.13758850097656,0.0,0.0,1.0,0.13333333333333333,0.0,0,0,0,6,-1,6,-1,1.0,0,0.0,0.0,0.0,0.0,0.0,0.0,0.0,0.0,0.0,0.0,0.0,0.0,0.0,0.0,0.0,0.0,0.0,0.0,0.16666666666666666
stage1d_single_agent_carry_bootstrap,4,1,29328,1055,1,120,100,1,0,59.95231246948242,0.0,0.0,1.0,0.16666666666666666,0.0,0,0,0,11,-1,11,-1,1.0,1,0.09090909090909091,0.18181818181818182,0.09090909090909091,-0.2,0.0,0.0,0.0,0.0,0.0,0.0,0.0,0.0,0.0,0.0,0.0,0.0,0.0,0.0,0.09090909090909091
stage1d_single_agent_carry_bootstrap,4,1,29338,1056,1,120,100,1,0,59.86818313598633,0.0,0.0,1.0,0.1,0.0,0,0,0,10,-1,10,-1,1.0,1,0.1,0.2,0.1,-0.2,0.0,0.0,0.0,0.0,0.0,0.0,0.0,0.0,0.0,0.0,0.0,0.0,0.0,0.0,0.1
stage1d_single_agent_carry_bootstrap,4,1,29344,1057,1,120,100,1,0,60.13127136230469,0.0,0.0,1.0,0.13333333333333333,0.0,0,0,0,6,-1,6,-1,1.0,0,0.0,0.0,0.0,0.0,0.0,0.0,0.0,0.0,0.0,0.0,0.0,0.0,0.0,0.0,0.0,0.0,0.0,0.0,0.16666666666666666
stage1d_single_agent_carry_bootstrap,4,1,29347,1058,1,120,100,1,0,60.014060974121094,0.0,0.0,1.0,0.13333333333333333,0.0,0,0,0,3,-1,3,-1,1.0,0,0.0,0.0,0.0,0.0,0.0,0.0,0.0,0.0,0.0,0.0,0.0,0.0,0.0,0.0,0.0,0.0,0.0,0.0,0.3333333333333333
stage1d_single_agent_carry_bootstrap,4,1,29364,1059,1,120,100,1,0,58.98694610595703,0.0,0.0,1.0,0.13333333333333333,0.0,0,0,0,17,-1,17,-1,1.0,2,0.47058823529411764,0.5882352941176471,0.17647058823529413,-0.9199999999999999,0.0,0.0,0.0,0.0,0.0,0.0,0.0,0.0,0.0,0.0,0.0,0.0,0.0,0.0,0.058823529411764705
stage1d_single_agent_carry_bootstrap,4,1,29366,1060,1,120,100,1,0,59.997676849365234,0.0,0.0,1.0,0.03333333333333333,0.0,0,0,0,2,-1,2,-1,1.0,0,0.0,0.0,0.0,0.0,0.0,0.0,0.0,0.0,0.0,0.0,0.0,0.0,0.0,0.0,0.0,0.0,0.0,0.0,0.5
stage1d_single_agent_carry_bootstrap,4,1,29381,1061,1,120,100,1,0,59.306053161621094,0.0,0.0,1.0,0.23333333333333334,0.0,0,0,0,15,-1,15,-1,1.0,1,0.2,0.3333333333333333,0.0,-0.4,0.0,0.0,0.0,0.0,0.0,0.0,0.0,0.0,0.0,0.0,0.0,0.0,0.0,0.0,0.06666666666666667
stage1d_single_agent_carry_bootstrap,4,1,29387,1062,1,120,100,1,0,60.08107376098633,0.0,0.0,1.0,0.13333333333333333,0.0,0,0,0,6,-1,6,-1,1.0,0,0.0,0.0,0.0,0.0,0.0,0.0,0.0,0.0,0.0,0.0,0.0,0.0,0.0,0.0,0.0,0.0,0.0,0.0,0.16666666666666666
stage1d_single_agent_carry_bootstrap,4,1,29390,1063,1,120,100,1,0,60.00760269165039,0.0,0.0,1.0,0.06666666666666667,0.0,0,0,0,3,-1,3,-1,1.0,0,0.0,0.0,0.0,0.0,0.0,0.0,0.0,0.0,0.0,0.0,0.0,0.0,0.0,0.0,0.0,0.0,0.0,0.0,0.3333333333333333
stage1d_single_agent_carry_bootstrap,4,1,29399,1064,1,120,100,1,0,59.574119567871094,0.0,0.0,1.0,0.1,0.0,0,0,0,9,-1,9,-1,1.0,1,0.2222222222222222,0.4444444444444444,0.2222222222222222,-0.4,0.0,0.0,0.0,0.0,0.0,0.0,0.0,0.0,0.0,0.0,0.0,0.0,0.0,0.0,0.1111111111111111
stage1d_single_agent_carry_bootstrap,4,1,29404,1065,1,120,100,1,0,60.09868240356445,0.0,0.0,1.0,0.1,0.0,0,0,0,5,-1,5,-1,1.0,0,0.0,0.0,0.0,0.0,0.0,0.0,0.0,0.0,0.0,0.0,0.0,0.0,0.0,0.0,0.0,0.0,0.0,0.0,0.2
stage1d_single_agent_carry_bootstrap,4,1,29414,1066,1,120,100,1,0,60.01071548461914,0.0,0.0,1.0,0.16666666666666666,0.0,0,0,0,10,-1,10,-1,1.0,1,0.1,0.2,0.0,-0.16,0.0,0.0,0.0,0.0,0.0,0.0,0.0,0.0,0.0,0.0,0.0,0.0,0.0,0.0,0.1
stage1d_single_agent_carry_bootstrap,4,1,29425,1067,1,120,100,1,0,59.83232498168945,0.0,0.0,1.0,0.16666666666666666,0.0,0,0,0,11,-1,11,-1,1.0,1,0.18181818181818182,0.2727272727272727,0.09090909090909091,-0.28,0.0,0.0,0.0,0.0,0.0,0.0,0.0,0.0,0.0,0.0,0.0,0.0,0.0,0.0,0.09090909090909091
stage1d_single_agent_carry_bootstrap,4,1,29438,1068,1,120,100,1,0,59.91807174682617,0.0,0.0,1.0,0.23333333333333334,0.0,0,0,0,13,-1,13,-1,1.0,1,0.15384615384615385,0.23076923076923078,0.07692307692307693,-0.28,0.0,0.0,0.0,0.0,0.0,0.0,0.0,0.0,0.0,0.0,0.0,0.0,0.0,0.0,0.07692307692307693
stage1d_single_agent_carry_bootstrap,4,1,29447,1069,1,120,100,1,0,58.786582946777344,0.0,0.0,1.0,0.1,0.0,0,0,0,9,-1,9,-1,1.0,1,0.3333333333333333,0.5555555555555556,0.0,-0.4,0.0,0.0,0.0,0.0,0.0,0.0,0.0,0.0,0.0,0.0,0.0,0.0,0.0,0.0,0.1111111111111111
stage1d_single_agent_carry_bootstrap,4,1,29449,1070,1,120,100,1,0,60.00303649902344,0.0,0.0,1.0,0.06666666666666667,0.0,0,0,0,2,-1,2,-1,1.0,0,0.0,0.0,0.0,0.0,0.0,0.0,0.0,0.0,0.0,0.0,0.0,0.0,0.0,0.0,0.0,0.0,0.0,0.0,0.5
stage1d_single_agent_carry_bootstrap,4,1,29458,1071,1,120,100,1,0,59.351322174072266,0.0,0.0,1.0,0.1,0.0,0,0,0,9,-1,9,-1,1.0,1,0.2222222222222222,0.3333333333333333,0.1111111111111111,-0.28,0.0,0.0,0.0,0.0,0.0,0.0,0.0,0.0,0.0,0.0,0.0,0.0,0.0,0.0,0.1111111111111111
stage1d_single_agent_carry_bootstrap,4,1,29473,1072,1,120,100,1,0,59.458351135253906,0.0,0.0,1.0,0.23333333333333334,0.0,0,0,0,15,-1,15,-1,1.0,1,0.06666666666666667,0.2,0.0,-0.24,0.0,0.0,0.0,0.0,0.0,0.0,0.0,0.0,0.0,0.0,0.0,0.0,0.0,0.0,0.06666666666666667
stage1d_single_agent_carry_bootstrap,4,1,29483,1073,1,120,100,1,0,59.51051330566406,0.0,0.0,1.0,0.06666666666666667,0.0,0,0,0,10,-1,10,-1,1.0,2,0.3,0.5,0.2,-0.48000000000000004,0.0,0.0,0.0,0.0,0.0,0.0,0.0,0.0,0.0,0.0,0.0,0.0,0.0,0.0,0.1
stage1d_single_agent_carry_bootstrap,4,1,29498,1074,1,120,100,1,0,59.57144546508789,0.0,0.0,1.0,0.23333333333333334,0.0,0,0,0,15,-1,15,-1,1.0,1,0.06666666666666667,0.13333333333333333,0.06666666666666667,-0.2,0.0,0.0,0.0,0.0,0.0,0.0,0.0,0.0,0.0,0.0,0.0,0.0,0.0,0.0,0.06666666666666667
stage1d_single_agent_carry_bootstrap,4,1,29509,1075,1,120,100,1,0,59.70353698730469,0.0,0.0,1.0,0.1,0.0,0,0,0,11,-1,11,-1,1.0,1,0.2727272727272727,0.36363636363636365,0.09090909090909091,-0.36,0.0,0.0,0.0,0.0,0.0,0.0,0.0,0.0,0.0,0.0,0.0,0.0,0.0,0.0,0.09090909090909091
stage1d_single_agent_carry_bootstrap,4,1,29519,1076,1,120,100,1,0,59.779727935791016,0.0,0.0,1.0,0.13333333333333333,0.0,0,0,0,10,-1,10,-1,1.0,1,0.2,0.3,0.1,-0.28,0.0,0.0,0.0,0.0,0.0,0.0,0.0,0.0,0.0,0.0,0.0,0.0,0.0,0.0,0.1
stage1d_single_agent_carry_bootstrap,4,1,29530,1077,1,120,100,1,0,59.79143524169922,0.0,0.0,1.0,0.1,0.0,0,0,0,11,-1,11,-1,1.0,1,0.18181818181818182,0.2727272727272727,0.09090909090909091,-0.28,0.0,0.0,0.0,0.0,0.0,0.0,0.0,0.0,0.0,0.0,0.0,0.0,0.0,0.0,0.09090909090909091
stage1d_single_agent_carry_bootstrap,4,1,29534,1078,1,120,100,1,0,60.05961608886719,0.0,0.0,1.0,0.13333333333333333,0.0,0,0,0,4,-1,4,-1,1.0,0,0.0,0.0,0.0,0.0,0.0,0.0,0.0,0.0,0.0,0.0,0.0,0.0,0.0,0.0,0.0,0.0,0.0,0.0,0.25
stage1d_single_agent_carry_bootstrap,4,1,29543,1079,1,120,100,1,0,59.73114013671875,0.0,0.0,1.0,0.1,0.0,0,0,0,9,-1,9,-1,1.0,1,0.2222222222222222,0.3333333333333333,0.1111111111111111,-0.28,0.0,0.0,0.0,0.0,0.0,0.0,0.0,0.0,0.0,0.0,0.0,0.0,0.0,0.0,0.1111111111111111
stage1d_single_agent_carry_bootstrap,4,1,29555,1080,1,120,100,1,0,59.72917556762695,0.0,0.0,1.0,0.13333333333333333,0.0,0,0,0,12,-1,12,-1,1.0,1,0.25,0.3333333333333333,0.08333333333333333,-0.36,0.0,0.0,0.0,0.0,0.0,0.0,0.0,0.0,0.0,0.0,0.0,0.0,0.0,0.0,0.08333333333333333
stage1d_single_agent_carry_bootstrap,4,1,29568,1081,1,120,100,1,0,59.208370208740234,0.0,0.0,1.0,0.13333333333333333,0.0,0,0,0,13,-1,13,-1,1.0,1,0.5384615384615384,0.6153846153846154,0.15384615384615385,-0.72,0.0,0.0,0.0,0.0,0.0,0.0,0.0,0.0,0.0,0.0,0.0,0.0,0.0,0.0,0.07692307692307693
stage1d_single_agent_carry_bootstrap,4,1,29579,1082,1,120,100,1,0,58.86466979980469,0.0,0.0,1.0,0.1,0.0,0,0,0,11,-1,11,-1,1.0,1,0.18181818181818182,0.36363636363636365,0.09090909090909091,-0.36000000000000004,0.0,0.0,0.0,0.0,0.0,0.0,0.0,0.0,0.0,0.0,0.0,0.0,0.0,0.0,0.09090909090909091
stage1d_single_agent_carry_bootstrap,4,1,29585,1083,1,120,100,1,0,60.138954162597656,0.0,0.0,1.0,0.1,0.0,0,0,0,6,-1,6,-1,1.0,0,0.0,0.0,0.0,0.0,0.0,0.0,0.0,0.0,0.0,0.0,0.0,0.0,0.0,0.0,0.0,0.0,0.0,0.0,0.16666666666666666
stage1d_single_agent_carry_bootstrap,4,1,29613,1084,1,120,100,1,0,58.131927490234375,0.0,0.0,1.0,0.23333333333333334,0.0,0,0,0,28,-1,28,-1,1.0,3,0.4642857142857143,0.5714285714285714,0.10714285714285714,-1.4,0.0,0.0,0.0,0.0,0.0,0.0,0.0,0.0,0.0,0.0,0.0,0.0,0.0,0.0,0.03571428571428571
stage1d_single_agent_carry_bootstrap,4,1,29623,1085,1,120,100,1,0,59.668949127197266,0.0,0.0,1.0,0.1,0.0,0,0,0,10,-1,10,-1,1.0,1,0.3,0.4,0.1,-0.36,0.0,0.0,0.0,0.0,0.0,0.0,0.0,0.0,0.0,0.0,0.0,0.0,0.0,0.0,0.1
stage1d_single_agent_carry_bootstrap,4,1,29626,1086,1,120,100,1,0,59.517822265625,0.0,0.0,1.0,0.03333333333333333,0.0,0,0,0,3,-1,3,-1,1.0,0,0.0,0.3333333333333333,0.0,-0.08,0.0,0.0,0.0,0.0,0.0,0.0,0.0,0.0,0.0,0.0,0.0,0.0,0.0,0.0,0.3333333333333333
stage1d_single_agent_carry_bootstrap,4,1,29627,1087,1,120,100,1,0,59.99599838256836,0.0,0.0,1.0,0.03333333333333333,0.0,0,0,0,1,-1,1,-1,1.0,0,0.0,0.0,0.0,0.0,0.0,0.0,0.0,0.0,0.0,0.0,0.0,0.0,0.0,0.0,0.0,0.0,0.0,0.0,1.0
stage1d_single_agent_carry_bootstrap,4,1,29639,1088,1,120,100,1,0,59.702606201171875,0.0,0.0,1.0,0.1,0.0,0,0,0,12,-1,12,-1,1.0,2,0.16666666666666666,0.3333333333333333,0.16666666666666666,-0.4,0.0,0.0,0.0,0.0,0.0,0.0,0.0,0.0,0.0,0.0,0.0,0.0,0.0,0.0,0.08333333333333333
stage1d_single_agent_carry_bootstrap,4,1,29646,1089,1,120,100,1,0,59.70453643798828,0.0,0.0,1.0,0.1,0.0,0,0,0,7,-1,7,-1,1.0,1,0.2857142857142857,0.42857142857142855,0.0,-0.24,0.0,0.0,0.0,0.0,0.0,0.0,0.0,0.0,0.0,0.0,0.0,0.0,0.0,0.0,0.14285714285714285
stage1d_single_agent_carry_bootstrap,4,1,29660,1090,1,120,100,1,0,59.528812408447266,0.0,0.0,1.0,0.16666666666666666,0.0,0,0,0,14,-1,14,-1,1.0,1,0.07142857142857142,0.21428571428571427,0.0,-0.24,0.0,0.0,0.0,0.0,0.0,0.0,0.0,0.0,0.0,0.0,0.0,0.0,0.0,0.0,0.07142857142857142
stage1d_single_agent_carry_bootstrap,4,1,29671,1091,1,120,100,1,0,59.186012268066406,0.0,0.0,1.0,0.13333333333333333,0.0,0,0,0,11,-1,11,-1,1.0,1,0.2727272727272727,0.45454545454545453,0.09090909090909091,-0.44,0.0,0.0,0.0,0.0,0.0,0.0,0.0,0.0,0.0,0.0,0.0,0.0,0.0,0.0,0.09090909090909091
stage1d_single_agent_carry_bootstrap,4,1,29674,1092,1,120,100,1,0,59.77431106567383,0.0,0.0,1.0,0.03333333333333333,0.0,0,0,0,3,-1,3,-1,1.0,1,0.3333333333333333,0.6666666666666666,0.3333333333333333,-0.2,0.0,0.0,0.0,0.0,0.0,0.0,0.0,0.0,0.0,0.0,0.0,0.0,0.0,0.0,0.3333333333333333
stage1d_single_agent_carry_bootstrap,4,1,29680,1093,1,120,100,1,0,60.149627685546875,0.0,0.0,1.0,0.13333333333333333,0.0,0,0,0,6,-1,6,-1,1.0,0,0.0,0.0,0.0,0.0,0.0,0.0,0.0,0.0,0.0,0.0,0.0,0.0,0.0,0.0,0.0,0.0,0.0,0.0,0.16666666666666666
stage1d_single_agent_carry_bootstrap,4,1,29691,1094,1,120,100,1,0,59.087890625,0.0,0.0,1.0,0.13333333333333333,0.0,0,0,0,11,-1,11,-1,1.0,1,0.09090909090909091,0.2727272727272727,0.0,-0.24,0.0,0.0,0.0,0.0,0.0,0.0,0.0,0.0,0.0,0.0,0.0,0.0,0.0,0.0,0.09090909090909091
stage1d_single_agent_carry_bootstrap,4,1,29703,1095,1,120,100,1,0,59.71273422241211,0.0,0.0,1.0,0.13333333333333333,0.0,0,0,0,12,-1,12,-1,1.0,1,0.25,0.3333333333333333,0.08333333333333333,-0.36,0.0,0.0,0.0,0.0,0.0,0.0,0.0,0.0,0.0,0.0,0.0,0.0,0.0,0.0,0.08333333333333333
stage1d_single_agent_carry_bootstrap,4,1,29713,1096,1,120,100,1,0,59.21644973754883,0.0,0.0,1.0,0.1,0.0,0,0,0,10,-1,10,-1,1.0,1,0.3,0.4,0.2,-0.4,0.0,0.0,0.0,0.0,0.0,0.0,0.0,0.0,0.0,0.0,0.0,0.0,0.0,0.0,0.1
stage1d_single_agent_carry_bootstrap,4,1,29721,1097,1,120,100,1,0,59.73349380493164,0.0,0.0,1.0,0.1,0.0,0,0,0,8,-1,8,-1,1.0,1,0.25,0.375,0.125,-0.28,0.0,0.0,0.0,0.0,0.0,0.0,0.0,0.0,0.0,0.0,0.0,0.0,0.0,0.0,0.125
stage1d_single_agent_carry_bootstrap,4,1,29733,1098,1,120,100,1,0,59.70769119262695,0.0,0.0,1.0,0.13333333333333333,0.0,0,0,0,12,-1,12,-1,1.0,1,0.25,0.3333333333333333,0.08333333333333333,-0.36,0.0,0.0,0.0,0.0,0.0,0.0,0.0,0.0,0.0,0.0,0.0,0.0,0.0,0.0,0.08333333333333333
stage1d_single_agent_carry_bootstrap,4,1,29743,1099,1,120,100,1,0,59.76023483276367,0.0,0.0,1.0,0.16666666666666666,0.0,0,0,0,10,-1,10,-1,1.0,1,0.2,0.3,0.1,-0.28,0.0,0.0,0.0,0.0,0.0,0.0,0.0,0.0,0.0,0.0,0.0,0.0,0.0,0.0,0.1
stage1d_single_agent_carry_bootstrap,4,1,29748,1100,1,120,100,1,0,60.1019401550293,0.0,0.0,1.0,0.06666666666666667,0.0,0,0,0,5,-1,5,-1,1.0,0,0.0,0.0,0.0,0.0,0.0,0.0,0.0,0.0,0.0,0.0,0.0,0.0,0.0,0.0,0.0,0.0,0.0,0.0,0.2
stage1d_single_agent_carry_bootstrap,4,1,29753,1101,1,120,100,1,0,59.12651062011719,0.0,0.0,1.0,0.06666666666666667,0.0,0,0,0,5,-1,5,-1,1.0,0,0.0,0.2,0.0,-0.08,0.0,0.0,0.0,0.0,0.0,0.0,0.0,0.0,0.0,0.0,0.0,0.0,0.0,0.0,0.2
stage1d_single_agent_carry_bootstrap,4,1,29756,1102,1,120,100,1,0,60.0211181640625,0.0,0.0,1.0,0.06666666666666667,0.0,0,0,0,3,-1,3,-1,1.0,0,0.0,0.0,0.0,0.0,0.0,0.0,0.0,0.0,0.0,0.0,0.0,0.0,0.0,0.0,0.0,0.0,0.0,0.0,0.3333333333333333
stage1d_single_agent_carry_bootstrap,4,1,29758,1103,1,120,100,1,0,60.00202560424805,0.0,0.0,1.0,0.06666666666666667,0.0,0,0,0,2,-1,2,-1,1.0,0,0.0,0.0,0.0,0.0,0.0,0.0,0.0,0.0,0.0,0.0,0.0,0.0,0.0,0.0,0.0,0.0,0.0,0.0,0.5
stage1d_single_agent_carry_bootstrap,4,1,29768,1104,1,120,100,1,0,59.783573150634766,0.0,0.0,1.0,0.13333333333333333,0.0,0,0,0,10,-1,10,-1,1.0,1,0.2,0.3,0.1,-0.28,0.0,0.0,0.0,0.0,0.0,0.0,0.0,0.0,0.0,0.0,0.0,0.0,0.0,0.0,0.1
stage1d_single_agent_carry_bootstrap,4,1,29777,1105,1,120,100,1,0,59.540260314941406,0.0,0.0,1.0,0.16666666666666666,0.0,0,0,0,9,-1,9,-1,1.0,1,0.1111111111111111,0.2222222222222222,0.0,-0.16,0.0,0.0,0.0,0.0,0.0,0.0,0.0,0.0,0.0,0.0,0.0,0.0,0.0,0.0,0.1111111111111111
stage1d_single_agent_carry_bootstrap,4,1,29784,1106,1,120,100,1,0,60.14973449707031,0.0,0.0,1.0,0.13333333333333333,0.0,0,0,0,7,-1,7,-1,1.0,0,0.0,0.0,0.0,0.0,0.0,0.0,0.0,0.0,0.0,0.0,0.0,0.0,0.0,0.0,0.0,0.0,0.0,0.0,0.14285714285714285
stage1d_single_agent_carry_bootstrap,4,1,29795,1107,1,120,100,1,0,59.67041015625,0.0,0.0,1.0,0.13333333333333333,0.0,0,0,0,11,-1,11,-1,1.0,1,0.2727272727272727,0.36363636363636365,0.09090909090909091,-0.36,0.0,0.0,0.0,0.0,0.0,0.0,0.0,0.0,0.0,0.0,0.0,0.0,0.0,0.0,0.09090909090909091
stage1d_single_agent_carry_bootstrap,4,1,29812,1108,1,120,100,1,0,58.707393646240234,0.0,0.0,1.0,0.23333333333333334,0.0,0,0,0,17,-1,17,-1,1.0,2,0.4117647058823529,0.5882352941176471,0.058823529411764705,-0.84,0.0,0.0,0.0,0.0,0.0,0.0,0.0,0.0,0.0,0.0,0.0,0.0,0.0,0.0,0.058823529411764705
stage1d_single_agent_carry_bootstrap,4,1,29816,1109,1,120,100,1,0,60.03806686401367,0.0,0.0,1.0,0.1,0.0,0,0,0,4,-1,4,-1,1.0,0,0.0,0.0,0.0,0.0,0.0,0.0,0.0,0.0,0.0,0.0,0.0,0.0,0.0,0.0,0.0,0.0,0.0,0.0,0.25
stage1d_single_agent_carry_bootstrap,4,1,29820,1110,1,120,100,1,0,60.03693771362305,0.0,0.0,1.0,0.06666666666666667,0.0,0,0,0,4,-1,4,-1,1.0,0,0.0,0.0,0.0,0.0,0.0,0.0,0.0,0.0,0.0,0.0,0.0,0.0,0.0,0.0,0.0,0.0,0.0,0.0,0.25
stage1d_single_agent_carry_bootstrap,4,1,29824,1111,1,120,100,1,0,60.05128479003906,0.0,0.0,1.0,0.1,0.0,0,0,0,4,-1,4,-1,1.0,0,0.0,0.0,0.0,0.0,0.0,0.0,0.0,0.0,0.0,0.0,0.0,0.0,0.0,0.0,0.0,0.0,0.0,0.0,0.25
stage1d_single_agent_carry_bootstrap,4,1,29835,1112,1,120,100,1,0,59.828216552734375,0.0,0.0,1.0,0.13333333333333333,0.0,0,0,0,11,-1,11,-1,1.0,1,0.18181818181818182,0.2727272727272727,0.09090909090909091,-0.28,0.0,0.0,0.0,0.0,0.0,0.0,0.0,0.0,0.0,0.0,0.0,0.0,0.0,0.0,0.09090909090909091
stage1d_single_agent_carry_bootstrap,4,1,29838,1113,1,120,100,1,0,60.02008056640625,0.0,0.0,1.0,0.06666666666666667,0.0,0,0,0,3,-1,3,-1,1.0,0,0.0,0.0,0.0,0.0,0.0,0.0,0.0,0.0,0.0,0.0,0.0,0.0,0.0,0.0,0.0,0.0,0.0,0.0,0.3333333333333333
stage1d_single_agent_carry_bootstrap,4,1,29851,1114,1,120,100,1,0,58.98141860961914,0.0,0.0,1.0,0.16666666666666666,0.0,0,0,0,13,-1,13,-1,1.0,1,0.07692307692307693,0.3076923076923077,0.07692307692307693,-0.36000000000000004,0.0,0.0,0.0,0.0,0.0,0.0,0.0,0.0,0.0,0.0,0.0,0.0,0.0,0.0,0.07692307692307693
stage1d_single_agent_carry_bootstrap,4,1,29858,1115,1,120,100,1,0,59.79280471801758,0.0,0.0,1.0,0.1,0.0,0,0,0,7,-1,7,-1,1.0,0,0.0,0.2857142857142857,0.14285714285714285,-0.2,0.0,0.0,0.0,0.0,0.0,0.0,0.0,0.0,0.0,0.0,0.0,0.0,0.0,0.0,0.14285714285714285
stage1d_single_agent_carry_bootstrap,4,1,29865,1116,1,120,100,1,0,60.18668746948242,0.0,0.0,1.0,0.1,0.0,0,0,0,7,-1,7,-1,1.0,0,0.0,0.0,0.0,0.0,0.0,0.0,0.0,0.0,0.0,0.0,0.0,0.0,0.0,0.0,0.0,0.0,0.0,0.0,0.14285714285714285
stage1d_single_agent_carry_bootstrap,4,1,29876,1117,1,120,100,1,0,59.677494049072266,0.0,0.0,1.0,0.13333333333333333,0.0,0,0,0,11,-1,11,-1,1.0,1,0.2727272727272727,0.36363636363636365,0.09090909090909091,-0.36,0.0,0.0,0.0,0.0,0.0,0.0,0.0,0.0,0.0,0.0,0.0,0.0,0.0,0.0,0.09090909090909091
stage1d_single_agent_carry_bootstrap,4,1,29886,1118,1,120,100,1,0,59.5426025390625,0.0,0.0,1.0,0.13333333333333333,0.0,0,0,0,10,-1,10,-1,1.0,0,0.0,0.1,0.0,-0.08,0.0,0.0,0.0,0.0,0.0,0.0,0.0,0.0,0.0,0.0,0.0,0.0,0.0,0.0,0.1
stage1d_single_agent_carry_bootstrap,4,1,29892,1119,1,120,100,1,0,60.149784088134766,0.0,0.0,1.0,0.1,0.0,0,0,0,6,-1,6,-1,1.0,0,0.0,0.0,0.0,0.0,0.0,0.0,0.0,0.0,0.0,0.0,0.0,0.0,0.0,0.0,0.0,0.0,0.0,0.0,0.16666666666666666
stage1d_single_agent_carry_bootstrap,4,1,29901,1120,1,120,100,1,0,59.8746452331543,0.0,0.0,1.0,0.06666666666666667,0.0,0,0,0,9,-1,9,-1,1.0,1,0.1111111111111111,0.2222222222222222,0.1111111111111111,-0.2,0.0,0.0,0.0,0.0,0.0,0.0,0.0,0.0,0.0,0.0,0.0,0.0,0.0,0.0,0.1111111111111111
stage1d_single_agent_carry_bootstrap,4,1,29905,1121,1,120,100,1,0,60.05604934692383,0.0,0.0,1.0,0.13333333333333333,0.0,0,0,0,4,-1,4,-1,1.0,0,0.0,0.0,0.0,0.0,0.0,0.0,0.0,0.0,0.0,0.0,0.0,0.0,0.0,0.0,0.0,0.0,0.0,0.0,0.25
stage1d_single_agent_carry_bootstrap,4,1,29910,1122,1,120,100,1,0,60.112911224365234,0.0,0.0,1.0,0.1,0.0,0,0,0,5,-1,5,-1,1.0,0,0.0,0.0,0.0,0.0,0.0,0.0,0.0,0.0,0.0,0.0,0.0,0.0,0.0,0.0,0.0,0.0,0.0,0.0,0.2
stage1d_single_agent_carry_bootstrap,4,1,29911,1123,1,120,100,1,0,59.99599838256836,0.0,0.0,1.0,0.06666666666666667,0.0,0,0,0,1,-1,1,-1,1.0,0,0.0,0.0,0.0,0.0,0.0,0.0,0.0,0.0,0.0,0.0,0.0,0.0,0.0,0.0,0.0,0.0,0.0,0.0,1.0
stage1d_single_agent_carry_bootstrap,4,1,29920,1124,1,120,100,1,0,59.45219421386719,0.0,0.0,1.0,0.16666666666666666,0.0,0,0,0,9,-1,9,-1,1.0,1,0.2222222222222222,0.3333333333333333,0.0,-0.24,0.0,0.0,0.0,0.0,0.0,0.0,0.0,0.0,0.0,0.0,0.0,0.0,0.0,0.0,0.1111111111111111
stage1d_single_agent_carry_bootstrap,4,1,29931,1125,1,120,100,1,0,59.8604850769043,0.0,0.0,1.0,0.1,0.0,0,0,0,11,-1,11,-1,1.0,1,0.18181818181818182,0.2727272727272727,0.09090909090909091,-0.28,0.0,0.0,0.0,0.0,0.0,0.0,0.0,0.0,0.0,0.0,0.0,0.0,0.0,0.0,0.09090909090909091
stage1d_single_agent_carry_bootstrap,4,1,29942,1126,1,120,100,1,0,59.41789627075195,0.0,0.0,1.0,0.1,0.0,0,0,0,11,-1,11,-1,1.0,0,0.0,0.18181818181818182,0.18181818181818182,-0.24,0.0,0.0,0.0,0.0,0.0,0.0,0.0,0.0,0.0,0.0,0.0,0.0,0.0,0.0,0.09090909090909091
stage1d_single_agent_carry_bootstrap,4,1,29944,1127,1,120,100,1,0,60.00239944458008,0.0,0.0,1.0,0.06666666666666667,0.0,0,0,0,2,-1,2,-1,1.0,0,0.0,0.0,0.0,0.0,0.0,0.0,0.0,0.0,0.0,0.0,0.0,0.0,0.0,0.0,0.0,0.0,0.0,0.0,0.5
stage1d_single_agent_carry_bootstrap,4,1,29951,1128,1,120,100,1,0,60.13700485229492,0.0,0.0,1.0,0.13333333333333333,0.0,0,0,0,7,-1,7,-1,1.0,0,0.0,0.0,0.0,0.0,0.0,0.0,0.0,0.0,0.0,0.0,0.0,0.0,0.0,0.0,0.0,0.0,0.0,0.0,0.14285714285714285
stage1d_single_agent_carry_bootstrap,4,1,29966,1129,1,120,100,1,0,59.81120681762695,0.0,0.0,1.0,0.13333333333333333,0.0,0,0,0,15,-1,15,-1,1.0,1,0.13333333333333333,0.2,0.06666666666666667,-0.28,0.0,0.0,0.0,0.0,0.0,0.0,0.0,0.0,0.0,0.0,0.0,0.0,0.0,0.0,0.06666666666666667
stage1d_single_agent_carry_bootstrap,4,1,29969,1130,1,120,100,1,0,60.007442474365234,0.0,0.0,1.0,0.1,0.0,0,0,0,3,-1,3,-1,1.0,0,0.0,0.0,0.0,0.0,0.0,0.0,0.0,0.0,0.0,0.0,0.0,0.0,0.0,0.0,0.0,0.0,0.0,0.0,0.3333333333333333
stage1d_single_agent_carry_bootstrap,4,1,29983,1131,1,120,100,1,0,59.2443733215332,0.0,0.0,1.0,0.2,0.0,0,0,0,14,-1,14,-1,1.0,1,0.35714285714285715,0.42857142857142855,0.0,-0.48000000000000004,0.0,0.0,0.0,0.0,0.0,0.0,0.0,0.0,0.0,0.0,0.0,0.0,0.0,0.0,0.07142857142857142
stage1d_single_agent_carry_bootstrap,4,1,29986,1132,1,120,100,1,0,60.01508712768555,0.0,0.0,1.0,0.06666666666666667,0.0,0,0,0,3,-1,3,-1,1.0,0,0.0,0.0,0.0,0.0,0.0,0.0,0.0,0.0,0.0,0.0,0.0,0.0,0.0,0.0,0.0,0.0,0.0,0.0,0.3333333333333333
stage1d_single_agent_carry_bootstrap,4,1,29997,1133,1,120,100,1,0,59.5028076171875,0.0,0.0,1.0,0.16666666666666666,0.0,0,0,0,11,-1,11,-1,1.0,1,0.45454545454545453,0.5454545454545454,0.09090909090909091,-0.52,0.0,0.0,0.0,0.0,0.0,0.0,0.0,0.0,0.0,0.0,0.0,0.0,0.0,0.0,0.09090909090909091
stage1d_single_agent_carry_bootstrap,4,1,30006,1134,1,120,100,1,0,59.47431564331055,0.0,0.0,1.0,0.13333333333333333,0.0,0,0,0,9,-1,9,-1,1.0,1,0.1111111111111111,0.2222222222222222,0.0,-0.16,0.0,0.0,0.0,0.0,0.0,0.0,0.0,0.0,0.0,0.0,0.0,0.0,0.0,0.0,0.1111111111111111
stage1d_single_agent_carry_bootstrap,4,1,30021,1135,1,120,100,1,0,59.00653076171875,0.0,0.0,1.0,0.1,0.0,0,0,0,15,-1,15,-1,1.0,2,0.26666666666666666,0.3333333333333333,0.3333333333333333,-0.6000000000000001,0.0,0.0,0.0,0.0,0.0,0.0,0.0,0.0,0.0,0.0,0.0,0.0,0.0,0.0,0.06666666666666667
stage1d_single_agent_carry_bootstrap,4,1,30028,1136,1,120,100,1,0,59.35700225830078,0.0,0.0,1.0,0.06666666666666667,0.0,0,0,0,7,-1,7,-1,1.0,1,0.14285714285714285,0.42857142857142855,0.0,-0.24,0.0,0.0,0.0,0.0,0.0,0.0,0.0,0.0,0.0,0.0,0.0,0.0,0.0,0.0,0.14285714285714285
stage1d_single_agent_carry_bootstrap,4,1,30046,1137,1,120,100,1,0,59.157379150390625,0.0,0.0,1.0,0.23333333333333334,0.0,0,0,0,18,-1,18,-1,1.0,2,0.16666666666666666,0.2777777777777778,0.05555555555555555,-0.44,0.0,0.0,0.0,0.0,0.0,0.0,0.0,0.0,0.0,0.0,0.0,0.0,0.0,0.0,0.05555555555555555
stage1d_single_agent_carry_bootstrap,4,1,30051,1138,1,120,100,1,0,60.109413146972656,0.0,0.0,1.0,0.1,0.0,0,0,0,5,-1,5,-1,1.0,0,0.0,0.0,0.0,0.0,0.0,0.0,0.0,0.0,0.0,0.0,0.0,0.0,0.0,0.0,0.0,0.0,0.0,0.0,0.2
stage1d_single_agent_carry_bootstrap,4,1,30055,1139,1,120,100,1,0,60.03900146484375,0.0,0.0,1.0,0.1,0.0,0,0,0,4,-1,4,-1,1.0,0,0.0,0.0,0.0,0.0,0.0,0.0,0.0,0.0,0.0,0.0,0.0,0.0,0.0,0.0,0.0,0.0,0.0,0.0,0.25
stage1d_single_agent_carry_bootstrap,4,1,30058,1140,1,120,100,1,0,60.02009201049805,0.0,0.0,1.0,0.06666666666666667,0.0,0,0,0,3,-1,3,-1,1.0,0,0.0,0.0,0.0,0.0,0.0,0.0,0.0,0.0,0.0,0.0,0.0,0.0,0.0,0.0,0.0,0.0,0.0,0.0,0.3333333333333333
stage1d_single_agent_carry_bootstrap,4,1,30070,1141,1,120,100,1,0,59.85988998413086,0.0,0.0,1.0,0.16666666666666666,0.0,0,0,0,12,-1,12,-1,1.0,1,0.16666666666666666,0.25,0.08333333333333333,-0.28,0.0,0.0,0.0,0.0,0.0,0.0,0.0,0.0,0.0,0.0,0.0,0.0,0.0,0.0,0.08333333333333333
stage1d_single_agent_carry_bootstrap,4,1,30083,1142,1,120,100,1,0,59.73359298706055,0.0,0.0,1.0,0.16666666666666666,0.0,0,0,0,13,-1,13,-1,1.0,1,0.23076923076923078,0.3076923076923077,0.07692307692307693,-0.36,0.0,0.0,0.0,0.0,0.0,0.0,0.0,0.0,0.0,0.0,0.0,0.0,0.0,0.0,0.07692307692307693
stage1d_single_agent_carry_bootstrap,4,1,30107,1143,1,120,100,1,0,58.970272064208984,0.0,0.0,1.0,0.2,0.0,0,0,0,24,-1,24,-1,1.0,2,0.4166666666666667,0.5,0.16666666666666666,-1.1199999999999999,0.0,0.0,0.0,0.0,0.0,0.0,0.0,0.0,0.0,0.0,0.0,0.0,0.0,0.0,0.041666666666666664
stage1d_single_agent_carry_bootstrap,4,1,30116,1144,1,120,100,1,0,59.8658561706543,0.0,0.0,1.0,0.1,0.0,0,0,0,9,-1,9,-1,1.0,1,0.1111111111111111,0.2222222222222222,0.1111111111111111,-0.2,0.0,0.0,0.0,0.0,0.0,0.0,0.0,0.0,0.0,0.0,0.0,0.0,0.0,0.0,0.1111111111111111
stage1d_single_agent_carry_bootstrap,4,1,30119,1145,1,120,100,1,0,60.01913833618164,0.0,0.0,1.0,0.06666666666666667,0.0,0,0,0,3,-1,3,-1,1.0,0,0.0,0.0,0.0,0.0,0.0,0.0,0.0,0.0,0.0,0.0,0.0,0.0,0.0,0.0,0.0,0.0,0.0,0.0,0.3333333333333333
stage1d_single_agent_carry_bootstrap,4,1,30134,1146,1,120,100,1,0,58.91387176513672,0.0,0.0,1.0,0.13333333333333333,0.0,0,0,0,15,-1,15,-1,1.0,3,0.3333333333333333,0.4,0.26666666666666666,-0.64,0.0,0.0,0.0,0.0,0.0,0.0,0.0,0.0,0.0,0.0,0.0,0.0,0.0,0.0,0.06666666666666667
stage1d_single_agent_carry_bootstrap,4,1,30138,1147,1,120,100,1,0,60.04927444458008,0.0,0.0,1.0,0.1,0.0,0,0,0,4,-1,4,-1,1.0,0,0.0,0.0,0.0,0.0,0.0,0.0,0.0,0.0,0.0,0.0,0.0,0.0,0.0,0.0,0.0,0.0,0.0,0.0,0.25
stage1d_single_agent_carry_bootstrap,4,1,30147,1148,1,120,100,1,0,59.530479431152344,0.0,0.0,1.0,0.13333333333333333,0.0,0,0,0,9,-1,9,-1,1.0,1,0.1111111111111111,0.2222222222222222,0.0,-0.16,0.0,0.0,0.0,0.0,0.0,0.0,0.0,0.0,0.0,0.0,0.0,0.0,0.0,0.0,0.1111111111111111
stage1d_single_agent_carry_bootstrap,4,1,30155,1149,1,120,100,1,0,59.56212615966797,0.0,0.0,1.0,0.06666666666666667,0.0,0,0,0,8,-1,8,-1,1.0,1,0.25,0.5,0.25,-0.4,0.0,0.0,0.0,0.0,0.0,0.0,0.0,0.0,0.0,0.0,0.0,0.0,0.0,0.0,0.125
stage1d_single_agent_carry_bootstrap,4,1,30163,1150,1,120,100,1,0,58.96728515625,0.0,0.0,1.0,0.06666666666666667,0.0,0,0,0,8,-1,8,-1,1.0,1,0.125,0.375,0.0,-0.24,0.0,0.0,0.0,0.0,0.0,0.0,0.0,0.0,0.0,0.0,0.0,0.0,0.0,0.0,0.125
stage1d_single_agent_carry_bootstrap,4,1,30171,1151,1,120,100,1,0,59.97006607055664,0.0,0.0,1.0,0.13333333333333333,0.0,0,0,0,8,-1,8,-1,1.0,0,0.0,0.125,0.0,-0.08,0.0,0.0,0.0,0.0,0.0,0.0,0.0,0.0,0.0,0.0,0.0,0.0,0.0,0.0,0.125
stage1d_single_agent_carry_bootstrap,4,1,30181,1152,1,120,100,1,0,59.849945068359375,0.0,0.0,1.0,0.13333333333333333,0.0,0,0,0,10,-1,10,-1,1.0,1,0.1,0.2,0.0,-0.16,0.0,0.0,0.0,0.0,0.0,0.0,0.0,0.0,0.0,0.0,0.0,0.0,0.0,0.0,0.1
stage1d_single_agent_carry_bootstrap,4,1,30191,1153,1,120,100,1,0,59.71742248535156,0.0,0.0,1.0,0.1,0.0,0,0,0,10,-1,10,-1,1.0,1,0.2,0.3,0.1,-0.28,0.0,0.0,0.0,0.0,0.0,0.0,0.0,0.0,0.0,0.0,0.0,0.0,0.0,0.0,0.1
stage1d_single_agent_carry_bootstrap,4,1,30204,1154,1,120,100,1,0,58.565364837646484,0.0,0.0,1.0,0.1,0.0,0,0,0,13,-1,13,-1,1.0,1,0.38461538461538464,0.5384615384615384,0.07692307692307693,-0.6,0.0,0.0,0.0,0.0,0.0,0.0,0.0,0.0,0.0,0.0,0.0,0.0,0.0,0.0,0.07692307692307693
stage1d_single_agent_carry_bootstrap,4,1,30217,1155,1,120,100,1,0,59.27516555786133,0.0,0.0,1.0,0.2,0.0,0,0,0,13,-1,13,-1,1.0,1,0.3076923076923077,0.38461538461538464,0.0,-0.4,0.0,0.0,0.0,0.0,0.0,0.0,0.0,0.0,0.0,0.0,0.0,0.0,0.0,0.0,0.07692307692307693
stage1d_single_agent_carry_bootstrap,4,1,30229,1156,1,120,100,1,0,59.86011505126953,0.0,0.0,1.0,0.13333333333333333,0.0,0,0,0,12,-1,12,-1,1.0,1,0.16666666666666666,0.25,0.08333333333333333,-0.28,0.0,0.0,0.0,0.0,0.0,0.0,0.0,0.0,0.0,0.0,0.0,0.0,0.0,0.0,0.08333333333333333
stage1d_single_agent_carry_bootstrap,4,1,30234,1157,1,120,100,1,0,60.036136627197266,0.0,0.0,1.0,0.13333333333333333,0.0,0,0,0,5,-1,5,-1,1.0,0,0.0,0.0,0.0,0.0,0.0,0.0,0.0,0.0,0.0,0.0,0.0,0.0,0.0,0.0,0.0,0.0,0.0,0.0,0.2
stage1d_single_agent_carry_bootstrap,4,1,30236,1158,1,120,100,1,0,60.003021240234375,0.0,0.0,1.0,0.03333333333333333,0.0,0,0,0,2,-1,2,-1,1.0,0,0.0,0.0,0.0,0.0,0.0,0.0,0.0,0.0,0.0,0.0,0.0,0.0,0.0,0.0,0.0,0.0,0.0,0.0,0.5
stage1d_single_agent_carry_bootstrap,4,1,30247,1159,1,120,100,1,0,59.91460037231445,0.0,0.0,1.0,0.13333333333333333,0.0,0,0,0,11,-1,11,-1,1.0,0,0.0,0.18181818181818182,0.09090909090909091,-0.2,0.0,0.0,0.0,0.0,0.0,0.0,0.0,0.0,0.0,0.0,0.0,0.0,0.0,0.0,0.09090909090909091
stage1d_single_agent_carry_bootstrap,4,1,30260,1160,1,120,100,1,0,59.91289138793945,0.0,0.0,1.0,0.2,0.0,0,0,0,13,-1,13,-1,1.0,1,0.15384615384615385,0.23076923076923078,0.07692307692307693,-0.28,0.0,0.0,0.0,0.0,0.0,0.0,0.0,0.0,0.0,0.0,0.0,0.0,0.0,0.0,0.07692307692307693
stage1d_single_agent_carry_bootstrap,4,1,30265,1161,1,120,100,1,0,60.112449645996094,0.0,0.0,1.0,0.1,0.0,0,0,0,5,-1,5,-1,1.0,0,0.0,0.0,0.0,0.0,0.0,0.0,0.0,0.0,0.0,0.0,0.0,0.0,0.0,0.0,0.0,0.0,0.0,0.0,0.2
stage1d_single_agent_carry_bootstrap,4,1,30271,1162,1,120,100,1,0,60.15111541748047,0.0,0.0,1.0,0.13333333333333333,0.0,0,0,0,6,-1,6,-1,1.0,0,0.0,0.0,0.0,0.0,0.0,0.0,0.0,0.0,0.0,0.0,0.0,0.0,0.0,0.0,0.0,0.0,0.0,0.0,0.16666666666666666
stage1d_single_agent_carry_bootstrap,4,1,30281,1163,1,120,100,1,0,58.830257415771484,0.0,0.0,1.0,0.1,0.0,0,0,0,10,-1,10,-1,1.0,1,0.4,0.5,0.0,-0.4,0.0,0.0,0.0,0.0,0.0,0.0,0.0,0.0,0.0,0.0,0.0,0.0,0.0,0.0,0.1
stage1d_single_agent_carry_bootstrap,4,1,30288,1164,1,120,100,1,0,60.160057067871094,0.0,0.0,1.0,0.1,0.0,0,0,0,7,-1,7,-1,1.0,0,0.0,0.0,0.0,0.0,0.0,0.0,0.0,0.0,0.0,0.0,0.0,0.0,0.0,0.0,0.0,0.0,0.0,0.0,0.14285714285714285
stage1d_single_agent_carry_bootstrap,4,1,30303,1165,1,120,100,1,0,59.33481216430664,0.0,0.0,1.0,0.2,0.0,0,0,0,15,-1,15,-1,1.0,1,0.2,0.3333333333333333,0.06666666666666667,-0.44,0.0,0.0,0.0,0.0,0.0,0.0,0.0,0.0,0.0,0.0,0.0,0.0,0.0,0.0,0.06666666666666667
stage1d_single_agent_carry_bootstrap,4,1,30306,1166,1,120,100,1,0,60.01071548461914,0.0,0.0,1.0,0.03333333333333333,0.0,0,0,0,3,-1,3,-1,1.0,0,0.0,0.0,0.0,0.0,0.0,0.0,0.0,0.0,0.0,0.0,0.0,0.0,0.0,0.0,0.0,0.0,0.0,0.0,0.3333333333333333
stage1d_single_agent_carry_bootstrap,4,1,30314,1167,1,120,100,1,0,60.056121826171875,0.0,0.0,1.0,0.16666666666666666,0.0,0,0,0,8,-1,8,-1,1.0,0,0.0,0.125,0.0,-0.08,0.0,0.0,0.0,0.0,0.0,0.0,0.0,0.0,0.0,0.0,0.0,0.0,0.0,0.0,0.125
stage1d_single_agent_carry_bootstrap,4,1,30321,1168,1,120,100,1,0,59.485843658447266,0.0,0.0,1.0,0.1,0.0,0,0,0,7,-1,7,-1,1.0,1,0.14285714285714285,0.2857142857142857,0.0,-0.16,0.0,0.0,0.0,0.0,0.0,0.0,0.0,0.0,0.0,0.0,0.0,0.0,0.0,0.0,0.14285714285714285
stage1d_single_agent_carry_bootstrap,4,1,30328,1169,1,120,100,1,0,60.110252380371094,0.0,0.0,1.0,0.16666666666666666,0.0,0,0,0,7,-1,7,-1,1.0,0,0.0,0.0,0.0,0.0,0.0,0.0,0.0,0.0,0.0,0.0,0.0,0.0,0.0,0.0,0.0,0.0,0.0,0.0,0.14285714285714285
stage1d_single_agent_carry_bootstrap,4,1,30332,1170,1,120,100,1,0,60.05354690551758,0.0,0.0,1.0,0.06666666666666667,0.0,0,0,0,4,-1,4,-1,1.0,0,0.0,0.0,0.0,0.0,0.0,0.0,0.0,0.0,0.0,0.0,0.0,0.0,0.0,0.0,0.0,0.0,0.0,0.0,0.25
stage1d_single_agent_carry_bootstrap,4,1,30345,1171,1,120,100,1,0,59.9368782043457,0.0,0.0,1.0,0.16666666666666666,0.0,0,0,0,13,-1,13,-1,1.0,1,0.15384615384615385,0.23076923076923078,0.07692307692307693,-0.28,0.0,0.0,0.0,0.0,0.0,0.0,0.0,0.0,0.0,0.0,0.0,0.0,0.0,0.0,0.07692307692307693
stage1d_single_agent_carry_bootstrap,4,1,30348,1172,1,120,100,1,0,60.02008056640625,0.0,0.0,1.0,0.06666666666666667,0.0,0,0,0,3,-1,3,-1,1.0,0,0.0,0.0,0.0,0.0,0.0,0.0,0.0,0.0,0.0,0.0,0.0,0.0,0.0,0.0,0.0,0.0,0.0,0.0,0.3333333333333333
stage1d_single_agent_carry_bootstrap,4,1,30356,1173,1,120,100,1,0,59.74415969848633,0.0,0.0,1.0,0.13333333333333333,0.0,0,0,0,8,-1,8,-1,1.0,0,0.0,0.0,0.0,0.0,0.0,0.0,0.0,0.0,0.0,0.0,0.0,0.0,0.0,0.0,0.0,0.0,0.0,0.0,0.125
stage1d_single_agent_carry_bootstrap,4,1,30360,1174,1,120,100,1,0,60.045413970947266,0.0,0.0,1.0,0.06666666666666667,0.0,0,0,0,4,-1,4,-1,1.0,0,0.0,0.0,0.0,0.0,0.0,0.0,0.0,0.0,0.0,0.0,0.0,0.0,0.0,0.0,0.0,0.0,0.0,0.0,0.25
stage1d_single_agent_carry_bootstrap,4,1,30365,1175,1,120,100,1,0,60.1110954284668,0.0,0.0,1.0,0.13333333333333333,0.0,0,0,0,5,-1,5,-1,1.0,0,0.0,0.0,0.0,0.0,0.0,0.0,0.0,0.0,0.0,0.0,0.0,0.0,0.0,0.0,0.0,0.0,0.0,0.0,0.2
stage1d_single_agent_carry_bootstrap,4,1,30374,1176,1,120,100,1,0,59.57627868652344,0.0,0.0,1.0,0.13333333333333333,0.0,0,0,0,9,-1,9,-1,1.0,1,0.1111111111111111,0.2222222222222222,0.0,-0.16,0.0,0.0,0.0,0.0,0.0,0.0,0.0,0.0,0.0,0.0,0.0,0.0,0.0,0.0,0.1111111111111111
stage1d_single_agent_carry_bootstrap,4,1,30386,1177,1,120,100,1,0,59.596866607666016,0.0,0.0,1.0,0.13333333333333333,0.0,0,0,0,12,-1,12,-1,1.0,1,0.08333333333333333,0.16666666666666666,0.0,-0.16,0.0,0.0,0.0,0.0,0.0,0.0,0.0,0.0,0.0,0.0,0.0,0.0,0.0,0.0,0.08333333333333333
stage1d_single_agent_carry_bootstrap,4,1,30395,1178,1,120,100,1,0,58.95823287963867,0.0,0.0,1.0,0.06666666666666667,0.0,0,0,0,9,-1,9,-1,1.0,1,0.1111111111111111,0.3333333333333333,0.0,-0.24,0.0,0.0,0.0,0.0,0.0,0.0,0.0,0.0,0.0,0.0,0.0,0.0,0.0,0.0,0.1111111111111111
stage1d_single_agent_carry_bootstrap,4,1,30401,1179,1,120,100,1,0,60.146114349365234,0.0,0.0,1.0,0.13333333333333333,0.0,0,0,0,6,-1,6,-1,1.0,0,0.0,0.0,0.0,0.0,0.0,0.0,0.0,0.0,0.0,0.0,0.0,0.0,0.0,0.0,0.0,0.0,0.0,0.0,0.16666666666666666
stage1d_single_agent_carry_bootstrap,4,1,30411,1180,1,120,100,1,0,59.77506637573242,0.0,0.0,1.0,0.1,0.0,0,0,0,10,-1,10,-1,1.0,1,0.2,0.3,0.1,-0.28,0.0,0.0,0.0,0.0,0.0,0.0,0.0,0.0,0.0,0.0,0.0,0.0,0.0,0.0,0.1
stage1d_single_agent_carry_bootstrap,4,1,30424,1181,1,120,100,1,0,59.13676071166992,0.0,0.0,1.0,0.16666666666666666,0.0,0,0,0,13,-1,13,-1,1.0,1,0.07692307692307693,0.23076923076923078,0.0,-0.24,0.0,0.0,0.0,0.0,0.0,0.0,0.0,0.0,0.0,0.0,0.0,0.0,0.0,0.0,0.07692307692307693
stage1d_single_agent_carry_bootstrap,4,1,30434,1182,1,120,100,1,0,59.530399322509766,0.0,0.0,1.0,0.1,0.0,0,0,0,10,-1,10,-1,1.0,1,0.2,0.4,0.3,-0.44,0.0,0.0,0.0,0.0,0.0,0.0,0.0,0.0,0.0,0.0,0.0,0.0,0.0,0.0,0.1
stage1d_single_agent_carry_bootstrap,4,1,30445,1183,1,120,100,1,0,59.653377532958984,0.0,0.0,1.0,0.13333333333333333,0.0,0,0,0,11,-1,11,-1,1.0,1,0.2727272727272727,0.36363636363636365,0.18181818181818182,-0.4,0.0,0.0,0.0,0.0,0.0,0.0,0.0,0.0,0.0,0.0,0.0,0.0,0.0,0.0,0.09090909090909091
stage1d_single_agent_carry_bootstrap,4,1,30457,1184,1,120,100,1,0,59.935646057128906,0.0,0.0,1.0,0.3,0.0,0,0,0,12,-1,12,-1,1.0,1,0.16666666666666666,0.25,0.0,-0.24,0.0,0.0,0.0,0.0,0.0,0.0,0.0,0.0,0.0,0.0,0.0,0.0,0.0,0.0,0.08333333333333333
stage1d_single_agent_carry_bootstrap,4,1,30468,1185,1,120,100,1,0,59.35893249511719,0.0,0.0,1.0,0.06666666666666667,0.0,0,0,0,11,-1,11,-1,1.0,2,0.36363636363636365,0.5454545454545454,0.2727272727272727,-0.6000000000000001,0.0,0.0,0.0,0.0,0.0,0.0,0.0,0.0,0.0,0.0,0.0,0.0,0.0,0.0,0.09090909090909091
stage1d_single_agent_carry_bootstrap,4,1,30477,1186,1,120,100,1,0,59.91732406616211,0.0,0.0,1.0,0.1,0.0,0,0,0,9,-1,9,-1,1.0,1,0.1111111111111111,0.2222222222222222,0.0,-0.16,0.0,0.0,0.0,0.0,0.0,0.0,0.0,0.0,0.0,0.0,0.0,0.0,0.0,0.0,0.1111111111111111
stage1d_single_agent_carry_bootstrap,4,1,30481,1187,1,120,100,1,0,60.042259216308594,0.0,0.0,1.0,0.06666666666666667,0.0,0,0,0,4,-1,4,-1,1.0,0,0.0,0.0,0.0,0.0,0.0,0.0,0.0,0.0,0.0,0.0,0.0,0.0,0.0,0.0,0.0,0.0,0.0,0.0,0.25
stage1d_single_agent_carry_bootstrap,4,1,30490,1188,1,120,100,1,0,59.72483825683594,0.0,0.0,1.0,0.13333333333333333,0.0,0,0,0,9,-1,9,-1,1.0,0,0.0,0.1111111111111111,0.0,-0.08,0.0,0.0,0.0,0.0,0.0,0.0,0.0,0.0,0.0,0.0,0.0,0.0,0.0,0.0,0.1111111111111111
stage1d_single_agent_carry_bootstrap,4,1,30491,1189,1,120,100,1,0,59.99599838256836,0.0,0.0,1.0,0.03333333333333333,0.0,0,0,0,1,-1,1,-1,1.0,0,0.0,0.0,0.0,0.0,0.0,0.0,0.0,0.0,0.0,0.0,0.0,0.0,0.0,0.0,0.0,0.0,0.0,0.0,1.0
stage1d_single_agent_carry_bootstrap,4,1,30501,1190,1,120,100,1,0,59.829776763916016,0.0,0.0,1.0,0.2,0.0,0,0,0,10,-1,10,-1,1.0,1,0.2,0.3,0.1,-0.28,0.0,0.0,0.0,0.0,0.0,0.0,0.0,0.0,0.0,0.0,0.0,0.0,0.0,0.0,0.1
stage1d_single_agent_carry_bootstrap,4,1,30510,1191,1,120,100,1,0,59.44086837768555,0.0,0.0,1.0,0.1,0.0,0,0,0,9,-1,9,-1,1.0,2,0.4444444444444444,0.6666666666666666,0.1111111111111111,-0.52,0.0,0.0,0.0,0.0,0.0,0.0,0.0,0.0,0.0,0.0,0.0,0.0,0.0,0.0,0.1111111111111111
stage1d_single_agent_carry_bootstrap,4,1,30520,1192,1,120,100,1,0,59.82361602783203,0.0,0.0,1.0,0.13333333333333333,0.0,0,0,0,10,-1,10,-1,1.0,1,0.2,0.3,0.1,-0.28,0.0,0.0,0.0,0.0,0.0,0.0,0.0,0.0,0.0,0.0,0.0,0.0,0.0,0.0,0.1
stage1d_single_agent_carry_bootstrap,4,1,30540,1193,1,120,100,1,0,59.38585662841797,0.0,0.0,1.0,0.23333333333333334,0.0,0,0,0,20,-1,20,-1,1.0,2,0.3,0.4,0.1,-0.72,0.0,0.0,0.0,0.0,0.0,0.0,0.0,0.0,0.0,0.0,0.0,0.0,0.0,0.0,0.05
stage1d_single_agent_carry_bootstrap,4,1,30554,1194,1,120,100,1,0,59.898983001708984,0.0,0.0,1.0,0.13333333333333333,0.0,0,0,0,14,-1,14,-1,1.0,1,0.07142857142857142,0.14285714285714285,0.07142857142857142,-0.2,0.0,0.0,0.0,0.0,0.0,0.0,0.0,0.0,0.0,0.0,0.0,0.0,0.0,0.0,0.07142857142857142
stage1d_single_agent_carry_bootstrap,4,1,30572,1195,1,120,100,1,0,58.787109375,0.0,0.0,1.0,0.26666666666666666,0.0,0,0,0,18,-1,18,-1,1.0,2,0.3333333333333333,0.5,0.05555555555555555,-0.76,0.0,0.0,0.0,0.0,0.0,0.0,0.0,0.0,0.0,0.0,0.0,0.0,0.0,0.0,0.05555555555555555
stage1d_single_agent_carry_bootstrap,4,1,30583,1196,1,120,100,1,0,59.628238677978516,0.0,0.0,1.0,0.1,0.0,0,0,0,11,-1,11,-1,1.0,2,0.18181818181818182,0.36363636363636365,0.18181818181818182,-0.4,0.0,0.0,0.0,0.0,0.0,0.0,0.0,0.0,0.0,0.0,0.0,0.0,0.0,0.0,0.09090909090909091
stage1d_single_agent_carry_bootstrap,4,1,30586,1197,1,120,100,1,0,60.019195556640625,0.0,0.0,1.0,0.06666666666666667,0.0,0,0,0,3,-1,3,-1,1.0,0,0.0,0.0,0.0,0.0,0.0,0.0,0.0,0.0,0.0,0.0,0.0,0.0,0.0,0.0,0.0,0.0,0.0,0.0,0.3333333333333333
stage1d_single_agent_carry_bootstrap,4,1,30599,1198,1,120,100,1,0,59.15970230102539,0.0,0.0,1.0,0.13333333333333333,0.0,0,0,0,13,-1,13,-1,1.0,1,0.6153846153846154,0.6923076923076923,0.07692307692307693,-0.76,0.0,0.0,0.0,0.0,0.0,0.0,0.0,0.0,0.0,0.0,0.0,0.0,0.0,0.0,0.07692307692307693
stage1d_single_agent_carry_bootstrap,4,1,30605,1199,1,120,100,1,0,59.71454620361328,0.0,0.0,1.0,0.1,0.0,0,0,0,6,-1,6,-1,1.0,1,0.3333333333333333,0.5,0.16666666666666666,-0.28,0.0,0.0,0.0,0.0,0.0,0.0,0.0,0.0,0.0,0.0,0.0,0.0,0.0,0.0,0.16666666666666666
stage1d_single_agent_carry_bootstrap,4,1,30611,1200,1,120,100,1,0,60.109432220458984,0.0,0.0,1.0,0.13333333333333333,0.0,0,0,0,6,-1,6,-1,1.0,0,0.0,0.0,0.0,0.0,0.0,0.0,0.0,0.0,0.0,0.0,0.0,0.0,0.0,0.0,0.0,0.0,0.0,0.0,0.16666666666666666
stage1d_single_agent_carry_bootstrap,4,1,30621,1201,1,120,100,1,0,59.35610580444336,0.0,0.0,1.0,0.1,0.0,0,0,0,10,-1,10,-1,1.0,1,0.1,0.3,0.0,-0.24,0.0,0.0,0.0,0.0,0.0,0.0,0.0,0.0,0.0,0.0,0.0,0.0,0.0,0.0,0.1
stage1d_single_agent_carry_bootstrap,4,1,30623,1202,1,120,100,1,0,60.00152587890625,0.0,0.0,1.0,0.03333333333333333,0.0,0,0,0,2,-1,2,-1,1.0,0,0.0,0.0,0.0,0.0,0.0,0.0,0.0,0.0,0.0,0.0,0.0,0.0,0.0,0.0,0.0,0.0,0.0,0.0,0.5
stage1d_single_agent_carry_bootstrap,4,1,30632,1203,1,120,100,1,0,59.56434631347656,0.0,0.0,1.0,0.13333333333333333,0.0,0,0,0,9,-1,9,-1,1.0,0,0.0,0.2222222222222222,0.0,-0.16,0.0,0.0,0.0,0.0,0.0,0.0,0.0,0.0,0.0,0.0,0.0,0.0,0.0,0.0,0.1111111111111111
stage1d_single_agent_carry_bootstrap,4,1,30644,1204,1,120,100,1,0,59.495513916015625,0.0,0.0,1.0,0.13333333333333333,0.0,0,0,0,12,-1,12,-1,1.0,1,0.08333333333333333,0.25,0.08333333333333333,-0.28,0.0,0.0,0.0,0.0,0.0,0.0,0.0,0.0,0.0,0.0,0.0,0.0,0.0,0.0,0.08333333333333333
stage1d_single_agent_carry_bootstrap,4,1,30651,1205,1,120,100,1,0,59.619754791259766,0.0,0.0,1.0,0.13333333333333333,0.0,0,0,0,7,-1,7,-1,1.0,1,0.42857142857142855,0.5714285714285714,0.14285714285714285,-0.36,0.0,0.0,0.0,0.0,0.0,0.0,0.0,0.0,0.0,0.0,0.0,0.0,0.0,0.0,0.14285714285714285
stage1d_single_agent_carry_bootstrap,4,1,30657,1206,1,120,100,1,0,60.069149017333984,0.0,0.0,1.0,0.13333333333333333,0.0,0,0,0,6,-1,6,-1,1.0,0,0.0,0.0,0.0,0.0,0.0,0.0,0.0,0.0,0.0,0.0,0.0,0.0,0.0,0.0,0.0,0.0,0.0,0.0,0.16666666666666666
stage1d_single_agent_carry_bootstrap,4,1,30668,1207,1,120,100,1,0,58.89249038696289,0.0,0.0,1.0,0.13333333333333333,0.0,0,0,0,11,-1,11,-1,1.0,2,0.45454545454545453,0.6363636363636364,0.18181818181818182,-0.64,0.0,0.0,0.0,0.0,0.0,0.0,0.0,0.0,0.0,0.0,0.0,0.0,0.0,0.0,0.09090909090909091
stage1d_single_agent_carry_bootstrap,4,1,30674,1208,1,120,100,1,0,59.28430938720703,0.0,0.0,1.0,0.03333333333333333,0.0,0,0,0,6,-1,6,-1,1.0,1,0.16666666666666666,0.5,0.16666666666666666,-0.28,0.0,0.0,0.0,0.0,0.0,0.0,0.0,0.0,0.0,0.0,0.0,0.0,0.0,0.0,0.16666666666666666
stage1d_single_agent_carry_bootstrap,4,1,30686,1209,1,120,100,1,0,59.37178039550781,0.0,0.0,1.0,0.16666666666666666,0.0,0,0,0,12,-1,12,-1,1.0,1,0.25,0.3333333333333333,0.0,-0.32,0.0,0.0,0.0,0.0,0.0,0.0,0.0,0.0,0.0,0.0,0.0,0.0,0.0,0.0,0.08333333333333333
stage1d_single_agent_carry_bootstrap,4,1,30689,1210,1,120,100,1,0,60.021461486816406,0.0,0.0,1.0,0.06666666666666667,0.0,0,0,0,3,-1,3,-1,1.0,0,0.0,0.0,0.0,0.0,0.0,0.0,0.0,0.0,0.0,0.0,0.0,0.0,0.0,0.0,0.0,0.0,0.0,0.0,0.3333333333333333
stage1d_single_agent_carry_bootstrap,4,1,30702,1211,1,120,100,1,0,59.5294303894043,0.0,0.0,1.0,0.16666666666666666,0.0,0,0,0,13,-1,13,-1,1.0,1,0.15384615384615385,0.23076923076923078,0.0,-0.24,0.0,0.0,0.0,0.0,0.0,0.0,0.0,0.0,0.0,0.0,0.0,0.0,0.0,0.0,0.07692307692307693
stage1d_single_agent_carry_bootstrap,4,1,30715,1212,1,120,100,1,0,59.91203689575195,0.0,0.0,1.0,0.16666666666666666,0.0,0,0,0,13,-1,13,-1,1.0,1,0.15384615384615385,0.23076923076923078,0.07692307692307693,-0.28,0.0,0.0,0.0,0.0,0.0,0.0,0.0,0.0,0.0,0.0,0.0,0.0,0.0,0.0,0.07692307692307693
stage1d_single_agent_carry_bootstrap,4,1,30729,1213,1,120,100,1,0,59.76836013793945,0.0,0.0,1.0,0.16666666666666666,0.0,0,0,0,14,-1,14,-1,1.0,1,0.14285714285714285,0.21428571428571427,0.07142857142857142,-0.28,0.0,0.0,0.0,0.0,0.0,0.0,0.0,0.0,0.0,0.0,0.0,0.0,0.0,0.0,0.07142857142857142
stage1d_single_agent_carry_bootstrap,4,1,30734,1214,1,120,100,1,0,60.09906005859375,0.0,0.0,1.0,0.1,0.0,0,0,0,5,-1,5,-1,1.0,0,0.0,0.0,0.0,0.0,0.0,0.0,0.0,0.0,0.0,0.0,0.0,0.0,0.0,0.0,0.0,0.0,0.0,0.0,0.2
stage1d_single_agent_carry_bootstrap,4,1,30740,1215,1,120,100,1,0,60.13113784790039,0.0,0.0,1.0,0.06666666666666667,0.0,0,0,0,6,-1,6,-1,1.0,0,0.0,0.0,0.0,0.0,0.0,0.0,0.0,0.0,0.0,0.0,0.0,0.0,0.0,0.0,0.0,0.0,0.0,0.0,0.16666666666666666
stage1d_single_agent_carry_bootstrap,4,1,30752,1216,1,120,100,1,0,59.38036346435547,0.0,0.0,1.0,0.13333333333333333,0.0,0,0,0,12,-1,12,-1,1.0,1,0.5,0.5833333333333334,0.08333333333333333,-0.6,0.0,0.0,0.0,0.0,0.0,0.0,0.0,0.0,0.0,0.0,0.0,0.0,0.0,0.0,0.08333333333333333
stage1d_single_agent_carry_bootstrap,4,1,30762,1217,1,120,100,1,0,59.655731201171875,0.0,0.0,1.0,0.13333333333333333,0.0,0,0,0,10,-1,10,-1,1.0,1,0.3,0.4,0.1,-0.36,0.0,0.0,0.0,0.0,0.0,0.0,0.0,0.0,0.0,0.0,0.0,0.0,0.0,0.0,0.1
stage1d_single_agent_carry_bootstrap,4,1,30773,1218,1,120,100,1,0,59.589656829833984,0.0,0.0,1.0,0.13333333333333333,0.0,0,0,0,11,-1,11,-1,1.0,1,0.09090909090909091,0.18181818181818182,0.0,-0.16,0.0,0.0,0.0,0.0,0.0,0.0,0.0,0.0,0.0,0.0,0.0,0.0,0.0,0.0,0.09090909090909091
stage1d_single_agent_carry_bootstrap,4,1,30783,1219,1,120,100,1,0,60.08067321777344,0.0,0.0,1.0,0.23333333333333334,0.0,0,0,0,10,-1,10,-1,1.0,0,0.0,0.1,0.0,-0.08,0.0,0.0,0.0,0.0,0.0,0.0,0.0,0.0,0.0,0.0,0.0,0.0,0.0,0.0,0.1
stage1d_single_agent_carry_bootstrap,4,1,30794,1220,1,120,100,1,0,59.49446487426758,0.0,0.0,1.0,0.16666666666666666,0.0,0,0,0,11,-1,11,-1,1.0,1,0.09090909090909091,0.18181818181818182,0.0,-0.16,0.0,0.0,0.0,0.0,0.0,0.0,0.0,0.0,0.0,0.0,0.0,0.0,0.0,0.0,0.09090909090909091
stage1d_single_agent_carry_bootstrap,4,1,30805,1221,1,120,100,1,0,59.79874038696289,0.0,0.0,1.0,0.13333333333333333,0.0,0,0,0,11,-1,11,-1,1.0,1,0.18181818181818182,0.2727272727272727,0.09090909090909091,-0.28,0.0,0.0,0.0,0.0,0.0,0.0,0.0,0.0,0.0,0.0,0.0,0.0,0.0,0.0,0.09090909090909091
stage1d_single_agent_carry_bootstrap,4,1,30812,1222,1,120,100,1,0,60.2099723815918,0.0,0.0,1.0,0.1,0.0,0,0,0,7,-1,7,-1,1.0,0,0.0,0.0,0.0,0.0,0.0,0.0,0.0,0.0,0.0,0.0,0.0,0.0,0.0,0.0,0.0,0.0,0.0,0.0,0.14285714285714285
stage1d_single_agent_carry_bootstrap,4,1,30819,1223,1,120,100,1,0,60.1654167175293,0.0,0.0,1.0,0.13333333333333333,0.0,0,0,0,7,-1,7,-1,1.0,0,0.0,0.0,0.0,0.0,0.0,0.0,0.0,0.0,0.0,0.0,0.0,0.0,0.0,0.0,0.0,0.0,0.0,0.0,0.14285714285714285
stage1d_single_agent_carry_bootstrap,4,1,30827,1224,1,120,100,1,0,59.41580581665039,0.0,0.0,1.0,0.06666666666666667,0.0,0,0,0,8,-1,8,-1,1.0,1,0.375,0.625,0.375,-0.52,0.0,0.0,0.0,0.0,0.0,0.0,0.0,0.0,0.0,0.0,0.0,0.0,0.0,0.0,0.125
stage1d_single_agent_carry_bootstrap,4,1,30832,1225,1,120,100,1,0,60.101898193359375,0.0,0.0,1.0,0.1,0.0,0,0,0,5,-1,5,-1,1.0,0,0.0,0.0,0.0,0.0,0.0,0.0,0.0,0.0,0.0,0.0,0.0,0.0,0.0,0.0,0.0,0.0,0.0,0.0,0.2
stage1d_single_agent_carry_bootstrap,4,1,30839,1226,1,120,100,1,0,60.166542053222656,0.0,0.0,1.0,0.13333333333333333,0.0,0,0,0,7,-1,7,-1,1.0,0,0.0,0.0,0.0,0.0,0.0,0.0,0.0,0.0,0.0,0.0,0.0,0.0,0.0,0.0,0.0,0.0,0.0,0.0,0.14285714285714285
stage1d_single_agent_carry_bootstrap,4,1,30852,1227,1,120,100,1,0,59.6661491394043,0.0,0.0,1.0,0.13333333333333333,0.0,0,0,0,13,-1,13,-1,1.0,1,0.15384615384615385,0.3076923076923077,0.07692307692307693,-0.36,0.0,0.0,0.0,0.0,0.0,0.0,0.0,0.0,0.0,0.0,0.0,0.0,0.0,0.0,0.07692307692307693
stage1d_single_agent_carry_bootstrap,4,1,30866,1228,1,120,100,1,0,59.957645416259766,0.0,0.0,1.0,0.2,0.0,0,0,0,14,-1,14,-1,1.0,1,0.14285714285714285,0.21428571428571427,0.07142857142857142,-0.28,0.0,0.0,0.0,0.0,0.0,0.0,0.0,0.0,0.0,0.0,0.0,0.0,0.0,0.0,0.07142857142857142
stage1d_single_agent_carry_bootstrap,4,1,30877,1229,1,120,100,1,0,58.620243072509766,0.0,0.0,1.0,0.06666666666666667,0.0,0,0,0,11,-1,11,-1,1.0,0,0.0,0.2727272727272727,0.0,-0.24,0.0,0.0,0.0,0.0,0.0,0.0,0.0,0.0,0.0,0.0,0.0,0.0,0.0,0.0,0.09090909090909091
stage1d_single_agent_carry_bootstrap,4,1,30881,1230,1,120,100,1,0,60.027931213378906,0.0,0.0,1.0,0.06666666666666667,0.0,0,0,0,4,-1,4,-1,1.0,0,0.0,0.0,0.0,0.0,0.0,0.0,0.0,0.0,0.0,0.0,0.0,0.0,0.0,0.0,0.0,0.0,0.0,0.0,0.25
stage1d_single_agent_carry_bootstrap,4,1,30892,1231,1,120,100,1,0,58.97489547729492,0.0,0.0,1.0,0.13333333333333333,0.0,0,0,0,11,-1,11,-1,1.0,1,0.45454545454545453,0.6363636363636364,0.0,-0.56,0.0,0.0,0.0,0.0,0.0,0.0,0.0,0.0,0.0,0.0,0.0,0.0,0.0,0.0,0.09090909090909091
stage1d_single_agent_carry_bootstrap,4,1,30901,1232,1,120,100,1,0,59.72147750854492,0.0,0.0,1.0,0.1,0.0,0,0,0,9,-1,9,-1,1.0,1,0.2222222222222222,0.3333333333333333,0.1111111111111111,-0.28,0.0,0.0,0.0,0.0,0.0,0.0,0.0,0.0,0.0,0.0,0.0,0.0,0.0,0.0,0.1111111111111111
stage1d_single_agent_carry_bootstrap,4,1,30916,1233,1,120,100,1,0,59.37833023071289,0.0,0.0,1.0,0.23333333333333334,0.0,0,0,0,15,-1,15,-1,1.0,1,0.2,0.26666666666666666,0.0,-0.32,0.0,0.0,0.0,0.0,0.0,0.0,0.0,0.0,0.0,0.0,0.0,0.0,0.0,0.0,0.06666666666666667
stage1d_single_agent_carry_bootstrap,4,1,30927,1234,1,120,100,1,0,59.70560073852539,0.0,0.0,1.0,0.13333333333333333,0.0,0,0,0,11,-1,11,-1,1.0,1,0.2727272727272727,0.36363636363636365,0.09090909090909091,-0.36,0.0,0.0,0.0,0.0,0.0,0.0,0.0,0.0,0.0,0.0,0.0,0.0,0.0,0.0,0.09090909090909091
stage1d_single_agent_carry_bootstrap,4,1,30934,1235,1,120,100,1,0,59.9496955871582,0.0,0.0,1.0,0.13333333333333333,0.0,0,0,0,7,-1,7,-1,1.0,0,0.0,0.14285714285714285,0.0,-0.08,0.0,0.0,0.0,0.0,0.0,0.0,0.0,0.0,0.0,0.0,0.0,0.0,0.0,0.0,0.14285714285714285
stage1d_single_agent_carry_bootstrap,4,1,30939,1236,1,120,100,1,0,60.09110641479492,0.0,0.0,1.0,0.06666666666666667,0.0,0,0,0,5,-1,5,-1,1.0,0,0.0,0.0,0.0,0.0,0.0,0.0,0.0,0.0,0.0,0.0,0.0,0.0,0.0,0.0,0.0,0.0,0.0,0.0,0.2
stage1d_single_agent_carry_bootstrap,4,1,30941,1237,1,120,100,1,0,60.00324630737305,0.0,0.0,1.0,0.06666666666666667,0.0,0,0,0,2,-1,2,-1,1.0,0,0.0,0.0,0.0,0.0,0.0,0.0,0.0,0.0,0.0,0.0,0.0,0.0,0.0,0.0,0.0,0.0,0.0,0.0,0.5
stage1d_single_agent_carry_bootstrap,4,1,30951,1238,1,120,100,1,0,59.804969787597656,0.0,0.0,1.0,0.13333333333333333,0.0,0,0,0,10,-1,10,-1,1.0,1,0.2,0.3,0.1,-0.28,0.0,0.0,0.0,0.0,0.0,0.0,0.0,0.0,0.0,0.0,0.0,0.0,0.0,0.0,0.1
stage1d_single_agent_carry_bootstrap,4,1,30962,1239,1,120,100,1,0,59.69468307495117,0.0,0.0,1.0,0.2,0.0,0,0,0,11,-1,11,-1,1.0,0,0.0,0.18181818181818182,0.0,-0.16,0.0,0.0,0.0,0.0,0.0,0.0,0.0,0.0,0.0,0.0,0.0,0.0,0.0,0.0,0.09090909090909091
stage1d_single_agent_carry_bootstrap,4,1,30971,1240,1,120,100,1,0,59.42817687988281,0.0,0.0,1.0,0.1,0.0,0,0,0,9,-1,9,-1,1.0,1,0.5555555555555556,0.6666666666666666,0.1111111111111111,-0.52,0.0,0.0,0.0,0.0,0.0,0.0,0.0,0.0,0.0,0.0,0.0,0.0,0.0,0.0,0.1111111111111111
stage1d_single_agent_carry_bootstrap,4,1,30983,1241,1,120,100,1,0,59.96532440185547,0.0,0.0,1.0,0.16666666666666666,0.0,0,0,0,12,-1,12,-1,1.0,1,0.08333333333333333,0.16666666666666666,0.08333333333333333,-0.2,0.0,0.0,0.0,0.0,0.0,0.0,0.0,0.0,0.0,0.0,0.0,0.0,0.0,0.0,0.08333333333333333
stage1d_single_agent_carry_bootstrap,4,1,30988,1242,1,120,100,1,0,60.10176086425781,0.0,0.0,1.0,0.1,0.0,0,0,0,5,-1,5,-1,1.0,0,0.0,0.0,0.0,0.0,0.0,0.0,0.0,0.0,0.0,0.0,0.0,0.0,0.0,0.0,0.0,0.0,0.0,0.0,0.2
stage1d_single_agent_carry_bootstrap,4,1,30991,1243,1,120,100,1,0,60.00461196899414,0.0,0.0,1.0,0.06666666666666667,0.0,0,0,0,3,-1,3,-1,1.0,0,0.0,0.0,0.0,0.0,0.0,0.0,0.0,0.0,0.0,0.0,0.0,0.0,0.0,0.0,0.0,0.0,0.0,0.0,0.3333333333333333
stage1d_single_agent_carry_bootstrap,4,1,30993,1244,1,120,100,1,0,60.002601623535156,0.0,0.0,1.0,0.06666666666666667,0.0,0,0,0,2,-1,2,-1,1.0,0,0.0,0.0,0.0,0.0,0.0,0.0,0.0,0.0,0.0,0.0,0.0,0.0,0.0,0.0,0.0,0.0,0.0,0.0,0.5
stage1d_single_agent_carry_bootstrap,4,1,31002,1245,1,120,100,1,0,59.55287551879883,0.0,0.0,1.0,0.13333333333333333,0.0,0,0,0,9,-1,9,-1,1.0,1,0.1111111111111111,0.2222222222222222,0.0,-0.16,0.0,0.0,0.0,0.0,0.0,0.0,0.0,0.0,0.0,0.0,0.0,0.0,0.0,0.0,0.1111111111111111
stage1d_single_agent_carry_bootstrap,4,1,31003,1246,1,120,100,1,0,59.99599838256836,0.0,0.0,1.0,0.03333333333333333,0.0,0,0,0,1,-1,1,-1,1.0,0,0.0,0.0,0.0,0.0,0.0,0.0,0.0,0.0,0.0,0.0,0.0,0.0,0.0,0.0,0.0,0.0,0.0,0.0,1.0
stage1d_single_agent_carry_bootstrap,4,1,31005,1247,1,120,100,1,0,60.0001220703125,0.0,0.0,1.0,0.06666666666666667,0.0,0,0,0,2,-1,2,-1,1.0,0,0.0,0.0,0.0,0.0,0.0,0.0,0.0,0.0,0.0,0.0,0.0,0.0,0.0,0.0,0.0,0.0,0.0,0.0,0.5
stage1d_single_agent_carry_bootstrap,4,1,31009,1248,1,120,100,1,0,60.05815887451172,0.0,0.0,1.0,0.1,0.0,0,0,0,4,-1,4,-1,1.0,0,0.0,0.0,0.0,0.0,0.0,0.0,0.0,0.0,0.0,0.0,0.0,0.0,0.0,0.0,0.0,0.0,0.0,0.0,0.25
stage1d_single_agent_carry_bootstrap,4,1,31021,1249,1,120,100,1,0,59.55681228637695,0.0,0.0,1.0,0.16666666666666666,0.0,0,0,0,12,-1,12,-1,1.0,1,0.16666666666666666,0.25,0.0,-0.24,0.0,0.0,0.0,0.0,0.0,0.0,0.0,0.0,0.0,0.0,0.0,0.0,0.0,0.0,0.08333333333333333
stage1d_single_agent_carry_bootstrap,4,1,31033,1250,1,120,100,1,0,59.830074310302734,0.0,0.0,1.0,0.13333333333333333,0.0,0,0,0,12,-1,12,-1,1.0,1,0.16666666666666666,0.25,0.08333333333333333,-0.28,0.0,0.0,0.0,0.0,0.0,0.0,0.0,0.0,0.0,0.0,0.0,0.0,0.0,0.0,0.08333333333333333
stage1d_single_agent_carry_bootstrap,4,1,31039,1251,1,120,100,1,0,60.09135055541992,0.0,0.0,1.0,0.16666666666666666,0.0,0,0,0,6,-1,6,-1,1.0,0,0.0,0.0,0.0,0.0,0.0,0.0,0.0,0.0,0.0,0.0,0.0,0.0,0.0,0.0,0.0,0.0,0.0,0.0,0.16666666666666666
stage1d_single_agent_carry_bootstrap,4,1,31042,1252,1,120,100,1,0,60.01823806762695,0.0,0.0,1.0,0.06666666666666667,0.0,0,0,0,3,-1,3,-1,1.0,0,0.0,0.0,0.0,0.0,0.0,0.0,0.0,0.0,0.0,0.0,0.0,0.0,0.0,0.0,0.0,0.0,0.0,0.0,0.3333333333333333
stage1d_single_agent_carry_bootstrap,4,1,31051,1253,1,120,100,1,0,59.3897705078125,0.0,0.0,1.0,0.13333333333333333,0.0,0,0,0,9,-1,9,-1,1.0,1,0.2222222222222222,0.3333333333333333,0.1111111111111111,-0.28,0.0,0.0,0.0,0.0,0.0,0.0,0.0,0.0,0.0,0.0,0.0,0.0,0.0,0.0,0.1111111111111111
stage1d_single_agent_carry_bootstrap,4,1,31061,1254,1,120,100,1,0,59.15738296508789,0.0,0.0,1.0,0.03333333333333333,0.0,0,0,0,10,-1,10,-1,1.0,1,0.7,0.8,0.3,-0.76,0.0,0.0,0.0,0.0,0.0,0.0,0.0,0.0,0.0,0.0,0.0,0.0,0.0,0.0,0.1
stage1d_single_agent_carry_bootstrap,4,1,31074,1255,1,120,100,1,0,59.75754165649414,0.0,0.0,1.0,0.16666666666666666,0.0,0,0,0,13,-1,13,-1,1.0,1,0.07692307692307693,0.23076923076923078,0.07692307692307693,-0.28,0.0,0.0,0.0,0.0,0.0,0.0,0.0,0.0,0.0,0.0,0.0,0.0,0.0,0.0,0.07692307692307693
stage1d_single_agent_carry_bootstrap,4,1,31079,1256,1,120,100,1,0,60.0599479675293,0.0,0.0,1.0,0.1,0.0,0,0,0,5,-1,5,-1,1.0,0,0.0,0.0,0.0,0.0,0.0,0.0,0.0,0.0,0.0,0.0,0.0,0.0,0.0,0.0,0.0,0.0,0.0,0.0,0.2
stage1d_single_agent_carry_bootstrap,4,1,31081,1257,1,120,100,1,0,60.00320053100586,0.0,0.0,1.0,0.06666666666666667,0.0,0,0,0,2,-1,2,-1,1.0,0,0.0,0.0,0.0,0.0,0.0,0.0,0.0,0.0,0.0,0.0,0.0,0.0,0.0,0.0,0.0,0.0,0.0,0.0,0.5
stage1d_single_agent_carry_bootstrap,4,1,31092,1258,1,120,100,1,0,59.39237594604492,0.0,0.0,1.0,0.13333333333333333,0.0,0,0,0,11,-1,11,-1,1.0,1,0.18181818181818182,0.2727272727272727,0.0,-0.24,0.0,0.0,0.0,0.0,0.0,0.0,0.0,0.0,0.0,0.0,0.0,0.0,0.0,0.0,0.09090909090909091
stage1d_single_agent_carry_bootstrap,4,1,31101,1259,1,120,100,1,0,59.396873474121094,0.0,0.0,1.0,0.06666666666666667,0.0,0,0,0,9,-1,9,-1,1.0,1,0.5555555555555556,0.6666666666666666,0.2222222222222222,-0.56,0.0,0.0,0.0,0.0,0.0,0.0,0.0,0.0,0.0,0.0,0.0,0.0,0.0,0.0,0.1111111111111111
stage1d_single_agent_carry_bootstrap,4,1,31111,1260,1,120,100,1,0,60.13801193237305,0.0,0.0,1.0,0.2,0.0,0,0,0,10,-1,10,-1,1.0,0,0.0,0.1,0.0,-0.08,0.0,0.0,0.0,0.0,0.0,0.0,0.0,0.0,0.0,0.0,0.0,0.0,0.0,0.0,0.1
stage1d_single_agent_carry_bootstrap,4,1,31116,1261,1,120,100,1,0,60.11068344116211,0.0,0.0,1.0,0.13333333333333333,0.0,0,0,0,5,-1,5,-1,1.0,0,0.0,0.0,0.0,0.0,0.0,0.0,0.0,0.0,0.0,0.0,0.0,0.0,0.0,0.0,0.0,0.0,0.0,0.0,0.2
stage1d_single_agent_carry_bootstrap,4,1,31118,1262,1,120,100,1,0,60.00322341918945,0.0,0.0,1.0,0.03333333333333333,0.0,0,0,0,2,-1,2,-1,1.0,0,0.0,0.0,0.0,0.0,0.0,0.0,0.0,0.0,0.0,0.0,0.0,0.0,0.0,0.0,0.0,0.0,0.0,0.0,0.5
stage1d_single_agent_carry_bootstrap,4,1,31129,1263,1,120,100,1,0,59.2271842956543,0.0,0.0,1.0,0.1,0.0,0,0,0,11,-1,11,-1,1.0,1,0.6363636363636364,0.7272727272727273,0.18181818181818182,-0.72,0.0,0.0,0.0,0.0,0.0,0.0,0.0,0.0,0.0,0.0,0.0,0.0,0.0,0.0,0.09090909090909091
stage1d_single_agent_carry_bootstrap,4,1,31135,1264,1,120,100,1,0,59.432159423828125,0.0,0.0,1.0,0.1,0.0,0,0,0,6,-1,6,-1,1.0,1,0.16666666666666666,0.3333333333333333,0.0,-0.16,0.0,0.0,0.0,0.0,0.0,0.0,0.0,0.0,0.0,0.0,0.0,0.0,0.0,0.0,0.16666666666666666
stage1d_single_agent_carry_bootstrap,4,1,31149,1265,1,120,100,1,0,58.85246276855469,0.0,0.0,1.0,0.16666666666666666,0.0,0,0,0,14,-1,14,-1,1.0,2,0.5,0.6428571428571429,0.0,-0.72,0.0,0.0,0.0,0.0,0.0,0.0,0.0,0.0,0.0,0.0,0.0,0.0,0.0,0.0,0.07142857142857142
stage1d_single_agent_carry_bootstrap,4,1,31161,1266,1,120,100,1,0,59.88575744628906,0.0,0.0,1.0,0.13333333333333333,0.0,0,0,0,12,-1,12,-1,1.0,1,0.16666666666666666,0.25,0.08333333333333333,-0.28,0.0,0.0,0.0,0.0,0.0,0.0,0.0,0.0,0.0,0.0,0.0,0.0,0.0,0.0,0.08333333333333333
stage1d_single_agent_carry_bootstrap,4,1,31168,1267,1,120,100,1,0,60.186161041259766,0.0,0.0,1.0,0.1,0.0,0,0,0,7,-1,7,-1,1.0,0,0.0,0.0,0.0,0.0,0.0,0.0,0.0,0.0,0.0,0.0,0.0,0.0,0.0,0.0,0.0,0.0,0.0,0.0,0.14285714285714285
stage1d_single_agent_carry_bootstrap,4,1,31180,1268,1,120,100,1,0,59.7111930847168,0.0,0.0,1.0,0.13333333333333333,0.0,0,0,0,12,-1,12,-1,1.0,1,0.25,0.3333333333333333,0.08333333333333333,-0.36,0.0,0.0,0.0,0.0,0.0,0.0,0.0,0.0,0.0,0.0,0.0,0.0,0.0,0.0,0.08333333333333333
stage1d_single_agent_carry_bootstrap,4,1,31182,1269,1,120,100,1,0,59.99808883666992,0.0,0.0,1.0,0.03333333333333333,0.0,0,0,0,2,-1,2,-1,1.0,0,0.0,0.0,0.0,0.0,0.0,0.0,0.0,0.0,0.0,0.0,0.0,0.0,0.0,0.0,0.0,0.0,0.0,0.0,0.5
stage1d_single_agent_carry_bootstrap,4,1,31190,1270,1,120,100,1,0,59.65275955200195,0.0,0.0,1.0,0.1,0.0,0,0,0,8,-1,8,-1,1.0,0,0.0,0.125,0.0,-0.08,0.0,0.0,0.0,0.0,0.0,0.0,0.0,0.0,0.0,0.0,0.0,0.0,0.0,0.0,0.125
stage1d_single_agent_carry_bootstrap,4,1,31195,1271,1,120,100,1,0,60.0905647277832,0.0,0.0,1.0,0.06666666666666667,0.0,0,0,0,5,-1,5,-1,1.0,0,0.0,0.0,0.0,0.0,0.0,0.0,0.0,0.0,0.0,0.0,0.0,0.0,0.0,0.0,0.0,0.0,0.0,0.0,0.2
stage1d_single_agent_carry_bootstrap,4,1,31204,1272,1,120,100,1,0,59.6340217590332,0.0,0.0,1.0,0.1,0.0,0,0,0,9,-1,9,-1,1.0,1,0.3333333333333333,0.4444444444444444,0.2222222222222222,-0.4,0.0,0.0,0.0,0.0,0.0,0.0,0.0,0.0,0.0,0.0,0.0,0.0,0.0,0.0,0.1111111111111111
stage1d_single_agent_carry_bootstrap,4,1,31215,1273,1,120,100,1,0,59.83076095581055,0.0,0.0,1.0,0.13333333333333333,0.0,0,0,0,11,-1,11,-1,1.0,1,0.18181818181818182,0.2727272727272727,0.09090909090909091,-0.28,0.0,0.0,0.0,0.0,0.0,0.0,0.0,0.0,0.0,0.0,0.0,0.0,0.0,0.0,0.09090909090909091
stage1d_single_agent_carry_bootstrap,4,1,31240,1274,1,120,100,1,0,58.51741409301758,0.0,0.0,1.0,0.2,0.0,0,0,0,25,-1,25,-1,1.0,2,0.4,0.48,0.12,-1.0799999999999998,0.0,0.0,0.0,0.0,0.0,0.0,0.0,0.0,0.0,0.0,0.0,0.0,0.0,0.0,0.04
stage1d_single_agent_carry_bootstrap,4,1,31250,1275,1,120,100,1,0,59.571048736572266,0.0,0.0,1.0,0.1,0.0,0,0,0,10,-1,10,-1,1.0,1,0.2,0.4,0.2,-0.4,0.0,0.0,0.0,0.0,0.0,0.0,0.0,0.0,0.0,0.0,0.0,0.0,0.0,0.0,0.1
stage1d_single_agent_carry_bootstrap,4,1,31254,1276,1,120,100,1,0,60.058902740478516,0.0,0.0,1.0,0.1,0.0,0,0,0,4,-1,4,-1,1.0,0,0.0,0.0,0.0,0.0,0.0,0.0,0.0,0.0,0.0,0.0,0.0,0.0,0.0,0.0,0.0,0.0,0.0,0.0,0.25
stage1d_single_agent_carry_bootstrap,4,1,31257,1277,1,120,100,1,0,60.01262664794922,0.0,0.0,1.0,0.06666666666666667,0.0,0,0,0,3,-1,3,-1,1.0,0,0.0,0.0,0.0,0.0,0.0,0.0,0.0,0.0,0.0,0.0,0.0,0.0,0.0,0.0,0.0,0.0,0.0,0.0,0.3333333333333333
stage1d_single_agent_carry_bootstrap,4,1,31275,1278,1,120,100,1,0,59.23666763305664,0.0,0.0,1.0,0.16666666666666666,0.0,0,0,0,18,-1,18,-1,1.0,1,0.3333333333333333,0.4444444444444444,0.1111111111111111,-0.72,0.0,0.0,0.0,0.0,0.0,0.0,0.0,0.0,0.0,0.0,0.0,0.0,0.0,0.0,0.05555555555555555
stage1d_single_agent_carry_bootstrap,4,1,31285,1279,1,120,100,1,0,59.821285247802734,0.0,0.0,1.0,0.2,0.0,0,0,0,10,-1,10,-1,1.0,1,0.2,0.3,0.0,-0.24,0.0,0.0,0.0,0.0,0.0,0.0,0.0,0.0,0.0,0.0,0.0,0.0,0.0,0.0,0.1
stage1d_single_agent_carry_bootstrap,4,1,31298,1280,1,120,100,1,0,59.88472366333008,0.0,0.0,1.0,0.16666666666666666,0.0,0,0,0,13,-1,13,-1,1.0,1,0.15384615384615385,0.23076923076923078,0.07692307692307693,-0.28,0.0,0.0,0.0,0.0,0.0,0.0,0.0,0.0,0.0,0.0,0.0,0.0,0.0,0.0,0.07692307692307693
stage1d_single_agent_carry_bootstrap,4,1,31308,1281,1,120,100,1,0,59.86939239501953,0.0,0.0,1.0,0.13333333333333333,0.0,0,0,0,10,-1,10,-1,1.0,1,0.1,0.2,0.1,-0.2,0.0,0.0,0.0,0.0,0.0,0.0,0.0,0.0,0.0,0.0,0.0,0.0,0.0,0.0,0.1
stage1d_single_agent_carry_bootstrap,4,1,31319,1282,1,120,100,1,0,59.689735412597656,0.0,0.0,1.0,0.1,0.0,0,0,0,11,-1,11,-1,1.0,1,0.2727272727272727,0.36363636363636365,0.09090909090909091,-0.36,0.0,0.0,0.0,0.0,0.0,0.0,0.0,0.0,0.0,0.0,0.0,0.0,0.0,0.0,0.09090909090909091
stage1d_single_agent_carry_bootstrap,4,1,31329,1283,1,120,100,1,0,59.5266227722168,0.0,0.0,1.0,0.1,0.0,0,0,0,10,-1,10,-1,1.0,1,0.4,0.5,0.2,-0.48000000000000004,0.0,0.0,0.0,0.0,0.0,0.0,0.0,0.0,0.0,0.0,0.0,0.0,0.0,0.0,0.1
stage1d_single_agent_carry_bootstrap,4,1,31354,1284,1,120,100,1,0,59.0773811340332,0.0,0.0,1.0,0.23333333333333334,0.0,0,0,0,25,-1,25,-1,1.0,3,0.16,0.28,0.12,-0.68,0.0,0.0,0.0,0.0,0.0,0.0,0.0,0.0,0.0,0.0,0.0,0.0,0.0,0.0,0.04
stage1d_single_agent_carry_bootstrap,4,1,31357,1285,1,120,100,1,0,60.011802673339844,0.0,0.0,1.0,0.06666666666666667,0.0,0,0,0,3,-1,3,-1,1.0,0,0.0,0.0,0.0,0.0,0.0,0.0,0.0,0.0,0.0,0.0,0.0,0.0,0.0,0.0,0.0,0.0,0.0,0.0,0.3333333333333333
stage1d_single_agent_carry_bootstrap,4,1,31364,1286,1,120,100,1,0,59.79804229736328,0.0,0.0,1.0,0.06666666666666667,0.0,0,0,0,7,-1,7,-1,1.0,1,0.14285714285714285,0.2857142857142857,0.14285714285714285,-0.2,0.0,0.0,0.0,0.0,0.0,0.0,0.0,0.0,0.0,0.0,0.0,0.0,0.0,0.0,0.14285714285714285
stage1d_single_agent_carry_bootstrap,4,1,31370,1287,1,120,100,1,0,60.133705139160156,0.0,0.0,1.0,0.1,0.0,0,0,0,6,-1,6,-1,1.0,0,0.0,0.0,0.0,0.0,0.0,0.0,0.0,0.0,0.0,0.0,0.0,0.0,0.0,0.0,0.0,0.0,0.0,0.0,0.16666666666666666
stage1d_single_agent_carry_bootstrap,4,1,31375,1288,1,120,100,1,0,60.1001091003418,0.0,0.0,1.0,0.1,0.0,0,0,0,5,-1,5,-1,1.0,0,0.0,0.0,0.0,0.0,0.0,0.0,0.0,0.0,0.0,0.0,0.0,0.0,0.0,0.0,0.0,0.0,0.0,0.0,0.2
stage1d_single_agent_carry_bootstrap,4,1,31388,1289,1,120,100,1,0,59.110782623291016,0.0,0.0,1.0,0.16666666666666666,0.0,0,0,0,13,-1,13,-1,1.0,1,0.38461538461538464,0.46153846153846156,0.07692307692307693,-0.52,0.0,0.0,0.0,0.0,0.0,0.0,0.0,0.0,0.0,0.0,0.0,0.0,0.0,0.0,0.07692307692307693
stage1d_single_agent_carry_bootstrap,4,1,31392,1290,1,120,100,1,0,60.05073165893555,0.0,0.0,1.0,0.06666666666666667,0.0,0,0,0,4,-1,4,-1,1.0,0,0.0,0.0,0.0,0.0,0.0,0.0,0.0,0.0,0.0,0.0,0.0,0.0,0.0,0.0,0.0,0.0,0.0,0.0,0.25
stage1d_single_agent_carry_bootstrap,4,1,31410,1291,1,120,100,1,0,59.3144416809082,0.0,0.0,1.0,0.16666666666666666,0.0,0,0,0,18,-1,18,-1,1.0,2,0.3333333333333333,0.4444444444444444,0.1111111111111111,-0.72,0.0,0.0,0.0,0.0,0.0,0.0,0.0,0.0,0.0,0.0,0.0,0.0,0.0,0.0,0.05555555555555555
stage1d_single_agent_carry_bootstrap,4,1,31427,1292,1,120,100,1,0,59.66776657104492,0.0,0.0,1.0,0.2,0.0,0,0,0,17,-1,17,-1,1.0,1,0.11764705882352941,0.23529411764705882,0.11764705882352941,-0.4,0.0,0.0,0.0,0.0,0.0,0.0,0.0,0.0,0.0,0.0,0.0,0.0,0.0,0.0,0.058823529411764705
stage1d_single_agent_carry_bootstrap,4,1,31431,1293,1,120,100,1,0,60.03456115722656,0.0,0.0,1.0,0.06666666666666667,0.0,0,0,0,4,-1,4,-1,1.0,0,0.0,0.0,0.0,0.0,0.0,0.0,0.0,0.0,0.0,0.0,0.0,0.0,0.0,0.0,0.0,0.0,0.0,0.0,0.25
stage1d_single_agent_carry_bootstrap,4,1,31436,1294,1,120,100,1,0,60.10244369506836,0.0,0.0,1.0,0.1,0.0,0,0,0,5,-1,5,-1,1.0,0,0.0,0.0,0.0,0.0,0.0,0.0,0.0,0.0,0.0,0.0,0.0,0.0,0.0,0.0,0.0,0.0,0.0,0.0,0.2
stage1d_single_agent_carry_bootstrap,4,1,31438,1295,1,120,100,1,0,60.00217819213867,0.0,0.0,1.0,0.03333333333333333,0.0,0,0,0,2,-1,2,-1,1.0,0,0.0,0.0,0.0,0.0,0.0,0.0,0.0,0.0,0.0,0.0,0.0,0.0,0.0,0.0,0.0,0.0,0.0,0.0,0.5
stage1d_single_agent_carry_bootstrap,4,1,31439,1296,1,120,100,1,0,59.99599838256836,0.0,0.0,1.0,0.03333333333333333,0.0,0,0,0,1,-1,1,-1,1.0,0,0.0,0.0,0.0,0.0,0.0,0.0,0.0,0.0,0.0,0.0,0.0,0.0,0.0,0.0,0.0,0.0,0.0,0.0,1.0
stage1d_single_agent_carry_bootstrap,4,1,31443,1297,1,120,100,1,0,60.05276870727539,0.0,0.0,1.0,0.06666666666666667,0.0,0,0,0,4,-1,4,-1,1.0,0,0.0,0.0,0.0,0.0,0.0,0.0,0.0,0.0,0.0,0.0,0.0,0.0,0.0,0.0,0.0,0.0,0.0,0.0,0.25
stage1d_single_agent_carry_bootstrap,4,1,31454,1298,1,120,100,1,0,58.92371368408203,0.0,0.0,1.0,0.13333333333333333,0.0,0,0,0,11,-1,11,-1,1.0,1,0.18181818181818182,0.36363636363636365,0.0,-0.32,0.0,0.0,0.0,0.0,0.0,0.0,0.0,0.0,0.0,0.0,0.0,0.0,0.0,0.0,0.09090909090909091
stage1d_single_agent_carry_bootstrap,4,1,31464,1299,1,120,100,1,0,59.92348861694336,0.0,0.0,1.0,0.13333333333333333,0.0,0,0,0,10,-1,10,-1,1.0,1,0.1,0.2,0.1,-0.2,0.0,0.0,0.0,0.0,0.0,0.0,0.0,0.0,0.0,0.0,0.0,0.0,0.0,0.0,0.1
stage1d_single_agent_carry_bootstrap,4,1,31480,1300,1,120,100,1,0,59.697044372558594,0.0,0.0,1.0,0.16666666666666666,0.0,0,0,0,16,-1,16,-1,1.0,1,0.125,0.25,0.125,-0.4,0.0,0.0,0.0,0.0,0.0,0.0,0.0,0.0,0.0,0.0,0.0,0.0,0.0,0.0,0.0625
stage1d_single_agent_carry_bootstrap,4,1,31495,1301,1,120,100,1,0,59.212955474853516,0.0,0.0,1.0,0.2,0.0,0,0,0,15,-1,15,-1,1.0,1,0.26666666666666666,0.3333333333333333,0.06666666666666667,-0.44000000000000006,0.0,0.0,0.0,0.0,0.0,0.0,0.0,0.0,0.0,0.0,0.0,0.0,0.0,0.0,0.06666666666666667
stage1d_single_agent_carry_bootstrap,4,1,31507,1302,1,120,100,1,0,59.704593658447266,0.0,0.0,1.0,0.16666666666666666,0.0,0,0,0,12,-1,12,-1,1.0,1,0.25,0.3333333333333333,0.08333333333333333,-0.36,0.0,0.0,0.0,0.0,0.0,0.0,0.0,0.0,0.0,0.0,0.0,0.0,0.0,0.0,0.08333333333333333
stage1d_single_agent_carry_bootstrap,4,1,31515,1303,1,120,100,1,0,59.7237663269043,0.0,0.0,1.0,0.06666666666666667,0.0,0,0,0,8,-1,8,-1,1.0,1,0.25,0.375,0.125,-0.28,0.0,0.0,0.0,0.0,0.0,0.0,0.0,0.0,0.0,0.0,0.0,0.0,0.0,0.0,0.125
stage1d_single_agent_carry_bootstrap,4,1,31525,1304,1,120,100,1,0,59.92810821533203,0.0,0.0,1.0,0.13333333333333333,0.0,0,0,0,10,-1,10,-1,1.0,1,0.1,0.2,0.1,-0.2,0.0,0.0,0.0,0.0,0.0,0.0,0.0,0.0,0.0,0.0,0.0,0.0,0.0,0.0,0.1
stage1d_single_agent_carry_bootstrap,4,1,31535,1305,1,120,100,1,0,59.44114303588867,0.0,0.0,1.0,0.1,0.0,0,0,0,10,-1,10,-1,1.0,1,0.5,0.6,0.2,-0.56,0.0,0.0,0.0,0.0,0.0,0.0,0.0,0.0,0.0,0.0,0.0,0.0,0.0,0.0,0.1
stage1d_single_agent_carry_bootstrap,4,1,31537,1306,1,120,100,1,0,60.002994537353516,0.0,0.0,1.0,0.03333333333333333,0.0,0,0,0,2,-1,2,-1,1.0,0,0.0,0.0,0.0,0.0,0.0,0.0,0.0,0.0,0.0,0.0,0.0,0.0,0.0,0.0,0.0,0.0,0.0,0.0,0.5
stage1d_single_agent_carry_bootstrap,4,1,31548,1307,1,120,100,1,0,59.52039337158203,0.0,0.0,1.0,0.16666666666666666,0.0,0,0,0,11,-1,11,-1,1.0,1,0.18181818181818182,0.2727272727272727,0.0,-0.24,0.0,0.0,0.0,0.0,0.0,0.0,0.0,0.0,0.0,0.0,0.0,0.0,0.0,0.0,0.09090909090909091
stage1d_single_agent_carry_bootstrap,4,1,31553,1308,1,120,100,1,0,60.044490814208984,0.0,0.0,1.0,0.1,0.0,0,0,0,5,-1,5,-1,1.0,0,0.0,0.0,0.0,0.0,0.0,0.0,0.0,0.0,0.0,0.0,0.0,0.0,0.0,0.0,0.0,0.0,0.0,0.0,0.2
stage1d_single_agent_carry_bootstrap,4,1,31558,1309,1,120,100,1,0,60.09858703613281,0.0,0.0,1.0,0.1,0.0,0,0,0,5,-1,5,-1,1.0,0,0.0,0.0,0.0,0.0,0.0,0.0,0.0,0.0,0.0,0.0,0.0,0.0,0.0,0.0,0.0,0.0,0.0,0.0,0.2
stage1d_single_agent_carry_bootstrap,4,1,31560,1310,1,120,100,1,0,60.002220153808594,0.0,0.0,1.0,0.03333333333333333,0.0,0,0,0,2,-1,2,-1,1.0,0,0.0,0.0,0.0,0.0,0.0,0.0,0.0,0.0,0.0,0.0,0.0,0.0,0.0,0.0,0.0,0.0,0.0,0.0,0.5
stage1d_single_agent_carry_bootstrap,4,1,31569,1311,1,120,100,1,0,60.292537689208984,0.0,0.0,1.0,0.16666666666666666,0.0,0,0,0,9,-1,9,-1,1.0,0,0.0,0.0,0.0,0.0,0.0,0.0,0.0,0.0,0.0,0.0,0.0,0.0,0.0,0.0,0.0,0.0,0.0,0.0,0.1111111111111111
stage1d_single_agent_carry_bootstrap,4,1,31574,1312,1,120,100,1,0,60.09778594970703,0.0,0.0,1.0,0.06666666666666667,0.0,0,0,0,5,-1,5,-1,1.0,0,0.0,0.0,0.0,0.0,0.0,0.0,0.0,0.0,0.0,0.0,0.0,0.0,0.0,0.0,0.0,0.0,0.0,0.0,0.2
stage1d_single_agent_carry_bootstrap,4,1,31585,1313,1,120,100,1,0,59.81352615356445,0.0,0.0,1.0,0.13333333333333333,0.0,0,0,0,11,-1,11,-1,1.0,1,0.18181818181818182,0.2727272727272727,0.09090909090909091,-0.28,0.0,0.0,0.0,0.0,0.0,0.0,0.0,0.0,0.0,0.0,0.0,0.0,0.0,0.0,0.09090909090909091
stage1d_single_agent_carry_bootstrap,4,1,31597,1314,1,120,100,1,0,59.9550895690918,0.0,0.0,1.0,0.13333333333333333,0.0,0,0,0,12,-1,12,-1,1.0,1,0.08333333333333333,0.16666666666666666,0.08333333333333333,-0.2,0.0,0.0,0.0,0.0,0.0,0.0,0.0,0.0,0.0,0.0,0.0,0.0,0.0,0.0,0.08333333333333333
stage1d_single_agent_carry_bootstrap,4,1,31608,1315,1,120,100,1,0,59.663265228271484,0.0,0.0,1.0,0.06666666666666667,0.0,0,0,0,11,-1,11,-1,1.0,1,0.09090909090909091,0.2727272727272727,0.18181818181818182,-0.32,0.0,0.0,0.0,0.0,0.0,0.0,0.0,0.0,0.0,0.0,0.0,0.0,0.0,0.0,0.09090909090909091
stage1d_single_agent_carry_bootstrap,4,1,31617,1316,1,120,100,1,0,59.598785400390625,0.0,0.0,1.0,0.13333333333333333,0.0,0,0,0,9,-1,9,-1,1.0,1,0.4444444444444444,0.5555555555555556,0.0,-0.4,0.0,0.0,0.0,0.0,0.0,0.0,0.0,0.0,0.0,0.0,0.0,0.0,0.0,0.0,0.1111111111111111
stage1d_single_agent_carry_bootstrap,4,1,31632,1317,1,120,100,1,0,59.050411224365234,0.0,0.0,1.0,0.16666666666666666,0.0,0,0,0,15,-1,15,-1,1.0,1,0.06666666666666667,0.2,0.06666666666666667,-0.28,0.0,0.0,0.0,0.0,0.0,0.0,0.0,0.0,0.0,0.0,0.0,0.0,0.0,0.0,0.06666666666666667
stage1d_single_agent_carry_bootstrap,4,1,31640,1318,1,120,100,1,0,59.13418960571289,0.0,0.0,1.0,0.06666666666666667,0.0,0,0,0,8,-1,8,-1,1.0,1,0.5,0.625,0.125,-0.44000000000000006,0.0,0.0,0.0,0.0,0.0,0.0,0.0,0.0,0.0,0.0,0.0,0.0,0.0,0.0,0.125
stage1d_single_agent_carry_bootstrap,4,1,31651,1319,1,120,100,1,0,59.85014724731445,0.0,0.0,1.0,0.13333333333333333,0.0,0,0,0,11,-1,11,-1,1.0,1,0.18181818181818182,0.2727272727272727,0.09090909090909091,-0.28,0.0,0.0,0.0,0.0,0.0,0.0,0.0,0.0,0.0,0.0,0.0,0.0,0.0,0.0,0.09090909090909091
stage1d_single_agent_carry_bootstrap,4,1,31661,1320,1,120,100,1,0,59.48868179321289,0.0,0.0,1.0,0.16666666666666666,0.0,0,0,0,10,-1,10,-1,1.0,1,0.1,0.2,0.0,-0.16,0.0,0.0,0.0,0.0,0.0,0.0,0.0,0.0,0.0,0.0,0.0,0.0,0.0,0.0,0.1
stage1d_single_agent_carry_bootstrap,4,1,31678,1321,1,120,100,1,0,59.55792236328125,0.0,0.0,1.0,0.13333333333333333,0.0,0,0,0,17,-1,17,-1,1.0,2,0.11764705882352941,0.29411764705882354,0.17647058823529413,-0.52,0.0,0.0,0.0,0.0,0.0,0.0,0.0,0.0,0.0,0.0,0.0,0.0,0.0,0.0,0.058823529411764705
stage1d_single_agent_carry_bootstrap,4,1,31679,1322,1,120,100,1,0,59.99599838256836,0.0,0.0,1.0,0.03333333333333333,0.0,0,0,0,1,-1,1,-1,1.0,0,0.0,0.0,0.0,0.0,0.0,0.0,0.0,0.0,0.0,0.0,0.0,0.0,0.0,0.0,0.0,0.0,0.0,0.0,1.0
stage1d_single_agent_carry_bootstrap,4,1,31692,1323,1,120,100,1,0,59.625953674316406,0.0,0.0,1.0,0.16666666666666666,0.0,0,0,0,13,-1,13,-1,1.0,1,0.15384615384615385,0.3076923076923077,0.15384615384615385,-0.4,0.0,0.0,0.0,0.0,0.0,0.0,0.0,0.0,0.0,0.0,0.0,0.0,0.0,0.0,0.07692307692307693
stage1d_single_agent_carry_bootstrap,4,1,31694,1324,1,120,100,1,0,59.9987678527832,0.0,0.0,1.0,0.03333333333333333,0.0,0,0,0,2,-1,2,-1,1.0,0,0.0,0.0,0.0,0.0,0.0,0.0,0.0,0.0,0.0,0.0,0.0,0.0,0.0,0.0,0.0,0.0,0.0,0.0,0.5
stage1d_single_agent_carry_bootstrap,4,1,31697,1325,1,120,100,1,0,60.02008819580078,0.0,0.0,1.0,0.06666666666666667,0.0,0,0,0,3,-1,3,-1,1.0,0,0.0,0.0,0.0,0.0,0.0,0.0,0.0,0.0,0.0,0.0,0.0,0.0,0.0,0.0,0.0,0.0,0.0,0.0,0.3333333333333333
stage1d_single_agent_carry_bootstrap,4,1,31709,1326,1,120,100,1,0,59.76215744018555,0.0,0.0,1.0,0.16666666666666666,0.0,0,0,0,12,-1,12,-1,1.0,1,0.25,0.3333333333333333,0.08333333333333333,-0.36,0.0,0.0,0.0,0.0,0.0,0.0,0.0,0.0,0.0,0.0,0.0,0.0,0.0,0.0,0.08333333333333333
stage1d_single_agent_carry_bootstrap,4,1,31720,1327,1,120,100,1,0,59.877037048339844,0.0,0.0,1.0,0.16666666666666666,0.0,0,0,0,11,-1,11,-1,1.0,1,0.18181818181818182,0.2727272727272727,0.09090909090909091,-0.28,0.0,0.0,0.0,0.0,0.0,0.0,0.0,0.0,0.0,0.0,0.0,0.0,0.0,0.0,0.09090909090909091
stage1d_single_agent_carry_bootstrap,4,1,31730,1328,1,120,100,1,0,59.61822509765625,0.0,0.0,1.0,0.16666666666666666,0.0,0,0,0,10,-1,10,-1,1.0,1,0.1,0.2,0.0,-0.16,0.0,0.0,0.0,0.0,0.0,0.0,0.0,0.0,0.0,0.0,0.0,0.0,0.0,0.0,0.1
stage1d_single_agent_carry_bootstrap,4,1,31747,1329,1,120,100,1,0,59.39649963378906,0.0,0.0,1.0,0.16666666666666666,0.0,0,0,0,17,-1,17,-1,1.0,1,0.29411764705882354,0.4117647058823529,0.11764705882352941,-0.64,0.0,0.0,0.0,0.0,0.0,0.0,0.0,0.0,0.0,0.0,0.0,0.0,0.0,0.0,0.058823529411764705
stage1d_single_agent_carry_bootstrap,4,1,31760,1330,1,120,100,1,0,59.434417724609375,0.0,0.0,1.0,0.2,0.0,0,0,0,13,-1,13,-1,1.0,1,0.15384615384615385,0.3076923076923077,0.0,-0.32,0.0,0.0,0.0,0.0,0.0,0.0,0.0,0.0,0.0,0.0,0.0,0.0,0.0,0.0,0.07692307692307693
stage1d_single_agent_carry_bootstrap,4,1,31783,1331,1,120,100,1,0,58.95759963989258,0.0,0.0,1.0,0.23333333333333334,0.0,0,0,0,23,-1,23,-1,1.0,2,0.30434782608695654,0.391304347826087,0.08695652173913043,-0.7999999999999999,0.0,0.0,0.0,0.0,0.0,0.0,0.0,0.0,0.0,0.0,0.0,0.0,0.0,0.0,0.043478260869565216
stage1d_single_agent_carry_bootstrap,4,1,31786,1332,1,120,100,1,0,60.01773452758789,0.0,0.0,1.0,0.06666666666666667,0.0,0,0,0,3,-1,3,-1,1.0,0,0.0,0.0,0.0,0.0,0.0,0.0,0.0,0.0,0.0,0.0,0.0,0.0,0.0,0.0,0.0,0.0,0.0,0.0,0.3333333333333333
stage1d_single_agent_carry_bootstrap,4,1,31797,1333,1,120,100,1,0,59.49546813964844,0.0,0.0,1.0,0.1,0.0,0,0,0,11,-1,11,-1,1.0,1,0.45454545454545453,0.5454545454545454,0.09090909090909091,-0.52,0.0,0.0,0.0,0.0,0.0,0.0,0.0,0.0,0.0,0.0,0.0,0.0,0.0,0.0,0.09090909090909091
stage1d_single_agent_carry_bootstrap,4,1,31809,1334,1,120,100,1,0,60.055152893066406,0.0,0.0,1.0,0.2,0.0,0,0,0,12,-1,12,-1,1.0,1,0.08333333333333333,0.16666666666666666,0.0,-0.16,0.0,0.0,0.0,0.0,0.0,0.0,0.0,0.0,0.0,0.0,0.0,0.0,0.0,0.0,0.08333333333333333
stage1d_single_agent_carry_bootstrap,4,1,31817,1335,1,120,100,1,0,59.60558319091797,0.0,0.0,1.0,0.13333333333333333,0.0,0,0,0,8,-1,8,-1,1.0,0,0.0,0.125,0.0,-0.08,0.0,0.0,0.0,0.0,0.0,0.0,0.0,0.0,0.0,0.0,0.0,0.0,0.0,0.0,0.125
stage1d_single_agent_carry_bootstrap,4,1,31827,1336,1,120,100,1,0,59.86020278930664,0.0,0.0,1.0,0.1,0.0,0,0,0,10,-1,10,-1,1.0,1,0.1,0.2,0.0,-0.16,0.0,0.0,0.0,0.0,0.0,0.0,0.0,0.0,0.0,0.0,0.0,0.0,0.0,0.0,0.1
stage1d_single_agent_carry_bootstrap,4,1,31832,1337,1,120,100,1,0,60.099918365478516,0.0,0.0,1.0,0.1,0.0,0,0,0,5,-1,5,-1,1.0,0,0.0,0.0,0.0,0.0,0.0,0.0,0.0,0.0,0.0,0.0,0.0,0.0,0.0,0.0,0.0,0.0,0.0,0.0,0.2
stage1d_single_agent_carry_bootstrap,4,1,31846,1338,1,120,100,1,0,59.20033645629883,0.0,0.0,1.0,0.1,0.0,0,0,0,14,-1,14,-1,1.0,2,0.42857142857142855,0.5714285714285714,0.14285714285714285,-0.72,0.0,0.0,0.0,0.0,0.0,0.0,0.0,0.0,0.0,0.0,0.0,0.0,0.0,0.0,0.07142857142857142
stage1d_single_agent_carry_bootstrap,4,1,31855,1339,1,120,100,1,0,59.519004821777344,0.0,0.0,1.0,0.06666666666666667,0.0,0,0,0,9,-1,9,-1,1.0,1,0.4444444444444444,0.5555555555555556,0.1111111111111111,-0.44,0.0,0.0,0.0,0.0,0.0,0.0,0.0,0.0,0.0,0.0,0.0,0.0,0.0,0.0,0.1111111111111111
stage1d_single_agent_carry_bootstrap,4,1,31862,1340,1,120,100,1,0,60.209747314453125,0.0,0.0,1.0,0.13333333333333333,0.0,0,0,0,7,-1,7,-1,1.0,0,0.0,0.0,0.0,0.0,0.0,0.0,0.0,0.0,0.0,0.0,0.0,0.0,0.0,0.0,0.0,0.0,0.0,0.0,0.14285714285714285
stage1d_single_agent_carry_bootstrap,4,1,31872,1341,1,120,100,1,0,59.00075912475586,0.0,0.0,1.0,0.1,0.0,0,0,0,10,-1,10,-1,1.0,1,0.2,0.4,0.0,-0.32,0.0,0.0,0.0,0.0,0.0,0.0,0.0,0.0,0.0,0.0,0.0,0.0,0.0,0.0,0.1
stage1d_single_agent_carry_bootstrap,4,1,31882,1342,1,120,100,1,0,59.79757308959961,0.0,0.0,1.0,0.1,0.0,0,0,0,10,-1,10,-1,1.0,1,0.2,0.3,0.1,-0.28,0.0,0.0,0.0,0.0,0.0,0.0,0.0,0.0,0.0,0.0,0.0,0.0,0.0,0.0,0.1
stage1d_single_agent_carry_bootstrap,4,1,31888,1343,1,120,100,1,0,60.128326416015625,0.0,0.0,1.0,0.13333333333333333,0.0,0,0,0,6,-1,6,-1,1.0,0,0.0,0.0,0.0,0.0,0.0,0.0,0.0,0.0,0.0,0.0,0.0,0.0,0.0,0.0,0.0,0.0,0.0,0.0,0.16666666666666666
stage1d_single_agent_carry_bootstrap,4,1,31893,1344,1,120,100,1,0,60.09327697753906,0.0,0.0,1.0,0.1,0.0,0,0,0,5,-1,5,-1,1.0,0,0.0,0.0,0.0,0.0,0.0,0.0,0.0,0.0,0.0,0.0,0.0,0.0,0.0,0.0,0.0,0.0,0.0,0.0,0.2
stage1d_single_agent_carry_bootstrap,4,1,31899,1345,1,120,100,1,0,60.15953063964844,0.0,0.0,1.0,0.13333333333333333,0.0,0,0,0,6,-1,6,-1,1.0,0,0.0,0.0,0.0,0.0,0.0,0.0,0.0,0.0,0.0,0.0,0.0,0.0,0.0,0.0,0.0,0.0,0.0,0.0,0.16666666666666666
stage1d_single_agent_carry_bootstrap,4,1,31908,1346,1,120,100,1,0,59.85615921020508,0.0,0.0,1.0,0.13333333333333333,0.0,0,0,0,9,-1,9,-1,1.0,1,0.1111111111111111,0.2222222222222222,0.1111111111111111,-0.2,0.0,0.0,0.0,0.0,0.0,0.0,0.0,0.0,0.0,0.0,0.0,0.0,0.0,0.0,0.1111111111111111
stage1d_single_agent_carry_bootstrap,4,1,31915,1347,1,120,100,1,0,60.18868637084961,0.0,0.0,1.0,0.13333333333333333,0.0,0,0,0,7,-1,7,-1,1.0,0,0.0,0.0,0.0,0.0,0.0,0.0,0.0,0.0,0.0,0.0,0.0,0.0,0.0,0.0,0.0,0.0,0.0,0.0,0.14285714285714285
stage1d_single_agent_carry_bootstrap,4,1,31921,1348,1,120,100,1,0,59.72281265258789,0.0,0.0,1.0,0.06666666666666667,0.0,0,0,0,6,-1,6,-1,1.0,0,0.0,0.0,0.0,0.0,0.0,0.0,0.0,0.0,0.0,0.0,0.0,0.0,0.0,0.0,0.0,0.0,0.0,0.0,0.16666666666666666
stage1d_single_agent_carry_bootstrap,4,1,31931,1349,1,120,100,1,0,59.11464309692383,0.0,0.0,1.0,0.06666666666666667,0.0,0,0,0,10,-1,10,-1,1.0,1,0.4,0.5,0.2,-0.48000000000000004,0.0,0.0,0.0,0.0,0.0,0.0,0.0,0.0,0.0,0.0,0.0,0.0,0.0,0.0,0.1
stage1d_single_agent_carry_bootstrap,4,1,31946,1350,1,120,100,1,0,59.71774673461914,0.0,0.0,1.0,0.2,0.0,0,0,0,15,-1,15,-1,1.0,1,0.13333333333333333,0.2,0.06666666666666667,-0.28,0.0,0.0,0.0,0.0,0.0,0.0,0.0,0.0,0.0,0.0,0.0,0.0,0.0,0.0,0.06666666666666667
stage1d_single_agent_carry_bootstrap,4,1,31965,1351,1,120,100,1,0,59.18707275390625,0.0,0.0,1.0,0.2,0.0,0,0,0,19,-1,19,-1,1.0,2,0.3684210526315789,0.47368421052631576,0.10526315789473684,-0.7999999999999999,0.0,0.0,0.0,0.0,0.0,0.0,0.0,0.0,0.0,0.0,0.0,0.0,0.0,0.0,0.05263157894736842
stage1d_single_agent_carry_bootstrap,4,1,31970,1352,1,120,100,1,0,60.0879020690918,0.0,0.0,1.0,0.13333333333333333,0.0,0,0,0,5,-1,5,-1,1.0,0,0.0,0.0,0.0,0.0,0.0,0.0,0.0,0.0,0.0,0.0,0.0,0.0,0.0,0.0,0.0,0.0,0.0,0.0,0.2
stage1d_single_agent_carry_bootstrap,4,1,31985,1353,1,120,100,1,0,59.42869186401367,0.0,0.0,1.0,0.13333333333333333,0.0,0,0,0,15,-1,15,-1,1.0,1,0.4,0.4666666666666667,0.2,-0.68,0.0,0.0,0.0,0.0,0.0,0.0,0.0,0.0,0.0,0.0,0.0,0.0,0.0,0.0,0.06666666666666667
stage1d_single_agent_carry_bootstrap,4,1,31998,1354,1,120,100,1,0,59.76303482055664,0.0,0.0,1.0,0.16666666666666666,0.0,0,0,0,13,-1,13,-1,1.0,1,0.23076923076923078,0.3076923076923077,0.07692307692307693,-0.36,0.0,0.0,0.0,0.0,0.0,0.0,0.0,0.0,0.0,0.0,0.0,0.0,0.0,0.0,0.07692307692307693
stage1d_single_agent_carry_bootstrap,4,1,31999,1355,1,120,100,1,0,59.99599838256836,0.0,0.0,1.0,0.03333333333333333,0.0,0,0,0,1,-1,1,-1,1.0,0,0.0,0.0,0.0,0.0,0.0,0.0,0.0,0.0,0.0,0.0,0.0,0.0,0.0,0.0,0.0,0.0,0.0,0.0,1.0
stage1d_single_agent_carry_bootstrap,4,1,32001,1356,1,120,100,1,0,60.00194549560547,0.0,0.0,1.0,0.1,0.0,0,0,0,2,-1,2,-1,1.0,0,0.0,0.0,0.0,0.0,0.0,0.0,0.0,0.0,0.0,0.0,0.0,0.0,0.0,0.0,0.0,0.0,0.0,0.0,0.5
stage1d_single_agent_carry_bootstrap,4,1,32018,1357,1,120,100,1,0,59.15141296386719,0.0,0.0,1.0,0.2,0.0,0,0,0,17,-1,17,-1,1.0,2,0.23529411764705882,0.35294117647058826,0.058823529411764705,-0.52,0.0,0.0,0.0,0.0,0.0,0.0,0.0,0.0,0.0,0.0,0.0,0.0,0.0,0.0,0.058823529411764705
stage1d_single_agent_carry_bootstrap,4,1,32027,1358,1,120,100,1,0,59.83509063720703,0.0,0.0,1.0,0.1,0.0,0,0,0,9,-1,9,-1,1.0,1,0.1111111111111111,0.2222222222222222,0.1111111111111111,-0.2,0.0,0.0,0.0,0.0,0.0,0.0,0.0,0.0,0.0,0.0,0.0,0.0,0.0,0.0,0.1111111111111111
stage1d_single_agent_carry_bootstrap,4,1,32041,1359,1,120,100,1,0,59.81349182128906,0.0,0.0,1.0,0.16666666666666666,0.0,0,0,0,14,-1,14,-1,1.0,1,0.21428571428571427,0.2857142857142857,0.07142857142857142,-0.36,0.0,0.0,0.0,0.0,0.0,0.0,0.0,0.0,0.0,0.0,0.0,0.0,0.0,0.0,0.07142857142857142
stage1d_single_agent_carry_bootstrap,4,1,32046,1360,1,120,100,1,0,60.11286926269531,0.0,0.0,1.0,0.1,0.0,0,0,0,5,-1,5,-1,1.0,0,0.0,0.0,0.0,0.0,0.0,0.0,0.0,0.0,0.0,0.0,0.0,0.0,0.0,0.0,0.0,0.0,0.0,0.0,0.2
stage1d_single_agent_carry_bootstrap,4,1,32051,1361,1,120,100,1,0,60.06998825073242,0.0,0.0,1.0,0.13333333333333333,0.0,0,0,0,5,-1,5,-1,1.0,0,0.0,0.0,0.0,0.0,0.0,0.0,0.0,0.0,0.0,0.0,0.0,0.0,0.0,0.0,0.0,0.0,0.0,0.0,0.2
stage1d_single_agent_carry_bootstrap,4,1,32062,1362,1,120,100,1,0,59.26008224487305,0.0,0.0,1.0,0.16666666666666666,0.0,0,0,0,11,-1,11,-1,1.0,1,0.36363636363636365,0.45454545454545453,0.0,-0.4,0.0,0.0,0.0,0.0,0.0,0.0,0.0,0.0,0.0,0.0,0.0,0.0,0.0,0.0,0.09090909090909091
stage1d_single_agent_carry_bootstrap,4,1,32070,1363,1,120,100,1,0,59.82120132446289,0.0,0.0,1.0,0.06666666666666667,0.0,0,0,0,8,-1,8,-1,1.0,1,0.125,0.25,0.125,-0.2,0.0,0.0,0.0,0.0,0.0,0.0,0.0,0.0,0.0,0.0,0.0,0.0,0.0,0.0,0.125
stage1d_single_agent_carry_bootstrap,4,1,32073,1364,1,120,100,1,0,59.607757568359375,0.0,0.0,1.0,0.03333333333333333,0.0,0,0,0,3,-1,3,-1,1.0,0,0.0,0.0,0.0,0.0,0.0,0.0,0.0,0.0,0.0,0.0,0.0,0.0,0.0,0.0,0.0,0.0,0.0,0.0,0.3333333333333333
stage1d_single_agent_carry_bootstrap,4,1,32078,1365,1,120,100,1,0,60.10620880126953,0.0,0.0,1.0,0.1,0.0,0,0,0,5,-1,5,-1,1.0,0,0.0,0.0,0.0,0.0,0.0,0.0,0.0,0.0,0.0,0.0,0.0,0.0,0.0,0.0,0.0,0.0,0.0,0.0,0.2
stage1d_single_agent_carry_bootstrap,4,1,32081,1366,1,120,100,1,0,60.0047721862793,0.0,0.0,1.0,0.06666666666666667,0.0,0,0,0,3,-1,3,-1,1.0,0,0.0,0.0,0.0,0.0,0.0,0.0,0.0,0.0,0.0,0.0,0.0,0.0,0.0,0.0,0.0,0.0,0.0,0.0,0.3333333333333333
stage1d_single_agent_carry_bootstrap,4,1,32085,1367,1,120,100,1,0,60.02410125732422,0.0,0.0,1.0,0.06666666666666667,0.0,0,0,0,4,-1,4,-1,1.0,0,0.0,0.0,0.0,0.0,0.0,0.0,0.0,0.0,0.0,0.0,0.0,0.0,0.0,0.0,0.0,0.0,0.0,0.0,0.25
stage1d_single_agent_carry_bootstrap,4,1,32092,1368,1,120,100,1,0,59.32355499267578,0.0,0.0,1.0,0.06666666666666667,0.0,0,0,0,7,-1,7,-1,1.0,1,0.2857142857142857,0.42857142857142855,0.14285714285714285,-0.28,0.0,0.0,0.0,0.0,0.0,0.0,0.0,0.0,0.0,0.0,0.0,0.0,0.0,0.0,0.14285714285714285
stage1d_single_agent_carry_bootstrap,4,1,32097,1369,1,120,100,1,0,60.108863830566406,0.0,0.0,1.0,0.16666666666666666,0.0,0,0,0,5,-1,5,-1,1.0,0,0.0,0.0,0.0,0.0,0.0,0.0,0.0,0.0,0.0,0.0,0.0,0.0,0.0,0.0,0.0,0.0,0.0,0.0,0.2
stage1d_single_agent_carry_bootstrap,4,1,32105,1370,1,120,100,1,0,59.83566665649414,0.0,0.0,1.0,0.03333333333333333,0.0,0,0,0,8,-1,8,-1,1.0,1,0.125,0.25,0.125,-0.2,0.0,0.0,0.0,0.0,0.0,0.0,0.0,0.0,0.0,0.0,0.0,0.0,0.0,0.0,0.125
stage1d_single_agent_carry_bootstrap,4,1,32113,1371,1,120,100,1,0,60.16673278808594,0.0,0.0,1.0,0.16666666666666666,0.0,0,0,0,8,-1,8,-1,1.0,0,0.0,0.0,0.0,0.0,0.0,0.0,0.0,0.0,0.0,0.0,0.0,0.0,0.0,0.0,0.0,0.0,0.0,0.0,0.125
stage1d_single_agent_carry_bootstrap,4,1,32125,1372,1,120,100,1,0,59.75979995727539,0.0,0.0,1.0,0.13333333333333333,0.0,0,0,0,12,-1,12,-1,1.0,1,0.25,0.3333333333333333,0.08333333333333333,-0.36,0.0,0.0,0.0,0.0,0.0,0.0,0.0,0.0,0.0,0.0,0.0,0.0,0.0,0.0,0.08333333333333333
stage1d_single_agent_carry_bootstrap,4,1,32133,1373,1,120,100,1,0,59.88760757446289,0.0,0.0,1.0,0.13333333333333333,0.0,0,0,0,8,-1,8,-1,1.0,1,0.125,0.25,0.125,-0.2,0.0,0.0,0.0,0.0,0.0,0.0,0.0,0.0,0.0,0.0,0.0,0.0,0.0,0.0,0.125
stage1d_single_agent_carry_bootstrap,4,1,32143,1374,1,120,100,1,0,59.782588958740234,0.0,0.0,1.0,0.1,0.0,0,0,0,10,-1,10,-1,1.0,1,0.2,0.3,0.1,-0.28,0.0,0.0,0.0,0.0,0.0,0.0,0.0,0.0,0.0,0.0,0.0,0.0,0.0,0.0,0.1
stage1d_single_agent_carry_bootstrap,4,1,32151,1375,1,120,100,1,0,59.54106903076172,0.0,0.0,1.0,0.13333333333333333,0.0,0,0,0,8,-1,8,-1,1.0,0,0.0,0.125,0.0,-0.08,0.0,0.0,0.0,0.0,0.0,0.0,0.0,0.0,0.0,0.0,0.0,0.0,0.0,0.0,0.125
stage1d_single_agent_carry_bootstrap,4,1,32156,1376,1,120,100,1,0,60.09505081176758,0.0,0.0,1.0,0.06666666666666667,0.0,0,0,0,5,-1,5,-1,1.0,0,0.0,0.0,0.0,0.0,0.0,0.0,0.0,0.0,0.0,0.0,0.0,0.0,0.0,0.0,0.0,0.0,0.0,0.0,0.2
stage1d_single_agent_carry_bootstrap,4,1,32164,1377,1,120,100,1,0,59.102272033691406,0.0,0.0,1.0,0.1,0.0,0,0,0,8,-1,8,-1,1.0,0,0.0,0.25,0.0,-0.16,0.0,0.0,0.0,0.0,0.0,0.0,0.0,0.0,0.0,0.0,0.0,0.0,0.0,0.0,0.125
stage1d_single_agent_carry_bootstrap,4,1,32167,1378,1,120,100,1,0,60.01464080810547,0.0,0.0,1.0,0.03333333333333333,0.0,0,0,0,3,-1,3,-1,1.0,0,0.0,0.0,0.0,0.0,0.0,0.0,0.0,0.0,0.0,0.0,0.0,0.0,0.0,0.0,0.0,0.0,0.0,0.0,0.3333333333333333
stage1d_single_agent_carry_bootstrap,4,1,32177,1379,1,120,100,1,0,59.677894592285156,0.0,0.0,1.0,0.13333333333333333,0.0,0,0,0,10,-1,10,-1,1.0,1,0.3,0.4,0.1,-0.36,0.0,0.0,0.0,0.0,0.0,0.0,0.0,0.0,0.0,0.0,0.0,0.0,0.0,0.0,0.1
stage1d_single_agent_carry_bootstrap,4,1,32186,1380,1,120,100,1,0,59.797203063964844,0.0,0.0,1.0,0.13333333333333333,0.0,0,0,0,9,-1,9,-1,1.0,0,0.0,0.0,0.0,0.0,0.0,0.0,0.0,0.0,0.0,0.0,0.0,0.0,0.0,0.0,0.0,0.0,0.0,0.0,0.1111111111111111
stage1d_single_agent_carry_bootstrap,4,1,32190,1381,1,120,100,1,0,60.059776306152344,0.0,0.0,1.0,0.13333333333333333,0.0,0,0,0,4,-1,4,-1,1.0,0,0.0,0.0,0.0,0.0,0.0,0.0,0.0,0.0,0.0,0.0,0.0,0.0,0.0,0.0,0.0,0.0,0.0,0.0,0.25
stage1d_single_agent_carry_bootstrap,4,1,32197,1382,1,120,100,1,0,60.12051010131836,0.0,0.0,1.0,0.1,0.0,0,0,0,7,-1,7,-1,1.0,0,0.0,0.0,0.0,0.0,0.0,0.0,0.0,0.0,0.0,0.0,0.0,0.0,0.0,0.0,0.0,0.0,0.0,0.0,0.14285714285714285
stage1d_single_agent_carry_bootstrap,4,1,32208,1383,1,120,100,1,0,59.614280700683594,0.0,0.0,1.0,0.1,0.0,0,0,0,11,-1,11,-1,1.0,1,0.09090909090909091,0.18181818181818182,0.0,-0.16,0.0,0.0,0.0,0.0,0.0,0.0,0.0,0.0,0.0,0.0,0.0,0.0,0.0,0.0,0.09090909090909091
stage1d_single_agent_carry_bootstrap,4,1,32221,1384,1,120,100,1,0,59.74211883544922,0.0,0.0,1.0,0.2,0.0,0,0,0,13,-1,13,-1,1.0,1,0.23076923076923078,0.3076923076923077,0.07692307692307693,-0.36,0.0,0.0,0.0,0.0,0.0,0.0,0.0,0.0,0.0,0.0,0.0,0.0,0.0,0.0,0.07692307692307693
stage1d_single_agent_carry_bootstrap,4,1,32225,1385,1,120,100,1,0,60.045326232910156,0.0,0.0,1.0,0.1,0.0,0,0,0,4,-1,4,-1,1.0,0,0.0,0.0,0.0,0.0,0.0,0.0,0.0,0.0,0.0,0.0,0.0,0.0,0.0,0.0,0.0,0.0,0.0,0.0,0.25
stage1d_single_agent_carry_bootstrap,4,1,32234,1386,1,120,100,1,0,59.444236755371094,0.0,0.0,1.0,0.13333333333333333,0.0,0,0,0,9,-1,9,-1,1.0,1,0.1111111111111111,0.3333333333333333,0.0,-0.24,0.0,0.0,0.0,0.0,0.0,0.0,0.0,0.0,0.0,0.0,0.0,0.0,0.0,0.0,0.1111111111111111
stage1d_single_agent_carry_bootstrap,4,1,32240,1387,1,120,100,1,0,60.13386917114258,0.0,0.0,1.0,0.13333333333333333,0.0,0,0,0,6,-1,6,-1,1.0,0,0.0,0.0,0.0,0.0,0.0,0.0,0.0,0.0,0.0,0.0,0.0,0.0,0.0,0.0,0.0,0.0,0.0,0.0,0.16666666666666666
stage1d_single_agent_carry_bootstrap,4,1,32252,1388,1,120,100,1,0,59.78775405883789,0.0,0.0,1.0,0.23333333333333334,0.0,0,0,0,12,-1,12,-1,1.0,0,0.0,0.0,0.0,0.0,0.0,0.0,0.0,0.0,0.0,0.0,0.0,0.0,0.0,0.0,0.0,0.0,0.0,0.0,0.08333333333333333
stage1d_single_agent_carry_bootstrap,4,1,32264,1389,1,120,100,1,0,59.70670700073242,0.0,0.0,1.0,0.16666666666666666,0.0,0,0,0,12,-1,12,-1,1.0,0,0.0,0.08333333333333333,0.0,-0.08,0.0,0.0,0.0,0.0,0.0,0.0,0.0,0.0,0.0,0.0,0.0,0.0,0.0,0.0,0.08333333333333333
stage1d_single_agent_carry_bootstrap,4,1,32267,1390,1,120,100,1,0,60.011573791503906,0.0,0.0,1.0,0.06666666666666667,0.0,0,0,0,3,-1,3,-1,1.0,0,0.0,0.0,0.0,0.0,0.0,0.0,0.0,0.0,0.0,0.0,0.0,0.0,0.0,0.0,0.0,0.0,0.0,0.0,0.3333333333333333
stage1d_single_agent_carry_bootstrap,4,1,32277,1391,1,120,100,1,0,59.283790588378906,0.0,0.0,1.0,0.1,0.0,0,0,0,10,-1,10,-1,1.0,2,0.2,0.4,0.1,-0.36,0.0,0.0,0.0,0.0,0.0,0.0,0.0,0.0,0.0,0.0,0.0,0.0,0.0,0.0,0.1
stage1d_single_agent_carry_bootstrap,4,1,32282,1392,1,120,100,1,0,60.112823486328125,0.0,0.0,1.0,0.06666666666666667,0.0,0,0,0,5,-1,5,-1,1.0,0,0.0,0.0,0.0,0.0,0.0,0.0,0.0,0.0,0.0,0.0,0.0,0.0,0.0,0.0,0.0,0.0,0.0,0.0,0.2
stage1d_single_agent_carry_bootstrap,4,1,32284,1393,1,120,100,1,0,60.00320053100586,0.0,0.0,1.0,0.03333333333333333,0.0,0,0,0,2,-1,2,-1,1.0,0,0.0,0.0,0.0,0.0,0.0,0.0,0.0,0.0,0.0,0.0,0.0,0.0,0.0,0.0,0.0,0.0,0.0,0.0,0.5
stage1d_single_agent_carry_bootstrap,4,1,32288,1394,1,120,100,1,0,60.05857467651367,0.0,0.0,1.0,0.06666666666666667,0.0,0,0,0,4,-1,4,-1,1.0,0,0.0,0.0,0.0,0.0,0.0,0.0,0.0,0.0,0.0,0.0,0.0,0.0,0.0,0.0,0.0,0.0,0.0,0.0,0.25
stage1d_single_agent_carry_bootstrap,4,1,32298,1395,1,120,100,1,0,59.45167922973633,0.0,0.0,1.0,0.1,0.0,0,0,0,10,-1,10,-1,1.0,1,0.5,0.6,0.1,-0.52,0.0,0.0,0.0,0.0,0.0,0.0,0.0,0.0,0.0,0.0,0.0,0.0,0.0,0.0,0.1
stage1d_single_agent_carry_bootstrap,4,1,32304,1396,1,120,100,1,0,60.09166717529297,0.0,0.0,1.0,0.13333333333333333,0.0,0,0,0,6,-1,6,-1,1.0,0,0.0,0.0,0.0,0.0,0.0,0.0,0.0,0.0,0.0,0.0,0.0,0.0,0.0,0.0,0.0,0.0,0.0,0.0,0.16666666666666666
stage1d_single_agent_carry_bootstrap,4,1,32308,1397,1,120,100,1,0,60.034053802490234,0.0,0.0,1.0,0.1,0.0,0,0,0,4,-1,4,-1,1.0,0,0.0,0.0,0.0,0.0,0.0,0.0,0.0,0.0,0.0,0.0,0.0,0.0,0.0,0.0,0.0,0.0,0.0,0.0,0.25
stage1d_single_agent_carry_bootstrap,4,1,32311,1398,1,120,100,1,0,60.021209716796875,0.0,0.0,1.0,0.03333333333333333,0.0,0,0,0,3,-1,3,-1,1.0,0,0.0,0.0,0.0,0.0,0.0,0.0,0.0,0.0,0.0,0.0,0.0,0.0,0.0,0.0,0.0,0.0,0.0,0.0,0.3333333333333333
stage1d_single_agent_carry_bootstrap,4,1,32320,1399,1,120,100,1,0,59.582427978515625,0.0,0.0,1.0,0.13333333333333333,0.0,0,0,0,9,-1,9,-1,1.0,1,0.4444444444444444,0.5555555555555556,0.0,-0.4,0.0,0.0,0.0,0.0,0.0,0.0,0.0,0.0,0.0,0.0,0.0,0.0,0.0,0.0,0.1111111111111111
stage1d_single_agent_carry_bootstrap,4,1,32328,1400,1,120,100,1,0,60.206024169921875,0.0,0.0,1.0,0.16666666666666666,0.0,0,0,0,8,-1,8,-1,1.0,0,0.0,0.0,0.0,0.0,0.0,0.0,0.0,0.0,0.0,0.0,0.0,0.0,0.0,0.0,0.0,0.0,0.0,0.0,0.125
stage1d_single_agent_carry_bootstrap,4,1,32335,1401,1,120,100,1,0,60.20587921142578,0.0,0.0,1.0,0.13333333333333333,0.0,0,0,0,7,-1,7,-1,1.0,0,0.0,0.0,0.0,0.0,0.0,0.0,0.0,0.0,0.0,0.0,0.0,0.0,0.0,0.0,0.0,0.0,0.0,0.0,0.14285714285714285
stage1d_single_agent_carry_bootstrap,4,1,32352,1402,1,120,100,1,0,59.44717788696289,0.0,0.0,1.0,0.16666666666666666,0.0,0,0,0,17,-1,17,-1,1.0,1,0.35294117647058826,0.4117647058823529,0.17647058823529413,-0.68,0.0,0.0,0.0,0.0,0.0,0.0,0.0,0.0,0.0,0.0,0.0,0.0,0.0,0.0,0.058823529411764705
stage1d_single_agent_carry_bootstrap,4,1,32360,1403,1,120,100,1,0,59.819358825683594,0.0,0.0,1.0,0.06666666666666667,0.0,0,0,0,8,-1,8,-1,1.0,1,0.125,0.25,0.125,-0.2,0.0,0.0,0.0,0.0,0.0,0.0,0.0,0.0,0.0,0.0,0.0,0.0,0.0,0.0,0.125
stage1d_single_agent_carry_bootstrap,4,1,32373,1404,1,120,100,1,0,59.8858528137207,0.0,0.0,1.0,0.16666666666666666,0.0,0,0,0,13,-1,13,-1,1.0,1,0.15384615384615385,0.23076923076923078,0.07692307692307693,-0.28,0.0,0.0,0.0,0.0,0.0,0.0,0.0,0.0,0.0,0.0,0.0,0.0,0.0,0.0,0.07692307692307693
stage1d_single_agent_carry_bootstrap,4,1,32380,1405,1,120,100,1,0,59.716941833496094,0.0,0.0,1.0,0.06666666666666667,0.0,0,0,0,7,-1,7,-1,1.0,1,0.2857142857142857,0.42857142857142855,0.14285714285714285,-0.28,0.0,0.0,0.0,0.0,0.0,0.0,0.0,0.0,0.0,0.0,0.0,0.0,0.0,0.0,0.14285714285714285
stage1d_single_agent_carry_bootstrap,4,1,32394,1406,1,120,100,1,0,59.38059997558594,0.0,0.0,1.0,0.2,0.0,0,0,0,14,-1,14,-1,1.0,1,0.14285714285714285,0.2857142857142857,0.0,-0.32,0.0,0.0,0.0,0.0,0.0,0.0,0.0,0.0,0.0,0.0,0.0,0.0,0.0,0.0,0.07142857142857142
stage1d_single_agent_carry_bootstrap,4,1,32405,1407,1,120,100,1,0,59.82435607910156,0.0,0.0,1.0,0.13333333333333333,0.0,0,0,0,11,-1,11,-1,1.0,1,0.18181818181818182,0.2727272727272727,0.09090909090909091,-0.28,0.0,0.0,0.0,0.0,0.0,0.0,0.0,0.0,0.0,0.0,0.0,0.0,0.0,0.0,0.09090909090909091
stage1d_single_agent_carry_bootstrap,4,1,32417,1408,1,120,100,1,0,59.96039581298828,0.0,0.0,1.0,0.16666666666666666,0.0,0,0,0,12,-1,12,-1,1.0,1,0.08333333333333333,0.16666666666666666,0.08333333333333333,-0.2,0.0,0.0,0.0,0.0,0.0,0.0,0.0,0.0,0.0,0.0,0.0,0.0,0.0,0.0,0.08333333333333333
stage1d_single_agent_carry_bootstrap,4,1,32419,1409,1,120,100,1,0,60.00270462036133,0.0,0.0,1.0,0.03333333333333333,0.0,0,0,0,2,-1,2,-1,1.0,0,0.0,0.0,0.0,0.0,0.0,0.0,0.0,0.0,0.0,0.0,0.0,0.0,0.0,0.0,0.0,0.0,0.0,0.0,0.5
stage1d_single_agent_carry_bootstrap,4,1,32427,1410,1,120,100,1,0,60.07408905029297,0.0,0.0,1.0,0.16666666666666666,0.0,0,0,0,8,-1,8,-1,1.0,0,0.0,0.125,0.0,-0.08,0.0,0.0,0.0,0.0,0.0,0.0,0.0,0.0,0.0,0.0,0.0,0.0,0.0,0.0,0.125
stage1d_single_agent_carry_bootstrap,4,1,32430,1411,1,120,100,1,0,60.020164489746094,0.0,0.0,1.0,0.06666666666666667,0.0,0,0,0,3,-1,3,-1,1.0,0,0.0,0.0,0.0,0.0,0.0,0.0,0.0,0.0,0.0,0.0,0.0,0.0,0.0,0.0,0.0,0.0,0.0,0.0,0.3333333333333333
stage1d_single_agent_carry_bootstrap,4,1,32439,1412,1,120,100,1,0,59.76457977294922,0.0,0.0,1.0,0.1,0.0,0,0,0,9,-1,9,-1,1.0,1,0.2222222222222222,0.3333333333333333,0.1111111111111111,-0.28,0.0,0.0,0.0,0.0,0.0,0.0,0.0,0.0,0.0,0.0,0.0,0.0,0.0,0.0,0.1111111111111111
stage1d_single_agent_carry_bootstrap,4,1,32442,1413,1,120,100,1,0,60.02158737182617,0.0,0.0,1.0,0.06666666666666667,0.0,0,0,0,3,-1,3,-1,1.0,0,0.0,0.0,0.0,0.0,0.0,0.0,0.0,0.0,0.0,0.0,0.0,0.0,0.0,0.0,0.0,0.0,0.0,0.0,0.3333333333333333
stage1d_single_agent_carry_bootstrap,4,1,32446,1414,1,120,100,1,0,60.03529357910156,0.0,0.0,1.0,0.1,0.0,0,0,0,4,-1,4,-1,1.0,0,0.0,0.0,0.0,0.0,0.0,0.0,0.0,0.0,0.0,0.0,0.0,0.0,0.0,0.0,0.0,0.0,0.0,0.0,0.25
stage1d_single_agent_carry_bootstrap,4,1,32451,1415,1,120,100,1,0,60.0984001159668,0.0,0.0,1.0,0.1,0.0,0,0,0,5,-1,5,-1,1.0,0,0.0,0.0,0.0,0.0,0.0,0.0,0.0,0.0,0.0,0.0,0.0,0.0,0.0,0.0,0.0,0.0,0.0,0.0,0.2
stage1d_single_agent_carry_bootstrap,4,1,32476,1416,1,120,100,1,0,59.30012130737305,0.0,0.0,1.0,0.23333333333333334,0.0,0,0,0,25,-1,25,-1,1.0,2,0.2,0.32,0.12,-0.7599999999999999,0.0,0.0,0.0,0.0,0.0,0.0,0.0,0.0,0.0,0.0,0.0,0.0,0.0,0.0,0.04
stage1d_single_agent_carry_bootstrap,4,1,32482,1417,1,120,100,1,0,60.16165542602539,0.0,0.0,1.0,0.1,0.0,0,0,0,6,-1,6,-1,1.0,0,0.0,0.0,0.0,0.0,0.0,0.0,0.0,0.0,0.0,0.0,0.0,0.0,0.0,0.0,0.0,0.0,0.0,0.0,0.16666666666666666
stage1d_single_agent_carry_bootstrap,4,1,32491,1418,1,120,100,1,0,59.508262634277344,0.0,0.0,1.0,0.13333333333333333,0.0,0,0,0,9,-1,9,-1,1.0,1,0.1111111111111111,0.2222222222222222,0.0,-0.16,0.0,0.0,0.0,0.0,0.0,0.0,0.0,0.0,0.0,0.0,0.0,0.0,0.0,0.0,0.1111111111111111
stage1d_single_agent_carry_bootstrap,4,1,32497,1419,1,120,100,1,0,59.52811050415039,0.0,0.0,1.0,0.06666666666666667,0.0,0,0,0,6,-1,6,-1,1.0,0,0.0,0.16666666666666666,0.0,-0.08,0.0,0.0,0.0,0.0,0.0,0.0,0.0,0.0,0.0,0.0,0.0,0.0,0.0,0.0,0.16666666666666666
stage1d_single_agent_carry_bootstrap,4,1,32501,1420,1,120,100,1,0,59.915462493896484,0.0,0.0,1.0,0.1,0.0,0,0,0,4,-1,4,-1,1.0,0,0.0,0.25,0.0,-0.08,0.0,0.0,0.0,0.0,0.0,0.0,0.0,0.0,0.0,0.0,0.0,0.0,0.0,0.0,0.25
stage1d_single_agent_carry_bootstrap,4,1,32511,1421,1,120,100,1,0,59.265995025634766,0.0,0.0,1.0,0.1,0.0,0,0,0,10,-1,10,-1,1.0,1,0.2,0.4,0.1,-0.36000000000000004,0.0,0.0,0.0,0.0,0.0,0.0,0.0,0.0,0.0,0.0,0.0,0.0,0.0,0.0,0.1
stage1d_single_agent_carry_bootstrap,4,1,32516,1422,1,120,100,1,0,59.94416046142578,0.0,0.0,1.0,0.1,0.0,0,0,0,5,-1,5,-1,1.0,0,0.0,0.2,0.0,-0.08,0.0,0.0,0.0,0.0,0.0,0.0,0.0,0.0,0.0,0.0,0.0,0.0,0.0,0.0,0.2
stage1d_single_agent_carry_bootstrap,4,1,32531,1423,1,120,100,1,0,59.131229400634766,0.0,0.0,1.0,0.16666666666666666,0.0,0,0,0,15,-1,15,-1,1.0,1,0.13333333333333333,0.3333333333333333,0.2,-0.52,0.0,0.0,0.0,0.0,0.0,0.0,0.0,0.0,0.0,0.0,0.0,0.0,0.0,0.0,0.06666666666666667
stage1d_single_agent_carry_bootstrap,4,1,32538,1424,1,120,100,1,0,59.7169303894043,0.0,0.0,1.0,0.1,0.0,0,0,0,7,-1,7,-1,1.0,1,0.2857142857142857,0.42857142857142855,0.14285714285714285,-0.28,0.0,0.0,0.0,0.0,0.0,0.0,0.0,0.0,0.0,0.0,0.0,0.0,0.0,0.0,0.14285714285714285
stage1d_single_agent_carry_bootstrap,4,1,32543,1425,1,120,100,1,0,60.07602310180664,0.0,0.0,1.0,0.1,0.0,0,0,0,5,-1,5,-1,1.0,0,0.0,0.0,0.0,0.0,0.0,0.0,0.0,0.0,0.0,0.0,0.0,0.0,0.0,0.0,0.0,0.0,0.0,0.0,0.2
stage1d_single_agent_carry_bootstrap,4,1,32555,1426,1,120,100,1,0,59.66189193725586,0.0,0.0,1.0,0.16666666666666666,0.0,0,0,0,12,-1,12,-1,1.0,1,0.08333333333333333,0.16666666666666666,0.0,-0.16,0.0,0.0,0.0,0.0,0.0,0.0,0.0,0.0,0.0,0.0,0.0,0.0,0.0,0.0,0.08333333333333333
stage1d_single_agent_carry_bootstrap,4,1,32559,1427,1,120,100,1,0,60.05543899536133,0.0,0.0,1.0,0.1,0.0,0,0,0,4,-1,4,-1,1.0,0,0.0,0.0,0.0,0.0,0.0,0.0,0.0,0.0,0.0,0.0,0.0,0.0,0.0,0.0,0.0,0.0,0.0,0.0,0.25
stage1d_single_agent_carry_bootstrap,4,1,32564,1428,1,120,100,1,0,60.10128402709961,0.0,0.0,1.0,0.1,0.0,0,0,0,5,-1,5,-1,1.0,0,0.0,0.0,0.0,0.0,0.0,0.0,0.0,0.0,0.0,0.0,0.0,0.0,0.0,0.0,0.0,0.0,0.0,0.0,0.2
stage1d_single_agent_carry_bootstrap,4,1,32565,1429,1,120,100,1,0,59.99599838256836,0.0,0.0,1.0,0.03333333333333333,0.0,0,0,0,1,-1,1,-1,1.0,0,0.0,0.0,0.0,0.0,0.0,0.0,0.0,0.0,0.0,0.0,0.0,0.0,0.0,0.0,0.0,0.0,0.0,0.0,1.0
stage1d_single_agent_carry_bootstrap,4,1,32574,1430,1,120,100,1,0,59.717777252197266,0.0,0.0,1.0,0.1,0.0,0,0,0,9,-1,9,-1,1.0,1,0.3333333333333333,0.4444444444444444,0.1111111111111111,-0.36,0.0,0.0,0.0,0.0,0.0,0.0,0.0,0.0,0.0,0.0,0.0,0.0,0.0,0.0,0.1111111111111111
stage1d_single_agent_carry_bootstrap,4,1,32577,1431,1,120,100,1,0,60.00752639770508,0.0,0.0,1.0,0.06666666666666667,0.0,0,0,0,3,-1,3,-1,1.0,0,0.0,0.0,0.0,0.0,0.0,0.0,0.0,0.0,0.0,0.0,0.0,0.0,0.0,0.0,0.0,0.0,0.0,0.0,0.3333333333333333
stage1d_single_agent_carry_bootstrap,4,1,32585,1432,1,120,100,1,0,59.84434127807617,0.0,0.0,1.0,0.06666666666666667,0.0,0,0,0,8,-1,8,-1,1.0,1,0.125,0.25,0.125,-0.2,0.0,0.0,0.0,0.0,0.0,0.0,0.0,0.0,0.0,0.0,0.0,0.0,0.0,0.0,0.125
stage1d_single_agent_carry_bootstrap,4,1,32591,1433,1,120,100,1,0,60.14678955078125,0.0,0.0,1.0,0.06666666666666667,0.0,0,0,0,6,-1,6,-1,1.0,0,0.0,0.0,0.0,0.0,0.0,0.0,0.0,0.0,0.0,0.0,0.0,0.0,0.0,0.0,0.0,0.0,0.0,0.0,0.16666666666666666
stage1d_single_agent_carry_bootstrap,4,1,32592,1434,1,120,100,1,0,59.99599838256836,0.0,0.0,1.0,0.03333333333333333,0.0,0,0,0,1,-1,1,-1,1.0,0,0.0,0.0,0.0,0.0,0.0,0.0,0.0,0.0,0.0,0.0,0.0,0.0,0.0,0.0,0.0,0.0,0.0,0.0,1.0
stage1d_single_agent_carry_bootstrap,4,1,32600,1435,1,120,100,1,0,59.85808563232422,0.0,0.0,1.0,0.13333333333333333,0.0,0,0,0,8,-1,8,-1,1.0,1,0.125,0.25,0.125,-0.2,0.0,0.0,0.0,0.0,0.0,0.0,0.0,0.0,0.0,0.0,0.0,0.0,0.0,0.0,0.125
stage1d_single_agent_carry_bootstrap,4,1,32602,1436,1,120,100,1,0,60.00204849243164,0.0,0.0,1.0,0.06666666666666667,0.0,0,0,0,2,-1,2,-1,1.0,0,0.0,0.0,0.0,0.0,0.0,0.0,0.0,0.0,0.0,0.0,0.0,0.0,0.0,0.0,0.0,0.0,0.0,0.0,0.5
stage1d_single_agent_carry_bootstrap,4,1,32613,1437,1,120,100,1,0,59.708953857421875,0.0,0.0,1.0,0.16666666666666666,0.0,0,0,0,11,-1,11,-1,1.0,1,0.18181818181818182,0.2727272727272727,0.09090909090909091,-0.28,0.0,0.0,0.0,0.0,0.0,0.0,0.0,0.0,0.0,0.0,0.0,0.0,0.0,0.0,0.09090909090909091
stage1d_single_agent_carry_bootstrap,4,1,32618,1438,1,120,100,1,0,59.945308685302734,0.0,0.0,1.0,0.06666666666666667,0.0,0,0,0,5,-1,5,-1,1.0,0,0.0,0.2,0.0,-0.08,0.0,0.0,0.0,0.0,0.0,0.0,0.0,0.0,0.0,0.0,0.0,0.0,0.0,0.0,0.2
stage1d_single_agent_carry_bootstrap,4,1,32632,1439,1,120,100,1,0,59.047061920166016,0.0,0.0,1.0,0.16666666666666666,0.0,0,0,0,14,-1,14,-1,1.0,1,0.14285714285714285,0.2857142857142857,0.0,-0.32,0.0,0.0,0.0,0.0,0.0,0.0,0.0,0.0,0.0,0.0,0.0,0.0,0.0,0.0,0.07142857142857142
stage1d_single_agent_carry_bootstrap,4,1,32636,1440,1,120,100,1,0,60.04711151123047,0.0,0.0,1.0,0.06666666666666667,0.0,0,0,0,4,-1,4,-1,1.0,0,0.0,0.0,0.0,0.0,0.0,0.0,0.0,0.0,0.0,0.0,0.0,0.0,0.0,0.0,0.0,0.0,0.0,0.0,0.25
stage1d_single_agent_carry_bootstrap,4,1,32644,1441,1,120,100,1,0,59.59423065185547,0.0,0.0,1.0,0.06666666666666667,0.0,0,0,0,8,-1,8,-1,1.0,1,0.375,0.5,0.25,-0.4,0.0,0.0,0.0,0.0,0.0,0.0,0.0,0.0,0.0,0.0,0.0,0.0,0.0,0.0,0.125
stage1d_single_agent_carry_bootstrap,4,1,32653,1442,1,120,100,1,0,60.02372741699219,0.0,0.0,1.0,0.16666666666666666,0.0,0,0,0,9,-1,9,-1,1.0,0,0.0,0.1111111111111111,0.0,-0.08,0.0,0.0,0.0,0.0,0.0,0.0,0.0,0.0,0.0,0.0,0.0,0.0,0.0,0.0,0.1111111111111111
stage1d_single_agent_carry_bootstrap,4,1,32656,1443,1,120,100,1,0,60.020896911621094,0.0,0.0,1.0,0.06666666666666667,0.0,0,0,0,3,-1,3,-1,1.0,0,0.0,0.0,0.0,0.0,0.0,0.0,0.0,0.0,0.0,0.0,0.0,0.0,0.0,0.0,0.0,0.0,0.0,0.0,0.3333333333333333
stage1d_single_agent_carry_bootstrap,4,1,32667,1444,1,120,100,1,0,59.83238983154297,0.0,0.0,1.0,0.16666666666666666,0.0,0,0,0,11,-1,11,-1,1.0,1,0.18181818181818182,0.2727272727272727,0.09090909090909091,-0.28,0.0,0.0,0.0,0.0,0.0,0.0,0.0,0.0,0.0,0.0,0.0,0.0,0.0,0.0,0.09090909090909091
stage1d_single_agent_carry_bootstrap,4,1,32675,1445,1,120,100,1,0,59.55570983886719,0.0,0.0,1.0,0.13333333333333333,0.0,0,0,0,8,-1,8,-1,1.0,0,0.0,0.125,0.0,-0.08,0.0,0.0,0.0,0.0,0.0,0.0,0.0,0.0,0.0,0.0,0.0,0.0,0.0,0.0,0.125
stage1d_single_agent_carry_bootstrap,4,1,32680,1446,1,120,100,1,0,59.537803649902344,0.0,0.0,1.0,0.06666666666666667,0.0,0,0,0,5,-1,5,-1,1.0,0,0.0,0.2,0.0,-0.08,0.0,0.0,0.0,0.0,0.0,0.0,0.0,0.0,0.0,0.0,0.0,0.0,0.0,0.0,0.2
stage1d_single_agent_carry_bootstrap,4,1,32683,1447,1,120,100,1,0,60.02100372314453,0.0,0.0,1.0,0.06666666666666667,0.0,0,0,0,3,-1,3,-1,1.0,0,0.0,0.0,0.0,0.0,0.0,0.0,0.0,0.0,0.0,0.0,0.0,0.0,0.0,0.0,0.0,0.0,0.0,0.0,0.3333333333333333
stage1d_single_agent_carry_bootstrap,4,1,32693,1448,1,120,100,1,0,59.857704162597656,0.0,0.0,1.0,0.1,0.0,0,0,0,10,-1,10,-1,1.0,1,0.1,0.2,0.1,-0.2,0.0,0.0,0.0,0.0,0.0,0.0,0.0,0.0,0.0,0.0,0.0,0.0,0.0,0.0,0.1
stage1d_single_agent_carry_bootstrap,4,1,32705,1449,1,120,100,1,0,59.845664978027344,0.0,0.0,1.0,0.1,0.0,0,0,0,12,-1,12,-1,1.0,1,0.16666666666666666,0.25,0.08333333333333333,-0.28,0.0,0.0,0.0,0.0,0.0,0.0,0.0,0.0,0.0,0.0,0.0,0.0,0.0,0.0,0.08333333333333333
stage1d_single_agent_carry_bootstrap,4,1,32717,1450,1,120,100,1,0,59.585105895996094,0.0,0.0,1.0,0.13333333333333333,0.0,0,0,0,12,-1,12,-1,1.0,0,0.0,0.16666666666666666,0.08333333333333333,-0.2,0.0,0.0,0.0,0.0,0.0,0.0,0.0,0.0,0.0,0.0,0.0,0.0,0.0,0.0,0.08333333333333333
stage1d_single_agent_carry_bootstrap,4,1,32722,1451,1,120,100,1,0,60.08988952636719,0.0,0.0,1.0,0.1,0.0,0,0,0,5,-1,5,-1,1.0,0,0.0,0.0,0.0,0.0,0.0,0.0,0.0,0.0,0.0,0.0,0.0,0.0,0.0,0.0,0.0,0.0,0.0,0.0,0.2
stage1d_single_agent_carry_bootstrap,4,1,32726,1452,1,120,100,1,0,60.05960464477539,0.0,0.0,1.0,0.06666666666666667,0.0,0,0,0,4,-1,4,-1,1.0,0,0.0,0.0,0.0,0.0,0.0,0.0,0.0,0.0,0.0,0.0,0.0,0.0,0.0,0.0,0.0,0.0,0.0,0.0,0.25
stage1d_single_agent_carry_bootstrap,4,1,32733,1453,1,120,100,1,0,59.62884521484375,0.0,0.0,1.0,0.1,0.0,0,0,0,7,-1,7,-1,1.0,0,0.0,0.14285714285714285,0.0,-0.08,0.0,0.0,0.0,0.0,0.0,0.0,0.0,0.0,0.0,0.0,0.0,0.0,0.0,0.0,0.14285714285714285
stage1d_single_agent_carry_bootstrap,4,1,32735,1454,1,120,100,1,0,59.99714279174805,0.0,0.0,1.0,0.03333333333333333,0.0,0,0,0,2,-1,2,-1,1.0,0,0.0,0.0,0.0,0.0,0.0,0.0,0.0,0.0,0.0,0.0,0.0,0.0,0.0,0.0,0.0,0.0,0.0,0.0,0.5
stage1d_single_agent_carry_bootstrap,4,1,32741,1455,1,120,100,1,0,60.15886688232422,0.0,0.0,1.0,0.1,0.0,0,0,0,6,-1,6,-1,1.0,0,0.0,0.0,0.0,0.0,0.0,0.0,0.0,0.0,0.0,0.0,0.0,0.0,0.0,0.0,0.0,0.0,0.0,0.0,0.16666666666666666
stage1d_single_agent_carry_bootstrap,4,1,32746,1456,1,120,100,1,0,60.07972717285156,0.0,0.0,1.0,0.1,0.0,0,0,0,5,-1,5,-1,1.0,0,0.0,0.0,0.0,0.0,0.0,0.0,0.0,0.0,0.0,0.0,0.0,0.0,0.0,0.0,0.0,0.0,0.0,0.0,0.2
stage1d_single_agent_carry_bootstrap,4,1,32750,1457,1,120,100,1,0,60.040462493896484,0.0,0.0,1.0,0.06666666666666667,0.0,0,0,0,4,-1,4,-1,1.0,0,0.0,0.0,0.0,0.0,0.0,0.0,0.0,0.0,0.0,0.0,0.0,0.0,0.0,0.0,0.0,0.0,0.0,0.0,0.25
stage1d_single_agent_carry_bootstrap,4,1,32762,1458,1,120,100,1,0,59.97966766357422,0.0,0.0,1.0,0.16666666666666666,0.0,0,0,0,12,-1,12,-1,1.0,1,0.08333333333333333,0.16666666666666666,0.08333333333333333,-0.2,0.0,0.0,0.0,0.0,0.0,0.0,0.0,0.0,0.0,0.0,0.0,0.0,0.0,0.0,0.08333333333333333
stage1d_single_agent_carry_bootstrap,4,1,32773,1459,1,120,100,1,0,58.73427200317383,0.0,0.0,1.0,0.1,0.0,0,0,0,11,-1,11,-1,1.0,1,0.09090909090909091,0.18181818181818182,0.0,-0.16,0.0,0.0,0.0,0.0,0.0,0.0,0.0,0.0,0.0,0.0,0.0,0.0,0.0,0.0,0.09090909090909091
stage1d_single_agent_carry_bootstrap,4,1,32782,1460,1,120,100,1,0,59.66138458251953,0.0,0.0,1.0,0.16666666666666666,0.0,0,0,0,9,-1,9,-1,1.0,2,0.2222222222222222,0.4444444444444444,0.0,-0.32,0.0,0.0,0.0,0.0,0.0,0.0,0.0,0.0,0.0,0.0,0.0,0.0,0.0,0.0,0.1111111111111111
stage1d_single_agent_carry_bootstrap,4,1,32787,1461,1,120,100,1,0,60.10763931274414,0.0,0.0,1.0,0.1,0.0,0,0,0,5,-1,5,-1,1.0,0,0.0,0.0,0.0,0.0,0.0,0.0,0.0,0.0,0.0,0.0,0.0,0.0,0.0,0.0,0.0,0.0,0.0,0.0,0.2
stage1d_single_agent_carry_bootstrap,4,1,32794,1462,1,120,100,1,0,60.025367736816406,0.0,0.0,1.0,0.1,0.0,0,0,0,7,-1,7,-1,1.0,0,0.0,0.14285714285714285,0.0,-0.08,0.0,0.0,0.0,0.0,0.0,0.0,0.0,0.0,0.0,0.0,0.0,0.0,0.0,0.0,0.14285714285714285
stage1d_single_agent_carry_bootstrap,4,1,32799,1463,1,120,100,1,0,60.094146728515625,0.0,0.0,1.0,0.1,0.0,0,0,0,5,-1,5,-1,1.0,0,0.0,0.0,0.0,0.0,0.0,0.0,0.0,0.0,0.0,0.0,0.0,0.0,0.0,0.0,0.0,0.0,0.0,0.0,0.2
stage1d_single_agent_carry_bootstrap,4,1,32809,1464,1,120,100,1,0,59.43072509765625,0.0,0.0,1.0,0.13333333333333333,0.0,0,0,0,10,-1,10,-1,1.0,0,0.0,0.2,0.1,-0.2,0.0,0.0,0.0,0.0,0.0,0.0,0.0,0.0,0.0,0.0,0.0,0.0,0.0,0.0,0.1
stage1d_single_agent_carry_bootstrap,4,1,32820,1465,1,120,100,1,0,59.826168060302734,0.0,0.0,1.0,0.13333333333333333,0.0,0,0,0,11,-1,11,-1,1.0,1,0.09090909090909091,0.18181818181818182,0.09090909090909091,-0.2,0.0,0.0,0.0,0.0,0.0,0.0,0.0,0.0,0.0,0.0,0.0,0.0,0.0,0.0,0.09090909090909091
stage1d_single_agent_carry_bootstrap,4,1,32831,1466,1,120,100,1,0,60.02958679199219,0.0,0.0,1.0,0.23333333333333334,0.0,0,0,0,11,-1,11,-1,1.0,1,0.09090909090909091,0.18181818181818182,0.0,-0.16,0.0,0.0,0.0,0.0,0.0,0.0,0.0,0.0,0.0,0.0,0.0,0.0,0.0,0.0,0.09090909090909091
stage1d_single_agent_carry_bootstrap,4,1,32840,1467,1,120,100,1,0,59.75205993652344,0.0,0.0,1.0,0.06666666666666667,0.0,0,0,0,9,-1,9,-1,1.0,1,0.2222222222222222,0.3333333333333333,0.1111111111111111,-0.28,0.0,0.0,0.0,0.0,0.0,0.0,0.0,0.0,0.0,0.0,0.0,0.0,0.0,0.0,0.1111111111111111
stage1d_single_agent_carry_bootstrap,4,1,32842,1468,1,120,100,1,0,59.999427795410156,0.0,0.0,1.0,0.03333333333333333,0.0,0,0,0,2,-1,2,-1,1.0,0,0.0,0.0,0.0,0.0,0.0,0.0,0.0,0.0,0.0,0.0,0.0,0.0,0.0,0.0,0.0,0.0,0.0,0.0,0.5
stage1d_single_agent_carry_bootstrap,4,1,32853,1469,1,120,100,1,0,58.8525505065918,0.0,0.0,1.0,0.1,0.0,0,0,0,11,-1,11,-1,1.0,1,0.45454545454545453,0.6363636363636364,0.2727272727272727,-0.68,0.0,0.0,0.0,0.0,0.0,0.0,0.0,0.0,0.0,0.0,0.0,0.0,0.0,0.0,0.09090909090909091
stage1d_single_agent_carry_bootstrap,4,1,32854,1470,1,120,100,1,0,59.99599838256836,0.0,0.0,1.0,0.06666666666666667,0.0,0,0,0,1,-1,1,-1,1.0,0,0.0,0.0,0.0,0.0,0.0,0.0,0.0,0.0,0.0,0.0,0.0,0.0,0.0,0.0,0.0,0.0,0.0,0.0,1.0
stage1d_single_agent_carry_bootstrap,4,1,32863,1471,1,120,100,1,0,59.72719192504883,0.0,0.0,1.0,0.16666666666666666,0.0,0,0,0,9,-1,9,-1,1.0,0,0.0,0.1111111111111111,0.0,-0.08,0.0,0.0,0.0,0.0,0.0,0.0,0.0,0.0,0.0,0.0,0.0,0.0,0.0,0.0,0.1111111111111111
stage1d_single_agent_carry_bootstrap,4,1,32872,1472,1,120,100,1,0,59.306705474853516,0.0,0.0,1.0,0.13333333333333333,0.0,0,0,0,9,-1,9,-1,1.0,1,0.2222222222222222,0.3333333333333333,0.1111111111111111,-0.28,0.0,0.0,0.0,0.0,0.0,0.0,0.0,0.0,0.0,0.0,0.0,0.0,0.0,0.0,0.1111111111111111
stage1d_single_agent_carry_bootstrap,4,1,32883,1473,1,120,100,1,0,59.80324935913086,0.0,0.0,1.0,0.13333333333333333,0.0,0,0,0,11,-1,11,-1,1.0,1,0.18181818181818182,0.2727272727272727,0.09090909090909091,-0.28,0.0,0.0,0.0,0.0,0.0,0.0,0.0,0.0,0.0,0.0,0.0,0.0,0.0,0.0,0.09090909090909091
stage1d_single_agent_carry_bootstrap,4,1,32886,1474,1,120,100,1,0,60.01612091064453,0.0,0.0,1.0,0.06666666666666667,0.0,0,0,0,3,-1,3,-1,1.0,0,0.0,0.0,0.0,0.0,0.0,0.0,0.0,0.0,0.0,0.0,0.0,0.0,0.0,0.0,0.0,0.0,0.0,0.0,0.3333333333333333
stage1d_single_agent_carry_bootstrap,4,1,32891,1475,1,120,100,1,0,59.54285430908203,0.0,0.0,1.0,0.1,0.0,0,0,0,5,-1,5,-1,1.0,0,0.0,0.2,0.0,-0.08,0.0,0.0,0.0,0.0,0.0,0.0,0.0,0.0,0.0,0.0,0.0,0.0,0.0,0.0,0.2
stage1d_single_agent_carry_bootstrap,4,1,32901,1476,1,120,100,1,0,59.83892059326172,0.0,0.0,1.0,0.13333333333333333,0.0,0,0,0,10,-1,10,-1,1.0,1,0.2,0.3,0.1,-0.28,0.0,0.0,0.0,0.0,0.0,0.0,0.0,0.0,0.0,0.0,0.0,0.0,0.0,0.0,0.1
stage1d_single_agent_carry_bootstrap,4,1,32911,1477,1,120,100,1,0,59.80931854248047,0.0,0.0,1.0,0.13333333333333333,0.0,0,0,0,10,-1,10,-1,1.0,1,0.2,0.3,0.1,-0.28,0.0,0.0,0.0,0.0,0.0,0.0,0.0,0.0,0.0,0.0,0.0,0.0,0.0,0.0,0.1
stage1d_single_agent_carry_bootstrap,4,1,32914,1478,1,120,100,1,0,60.00605010986328,0.0,0.0,1.0,0.1,0.0,0,0,0,3,-1,3,-1,1.0,0,0.0,0.0,0.0,0.0,0.0,0.0,0.0,0.0,0.0,0.0,0.0,0.0,0.0,0.0,0.0,0.0,0.0,0.0,0.3333333333333333
stage1d_single_agent_carry_bootstrap,4,1,32917,1479,1,120,100,1,0,60.0164680480957,0.0,0.0,1.0,0.06666666666666667,0.0,0,0,0,3,-1,3,-1,1.0,0,0.0,0.0,0.0,0.0,0.0,0.0,0.0,0.0,0.0,0.0,0.0,0.0,0.0,0.0,0.0,0.0,0.0,0.0,0.3333333333333333
stage1d_single_agent_carry_bootstrap,4,1,32935,1480,1,120,100,1,0,59.50701141357422,0.0,0.0,1.0,0.2,0.0,0,0,0,18,-1,18,-1,1.0,2,0.2777777777777778,0.3888888888888889,0.1111111111111111,-0.64,0.0,0.0,0.0,0.0,0.0,0.0,0.0,0.0,0.0,0.0,0.0,0.0,0.0,0.0,0.05555555555555555
stage1d_single_agent_carry_bootstrap,4,1,32947,1481,1,120,100,1,0,59.61097717285156,0.0,0.0,1.0,0.16666666666666666,0.0,0,0,0,12,-1,12,-1,1.0,1,0.08333333333333333,0.16666666666666666,0.08333333333333333,-0.2,0.0,0.0,0.0,0.0,0.0,0.0,0.0,0.0,0.0,0.0,0.0,0.0,0.0,0.0,0.08333333333333333
stage1d_single_agent_carry_bootstrap,4,1,32949,1482,1,120,100,1,0,60.001644134521484,0.0,0.0,1.0,0.06666666666666667,0.0,0,0,0,2,-1,2,-1,1.0,0,0.0,0.0,0.0,0.0,0.0,0.0,0.0,0.0,0.0,0.0,0.0,0.0,0.0,0.0,0.0,0.0,0.0,0.0,0.5
stage1d_single_agent_carry_bootstrap,4,1,32960,1483,1,120,100,1,0,59.973140716552734,0.0,0.0,1.0,0.13333333333333333,0.0,0,0,0,11,-1,11,-1,1.0,1,0.09090909090909091,0.18181818181818182,0.09090909090909091,-0.2,0.0,0.0,0.0,0.0,0.0,0.0,0.0,0.0,0.0,0.0,0.0,0.0,0.0,0.0,0.09090909090909091
stage1d_single_agent_carry_bootstrap,4,1,32965,1484,1,120,100,1,0,59.94305419921875,0.0,0.0,1.0,0.1,0.0,0,0,0,5,-1,5,-1,1.0,0,0.0,0.2,0.0,-0.08,0.0,0.0,0.0,0.0,0.0,0.0,0.0,0.0,0.0,0.0,0.0,0.0,0.0,0.0,0.2
stage1d_single_agent_carry_bootstrap,4,1,32976,1485,1,120,100,1,0,59.577003479003906,0.0,0.0,1.0,0.13333333333333333,0.0,0,0,0,11,-1,11,-1,1.0,1,0.36363636363636365,0.45454545454545453,0.18181818181818182,-0.48000000000000004,0.0,0.0,0.0,0.0,0.0,0.0,0.0,0.0,0.0,0.0,0.0,0.0,0.0,0.0,0.09090909090909091
stage1d_single_agent_carry_bootstrap,4,1,32986,1486,1,120,100,1,0,59.98176574707031,0.0,0.0,1.0,0.13333333333333333,0.0,0,0,0,10,-1,10,-1,1.0,1,0.1,0.2,0.0,-0.16,0.0,0.0,0.0,0.0,0.0,0.0,0.0,0.0,0.0,0.0,0.0,0.0,0.0,0.0,0.1
stage1d_single_agent_carry_bootstrap,4,1,32993,1487,1,120,100,1,0,60.13018798828125,0.0,0.0,1.0,0.1,0.0,0,0,0,7,-1,7,-1,1.0,0,0.0,0.0,0.0,0.0,0.0,0.0,0.0,0.0,0.0,0.0,0.0,0.0,0.0,0.0,0.0,0.0,0.0,0.0,0.14285714285714285
stage1d_single_agent_carry_bootstrap,4,1,32998,1488,1,120,100,1,0,60.09016036987305,0.0,0.0,1.0,0.06666666666666667,0.0,0,0,0,5,-1,5,-1,1.0,0,0.0,0.0,0.0,0.0,0.0,0.0,0.0,0.0,0.0,0.0,0.0,0.0,0.0,0.0,0.0,0.0,0.0,0.0,0.2
stage1d_single_agent_carry_bootstrap,4,1,33006,1489,1,120,100,1,0,59.81942367553711,0.0,0.0,1.0,0.16666666666666666,0.0,0,0,0,8,-1,8,-1,1.0,1,0.125,0.25,0.125,-0.2,0.0,0.0,0.0,0.0,0.0,0.0,0.0,0.0,0.0,0.0,0.0,0.0,0.0,0.0,0.125
stage1d_single_agent_carry_bootstrap,4,1,33016,1490,1,120,100,1,0,59.81154251098633,0.0,0.0,1.0,0.1,0.0,0,0,0,10,-1,10,-1,1.0,1,0.2,0.3,0.1,-0.28,0.0,0.0,0.0,0.0,0.0,0.0,0.0,0.0,0.0,0.0,0.0,0.0,0.0,0.0,0.1
stage1d_single_agent_carry_bootstrap,4,1,33024,1491,1,120,100,1,0,59.82109832763672,0.0,0.0,1.0,0.06666666666666667,0.0,0,0,0,8,-1,8,-1,1.0,1,0.125,0.25,0.125,-0.2,0.0,0.0,0.0,0.0,0.0,0.0,0.0,0.0,0.0,0.0,0.0,0.0,0.0,0.0,0.125
stage1d_single_agent_carry_bootstrap,4,1,33025,1492,1,120,100,1,0,59.99599838256836,0.0,0.0,1.0,0.03333333333333333,0.0,0,0,0,1,-1,1,-1,1.0,0,0.0,0.0,0.0,0.0,0.0,0.0,0.0,0.0,0.0,0.0,0.0,0.0,0.0,0.0,0.0,0.0,0.0,0.0,1.0
stage1d_single_agent_carry_bootstrap,4,1,33029,1493,1,120,100,1,0,60.0550422668457,0.0,0.0,1.0,0.1,0.0,0,0,0,4,-1,4,-1,1.0,0,0.0,0.0,0.0,0.0,0.0,0.0,0.0,0.0,0.0,0.0,0.0,0.0,0.0,0.0,0.0,0.0,0.0,0.0,0.25
stage1d_single_agent_carry_bootstrap,4,1,33040,1494,1,120,100,1,0,59.934513092041016,0.0,0.0,1.0,0.13333333333333333,0.0,0,0,0,11,-1,11,-1,1.0,1,0.09090909090909091,0.18181818181818182,0.09090909090909091,-0.2,0.0,0.0,0.0,0.0,0.0,0.0,0.0,0.0,0.0,0.0,0.0,0.0,0.0,0.0,0.09090909090909091
stage1d_single_agent_carry_bootstrap,4,1,33052,1495,1,120,100,1,0,59.70195770263672,0.0,0.0,1.0,0.13333333333333333,0.0,0,0,0,12,-1,12,-1,1.0,1,0.25,0.3333333333333333,0.08333333333333333,-0.36,0.0,0.0,0.0,0.0,0.0,0.0,0.0,0.0,0.0,0.0,0.0,0.0,0.0,0.0,0.08333333333333333
stage1d_single_agent_carry_bootstrap,4,1,33057,1496,1,120,100,1,0,60.112911224365234,0.0,0.0,1.0,0.1,0.0,0,0,0,5,-1,5,-1,1.0,0,0.0,0.0,0.0,0.0,0.0,0.0,0.0,0.0,0.0,0.0,0.0,0.0,0.0,0.0,0.0,0.0,0.0,0.0,0.2
stage1d_single_agent_carry_bootstrap,4,1,33070,1497,1,120,100,1,0,60.0091552734375,0.0,0.0,1.0,0.16666666666666666,0.0,0,0,0,13,-1,13,-1,1.0,1,0.07692307692307693,0.15384615384615385,0.07692307692307693,-0.2,0.0,0.0,0.0,0.0,0.0,0.0,0.0,0.0,0.0,0.0,0.0,0.0,0.0,0.0,0.07692307692307693
stage1d_single_agent_carry_bootstrap,4,1,33082,1498,1,120,100,1,0,59.39319610595703,0.0,0.0,1.0,0.13333333333333333,0.0,0,0,0,12,-1,12,-1,1.0,1,0.16666666666666666,0.3333333333333333,0.08333333333333333,-0.36000000000000004,0.0,0.0,0.0,0.0,0.0,0.0,0.0,0.0,0.0,0.0,0.0,0.0,0.0,0.0,0.08333333333333333
stage1d_single_agent_carry_bootstrap,4,1,33090,1499,1,120,100,1,0,59.62141036987305,0.0,0.0,1.0,0.1,0.0,0,0,0,8,-1,8,-1,1.0,0,0.0,0.125,0.0,-0.08,0.0,0.0,0.0,0.0,0.0,0.0,0.0,0.0,0.0,0.0,0.0,0.0,0.0,0.0,0.125
stage1d_single_agent_carry_bootstrap,4,1,33095,1500,1,120,100,1,0,60.10624313354492,0.0,0.0,1.0,0.1,0.0,0,0,0,5,-1,5,-1,1.0,0,0.0,0.0,0.0,0.0,0.0,0.0,0.0,0.0,0.0,0.0,0.0,0.0,0.0,0.0,0.0,0.0,0.0,0.0,0.2
stage1d_single_agent_carry_bootstrap,4,1,33103,1501,1,120,100,1,0,59.62226486206055,0.0,0.0,1.0,0.13333333333333333,0.0,0,0,0,8,-1,8,-1,1.0,0,0.0,0.125,0.0,-0.08,0.0,0.0,0.0,0.0,0.0,0.0,0.0,0.0,0.0,0.0,0.0,0.0,0.0,0.0,0.125
stage1d_single_agent_carry_bootstrap,4,1,33116,1502,1,120,100,1,0,59.77606201171875,0.0,0.0,1.0,0.16666666666666666,0.0,0,0,0,13,-1,13,-1,1.0,1,0.15384615384615385,0.23076923076923078,0.07692307692307693,-0.28,0.0,0.0,0.0,0.0,0.0,0.0,0.0,0.0,0.0,0.0,0.0,0.0,0.0,0.0,0.07692307692307693
stage1d_single_agent_carry_bootstrap,4,1,33118,1503,1,120,100,1,0,60.003047943115234,0.0,0.0,1.0,0.06666666666666667,0.0,0,0,0,2,-1,2,-1,1.0,0,0.0,0.0,0.0,0.0,0.0,0.0,0.0,0.0,0.0,0.0,0.0,0.0,0.0,0.0,0.0,0.0,0.0,0.0,0.5
stage1d_single_agent_carry_bootstrap,4,1,33123,1504,1,120,100,1,0,59.78366470336914,0.0,0.0,1.0,0.06666666666666667,0.0,0,0,0,5,-1,5,-1,1.0,1,0.2,0.4,0.2,-0.2,0.0,0.0,0.0,0.0,0.0,0.0,0.0,0.0,0.0,0.0,0.0,0.0,0.0,0.0,0.2
stage1d_single_agent_carry_bootstrap,4,1,33134,1505,1,120,100,1,0,59.90686798095703,0.0,0.0,1.0,0.13333333333333333,0.0,0,0,0,11,-1,11,-1,1.0,1,0.09090909090909091,0.18181818181818182,0.09090909090909091,-0.2,0.0,0.0,0.0,0.0,0.0,0.0,0.0,0.0,0.0,0.0,0.0,0.0,0.0,0.0,0.09090909090909091
stage1d_single_agent_carry_bootstrap,4,1,33137,1506,1,120,100,1,0,60.005470275878906,0.0,0.0,1.0,0.06666666666666667,0.0,0,0,0,3,-1,3,-1,1.0,0,0.0,0.0,0.0,0.0,0.0,0.0,0.0,0.0,0.0,0.0,0.0,0.0,0.0,0.0,0.0,0.0,0.0,0.0,0.3333333333333333
stage1d_single_agent_carry_bootstrap,4,1,33146,1507,1,120,100,1,0,59.40172576904297,0.0,0.0,1.0,0.03333333333333333,0.0,0,0,0,9,-1,9,-1,1.0,1,0.5555555555555556,0.6666666666666666,0.2222222222222222,-0.56,0.0,0.0,0.0,0.0,0.0,0.0,0.0,0.0,0.0,0.0,0.0,0.0,0.0,0.0,0.1111111111111111
stage1d_single_agent_carry_bootstrap,4,1,33159,1508,1,120,100,1,0,59.26873779296875,0.0,0.0,1.0,0.13333333333333333,0.0,0,0,0,13,-1,13,-1,1.0,1,0.15384615384615385,0.3076923076923077,0.15384615384615385,-0.4,0.0,0.0,0.0,0.0,0.0,0.0,0.0,0.0,0.0,0.0,0.0,0.0,0.0,0.0,0.07692307692307693
stage1d_single_agent_carry_bootstrap,4,1,33163,1509,1,120,100,1,0,60.058406829833984,0.0,0.0,1.0,0.06666666666666667,0.0,0,0,0,4,-1,4,-1,1.0,0,0.0,0.0,0.0,0.0,0.0,0.0,0.0,0.0,0.0,0.0,0.0,0.0,0.0,0.0,0.0,0.0,0.0,0.0,0.25
stage1d_single_agent_carry_bootstrap,4,1,33175,1510,1,120,100,1,0,59.85303497314453,0.0,0.0,1.0,0.1,0.0,0,0,0,12,-1,12,-1,1.0,1,0.16666666666666666,0.25,0.08333333333333333,-0.28,0.0,0.0,0.0,0.0,0.0,0.0,0.0,0.0,0.0,0.0,0.0,0.0,0.0,0.0,0.08333333333333333
stage1d_single_agent_carry_bootstrap,4,1,33179,1511,1,120,100,1,0,60.05990219116211,0.0,0.0,1.0,0.06666666666666667,0.0,0,0,0,4,-1,4,-1,1.0,0,0.0,0.0,0.0,0.0,0.0,0.0,0.0,0.0,0.0,0.0,0.0,0.0,0.0,0.0,0.0,0.0,0.0,0.0,0.25
stage1d_single_agent_carry_bootstrap,4,1,33191,1512,1,120,100,1,0,59.23367691040039,0.0,0.0,1.0,0.2,0.0,0,0,0,12,-1,12,-1,1.0,1,0.3333333333333333,0.4166666666666667,0.0,-0.4,0.0,0.0,0.0,0.0,0.0,0.0,0.0,0.0,0.0,0.0,0.0,0.0,0.0,0.0,0.08333333333333333
stage1d_single_agent_carry_bootstrap,4,1,33201,1513,1,120,100,1,0,59.6671028137207,0.0,0.0,1.0,0.13333333333333333,0.0,0,0,0,10,-1,10,-1,1.0,1,0.3,0.4,0.1,-0.36,0.0,0.0,0.0,0.0,0.0,0.0,0.0,0.0,0.0,0.0,0.0,0.0,0.0,0.0,0.1
stage1d_single_agent_carry_bootstrap,4,1,33212,1514,1,120,100,1,0,58.96636199951172,0.0,0.0,1.0,0.1,0.0,0,0,0,11,-1,11,-1,1.0,2,0.36363636363636365,0.5454545454545454,0.2727272727272727,-0.6000000000000001,0.0,0.0,0.0,0.0,0.0,0.0,0.0,0.0,0.0,0.0,0.0,0.0,0.0,0.0,0.09090909090909091
stage1d_single_agent_carry_bootstrap,4,1,33221,1515,1,120,100,1,0,59.752037048339844,0.0,0.0,1.0,0.06666666666666667,0.0,0,0,0,9,-1,9,-1,1.0,1,0.2222222222222222,0.3333333333333333,0.1111111111111111,-0.28,0.0,0.0,0.0,0.0,0.0,0.0,0.0,0.0,0.0,0.0,0.0,0.0,0.0,0.0,0.1111111111111111
stage1d_single_agent_carry_bootstrap,4,1,33231,1516,1,120,100,1,0,59.446128845214844,0.0,0.0,1.0,0.13333333333333333,0.0,0,0,0,10,-1,10,-1,1.0,1,0.1,0.2,0.0,-0.16,0.0,0.0,0.0,0.0,0.0,0.0,0.0,0.0,0.0,0.0,0.0,0.0,0.0,0.0,0.1
stage1d_single_agent_carry_bootstrap,4,1,33240,1517,1,120,100,1,0,59.74370574951172,0.0,0.0,1.0,0.13333333333333333,0.0,0,0,0,9,-1,9,-1,1.0,1,0.2222222222222222,0.3333333333333333,0.1111111111111111,-0.28,0.0,0.0,0.0,0.0,0.0,0.0,0.0,0.0,0.0,0.0,0.0,0.0,0.0,0.0,0.1111111111111111
stage1d_single_agent_carry_bootstrap,4,1,33253,1518,1,120,100,1,0,59.788299560546875,0.0,0.0,1.0,0.16666666666666666,0.0,0,0,0,13,-1,13,-1,1.0,1,0.23076923076923078,0.3076923076923077,0.07692307692307693,-0.36,0.0,0.0,0.0,0.0,0.0,0.0,0.0,0.0,0.0,0.0,0.0,0.0,0.0,0.0,0.07692307692307693
stage1d_single_agent_carry_bootstrap,4,1,33258,1519,1,120,100,1,0,60.043067932128906,0.0,0.0,1.0,0.13333333333333333,0.0,0,0,0,5,-1,5,-1,1.0,0,0.0,0.0,0.0,0.0,0.0,0.0,0.0,0.0,0.0,0.0,0.0,0.0,0.0,0.0,0.0,0.0,0.0,0.0,0.2
stage1d_single_agent_carry_bootstrap,4,1,33262,1520,1,120,100,1,0,60.06071853637695,0.0,0.0,1.0,0.1,0.0,0,0,0,4,-1,4,-1,1.0,0,0.0,0.0,0.0,0.0,0.0,0.0,0.0,0.0,0.0,0.0,0.0,0.0,0.0,0.0,0.0,0.0,0.0,0.0,0.25
stage1d_single_agent_carry_bootstrap,4,1,33271,1521,1,120,100,1,0,59.669166564941406,0.0,0.0,1.0,0.13333333333333333,0.0,0,0,0,9,-1,9,-1,1.0,0,0.0,0.0,0.0,0.0,0.0,0.0,0.0,0.0,0.0,0.0,0.0,0.0,0.0,0.0,0.0,0.0,0.0,0.0,0.1111111111111111
stage1d_single_agent_carry_bootstrap,4,1,33277,1522,1,120,100,1,0,60.159698486328125,0.0,0.0,1.0,0.1,0.0,0,0,0,6,-1,6,-1,1.0,0,0.0,0.0,0.0,0.0,0.0,0.0,0.0,0.0,0.0,0.0,0.0,0.0,0.0,0.0,0.0,0.0,0.0,0.0,0.16666666666666666
stage1d_single_agent_carry_bootstrap,4,1,33281,1523,1,120,100,1,0,60.05878829956055,0.0,0.0,1.0,0.06666666666666667,0.0,0,0,0,4,-1,4,-1,1.0,0,0.0,0.0,0.0,0.0,0.0,0.0,0.0,0.0,0.0,0.0,0.0,0.0,0.0,0.0,0.0,0.0,0.0,0.0,0.25
stage1d_single_agent_carry_bootstrap,4,1,33287,1524,1,120,100,1,0,59.558937072753906,0.0,0.0,1.0,0.06666666666666667,0.0,0,0,0,6,-1,6,-1,1.0,1,0.5,0.6666666666666666,0.3333333333333333,-0.4,0.0,0.0,0.0,0.0,0.0,0.0,0.0,0.0,0.0,0.0,0.0,0.0,0.0,0.0,0.16666666666666666
stage1d_single_agent_carry_bootstrap,4,1,33298,1525,1,120,100,1,0,59.82655715942383,0.0,0.0,1.0,0.13333333333333333,0.0,0,0,0,11,-1,11,-1,1.0,1,0.18181818181818182,0.2727272727272727,0.09090909090909091,-0.28,0.0,0.0,0.0,0.0,0.0,0.0,0.0,0.0,0.0,0.0,0.0,0.0,0.0,0.0,0.09090909090909091
stage1d_single_agent_carry_bootstrap,4,1,33313,1526,1,120,100,1,0,58.685302734375,0.0,0.0,1.0,0.2,0.0,0,0,0,15,-1,15,-1,1.0,3,0.4666666666666667,0.6666666666666666,0.06666666666666667,-0.84,0.0,0.0,0.0,0.0,0.0,0.0,0.0,0.0,0.0,0.0,0.0,0.0,0.0,0.0,0.06666666666666667
stage1d_single_agent_carry_bootstrap,4,1,33318,1527,1,120,100,1,0,59.935020446777344,0.0,0.0,1.0,0.06666666666666667,0.0,0,0,0,5,-1,5,-1,1.0,0,0.0,0.2,0.0,-0.08,0.0,0.0,0.0,0.0,0.0,0.0,0.0,0.0,0.0,0.0,0.0,0.0,0.0,0.0,0.2
stage1d_single_agent_carry_bootstrap,4,1,33326,1528,1,120,100,1,0,59.82455062866211,0.0,0.0,1.0,0.06666666666666667,0.0,0,0,0,8,-1,8,-1,1.0,1,0.125,0.25,0.125,-0.2,0.0,0.0,0.0,0.0,0.0,0.0,0.0,0.0,0.0,0.0,0.0,0.0,0.0,0.0,0.125
stage1d_single_agent_carry_bootstrap,4,1,33334,1529,1,120,100,1,0,59.58457946777344,0.0,0.0,1.0,0.1,0.0,0,0,0,8,-1,8,-1,1.0,1,0.5,0.625,0.0,-0.4,0.0,0.0,0.0,0.0,0.0,0.0,0.0,0.0,0.0,0.0,0.0,0.0,0.0,0.0,0.125
stage1d_single_agent_carry_bootstrap,4,1,33347,1530,1,120,100,1,0,59.54520797729492,0.0,0.0,1.0,0.2,0.0,0,0,0,13,-1,13,-1,1.0,1,0.15384615384615385,0.23076923076923078,0.0,-0.24,0.0,0.0,0.0,0.0,0.0,0.0,0.0,0.0,0.0,0.0,0.0,0.0,0.0,0.0,0.07692307692307693
stage1d_single_agent_carry_bootstrap,4,1,33354,1531,1,120,100,1,0,59.988128662109375,0.0,0.0,1.0,0.1,0.0,0,0,0,7,-1,7,-1,1.0,0,0.0,0.14285714285714285,0.0,-0.08,0.0,0.0,0.0,0.0,0.0,0.0,0.0,0.0,0.0,0.0,0.0,0.0,0.0,0.0,0.14285714285714285
stage1d_single_agent_carry_bootstrap,4,1,33366,1532,1,120,100,1,0,59.833805084228516,0.0,0.0,1.0,0.1,0.0,0,0,0,12,-1,12,-1,1.0,1,0.08333333333333333,0.16666666666666666,0.08333333333333333,-0.2,0.0,0.0,0.0,0.0,0.0,0.0,0.0,0.0,0.0,0.0,0.0,0.0,0.0,0.0,0.08333333333333333
stage1d_single_agent_carry_bootstrap,4,1,33373,1533,1,120,100,1,0,60.200870513916016,0.0,0.0,1.0,0.16666666666666666,0.0,0,0,0,7,-1,7,-1,1.0,0,0.0,0.0,0.0,0.0,0.0,0.0,0.0,0.0,0.0,0.0,0.0,0.0,0.0,0.0,0.0,0.0,0.0,0.0,0.14285714285714285
stage1d_single_agent_carry_bootstrap,4,1,33382,1534,1,120,100,1,0,59.751953125,0.0,0.0,1.0,0.1,0.0,0,0,0,9,-1,9,-1,1.0,1,0.2222222222222222,0.3333333333333333,0.1111111111111111,-0.28,0.0,0.0,0.0,0.0,0.0,0.0,0.0,0.0,0.0,0.0,0.0,0.0,0.0,0.0,0.1111111111111111
stage1d_single_agent_carry_bootstrap,4,1,33391,1535,1,120,100,1,0,59.772186279296875,0.0,0.0,1.0,0.06666666666666667,0.0,0,0,0,9,-1,9,-1,1.0,1,0.2222222222222222,0.3333333333333333,0.1111111111111111,-0.28,0.0,0.0,0.0,0.0,0.0,0.0,0.0,0.0,0.0,0.0,0.0,0.0,0.0,0.0,0.1111111111111111
stage1d_single_agent_carry_bootstrap,4,1,33396,1536,1,120,100,1,0,59.64588928222656,0.0,0.0,1.0,0.06666666666666667,0.0,0,0,0,5,-1,5,-1,1.0,0,0.0,0.0,0.0,0.0,0.0,0.0,0.0,0.0,0.0,0.0,0.0,0.0,0.0,0.0,0.0,0.0,0.0,0.0,0.2
stage1d_single_agent_carry_bootstrap,4,1,33398,1537,1,120,100,1,0,60.003238677978516,0.0,0.0,1.0,0.06666666666666667,0.0,0,0,0,2,-1,2,-1,1.0,0,0.0,0.0,0.0,0.0,0.0,0.0,0.0,0.0,0.0,0.0,0.0,0.0,0.0,0.0,0.0,0.0,0.0,0.0,0.5
stage1d_single_agent_carry_bootstrap,4,1,33409,1538,1,120,100,1,0,59.826438903808594,0.0,0.0,1.0,0.13333333333333333,0.0,0,0,0,11,-1,11,-1,1.0,1,0.18181818181818182,0.2727272727272727,0.09090909090909091,-0.28,0.0,0.0,0.0,0.0,0.0,0.0,0.0,0.0,0.0,0.0,0.0,0.0,0.0,0.0,0.09090909090909091
stage1d_single_agent_carry_bootstrap,4,1,33411,1539,1,120,100,1,0,60.00305938720703,0.0,0.0,1.0,0.03333333333333333,0.0,0,0,0,2,-1,2,-1,1.0,0,0.0,0.0,0.0,0.0,0.0,0.0,0.0,0.0,0.0,0.0,0.0,0.0,0.0,0.0,0.0,0.0,0.0,0.0,0.5
stage1d_single_agent_carry_bootstrap,4,1,33423,1540,1,120,100,1,0,59.61528778076172,0.0,0.0,1.0,0.16666666666666666,0.0,0,0,0,12,-1,12,-1,1.0,1,0.08333333333333333,0.16666666666666666,0.0,-0.16,0.0,0.0,0.0,0.0,0.0,0.0,0.0,0.0,0.0,0.0,0.0,0.0,0.0,0.0,0.08333333333333333
stage1d_single_agent_carry_bootstrap,4,1,33437,1541,1,120,100,1,0,59.893455505371094,0.0,0.0,1.0,0.2,0.0,0,0,0,14,-1,14,-1,1.0,1,0.07142857142857142,0.14285714285714285,0.0,-0.16,0.0,0.0,0.0,0.0,0.0,0.0,0.0,0.0,0.0,0.0,0.0,0.0,0.0,0.0,0.07142857142857142
stage1d_single_agent_carry_bootstrap,4,1,33442,1542,1,120,100,1,0,60.072906494140625,0.0,0.0,1.0,0.06666666666666667,0.0,0,0,0,5,-1,5,-1,1.0,0,0.0,0.0,0.0,0.0,0.0,0.0,0.0,0.0,0.0,0.0,0.0,0.0,0.0,0.0,0.0,0.0,0.0,0.0,0.2
stage1d_single_agent_carry_bootstrap,4,1,33446,1543,1,120,100,1,0,60.05534362792969,0.0,0.0,1.0,0.06666666666666667,0.0,0,0,0,4,-1,4,-1,1.0,0,0.0,0.0,0.0,0.0,0.0,0.0,0.0,0.0,0.0,0.0,0.0,0.0,0.0,0.0,0.0,0.0,0.0,0.0,0.25
stage1d_single_agent_carry_bootstrap,4,1,33456,1544,1,120,100,1,0,59.904396057128906,0.0,0.0,1.0,0.13333333333333333,0.0,0,0,0,10,-1,10,-1,1.0,1,0.1,0.2,0.1,-0.2,0.0,0.0,0.0,0.0,0.0,0.0,0.0,0.0,0.0,0.0,0.0,0.0,0.0,0.0,0.1
stage1d_single_agent_carry_bootstrap,4,1,33466,1545,1,120,100,1,0,59.46958923339844,0.0,0.0,1.0,0.2,0.0,0,0,0,10,-1,10,-1,1.0,1,0.1,0.2,0.0,-0.16,0.0,0.0,0.0,0.0,0.0,0.0,0.0,0.0,0.0,0.0,0.0,0.0,0.0,0.0,0.1
stage1d_single_agent_carry_bootstrap,4,1,33476,1546,1,120,100,1,0,59.53831481933594,0.0,0.0,1.0,0.13333333333333333,0.0,0,0,0,10,-1,10,-1,1.0,1,0.1,0.2,0.0,-0.16,0.0,0.0,0.0,0.0,0.0,0.0,0.0,0.0,0.0,0.0,0.0,0.0,0.0,0.0,0.1
stage1d_single_agent_carry_bootstrap,4,1,33479,1547,1,120,100,1,0,60.01046371459961,0.0,0.0,1.0,0.06666666666666667,0.0,0,0,0,3,-1,3,-1,1.0,0,0.0,0.0,0.0,0.0,0.0,0.0,0.0,0.0,0.0,0.0,0.0,0.0,0.0,0.0,0.0,0.0,0.0,0.0,0.3333333333333333
stage1d_single_agent_carry_bootstrap,4,1,33491,1548,1,120,100,1,0,59.72700119018555,0.0,0.0,1.0,0.16666666666666666,0.0,0,0,0,12,-1,12,-1,1.0,1,0.25,0.3333333333333333,0.08333333333333333,-0.36,0.0,0.0,0.0,0.0,0.0,0.0,0.0,0.0,0.0,0.0,0.0,0.0,0.0,0.0,0.08333333333333333
stage1d_single_agent_carry_bootstrap,4,1,33505,1549,1,120,100,1,0,58.64934158325195,0.0,0.0,1.0,0.1,0.0,0,0,0,14,-1,14,-1,1.0,2,0.2857142857142857,0.42857142857142855,0.07142857142857142,-0.52,0.0,0.0,0.0,0.0,0.0,0.0,0.0,0.0,0.0,0.0,0.0,0.0,0.0,0.0,0.07142857142857142
stage1d_single_agent_carry_bootstrap,4,1,33527,1550,1,120,100,1,0,59.04987335205078,0.0,0.0,1.0,0.23333333333333334,0.0,0,0,0,22,-1,22,-1,1.0,2,0.2727272727272727,0.36363636363636365,0.045454545454545456,-0.6799999999999999,0.0,0.0,0.0,0.0,0.0,0.0,0.0,0.0,0.0,0.0,0.0,0.0,0.0,0.0,0.045454545454545456
stage1d_single_agent_carry_bootstrap,4,1,33536,1551,1,120,100,1,0,59.392276763916016,0.0,0.0,1.0,0.06666666666666667,0.0,0,0,0,9,-1,9,-1,1.0,1,0.5555555555555556,0.6666666666666666,0.2222222222222222,-0.56,0.0,0.0,0.0,0.0,0.0,0.0,0.0,0.0,0.0,0.0,0.0,0.0,0.0,0.0,0.1111111111111111
stage1d_single_agent_carry_bootstrap,4,1,33538,1552,1,120,100,1,0,60.002197265625,0.0,0.0,1.0,0.03333333333333333,0.0,0,0,0,2,-1,2,-1,1.0,0,0.0,0.0,0.0,0.0,0.0,0.0,0.0,0.0,0.0,0.0,0.0,0.0,0.0,0.0,0.0,0.0,0.0,0.0,0.5
stage1d_single_agent_carry_bootstrap,4,1,33546,1553,1,120,100,1,0,59.61284637451172,0.0,0.0,1.0,0.06666666666666667,0.0,0,0,0,8,-1,8,-1,1.0,1,0.375,0.5,0.125,-0.36,0.0,0.0,0.0,0.0,0.0,0.0,0.0,0.0,0.0,0.0,0.0,0.0,0.0,0.0,0.125
stage1d_single_agent_carry_bootstrap,4,1,33557,1554,1,120,100,1,0,59.80740737915039,0.0,0.0,1.0,0.16666666666666666,0.0,0,0,0,11,-1,11,-1,1.0,1,0.18181818181818182,0.2727272727272727,0.09090909090909091,-0.28,0.0,0.0,0.0,0.0,0.0,0.0,0.0,0.0,0.0,0.0,0.0,0.0,0.0,0.0,0.09090909090909091
stage1d_single_agent_carry_bootstrap,4,1,33563,1555,1,120,100,1,0,60.12870407104492,0.0,0.0,1.0,0.13333333333333333,0.0,0,0,0,6,-1,6,-1,1.0,0,0.0,0.0,0.0,0.0,0.0,0.0,0.0,0.0,0.0,0.0,0.0,0.0,0.0,0.0,0.0,0.0,0.0,0.0,0.16666666666666666
stage1d_single_agent_carry_bootstrap,4,1,33575,1556,1,120,100,1,0,59.827056884765625,0.0,0.0,1.0,0.16666666666666666,0.0,0,0,0,12,-1,12,-1,1.0,1,0.16666666666666666,0.25,0.08333333333333333,-0.28,0.0,0.0,0.0,0.0,0.0,0.0,0.0,0.0,0.0,0.0,0.0,0.0,0.0,0.0,0.08333333333333333
stage1d_single_agent_carry_bootstrap,4,1,33578,1557,1,120,100,1,0,60.01820373535156,0.0,0.0,1.0,0.1,0.0,0,0,0,3,-1,3,-1,1.0,0,0.0,0.0,0.0,0.0,0.0,0.0,0.0,0.0,0.0,0.0,0.0,0.0,0.0,0.0,0.0,0.0,0.0,0.0,0.3333333333333333
stage1d_single_agent_carry_bootstrap,4,1,33585,1558,1,120,100,1,0,59.79548263549805,0.0,0.0,1.0,0.06666666666666667,0.0,0,0,0,7,-1,7,-1,1.0,1,0.14285714285714285,0.2857142857142857,0.14285714285714285,-0.2,0.0,0.0,0.0,0.0,0.0,0.0,0.0,0.0,0.0,0.0,0.0,0.0,0.0,0.0,0.14285714285714285
stage1d_single_agent_carry_bootstrap,4,1,33589,1559,1,120,100,1,0,60.03582763671875,0.0,0.0,1.0,0.1,0.0,0,0,0,4,-1,4,-1,1.0,0,0.0,0.0,0.0,0.0,0.0,0.0,0.0,0.0,0.0,0.0,0.0,0.0,0.0,0.0,0.0,0.0,0.0,0.0,0.25
stage1d_single_agent_carry_bootstrap,4,1,33603,1560,1,120,100,1,0,59.25262451171875,0.0,0.0,1.0,0.2,0.0,0,0,0,14,-1,14,-1,1.0,1,0.2857142857142857,0.35714285714285715,0.0,-0.4,0.0,0.0,0.0,0.0,0.0,0.0,0.0,0.0,0.0,0.0,0.0,0.0,0.0,0.0,0.07142857142857142
stage1d_single_agent_carry_bootstrap,4,1,33611,1561,1,120,100,1,0,60.00327682495117,0.0,0.0,1.0,0.16666666666666666,0.0,0,0,0,8,-1,8,-1,1.0,0,0.0,0.125,0.0,-0.08,0.0,0.0,0.0,0.0,0.0,0.0,0.0,0.0,0.0,0.0,0.0,0.0,0.0,0.0,0.125
stage1d_single_agent_carry_bootstrap,4,1,33616,1562,1,120,100,1,0,60.097900390625,0.0,0.0,1.0,0.13333333333333333,0.0,0,0,0,5,-1,5,-1,1.0,0,0.0,0.0,0.0,0.0,0.0,0.0,0.0,0.0,0.0,0.0,0.0,0.0,0.0,0.0,0.0,0.0,0.0,0.0,0.2
stage1d_single_agent_carry_bootstrap,4,1,33628,1563,1,120,100,1,0,59.58890914916992,0.0,0.0,1.0,0.1,0.0,0,0,0,12,-1,12,-1,1.0,1,0.16666666666666666,0.3333333333333333,0.16666666666666666,-0.4,0.0,0.0,0.0,0.0,0.0,0.0,0.0,0.0,0.0,0.0,0.0,0.0,0.0,0.0,0.08333333333333333
stage1d_single_agent_carry_bootstrap,4,1,33639,1564,1,120,100,1,0,59.976131439208984,0.0,0.0,1.0,0.13333333333333333,0.0,0,0,0,11,-1,11,-1,1.0,1,0.09090909090909091,0.18181818181818182,0.09090909090909091,-0.2,0.0,0.0,0.0,0.0,0.0,0.0,0.0,0.0,0.0,0.0,0.0,0.0,0.0,0.0,0.09090909090909091
stage1d_single_agent_carry_bootstrap,4,1,33651,1565,1,120,100,1,0,59.75482940673828,0.0,0.0,1.0,0.16666666666666666,0.0,0,0,0,12,-1,12,-1,1.0,1,0.25,0.3333333333333333,0.08333333333333333,-0.36,0.0,0.0,0.0,0.0,0.0,0.0,0.0,0.0,0.0,0.0,0.0,0.0,0.0,0.0,0.08333333333333333
stage1d_single_agent_carry_bootstrap,4,1,33655,1566,1,120,100,1,0,60.04918670654297,0.0,0.0,1.0,0.06666666666666667,0.0,0,0,0,4,-1,4,-1,1.0,0,0.0,0.0,0.0,0.0,0.0,0.0,0.0,0.0,0.0,0.0,0.0,0.0,0.0,0.0,0.0,0.0,0.0,0.0,0.25
stage1d_single_agent_carry_bootstrap,4,1,33665,1567,1,120,100,1,0,59.782135009765625,0.0,0.0,1.0,0.13333333333333333,0.0,0,0,0,10,-1,10,-1,1.0,1,0.2,0.3,0.1,-0.28,0.0,0.0,0.0,0.0,0.0,0.0,0.0,0.0,0.0,0.0,0.0,0.0,0.0,0.0,0.1
stage1d_single_agent_carry_bootstrap,4,1,33678,1568,1,120,100,1,0,59.799652099609375,0.0,0.0,1.0,0.2,0.0,0,0,0,13,-1,13,-1,1.0,1,0.23076923076923078,0.3076923076923077,0.07692307692307693,-0.36000000000000004,0.0,0.0,0.0,0.0,0.0,0.0,0.0,0.0,0.0,0.0,0.0,0.0,0.0,0.0,0.07692307692307693
stage1d_single_agent_carry_bootstrap,4,1,33682,1569,1,120,100,1,0,60.04241180419922,0.0,0.0,1.0,0.1,0.0,0,0,0,4,-1,4,-1,1.0,0,0.0,0.0,0.0,0.0,0.0,0.0,0.0,0.0,0.0,0.0,0.0,0.0,0.0,0.0,0.0,0.0,0.0,0.0,0.25
stage1d_single_agent_carry_bootstrap,4,1,33693,1570,1,120,100,1,0,59.78302001953125,0.0,0.0,1.0,0.13333333333333333,0.0,0,0,0,11,-1,11,-1,1.0,1,0.18181818181818182,0.2727272727272727,0.09090909090909091,-0.28,0.0,0.0,0.0,0.0,0.0,0.0,0.0,0.0,0.0,0.0,0.0,0.0,0.0,0.0,0.09090909090909091
stage1d_single_agent_carry_bootstrap,4,1,33705,1571,1,120,100,1,0,59.32799530029297,0.0,0.0,1.0,0.1,0.0,0,0,0,12,-1,12,-1,1.0,1,0.08333333333333333,0.25,0.16666666666666666,-0.32,0.0,0.0,0.0,0.0,0.0,0.0,0.0,0.0,0.0,0.0,0.0,0.0,0.0,0.0,0.08333333333333333
stage1d_single_agent_carry_bootstrap,4,1,33719,1572,1,120,100,1,0,59.299583435058594,0.0,0.0,1.0,0.16666666666666666,0.0,0,0,0,14,-1,14,-1,1.0,1,0.2857142857142857,0.35714285714285715,0.0,-0.4,0.0,0.0,0.0,0.0,0.0,0.0,0.0,0.0,0.0,0.0,0.0,0.0,0.0,0.0,0.07142857142857142
stage1d_single_agent_carry_bootstrap,4,1,33726,1573,1,120,100,1,0,59.057762145996094,0.0,0.0,1.0,0.06666666666666667,0.0,0,0,0,7,-1,7,-1,1.0,1,0.14285714285714285,0.2857142857142857,0.0,-0.16,0.0,0.0,0.0,0.0,0.0,0.0,0.0,0.0,0.0,0.0,0.0,0.0,0.0,0.0,0.14285714285714285
stage1d_single_agent_carry_bootstrap,4,1,33728,1574,1,120,100,1,0,60.00316619873047,0.0,0.0,1.0,0.06666666666666667,0.0,0,0,0,2,-1,2,-1,1.0,0,0.0,0.0,0.0,0.0,0.0,0.0,0.0,0.0,0.0,0.0,0.0,0.0,0.0,0.0,0.0,0.0,0.0,0.0,0.5
stage1d_single_agent_carry_bootstrap,4,1,33733,1575,1,120,100,1,0,60.0780029296875,0.0,0.0,1.0,0.13333333333333333,0.0,0,0,0,5,-1,5,-1,1.0,0,0.0,0.0,0.0,0.0,0.0,0.0,0.0,0.0,0.0,0.0,0.0,0.0,0.0,0.0,0.0,0.0,0.0,0.0,0.2
stage1d_single_agent_carry_bootstrap,4,1,33737,1576,1,120,100,1,0,60.0603141784668,0.0,0.0,1.0,0.06666666666666667,0.0,0,0,0,4,-1,4,-1,1.0,0,0.0,0.0,0.0,0.0,0.0,0.0,0.0,0.0,0.0,0.0,0.0,0.0,0.0,0.0,0.0,0.0,0.0,0.0,0.25
stage1d_single_agent_carry_bootstrap,4,1,33742,1577,1,120,100,1,0,60.110443115234375,0.0,0.0,1.0,0.1,0.0,0,0,0,5,-1,5,-1,1.0,0,0.0,0.0,0.0,0.0,0.0,0.0,0.0,0.0,0.0,0.0,0.0,0.0,0.0,0.0,0.0,0.0,0.0,0.0,0.2
stage1d_single_agent_carry_bootstrap,4,1,33751,1578,1,120,100,1,0,59.83944320678711,0.0,0.0,1.0,0.1,0.0,0,0,0,9,-1,9,-1,1.0,1,0.1111111111111111,0.2222222222222222,0.1111111111111111,-0.2,0.0,0.0,0.0,0.0,0.0,0.0,0.0,0.0,0.0,0.0,0.0,0.0,0.0,0.0,0.1111111111111111
stage1d_single_agent_carry_bootstrap,4,1,33754,1579,1,120,100,1,0,60.02070236206055,0.0,0.0,1.0,0.03333333333333333,0.0,0,0,0,3,-1,3,-1,1.0,0,0.0,0.0,0.0,0.0,0.0,0.0,0.0,0.0,0.0,0.0,0.0,0.0,0.0,0.0,0.0,0.0,0.0,0.0,0.3333333333333333
stage1d_single_agent_carry_bootstrap,4,1,33758,1580,1,120,100,1,0,60.05244064331055,0.0,0.0,1.0,0.06666666666666667,0.0,0,0,0,4,-1,4,-1,1.0,0,0.0,0.0,0.0,0.0,0.0,0.0,0.0,0.0,0.0,0.0,0.0,0.0,0.0,0.0,0.0,0.0,0.0,0.0,0.25
stage1d_single_agent_carry_bootstrap,4,1,33764,1581,1,120,100,1,0,59.961795806884766,0.0,0.0,1.0,0.1,0.0,0,0,0,6,-1,6,-1,1.0,0,0.0,0.16666666666666666,0.0,-0.08,0.0,0.0,0.0,0.0,0.0,0.0,0.0,0.0,0.0,0.0,0.0,0.0,0.0,0.0,0.16666666666666666
stage1d_single_agent_carry_bootstrap,4,1,33773,1582,1,120,100,1,0,59.29548263549805,0.0,0.0,1.0,0.1,0.0,0,0,0,9,-1,9,-1,1.0,0,0.0,0.1111111111111111,0.0,-0.08,0.0,0.0,0.0,0.0,0.0,0.0,0.0,0.0,0.0,0.0,0.0,0.0,0.0,0.0,0.1111111111111111
stage1d_single_agent_carry_bootstrap,4,1,33783,1583,1,120,100,1,0,58.7214241027832,0.0,0.0,1.0,0.06666666666666667,0.0,0,0,0,10,-1,10,-1,1.0,1,0.3,0.5,0.1,-0.44,0.0,0.0,0.0,0.0,0.0,0.0,0.0,0.0,0.0,0.0,0.0,0.0,0.0,0.0,0.1
stage1d_single_agent_carry_bootstrap,4,1,33793,1584,1,120,100,1,0,59.305809020996094,0.0,0.0,1.0,0.13333333333333333,0.0,0,0,0,10,-1,10,-1,1.0,0,0.0,0.1,0.0,-0.08,0.0,0.0,0.0,0.0,0.0,0.0,0.0,0.0,0.0,0.0,0.0,0.0,0.0,0.0,0.1
stage1d_single_agent_carry_bootstrap,4,1,33797,1585,1,120,100,1,0,60.06046676635742,0.0,0.0,1.0,0.06666666666666667,0.0,0,0,0,4,-1,4,-1,1.0,0,0.0,0.0,0.0,0.0,0.0,0.0,0.0,0.0,0.0,0.0,0.0,0.0,0.0,0.0,0.0,0.0,0.0,0.0,0.25
stage1d_single_agent_carry_bootstrap,4,1,33813,1586,1,120,100,1,0,58.485050201416016,0.0,0.0,1.0,0.2,0.0,0,0,0,16,-1,16,-1,1.0,1,0.3125,0.5625,0.0,-0.72,0.0,0.0,0.0,0.0,0.0,0.0,0.0,0.0,0.0,0.0,0.0,0.0,0.0,0.0,0.0625
stage1d_single_agent_carry_bootstrap,4,1,33821,1587,1,120,100,1,0,59.51755142211914,0.0,0.0,1.0,0.1,0.0,0,0,0,8,-1,8,-1,1.0,0,0.0,0.25,0.0,-0.16,0.0,0.0,0.0,0.0,0.0,0.0,0.0,0.0,0.0,0.0,0.0,0.0,0.0,0.0,0.125
stage1d_single_agent_carry_bootstrap,4,1,33835,1588,1,120,100,1,0,59.803138732910156,0.0,0.0,1.0,0.3,0.0,0,0,0,14,-1,14,-1,1.0,1,0.21428571428571427,0.2857142857142857,0.0,-0.32,0.0,0.0,0.0,0.0,0.0,0.0,0.0,0.0,0.0,0.0,0.0,0.0,0.0,0.0,0.07142857142857142
stage1d_single_agent_carry_bootstrap,4,1,33845,1589,1,120,100,1,0,59.54387283325195,0.0,0.0,1.0,0.06666666666666667,0.0,0,0,0,10,-1,10,-1,1.0,2,0.2,0.4,0.2,-0.4,0.0,0.0,0.0,0.0,0.0,0.0,0.0,0.0,0.0,0.0,0.0,0.0,0.0,0.0,0.1
stage1d_single_agent_carry_bootstrap,4,1,33849,1590,1,120,100,1,0,60.06027603149414,0.0,0.0,1.0,0.1,0.0,0,0,0,4,-1,4,-1,1.0,0,0.0,0.0,0.0,0.0,0.0,0.0,0.0,0.0,0.0,0.0,0.0,0.0,0.0,0.0,0.0,0.0,0.0,0.0,0.25
stage1d_single_agent_carry_bootstrap,4,1,33859,1591,1,120,100,1,0,59.117164611816406,0.0,0.0,1.0,0.16666666666666666,0.0,0,0,0,10,-1,10,-1,1.0,1,0.1,0.2,0.0,-0.16,0.0,0.0,0.0,0.0,0.0,0.0,0.0,0.0,0.0,0.0,0.0,0.0,0.0,0.0,0.1
stage1d_single_agent_carry_bootstrap,4,1,33864,1592,1,120,100,1,0,60.08456802368164,0.0,0.0,1.0,0.1,0.0,0,0,0,5,-1,5,-1,1.0,0,0.0,0.0,0.0,0.0,0.0,0.0,0.0,0.0,0.0,0.0,0.0,0.0,0.0,0.0,0.0,0.0,0.0,0.0,0.2
stage1d_single_agent_carry_bootstrap,4,1,33877,1593,1,120,100,1,0,58.9598388671875,0.0,0.0,1.0,0.2,0.0,0,0,0,13,-1,13,-1,1.0,1,0.5384615384615384,0.6153846153846154,0.0,-0.64,0.0,0.0,0.0,0.0,0.0,0.0,0.0,0.0,0.0,0.0,0.0,0.0,0.0,0.0,0.07692307692307693
stage1d_single_agent_carry_bootstrap,4,1,33891,1594,1,120,100,1,0,59.802101135253906,0.0,0.0,1.0,0.16666666666666666,0.0,0,0,0,14,-1,14,-1,1.0,1,0.21428571428571427,0.2857142857142857,0.07142857142857142,-0.36,0.0,0.0,0.0,0.0,0.0,0.0,0.0,0.0,0.0,0.0,0.0,0.0,0.0,0.0,0.07142857142857142
stage1d_single_agent_carry_bootstrap,4,1,33895,1595,1,120,100,1,0,60.06065368652344,0.0,0.0,1.0,0.06666666666666667,0.0,0,0,0,4,-1,4,-1,1.0,0,0.0,0.0,0.0,0.0,0.0,0.0,0.0,0.0,0.0,0.0,0.0,0.0,0.0,0.0,0.0,0.0,0.0,0.0,0.25
stage1d_single_agent_carry_bootstrap,4,1,33901,1596,1,120,100,1,0,60.128990173339844,0.0,0.0,1.0,0.13333333333333333,0.0,0,0,0,6,-1,6,-1,1.0,0,0.0,0.0,0.0,0.0,0.0,0.0,0.0,0.0,0.0,0.0,0.0,0.0,0.0,0.0,0.0,0.0,0.0,0.0,0.16666666666666666
stage1d_single_agent_carry_bootstrap,4,1,33903,1597,1,120,100,1,0,60.00163650512695,0.0,0.0,1.0,0.06666666666666667,0.0,0,0,0,2,-1,2,-1,1.0,0,0.0,0.0,0.0,0.0,0.0,0.0,0.0,0.0,0.0,0.0,0.0,0.0,0.0,0.0,0.0,0.0,0.0,0.0,0.5
stage1d_single_agent_carry_bootstrap,4,1,33913,1598,1,120,100,1,0,59.45589828491211,0.0,0.0,1.0,0.06666666666666667,0.0,0,0,0,10,-1,10,-1,1.0,1,0.4,0.5,0.3,-0.52,0.0,0.0,0.0,0.0,0.0,0.0,0.0,0.0,0.0,0.0,0.0,0.0,0.0,0.0,0.1
stage1d_single_agent_carry_bootstrap,4,1,33920,1599,1,120,100,1,0,60.1695671081543,0.0,0.0,1.0,0.13333333333333333,0.0,0,0,0,7,-1,7,-1,1.0,0,0.0,0.0,0.0,0.0,0.0,0.0,0.0,0.0,0.0,0.0,0.0,0.0,0.0,0.0,0.0,0.0,0.0,0.0,0.14285714285714285
stage1d_single_agent_carry_bootstrap,4,1,33925,1600,1,120,100,1,0,59.94554138183594,0.0,0.0,1.0,0.1,0.0,0,0,0,5,-1,5,-1,1.0,0,0.0,0.2,0.0,-0.08,0.0,0.0,0.0,0.0,0.0,0.0,0.0,0.0,0.0,0.0,0.0,0.0,0.0,0.0,0.2
stage1d_single_agent_carry_bootstrap,4,1,33944,1601,1,120,100,1,0,59.050880432128906,0.0,0.0,1.0,0.3333333333333333,0.0,0,0,0,19,-1,19,-1,1.0,2,0.21052631578947367,0.3157894736842105,0.10526315789473684,-0.56,0.0,0.0,0.0,0.0,0.0,0.0,0.0,0.0,0.0,0.0,0.0,0.0,0.0,0.0,0.05263157894736842
stage1d_single_agent_carry_bootstrap,4,1,33963,1602,1,120,100,1,0,59.50425720214844,0.0,0.0,1.0,0.16666666666666666,0.0,0,0,0,19,-1,19,-1,1.0,2,0.2631578947368421,0.3684210526315789,0.10526315789473684,-0.64,0.0,0.0,0.0,0.0,0.0,0.0,0.0,0.0,0.0,0.0,0.0,0.0,0.0,0.0,0.05263157894736842
stage1d_single_agent_carry_bootstrap,4,1,33967,1603,1,120,100,1,0,60.0477294921875,0.0,0.0,1.0,0.1,0.0,0,0,0,4,-1,4,-1,1.0,0,0.0,0.0,0.0,0.0,0.0,0.0,0.0,0.0,0.0,0.0,0.0,0.0,0.0,0.0,0.0,0.0,0.0,0.0,0.25
stage1d_single_agent_carry_bootstrap,4,1,33979,1604,1,120,100,1,0,59.70305252075195,0.0,0.0,1.0,0.16666666666666666,0.0,0,0,0,12,-1,12,-1,1.0,1,0.25,0.3333333333333333,0.08333333333333333,-0.36,0.0,0.0,0.0,0.0,0.0,0.0,0.0,0.0,0.0,0.0,0.0,0.0,0.0,0.0,0.08333333333333333
stage1d_single_agent_carry_bootstrap,4,1,33993,1605,1,120,100,1,0,59.05611038208008,0.0,0.0,1.0,0.16666666666666666,0.0,0,0,0,14,-1,14,-1,1.0,1,0.42857142857142855,0.5,0.0,-0.56,0.0,0.0,0.0,0.0,0.0,0.0,0.0,0.0,0.0,0.0,0.0,0.0,0.0,0.0,0.07142857142857142
stage1d_single_agent_carry_bootstrap,4,1,34002,1606,1,120,100,1,0,59.50753402709961,0.0,0.0,1.0,0.13333333333333333,0.0,0,0,0,9,-1,9,-1,1.0,1,0.4444444444444444,0.5555555555555556,0.2222222222222222,-0.48000000000000004,0.0,0.0,0.0,0.0,0.0,0.0,0.0,0.0,0.0,0.0,0.0,0.0,0.0,0.0,0.1111111111111111
stage1d_single_agent_carry_bootstrap,4,1,34018,1607,1,120,100,1,0,58.389068603515625,0.0,0.0,1.0,0.2,0.0,0,0,0,16,-1,16,-1,1.0,1,0.5,0.625,0.0,-0.7999999999999999,0.0,0.0,0.0,0.0,0.0,0.0,0.0,0.0,0.0,0.0,0.0,0.0,0.0,0.0,0.0625
stage1d_single_agent_carry_bootstrap,4,1,34027,1608,1,120,100,1,0,60.095428466796875,0.0,0.0,1.0,0.16666666666666666,0.0,0,0,0,9,-1,9,-1,1.0,0,0.0,0.1111111111111111,0.0,-0.08,0.0,0.0,0.0,0.0,0.0,0.0,0.0,0.0,0.0,0.0,0.0,0.0,0.0,0.0,0.1111111111111111
stage1d_single_agent_carry_bootstrap,4,1,34039,1609,1,120,100,1,0,59.494140625,0.0,0.0,1.0,0.13333333333333333,0.0,0,0,0,12,-1,12,-1,1.0,1,0.16666666666666666,0.25,0.08333333333333333,-0.28,0.0,0.0,0.0,0.0,0.0,0.0,0.0,0.0,0.0,0.0,0.0,0.0,0.0,0.0,0.08333333333333333
stage1d_single_agent_carry_bootstrap,4,1,34043,1610,1,120,100,1,0,60.03541564941406,0.0,0.0,1.0,0.06666666666666667,0.0,0,0,0,4,-1,4,-1,1.0,0,0.0,0.0,0.0,0.0,0.0,0.0,0.0,0.0,0.0,0.0,0.0,0.0,0.0,0.0,0.0,0.0,0.0,0.0,0.25
stage1d_single_agent_carry_bootstrap,4,1,34055,1611,1,120,100,1,0,59.47639465332031,0.0,0.0,1.0,0.16666666666666666,0.0,0,0,0,12,-1,12,-1,1.0,1,0.16666666666666666,0.25,0.0,-0.24,0.0,0.0,0.0,0.0,0.0,0.0,0.0,0.0,0.0,0.0,0.0,0.0,0.0,0.0,0.08333333333333333
stage1d_single_agent_carry_bootstrap,4,1,34067,1612,1,120,100,1,0,59.39029312133789,0.0,0.0,1.0,0.13333333333333333,0.0,0,0,0,12,-1,12,-1,1.0,1,0.08333333333333333,0.25,0.08333333333333333,-0.28,0.0,0.0,0.0,0.0,0.0,0.0,0.0,0.0,0.0,0.0,0.0,0.0,0.0,0.0,0.08333333333333333
stage1d_single_agent_carry_bootstrap,4,1,34079,1613,1,120,100,1,0,59.96350860595703,0.0,0.0,1.0,0.13333333333333333,0.0,0,0,0,12,-1,12,-1,1.0,1,0.08333333333333333,0.16666666666666666,0.08333333333333333,-0.2,0.0,0.0,0.0,0.0,0.0,0.0,0.0,0.0,0.0,0.0,0.0,0.0,0.0,0.0,0.08333333333333333
stage1d_single_agent_carry_bootstrap,4,1,34092,1614,1,120,100,1,0,59.86876678466797,0.0,0.0,1.0,0.16666666666666666,0.0,0,0,0,13,-1,13,-1,1.0,1,0.15384615384615385,0.23076923076923078,0.07692307692307693,-0.28,0.0,0.0,0.0,0.0,0.0,0.0,0.0,0.0,0.0,0.0,0.0,0.0,0.0,0.0,0.07692307692307693
stage1d_single_agent_carry_bootstrap,4,1,34103,1615,1,120,100,1,0,59.81590270996094,0.0,0.0,1.0,0.13333333333333333,0.0,0,0,0,11,-1,11,-1,1.0,1,0.18181818181818182,0.2727272727272727,0.09090909090909091,-0.28,0.0,0.0,0.0,0.0,0.0,0.0,0.0,0.0,0.0,0.0,0.0,0.0,0.0,0.0,0.09090909090909091
stage1d_single_agent_carry_bootstrap,4,1,34114,1616,1,120,100,1,0,59.832035064697266,0.0,0.0,1.0,0.13333333333333333,0.0,0,0,0,11,-1,11,-1,1.0,1,0.18181818181818182,0.2727272727272727,0.09090909090909091,-0.28,0.0,0.0,0.0,0.0,0.0,0.0,0.0,0.0,0.0,0.0,0.0,0.0,0.0,0.0,0.09090909090909091
stage1d_single_agent_carry_bootstrap,4,1,34122,1617,1,120,100,1,0,60.242637634277344,0.0,0.0,1.0,0.13333333333333333,0.0,0,0,0,8,-1,8,-1,1.0,0,0.0,0.0,0.0,0.0,0.0,0.0,0.0,0.0,0.0,0.0,0.0,0.0,0.0,0.0,0.0,0.0,0.0,0.0,0.125
stage1d_single_agent_carry_bootstrap,4,1,34128,1618,1,120,100,1,0,60.13838577270508,0.0,0.0,1.0,0.13333333333333333,0.0,0,0,0,6,-1,6,-1,1.0,0,0.0,0.0,0.0,0.0,0.0,0.0,0.0,0.0,0.0,0.0,0.0,0.0,0.0,0.0,0.0,0.0,0.0,0.0,0.16666666666666666
stage1d_single_agent_carry_bootstrap,4,1,34136,1619,1,120,100,1,0,60.06963348388672,0.0,0.0,1.0,0.16666666666666666,0.0,0,0,0,8,-1,8,-1,1.0,0,0.0,0.125,0.0,-0.08,0.0,0.0,0.0,0.0,0.0,0.0,0.0,0.0,0.0,0.0,0.0,0.0,0.0,0.0,0.125
stage1d_single_agent_carry_bootstrap,4,1,34144,1620,1,120,100,1,0,59.84046173095703,0.0,0.0,1.0,0.06666666666666667,0.0,0,0,0,8,-1,8,-1,1.0,1,0.125,0.25,0.125,-0.2,0.0,0.0,0.0,0.0,0.0,0.0,0.0,0.0,0.0,0.0,0.0,0.0,0.0,0.0,0.125
stage1d_single_agent_carry_bootstrap,4,1,34157,1621,1,120,100,1,0,58.957427978515625,0.0,0.0,1.0,0.13333333333333333,0.0,0,0,0,13,-1,13,-1,1.0,1,0.15384615384615385,0.3076923076923077,0.07692307692307693,-0.36000000000000004,0.0,0.0,0.0,0.0,0.0,0.0,0.0,0.0,0.0,0.0,0.0,0.0,0.0,0.0,0.07692307692307693
stage1d_single_agent_carry_bootstrap,4,1,34162,1622,1,120,100,1,0,60.11051940917969,0.0,0.0,1.0,0.1,0.0,0,0,0,5,-1,5,-1,1.0,0,0.0,0.0,0.0,0.0,0.0,0.0,0.0,0.0,0.0,0.0,0.0,0.0,0.0,0.0,0.0,0.0,0.0,0.0,0.2
stage1d_single_agent_carry_bootstrap,4,1,34167,1623,1,120,100,1,0,60.06997299194336,0.0,0.0,1.0,0.1,0.0,0,0,0,5,-1,5,-1,1.0,0,0.0,0.0,0.0,0.0,0.0,0.0,0.0,0.0,0.0,0.0,0.0,0.0,0.0,0.0,0.0,0.0,0.0,0.0,0.2
stage1d_single_agent_carry_bootstrap,4,1,34177,1624,1,120,100,1,0,59.645050048828125,0.0,0.0,1.0,0.13333333333333333,0.0,0,0,0,10,-1,10,-1,1.0,0,0.0,0.1,0.0,-0.08,0.0,0.0,0.0,0.0,0.0,0.0,0.0,0.0,0.0,0.0,0.0,0.0,0.0,0.0,0.1
stage1d_single_agent_carry_bootstrap,4,1,34184,1625,1,120,100,1,0,60.14792251586914,0.0,0.0,1.0,0.16666666666666666,0.0,0,0,0,7,-1,7,-1,1.0,0,0.0,0.0,0.0,0.0,0.0,0.0,0.0,0.0,0.0,0.0,0.0,0.0,0.0,0.0,0.0,0.0,0.0,0.0,0.14285714285714285
stage1d_single_agent_carry_bootstrap,4,1,34194,1626,1,120,100,1,0,59.59403610229492,0.0,0.0,1.0,0.1,0.0,0,0,0,10,-1,10,-1,1.0,2,0.2,0.4,0.2,-0.4,0.0,0.0,0.0,0.0,0.0,0.0,0.0,0.0,0.0,0.0,0.0,0.0,0.0,0.0,0.1
stage1d_single_agent_carry_bootstrap,4,1,34199,1627,1,120,100,1,0,60.08195877075195,0.0,0.0,1.0,0.13333333333333333,0.0,0,0,0,5,-1,5,-1,1.0,0,0.0,0.0,0.0,0.0,0.0,0.0,0.0,0.0,0.0,0.0,0.0,0.0,0.0,0.0,0.0,0.0,0.0,0.0,0.2
stage1d_single_agent_carry_bootstrap,4,1,34204,1628,1,120,100,1,0,60.10266876220703,0.0,0.0,1.0,0.1,0.0,0,0,0,5,-1,5,-1,1.0,0,0.0,0.0,0.0,0.0,0.0,0.0,0.0,0.0,0.0,0.0,0.0,0.0,0.0,0.0,0.0,0.0,0.0,0.0,0.2
stage1d_single_agent_carry_bootstrap,4,1,34210,1629,1,120,100,1,0,59.96826171875,0.0,0.0,1.0,0.1,0.0,0,0,0,6,-1,6,-1,1.0,0,0.0,0.16666666666666666,0.0,-0.08,0.0,0.0,0.0,0.0,0.0,0.0,0.0,0.0,0.0,0.0,0.0,0.0,0.0,0.0,0.16666666666666666
stage1d_single_agent_carry_bootstrap,4,1,34219,1630,1,120,100,1,0,60.016998291015625,0.0,0.0,1.0,0.16666666666666666,0.0,0,0,0,9,-1,9,-1,1.0,0,0.0,0.1111111111111111,0.0,-0.08,0.0,0.0,0.0,0.0,0.0,0.0,0.0,0.0,0.0,0.0,0.0,0.0,0.0,0.0,0.1111111111111111
stage1d_single_agent_carry_bootstrap,4,1,34221,1631,1,120,100,1,0,60.00284194946289,0.0,0.0,1.0,0.03333333333333333,0.0,0,0,0,2,-1,2,-1,1.0,0,0.0,0.0,0.0,0.0,0.0,0.0,0.0,0.0,0.0,0.0,0.0,0.0,0.0,0.0,0.0,0.0,0.0,0.0,0.5
stage1d_single_agent_carry_bootstrap,4,1,34231,1632,1,120,100,1,0,59.8083381652832,0.0,0.0,1.0,0.13333333333333333,0.0,0,0,0,10,-1,10,-1,1.0,1,0.2,0.3,0.1,-0.28,0.0,0.0,0.0,0.0,0.0,0.0,0.0,0.0,0.0,0.0,0.0,0.0,0.0,0.0,0.1
stage1d_single_agent_carry_bootstrap,4,1,34236,1633,1,120,100,1,0,60.09751510620117,0.0,0.0,1.0,0.1,0.0,0,0,0,5,-1,5,-1,1.0,0,0.0,0.0,0.0,0.0,0.0,0.0,0.0,0.0,0.0,0.0,0.0,0.0,0.0,0.0,0.0,0.0,0.0,0.0,0.2
stage1d_single_agent_carry_bootstrap,4,1,34241,1634,1,120,100,1,0,60.06951141357422,0.0,0.0,1.0,0.1,0.0,0,0,0,5,-1,5,-1,1.0,0,0.0,0.0,0.0,0.0,0.0,0.0,0.0,0.0,0.0,0.0,0.0,0.0,0.0,0.0,0.0,0.0,0.0,0.0,0.2
stage1d_single_agent_carry_bootstrap,4,1,34251,1635,1,120,100,1,0,60.12847900390625,0.0,0.0,1.0,0.2,0.0,0,0,0,10,-1,10,-1,1.0,0,0.0,0.1,0.0,-0.08,0.0,0.0,0.0,0.0,0.0,0.0,0.0,0.0,0.0,0.0,0.0,0.0,0.0,0.0,0.1
stage1d_single_agent_carry_bootstrap,4,1,34255,1636,1,120,100,1,0,60.048866271972656,0.0,0.0,1.0,0.06666666666666667,0.0,0,0,0,4,-1,4,-1,1.0,0,0.0,0.0,0.0,0.0,0.0,0.0,0.0,0.0,0.0,0.0,0.0,0.0,0.0,0.0,0.0,0.0,0.0,0.0,0.25
stage1d_single_agent_carry_bootstrap,4,1,34263,1637,1,120,100,1,0,59.49484634399414,0.0,0.0,1.0,0.1,0.0,0,0,0,8,-1,8,-1,1.0,0,0.0,0.25,0.0,-0.16,0.0,0.0,0.0,0.0,0.0,0.0,0.0,0.0,0.0,0.0,0.0,0.0,0.0,0.0,0.125
stage1d_single_agent_carry_bootstrap,4,1,34275,1638,1,120,100,1,0,59.891700744628906,0.0,0.0,1.0,0.16666666666666666,0.0,0,0,0,12,-1,12,-1,1.0,1,0.16666666666666666,0.25,0.08333333333333333,-0.28,0.0,0.0,0.0,0.0,0.0,0.0,0.0,0.0,0.0,0.0,0.0,0.0,0.0,0.0,0.08333333333333333
stage1d_single_agent_carry_bootstrap,4,1,34283,1639,1,120,100,1,0,59.361534118652344,0.0,0.0,1.0,0.1,0.0,0,0,0,8,-1,8,-1,1.0,1,0.125,0.375,0.0,-0.24,0.0,0.0,0.0,0.0,0.0,0.0,0.0,0.0,0.0,0.0,0.0,0.0,0.0,0.0,0.125
stage1d_single_agent_carry_bootstrap,4,1,34294,1640,1,120,100,1,0,59.66584014892578,0.0,0.0,1.0,0.1,0.0,0,0,0,11,-1,11,-1,1.0,1,0.2727272727272727,0.36363636363636365,0.09090909090909091,-0.36,0.0,0.0,0.0,0.0,0.0,0.0,0.0,0.0,0.0,0.0,0.0,0.0,0.0,0.0,0.09090909090909091
stage1d_single_agent_carry_bootstrap,4,1,34301,1641,1,120,100,1,0,60.1962776184082,0.0,0.0,1.0,0.13333333333333333,0.0,0,0,0,7,-1,7,-1,1.0,0,0.0,0.0,0.0,0.0,0.0,0.0,0.0,0.0,0.0,0.0,0.0,0.0,0.0,0.0,0.0,0.0,0.0,0.0,0.14285714285714285
stage1d_single_agent_carry_bootstrap,4,1,34312,1642,1,120,100,1,0,59.91358947753906,0.0,0.0,1.0,0.13333333333333333,0.0,0,0,0,11,-1,11,-1,1.0,1,0.09090909090909091,0.18181818181818182,0.09090909090909091,-0.2,0.0,0.0,0.0,0.0,0.0,0.0,0.0,0.0,0.0,0.0,0.0,0.0,0.0,0.0,0.09090909090909091
stage1d_single_agent_carry_bootstrap,4,1,34323,1643,1,120,100,1,0,59.66743087768555,0.0,0.0,1.0,0.16666666666666666,0.0,0,0,0,11,-1,11,-1,1.0,1,0.09090909090909091,0.18181818181818182,0.0,-0.16,0.0,0.0,0.0,0.0,0.0,0.0,0.0,0.0,0.0,0.0,0.0,0.0,0.0,0.0,0.09090909090909091
stage1d_single_agent_carry_bootstrap,4,1,34326,1644,1,120,100,1,0,60.019161224365234,0.0,0.0,1.0,0.06666666666666667,0.0,0,0,0,3,-1,3,-1,1.0,0,0.0,0.0,0.0,0.0,0.0,0.0,0.0,0.0,0.0,0.0,0.0,0.0,0.0,0.0,0.0,0.0,0.0,0.0,0.3333333333333333
stage1d_single_agent_carry_bootstrap,4,1,34328,1645,1,120,100,1,0,60.00270462036133,0.0,0.0,1.0,0.06666666666666667,0.0,0,0,0,2,-1,2,-1,1.0,0,0.0,0.0,0.0,0.0,0.0,0.0,0.0,0.0,0.0,0.0,0.0,0.0,0.0,0.0,0.0,0.0,0.0,0.0,0.5
stage1d_single_agent_carry_bootstrap,4,1,34347,1646,1,120,100,1,0,59.20869445800781,0.0,0.0,1.0,0.2,0.0,0,0,0,19,-1,19,-1,1.0,2,0.3684210526315789,0.47368421052631576,0.10526315789473684,-0.7999999999999999,0.0,0.0,0.0,0.0,0.0,0.0,0.0,0.0,0.0,0.0,0.0,0.0,0.0,0.0,0.05263157894736842
stage1d_single_agent_carry_bootstrap,4,1,34365,1647,1,120,100,1,0,59.20323944091797,0.0,0.0,1.0,0.3333333333333333,0.0,0,0,0,18,-1,18,-1,1.0,3,0.16666666666666666,0.3333333333333333,0.0,-0.48000000000000004,0.0,0.0,0.0,0.0,0.0,0.0,0.0,0.0,0.0,0.0,0.0,0.0,0.0,0.0,0.05555555555555555
stage1d_single_agent_carry_bootstrap,4,1,34379,1648,1,120,100,1,0,59.28824234008789,0.0,0.0,1.0,0.2,0.0,0,0,0,14,-1,14,-1,1.0,1,0.2857142857142857,0.42857142857142855,0.0,-0.48000000000000004,0.0,0.0,0.0,0.0,0.0,0.0,0.0,0.0,0.0,0.0,0.0,0.0,0.0,0.0,0.07142857142857142
stage1d_single_agent_carry_bootstrap,4,1,34390,1649,1,120,100,1,0,59.680049896240234,0.0,0.0,1.0,0.16666666666666666,0.0,0,0,0,11,-1,11,-1,1.0,1,0.2727272727272727,0.36363636363636365,0.09090909090909091,-0.36,0.0,0.0,0.0,0.0,0.0,0.0,0.0,0.0,0.0,0.0,0.0,0.0,0.0,0.0,0.09090909090909091
stage1d_single_agent_carry_bootstrap,4,1,34391,1650,1,120,100,1,0,59.99599838256836,0.0,0.0,1.0,0.03333333333333333,0.0,0,0,0,1,-1,1,-1,1.0,0,0.0,0.0,0.0,0.0,0.0,0.0,0.0,0.0,0.0,0.0,0.0,0.0,0.0,0.0,0.0,0.0,0.0,0.0,1.0
stage1d_single_agent_carry_bootstrap,4,1,34399,1651,1,120,100,1,0,59.63114929199219,0.0,0.0,1.0,0.1,0.0,0,0,0,8,-1,8,-1,1.0,0,0.0,0.125,0.0,-0.08,0.0,0.0,0.0,0.0,0.0,0.0,0.0,0.0,0.0,0.0,0.0,0.0,0.0,0.0,0.125
stage1d_single_agent_carry_bootstrap,4,1,34410,1652,1,120,100,1,0,59.83208465576172,0.0,0.0,1.0,0.1,0.0,0,0,0,11,-1,11,-1,1.0,1,0.18181818181818182,0.2727272727272727,0.09090909090909091,-0.28,0.0,0.0,0.0,0.0,0.0,0.0,0.0,0.0,0.0,0.0,0.0,0.0,0.0,0.0,0.09090909090909091
stage1d_single_agent_carry_bootstrap,4,1,34412,1653,1,120,100,1,0,59.91547775268555,0.0,0.0,1.0,0.03333333333333333,0.0,0,0,0,2,-1,2,-1,1.0,0,0.0,0.5,0.0,-0.08,0.0,0.0,0.0,0.0,0.0,0.0,0.0,0.0,0.0,0.0,0.0,0.0,0.0,0.0,0.5
stage1d_single_agent_carry_bootstrap,4,1,34425,1654,1,120,100,1,0,59.94453048706055,0.0,0.0,1.0,0.13333333333333333,0.0,0,0,0,13,-1,13,-1,1.0,1,0.15384615384615385,0.23076923076923078,0.07692307692307693,-0.28,0.0,0.0,0.0,0.0,0.0,0.0,0.0,0.0,0.0,0.0,0.0,0.0,0.0,0.0,0.07692307692307693
stage1d_single_agent_carry_bootstrap,4,1,34431,1655,1,120,100,1,0,60.157249450683594,0.0,0.0,1.0,0.13333333333333333,0.0,0,0,0,6,-1,6,-1,1.0,0,0.0,0.0,0.0,0.0,0.0,0.0,0.0,0.0,0.0,0.0,0.0,0.0,0.0,0.0,0.0,0.0,0.0,0.0,0.16666666666666666
stage1d_single_agent_carry_bootstrap,4,1,34439,1656,1,120,100,1,0,60.02784729003906,0.0,0.0,1.0,0.16666666666666666,0.0,0,0,0,8,-1,8,-1,1.0,0,0.0,0.125,0.0,-0.08,0.0,0.0,0.0,0.0,0.0,0.0,0.0,0.0,0.0,0.0,0.0,0.0,0.0,0.0,0.125
stage1d_single_agent_carry_bootstrap,4,1,34452,1657,1,120,100,1,0,58.539920806884766,0.0,0.0,1.0,0.16666666666666666,0.0,0,0,0,13,-1,13,-1,1.0,1,0.46153846153846156,0.6153846153846154,0.0,-0.64,0.0,0.0,0.0,0.0,0.0,0.0,0.0,0.0,0.0,0.0,0.0,0.0,0.0,0.0,0.07692307692307693
stage1d_single_agent_carry_bootstrap,4,1,34461,1658,1,120,100,1,0,59.51341247558594,0.0,0.0,1.0,0.1,0.0,0,0,0,9,-1,9,-1,1.0,1,0.4444444444444444,0.5555555555555556,0.2222222222222222,-0.48000000000000004,0.0,0.0,0.0,0.0,0.0,0.0,0.0,0.0,0.0,0.0,0.0,0.0,0.0,0.0,0.1111111111111111
stage1d_single_agent_carry_bootstrap,4,1,34468,1659,1,120,100,1,0,60.13179016113281,0.0,0.0,1.0,0.16666666666666666,0.0,0,0,0,7,-1,7,-1,1.0,0,0.0,0.0,0.0,0.0,0.0,0.0,0.0,0.0,0.0,0.0,0.0,0.0,0.0,0.0,0.0,0.0,0.0,0.0,0.14285714285714285
stage1d_single_agent_carry_bootstrap,4,1,34476,1660,1,120,100,1,0,59.50931167602539,0.0,0.0,1.0,0.1,0.0,0,0,0,8,-1,8,-1,1.0,1,0.125,0.25,0.0,-0.16,0.0,0.0,0.0,0.0,0.0,0.0,0.0,0.0,0.0,0.0,0.0,0.0,0.0,0.0,0.125
stage1d_single_agent_carry_bootstrap,4,1,34488,1661,1,120,100,1,0,59.852176666259766,0.0,0.0,1.0,0.16666666666666666,0.0,0,0,0,12,-1,12,-1,1.0,1,0.16666666666666666,0.25,0.08333333333333333,-0.28,0.0,0.0,0.0,0.0,0.0,0.0,0.0,0.0,0.0,0.0,0.0,0.0,0.0,0.0,0.08333333333333333
stage1d_single_agent_carry_bootstrap,4,1,34507,1662,1,120,100,1,0,58.18492889404297,0.0,0.0,1.0,0.26666666666666666,0.0,0,0,0,19,-1,19,-1,1.0,1,0.5789473684210527,0.631578947368421,0.0,-0.9599999999999999,0.0,0.0,0.0,0.0,0.0,0.0,0.0,0.0,0.0,0.0,0.0,0.0,0.0,0.0,0.05263157894736842
stage1d_single_agent_carry_bootstrap,4,1,34510,1663,1,120,100,1,0,60.02165222167969,0.0,0.0,1.0,0.06666666666666667,0.0,0,0,0,3,-1,3,-1,1.0,0,0.0,0.0,0.0,0.0,0.0,0.0,0.0,0.0,0.0,0.0,0.0,0.0,0.0,0.0,0.0,0.0,0.0,0.0,0.3333333333333333
stage1d_single_agent_carry_bootstrap,4,1,34515,1664,1,120,100,1,0,59.95481872558594,0.0,0.0,1.0,0.06666666666666667,0.0,0,0,0,5,-1,5,-1,1.0,0,0.0,0.2,0.0,-0.08,0.0,0.0,0.0,0.0,0.0,0.0,0.0,0.0,0.0,0.0,0.0,0.0,0.0,0.0,0.2
stage1d_single_agent_carry_bootstrap,4,1,34519,1665,1,120,100,1,0,60.051753997802734,0.0,0.0,1.0,0.06666666666666667,0.0,0,0,0,4,-1,4,-1,1.0,0,0.0,0.0,0.0,0.0,0.0,0.0,0.0,0.0,0.0,0.0,0.0,0.0,0.0,0.0,0.0,0.0,0.0,0.0,0.25
stage1d_single_agent_carry_bootstrap,4,1,34535,1666,1,120,100,1,0,59.341156005859375,0.0,0.0,1.0,0.16666666666666666,0.0,0,0,0,16,-1,16,-1,1.0,2,0.3125,0.4375,0.125,-0.64,0.0,0.0,0.0,0.0,0.0,0.0,0.0,0.0,0.0,0.0,0.0,0.0,0.0,0.0,0.0625
stage1d_single_agent_carry_bootstrap,4,1,34538,1667,1,120,100,1,0,60.00748825073242,0.0,0.0,1.0,0.06666666666666667,0.0,0,0,0,3,-1,3,-1,1.0,0,0.0,0.0,0.0,0.0,0.0,0.0,0.0,0.0,0.0,0.0,0.0,0.0,0.0,0.0,0.0,0.0,0.0,0.0,0.3333333333333333
stage1d_single_agent_carry_bootstrap,4,1,34542,1668,1,120,100,1,0,60.0603141784668,0.0,0.0,1.0,0.1,0.0,0,0,0,4,-1,4,-1,1.0,0,0.0,0.0,0.0,0.0,0.0,0.0,0.0,0.0,0.0,0.0,0.0,0.0,0.0,0.0,0.0,0.0,0.0,0.0,0.25
stage1d_single_agent_carry_bootstrap,4,1,34552,1669,1,120,100,1,0,59.315120697021484,0.0,0.0,1.0,0.13333333333333333,0.0,0,0,0,10,-1,10,-1,1.0,1,0.2,0.4,0.0,-0.32,0.0,0.0,0.0,0.0,0.0,0.0,0.0,0.0,0.0,0.0,0.0,0.0,0.0,0.0,0.1
stage1d_single_agent_carry_bootstrap,4,1,34557,1670,1,120,100,1,0,60.06002426147461,0.0,0.0,1.0,0.06666666666666667,0.0,0,0,0,5,-1,5,-1,1.0,0,0.0,0.0,0.0,0.0,0.0,0.0,0.0,0.0,0.0,0.0,0.0,0.0,0.0,0.0,0.0,0.0,0.0,0.0,0.2
stage1d_single_agent_carry_bootstrap,4,1,34569,1671,1,120,100,1,0,59.86154556274414,0.0,0.0,1.0,0.16666666666666666,0.0,0,0,0,12,-1,12,-1,1.0,1,0.16666666666666666,0.25,0.08333333333333333,-0.28,0.0,0.0,0.0,0.0,0.0,0.0,0.0,0.0,0.0,0.0,0.0,0.0,0.0,0.0,0.08333333333333333
stage1d_single_agent_carry_bootstrap,4,1,34573,1672,1,120,100,1,0,60.047584533691406,0.0,0.0,1.0,0.1,0.0,0,0,0,4,-1,4,-1,1.0,0,0.0,0.0,0.0,0.0,0.0,0.0,0.0,0.0,0.0,0.0,0.0,0.0,0.0,0.0,0.0,0.0,0.0,0.0,0.25
stage1d_single_agent_carry_bootstrap,4,1,34585,1673,1,120,100,1,0,59.692012786865234,0.0,0.0,1.0,0.16666666666666666,0.0,0,0,0,12,-1,12,-1,1.0,2,0.16666666666666666,0.3333333333333333,0.16666666666666666,-0.4,0.0,0.0,0.0,0.0,0.0,0.0,0.0,0.0,0.0,0.0,0.0,0.0,0.0,0.0,0.08333333333333333
stage1d_single_agent_carry_bootstrap,4,1,34593,1674,1,120,100,1,0,59.804630279541016,0.0,0.0,1.0,0.06666666666666667,0.0,0,0,0,8,-1,8,-1,1.0,1,0.125,0.25,0.125,-0.2,0.0,0.0,0.0,0.0,0.0,0.0,0.0,0.0,0.0,0.0,0.0,0.0,0.0,0.0,0.125
stage1d_single_agent_carry_bootstrap,4,1,34602,1675,1,120,100,1,0,60.02888488769531,0.0,0.0,1.0,0.16666666666666666,0.0,0,0,0,9,-1,9,-1,1.0,0,0.0,0.1111111111111111,0.0,-0.08,0.0,0.0,0.0,0.0,0.0,0.0,0.0,0.0,0.0,0.0,0.0,0.0,0.0,0.0,0.1111111111111111
stage1d_single_agent_carry_bootstrap,4,1,34605,1676,1,120,100,1,0,59.91896057128906,0.0,0.0,1.0,0.03333333333333333,0.0,0,0,0,3,-1,3,-1,1.0,0,0.0,0.3333333333333333,0.0,-0.08,0.0,0.0,0.0,0.0,0.0,0.0,0.0,0.0,0.0,0.0,0.0,0.0,0.0,0.0,0.3333333333333333
stage1d_single_agent_carry_bootstrap,4,1,34618,1677,1,120,100,1,0,58.87934112548828,0.0,0.0,1.0,0.13333333333333333,0.0,0,0,0,13,-1,13,-1,1.0,1,0.3076923076923077,0.38461538461538464,0.0,-0.4,0.0,0.0,0.0,0.0,0.0,0.0,0.0,0.0,0.0,0.0,0.0,0.0,0.0,0.0,0.07692307692307693
stage1d_single_agent_carry_bootstrap,4,1,34622,1678,1,120,100,1,0,60.05364227294922,0.0,0.0,1.0,0.06666666666666667,0.0,0,0,0,4,-1,4,-1,1.0,0,0.0,0.0,0.0,0.0,0.0,0.0,0.0,0.0,0.0,0.0,0.0,0.0,0.0,0.0,0.0,0.0,0.0,0.0,0.25
stage1d_single_agent_carry_bootstrap,4,1,34623,1679,1,120,100,1,0,59.99599838256836,0.0,0.0,1.0,0.03333333333333333,0.0,0,0,0,1,-1,1,-1,1.0,0,0.0,0.0,0.0,0.0,0.0,0.0,0.0,0.0,0.0,0.0,0.0,0.0,0.0,0.0,0.0,0.0,0.0,0.0,1.0
stage1d_single_agent_carry_bootstrap,4,1,34637,1680,1,120,100,1,0,58.87097930908203,0.0,0.0,1.0,0.16666666666666666,0.0,0,0,0,14,-1,14,-1,1.0,2,0.21428571428571427,0.35714285714285715,0.0,-0.4,0.0,0.0,0.0,0.0,0.0,0.0,0.0,0.0,0.0,0.0,0.0,0.0,0.0,0.0,0.07142857142857142
stage1d_single_agent_carry_bootstrap,4,1,34653,1681,1,120,100,1,0,59.03028106689453,0.0,0.0,1.0,0.2,0.0,0,0,0,16,-1,16,-1,1.0,1,0.4375,0.5,0.0,-0.64,0.0,0.0,0.0,0.0,0.0,0.0,0.0,0.0,0.0,0.0,0.0,0.0,0.0,0.0,0.0625
stage1d_single_agent_carry_bootstrap,4,1,34658,1682,1,120,100,1,0,60.079341888427734,0.0,0.0,1.0,0.13333333333333333,0.0,0,0,0,5,-1,5,-1,1.0,0,0.0,0.0,0.0,0.0,0.0,0.0,0.0,0.0,0.0,0.0,0.0,0.0,0.0,0.0,0.0,0.0,0.0,0.0,0.2
stage1d_single_agent_carry_bootstrap,4,1,34670,1683,1,120,100,1,0,59.550289154052734,0.0,0.0,1.0,0.13333333333333333,0.0,0,0,0,12,-1,12,-1,1.0,2,0.25,0.4166666666666667,0.16666666666666666,-0.48000000000000004,0.0,0.0,0.0,0.0,0.0,0.0,0.0,0.0,0.0,0.0,0.0,0.0,0.0,0.0,0.08333333333333333
stage1d_single_agent_carry_bootstrap,4,1,34683,1684,1,120,100,1,0,58.85372543334961,0.0,0.0,1.0,0.16666666666666666,0.0,0,0,0,13,-1,13,-1,1.0,1,0.23076923076923078,0.38461538461538464,0.07692307692307693,-0.44000000000000006,0.0,0.0,0.0,0.0,0.0,0.0,0.0,0.0,0.0,0.0,0.0,0.0,0.0,0.0,0.07692307692307693
stage1d_single_agent_carry_bootstrap,4,1,34692,1685,1,120,100,1,0,59.32195281982422,0.0,0.0,1.0,0.06666666666666667,0.0,0,0,0,9,-1,9,-1,1.0,1,0.1111111111111111,0.3333333333333333,0.1111111111111111,-0.28,0.0,0.0,0.0,0.0,0.0,0.0,0.0,0.0,0.0,0.0,0.0,0.0,0.0,0.0,0.1111111111111111
stage1d_single_agent_carry_bootstrap,4,1,34696,1686,1,120,100,1,0,60.06028747558594,0.0,0.0,1.0,0.1,0.0,0,0,0,4,-1,4,-1,1.0,0,0.0,0.0,0.0,0.0,0.0,0.0,0.0,0.0,0.0,0.0,0.0,0.0,0.0,0.0,0.0,0.0,0.0,0.0,0.25
stage1d_single_agent_carry_bootstrap,4,1,34697,1687,1,120,100,1,0,59.99599838256836,0.0,0.0,1.0,0.03333333333333333,0.0,0,0,0,1,-1,1,-1,1.0,0,0.0,0.0,0.0,0.0,0.0,0.0,0.0,0.0,0.0,0.0,0.0,0.0,0.0,0.0,0.0,0.0,0.0,0.0,1.0
stage1d_single_agent_carry_bootstrap,4,1,34702,1688,1,120,100,1,0,60.104408264160156,0.0,0.0,1.0,0.1,0.0,0,0,0,5,-1,5,-1,1.0,0,0.0,0.0,0.0,0.0,0.0,0.0,0.0,0.0,0.0,0.0,0.0,0.0,0.0,0.0,0.0,0.0,0.0,0.0,0.2
stage1d_single_agent_carry_bootstrap,4,1,34704,1689,1,120,100,1,0,60.002357482910156,0.0,0.0,1.0,0.03333333333333333,0.0,0,0,0,2,-1,2,-1,1.0,0,0.0,0.0,0.0,0.0,0.0,0.0,0.0,0.0,0.0,0.0,0.0,0.0,0.0,0.0,0.0,0.0,0.0,0.0,0.5
stage1d_single_agent_carry_bootstrap,4,1,34714,1690,1,120,100,1,0,59.17522430419922,0.0,0.0,1.0,0.1,0.0,0,0,0,10,-1,10,-1,1.0,1,0.1,0.2,0.0,-0.16,0.0,0.0,0.0,0.0,0.0,0.0,0.0,0.0,0.0,0.0,0.0,0.0,0.0,0.0,0.1
stage1d_single_agent_carry_bootstrap,4,1,34720,1691,1,120,100,1,0,59.66780090332031,0.0,0.0,1.0,0.06666666666666667,0.0,0,0,0,6,-1,6,-1,1.0,0,0.0,0.0,0.0,0.0,0.0,0.0,0.0,0.0,0.0,0.0,0.0,0.0,0.0,0.0,0.0,0.0,0.0,0.0,0.16666666666666666
stage1d_single_agent_carry_bootstrap,4,1,34732,1692,1,120,100,1,0,58.85514450073242,0.0,0.0,1.0,0.1,0.0,0,0,0,12,-1,12,-1,1.0,1,0.3333333333333333,0.4166666666666667,0.08333333333333333,-0.44000000000000006,0.0,0.0,0.0,0.0,0.0,0.0,0.0,0.0,0.0,0.0,0.0,0.0,0.0,0.0,0.08333333333333333
stage1d_single_agent_carry_bootstrap,4,1,34743,1693,1,120,100,1,0,59.83150863647461,0.0,0.0,1.0,0.1,0.0,0,0,0,11,-1,11,-1,1.0,1,0.18181818181818182,0.2727272727272727,0.09090909090909091,-0.28,0.0,0.0,0.0,0.0,0.0,0.0,0.0,0.0,0.0,0.0,0.0,0.0,0.0,0.0,0.09090909090909091
stage1d_single_agent_carry_bootstrap,4,1,34752,1694,1,120,100,1,0,58.960330963134766,0.0,0.0,1.0,0.06666666666666667,0.0,0,0,0,9,-1,9,-1,1.0,1,0.1111111111111111,0.3333333333333333,0.0,-0.24,0.0,0.0,0.0,0.0,0.0,0.0,0.0,0.0,0.0,0.0,0.0,0.0,0.0,0.0,0.1111111111111111
stage1d_single_agent_carry_bootstrap,4,1,34754,1695,1,120,100,1,0,60.003177642822266,0.0,0.0,1.0,0.03333333333333333,0.0,0,0,0,2,-1,2,-1,1.0,0,0.0,0.0,0.0,0.0,0.0,0.0,0.0,0.0,0.0,0.0,0.0,0.0,0.0,0.0,0.0,0.0,0.0,0.0,0.5
stage1d_single_agent_carry_bootstrap,4,1,34759,1696,1,120,100,1,0,60.059165954589844,0.0,0.0,1.0,0.1,0.0,0,0,0,5,-1,5,-1,1.0,0,0.0,0.0,0.0,0.0,0.0,0.0,0.0,0.0,0.0,0.0,0.0,0.0,0.0,0.0,0.0,0.0,0.0,0.0,0.2
stage1d_single_agent_carry_bootstrap,4,1,34781,1697,1,120,100,1,0,58.449378967285156,0.0,0.0,1.0,0.3333333333333333,0.0,0,0,0,22,-1,22,-1,1.0,2,0.45454545454545453,0.5909090909090909,0.045454545454545456,-1.0799999999999998,0.0,0.0,0.0,0.0,0.0,0.0,0.0,0.0,0.0,0.0,0.0,0.0,0.0,0.0,0.045454545454545456
stage1d_single_agent_carry_bootstrap,4,1,34785,1698,1,120,100,1,0,60.05013656616211,0.0,0.0,1.0,0.1,0.0,0,0,0,4,-1,4,-1,1.0,0,0.0,0.0,0.0,0.0,0.0,0.0,0.0,0.0,0.0,0.0,0.0,0.0,0.0,0.0,0.0,0.0,0.0,0.0,0.25
stage1d_single_agent_carry_bootstrap,4,1,34792,1699,1,120,100,1,0,60.173709869384766,0.0,0.0,1.0,0.13333333333333333,0.0,0,0,0,7,-1,7,-1,1.0,0,0.0,0.0,0.0,0.0,0.0,0.0,0.0,0.0,0.0,0.0,0.0,0.0,0.0,0.0,0.0,0.0,0.0,0.0,0.14285714285714285
stage1d_single_agent_carry_bootstrap,4,1,34797,1700,1,120,100,1,0,60.102516174316406,0.0,0.0,1.0,0.13333333333333333,0.0,0,0,0,5,-1,5,-1,1.0,0,0.0,0.0,0.0,0.0,0.0,0.0,0.0,0.0,0.0,0.0,0.0,0.0,0.0,0.0,0.0,0.0,0.0,0.0,0.2
stage1d_single_agent_carry_bootstrap,4,1,34808,1701,1,120,100,1,0,59.83031463623047,0.0,0.0,1.0,0.16666666666666666,0.0,0,0,0,11,-1,11,-1,1.0,1,0.18181818181818182,0.2727272727272727,0.09090909090909091,-0.28,0.0,0.0,0.0,0.0,0.0,0.0,0.0,0.0,0.0,0.0,0.0,0.0,0.0,0.0,0.09090909090909091
stage1d_single_agent_carry_bootstrap,4,1,34821,1702,1,120,100,1,0,59.88152313232422,0.0,0.0,1.0,0.2,0.0,0,0,0,13,-1,13,-1,1.0,1,0.15384615384615385,0.23076923076923078,0.07692307692307693,-0.28,0.0,0.0,0.0,0.0,0.0,0.0,0.0,0.0,0.0,0.0,0.0,0.0,0.0,0.0,0.07692307692307693
stage1d_single_agent_carry_bootstrap,4,1,34834,1703,1,120,100,1,0,59.81230545043945,0.0,0.0,1.0,0.2,0.0,0,0,0,13,-1,13,-1,1.0,1,0.23076923076923078,0.3076923076923077,0.07692307692307693,-0.36,0.0,0.0,0.0,0.0,0.0,0.0,0.0,0.0,0.0,0.0,0.0,0.0,0.0,0.0,0.07692307692307693
stage1d_single_agent_carry_bootstrap,4,1,34835,1704,1,120,100,1,0,59.99599838256836,0.0,0.0,1.0,0.03333333333333333,0.0,0,0,0,1,-1,1,-1,1.0,0,0.0,0.0,0.0,0.0,0.0,0.0,0.0,0.0,0.0,0.0,0.0,0.0,0.0,0.0,0.0,0.0,0.0,0.0,1.0
stage1d_single_agent_carry_bootstrap,4,1,34849,1705,1,120,100,1,0,59.288490295410156,0.0,0.0,1.0,0.2,0.0,0,0,0,14,-1,14,-1,1.0,1,0.21428571428571427,0.35714285714285715,0.0,-0.4,0.0,0.0,0.0,0.0,0.0,0.0,0.0,0.0,0.0,0.0,0.0,0.0,0.0,0.0,0.07142857142857142
stage1d_single_agent_carry_bootstrap,4,1,34852,1706,1,120,100,1,0,60.01799774169922,0.0,0.0,1.0,0.06666666666666667,0.0,0,0,0,3,-1,3,-1,1.0,0,0.0,0.0,0.0,0.0,0.0,0.0,0.0,0.0,0.0,0.0,0.0,0.0,0.0,0.0,0.0,0.0,0.0,0.0,0.3333333333333333
stage1d_single_agent_carry_bootstrap,4,1,34861,1707,1,120,100,1,0,59.70045852661133,0.0,0.0,1.0,0.06666666666666667,0.0,0,0,0,9,-1,9,-1,1.0,1,0.2222222222222222,0.3333333333333333,0.1111111111111111,-0.28,0.0,0.0,0.0,0.0,0.0,0.0,0.0,0.0,0.0,0.0,0.0,0.0,0.0,0.0,0.1111111111111111
stage1d_single_agent_carry_bootstrap,4,1,34883,1708,1,120,100,1,0,59.21759796142578,0.0,0.0,1.0,0.2,0.0,0,0,0,22,-1,22,-1,1.0,1,0.13636363636363635,0.2727272727272727,0.09090909090909091,-0.56,0.0,0.0,0.0,0.0,0.0,0.0,0.0,0.0,0.0,0.0,0.0,0.0,0.0,0.0,0.045454545454545456
stage1d_single_agent_carry_bootstrap,4,1,34895,1709,1,120,100,1,0,59.96271514892578,0.0,0.0,1.0,0.16666666666666666,0.0,0,0,0,12,-1,12,-1,1.0,1,0.08333333333333333,0.16666666666666666,0.08333333333333333,-0.2,0.0,0.0,0.0,0.0,0.0,0.0,0.0,0.0,0.0,0.0,0.0,0.0,0.0,0.0,0.08333333333333333
stage1d_single_agent_carry_bootstrap,4,1,34899,1710,1,120,100,1,0,60.0604248046875,0.0,0.0,1.0,0.1,0.0,0,0,0,4,-1,4,-1,1.0,0,0.0,0.0,0.0,0.0,0.0,0.0,0.0,0.0,0.0,0.0,0.0,0.0,0.0,0.0,0.0,0.0,0.0,0.0,0.25
stage1d_single_agent_carry_bootstrap,4,1,34909,1711,1,120,100,1,0,59.50005340576172,0.0,0.0,1.0,0.2,0.0,0,0,0,10,-1,10,-1,1.0,1,0.1,0.2,0.0,-0.16,0.0,0.0,0.0,0.0,0.0,0.0,0.0,0.0,0.0,0.0,0.0,0.0,0.0,0.0,0.1
stage1d_single_agent_carry_bootstrap,4,1,34916,1712,1,120,100,1,0,59.374839782714844,0.0,0.0,1.0,0.1,0.0,0,0,0,7,-1,7,-1,1.0,1,0.2857142857142857,0.42857142857142855,0.0,-0.24,0.0,0.0,0.0,0.0,0.0,0.0,0.0,0.0,0.0,0.0,0.0,0.0,0.0,0.0,0.14285714285714285
stage1d_single_agent_carry_bootstrap,4,1,34928,1713,1,120,100,1,0,59.7669792175293,0.0,0.0,1.0,0.16666666666666666,0.0,0,0,0,12,-1,12,-1,1.0,1,0.25,0.3333333333333333,0.08333333333333333,-0.36,0.0,0.0,0.0,0.0,0.0,0.0,0.0,0.0,0.0,0.0,0.0,0.0,0.0,0.0,0.08333333333333333
stage1d_single_agent_carry_bootstrap,4,1,34943,1714,1,120,100,1,0,59.48432922363281,0.0,0.0,1.0,0.2,0.0,0,0,0,15,-1,15,-1,1.0,1,0.3333333333333333,0.4,0.0,-0.48000000000000004,0.0,0.0,0.0,0.0,0.0,0.0,0.0,0.0,0.0,0.0,0.0,0.0,0.0,0.0,0.06666666666666667
stage1d_single_agent_carry_bootstrap,4,1,34953,1715,1,120,100,1,0,59.68007278442383,0.0,0.0,1.0,0.1,0.0,0,0,0,10,-1,10,-1,1.0,1,0.3,0.4,0.1,-0.36,0.0,0.0,0.0,0.0,0.0,0.0,0.0,0.0,0.0,0.0,0.0,0.0,0.0,0.0,0.1
stage1d_single_agent_carry_bootstrap,4,1,34957,1716,1,120,100,1,0,60.05277633666992,0.0,0.0,1.0,0.1,0.0,0,0,0,4,-1,4,-1,1.0,0,0.0,0.0,0.0,0.0,0.0,0.0,0.0,0.0,0.0,0.0,0.0,0.0,0.0,0.0,0.0,0.0,0.0,0.0,0.25
stage1d_single_agent_carry_bootstrap,4,1,34968,1717,1,120,100,1,0,59.570804595947266,0.0,0.0,1.0,0.2,0.0,0,0,0,11,-1,11,-1,1.0,1,0.09090909090909091,0.18181818181818182,0.09090909090909091,-0.2,0.0,0.0,0.0,0.0,0.0,0.0,0.0,0.0,0.0,0.0,0.0,0.0,0.0,0.0,0.09090909090909091
stage1d_single_agent_carry_bootstrap,4,1,34970,1718,1,120,100,1,0,60.00286102294922,0.0,0.0,1.0,0.06666666666666667,0.0,0,0,0,2,-1,2,-1,1.0,0,0.0,0.0,0.0,0.0,0.0,0.0,0.0,0.0,0.0,0.0,0.0,0.0,0.0,0.0,0.0,0.0,0.0,0.0,0.5
stage1d_single_agent_carry_bootstrap,4,1,34977,1719,1,120,100,1,0,59.480403900146484,0.0,0.0,1.0,0.06666666666666667,0.0,0,0,0,7,-1,7,-1,1.0,1,0.5714285714285714,0.7142857142857143,0.2857142857142857,-0.48000000000000004,0.0,0.0,0.0,0.0,0.0,0.0,0.0,0.0,0.0,0.0,0.0,0.0,0.0,0.0,0.14285714285714285
stage1d_single_agent_carry_bootstrap,4,1,34981,1720,1,120,100,1,0,60.04704666137695,0.0,0.0,1.0,0.06666666666666667,0.0,0,0,0,4,-1,4,-1,1.0,0,0.0,0.0,0.0,0.0,0.0,0.0,0.0,0.0,0.0,0.0,0.0,0.0,0.0,0.0,0.0,0.0,0.0,0.0,0.25
stage1d_single_agent_carry_bootstrap,4,1,34994,1721,1,120,100,1,0,59.17765808105469,0.0,0.0,1.0,0.13333333333333333,0.0,0,0,0,13,-1,13,-1,1.0,0,0.0,0.15384615384615385,0.0,-0.16,0.0,0.0,0.0,0.0,0.0,0.0,0.0,0.0,0.0,0.0,0.0,0.0,0.0,0.0,0.07692307692307693
stage1d_single_agent_carry_bootstrap,4,1,35003,1722,1,120,100,1,0,60.114078521728516,0.0,0.0,1.0,0.13333333333333333,0.0,0,0,0,9,-1,9,-1,1.0,0,0.0,0.1111111111111111,0.0,-0.08,0.0,0.0,0.0,0.0,0.0,0.0,0.0,0.0,0.0,0.0,0.0,0.0,0.0,0.0,0.1111111111111111
stage1d_single_agent_carry_bootstrap,4,1,35004,1723,1,120,100,1,0,59.99599838256836,0.0,0.0,1.0,0.03333333333333333,0.0,0,0,0,1,-1,1,-1,1.0,0,0.0,0.0,0.0,0.0,0.0,0.0,0.0,0.0,0.0,0.0,0.0,0.0,0.0,0.0,0.0,0.0,0.0,0.0,1.0
stage1d_single_agent_carry_bootstrap,4,1,35011,1724,1,120,100,1,0,60.18088912963867,0.0,0.0,1.0,0.13333333333333333,0.0,0,0,0,7,-1,7,-1,1.0,0,0.0,0.0,0.0,0.0,0.0,0.0,0.0,0.0,0.0,0.0,0.0,0.0,0.0,0.0,0.0,0.0,0.0,0.0,0.14285714285714285
stage1d_single_agent_carry_bootstrap,4,1,35028,1725,1,120,100,1,0,58.67845916748047,0.0,0.0,1.0,0.2,0.0,0,0,0,17,-1,17,-1,1.0,2,0.47058823529411764,0.5882352941176471,0.058823529411764705,-0.8399999999999999,0.0,0.0,0.0,0.0,0.0,0.0,0.0,0.0,0.0,0.0,0.0,0.0,0.0,0.0,0.058823529411764705
stage1d_single_agent_carry_bootstrap,4,1,35029,1726,1,120,100,1,0,59.99599838256836,0.0,0.0,1.0,0.03333333333333333,0.0,0,0,0,1,-1,1,-1,1.0,0,0.0,0.0,0.0,0.0,0.0,0.0,0.0,0.0,0.0,0.0,0.0,0.0,0.0,0.0,0.0,0.0,0.0,0.0,1.0
stage1d_single_agent_carry_bootstrap,4,1,35032,1727,1,120,100,1,0,60.02164840698242,0.0,0.0,1.0,0.06666666666666667,0.0,0,0,0,3,-1,3,-1,1.0,0,0.0,0.0,0.0,0.0,0.0,0.0,0.0,0.0,0.0,0.0,0.0,0.0,0.0,0.0,0.0,0.0,0.0,0.0,0.3333333333333333
stage1d_single_agent_carry_bootstrap,4,1,35050,1728,1,120,100,1,0,59.18555450439453,0.0,0.0,1.0,0.26666666666666666,0.0,0,0,0,18,-1,18,-1,1.0,1,0.16666666666666666,0.2777777777777778,0.05555555555555555,-0.44,0.0,0.0,0.0,0.0,0.0,0.0,0.0,0.0,0.0,0.0,0.0,0.0,0.0,0.0,0.05555555555555555
stage1d_single_agent_carry_bootstrap,4,1,35060,1729,1,120,100,1,0,59.631717681884766,0.0,0.0,1.0,0.16666666666666666,0.0,0,0,0,10,-1,10,-1,1.0,1,0.1,0.2,0.0,-0.16,0.0,0.0,0.0,0.0,0.0,0.0,0.0,0.0,0.0,0.0,0.0,0.0,0.0,0.0,0.1
stage1d_single_agent_carry_bootstrap,4,1,35072,1730,1,120,100,1,0,59.554786682128906,0.0,0.0,1.0,0.2,0.0,0,0,0,12,-1,12,-1,1.0,1,0.08333333333333333,0.25,0.0,-0.24,0.0,0.0,0.0,0.0,0.0,0.0,0.0,0.0,0.0,0.0,0.0,0.0,0.0,0.0,0.08333333333333333
stage1d_single_agent_carry_bootstrap,4,1,35087,1731,1,120,100,1,0,59.974365234375,0.0,0.0,1.0,0.23333333333333334,0.0,0,0,0,15,-1,15,-1,1.0,1,0.13333333333333333,0.2,0.06666666666666667,-0.28,0.0,0.0,0.0,0.0,0.0,0.0,0.0,0.0,0.0,0.0,0.0,0.0,0.0,0.0,0.06666666666666667
stage1d_single_agent_carry_bootstrap,4,1,35089,1732,1,120,100,1,0,59.99923324584961,0.0,0.0,1.0,0.03333333333333333,0.0,0,0,0,2,-1,2,-1,1.0,0,0.0,0.0,0.0,0.0,0.0,0.0,0.0,0.0,0.0,0.0,0.0,0.0,0.0,0.0,0.0,0.0,0.0,0.0,0.5
stage1d_single_agent_carry_bootstrap,4,1,35091,1733,1,120,100,1,0,60.00269317626953,0.0,0.0,1.0,0.06666666666666667,0.0,0,0,0,2,-1,2,-1,1.0,0,0.0,0.0,0.0,0.0,0.0,0.0,0.0,0.0,0.0,0.0,0.0,0.0,0.0,0.0,0.0,0.0,0.0,0.0,0.5
stage1d_single_agent_carry_bootstrap,4,1,35093,1734,1,120,100,1,0,60.00084686279297,0.0,0.0,1.0,0.03333333333333333,0.0,0,0,0,2,-1,2,-1,1.0,0,0.0,0.0,0.0,0.0,0.0,0.0,0.0,0.0,0.0,0.0,0.0,0.0,0.0,0.0,0.0,0.0,0.0,0.0,0.5
stage1d_single_agent_carry_bootstrap,4,1,35099,1735,1,120,100,1,0,60.065025329589844,0.0,0.0,1.0,0.1,0.0,0,0,0,6,-1,6,-1,1.0,0,0.0,0.0,0.0,0.0,0.0,0.0,0.0,0.0,0.0,0.0,0.0,0.0,0.0,0.0,0.0,0.0,0.0,0.0,0.16666666666666666
stage1d_single_agent_carry_bootstrap,4,1,35103,1736,1,120,100,1,0,60.043663024902344,0.0,0.0,1.0,0.06666666666666667,0.0,0,0,0,4,-1,4,-1,1.0,0,0.0,0.0,0.0,0.0,0.0,0.0,0.0,0.0,0.0,0.0,0.0,0.0,0.0,0.0,0.0,0.0,0.0,0.0,0.25
stage1d_single_agent_carry_bootstrap,4,1,35107,1737,1,120,100,1,0,60.04779052734375,0.0,0.0,1.0,0.1,0.0,0,0,0,4,-1,4,-1,1.0,0,0.0,0.0,0.0,0.0,0.0,0.0,0.0,0.0,0.0,0.0,0.0,0.0,0.0,0.0,0.0,0.0,0.0,0.0,0.25
stage1d_single_agent_carry_bootstrap,4,1,35114,1738,1,120,100,1,0,59.83734893798828,0.0,0.0,1.0,0.1,0.0,0,0,0,7,-1,7,-1,1.0,1,0.14285714285714285,0.2857142857142857,0.14285714285714285,-0.2,0.0,0.0,0.0,0.0,0.0,0.0,0.0,0.0,0.0,0.0,0.0,0.0,0.0,0.0,0.14285714285714285
stage1d_single_agent_carry_bootstrap,4,1,35118,1739,1,120,100,1,0,60.05318069458008,0.0,0.0,1.0,0.06666666666666667,0.0,0,0,0,4,-1,4,-1,1.0,0,0.0,0.0,0.0,0.0,0.0,0.0,0.0,0.0,0.0,0.0,0.0,0.0,0.0,0.0,0.0,0.0,0.0,0.0,0.25
stage1d_single_agent_carry_bootstrap,4,1,35133,1740,1,120,100,1,0,58.530372619628906,0.0,0.0,1.0,0.16666666666666666,0.0,0,0,0,15,-1,15,-1,1.0,1,0.4,0.4666666666666667,0.13333333333333333,-0.64,0.0,0.0,0.0,0.0,0.0,0.0,0.0,0.0,0.0,0.0,0.0,0.0,0.0,0.0,0.06666666666666667
stage1d_single_agent_carry_bootstrap,4,1,35136,1741,1,120,100,1,0,59.8583869934082,0.0,0.0,1.0,0.06666666666666667,0.0,0,0,0,3,-1,3,-1,1.0,0,0.0,0.3333333333333333,0.3333333333333333,-0.12,0.0,0.0,0.0,0.0,0.0,0.0,0.0,0.0,0.0,0.0,0.0,0.0,0.0,0.0,0.3333333333333333
stage1d_single_agent_carry_bootstrap,4,1,35140,1742,1,120,100,1,0,60.05588912963867,0.0,0.0,1.0,0.06666666666666667,0.0,0,0,0,4,-1,4,-1,1.0,0,0.0,0.0,0.0,0.0,0.0,0.0,0.0,0.0,0.0,0.0,0.0,0.0,0.0,0.0,0.0,0.0,0.0,0.0,0.25
stage1d_single_agent_carry_bootstrap,4,1,35146,1743,1,120,100,1,0,60.16046905517578,0.0,0.0,1.0,0.1,0.0,0,0,0,6,-1,6,-1,1.0,0,0.0,0.0,0.0,0.0,0.0,0.0,0.0,0.0,0.0,0.0,0.0,0.0,0.0,0.0,0.0,0.0,0.0,0.0,0.16666666666666666
stage1d_single_agent_carry_bootstrap,4,1,35160,1744,1,120,100,1,0,59.945316314697266,0.0,0.0,1.0,0.23333333333333334,0.0,0,0,0,14,-1,14,-1,1.0,1,0.14285714285714285,0.21428571428571427,0.07142857142857142,-0.28,0.0,0.0,0.0,0.0,0.0,0.0,0.0,0.0,0.0,0.0,0.0,0.0,0.0,0.0,0.07142857142857142
stage1d_single_agent_carry_bootstrap,4,1,35163,1745,1,120,100,1,0,60.02078628540039,0.0,0.0,1.0,0.03333333333333333,0.0,0,0,0,3,-1,3,-1,1.0,0,0.0,0.0,0.0,0.0,0.0,0.0,0.0,0.0,0.0,0.0,0.0,0.0,0.0,0.0,0.0,0.0,0.0,0.0,0.3333333333333333
stage1d_single_agent_carry_bootstrap,4,1,35165,1746,1,120,100,1,0,59.9998893737793,0.0,0.0,1.0,0.06666666666666667,0.0,0,0,0,2,-1,2,-1,1.0,0,0.0,0.0,0.0,0.0,0.0,0.0,0.0,0.0,0.0,0.0,0.0,0.0,0.0,0.0,0.0,0.0,0.0,0.0,0.5
stage1d_single_agent_carry_bootstrap,4,1,35171,1747,1,120,100,1,0,60.16205596923828,0.0,0.0,1.0,0.1,0.0,0,0,0,6,-1,6,-1,1.0,0,0.0,0.0,0.0,0.0,0.0,0.0,0.0,0.0,0.0,0.0,0.0,0.0,0.0,0.0,0.0,0.0,0.0,0.0,0.16666666666666666
stage1d_single_agent_carry_bootstrap,4,1,35176,1748,1,120,100,1,0,60.11097717285156,0.0,0.0,1.0,0.1,0.0,0,0,0,5,-1,5,-1,1.0,0,0.0,0.0,0.0,0.0,0.0,0.0,0.0,0.0,0.0,0.0,0.0,0.0,0.0,0.0,0.0,0.0,0.0,0.0,0.2
stage1d_single_agent_carry_bootstrap,4,1,35184,1749,1,120,100,1,0,60.00631332397461,0.0,0.0,1.0,0.13333333333333333,0.0,0,0,0,8,-1,8,-1,1.0,0,0.0,0.125,0.0,-0.08,0.0,0.0,0.0,0.0,0.0,0.0,0.0,0.0,0.0,0.0,0.0,0.0,0.0,0.0,0.125
stage1d_single_agent_carry_bootstrap,4,1,35196,1750,1,120,100,1,0,59.95640182495117,0.0,0.0,1.0,0.13333333333333333,0.0,0,0,0,12,-1,12,-1,1.0,1,0.08333333333333333,0.16666666666666666,0.08333333333333333,-0.2,0.0,0.0,0.0,0.0,0.0,0.0,0.0,0.0,0.0,0.0,0.0,0.0,0.0,0.0,0.08333333333333333
stage1d_single_agent_carry_bootstrap,4,1,35211,1751,1,120,100,1,0,59.74040222167969,0.0,0.0,1.0,0.2,0.0,0,0,0,15,-1,15,-1,1.0,1,0.13333333333333333,0.26666666666666666,0.13333333333333333,-0.4,0.0,0.0,0.0,0.0,0.0,0.0,0.0,0.0,0.0,0.0,0.0,0.0,0.0,0.0,0.06666666666666667
stage1d_single_agent_carry_bootstrap,4,1,35217,1752,1,120,100,1,0,60.128414154052734,0.0,0.0,1.0,0.13333333333333333,0.0,0,0,0,6,-1,6,-1,1.0,0,0.0,0.0,0.0,0.0,0.0,0.0,0.0,0.0,0.0,0.0,0.0,0.0,0.0,0.0,0.0,0.0,0.0,0.0,0.16666666666666666
stage1d_single_agent_carry_bootstrap,4,1,35221,1753,1,120,100,1,0,60.03481674194336,0.0,0.0,1.0,0.06666666666666667,0.0,0,0,0,4,-1,4,-1,1.0,0,0.0,0.0,0.0,0.0,0.0,0.0,0.0,0.0,0.0,0.0,0.0,0.0,0.0,0.0,0.0,0.0,0.0,0.0,0.25
stage1d_single_agent_carry_bootstrap,4,1,35224,1754,1,120,100,1,0,60.01732635498047,0.0,0.0,1.0,0.03333333333333333,0.0,0,0,0,3,-1,3,-1,1.0,0,0.0,0.0,0.0,0.0,0.0,0.0,0.0,0.0,0.0,0.0,0.0,0.0,0.0,0.0,0.0,0.0,0.0,0.0,0.3333333333333333
stage1d_single_agent_carry_bootstrap,4,1,35229,1755,1,120,100,1,0,60.07968521118164,0.0,0.0,1.0,0.1,0.0,0,0,0,5,-1,5,-1,1.0,0,0.0,0.0,0.0,0.0,0.0,0.0,0.0,0.0,0.0,0.0,0.0,0.0,0.0,0.0,0.0,0.0,0.0,0.0,0.2
stage1d_single_agent_carry_bootstrap,4,1,35243,1756,1,120,100,1,0,59.29512023925781,0.0,0.0,1.0,0.3,0.0,0,0,0,14,-1,14,-1,1.0,1,0.2857142857142857,0.35714285714285715,0.0,-0.4,0.0,0.0,0.0,0.0,0.0,0.0,0.0,0.0,0.0,0.0,0.0,0.0,0.0,0.0,0.07142857142857142
stage1d_single_agent_carry_bootstrap,4,1,35256,1757,1,120,100,1,0,59.27952575683594,0.0,0.0,1.0,0.23333333333333334,0.0,0,0,0,13,-1,13,-1,1.0,1,0.3076923076923077,0.38461538461538464,0.0,-0.4,0.0,0.0,0.0,0.0,0.0,0.0,0.0,0.0,0.0,0.0,0.0,0.0,0.0,0.0,0.07692307692307693
stage1d_single_agent_carry_bootstrap,4,1,35264,1758,1,120,100,1,0,59.73615264892578,0.0,0.0,1.0,0.06666666666666667,0.0,0,0,0,8,-1,8,-1,1.0,1,0.25,0.375,0.125,-0.28,0.0,0.0,0.0,0.0,0.0,0.0,0.0,0.0,0.0,0.0,0.0,0.0,0.0,0.0,0.125
stage1d_single_agent_carry_bootstrap,4,1,35270,1759,1,120,100,1,0,60.16307067871094,0.0,0.0,1.0,0.1,0.0,0,0,0,6,-1,6,-1,1.0,0,0.0,0.0,0.0,0.0,0.0,0.0,0.0,0.0,0.0,0.0,0.0,0.0,0.0,0.0,0.0,0.0,0.0,0.0,0.16666666666666666
stage1d_single_agent_carry_bootstrap,4,1,35273,1760,1,120,100,1,0,60.0054931640625,0.0,0.0,1.0,0.06666666666666667,0.0,0,0,0,3,-1,3,-1,1.0,0,0.0,0.0,0.0,0.0,0.0,0.0,0.0,0.0,0.0,0.0,0.0,0.0,0.0,0.0,0.0,0.0,0.0,0.0,0.3333333333333333
stage1d_single_agent_carry_bootstrap,4,1,35286,1761,1,120,100,1,0,59.72275924682617,0.0,0.0,1.0,0.2,0.0,0,0,0,13,-1,13,-1,1.0,0,0.0,0.07692307692307693,0.07692307692307693,-0.12,0.0,0.0,0.0,0.0,0.0,0.0,0.0,0.0,0.0,0.0,0.0,0.0,0.0,0.0,0.07692307692307693
stage1d_single_agent_carry_bootstrap,4,1,35295,1762,1,120,100,1,0,59.74764633178711,0.0,0.0,1.0,0.1,0.0,0,0,0,9,-1,9,-1,1.0,1,0.2222222222222222,0.3333333333333333,0.1111111111111111,-0.28,0.0,0.0,0.0,0.0,0.0,0.0,0.0,0.0,0.0,0.0,0.0,0.0,0.0,0.0,0.1111111111111111
stage1d_single_agent_carry_bootstrap,4,1,35307,1763,1,120,100,1,0,59.45167541503906,0.0,0.0,1.0,0.2,0.0,0,0,0,12,-1,12,-1,1.0,1,0.25,0.3333333333333333,0.0,-0.32,0.0,0.0,0.0,0.0,0.0,0.0,0.0,0.0,0.0,0.0,0.0,0.0,0.0,0.0,0.08333333333333333
stage1d_single_agent_carry_bootstrap,4,1,35316,1764,1,120,100,1,0,59.427886962890625,0.0,0.0,1.0,0.06666666666666667,0.0,0,0,0,9,-1,9,-1,1.0,1,0.5555555555555556,0.6666666666666666,0.1111111111111111,-0.52,0.0,0.0,0.0,0.0,0.0,0.0,0.0,0.0,0.0,0.0,0.0,0.0,0.0,0.0,0.1111111111111111
stage1d_single_agent_carry_bootstrap,4,1,35330,1765,1,120,100,1,0,59.20635223388672,0.0,0.0,1.0,0.23333333333333334,0.0,0,0,0,14,-1,14,-1,1.0,1,0.2857142857142857,0.35714285714285715,0.0,-0.4,0.0,0.0,0.0,0.0,0.0,0.0,0.0,0.0,0.0,0.0,0.0,0.0,0.0,0.0,0.07142857142857142
stage1d_single_agent_carry_bootstrap,4,1,35343,1766,1,120,100,1,0,58.90877914428711,0.0,0.0,1.0,0.2,0.0,0,0,0,13,-1,13,-1,1.0,1,0.07692307692307693,0.3076923076923077,0.0,-0.32,0.0,0.0,0.0,0.0,0.0,0.0,0.0,0.0,0.0,0.0,0.0,0.0,0.0,0.0,0.07692307692307693
stage1d_single_agent_carry_bootstrap,4,1,35356,1767,1,120,100,1,0,59.517738342285156,0.0,0.0,1.0,0.2,0.0,0,0,0,13,-1,13,-1,1.0,1,0.15384615384615385,0.23076923076923078,0.0,-0.24,0.0,0.0,0.0,0.0,0.0,0.0,0.0,0.0,0.0,0.0,0.0,0.0,0.0,0.0,0.07692307692307693
stage1d_single_agent_carry_bootstrap,4,1,35359,1768,1,120,100,1,0,60.00709533691406,0.0,0.0,1.0,0.06666666666666667,0.0,0,0,0,3,-1,3,-1,1.0,0,0.0,0.0,0.0,0.0,0.0,0.0,0.0,0.0,0.0,0.0,0.0,0.0,0.0,0.0,0.0,0.0,0.0,0.0,0.3333333333333333
stage1d_single_agent_carry_bootstrap,4,1,35361,1769,1,120,100,1,0,60.00151824951172,0.0,0.0,1.0,0.06666666666666667,0.0,0,0,0,2,-1,2,-1,1.0,0,0.0,0.0,0.0,0.0,0.0,0.0,0.0,0.0,0.0,0.0,0.0,0.0,0.0,0.0,0.0,0.0,0.0,0.0,0.5
stage1d_single_agent_carry_bootstrap,4,1,35371,1770,1,120,100,1,0,59.92155838012695,0.0,0.0,1.0,0.13333333333333333,0.0,0,0,0,10,-1,10,-1,1.0,1,0.1,0.2,0.1,-0.2,0.0,0.0,0.0,0.0,0.0,0.0,0.0,0.0,0.0,0.0,0.0,0.0,0.0,0.0,0.1
stage1d_single_agent_carry_bootstrap,4,1,35380,1771,1,120,100,1,0,59.65280532836914,0.0,0.0,1.0,0.1,0.0,0,0,0,9,-1,9,-1,1.0,1,0.3333333333333333,0.4444444444444444,0.2222222222222222,-0.4,0.0,0.0,0.0,0.0,0.0,0.0,0.0,0.0,0.0,0.0,0.0,0.0,0.0,0.0,0.1111111111111111
stage1d_single_agent_carry_bootstrap,4,1,35392,1772,1,120,100,1,0,59.85879898071289,0.0,0.0,1.0,0.13333333333333333,0.0,0,0,0,12,-1,12,-1,1.0,1,0.16666666666666666,0.25,0.08333333333333333,-0.28,0.0,0.0,0.0,0.0,0.0,0.0,0.0,0.0,0.0,0.0,0.0,0.0,0.0,0.0,0.08333333333333333
stage1d_single_agent_carry_bootstrap,4,1,35403,1773,1,120,100,1,0,59.82960510253906,0.0,0.0,1.0,0.13333333333333333,0.0,0,0,0,11,-1,11,-1,1.0,1,0.18181818181818182,0.2727272727272727,0.09090909090909091,-0.28,0.0,0.0,0.0,0.0,0.0,0.0,0.0,0.0,0.0,0.0,0.0,0.0,0.0,0.0,0.09090909090909091
stage1d_single_agent_carry_bootstrap,4,1,35406,1774,1,120,100,1,0,60.015052795410156,0.0,0.0,1.0,0.03333333333333333,0.0,0,0,0,3,-1,3,-1,1.0,0,0.0,0.0,0.0,0.0,0.0,0.0,0.0,0.0,0.0,0.0,0.0,0.0,0.0,0.0,0.0,0.0,0.0,0.0,0.3333333333333333
stage1d_single_agent_carry_bootstrap,4,1,35410,1775,1,120,100,1,0,60.06064224243164,0.0,0.0,1.0,0.1,0.0,0,0,0,4,-1,4,-1,1.0,0,0.0,0.0,0.0,0.0,0.0,0.0,0.0,0.0,0.0,0.0,0.0,0.0,0.0,0.0,0.0,0.0,0.0,0.0,0.25
stage1d_single_agent_carry_bootstrap,4,1,35423,1776,1,120,100,1,0,59.75300598144531,0.0,0.0,1.0,0.13333333333333333,0.0,0,0,0,13,-1,13,-1,1.0,1,0.23076923076923078,0.3076923076923077,0.07692307692307693,-0.36,0.0,0.0,0.0,0.0,0.0,0.0,0.0,0.0,0.0,0.0,0.0,0.0,0.0,0.0,0.07692307692307693
stage1d_single_agent_carry_bootstrap,4,1,35431,1777,1,120,100,1,0,59.65076446533203,0.0,0.0,1.0,0.06666666666666667,0.0,0,0,0,8,-1,8,-1,1.0,1,0.125,0.375,0.25,-0.32,0.0,0.0,0.0,0.0,0.0,0.0,0.0,0.0,0.0,0.0,0.0,0.0,0.0,0.0,0.125
stage1d_single_agent_carry_bootstrap,4,1,35444,1778,1,120,100,1,0,59.6699104309082,0.0,0.0,1.0,0.13333333333333333,0.0,0,0,0,13,-1,13,-1,1.0,2,0.23076923076923078,0.38461538461538464,0.15384615384615385,-0.48000000000000004,0.0,0.0,0.0,0.0,0.0,0.0,0.0,0.0,0.0,0.0,0.0,0.0,0.0,0.0,0.07692307692307693
stage1d_single_agent_carry_bootstrap,4,1,35457,1779,1,120,100,1,0,59.91493606567383,0.0,0.0,1.0,0.13333333333333333,0.0,0,0,0,13,-1,13,-1,1.0,1,0.15384615384615385,0.23076923076923078,0.07692307692307693,-0.28,0.0,0.0,0.0,0.0,0.0,0.0,0.0,0.0,0.0,0.0,0.0,0.0,0.0,0.0,0.07692307692307693
stage1d_single_agent_carry_bootstrap,4,1,35467,1780,1,120,100,1,0,59.77418899536133,0.0,0.0,1.0,0.13333333333333333,0.0,0,0,0,10,-1,10,-1,1.0,1,0.2,0.3,0.1,-0.28,0.0,0.0,0.0,0.0,0.0,0.0,0.0,0.0,0.0,0.0,0.0,0.0,0.0,0.0,0.1
stage1d_single_agent_carry_bootstrap,4,1,35476,1781,1,120,100,1,0,60.05946350097656,0.0,0.0,1.0,0.16666666666666666,0.0,0,0,0,9,-1,9,-1,1.0,0,0.0,0.1111111111111111,0.0,-0.08,0.0,0.0,0.0,0.0,0.0,0.0,0.0,0.0,0.0,0.0,0.0,0.0,0.0,0.0,0.1111111111111111
stage1d_single_agent_carry_bootstrap,4,1,35480,1782,1,120,100,1,0,60.060691833496094,0.0,0.0,1.0,0.1,0.0,0,0,0,4,-1,4,-1,1.0,0,0.0,0.0,0.0,0.0,0.0,0.0,0.0,0.0,0.0,0.0,0.0,0.0,0.0,0.0,0.0,0.0,0.0,0.0,0.25
stage1d_single_agent_carry_bootstrap,4,1,35489,1783,1,120,100,1,0,59.734378814697266,0.0,0.0,1.0,0.13333333333333333,0.0,0,0,0,9,-1,9,-1,1.0,1,0.2222222222222222,0.3333333333333333,0.1111111111111111,-0.28,0.0,0.0,0.0,0.0,0.0,0.0,0.0,0.0,0.0,0.0,0.0,0.0,0.0,0.0,0.1111111111111111
stage1d_single_agent_carry_bootstrap,4,1,35495,1784,1,120,100,1,0,59.4417724609375,0.0,0.0,1.0,0.06666666666666667,0.0,0,0,0,6,-1,6,-1,1.0,1,0.16666666666666666,0.3333333333333333,0.0,-0.16,0.0,0.0,0.0,0.0,0.0,0.0,0.0,0.0,0.0,0.0,0.0,0.0,0.0,0.0,0.16666666666666666
stage1d_single_agent_carry_bootstrap,4,1,35510,1785,1,120,100,1,0,59.19176483154297,0.0,0.0,1.0,0.2,0.0,0,0,0,15,-1,15,-1,1.0,1,0.2,0.3333333333333333,0.06666666666666667,-0.44000000000000006,0.0,0.0,0.0,0.0,0.0,0.0,0.0,0.0,0.0,0.0,0.0,0.0,0.0,0.0,0.06666666666666667
stage1d_single_agent_carry_bootstrap,4,1,35522,1786,1,120,100,1,0,59.51809310913086,0.0,0.0,1.0,0.13333333333333333,0.0,0,0,0,12,-1,12,-1,1.0,1,0.08333333333333333,0.25,0.0,-0.24,0.0,0.0,0.0,0.0,0.0,0.0,0.0,0.0,0.0,0.0,0.0,0.0,0.0,0.0,0.08333333333333333
stage1d_single_agent_carry_bootstrap,4,1,35526,1787,1,120,100,1,0,60.06023025512695,0.0,0.0,1.0,0.06666666666666667,0.0,0,0,0,4,-1,4,-1,1.0,0,0.0,0.0,0.0,0.0,0.0,0.0,0.0,0.0,0.0,0.0,0.0,0.0,0.0,0.0,0.0,0.0,0.0,0.0,0.25
stage1d_single_agent_carry_bootstrap,4,1,35538,1788,1,120,100,1,0,59.50524139404297,0.0,0.0,1.0,0.16666666666666666,0.0,0,0,0,12,-1,12,-1,1.0,1,0.08333333333333333,0.16666666666666666,0.0,-0.16,0.0,0.0,0.0,0.0,0.0,0.0,0.0,0.0,0.0,0.0,0.0,0.0,0.0,0.0,0.08333333333333333
stage1d_single_agent_carry_bootstrap,4,1,35541,1789,1,120,100,1,0,59.52172088623047,0.0,0.0,1.0,0.06666666666666667,0.0,0,0,0,3,-1,3,-1,1.0,0,0.0,0.3333333333333333,0.0,-0.08,0.0,0.0,0.0,0.0,0.0,0.0,0.0,0.0,0.0,0.0,0.0,0.0,0.0,0.0,0.3333333333333333
stage1d_single_agent_carry_bootstrap,4,1,35558,1790,1,120,100,1,0,59.17687225341797,0.0,0.0,1.0,0.3333333333333333,0.0,0,0,0,17,-1,17,-1,1.0,1,0.29411764705882354,0.35294117647058826,0.0,-0.48000000000000004,0.0,0.0,0.0,0.0,0.0,0.0,0.0,0.0,0.0,0.0,0.0,0.0,0.0,0.0,0.058823529411764705
stage1d_single_agent_carry_bootstrap,4,1,35559,1791,1,120,100,1,0,59.99599838256836,0.0,0.0,1.0,0.03333333333333333,0.0,0,0,0,1,-1,1,-1,1.0,0,0.0,0.0,0.0,0.0,0.0,0.0,0.0,0.0,0.0,0.0,0.0,0.0,0.0,0.0,0.0,0.0,0.0,0.0,1.0
stage1d_single_agent_carry_bootstrap,4,1,35580,1792,1,120,100,1,0,58.19879913330078,0.0,0.0,1.0,0.23333333333333334,0.0,0,0,0,21,-1,21,-1,1.0,2,0.6190476190476191,0.7619047619047619,0.0,-1.28,0.0,0.0,0.0,0.0,0.0,0.0,0.0,0.0,0.0,0.0,0.0,0.0,0.0,0.0,0.047619047619047616
stage1d_single_agent_carry_bootstrap,4,1,35585,1793,1,120,100,1,0,60.095008850097656,0.0,0.0,1.0,0.1,0.0,0,0,0,5,-1,5,-1,1.0,0,0.0,0.0,0.0,0.0,0.0,0.0,0.0,0.0,0.0,0.0,0.0,0.0,0.0,0.0,0.0,0.0,0.0,0.0,0.2
stage1d_single_agent_carry_bootstrap,4,1,35594,1794,1,120,100,1,0,59.10646438598633,0.0,0.0,1.0,0.1,0.0,0,0,0,9,-1,9,-1,1.0,2,0.3333333333333333,0.5555555555555556,0.2222222222222222,-0.48,0.0,0.0,0.0,0.0,0.0,0.0,0.0,0.0,0.0,0.0,0.0,0.0,0.0,0.0,0.1111111111111111
stage1d_single_agent_carry_bootstrap,4,1,35597,1795,1,120,100,1,0,60.008056640625,0.0,0.0,1.0,0.03333333333333333,0.0,0,0,0,3,-1,3,-1,1.0,0,0.0,0.0,0.0,0.0,0.0,0.0,0.0,0.0,0.0,0.0,0.0,0.0,0.0,0.0,0.0,0.0,0.0,0.0,0.3333333333333333
stage1d_single_agent_carry_bootstrap,4,1,35600,1796,1,120,100,1,0,60.02162551879883,0.0,0.0,1.0,0.1,0.0,0,0,0,3,-1,3,-1,1.0,0,0.0,0.0,0.0,0.0,0.0,0.0,0.0,0.0,0.0,0.0,0.0,0.0,0.0,0.0,0.0,0.0,0.0,0.0,0.3333333333333333
stage1d_single_agent_carry_bootstrap,4,1,35612,1797,1,120,100,1,0,59.3574104309082,0.0,0.0,1.0,0.2,0.0,0,0,0,12,-1,12,-1,1.0,0,0.0,0.08333333333333333,0.0,-0.08,0.0,0.0,0.0,0.0,0.0,0.0,0.0,0.0,0.0,0.0,0.0,0.0,0.0,0.0,0.08333333333333333
stage1d_single_agent_carry_bootstrap,4,1,35623,1798,1,120,100,1,0,59.92598342895508,0.0,0.0,1.0,0.13333333333333333,0.0,0,0,0,11,-1,11,-1,1.0,1,0.09090909090909091,0.18181818181818182,0.09090909090909091,-0.2,0.0,0.0,0.0,0.0,0.0,0.0,0.0,0.0,0.0,0.0,0.0,0.0,0.0,0.0,0.09090909090909091
stage1d_single_agent_carry_bootstrap,4,1,35625,1799,1,120,100,1,0,60.00222396850586,0.0,0.0,1.0,0.06666666666666667,0.0,0,0,0,2,-1,2,-1,1.0,0,0.0,0.0,0.0,0.0,0.0,0.0,0.0,0.0,0.0,0.0,0.0,0.0,0.0,0.0,0.0,0.0,0.0,0.0,0.5
stage1d_single_agent_carry_bootstrap,4,1,35635,1800,1,120,100,1,0,59.1882438659668,0.0,0.0,1.0,0.13333333333333333,0.0,0,0,0,10,-1,10,-1,1.0,0,0.0,0.2,0.0,-0.16,0.0,0.0,0.0,0.0,0.0,0.0,0.0,0.0,0.0,0.0,0.0,0.0,0.0,0.0,0.1
stage1d_single_agent_carry_bootstrap,4,1,35649,1801,1,120,100,1,0,59.35268783569336,0.0,0.0,1.0,0.23333333333333334,0.0,0,0,0,14,-1,14,-1,1.0,1,0.14285714285714285,0.21428571428571427,0.0,-0.24,0.0,0.0,0.0,0.0,0.0,0.0,0.0,0.0,0.0,0.0,0.0,0.0,0.0,0.0,0.07142857142857142
stage1d_single_agent_carry_bootstrap,4,1,35657,1802,1,120,100,1,0,59.83546447753906,0.0,0.0,1.0,0.06666666666666667,0.0,0,0,0,8,-1,8,-1,1.0,1,0.125,0.25,0.125,-0.2,0.0,0.0,0.0,0.0,0.0,0.0,0.0,0.0,0.0,0.0,0.0,0.0,0.0,0.0,0.125
stage1d_single_agent_carry_bootstrap,4,1,35669,1803,1,120,100,1,0,59.54097366333008,0.0,0.0,1.0,0.2,0.0,0,0,0,12,-1,12,-1,1.0,1,0.16666666666666666,0.25,0.0,-0.24,0.0,0.0,0.0,0.0,0.0,0.0,0.0,0.0,0.0,0.0,0.0,0.0,0.0,0.0,0.08333333333333333
stage1d_single_agent_carry_bootstrap,4,1,35680,1804,1,120,100,1,0,59.83128356933594,0.0,0.0,1.0,0.16666666666666666,0.0,0,0,0,11,-1,11,-1,1.0,1,0.18181818181818182,0.2727272727272727,0.09090909090909091,-0.28,0.0,0.0,0.0,0.0,0.0,0.0,0.0,0.0,0.0,0.0,0.0,0.0,0.0,0.0,0.09090909090909091
stage1d_single_agent_carry_bootstrap,4,1,35685,1805,1,120,100,1,0,60.090267181396484,0.0,0.0,1.0,0.1,0.0,0,0,0,5,-1,5,-1,1.0,0,0.0,0.0,0.0,0.0,0.0,0.0,0.0,0.0,0.0,0.0,0.0,0.0,0.0,0.0,0.0,0.0,0.0,0.0,0.2
stage1d_single_agent_carry_bootstrap,4,1,35697,1806,1,120,100,1,0,59.28620529174805,0.0,0.0,1.0,0.16666666666666666,0.0,0,0,0,12,-1,12,-1,1.0,1,0.3333333333333333,0.4166666666666667,0.0,-0.4,0.0,0.0,0.0,0.0,0.0,0.0,0.0,0.0,0.0,0.0,0.0,0.0,0.0,0.0,0.08333333333333333
stage1d_single_agent_carry_bootstrap,4,1,35709,1807,1,120,100,1,0,59.707763671875,0.0,0.0,1.0,0.2,0.0,0,0,0,12,-1,12,-1,1.0,1,0.25,0.3333333333333333,0.08333333333333333,-0.36,0.0,0.0,0.0,0.0,0.0,0.0,0.0,0.0,0.0,0.0,0.0,0.0,0.0,0.0,0.08333333333333333
stage1d_single_agent_carry_bootstrap,4,1,35720,1808,1,120,100,1,0,59.3210334777832,0.0,0.0,1.0,0.13333333333333333,0.0,0,0,0,11,-1,11,-1,1.0,1,0.2727272727272727,0.36363636363636365,0.09090909090909091,-0.36000000000000004,0.0,0.0,0.0,0.0,0.0,0.0,0.0,0.0,0.0,0.0,0.0,0.0,0.0,0.0,0.09090909090909091
stage1d_single_agent_carry_bootstrap,4,1,35721,1809,1,120,100,1,0,59.99599838256836,0.0,0.0,1.0,0.03333333333333333,0.0,0,0,0,1,-1,1,-1,1.0,0,0.0,0.0,0.0,0.0,0.0,0.0,0.0,0.0,0.0,0.0,0.0,0.0,0.0,0.0,0.0,0.0,0.0,0.0,1.0
stage1d_single_agent_carry_bootstrap,4,1,35725,1810,1,120,100,1,0,60.047603607177734,0.0,0.0,1.0,0.1,0.0,0,0,0,4,-1,4,-1,1.0,0,0.0,0.0,0.0,0.0,0.0,0.0,0.0,0.0,0.0,0.0,0.0,0.0,0.0,0.0,0.0,0.0,0.0,0.0,0.25
stage1d_single_agent_carry_bootstrap,4,1,35746,1811,1,120,100,1,0,58.34503936767578,0.0,0.0,1.0,0.23333333333333334,0.0,0,0,0,21,-1,21,-1,1.0,2,0.5714285714285714,0.6666666666666666,0.047619047619047616,-1.16,0.0,0.0,0.0,0.0,0.0,0.0,0.0,0.0,0.0,0.0,0.0,0.0,0.0,0.0,0.047619047619047616
stage1d_single_agent_carry_bootstrap,4,1,35754,1812,1,120,100,1,0,59.5419921875,0.0,0.0,1.0,0.13333333333333333,0.0,0,0,0,8,-1,8,-1,1.0,0,0.0,0.25,0.0,-0.16,0.0,0.0,0.0,0.0,0.0,0.0,0.0,0.0,0.0,0.0,0.0,0.0,0.0,0.0,0.125
stage1d_single_agent_carry_bootstrap,4,1,35764,1813,1,120,100,1,0,58.733192443847656,0.0,0.0,1.0,0.1,0.0,0,0,0,10,-1,10,-1,1.0,1,0.4,0.5,0.1,-0.44,0.0,0.0,0.0,0.0,0.0,0.0,0.0,0.0,0.0,0.0,0.0,0.0,0.0,0.0,0.1
stage1d_single_agent_carry_bootstrap,4,1,35771,1814,1,120,100,1,0,60.00640106201172,0.0,0.0,1.0,0.16666666666666666,0.0,0,0,0,7,-1,7,-1,1.0,0,0.0,0.14285714285714285,0.0,-0.08,0.0,0.0,0.0,0.0,0.0,0.0,0.0,0.0,0.0,0.0,0.0,0.0,0.0,0.0,0.14285714285714285
stage1d_single_agent_carry_bootstrap,4,1,35774,1815,1,120,100,1,0,60.021602630615234,0.0,0.0,1.0,0.03333333333333333,0.0,0,0,0,3,-1,3,-1,1.0,0,0.0,0.0,0.0,0.0,0.0,0.0,0.0,0.0,0.0,0.0,0.0,0.0,0.0,0.0,0.0,0.0,0.0,0.0,0.3333333333333333
stage1d_single_agent_carry_bootstrap,4,1,35784,1816,1,120,100,1,0,59.82892608642578,0.0,0.0,1.0,0.16666666666666666,0.0,0,0,0,10,-1,10,-1,1.0,1,0.2,0.3,0.1,-0.28,0.0,0.0,0.0,0.0,0.0,0.0,0.0,0.0,0.0,0.0,0.0,0.0,0.0,0.0,0.1
stage1d_single_agent_carry_bootstrap,4,1,35795,1817,1,120,100,1,0,59.82892608642578,0.0,0.0,1.0,0.1,0.0,0,0,0,11,-1,11,-1,1.0,1,0.18181818181818182,0.2727272727272727,0.09090909090909091,-0.28,0.0,0.0,0.0,0.0,0.0,0.0,0.0,0.0,0.0,0.0,0.0,0.0,0.0,0.0,0.09090909090909091
stage1d_single_agent_carry_bootstrap,4,1,35817,1818,1,120,100,1,0,58.72400665283203,0.0,0.0,1.0,0.13333333333333333,0.0,0,0,0,22,-1,22,-1,1.0,2,0.5,0.5909090909090909,0.13636363636363635,-1.1599999999999997,0.0,0.0,0.0,0.0,0.0,0.0,0.0,0.0,0.0,0.0,0.0,0.0,0.0,0.0,0.045454545454545456
stage1d_single_agent_carry_bootstrap,4,1,35829,1819,1,120,100,1,0,59.69386291503906,0.0,0.0,1.0,0.2,0.0,0,0,0,12,-1,12,-1,1.0,0,0.0,0.08333333333333333,0.0,-0.08,0.0,0.0,0.0,0.0,0.0,0.0,0.0,0.0,0.0,0.0,0.0,0.0,0.0,0.0,0.08333333333333333
stage1d_single_agent_carry_bootstrap,4,1,35834,1820,1,120,100,1,0,60.070648193359375,0.0,0.0,1.0,0.06666666666666667,0.0,0,0,0,5,-1,5,-1,1.0,0,0.0,0.0,0.0,0.0,0.0,0.0,0.0,0.0,0.0,0.0,0.0,0.0,0.0,0.0,0.0,0.0,0.0,0.0,0.2
stage1d_single_agent_carry_bootstrap,4,1,35838,1821,1,120,100,1,0,60.053932189941406,0.0,0.0,1.0,0.06666666666666667,0.0,0,0,0,4,-1,4,-1,1.0,0,0.0,0.0,0.0,0.0,0.0,0.0,0.0,0.0,0.0,0.0,0.0,0.0,0.0,0.0,0.0,0.0,0.0,0.0,0.25
stage1d_single_agent_carry_bootstrap,4,1,35850,1822,1,120,100,1,0,59.06863784790039,0.0,0.0,1.0,0.1,0.0,0,0,0,12,-1,12,-1,1.0,1,0.08333333333333333,0.16666666666666666,0.08333333333333333,-0.2,0.0,0.0,0.0,0.0,0.0,0.0,0.0,0.0,0.0,0.0,0.0,0.0,0.0,0.0,0.08333333333333333
stage1d_single_agent_carry_bootstrap,4,1,35851,1823,1,120,100,1,0,59.99599838256836,0.0,0.0,1.0,0.03333333333333333,0.0,0,0,0,1,-1,1,-1,1.0,0,0.0,0.0,0.0,0.0,0.0,0.0,0.0,0.0,0.0,0.0,0.0,0.0,0.0,0.0,0.0,0.0,0.0,0.0,1.0
stage1d_single_agent_carry_bootstrap,4,1,35865,1824,1,120,100,1,0,59.94953536987305,0.0,0.0,1.0,0.2,0.0,0,0,0,14,-1,14,-1,1.0,1,0.14285714285714285,0.21428571428571427,0.07142857142857142,-0.28,0.0,0.0,0.0,0.0,0.0,0.0,0.0,0.0,0.0,0.0,0.0,0.0,0.0,0.0,0.07142857142857142
stage1d_single_agent_carry_bootstrap,4,1,35883,1825,1,120,100,1,0,59.22307586669922,0.0,0.0,1.0,0.23333333333333334,0.0,0,0,0,18,-1,18,-1,1.0,1,0.2222222222222222,0.2777777777777778,0.05555555555555555,-0.44000000000000006,0.0,0.0,0.0,0.0,0.0,0.0,0.0,0.0,0.0,0.0,0.0,0.0,0.0,0.0,0.05555555555555555
stage1d_single_agent_carry_bootstrap,4,1,35887,1826,1,120,100,1,0,60.06050109863281,0.0,0.0,1.0,0.06666666666666667,0.0,0,0,0,4,-1,4,-1,1.0,0,0.0,0.0,0.0,0.0,0.0,0.0,0.0,0.0,0.0,0.0,0.0,0.0,0.0,0.0,0.0,0.0,0.0,0.0,0.25
stage1d_single_agent_carry_bootstrap,4,1,35899,1827,1,120,100,1,0,59.72880935668945,0.0,0.0,1.0,0.13333333333333333,0.0,0,0,0,12,-1,12,-1,1.0,1,0.25,0.3333333333333333,0.08333333333333333,-0.36,0.0,0.0,0.0,0.0,0.0,0.0,0.0,0.0,0.0,0.0,0.0,0.0,0.0,0.0,0.08333333333333333
stage1d_single_agent_carry_bootstrap,4,1,35915,1828,1,120,100,1,0,59.10276412963867,0.0,0.0,1.0,0.16666666666666666,0.0,0,0,0,16,-1,16,-1,1.0,2,0.1875,0.3125,0.125,-0.48000000000000004,0.0,0.0,0.0,0.0,0.0,0.0,0.0,0.0,0.0,0.0,0.0,0.0,0.0,0.0,0.0625
stage1d_single_agent_carry_bootstrap,4,1,35924,1829,1,120,100,1,0,60.05324172973633,0.0,0.0,1.0,0.16666666666666666,0.0,0,0,0,9,-1,9,-1,1.0,0,0.0,0.1111111111111111,0.0,-0.08,0.0,0.0,0.0,0.0,0.0,0.0,0.0,0.0,0.0,0.0,0.0,0.0,0.0,0.0,0.1111111111111111
stage1d_single_agent_carry_bootstrap,4,1,35937,1830,1,120,100,1,0,59.84007263183594,0.0,0.0,1.0,0.23333333333333334,0.0,0,0,0,13,-1,13,-1,1.0,1,0.15384615384615385,0.23076923076923078,0.0,-0.24,0.0,0.0,0.0,0.0,0.0,0.0,0.0,0.0,0.0,0.0,0.0,0.0,0.0,0.0,0.07692307692307693
stage1d_single_agent_carry_bootstrap,4,1,35938,1831,1,120,100,1,0,59.99599838256836,0.0,0.0,1.0,0.03333333333333333,0.0,0,0,0,1,-1,1,-1,1.0,0,0.0,0.0,0.0,0.0,0.0,0.0,0.0,0.0,0.0,0.0,0.0,0.0,0.0,0.0,0.0,0.0,0.0,0.0,1.0
stage1d_single_agent_carry_bootstrap,4,1,35950,1832,1,120,100,1,0,59.708648681640625,0.0,0.0,1.0,0.16666666666666666,0.0,0,0,0,12,-1,12,-1,1.0,1,0.25,0.3333333333333333,0.08333333333333333,-0.36,0.0,0.0,0.0,0.0,0.0,0.0,0.0,0.0,0.0,0.0,0.0,0.0,0.0,0.0,0.08333333333333333
stage1d_single_agent_carry_bootstrap,4,1,35953,1833,1,120,100,1,0,60.00352096557617,0.0,0.0,1.0,0.06666666666666667,0.0,0,0,0,3,-1,3,-1,1.0,0,0.0,0.0,0.0,0.0,0.0,0.0,0.0,0.0,0.0,0.0,0.0,0.0,0.0,0.0,0.0,0.0,0.0,0.0,0.3333333333333333
stage1d_single_agent_carry_bootstrap,4,1,35965,1834,1,120,100,1,0,59.579872131347656,0.0,0.0,1.0,0.2,0.0,0,0,0,12,-1,12,-1,1.0,1,0.08333333333333333,0.25,0.0,-0.24,0.0,0.0,0.0,0.0,0.0,0.0,0.0,0.0,0.0,0.0,0.0,0.0,0.0,0.0,0.08333333333333333
stage1d_single_agent_carry_bootstrap,4,1,35976,1835,1,120,100,1,0,58.645050048828125,0.0,0.0,1.0,0.1,0.0,0,0,0,11,-1,11,-1,1.0,1,0.09090909090909091,0.2727272727272727,0.0,-0.24,0.0,0.0,0.0,0.0,0.0,0.0,0.0,0.0,0.0,0.0,0.0,0.0,0.0,0.0,0.09090909090909091
stage1d_single_agent_carry_bootstrap,4,1,35979,1836,1,120,100,1,0,60.00810623168945,0.0,0.0,1.0,0.1,0.0,0,0,0,3,-1,3,-1,1.0,0,0.0,0.0,0.0,0.0,0.0,0.0,0.0,0.0,0.0,0.0,0.0,0.0,0.0,0.0,0.0,0.0,0.0,0.0,0.3333333333333333
stage1d_single_agent_carry_bootstrap,4,1,35981,1837,1,120,100,1,0,59.9998893737793,0.0,0.0,1.0,0.03333333333333333,0.0,0,0,0,2,-1,2,-1,1.0,0,0.0,0.0,0.0,0.0,0.0,0.0,0.0,0.0,0.0,0.0,0.0,0.0,0.0,0.0,0.0,0.0,0.0,0.0,0.5
stage1d_single_agent_carry_bootstrap,4,1,35986,1838,1,120,100,1,0,60.104190826416016,0.0,0.0,1.0,0.1,0.0,0,0,0,5,-1,5,-1,1.0,0,0.0,0.0,0.0,0.0,0.0,0.0,0.0,0.0,0.0,0.0,0.0,0.0,0.0,0.0,0.0,0.0,0.0,0.0,0.2
stage1d_single_agent_carry_bootstrap,4,1,35993,1839,1,120,100,1,0,59.708988189697266,0.0,0.0,1.0,0.1,0.0,0,0,0,7,-1,7,-1,1.0,0,0.0,0.0,0.0,0.0,0.0,0.0,0.0,0.0,0.0,0.0,0.0,0.0,0.0,0.0,0.0,0.0,0.0,0.0,0.14285714285714285
stage1d_single_agent_carry_bootstrap,4,1,36002,1840,1,120,100,1,0,59.60072708129883,0.0,0.0,1.0,0.1,0.0,0,0,0,9,-1,9,-1,1.0,0,0.0,0.1111111111111111,0.1111111111111111,-0.12,0.0,0.0,0.0,0.0,0.0,0.0,0.0,0.0,0.0,0.0,0.0,0.0,0.0,0.0,0.1111111111111111
stage1d_single_agent_carry_bootstrap,4,1,36019,1841,1,120,100,1,0,59.49284362792969,0.0,0.0,1.0,0.3333333333333333,0.0,0,0,0,17,-1,17,-1,1.0,1,0.35294117647058826,0.4117647058823529,0.0,-0.56,0.0,0.0,0.0,0.0,0.0,0.0,0.0,0.0,0.0,0.0,0.0,0.0,0.0,0.0,0.058823529411764705
stage1d_single_agent_carry_bootstrap,4,1,36021,1842,1,120,100,1,0,60.00215530395508,0.0,0.0,1.0,0.03333333333333333,0.0,0,0,0,2,-1,2,-1,1.0,0,0.0,0.0,0.0,0.0,0.0,0.0,0.0,0.0,0.0,0.0,0.0,0.0,0.0,0.0,0.0,0.0,0.0,0.0,0.5
stage1d_single_agent_carry_bootstrap,4,1,36028,1843,1,120,100,1,0,59.736881256103516,0.0,0.0,1.0,0.1,0.0,0,0,0,7,-1,7,-1,1.0,1,0.2857142857142857,0.42857142857142855,0.14285714285714285,-0.28,0.0,0.0,0.0,0.0,0.0,0.0,0.0,0.0,0.0,0.0,0.0,0.0,0.0,0.0,0.14285714285714285
stage1d_single_agent_carry_bootstrap,4,1,36039,1844,1,120,100,1,0,59.8240852355957,0.0,0.0,1.0,0.13333333333333333,0.0,0,0,0,11,-1,11,-1,1.0,1,0.18181818181818182,0.2727272727272727,0.09090909090909091,-0.28,0.0,0.0,0.0,0.0,0.0,0.0,0.0,0.0,0.0,0.0,0.0,0.0,0.0,0.0,0.09090909090909091
stage1d_single_agent_carry_bootstrap,4,1,36041,1845,1,120,100,1,0,60.001766204833984,0.0,0.0,1.0,0.06666666666666667,0.0,0,0,0,2,-1,2,-1,1.0,0,0.0,0.0,0.0,0.0,0.0,0.0,0.0,0.0,0.0,0.0,0.0,0.0,0.0,0.0,0.0,0.0,0.0,0.0,0.5
stage1d_single_agent_carry_bootstrap,4,1,36054,1846,1,120,100,1,0,59.78399658203125,0.0,0.0,1.0,0.16666666666666666,0.0,0,0,0,13,-1,13,-1,1.0,1,0.23076923076923078,0.3076923076923077,0.07692307692307693,-0.36,0.0,0.0,0.0,0.0,0.0,0.0,0.0,0.0,0.0,0.0,0.0,0.0,0.0,0.0,0.07692307692307693
stage1d_single_agent_carry_bootstrap,4,1,36067,1847,1,120,100,1,0,59.743473052978516,0.0,0.0,1.0,0.2,0.0,0,0,0,13,-1,13,-1,1.0,2,0.15384615384615385,0.3076923076923077,0.15384615384615385,-0.4,0.0,0.0,0.0,0.0,0.0,0.0,0.0,0.0,0.0,0.0,0.0,0.0,0.0,0.0,0.07692307692307693
stage1d_single_agent_carry_bootstrap,4,1,36079,1848,1,120,100,1,0,59.89737319946289,0.0,0.0,1.0,0.13333333333333333,0.0,0,0,0,12,-1,12,-1,1.0,1,0.08333333333333333,0.16666666666666666,0.08333333333333333,-0.2,0.0,0.0,0.0,0.0,0.0,0.0,0.0,0.0,0.0,0.0,0.0,0.0,0.0,0.0,0.08333333333333333
stage1d_single_agent_carry_bootstrap,4,1,36083,1849,1,120,100,1,0,60.06004333496094,0.0,0.0,1.0,0.06666666666666667,0.0,0,0,0,4,-1,4,-1,1.0,0,0.0,0.0,0.0,0.0,0.0,0.0,0.0,0.0,0.0,0.0,0.0,0.0,0.0,0.0,0.0,0.0,0.0,0.0,0.25
stage1d_single_agent_carry_bootstrap,4,1,36101,1850,1,120,100,1,0,59.368831634521484,0.0,0.0,1.0,0.16666666666666666,0.0,0,0,0,18,-1,18,-1,1.0,2,0.2777777777777778,0.3888888888888889,0.1111111111111111,-0.64,0.0,0.0,0.0,0.0,0.0,0.0,0.0,0.0,0.0,0.0,0.0,0.0,0.0,0.0,0.05555555555555555
stage1d_single_agent_carry_bootstrap,4,1,36104,1851,1,120,100,1,0,60.01397705078125,0.0,0.0,1.0,0.06666666666666667,0.0,0,0,0,3,-1,3,-1,1.0,0,0.0,0.0,0.0,0.0,0.0,0.0,0.0,0.0,0.0,0.0,0.0,0.0,0.0,0.0,0.0,0.0,0.0,0.0,0.3333333333333333
stage1d_single_agent_carry_bootstrap,4,1,36114,1852,1,120,100,1,0,58.60612869262695,0.0,0.0,1.0,0.06666666666666667,0.0,0,0,0,10,-1,10,-1,1.0,2,0.4,0.6,0.1,-0.52,0.0,0.0,0.0,0.0,0.0,0.0,0.0,0.0,0.0,0.0,0.0,0.0,0.0,0.0,0.1
stage1d_single_agent_carry_bootstrap,4,1,36119,1853,1,120,100,1,0,60.10966491699219,0.0,0.0,1.0,0.1,0.0,0,0,0,5,-1,5,-1,1.0,0,0.0,0.0,0.0,0.0,0.0,0.0,0.0,0.0,0.0,0.0,0.0,0.0,0.0,0.0,0.0,0.0,0.0,0.0,0.2
stage1d_single_agent_carry_bootstrap,4,1,36122,1854,1,120,100,1,0,60.02045822143555,0.0,0.0,1.0,0.03333333333333333,0.0,0,0,0,3,-1,3,-1,1.0,0,0.0,0.0,0.0,0.0,0.0,0.0,0.0,0.0,0.0,0.0,0.0,0.0,0.0,0.0,0.0,0.0,0.0,0.0,0.3333333333333333
stage1d_single_agent_carry_bootstrap,4,1,36132,1855,1,120,100,1,0,59.56405258178711,0.0,0.0,1.0,0.13333333333333333,0.0,0,0,0,10,-1,10,-1,1.0,1,0.1,0.2,0.0,-0.16,0.0,0.0,0.0,0.0,0.0,0.0,0.0,0.0,0.0,0.0,0.0,0.0,0.0,0.0,0.1
stage1d_single_agent_carry_bootstrap,4,1,36136,1856,1,120,100,1,0,60.05958938598633,0.0,0.0,1.0,0.1,0.0,0,0,0,4,-1,4,-1,1.0,0,0.0,0.0,0.0,0.0,0.0,0.0,0.0,0.0,0.0,0.0,0.0,0.0,0.0,0.0,0.0,0.0,0.0,0.0,0.25
stage1d_single_agent_carry_bootstrap,4,1,36146,1857,1,120,100,1,0,59.66156768798828,0.0,0.0,1.0,0.13333333333333333,0.0,0,0,0,10,-1,10,-1,1.0,0,0.0,0.1,0.0,-0.08,0.0,0.0,0.0,0.0,0.0,0.0,0.0,0.0,0.0,0.0,0.0,0.0,0.0,0.0,0.1
stage1d_single_agent_carry_bootstrap,4,1,36148,1858,1,120,100,1,0,60.0018196105957,0.0,0.0,1.0,0.03333333333333333,0.0,0,0,0,2,-1,2,-1,1.0,0,0.0,0.0,0.0,0.0,0.0,0.0,0.0,0.0,0.0,0.0,0.0,0.0,0.0,0.0,0.0,0.0,0.0,0.0,0.5
stage1d_single_agent_carry_bootstrap,4,1,36153,1859,1,120,100,1,0,60.07387161254883,0.0,0.0,1.0,0.13333333333333333,0.0,0,0,0,5,-1,5,-1,1.0,0,0.0,0.0,0.0,0.0,0.0,0.0,0.0,0.0,0.0,0.0,0.0,0.0,0.0,0.0,0.0,0.0,0.0,0.0,0.2
stage1d_single_agent_carry_bootstrap,4,1,36164,1860,1,120,100,1,0,60.015953063964844,0.0,0.0,1.0,0.16666666666666666,0.0,0,0,0,11,-1,11,-1,1.0,1,0.09090909090909091,0.18181818181818182,0.0,-0.16,0.0,0.0,0.0,0.0,0.0,0.0,0.0,0.0,0.0,0.0,0.0,0.0,0.0,0.0,0.09090909090909091
stage1d_single_agent_carry_bootstrap,4,1,36175,1861,1,120,100,1,0,59.83854675292969,0.0,0.0,1.0,0.2,0.0,0,0,0,11,-1,11,-1,1.0,0,0.0,0.09090909090909091,0.0,-0.08,0.0,0.0,0.0,0.0,0.0,0.0,0.0,0.0,0.0,0.0,0.0,0.0,0.0,0.0,0.09090909090909091
stage1d_single_agent_carry_bootstrap,4,1,36188,1862,1,120,100,1,0,59.94063949584961,0.0,0.0,1.0,0.16666666666666666,0.0,0,0,0,13,-1,13,-1,1.0,1,0.15384615384615385,0.23076923076923078,0.07692307692307693,-0.28,0.0,0.0,0.0,0.0,0.0,0.0,0.0,0.0,0.0,0.0,0.0,0.0,0.0,0.0,0.07692307692307693
stage1d_single_agent_carry_bootstrap,4,1,36194,1863,1,120,100,1,0,60.153099060058594,0.0,0.0,1.0,0.1,0.0,0,0,0,6,-1,6,-1,1.0,0,0.0,0.0,0.0,0.0,0.0,0.0,0.0,0.0,0.0,0.0,0.0,0.0,0.0,0.0,0.0,0.0,0.0,0.0,0.16666666666666666
stage1d_single_agent_carry_bootstrap,4,1,36200,1864,1,120,100,1,0,59.70237731933594,0.0,0.0,1.0,0.13333333333333333,0.0,0,0,0,6,-1,6,-1,1.0,1,0.3333333333333333,0.5,0.16666666666666666,-0.28,0.0,0.0,0.0,0.0,0.0,0.0,0.0,0.0,0.0,0.0,0.0,0.0,0.0,0.0,0.16666666666666666
stage1d_single_agent_carry_bootstrap,4,1,36225,1865,1,120,100,1,0,58.700740814208984,0.0,0.0,1.0,0.26666666666666666,0.0,0,0,0,25,-1,25,-1,1.0,2,0.4,0.48,0.04,-0.9999999999999998,0.0,0.0,0.0,0.0,0.0,0.0,0.0,0.0,0.0,0.0,0.0,0.0,0.0,0.0,0.04
stage1d_single_agent_carry_bootstrap,4,1,36232,1866,1,120,100,1,0,60.20072555541992,0.0,0.0,1.0,0.16666666666666666,0.0,0,0,0,7,-1,7,-1,1.0,0,0.0,0.0,0.0,0.0,0.0,0.0,0.0,0.0,0.0,0.0,0.0,0.0,0.0,0.0,0.0,0.0,0.0,0.0,0.14285714285714285
stage1d_single_agent_carry_bootstrap,4,1,36237,1867,1,120,100,1,0,60.0875129699707,0.0,0.0,1.0,0.1,0.0,0,0,0,5,-1,5,-1,1.0,0,0.0,0.0,0.0,0.0,0.0,0.0,0.0,0.0,0.0,0.0,0.0,0.0,0.0,0.0,0.0,0.0,0.0,0.0,0.2
stage1d_single_agent_carry_bootstrap,4,1,36242,1868,1,120,100,1,0,60.081111907958984,0.0,0.0,1.0,0.1,0.0,0,0,0,5,-1,5,-1,1.0,0,0.0,0.0,0.0,0.0,0.0,0.0,0.0,0.0,0.0,0.0,0.0,0.0,0.0,0.0,0.0,0.0,0.0,0.0,0.2
stage1d_single_agent_carry_bootstrap,4,1,36244,1869,1,120,100,1,0,59.99729537963867,0.0,0.0,1.0,0.06666666666666667,0.0,0,0,0,2,-1,2,-1,1.0,0,0.0,0.0,0.0,0.0,0.0,0.0,0.0,0.0,0.0,0.0,0.0,0.0,0.0,0.0,0.0,0.0,0.0,0.0,0.5
stage1d_single_agent_carry_bootstrap,4,1,36251,1870,1,120,100,1,0,59.96607208251953,0.0,0.0,1.0,0.16666666666666666,0.0,0,0,0,7,-1,7,-1,1.0,0,0.0,0.14285714285714285,0.0,-0.08,0.0,0.0,0.0,0.0,0.0,0.0,0.0,0.0,0.0,0.0,0.0,0.0,0.0,0.0,0.14285714285714285
stage1d_single_agent_carry_bootstrap,4,1,36260,1871,1,120,100,1,0,59.004798889160156,0.0,0.0,1.0,0.06666666666666667,0.0,0,0,0,9,-1,9,-1,1.0,1,0.1111111111111111,0.2222222222222222,0.1111111111111111,-0.2,0.0,0.0,0.0,0.0,0.0,0.0,0.0,0.0,0.0,0.0,0.0,0.0,0.0,0.0,0.1111111111111111
stage1d_single_agent_carry_bootstrap,4,1,36262,1872,1,120,100,1,0,60.003173828125,0.0,0.0,1.0,0.06666666666666667,0.0,0,0,0,2,-1,2,-1,1.0,0,0.0,0.0,0.0,0.0,0.0,0.0,0.0,0.0,0.0,0.0,0.0,0.0,0.0,0.0,0.0,0.0,0.0,0.0,0.5
stage1d_single_agent_carry_bootstrap,4,1,36275,1873,1,120,100,1,0,59.70326614379883,0.0,0.0,1.0,0.13333333333333333,0.0,0,0,0,13,-1,13,-1,1.0,1,0.15384615384615385,0.3076923076923077,0.15384615384615385,-0.4,0.0,0.0,0.0,0.0,0.0,0.0,0.0,0.0,0.0,0.0,0.0,0.0,0.0,0.0,0.07692307692307693
stage1d_single_agent_carry_bootstrap,4,1,36278,1874,1,120,100,1,0,60.02064895629883,0.0,0.0,1.0,0.03333333333333333,0.0,0,0,0,3,-1,3,-1,1.0,0,0.0,0.0,0.0,0.0,0.0,0.0,0.0,0.0,0.0,0.0,0.0,0.0,0.0,0.0,0.0,0.0,0.0,0.0,0.3333333333333333
stage1d_single_agent_carry_bootstrap,4,1,36285,1875,1,120,100,1,0,59.53927993774414,0.0,0.0,1.0,0.1,0.0,0,0,0,7,-1,7,-1,1.0,0,0.0,0.14285714285714285,0.0,-0.08,0.0,0.0,0.0,0.0,0.0,0.0,0.0,0.0,0.0,0.0,0.0,0.0,0.0,0.0,0.14285714285714285
stage1d_single_agent_carry_bootstrap,4,1,36293,1876,1,120,100,1,0,59.187931060791016,0.0,0.0,1.0,0.1,0.0,0,0,0,8,-1,8,-1,1.0,1,0.25,0.5,0.125,-0.36,0.0,0.0,0.0,0.0,0.0,0.0,0.0,0.0,0.0,0.0,0.0,0.0,0.0,0.0,0.125
stage1d_single_agent_carry_bootstrap,4,1,36301,1877,1,120,100,1,0,60.22846984863281,0.0,0.0,1.0,0.2,0.0,0,0,0,8,-1,8,-1,1.0,0,0.0,0.0,0.0,0.0,0.0,0.0,0.0,0.0,0.0,0.0,0.0,0.0,0.0,0.0,0.0,0.0,0.0,0.0,0.125
stage1d_single_agent_carry_bootstrap,4,1,36308,1878,1,120,100,1,0,59.84737014770508,0.0,0.0,1.0,0.06666666666666667,0.0,0,0,0,7,-1,7,-1,1.0,1,0.14285714285714285,0.2857142857142857,0.14285714285714285,-0.2,0.0,0.0,0.0,0.0,0.0,0.0,0.0,0.0,0.0,0.0,0.0,0.0,0.0,0.0,0.14285714285714285
stage1d_single_agent_carry_bootstrap,4,1,36314,1879,1,120,100,1,0,60.103919982910156,0.0,0.0,1.0,0.13333333333333333,0.0,0,0,0,6,-1,6,-1,1.0,0,0.0,0.0,0.0,0.0,0.0,0.0,0.0,0.0,0.0,0.0,0.0,0.0,0.0,0.0,0.0,0.0,0.0,0.0,0.16666666666666666
stage1d_single_agent_carry_bootstrap,4,1,36319,1880,1,120,100,1,0,60.05064392089844,0.0,0.0,1.0,0.1,0.0,0,0,0,5,-1,5,-1,1.0,0,0.0,0.0,0.0,0.0,0.0,0.0,0.0,0.0,0.0,0.0,0.0,0.0,0.0,0.0,0.0,0.0,0.0,0.0,0.2
stage1d_single_agent_carry_bootstrap,4,1,36323,1881,1,120,100,1,0,60.057987213134766,0.0,0.0,1.0,0.1,0.0,0,0,0,4,-1,4,-1,1.0,0,0.0,0.0,0.0,0.0,0.0,0.0,0.0,0.0,0.0,0.0,0.0,0.0,0.0,0.0,0.0,0.0,0.0,0.0,0.25
stage1d_single_agent_carry_bootstrap,4,1,36332,1882,1,120,100,1,0,59.22208786010742,0.0,0.0,1.0,0.1,0.0,0,0,0,9,-1,9,-1,1.0,1,0.4444444444444444,0.5555555555555556,0.0,-0.4,0.0,0.0,0.0,0.0,0.0,0.0,0.0,0.0,0.0,0.0,0.0,0.0,0.0,0.0,0.1111111111111111
stage1d_single_agent_carry_bootstrap,4,1,36344,1883,1,120,100,1,0,59.704673767089844,0.0,0.0,1.0,0.16666666666666666,0.0,0,0,0,12,-1,12,-1,1.0,1,0.25,0.3333333333333333,0.08333333333333333,-0.36,0.0,0.0,0.0,0.0,0.0,0.0,0.0,0.0,0.0,0.0,0.0,0.0,0.0,0.0,0.08333333333333333
stage1d_single_agent_carry_bootstrap,4,1,36357,1884,1,120,100,1,0,59.773529052734375,0.0,0.0,1.0,0.16666666666666666,0.0,0,0,0,13,-1,13,-1,1.0,1,0.23076923076923078,0.3076923076923077,0.07692307692307693,-0.36,0.0,0.0,0.0,0.0,0.0,0.0,0.0,0.0,0.0,0.0,0.0,0.0,0.0,0.0,0.07692307692307693
stage1d_single_agent_carry_bootstrap,4,1,36361,1885,1,120,100,1,0,60.05995559692383,0.0,0.0,1.0,0.1,0.0,0,0,0,4,-1,4,-1,1.0,0,0.0,0.0,0.0,0.0,0.0,0.0,0.0,0.0,0.0,0.0,0.0,0.0,0.0,0.0,0.0,0.0,0.0,0.0,0.25
stage1d_single_agent_carry_bootstrap,4,1,36375,1886,1,120,100,1,0,59.803375244140625,0.0,0.0,1.0,0.2,0.0,0,0,0,14,-1,14,-1,1.0,1,0.21428571428571427,0.2857142857142857,0.07142857142857142,-0.36,0.0,0.0,0.0,0.0,0.0,0.0,0.0,0.0,0.0,0.0,0.0,0.0,0.0,0.0,0.07142857142857142
stage1d_single_agent_carry_bootstrap,4,1,36380,1887,1,120,100,1,0,60.106204986572266,0.0,0.0,1.0,0.1,0.0,0,0,0,5,-1,5,-1,1.0,0,0.0,0.0,0.0,0.0,0.0,0.0,0.0,0.0,0.0,0.0,0.0,0.0,0.0,0.0,0.0,0.0,0.0,0.0,0.2
stage1d_single_agent_carry_bootstrap,4,1,36387,1888,1,120,100,1,0,60.125732421875,0.0,0.0,1.0,0.13333333333333333,0.0,0,0,0,7,-1,7,-1,1.0,0,0.0,0.0,0.0,0.0,0.0,0.0,0.0,0.0,0.0,0.0,0.0,0.0,0.0,0.0,0.0,0.0,0.0,0.0,0.14285714285714285
stage1d_single_agent_carry_bootstrap,4,1,36398,1889,1,120,100,1,0,59.99753189086914,0.0,0.0,1.0,0.2,0.0,0,0,0,11,-1,11,-1,1.0,1,0.09090909090909091,0.18181818181818182,0.0,-0.16,0.0,0.0,0.0,0.0,0.0,0.0,0.0,0.0,0.0,0.0,0.0,0.0,0.0,0.0,0.09090909090909091
stage1d_single_agent_carry_bootstrap,4,1,36402,1890,1,120,100,1,0,60.039886474609375,0.0,0.0,1.0,0.06666666666666667,0.0,0,0,0,4,-1,4,-1,1.0,0,0.0,0.0,0.0,0.0,0.0,0.0,0.0,0.0,0.0,0.0,0.0,0.0,0.0,0.0,0.0,0.0,0.0,0.0,0.25
stage1d_single_agent_carry_bootstrap,4,1,36418,1891,1,120,100,1,0,59.56485366821289,0.0,0.0,1.0,0.23333333333333334,0.0,0,0,0,16,-1,16,-1,1.0,1,0.0625,0.125,0.0625,-0.2,0.0,0.0,0.0,0.0,0.0,0.0,0.0,0.0,0.0,0.0,0.0,0.0,0.0,0.0,0.0625
stage1d_single_agent_carry_bootstrap,4,1,36430,1892,1,120,100,1,0,59.84911346435547,0.0,0.0,1.0,0.2,0.0,0,0,0,12,-1,12,-1,1.0,1,0.16666666666666666,0.25,0.08333333333333333,-0.28,0.0,0.0,0.0,0.0,0.0,0.0,0.0,0.0,0.0,0.0,0.0,0.0,0.0,0.0,0.08333333333333333
stage1d_single_agent_carry_bootstrap,4,1,36444,1893,1,120,100,1,0,59.85725784301758,0.0,0.0,1.0,0.2,0.0,0,0,0,14,-1,14,-1,1.0,1,0.21428571428571427,0.2857142857142857,0.07142857142857142,-0.36,0.0,0.0,0.0,0.0,0.0,0.0,0.0,0.0,0.0,0.0,0.0,0.0,0.0,0.0,0.07142857142857142
stage1d_single_agent_carry_bootstrap,4,1,36449,1894,1,120,100,1,0,60.073448181152344,0.0,0.0,1.0,0.06666666666666667,0.0,0,0,0,5,-1,5,-1,1.0,0,0.0,0.0,0.0,0.0,0.0,0.0,0.0,0.0,0.0,0.0,0.0,0.0,0.0,0.0,0.0,0.0,0.0,0.0,0.2
stage1d_single_agent_carry_bootstrap,4,1,36455,1895,1,120,100,1,0,60.144866943359375,0.0,0.0,1.0,0.1,0.0,0,0,0,6,-1,6,-1,1.0,0,0.0,0.0,0.0,0.0,0.0,0.0,0.0,0.0,0.0,0.0,0.0,0.0,0.0,0.0,0.0,0.0,0.0,0.0,0.16666666666666666
stage1d_single_agent_carry_bootstrap,4,1,36466,1896,1,120,100,1,0,59.88739776611328,0.0,0.0,1.0,0.2,0.0,0,0,0,11,-1,11,-1,1.0,1,0.18181818181818182,0.2727272727272727,0.0,-0.24,0.0,0.0,0.0,0.0,0.0,0.0,0.0,0.0,0.0,0.0,0.0,0.0,0.0,0.0,0.09090909090909091
stage1d_single_agent_carry_bootstrap,4,1,36469,1897,1,120,100,1,0,60.021400451660156,0.0,0.0,1.0,0.06666666666666667,0.0,0,0,0,3,-1,3,-1,1.0,0,0.0,0.0,0.0,0.0,0.0,0.0,0.0,0.0,0.0,0.0,0.0,0.0,0.0,0.0,0.0,0.0,0.0,0.0,0.3333333333333333
stage1d_single_agent_carry_bootstrap,4,1,36477,1898,1,120,100,1,0,59.74583435058594,0.0,0.0,1.0,0.1,0.0,0,0,0,8,-1,8,-1,1.0,1,0.25,0.375,0.125,-0.28,0.0,0.0,0.0,0.0,0.0,0.0,0.0,0.0,0.0,0.0,0.0,0.0,0.0,0.0,0.125
stage1d_single_agent_carry_bootstrap,4,1,36486,1899,1,120,100,1,0,59.70753479003906,0.0,0.0,1.0,0.13333333333333333,0.0,0,0,0,9,-1,9,-1,1.0,0,0.0,0.1111111111111111,0.0,-0.08,0.0,0.0,0.0,0.0,0.0,0.0,0.0,0.0,0.0,0.0,0.0,0.0,0.0,0.0,0.1111111111111111
stage1d_single_agent_carry_bootstrap,4,1,36492,1900,1,120,100,1,0,60.161983489990234,0.0,0.0,1.0,0.16666666666666666,0.0,0,0,0,6,-1,6,-1,1.0,0,0.0,0.0,0.0,0.0,0.0,0.0,0.0,0.0,0.0,0.0,0.0,0.0,0.0,0.0,0.0,0.0,0.0,0.0,0.16666666666666666
stage1d_single_agent_carry_bootstrap,4,1,36497,1901,1,120,100,1,0,60.07841110229492,0.0,0.0,1.0,0.1,0.0,0,0,0,5,-1,5,-1,1.0,0,0.0,0.0,0.0,0.0,0.0,0.0,0.0,0.0,0.0,0.0,0.0,0.0,0.0,0.0,0.0,0.0,0.0,0.0,0.2
stage1d_single_agent_carry_bootstrap,4,1,36500,1902,1,120,100,1,0,60.01808547973633,0.0,0.0,1.0,0.1,0.0,0,0,0,3,-1,3,-1,1.0,0,0.0,0.0,0.0,0.0,0.0,0.0,0.0,0.0,0.0,0.0,0.0,0.0,0.0,0.0,0.0,0.0,0.0,0.0,0.3333333333333333
stage1d_single_agent_carry_bootstrap,4,1,36502,1903,1,120,100,1,0,59.99894714355469,0.0,0.0,1.0,0.06666666666666667,0.0,0,0,0,2,-1,2,-1,1.0,0,0.0,0.0,0.0,0.0,0.0,0.0,0.0,0.0,0.0,0.0,0.0,0.0,0.0,0.0,0.0,0.0,0.0,0.0,0.5
stage1d_single_agent_carry_bootstrap,4,1,36513,1904,1,120,100,1,0,59.69116973876953,0.0,0.0,1.0,0.16666666666666666,0.0,0,0,0,11,-1,11,-1,1.0,1,0.2727272727272727,0.36363636363636365,0.09090909090909091,-0.36,0.0,0.0,0.0,0.0,0.0,0.0,0.0,0.0,0.0,0.0,0.0,0.0,0.0,0.0,0.09090909090909091
stage1d_single_agent_carry_bootstrap,4,1,36522,1905,1,120,100,1,0,59.6319580078125,0.0,0.0,1.0,0.13333333333333333,0.0,0,0,0,9,-1,9,-1,1.0,1,0.3333333333333333,0.4444444444444444,0.1111111111111111,-0.36,0.0,0.0,0.0,0.0,0.0,0.0,0.0,0.0,0.0,0.0,0.0,0.0,0.0,0.0,0.1111111111111111
stage1d_single_agent_carry_bootstrap,4,1,36524,1906,1,120,100,1,0,60.003074645996094,0.0,0.0,1.0,0.03333333333333333,0.0,0,0,0,2,-1,2,-1,1.0,0,0.0,0.0,0.0,0.0,0.0,0.0,0.0,0.0,0.0,0.0,0.0,0.0,0.0,0.0,0.0,0.0,0.0,0.0,0.5
stage1d_single_agent_carry_bootstrap,4,1,36543,1907,1,120,100,1,0,58.34510040283203,0.0,0.0,1.0,0.23333333333333334,0.0,0,0,0,19,-1,19,-1,1.0,2,0.3684210526315789,0.47368421052631576,0.05263157894736842,-0.7599999999999999,0.0,0.0,0.0,0.0,0.0,0.0,0.0,0.0,0.0,0.0,0.0,0.0,0.0,0.0,0.05263157894736842
stage1d_single_agent_carry_bootstrap,4,1,36550,1908,1,120,100,1,0,60.1551513671875,0.0,0.0,1.0,0.1,0.0,0,0,0,7,-1,7,-1,1.0,0,0.0,0.0,0.0,0.0,0.0,0.0,0.0,0.0,0.0,0.0,0.0,0.0,0.0,0.0,0.0,0.0,0.0,0.0,0.14285714285714285
stage1d_single_agent_carry_bootstrap,4,1,36558,1909,1,120,100,1,0,59.72450637817383,0.0,0.0,1.0,0.1,0.0,0,0,0,8,-1,8,-1,1.0,1,0.25,0.375,0.125,-0.28,0.0,0.0,0.0,0.0,0.0,0.0,0.0,0.0,0.0,0.0,0.0,0.0,0.0,0.0,0.125
stage1d_single_agent_carry_bootstrap,4,1,36570,1910,1,120,100,1,0,59.74041748046875,0.0,0.0,1.0,0.16666666666666666,0.0,0,0,0,12,-1,12,-1,1.0,1,0.25,0.3333333333333333,0.08333333333333333,-0.36,0.0,0.0,0.0,0.0,0.0,0.0,0.0,0.0,0.0,0.0,0.0,0.0,0.0,0.0,0.08333333333333333
stage1d_single_agent_carry_bootstrap,4,1,36573,1911,1,120,100,1,0,60.02161407470703,0.0,0.0,1.0,0.03333333333333333,0.0,0,0,0,3,-1,3,-1,1.0,0,0.0,0.0,0.0,0.0,0.0,0.0,0.0,0.0,0.0,0.0,0.0,0.0,0.0,0.0,0.0,0.0,0.0,0.0,0.3333333333333333
stage1d_single_agent_carry_bootstrap,4,1,36580,1912,1,120,100,1,0,60.02871322631836,0.0,0.0,1.0,0.16666666666666666,0.0,0,0,0,7,-1,7,-1,1.0,0,0.0,0.14285714285714285,0.0,-0.08,0.0,0.0,0.0,0.0,0.0,0.0,0.0,0.0,0.0,0.0,0.0,0.0,0.0,0.0,0.14285714285714285
stage1d_single_agent_carry_bootstrap,4,1,36581,1913,1,120,100,1,0,59.99599838256836,0.0,0.0,1.0,0.03333333333333333,0.0,0,0,0,1,-1,1,-1,1.0,0,0.0,0.0,0.0,0.0,0.0,0.0,0.0,0.0,0.0,0.0,0.0,0.0,0.0,0.0,0.0,0.0,0.0,0.0,1.0
stage1d_single_agent_carry_bootstrap,4,1,36595,1914,1,120,100,1,0,59.92990493774414,0.0,0.0,1.0,0.16666666666666666,0.0,0,0,0,14,-1,14,-1,1.0,1,0.14285714285714285,0.21428571428571427,0.07142857142857142,-0.28,0.0,0.0,0.0,0.0,0.0,0.0,0.0,0.0,0.0,0.0,0.0,0.0,0.0,0.0,0.07142857142857142
stage1d_single_agent_carry_bootstrap,4,1,36601,1915,1,120,100,1,0,59.47480392456055,0.0,0.0,1.0,0.03333333333333333,0.0,0,0,0,6,-1,6,-1,1.0,1,0.6666666666666666,0.8333333333333334,0.3333333333333333,-0.48000000000000004,0.0,0.0,0.0,0.0,0.0,0.0,0.0,0.0,0.0,0.0,0.0,0.0,0.0,0.0,0.16666666666666666
stage1d_single_agent_carry_bootstrap,4,1,36606,1916,1,120,100,1,0,60.111759185791016,0.0,0.0,1.0,0.1,0.0,0,0,0,5,-1,5,-1,1.0,0,0.0,0.0,0.0,0.0,0.0,0.0,0.0,0.0,0.0,0.0,0.0,0.0,0.0,0.0,0.0,0.0,0.0,0.0,0.2
stage1d_single_agent_carry_bootstrap,4,1,36617,1917,1,120,100,1,0,59.52022171020508,0.0,0.0,1.0,0.2,0.0,0,0,0,11,-1,11,-1,1.0,1,0.18181818181818182,0.2727272727272727,0.0,-0.24,0.0,0.0,0.0,0.0,0.0,0.0,0.0,0.0,0.0,0.0,0.0,0.0,0.0,0.0,0.09090909090909091
stage1d_single_agent_carry_bootstrap,4,1,36618,1918,1,120,100,1,0,59.99599838256836,0.0,0.0,1.0,0.03333333333333333,0.0,0,0,0,1,-1,1,-1,1.0,0,0.0,0.0,0.0,0.0,0.0,0.0,0.0,0.0,0.0,0.0,0.0,0.0,0.0,0.0,0.0,0.0,0.0,0.0,1.0
stage1d_single_agent_carry_bootstrap,4,1,36629,1919,1,120,100,1,0,59.91342544555664,0.0,0.0,1.0,0.13333333333333333,0.0,0,0,0,11,-1,11,-1,1.0,1,0.09090909090909091,0.18181818181818182,0.09090909090909091,-0.2,0.0,0.0,0.0,0.0,0.0,0.0,0.0,0.0,0.0,0.0,0.0,0.0,0.0,0.0,0.09090909090909091
stage1d_single_agent_carry_bootstrap,4,1,36639,1920,1,120,100,1,0,60.154109954833984,0.0,0.0,1.0,0.16666666666666666,0.0,0,0,0,10,-1,10,-1,1.0,0,0.0,0.1,0.0,-0.08,0.0,0.0,0.0,0.0,0.0,0.0,0.0,0.0,0.0,0.0,0.0,0.0,0.0,0.0,0.1
stage1d_single_agent_carry_bootstrap,4,1,36643,1921,1,120,100,1,0,60.06031799316406,0.0,0.0,1.0,0.1,0.0,0,0,0,4,-1,4,-1,1.0,0,0.0,0.0,0.0,0.0,0.0,0.0,0.0,0.0,0.0,0.0,0.0,0.0,0.0,0.0,0.0,0.0,0.0,0.0,0.25
stage1d_single_agent_carry_bootstrap,4,1,36652,1922,1,120,100,1,0,59.502193450927734,0.0,0.0,1.0,0.1,0.0,0,0,0,9,-1,9,-1,1.0,0,0.0,0.2222222222222222,0.0,-0.16,0.0,0.0,0.0,0.0,0.0,0.0,0.0,0.0,0.0,0.0,0.0,0.0,0.0,0.0,0.1111111111111111
stage1d_single_agent_carry_bootstrap,4,1,36655,1923,1,120,100,1,0,60.021034240722656,0.0,0.0,1.0,0.06666666666666667,0.0,0,0,0,3,-1,3,-1,1.0,0,0.0,0.0,0.0,0.0,0.0,0.0,0.0,0.0,0.0,0.0,0.0,0.0,0.0,0.0,0.0,0.0,0.0,0.0,0.3333333333333333
stage1d_single_agent_carry_bootstrap,4,1,36659,1924,1,120,100,1,0,60.037418365478516,0.0,0.0,1.0,0.06666666666666667,0.0,0,0,0,4,-1,4,-1,1.0,0,0.0,0.0,0.0,0.0,0.0,0.0,0.0,0.0,0.0,0.0,0.0,0.0,0.0,0.0,0.0,0.0,0.0,0.0,0.25
stage1d_single_agent_carry_bootstrap,4,1,36669,1925,1,120,100,1,0,59.981815338134766,0.0,0.0,1.0,0.2,0.0,0,0,0,10,-1,10,-1,1.0,1,0.1,0.2,0.0,-0.16,0.0,0.0,0.0,0.0,0.0,0.0,0.0,0.0,0.0,0.0,0.0,0.0,0.0,0.0,0.1
stage1d_single_agent_carry_bootstrap,4,1,36672,1926,1,120,100,1,0,60.01591491699219,0.0,0.0,1.0,0.1,0.0,0,0,0,3,-1,3,-1,1.0,0,0.0,0.0,0.0,0.0,0.0,0.0,0.0,0.0,0.0,0.0,0.0,0.0,0.0,0.0,0.0,0.0,0.0,0.0,0.3333333333333333
stage1d_single_agent_carry_bootstrap,4,1,36683,1927,1,120,100,1,0,59.564697265625,0.0,0.0,1.0,0.13333333333333333,0.0,0,0,0,11,-1,11,-1,1.0,2,0.2727272727272727,0.45454545454545453,0.18181818181818182,-0.48000000000000004,0.0,0.0,0.0,0.0,0.0,0.0,0.0,0.0,0.0,0.0,0.0,0.0,0.0,0.0,0.09090909090909091
stage1d_single_agent_carry_bootstrap,4,1,36687,1928,1,120,100,1,0,60.03632736206055,0.0,0.0,1.0,0.06666666666666667,0.0,0,0,0,4,-1,4,-1,1.0,0,0.0,0.0,0.0,0.0,0.0,0.0,0.0,0.0,0.0,0.0,0.0,0.0,0.0,0.0,0.0,0.0,0.0,0.0,0.25
stage1d_single_agent_carry_bootstrap,4,1,36698,1929,1,120,100,1,0,59.50684356689453,0.0,0.0,1.0,0.16666666666666666,0.0,0,0,0,11,-1,11,-1,1.0,1,0.18181818181818182,0.2727272727272727,0.0,-0.24,0.0,0.0,0.0,0.0,0.0,0.0,0.0,0.0,0.0,0.0,0.0,0.0,0.0,0.0,0.09090909090909091
stage1d_single_agent_carry_bootstrap,4,1,36710,1930,1,120,100,1,0,59.732845306396484,0.0,0.0,1.0,0.16666666666666666,0.0,0,0,0,12,-1,12,-1,1.0,1,0.08333333333333333,0.16666666666666666,0.0,-0.16,0.0,0.0,0.0,0.0,0.0,0.0,0.0,0.0,0.0,0.0,0.0,0.0,0.0,0.0,0.08333333333333333
stage1d_single_agent_carry_bootstrap,4,1,36719,1931,1,120,100,1,0,59.414642333984375,0.0,0.0,1.0,0.13333333333333333,0.0,0,0,0,9,-1,9,-1,1.0,1,0.2222222222222222,0.3333333333333333,0.0,-0.24,0.0,0.0,0.0,0.0,0.0,0.0,0.0,0.0,0.0,0.0,0.0,0.0,0.0,0.0,0.1111111111111111
stage1d_single_agent_carry_bootstrap,4,1,36720,1932,1,120,100,1,0,59.99599838256836,0.0,0.0,1.0,0.03333333333333333,0.0,0,0,0,1,-1,1,-1,1.0,0,0.0,0.0,0.0,0.0,0.0,0.0,0.0,0.0,0.0,0.0,0.0,0.0,0.0,0.0,0.0,0.0,0.0,0.0,1.0
stage1d_single_agent_carry_bootstrap,4,1,36722,1933,1,120,100,1,0,60.00105667114258,0.0,0.0,1.0,0.03333333333333333,0.0,0,0,0,2,-1,2,-1,1.0,0,0.0,0.0,0.0,0.0,0.0,0.0,0.0,0.0,0.0,0.0,0.0,0.0,0.0,0.0,0.0,0.0,0.0,0.0,0.5
stage1d_single_agent_carry_bootstrap,4,1,36734,1934,1,120,100,1,0,59.510406494140625,0.0,0.0,1.0,0.2,0.0,0,0,0,12,-1,12,-1,1.0,1,0.16666666666666666,0.25,0.08333333333333333,-0.28,0.0,0.0,0.0,0.0,0.0,0.0,0.0,0.0,0.0,0.0,0.0,0.0,0.0,0.0,0.08333333333333333
stage1d_single_agent_carry_bootstrap,4,1,36747,1935,1,120,100,1,0,59.48361587524414,0.0,0.0,1.0,0.16666666666666666,0.0,0,0,0,13,-1,13,-1,1.0,1,0.3076923076923077,0.46153846153846156,0.07692307692307693,-0.52,0.0,0.0,0.0,0.0,0.0,0.0,0.0,0.0,0.0,0.0,0.0,0.0,0.0,0.0,0.07692307692307693
stage1d_single_agent_carry_bootstrap,4,1,36754,1936,1,120,100,1,0,60.15898513793945,0.0,0.0,1.0,0.16666666666666666,0.0,0,0,0,7,-1,7,-1,1.0,0,0.0,0.0,0.0,0.0,0.0,0.0,0.0,0.0,0.0,0.0,0.0,0.0,0.0,0.0,0.0,0.0,0.0,0.0,0.14285714285714285
stage1d_single_agent_carry_bootstrap,4,1,36763,1937,1,120,100,1,0,59.863834381103516,0.0,0.0,1.0,0.13333333333333333,0.0,0,0,0,9,-1,9,-1,1.0,1,0.1111111111111111,0.2222222222222222,0.1111111111111111,-0.2,0.0,0.0,0.0,0.0,0.0,0.0,0.0,0.0,0.0,0.0,0.0,0.0,0.0,0.0,0.1111111111111111
stage1d_single_agent_carry_bootstrap,4,1,36769,1938,1,120,100,1,0,60.10468292236328,0.0,0.0,1.0,0.13333333333333333,0.0,0,0,0,6,-1,6,-1,1.0,0,0.0,0.0,0.0,0.0,0.0,0.0,0.0,0.0,0.0,0.0,0.0,0.0,0.0,0.0,0.0,0.0,0.0,0.0,0.16666666666666666
stage1d_single_agent_carry_bootstrap,4,1,36772,1939,1,120,100,1,0,59.52021789550781,0.0,0.0,1.0,0.06666666666666667,0.0,0,0,0,3,-1,3,-1,1.0,0,0.0,0.3333333333333333,0.0,-0.08,0.0,0.0,0.0,0.0,0.0,0.0,0.0,0.0,0.0,0.0,0.0,0.0,0.0,0.0,0.3333333333333333
stage1d_single_agent_carry_bootstrap,4,1,36784,1940,1,120,100,1,0,59.88503646850586,0.0,0.0,1.0,0.16666666666666666,0.0,0,0,0,12,-1,12,-1,1.0,1,0.16666666666666666,0.25,0.08333333333333333,-0.28,0.0,0.0,0.0,0.0,0.0,0.0,0.0,0.0,0.0,0.0,0.0,0.0,0.0,0.0,0.08333333333333333
stage1d_single_agent_carry_bootstrap,4,1,36794,1941,1,120,100,1,0,59.92271041870117,0.0,0.0,1.0,0.1,0.0,0,0,0,10,-1,10,-1,1.0,1,0.1,0.2,0.1,-0.2,0.0,0.0,0.0,0.0,0.0,0.0,0.0,0.0,0.0,0.0,0.0,0.0,0.0,0.0,0.1
stage1d_single_agent_carry_bootstrap,4,1,36803,1942,1,120,100,1,0,59.59554672241211,0.0,0.0,1.0,0.1,0.0,0,0,0,9,-1,9,-1,1.0,0,0.0,0.1111111111111111,0.0,-0.08,0.0,0.0,0.0,0.0,0.0,0.0,0.0,0.0,0.0,0.0,0.0,0.0,0.0,0.0,0.1111111111111111
stage1d_single_agent_carry_bootstrap,4,1,36816,1943,1,120,100,1,0,59.86931610107422,0.0,0.0,1.0,0.13333333333333333,0.0,0,0,0,13,-1,13,-1,1.0,1,0.15384615384615385,0.23076923076923078,0.07692307692307693,-0.28,0.0,0.0,0.0,0.0,0.0,0.0,0.0,0.0,0.0,0.0,0.0,0.0,0.0,0.0,0.07692307692307693
stage1d_single_agent_carry_bootstrap,4,1,36828,1944,1,120,100,1,0,59.69596862792969,0.0,0.0,1.0,0.16666666666666666,0.0,0,0,0,12,-1,12,-1,1.0,1,0.25,0.3333333333333333,0.08333333333333333,-0.36,0.0,0.0,0.0,0.0,0.0,0.0,0.0,0.0,0.0,0.0,0.0,0.0,0.0,0.0,0.08333333333333333
stage1d_single_agent_carry_bootstrap,4,1,36844,1945,1,120,100,1,0,58.69734191894531,0.0,0.0,1.0,0.13333333333333333,0.0,0,0,0,16,-1,16,-1,1.0,2,0.25,0.4375,0.125,-0.64,0.0,0.0,0.0,0.0,0.0,0.0,0.0,0.0,0.0,0.0,0.0,0.0,0.0,0.0,0.0625
stage1d_single_agent_carry_bootstrap,4,1,36848,1946,1,120,100,1,0,60.030242919921875,0.0,0.0,1.0,0.1,0.0,0,0,0,4,-1,4,-1,1.0,0,0.0,0.0,0.0,0.0,0.0,0.0,0.0,0.0,0.0,0.0,0.0,0.0,0.0,0.0,0.0,0.0,0.0,0.0,0.25
stage1d_single_agent_carry_bootstrap,4,1,36854,1947,1,120,100,1,0,60.113372802734375,0.0,0.0,1.0,0.1,0.0,0,0,0,6,-1,6,-1,1.0,0,0.0,0.0,0.0,0.0,0.0,0.0,0.0,0.0,0.0,0.0,0.0,0.0,0.0,0.0,0.0,0.0,0.0,0.0,0.16666666666666666
stage1d_single_agent_carry_bootstrap,4,1,36866,1948,1,120,100,1,0,59.66756057739258,0.0,0.0,1.0,0.13333333333333333,0.0,0,0,0,12,-1,12,-1,1.0,1,0.25,0.3333333333333333,0.0,-0.32,0.0,0.0,0.0,0.0,0.0,0.0,0.0,0.0,0.0,0.0,0.0,0.0,0.0,0.0,0.08333333333333333
stage1d_single_agent_carry_bootstrap,4,1,36874,1949,1,120,100,1,0,60.2432746887207,0.0,0.0,1.0,0.16666666666666666,0.0,0,0,0,8,-1,8,-1,1.0,0,0.0,0.0,0.0,0.0,0.0,0.0,0.0,0.0,0.0,0.0,0.0,0.0,0.0,0.0,0.0,0.0,0.0,0.0,0.125
stage1d_single_agent_carry_bootstrap,4,1,36887,1950,1,120,100,1,0,59.89190673828125,0.0,0.0,1.0,0.23333333333333334,0.0,0,0,0,13,-1,13,-1,1.0,1,0.15384615384615385,0.23076923076923078,0.07692307692307693,-0.28,0.0,0.0,0.0,0.0,0.0,0.0,0.0,0.0,0.0,0.0,0.0,0.0,0.0,0.0,0.07692307692307693
stage1d_single_agent_carry_bootstrap,4,1,36899,1951,1,120,100,1,0,59.011322021484375,0.0,0.0,1.0,0.1,0.0,0,0,0,12,-1,12,-1,1.0,0,0.0,0.16666666666666666,0.08333333333333333,-0.2,0.0,0.0,0.0,0.0,0.0,0.0,0.0,0.0,0.0,0.0,0.0,0.0,0.0,0.0,0.08333333333333333
stage1d_single_agent_carry_bootstrap,4,1,36901,1952,1,120,100,1,0,60.00197982788086,0.0,0.0,1.0,0.03333333333333333,0.0,0,0,0,2,-1,2,-1,1.0,0,0.0,0.0,0.0,0.0,0.0,0.0,0.0,0.0,0.0,0.0,0.0,0.0,0.0,0.0,0.0,0.0,0.0,0.0,0.5
stage1d_single_agent_carry_bootstrap,4,1,36906,1953,1,120,100,1,0,60.106929779052734,0.0,0.0,1.0,0.1,0.0,0,0,0,5,-1,5,-1,1.0,0,0.0,0.0,0.0,0.0,0.0,0.0,0.0,0.0,0.0,0.0,0.0,0.0,0.0,0.0,0.0,0.0,0.0,0.0,0.2
stage1d_single_agent_carry_bootstrap,4,1,36917,1954,1,120,100,1,0,59.42831802368164,0.0,0.0,1.0,0.16666666666666666,0.0,0,0,0,11,-1,11,-1,1.0,1,0.18181818181818182,0.2727272727272727,0.0,-0.24,0.0,0.0,0.0,0.0,0.0,0.0,0.0,0.0,0.0,0.0,0.0,0.0,0.0,0.0,0.09090909090909091
stage1d_single_agent_carry_bootstrap,4,1,36922,1955,1,120,100,1,0,60.05443572998047,0.0,0.0,1.0,0.1,0.0,0,0,0,5,-1,5,-1,1.0,0,0.0,0.0,0.0,0.0,0.0,0.0,0.0,0.0,0.0,0.0,0.0,0.0,0.0,0.0,0.0,0.0,0.0,0.0,0.2
stage1d_single_agent_carry_bootstrap,4,1,36925,1956,1,120,100,1,0,60.00129699707031,0.0,0.0,1.0,0.03333333333333333,0.0,0,0,0,3,-1,3,-1,1.0,0,0.0,0.0,0.0,0.0,0.0,0.0,0.0,0.0,0.0,0.0,0.0,0.0,0.0,0.0,0.0,0.0,0.0,0.0,0.3333333333333333
stage1d_single_agent_carry_bootstrap,4,1,36932,1957,1,120,100,1,0,60.1737060546875,0.0,0.0,1.0,0.13333333333333333,0.0,0,0,0,7,-1,7,-1,1.0,0,0.0,0.0,0.0,0.0,0.0,0.0,0.0,0.0,0.0,0.0,0.0,0.0,0.0,0.0,0.0,0.0,0.0,0.0,0.14285714285714285
stage1d_single_agent_carry_bootstrap,4,1,36934,1958,1,120,100,1,0,59.99800109863281,0.0,0.0,1.0,0.03333333333333333,0.0,0,0,0,2,-1,2,-1,1.0,0,0.0,0.0,0.0,0.0,0.0,0.0,0.0,0.0,0.0,0.0,0.0,0.0,0.0,0.0,0.0,0.0,0.0,0.0,0.5
stage1d_single_agent_carry_bootstrap,4,1,36938,1959,1,120,100,1,0,60.060340881347656,0.0,0.0,1.0,0.1,0.0,0,0,0,4,-1,4,-1,1.0,0,0.0,0.0,0.0,0.0,0.0,0.0,0.0,0.0,0.0,0.0,0.0,0.0,0.0,0.0,0.0,0.0,0.0,0.0,0.25
stage1d_single_agent_carry_bootstrap,4,1,36951,1960,1,120,100,1,0,59.49441146850586,0.0,0.0,1.0,0.13333333333333333,0.0,0,0,0,13,-1,13,-1,1.0,1,0.07692307692307693,0.15384615384615385,0.15384615384615385,-0.24,0.0,0.0,0.0,0.0,0.0,0.0,0.0,0.0,0.0,0.0,0.0,0.0,0.0,0.0,0.07692307692307693
stage1d_single_agent_carry_bootstrap,4,1,36959,1961,1,120,100,1,0,60.25140380859375,0.0,0.0,1.0,0.16666666666666666,0.0,0,0,0,8,-1,8,-1,1.0,0,0.0,0.0,0.0,0.0,0.0,0.0,0.0,0.0,0.0,0.0,0.0,0.0,0.0,0.0,0.0,0.0,0.0,0.0,0.125
stage1d_single_agent_carry_bootstrap,4,1,36972,1962,1,120,100,1,0,59.77748489379883,0.0,0.0,1.0,0.16666666666666666,0.0,0,0,0,13,-1,13,-1,1.0,1,0.23076923076923078,0.3076923076923077,0.07692307692307693,-0.36,0.0,0.0,0.0,0.0,0.0,0.0,0.0,0.0,0.0,0.0,0.0,0.0,0.0,0.0,0.07692307692307693
stage1d_single_agent_carry_bootstrap,4,1,36984,1963,1,120,100,1,0,58.93464660644531,0.0,0.0,1.0,0.13333333333333333,0.0,0,0,0,12,-1,12,-1,1.0,2,0.4166666666666667,0.5833333333333334,0.08333333333333333,-0.6,0.0,0.0,0.0,0.0,0.0,0.0,0.0,0.0,0.0,0.0,0.0,0.0,0.0,0.0,0.08333333333333333
stage1d_single_agent_carry_bootstrap,4,1,36997,1964,1,120,100,1,0,58.7214469909668,0.0,0.0,1.0,0.13333333333333333,0.0,0,0,0,13,-1,13,-1,1.0,1,0.23076923076923078,0.38461538461538464,0.15384615384615385,-0.48000000000000004,0.0,0.0,0.0,0.0,0.0,0.0,0.0,0.0,0.0,0.0,0.0,0.0,0.0,0.0,0.07692307692307693
stage1d_single_agent_carry_bootstrap,4,1,37011,1965,1,120,100,1,0,59.795711517333984,0.0,0.0,1.0,0.26666666666666666,0.0,0,0,0,14,-1,14,-1,1.0,1,0.21428571428571427,0.2857142857142857,0.0,-0.32,0.0,0.0,0.0,0.0,0.0,0.0,0.0,0.0,0.0,0.0,0.0,0.0,0.0,0.0,0.07142857142857142
stage1d_single_agent_carry_bootstrap,4,1,37025,1966,1,120,100,1,0,59.46497344970703,0.0,0.0,1.0,0.16666666666666666,0.0,0,0,0,14,-1,14,-1,1.0,1,0.14285714285714285,0.21428571428571427,0.07142857142857142,-0.28,0.0,0.0,0.0,0.0,0.0,0.0,0.0,0.0,0.0,0.0,0.0,0.0,0.0,0.0,0.07142857142857142
stage1d_single_agent_carry_bootstrap,4,1,37038,1967,1,120,100,1,0,58.80846405029297,0.0,0.0,1.0,0.16666666666666666,0.0,0,0,0,13,-1,13,-1,1.0,1,0.6153846153846154,0.6923076923076923,0.0,-0.72,0.0,0.0,0.0,0.0,0.0,0.0,0.0,0.0,0.0,0.0,0.0,0.0,0.0,0.0,0.07692307692307693
stage1d_single_agent_carry_bootstrap,4,1,37042,1968,1,120,100,1,0,60.06056213378906,0.0,0.0,1.0,0.1,0.0,0,0,0,4,-1,4,-1,1.0,0,0.0,0.0,0.0,0.0,0.0,0.0,0.0,0.0,0.0,0.0,0.0,0.0,0.0,0.0,0.0,0.0,0.0,0.0,0.25
stage1d_single_agent_carry_bootstrap,4,1,37049,1969,1,120,100,1,0,60.16422653198242,0.0,0.0,1.0,0.16666666666666666,0.0,0,0,0,7,-1,7,-1,1.0,0,0.0,0.0,0.0,0.0,0.0,0.0,0.0,0.0,0.0,0.0,0.0,0.0,0.0,0.0,0.0,0.0,0.0,0.0,0.14285714285714285
stage1d_single_agent_carry_bootstrap,4,1,37069,1970,1,120,100,1,0,58.26173400878906,0.0,0.0,1.0,0.3333333333333333,0.0,0,0,0,20,-1,20,-1,1.0,1,0.7,0.75,0.05,-1.24,0.0,0.0,0.0,0.0,0.0,0.0,0.0,0.0,0.0,0.0,0.0,0.0,0.0,0.0,0.05
stage1d_single_agent_carry_bootstrap,4,1,37072,1971,1,120,100,1,0,60.021575927734375,0.0,0.0,1.0,0.06666666666666667,0.0,0,0,0,3,-1,3,-1,1.0,0,0.0,0.0,0.0,0.0,0.0,0.0,0.0,0.0,0.0,0.0,0.0,0.0,0.0,0.0,0.0,0.0,0.0,0.0,0.3333333333333333
stage1d_single_agent_carry_bootstrap,4,1,37077,1972,1,120,100,1,0,60.11150360107422,0.0,0.0,1.0,0.1,0.0,0,0,0,5,-1,5,-1,1.0,0,0.0,0.0,0.0,0.0,0.0,0.0,0.0,0.0,0.0,0.0,0.0,0.0,0.0,0.0,0.0,0.0,0.0,0.0,0.2
stage1d_single_agent_carry_bootstrap,4,1,37081,1973,1,120,100,1,0,60.057308197021484,0.0,0.0,1.0,0.06666666666666667,0.0,0,0,0,4,-1,4,-1,1.0,0,0.0,0.0,0.0,0.0,0.0,0.0,0.0,0.0,0.0,0.0,0.0,0.0,0.0,0.0,0.0,0.0,0.0,0.0,0.25
stage1d_single_agent_carry_bootstrap,4,1,37094,1974,1,120,100,1,0,59.93892288208008,0.0,0.0,1.0,0.23333333333333334,0.0,0,0,0,13,-1,13,-1,1.0,1,0.15384615384615385,0.23076923076923078,0.07692307692307693,-0.28,0.0,0.0,0.0,0.0,0.0,0.0,0.0,0.0,0.0,0.0,0.0,0.0,0.0,0.0,0.07692307692307693
stage1d_single_agent_carry_bootstrap,4,1,37099,1975,1,120,100,1,0,60.07481384277344,0.0,0.0,1.0,0.1,0.0,0,0,0,5,-1,5,-1,1.0,0,0.0,0.0,0.0,0.0,0.0,0.0,0.0,0.0,0.0,0.0,0.0,0.0,0.0,0.0,0.0,0.0,0.0,0.0,0.2
stage1d_single_agent_carry_bootstrap,4,1,37110,1976,1,120,100,1,0,59.65174102783203,0.0,0.0,1.0,0.2,0.0,0,0,0,11,-1,11,-1,1.0,0,0.0,0.09090909090909091,0.0,-0.08,0.0,0.0,0.0,0.0,0.0,0.0,0.0,0.0,0.0,0.0,0.0,0.0,0.0,0.0,0.09090909090909091
stage1d_single_agent_carry_bootstrap,4,1,37120,1977,1,120,100,1,0,59.766666412353516,0.0,0.0,1.0,0.1,0.0,0,0,0,10,-1,10,-1,1.0,1,0.2,0.3,0.1,-0.28,0.0,0.0,0.0,0.0,0.0,0.0,0.0,0.0,0.0,0.0,0.0,0.0,0.0,0.0,0.1
stage1d_single_agent_carry_bootstrap,4,1,37129,1978,1,120,100,1,0,59.73063659667969,0.0,0.0,1.0,0.1,0.0,0,0,0,9,-1,9,-1,1.0,1,0.2222222222222222,0.3333333333333333,0.1111111111111111,-0.28,0.0,0.0,0.0,0.0,0.0,0.0,0.0,0.0,0.0,0.0,0.0,0.0,0.0,0.0,0.1111111111111111
stage1d_single_agent_carry_bootstrap,4,1,37137,1979,1,120,100,1,0,59.559024810791016,0.0,0.0,1.0,0.1,0.0,0,0,0,8,-1,8,-1,1.0,0,0.0,0.125,0.0,-0.08,0.0,0.0,0.0,0.0,0.0,0.0,0.0,0.0,0.0,0.0,0.0,0.0,0.0,0.0,0.125
stage1d_single_agent_carry_bootstrap,4,1,37143,1980,1,120,100,1,0,59.6644287109375,0.0,0.0,1.0,0.06666666666666667,0.0,0,0,0,6,-1,6,-1,1.0,0,0.0,0.0,0.0,0.0,0.0,0.0,0.0,0.0,0.0,0.0,0.0,0.0,0.0,0.0,0.0,0.0,0.0,0.0,0.16666666666666666
stage1d_single_agent_carry_bootstrap,4,1,37152,1981,1,120,100,1,0,59.725059509277344,0.0,0.0,1.0,0.13333333333333333,0.0,0,0,0,9,-1,9,-1,1.0,1,0.2222222222222222,0.3333333333333333,0.1111111111111111,-0.28,0.0,0.0,0.0,0.0,0.0,0.0,0.0,0.0,0.0,0.0,0.0,0.0,0.0,0.0,0.1111111111111111
stage1d_single_agent_carry_bootstrap,4,1,37160,1982,1,120,100,1,0,59.43107223510742,0.0,0.0,1.0,0.1,0.0,0,0,0,8,-1,8,-1,1.0,0,0.0,0.25,0.125,-0.2,0.0,0.0,0.0,0.0,0.0,0.0,0.0,0.0,0.0,0.0,0.0,0.0,0.0,0.0,0.125
stage1d_single_agent_carry_bootstrap,4,1,37176,1983,1,120,100,1,0,59.302467346191406,0.0,0.0,1.0,0.26666666666666666,0.0,0,0,0,16,-1,16,-1,1.0,1,0.25,0.3125,0.0,-0.4,0.0,0.0,0.0,0.0,0.0,0.0,0.0,0.0,0.0,0.0,0.0,0.0,0.0,0.0,0.0625
stage1d_single_agent_carry_bootstrap,4,1,37180,1984,1,120,100,1,0,60.04671859741211,0.0,0.0,1.0,0.06666666666666667,0.0,0,0,0,4,-1,4,-1,1.0,0,0.0,0.0,0.0,0.0,0.0,0.0,0.0,0.0,0.0,0.0,0.0,0.0,0.0,0.0,0.0,0.0,0.0,0.0,0.25
stage1d_single_agent_carry_bootstrap,4,1,37192,1985,1,120,100,1,0,59.36129379272461,0.0,0.0,1.0,0.13333333333333333,0.0,0,0,0,12,-1,12,-1,1.0,1,0.5,0.5833333333333334,0.08333333333333333,-0.6,0.0,0.0,0.0,0.0,0.0,0.0,0.0,0.0,0.0,0.0,0.0,0.0,0.0,0.0,0.08333333333333333
stage1d_single_agent_carry_bootstrap,4,1,37200,1986,1,120,100,1,0,60.094261169433594,0.0,0.0,1.0,0.13333333333333333,0.0,0,0,0,8,-1,8,-1,1.0,0,0.0,0.125,0.0,-0.08,0.0,0.0,0.0,0.0,0.0,0.0,0.0,0.0,0.0,0.0,0.0,0.0,0.0,0.0,0.125
stage1d_single_agent_carry_bootstrap,4,1,37209,1987,1,120,100,1,0,59.83484649658203,0.0,0.0,1.0,0.06666666666666667,0.0,0,0,0,9,-1,9,-1,1.0,1,0.1111111111111111,0.2222222222222222,0.1111111111111111,-0.2,0.0,0.0,0.0,0.0,0.0,0.0,0.0,0.0,0.0,0.0,0.0,0.0,0.0,0.0,0.1111111111111111
stage1d_single_agent_carry_bootstrap,4,1,37221,1988,1,120,100,1,0,58.91707229614258,0.0,0.0,1.0,0.16666666666666666,0.0,0,0,0,12,-1,12,-1,1.0,1,0.25,0.3333333333333333,0.0,-0.32,0.0,0.0,0.0,0.0,0.0,0.0,0.0,0.0,0.0,0.0,0.0,0.0,0.0,0.0,0.08333333333333333
stage1d_single_agent_carry_bootstrap,4,1,37227,1989,1,120,100,1,0,60.163082122802734,0.0,0.0,1.0,0.1,0.0,0,0,0,6,-1,6,-1,1.0,0,0.0,0.0,0.0,0.0,0.0,0.0,0.0,0.0,0.0,0.0,0.0,0.0,0.0,0.0,0.0,0.0,0.0,0.0,0.16666666666666666
stage1d_single_agent_carry_bootstrap,4,1,37237,1990,1,120,100,1,0,59.60240936279297,0.0,0.0,1.0,0.1,0.0,0,0,0,10,-1,10,-1,1.0,0,0.0,0.1,0.0,-0.08,0.0,0.0,0.0,0.0,0.0,0.0,0.0,0.0,0.0,0.0,0.0,0.0,0.0,0.0,0.1
stage1d_single_agent_carry_bootstrap,4,1,37246,1991,1,120,100,1,0,58.58108901977539,0.0,0.0,1.0,0.06666666666666667,0.0,0,0,0,9,-1,9,-1,1.0,1,0.1111111111111111,0.3333333333333333,0.0,-0.24,0.0,0.0,0.0,0.0,0.0,0.0,0.0,0.0,0.0,0.0,0.0,0.0,0.0,0.0,0.1111111111111111
stage1d_single_agent_carry_bootstrap,4,1,37257,1992,1,120,100,1,0,59.6880989074707,0.0,0.0,1.0,0.1,0.0,0,0,0,11,-1,11,-1,1.0,1,0.2727272727272727,0.36363636363636365,0.09090909090909091,-0.36,0.0,0.0,0.0,0.0,0.0,0.0,0.0,0.0,0.0,0.0,0.0,0.0,0.0,0.0,0.09090909090909091
stage1d_single_agent_carry_bootstrap,4,1,37271,1993,1,120,100,1,0,59.188438415527344,0.0,0.0,1.0,0.23333333333333334,0.0,0,0,0,14,-1,14,-1,1.0,1,0.07142857142857142,0.21428571428571427,0.0,-0.24,0.0,0.0,0.0,0.0,0.0,0.0,0.0,0.0,0.0,0.0,0.0,0.0,0.0,0.0,0.07142857142857142
stage1d_single_agent_carry_bootstrap,4,1,37287,1994,1,120,100,1,0,59.50239562988281,0.0,0.0,1.0,0.13333333333333333,0.0,0,0,0,16,-1,16,-1,1.0,2,0.25,0.375,0.125,-0.56,0.0,0.0,0.0,0.0,0.0,0.0,0.0,0.0,0.0,0.0,0.0,0.0,0.0,0.0,0.0625
stage1d_single_agent_carry_bootstrap,4,1,37291,1995,1,120,100,1,0,60.05363082885742,0.0,0.0,1.0,0.1,0.0,0,0,0,4,-1,4,-1,1.0,0,0.0,0.0,0.0,0.0,0.0,0.0,0.0,0.0,0.0,0.0,0.0,0.0,0.0,0.0,0.0,0.0,0.0,0.0,0.25
stage1d_single_agent_carry_bootstrap,4,1,37302,1996,1,120,100,1,0,59.5600471496582,0.0,0.0,1.0,0.13333333333333333,0.0,0,0,0,11,-1,11,-1,1.0,1,0.18181818181818182,0.2727272727272727,0.0,-0.24,0.0,0.0,0.0,0.0,0.0,0.0,0.0,0.0,0.0,0.0,0.0,0.0,0.0,0.0,0.09090909090909091
stage1d_single_agent_carry_bootstrap,4,1,37310,1997,1,120,100,1,0,60.047725677490234,0.0,0.0,1.0,0.13333333333333333,0.0,0,0,0,8,-1,8,-1,1.0,0,0.0,0.125,0.0,-0.08,0.0,0.0,0.0,0.0,0.0,0.0,0.0,0.0,0.0,0.0,0.0,0.0,0.0,0.0,0.125
stage1d_single_agent_carry_bootstrap,4,1,37323,1998,1,120,100,1,0,59.883628845214844,0.0,0.0,1.0,0.16666666666666666,0.0,0,0,0,13,-1,13,-1,1.0,1,0.15384615384615385,0.23076923076923078,0.07692307692307693,-0.28,0.0,0.0,0.0,0.0,0.0,0.0,0.0,0.0,0.0,0.0,0.0,0.0,0.0,0.0,0.07692307692307693
stage1d_single_agent_carry_bootstrap,4,1,37337,1999,1,120,100,1,0,59.056007385253906,0.0,0.0,1.0,0.23333333333333334,0.0,0,0,0,14,-1,14,-1,1.0,1,0.42857142857142855,0.5,0.0,-0.56,0.0,0.0,0.0,0.0,0.0,0.0,0.0,0.0,0.0,0.0,0.0,0.0,0.0,0.0,0.07142857142857142
stage1d_single_agent_carry_bootstrap,4,1,37339,2000,1,120,100,1,0,60.00153350830078,0.0,0.0,1.0,0.06666666666666667,0.0,0,0,0,2,-1,2,-1,1.0,0,0.0,0.0,0.0,0.0,0.0,0.0,0.0,0.0,0.0,0.0,0.0,0.0,0.0,0.0,0.0,0.0,0.0,0.0,0.5
stage1d_single_agent_carry_bootstrap,4,1,37348,2001,1,120,100,1,0,59.56121063232422,0.0,0.0,1.0,0.06666666666666667,0.0,0,0,0,9,-1,9,-1,1.0,1,0.4444444444444444,0.5555555555555556,0.1111111111111111,-0.44,0.0,0.0,0.0,0.0,0.0,0.0,0.0,0.0,0.0,0.0,0.0,0.0,0.0,0.0,0.1111111111111111
stage1d_single_agent_carry_bootstrap,4,1,37369,2002,1,120,100,1,0,58.82223892211914,0.0,0.0,1.0,0.26666666666666666,0.0,0,0,0,21,-1,21,-1,1.0,1,0.38095238095238093,0.42857142857142855,0.047619047619047616,-0.7599999999999999,0.0,0.0,0.0,0.0,0.0,0.0,0.0,0.0,0.0,0.0,0.0,0.0,0.0,0.0,0.047619047619047616
stage1d_single_agent_carry_bootstrap,4,1,37379,2003,1,120,100,1,0,59.334495544433594,0.0,0.0,1.0,0.1,0.0,0,0,0,10,-1,10,-1,1.0,1,0.2,0.3,0.1,-0.28,0.0,0.0,0.0,0.0,0.0,0.0,0.0,0.0,0.0,0.0,0.0,0.0,0.0,0.0,0.1
stage1d_single_agent_carry_bootstrap,4,1,37385,2004,1,120,100,1,0,60.09166717529297,0.0,0.0,1.0,0.13333333333333333,0.0,0,0,0,6,-1,6,-1,1.0,0,0.0,0.0,0.0,0.0,0.0,0.0,0.0,0.0,0.0,0.0,0.0,0.0,0.0,0.0,0.0,0.0,0.0,0.0,0.16666666666666666
stage1d_single_agent_carry_bootstrap,4,1,37390,2005,1,120,100,1,0,60.10743713378906,0.0,0.0,1.0,0.1,0.0,0,0,0,5,-1,5,-1,1.0,0,0.0,0.0,0.0,0.0,0.0,0.0,0.0,0.0,0.0,0.0,0.0,0.0,0.0,0.0,0.0,0.0,0.0,0.0,0.2
stage1d_single_agent_carry_bootstrap,4,1,37405,2006,1,120,100,1,0,59.32033920288086,0.0,0.0,1.0,0.23333333333333334,0.0,0,0,0,15,-1,15,-1,1.0,2,0.2,0.3333333333333333,0.0,-0.4,0.0,0.0,0.0,0.0,0.0,0.0,0.0,0.0,0.0,0.0,0.0,0.0,0.0,0.0,0.06666666666666667
stage1d_single_agent_carry_bootstrap,4,1,37423,2007,1,120,100,1,0,59.3685417175293,0.0,0.0,1.0,0.16666666666666666,0.0,0,0,0,18,-1,18,-1,1.0,2,0.2777777777777778,0.3888888888888889,0.1111111111111111,-0.64,0.0,0.0,0.0,0.0,0.0,0.0,0.0,0.0,0.0,0.0,0.0,0.0,0.0,0.0,0.05555555555555555
stage1d_single_agent_carry_bootstrap,4,1,37431,2008,1,120,100,1,0,59.57951736450195,0.0,0.0,1.0,0.1,0.0,0,0,0,8,-1,8,-1,1.0,0,0.0,0.125,0.0,-0.08,0.0,0.0,0.0,0.0,0.0,0.0,0.0,0.0,0.0,0.0,0.0,0.0,0.0,0.0,0.125
stage1d_single_agent_carry_bootstrap,4,1,37440,2009,1,120,100,1,0,59.50532913208008,0.0,0.0,1.0,0.1,0.0,0,0,0,9,-1,9,-1,1.0,1,0.1111111111111111,0.2222222222222222,0.0,-0.16,0.0,0.0,0.0,0.0,0.0,0.0,0.0,0.0,0.0,0.0,0.0,0.0,0.0,0.0,0.1111111111111111
stage1d_single_agent_carry_bootstrap,4,1,37453,2010,1,120,100,1,0,59.741390228271484,0.0,0.0,1.0,0.2,0.0,0,0,0,13,-1,13,-1,1.0,1,0.23076923076923078,0.3076923076923077,0.07692307692307693,-0.36,0.0,0.0,0.0,0.0,0.0,0.0,0.0,0.0,0.0,0.0,0.0,0.0,0.0,0.0,0.07692307692307693
stage1d_single_agent_carry_bootstrap,4,1,37463,2011,1,120,100,1,0,59.823509216308594,0.0,0.0,1.0,0.1,0.0,0,0,0,10,-1,10,-1,1.0,1,0.2,0.3,0.1,-0.28,0.0,0.0,0.0,0.0,0.0,0.0,0.0,0.0,0.0,0.0,0.0,0.0,0.0,0.0,0.1
stage1d_single_agent_carry_bootstrap,4,1,37470,2012,1,120,100,1,0,59.567176818847656,0.0,0.0,1.0,0.06666666666666667,0.0,0,0,0,7,-1,7,-1,1.0,1,0.42857142857142855,0.5714285714285714,0.2857142857142857,-0.4,0.0,0.0,0.0,0.0,0.0,0.0,0.0,0.0,0.0,0.0,0.0,0.0,0.0,0.0,0.14285714285714285
stage1d_single_agent_carry_bootstrap,4,1,37483,2013,1,120,100,1,0,59.73003387451172,0.0,0.0,1.0,0.13333333333333333,0.0,0,0,0,13,-1,13,-1,1.0,1,0.23076923076923078,0.3076923076923077,0.07692307692307693,-0.36,0.0,0.0,0.0,0.0,0.0,0.0,0.0,0.0,0.0,0.0,0.0,0.0,0.0,0.0,0.07692307692307693
stage1d_single_agent_carry_bootstrap,4,1,37488,2014,1,120,100,1,0,60.104549407958984,0.0,0.0,1.0,0.1,0.0,0,0,0,5,-1,5,-1,1.0,0,0.0,0.0,0.0,0.0,0.0,0.0,0.0,0.0,0.0,0.0,0.0,0.0,0.0,0.0,0.0,0.0,0.0,0.0,0.2
stage1d_single_agent_carry_bootstrap,4,1,37491,2015,1,120,100,1,0,60.021278381347656,0.0,0.0,1.0,0.06666666666666667,0.0,0,0,0,3,-1,3,-1,1.0,0,0.0,0.0,0.0,0.0,0.0,0.0,0.0,0.0,0.0,0.0,0.0,0.0,0.0,0.0,0.0,0.0,0.0,0.0,0.3333333333333333
stage1d_single_agent_carry_bootstrap,4,1,37495,2016,1,120,100,1,0,60.05968475341797,0.0,0.0,1.0,0.06666666666666667,0.0,0,0,0,4,-1,4,-1,1.0,0,0.0,0.0,0.0,0.0,0.0,0.0,0.0,0.0,0.0,0.0,0.0,0.0,0.0,0.0,0.0,0.0,0.0,0.0,0.25
stage1d_single_agent_carry_bootstrap,4,1,37505,2017,1,120,100,1,0,59.28551483154297,0.0,0.0,1.0,0.16666666666666666,0.0,0,0,0,10,-1,10,-1,1.0,2,0.2,0.4,0.0,-0.32,0.0,0.0,0.0,0.0,0.0,0.0,0.0,0.0,0.0,0.0,0.0,0.0,0.0,0.0,0.1
stage1d_single_agent_carry_bootstrap,4,1,37509,2018,1,120,100,1,0,60.060699462890625,0.0,0.0,1.0,0.1,0.0,0,0,0,4,-1,4,-1,1.0,0,0.0,0.0,0.0,0.0,0.0,0.0,0.0,0.0,0.0,0.0,0.0,0.0,0.0,0.0,0.0,0.0,0.0,0.0,0.25
stage1d_single_agent_carry_bootstrap,4,1,37511,2019,1,120,100,1,0,60.001319885253906,0.0,0.0,1.0,0.03333333333333333,0.0,0,0,0,2,-1,2,-1,1.0,0,0.0,0.0,0.0,0.0,0.0,0.0,0.0,0.0,0.0,0.0,0.0,0.0,0.0,0.0,0.0,0.0,0.0,0.0,0.5
stage1d_single_agent_carry_bootstrap,4,1,37523,2020,1,120,100,1,0,58.97575759887695,0.0,0.0,1.0,0.16666666666666666,0.0,0,0,0,12,-1,12,-1,1.0,1,0.5,0.5833333333333334,0.0,-0.56,0.0,0.0,0.0,0.0,0.0,0.0,0.0,0.0,0.0,0.0,0.0,0.0,0.0,0.0,0.08333333333333333
stage1d_single_agent_carry_bootstrap,4,1,37525,2021,1,120,100,1,0,60.00082778930664,0.0,0.0,1.0,0.06666666666666667,0.0,0,0,0,2,-1,2,-1,1.0,0,0.0,0.0,0.0,0.0,0.0,0.0,0.0,0.0,0.0,0.0,0.0,0.0,0.0,0.0,0.0,0.0,0.0,0.0,0.5
stage1d_single_agent_carry_bootstrap,4,1,37544,2022,1,120,100,1,0,59.19197082519531,0.0,0.0,1.0,0.16666666666666666,0.0,0,0,0,19,-1,19,-1,1.0,2,0.3684210526315789,0.47368421052631576,0.10526315789473684,-0.7999999999999999,0.0,0.0,0.0,0.0,0.0,0.0,0.0,0.0,0.0,0.0,0.0,0.0,0.0,0.0,0.05263157894736842
stage1d_single_agent_carry_bootstrap,4,1,37559,2023,1,120,100,1,0,59.302268981933594,0.0,0.0,1.0,0.23333333333333334,0.0,0,0,0,15,-1,15,-1,1.0,2,0.2,0.3333333333333333,0.0,-0.4,0.0,0.0,0.0,0.0,0.0,0.0,0.0,0.0,0.0,0.0,0.0,0.0,0.0,0.0,0.06666666666666667
stage1d_single_agent_carry_bootstrap,4,1,37589,2024,1,120,100,1,0,58.06739807128906,0.0,0.0,1.0,0.3333333333333333,0.0,0,0,0,30,-1,30,-1,1.0,2,0.4,0.4666666666666667,0.06666666666666667,-1.2,0.0,0.0,0.0,0.0,0.0,0.0,0.0,0.0,0.0,0.0,0.0,0.0,0.0,0.0,0.03333333333333333
stage1d_single_agent_carry_bootstrap,4,1,37603,2025,1,120,100,1,0,59.1200065612793,0.0,0.0,1.0,0.23333333333333334,0.0,0,0,0,14,-1,14,-1,1.0,1,0.2857142857142857,0.42857142857142855,0.0,-0.48000000000000004,0.0,0.0,0.0,0.0,0.0,0.0,0.0,0.0,0.0,0.0,0.0,0.0,0.0,0.0,0.07142857142857142
stage1d_single_agent_carry_bootstrap,4,1,37612,2026,1,120,100,1,0,59.51144027709961,0.0,0.0,1.0,0.13333333333333333,0.0,0,0,0,9,-1,9,-1,1.0,1,0.1111111111111111,0.2222222222222222,0.0,-0.16,0.0,0.0,0.0,0.0,0.0,0.0,0.0,0.0,0.0,0.0,0.0,0.0,0.0,0.0,0.1111111111111111
stage1d_single_agent_carry_bootstrap,4,1,37621,2027,1,120,100,1,0,59.74732208251953,0.0,0.0,1.0,0.1,0.0,0,0,0,9,-1,9,-1,1.0,1,0.2222222222222222,0.3333333333333333,0.1111111111111111,-0.28,0.0,0.0,0.0,0.0,0.0,0.0,0.0,0.0,0.0,0.0,0.0,0.0,0.0,0.0,0.1111111111111111
stage1d_single_agent_carry_bootstrap,4,1,37639,2028,1,120,100,1,0,59.20844650268555,0.0,0.0,1.0,0.16666666666666666,0.0,0,0,0,18,-1,18,-1,1.0,2,0.2222222222222222,0.3333333333333333,0.05555555555555555,-0.52,0.0,0.0,0.0,0.0,0.0,0.0,0.0,0.0,0.0,0.0,0.0,0.0,0.0,0.0,0.05555555555555555
stage1d_single_agent_carry_bootstrap,4,1,37643,2029,1,120,100,1,0,60.05475997924805,0.0,0.0,1.0,0.1,0.0,0,0,0,4,-1,4,-1,1.0,0,0.0,0.0,0.0,0.0,0.0,0.0,0.0,0.0,0.0,0.0,0.0,0.0,0.0,0.0,0.0,0.0,0.0,0.0,0.25
stage1d_single_agent_carry_bootstrap,4,1,37657,2030,1,120,100,1,0,59.926795959472656,0.0,0.0,1.0,0.2,0.0,0,0,0,14,-1,14,-1,1.0,1,0.14285714285714285,0.21428571428571427,0.07142857142857142,-0.28,0.0,0.0,0.0,0.0,0.0,0.0,0.0,0.0,0.0,0.0,0.0,0.0,0.0,0.0,0.07142857142857142
stage1d_single_agent_carry_bootstrap,4,1,37667,2031,1,120,100,1,0,59.77531433105469,0.0,0.0,1.0,0.1,0.0,0,0,0,10,-1,10,-1,1.0,1,0.2,0.3,0.1,-0.28,0.0,0.0,0.0,0.0,0.0,0.0,0.0,0.0,0.0,0.0,0.0,0.0,0.0,0.0,0.1
stage1d_single_agent_carry_bootstrap,4,1,37677,2032,1,120,100,1,0,59.776458740234375,0.0,0.0,1.0,0.13333333333333333,0.0,0,0,0,10,-1,10,-1,1.0,1,0.2,0.3,0.1,-0.28,0.0,0.0,0.0,0.0,0.0,0.0,0.0,0.0,0.0,0.0,0.0,0.0,0.0,0.0,0.1
stage1d_single_agent_carry_bootstrap,4,1,37680,2033,1,120,100,1,0,60.021541595458984,0.0,0.0,1.0,0.06666666666666667,0.0,0,0,0,3,-1,3,-1,1.0,0,0.0,0.0,0.0,0.0,0.0,0.0,0.0,0.0,0.0,0.0,0.0,0.0,0.0,0.0,0.0,0.0,0.0,0.0,0.3333333333333333
stage1d_single_agent_carry_bootstrap,4,1,37688,2034,1,120,100,1,0,59.060733795166016,0.0,0.0,1.0,0.1,0.0,0,0,0,8,-1,8,-1,1.0,1,0.25,0.375,0.0,-0.24,0.0,0.0,0.0,0.0,0.0,0.0,0.0,0.0,0.0,0.0,0.0,0.0,0.0,0.0,0.125
stage1d_single_agent_carry_bootstrap,4,1,37701,2035,1,120,100,1,0,59.77143859863281,0.0,0.0,1.0,0.2,0.0,0,0,0,13,-1,13,-1,1.0,1,0.23076923076923078,0.3076923076923077,0.07692307692307693,-0.36,0.0,0.0,0.0,0.0,0.0,0.0,0.0,0.0,0.0,0.0,0.0,0.0,0.0,0.0,0.07692307692307693
stage1d_single_agent_carry_bootstrap,4,1,37713,2036,1,120,100,1,0,59.71589660644531,0.0,0.0,1.0,0.13333333333333333,0.0,0,0,0,12,-1,12,-1,1.0,0,0.0,0.08333333333333333,0.0,-0.08,0.0,0.0,0.0,0.0,0.0,0.0,0.0,0.0,0.0,0.0,0.0,0.0,0.0,0.0,0.08333333333333333
stage1d_single_agent_carry_bootstrap,4,1,37720,2037,1,120,100,1,0,60.01259231567383,0.0,0.0,1.0,0.1,0.0,0,0,0,7,-1,7,-1,1.0,0,0.0,0.14285714285714285,0.0,-0.08,0.0,0.0,0.0,0.0,0.0,0.0,0.0,0.0,0.0,0.0,0.0,0.0,0.0,0.0,0.14285714285714285
stage1d_single_agent_carry_bootstrap,4,1,37722,2038,1,120,100,1,0,60.001277923583984,0.0,0.0,1.0,0.06666666666666667,0.0,0,0,0,2,-1,2,-1,1.0,0,0.0,0.0,0.0,0.0,0.0,0.0,0.0,0.0,0.0,0.0,0.0,0.0,0.0,0.0,0.0,0.0,0.0,0.0,0.5
stage1d_single_agent_carry_bootstrap,4,1,37734,2039,1,120,100,1,0,59.2679328918457,0.0,0.0,1.0,0.16666666666666666,0.0,0,0,0,12,-1,12,-1,1.0,1,0.3333333333333333,0.4166666666666667,0.0,-0.4,0.0,0.0,0.0,0.0,0.0,0.0,0.0,0.0,0.0,0.0,0.0,0.0,0.0,0.0,0.08333333333333333
stage1d_single_agent_carry_bootstrap,4,1,37743,2040,1,120,100,1,0,59.70805740356445,0.0,0.0,1.0,0.16666666666666666,0.0,0,0,0,9,-1,9,-1,1.0,1,0.1111111111111111,0.3333333333333333,0.1111111111111111,-0.28,0.0,0.0,0.0,0.0,0.0,0.0,0.0,0.0,0.0,0.0,0.0,0.0,0.0,0.0,0.1111111111111111
stage1d_single_agent_carry_bootstrap,4,1,37749,2041,1,120,100,1,0,60.135406494140625,0.0,0.0,1.0,0.1,0.0,0,0,0,6,-1,6,-1,1.0,0,0.0,0.0,0.0,0.0,0.0,0.0,0.0,0.0,0.0,0.0,0.0,0.0,0.0,0.0,0.0,0.0,0.0,0.0,0.16666666666666666
stage1d_single_agent_carry_bootstrap,4,1,37763,2042,1,120,100,1,0,59.210723876953125,0.0,0.0,1.0,0.2,0.0,0,0,0,14,-1,14,-1,1.0,1,0.2857142857142857,0.35714285714285715,0.0,-0.4,0.0,0.0,0.0,0.0,0.0,0.0,0.0,0.0,0.0,0.0,0.0,0.0,0.0,0.0,0.07142857142857142
stage1d_single_agent_carry_bootstrap,4,1,37772,2043,1,120,100,1,0,59.62419509887695,0.0,0.0,1.0,0.1,0.0,0,0,0,9,-1,9,-1,1.0,0,0.0,0.1111111111111111,0.0,-0.08,0.0,0.0,0.0,0.0,0.0,0.0,0.0,0.0,0.0,0.0,0.0,0.0,0.0,0.0,0.1111111111111111
stage1d_single_agent_carry_bootstrap,4,1,37791,2044,1,120,100,1,0,59.478271484375,0.0,0.0,1.0,0.26666666666666666,0.0,0,0,0,19,-1,19,-1,1.0,2,0.2631578947368421,0.3684210526315789,0.10526315789473684,-0.64,0.0,0.0,0.0,0.0,0.0,0.0,0.0,0.0,0.0,0.0,0.0,0.0,0.0,0.0,0.05263157894736842
stage1d_single_agent_carry_bootstrap,4,1,37805,2045,1,120,100,1,0,59.35891342163086,0.0,0.0,1.0,0.23333333333333334,0.0,0,0,0,14,-1,14,-1,1.0,1,0.2857142857142857,0.35714285714285715,0.0,-0.4,0.0,0.0,0.0,0.0,0.0,0.0,0.0,0.0,0.0,0.0,0.0,0.0,0.0,0.0,0.07142857142857142
stage1d_single_agent_carry_bootstrap,4,1,37814,2046,1,120,100,1,0,59.8411979675293,0.0,0.0,1.0,0.1,0.0,0,0,0,9,-1,9,-1,1.0,1,0.1111111111111111,0.2222222222222222,0.1111111111111111,-0.2,0.0,0.0,0.0,0.0,0.0,0.0,0.0,0.0,0.0,0.0,0.0,0.0,0.0,0.0,0.1111111111111111
stage1d_single_agent_carry_bootstrap,4,1,37821,2047,1,120,100,1,0,59.60602569580078,0.0,0.0,1.0,0.1,0.0,0,0,0,7,-1,7,-1,1.0,0,0.0,0.14285714285714285,0.0,-0.08,0.0,0.0,0.0,0.0,0.0,0.0,0.0,0.0,0.0,0.0,0.0,0.0,0.0,0.0,0.14285714285714285
stage1d_single_agent_carry_bootstrap,4,1,37833,2048,1,120,100,1,0,59.651649475097656,0.0,0.0,1.0,0.23333333333333334,0.0,0,0,0,12,-1,12,-1,1.0,1,0.08333333333333333,0.16666666666666666,0.0,-0.16,0.0,0.0,0.0,0.0,0.0,0.0,0.0,0.0,0.0,0.0,0.0,0.0,0.0,0.0,0.08333333333333333
stage1d_single_agent_carry_bootstrap,4,1,37842,2049,1,120,100,1,0,59.73488998413086,0.0,0.0,1.0,0.16666666666666666,0.0,0,0,0,9,-1,9,-1,1.0,0,0.0,0.1111111111111111,0.0,-0.08,0.0,0.0,0.0,0.0,0.0,0.0,0.0,0.0,0.0,0.0,0.0,0.0,0.0,0.0,0.1111111111111111
stage1d_single_agent_carry_bootstrap,4,1,37845,2050,1,120,100,1,0,60.01381301879883,0.0,0.0,1.0,0.06666666666666667,0.0,0,0,0,3,-1,3,-1,1.0,0,0.0,0.0,0.0,0.0,0.0,0.0,0.0,0.0,0.0,0.0,0.0,0.0,0.0,0.0,0.0,0.0,0.0,0.0,0.3333333333333333
stage1d_single_agent_carry_bootstrap,4,1,37847,2051,1,120,100,1,0,60.00325012207031,0.0,0.0,1.0,0.06666666666666667,0.0,0,0,0,2,-1,2,-1,1.0,0,0.0,0.0,0.0,0.0,0.0,0.0,0.0,0.0,0.0,0.0,0.0,0.0,0.0,0.0,0.0,0.0,0.0,0.0,0.5
stage1d_single_agent_carry_bootstrap,4,1,37850,2052,1,120,100,1,0,60.01948165893555,0.0,0.0,1.0,0.03333333333333333,0.0,0,0,0,3,-1,3,-1,1.0,0,0.0,0.0,0.0,0.0,0.0,0.0,0.0,0.0,0.0,0.0,0.0,0.0,0.0,0.0,0.0,0.0,0.0,0.0,0.3333333333333333
stage1d_single_agent_carry_bootstrap,4,1,37858,2053,1,120,100,1,0,59.72774124145508,0.0,0.0,1.0,0.06666666666666667,0.0,0,0,0,8,-1,8,-1,1.0,1,0.25,0.375,0.125,-0.28,0.0,0.0,0.0,0.0,0.0,0.0,0.0,0.0,0.0,0.0,0.0,0.0,0.0,0.0,0.125
stage1d_single_agent_carry_bootstrap,4,1,37859,2054,1,120,100,1,0,59.99599838256836,0.0,0.0,1.0,0.03333333333333333,0.0,0,0,0,1,-1,1,-1,1.0,0,0.0,0.0,0.0,0.0,0.0,0.0,0.0,0.0,0.0,0.0,0.0,0.0,0.0,0.0,0.0,0.0,0.0,0.0,1.0
stage1d_single_agent_carry_bootstrap,4,1,37875,2055,1,120,100,1,0,58.7716178894043,0.0,0.0,1.0,0.23333333333333334,0.0,0,0,0,16,-1,16,-1,1.0,1,0.375,0.4375,0.0,-0.56,0.0,0.0,0.0,0.0,0.0,0.0,0.0,0.0,0.0,0.0,0.0,0.0,0.0,0.0,0.0625
stage1e_single_agent_guaranteed_homing,5,1,38028,2056,1,140,110,1,0,175.4163055419922,4.0,4.0,3.0,0.4666666666666667,0.0,0,0,0,140,11,12,1,0.75,0,0.0,0.0,0.0,0.0,0.0,0.0,0.0,0.0,0.0,0.0,0.0,0.0,0.0,0.0,0.0,0.0,0.0,0.0,0.02142857142857143
stage1e_single_agent_guaranteed_homing,5,1,38154,2057,1,140,110,1,0,250.95547485351562,4.0,4.0,4.0,0.4666666666666667,0.0,0,0,0,126,1,4,3,1.0,1,0.023809523809523808,0.047619047619047616,0.007936507936507936,-0.38999999999999996,0.0,0.0,0.0,0.0,0.0,0.0,0.0,0.0,0.0,0.0,0.0,0.0,0.0,0.0,0.031746031746031744
stage1e_single_agent_guaranteed_homing,5,1,38291,2058,1,140,110,1,0,250.24411010742188,4.0,4.0,4.0,0.5,0.0,0,0,0,137,2,8,6,1.0,4,0.12408759124087591,0.18248175182481752,0.051094890510948905,-1.7100000000000006,0.0,0.0,0.0,0.0,0.0,0.0,0.0,0.0,0.0,0.0,0.0,0.0,0.0,0.0,0.029197080291970802
stage1e_single_agent_guaranteed_homing,5,1,38322,2059,1,140,110,1,0,249.1802978515625,4.0,4.0,4.0,0.13333333333333333,0.0,0,0,0,31,2,9,7,1.0,0,0.0,0.1935483870967742,0.03225806451612903,-0.39,0.0,0.0,0.0,0.0,0.0,0.0,0.0,0.0,0.0,0.0,0.0,0.0,0.0,0.0,0.12903225806451613
stage1e_single_agent_guaranteed_homing,5,1,38433,2060,1,140,110,1,0,249.63446044921875,4.0,4.0,4.0,0.36666666666666664,0.0,0,0,0,111,2,3,1,1.0,0,0.0,0.0,0.0,0.0,0.0,0.0,0.0,0.0,0.0,0.0,0.0,0.0,0.0,0.0,0.0,0.0,0.0,0.0,0.036036036036036036
stage1e_single_agent_guaranteed_homing,5,1,38573,2061,1,140,110,1,0,171.84413146972656,4.0,4.0,3.0,0.36666666666666664,0.0,0,0,0,140,2,13,11,0.75,3,0.12142857142857143,0.2,0.06428571428571428,-1.950000000000001,0.0,0.0,0.0,0.0,0.0,0.0,0.0,0.0,0.0,0.0,0.0,0.0,0.0,0.0,0.02142857142857143
stage1e_single_agent_guaranteed_homing,5,1,38706,2062,1,140,110,1,0,249.9746856689453,4.0,4.0,4.0,0.5333333333333333,0.0,0,0,0,133,2,18,16,1.0,5,0.08270676691729323,0.17293233082706766,0.03759398496240601,-1.5300000000000007,0.0,0.0,0.0,0.0,0.0,0.0,0.0,0.0,0.0,0.0,0.0,0.0,0.0,0.0,0.03007518796992481
stage1e_single_agent_guaranteed_homing,5,1,38828,2063,1,140,110,1,0,249.84573364257812,4.0,4.0,4.0,0.36666666666666664,0.0,0,0,0,122,5,5,0,1.0,3,0.07377049180327869,0.13114754098360656,0.04918032786885246,-1.1400000000000001,0.0,0.0,0.0,0.0,0.0,0.0,0.0,0.0,0.0,0.0,0.0,0.0,0.0,0.0,0.03278688524590164
stage1e_single_agent_guaranteed_homing,5,1,38968,2064,1,140,110,1,0,187.70030212402344,3.0,3.0,3.0,0.5,0.0,0,0,1,140,2,4,2,1.0,0,0.0,0.0,0.0,0.0,0.0,0.0,0.0,0.0,0.0,0.0,0.0,0.0,0.0,0.0,0.0,0.0,0.0,0.0,0.02142857142857143
stage1e_single_agent_guaranteed_homing,5,1,39084,2065,1,140,110,1,0,249.15823364257812,4.0,4.0,4.0,0.36666666666666664,0.0,0,0,0,116,15,27,12,1.0,2,0.017241379310344827,0.06896551724137931,0.008620689655172414,-0.51,0.0,0.0,0.0,0.0,0.0,0.0,0.0,0.0,0.0,0.0,0.0,0.0,0.0,0.0,0.034482758620689655
stage1e_single_agent_guaranteed_homing,5,1,39211,2066,1,140,110,1,0,250.14410400390625,4.0,4.0,4.0,0.43333333333333335,0.0,0,0,0,127,6,9,3,1.0,5,0.09448818897637795,0.1889763779527559,0.047244094488188976,-1.6200000000000006,0.0,0.0,0.0,0.0,0.0,0.0,0.0,0.0,0.0,0.0,0.0,0.0,0.0,0.0,0.031496062992125984
stage1e_single_agent_guaranteed_homing,5,1,39287,2067,1,140,110,1,0,248.05162048339844,4.0,4.0,4.0,0.13333333333333333,0.0,0,0,0,76,8,11,3,1.0,4,0.13157894736842105,0.2631578947368421,0.05263157894736842,-1.3200000000000003,0.0,0.0,0.0,0.0,0.0,0.0,0.0,0.0,0.0,0.0,0.0,0.0,0.0,0.0,0.05263157894736842
stage1e_single_agent_guaranteed_homing,5,1,39427,2068,1,140,110,1,0,109.76382446289062,3.0,3.0,2.0,0.6333333333333333,0.0,0,0,1,140,15,38,23,0.6666666666666666,6,0.12142857142857143,0.20714285714285716,0.03571428571428571,-1.890000000000001,0.0,0.0,0.0,0.0,0.0,0.0,0.0,0.0,0.0,0.0,0.0,0.0,0.0,0.0,0.014285714285714285
stage1e_single_agent_guaranteed_homing,5,1,39567,2069,1,140,110,1,0,171.63729858398438,4.0,4.0,3.0,0.5666666666666667,0.0,0,0,0,140,2,14,12,0.75,5,0.17142857142857143,0.2571428571428571,0.04285714285714286,-2.340000000000001,0.0,0.0,0.0,0.0,0.0,0.0,0.0,0.0,0.0,0.0,0.0,0.0,0.0,0.0,0.02142857142857143
stage1e_single_agent_guaranteed_homing,5,1,39707,2070,1,140,110,1,0,185.94078063964844,3.0,3.0,3.0,0.4,0.0,0,0,1,140,2,23,21,1.0,5,0.14285714285714285,0.2357142857142857,0.05,-2.190000000000001,0.0,0.0,0.0,0.0,0.0,0.0,0.0,0.0,0.0,0.0,0.0,0.0,0.0,0.0,0.02142857142857143
stage1e_single_agent_guaranteed_homing,5,1,39847,2071,1,140,110,1,0,188.04238891601562,3.0,3.0,3.0,0.5333333333333333,0.0,0,0,1,140,11,12,1,1.0,0,0.0,0.0,0.0,0.0,0.0,0.0,0.0,0.0,0.0,0.0,0.0,0.0,0.0,0.0,0.0,0.0,0.0,0.0,0.02142857142857143
stage1e_single_agent_guaranteed_homing,5,1,39942,2072,1,140,110,1,0,247.6502685546875,4.0,4.0,4.0,0.26666666666666666,0.0,0,0,0,95,2,4,2,1.0,2,0.09473684210526316,0.1368421052631579,0.031578947368421054,-0.87,0.0,0.0,0.0,0.0,0.0,0.0,0.0,0.0,0.0,0.0,0.0,0.0,0.0,0.0,0.042105263157894736
stage1e_single_agent_guaranteed_homing,5,1,39983,2073,1,140,110,1,0,249.6962890625,4.0,4.0,4.0,0.2,0.0,0,0,0,41,8,8,0,1.0,1,0.024390243902439025,0.12195121951219512,0.0,-0.3,0.0,0.0,0.0,0.0,0.0,0.0,0.0,0.0,0.0,0.0,0.0,0.0,0.0,0.0,0.0975609756097561
stage1e_single_agent_guaranteed_homing,5,1,40016,2074,1,140,110,1,0,251.43197631835938,4.0,4.0,4.0,0.23333333333333334,0.0,0,0,0,33,2,5,3,1.0,1,0.12121212121212122,0.24242424242424243,0.06060606060606061,-0.54,0.0,0.0,0.0,0.0,0.0,0.0,0.0,0.0,0.0,0.0,0.0,0.0,0.0,0.0,0.12121212121212122
stage1e_single_agent_guaranteed_homing,5,1,40094,2075,1,140,110,1,0,248.66253662109375,4.0,4.0,4.0,0.26666666666666666,0.0,0,0,0,78,2,6,4,1.0,2,0.038461538461538464,0.11538461538461539,0.0641025641025641,-0.69,0.0,0.0,0.0,0.0,0.0,0.0,0.0,0.0,0.0,0.0,0.0,0.0,0.0,0.0,0.05128205128205128
stage1e_single_agent_guaranteed_homing,5,1,40231,2076,1,140,110,1,0,246.40419006347656,4.0,4.0,4.0,0.26666666666666666,0.0,0,0,0,137,2,14,12,1.0,3,0.058394160583941604,0.145985401459854,0.051094890510948905,-1.4100000000000004,0.0,0.0,0.0,0.0,0.0,0.0,0.0,0.0,0.0,0.0,0.0,0.0,0.0,0.0,0.029197080291970802
stage1e_single_agent_guaranteed_homing,5,1,40264,2077,1,140,110,1,0,249.0687713623047,4.0,4.0,4.0,0.13333333333333333,0.0,0,0,0,33,4,5,1,1.0,1,0.06060606060606061,0.18181818181818182,0.06060606060606061,-0.42,0.0,0.0,0.0,0.0,0.0,0.0,0.0,0.0,0.0,0.0,0.0,0.0,0.0,0.0,0.12121212121212122
stage1e_single_agent_guaranteed_homing,5,1,40394,2078,1,140,110,1,0,249.67202758789062,4.0,4.0,4.0,0.3333333333333333,0.0,0,0,0,130,26,28,2,1.0,4,0.046153846153846156,0.12307692307692308,0.03076923076923077,-1.0800000000000003,0.0,0.0,0.0,0.0,0.0,0.0,0.0,0.0,0.0,0.0,0.0,0.0,0.0,0.0,0.03076923076923077
stage1e_single_agent_guaranteed_homing,5,1,40487,2079,1,140,110,1,0,251.225830078125,4.0,4.0,4.0,0.4,0.0,0,0,0,93,2,3,1,1.0,2,0.043010752688172046,0.08602150537634409,0.021505376344086023,-0.54,0.0,0.0,0.0,0.0,0.0,0.0,0.0,0.0,0.0,0.0,0.0,0.0,0.0,0.0,0.043010752688172046
stage1e_single_agent_guaranteed_homing,5,1,40549,2080,1,140,110,1,0,245.81784057617188,4.0,4.0,4.0,0.2,0.0,0,0,0,62,7,10,3,1.0,0,0.0,0.1935483870967742,0.04838709677419355,-0.8100000000000003,0.0,0.0,0.0,0.0,0.0,0.0,0.0,0.0,0.0,0.0,0.0,0.0,0.0,0.0,0.06451612903225806
stage1e_single_agent_guaranteed_homing,5,1,40689,2081,1,140,110,1,0,171.8697509765625,4.0,4.0,3.0,0.6333333333333333,0.0,0,0,0,140,55,71,16,0.75,4,0.15,0.20714285714285716,0.007142857142857143,-1.7700000000000011,0.0,0.0,0.0,0.0,0.0,0.0,0.0,0.0,0.0,0.0,0.0,0.0,0.0,0.0,0.02142857142857143
stage1e_single_agent_guaranteed_homing,5,1,40829,2082,1,140,110,1,0,187.50851440429688,3.0,3.0,3.0,0.43333333333333335,0.0,0,0,1,140,4,20,16,1.0,4,0.07857142857142857,0.1357142857142857,0.02857142857142857,-1.2600000000000005,0.0,0.0,0.0,0.0,0.0,0.0,0.0,0.0,0.0,0.0,0.0,0.0,0.0,0.0,0.02142857142857143
stage1e_single_agent_guaranteed_homing,5,1,40930,2083,1,140,110,1,0,248.50839233398438,4.0,4.0,4.0,0.36666666666666664,0.0,0,0,0,101,8,12,4,1.0,3,0.07920792079207921,0.16831683168316833,0.04950495049504951,-1.1700000000000002,0.0,0.0,0.0,0.0,0.0,0.0,0.0,0.0,0.0,0.0,0.0,0.0,0.0,0.0,0.039603960396039604
stage1e_single_agent_guaranteed_homing,5,1,41024,2084,1,140,110,1,0,249.21029663085938,4.0,4.0,4.0,0.36666666666666664,0.0,0,0,0,94,24,31,7,1.0,4,0.19148936170212766,0.2765957446808511,0.0425531914893617,-1.6800000000000008,0.0,0.0,0.0,0.0,0.0,0.0,0.0,0.0,0.0,0.0,0.0,0.0,0.0,0.0,0.0425531914893617
stage1e_single_agent_guaranteed_homing,5,1,41120,2085,1,140,110,1,0,248.05496215820312,4.0,4.0,4.0,0.23333333333333334,0.0,0,0,0,96,13,13,0,1.0,3,0.10416666666666667,0.1875,0.07291666666666667,-1.2900000000000005,0.0,0.0,0.0,0.0,0.0,0.0,0.0,0.0,0.0,0.0,0.0,0.0,0.0,0.0,0.041666666666666664
stage1e_single_agent_guaranteed_homing,5,1,41216,2086,1,140,110,1,0,248.3714599609375,4.0,4.0,4.0,0.5666666666666667,0.0,0,0,0,96,2,26,24,1.0,4,0.21875,0.3229166666666667,0.041666666666666664,-1.980000000000001,0.0,0.0,0.0,0.0,0.0,0.0,0.0,0.0,0.0,0.0,0.0,0.0,0.0,0.0,0.041666666666666664
stage1e_single_agent_guaranteed_homing,5,1,41355,2087,1,140,110,1,0,249.41250610351562,4.0,4.0,4.0,0.43333333333333335,0.0,0,0,0,139,23,38,15,1.0,5,0.06474820143884892,0.1510791366906475,0.02877697841726619,-1.3800000000000006,0.0,0.0,0.0,0.0,0.0,0.0,0.0,0.0,0.0,0.0,0.0,0.0,0.0,0.0,0.02877697841726619
stage1e_single_agent_guaranteed_homing,5,1,41447,2088,1,140,110,1,0,249.20797729492188,4.0,4.0,4.0,0.5333333333333333,0.0,0,0,0,92,2,4,2,1.0,3,0.1956521739130435,0.2717391304347826,0.03260869565217391,-1.590000000000001,0.0,0.0,0.0,0.0,0.0,0.0,0.0,0.0,0.0,0.0,0.0,0.0,0.0,0.0,0.043478260869565216
stage1e_single_agent_guaranteed_homing,5,1,41549,2089,1,140,110,1,0,249.0738525390625,4.0,4.0,4.0,0.36666666666666664,0.0,0,0,0,102,2,8,6,1.0,3,0.1568627450980392,0.23529411764705882,0.0392156862745098,-1.560000000000001,0.0,0.0,0.0,0.0,0.0,0.0,0.0,0.0,0.0,0.0,0.0,0.0,0.0,0.0,0.0392156862745098
stage1e_single_agent_guaranteed_homing,5,1,41619,2090,1,140,110,1,0,250.4022216796875,4.0,4.0,4.0,0.26666666666666666,0.0,0,0,0,70,2,5,3,1.0,2,0.21428571428571427,0.2714285714285714,0.05714285714285714,-1.2600000000000005,0.0,0.0,0.0,0.0,0.0,0.0,0.0,0.0,0.0,0.0,0.0,0.0,0.0,0.0,0.05714285714285714
stage1e_single_agent_guaranteed_homing,5,1,41689,2091,1,140,110,1,0,250.5669403076172,4.0,4.0,4.0,0.3,0.0,0,0,0,70,2,4,2,1.0,2,0.14285714285714285,0.22857142857142856,0.05714285714285714,-1.0800000000000003,0.0,0.0,0.0,0.0,0.0,0.0,0.0,0.0,0.0,0.0,0.0,0.0,0.0,0.0,0.05714285714285714
stage1e_single_agent_guaranteed_homing,5,1,41829,2092,1,140,110,1,0,123.7887191772461,2.0,2.0,2.0,0.6666666666666666,0.0,0,0,2,140,1,9,8,1.0,3,0.10714285714285714,0.15,0.03571428571428571,-1.4100000000000006,0.0,0.0,0.0,0.0,0.0,0.0,0.0,0.0,0.0,0.0,0.0,0.0,0.0,0.0,0.014285714285714285
stage1e_single_agent_guaranteed_homing,5,1,41969,2093,1,140,110,1,0,186.538818359375,3.0,3.0,3.0,0.5,0.0,0,0,1,140,11,28,17,1.0,6,0.10714285714285714,0.19285714285714287,0.04285714285714286,-1.800000000000001,0.0,0.0,0.0,0.0,0.0,0.0,0.0,0.0,0.0,0.0,0.0,0.0,0.0,0.0,0.02142857142857143
stage1e_single_agent_guaranteed_homing,5,1,42070,2094,1,140,110,1,0,247.22048950195312,4.0,4.0,4.0,0.3,0.0,0,0,0,101,2,18,16,1.0,5,0.1485148514851485,0.2871287128712871,0.06930693069306931,-1.9500000000000008,0.0,0.0,0.0,0.0,0.0,0.0,0.0,0.0,0.0,0.0,0.0,0.0,0.0,0.0,0.039603960396039604
stage1e_single_agent_guaranteed_homing,5,1,42198,2095,1,140,110,1,0,249.3219757080078,4.0,4.0,4.0,0.5,0.0,0,0,0,128,17,27,10,1.0,4,0.1171875,0.1796875,0.0234375,-1.4700000000000006,0.0,0.0,0.0,0.0,0.0,0.0,0.0,0.0,0.0,0.0,0.0,0.0,0.0,0.0,0.03125
stage1e_single_agent_guaranteed_homing,5,1,42338,2096,1,140,110,1,0,186.50018310546875,3.0,3.0,3.0,0.36666666666666664,0.0,0,0,1,140,16,31,15,1.0,4,0.11428571428571428,0.18571428571428572,0.04285714285714286,-1.7400000000000009,0.0,0.0,0.0,0.0,0.0,0.0,0.0,0.0,0.0,0.0,0.0,0.0,0.0,0.0,0.02142857142857143
stage1e_single_agent_guaranteed_homing,5,1,42445,2097,1,140,110,1,0,250.10983276367188,4.0,4.0,4.0,0.4666666666666667,0.0,0,0,0,107,2,4,2,1.0,2,0.12149532710280374,0.1588785046728972,0.037383177570093455,-1.1400000000000003,0.0,0.0,0.0,0.0,0.0,0.0,0.0,0.0,0.0,0.0,0.0,0.0,0.0,0.0,0.037383177570093455
stage1e_single_agent_guaranteed_homing,5,1,42529,2098,1,140,110,1,0,247.19895935058594,4.0,4.0,4.0,0.26666666666666666,0.0,0,0,0,84,1,9,8,1.0,5,0.16666666666666666,0.32142857142857145,0.10714285714285714,-1.8900000000000008,0.0,0.0,0.0,0.0,0.0,0.0,0.0,0.0,0.0,0.0,0.0,0.0,0.0,0.0,0.047619047619047616
stage1e_single_agent_guaranteed_homing,5,1,42610,2099,1,140,110,1,0,250.53048706054688,4.0,4.0,4.0,0.36666666666666664,0.0,0,0,0,81,1,3,2,1.0,1,0.07407407407407407,0.09876543209876543,0.024691358024691357,-0.54,0.0,0.0,0.0,0.0,0.0,0.0,0.0,0.0,0.0,0.0,0.0,0.0,0.0,0.0,0.04938271604938271
stage1e_single_agent_guaranteed_homing,5,1,42736,2100,1,140,110,1,0,249.38449096679688,4.0,4.0,4.0,0.4,0.0,0,0,0,126,44,47,3,1.0,0,0.0,0.03968253968253968,0.007936507936507936,-0.33,0.0,0.0,0.0,0.0,0.0,0.0,0.0,0.0,0.0,0.0,0.0,0.0,0.0,0.0,0.031746031746031744
stage1e_single_agent_guaranteed_homing,5,1,42876,2101,1,140,110,1,0,172.79115295410156,4.0,4.0,3.0,0.43333333333333335,0.0,0,0,0,140,15,17,2,0.75,4,0.05,0.12142857142857143,0.014285714285714285,-1.0800000000000005,0.0,0.0,0.0,0.0,0.0,0.0,0.0,0.0,0.0,0.0,0.0,0.0,0.0,0.0,0.02142857142857143
stage1e_single_agent_guaranteed_homing,5,1,42984,2102,1,140,110,1,0,246.22848510742188,4.0,4.0,4.0,0.7,0.0,0,0,0,108,2,33,31,1.0,5,0.37962962962962965,0.5,0.037037037037037035,-3.360000000000002,0.0,0.0,0.0,0.0,0.0,0.0,0.0,0.0,0.0,0.0,0.0,0.0,0.0,0.0,0.037037037037037035
stage1e_single_agent_guaranteed_homing,5,1,43124,2103,1,140,110,1,0,-13.285608291625977,1.0,1.0,0.0,0.4,0.0,0,0,3,140,131,-1,-1,0.0,1,0.05,0.06428571428571428,0.014285714285714285,-0.6000000000000001,0.0,0.0,0.0,0.0,0.0,0.0,0.0,0.0,0.0,0.0,0.0,0.0,0.0,0.0,0.0
stage1e_single_agent_guaranteed_homing,5,1,43264,2104,1,140,110,1,0,125.43999481201172,2.0,2.0,2.0,0.5333333333333333,0.0,0,0,2,140,2,5,3,1.0,1,0.05714285714285714,0.07142857142857142,0.014285714285714285,-0.6599999999999999,0.0,0.0,0.0,0.0,0.0,0.0,0.0,0.0,0.0,0.0,0.0,0.0,0.0,0.0,0.014285714285714285
stage1e_single_agent_guaranteed_homing,5,1,43341,2105,1,140,110,1,0,247.81985473632812,4.0,4.0,4.0,0.36666666666666664,0.0,0,0,0,77,2,10,8,1.0,4,0.1038961038961039,0.23376623376623376,0.06493506493506493,-1.2300000000000004,0.0,0.0,0.0,0.0,0.0,0.0,0.0,0.0,0.0,0.0,0.0,0.0,0.0,0.0,0.05194805194805195
stage1e_single_agent_guaranteed_homing,5,1,43476,2106,1,140,110,1,0,246.61038208007812,4.0,4.0,4.0,0.4666666666666667,0.0,0,0,0,135,2,5,3,1.0,5,0.14074074074074075,0.21481481481481482,0.037037037037037035,-1.890000000000001,0.0,0.0,0.0,0.0,0.0,0.0,0.0,0.0,0.0,0.0,0.0,0.0,0.0,0.0,0.02962962962962963
stage1e_single_agent_guaranteed_homing,5,1,43616,2107,1,140,110,1,0,109.52754211425781,3.0,3.0,2.0,0.7,0.0,0,0,1,140,30,42,12,0.6666666666666666,5,0.16428571428571428,0.24285714285714285,0.007142857142857143,-2.070000000000001,0.0,0.0,0.0,0.0,0.0,0.0,0.0,0.0,0.0,0.0,0.0,0.0,0.0,0.0,0.014285714285714285
stage1e_single_agent_guaranteed_homing,5,1,43716,2108,1,140,110,1,0,247.8795623779297,4.0,4.0,4.0,0.4666666666666667,0.0,0,0,0,100,2,28,26,1.0,4,0.25,0.32,0.11,-2.250000000000001,0.0,0.0,0.0,0.0,0.0,0.0,0.0,0.0,0.0,0.0,0.0,0.0,0.0,0.0,0.04
stage1e_single_agent_guaranteed_homing,5,1,43771,2109,1,140,110,1,0,249.908447265625,4.0,4.0,4.0,0.3,0.0,0,0,0,55,1,3,2,1.0,0,0.0,0.05454545454545454,0.01818181818181818,-0.21,0.0,0.0,0.0,0.0,0.0,0.0,0.0,0.0,0.0,0.0,0.0,0.0,0.0,0.0,0.07272727272727272
stage1e_single_agent_guaranteed_homing,5,1,43911,2110,1,140,110,1,0,183.1529541015625,3.0,3.0,3.0,0.7,0.0,0,0,1,140,2,10,8,1.0,3,0.12142857142857143,0.20714285714285716,0.02857142857142857,-1.8600000000000012,0.0,0.0,0.0,0.0,0.0,0.0,0.0,0.0,0.0,0.0,0.0,0.0,0.0,0.0,0.02142857142857143
stage1e_single_agent_guaranteed_homing,5,1,43988,2111,1,140,110,1,0,248.4536590576172,4.0,4.0,4.0,0.4,0.0,0,0,0,77,2,7,5,1.0,3,0.16883116883116883,0.2857142857142857,0.03896103896103896,-1.4100000000000006,0.0,0.0,0.0,0.0,0.0,0.0,0.0,0.0,0.0,0.0,0.0,0.0,0.0,0.0,0.05194805194805195
stage1e_single_agent_guaranteed_homing,5,1,44111,2112,1,140,110,1,0,248.4680633544922,4.0,4.0,4.0,0.43333333333333335,0.0,0,0,0,123,3,23,20,1.0,6,0.14634146341463414,0.25203252032520324,0.07317073170731707,-2.130000000000001,0.0,0.0,0.0,0.0,0.0,0.0,0.0,0.0,0.0,0.0,0.0,0.0,0.0,0.0,0.032520325203252036
stage1e_single_agent_guaranteed_homing,5,1,44251,2113,1,140,110,1,0,186.4719696044922,3.0,3.0,3.0,0.5666666666666667,0.0,0,0,1,140,1,10,9,1.0,2,0.03571428571428571,0.09285714285714286,0.02142857142857143,-0.8700000000000001,0.0,0.0,0.0,0.0,0.0,0.0,0.0,0.0,0.0,0.0,0.0,0.0,0.0,0.0,0.02142857142857143
stage1e_single_agent_guaranteed_homing,5,1,44356,2114,1,140,110,1,0,250.39508056640625,4.0,4.0,4.0,0.6666666666666666,0.0,0,0,0,105,2,5,3,1.0,1,0.06666666666666667,0.08571428571428572,0.009523809523809525,-0.5700000000000001,0.0,0.0,0.0,0.0,0.0,0.0,0.0,0.0,0.0,0.0,0.0,0.0,0.0,0.0,0.0380952380952381
stage1e_single_agent_guaranteed_homing,5,1,44489,2115,1,140,110,1,0,250.89279174804688,4.0,4.0,4.0,0.5666666666666667,0.0,0,0,0,133,2,3,1,1.0,0,0.0,0.0,0.0,0.0,0.0,0.0,0.0,0.0,0.0,0.0,0.0,0.0,0.0,0.0,0.0,0.0,0.0,0.0,0.03007518796992481
stage1e_single_agent_guaranteed_homing,5,1,44629,2116,1,140,110,1,0,109.24517822265625,3.0,3.0,2.0,0.5333333333333333,0.0,0,0,1,140,2,8,6,0.6666666666666666,3,0.07142857142857142,0.12142857142857143,0.02142857142857143,-1.1100000000000003,0.0,0.0,0.0,0.0,0.0,0.0,0.0,0.0,0.0,0.0,0.0,0.0,0.0,0.0,0.014285714285714285
stage1e_single_agent_guaranteed_homing,5,1,44760,2117,1,140,110,1,0,249.65536499023438,4.0,4.0,4.0,0.4666666666666667,0.0,0,0,0,131,13,14,1,1.0,4,0.061068702290076333,0.12213740458015267,0.030534351145038167,-1.0800000000000003,0.0,0.0,0.0,0.0,0.0,0.0,0.0,0.0,0.0,0.0,0.0,0.0,0.0,0.0,0.030534351145038167
stage1e_single_agent_guaranteed_homing,5,1,44862,2118,1,140,110,1,0,246.40199279785156,4.0,4.0,4.0,0.6333333333333333,0.0,0,0,0,102,2,19,17,1.0,3,0.24509803921568626,0.35294117647058826,0.029411764705882353,-2.250000000000001,0.0,0.0,0.0,0.0,0.0,0.0,0.0,0.0,0.0,0.0,0.0,0.0,0.0,0.0,0.0392156862745098
stage1e_single_agent_guaranteed_homing,5,1,45002,2119,1,140,110,1,0,47.47259521484375,2.0,2.0,1.0,0.6666666666666666,0.0,0,0,2,140,100,106,6,0.5,1,0.02857142857142857,0.05,0.014285714285714285,-0.48,0.0,0.0,0.0,0.0,0.0,0.0,0.0,0.0,0.0,0.0,0.0,0.0,0.0,0.0,0.007142857142857143
stage1e_single_agent_guaranteed_homing,5,1,45112,2120,1,140,110,1,0,249.1619415283203,4.0,4.0,4.0,0.4666666666666667,0.0,0,0,0,110,2,6,4,1.0,2,0.10909090909090909,0.18181818181818182,0.01818181818181818,-1.2600000000000005,0.0,0.0,0.0,0.0,0.0,0.0,0.0,0.0,0.0,0.0,0.0,0.0,0.0,0.0,0.03636363636363636
stage1e_single_agent_guaranteed_homing,5,1,45252,2121,1,140,110,1,0,124.53079223632812,2.0,2.0,2.0,0.7333333333333333,0.0,0,0,2,140,2,11,9,1.0,2,0.04285714285714286,0.08571428571428572,0.02142857142857143,-0.8099999999999999,0.0,0.0,0.0,0.0,0.0,0.0,0.0,0.0,0.0,0.0,0.0,0.0,0.0,0.0,0.014285714285714285
stage1e_single_agent_guaranteed_homing,5,1,45339,2122,1,140,110,1,0,247.03941345214844,4.0,4.0,4.0,0.6333333333333333,0.0,0,0,0,87,2,17,15,1.0,4,0.3448275862068966,0.45977011494252873,0.04597701149425287,-2.520000000000001,0.0,0.0,0.0,0.0,0.0,0.0,0.0,0.0,0.0,0.0,0.0,0.0,0.0,0.0,0.04597701149425287
stage1e_single_agent_guaranteed_homing,5,1,45479,2123,1,140,110,1,0,122.84960174560547,2.0,2.0,2.0,0.5333333333333333,0.0,0,0,2,140,16,29,13,1.0,1,0.03571428571428571,0.05,0.0,-0.42,0.0,0.0,0.0,0.0,0.0,0.0,0.0,0.0,0.0,0.0,0.0,0.0,0.0,0.0,0.014285714285714285
stage1e_single_agent_guaranteed_homing,5,1,45619,2124,1,140,110,1,0,250.46168518066406,4.0,4.0,4.0,0.5333333333333333,0.0,0,0,0,140,28,45,17,1.0,1,0.03571428571428571,0.07857142857142857,0.014285714285714285,-0.72,0.0,0.0,0.0,0.0,0.0,0.0,0.0,0.0,0.0,0.0,0.0,0.0,0.0,0.0,0.02857142857142857
stage1e_single_agent_guaranteed_homing,5,1,45756,2125,1,140,110,1,0,247.33074951171875,4.0,4.0,4.0,0.4,0.0,0,0,0,137,2,10,8,1.0,4,0.06569343065693431,0.1386861313868613,0.0364963503649635,-1.2900000000000005,0.0,0.0,0.0,0.0,0.0,0.0,0.0,0.0,0.0,0.0,0.0,0.0,0.0,0.0,0.029197080291970802
stage1e_single_agent_guaranteed_homing,5,1,45852,2126,1,140,110,1,0,250.08457946777344,4.0,4.0,4.0,0.43333333333333335,0.0,0,0,0,96,2,4,2,1.0,3,0.10416666666666667,0.16666666666666666,0.041666666666666664,-1.0800000000000003,0.0,0.0,0.0,0.0,0.0,0.0,0.0,0.0,0.0,0.0,0.0,0.0,0.0,0.0,0.041666666666666664
stage1e_single_agent_guaranteed_homing,5,1,45955,2127,1,140,110,1,0,248.93533325195312,4.0,4.0,4.0,0.5333333333333333,0.0,0,0,0,103,2,24,22,1.0,4,0.24271844660194175,0.33980582524271846,0.05825242718446602,-2.2800000000000007,0.0,0.0,0.0,0.0,0.0,0.0,0.0,0.0,0.0,0.0,0.0,0.0,0.0,0.0,0.038834951456310676
stage1e_single_agent_guaranteed_homing,5,1,46094,2128,1,140,110,1,0,248.25909423828125,4.0,4.0,4.0,0.4,0.0,0,0,0,139,16,25,9,1.0,3,0.03597122302158273,0.10071942446043165,0.050359712230215826,-1.05,0.0,0.0,0.0,0.0,0.0,0.0,0.0,0.0,0.0,0.0,0.0,0.0,0.0,0.0,0.02877697841726619
stage1e_single_agent_guaranteed_homing,5,1,46234,2129,1,140,110,1,0,183.82989501953125,3.0,3.0,3.0,0.4,0.0,0,0,1,140,16,36,20,1.0,4,0.10714285714285714,0.17142857142857143,0.05,-1.6500000000000006,0.0,0.0,0.0,0.0,0.0,0.0,0.0,0.0,0.0,0.0,0.0,0.0,0.0,0.0,0.02142857142857143
stage1e_single_agent_guaranteed_homing,5,1,46374,2130,1,140,110,1,0,168.78079223632812,4.0,4.0,3.0,0.43333333333333335,0.0,0,0,0,140,7,11,4,0.75,6,0.12142857142857143,0.22142857142857142,0.05,-2.070000000000001,0.0,0.0,0.0,0.0,0.0,0.0,0.0,0.0,0.0,0.0,0.0,0.0,0.0,0.0,0.02142857142857143
stage1e_single_agent_guaranteed_homing,5,1,46478,2131,1,140,110,1,0,247.89501953125,4.0,4.0,4.0,0.43333333333333335,0.0,0,0,0,104,5,6,1,1.0,6,0.15384615384615385,0.2980769230769231,0.0673076923076923,-2.0700000000000007,0.0,0.0,0.0,0.0,0.0,0.0,0.0,0.0,0.0,0.0,0.0,0.0,0.0,0.0,0.038461538461538464
stage1e_single_agent_guaranteed_homing,5,1,46586,2132,1,140,110,1,0,250.51846313476562,4.0,4.0,4.0,0.4666666666666667,0.0,0,0,0,108,2,5,3,1.0,1,0.07407407407407407,0.09259259259259259,0.018518518518518517,-0.66,0.0,0.0,0.0,0.0,0.0,0.0,0.0,0.0,0.0,0.0,0.0,0.0,0.0,0.0,0.037037037037037035
stage1e_single_agent_guaranteed_homing,5,1,46726,2133,1,140,110,1,0,108.8653335571289,3.0,3.0,2.0,0.5666666666666667,0.0,0,0,1,140,5,9,4,0.6666666666666666,4,0.07857142857142857,0.1357142857142857,0.03571428571428571,-1.2900000000000005,0.0,0.0,0.0,0.0,0.0,0.0,0.0,0.0,0.0,0.0,0.0,0.0,0.0,0.0,0.014285714285714285
stage1e_single_agent_guaranteed_homing,5,1,46850,2134,1,140,110,1,0,249.77432250976562,4.0,4.0,4.0,0.43333333333333335,0.0,0,0,0,124,50,51,1,1.0,3,0.1532258064516129,0.20161290322580644,0.04032258064516129,-1.6500000000000008,0.0,0.0,0.0,0.0,0.0,0.0,0.0,0.0,0.0,0.0,0.0,0.0,0.0,0.0,0.03225806451612903
stage1e_single_agent_guaranteed_homing,5,1,46985,2135,1,140,110,1,0,247.70167541503906,4.0,4.0,4.0,0.6,0.0,0,0,0,135,2,3,1,1.0,3,0.16296296296296298,0.21481481481481482,0.05185185185185185,-1.950000000000001,0.0,0.0,0.0,0.0,0.0,0.0,0.0,0.0,0.0,0.0,0.0,0.0,0.0,0.0,0.02962962962962963
stage1e_single_agent_guaranteed_homing,5,1,47125,2136,1,140,110,1,0,186.36265563964844,3.0,3.0,3.0,0.6,0.0,0,0,1,140,2,4,2,1.0,1,0.014285714285714285,0.02857142857142857,0.014285714285714285,-0.3,0.0,0.0,0.0,0.0,0.0,0.0,0.0,0.0,0.0,0.0,0.0,0.0,0.0,0.0,0.02142857142857143
stage1e_single_agent_guaranteed_homing,5,1,47228,2137,1,140,110,1,0,249.7277374267578,4.0,4.0,4.0,0.4,0.0,0,0,0,103,2,19,17,1.0,4,0.18446601941747573,0.27184466019417475,0.05825242718446602,-1.860000000000001,0.0,0.0,0.0,0.0,0.0,0.0,0.0,0.0,0.0,0.0,0.0,0.0,0.0,0.0,0.038834951456310676
stage1e_single_agent_guaranteed_homing,5,1,47312,2138,1,140,110,1,0,248.72628784179688,4.0,4.0,4.0,0.5333333333333333,0.0,0,0,0,84,2,20,18,1.0,5,0.19047619047619047,0.3333333333333333,0.07142857142857142,-1.8600000000000008,0.0,0.0,0.0,0.0,0.0,0.0,0.0,0.0,0.0,0.0,0.0,0.0,0.0,0.0,0.047619047619047616
stage1f_single_agent_delivery_bridge,6,1,47492,2139,1,190,160,1,1,257.5484924316406,4.0,4.0,4.0,0.23214285714285715,0.0,0,0,0,132,2,19,17,1.0,5,0.16666666666666666,0.20454545454545456,0.03787878787878788,-2.0650000000000013,0.0,0.0,0.0,0.0,0.0,0.0,0.0,0.0,0.0,0.0,0.0,0.0,0.0,0.0,0.030303030303030304
stage1f_single_agent_delivery_bridge,6,1,47637,2140,1,190,160,1,1,256.3586730957031,4.0,4.0,4.0,0.3392857142857143,0.0,0,0,0,145,2,22,20,1.0,7,0.1793103448275862,0.2413793103448276,0.041379310344827586,-2.6599999999999997,0.0,0.0,0.0,0.0,0.0,0.0,0.0,0.0,0.0,0.0,0.0,0.0,0.0,0.0,0.027586206896551724
stage1f_single_agent_delivery_bridge,6,1,47653,2141,1,190,160,1,1,258.4837341308594,4.0,4.0,4.0,0.07142857142857142,0.0,0,0,0,16,1,13,12,1.0,1,0.375,0.5625,0.125,-0.7000000000000002,0.0,0.0,0.0,0.0,0.0,0.0,0.0,0.0,0.0,0.0,0.0,0.0,0.0,0.0,0.25
stage1f_single_agent_delivery_bridge,6,1,47732,2142,1,190,160,1,1,257.107666015625,4.0,4.0,4.0,0.14285714285714285,0.0,0,0,0,79,8,26,18,1.0,6,0.25316455696202533,0.3291139240506329,0.0759493670886076,-2.0300000000000007,0.0,0.0,0.0,0.0,0.0,0.0,0.0,0.0,0.0,0.0,0.0,0.0,0.0,0.0,0.05063291139240506
stage1f_single_agent_delivery_bridge,6,1,47837,2143,1,190,160,1,1,256.18377685546875,4.0,4.0,4.0,0.125,0.0,0,0,0,105,16,29,13,1.0,7,0.18095238095238095,0.23809523809523808,0.09523809523809523,-2.100000000000001,0.0,0.0,0.0,0.0,0.0,0.0,0.0,0.0,0.0,0.0,0.0,0.0,0.0,0.0,0.0380952380952381
stage1f_single_agent_delivery_bridge,6,1,47941,2144,1,190,160,1,1,255.440185546875,4.0,4.0,4.0,0.14285714285714285,0.0,0,0,0,104,2,4,2,1.0,8,0.21153846153846154,0.28846153846153844,0.0673076923076923,-2.345,0.0,0.0,0.0,0.0,0.0,0.0,0.0,0.0,0.0,0.0,0.0,0.0,0.0,0.0,0.038461538461538464
stage1f_single_agent_delivery_bridge,6,1,48018,2145,1,190,160,1,1,257.101806640625,4.0,4.0,4.0,0.16071428571428573,0.0,0,0,0,77,2,6,4,1.0,5,0.12987012987012986,0.23376623376623376,0.06493506493506493,-1.4350000000000005,0.0,0.0,0.0,0.0,0.0,0.0,0.0,0.0,0.0,0.0,0.0,0.0,0.0,0.0,0.05194805194805195
stage1f_single_agent_delivery_bridge,6,1,48089,2146,1,190,160,1,1,257.9459533691406,4.0,4.0,4.0,0.14285714285714285,0.0,0,0,0,71,24,30,6,1.0,3,0.15492957746478872,0.18309859154929578,0.056338028169014086,-1.0500000000000003,0.0,0.0,0.0,0.0,0.0,0.0,0.0,0.0,0.0,0.0,0.0,0.0,0.0,0.0,0.056338028169014086
stage1f_single_agent_delivery_bridge,6,1,48162,2147,1,190,160,1,1,258.40460205078125,4.0,4.0,4.0,0.14285714285714285,0.0,0,0,0,73,2,7,5,1.0,4,0.0958904109589041,0.1506849315068493,0.0410958904109589,-0.8750000000000002,0.0,0.0,0.0,0.0,0.0,0.0,0.0,0.0,0.0,0.0,0.0,0.0,0.0,0.0,0.0547945205479452
stage1f_single_agent_delivery_bridge,6,1,48282,2148,1,190,160,1,1,257.1919860839844,4.0,4.0,4.0,0.32142857142857145,0.0,0,0,0,120,2,7,5,1.0,4,0.19166666666666668,0.23333333333333334,0.03333333333333333,-2.100000000000001,0.0,0.0,0.0,0.0,0.0,0.0,0.0,0.0,0.0,0.0,0.0,0.0,0.0,0.0,0.03333333333333333
stage1f_single_agent_delivery_bridge,6,1,48410,2149,1,190,160,1,1,256.44720458984375,4.0,4.0,4.0,0.19642857142857142,0.0,0,0,0,128,11,14,3,1.0,4,0.2109375,0.25,0.0625,-2.52,0.0,0.0,0.0,0.0,0.0,0.0,0.0,0.0,0.0,0.0,0.0,0.0,0.0,0.0,0.03125
stage1f_single_agent_delivery_bridge,6,1,48560,2150,1,190,160,1,1,256.7264099121094,4.0,4.0,4.0,0.19642857142857142,0.0,0,0,0,150,2,20,18,1.0,7,0.16666666666666666,0.21333333333333335,0.05333333333333334,-2.52,0.0,0.0,0.0,0.0,0.0,0.0,0.0,0.0,0.0,0.0,0.0,0.0,0.0,0.0,0.02666666666666667
stage1f_single_agent_delivery_bridge,6,1,48595,2151,1,190,160,1,1,257.70916748046875,4.0,4.0,4.0,0.07142857142857142,0.0,0,0,0,35,2,6,4,1.0,1,0.14285714285714285,0.2,0.0,-0.49000000000000005,0.0,0.0,0.0,0.0,0.0,0.0,0.0,0.0,0.0,0.0,0.0,0.0,0.0,0.0,0.11428571428571428
stage1f_single_agent_delivery_bridge,6,1,48695,2152,1,190,160,1,1,253.58168029785156,4.0,4.0,4.0,0.16071428571428573,0.0,0,0,0,100,4,26,22,1.0,9,0.26,0.36,0.18,-3.149999999999999,0.0,0.0,0.0,0.0,0.0,0.0,0.0,0.0,0.0,0.0,0.0,0.0,0.0,0.0,0.04
stage1f_single_agent_delivery_bridge,6,1,48800,2153,1,190,160,1,1,255.57029724121094,4.0,4.0,4.0,0.16071428571428573,0.0,0,0,0,105,2,5,3,1.0,8,0.3333333333333333,0.42857142857142855,0.11428571428571428,-3.5699999999999985,0.0,0.0,0.0,0.0,0.0,0.0,0.0,0.0,0.0,0.0,0.0,0.0,0.0,0.0,0.0380952380952381
stage1f_single_agent_delivery_bridge,6,1,48941,2154,1,190,160,1,1,258.5904846191406,4.0,4.0,4.0,0.16071428571428573,0.0,0,0,0,141,24,33,9,1.0,5,0.10638297872340426,0.14184397163120568,0.03546099290780142,-1.5750000000000006,0.0,0.0,0.0,0.0,0.0,0.0,0.0,0.0,0.0,0.0,0.0,0.0,0.0,0.0,0.028368794326241134
stage1f_single_agent_delivery_bridge,6,1,49058,2155,1,190,160,1,1,257.6090393066406,4.0,4.0,4.0,0.14285714285714285,0.0,0,0,0,117,2,9,7,1.0,4,0.1623931623931624,0.19658119658119658,0.042735042735042736,-1.7850000000000006,0.0,0.0,0.0,0.0,0.0,0.0,0.0,0.0,0.0,0.0,0.0,0.0,0.0,0.0,0.03418803418803419
stage1f_single_agent_delivery_bridge,6,1,49201,2156,1,190,160,1,1,258.8023376464844,4.0,4.0,4.0,0.21428571428571427,0.0,0,0,0,143,2,19,17,1.0,4,0.055944055944055944,0.08391608391608392,0.02097902097902098,-0.9450000000000003,0.0,0.0,0.0,0.0,0.0,0.0,0.0,0.0,0.0,0.0,0.0,0.0,0.0,0.0,0.027972027972027972
stage1f_single_agent_delivery_bridge,6,1,49302,2157,1,190,160,1,1,255.4993133544922,4.0,4.0,4.0,0.21428571428571427,0.0,0,0,0,101,4,6,2,1.0,3,0.1485148514851485,0.18811881188118812,0.0594059405940594,-1.5400000000000005,0.0,0.0,0.0,0.0,0.0,0.0,0.0,0.0,0.0,0.0,0.0,0.0,0.0,0.0,0.039603960396039604
stage1f_single_agent_delivery_bridge,6,1,49462,2158,1,190,160,1,1,110.80909729003906,3.0,3.0,2.0,0.2857142857142857,0.0,0,0,1,160,2,19,17,0.6666666666666666,7,0.15625,0.20625,0.05,-2.59,0.0,0.0,0.0,0.0,0.0,0.0,0.0,0.0,0.0,0.0,0.0,0.0,0.0,0.0,0.0125
stage1f_single_agent_delivery_bridge,6,1,49556,2159,1,190,160,1,1,256.4339599609375,4.0,4.0,4.0,0.16071428571428573,0.0,0,0,0,94,2,6,4,1.0,5,0.11702127659574468,0.1595744680851064,0.07446808510638298,-1.2950000000000002,0.0,0.0,0.0,0.0,0.0,0.0,0.0,0.0,0.0,0.0,0.0,0.0,0.0,0.0,0.0425531914893617
stage1f_single_agent_delivery_bridge,6,1,49669,2160,1,190,160,1,1,257.9886779785156,4.0,4.0,4.0,0.21428571428571427,0.0,0,0,0,113,2,4,2,1.0,4,0.11504424778761062,0.1504424778761062,0.035398230088495575,-1.3300000000000005,0.0,0.0,0.0,0.0,0.0,0.0,0.0,0.0,0.0,0.0,0.0,0.0,0.0,0.0,0.035398230088495575
stage1f_single_agent_delivery_bridge,6,1,49758,2161,1,190,160,1,1,257.1250305175781,4.0,4.0,4.0,0.14285714285714285,0.0,0,0,0,89,2,16,14,1.0,5,0.2808988764044944,0.34831460674157305,0.06741573033707865,-2.3800000000000003,0.0,0.0,0.0,0.0,0.0,0.0,0.0,0.0,0.0,0.0,0.0,0.0,0.0,0.0,0.0449438202247191
stage1f_single_agent_delivery_bridge,6,1,49868,2162,1,190,160,1,1,256.8788146972656,4.0,4.0,4.0,0.17857142857142858,0.0,0,0,0,110,8,12,4,1.0,4,0.17272727272727273,0.2,0.08181818181818182,-1.8550000000000002,0.0,0.0,0.0,0.0,0.0,0.0,0.0,0.0,0.0,0.0,0.0,0.0,0.0,0.0,0.03636363636363636
stage1f_single_agent_delivery_bridge,6,1,49984,2163,1,190,160,1,1,258.5726623535156,4.0,4.0,4.0,0.21428571428571427,0.0,0,0,0,116,2,5,3,1.0,3,0.09482758620689655,0.1206896551724138,0.02586206896551724,-1.0850000000000002,0.0,0.0,0.0,0.0,0.0,0.0,0.0,0.0,0.0,0.0,0.0,0.0,0.0,0.0,0.034482758620689655
stage1f_single_agent_delivery_bridge,6,1,50062,2164,1,190,160,1,1,256.3914794921875,4.0,4.0,4.0,0.125,0.0,0,0,0,78,5,11,6,1.0,2,0.0641025641025641,0.14102564102564102,0.05128205128205128,-0.9100000000000001,0.0,0.0,0.0,0.0,0.0,0.0,0.0,0.0,0.0,0.0,0.0,0.0,0.0,0.0,0.05128205128205128
stage1f_single_agent_delivery_bridge,6,1,50165,2165,1,190,160,1,1,256.0518798828125,4.0,4.0,4.0,0.125,0.0,0,0,0,103,1,14,13,1.0,5,0.18446601941747573,0.23300970873786409,0.04854368932038835,-1.8550000000000006,0.0,0.0,0.0,0.0,0.0,0.0,0.0,0.0,0.0,0.0,0.0,0.0,0.0,0.0,0.038834951456310676
stage1f_single_agent_delivery_bridge,6,1,50265,2166,1,190,160,1,1,257.02130126953125,4.0,4.0,4.0,0.19642857142857142,0.0,0,0,0,100,2,27,25,1.0,4,0.26,0.32,0.03,-2.345000000000001,0.0,0.0,0.0,0.0,0.0,0.0,0.0,0.0,0.0,0.0,0.0,0.0,0.0,0.0,0.04
stage1f_single_agent_delivery_bridge,6,1,50381,2167,1,190,160,1,1,255.3898162841797,4.0,4.0,4.0,0.125,0.0,0,0,0,116,16,29,13,1.0,6,0.10344827586206896,0.15517241379310345,0.04310344827586207,-1.4350000000000005,0.0,0.0,0.0,0.0,0.0,0.0,0.0,0.0,0.0,0.0,0.0,0.0,0.0,0.0,0.034482758620689655
stage1f_single_agent_delivery_bridge,6,1,50421,2168,1,190,160,1,1,258.23468017578125,4.0,4.0,4.0,0.08928571428571429,0.0,0,0,0,40,34,36,2,1.0,1,0.025,0.075,0.0,-0.21000000000000002,0.0,0.0,0.0,0.0,0.0,0.0,0.0,0.0,0.0,0.0,0.0,0.0,0.0,0.0,0.1
stage1f_single_agent_delivery_bridge,6,1,50560,2169,1,190,160,1,1,256.93682861328125,4.0,4.0,4.0,0.19642857142857142,0.0,0,0,0,139,26,28,2,1.0,7,0.2014388489208633,0.2517985611510791,0.06474820143884892,-2.765,0.0,0.0,0.0,0.0,0.0,0.0,0.0,0.0,0.0,0.0,0.0,0.0,0.0,0.0,0.02877697841726619
stage1f_single_agent_delivery_bridge,6,1,50628,2170,1,190,160,1,1,258.36279296875,4.0,4.0,4.0,0.10714285714285714,0.0,0,0,0,68,2,6,4,1.0,5,0.16176470588235295,0.23529411764705882,0.07352941176470588,-1.2950000000000004,0.0,0.0,0.0,0.0,0.0,0.0,0.0,0.0,0.0,0.0,0.0,0.0,0.0,0.0,0.058823529411764705
stage1f_single_agent_delivery_bridge,6,1,50724,2171,1,190,160,1,1,255.83517456054688,4.0,4.0,4.0,0.19642857142857142,0.0,0,0,0,96,2,25,23,1.0,7,0.3333333333333333,0.3958333333333333,0.14583333333333334,-3.1499999999999986,0.0,0.0,0.0,0.0,0.0,0.0,0.0,0.0,0.0,0.0,0.0,0.0,0.0,0.0,0.041666666666666664
stage1f_single_agent_delivery_bridge,6,1,50797,2172,1,190,160,1,1,257.3065185546875,4.0,4.0,4.0,0.125,0.0,0,0,0,73,3,8,5,1.0,5,0.1917808219178082,0.3013698630136986,0.1232876712328767,-1.8550000000000004,0.0,0.0,0.0,0.0,0.0,0.0,0.0,0.0,0.0,0.0,0.0,0.0,0.0,0.0,0.0547945205479452
stage1f_single_agent_delivery_bridge,6,1,50903,2173,1,190,160,1,1,257.4457702636719,4.0,4.0,4.0,0.16071428571428573,0.0,0,0,0,106,8,26,18,1.0,5,0.2358490566037736,0.29245283018867924,0.07547169811320754,-2.45,0.0,0.0,0.0,0.0,0.0,0.0,0.0,0.0,0.0,0.0,0.0,0.0,0.0,0.0,0.03773584905660377
stage1f_single_agent_delivery_bridge,6,1,51063,2174,1,190,160,1,1,192.4447479248047,3.0,3.0,3.0,0.30357142857142855,0.0,0,0,1,160,15,36,21,1.0,5,0.15625,0.1875,0.0375,-2.310000000000001,0.0,0.0,0.0,0.0,0.0,0.0,0.0,0.0,0.0,0.0,0.0,0.0,0.0,0.0,0.01875
stage1f_single_agent_delivery_bridge,6,1,51198,2175,1,190,160,1,1,253.26123046875,4.0,4.0,4.0,0.125,0.0,0,0,0,135,2,21,19,1.0,8,0.15555555555555556,0.22962962962962963,0.08148148148148149,-2.5549999999999997,0.0,0.0,0.0,0.0,0.0,0.0,0.0,0.0,0.0,0.0,0.0,0.0,0.0,0.0,0.02962962962962963
stage1f_single_agent_delivery_bridge,6,1,51313,2176,1,190,160,1,1,256.8360290527344,4.0,4.0,4.0,0.125,0.0,0,0,0,115,31,38,7,1.0,6,0.10434782608695652,0.16521739130434782,0.05217391304347826,-1.5400000000000005,0.0,0.0,0.0,0.0,0.0,0.0,0.0,0.0,0.0,0.0,0.0,0.0,0.0,0.0,0.034782608695652174
stage1f_single_agent_delivery_bridge,6,1,51387,2177,1,190,160,1,1,258.3094177246094,4.0,4.0,4.0,0.10714285714285714,0.0,0,0,0,74,10,13,3,1.0,6,0.1891891891891892,0.2702702702702703,0.08108108108108109,-1.6100000000000005,0.0,0.0,0.0,0.0,0.0,0.0,0.0,0.0,0.0,0.0,0.0,0.0,0.0,0.0,0.05405405405405406
stage1f_single_agent_delivery_bridge,6,1,51498,2178,1,190,160,1,1,259.0301818847656,4.0,4.0,4.0,0.21428571428571427,0.0,0,0,0,111,29,31,2,1.0,3,0.08108108108108109,0.11711711711711711,0.036036036036036036,-1.0500000000000003,0.0,0.0,0.0,0.0,0.0,0.0,0.0,0.0,0.0,0.0,0.0,0.0,0.0,0.0,0.036036036036036036
stage1f_single_agent_delivery_bridge,6,1,51611,2179,1,190,160,1,1,257.4979553222656,4.0,4.0,4.0,0.17857142857142858,0.0,0,0,0,113,1,10,9,1.0,7,0.23008849557522124,0.2920353982300885,0.07079646017699115,-2.59,0.0,0.0,0.0,0.0,0.0,0.0,0.0,0.0,0.0,0.0,0.0,0.0,0.0,0.0,0.035398230088495575
stage1f_single_agent_delivery_bridge,6,1,51736,2180,1,190,160,1,1,257.45281982421875,4.0,4.0,4.0,0.125,0.0,0,0,0,125,25,26,1,1.0,4,0.176,0.192,0.08,-2.0300000000000002,0.0,0.0,0.0,0.0,0.0,0.0,0.0,0.0,0.0,0.0,0.0,0.0,0.0,0.0,0.032
stage1f_single_agent_delivery_bridge,6,1,51896,2181,1,190,160,1,1,176.86080932617188,4.0,4.0,3.0,0.17857142857142858,0.0,0,0,0,160,27,43,16,0.75,7,0.175,0.21875,0.05625,-2.7649999999999997,0.0,0.0,0.0,0.0,0.0,0.0,0.0,0.0,0.0,0.0,0.0,0.0,0.0,0.0,0.01875
stage1f_single_agent_delivery_bridge,6,1,51950,2182,1,190,160,1,1,259.1002197265625,4.0,4.0,4.0,0.07142857142857142,0.0,0,0,0,54,4,6,2,1.0,4,0.16666666666666666,0.24074074074074073,0.07407407407407407,-1.0500000000000003,0.0,0.0,0.0,0.0,0.0,0.0,0.0,0.0,0.0,0.0,0.0,0.0,0.0,0.0,0.07407407407407407
stage1f_single_agent_delivery_bridge,6,1,52071,2183,1,190,160,1,1,256.41241455078125,4.0,4.0,4.0,0.21428571428571427,0.0,0,0,0,121,2,18,16,1.0,8,0.30578512396694213,0.38016528925619836,0.08264462809917356,-3.5699999999999985,0.0,0.0,0.0,0.0,0.0,0.0,0.0,0.0,0.0,0.0,0.0,0.0,0.0,0.0,0.03305785123966942
stage1f_single_agent_delivery_bridge,6,1,52148,2184,1,190,160,1,1,259.0776672363281,4.0,4.0,4.0,0.125,0.0,0,0,0,77,2,4,2,1.0,3,0.09090909090909091,0.12987012987012986,0.03896103896103896,-0.8050000000000002,0.0,0.0,0.0,0.0,0.0,0.0,0.0,0.0,0.0,0.0,0.0,0.0,0.0,0.0,0.05194805194805195
stage1f_single_agent_delivery_bridge,6,1,52241,2185,1,190,160,1,1,253.86224365234375,4.0,4.0,4.0,0.07142857142857142,0.0,0,0,0,93,2,3,1,1.0,4,0.043010752688172046,0.10752688172043011,0.010752688172043012,-0.7350000000000001,0.0,0.0,0.0,0.0,0.0,0.0,0.0,0.0,0.0,0.0,0.0,0.0,0.0,0.0,0.043010752688172046
stage1f_single_agent_delivery_bridge,6,1,52320,2186,1,190,160,1,1,258.3551330566406,4.0,4.0,4.0,0.17857142857142858,0.0,0,0,0,79,2,4,2,1.0,3,0.21518987341772153,0.26582278481012656,0.0379746835443038,-1.5750000000000008,0.0,0.0,0.0,0.0,0.0,0.0,0.0,0.0,0.0,0.0,0.0,0.0,0.0,0.0,0.05063291139240506
stage1f_single_agent_delivery_bridge,6,1,52401,2187,1,190,160,1,1,255.3214874267578,4.0,4.0,4.0,0.08928571428571429,0.0,0,0,0,81,2,7,5,1.0,5,0.20987654320987653,0.2839506172839506,0.09876543209876543,-1.8900000000000008,0.0,0.0,0.0,0.0,0.0,0.0,0.0,0.0,0.0,0.0,0.0,0.0,0.0,0.0,0.04938271604938271
stage1f_single_agent_delivery_bridge,6,1,52516,2188,1,190,160,1,1,256.6706237792969,4.0,4.0,4.0,0.25,0.0,0,0,0,115,2,16,14,1.0,6,0.20869565217391303,0.28695652173913044,0.06956521739130435,-2.5900000000000003,0.0,0.0,0.0,0.0,0.0,0.0,0.0,0.0,0.0,0.0,0.0,0.0,0.0,0.0,0.034782608695652174
stage1f_single_agent_delivery_bridge,6,1,52613,2189,1,190,160,1,1,257.13336181640625,4.0,4.0,4.0,0.125,0.0,0,0,0,97,11,18,7,1.0,7,0.26804123711340205,0.35051546391752575,0.1134020618556701,-2.765,0.0,0.0,0.0,0.0,0.0,0.0,0.0,0.0,0.0,0.0,0.0,0.0,0.0,0.0,0.041237113402061855
stage1f_single_agent_delivery_bridge,6,1,52715,2190,1,190,160,1,1,257.35687255859375,4.0,4.0,4.0,0.14285714285714285,0.0,0,0,0,102,6,29,23,1.0,5,0.29411764705882354,0.3333333333333333,0.08823529411764706,-2.695,0.0,0.0,0.0,0.0,0.0,0.0,0.0,0.0,0.0,0.0,0.0,0.0,0.0,0.0,0.0392156862745098
stage1f_single_agent_delivery_bridge,6,1,52780,2191,1,190,160,1,1,258.04071044921875,4.0,4.0,4.0,0.125,0.0,0,0,0,65,2,5,3,1.0,4,0.27692307692307694,0.3384615384615385,0.09230769230769231,-1.7500000000000007,0.0,0.0,0.0,0.0,0.0,0.0,0.0,0.0,0.0,0.0,0.0,0.0,0.0,0.0,0.06153846153846154
stage1f_single_agent_delivery_bridge,6,1,52913,2192,1,190,160,1,1,252.60067749023438,4.0,4.0,4.0,0.10714285714285714,0.0,0,0,0,133,33,63,30,1.0,13,0.18045112781954886,0.2857142857142857,0.09022556390977443,-3.0799999999999996,0.0,0.0,0.0,0.0,0.0,0.0,0.0,0.0,0.0,0.0,0.0,0.0,0.0,0.0,0.03007518796992481
stage1f_single_agent_delivery_bridge,6,1,52991,2193,1,190,160,1,1,256.54071044921875,4.0,4.0,4.0,0.08928571428571429,0.0,0,0,0,78,2,21,19,1.0,4,0.15384615384615385,0.19230769230769232,0.08974358974358974,-1.2950000000000004,0.0,0.0,0.0,0.0,0.0,0.0,0.0,0.0,0.0,0.0,0.0,0.0,0.0,0.0,0.05128205128205128
stage1f_single_agent_delivery_bridge,6,1,53091,2194,1,190,160,1,1,253.44601440429688,4.0,4.0,4.0,0.125,0.0,0,0,0,100,2,26,24,1.0,10,0.23,0.36,0.16,-3.079999999999999,0.0,0.0,0.0,0.0,0.0,0.0,0.0,0.0,0.0,0.0,0.0,0.0,0.0,0.0,0.04
stage1f_single_agent_delivery_bridge,6,1,53221,2195,1,190,160,1,1,257.363037109375,4.0,4.0,4.0,0.21428571428571427,0.0,0,0,0,130,2,5,3,1.0,5,0.2153846153846154,0.26153846153846155,0.06153846153846154,-2.66,0.0,0.0,0.0,0.0,0.0,0.0,0.0,0.0,0.0,0.0,0.0,0.0,0.0,0.0,0.03076923076923077
stage1f_single_agent_delivery_bridge,6,1,53306,2196,1,190,160,1,1,256.7841491699219,4.0,4.0,4.0,0.125,0.0,0,0,0,85,2,21,19,1.0,7,0.3058823529411765,0.3764705882352941,0.10588235294117647,-2.555,0.0,0.0,0.0,0.0,0.0,0.0,0.0,0.0,0.0,0.0,0.0,0.0,0.0,0.0,0.047058823529411764
stage1f_single_agent_delivery_bridge,6,1,53369,2197,1,190,160,1,1,257.995361328125,4.0,4.0,4.0,0.16071428571428573,0.0,0,0,0,63,6,22,16,1.0,4,0.2222222222222222,0.2857142857142857,0.1111111111111111,-1.5050000000000001,0.0,0.0,0.0,0.0,0.0,0.0,0.0,0.0,0.0,0.0,0.0,0.0,0.0,0.0,0.06349206349206349
stage1f_single_agent_delivery_bridge,6,1,53419,2198,1,190,160,1,1,258.9830017089844,4.0,4.0,4.0,0.07142857142857142,0.0,0,0,0,50,1,8,7,1.0,4,0.18,0.26,0.08,-1.0500000000000003,0.0,0.0,0.0,0.0,0.0,0.0,0.0,0.0,0.0,0.0,0.0,0.0,0.0,0.0,0.08
stage1f_single_agent_delivery_bridge,6,1,53466,2199,1,190,160,1,1,258.81561279296875,4.0,4.0,4.0,0.08928571428571429,0.0,0,0,0,47,2,8,6,1.0,3,0.2553191489361702,0.3191489361702128,0.10638297872340426,-1.2250000000000003,0.0,0.0,0.0,0.0,0.0,0.0,0.0,0.0,0.0,0.0,0.0,0.0,0.0,0.0,0.0851063829787234
stage1f_single_agent_delivery_bridge,6,1,53551,2200,1,190,160,1,1,255.27589416503906,4.0,4.0,4.0,0.125,0.0,0,0,0,85,2,7,5,1.0,4,0.2,0.3176470588235294,0.058823529411764705,-2.065000000000001,0.0,0.0,0.0,0.0,0.0,0.0,0.0,0.0,0.0,0.0,0.0,0.0,0.0,0.0,0.047058823529411764
stage1f_single_agent_delivery_bridge,6,1,53646,2201,1,190,160,1,1,256.4573059082031,4.0,4.0,4.0,0.125,0.0,0,0,0,95,2,21,19,1.0,6,0.25263157894736843,0.3368421052631579,0.16842105263157894,-2.8,0.0,0.0,0.0,0.0,0.0,0.0,0.0,0.0,0.0,0.0,0.0,0.0,0.0,0.0,0.042105263157894736
stage1f_single_agent_delivery_bridge,6,1,53702,2202,1,190,160,1,1,257.8037414550781,4.0,4.0,4.0,0.07142857142857142,0.0,0,0,0,56,2,5,3,1.0,3,0.05357142857142857,0.10714285714285714,0.03571428571428571,-0.4900000000000001,0.0,0.0,0.0,0.0,0.0,0.0,0.0,0.0,0.0,0.0,0.0,0.0,0.0,0.0,0.07142857142857142
stage1f_single_agent_delivery_bridge,6,1,53804,2203,1,190,160,1,1,257.6789855957031,4.0,4.0,4.0,0.16071428571428573,0.0,0,0,0,102,2,9,7,1.0,6,0.20588235294117646,0.2647058823529412,0.06862745098039216,-2.1350000000000007,0.0,0.0,0.0,0.0,0.0,0.0,0.0,0.0,0.0,0.0,0.0,0.0,0.0,0.0,0.0392156862745098
stage1f_single_agent_delivery_bridge,6,1,53832,2204,1,190,160,1,1,258.6015319824219,4.0,4.0,4.0,0.08928571428571429,0.0,0,0,0,28,2,9,7,1.0,1,0.03571428571428571,0.10714285714285714,0.0,-0.21000000000000002,0.0,0.0,0.0,0.0,0.0,0.0,0.0,0.0,0.0,0.0,0.0,0.0,0.0,0.0,0.14285714285714285
stage1f_single_agent_delivery_bridge,6,1,53876,2205,1,190,160,1,1,257.72607421875,4.0,4.0,4.0,0.10714285714285714,0.0,0,0,0,44,2,6,4,1.0,1,0.18181818181818182,0.3181818181818182,0.09090909090909091,-1.1200000000000003,0.0,0.0,0.0,0.0,0.0,0.0,0.0,0.0,0.0,0.0,0.0,0.0,0.0,0.0,0.09090909090909091
stage1f_single_agent_delivery_bridge,6,1,53902,2206,1,190,160,1,1,259.4346923828125,4.0,4.0,4.0,0.07142857142857142,0.0,0,0,0,26,2,11,9,1.0,1,0.23076923076923078,0.2692307692307692,0.07692307692307693,-0.56,0.0,0.0,0.0,0.0,0.0,0.0,0.0,0.0,0.0,0.0,0.0,0.0,0.0,0.0,0.15384615384615385
stage1f_single_agent_delivery_bridge,6,1,53979,2207,1,190,160,1,1,259.1305236816406,4.0,4.0,4.0,0.16071428571428573,0.0,0,0,0,77,2,10,8,1.0,2,0.15584415584415584,0.18181818181818182,0.03896103896103896,-1.0850000000000002,0.0,0.0,0.0,0.0,0.0,0.0,0.0,0.0,0.0,0.0,0.0,0.0,0.0,0.0,0.05194805194805195
stage1f_single_agent_delivery_bridge,6,1,54107,2208,1,190,160,1,1,256.7132873535156,4.0,4.0,4.0,0.14285714285714285,0.0,0,0,0,128,13,27,14,1.0,9,0.2421875,0.296875,0.1015625,-3.1149999999999998,0.0,0.0,0.0,0.0,0.0,0.0,0.0,0.0,0.0,0.0,0.0,0.0,0.0,0.0,0.03125
stage1f_single_agent_delivery_bridge,6,1,54114,2209,1,190,160,1,1,259.9911804199219,4.0,4.0,4.0,0.03571428571428571,0.0,0,0,0,7,2,4,2,1.0,0,0.0,0.0,0.0,0.0,0.0,0.0,0.0,0.0,0.0,0.0,0.0,0.0,0.0,0.0,0.0,0.0,0.0,0.0,0.5714285714285714
stage1f_single_agent_delivery_bridge,6,1,54220,2210,1,190,160,1,1,257.293701171875,4.0,4.0,4.0,0.125,0.0,0,0,0,106,5,8,3,1.0,5,0.1792452830188679,0.25471698113207547,0.0660377358490566,-2.1350000000000007,0.0,0.0,0.0,0.0,0.0,0.0,0.0,0.0,0.0,0.0,0.0,0.0,0.0,0.0,0.03773584905660377
stage1f_single_agent_delivery_bridge,6,1,54265,2211,1,190,160,1,1,258.117431640625,4.0,4.0,4.0,0.07142857142857142,0.0,0,0,0,45,2,3,1,1.0,2,0.15555555555555556,0.26666666666666666,0.08888888888888889,-0.9800000000000002,0.0,0.0,0.0,0.0,0.0,0.0,0.0,0.0,0.0,0.0,0.0,0.0,0.0,0.0,0.08888888888888889
stage1f_single_agent_delivery_bridge,6,1,54359,2212,1,190,160,1,1,256.1445007324219,4.0,4.0,4.0,0.08928571428571429,0.0,0,0,0,94,2,10,8,1.0,8,0.2978723404255319,0.39361702127659576,0.10638297872340426,-2.9399999999999995,0.0,0.0,0.0,0.0,0.0,0.0,0.0,0.0,0.0,0.0,0.0,0.0,0.0,0.0,0.0425531914893617
stage1f_single_agent_delivery_bridge,6,1,54460,2213,1,190,160,1,1,258.8544616699219,4.0,4.0,4.0,0.16071428571428573,0.0,0,0,0,101,41,53,12,1.0,3,0.10891089108910891,0.1485148514851485,0.04950495049504951,-1.225,0.0,0.0,0.0,0.0,0.0,0.0,0.0,0.0,0.0,0.0,0.0,0.0,0.0,0.0,0.039603960396039604
stage1f_single_agent_delivery_bridge,6,1,54546,2214,1,190,160,1,1,257.159423828125,4.0,4.0,4.0,0.10714285714285714,0.0,0,0,0,86,2,10,8,1.0,6,0.2558139534883721,0.32558139534883723,0.09302325581395349,-2.2400000000000007,0.0,0.0,0.0,0.0,0.0,0.0,0.0,0.0,0.0,0.0,0.0,0.0,0.0,0.0,0.046511627906976744
stage1f_single_agent_delivery_bridge,6,1,54635,2215,1,190,160,1,1,255.94505310058594,4.0,4.0,4.0,0.08928571428571429,0.0,0,0,0,89,2,19,17,1.0,8,0.34831460674157305,0.47191011235955055,0.1797752808988764,-3.4999999999999987,0.0,0.0,0.0,0.0,0.0,0.0,0.0,0.0,0.0,0.0,0.0,0.0,0.0,0.0,0.0449438202247191
stage1f_single_agent_delivery_bridge,6,1,54669,2216,1,190,160,1,1,259.28057861328125,4.0,4.0,4.0,0.05357142857142857,0.0,0,0,0,34,1,4,3,1.0,1,0.08823529411764706,0.11764705882352941,0.029411764705882353,-0.31500000000000006,0.0,0.0,0.0,0.0,0.0,0.0,0.0,0.0,0.0,0.0,0.0,0.0,0.0,0.0,0.11764705882352941
stage1f_single_agent_delivery_bridge,6,1,54753,2217,1,190,160,1,1,257.47296142578125,4.0,4.0,4.0,0.125,0.0,0,0,0,84,1,17,16,1.0,5,0.15476190476190477,0.23809523809523808,0.11904761904761904,-1.7500000000000002,0.0,0.0,0.0,0.0,0.0,0.0,0.0,0.0,0.0,0.0,0.0,0.0,0.0,0.0,0.047619047619047616
stage1f_single_agent_delivery_bridge,6,1,54893,2218,1,190,160,1,1,257.7780456542969,4.0,4.0,4.0,0.17857142857142858,0.0,0,0,0,140,10,23,13,1.0,5,0.1357142857142857,0.17857142857142858,0.06428571428571428,-2.065000000000001,0.0,0.0,0.0,0.0,0.0,0.0,0.0,0.0,0.0,0.0,0.0,0.0,0.0,0.0,0.02857142857142857
stage1f_single_agent_delivery_bridge,6,1,54974,2219,1,190,160,1,1,258.2470703125,4.0,4.0,4.0,0.14285714285714285,0.0,0,0,0,81,15,15,0,1.0,4,0.20987654320987653,0.2716049382716049,0.08641975308641975,-1.7850000000000006,0.0,0.0,0.0,0.0,0.0,0.0,0.0,0.0,0.0,0.0,0.0,0.0,0.0,0.0,0.04938271604938271
stage1f_single_agent_delivery_bridge,6,1,55093,2220,1,190,160,1,1,258.2103576660156,4.0,4.0,4.0,0.14285714285714285,0.0,0,0,0,119,6,19,13,1.0,8,0.15126050420168066,0.226890756302521,0.07563025210084033,-2.2050000000000005,0.0,0.0,0.0,0.0,0.0,0.0,0.0,0.0,0.0,0.0,0.0,0.0,0.0,0.0,0.03361344537815126
stage1f_single_agent_delivery_bridge,6,1,55185,2221,1,190,160,1,1,257.8340759277344,4.0,4.0,4.0,0.10714285714285714,0.0,0,0,0,92,10,14,4,1.0,7,0.20652173913043478,0.29347826086956524,0.08695652173913043,-2.170000000000001,0.0,0.0,0.0,0.0,0.0,0.0,0.0,0.0,0.0,0.0,0.0,0.0,0.0,0.0,0.043478260869565216
stage1f_single_agent_delivery_bridge,6,1,55227,2222,1,190,160,1,1,259.3041687011719,4.0,4.0,4.0,0.08928571428571429,0.0,0,0,0,42,2,4,2,1.0,2,0.11904761904761904,0.16666666666666666,0.047619047619047616,-0.56,0.0,0.0,0.0,0.0,0.0,0.0,0.0,0.0,0.0,0.0,0.0,0.0,0.0,0.0,0.09523809523809523
stage1f_single_agent_delivery_bridge,6,1,55240,2223,1,190,160,1,1,259.0704650878906,4.0,4.0,4.0,0.03571428571428571,0.0,0,0,0,13,1,8,7,1.0,3,0.23076923076923078,0.46153846153846156,0.3076923076923077,-0.56,0.0,0.0,0.0,0.0,0.0,0.0,0.0,0.0,0.0,0.0,0.0,0.0,0.0,0.0,0.3076923076923077
stage1f_single_agent_delivery_bridge,6,1,55306,2224,1,190,160,1,1,258.44305419921875,4.0,4.0,4.0,0.08928571428571429,0.0,0,0,0,66,2,3,1,1.0,5,0.18181818181818182,0.25757575757575757,0.07575757575757576,-1.3650000000000002,0.0,0.0,0.0,0.0,0.0,0.0,0.0,0.0,0.0,0.0,0.0,0.0,0.0,0.0,0.06060606060606061
stage1f_single_agent_delivery_bridge,6,1,55424,2225,1,190,160,1,1,257.28765869140625,4.0,4.0,4.0,0.14285714285714285,0.0,0,0,0,118,2,5,3,1.0,6,0.2457627118644068,0.2966101694915254,0.0847457627118644,-2.8,0.0,0.0,0.0,0.0,0.0,0.0,0.0,0.0,0.0,0.0,0.0,0.0,0.0,0.0,0.03389830508474576
stage1f_single_agent_delivery_bridge,6,1,55447,2226,1,190,160,1,1,259.54290771484375,4.0,4.0,4.0,0.03571428571428571,0.0,0,0,0,23,2,8,6,1.0,2,0.13043478260869565,0.21739130434782608,0.08695652173913043,-0.42000000000000004,0.0,0.0,0.0,0.0,0.0,0.0,0.0,0.0,0.0,0.0,0.0,0.0,0.0,0.0,0.17391304347826086
stage1f_single_agent_delivery_bridge,6,1,55533,2227,1,190,160,1,1,257.9947814941406,4.0,4.0,4.0,0.125,0.0,0,0,0,86,9,17,8,1.0,5,0.1511627906976744,0.19767441860465115,0.09302325581395349,-1.4700000000000004,0.0,0.0,0.0,0.0,0.0,0.0,0.0,0.0,0.0,0.0,0.0,0.0,0.0,0.0,0.046511627906976744
stage1f_single_agent_delivery_bridge,6,1,55633,2228,1,190,160,1,1,257.0378723144531,4.0,4.0,4.0,0.125,0.0,0,0,0,100,2,19,17,1.0,7,0.22,0.3,0.1,-2.45,0.0,0.0,0.0,0.0,0.0,0.0,0.0,0.0,0.0,0.0,0.0,0.0,0.0,0.0,0.04
stage1f_single_agent_delivery_bridge,6,1,55712,2229,1,190,160,1,1,256.9062805175781,4.0,4.0,4.0,0.10714285714285714,0.0,0,0,0,79,2,5,3,1.0,6,0.2911392405063291,0.3670886075949367,0.10126582278481013,-2.3100000000000005,0.0,0.0,0.0,0.0,0.0,0.0,0.0,0.0,0.0,0.0,0.0,0.0,0.0,0.0,0.05063291139240506
stage1f_single_agent_delivery_bridge,6,1,55804,2230,1,190,160,1,1,257.09716796875,4.0,4.0,4.0,0.125,0.0,0,0,0,92,14,16,2,1.0,7,0.25,0.32608695652173914,0.07608695652173914,-2.345,0.0,0.0,0.0,0.0,0.0,0.0,0.0,0.0,0.0,0.0,0.0,0.0,0.0,0.0,0.043478260869565216
stage1f_single_agent_delivery_bridge,6,1,55829,2231,1,190,160,1,1,260.1787414550781,4.0,4.0,4.0,0.10714285714285714,0.0,0,0,0,25,2,4,2,1.0,0,0.0,0.0,0.0,0.0,0.0,0.0,0.0,0.0,0.0,0.0,0.0,0.0,0.0,0.0,0.0,0.0,0.0,0.0,0.16
stage1f_single_agent_delivery_bridge,6,1,55908,2232,1,190,160,1,1,256.78668212890625,4.0,4.0,4.0,0.08928571428571429,0.0,0,0,0,79,2,5,3,1.0,5,0.31645569620253167,0.379746835443038,0.13924050632911392,-2.485,0.0,0.0,0.0,0.0,0.0,0.0,0.0,0.0,0.0,0.0,0.0,0.0,0.0,0.0,0.05063291139240506
stage1f_single_agent_delivery_bridge,6,1,56039,2233,1,190,160,1,1,256.3795471191406,4.0,4.0,4.0,0.10714285714285714,0.0,0,0,0,131,15,27,12,1.0,6,0.17557251908396945,0.22137404580152673,0.06870229007633588,-2.345,0.0,0.0,0.0,0.0,0.0,0.0,0.0,0.0,0.0,0.0,0.0,0.0,0.0,0.0,0.030534351145038167
stage1f_single_agent_delivery_bridge,6,1,56141,2234,1,190,160,1,1,258.63671875,4.0,4.0,4.0,0.14285714285714285,0.0,0,0,0,102,2,5,3,1.0,5,0.09803921568627451,0.14705882352941177,0.049019607843137254,-1.2250000000000003,0.0,0.0,0.0,0.0,0.0,0.0,0.0,0.0,0.0,0.0,0.0,0.0,0.0,0.0,0.0392156862745098
stage1f_single_agent_delivery_bridge,6,1,56260,2235,1,190,160,1,1,255.45913696289062,4.0,4.0,4.0,0.125,0.0,0,0,0,119,12,37,25,1.0,7,0.33613445378151263,0.4369747899159664,0.15966386554621848,-4.305,0.0,0.0,0.0,0.0,0.0,0.0,0.0,0.0,0.0,0.0,0.0,0.0,0.0,0.0,0.03361344537815126
stage1f_single_agent_delivery_bridge,6,1,56366,2236,1,190,160,1,1,258.66650390625,4.0,4.0,4.0,0.10714285714285714,0.0,0,0,0,106,6,18,12,1.0,3,0.07547169811320754,0.11320754716981132,0.02830188679245283,-0.9450000000000001,0.0,0.0,0.0,0.0,0.0,0.0,0.0,0.0,0.0,0.0,0.0,0.0,0.0,0.0,0.03773584905660377
stage1f_single_agent_delivery_bridge,6,1,56446,2237,1,190,160,1,1,258.36602783203125,4.0,4.0,4.0,0.14285714285714285,0.0,0,0,0,80,2,4,2,1.0,3,0.1125,0.15,0.0625,-1.0150000000000001,0.0,0.0,0.0,0.0,0.0,0.0,0.0,0.0,0.0,0.0,0.0,0.0,0.0,0.0,0.05
stage1f_single_agent_delivery_bridge,6,1,56547,2238,1,190,160,1,1,258.20892333984375,4.0,4.0,4.0,0.10714285714285714,0.0,0,0,0,101,2,4,2,1.0,3,0.13861386138613863,0.15841584158415842,0.06930693069306931,-1.3650000000000002,0.0,0.0,0.0,0.0,0.0,0.0,0.0,0.0,0.0,0.0,0.0,0.0,0.0,0.0,0.039603960396039604
stage1f_single_agent_delivery_bridge,6,1,56636,2239,1,190,160,1,1,255.9600830078125,4.0,4.0,4.0,0.08928571428571429,0.0,0,0,0,89,6,32,26,1.0,9,0.4157303370786517,0.5168539325842697,0.20224719101123595,-3.8499999999999988,0.0,0.0,0.0,0.0,0.0,0.0,0.0,0.0,0.0,0.0,0.0,0.0,0.0,0.0,0.0449438202247191
stage1f_single_agent_delivery_bridge,6,1,56664,2240,1,190,160,1,1,259.3155822753906,4.0,4.0,4.0,0.07142857142857142,0.0,0,0,0,28,6,12,6,1.0,2,0.10714285714285714,0.17857142857142858,0.03571428571428571,-0.385,0.0,0.0,0.0,0.0,0.0,0.0,0.0,0.0,0.0,0.0,0.0,0.0,0.0,0.0,0.14285714285714285
stage1f_single_agent_delivery_bridge,6,1,56793,2241,1,190,160,1,1,255.19029235839844,4.0,4.0,4.0,0.125,0.0,0,0,0,129,2,21,19,1.0,9,0.24806201550387597,0.31007751937984496,0.14728682170542637,-3.464999999999999,0.0,0.0,0.0,0.0,0.0,0.0,0.0,0.0,0.0,0.0,0.0,0.0,0.0,0.0,0.031007751937984496
stage1f_single_agent_delivery_bridge,6,1,56885,2242,1,190,160,1,1,257.0566711425781,4.0,4.0,4.0,0.14285714285714285,0.0,0,0,0,92,7,9,2,1.0,6,0.2826086956521739,0.358695652173913,0.09782608695652174,-2.625,0.0,0.0,0.0,0.0,0.0,0.0,0.0,0.0,0.0,0.0,0.0,0.0,0.0,0.0,0.043478260869565216
stage1f_single_agent_delivery_bridge,6,1,56943,2243,1,190,160,1,1,259.2279052734375,4.0,4.0,4.0,0.10714285714285714,0.0,0,0,0,58,2,4,2,1.0,3,0.1206896551724138,0.1724137931034483,0.06896551724137931,-0.8400000000000001,0.0,0.0,0.0,0.0,0.0,0.0,0.0,0.0,0.0,0.0,0.0,0.0,0.0,0.0,0.06896551724137931
stage1f_single_agent_delivery_bridge,6,1,57080,2244,1,190,160,1,1,254.9903564453125,4.0,4.0,4.0,0.23214285714285715,0.0,0,0,0,137,2,8,6,1.0,9,0.26277372262773724,0.3357664233576642,0.0948905109489051,-3.6749999999999985,0.0,0.0,0.0,0.0,0.0,0.0,0.0,0.0,0.0,0.0,0.0,0.0,0.0,0.0,0.029197080291970802
stage1f_single_agent_delivery_bridge,6,1,57184,2245,1,190,160,1,1,256.5160217285156,4.0,4.0,4.0,0.07142857142857142,0.0,0,0,0,104,6,26,20,1.0,7,0.20192307692307693,0.25961538461538464,0.09615384615384616,-2.2400000000000007,0.0,0.0,0.0,0.0,0.0,0.0,0.0,0.0,0.0,0.0,0.0,0.0,0.0,0.0,0.038461538461538464
stage1f_single_agent_delivery_bridge,6,1,57295,2246,1,190,160,1,1,258.0517578125,4.0,4.0,4.0,0.19642857142857142,0.0,0,0,0,111,6,9,3,1.0,4,0.17117117117117117,0.2072072072072072,0.05405405405405406,-1.8200000000000007,0.0,0.0,0.0,0.0,0.0,0.0,0.0,0.0,0.0,0.0,0.0,0.0,0.0,0.0,0.036036036036036036
stage1f_single_agent_delivery_bridge,6,1,57376,2247,1,190,160,1,1,254.7666778564453,4.0,4.0,4.0,0.08928571428571429,0.0,0,0,0,81,6,14,8,1.0,8,0.14814814814814814,0.2839506172839506,0.08641975308641975,-1.8550000000000006,0.0,0.0,0.0,0.0,0.0,0.0,0.0,0.0,0.0,0.0,0.0,0.0,0.0,0.0,0.04938271604938271
stage1f_single_agent_delivery_bridge,6,1,57474,2248,1,190,160,1,1,256.3421630859375,4.0,4.0,4.0,0.25,0.0,0,0,0,98,2,17,15,1.0,4,0.29591836734693877,0.336734693877551,0.01020408163265306,-2.3450000000000006,0.0,0.0,0.0,0.0,0.0,0.0,0.0,0.0,0.0,0.0,0.0,0.0,0.0,0.0,0.04081632653061224
stage1f_single_agent_delivery_bridge,6,1,57539,2249,1,190,160,1,1,257.7927551269531,4.0,4.0,4.0,0.07142857142857142,0.0,0,0,0,65,8,12,4,1.0,5,0.2153846153846154,0.3076923076923077,0.1076923076923077,-1.6450000000000005,0.0,0.0,0.0,0.0,0.0,0.0,0.0,0.0,0.0,0.0,0.0,0.0,0.0,0.0,0.06153846153846154
stage1f_single_agent_delivery_bridge,6,1,57645,2250,1,190,160,1,1,258.431640625,4.0,4.0,4.0,0.16071428571428573,0.0,0,0,0,106,11,20,9,1.0,6,0.1320754716981132,0.18867924528301888,0.05660377358490566,-1.6100000000000005,0.0,0.0,0.0,0.0,0.0,0.0,0.0,0.0,0.0,0.0,0.0,0.0,0.0,0.0,0.03773584905660377
stage1f_single_agent_delivery_bridge,6,1,57667,2251,1,190,160,1,1,257.6456298828125,4.0,4.0,4.0,0.03571428571428571,0.0,0,0,0,22,4,5,1,1.0,1,0.22727272727272727,0.4090909090909091,0.09090909090909091,-0.7000000000000002,0.0,0.0,0.0,0.0,0.0,0.0,0.0,0.0,0.0,0.0,0.0,0.0,0.0,0.0,0.18181818181818182
stage1f_single_agent_delivery_bridge,6,1,57704,2252,1,190,160,1,1,258.5801086425781,4.0,4.0,4.0,0.08928571428571429,0.0,0,0,0,37,6,9,3,1.0,2,0.1891891891891892,0.24324324324324326,0.08108108108108109,-0.7350000000000001,0.0,0.0,0.0,0.0,0.0,0.0,0.0,0.0,0.0,0.0,0.0,0.0,0.0,0.0,0.10810810810810811
stage1f_single_agent_delivery_bridge,6,1,57819,2253,1,190,160,1,1,257.26824951171875,4.0,4.0,4.0,0.16071428571428573,0.0,0,0,0,115,13,19,6,1.0,7,0.21739130434782608,0.2782608695652174,0.06956521739130435,-2.52,0.0,0.0,0.0,0.0,0.0,0.0,0.0,0.0,0.0,0.0,0.0,0.0,0.0,0.0,0.034782608695652174
stage1f_single_agent_delivery_bridge,6,1,57889,2254,1,190,160,1,1,258.3529357910156,4.0,4.0,4.0,0.125,0.0,0,0,0,70,4,7,3,1.0,3,0.11428571428571428,0.14285714285714285,0.08571428571428572,-0.91,0.0,0.0,0.0,0.0,0.0,0.0,0.0,0.0,0.0,0.0,0.0,0.0,0.0,0.0,0.05714285714285714
stage1f_single_agent_delivery_bridge,6,1,58043,2255,1,190,160,1,1,257.5434265136719,4.0,4.0,4.0,0.16071428571428573,0.0,0,0,0,154,2,13,11,1.0,5,0.16233766233766234,0.19480519480519481,0.05844155844155844,-2.4150000000000005,0.0,0.0,0.0,0.0,0.0,0.0,0.0,0.0,0.0,0.0,0.0,0.0,0.0,0.0,0.025974025974025976
stage1f_single_agent_delivery_bridge,6,1,58162,2256,1,190,160,1,1,255.404296875,4.0,4.0,4.0,0.10714285714285714,0.0,0,0,0,119,39,54,15,1.0,6,0.16806722689075632,0.20168067226890757,0.08403361344537816,-2.0300000000000007,0.0,0.0,0.0,0.0,0.0,0.0,0.0,0.0,0.0,0.0,0.0,0.0,0.0,0.0,0.03361344537815126
stage1f_single_agent_delivery_bridge,6,1,58250,2257,1,190,160,1,1,256.8811340332031,4.0,4.0,4.0,0.08928571428571429,0.0,0,0,0,88,1,15,14,1.0,5,0.22727272727272727,0.2840909090909091,0.09090909090909091,-2.0300000000000007,0.0,0.0,0.0,0.0,0.0,0.0,0.0,0.0,0.0,0.0,0.0,0.0,0.0,0.0,0.045454545454545456
stage1f_single_agent_delivery_bridge,6,1,58338,2258,1,190,160,1,1,258.4159851074219,4.0,4.0,4.0,0.10714285714285714,0.0,0,0,0,88,6,13,7,1.0,4,0.13636363636363635,0.20454545454545456,0.056818181818181816,-1.4350000000000005,0.0,0.0,0.0,0.0,0.0,0.0,0.0,0.0,0.0,0.0,0.0,0.0,0.0,0.0,0.045454545454545456
stage1f_single_agent_delivery_bridge,6,1,58430,2259,1,190,160,1,1,255.66058349609375,4.0,4.0,4.0,0.08928571428571429,0.0,0,0,0,92,21,39,18,1.0,7,0.22826086956521738,0.31521739130434784,0.17391304347826086,-2.5899999999999994,0.0,0.0,0.0,0.0,0.0,0.0,0.0,0.0,0.0,0.0,0.0,0.0,0.0,0.0,0.043478260869565216
stage1f_single_agent_delivery_bridge,6,1,58533,2260,1,190,160,1,1,257.7876281738281,4.0,4.0,4.0,0.16071428571428573,0.0,0,0,0,103,6,29,23,1.0,6,0.1553398058252427,0.2524271844660194,0.08737864077669903,-2.1350000000000007,0.0,0.0,0.0,0.0,0.0,0.0,0.0,0.0,0.0,0.0,0.0,0.0,0.0,0.0,0.038834951456310676
stage1f_single_agent_delivery_bridge,6,1,58612,2261,1,190,160,1,1,255.284912109375,4.0,4.0,4.0,0.10714285714285714,0.0,0,0,0,79,2,6,4,1.0,5,0.26582278481012656,0.35443037974683544,0.17721518987341772,-2.45,0.0,0.0,0.0,0.0,0.0,0.0,0.0,0.0,0.0,0.0,0.0,0.0,0.0,0.0,0.05063291139240506
stage1f_single_agent_delivery_bridge,6,1,58700,2262,1,190,160,1,1,257.4643249511719,4.0,4.0,4.0,0.16071428571428573,0.0,0,0,0,88,2,3,1,1.0,7,0.22727272727272727,0.3181818181818182,0.06818181818181818,-2.1700000000000004,0.0,0.0,0.0,0.0,0.0,0.0,0.0,0.0,0.0,0.0,0.0,0.0,0.0,0.0,0.045454545454545456
stage1f_single_agent_delivery_bridge,6,1,58787,2263,1,190,160,1,1,258.0643310546875,4.0,4.0,4.0,0.14285714285714285,0.0,0,0,0,87,2,9,7,1.0,6,0.1839080459770115,0.25287356321839083,0.06896551724137931,-1.7500000000000009,0.0,0.0,0.0,0.0,0.0,0.0,0.0,0.0,0.0,0.0,0.0,0.0,0.0,0.0,0.04597701149425287
stage1f_single_agent_delivery_bridge,6,1,58913,2264,1,190,160,1,1,257.7044982910156,4.0,4.0,4.0,0.16071428571428573,0.0,0,0,0,126,18,30,12,1.0,7,0.2222222222222222,0.2777777777777778,0.07142857142857142,-2.7649999999999997,0.0,0.0,0.0,0.0,0.0,0.0,0.0,0.0,0.0,0.0,0.0,0.0,0.0,0.0,0.031746031746031744
stage1f_single_agent_delivery_bridge,6,1,59017,2265,1,190,160,1,1,256.32635498046875,4.0,4.0,4.0,0.21428571428571427,0.0,0,0,0,104,2,29,27,1.0,6,0.33653846153846156,0.3942307692307692,0.09615384615384616,-3.219999999999999,0.0,0.0,0.0,0.0,0.0,0.0,0.0,0.0,0.0,0.0,0.0,0.0,0.0,0.0,0.038461538461538464
stage1f_single_agent_delivery_bridge,6,1,59099,2266,1,190,160,1,1,259.051025390625,4.0,4.0,4.0,0.17857142857142858,0.0,0,0,0,82,4,6,2,1.0,1,0.0975609756097561,0.10975609756097561,0.012195121951219513,-0.665,0.0,0.0,0.0,0.0,0.0,0.0,0.0,0.0,0.0,0.0,0.0,0.0,0.0,0.0,0.04878048780487805
stage1f_single_agent_delivery_bridge,6,1,59259,2267,1,190,160,1,1,191.95401000976562,3.0,3.0,3.0,0.21428571428571427,0.0,0,0,1,160,2,18,16,1.0,7,0.16875,0.2125,0.04375,-2.6249999999999996,0.0,0.0,0.0,0.0,0.0,0.0,0.0,0.0,0.0,0.0,0.0,0.0,0.0,0.0,0.01875
stage1f_single_agent_delivery_bridge,6,1,59323,2268,1,190,160,1,1,256.7047119140625,4.0,4.0,4.0,0.125,0.0,0,0,0,64,2,4,2,1.0,5,0.1875,0.28125,0.078125,-1.4350000000000005,0.0,0.0,0.0,0.0,0.0,0.0,0.0,0.0,0.0,0.0,0.0,0.0,0.0,0.0,0.0625
stage1f_single_agent_delivery_bridge,6,1,59438,2269,1,190,160,1,1,255.40826416015625,4.0,4.0,4.0,0.125,0.0,0,0,0,115,24,39,15,1.0,5,0.08695652173913043,0.14782608695652175,0.043478260869565216,-1.3650000000000002,0.0,0.0,0.0,0.0,0.0,0.0,0.0,0.0,0.0,0.0,0.0,0.0,0.0,0.0,0.034782608695652174
stage1f_single_agent_delivery_bridge,6,1,59546,2270,1,190,160,1,1,255.30918884277344,4.0,4.0,4.0,0.14285714285714285,0.0,0,0,0,108,1,20,19,1.0,9,0.21296296296296297,0.2962962962962963,0.14814814814814814,-2.8000000000000003,0.0,0.0,0.0,0.0,0.0,0.0,0.0,0.0,0.0,0.0,0.0,0.0,0.0,0.0,0.037037037037037035
stage1f_single_agent_delivery_bridge,6,1,59670,2271,1,190,160,1,1,256.1335144042969,4.0,4.0,4.0,0.19642857142857142,0.0,0,0,0,124,14,24,10,1.0,7,0.25,0.3064516129032258,0.08064516129032258,-3.0099999999999993,0.0,0.0,0.0,0.0,0.0,0.0,0.0,0.0,0.0,0.0,0.0,0.0,0.0,0.0,0.03225806451612903
stage1f_single_agent_delivery_bridge,6,1,59712,2272,1,190,160,1,1,257.72491455078125,4.0,4.0,4.0,0.10714285714285714,0.0,0,0,0,42,7,14,7,1.0,2,0.09523809523809523,0.21428571428571427,0.047619047619047616,-0.7,0.0,0.0,0.0,0.0,0.0,0.0,0.0,0.0,0.0,0.0,0.0,0.0,0.0,0.0,0.09523809523809523
stage1f_single_agent_delivery_bridge,6,1,59775,2273,1,190,160,1,1,257.5127258300781,4.0,4.0,4.0,0.125,0.0,0,0,0,63,2,2,0,1.0,5,0.3492063492063492,0.4126984126984127,0.1111111111111111,-2.065000000000001,0.0,0.0,0.0,0.0,0.0,0.0,0.0,0.0,0.0,0.0,0.0,0.0,0.0,0.0,0.06349206349206349
stage1f_single_agent_delivery_bridge,6,1,59802,2274,1,190,160,1,1,258.6383056640625,4.0,4.0,4.0,0.07142857142857142,0.0,0,0,0,27,3,6,3,1.0,2,0.14814814814814814,0.25925925925925924,0.1111111111111111,-0.5950000000000002,0.0,0.0,0.0,0.0,0.0,0.0,0.0,0.0,0.0,0.0,0.0,0.0,0.0,0.0,0.14814814814814814
stage1f_single_agent_delivery_bridge,6,1,59885,2275,1,190,160,1,1,257.6268310546875,4.0,4.0,4.0,0.125,0.0,0,0,0,83,2,10,8,1.0,7,0.18072289156626506,0.26506024096385544,0.07228915662650602,-1.7500000000000004,0.0,0.0,0.0,0.0,0.0,0.0,0.0,0.0,0.0,0.0,0.0,0.0,0.0,0.0,0.04819277108433735
stage1f_single_agent_delivery_bridge,6,1,59971,2276,1,190,160,1,1,256.37677001953125,4.0,4.0,4.0,0.17857142857142858,0.0,0,0,0,86,6,21,15,1.0,6,0.20930232558139536,0.26744186046511625,0.06976744186046512,-1.8200000000000005,0.0,0.0,0.0,0.0,0.0,0.0,0.0,0.0,0.0,0.0,0.0,0.0,0.0,0.0,0.046511627906976744
stage1f_single_agent_delivery_bridge,6,1,60053,2277,1,190,160,1,1,258.359130859375,4.0,4.0,4.0,0.21428571428571427,0.0,0,0,0,82,2,5,3,1.0,2,0.14634146341463414,0.18292682926829268,0.036585365853658534,-1.1550000000000005,0.0,0.0,0.0,0.0,0.0,0.0,0.0,0.0,0.0,0.0,0.0,0.0,0.0,0.0,0.04878048780487805
stage1f_single_agent_delivery_bridge,6,1,60121,2278,1,190,160,1,1,257.45196533203125,4.0,4.0,4.0,0.10714285714285714,0.0,0,0,0,68,31,31,0,1.0,2,0.22058823529411764,0.2647058823529412,0.058823529411764705,-1.4000000000000006,0.0,0.0,0.0,0.0,0.0,0.0,0.0,0.0,0.0,0.0,0.0,0.0,0.0,0.0,0.058823529411764705
stage1f_single_agent_delivery_bridge,6,1,60234,2279,1,190,160,1,1,256.2760009765625,4.0,4.0,4.0,0.17857142857142858,0.0,0,0,0,113,17,38,21,1.0,6,0.22123893805309736,0.2831858407079646,0.05309734513274336,-2.45,0.0,0.0,0.0,0.0,0.0,0.0,0.0,0.0,0.0,0.0,0.0,0.0,0.0,0.0,0.035398230088495575
stage1f_single_agent_delivery_bridge,6,1,60352,2280,1,190,160,1,1,255.82955932617188,4.0,4.0,4.0,0.26785714285714285,0.0,0,0,0,118,2,8,6,1.0,4,0.22033898305084745,0.2542372881355932,0.01694915254237288,-2.170000000000001,0.0,0.0,0.0,0.0,0.0,0.0,0.0,0.0,0.0,0.0,0.0,0.0,0.0,0.0,0.03389830508474576
stage1f_single_agent_delivery_bridge,6,1,60411,2281,1,190,160,1,1,258.73345947265625,4.0,4.0,4.0,0.14285714285714285,0.0,0,0,0,59,7,9,2,1.0,4,0.15254237288135594,0.22033898305084745,0.05084745762711865,-1.0150000000000001,0.0,0.0,0.0,0.0,0.0,0.0,0.0,0.0,0.0,0.0,0.0,0.0,0.0,0.0,0.06779661016949153
stage1f_single_agent_delivery_bridge,6,1,60480,2282,1,190,160,1,1,256.26678466796875,4.0,4.0,4.0,0.17857142857142858,0.0,0,0,0,69,2,2,0,1.0,5,0.2463768115942029,0.3188405797101449,0.057971014492753624,-1.6800000000000006,0.0,0.0,0.0,0.0,0.0,0.0,0.0,0.0,0.0,0.0,0.0,0.0,0.0,0.0,0.057971014492753624
stage1f_single_agent_delivery_bridge,6,1,60582,2283,1,190,160,1,1,256.19842529296875,4.0,4.0,4.0,0.21428571428571427,0.0,0,0,0,102,14,40,26,1.0,8,0.29411764705882354,0.38235294117647056,0.058823529411764705,-2.94,0.0,0.0,0.0,0.0,0.0,0.0,0.0,0.0,0.0,0.0,0.0,0.0,0.0,0.0,0.0392156862745098
stage1f_single_agent_delivery_bridge,6,1,60669,2284,1,190,160,1,1,257.363525390625,4.0,4.0,4.0,0.10714285714285714,0.0,0,0,0,87,6,11,5,1.0,6,0.10344827586206896,0.1724137931034483,0.05747126436781609,-1.2250000000000003,0.0,0.0,0.0,0.0,0.0,0.0,0.0,0.0,0.0,0.0,0.0,0.0,0.0,0.0,0.04597701149425287
stage1f_single_agent_delivery_bridge,6,1,60766,2285,1,190,160,1,1,255.28250122070312,4.0,4.0,4.0,0.23214285714285715,0.0,0,0,0,97,7,24,17,1.0,4,0.28865979381443296,0.36082474226804123,0.041237113402061855,-2.59,0.0,0.0,0.0,0.0,0.0,0.0,0.0,0.0,0.0,0.0,0.0,0.0,0.0,0.0,0.041237113402061855
stage1f_single_agent_delivery_bridge,6,1,60866,2286,1,190,160,1,1,255.82501220703125,4.0,4.0,4.0,0.23214285714285715,0.0,0,0,0,100,2,25,23,1.0,4,0.33,0.38,0.05,-2.835,0.0,0.0,0.0,0.0,0.0,0.0,0.0,0.0,0.0,0.0,0.0,0.0,0.0,0.0,0.04
stage1f_single_agent_delivery_bridge,6,1,60944,2287,1,190,160,1,1,257.7944030761719,4.0,4.0,4.0,0.17857142857142858,0.0,0,0,0,78,15,26,11,1.0,5,0.23076923076923078,0.2948717948717949,0.0641025641025641,-1.7850000000000008,0.0,0.0,0.0,0.0,0.0,0.0,0.0,0.0,0.0,0.0,0.0,0.0,0.0,0.0,0.05128205128205128
stage1f_single_agent_delivery_bridge,6,1,61050,2288,1,190,160,1,1,252.81845092773438,4.0,4.0,4.0,0.10714285714285714,0.0,0,0,0,106,1,5,4,1.0,6,0.16981132075471697,0.25471698113207547,0.07547169811320754,-2.1700000000000004,0.0,0.0,0.0,0.0,0.0,0.0,0.0,0.0,0.0,0.0,0.0,0.0,0.0,0.0,0.03773584905660377
stage1f_single_agent_delivery_bridge,6,1,61151,2289,1,190,160,1,1,256.7141418457031,4.0,4.0,4.0,0.19642857142857142,0.0,0,0,0,101,6,26,20,1.0,6,0.2871287128712871,0.3465346534653465,0.06930693069306931,-2.695,0.0,0.0,0.0,0.0,0.0,0.0,0.0,0.0,0.0,0.0,0.0,0.0,0.0,0.0,0.039603960396039604
stage1f_single_agent_delivery_bridge,6,1,61192,2290,1,190,160,1,1,257.84002685546875,4.0,4.0,4.0,0.16071428571428573,0.0,0,0,0,41,1,13,12,1.0,3,0.43902439024390244,0.4878048780487805,0.07317073170731707,-1.5050000000000008,0.0,0.0,0.0,0.0,0.0,0.0,0.0,0.0,0.0,0.0,0.0,0.0,0.0,0.0,0.0975609756097561
stage1f_single_agent_delivery_bridge,6,1,61295,2291,1,190,160,1,1,251.90347290039062,4.0,4.0,4.0,0.10714285714285714,0.0,0,0,0,103,2,28,26,1.0,7,0.36893203883495146,0.44660194174757284,0.1553398058252427,-3.779999999999999,0.0,0.0,0.0,0.0,0.0,0.0,0.0,0.0,0.0,0.0,0.0,0.0,0.0,0.0,0.038834951456310676
stage1f_single_agent_delivery_bridge,6,1,61402,2292,1,190,160,1,1,257.3724670410156,4.0,4.0,4.0,0.17857142857142858,0.0,0,0,0,107,19,44,25,1.0,6,0.21495327102803738,0.27102803738317754,0.07476635514018691,-2.310000000000001,0.0,0.0,0.0,0.0,0.0,0.0,0.0,0.0,0.0,0.0,0.0,0.0,0.0,0.0,0.037383177570093455
stage1f_single_agent_delivery_bridge,6,1,61516,2293,1,190,160,1,1,257.2816467285156,4.0,4.0,4.0,0.3392857142857143,0.0,0,0,0,114,10,19,9,1.0,4,0.21929824561403508,0.2631578947368421,0.02631578947368421,-2.205000000000001,0.0,0.0,0.0,0.0,0.0,0.0,0.0,0.0,0.0,0.0,0.0,0.0,0.0,0.0,0.03508771929824561
stage1f_single_agent_delivery_bridge,6,1,61608,2294,1,190,160,1,1,256.0896911621094,4.0,4.0,4.0,0.16071428571428573,0.0,0,0,0,92,4,20,16,1.0,5,0.34782608695652173,0.40217391304347827,0.09782608695652174,-2.905,0.0,0.0,0.0,0.0,0.0,0.0,0.0,0.0,0.0,0.0,0.0,0.0,0.0,0.0,0.043478260869565216
stage1f_single_agent_delivery_bridge,6,1,61721,2295,1,190,160,1,1,255.3406982421875,4.0,4.0,4.0,0.26785714285714285,0.0,0,0,0,113,2,34,32,1.0,7,0.4247787610619469,0.48672566371681414,0.035398230088495575,-3.989999999999997,0.0,0.0,0.0,0.0,0.0,0.0,0.0,0.0,0.0,0.0,0.0,0.0,0.0,0.0,0.035398230088495575
stage1f_single_agent_delivery_bridge,6,1,61795,2296,1,190,160,1,1,259.5819091796875,4.0,4.0,4.0,0.17857142857142858,0.0,0,0,0,74,8,10,2,1.0,2,0.06756756756756757,0.0945945945945946,0.02702702702702703,-0.56,0.0,0.0,0.0,0.0,0.0,0.0,0.0,0.0,0.0,0.0,0.0,0.0,0.0,0.0,0.05405405405405406
stage1f_single_agent_delivery_bridge,6,1,61874,2297,1,190,160,1,1,256.1705017089844,4.0,4.0,4.0,0.17857142857142858,0.0,0,0,0,79,2,9,7,1.0,3,0.24050632911392406,0.34177215189873417,0.0379746835443038,-1.9950000000000012,0.0,0.0,0.0,0.0,0.0,0.0,0.0,0.0,0.0,0.0,0.0,0.0,0.0,0.0,0.05063291139240506
stage1f_single_agent_delivery_bridge,6,1,61953,2298,1,190,160,1,1,257.8055114746094,4.0,4.0,4.0,0.16071428571428573,0.0,0,0,0,79,2,4,2,1.0,5,0.25316455696202533,0.31645569620253167,0.06329113924050633,-1.925000000000001,0.0,0.0,0.0,0.0,0.0,0.0,0.0,0.0,0.0,0.0,0.0,0.0,0.0,0.0,0.05063291139240506
stage1f_single_agent_delivery_bridge,6,1,61988,2299,1,190,160,1,1,257.412109375,4.0,4.0,4.0,0.17857142857142858,0.0,0,0,0,35,2,12,10,1.0,3,0.4857142857142857,0.5714285714285714,0.05714285714285714,-1.4700000000000006,0.0,0.0,0.0,0.0,0.0,0.0,0.0,0.0,0.0,0.0,0.0,0.0,0.0,0.0,0.11428571428571428
stage1f_single_agent_delivery_bridge,6,1,62076,2300,1,190,160,1,1,254.6698455810547,4.0,4.0,4.0,0.23214285714285715,0.0,0,0,0,88,2,13,11,1.0,7,0.38636363636363635,0.4431818181818182,0.045454545454545456,-2.8699999999999997,0.0,0.0,0.0,0.0,0.0,0.0,0.0,0.0,0.0,0.0,0.0,0.0,0.0,0.0,0.045454545454545456
stage1f_single_agent_delivery_bridge,6,1,62175,2301,1,190,160,1,1,252.28114318847656,4.0,4.0,4.0,0.19642857142857142,0.0,0,0,0,99,3,25,22,1.0,9,0.1414141414141414,0.3434343434343434,0.06060606060606061,-2.59,0.0,0.0,0.0,0.0,0.0,0.0,0.0,0.0,0.0,0.0,0.0,0.0,0.0,0.0,0.04040404040404041
stage1f_single_agent_delivery_bridge,6,1,62207,2302,1,190,160,1,1,258.5846862792969,4.0,4.0,4.0,0.07142857142857142,0.0,0,0,0,32,2,5,3,1.0,3,0.25,0.375,0.1875,-1.05,0.0,0.0,0.0,0.0,0.0,0.0,0.0,0.0,0.0,0.0,0.0,0.0,0.0,0.0,0.125
stage1f_single_agent_delivery_bridge,6,1,62367,2303,1,190,160,1,1,187.55003356933594,3.0,3.0,3.0,0.26785714285714285,0.0,0,0,1,160,33,82,49,1.0,12,0.23125,0.31875,0.05,-3.849999999999998,0.0,0.0,0.0,0.0,0.0,0.0,0.0,0.0,0.0,0.0,0.0,0.0,0.0,0.0,0.01875
stage1f_single_agent_delivery_bridge,6,1,62473,2304,1,190,160,1,1,258.5307922363281,4.0,4.0,4.0,0.16071428571428573,0.0,0,0,0,106,2,9,7,1.0,4,0.14150943396226415,0.1792452830188679,0.04716981132075472,-1.5050000000000006,0.0,0.0,0.0,0.0,0.0,0.0,0.0,0.0,0.0,0.0,0.0,0.0,0.0,0.0,0.03773584905660377
stage1f_single_agent_delivery_bridge,6,1,62618,2305,1,190,160,1,1,256.1966857910156,4.0,4.0,4.0,0.14285714285714285,0.0,0,0,0,145,3,19,16,1.0,4,0.04827586206896552,0.06896551724137931,0.04827586206896552,-0.9450000000000001,0.0,0.0,0.0,0.0,0.0,0.0,0.0,0.0,0.0,0.0,0.0,0.0,0.0,0.0,0.027586206896551724
stage1f_single_agent_delivery_bridge,6,1,62739,2306,1,190,160,1,1,259.02557373046875,4.0,4.0,4.0,0.21428571428571427,0.0,0,0,0,121,11,17,6,1.0,3,0.11570247933884298,0.14049586776859505,0.024793388429752067,-1.2950000000000006,0.0,0.0,0.0,0.0,0.0,0.0,0.0,0.0,0.0,0.0,0.0,0.0,0.0,0.0,0.03305785123966942
stage1f_single_agent_delivery_bridge,6,1,62859,2307,1,190,160,1,1,256.6217956542969,4.0,4.0,4.0,0.26785714285714285,0.0,0,0,0,120,2,27,25,1.0,6,0.31666666666666665,0.36666666666666664,0.041666666666666664,-3.254999999999999,0.0,0.0,0.0,0.0,0.0,0.0,0.0,0.0,0.0,0.0,0.0,0.0,0.0,0.0,0.03333333333333333
stage1f_single_agent_delivery_bridge,6,1,62943,2308,1,190,160,1,1,256.3154296875,4.0,4.0,4.0,0.16071428571428573,0.0,0,0,0,84,2,10,8,1.0,3,0.16666666666666666,0.21428571428571427,0.03571428571428571,-1.3650000000000004,0.0,0.0,0.0,0.0,0.0,0.0,0.0,0.0,0.0,0.0,0.0,0.0,0.0,0.0,0.047619047619047616
stage1f_single_agent_delivery_bridge,6,1,63045,2309,1,190,160,1,1,256.5621643066406,4.0,4.0,4.0,0.23214285714285715,0.0,0,0,0,102,5,24,19,1.0,5,0.21568627450980393,0.3137254901960784,0.058823529411764705,-2.45,0.0,0.0,0.0,0.0,0.0,0.0,0.0,0.0,0.0,0.0,0.0,0.0,0.0,0.0,0.0392156862745098
stage1f_single_agent_delivery_bridge,6,1,63157,2310,1,190,160,1,1,256.0233459472656,4.0,4.0,4.0,0.17857142857142858,0.0,0,0,0,112,6,13,7,1.0,7,0.21428571428571427,0.2857142857142857,0.08928571428571429,-2.5900000000000003,0.0,0.0,0.0,0.0,0.0,0.0,0.0,0.0,0.0,0.0,0.0,0.0,0.0,0.0,0.03571428571428571
stage1f_single_agent_delivery_bridge,6,1,63247,2311,1,190,160,1,1,259.3300476074219,4.0,4.0,4.0,0.14285714285714285,0.0,0,0,0,90,13,14,1,1.0,1,0.08888888888888889,0.1111111111111111,0.044444444444444446,-0.8400000000000001,0.0,0.0,0.0,0.0,0.0,0.0,0.0,0.0,0.0,0.0,0.0,0.0,0.0,0.0,0.044444444444444446
stage1f_single_agent_delivery_bridge,6,1,63359,2312,1,190,160,1,1,258.0445861816406,4.0,4.0,4.0,0.17857142857142858,0.0,0,0,0,112,6,12,6,1.0,6,0.17857142857142858,0.23214285714285715,0.05357142857142857,-2.0300000000000007,0.0,0.0,0.0,0.0,0.0,0.0,0.0,0.0,0.0,0.0,0.0,0.0,0.0,0.0,0.03571428571428571
stage1f_single_agent_delivery_bridge,6,1,63429,2313,1,190,160,1,1,258.4329528808594,4.0,4.0,4.0,0.23214285714285715,0.0,0,0,0,70,1,4,3,1.0,2,0.17142857142857143,0.2,0.02857142857142857,-1.0500000000000003,0.0,0.0,0.0,0.0,0.0,0.0,0.0,0.0,0.0,0.0,0.0,0.0,0.0,0.0,0.05714285714285714
stage1f_single_agent_delivery_bridge,6,1,63512,2314,1,190,160,1,1,255.7304229736328,4.0,4.0,4.0,0.21428571428571427,0.0,0,0,0,83,1,7,6,1.0,5,0.1927710843373494,0.26506024096385544,0.03614457831325301,-1.645000000000001,0.0,0.0,0.0,0.0,0.0,0.0,0.0,0.0,0.0,0.0,0.0,0.0,0.0,0.0,0.04819277108433735
stage1f_single_agent_delivery_bridge,6,1,63555,2315,1,190,160,1,1,259.18548583984375,4.0,4.0,4.0,0.08928571428571429,0.0,0,0,0,43,7,20,13,1.0,1,0.16279069767441862,0.18604651162790697,0.023255813953488372,-0.595,0.0,0.0,0.0,0.0,0.0,0.0,0.0,0.0,0.0,0.0,0.0,0.0,0.0,0.0,0.09302325581395349
stage1f_single_agent_delivery_bridge,6,1,63631,2316,1,190,160,1,1,256.66156005859375,4.0,4.0,4.0,0.19642857142857142,0.0,0,0,0,76,2,10,8,1.0,6,0.21052631578947367,0.32894736842105265,0.07894736842105263,-1.9600000000000009,0.0,0.0,0.0,0.0,0.0,0.0,0.0,0.0,0.0,0.0,0.0,0.0,0.0,0.0,0.05263157894736842
stage1f_single_agent_delivery_bridge,6,1,63687,2317,1,190,160,1,1,258.3924255371094,4.0,4.0,4.0,0.10714285714285714,0.0,0,0,0,56,2,3,1,1.0,3,0.10714285714285714,0.14285714285714285,0.07142857142857142,-0.7000000000000001,0.0,0.0,0.0,0.0,0.0,0.0,0.0,0.0,0.0,0.0,0.0,0.0,0.0,0.0,0.07142857142857142
stage1f_single_agent_delivery_bridge,6,1,63812,2318,1,190,160,1,1,257.8984680175781,4.0,4.0,4.0,0.16071428571428573,0.0,0,0,0,125,16,31,15,1.0,6,0.216,0.264,0.056,-2.555,0.0,0.0,0.0,0.0,0.0,0.0,0.0,0.0,0.0,0.0,0.0,0.0,0.0,0.0,0.032
stage1f_single_agent_delivery_bridge,6,1,63914,2319,1,190,160,1,1,256.4656066894531,4.0,4.0,4.0,0.23214285714285715,0.0,0,0,0,102,2,33,31,1.0,7,0.2647058823529412,0.3333333333333333,0.058823529411764705,-2.59,0.0,0.0,0.0,0.0,0.0,0.0,0.0,0.0,0.0,0.0,0.0,0.0,0.0,0.0,0.0392156862745098
stage1f_single_agent_delivery_bridge,6,1,64008,2320,1,190,160,1,1,258.0599365234375,4.0,4.0,4.0,0.14285714285714285,0.0,0,0,0,94,13,36,23,1.0,5,0.13829787234042554,0.19148936170212766,0.0425531914893617,-1.4000000000000006,0.0,0.0,0.0,0.0,0.0,0.0,0.0,0.0,0.0,0.0,0.0,0.0,0.0,0.0,0.0425531914893617
stage1f_single_agent_delivery_bridge,6,1,64100,2321,1,190,160,1,1,255.86129760742188,4.0,4.0,4.0,0.10714285714285714,0.0,0,0,0,92,17,17,0,1.0,5,0.33695652173913043,0.3695652173913043,0.16304347826086957,-2.905,0.0,0.0,0.0,0.0,0.0,0.0,0.0,0.0,0.0,0.0,0.0,0.0,0.0,0.0,0.043478260869565216
stage1f_single_agent_delivery_bridge,6,1,64211,2322,1,190,160,1,1,255.82147216796875,4.0,4.0,4.0,0.10714285714285714,0.0,0,0,0,111,15,35,20,1.0,8,0.2072072072072072,0.2882882882882883,0.09009009009009009,-2.59,0.0,0.0,0.0,0.0,0.0,0.0,0.0,0.0,0.0,0.0,0.0,0.0,0.0,0.0,0.036036036036036036
stage1f_single_agent_delivery_bridge,6,1,64247,2323,1,190,160,1,1,257.5185852050781,4.0,4.0,4.0,0.125,0.0,0,0,0,36,2,7,5,1.0,2,0.1111111111111111,0.3055555555555556,0.027777777777777776,-0.8050000000000004,0.0,0.0,0.0,0.0,0.0,0.0,0.0,0.0,0.0,0.0,0.0,0.0,0.0,0.0,0.1111111111111111
stage1f_single_agent_delivery_bridge,6,1,64345,2324,1,190,160,1,1,254.6029052734375,4.0,4.0,4.0,0.10714285714285714,0.0,0,0,0,98,2,23,21,1.0,7,0.29591836734693877,0.3673469387755102,0.09183673469387756,-2.8349999999999995,0.0,0.0,0.0,0.0,0.0,0.0,0.0,0.0,0.0,0.0,0.0,0.0,0.0,0.0,0.04081632653061224
stage1f_single_agent_delivery_bridge,6,1,64435,2325,1,190,160,1,1,258.3720703125,4.0,4.0,4.0,0.125,0.0,0,0,0,90,2,16,14,1.0,5,0.2,0.25555555555555554,0.06666666666666667,-1.8200000000000005,0.0,0.0,0.0,0.0,0.0,0.0,0.0,0.0,0.0,0.0,0.0,0.0,0.0,0.0,0.044444444444444446
stage1f_single_agent_delivery_bridge,6,1,64476,2326,1,190,160,1,1,257.5824279785156,4.0,4.0,4.0,0.125,0.0,0,0,0,41,6,28,22,1.0,2,0.12195121951219512,0.24390243902439024,0.04878048780487805,-0.77,0.0,0.0,0.0,0.0,0.0,0.0,0.0,0.0,0.0,0.0,0.0,0.0,0.0,0.0,0.0975609756097561
stage1f_single_agent_delivery_bridge,6,1,64521,2327,1,190,160,1,1,258.2349548339844,4.0,4.0,4.0,0.10714285714285714,0.0,0,0,0,45,2,5,3,1.0,5,0.24444444444444444,0.37777777777777777,0.1111111111111111,-1.3650000000000002,0.0,0.0,0.0,0.0,0.0,0.0,0.0,0.0,0.0,0.0,0.0,0.0,0.0,0.0,0.08888888888888889
stage1f_single_agent_delivery_bridge,6,1,64681,2328,1,190,160,1,1,-15.193212509155273,1.0,1.0,0.0,0.26785714285714285,0.0,0,0,3,160,150,-1,-1,0.0,2,0.0375,0.05,0.0125,-0.6300000000000001,0.0,0.0,0.0,0.0,0.0,0.0,0.0,0.0,0.0,0.0,0.0,0.0,0.0,0.0,0.0
stage1f_single_agent_delivery_bridge,6,1,64757,2329,1,190,160,1,1,257.878173828125,4.0,4.0,4.0,0.14285714285714285,0.0,0,0,0,76,2,4,2,1.0,5,0.14473684210526316,0.21052631578947367,0.06578947368421052,-1.2950000000000004,0.0,0.0,0.0,0.0,0.0,0.0,0.0,0.0,0.0,0.0,0.0,0.0,0.0,0.0,0.05263157894736842
stage1f_single_agent_delivery_bridge,6,1,64875,2330,1,190,160,1,1,256.3681335449219,4.0,4.0,4.0,0.19642857142857142,0.0,0,0,0,118,14,40,26,1.0,6,0.23728813559322035,0.2796610169491525,0.09322033898305085,-2.695,0.0,0.0,0.0,0.0,0.0,0.0,0.0,0.0,0.0,0.0,0.0,0.0,0.0,0.0,0.03389830508474576
stage1f_single_agent_delivery_bridge,6,1,64918,2331,1,190,160,1,1,258.49249267578125,4.0,4.0,4.0,0.14285714285714285,0.0,0,0,0,43,2,5,3,1.0,2,0.32558139534883723,0.37209302325581395,0.046511627906976744,-1.1900000000000004,0.0,0.0,0.0,0.0,0.0,0.0,0.0,0.0,0.0,0.0,0.0,0.0,0.0,0.0,0.09302325581395349
stage1f_single_agent_delivery_bridge,6,1,65005,2332,1,190,160,1,1,256.8787841796875,4.0,4.0,4.0,0.17857142857142858,0.0,0,0,0,87,2,25,23,1.0,5,0.3448275862068966,0.40229885057471265,0.08045977011494253,-2.6950000000000003,0.0,0.0,0.0,0.0,0.0,0.0,0.0,0.0,0.0,0.0,0.0,0.0,0.0,0.0,0.04597701149425287
stage1f_single_agent_delivery_bridge,6,1,65105,2333,1,190,160,1,1,257.9716491699219,4.0,4.0,4.0,0.21428571428571427,0.0,0,0,0,100,6,27,21,1.0,7,0.17,0.26,0.08,-2.100000000000001,0.0,0.0,0.0,0.0,0.0,0.0,0.0,0.0,0.0,0.0,0.0,0.0,0.0,0.0,0.04
stage1f_single_agent_delivery_bridge,6,1,65192,2334,1,190,160,1,1,257.6865234375,4.0,4.0,4.0,0.19642857142857142,0.0,0,0,0,87,2,3,1,1.0,7,0.25287356321839083,0.3333333333333333,0.08045977011494253,-2.275000000000001,0.0,0.0,0.0,0.0,0.0,0.0,0.0,0.0,0.0,0.0,0.0,0.0,0.0,0.0,0.04597701149425287
stage1f_single_agent_delivery_bridge,6,1,65283,2335,1,190,160,1,1,257.4571533203125,4.0,4.0,4.0,0.10714285714285714,0.0,0,0,0,91,2,15,13,1.0,6,0.2857142857142857,0.3516483516483517,0.0989010989010989,-2.555,0.0,0.0,0.0,0.0,0.0,0.0,0.0,0.0,0.0,0.0,0.0,0.0,0.0,0.0,0.04395604395604396
stage1f_single_agent_delivery_bridge,6,1,65421,2336,1,190,160,1,1,256.9200439453125,4.0,4.0,4.0,0.16071428571428573,0.0,0,0,0,138,15,41,26,1.0,6,0.2246376811594203,0.2753623188405797,0.06521739130434782,-2.974999999999999,0.0,0.0,0.0,0.0,0.0,0.0,0.0,0.0,0.0,0.0,0.0,0.0,0.0,0.0,0.028985507246376812
stage1f_single_agent_delivery_bridge,6,1,65496,2337,1,190,160,1,1,257.6815185546875,4.0,4.0,4.0,0.125,0.0,0,0,0,75,38,39,1,1.0,2,0.06666666666666667,0.09333333333333334,0.04,-0.5950000000000001,0.0,0.0,0.0,0.0,0.0,0.0,0.0,0.0,0.0,0.0,0.0,0.0,0.0,0.0,0.05333333333333334
stage1f_single_agent_delivery_bridge,6,1,65567,2338,1,190,160,1,1,257.06201171875,4.0,4.0,4.0,0.10714285714285714,0.0,0,0,0,71,2,6,4,1.0,5,0.2676056338028169,0.3380281690140845,0.09859154929577464,-1.9250000000000007,0.0,0.0,0.0,0.0,0.0,0.0,0.0,0.0,0.0,0.0,0.0,0.0,0.0,0.0,0.056338028169014086
stage1f_single_agent_delivery_bridge,6,1,65658,2339,1,190,160,1,1,257.4728698730469,4.0,4.0,4.0,0.19642857142857142,0.0,0,0,0,91,2,17,15,1.0,5,0.17582417582417584,0.21978021978021978,0.06593406593406594,-1.6100000000000003,0.0,0.0,0.0,0.0,0.0,0.0,0.0,0.0,0.0,0.0,0.0,0.0,0.0,0.0,0.04395604395604396
stage1f_single_agent_delivery_bridge,6,1,65757,2340,1,190,160,1,1,256.25738525390625,4.0,4.0,4.0,0.17857142857142858,0.0,0,0,0,99,2,12,10,1.0,5,0.18181818181818182,0.24242424242424243,0.050505050505050504,-1.8550000000000006,0.0,0.0,0.0,0.0,0.0,0.0,0.0,0.0,0.0,0.0,0.0,0.0,0.0,0.0,0.04040404040404041
stage1f_single_agent_delivery_bridge,6,1,65862,2341,1,190,160,1,1,254.59896850585938,4.0,4.0,4.0,0.16071428571428573,0.0,0,0,0,105,6,31,25,1.0,6,0.29523809523809524,0.37142857142857144,0.10476190476190476,-3.1149999999999993,0.0,0.0,0.0,0.0,0.0,0.0,0.0,0.0,0.0,0.0,0.0,0.0,0.0,0.0,0.0380952380952381
stage1f_single_agent_delivery_bridge,6,1,65907,2342,1,190,160,1,1,257.0047302246094,4.0,4.0,4.0,0.08928571428571429,0.0,0,0,0,45,1,9,8,1.0,5,0.3111111111111111,0.4222222222222222,0.17777777777777778,-1.6100000000000003,0.0,0.0,0.0,0.0,0.0,0.0,0.0,0.0,0.0,0.0,0.0,0.0,0.0,0.0,0.08888888888888889
stage1f_single_agent_delivery_bridge,6,1,66001,2343,1,190,160,1,1,258.82244873046875,4.0,4.0,4.0,0.16071428571428573,0.0,0,0,0,94,2,9,7,1.0,5,0.09574468085106383,0.14893617021276595,0.05319148936170213,-1.1550000000000002,0.0,0.0,0.0,0.0,0.0,0.0,0.0,0.0,0.0,0.0,0.0,0.0,0.0,0.0,0.0425531914893617
stage1f_single_agent_delivery_bridge,6,1,66105,2344,1,190,160,1,1,255.04678344726562,4.0,4.0,4.0,0.16071428571428573,0.0,0,0,0,104,11,32,21,1.0,6,0.3076923076923077,0.375,0.10576923076923077,-3.1149999999999993,0.0,0.0,0.0,0.0,0.0,0.0,0.0,0.0,0.0,0.0,0.0,0.0,0.0,0.0,0.038461538461538464
stage1g_single_agent_delivery_obstacles,7,1,66257,2345,1,300,240,1,2,231.13970947265625,4.0,4.0,4.0,0.04195804195804196,0.0,0,0,0,81,1,5,4,1.0,2,0.09876543209876543,0.1728395061728395,0.06172839506172839,-1.1550000000000005,0.0,0.0,0.0,0.0,0.0,0.0,0.0,0.0,0.0,0.0,0.0,0.0,0.0,0.0,0.04938271604938271
stage1g_single_agent_delivery_obstacles,7,1,66411,2346,1,300,240,1,2,230.4755401611328,4.0,4.0,4.0,0.08391608391608392,0.0,0,0,0,154,6,21,15,1.0,7,0.2012987012987013,0.2987012987012987,0.13636363636363635,-3.9549999999999987,0.0,0.0,0.0,0.0,0.0,0.0,0.0,0.0,0.0,0.0,0.0,0.0,0.0,0.0,0.025974025974025976
stage1g_single_agent_delivery_obstacles,7,1,66611,2347,1,300,240,1,2,172.95706176757812,3.0,3.0,3.0,0.11188811188811189,0.0,0,0,1,200,6,10,4,1.0,3,0.03,0.07,0.05,-1.33,0.0,0.0,0.0,0.0,0.0,0.0,0.0,0.0,0.0,0.0,0.0,0.0,0.0,0.0,0.015
stage1g_single_agent_delivery_obstacles,7,1,66707,2348,1,300,240,1,2,232.95925903320312,4.0,4.0,4.0,0.07692307692307693,0.0,0,0,0,96,3,6,3,1.0,6,0.11458333333333333,0.21875,0.11458333333333333,-1.8550000000000002,0.0,0.0,0.0,0.0,0.0,0.0,0.0,0.0,0.0,0.0,0.0,0.0,0.0,0.0,0.041666666666666664
stage1g_single_agent_delivery_obstacles,7,1,66901,2349,1,300,240,1,2,231.6737060546875,4.0,4.0,4.0,0.1258741258741259,0.0,0,0,0,194,24,48,24,1.0,8,0.18041237113402062,0.2422680412371134,0.10309278350515463,-3.989999999999998,0.0,0.0,0.0,0.0,0.0,0.0,0.0,0.0,0.0,0.0,0.0,0.0,0.0,0.0,0.020618556701030927
stage1g_single_agent_delivery_obstacles,7,1,67101,2350,1,300,240,1,2,20.836515426635742,2.0,2.0,1.0,0.06293706293706294,0.0,0,0,2,200,13,126,113,0.5,17,0.36,0.55,0.275,-9.625000000000021,0.0,0.0,0.0,0.0,0.0,0.0,0.0,0.0,0.0,0.0,0.0,0.0,0.0,0.0,0.005
stage1g_single_agent_delivery_obstacles,7,1,67235,2351,1,300,240,1,2,232.20907592773438,4.0,4.0,4.0,0.04895104895104895,0.0,0,0,0,134,9,11,2,1.0,3,0.08208955223880597,0.12686567164179105,0.08208955223880597,-1.5750000000000002,0.0,0.0,0.0,0.0,0.0,0.0,0.0,0.0,0.0,0.0,0.0,0.0,0.0,0.0,0.029850746268656716
stage1g_single_agent_delivery_obstacles,7,1,67340,2352,1,300,240,1,2,229.31240844726562,4.0,4.0,4.0,0.055944055944055944,0.0,0,0,0,105,1,5,4,1.0,6,0.29523809523809524,0.42857142857142855,0.18095238095238095,-3.8149999999999986,0.0,0.0,0.0,0.0,0.0,0.0,0.0,0.0,0.0,0.0,0.0,0.0,0.0,0.0,0.0380952380952381
stage1g_single_agent_delivery_obstacles,7,1,67456,2353,1,300,240,1,2,232.34458923339844,4.0,4.0,4.0,0.09090909090909091,0.0,0,0,0,116,3,14,11,1.0,7,0.13793103448275862,0.27586206896551724,0.11206896551724138,-2.695,0.0,0.0,0.0,0.0,0.0,0.0,0.0,0.0,0.0,0.0,0.0,0.0,0.0,0.0,0.034482758620689655
stage1g_single_agent_delivery_obstacles,7,1,67554,2354,1,300,240,1,2,227.50587463378906,4.0,4.0,4.0,0.02097902097902098,0.0,0,0,0,98,3,22,19,1.0,6,0.10204081632653061,0.2653061224489796,0.12244897959183673,-2.2399999999999998,0.0,0.0,0.0,0.0,0.0,0.0,0.0,0.0,0.0,0.0,0.0,0.0,0.0,0.0,0.04081632653061224
stage1g_single_agent_delivery_obstacles,7,1,67651,2355,1,300,240,1,2,232.1882781982422,4.0,4.0,4.0,0.04895104895104895,0.0,0,0,0,97,2,8,6,1.0,4,0.10309278350515463,0.1958762886597938,0.09278350515463918,-1.6450000000000002,0.0,0.0,0.0,0.0,0.0,0.0,0.0,0.0,0.0,0.0,0.0,0.0,0.0,0.0,0.041237113402061855
stage1g_single_agent_delivery_obstacles,7,1,67785,2356,1,300,240,1,2,230.3165283203125,4.0,4.0,4.0,0.06293706293706294,0.0,0,0,0,134,1,20,19,1.0,8,0.208955223880597,0.3208955223880597,0.16417910447761194,-3.779999999999999,0.0,0.0,0.0,0.0,0.0,0.0,0.0,0.0,0.0,0.0,0.0,0.0,0.0,0.0,0.029850746268656716
stage1g_single_agent_delivery_obstacles,7,1,67948,2357,1,300,240,1,2,230.62594604492188,4.0,4.0,4.0,0.0979020979020979,0.0,0,0,0,163,2,26,24,1.0,11,0.2822085889570552,0.3987730061349693,0.17791411042944785,-5.565000000000004,0.0,0.0,0.0,0.0,0.0,0.0,0.0,0.0,0.0,0.0,0.0,0.0,0.0,0.0,0.024539877300613498
stage1g_single_agent_delivery_obstacles,7,1,68082,2358,1,300,240,1,2,233.2398681640625,4.0,4.0,4.0,0.07692307692307693,0.0,0,0,0,134,19,36,17,1.0,5,0.08955223880597014,0.17164179104477612,0.06716417910447761,-1.9250000000000005,0.0,0.0,0.0,0.0,0.0,0.0,0.0,0.0,0.0,0.0,0.0,0.0,0.0,0.0,0.029850746268656716
stage1g_single_agent_delivery_obstacles,7,1,68193,2359,1,300,240,1,2,232.5635986328125,4.0,4.0,4.0,0.0979020979020979,0.0,0,0,0,111,2,12,10,1.0,6,0.26126126126126126,0.3333333333333333,0.15315315315315314,-3.184999999999999,0.0,0.0,0.0,0.0,0.0,0.0,0.0,0.0,0.0,0.0,0.0,0.0,0.0,0.0,0.036036036036036036
stage1g_single_agent_delivery_obstacles,7,1,68291,2360,1,300,240,1,2,231.41824340820312,4.0,4.0,4.0,0.04195804195804196,0.0,0,0,0,98,7,25,18,1.0,3,0.15306122448979592,0.2755102040816326,0.14285714285714285,-2.38,0.0,0.0,0.0,0.0,0.0,0.0,0.0,0.0,0.0,0.0,0.0,0.0,0.0,0.0,0.04081632653061224
stage1g_single_agent_delivery_obstacles,7,1,68491,2361,1,300,240,1,2,174.4862518310547,3.0,3.0,3.0,0.11188811188811189,0.0,0,0,1,200,40,64,24,1.0,8,0.115,0.175,0.085,-3.045,0.0,0.0,0.0,0.0,0.0,0.0,0.0,0.0,0.0,0.0,0.0,0.0,0.0,0.0,0.015
stage1g_single_agent_delivery_obstacles,7,1,68622,2362,1,300,240,1,2,231.73670959472656,4.0,4.0,4.0,0.04895104895104895,0.0,0,0,0,131,30,32,2,1.0,1,0.06870229007633588,0.08396946564885496,0.022900763358778626,-0.875,0.0,0.0,0.0,0.0,0.0,0.0,0.0,0.0,0.0,0.0,0.0,0.0,0.0,0.0,0.030534351145038167
stage1g_single_agent_delivery_obstacles,7,1,68735,2363,1,300,240,1,2,233.87106323242188,4.0,4.0,4.0,0.09090909090909091,0.0,0,0,0,113,6,11,5,1.0,4,0.11504424778761062,0.17699115044247787,0.08849557522123894,-1.7500000000000004,0.0,0.0,0.0,0.0,0.0,0.0,0.0,0.0,0.0,0.0,0.0,0.0,0.0,0.0,0.035398230088495575
stage1g_single_agent_delivery_obstacles,7,1,68935,2364,1,300,240,1,2,44.688438415527344,1.0,1.0,1.0,0.055944055944055944,0.0,0,0,3,200,29,188,159,1.0,12,0.38,0.505,0.225,-8.645000000000016,0.0,0.0,0.0,0.0,0.0,0.0,0.0,0.0,0.0,0.0,0.0,0.0,0.0,0.0,0.005
stage1g_single_agent_delivery_obstacles,7,1,69077,2365,1,300,240,1,2,231.09799194335938,4.0,4.0,4.0,0.08391608391608392,0.0,0,0,0,142,2,35,33,1.0,8,0.29577464788732394,0.36619718309859156,0.19014084507042253,-4.585000000000001,0.0,0.0,0.0,0.0,0.0,0.0,0.0,0.0,0.0,0.0,0.0,0.0,0.0,0.0,0.028169014084507043
stage1g_single_agent_delivery_obstacles,7,1,69194,2366,1,300,240,1,2,226.7611541748047,4.0,4.0,4.0,0.055944055944055944,0.0,0,0,0,117,7,31,24,1.0,8,0.29914529914529914,0.4358974358974359,0.1794871794871795,-4.305,0.0,0.0,0.0,0.0,0.0,0.0,0.0,0.0,0.0,0.0,0.0,0.0,0.0,0.0,0.03418803418803419
stage1g_single_agent_delivery_obstacles,7,1,69360,2367,1,300,240,1,2,235.9083709716797,4.0,4.0,4.0,0.06293706293706294,0.0,0,0,0,166,2,5,3,1.0,3,0.04216867469879518,0.07228915662650602,0.03614457831325301,-1.0499999999999998,0.0,0.0,0.0,0.0,0.0,0.0,0.0,0.0,0.0,0.0,0.0,0.0,0.0,0.0,0.024096385542168676
stage1g_single_agent_delivery_obstacles,7,1,69502,2368,1,300,240,1,2,231.562255859375,4.0,4.0,4.0,0.07692307692307693,0.0,0,0,0,142,24,39,15,1.0,4,0.19718309859154928,0.2605633802816901,0.11267605633802817,-3.15,0.0,0.0,0.0,0.0,0.0,0.0,0.0,0.0,0.0,0.0,0.0,0.0,0.0,0.0,0.028169014084507043
stage1g_single_agent_delivery_obstacles,7,1,69598,2369,1,300,240,1,2,229.51663208007812,4.0,4.0,4.0,0.06293706293706294,0.0,0,0,0,96,1,22,21,1.0,6,0.17708333333333334,0.3958333333333333,0.1875,-3.289999999999999,0.0,0.0,0.0,0.0,0.0,0.0,0.0,0.0,0.0,0.0,0.0,0.0,0.0,0.0,0.041666666666666664
stage1g_single_agent_delivery_obstacles,7,1,69778,2370,1,300,240,1,2,233.34255981445312,4.0,4.0,4.0,0.08391608391608392,0.0,0,0,0,180,32,43,11,1.0,4,0.07777777777777778,0.12222222222222222,0.05555555555555555,-1.8900000000000003,0.0,0.0,0.0,0.0,0.0,0.0,0.0,0.0,0.0,0.0,0.0,0.0,0.0,0.0,0.022222222222222223
stage1g_single_agent_delivery_obstacles,7,1,69964,2371,1,300,240,1,2,236.7578887939453,4.0,4.0,4.0,0.13986013986013987,0.0,0,0,0,186,9,12,3,1.0,1,0.03225806451612903,0.043010752688172046,0.010752688172043012,-0.6300000000000001,0.0,0.0,0.0,0.0,0.0,0.0,0.0,0.0,0.0,0.0,0.0,0.0,0.0,0.0,0.021505376344086023
stage1g_single_agent_delivery_obstacles,7,1,70083,2372,1,300,240,1,2,226.82846069335938,4.0,4.0,4.0,0.04895104895104895,0.0,0,0,0,119,3,20,17,1.0,4,0.06722689075630252,0.17647058823529413,0.08403361344537816,-1.8200000000000003,0.0,0.0,0.0,0.0,0.0,0.0,0.0,0.0,0.0,0.0,0.0,0.0,0.0,0.0,0.03361344537815126
stage1g_single_agent_delivery_obstacles,7,1,70237,2373,1,300,240,1,2,233.0033721923828,4.0,4.0,4.0,0.1048951048951049,0.0,0,0,0,154,3,17,14,1.0,7,0.19480519480519481,0.2597402597402597,0.1038961038961039,-3.359999999999999,0.0,0.0,0.0,0.0,0.0,0.0,0.0,0.0,0.0,0.0,0.0,0.0,0.0,0.0,0.025974025974025976
stage1g_single_agent_delivery_obstacles,7,1,70370,2374,1,300,240,1,2,232.55532836914062,4.0,4.0,4.0,0.07692307692307693,0.0,0,0,0,133,8,11,3,1.0,1,0.05263157894736842,0.08270676691729323,0.045112781954887216,-0.9800000000000001,0.0,0.0,0.0,0.0,0.0,0.0,0.0,0.0,0.0,0.0,0.0,0.0,0.0,0.0,0.03007518796992481
stage1g_single_agent_delivery_obstacles,7,1,70491,2375,1,300,240,1,2,233.05801391601562,4.0,4.0,4.0,0.11888111888111888,0.0,0,0,0,121,7,9,2,1.0,5,0.15702479338842976,0.2396694214876033,0.11570247933884298,-2.52,0.0,0.0,0.0,0.0,0.0,0.0,0.0,0.0,0.0,0.0,0.0,0.0,0.0,0.0,0.03305785123966942
stage1g_single_agent_delivery_obstacles,7,1,70596,2376,1,300,240,1,2,229.58737182617188,4.0,4.0,4.0,0.09090909090909091,0.0,0,0,0,105,7,29,22,1.0,5,0.2,0.3333333333333333,0.1523809523809524,-3.01,0.0,0.0,0.0,0.0,0.0,0.0,0.0,0.0,0.0,0.0,0.0,0.0,0.0,0.0,0.0380952380952381
stage1g_single_agent_delivery_obstacles,7,1,70727,2377,1,300,240,1,2,232.83612060546875,4.0,4.0,4.0,0.08391608391608392,0.0,0,0,0,131,24,47,23,1.0,7,0.19083969465648856,0.29770992366412213,0.11450381679389313,-3.254999999999999,0.0,0.0,0.0,0.0,0.0,0.0,0.0,0.0,0.0,0.0,0.0,0.0,0.0,0.0,0.030534351145038167
stage1g_single_agent_delivery_obstacles,7,1,70847,2378,1,300,240,1,2,233.22564697265625,4.0,4.0,4.0,0.06293706293706294,0.0,0,0,0,120,3,18,15,1.0,5,0.11666666666666667,0.2,0.09166666666666666,-2.0650000000000004,0.0,0.0,0.0,0.0,0.0,0.0,0.0,0.0,0.0,0.0,0.0,0.0,0.0,0.0,0.03333333333333333
stage1g_single_agent_delivery_obstacles,7,1,70951,2379,1,300,240,1,2,232.010498046875,4.0,4.0,4.0,0.04895104895104895,0.0,0,0,0,104,3,6,3,1.0,4,0.11538461538461539,0.20192307692307693,0.09615384615384616,-1.8200000000000003,0.0,0.0,0.0,0.0,0.0,0.0,0.0,0.0,0.0,0.0,0.0,0.0,0.0,0.0,0.038461538461538464
stage1g_single_agent_delivery_obstacles,7,1,71067,2380,1,300,240,1,2,233.58822631835938,4.0,4.0,4.0,0.08391608391608392,0.0,0,0,0,116,8,23,15,1.0,5,0.15517241379310345,0.23275862068965517,0.11206896551724138,-2.345,0.0,0.0,0.0,0.0,0.0,0.0,0.0,0.0,0.0,0.0,0.0,0.0,0.0,0.0,0.034482758620689655
stage1g_single_agent_delivery_obstacles,7,1,71217,2381,1,300,240,1,2,233.79046630859375,4.0,4.0,4.0,0.14685314685314685,0.0,0,0,0,150,28,43,15,1.0,5,0.15333333333333332,0.21333333333333335,0.08,-2.6599999999999997,0.0,0.0,0.0,0.0,0.0,0.0,0.0,0.0,0.0,0.0,0.0,0.0,0.0,0.0,0.02666666666666667
stage1g_single_agent_delivery_obstacles,7,1,71370,2382,1,300,240,1,2,229.68487548828125,4.0,4.0,4.0,0.09090909090909091,0.0,0,0,0,153,3,15,12,1.0,5,0.1437908496732026,0.21568627450980393,0.0784313725490196,-2.73,0.0,0.0,0.0,0.0,0.0,0.0,0.0,0.0,0.0,0.0,0.0,0.0,0.0,0.0,0.026143790849673203
stage1g_single_agent_delivery_obstacles,7,1,71462,2383,1,300,240,1,2,231.61172485351562,4.0,4.0,4.0,0.11188811188811189,0.0,0,0,0,92,6,23,17,1.0,4,0.2717391304347826,0.3695652173913043,0.07608695652173914,-2.625000000000001,0.0,0.0,0.0,0.0,0.0,0.0,0.0,0.0,0.0,0.0,0.0,0.0,0.0,0.0,0.043478260869565216
stage1g_single_agent_delivery_obstacles,7,1,71582,2384,1,300,240,1,2,234.32064819335938,4.0,4.0,4.0,0.0979020979020979,0.0,0,0,0,120,5,14,9,1.0,4,0.15833333333333333,0.21666666666666667,0.08333333333333333,-2.170000000000001,0.0,0.0,0.0,0.0,0.0,0.0,0.0,0.0,0.0,0.0,0.0,0.0,0.0,0.0,0.03333333333333333
stage1g_single_agent_delivery_obstacles,7,1,71733,2385,1,300,240,1,2,233.9265594482422,4.0,4.0,4.0,0.09090909090909091,0.0,0,0,0,151,7,23,16,1.0,5,0.16556291390728478,0.23178807947019867,0.08609271523178808,-2.905,0.0,0.0,0.0,0.0,0.0,0.0,0.0,0.0,0.0,0.0,0.0,0.0,0.0,0.0,0.026490066225165563
stage1g_single_agent_delivery_obstacles,7,1,71815,2386,1,300,240,1,2,235.60560607910156,4.0,4.0,4.0,0.04895104895104895,0.0,0,0,0,82,1,6,5,1.0,2,0.10975609756097561,0.13414634146341464,0.08536585365853659,-1.015,0.0,0.0,0.0,0.0,0.0,0.0,0.0,0.0,0.0,0.0,0.0,0.0,0.0,0.0,0.04878048780487805
stage1g_single_agent_delivery_obstacles,7,1,71926,2387,1,300,240,1,2,234.04649353027344,4.0,4.0,4.0,0.08391608391608392,0.0,0,0,0,111,19,34,15,1.0,4,0.17117117117117117,0.23423423423423423,0.0990990990990991,-2.2050000000000005,0.0,0.0,0.0,0.0,0.0,0.0,0.0,0.0,0.0,0.0,0.0,0.0,0.0,0.0,0.036036036036036036
stage1g_single_agent_delivery_obstacles,7,1,72034,2388,1,300,240,1,2,233.41790771484375,4.0,4.0,4.0,0.06993006993006994,0.0,0,0,0,108,18,27,9,1.0,5,0.1574074074074074,0.25925925925925924,0.12962962962962962,-2.4500000000000006,0.0,0.0,0.0,0.0,0.0,0.0,0.0,0.0,0.0,0.0,0.0,0.0,0.0,0.0,0.037037037037037035
stage1g_single_agent_delivery_obstacles,7,1,72115,2389,1,300,240,1,2,233.57620239257812,4.0,4.0,4.0,0.055944055944055944,0.0,0,0,0,81,2,10,8,1.0,3,0.2345679012345679,0.30864197530864196,0.14814814814814814,-2.170000000000001,0.0,0.0,0.0,0.0,0.0,0.0,0.0,0.0,0.0,0.0,0.0,0.0,0.0,0.0,0.04938271604938271
stage1g_single_agent_delivery_obstacles,7,1,72195,2390,1,300,240,1,2,232.69183349609375,4.0,4.0,4.0,0.04895104895104895,0.0,0,0,0,80,2,10,8,1.0,6,0.15,0.2625,0.125,-1.8200000000000003,0.0,0.0,0.0,0.0,0.0,0.0,0.0,0.0,0.0,0.0,0.0,0.0,0.0,0.0,0.05
stage1g_single_agent_delivery_obstacles,7,1,72334,2391,1,300,240,1,2,231.9083709716797,4.0,4.0,4.0,0.09090909090909091,0.0,0,0,0,139,43,57,14,1.0,6,0.1366906474820144,0.2302158273381295,0.08633093525179857,-2.6599999999999997,0.0,0.0,0.0,0.0,0.0,0.0,0.0,0.0,0.0,0.0,0.0,0.0,0.0,0.0,0.02877697841726619
stage1g_single_agent_delivery_obstacles,7,1,72432,2392,1,300,240,1,2,234.02142333984375,4.0,4.0,4.0,0.0979020979020979,0.0,0,0,0,98,7,10,3,1.0,3,0.17346938775510204,0.23469387755102042,0.05102040816326531,-1.7850000000000008,0.0,0.0,0.0,0.0,0.0,0.0,0.0,0.0,0.0,0.0,0.0,0.0,0.0,0.0,0.04081632653061224
stage1g_single_agent_delivery_obstacles,7,1,72614,2393,1,300,240,1,2,226.6148681640625,4.0,4.0,4.0,0.11888111888111888,0.0,0,0,0,182,4,32,28,1.0,5,0.0989010989010989,0.2087912087912088,0.09340659340659341,-3.2549999999999986,0.0,0.0,0.0,0.0,0.0,0.0,0.0,0.0,0.0,0.0,0.0,0.0,0.0,0.0,0.02197802197802198
stage1g_single_agent_delivery_obstacles,7,1,72728,2394,1,300,240,1,2,234.33358764648438,4.0,4.0,4.0,0.1048951048951049,0.0,0,0,0,114,1,10,9,1.0,4,0.17543859649122806,0.23684210526315788,0.07894736842105263,-2.205000000000001,0.0,0.0,0.0,0.0,0.0,0.0,0.0,0.0,0.0,0.0,0.0,0.0,0.0,0.0,0.03508771929824561
stage1g_single_agent_delivery_obstacles,7,1,72839,2395,1,300,240,1,2,234.76104736328125,4.0,4.0,4.0,0.11188811188811189,0.0,0,0,0,111,26,39,13,1.0,3,0.07207207207207207,0.12612612612612611,0.04504504504504504,-1.1550000000000002,0.0,0.0,0.0,0.0,0.0,0.0,0.0,0.0,0.0,0.0,0.0,0.0,0.0,0.0,0.036036036036036036
stage1g_single_agent_delivery_obstacles,7,1,72949,2396,1,300,240,1,2,234.01832580566406,4.0,4.0,4.0,0.07692307692307693,0.0,0,0,0,110,27,36,9,1.0,3,0.16363636363636364,0.21818181818181817,0.1,-2.0650000000000004,0.0,0.0,0.0,0.0,0.0,0.0,0.0,0.0,0.0,0.0,0.0,0.0,0.0,0.0,0.03636363636363636
stage1g_single_agent_delivery_obstacles,7,1,73123,2397,1,300,240,1,2,228.91290283203125,4.0,4.0,4.0,0.06993006993006994,0.0,0,0,0,174,8,24,16,1.0,5,0.15517241379310345,0.2413793103448276,0.09770114942528736,-3.534999999999999,0.0,0.0,0.0,0.0,0.0,0.0,0.0,0.0,0.0,0.0,0.0,0.0,0.0,0.0,0.022988505747126436
stage1g_single_agent_delivery_obstacles,7,1,73222,2398,1,300,240,1,2,232.42391967773438,4.0,4.0,4.0,0.06993006993006994,0.0,0,0,0,99,15,27,12,1.0,3,0.09090909090909091,0.1919191919191919,0.0707070707070707,-1.5750000000000004,0.0,0.0,0.0,0.0,0.0,0.0,0.0,0.0,0.0,0.0,0.0,0.0,0.0,0.0,0.04040404040404041
stage1g_single_agent_delivery_obstacles,7,1,73330,2399,1,300,240,1,2,234.5257568359375,4.0,4.0,4.0,0.0979020979020979,0.0,0,0,0,108,2,9,7,1.0,4,0.16666666666666666,0.2222222222222222,0.08333333333333333,-1.9950000000000006,0.0,0.0,0.0,0.0,0.0,0.0,0.0,0.0,0.0,0.0,0.0,0.0,0.0,0.0,0.037037037037037035
stage1g_single_agent_delivery_obstacles,7,1,73438,2400,1,300,240,1,2,235.14224243164062,4.0,4.0,4.0,0.07692307692307693,0.0,0,0,0,108,2,8,6,1.0,1,0.018518518518518517,0.05555555555555555,0.027777777777777776,-0.525,0.0,0.0,0.0,0.0,0.0,0.0,0.0,0.0,0.0,0.0,0.0,0.0,0.0,0.0,0.037037037037037035
stage1g_single_agent_delivery_obstacles,7,1,73543,2401,1,300,240,1,2,233.8710479736328,4.0,4.0,4.0,0.07692307692307693,0.0,0,0,0,105,24,27,3,1.0,3,0.1523809523809524,0.20952380952380953,0.0761904761904762,-1.8200000000000005,0.0,0.0,0.0,0.0,0.0,0.0,0.0,0.0,0.0,0.0,0.0,0.0,0.0,0.0,0.0380952380952381
stage1g_single_agent_delivery_obstacles,7,1,73651,2402,1,300,240,1,2,232.74905395507812,4.0,4.0,4.0,0.0979020979020979,0.0,0,0,0,108,19,34,15,1.0,4,0.2037037037037037,0.2777777777777778,0.018518518518518517,-2.170000000000001,0.0,0.0,0.0,0.0,0.0,0.0,0.0,0.0,0.0,0.0,0.0,0.0,0.0,0.0,0.037037037037037035
stage1g_single_agent_delivery_obstacles,7,1,73778,2403,1,300,240,1,2,232.80551147460938,4.0,4.0,4.0,0.07692307692307693,0.0,0,0,0,127,20,51,31,1.0,6,0.2204724409448819,0.2755905511811024,0.12598425196850394,-3.0100000000000002,0.0,0.0,0.0,0.0,0.0,0.0,0.0,0.0,0.0,0.0,0.0,0.0,0.0,0.0,0.031496062992125984
stage1g_single_agent_delivery_obstacles,7,1,73901,2404,1,300,240,1,2,231.78782653808594,4.0,4.0,4.0,0.09090909090909091,0.0,0,0,0,123,3,23,20,1.0,5,0.24390243902439024,0.3170731707317073,0.12195121951219512,-3.2549999999999994,0.0,0.0,0.0,0.0,0.0,0.0,0.0,0.0,0.0,0.0,0.0,0.0,0.0,0.0,0.032520325203252036
stage1g_single_agent_delivery_obstacles,7,1,74046,2405,1,300,240,1,2,231.81158447265625,4.0,4.0,4.0,0.1258741258741259,0.0,0,0,0,145,33,42,9,1.0,4,0.1103448275862069,0.18620689655172415,0.006896551724137931,-1.9250000000000012,0.0,0.0,0.0,0.0,0.0,0.0,0.0,0.0,0.0,0.0,0.0,0.0,0.0,0.0,0.027586206896551724
stage1g_single_agent_delivery_obstacles,7,1,74130,2406,1,300,240,1,2,233.73147583007812,4.0,4.0,4.0,0.06993006993006994,0.0,0,0,0,84,4,9,5,1.0,3,0.16666666666666666,0.23809523809523808,0.10714285714285714,-1.7150000000000003,0.0,0.0,0.0,0.0,0.0,0.0,0.0,0.0,0.0,0.0,0.0,0.0,0.0,0.0,0.047619047619047616
stage1g_single_agent_delivery_obstacles,7,1,74242,2407,1,300,240,1,2,235.01390075683594,4.0,4.0,4.0,0.09090909090909091,0.0,0,0,0,112,7,10,3,1.0,2,0.09821428571428571,0.13392857142857142,0.044642857142857144,-1.225,0.0,0.0,0.0,0.0,0.0,0.0,0.0,0.0,0.0,0.0,0.0,0.0,0.0,0.0,0.03571428571428571
stage1g_single_agent_delivery_obstacles,7,1,74350,2408,1,300,240,1,2,231.93466186523438,4.0,4.0,4.0,0.07692307692307693,0.0,0,0,0,108,20,33,13,1.0,4,0.25,0.32407407407407407,0.12037037037037036,-2.9049999999999994,0.0,0.0,0.0,0.0,0.0,0.0,0.0,0.0,0.0,0.0,0.0,0.0,0.0,0.0,0.037037037037037035
stage1g_single_agent_delivery_obstacles,7,1,74547,2409,1,300,240,1,2,233.58294677734375,4.0,4.0,4.0,0.11188811188811189,0.0,0,0,0,197,10,27,17,1.0,6,0.15228426395939088,0.18781725888324874,0.1065989847715736,-3.3249999999999997,0.0,0.0,0.0,0.0,0.0,0.0,0.0,0.0,0.0,0.0,0.0,0.0,0.0,0.0,0.02030456852791878
stage1g_single_agent_delivery_obstacles,7,1,74664,2410,1,300,240,1,2,231.14926147460938,4.0,4.0,4.0,0.0979020979020979,0.0,0,0,0,117,24,44,20,1.0,4,0.21367521367521367,0.2905982905982906,0.042735042735042736,-2.5549999999999997,0.0,0.0,0.0,0.0,0.0,0.0,0.0,0.0,0.0,0.0,0.0,0.0,0.0,0.0,0.03418803418803419
stage1g_single_agent_delivery_obstacles,7,1,74762,2411,1,300,240,1,2,232.5729217529297,4.0,4.0,4.0,0.06993006993006994,0.0,0,0,0,98,3,23,20,1.0,5,0.19387755102040816,0.2755102040816326,0.11224489795918367,-2.2750000000000004,0.0,0.0,0.0,0.0,0.0,0.0,0.0,0.0,0.0,0.0,0.0,0.0,0.0,0.0,0.04081632653061224
stage1g_single_agent_delivery_obstacles,7,1,74861,2412,1,300,240,1,2,231.88015747070312,4.0,4.0,4.0,0.06293706293706294,0.0,0,0,0,99,2,30,28,1.0,5,0.23232323232323232,0.3434343434343434,0.1717171717171717,-2.9749999999999996,0.0,0.0,0.0,0.0,0.0,0.0,0.0,0.0,0.0,0.0,0.0,0.0,0.0,0.0,0.04040404040404041
stage1g_single_agent_delivery_obstacles,7,1,74964,2413,1,300,240,1,2,232.79986572265625,4.0,4.0,4.0,0.06993006993006994,0.0,0,0,0,103,24,27,3,1.0,3,0.04854368932038835,0.14563106796116504,0.07766990291262135,-1.33,0.0,0.0,0.0,0.0,0.0,0.0,0.0,0.0,0.0,0.0,0.0,0.0,0.0,0.0,0.038834951456310676
stage1g_single_agent_delivery_obstacles,7,1,75154,2414,1,300,240,1,2,223.85226440429688,4.0,4.0,4.0,0.06993006993006994,0.0,0,0,0,190,3,116,113,1.0,11,0.46842105263157896,0.5526315789473685,0.2,-8.680000000000017,0.0,0.0,0.0,0.0,0.0,0.0,0.0,0.0,0.0,0.0,0.0,0.0,0.0,0.0,0.021052631578947368
stage1g_single_agent_delivery_obstacles,7,1,75354,2415,1,300,240,1,2,174.97364807128906,3.0,3.0,3.0,0.11888111888111888,0.0,0,0,1,200,25,61,36,1.0,4,0.11,0.145,0.045,-2.3450000000000006,0.0,0.0,0.0,0.0,0.0,0.0,0.0,0.0,0.0,0.0,0.0,0.0,0.0,0.0,0.015
stage1g_single_agent_delivery_obstacles,7,1,75550,2416,1,300,240,1,2,225.06332397460938,4.0,4.0,4.0,0.06993006993006994,0.0,0,0,0,196,33,70,37,1.0,8,0.20408163265306123,0.29591836734693877,0.1326530612244898,-4.970000000000002,0.0,0.0,0.0,0.0,0.0,0.0,0.0,0.0,0.0,0.0,0.0,0.0,0.0,0.0,0.02040816326530612
stage1g_single_agent_delivery_obstacles,7,1,75678,2417,1,300,240,1,2,233.4334716796875,4.0,4.0,4.0,0.1048951048951049,0.0,0,0,0,128,2,29,27,1.0,5,0.1953125,0.25,0.109375,-2.7299999999999995,0.0,0.0,0.0,0.0,0.0,0.0,0.0,0.0,0.0,0.0,0.0,0.0,0.0,0.0,0.03125
stage1g_single_agent_delivery_obstacles,7,1,75878,2418,1,300,240,1,2,170.5142059326172,3.0,3.0,3.0,0.06993006993006994,0.0,0,0,1,200,5,10,5,1.0,0,0.0,0.04,0.01,-0.6300000000000001,0.0,0.0,0.0,0.0,0.0,0.0,0.0,0.0,0.0,0.0,0.0,0.0,0.0,0.0,0.015
stage1g_single_agent_delivery_obstacles,7,1,76038,2419,1,300,240,1,2,224.6527099609375,4.0,4.0,4.0,0.06293706293706294,0.0,0,0,0,160,22,46,24,1.0,5,0.15625,0.3,0.10625,-3.9549999999999983,0.0,0.0,0.0,0.0,0.0,0.0,0.0,0.0,0.0,0.0,0.0,0.0,0.0,0.0,0.025
stage1g_single_agent_delivery_obstacles,7,1,76189,2420,1,300,240,1,2,229.12242126464844,4.0,4.0,4.0,0.06293706293706294,0.0,0,0,0,151,2,27,25,1.0,4,0.08609271523178808,0.1390728476821192,0.059602649006622516,-1.7850000000000006,0.0,0.0,0.0,0.0,0.0,0.0,0.0,0.0,0.0,0.0,0.0,0.0,0.0,0.0,0.026490066225165563
stage1g_single_agent_delivery_obstacles,7,1,76285,2421,1,300,240,1,2,234.1800079345703,4.0,4.0,4.0,0.07692307692307693,0.0,0,0,0,96,5,11,6,1.0,3,0.13541666666666666,0.17708333333333334,0.07291666666666667,-1.4350000000000003,0.0,0.0,0.0,0.0,0.0,0.0,0.0,0.0,0.0,0.0,0.0,0.0,0.0,0.0,0.041666666666666664
stage1g_single_agent_delivery_obstacles,7,1,76412,2422,1,300,240,1,2,230.93214416503906,4.0,4.0,4.0,0.11888111888111888,0.0,0,0,0,127,2,28,26,1.0,5,0.2047244094488189,0.2755905511811024,0.11023622047244094,-2.939999999999999,0.0,0.0,0.0,0.0,0.0,0.0,0.0,0.0,0.0,0.0,0.0,0.0,0.0,0.0,0.031496062992125984
stage1g_single_agent_delivery_obstacles,7,1,76530,2423,1,300,240,1,2,232.2823028564453,4.0,4.0,4.0,0.1258741258741259,0.0,0,0,0,118,1,17,16,1.0,6,0.1864406779661017,0.2796610169491525,0.0847457627118644,-2.6599999999999993,0.0,0.0,0.0,0.0,0.0,0.0,0.0,0.0,0.0,0.0,0.0,0.0,0.0,0.0,0.03389830508474576
stage1g_single_agent_delivery_obstacles,7,1,76642,2424,1,300,240,1,2,233.1938934326172,4.0,4.0,4.0,0.06993006993006994,0.0,0,0,0,112,24,37,13,1.0,3,0.13392857142857142,0.1875,0.07142857142857142,-1.7500000000000004,0.0,0.0,0.0,0.0,0.0,0.0,0.0,0.0,0.0,0.0,0.0,0.0,0.0,0.0,0.03571428571428571
stage1g_single_agent_delivery_obstacles,7,1,76725,2425,1,300,240,1,2,231.392333984375,4.0,4.0,4.0,0.04895104895104895,0.0,0,0,0,83,3,8,5,1.0,2,0.04819277108433735,0.1566265060240964,0.08433734939759036,-1.1550000000000005,0.0,0.0,0.0,0.0,0.0,0.0,0.0,0.0,0.0,0.0,0.0,0.0,0.0,0.0,0.04819277108433735
stage1g_single_agent_delivery_obstacles,7,1,76828,2426,1,300,240,1,2,233.1237335205078,4.0,4.0,4.0,0.14685314685314685,0.0,0,0,0,103,7,25,18,1.0,4,0.2621359223300971,0.33980582524271846,0.009708737864077669,-2.4850000000000003,0.0,0.0,0.0,0.0,0.0,0.0,0.0,0.0,0.0,0.0,0.0,0.0,0.0,0.0,0.038834951456310676
stage1g_single_agent_delivery_obstacles,7,1,76996,2427,1,300,240,1,2,229.88389587402344,4.0,4.0,4.0,0.16083916083916083,0.0,0,0,0,168,2,15,13,1.0,6,0.3333333333333333,0.40476190476190477,0.05357142857142857,-5.075000000000001,0.0,0.0,0.0,0.0,0.0,0.0,0.0,0.0,0.0,0.0,0.0,0.0,0.0,0.0,0.023809523809523808
stage1g_single_agent_delivery_obstacles,7,1,77196,2428,1,300,240,1,2,118.0653076171875,2.0,2.0,2.0,0.1048951048951049,0.0,0,0,2,200,4,9,5,1.0,2,0.05,0.065,0.025,-1.0850000000000004,0.0,0.0,0.0,0.0,0.0,0.0,0.0,0.0,0.0,0.0,0.0,0.0,0.0,0.0,0.01
stage1g_single_agent_delivery_obstacles,7,1,77311,2429,1,300,240,1,2,231.25961303710938,4.0,4.0,4.0,0.09090909090909091,0.0,0,0,0,115,1,14,13,1.0,5,0.12173913043478261,0.25217391304347825,0.10434782608695652,-2.45,0.0,0.0,0.0,0.0,0.0,0.0,0.0,0.0,0.0,0.0,0.0,0.0,0.0,0.0,0.034782608695652174
stage1g_single_agent_delivery_obstacles,7,1,77427,2430,1,300,240,1,2,229.9258575439453,4.0,4.0,4.0,0.06993006993006994,0.0,0,0,0,116,3,17,14,1.0,4,0.20689655172413793,0.28448275862068967,0.06896551724137931,-2.59,0.0,0.0,0.0,0.0,0.0,0.0,0.0,0.0,0.0,0.0,0.0,0.0,0.0,0.0,0.034482758620689655
stage1g_single_agent_delivery_obstacles,7,1,77554,2431,1,300,240,1,2,233.60964965820312,4.0,4.0,4.0,0.1048951048951049,0.0,0,0,0,127,11,17,6,1.0,3,0.13385826771653545,0.1968503937007874,0.047244094488188976,-1.9600000000000009,0.0,0.0,0.0,0.0,0.0,0.0,0.0,0.0,0.0,0.0,0.0,0.0,0.0,0.0,0.031496062992125984
stage1g_single_agent_delivery_obstacles,7,1,77754,2432,1,300,240,1,2,52.234745025634766,1.0,1.0,1.0,0.09090909090909091,0.0,0,0,3,200,9,16,7,1.0,0,0.0,0.01,0.0,-0.14,0.0,0.0,0.0,0.0,0.0,0.0,0.0,0.0,0.0,0.0,0.0,0.0,0.0,0.0,0.005
stage1g_single_agent_delivery_obstacles,7,1,77884,2433,1,300,240,1,2,232.95396423339844,4.0,4.0,4.0,0.1258741258741259,0.0,0,0,0,130,46,55,9,1.0,2,0.023076923076923078,0.1,0.03076923076923077,-1.0500000000000003,0.0,0.0,0.0,0.0,0.0,0.0,0.0,0.0,0.0,0.0,0.0,0.0,0.0,0.0,0.03076923076923077
stage1g_single_agent_delivery_obstacles,7,1,78053,2434,1,300,240,1,2,233.83387756347656,4.0,4.0,4.0,0.11888111888111888,0.0,0,0,0,169,78,92,14,1.0,4,0.1301775147928994,0.17751479289940827,0.047337278106508875,-2.3800000000000003,0.0,0.0,0.0,0.0,0.0,0.0,0.0,0.0,0.0,0.0,0.0,0.0,0.0,0.0,0.023668639053254437
stage1g_single_agent_delivery_obstacles,7,1,78253,2435,1,300,240,1,2,103.72427368164062,3.0,3.0,2.0,0.1048951048951049,0.0,0,0,1,200,2,24,22,0.6666666666666666,3,0.09,0.115,0.04,-1.8900000000000006,0.0,0.0,0.0,0.0,0.0,0.0,0.0,0.0,0.0,0.0,0.0,0.0,0.0,0.0,0.01
stage1g_single_agent_delivery_obstacles,7,1,78453,2436,1,300,240,1,2,109.07302856445312,2.0,2.0,2.0,0.07692307692307693,0.0,0,0,2,200,67,77,10,1.0,2,0.035,0.055,0.015,-0.8750000000000002,0.0,0.0,0.0,0.0,0.0,0.0,0.0,0.0,0.0,0.0,0.0,0.0,0.0,0.0,0.01
stage1g_single_agent_delivery_obstacles,7,1,78554,2437,1,300,240,1,2,232.0220184326172,4.0,4.0,4.0,0.09090909090909091,0.0,0,0,0,101,9,25,16,1.0,4,0.26732673267326734,0.3465346534653465,0.009900990099009901,-2.4850000000000003,0.0,0.0,0.0,0.0,0.0,0.0,0.0,0.0,0.0,0.0,0.0,0.0,0.0,0.0,0.039603960396039604
stage1g_single_agent_delivery_obstacles,7,1,78754,2438,1,300,240,1,2,59.738067626953125,1.0,1.0,1.0,0.16083916083916083,0.0,0,0,3,200,155,168,13,1.0,1,0.02,0.03,0.005,-0.455,0.0,0.0,0.0,0.0,0.0,0.0,0.0,0.0,0.0,0.0,0.0,0.0,0.0,0.0,0.005
stage1g_single_agent_delivery_obstacles,7,1,78871,2439,1,300,240,1,2,233.38250732421875,4.0,4.0,4.0,0.11888111888111888,0.0,0,0,0,117,32,41,9,1.0,1,0.008547008547008548,0.05128205128205128,0.0,-0.42000000000000004,0.0,0.0,0.0,0.0,0.0,0.0,0.0,0.0,0.0,0.0,0.0,0.0,0.0,0.0,0.03418803418803419
stage1g_single_agent_delivery_obstacles,7,1,79071,2440,1,300,240,1,2,-25.663021087646484,1.0,1.0,0.0,0.14685314685314685,0.0,0,0,3,200,28,-1,-1,0.0,3,0.795,0.825,0.0,-11.550000000000027,0.0,0.0,0.0,0.0,0.0,0.0,0.0,0.0,0.0,0.0,0.0,0.0,0.0,0.0,0.0
stage1g_single_agent_delivery_obstacles,7,1,79271,2441,1,300,240,1,2,104.46011352539062,3.0,3.0,2.0,0.14685314685314685,0.0,0,0,1,200,14,32,18,0.6666666666666666,2,0.075,0.095,0.015,-1.4350000000000007,0.0,0.0,0.0,0.0,0.0,0.0,0.0,0.0,0.0,0.0,0.0,0.0,0.0,0.0,0.01
stage1g_single_agent_delivery_obstacles,7,1,79410,2442,1,300,240,1,2,234.68394470214844,4.0,4.0,4.0,0.13986013986013987,0.0,0,0,0,139,2,9,7,1.0,3,0.10071942446043165,0.14388489208633093,0.06474820143884892,-1.7150000000000003,0.0,0.0,0.0,0.0,0.0,0.0,0.0,0.0,0.0,0.0,0.0,0.0,0.0,0.0,0.02877697841726619
stage1g_single_agent_delivery_obstacles,7,1,79610,2443,1,300,240,1,2,176.087158203125,3.0,3.0,3.0,0.11188811188811189,0.0,0,0,1,200,3,9,6,1.0,2,0.065,0.095,0.025,-1.5050000000000006,0.0,0.0,0.0,0.0,0.0,0.0,0.0,0.0,0.0,0.0,0.0,0.0,0.0,0.0,0.015
stage1g_single_agent_delivery_obstacles,7,1,79760,2444,1,300,240,1,2,234.5804443359375,4.0,4.0,4.0,0.0979020979020979,0.0,0,0,0,150,3,27,24,1.0,2,0.15333333333333332,0.18,0.03333333333333333,-2.065000000000001,0.0,0.0,0.0,0.0,0.0,0.0,0.0,0.0,0.0,0.0,0.0,0.0,0.0,0.0,0.02666666666666667
stage1g_single_agent_delivery_obstacles,7,1,79905,2445,1,300,240,1,2,230.37754821777344,4.0,4.0,4.0,0.1258741258741259,0.0,0,0,0,145,33,48,15,1.0,6,0.18620689655172415,0.27586206896551724,0.05517241379310345,-3.079999999999999,0.0,0.0,0.0,0.0,0.0,0.0,0.0,0.0,0.0,0.0,0.0,0.0,0.0,0.0,0.027586206896551724
stage1g_single_agent_delivery_obstacles,7,1,80045,2446,1,300,240,1,2,227.9460906982422,4.0,4.0,4.0,0.13986013986013987,0.0,0,0,0,140,2,65,63,1.0,6,0.40714285714285714,0.5214285714285715,0.02857142857142857,-5.250000000000003,0.0,0.0,0.0,0.0,0.0,0.0,0.0,0.0,0.0,0.0,0.0,0.0,0.0,0.0,0.02857142857142857
stage1g_single_agent_delivery_obstacles,7,1,80135,2447,1,300,240,1,2,233.64141845703125,4.0,4.0,4.0,0.055944055944055944,0.0,0,0,0,90,7,14,7,1.0,4,0.25555555555555554,0.3333333333333333,0.12222222222222222,-2.4850000000000003,0.0,0.0,0.0,0.0,0.0,0.0,0.0,0.0,0.0,0.0,0.0,0.0,0.0,0.0,0.044444444444444446
stage1g_single_agent_delivery_obstacles,7,1,80268,2448,1,300,240,1,2,233.23594665527344,4.0,4.0,4.0,0.06993006993006994,0.0,0,0,0,133,3,6,3,1.0,3,0.045112781954887216,0.09774436090225563,0.045112781954887216,-1.12,0.0,0.0,0.0,0.0,0.0,0.0,0.0,0.0,0.0,0.0,0.0,0.0,0.0,0.0,0.03007518796992481
stage1g_single_agent_delivery_obstacles,7,1,80375,2449,1,300,240,1,2,232.75543212890625,4.0,4.0,4.0,0.06293706293706294,0.0,0,0,0,107,18,31,13,1.0,4,0.2523364485981308,0.308411214953271,0.1308411214953271,-2.8,0.0,0.0,0.0,0.0,0.0,0.0,0.0,0.0,0.0,0.0,0.0,0.0,0.0,0.0,0.037383177570093455
stage1g_single_agent_delivery_obstacles,7,1,80473,2450,1,300,240,1,2,234.23513793945312,4.0,4.0,4.0,0.08391608391608392,0.0,0,0,0,98,8,21,13,1.0,3,0.04081632653061224,0.11224489795918367,0.04081632653061224,-0.9100000000000001,0.0,0.0,0.0,0.0,0.0,0.0,0.0,0.0,0.0,0.0,0.0,0.0,0.0,0.0,0.04081632653061224
stage1g_single_agent_delivery_obstacles,7,1,80639,2451,1,300,240,1,2,227.06253051757812,4.0,4.0,4.0,0.06993006993006994,0.0,0,0,0,166,48,67,19,1.0,4,0.16265060240963855,0.21686746987951808,0.05421686746987952,-2.835,0.0,0.0,0.0,0.0,0.0,0.0,0.0,0.0,0.0,0.0,0.0,0.0,0.0,0.0,0.024096385542168676
stage1g_single_agent_delivery_obstacles,7,1,80739,2452,1,300,240,1,2,232.67529296875,4.0,4.0,4.0,0.09090909090909091,0.0,0,0,0,100,2,9,7,1.0,2,0.17,0.26,0.06,-2.0300000000000007,0.0,0.0,0.0,0.0,0.0,0.0,0.0,0.0,0.0,0.0,0.0,0.0,0.0,0.0,0.04
stage1g_single_agent_delivery_obstacles,7,1,80926,2453,1,300,240,1,2,231.6453399658203,4.0,4.0,4.0,0.1048951048951049,0.0,0,0,0,187,19,40,21,1.0,7,0.18181818181818182,0.26737967914438504,0.06951871657754011,-3.954999999999998,0.0,0.0,0.0,0.0,0.0,0.0,0.0,0.0,0.0,0.0,0.0,0.0,0.0,0.0,0.0213903743315508
stage1g_single_agent_delivery_obstacles,7,1,81092,2454,1,300,240,1,2,231.0513916015625,4.0,4.0,4.0,0.08391608391608392,0.0,0,0,0,166,66,91,25,1.0,5,0.1927710843373494,0.2469879518072289,0.0963855421686747,-3.429999999999999,0.0,0.0,0.0,0.0,0.0,0.0,0.0,0.0,0.0,0.0,0.0,0.0,0.0,0.0,0.024096385542168676
stage1g_single_agent_delivery_obstacles,7,1,81218,2455,1,300,240,1,2,232.39187622070312,4.0,4.0,4.0,0.06293706293706294,0.0,0,0,0,126,3,23,20,1.0,5,0.1984126984126984,0.2619047619047619,0.1349206349206349,-2.905,0.0,0.0,0.0,0.0,0.0,0.0,0.0,0.0,0.0,0.0,0.0,0.0,0.0,0.0,0.031746031746031744
stage1g_single_agent_delivery_obstacles,7,1,81310,2456,1,300,240,1,2,233.7220001220703,4.0,4.0,4.0,0.06993006993006994,0.0,0,0,0,92,2,6,4,1.0,2,0.06521739130434782,0.14130434782608695,0.043478260869565216,-1.0500000000000003,0.0,0.0,0.0,0.0,0.0,0.0,0.0,0.0,0.0,0.0,0.0,0.0,0.0,0.0,0.043478260869565216
stage1g_single_agent_delivery_obstacles,7,1,81510,2457,1,300,240,1,2,59.839027404785156,1.0,1.0,1.0,0.14685314685314685,0.0,0,0,3,200,3,6,3,1.0,0,0.0,0.0,0.0,0.0,0.0,0.0,0.0,0.0,0.0,0.0,0.0,0.0,0.0,0.0,0.0,0.0,0.0,0.0,0.005
stage1g_single_agent_delivery_obstacles,7,1,81706,2458,1,300,240,1,2,233.81936645507812,4.0,4.0,4.0,0.0979020979020979,0.0,0,0,0,196,51,63,12,1.0,6,0.10714285714285714,0.14795918367346939,0.061224489795918366,-2.4500000000000006,0.0,0.0,0.0,0.0,0.0,0.0,0.0,0.0,0.0,0.0,0.0,0.0,0.0,0.0,0.02040816326530612
stage1g_single_agent_delivery_obstacles,7,1,81868,2459,1,300,240,1,2,233.89187622070312,4.0,4.0,4.0,0.1048951048951049,0.0,0,0,0,162,3,11,8,1.0,6,0.1111111111111111,0.18518518518518517,0.09876543209876543,-2.6600000000000006,0.0,0.0,0.0,0.0,0.0,0.0,0.0,0.0,0.0,0.0,0.0,0.0,0.0,0.0,0.024691358024691357
stage1g_single_agent_delivery_obstacles,7,1,82068,2460,1,300,240,1,2,172.98635864257812,3.0,3.0,3.0,0.1048951048951049,0.0,0,0,1,200,2,23,21,1.0,9,0.175,0.255,0.11,-4.34,0.0,0.0,0.0,0.0,0.0,0.0,0.0,0.0,0.0,0.0,0.0,0.0,0.0,0.0,0.015
stage1g_single_agent_delivery_obstacles,7,1,82190,2461,1,300,240,1,2,229.79530334472656,4.0,4.0,4.0,0.06293706293706294,0.0,0,0,0,122,5,24,19,1.0,4,0.05737704918032787,0.16393442622950818,0.08196721311475409,-1.7500000000000002,0.0,0.0,0.0,0.0,0.0,0.0,0.0,0.0,0.0,0.0,0.0,0.0,0.0,0.0,0.03278688524590164
stage1g_single_agent_delivery_obstacles,7,1,82271,2462,1,300,240,1,2,234.21685791015625,4.0,4.0,4.0,0.06993006993006994,0.0,0,0,0,81,3,6,3,1.0,3,0.2345679012345679,0.30864197530864196,0.1111111111111111,-2.0650000000000004,0.0,0.0,0.0,0.0,0.0,0.0,0.0,0.0,0.0,0.0,0.0,0.0,0.0,0.0,0.04938271604938271
stage1g_single_agent_delivery_obstacles,7,1,82377,2463,1,300,240,1,2,234.18637084960938,4.0,4.0,4.0,0.08391608391608392,0.0,0,0,0,106,21,30,9,1.0,3,0.12264150943396226,0.20754716981132076,0.09433962264150944,-1.8900000000000003,0.0,0.0,0.0,0.0,0.0,0.0,0.0,0.0,0.0,0.0,0.0,0.0,0.0,0.0,0.03773584905660377
stage1g_single_agent_delivery_obstacles,7,1,82516,2464,1,300,240,1,2,234.36892700195312,4.0,4.0,4.0,0.0979020979020979,0.0,0,0,0,139,33,50,17,1.0,3,0.06474820143884892,0.1223021582733813,0.050359712230215826,-1.4350000000000003,0.0,0.0,0.0,0.0,0.0,0.0,0.0,0.0,0.0,0.0,0.0,0.0,0.0,0.0,0.02877697841726619
stage1g_single_agent_delivery_obstacles,7,1,82629,2465,1,300,240,1,2,231.96490478515625,4.0,4.0,4.0,0.08391608391608392,0.0,0,0,0,113,3,15,12,1.0,5,0.2920353982300885,0.37168141592920356,0.1415929203539823,-3.4999999999999987,0.0,0.0,0.0,0.0,0.0,0.0,0.0,0.0,0.0,0.0,0.0,0.0,0.0,0.0,0.035398230088495575
stage1g_single_agent_delivery_obstacles,7,1,82752,2466,1,300,240,1,2,232.55625915527344,4.0,4.0,4.0,0.07692307692307693,0.0,0,0,0,123,4,9,5,1.0,2,0.04065040650406504,0.08943089430894309,0.04878048780487805,-0.9800000000000002,0.0,0.0,0.0,0.0,0.0,0.0,0.0,0.0,0.0,0.0,0.0,0.0,0.0,0.0,0.032520325203252036
stage1g_single_agent_delivery_obstacles,7,1,82884,2467,1,300,240,1,2,231.93344116210938,4.0,4.0,4.0,0.04895104895104895,0.0,0,0,0,132,2,17,15,1.0,6,0.06818181818181818,0.18181818181818182,0.08333333333333333,-2.0650000000000004,0.0,0.0,0.0,0.0,0.0,0.0,0.0,0.0,0.0,0.0,0.0,0.0,0.0,0.0,0.030303030303030304
stage1g_single_agent_delivery_obstacles,7,1,83084,2468,1,300,240,1,2,58.51774597167969,1.0,1.0,1.0,0.16083916083916083,0.0,0,0,3,200,7,31,24,1.0,3,0.045,0.07,0.02,-1.1200000000000003,0.0,0.0,0.0,0.0,0.0,0.0,0.0,0.0,0.0,0.0,0.0,0.0,0.0,0.0,0.005
stage1g_single_agent_delivery_obstacles,7,1,83284,2469,1,300,240,1,2,150.69134521484375,4.0,4.0,3.0,0.06993006993006994,0.0,0,0,0,200,2,28,26,0.75,5,0.135,0.185,0.07,-3.079999999999999,0.0,0.0,0.0,0.0,0.0,0.0,0.0,0.0,0.0,0.0,0.0,0.0,0.0,0.0,0.015
stage1g_single_agent_delivery_obstacles,7,1,83401,2470,1,300,240,1,2,234.02508544921875,4.0,4.0,4.0,0.07692307692307693,0.0,0,0,0,117,8,16,8,1.0,6,0.1282051282051282,0.21367521367521367,0.1111111111111111,-2.205,0.0,0.0,0.0,0.0,0.0,0.0,0.0,0.0,0.0,0.0,0.0,0.0,0.0,0.0,0.03418803418803419
stage1g_single_agent_delivery_obstacles,7,1,83515,2471,1,300,240,1,2,233.63999938964844,4.0,4.0,4.0,0.07692307692307693,0.0,0,0,0,114,26,35,9,1.0,5,0.10526315789473684,0.17543859649122806,0.10526315789473684,-1.8200000000000003,0.0,0.0,0.0,0.0,0.0,0.0,0.0,0.0,0.0,0.0,0.0,0.0,0.0,0.0,0.03508771929824561
stage1g_single_agent_delivery_obstacles,7,1,83669,2472,1,300,240,1,2,233.5394287109375,4.0,4.0,4.0,0.0979020979020979,0.0,0,0,0,154,2,5,3,1.0,6,0.07142857142857142,0.14285714285714285,0.07142857142857142,-1.9250000000000003,0.0,0.0,0.0,0.0,0.0,0.0,0.0,0.0,0.0,0.0,0.0,0.0,0.0,0.0,0.025974025974025976
stage1g_single_agent_delivery_obstacles,7,1,83844,2473,1,300,240,1,2,234.04580688476562,4.0,4.0,4.0,0.1048951048951049,0.0,0,0,0,175,65,70,5,1.0,4,0.06857142857142857,0.13142857142857142,0.02857142857142857,-1.7850000000000008,0.0,0.0,0.0,0.0,0.0,0.0,0.0,0.0,0.0,0.0,0.0,0.0,0.0,0.0,0.022857142857142857
stage1g_single_agent_delivery_obstacles,7,1,84010,2474,1,300,240,1,2,230.4150390625,4.0,4.0,4.0,0.06293706293706294,0.0,0,0,0,166,30,33,3,1.0,4,0.0783132530120482,0.14457831325301204,0.06626506024096386,-2.0650000000000004,0.0,0.0,0.0,0.0,0.0,0.0,0.0,0.0,0.0,0.0,0.0,0.0,0.0,0.0,0.024096385542168676
stage1g_single_agent_delivery_obstacles,7,1,84210,2475,1,300,240,1,2,43.38813018798828,2.0,2.0,1.0,0.08391608391608392,0.0,0,0,2,200,3,19,16,0.5,2,0.02,0.045,0.03,-0.84,0.0,0.0,0.0,0.0,0.0,0.0,0.0,0.0,0.0,0.0,0.0,0.0,0.0,0.0,0.005
stage1g_single_agent_delivery_obstacles,7,1,84348,2476,1,300,240,1,2,230.5118865966797,4.0,4.0,4.0,0.07692307692307693,0.0,0,0,0,138,2,24,22,1.0,7,0.13043478260869565,0.2391304347826087,0.11594202898550725,-2.87,0.0,0.0,0.0,0.0,0.0,0.0,0.0,0.0,0.0,0.0,0.0,0.0,0.0,0.0,0.028985507246376812
stage1g_single_agent_delivery_obstacles,7,1,84542,2477,1,300,240,1,2,231.53895568847656,4.0,4.0,4.0,0.09090909090909091,0.0,0,0,0,194,11,24,13,1.0,6,0.14948453608247422,0.20618556701030927,0.10824742268041238,-3.5349999999999997,0.0,0.0,0.0,0.0,0.0,0.0,0.0,0.0,0.0,0.0,0.0,0.0,0.0,0.0,0.020618556701030927
stage1g_single_agent_delivery_obstacles,7,1,84639,2478,1,300,240,1,2,231.94497680664062,4.0,4.0,4.0,0.06993006993006994,0.0,0,0,0,97,7,15,8,1.0,6,0.24742268041237114,0.36082474226804123,0.14432989690721648,-2.939999999999999,0.0,0.0,0.0,0.0,0.0,0.0,0.0,0.0,0.0,0.0,0.0,0.0,0.0,0.0,0.041237113402061855
stage1g_single_agent_delivery_obstacles,7,1,84784,2479,1,300,240,1,2,231.08006286621094,4.0,4.0,4.0,0.09090909090909091,0.0,0,0,0,145,9,34,25,1.0,8,0.27586206896551724,0.3586206896551724,0.15862068965517243,-4.445000000000001,0.0,0.0,0.0,0.0,0.0,0.0,0.0,0.0,0.0,0.0,0.0,0.0,0.0,0.0,0.027586206896551724
stage1g_single_agent_delivery_obstacles,7,1,84933,2480,1,300,240,1,2,231.21038818359375,4.0,4.0,4.0,0.06993006993006994,0.0,0,0,0,149,14,24,10,1.0,6,0.12080536912751678,0.19463087248322147,0.0738255033557047,-2.4150000000000005,0.0,0.0,0.0,0.0,0.0,0.0,0.0,0.0,0.0,0.0,0.0,0.0,0.0,0.0,0.026845637583892617
stage1g_single_agent_delivery_obstacles,7,1,85068,2481,1,300,240,1,2,231.44424438476562,4.0,4.0,4.0,0.06993006993006994,0.0,0,0,0,135,7,63,56,1.0,5,0.24444444444444444,0.32592592592592595,0.1259259259259259,-3.6749999999999985,0.0,0.0,0.0,0.0,0.0,0.0,0.0,0.0,0.0,0.0,0.0,0.0,0.0,0.0,0.02962962962962963
stage1g_single_agent_delivery_obstacles,7,1,85268,2482,1,300,240,1,2,169.79275512695312,3.0,3.0,3.0,0.07692307692307693,0.0,0,0,1,200,12,25,13,1.0,3,0.04,0.075,0.03,-1.2600000000000002,0.0,0.0,0.0,0.0,0.0,0.0,0.0,0.0,0.0,0.0,0.0,0.0,0.0,0.0,0.015
stage1g_single_agent_delivery_obstacles,7,1,85446,2483,1,300,240,1,2,234.1929473876953,4.0,4.0,4.0,0.06293706293706294,0.0,0,0,0,178,26,35,9,1.0,6,0.10674157303370786,0.15730337078651685,0.0898876404494382,-2.52,0.0,0.0,0.0,0.0,0.0,0.0,0.0,0.0,0.0,0.0,0.0,0.0,0.0,0.0,0.02247191011235955
stage1g_single_agent_delivery_obstacles,7,1,85632,2484,1,300,240,1,2,233.44577026367188,4.0,4.0,4.0,0.08391608391608392,0.0,0,0,0,186,7,12,5,1.0,3,0.043010752688172046,0.0967741935483871,0.06451612903225806,-1.6800000000000002,0.0,0.0,0.0,0.0,0.0,0.0,0.0,0.0,0.0,0.0,0.0,0.0,0.0,0.0,0.021505376344086023
stage1g_single_agent_delivery_obstacles,7,1,85818,2485,1,300,240,1,2,231.65032958984375,4.0,4.0,4.0,0.0979020979020979,0.0,0,0,0,186,69,80,11,1.0,8,0.1774193548387097,0.23655913978494625,0.10215053763440861,-3.7449999999999988,0.0,0.0,0.0,0.0,0.0,0.0,0.0,0.0,0.0,0.0,0.0,0.0,0.0,0.0,0.021505376344086023
stage1g_single_agent_delivery_obstacles,7,1,85959,2486,1,300,240,1,2,229.07864379882812,4.0,4.0,4.0,0.08391608391608392,0.0,0,0,0,141,3,22,19,1.0,8,0.3191489361702128,0.425531914893617,0.19858156028368795,-5.180000000000002,0.0,0.0,0.0,0.0,0.0,0.0,0.0,0.0,0.0,0.0,0.0,0.0,0.0,0.0,0.028368794326241134
stage1g_single_agent_delivery_obstacles,7,1,86092,2487,1,300,240,1,2,233.0031280517578,4.0,4.0,4.0,0.09090909090909091,0.0,0,0,0,133,7,10,3,1.0,6,0.14285714285714285,0.20300751879699247,0.11278195488721804,-2.415,0.0,0.0,0.0,0.0,0.0,0.0,0.0,0.0,0.0,0.0,0.0,0.0,0.0,0.0,0.03007518796992481
stage1g_single_agent_delivery_obstacles,7,1,86271,2488,1,300,240,1,2,233.3124542236328,4.0,4.0,4.0,0.11888111888111888,0.0,0,0,0,179,48,62,14,1.0,6,0.1005586592178771,0.17318435754189945,0.05027932960893855,-2.485,0.0,0.0,0.0,0.0,0.0,0.0,0.0,0.0,0.0,0.0,0.0,0.0,0.0,0.0,0.0223463687150838
stage1g_single_agent_delivery_obstacles,7,1,86471,2489,1,300,240,1,2,161.54405212402344,4.0,4.0,3.0,0.11888111888111888,0.0,0,0,0,200,2,26,24,0.75,3,0.07,0.095,0.05,-1.6800000000000002,0.0,0.0,0.0,0.0,0.0,0.0,0.0,0.0,0.0,0.0,0.0,0.0,0.0,0.0,0.015
stage1g_single_agent_delivery_obstacles,7,1,86640,2490,1,300,240,1,2,232.5807647705078,4.0,4.0,4.0,0.1048951048951049,0.0,0,0,0,169,28,43,15,1.0,7,0.16568047337278108,0.21301775147928995,0.10650887573964497,-3.1500000000000004,0.0,0.0,0.0,0.0,0.0,0.0,0.0,0.0,0.0,0.0,0.0,0.0,0.0,0.0,0.023668639053254437
stage1g_single_agent_delivery_obstacles,7,1,86769,2491,1,300,240,1,2,228.70130920410156,4.0,4.0,4.0,0.04895104895104895,0.0,0,0,0,129,29,39,10,1.0,5,0.05426356589147287,0.17054263565891473,0.09302325581395349,-1.9600000000000004,0.0,0.0,0.0,0.0,0.0,0.0,0.0,0.0,0.0,0.0,0.0,0.0,0.0,0.0,0.031007751937984496
stage1g_single_agent_delivery_obstacles,7,1,86919,2492,1,300,240,1,2,233.8652801513672,4.0,4.0,4.0,0.09090909090909091,0.0,0,0,0,150,40,52,12,1.0,4,0.16,0.21333333333333335,0.08,-2.66,0.0,0.0,0.0,0.0,0.0,0.0,0.0,0.0,0.0,0.0,0.0,0.0,0.0,0.0,0.02666666666666667
stage1g_single_agent_delivery_obstacles,7,1,87119,2493,1,300,240,1,2,173.74871826171875,3.0,3.0,3.0,0.055944055944055944,0.0,0,0,1,200,2,8,6,1.0,0,0.0,0.025,0.0,-0.35000000000000003,0.0,0.0,0.0,0.0,0.0,0.0,0.0,0.0,0.0,0.0,0.0,0.0,0.0,0.0,0.015
stage1g_single_agent_delivery_obstacles,7,1,87266,2494,1,300,240,1,2,232.1628875732422,4.0,4.0,4.0,0.06993006993006994,0.0,0,0,0,147,7,9,2,1.0,3,0.061224489795918366,0.10884353741496598,0.04081632653061224,-1.3300000000000003,0.0,0.0,0.0,0.0,0.0,0.0,0.0,0.0,0.0,0.0,0.0,0.0,0.0,0.0,0.027210884353741496
stage1g_single_agent_delivery_obstacles,7,1,87466,2495,1,300,240,1,2,151.4562530517578,4.0,4.0,3.0,0.06293706293706294,0.0,0,0,0,200,9,49,40,0.75,7,0.195,0.33,0.13,-5.530000000000004,0.0,0.0,0.0,0.0,0.0,0.0,0.0,0.0,0.0,0.0,0.0,0.0,0.0,0.0,0.015
stage1g_single_agent_delivery_obstacles,7,1,87567,2496,1,300,240,1,2,233.36819458007812,4.0,4.0,4.0,0.055944055944055944,0.0,0,0,0,101,12,26,14,1.0,4,0.2871287128712871,0.33663366336633666,0.1485148514851485,-2.9049999999999994,0.0,0.0,0.0,0.0,0.0,0.0,0.0,0.0,0.0,0.0,0.0,0.0,0.0,0.0,0.039603960396039604
stage1g_single_agent_delivery_obstacles,7,1,87705,2497,1,300,240,1,2,231.7568359375,4.0,4.0,4.0,0.08391608391608392,0.0,0,0,0,138,3,10,7,1.0,4,0.14492753623188406,0.21014492753623187,0.11594202898550725,-2.5900000000000003,0.0,0.0,0.0,0.0,0.0,0.0,0.0,0.0,0.0,0.0,0.0,0.0,0.0,0.0,0.028985507246376812
stage1g_single_agent_delivery_obstacles,7,1,87884,2498,1,300,240,1,2,231.93954467773438,4.0,4.0,4.0,0.1048951048951049,0.0,0,0,0,179,10,34,24,1.0,7,0.2346368715083799,0.29608938547486036,0.10614525139664804,-4.374999999999999,0.0,0.0,0.0,0.0,0.0,0.0,0.0,0.0,0.0,0.0,0.0,0.0,0.0,0.0,0.0223463687150838
stage1g_single_agent_delivery_obstacles,7,1,88018,2499,1,300,240,1,2,234.63656616210938,4.0,4.0,4.0,0.0979020979020979,0.0,0,0,0,134,2,10,8,1.0,5,0.08208955223880597,0.14925373134328357,0.08955223880597014,-1.82,0.0,0.0,0.0,0.0,0.0,0.0,0.0,0.0,0.0,0.0,0.0,0.0,0.0,0.0,0.029850746268656716
stage1g_single_agent_delivery_obstacles,7,1,88151,2500,1,300,240,1,2,232.48997497558594,4.0,4.0,4.0,0.07692307692307693,0.0,0,0,0,133,3,20,17,1.0,6,0.15037593984962405,0.23308270676691728,0.10526315789473684,-2.66,0.0,0.0,0.0,0.0,0.0,0.0,0.0,0.0,0.0,0.0,0.0,0.0,0.0,0.0,0.03007518796992481
stage1g_single_agent_delivery_obstacles,7,1,88269,2501,1,300,240,1,2,231.04119873046875,4.0,4.0,4.0,0.06993006993006994,0.0,0,0,0,118,11,14,3,1.0,8,0.288135593220339,0.3728813559322034,0.19491525423728814,-3.8849999999999985,0.0,0.0,0.0,0.0,0.0,0.0,0.0,0.0,0.0,0.0,0.0,0.0,0.0,0.0,0.03389830508474576
stage1g_single_agent_delivery_obstacles,7,1,88394,2502,1,300,240,1,2,231.94277954101562,4.0,4.0,4.0,0.06993006993006994,0.0,0,0,0,125,8,24,16,1.0,4,0.08,0.2,0.096,-2.1700000000000004,0.0,0.0,0.0,0.0,0.0,0.0,0.0,0.0,0.0,0.0,0.0,0.0,0.0,0.0,0.032
stage1g_single_agent_delivery_obstacles,7,1,88594,2503,1,300,240,1,2,156.05714416503906,4.0,4.0,3.0,0.07692307692307693,0.0,0,0,0,200,13,26,13,0.75,10,0.17,0.27,0.125,-4.655,0.0,0.0,0.0,0.0,0.0,0.0,0.0,0.0,0.0,0.0,0.0,0.0,0.0,0.0,0.015
stage1g_single_agent_delivery_obstacles,7,1,88730,2504,1,300,240,1,2,232.50469970703125,4.0,4.0,4.0,0.08391608391608392,0.0,0,0,0,136,4,25,21,1.0,10,0.16911764705882354,0.3161764705882353,0.14705882352941177,-3.7099999999999986,0.0,0.0,0.0,0.0,0.0,0.0,0.0,0.0,0.0,0.0,0.0,0.0,0.0,0.0,0.029411764705882353
stage1g_single_agent_delivery_obstacles,7,1,88930,2505,1,300,240,1,2,56.02537155151367,1.0,1.0,1.0,0.08391608391608392,0.0,0,0,3,200,167,185,18,1.0,2,0.04,0.06,0.025,-1.0150000000000001,0.0,0.0,0.0,0.0,0.0,0.0,0.0,0.0,0.0,0.0,0.0,0.0,0.0,0.0,0.005
stage1g_single_agent_delivery_obstacles,7,1,89066,2506,1,300,240,1,2,231.48773193359375,4.0,4.0,4.0,0.07692307692307693,0.0,0,0,0,136,3,12,9,1.0,6,0.3161764705882353,0.3602941176470588,0.17647058823529413,-4.27,0.0,0.0,0.0,0.0,0.0,0.0,0.0,0.0,0.0,0.0,0.0,0.0,0.0,0.0,0.029411764705882353
stage1g_single_agent_delivery_obstacles,7,1,89230,2507,1,300,240,1,2,231.88534545898438,4.0,4.0,4.0,0.06993006993006994,0.0,0,0,0,164,7,11,4,1.0,3,0.17073170731707318,0.22560975609756098,0.10975609756097561,-3.2199999999999998,0.0,0.0,0.0,0.0,0.0,0.0,0.0,0.0,0.0,0.0,0.0,0.0,0.0,0.0,0.024390243902439025
stage1g_single_agent_delivery_obstacles,7,1,89411,2508,1,300,240,1,2,233.1148223876953,4.0,4.0,4.0,0.11188811188811189,0.0,0,0,0,181,23,30,7,1.0,7,0.08287292817679558,0.143646408839779,0.08839779005524862,-2.3800000000000003,0.0,0.0,0.0,0.0,0.0,0.0,0.0,0.0,0.0,0.0,0.0,0.0,0.0,0.0,0.022099447513812154
stage1g_single_agent_delivery_obstacles,7,1,89515,2509,1,300,240,1,2,231.1585235595703,4.0,4.0,4.0,0.07692307692307693,0.0,0,0,0,104,3,26,23,1.0,5,0.28846153846153844,0.36538461538461536,0.19230769230769232,-3.3599999999999994,0.0,0.0,0.0,0.0,0.0,0.0,0.0,0.0,0.0,0.0,0.0,0.0,0.0,0.0,0.038461538461538464
stage1g_single_agent_delivery_obstacles,7,1,89715,2510,1,300,240,1,2,160.3767547607422,4.0,4.0,3.0,0.07692307692307693,0.0,0,0,0,200,3,30,27,0.75,6,0.155,0.21,0.08,-3.499999999999999,0.0,0.0,0.0,0.0,0.0,0.0,0.0,0.0,0.0,0.0,0.0,0.0,0.0,0.0,0.015
stage1g_single_agent_delivery_obstacles,7,1,89911,2511,1,300,240,1,2,233.91665649414062,4.0,4.0,4.0,0.08391608391608392,0.0,0,0,0,196,82,97,15,1.0,4,0.12755102040816327,0.1683673469387755,0.05612244897959184,-2.695,0.0,0.0,0.0,0.0,0.0,0.0,0.0,0.0,0.0,0.0,0.0,0.0,0.0,0.0,0.02040816326530612
stage1g_single_agent_delivery_obstacles,7,1,90072,2512,1,300,240,1,2,234.21119689941406,4.0,4.0,4.0,0.11188811188811189,0.0,0,0,0,161,2,12,10,1.0,5,0.14906832298136646,0.19875776397515527,0.062111801242236024,-2.5899999999999994,0.0,0.0,0.0,0.0,0.0,0.0,0.0,0.0,0.0,0.0,0.0,0.0,0.0,0.0,0.024844720496894408
stage1g_single_agent_delivery_obstacles,7,1,90272,2513,1,300,240,1,2,0.5256774425506592,0.0,0.0,0.0,0.04195804195804196,0.0,0,0,4,200,-1,-1,-1,0.0,0,0.0,0.0,0.0,0.0,0.0,0.0,0.0,0.0,0.0,0.0,0.0,0.0,0.0,0.0,0.0,0.0,0.0,0.0,0.0
stage1g_single_agent_delivery_obstacles,7,1,90420,2514,1,300,240,1,2,230.98414611816406,4.0,4.0,4.0,0.07692307692307693,0.0,0,0,0,148,6,26,20,1.0,8,0.25675675675675674,0.34459459459459457,0.20945945945945946,-4.655000000000002,0.0,0.0,0.0,0.0,0.0,0.0,0.0,0.0,0.0,0.0,0.0,0.0,0.0,0.0,0.02702702702702703
stage1g_single_agent_delivery_obstacles,7,1,90526,2515,1,300,240,1,2,232.2038116455078,4.0,4.0,4.0,0.09090909090909091,0.0,0,0,0,106,12,31,19,1.0,4,0.24528301886792453,0.330188679245283,0.08490566037735849,-2.7649999999999997,0.0,0.0,0.0,0.0,0.0,0.0,0.0,0.0,0.0,0.0,0.0,0.0,0.0,0.0,0.03773584905660377
stage1g_single_agent_delivery_obstacles,7,1,90674,2516,1,300,240,1,2,233.08969116210938,4.0,4.0,4.0,0.08391608391608392,0.0,0,0,0,148,27,42,15,1.0,4,0.18243243243243243,0.23648648648648649,0.0945945945945946,-2.94,0.0,0.0,0.0,0.0,0.0,0.0,0.0,0.0,0.0,0.0,0.0,0.0,0.0,0.0,0.02702702702702703
stage1g_single_agent_delivery_obstacles,7,1,90872,2517,1,300,240,1,2,233.65354919433594,4.0,4.0,4.0,0.08391608391608392,0.0,0,0,0,198,33,41,8,1.0,4,0.08585858585858586,0.13636363636363635,0.05555555555555555,-2.275,0.0,0.0,0.0,0.0,0.0,0.0,0.0,0.0,0.0,0.0,0.0,0.0,0.0,0.0,0.020202020202020204
stage1g_single_agent_delivery_obstacles,7,1,91006,2518,1,300,240,1,2,228.43954467773438,4.0,4.0,4.0,0.055944055944055944,0.0,0,0,0,134,18,35,17,1.0,6,0.2835820895522388,0.39552238805970147,0.14925373134328357,-4.41,0.0,0.0,0.0,0.0,0.0,0.0,0.0,0.0,0.0,0.0,0.0,0.0,0.0,0.0,0.029850746268656716
stage1g_single_agent_delivery_obstacles,7,1,91118,2519,1,300,240,1,2,234.40919494628906,4.0,4.0,4.0,0.11188811188811189,0.0,0,0,0,112,3,10,7,1.0,4,0.09821428571428571,0.1875,0.08928571428571429,-1.8200000000000005,0.0,0.0,0.0,0.0,0.0,0.0,0.0,0.0,0.0,0.0,0.0,0.0,0.0,0.0,0.03571428571428571
stage1g_single_agent_delivery_obstacles,7,1,91234,2520,1,300,240,1,2,233.98574829101562,4.0,4.0,4.0,0.08391608391608392,0.0,0,0,0,116,32,45,13,1.0,5,0.13793103448275862,0.22413793103448276,0.08620689655172414,-2.1700000000000004,0.0,0.0,0.0,0.0,0.0,0.0,0.0,0.0,0.0,0.0,0.0,0.0,0.0,0.0,0.034482758620689655
stage1g_single_agent_delivery_obstacles,7,1,91434,2521,1,300,240,1,2,117.01171875,2.0,2.0,2.0,0.0979020979020979,0.0,0,0,2,200,129,142,13,1.0,2,0.055,0.075,0.015,-1.1550000000000005,0.0,0.0,0.0,0.0,0.0,0.0,0.0,0.0,0.0,0.0,0.0,0.0,0.0,0.0,0.01
stage1g_single_agent_delivery_obstacles,7,1,91543,2522,1,300,240,1,2,233.27035522460938,4.0,4.0,4.0,0.06293706293706294,0.0,0,0,0,109,26,34,8,1.0,4,0.13761467889908258,0.22018348623853212,0.08256880733944955,-1.9950000000000006,0.0,0.0,0.0,0.0,0.0,0.0,0.0,0.0,0.0,0.0,0.0,0.0,0.0,0.0,0.03669724770642202
stage1g_single_agent_delivery_obstacles,7,1,91644,2523,1,300,240,1,2,230.32815551757812,4.0,4.0,4.0,0.07692307692307693,0.0,0,0,0,101,2,25,23,1.0,4,0.24752475247524752,0.3465346534653465,0.13861386138613863,-2.9399999999999995,0.0,0.0,0.0,0.0,0.0,0.0,0.0,0.0,0.0,0.0,0.0,0.0,0.0,0.0,0.039603960396039604
stage1g_single_agent_delivery_obstacles,7,1,91772,2524,1,300,240,1,2,231.9678955078125,4.0,4.0,4.0,0.13286713286713286,0.0,0,0,0,128,14,45,31,1.0,5,0.21875,0.296875,0.0625,-2.9399999999999995,0.0,0.0,0.0,0.0,0.0,0.0,0.0,0.0,0.0,0.0,0.0,0.0,0.0,0.0,0.03125
stage1g_single_agent_delivery_obstacles,7,1,91866,2525,1,300,240,1,2,229.34103393554688,4.0,4.0,4.0,0.04195804195804196,0.0,0,0,0,94,3,19,16,1.0,3,0.05319148936170213,0.22340425531914893,0.1276595744680851,-1.8900000000000001,0.0,0.0,0.0,0.0,0.0,0.0,0.0,0.0,0.0,0.0,0.0,0.0,0.0,0.0,0.0425531914893617
stage1g_single_agent_delivery_obstacles,7,1,92052,2526,1,300,240,1,2,234.4454345703125,4.0,4.0,4.0,0.1048951048951049,0.0,0,0,0,186,19,35,16,1.0,5,0.06451612903225806,0.12365591397849462,0.03763440860215054,-1.8550000000000006,0.0,0.0,0.0,0.0,0.0,0.0,0.0,0.0,0.0,0.0,0.0,0.0,0.0,0.0,0.021505376344086023
stage1g_single_agent_delivery_obstacles,7,1,92155,2527,1,300,240,1,2,233.93649291992188,4.0,4.0,4.0,0.09090909090909091,0.0,0,0,0,103,8,27,19,1.0,5,0.20388349514563106,0.30097087378640774,0.07766990291262135,-2.4499999999999997,0.0,0.0,0.0,0.0,0.0,0.0,0.0,0.0,0.0,0.0,0.0,0.0,0.0,0.0,0.038834951456310676
stage1g_single_agent_delivery_obstacles,7,1,92244,2528,1,300,240,1,2,233.04515075683594,4.0,4.0,4.0,0.08391608391608392,0.0,0,0,0,89,2,17,15,1.0,4,0.21348314606741572,0.30337078651685395,0.0449438202247191,-2.0300000000000007,0.0,0.0,0.0,0.0,0.0,0.0,0.0,0.0,0.0,0.0,0.0,0.0,0.0,0.0,0.0449438202247191
stage1g_single_agent_delivery_obstacles,7,1,92440,2529,1,300,240,1,2,235.50341796875,4.0,4.0,4.0,0.07692307692307693,0.0,0,0,0,196,32,44,12,1.0,3,0.07142857142857142,0.10204081632653061,0.02040816326530612,-1.5400000000000005,0.0,0.0,0.0,0.0,0.0,0.0,0.0,0.0,0.0,0.0,0.0,0.0,0.0,0.0,0.02040816326530612
stage1g_single_agent_delivery_obstacles,7,1,92558,2530,1,300,240,1,2,233.52976989746094,4.0,4.0,4.0,0.08391608391608392,0.0,0,0,0,118,7,14,7,1.0,3,0.1440677966101695,0.19491525423728814,0.05084745762711865,-1.8200000000000007,0.0,0.0,0.0,0.0,0.0,0.0,0.0,0.0,0.0,0.0,0.0,0.0,0.0,0.0,0.03389830508474576
stage1g_single_agent_delivery_obstacles,7,1,92758,2531,1,300,240,1,2,150.9546661376953,4.0,4.0,3.0,0.07692307692307693,0.0,0,0,0,200,19,56,37,0.75,7,0.21,0.31,0.075,-4.865000000000001,0.0,0.0,0.0,0.0,0.0,0.0,0.0,0.0,0.0,0.0,0.0,0.0,0.0,0.0,0.015
stage1g_single_agent_delivery_obstacles,7,1,92878,2532,1,300,240,1,2,231.79702758789062,4.0,4.0,4.0,0.0979020979020979,0.0,0,0,0,120,3,20,17,1.0,4,0.18333333333333332,0.25833333333333336,0.05,-2.3800000000000003,0.0,0.0,0.0,0.0,0.0,0.0,0.0,0.0,0.0,0.0,0.0,0.0,0.0,0.0,0.03333333333333333
stage1g_single_agent_delivery_obstacles,7,1,93024,2533,1,300,240,1,2,231.7998809814453,4.0,4.0,4.0,0.055944055944055944,0.0,0,0,0,146,5,21,16,1.0,5,0.0684931506849315,0.1232876712328767,0.07534246575342465,-1.6450000000000002,0.0,0.0,0.0,0.0,0.0,0.0,0.0,0.0,0.0,0.0,0.0,0.0,0.0,0.0,0.0273972602739726
stage1g_single_agent_delivery_obstacles,7,1,93157,2534,1,300,240,1,2,234.18936157226562,4.0,4.0,4.0,0.0979020979020979,0.0,0,0,0,133,7,33,26,1.0,5,0.14285714285714285,0.21052631578947367,0.07518796992481203,-2.3100000000000005,0.0,0.0,0.0,0.0,0.0,0.0,0.0,0.0,0.0,0.0,0.0,0.0,0.0,0.0,0.03007518796992481
stage1g_single_agent_delivery_obstacles,7,1,93287,2535,1,300,240,1,2,233.41473388671875,4.0,4.0,4.0,0.07692307692307693,0.0,0,0,0,130,47,55,8,1.0,4,0.09230769230769231,0.14615384615384616,0.046153846153846156,-1.5400000000000005,0.0,0.0,0.0,0.0,0.0,0.0,0.0,0.0,0.0,0.0,0.0,0.0,0.0,0.0,0.03076923076923077
stage1g_single_agent_delivery_obstacles,7,1,93438,2536,1,300,240,1,2,233.98486328125,4.0,4.0,4.0,0.08391608391608392,0.0,0,0,0,151,34,55,21,1.0,3,0.07947019867549669,0.13245033112582782,0.039735099337748346,-1.6100000000000005,0.0,0.0,0.0,0.0,0.0,0.0,0.0,0.0,0.0,0.0,0.0,0.0,0.0,0.0,0.026490066225165563
stage1g_single_agent_delivery_obstacles,7,1,93590,2537,1,300,240,1,2,234.1101531982422,4.0,4.0,4.0,0.09090909090909091,0.0,0,0,0,152,16,24,8,1.0,4,0.046052631578947366,0.10526315789473684,0.05263157894736842,-1.4000000000000001,0.0,0.0,0.0,0.0,0.0,0.0,0.0,0.0,0.0,0.0,0.0,0.0,0.0,0.0,0.02631578947368421
stage1g_single_agent_delivery_obstacles,7,1,93701,2538,1,300,240,1,2,233.30062866210938,4.0,4.0,4.0,0.06993006993006994,0.0,0,0,0,111,3,9,6,1.0,2,0.07207207207207207,0.10810810810810811,0.036036036036036036,-0.9800000000000002,0.0,0.0,0.0,0.0,0.0,0.0,0.0,0.0,0.0,0.0,0.0,0.0,0.0,0.0,0.036036036036036036
stage1g_single_agent_delivery_obstacles,7,1,93788,2539,1,300,240,1,2,233.93804931640625,4.0,4.0,4.0,0.06293706293706294,0.0,0,0,0,87,1,10,9,1.0,4,0.22988505747126436,0.3103448275862069,0.11494252873563218,-2.24,0.0,0.0,0.0,0.0,0.0,0.0,0.0,0.0,0.0,0.0,0.0,0.0,0.0,0.0,0.04597701149425287
stage1g_single_agent_delivery_obstacles,7,1,93890,2540,1,300,240,1,2,233.79832458496094,4.0,4.0,4.0,0.0979020979020979,0.0,0,0,0,102,1,10,9,1.0,3,0.1568627450980392,0.22549019607843138,0.058823529411764705,-1.8200000000000005,0.0,0.0,0.0,0.0,0.0,0.0,0.0,0.0,0.0,0.0,0.0,0.0,0.0,0.0,0.0392156862745098
stage1g_single_agent_delivery_obstacles,7,1,94062,2541,1,300,240,1,2,229.32809448242188,4.0,4.0,4.0,0.07692307692307693,0.0,0,0,0,172,2,21,19,1.0,4,0.14534883720930233,0.22674418604651161,0.06976744186046512,-3.149999999999999,0.0,0.0,0.0,0.0,0.0,0.0,0.0,0.0,0.0,0.0,0.0,0.0,0.0,0.0,0.023255813953488372
stage1g_single_agent_delivery_obstacles,7,1,94199,2542,1,300,240,1,2,232.3934783935547,4.0,4.0,4.0,0.11888111888111888,0.0,0,0,0,137,2,16,14,1.0,5,0.11678832116788321,0.21897810218978103,0.06569343065693431,-2.4150000000000005,0.0,0.0,0.0,0.0,0.0,0.0,0.0,0.0,0.0,0.0,0.0,0.0,0.0,0.0,0.029197080291970802
stage2a_small_swarm_carry_bootstrap,8,1,94405,2543,3,260,220,1,0,59.65682601928711,0.0,0.0,3.0,0.17272727272727273,0.0,0,0,0,23,-1,10,-1,3.0,3,0.17391304347826086,0.6086956521739131,0.43478260869565216,-1.5200000000000005,0.0,0.0,0.0,0.0,0.0,0.0,0.0,0.0,0.0,0.0,0.0,0.0,0.0,0.0,0.13043478260869565
stage2a_small_swarm_carry_bootstrap,8,1,94636,2544,3,260,220,1,0,57.22653579711914,0.0,0.0,3.0,0.32727272727272727,0.0,0,0,0,77,-1,18,-1,3.0,8,0.35064935064935066,0.7532467532467533,0.4025974025974026,-5.8800000000000034,0.0,0.0,0.0,0.0,0.0,0.0,0.0,0.0,0.0,0.0,0.0,0.0,0.0,0.0,0.03896103896103896
stage2a_small_swarm_carry_bootstrap,8,1,94726,2545,3,260,220,1,0,58.670318603515625,0.0,0.0,3.0,0.16363636363636364,0.0,0,0,0,30,-1,8,-1,3.0,4,0.5666666666666667,1.0666666666666667,0.36666666666666664,-3.000000000000001,0.0,0.0,0.0,0.0,0.0,0.0,0.0,0.0,0.0,0.0,0.0,0.0,0.0,0.0,0.1
stage2a_small_swarm_carry_bootstrap,8,1,94840,2546,3,260,220,1,0,59.23989486694336,0.0,0.0,3.0,0.21818181818181817,0.0,0,0,0,38,-1,9,-1,3.0,6,0.2631578947368421,0.7368421052631579,0.39473684210526316,-2.840000000000001,0.0,0.0,0.0,0.0,0.0,0.0,0.0,0.0,0.0,0.0,0.0,0.0,0.0,0.0,0.07894736842105263
stage2a_small_swarm_carry_bootstrap,8,1,94969,2547,3,260,220,1,0,59.164493560791016,0.0,0.0,3.0,0.2727272727272727,0.0,0,0,0,43,-1,11,-1,3.0,3,0.06976744186046512,0.4883720930232558,0.23255813953488372,-2.080000000000001,0.0,0.0,0.0,0.0,0.0,0.0,0.0,0.0,0.0,0.0,0.0,0.0,0.0,0.0,0.06976744186046512
stage2a_small_swarm_carry_bootstrap,8,1,95035,2548,3,260,220,1,0,59.82723617553711,0.0,0.0,3.0,0.22727272727272727,0.0,0,0,0,22,-1,18,-1,3.0,3,0.18181818181818182,0.6818181818181818,0.4090909090909091,-1.5600000000000005,0.0,0.0,0.0,0.0,0.0,0.0,0.0,0.0,0.0,0.0,0.0,0.0,0.0,0.0,0.13636363636363635
stage2a_small_swarm_carry_bootstrap,8,1,95110,2549,3,260,220,1,0,59.76239013671875,0.0,0.0,3.0,0.22727272727272727,0.0,0,0,0,25,-1,13,-1,3.0,3,0.16,0.68,0.32,-1.6800000000000002,0.0,0.0,0.0,0.0,0.0,0.0,0.0,0.0,0.0,0.0,0.0,0.0,0.0,0.0,0.12
stage2a_small_swarm_carry_bootstrap,8,1,95167,2550,3,260,220,1,0,59.59870529174805,0.0,0.0,3.0,0.19090909090909092,0.0,0,0,0,19,-1,5,-1,3.0,2,0.3684210526315789,0.6842105263157895,0.631578947368421,-1.5200000000000005,0.0,0.0,0.0,0.0,0.0,0.0,0.0,0.0,0.0,0.0,0.0,0.0,0.0,0.0,0.15789473684210525
stage2a_small_swarm_carry_bootstrap,8,1,95278,2551,3,260,220,1,0,59.4886474609375,0.0,0.0,3.0,0.2,0.0,0,0,0,37,-1,13,-1,3.0,6,0.16216216216216217,0.7297297297297297,0.43243243243243246,-2.8000000000000007,0.0,0.0,0.0,0.0,0.0,0.0,0.0,0.0,0.0,0.0,0.0,0.0,0.0,0.0,0.08108108108108109
stage2a_small_swarm_carry_bootstrap,8,1,95419,2552,3,260,220,1,0,58.33354568481445,0.0,0.0,3.0,0.23636363636363636,0.0,0,0,0,47,-1,35,-1,3.0,9,0.3191489361702128,0.9361702127659575,0.46808510638297873,-4.400000000000002,0.0,0.0,0.0,0.0,0.0,0.0,0.0,0.0,0.0,0.0,0.0,0.0,0.0,0.0,0.06382978723404255
stage2a_small_swarm_carry_bootstrap,8,1,95581,2553,3,260,220,1,0,58.5301399230957,0.0,0.0,3.0,0.2727272727272727,0.0,0,0,0,54,-1,20,-1,3.0,9,0.5,0.9259259259259259,0.5740740740740741,-5.240000000000003,0.0,0.0,0.0,0.0,0.0,0.0,0.0,0.0,0.0,0.0,0.0,0.0,0.0,0.0,0.05555555555555555
stage2a_small_swarm_carry_bootstrap,8,1,95665,2554,3,260,220,1,0,59.108699798583984,0.0,0.0,3.0,0.2,0.0,0,0,0,28,-1,12,-1,3.0,4,0.6071428571428571,0.9642857142857143,0.4642857142857143,-2.680000000000001,0.0,0.0,0.0,0.0,0.0,0.0,0.0,0.0,0.0,0.0,0.0,0.0,0.0,0.0,0.10714285714285714
stage2a_small_swarm_carry_bootstrap,8,1,95755,2555,3,260,220,1,0,59.59619140625,0.0,0.0,3.0,0.20909090909090908,0.0,0,0,0,30,-1,7,-1,3.0,4,0.2,0.5333333333333333,0.36666666666666664,-1.7200000000000006,0.0,0.0,0.0,0.0,0.0,0.0,0.0,0.0,0.0,0.0,0.0,0.0,0.0,0.0,0.1
stage2a_small_swarm_carry_bootstrap,8,1,95839,2556,3,260,220,1,0,59.36136245727539,0.0,0.0,3.0,0.24545454545454545,0.0,0,0,0,28,-1,12,-1,3.0,3,0.14285714285714285,0.6428571428571429,0.25,-1.7200000000000002,0.0,0.0,0.0,0.0,0.0,0.0,0.0,0.0,0.0,0.0,0.0,0.0,0.0,0.0,0.10714285714285714
stage2a_small_swarm_carry_bootstrap,8,1,95911,2557,3,260,220,1,0,59.45932388305664,0.0,0.0,3.0,0.13636363636363635,0.0,0,0,0,24,-1,8,-1,3.0,2,0.5,0.875,0.375,-2.04,0.0,0.0,0.0,0.0,0.0,0.0,0.0,0.0,0.0,0.0,0.0,0.0,0.0,0.0,0.125
stage2a_small_swarm_carry_bootstrap,8,1,96010,2558,3,260,220,1,0,59.71337890625,0.0,0.0,3.0,0.23636363636363636,0.0,0,0,0,33,-1,25,-1,3.0,5,0.21212121212121213,0.7878787878787878,0.3939393939393939,-2.6,0.0,0.0,0.0,0.0,0.0,0.0,0.0,0.0,0.0,0.0,0.0,0.0,0.0,0.0,0.09090909090909091
stage2a_small_swarm_carry_bootstrap,8,1,96103,2559,3,260,220,1,0,59.424930572509766,0.0,0.0,3.0,0.19090909090909092,0.0,0,0,0,31,-1,7,-1,3.0,4,0.1935483870967742,0.6129032258064516,0.3870967741935484,-2.000000000000001,0.0,0.0,0.0,0.0,0.0,0.0,0.0,0.0,0.0,0.0,0.0,0.0,0.0,0.0,0.0967741935483871
stage2a_small_swarm_carry_bootstrap,8,1,96208,2560,3,260,220,1,0,59.031982421875,0.0,0.0,3.0,0.22727272727272727,0.0,0,0,0,35,-1,7,-1,3.0,4,0.2,0.7142857142857143,0.2857142857142857,-2.4000000000000004,0.0,0.0,0.0,0.0,0.0,0.0,0.0,0.0,0.0,0.0,0.0,0.0,0.0,0.0,0.08571428571428572
stage2a_small_swarm_carry_bootstrap,8,1,96253,2561,3,260,220,1,0,59.9448127746582,0.0,0.0,3.0,0.11818181818181818,0.0,0,0,0,15,-1,3,-1,3.0,1,0.13333333333333333,0.3333333333333333,0.3333333333333333,-0.6000000000000001,0.0,0.0,0.0,0.0,0.0,0.0,0.0,0.0,0.0,0.0,0.0,0.0,0.0,0.0,0.2
stage2a_small_swarm_carry_bootstrap,8,1,96352,2562,3,260,220,1,0,59.39277648925781,0.0,0.0,3.0,0.19090909090909092,0.0,0,0,0,33,-1,12,-1,3.0,4,0.18181818181818182,0.696969696969697,0.45454545454545453,-2.440000000000001,0.0,0.0,0.0,0.0,0.0,0.0,0.0,0.0,0.0,0.0,0.0,0.0,0.0,0.0,0.09090909090909091
stage2a_small_swarm_carry_bootstrap,8,1,96454,2563,3,260,220,1,0,59.10209274291992,0.0,0.0,3.0,0.2545454545454545,0.0,0,0,0,34,-1,11,-1,3.0,5,0.35294117647058826,0.8235294117647058,0.5,-2.9200000000000004,0.0,0.0,0.0,0.0,0.0,0.0,0.0,0.0,0.0,0.0,0.0,0.0,0.0,0.0,0.08823529411764706
stage2a_small_swarm_carry_bootstrap,8,1,96541,2564,3,260,220,1,0,59.053768157958984,0.0,0.0,3.0,0.24545454545454545,0.0,0,0,0,29,-1,23,-1,3.0,4,0.20689655172413793,0.8620689655172413,0.4482758620689655,-2.5200000000000005,0.0,0.0,0.0,0.0,0.0,0.0,0.0,0.0,0.0,0.0,0.0,0.0,0.0,0.0,0.10344827586206896
stage2a_small_swarm_carry_bootstrap,8,1,96616,2565,3,260,220,1,0,59.856292724609375,0.0,0.0,3.0,0.19090909090909092,0.0,0,0,0,25,-1,3,-1,3.0,2,0.08,0.28,0.28,-0.84,0.0,0.0,0.0,0.0,0.0,0.0,0.0,0.0,0.0,0.0,0.0,0.0,0.0,0.0,0.12
stage2a_small_swarm_carry_bootstrap,8,1,96673,2566,3,260,220,1,0,59.86749267578125,0.0,0.0,3.0,0.19090909090909092,0.0,0,0,0,19,-1,9,-1,3.0,2,0.15789473684210525,0.5789473684210527,0.21052631578947367,-1.04,0.0,0.0,0.0,0.0,0.0,0.0,0.0,0.0,0.0,0.0,0.0,0.0,0.0,0.0,0.15789473684210525
stage2a_small_swarm_carry_bootstrap,8,1,96790,2567,3,260,220,1,0,59.02781295776367,0.0,0.0,3.0,0.2727272727272727,0.0,0,0,0,39,-1,20,-1,3.0,2,0.05128205128205128,0.5641025641025641,0.2564102564102564,-2.1600000000000006,0.0,0.0,0.0,0.0,0.0,0.0,0.0,0.0,0.0,0.0,0.0,0.0,0.0,0.0,0.07692307692307693
stage2a_small_swarm_carry_bootstrap,8,1,96829,2568,3,260,220,1,0,59.74003219604492,0.0,0.0,3.0,0.10909090909090909,0.0,0,0,0,13,-1,2,-1,3.0,2,0.38461538461538464,0.6923076923076923,0.6153846153846154,-1.04,0.0,0.0,0.0,0.0,0.0,0.0,0.0,0.0,0.0,0.0,0.0,0.0,0.0,0.0,0.23076923076923078
stage2a_small_swarm_carry_bootstrap,8,1,96940,2569,3,260,220,1,0,58.99897766113281,0.0,0.0,3.0,0.2636363636363636,0.0,0,0,0,37,-1,15,-1,3.0,6,0.43243243243243246,0.9459459459459459,0.40540540540540543,-3.4000000000000012,0.0,0.0,0.0,0.0,0.0,0.0,0.0,0.0,0.0,0.0,0.0,0.0,0.0,0.0,0.08108108108108109
stage2a_small_swarm_carry_bootstrap,8,1,97138,2570,3,260,220,1,0,58.305782318115234,0.0,0.0,3.0,0.2909090909090909,0.0,0,0,0,66,-1,17,-1,3.0,6,0.45454545454545453,0.8181818181818182,0.42424242424242425,-5.440000000000003,0.0,0.0,0.0,0.0,0.0,0.0,0.0,0.0,0.0,0.0,0.0,0.0,0.0,0.0,0.045454545454545456
stage2a_small_swarm_carry_bootstrap,8,1,97255,2571,3,260,220,1,0,59.42728042602539,0.0,0.0,3.0,0.2909090909090909,0.0,0,0,0,39,-1,14,-1,3.0,4,0.1794871794871795,0.6666666666666666,0.3333333333333333,-2.6000000000000005,0.0,0.0,0.0,0.0,0.0,0.0,0.0,0.0,0.0,0.0,0.0,0.0,0.0,0.0,0.07692307692307693
stage2a_small_swarm_carry_bootstrap,8,1,97402,2572,3,260,220,1,0,57.76508712768555,0.0,0.0,3.0,0.22727272727272727,0.0,0,0,0,49,-1,20,-1,3.0,6,0.2857142857142857,0.7959183673469388,0.5510204081632653,-4.200000000000003,0.0,0.0,0.0,0.0,0.0,0.0,0.0,0.0,0.0,0.0,0.0,0.0,0.0,0.0,0.061224489795918366
stage2a_small_swarm_carry_bootstrap,8,1,97537,2573,3,260,220,1,0,58.62593460083008,0.0,0.0,3.0,0.17272727272727273,0.0,0,0,0,45,-1,31,-1,3.0,6,0.6,1.0888888888888888,0.5777777777777777,-4.960000000000003,0.0,0.0,0.0,0.0,0.0,0.0,0.0,0.0,0.0,0.0,0.0,0.0,0.0,0.0,0.06666666666666667
stage2a_small_swarm_carry_bootstrap,8,1,97633,2574,3,260,220,1,0,58.81222152709961,0.0,0.0,3.0,0.23636363636363636,0.0,0,0,0,32,-1,22,-1,3.0,5,0.25,0.78125,0.34375,-2.4400000000000004,0.0,0.0,0.0,0.0,0.0,0.0,0.0,0.0,0.0,0.0,0.0,0.0,0.0,0.0,0.09375
stage2a_small_swarm_carry_bootstrap,8,1,97741,2575,3,260,220,1,0,59.7713508605957,0.0,0.0,3.0,0.2636363636363636,0.0,0,0,0,36,-1,8,-1,3.0,3,0.08333333333333333,0.3611111111111111,0.25,-1.4000000000000004,0.0,0.0,0.0,0.0,0.0,0.0,0.0,0.0,0.0,0.0,0.0,0.0,0.0,0.0,0.08333333333333333
stage2a_small_swarm_carry_bootstrap,8,1,97846,2576,3,260,220,1,0,58.8212890625,0.0,0.0,3.0,0.2727272727272727,0.0,0,0,0,35,-1,17,-1,3.0,3,0.17142857142857143,0.6,0.3142857142857143,-2.1200000000000006,0.0,0.0,0.0,0.0,0.0,0.0,0.0,0.0,0.0,0.0,0.0,0.0,0.0,0.0,0.08571428571428572
stage2a_small_swarm_carry_bootstrap,8,1,97909,2577,3,260,220,1,0,59.72117614746094,0.0,0.0,3.0,0.18181818181818182,0.0,0,0,0,21,-1,11,-1,3.0,2,0.19047619047619047,0.6190476190476191,0.2857142857142857,-1.2799999999999998,0.0,0.0,0.0,0.0,0.0,0.0,0.0,0.0,0.0,0.0,0.0,0.0,0.0,0.0,0.14285714285714285
stage2a_small_swarm_carry_bootstrap,8,1,98032,2578,3,260,220,1,0,58.50444412231445,0.0,0.0,3.0,0.2,0.0,0,0,0,41,-1,24,-1,3.0,8,0.43902439024390244,1.0,0.6829268292682927,-4.400000000000001,0.0,0.0,0.0,0.0,0.0,0.0,0.0,0.0,0.0,0.0,0.0,0.0,0.0,0.0,0.07317073170731707
stage2a_small_swarm_carry_bootstrap,8,1,98125,2579,3,260,220,1,0,59.57524490356445,0.0,0.0,3.0,0.2818181818181818,0.0,0,0,0,31,-1,7,-1,3.0,5,0.16129032258064516,0.6451612903225806,0.3225806451612903,-2.0,0.0,0.0,0.0,0.0,0.0,0.0,0.0,0.0,0.0,0.0,0.0,0.0,0.0,0.0,0.0967741935483871
stage2a_small_swarm_carry_bootstrap,8,1,98278,2580,3,260,220,1,0,58.20296096801758,0.0,0.0,3.0,0.20909090909090908,0.0,0,0,0,51,-1,15,-1,3.0,7,0.5294117647058824,1.0196078431372548,0.5686274509803921,-5.320000000000003,0.0,0.0,0.0,0.0,0.0,0.0,0.0,0.0,0.0,0.0,0.0,0.0,0.0,0.0,0.058823529411764705
stage2a_small_swarm_carry_bootstrap,8,1,98350,2581,3,260,220,1,0,59.45916748046875,0.0,0.0,3.0,0.14545454545454545,0.0,0,0,0,24,-1,4,-1,3.0,2,0.20833333333333334,0.6666666666666666,0.3333333333333333,-1.6,0.0,0.0,0.0,0.0,0.0,0.0,0.0,0.0,0.0,0.0,0.0,0.0,0.0,0.0,0.125
stage2a_small_swarm_carry_bootstrap,8,1,98446,2582,3,260,220,1,0,59.59516906738281,0.0,0.0,3.0,0.21818181818181817,0.0,0,0,0,32,-1,9,-1,3.0,3,0.125,0.53125,0.15625,-1.56,0.0,0.0,0.0,0.0,0.0,0.0,0.0,0.0,0.0,0.0,0.0,0.0,0.0,0.0,0.09375
stage2a_small_swarm_carry_bootstrap,8,1,98596,2583,3,260,220,1,0,59.05908203125,0.0,0.0,3.0,0.33636363636363636,0.0,0,0,0,50,-1,13,-1,3.0,7,0.26,0.76,0.34,-3.720000000000001,0.0,0.0,0.0,0.0,0.0,0.0,0.0,0.0,0.0,0.0,0.0,0.0,0.0,0.0,0.06
stage2a_small_swarm_carry_bootstrap,8,1,98725,2584,3,260,220,1,0,59.008174896240234,0.0,0.0,3.0,0.23636363636363636,0.0,0,0,0,43,-1,21,-1,3.0,7,0.4186046511627907,0.8604651162790697,0.6046511627906976,-4.000000000000002,0.0,0.0,0.0,0.0,0.0,0.0,0.0,0.0,0.0,0.0,0.0,0.0,0.0,0.0,0.06976744186046512
stage2a_small_swarm_carry_bootstrap,8,1,98797,2585,3,260,220,1,0,59.73506546020508,0.0,0.0,3.0,0.2,0.0,0,0,0,24,-1,2,-1,3.0,2,0.16666666666666666,0.4166666666666667,0.20833333333333334,-1.0,0.0,0.0,0.0,0.0,0.0,0.0,0.0,0.0,0.0,0.0,0.0,0.0,0.0,0.0,0.125
stage2a_small_swarm_carry_bootstrap,8,1,98935,2586,3,260,220,1,0,59.42109298706055,0.0,0.0,3.0,0.34545454545454546,0.0,0,0,0,46,-1,16,-1,3.0,5,0.1956521739130435,0.6086956521739131,0.2608695652173913,-2.7200000000000006,0.0,0.0,0.0,0.0,0.0,0.0,0.0,0.0,0.0,0.0,0.0,0.0,0.0,0.0,0.06521739130434782
stage2a_small_swarm_carry_bootstrap,8,1,99079,2587,3,260,220,1,0,59.53678512573242,0.0,0.0,3.0,0.2909090909090909,0.0,0,0,0,48,-1,9,-1,3.0,6,0.22916666666666666,0.6041666666666666,0.4166666666666667,-3.1200000000000006,0.0,0.0,0.0,0.0,0.0,0.0,0.0,0.0,0.0,0.0,0.0,0.0,0.0,0.0,0.0625
stage2a_small_swarm_carry_bootstrap,8,1,99178,2588,3,260,220,1,0,59.365325927734375,0.0,0.0,3.0,0.17272727272727273,0.0,0,0,0,33,-1,10,-1,3.0,3,0.24242424242424243,0.6363636363636364,0.45454545454545453,-2.2800000000000007,0.0,0.0,0.0,0.0,0.0,0.0,0.0,0.0,0.0,0.0,0.0,0.0,0.0,0.0,0.09090909090909091
stage2a_small_swarm_carry_bootstrap,8,1,99274,2589,3,260,220,1,0,59.52497482299805,0.0,0.0,3.0,0.2727272727272727,0.0,0,0,0,32,-1,13,-1,3.0,5,0.1875,0.71875,0.375,-2.3200000000000007,0.0,0.0,0.0,0.0,0.0,0.0,0.0,0.0,0.0,0.0,0.0,0.0,0.0,0.0,0.09375
stage2a_small_swarm_carry_bootstrap,8,1,99367,2590,3,260,220,1,0,58.95293045043945,0.0,0.0,3.0,0.24545454545454545,0.0,0,0,0,31,-1,15,-1,3.0,5,0.5483870967741935,1.032258064516129,0.5161290322580645,-3.200000000000001,0.0,0.0,0.0,0.0,0.0,0.0,0.0,0.0,0.0,0.0,0.0,0.0,0.0,0.0,0.0967741935483871
stage2a_small_swarm_carry_bootstrap,8,1,99430,2591,3,260,220,1,0,58.804229736328125,0.0,0.0,3.0,0.12727272727272726,0.0,0,0,0,21,-1,5,-1,3.0,1,0.23809523809523808,0.6190476190476191,0.19047619047619047,-1.1999999999999997,0.0,0.0,0.0,0.0,0.0,0.0,0.0,0.0,0.0,0.0,0.0,0.0,0.0,0.0,0.14285714285714285
stage2a_small_swarm_carry_bootstrap,8,1,99523,2592,3,260,220,1,0,59.58197021484375,0.0,0.0,3.0,0.20909090909090908,0.0,0,0,0,31,-1,5,-1,3.0,2,0.16129032258064516,0.41935483870967744,0.1935483870967742,-1.2799999999999998,0.0,0.0,0.0,0.0,0.0,0.0,0.0,0.0,0.0,0.0,0.0,0.0,0.0,0.0,0.0967741935483871
stage2a_small_swarm_carry_bootstrap,8,1,99598,2593,3,260,220,1,0,59.4737548828125,0.0,0.0,3.0,0.2545454545454545,0.0,0,0,0,25,-1,11,-1,3.0,5,0.36,0.8,0.52,-2.120000000000001,0.0,0.0,0.0,0.0,0.0,0.0,0.0,0.0,0.0,0.0,0.0,0.0,0.0,0.0,0.12
stage2a_small_swarm_carry_bootstrap,8,1,99730,2594,3,260,220,1,0,59.38544845581055,0.0,0.0,3.0,0.24545454545454545,0.0,0,0,0,44,-1,16,-1,3.0,6,0.1590909090909091,0.5909090909090909,0.3409090909090909,-2.6800000000000015,0.0,0.0,0.0,0.0,0.0,0.0,0.0,0.0,0.0,0.0,0.0,0.0,0.0,0.0,0.06818181818181818
stage2a_small_swarm_carry_bootstrap,8,1,99871,2595,3,260,220,1,0,58.51450729370117,0.0,0.0,3.0,0.2909090909090909,0.0,0,0,0,47,-1,25,-1,3.0,10,0.44680851063829785,1.0425531914893618,0.44680851063829785,-4.7600000000000025,0.0,0.0,0.0,0.0,0.0,0.0,0.0,0.0,0.0,0.0,0.0,0.0,0.0,0.0,0.06382978723404255
stage2a_small_swarm_carry_bootstrap,8,1,99961,2596,3,260,220,1,0,59.691532135009766,0.0,0.0,3.0,0.2,0.0,0,0,0,30,-1,13,-1,3.0,3,0.13333333333333333,0.43333333333333335,0.26666666666666666,-1.3600000000000003,0.0,0.0,0.0,0.0,0.0,0.0,0.0,0.0,0.0,0.0,0.0,0.0,0.0,0.0,0.1
stage2a_small_swarm_carry_bootstrap,8,1,100051,2597,3,260,220,1,0,59.644378662109375,0.0,0.0,3.0,0.21818181818181817,0.0,0,0,0,30,-1,3,-1,3.0,2,0.13333333333333333,0.4,0.23333333333333334,-1.2400000000000002,0.0,0.0,0.0,0.0,0.0,0.0,0.0,0.0,0.0,0.0,0.0,0.0,0.0,0.0,0.1
stage2a_small_swarm_carry_bootstrap,8,1,100141,2598,3,260,220,1,0,59.917850494384766,0.0,0.0,3.0,0.2818181818181818,0.0,0,0,0,30,-1,19,-1,3.0,2,0.06666666666666667,0.5666666666666667,0.3,-1.7200000000000002,0.0,0.0,0.0,0.0,0.0,0.0,0.0,0.0,0.0,0.0,0.0,0.0,0.0,0.0,0.1
stage2a_small_swarm_carry_bootstrap,8,1,100240,2599,3,260,220,1,0,59.47055435180664,0.0,0.0,3.0,0.22727272727272727,0.0,0,0,0,33,-1,12,-1,3.0,5,0.24242424242424243,0.696969696969697,0.3333333333333333,-2.2800000000000002,0.0,0.0,0.0,0.0,0.0,0.0,0.0,0.0,0.0,0.0,0.0,0.0,0.0,0.0,0.09090909090909091
stage2a_small_swarm_carry_bootstrap,8,1,100333,2600,3,260,220,1,0,59.8701171875,0.0,0.0,3.0,0.2545454545454545,0.0,0,0,0,31,-1,8,-1,3.0,2,0.0967741935483871,0.45161290322580644,0.0967741935483871,-1.2400000000000002,0.0,0.0,0.0,0.0,0.0,0.0,0.0,0.0,0.0,0.0,0.0,0.0,0.0,0.0,0.0967741935483871
stage2a_small_swarm_carry_bootstrap,8,1,100453,2601,3,260,220,1,0,58.843109130859375,0.0,0.0,3.0,0.2727272727272727,0.0,0,0,0,40,-1,33,-1,3.0,8,0.475,1.1,0.6,-4.480000000000001,0.0,0.0,0.0,0.0,0.0,0.0,0.0,0.0,0.0,0.0,0.0,0.0,0.0,0.0,0.075
stage2a_small_swarm_carry_bootstrap,8,1,100678,2602,3,260,220,1,0,57.77669906616211,0.0,0.0,3.0,0.20909090909090908,0.0,0,0,0,75,-1,26,-1,3.0,9,0.5333333333333333,0.9066666666666666,0.41333333333333333,-6.680000000000004,0.0,0.0,0.0,0.0,0.0,0.0,0.0,0.0,0.0,0.0,0.0,0.0,0.0,0.0,0.04
stage2a_small_swarm_carry_bootstrap,8,1,100801,2603,3,260,220,1,0,59.45207595825195,0.0,0.0,3.0,0.22727272727272727,0.0,0,0,0,41,-1,2,-1,3.0,2,0.0975609756097561,0.34146341463414637,0.2926829268292683,-1.6000000000000005,0.0,0.0,0.0,0.0,0.0,0.0,0.0,0.0,0.0,0.0,0.0,0.0,0.0,0.0,0.07317073170731707
stage2a_small_swarm_carry_bootstrap,8,1,100903,2604,3,260,220,1,0,59.18037414550781,0.0,0.0,3.0,0.21818181818181817,0.0,0,0,0,34,-1,3,-1,3.0,3,0.3235294117647059,0.6764705882352942,0.4411764705882353,-2.440000000000001,0.0,0.0,0.0,0.0,0.0,0.0,0.0,0.0,0.0,0.0,0.0,0.0,0.0,0.0,0.08823529411764706
stage2a_small_swarm_carry_bootstrap,8,1,100945,2605,3,260,220,1,0,59.93074035644531,0.0,0.0,3.0,0.17272727272727273,0.0,0,0,0,14,-1,2,-1,3.0,1,0.07142857142857142,0.5714285714285714,0.14285714285714285,-0.72,0.0,0.0,0.0,0.0,0.0,0.0,0.0,0.0,0.0,0.0,0.0,0.0,0.0,0.0,0.21428571428571427
stage2a_small_swarm_carry_bootstrap,8,1,101047,2606,3,260,220,1,0,59.42823791503906,0.0,0.0,3.0,0.21818181818181817,0.0,0,0,0,34,-1,25,-1,3.0,5,0.17647058823529413,0.7647058823529411,0.47058823529411764,-2.720000000000001,0.0,0.0,0.0,0.0,0.0,0.0,0.0,0.0,0.0,0.0,0.0,0.0,0.0,0.0,0.08823529411764706
stage2a_small_swarm_carry_bootstrap,8,1,101122,2607,3,260,220,1,0,59.412750244140625,0.0,0.0,3.0,0.18181818181818182,0.0,0,0,0,25,-1,15,-1,3.0,3,0.12,0.68,0.32,-1.6800000000000006,0.0,0.0,0.0,0.0,0.0,0.0,0.0,0.0,0.0,0.0,0.0,0.0,0.0,0.0,0.12
stage2a_small_swarm_carry_bootstrap,8,1,101158,2608,3,260,220,1,0,59.99715805053711,0.0,0.0,3.0,0.14545454545454545,0.0,0,0,0,12,-1,10,-1,3.0,0,0.0,0.5,0.3333333333333333,-0.64,0.0,0.0,0.0,0.0,0.0,0.0,0.0,0.0,0.0,0.0,0.0,0.0,0.0,0.0,0.25
stage2a_small_swarm_carry_bootstrap,8,1,101251,2609,3,260,220,1,0,59.48826217651367,0.0,0.0,3.0,0.22727272727272727,0.0,0,0,0,31,-1,20,-1,3.0,3,0.12903225806451613,0.6774193548387096,0.3870967741935484,-2.160000000000001,0.0,0.0,0.0,0.0,0.0,0.0,0.0,0.0,0.0,0.0,0.0,0.0,0.0,0.0,0.0967741935483871
stage2a_small_swarm_carry_bootstrap,8,1,101347,2610,3,260,220,1,0,59.88767623901367,0.0,0.0,3.0,0.2,0.0,0,0,0,32,-1,6,-1,3.0,1,0.03125,0.3125,0.15625,-1.0,0.0,0.0,0.0,0.0,0.0,0.0,0.0,0.0,0.0,0.0,0.0,0.0,0.0,0.0,0.09375
stage2a_small_swarm_carry_bootstrap,8,1,101449,2611,3,260,220,1,0,59.50550842285156,0.0,0.0,3.0,0.2,0.0,0,0,0,34,-1,11,-1,3.0,4,0.20588235294117646,0.5588235294117647,0.35294117647058826,-2.0000000000000004,0.0,0.0,0.0,0.0,0.0,0.0,0.0,0.0,0.0,0.0,0.0,0.0,0.0,0.0,0.08823529411764706
stage2a_small_swarm_carry_bootstrap,8,1,101575,2612,3,260,220,1,0,58.88716506958008,0.0,0.0,3.0,0.3181818181818182,0.0,0,0,0,42,-1,4,-1,3.0,6,0.23809523809523808,0.6190476190476191,0.3333333333333333,-2.6400000000000006,0.0,0.0,0.0,0.0,0.0,0.0,0.0,0.0,0.0,0.0,0.0,0.0,0.0,0.0,0.07142857142857142
stage2a_small_swarm_carry_bootstrap,8,1,101692,2613,3,260,220,1,0,59.10908508300781,0.0,0.0,3.0,0.2636363636363636,0.0,0,0,0,39,-1,12,-1,3.0,6,0.3333333333333333,0.8717948717948718,0.38461538461538464,-3.3200000000000016,0.0,0.0,0.0,0.0,0.0,0.0,0.0,0.0,0.0,0.0,0.0,0.0,0.0,0.0,0.07692307692307693
stage2a_small_swarm_carry_bootstrap,8,1,101809,2614,3,260,220,1,0,59.69595718383789,0.0,0.0,3.0,0.2727272727272727,0.0,0,0,0,39,-1,6,-1,3.0,3,0.10256410256410256,0.41025641025641024,0.20512820512820512,-1.6,0.0,0.0,0.0,0.0,0.0,0.0,0.0,0.0,0.0,0.0,0.0,0.0,0.0,0.0,0.07692307692307693
stage2a_small_swarm_carry_bootstrap,8,1,102100,2615,3,260,220,1,0,56.564117431640625,0.0,0.0,3.0,0.2636363636363636,0.0,0,0,0,97,-1,34,-1,3.0,14,0.5670103092783505,1.0309278350515463,0.5463917525773195,-10.119999999999997,0.0,0.0,0.0,0.0,0.0,0.0,0.0,0.0,0.0,0.0,0.0,0.0,0.0,0.0,0.030927835051546393
stage2a_small_swarm_carry_bootstrap,8,1,102127,2616,3,260,220,1,0,59.272186279296875,0.0,0.0,3.0,0.08181818181818182,0.0,0,0,0,9,-1,3,-1,3.0,0,0.0,0.5555555555555556,0.1111111111111111,-0.44000000000000006,0.0,0.0,0.0,0.0,0.0,0.0,0.0,0.0,0.0,0.0,0.0,0.0,0.0,0.0,0.3333333333333333
stage2a_small_swarm_carry_bootstrap,8,1,102220,2617,3,260,220,1,0,59.24366760253906,0.0,0.0,3.0,0.23636363636363636,0.0,0,0,0,31,-1,20,-1,3.0,8,0.3548387096774194,0.967741935483871,0.6451612903225806,-3.2000000000000006,0.0,0.0,0.0,0.0,0.0,0.0,0.0,0.0,0.0,0.0,0.0,0.0,0.0,0.0,0.0967741935483871
stage2a_small_swarm_carry_bootstrap,8,1,102292,2618,3,260,220,1,0,59.350799560546875,0.0,0.0,3.0,0.18181818181818182,0.0,0,0,0,24,-1,12,-1,3.0,3,0.16666666666666666,0.8333333333333334,0.4166666666666667,-2.0,0.0,0.0,0.0,0.0,0.0,0.0,0.0,0.0,0.0,0.0,0.0,0.0,0.0,0.0,0.125
stage2a_small_swarm_carry_bootstrap,8,1,102373,2619,3,260,220,1,0,59.505340576171875,0.0,0.0,3.0,0.17272727272727273,0.0,0,0,0,27,-1,6,-1,3.0,4,0.2962962962962963,0.7777777777777778,0.4444444444444444,-2.16,0.0,0.0,0.0,0.0,0.0,0.0,0.0,0.0,0.0,0.0,0.0,0.0,0.0,0.0,0.1111111111111111
stage2a_small_swarm_carry_bootstrap,8,1,102484,2620,3,260,220,1,0,59.711029052734375,0.0,0.0,3.0,0.2636363636363636,0.0,0,0,0,37,-1,9,-1,3.0,2,0.08108108108108109,0.40540540540540543,0.2702702702702703,-1.6000000000000005,0.0,0.0,0.0,0.0,0.0,0.0,0.0,0.0,0.0,0.0,0.0,0.0,0.0,0.0,0.08108108108108109
stage2a_small_swarm_carry_bootstrap,8,1,102592,2621,3,260,220,1,0,59.201507568359375,0.0,0.0,3.0,0.23636363636363636,0.0,0,0,0,36,-1,11,-1,3.0,4,0.2777777777777778,0.6944444444444444,0.2777777777777778,-2.4000000000000004,0.0,0.0,0.0,0.0,0.0,0.0,0.0,0.0,0.0,0.0,0.0,0.0,0.0,0.0,0.08333333333333333
stage2a_small_swarm_carry_bootstrap,8,1,102670,2622,3,260,220,1,0,59.74137878417969,0.0,0.0,3.0,0.19090909090909092,0.0,0,0,0,26,-1,12,-1,3.0,2,0.11538461538461539,0.5384615384615384,0.34615384615384615,-1.4800000000000004,0.0,0.0,0.0,0.0,0.0,0.0,0.0,0.0,0.0,0.0,0.0,0.0,0.0,0.0,0.11538461538461539
stage2a_small_swarm_carry_bootstrap,8,1,102778,2623,3,260,220,1,0,59.5741081237793,0.0,0.0,3.0,0.24545454545454545,0.0,0,0,0,36,-1,12,-1,3.0,5,0.19444444444444445,0.6666666666666666,0.4166666666666667,-2.520000000000001,0.0,0.0,0.0,0.0,0.0,0.0,0.0,0.0,0.0,0.0,0.0,0.0,0.0,0.0,0.08333333333333333
stage2a_small_swarm_carry_bootstrap,8,1,102928,2624,3,260,220,1,0,59.0527229309082,0.0,0.0,3.0,0.24545454545454545,0.0,0,0,0,50,-1,14,-1,3.0,6,0.38,0.8,0.36,-3.9200000000000013,0.0,0.0,0.0,0.0,0.0,0.0,0.0,0.0,0.0,0.0,0.0,0.0,0.0,0.0,0.06
stage2a_small_swarm_carry_bootstrap,8,1,102973,2625,3,260,220,1,0,59.88022232055664,0.0,0.0,3.0,0.17272727272727273,0.0,0,0,0,15,-1,12,-1,3.0,3,0.2,0.7333333333333333,0.2,-1.0,0.0,0.0,0.0,0.0,0.0,0.0,0.0,0.0,0.0,0.0,0.0,0.0,0.0,0.0,0.2
stage2a_small_swarm_carry_bootstrap,8,1,103138,2626,3,260,220,1,0,58.87640380859375,0.0,0.0,3.0,0.32727272727272727,0.0,0,0,0,55,-1,8,-1,3.0,4,0.12727272727272726,0.45454545454545453,0.2545454545454545,-2.560000000000001,0.0,0.0,0.0,0.0,0.0,0.0,0.0,0.0,0.0,0.0,0.0,0.0,0.0,0.0,0.05454545454545454
stage2a_small_swarm_carry_bootstrap,8,1,103225,2627,3,260,220,1,0,59.710872650146484,0.0,0.0,3.0,0.24545454545454545,0.0,0,0,0,29,-1,13,-1,3.0,2,0.10344827586206896,0.5172413793103449,0.2413793103448276,-1.4800000000000004,0.0,0.0,0.0,0.0,0.0,0.0,0.0,0.0,0.0,0.0,0.0,0.0,0.0,0.0,0.10344827586206896
stage2a_small_swarm_carry_bootstrap,8,1,103318,2628,3,260,220,1,0,59.48564147949219,0.0,0.0,3.0,0.2636363636363636,0.0,0,0,0,31,-1,21,-1,3.0,6,0.25806451612903225,0.9032258064516129,0.3870967741935484,-2.72,0.0,0.0,0.0,0.0,0.0,0.0,0.0,0.0,0.0,0.0,0.0,0.0,0.0,0.0,0.0967741935483871
stage2a_small_swarm_carry_bootstrap,8,1,103435,2629,3,260,220,1,0,59.3388786315918,0.0,0.0,3.0,0.3090909090909091,0.0,0,0,0,39,-1,17,-1,3.0,7,0.358974358974359,0.7692307692307693,0.48717948717948717,-3.1600000000000015,0.0,0.0,0.0,0.0,0.0,0.0,0.0,0.0,0.0,0.0,0.0,0.0,0.0,0.0,0.07692307692307693
stage2a_small_swarm_carry_bootstrap,8,1,103504,2630,3,260,220,1,0,59.93583297729492,0.0,0.0,3.0,0.2,0.0,0,0,0,23,-1,16,-1,3.0,2,0.08695652173913043,0.6086956521739131,0.4782608695652174,-1.56,0.0,0.0,0.0,0.0,0.0,0.0,0.0,0.0,0.0,0.0,0.0,0.0,0.0,0.0,0.13043478260869565
stage2a_small_swarm_carry_bootstrap,8,1,103636,2631,3,260,220,1,0,59.1644401550293,0.0,0.0,3.0,0.3090909090909091,0.0,0,0,0,44,-1,14,-1,3.0,5,0.13636363636363635,0.6590909090909091,0.38636363636363635,-3.000000000000001,0.0,0.0,0.0,0.0,0.0,0.0,0.0,0.0,0.0,0.0,0.0,0.0,0.0,0.0,0.06818181818181818
stage2a_small_swarm_carry_bootstrap,8,1,103762,2632,3,260,220,1,0,58.931060791015625,0.0,0.0,3.0,0.3,0.0,0,0,0,42,-1,30,-1,3.0,9,0.35714285714285715,1.0476190476190477,0.5238095238095238,-4.400000000000001,0.0,0.0,0.0,0.0,0.0,0.0,0.0,0.0,0.0,0.0,0.0,0.0,0.0,0.0,0.07142857142857142
stage2a_small_swarm_carry_bootstrap,8,1,103936,2633,3,260,220,1,0,57.93838119506836,0.0,0.0,3.0,0.33636363636363636,0.0,0,0,0,58,-1,36,-1,3.0,8,0.5172413793103449,1.0689655172413792,0.5517241379310345,-6.240000000000002,0.0,0.0,0.0,0.0,0.0,0.0,0.0,0.0,0.0,0.0,0.0,0.0,0.0,0.0,0.05172413793103448
stage2a_small_swarm_carry_bootstrap,8,1,104011,2634,3,260,220,1,0,59.02755355834961,0.0,0.0,3.0,0.16363636363636364,0.0,0,0,0,25,-1,5,-1,3.0,2,0.12,0.52,0.24,-1.28,0.0,0.0,0.0,0.0,0.0,0.0,0.0,0.0,0.0,0.0,0.0,0.0,0.0,0.0,0.12
stage2a_small_swarm_carry_bootstrap,8,1,104101,2635,3,260,220,1,0,59.423152923583984,0.0,0.0,3.0,0.21818181818181817,0.0,0,0,0,30,-1,13,-1,3.0,4,0.2,0.7,0.3,-2.040000000000001,0.0,0.0,0.0,0.0,0.0,0.0,0.0,0.0,0.0,0.0,0.0,0.0,0.0,0.0,0.1
stage2a_small_swarm_carry_bootstrap,8,1,104203,2636,3,260,220,1,0,59.49595642089844,0.0,0.0,3.0,0.22727272727272727,0.0,0,0,0,34,-1,8,-1,3.0,1,0.058823529411764705,0.38235294117647056,0.29411764705882354,-1.4400000000000004,0.0,0.0,0.0,0.0,0.0,0.0,0.0,0.0,0.0,0.0,0.0,0.0,0.0,0.0,0.08823529411764706
stage2a_small_swarm_carry_bootstrap,8,1,104353,2637,3,260,220,1,0,58.45823287963867,0.0,0.0,3.0,0.3090909090909091,0.0,0,0,0,50,-1,13,-1,3.0,7,0.18,0.74,0.36,-3.680000000000002,0.0,0.0,0.0,0.0,0.0,0.0,0.0,0.0,0.0,0.0,0.0,0.0,0.0,0.0,0.06
stage2a_small_swarm_carry_bootstrap,8,1,104446,2638,3,260,220,1,0,59.6259651184082,0.0,0.0,3.0,0.2818181818181818,0.0,0,0,0,31,-1,13,-1,3.0,4,0.12903225806451613,0.6774193548387096,0.25806451612903225,-2.0,0.0,0.0,0.0,0.0,0.0,0.0,0.0,0.0,0.0,0.0,0.0,0.0,0.0,0.0,0.0967741935483871
stage2a_small_swarm_carry_bootstrap,8,1,104671,2639,3,260,220,1,0,56.81242370605469,0.0,0.0,3.0,0.21818181818181817,0.0,0,0,0,75,-1,37,-1,3.0,12,0.8133333333333334,1.3066666666666666,0.6133333333333333,-9.680000000000001,0.0,0.0,0.0,0.0,0.0,0.0,0.0,0.0,0.0,0.0,0.0,0.0,0.0,0.0,0.04
stage2a_small_swarm_carry_bootstrap,8,1,104749,2640,3,260,220,1,0,59.692138671875,0.0,0.0,3.0,0.21818181818181817,0.0,0,0,0,26,-1,22,-1,3.0,2,0.07692307692307693,0.6923076923076923,0.4230769230769231,-1.8800000000000003,0.0,0.0,0.0,0.0,0.0,0.0,0.0,0.0,0.0,0.0,0.0,0.0,0.0,0.0,0.11538461538461539
stage2a_small_swarm_carry_bootstrap,8,1,104860,2641,3,260,220,1,0,59.45204162597656,0.0,0.0,3.0,0.21818181818181817,0.0,0,0,0,37,-1,4,-1,3.0,3,0.13513513513513514,0.5405405405405406,0.24324324324324326,-1.9600000000000004,0.0,0.0,0.0,0.0,0.0,0.0,0.0,0.0,0.0,0.0,0.0,0.0,0.0,0.0,0.08108108108108109
stage2a_small_swarm_carry_bootstrap,8,1,104935,2642,3,260,220,1,0,59.37785339355469,0.0,0.0,3.0,0.22727272727272727,0.0,0,0,0,25,-1,3,-1,3.0,2,0.28,0.84,0.44,-2.1200000000000006,0.0,0.0,0.0,0.0,0.0,0.0,0.0,0.0,0.0,0.0,0.0,0.0,0.0,0.0,0.12
stage2a_small_swarm_carry_bootstrap,8,1,105106,2643,3,260,220,1,0,58.279022216796875,0.0,0.0,3.0,0.2727272727272727,0.0,0,0,0,57,-1,13,-1,3.0,6,0.2631578947368421,0.6491228070175439,0.3333333333333333,-3.7200000000000015,0.0,0.0,0.0,0.0,0.0,0.0,0.0,0.0,0.0,0.0,0.0,0.0,0.0,0.0,0.05263157894736842
stage2a_small_swarm_carry_bootstrap,8,1,105217,2644,3,260,220,1,0,59.3284797668457,0.0,0.0,3.0,0.23636363636363636,0.0,0,0,0,37,-1,16,-1,3.0,6,0.2972972972972973,0.7567567567567568,0.43243243243243246,-2.880000000000001,0.0,0.0,0.0,0.0,0.0,0.0,0.0,0.0,0.0,0.0,0.0,0.0,0.0,0.0,0.08108108108108109
stage2a_small_swarm_carry_bootstrap,8,1,105322,2645,3,260,220,1,0,59.28901290893555,0.0,0.0,3.0,0.2545454545454545,0.0,0,0,0,35,-1,11,-1,3.0,6,0.2857142857142857,0.8285714285714286,0.4857142857142857,-3.000000000000001,0.0,0.0,0.0,0.0,0.0,0.0,0.0,0.0,0.0,0.0,0.0,0.0,0.0,0.0,0.08571428571428572
stage2a_small_swarm_carry_bootstrap,8,1,105388,2646,3,260,220,1,0,59.854827880859375,0.0,0.0,3.0,0.13636363636363635,0.0,0,0,0,22,-1,5,-1,3.0,1,0.045454545454545456,0.3181818181818182,0.2727272727272727,-0.8,0.0,0.0,0.0,0.0,0.0,0.0,0.0,0.0,0.0,0.0,0.0,0.0,0.0,0.0,0.13636363636363635
stage2a_small_swarm_carry_bootstrap,8,1,105532,2647,3,260,220,1,0,58.51523971557617,0.0,0.0,3.0,0.35454545454545455,0.0,0,0,0,48,-1,32,-1,3.0,7,0.22916666666666666,0.7291666666666666,0.375,-3.5200000000000014,0.0,0.0,0.0,0.0,0.0,0.0,0.0,0.0,0.0,0.0,0.0,0.0,0.0,0.0,0.0625
stage2a_small_swarm_carry_bootstrap,8,1,105622,2648,3,260,220,1,0,59.68404006958008,0.0,0.0,3.0,0.19090909090909092,0.0,0,0,0,30,-1,11,-1,3.0,3,0.16666666666666666,0.5,0.3333333333333333,-1.6000000000000005,0.0,0.0,0.0,0.0,0.0,0.0,0.0,0.0,0.0,0.0,0.0,0.0,0.0,0.0,0.1
stage2a_small_swarm_carry_bootstrap,8,1,105709,2649,3,260,220,1,0,59.54848861694336,0.0,0.0,3.0,0.19090909090909092,0.0,0,0,0,29,-1,17,-1,3.0,5,0.2413793103448276,0.7586206896551724,0.3103448275862069,-2.1200000000000006,0.0,0.0,0.0,0.0,0.0,0.0,0.0,0.0,0.0,0.0,0.0,0.0,0.0,0.0,0.10344827586206896
stage2a_small_swarm_carry_bootstrap,8,1,105856,2650,3,260,220,1,0,58.604400634765625,0.0,0.0,3.0,0.21818181818181817,0.0,0,0,0,49,-1,20,-1,3.0,5,0.5102040816326531,0.9591836734693877,0.4897959183673469,-4.7200000000000015,0.0,0.0,0.0,0.0,0.0,0.0,0.0,0.0,0.0,0.0,0.0,0.0,0.0,0.0,0.061224489795918366
stage2a_small_swarm_carry_bootstrap,8,1,105979,2651,3,260,220,1,0,59.02204513549805,0.0,0.0,3.0,0.3090909090909091,0.0,0,0,0,41,-1,10,-1,3.0,6,0.2682926829268293,0.6585365853658537,0.36585365853658536,-2.760000000000001,0.0,0.0,0.0,0.0,0.0,0.0,0.0,0.0,0.0,0.0,0.0,0.0,0.0,0.0,0.07317073170731707
stage2a_small_swarm_carry_bootstrap,8,1,106018,2652,3,260,220,1,0,59.93717575073242,0.0,0.0,3.0,0.10909090909090909,0.0,0,0,0,13,-1,6,-1,3.0,1,0.15384615384615385,0.5384615384615384,0.3076923076923077,-0.7200000000000001,0.0,0.0,0.0,0.0,0.0,0.0,0.0,0.0,0.0,0.0,0.0,0.0,0.0,0.0,0.23076923076923078
stage2a_small_swarm_carry_bootstrap,8,1,106060,2653,3,260,220,1,0,60.00728225708008,0.0,0.0,3.0,0.12727272727272726,0.0,0,0,0,14,-1,1,-1,3.0,0,0.0,0.2857142857142857,0.07142857142857142,-0.36,0.0,0.0,0.0,0.0,0.0,0.0,0.0,0.0,0.0,0.0,0.0,0.0,0.0,0.0,0.21428571428571427
stage2a_small_swarm_carry_bootstrap,8,1,106219,2654,3,260,220,1,0,58.681636810302734,0.0,0.0,3.0,0.35454545454545455,0.0,0,0,0,53,-1,11,-1,3.0,9,0.3018867924528302,0.8113207547169812,0.49056603773584906,-4.480000000000002,0.0,0.0,0.0,0.0,0.0,0.0,0.0,0.0,0.0,0.0,0.0,0.0,0.0,0.0,0.05660377358490566
stage2a_small_swarm_carry_bootstrap,8,1,106321,2655,3,260,220,1,0,59.44970703125,0.0,0.0,3.0,0.2727272727272727,0.0,0,0,0,34,-1,14,-1,3.0,5,0.23529411764705882,0.7647058823529411,0.5,-2.7600000000000007,0.0,0.0,0.0,0.0,0.0,0.0,0.0,0.0,0.0,0.0,0.0,0.0,0.0,0.0,0.08823529411764706
stage2a_small_swarm_carry_bootstrap,8,1,106375,2656,3,260,220,1,0,59.59849548339844,0.0,0.0,3.0,0.12727272727272726,0.0,0,0,0,18,-1,11,-1,3.0,2,0.6111111111111112,0.8888888888888888,0.6111111111111112,-1.7200000000000006,0.0,0.0,0.0,0.0,0.0,0.0,0.0,0.0,0.0,0.0,0.0,0.0,0.0,0.0,0.16666666666666666
stage2a_small_swarm_carry_bootstrap,8,1,106498,2657,3,260,220,1,0,59.206539154052734,0.0,0.0,3.0,0.2545454545454545,0.0,0,0,0,41,-1,16,-1,3.0,6,0.2682926829268293,0.7317073170731707,0.3902439024390244,-3.0400000000000014,0.0,0.0,0.0,0.0,0.0,0.0,0.0,0.0,0.0,0.0,0.0,0.0,0.0,0.0,0.07317073170731707
stage2a_small_swarm_carry_bootstrap,8,1,106588,2658,3,260,220,1,0,59.504947662353516,0.0,0.0,3.0,0.17272727272727273,0.0,0,0,0,30,-1,7,-1,3.0,2,0.13333333333333333,0.5333333333333333,0.43333333333333335,-1.8000000000000007,0.0,0.0,0.0,0.0,0.0,0.0,0.0,0.0,0.0,0.0,0.0,0.0,0.0,0.0,0.1
stage2a_small_swarm_carry_bootstrap,8,1,106687,2659,3,260,220,1,0,59.377498626708984,0.0,0.0,3.0,0.24545454545454545,0.0,0,0,0,33,-1,29,-1,3.0,7,0.2727272727272727,0.8787878787878788,0.48484848484848486,-2.9600000000000013,0.0,0.0,0.0,0.0,0.0,0.0,0.0,0.0,0.0,0.0,0.0,0.0,0.0,0.0,0.09090909090909091
stage2a_small_swarm_carry_bootstrap,8,1,106756,2660,3,260,220,1,0,59.7446403503418,0.0,0.0,3.0,0.2636363636363636,0.0,0,0,0,23,-1,13,-1,3.0,2,0.08695652173913043,0.5652173913043478,0.34782608695652173,-1.3600000000000003,0.0,0.0,0.0,0.0,0.0,0.0,0.0,0.0,0.0,0.0,0.0,0.0,0.0,0.0,0.13043478260869565
stage2a_small_swarm_carry_bootstrap,8,1,106792,2661,3,260,220,1,0,59.74928283691406,0.0,0.0,3.0,0.08181818181818182,0.0,0,0,0,12,-1,5,-1,3.0,2,0.25,0.8333333333333334,0.5833333333333334,-1.08,0.0,0.0,0.0,0.0,0.0,0.0,0.0,0.0,0.0,0.0,0.0,0.0,0.0,0.0,0.25
stage2a_small_swarm_carry_bootstrap,8,1,106882,2662,3,260,220,1,0,59.42145919799805,0.0,0.0,3.0,0.23636363636363636,0.0,0,0,0,30,-1,12,-1,3.0,4,0.2,0.7333333333333333,0.3,-2.1200000000000006,0.0,0.0,0.0,0.0,0.0,0.0,0.0,0.0,0.0,0.0,0.0,0.0,0.0,0.0,0.1
stage2a_small_swarm_carry_bootstrap,8,1,107014,2663,3,260,220,1,0,59.02829360961914,0.0,0.0,3.0,0.2727272727272727,0.0,0,0,0,44,-1,12,-1,3.0,7,0.3409090909090909,0.7727272727272727,0.3409090909090909,-3.3200000000000016,0.0,0.0,0.0,0.0,0.0,0.0,0.0,0.0,0.0,0.0,0.0,0.0,0.0,0.0,0.06818181818181818
stage2a_small_swarm_carry_bootstrap,8,1,107143,2664,3,260,220,1,0,58.222900390625,0.0,0.0,3.0,0.2545454545454545,0.0,0,0,0,43,-1,23,-1,3.0,5,0.16279069767441862,0.6744186046511628,0.3488372093023256,-2.920000000000001,0.0,0.0,0.0,0.0,0.0,0.0,0.0,0.0,0.0,0.0,0.0,0.0,0.0,0.0,0.06976744186046512
stage2a_small_swarm_carry_bootstrap,8,1,107239,2665,3,260,220,1,0,59.44781494140625,0.0,0.0,3.0,0.2545454545454545,0.0,0,0,0,32,-1,12,-1,3.0,5,0.21875,0.65625,0.53125,-2.3600000000000003,0.0,0.0,0.0,0.0,0.0,0.0,0.0,0.0,0.0,0.0,0.0,0.0,0.0,0.0,0.09375
stage2a_small_swarm_carry_bootstrap,8,1,107365,2666,3,260,220,1,0,59.20777893066406,0.0,0.0,3.0,0.2818181818181818,0.0,0,0,0,42,-1,3,-1,3.0,4,0.16666666666666666,0.40476190476190477,0.2857142857142857,-1.8400000000000003,0.0,0.0,0.0,0.0,0.0,0.0,0.0,0.0,0.0,0.0,0.0,0.0,0.0,0.0,0.07142857142857142
stage2a_small_swarm_carry_bootstrap,8,1,107452,2667,3,260,220,1,0,59.44155502319336,0.0,0.0,3.0,0.18181818181818182,0.0,0,0,0,29,-1,4,-1,3.0,3,0.20689655172413793,0.5862068965517241,0.27586206896551724,-1.6800000000000006,0.0,0.0,0.0,0.0,0.0,0.0,0.0,0.0,0.0,0.0,0.0,0.0,0.0,0.0,0.10344827586206896
stage2a_small_swarm_carry_bootstrap,8,1,107491,2668,3,260,220,1,0,59.85892868041992,0.0,0.0,3.0,0.12727272727272726,0.0,0,0,0,13,-1,6,-1,3.0,0,0.0,0.5384615384615384,0.23076923076923078,-0.68,0.0,0.0,0.0,0.0,0.0,0.0,0.0,0.0,0.0,0.0,0.0,0.0,0.0,0.0,0.23076923076923078
stage2a_small_swarm_carry_bootstrap,8,1,107737,2669,3,260,220,1,0,57.1375846862793,0.0,0.0,3.0,0.3181818181818182,0.0,0,0,0,82,-1,14,-1,3.0,10,0.32926829268292684,0.6829268292682927,0.3048780487804878,-5.480000000000003,0.0,0.0,0.0,0.0,0.0,0.0,0.0,0.0,0.0,0.0,0.0,0.0,0.0,0.0,0.036585365853658534
stage2a_small_swarm_carry_bootstrap,8,1,107842,2670,3,260,220,1,0,59.26045227050781,0.0,0.0,3.0,0.22727272727272727,0.0,0,0,0,35,-1,3,-1,3.0,3,0.11428571428571428,0.42857142857142855,0.22857142857142856,-1.5200000000000005,0.0,0.0,0.0,0.0,0.0,0.0,0.0,0.0,0.0,0.0,0.0,0.0,0.0,0.0,0.08571428571428572
stage2a_small_swarm_carry_bootstrap,8,1,107959,2671,3,260,220,1,0,59.33970260620117,0.0,0.0,3.0,0.2727272727272727,0.0,0,0,0,39,-1,25,-1,3.0,6,0.2564102564102564,0.7948717948717948,0.48717948717948717,-3.2400000000000007,0.0,0.0,0.0,0.0,0.0,0.0,0.0,0.0,0.0,0.0,0.0,0.0,0.0,0.0,0.07692307692307693
stage2a_small_swarm_carry_bootstrap,8,1,108064,2672,3,260,220,1,0,59.21394729614258,0.0,0.0,3.0,0.33636363636363636,0.0,0,0,0,35,-1,12,-1,3.0,5,0.22857142857142856,0.6857142857142857,0.3142857142857143,-2.36,0.0,0.0,0.0,0.0,0.0,0.0,0.0,0.0,0.0,0.0,0.0,0.0,0.0,0.0,0.08571428571428572
stage2a_small_swarm_carry_bootstrap,8,1,108172,2673,3,260,220,1,0,59.07707595825195,0.0,0.0,3.0,0.23636363636363636,0.0,0,0,0,36,-1,4,-1,3.0,5,0.2777777777777778,0.7222222222222222,0.3888888888888889,-2.6400000000000015,0.0,0.0,0.0,0.0,0.0,0.0,0.0,0.0,0.0,0.0,0.0,0.0,0.0,0.0,0.08333333333333333
stage2a_small_swarm_carry_bootstrap,8,1,108238,2674,3,260,220,1,0,59.49827575683594,0.0,0.0,3.0,0.16363636363636364,0.0,0,0,0,22,-1,5,-1,3.0,2,0.22727272727272727,0.5454545454545454,0.3181818181818182,-1.2400000000000002,0.0,0.0,0.0,0.0,0.0,0.0,0.0,0.0,0.0,0.0,0.0,0.0,0.0,0.0,0.13636363636363635
stage2a_small_swarm_carry_bootstrap,8,1,108391,2675,3,260,220,1,0,58.801361083984375,0.0,0.0,3.0,0.2727272727272727,0.0,0,0,0,51,-1,13,-1,3.0,7,0.39215686274509803,0.7843137254901961,0.43137254901960786,-4.080000000000002,0.0,0.0,0.0,0.0,0.0,0.0,0.0,0.0,0.0,0.0,0.0,0.0,0.0,0.0,0.058823529411764705
stage2a_small_swarm_carry_bootstrap,8,1,108538,2676,3,260,220,1,0,58.9974479675293,0.0,0.0,3.0,0.24545454545454545,0.0,0,0,0,49,-1,13,-1,3.0,2,0.22448979591836735,0.6530612244897959,0.4489795918367347,-3.440000000000002,0.0,0.0,0.0,0.0,0.0,0.0,0.0,0.0,0.0,0.0,0.0,0.0,0.0,0.0,0.061224489795918366
stage2a_small_swarm_carry_bootstrap,8,1,108646,2677,3,260,220,1,0,59.5576286315918,0.0,0.0,3.0,0.2818181818181818,0.0,0,0,0,36,-1,16,-1,3.0,5,0.2222222222222222,0.6111111111111112,0.25,-2.120000000000001,0.0,0.0,0.0,0.0,0.0,0.0,0.0,0.0,0.0,0.0,0.0,0.0,0.0,0.0,0.08333333333333333
stage2a_small_swarm_carry_bootstrap,8,1,108706,2678,3,260,220,1,0,59.88494873046875,0.0,0.0,3.0,0.13636363636363635,0.0,0,0,0,20,-1,12,-1,3.0,2,0.1,0.65,0.4,-1.3600000000000003,0.0,0.0,0.0,0.0,0.0,0.0,0.0,0.0,0.0,0.0,0.0,0.0,0.0,0.0,0.15
stage2a_small_swarm_carry_bootstrap,8,1,108814,2679,3,260,220,1,0,59.049320220947266,0.0,0.0,3.0,0.23636363636363636,0.0,0,0,0,36,-1,9,-1,3.0,5,0.19444444444444445,0.7222222222222222,0.3333333333333333,-2.560000000000001,0.0,0.0,0.0,0.0,0.0,0.0,0.0,0.0,0.0,0.0,0.0,0.0,0.0,0.0,0.08333333333333333
stage2a_small_swarm_carry_bootstrap,8,1,108910,2680,3,260,220,1,0,59.29446029663086,0.0,0.0,3.0,0.21818181818181817,0.0,0,0,0,32,-1,5,-1,3.0,3,0.34375,0.6875,0.375,-2.2400000000000007,0.0,0.0,0.0,0.0,0.0,0.0,0.0,0.0,0.0,0.0,0.0,0.0,0.0,0.0,0.09375
stage2a_small_swarm_carry_bootstrap,8,1,108982,2681,3,260,220,1,0,59.426025390625,0.0,0.0,3.0,0.14545454545454545,0.0,0,0,0,24,-1,9,-1,3.0,1,0.5,0.8333333333333334,0.375,-1.9600000000000009,0.0,0.0,0.0,0.0,0.0,0.0,0.0,0.0,0.0,0.0,0.0,0.0,0.0,0.0,0.125
stage2a_small_swarm_carry_bootstrap,8,1,109114,2682,3,260,220,1,0,59.49916458129883,0.0,0.0,3.0,0.3090909090909091,0.0,0,0,0,44,-1,7,-1,3.0,4,0.18181818181818182,0.4772727272727273,0.25,-2.120000000000001,0.0,0.0,0.0,0.0,0.0,0.0,0.0,0.0,0.0,0.0,0.0,0.0,0.0,0.0,0.06818181818181818
stage2a_small_swarm_carry_bootstrap,8,1,109165,2683,3,260,220,1,0,59.84113693237305,0.0,0.0,3.0,0.11818181818181818,0.0,0,0,0,17,-1,6,-1,3.0,1,0.058823529411764705,0.29411764705882354,0.23529411764705882,-0.56,0.0,0.0,0.0,0.0,0.0,0.0,0.0,0.0,0.0,0.0,0.0,0.0,0.0,0.0,0.17647058823529413
stage2a_small_swarm_carry_bootstrap,8,1,109225,2684,3,260,220,1,0,59.56801223754883,0.0,0.0,3.0,0.15454545454545454,0.0,0,0,0,20,-1,3,-1,3.0,1,0.05,0.4,0.2,-0.7999999999999999,0.0,0.0,0.0,0.0,0.0,0.0,0.0,0.0,0.0,0.0,0.0,0.0,0.0,0.0,0.15
stage2a_small_swarm_carry_bootstrap,8,1,109348,2685,3,260,220,1,0,59.32362747192383,0.0,0.0,3.0,0.3181818181818182,0.0,0,0,0,41,-1,17,-1,3.0,6,0.1951219512195122,0.6829268292682927,0.43902439024390244,-2.960000000000001,0.0,0.0,0.0,0.0,0.0,0.0,0.0,0.0,0.0,0.0,0.0,0.0,0.0,0.0,0.07317073170731707
stage2a_small_swarm_carry_bootstrap,8,1,109402,2686,3,260,220,1,0,59.96205520629883,0.0,0.0,3.0,0.12727272727272726,0.0,0,0,0,18,-1,3,-1,3.0,0,0.0,0.2777777777777778,0.05555555555555555,-0.44,0.0,0.0,0.0,0.0,0.0,0.0,0.0,0.0,0.0,0.0,0.0,0.0,0.0,0.0,0.16666666666666666
stage2a_small_swarm_carry_bootstrap,8,1,109492,2687,3,260,220,1,0,59.26338577270508,0.0,0.0,3.0,0.19090909090909092,0.0,0,0,0,30,-1,11,-1,3.0,5,0.23333333333333334,0.7333333333333333,0.36666666666666664,-2.2,0.0,0.0,0.0,0.0,0.0,0.0,0.0,0.0,0.0,0.0,0.0,0.0,0.0,0.0,0.1
stage2a_small_swarm_carry_bootstrap,8,1,109591,2688,3,260,220,1,0,59.085079193115234,0.0,0.0,3.0,0.2818181818181818,0.0,0,0,0,33,-1,23,-1,3.0,4,0.45454545454545453,0.9696969696969697,0.5454545454545454,-3.280000000000001,0.0,0.0,0.0,0.0,0.0,0.0,0.0,0.0,0.0,0.0,0.0,0.0,0.0,0.0,0.09090909090909091
stage2a_small_swarm_carry_bootstrap,8,1,109645,2689,3,260,220,1,0,59.975738525390625,0.0,0.0,3.0,0.15454545454545454,0.0,0,0,0,18,-1,2,-1,3.0,1,0.05555555555555555,0.2777777777777778,0.2777777777777778,-0.6000000000000001,0.0,0.0,0.0,0.0,0.0,0.0,0.0,0.0,0.0,0.0,0.0,0.0,0.0,0.0,0.16666666666666666
stage2a_small_swarm_carry_bootstrap,8,1,109744,2690,3,260,220,1,0,59.57084274291992,0.0,0.0,3.0,0.19090909090909092,0.0,0,0,0,33,-1,3,-1,3.0,3,0.15151515151515152,0.5454545454545454,0.36363636363636365,-1.9200000000000008,0.0,0.0,0.0,0.0,0.0,0.0,0.0,0.0,0.0,0.0,0.0,0.0,0.0,0.0,0.09090909090909091
stage2a_small_swarm_carry_bootstrap,8,1,109801,2691,3,260,220,1,0,59.68144607543945,0.0,0.0,3.0,0.18181818181818182,0.0,0,0,0,19,-1,8,-1,3.0,1,0.10526315789473684,0.5263157894736842,0.3157894736842105,-1.0399999999999998,0.0,0.0,0.0,0.0,0.0,0.0,0.0,0.0,0.0,0.0,0.0,0.0,0.0,0.0,0.15789473684210525
stage2a_small_swarm_carry_bootstrap,8,1,109927,2692,3,260,220,1,0,59.18672561645508,0.0,0.0,3.0,0.23636363636363636,0.0,0,0,0,42,-1,13,-1,3.0,6,0.21428571428571427,0.6190476190476191,0.38095238095238093,-2.720000000000001,0.0,0.0,0.0,0.0,0.0,0.0,0.0,0.0,0.0,0.0,0.0,0.0,0.0,0.0,0.07142857142857142
stage2a_small_swarm_carry_bootstrap,8,1,110071,2693,3,260,220,1,0,59.146060943603516,0.0,0.0,3.0,0.2727272727272727,0.0,0,0,0,48,-1,34,-1,3.0,4,0.20833333333333334,0.875,0.4166666666666667,-4.160000000000002,0.0,0.0,0.0,0.0,0.0,0.0,0.0,0.0,0.0,0.0,0.0,0.0,0.0,0.0,0.0625
stage2a_small_swarm_carry_bootstrap,8,1,110149,2694,3,260,220,1,0,59.04203414916992,0.0,0.0,3.0,0.16363636363636364,0.0,0,0,0,26,-1,11,-1,3.0,5,0.2692307692307692,0.8461538461538461,0.5,-2.2800000000000007,0.0,0.0,0.0,0.0,0.0,0.0,0.0,0.0,0.0,0.0,0.0,0.0,0.0,0.0,0.11538461538461539
stage2a_small_swarm_carry_bootstrap,8,1,110215,2695,3,260,220,1,0,59.1061897277832,0.0,0.0,3.0,0.13636363636363635,0.0,0,0,0,22,-1,14,-1,3.0,5,0.8181818181818182,1.2727272727272727,0.8181818181818182,-2.960000000000001,0.0,0.0,0.0,0.0,0.0,0.0,0.0,0.0,0.0,0.0,0.0,0.0,0.0,0.0,0.13636363636363635
stage2a_small_swarm_carry_bootstrap,8,1,110308,2696,3,260,220,1,0,59.813785552978516,0.0,0.0,3.0,0.2,0.0,0,0,0,31,-1,6,-1,3.0,2,0.06451612903225806,0.3548387096774194,0.25806451612903225,-1.2000000000000002,0.0,0.0,0.0,0.0,0.0,0.0,0.0,0.0,0.0,0.0,0.0,0.0,0.0,0.0,0.0967741935483871
stage2a_small_swarm_carry_bootstrap,8,1,110338,2697,3,260,220,1,0,60.11124038696289,0.0,0.0,3.0,0.13636363636363635,0.0,0,0,0,10,-1,7,-1,3.0,0,0.0,0.2,0.1,-0.2,0.0,0.0,0.0,0.0,0.0,0.0,0.0,0.0,0.0,0.0,0.0,0.0,0.0,0.0,0.3
stage2a_small_swarm_carry_bootstrap,8,1,110425,2698,3,260,220,1,0,59.58681106567383,0.0,0.0,3.0,0.20909090909090908,0.0,0,0,0,29,-1,13,-1,3.0,3,0.13793103448275862,0.6551724137931034,0.41379310344827586,-2.000000000000001,0.0,0.0,0.0,0.0,0.0,0.0,0.0,0.0,0.0,0.0,0.0,0.0,0.0,0.0,0.10344827586206896
stage2a_small_swarm_carry_bootstrap,8,1,110461,2699,3,260,220,1,0,59.89944839477539,0.0,0.0,3.0,0.14545454545454545,0.0,0,0,0,12,-1,7,-1,3.0,0,0.0,0.5,0.5,-0.72,0.0,0.0,0.0,0.0,0.0,0.0,0.0,0.0,0.0,0.0,0.0,0.0,0.0,0.0,0.25
stage2a_small_swarm_carry_bootstrap,8,1,110497,2700,3,260,220,1,0,59.6263427734375,0.0,0.0,3.0,0.09090909090909091,0.0,0,0,0,12,-1,3,-1,3.0,2,0.5,1.0,0.4166666666666667,-1.1600000000000001,0.0,0.0,0.0,0.0,0.0,0.0,0.0,0.0,0.0,0.0,0.0,0.0,0.0,0.0,0.25
stage2a_small_swarm_carry_bootstrap,8,1,110572,2701,3,260,220,1,0,59.40336608886719,0.0,0.0,3.0,0.14545454545454545,0.0,0,0,0,25,-1,14,-1,3.0,4,0.56,0.92,0.68,-2.5200000000000005,0.0,0.0,0.0,0.0,0.0,0.0,0.0,0.0,0.0,0.0,0.0,0.0,0.0,0.0,0.12
stage2a_small_swarm_carry_bootstrap,8,1,110707,2702,3,260,220,1,0,58.82558059692383,0.0,0.0,3.0,0.3,0.0,0,0,0,45,-1,2,-1,3.0,3,0.1111111111111111,0.4222222222222222,0.13333333333333333,-1.7600000000000002,0.0,0.0,0.0,0.0,0.0,0.0,0.0,0.0,0.0,0.0,0.0,0.0,0.0,0.0,0.06666666666666667
stage2a_small_swarm_carry_bootstrap,8,1,110830,2703,3,260,220,1,0,59.16885757446289,0.0,0.0,3.0,0.35454545454545455,0.0,0,0,0,41,-1,15,-1,3.0,6,0.3170731707317073,0.7317073170731707,0.3902439024390244,-3.0400000000000014,0.0,0.0,0.0,0.0,0.0,0.0,0.0,0.0,0.0,0.0,0.0,0.0,0.0,0.0,0.07317073170731707
stage2a_small_swarm_carry_bootstrap,8,1,110929,2704,3,260,220,1,0,59.46999740600586,0.0,0.0,3.0,0.2545454545454545,0.0,0,0,0,33,-1,14,-1,3.0,5,0.21212121212121213,0.7272727272727273,0.3333333333333333,-2.3600000000000008,0.0,0.0,0.0,0.0,0.0,0.0,0.0,0.0,0.0,0.0,0.0,0.0,0.0,0.0,0.09090909090909091
stage2a_small_swarm_carry_bootstrap,8,1,111031,2705,3,260,220,1,0,59.18076705932617,0.0,0.0,3.0,0.2727272727272727,0.0,0,0,0,34,-1,11,-1,3.0,4,0.23529411764705882,0.7058823529411765,0.4117647058823529,-2.480000000000001,0.0,0.0,0.0,0.0,0.0,0.0,0.0,0.0,0.0,0.0,0.0,0.0,0.0,0.0,0.08823529411764706
stage2a_small_swarm_carry_bootstrap,8,1,111163,2706,3,260,220,1,0,58.4138298034668,0.0,0.0,3.0,0.24545454545454545,0.0,0,0,0,44,-1,18,-1,3.0,6,0.3181818181818182,0.7727272727272727,0.4090909090909091,-3.4400000000000017,0.0,0.0,0.0,0.0,0.0,0.0,0.0,0.0,0.0,0.0,0.0,0.0,0.0,0.0,0.06818181818181818
stage2a_small_swarm_carry_bootstrap,8,1,111262,2707,3,260,220,1,0,59.175655364990234,0.0,0.0,3.0,0.24545454545454545,0.0,0,0,0,33,-1,4,-1,3.0,5,0.24242424242424243,0.696969696969697,0.42424242424242425,-2.4,0.0,0.0,0.0,0.0,0.0,0.0,0.0,0.0,0.0,0.0,0.0,0.0,0.0,0.0,0.09090909090909091
stage2a_small_swarm_carry_bootstrap,8,1,111352,2708,3,260,220,1,0,59.507442474365234,0.0,0.0,3.0,0.3181818181818182,0.0,0,0,0,30,-1,15,-1,3.0,5,0.26666666666666666,0.8333333333333334,0.36666666666666664,-2.440000000000001,0.0,0.0,0.0,0.0,0.0,0.0,0.0,0.0,0.0,0.0,0.0,0.0,0.0,0.0,0.1
stage2a_small_swarm_carry_bootstrap,8,1,111433,2709,3,260,220,1,0,59.5450553894043,0.0,0.0,3.0,0.20909090909090908,0.0,0,0,0,27,-1,8,-1,3.0,5,0.25925925925925924,0.7037037037037037,0.4444444444444444,-2.000000000000001,0.0,0.0,0.0,0.0,0.0,0.0,0.0,0.0,0.0,0.0,0.0,0.0,0.0,0.0,0.1111111111111111
stage2a_small_swarm_carry_bootstrap,8,1,111520,2710,3,260,220,1,0,59.21001052856445,0.0,0.0,3.0,0.22727272727272727,0.0,0,0,0,29,-1,12,-1,3.0,1,0.034482758620689655,0.5517241379310345,0.2413793103448276,-1.56,0.0,0.0,0.0,0.0,0.0,0.0,0.0,0.0,0.0,0.0,0.0,0.0,0.0,0.0,0.10344827586206896
stage2a_small_swarm_carry_bootstrap,8,1,111589,2711,3,260,220,1,0,59.28046798706055,0.0,0.0,3.0,0.12727272727272726,0.0,0,0,0,23,-1,10,-1,3.0,2,0.391304347826087,0.782608695652174,0.4782608695652174,-1.8800000000000008,0.0,0.0,0.0,0.0,0.0,0.0,0.0,0.0,0.0,0.0,0.0,0.0,0.0,0.0,0.13043478260869565
stage2a_small_swarm_carry_bootstrap,8,1,111676,2712,3,260,220,1,0,59.43294143676758,0.0,0.0,3.0,0.2545454545454545,0.0,0,0,0,29,-1,5,-1,3.0,4,0.3103448275862069,0.6896551724137931,0.3103448275862069,-1.9600000000000009,0.0,0.0,0.0,0.0,0.0,0.0,0.0,0.0,0.0,0.0,0.0,0.0,0.0,0.0,0.10344827586206896
stage2a_small_swarm_carry_bootstrap,8,1,111835,2713,3,260,220,1,0,58.5285530090332,0.0,0.0,3.0,0.3181818181818182,0.0,0,0,0,53,-1,7,-1,3.0,5,0.1509433962264151,0.4716981132075472,0.22641509433962265,-2.480000000000001,0.0,0.0,0.0,0.0,0.0,0.0,0.0,0.0,0.0,0.0,0.0,0.0,0.0,0.0,0.05660377358490566
stage2a_small_swarm_carry_bootstrap,8,1,111952,2714,3,260,220,1,0,59.35251235961914,0.0,0.0,3.0,0.2727272727272727,0.0,0,0,0,39,-1,11,-1,3.0,7,0.3076923076923077,0.7948717948717948,0.41025641025641024,-3.120000000000001,0.0,0.0,0.0,0.0,0.0,0.0,0.0,0.0,0.0,0.0,0.0,0.0,0.0,0.0,0.07692307692307693
stage2a_small_swarm_carry_bootstrap,8,1,112039,2715,3,260,220,1,0,59.121028900146484,0.0,0.0,3.0,0.2636363636363636,0.0,0,0,0,29,-1,3,-1,3.0,4,0.27586206896551724,0.7931034482758621,0.6206896551724138,-2.56,0.0,0.0,0.0,0.0,0.0,0.0,0.0,0.0,0.0,0.0,0.0,0.0,0.0,0.0,0.10344827586206896
stage2a_small_swarm_carry_bootstrap,8,1,112153,2716,3,260,220,1,0,58.66569900512695,0.0,0.0,3.0,0.22727272727272727,0.0,0,0,0,38,-1,14,-1,3.0,7,0.47368421052631576,1.0789473684210527,0.5,-4.040000000000002,0.0,0.0,0.0,0.0,0.0,0.0,0.0,0.0,0.0,0.0,0.0,0.0,0.0,0.0,0.07894736842105263
stage2a_small_swarm_carry_bootstrap,8,1,112270,2717,3,260,220,1,0,58.49448776245117,0.0,0.0,3.0,0.2545454545454545,0.0,0,0,0,39,-1,11,-1,3.0,4,0.1794871794871795,0.6153846153846154,0.3076923076923077,-2.400000000000001,0.0,0.0,0.0,0.0,0.0,0.0,0.0,0.0,0.0,0.0,0.0,0.0,0.0,0.0,0.07692307692307693
stage2a_small_swarm_carry_bootstrap,8,1,112360,2718,3,260,220,1,0,58.6024284362793,0.0,0.0,3.0,0.2,0.0,0,0,0,30,-1,6,-1,3.0,2,0.13333333333333333,0.5666666666666667,0.23333333333333334,-1.6400000000000001,0.0,0.0,0.0,0.0,0.0,0.0,0.0,0.0,0.0,0.0,0.0,0.0,0.0,0.0,0.1
stage2a_small_swarm_carry_bootstrap,8,1,112462,2719,3,260,220,1,0,59.62343978881836,0.0,0.0,3.0,0.32727272727272727,0.0,0,0,0,34,-1,7,-1,3.0,4,0.20588235294117646,0.5,0.2647058823529412,-1.7200000000000006,0.0,0.0,0.0,0.0,0.0,0.0,0.0,0.0,0.0,0.0,0.0,0.0,0.0,0.0,0.08823529411764706
stage2a_small_swarm_carry_bootstrap,8,1,112591,2720,3,260,220,1,0,58.5086784362793,0.0,0.0,3.0,0.3,0.0,0,0,0,43,-1,22,-1,3.0,4,0.13953488372093023,0.6511627906976745,0.32558139534883723,-2.8000000000000007,0.0,0.0,0.0,0.0,0.0,0.0,0.0,0.0,0.0,0.0,0.0,0.0,0.0,0.0,0.06976744186046512
stage2a_small_swarm_carry_bootstrap,8,1,112696,2721,3,260,220,1,0,59.24161911010742,0.0,0.0,3.0,0.23636363636363636,0.0,0,0,0,35,-1,8,-1,3.0,4,0.34285714285714286,0.7714285714285715,0.37142857142857144,-2.680000000000001,0.0,0.0,0.0,0.0,0.0,0.0,0.0,0.0,0.0,0.0,0.0,0.0,0.0,0.0,0.08571428571428572
stage2a_small_swarm_carry_bootstrap,8,1,112798,2722,3,260,220,1,0,59.42316818237305,0.0,0.0,3.0,0.2909090909090909,0.0,0,0,0,34,-1,14,-1,3.0,5,0.2647058823529412,0.7941176470588235,0.4117647058823529,-2.7200000000000006,0.0,0.0,0.0,0.0,0.0,0.0,0.0,0.0,0.0,0.0,0.0,0.0,0.0,0.0,0.08823529411764706
stage2a_small_swarm_carry_bootstrap,8,1,112864,2723,3,260,220,1,0,59.90782165527344,0.0,0.0,3.0,0.18181818181818182,0.0,0,0,0,22,-1,14,-1,3.0,2,0.09090909090909091,0.5909090909090909,0.13636363636363635,-1.1599999999999997,0.0,0.0,0.0,0.0,0.0,0.0,0.0,0.0,0.0,0.0,0.0,0.0,0.0,0.0,0.13636363636363635
stage2a_small_swarm_carry_bootstrap,8,1,112942,2724,3,260,220,1,0,59.685420989990234,0.0,0.0,3.0,0.19090909090909092,0.0,0,0,0,26,-1,9,-1,3.0,3,0.19230769230769232,0.6153846153846154,0.38461538461538464,-1.6800000000000006,0.0,0.0,0.0,0.0,0.0,0.0,0.0,0.0,0.0,0.0,0.0,0.0,0.0,0.0,0.11538461538461539
stage2a_small_swarm_carry_bootstrap,8,1,113029,2725,3,260,220,1,0,59.48602294921875,0.0,0.0,3.0,0.21818181818181817,0.0,0,0,0,29,-1,12,-1,3.0,4,0.3103448275862069,0.7586206896551724,0.41379310344827586,-2.2399999999999998,0.0,0.0,0.0,0.0,0.0,0.0,0.0,0.0,0.0,0.0,0.0,0.0,0.0,0.0,0.10344827586206896
stage2a_small_swarm_carry_bootstrap,8,1,113137,2726,3,260,220,1,0,59.09804153442383,0.0,0.0,3.0,0.2727272727272727,0.0,0,0,0,36,-1,24,-1,3.0,6,0.3611111111111111,0.9166666666666666,0.3611111111111111,-3.1600000000000015,0.0,0.0,0.0,0.0,0.0,0.0,0.0,0.0,0.0,0.0,0.0,0.0,0.0,0.0,0.08333333333333333
stage2b_small_swarm_delivery_easy,9,1,113329,2727,3,360,260,1,0,73.15198516845703,4.0,4.0,4.0,0.10795454545454546,0.0,0,0,0,59,19,33,14,1.0,3,0.1864406779661017,0.3389830508474576,0.0847457627118644,-1.35,0.0,0.0,0.0,0.0,0.0,0.0,0.0,0.0,0.0,0.0,0.0,0.0,0.0,0.0,0.06779661016949153
stage2b_small_swarm_delivery_easy,9,1,113656,2728,3,360,260,1,0,71.10108184814453,4.0,4.0,4.0,0.13636363636363635,0.0,0,0,0,109,22,34,12,1.0,10,0.4036697247706422,0.6697247706422018,0.24770642201834864,-5.189999999999997,0.0,0.0,0.0,0.0,0.0,0.0,0.0,0.0,0.0,0.0,0.0,0.0,0.0,0.0,0.03669724770642202
stage2b_small_swarm_delivery_easy,9,1,113935,2729,3,360,260,1,0,72.8165512084961,4.0,4.0,4.0,0.11931818181818182,0.0,0,0,0,93,13,19,6,1.0,4,0.24731182795698925,0.3870967741935484,0.13978494623655913,-2.5500000000000003,0.0,0.0,0.0,0.0,0.0,0.0,0.0,0.0,0.0,0.0,0.0,0.0,0.0,0.0,0.043010752688172046
stage2b_small_swarm_delivery_easy,9,1,114199,2730,3,360,260,1,0,70.94084930419922,4.0,4.0,4.0,0.11363636363636363,0.0,0,0,0,88,4,13,9,1.0,5,0.13636363636363635,0.3522727272727273,0.09090909090909091,-2.100000000000001,0.0,0.0,0.0,0.0,0.0,0.0,0.0,0.0,0.0,0.0,0.0,0.0,0.0,0.0,0.045454545454545456
stage2b_small_swarm_delivery_easy,9,1,114313,2731,3,360,260,1,0,72.95137023925781,4.0,4.0,4.0,0.13068181818181818,0.0,0,0,0,38,2,15,13,1.0,4,0.2894736842105263,0.6052631578947368,0.10526315789473684,-1.5000000000000004,0.0,0.0,0.0,0.0,0.0,0.0,0.0,0.0,0.0,0.0,0.0,0.0,0.0,0.0,0.10526315789473684
stage2b_small_swarm_delivery_easy,9,1,114574,2732,3,360,260,1,0,73.23184967041016,4.0,4.0,4.0,0.13068181818181818,0.0,0,0,0,87,3,13,10,1.0,3,0.08045977011494253,0.20689655172413793,0.022988505747126436,-1.1400000000000006,0.0,0.0,0.0,0.0,0.0,0.0,0.0,0.0,0.0,0.0,0.0,0.0,0.0,0.0,0.04597701149425287
stage2b_small_swarm_delivery_easy,9,1,114748,2733,3,360,260,1,0,73.1700210571289,4.0,4.0,4.0,0.11931818181818182,0.0,0,0,0,58,4,8,4,1.0,3,0.15517241379310345,0.29310344827586204,0.1206896551724138,-1.23,0.0,0.0,0.0,0.0,0.0,0.0,0.0,0.0,0.0,0.0,0.0,0.0,0.0,0.0,0.06896551724137931
stage2b_small_swarm_delivery_easy,9,1,114880,2734,3,360,260,1,0,73.05768585205078,4.0,4.0,4.0,0.10227272727272728,0.0,0,0,0,44,2,9,7,1.0,2,0.25,0.4318181818181818,0.18181818181818182,-1.3800000000000003,0.0,0.0,0.0,0.0,0.0,0.0,0.0,0.0,0.0,0.0,0.0,0.0,0.0,0.0,0.09090909090909091
stage2b_small_swarm_delivery_easy,9,1,115195,2735,3,360,260,1,0,73.20743560791016,4.0,4.0,4.0,0.13068181818181818,0.0,0,0,0,105,33,42,9,1.0,3,0.06666666666666667,0.1619047619047619,0.009523809523809525,-1.0500000000000003,0.0,0.0,0.0,0.0,0.0,0.0,0.0,0.0,0.0,0.0,0.0,0.0,0.0,0.0,0.0380952380952381
stage2b_small_swarm_delivery_easy,9,1,115408,2736,3,360,260,1,0,71.01505279541016,4.0,4.0,4.0,0.10227272727272728,0.0,0,0,0,71,2,25,23,1.0,12,0.7464788732394366,1.2112676056338028,0.5633802816901409,-6.359999999999999,0.0,0.0,0.0,0.0,0.0,0.0,0.0,0.0,0.0,0.0,0.0,0.0,0.0,0.0,0.056338028169014086
stage2b_small_swarm_delivery_easy,9,1,115615,2737,3,360,260,1,0,72.19680786132812,4.0,4.0,4.0,0.13068181818181818,0.0,0,0,0,69,3,23,20,1.0,6,0.37681159420289856,0.6666666666666666,0.2318840579710145,-3.2400000000000015,0.0,0.0,0.0,0.0,0.0,0.0,0.0,0.0,0.0,0.0,0.0,0.0,0.0,0.0,0.057971014492753624
stage2b_small_swarm_delivery_easy,9,1,116047,2738,3,360,260,1,0,72.42362213134766,4.0,4.0,4.0,0.17045454545454544,0.0,0,0,0,144,14,34,20,1.0,5,0.10416666666666667,0.24305555555555555,0.08333333333333333,-2.4600000000000013,0.0,0.0,0.0,0.0,0.0,0.0,0.0,0.0,0.0,0.0,0.0,0.0,0.0,0.0,0.027777777777777776
stage2b_small_swarm_delivery_easy,9,1,116305,2739,3,360,260,1,0,72.38143157958984,4.0,4.0,4.0,0.14204545454545456,0.0,0,0,0,86,28,43,15,1.0,6,0.26744186046511625,0.5116279069767442,0.1744186046511628,-3.09,0.0,0.0,0.0,0.0,0.0,0.0,0.0,0.0,0.0,0.0,0.0,0.0,0.0,0.0,0.046511627906976744
stage2b_small_swarm_delivery_easy,9,1,116494,2740,3,360,260,1,0,72.4393081665039,4.0,4.0,4.0,0.11363636363636363,0.0,0,0,0,63,4,25,21,1.0,7,0.36507936507936506,0.5873015873015873,0.36507936507936506,-2.9099999999999997,0.0,0.0,0.0,0.0,0.0,0.0,0.0,0.0,0.0,0.0,0.0,0.0,0.0,0.0,0.06349206349206349
stage2b_small_swarm_delivery_easy,9,1,116698,2741,3,360,260,1,0,73.05120086669922,4.0,4.0,4.0,0.1590909090909091,0.0,0,0,0,68,3,14,11,1.0,4,0.14705882352941177,0.3235294117647059,0.16176470588235295,-1.65,0.0,0.0,0.0,0.0,0.0,0.0,0.0,0.0,0.0,0.0,0.0,0.0,0.0,0.0,0.058823529411764705
stage2b_small_swarm_delivery_easy,9,1,116992,2742,3,360,260,1,0,72.2919692993164,4.0,4.0,4.0,0.14204545454545456,0.0,0,0,0,98,2,50,48,1.0,6,0.21428571428571427,0.42857142857142855,0.14285714285714285,-2.940000000000001,0.0,0.0,0.0,0.0,0.0,0.0,0.0,0.0,0.0,0.0,0.0,0.0,0.0,0.0,0.04081632653061224
stage2b_small_swarm_delivery_easy,9,1,117340,2743,3,360,260,1,0,73.0130386352539,4.0,4.0,4.0,0.14772727272727273,0.0,0,0,0,116,34,53,19,1.0,4,0.08620689655172414,0.19827586206896552,0.10344827586206896,-1.7400000000000009,0.0,0.0,0.0,0.0,0.0,0.0,0.0,0.0,0.0,0.0,0.0,0.0,0.0,0.0,0.034482758620689655
stage2b_small_swarm_delivery_easy,9,1,117727,2744,3,360,260,1,0,72.92675018310547,4.0,4.0,4.0,0.11931818181818182,0.0,0,0,0,129,2,19,17,1.0,4,0.17054263565891473,0.26356589147286824,0.06201550387596899,-2.2800000000000007,0.0,0.0,0.0,0.0,0.0,0.0,0.0,0.0,0.0,0.0,0.0,0.0,0.0,0.0,0.031007751937984496
stage2b_small_swarm_delivery_easy,9,1,118009,2745,3,360,260,1,0,73.10296630859375,4.0,4.0,4.0,0.14772727272727273,0.0,0,0,0,94,7,17,10,1.0,3,0.09574468085106383,0.22340425531914893,0.02127659574468085,-1.3200000000000007,0.0,0.0,0.0,0.0,0.0,0.0,0.0,0.0,0.0,0.0,0.0,0.0,0.0,0.0,0.0425531914893617
stage2b_small_swarm_delivery_easy,9,1,118249,2746,3,360,260,1,0,72.6450424194336,4.0,4.0,4.0,0.13636363636363635,0.0,0,0,0,80,2,27,25,1.0,4,0.3,0.475,0.1,-2.5200000000000005,0.0,0.0,0.0,0.0,0.0,0.0,0.0,0.0,0.0,0.0,0.0,0.0,0.0,0.0,0.05
stage2b_small_swarm_delivery_easy,9,1,118447,2747,3,360,260,1,0,72.98592376708984,4.0,4.0,4.0,0.1590909090909091,0.0,0,0,0,66,4,13,9,1.0,3,0.19696969696969696,0.3484848484848485,0.0,-1.3800000000000003,0.0,0.0,0.0,0.0,0.0,0.0,0.0,0.0,0.0,0.0,0.0,0.0,0.0,0.0,0.06060606060606061
stage2b_small_swarm_delivery_easy,9,1,118858,2748,3,360,260,1,0,72.3370132446289,4.0,4.0,4.0,0.17045454545454544,0.0,0,0,0,137,10,45,35,1.0,7,0.2773722627737226,0.4306569343065693,0.145985401459854,-4.139999999999999,0.0,0.0,0.0,0.0,0.0,0.0,0.0,0.0,0.0,0.0,0.0,0.0,0.0,0.0,0.029197080291970802
stage2b_small_swarm_delivery_easy,9,1,118984,2749,3,360,260,1,0,71.0660629272461,4.0,4.0,4.0,0.0625,0.0,0,0,0,42,1,12,11,1.0,5,0.7142857142857143,0.9761904761904762,0.5238095238095238,-3.1199999999999997,0.0,0.0,0.0,0.0,0.0,0.0,0.0,0.0,0.0,0.0,0.0,0.0,0.0,0.0,0.09523809523809523
stage2b_small_swarm_delivery_easy,9,1,119266,2750,3,360,260,1,0,72.65092468261719,4.0,4.0,4.0,0.1534090909090909,0.0,0,0,0,94,37,59,22,1.0,5,0.2127659574468085,0.39361702127659576,0.07446808510638298,-2.430000000000001,0.0,0.0,0.0,0.0,0.0,0.0,0.0,0.0,0.0,0.0,0.0,0.0,0.0,0.0,0.0425531914893617
stage2b_small_swarm_delivery_easy,9,1,119626,2751,3,360,260,1,0,72.90966033935547,4.0,4.0,4.0,0.11931818181818182,0.0,0,0,0,120,21,35,14,1.0,4,0.13333333333333333,0.25833333333333336,0.09166666666666666,-2.19,0.0,0.0,0.0,0.0,0.0,0.0,0.0,0.0,0.0,0.0,0.0,0.0,0.0,0.0,0.03333333333333333
stage2b_small_swarm_delivery_easy,9,1,119743,2752,3,360,260,1,0,72.51082611083984,4.0,4.0,4.0,0.0625,0.0,0,0,0,39,6,13,7,1.0,3,0.2564102564102564,0.4358974358974359,0.1794871794871795,-1.2300000000000002,0.0,0.0,0.0,0.0,0.0,0.0,0.0,0.0,0.0,0.0,0.0,0.0,0.0,0.0,0.10256410256410256
stage2b_small_swarm_delivery_easy,9,1,120085,2753,3,360,260,1,0,73.34495544433594,4.0,4.0,4.0,0.1590909090909091,0.0,0,0,0,114,11,21,10,1.0,2,0.043859649122807015,0.10526315789473684,0.02631578947368421,-0.8100000000000002,0.0,0.0,0.0,0.0,0.0,0.0,0.0,0.0,0.0,0.0,0.0,0.0,0.0,0.0,0.03508771929824561
stage2b_small_swarm_delivery_easy,9,1,120190,2754,3,360,260,1,0,72.8351058959961,4.0,4.0,4.0,0.09659090909090909,0.0,0,0,0,35,2,8,6,1.0,2,0.17142857142857143,0.42857142857142855,0.14285714285714285,-1.05,0.0,0.0,0.0,0.0,0.0,0.0,0.0,0.0,0.0,0.0,0.0,0.0,0.0,0.0,0.11428571428571428
stage2b_small_swarm_delivery_easy,9,1,120433,2755,3,360,260,1,0,72.09549713134766,4.0,4.0,4.0,0.1590909090909091,0.0,0,0,0,81,2,31,29,1.0,5,0.2222222222222222,0.4074074074074074,0.19753086419753085,-2.46,0.0,0.0,0.0,0.0,0.0,0.0,0.0,0.0,0.0,0.0,0.0,0.0,0.0,0.0,0.04938271604938271
stage2b_small_swarm_delivery_easy,9,1,120805,2756,3,360,260,1,0,72.90736389160156,4.0,4.0,4.0,0.125,0.0,0,0,0,124,52,65,13,1.0,4,0.10483870967741936,0.20161290322580644,0.03225806451612903,-1.6200000000000008,0.0,0.0,0.0,0.0,0.0,0.0,0.0,0.0,0.0,0.0,0.0,0.0,0.0,0.0,0.03225806451612903
stage2b_small_swarm_delivery_easy,9,1,121234,2757,3,360,260,1,0,70.755126953125,4.0,4.0,4.0,0.09659090909090909,0.0,0,0,0,143,3,20,17,1.0,11,0.35664335664335667,0.6013986013986014,0.2867132867132867,-6.389999999999992,0.0,0.0,0.0,0.0,0.0,0.0,0.0,0.0,0.0,0.0,0.0,0.0,0.0,0.0,0.027972027972027972
stage2b_small_swarm_delivery_easy,9,1,121411,2758,3,360,260,1,0,71.61844635009766,4.0,4.0,4.0,0.13068181818181818,0.0,0,0,0,59,2,16,14,1.0,5,0.4067796610169492,0.7457627118644068,0.22033898305084745,-3.03,0.0,0.0,0.0,0.0,0.0,0.0,0.0,0.0,0.0,0.0,0.0,0.0,0.0,0.0,0.06779661016949153
stage2b_small_swarm_delivery_easy,9,1,121543,2759,3,360,260,1,0,71.85184478759766,4.0,4.0,4.0,0.07386363636363637,0.0,0,0,0,44,8,21,13,1.0,3,0.3409090909090909,0.6136363636363636,0.13636363636363635,-1.8000000000000007,0.0,0.0,0.0,0.0,0.0,0.0,0.0,0.0,0.0,0.0,0.0,0.0,0.0,0.0,0.09090909090909091
stage2b_small_swarm_delivery_easy,9,1,121687,2760,3,360,260,1,0,72.86029815673828,4.0,4.0,4.0,0.11931818181818182,0.0,0,0,0,48,2,8,6,1.0,3,0.375,0.5416666666666666,0.16666666666666666,-1.8000000000000003,0.0,0.0,0.0,0.0,0.0,0.0,0.0,0.0,0.0,0.0,0.0,0.0,0.0,0.0,0.08333333333333333
stage2b_small_swarm_delivery_easy,9,1,121927,2761,3,360,260,1,0,72.2465591430664,4.0,4.0,4.0,0.11931818181818182,0.0,0,0,0,80,27,41,14,1.0,4,0.1625,0.325,0.1,-1.8,0.0,0.0,0.0,0.0,0.0,0.0,0.0,0.0,0.0,0.0,0.0,0.0,0.0,0.0,0.05
stage2b_small_swarm_delivery_easy,9,1,122224,2762,3,360,260,1,0,71.73185729980469,4.0,4.0,4.0,0.14204545454545456,0.0,0,0,0,99,29,45,16,1.0,7,0.41414141414141414,0.6161616161616161,0.20202020202020202,-4.260000000000001,0.0,0.0,0.0,0.0,0.0,0.0,0.0,0.0,0.0,0.0,0.0,0.0,0.0,0.0,0.04040404040404041
stage2b_small_swarm_delivery_easy,9,1,122422,2763,3,360,260,1,0,73.08783721923828,4.0,4.0,4.0,0.09659090909090909,0.0,0,0,0,66,4,9,5,1.0,3,0.15151515151515152,0.2878787878787879,0.06060606060606061,-1.2600000000000005,0.0,0.0,0.0,0.0,0.0,0.0,0.0,0.0,0.0,0.0,0.0,0.0,0.0,0.0,0.06060606060606061
stage2b_small_swarm_delivery_easy,9,1,122803,2764,3,360,260,1,0,72.82086181640625,4.0,4.0,4.0,0.1875,0.0,0,0,0,127,3,39,36,1.0,5,0.09448818897637795,0.2204724409448819,0.06299212598425197,-1.920000000000001,0.0,0.0,0.0,0.0,0.0,0.0,0.0,0.0,0.0,0.0,0.0,0.0,0.0,0.0,0.031496062992125984
stage2b_small_swarm_delivery_easy,9,1,123037,2765,3,360,260,1,0,72.3703384399414,4.0,4.0,4.0,0.11931818181818182,0.0,0,0,0,78,9,26,17,1.0,6,0.38461538461538464,0.5897435897435898,0.19230769230769232,-3.210000000000001,0.0,0.0,0.0,0.0,0.0,0.0,0.0,0.0,0.0,0.0,0.0,0.0,0.0,0.0,0.05128205128205128
stage2b_small_swarm_delivery_easy,9,1,123340,2766,3,360,260,1,0,72.998291015625,4.0,4.0,4.0,0.11931818181818182,0.0,0,0,0,101,3,23,20,1.0,5,0.16831683168316833,0.3069306930693069,0.0594059405940594,-2.0400000000000014,0.0,0.0,0.0,0.0,0.0,0.0,0.0,0.0,0.0,0.0,0.0,0.0,0.0,0.0,0.039603960396039604
stage2b_small_swarm_delivery_easy,9,1,123715,2767,3,360,260,1,0,72.95201873779297,4.0,4.0,4.0,0.13068181818181818,0.0,0,0,0,125,6,20,14,1.0,4,0.152,0.264,0.104,-2.3700000000000006,0.0,0.0,0.0,0.0,0.0,0.0,0.0,0.0,0.0,0.0,0.0,0.0,0.0,0.0,0.032
stage2b_small_swarm_delivery_easy,9,1,123937,2768,3,360,260,1,0,72.18387603759766,4.0,4.0,4.0,0.13636363636363635,0.0,0,0,0,74,3,46,43,1.0,6,0.581081081081081,0.8243243243243243,0.21621621621621623,-4.140000000000001,0.0,0.0,0.0,0.0,0.0,0.0,0.0,0.0,0.0,0.0,0.0,0.0,0.0,0.0,0.05405405405405406
stage2b_small_swarm_delivery_easy,9,1,124201,2769,3,360,260,1,0,73.19966125488281,4.0,4.0,4.0,0.11363636363636363,0.0,0,0,0,88,3,21,18,1.0,2,0.10227272727272728,0.23863636363636365,0.09090909090909091,-1.5000000000000007,0.0,0.0,0.0,0.0,0.0,0.0,0.0,0.0,0.0,0.0,0.0,0.0,0.0,0.0,0.045454545454545456
stage2b_small_swarm_delivery_easy,9,1,124423,2770,3,360,260,1,0,72.63898468017578,4.0,4.0,4.0,0.125,0.0,0,0,0,74,28,44,16,1.0,6,0.2702702702702703,0.47297297297297297,0.12162162162162163,-2.3700000000000006,0.0,0.0,0.0,0.0,0.0,0.0,0.0,0.0,0.0,0.0,0.0,0.0,0.0,0.0,0.05405405405405406
stage2b_small_swarm_delivery_easy,9,1,124621,2771,3,360,260,1,0,73.64090728759766,4.0,4.0,4.0,0.07954545454545454,0.0,0,0,0,66,17,20,3,1.0,1,0.09090909090909091,0.13636363636363635,0.030303030303030304,-0.6,0.0,0.0,0.0,0.0,0.0,0.0,0.0,0.0,0.0,0.0,0.0,0.0,0.0,0.0,0.06060606060606061
stage2b_small_swarm_delivery_easy,9,1,124834,2772,3,360,260,1,0,72.8396987915039,4.0,4.0,4.0,0.11931818181818182,0.0,0,0,0,71,9,22,13,1.0,5,0.28169014084507044,0.4788732394366197,0.16901408450704225,-2.4000000000000004,0.0,0.0,0.0,0.0,0.0,0.0,0.0,0.0,0.0,0.0,0.0,0.0,0.0,0.0,0.056338028169014086
stage2b_small_swarm_delivery_easy,9,1,125047,2773,3,360,260,1,0,72.8027114868164,4.0,4.0,4.0,0.11931818181818182,0.0,0,0,0,71,6,27,21,1.0,4,0.29577464788732394,0.4507042253521127,0.07042253521126761,-2.070000000000001,0.0,0.0,0.0,0.0,0.0,0.0,0.0,0.0,0.0,0.0,0.0,0.0,0.0,0.0,0.056338028169014086
stage2b_small_swarm_delivery_easy,9,1,125233,2774,3,360,260,1,0,73.0854721069336,4.0,4.0,4.0,0.09659090909090909,0.0,0,0,0,62,4,20,16,1.0,3,0.11290322580645161,0.3387096774193548,0.14516129032258066,-1.5300000000000002,0.0,0.0,0.0,0.0,0.0,0.0,0.0,0.0,0.0,0.0,0.0,0.0,0.0,0.0,0.06451612903225806
stage2b_small_swarm_delivery_easy,9,1,125461,2775,3,360,260,1,0,70.22098541259766,4.0,4.0,4.0,0.10227272727272728,0.0,0,0,0,76,2,27,25,1.0,8,0.6842105263157895,0.9868421052631579,0.39473684210526316,-5.399999999999996,0.0,0.0,0.0,0.0,0.0,0.0,0.0,0.0,0.0,0.0,0.0,0.0,0.0,0.0,0.05263157894736842
stage2b_small_swarm_delivery_easy,9,1,125695,2776,3,360,260,1,0,72.79619598388672,4.0,4.0,4.0,0.14204545454545456,0.0,0,0,0,78,3,7,4,1.0,5,0.21794871794871795,0.38461538461538464,0.10256410256410256,-2.040000000000001,0.0,0.0,0.0,0.0,0.0,0.0,0.0,0.0,0.0,0.0,0.0,0.0,0.0,0.0,0.05128205128205128
stage2b_small_swarm_delivery_easy,9,1,125941,2777,3,360,260,1,0,72.70541381835938,4.0,4.0,4.0,0.09659090909090909,0.0,0,0,0,82,2,12,10,1.0,4,0.2804878048780488,0.4146341463414634,0.2073170731707317,-2.5500000000000007,0.0,0.0,0.0,0.0,0.0,0.0,0.0,0.0,0.0,0.0,0.0,0.0,0.0,0.0,0.04878048780487805
stage2b_small_swarm_delivery_easy,9,1,126142,2778,3,360,260,1,0,71.4863052368164,4.0,4.0,4.0,0.10795454545454546,0.0,0,0,0,67,2,13,11,1.0,6,0.1791044776119403,0.44776119402985076,0.3283582089552239,-2.46,0.0,0.0,0.0,0.0,0.0,0.0,0.0,0.0,0.0,0.0,0.0,0.0,0.0,0.0,0.05970149253731343
stage2b_small_swarm_delivery_easy,9,1,126277,2779,3,360,260,1,0,73.08440399169922,4.0,4.0,4.0,0.14204545454545456,0.0,0,0,0,45,3,15,12,1.0,3,0.2222222222222222,0.4444444444444444,0.0,-1.2000000000000002,0.0,0.0,0.0,0.0,0.0,0.0,0.0,0.0,0.0,0.0,0.0,0.0,0.0,0.0,0.08888888888888889
stage2b_small_swarm_delivery_easy,9,1,126442,2780,3,360,260,1,0,72.16983795166016,4.0,4.0,4.0,0.11931818181818182,0.0,0,0,0,55,3,30,27,1.0,5,0.5272727272727272,0.7636363636363637,0.34545454545454546,-3.0900000000000003,0.0,0.0,0.0,0.0,0.0,0.0,0.0,0.0,0.0,0.0,0.0,0.0,0.0,0.0,0.07272727272727272
stage2b_small_swarm_delivery_easy,9,1,126697,2781,3,360,260,1,0,72.6748275756836,4.0,4.0,4.0,0.125,0.0,0,0,0,85,3,21,18,1.0,5,0.25882352941176473,0.4,0.2,-2.5500000000000003,0.0,0.0,0.0,0.0,0.0,0.0,0.0,0.0,0.0,0.0,0.0,0.0,0.0,0.0,0.047058823529411764
stage2b_small_swarm_delivery_easy,9,1,126919,2782,3,360,260,1,0,72.86149597167969,4.0,4.0,4.0,0.11363636363636363,0.0,0,0,0,74,6,21,15,1.0,3,0.3108108108108108,0.47297297297297297,0.16216216216216217,-2.460000000000001,0.0,0.0,0.0,0.0,0.0,0.0,0.0,0.0,0.0,0.0,0.0,0.0,0.0,0.0,0.05405405405405406
stage2b_small_swarm_delivery_easy,9,1,127069,2783,3,360,260,1,0,72.11158752441406,4.0,4.0,4.0,0.11931818181818182,0.0,0,0,0,50,2,19,17,1.0,5,0.6,0.92,0.5,-3.509999999999999,0.0,0.0,0.0,0.0,0.0,0.0,0.0,0.0,0.0,0.0,0.0,0.0,0.0,0.0,0.08
stage2b_small_swarm_delivery_easy,9,1,127276,2784,3,360,260,1,0,72.60454559326172,4.0,4.0,4.0,0.10227272727272728,0.0,0,0,0,69,2,20,18,1.0,4,0.2753623188405797,0.4927536231884058,0.15942028985507245,-2.3700000000000006,0.0,0.0,0.0,0.0,0.0,0.0,0.0,0.0,0.0,0.0,0.0,0.0,0.0,0.0,0.057971014492753624
stage2b_small_swarm_delivery_easy,9,1,127501,2785,3,360,260,1,0,73.27367401123047,4.0,4.0,4.0,0.10227272727272728,0.0,0,0,0,75,10,15,5,1.0,3,0.09333333333333334,0.21333333333333335,0.013333333333333334,-0.99,0.0,0.0,0.0,0.0,0.0,0.0,0.0,0.0,0.0,0.0,0.0,0.0,0.0,0.0,0.05333333333333334
stage2b_small_swarm_delivery_easy,9,1,127789,2786,3,360,260,1,0,73.10205078125,4.0,4.0,4.0,0.09659090909090909,0.0,0,0,0,96,3,13,10,1.0,4,0.14583333333333334,0.2604166666666667,0.13541666666666666,-1.8900000000000008,0.0,0.0,0.0,0.0,0.0,0.0,0.0,0.0,0.0,0.0,0.0,0.0,0.0,0.0,0.041666666666666664
stage2b_small_swarm_delivery_easy,9,1,128032,2787,3,360,260,1,0,72.89310455322266,4.0,4.0,4.0,0.10795454545454546,0.0,0,0,0,81,3,9,6,1.0,3,0.14814814814814814,0.2839506172839506,0.12345679012345678,-1.6800000000000006,0.0,0.0,0.0,0.0,0.0,0.0,0.0,0.0,0.0,0.0,0.0,0.0,0.0,0.0,0.04938271604938271
stage2b_small_swarm_delivery_easy,9,1,128287,2788,3,360,260,1,0,72.28060913085938,4.0,4.0,4.0,0.14204545454545456,0.0,0,0,0,85,10,33,23,1.0,5,0.3411764705882353,0.5294117647058824,0.2,-3.21,0.0,0.0,0.0,0.0,0.0,0.0,0.0,0.0,0.0,0.0,0.0,0.0,0.0,0.0,0.047058823529411764
stage2b_small_swarm_delivery_easy,9,1,128491,2789,3,360,260,1,0,72.86739349365234,4.0,4.0,4.0,0.08522727272727272,0.0,0,0,0,68,2,10,8,1.0,3,0.16176470588235295,0.2647058823529412,0.16176470588235295,-1.4100000000000001,0.0,0.0,0.0,0.0,0.0,0.0,0.0,0.0,0.0,0.0,0.0,0.0,0.0,0.0,0.058823529411764705
stage2b_small_swarm_delivery_easy,9,1,128656,2790,3,360,260,1,0,71.24063873291016,4.0,4.0,4.0,0.09090909090909091,0.0,0,0,0,55,18,30,12,1.0,0,0.0,0.23636363636363636,0.07272727272727272,-0.8999999999999999,0.0,0.0,0.0,0.0,0.0,0.0,0.0,0.0,0.0,0.0,0.0,0.0,0.0,0.0,0.07272727272727272
stage2b_small_swarm_delivery_easy,9,1,129184,2791,3,360,260,1,0,73.04782104492188,4.0,4.0,4.0,0.125,0.0,0,0,0,176,2,14,12,1.0,4,0.05113636363636364,0.125,0.028409090909090908,-1.4700000000000004,0.0,0.0,0.0,0.0,0.0,0.0,0.0,0.0,0.0,0.0,0.0,0.0,0.0,0.0,0.022727272727272728
stage2b_small_swarm_delivery_easy,9,1,129367,2792,3,360,260,1,0,72.84138488769531,4.0,4.0,4.0,0.07954545454545454,0.0,0,0,0,61,3,10,7,1.0,3,0.26229508196721313,0.39344262295081966,0.18032786885245902,-1.7700000000000007,0.0,0.0,0.0,0.0,0.0,0.0,0.0,0.0,0.0,0.0,0.0,0.0,0.0,0.0,0.06557377049180328
stage2b_small_swarm_delivery_easy,9,1,129535,2793,3,360,260,1,0,72.7235336303711,4.0,4.0,4.0,0.10795454545454546,0.0,0,0,0,56,4,21,17,1.0,4,0.32142857142857145,0.5892857142857143,0.16071428571428573,-2.2500000000000004,0.0,0.0,0.0,0.0,0.0,0.0,0.0,0.0,0.0,0.0,0.0,0.0,0.0,0.0,0.07142857142857142
stage2b_small_swarm_delivery_easy,9,1,129703,2794,3,360,260,1,0,72.76581573486328,4.0,4.0,4.0,0.13636363636363635,0.0,0,0,0,56,10,21,11,1.0,3,0.14285714285714285,0.35714285714285715,0.125,-1.4100000000000004,0.0,0.0,0.0,0.0,0.0,0.0,0.0,0.0,0.0,0.0,0.0,0.0,0.0,0.0,0.07142857142857142
stage2b_small_swarm_delivery_easy,9,1,130423,2795,3,360,260,1,0,55.12833786010742,3.0,3.0,3.0,0.11363636363636363,0.0,0,0,1,240,44,55,11,1.0,2,0.0125,0.05,0.0,-0.7200000000000002,0.0,0.0,0.0,0.0,0.0,0.0,0.0,0.0,0.0,0.0,0.0,0.0,0.0,0.0,0.0125
stage2b_small_swarm_delivery_easy,9,1,130597,2796,3,360,260,1,0,72.79315948486328,4.0,4.0,4.0,0.09659090909090909,0.0,0,0,0,58,3,12,9,1.0,3,0.15517241379310345,0.3620689655172414,0.15517241379310345,-1.5300000000000005,0.0,0.0,0.0,0.0,0.0,0.0,0.0,0.0,0.0,0.0,0.0,0.0,0.0,0.0,0.06896551724137931
stage2b_small_swarm_delivery_easy,9,1,130912,2797,3,360,260,1,0,72.68285369873047,4.0,4.0,4.0,0.07954545454545454,0.0,0,0,0,105,11,27,16,1.0,4,0.11428571428571428,0.23809523809523808,0.0761904761904762,-1.7400000000000009,0.0,0.0,0.0,0.0,0.0,0.0,0.0,0.0,0.0,0.0,0.0,0.0,0.0,0.0,0.0380952380952381
stage2b_small_swarm_delivery_easy,9,1,131116,2798,3,360,260,1,0,72.89923095703125,4.0,4.0,4.0,0.11931818181818182,0.0,0,0,0,68,8,22,14,1.0,4,0.22058823529411764,0.4264705882352941,0.1323529411764706,-2.0100000000000007,0.0,0.0,0.0,0.0,0.0,0.0,0.0,0.0,0.0,0.0,0.0,0.0,0.0,0.0,0.058823529411764705
stage2b_small_swarm_delivery_easy,9,1,131383,2799,3,360,260,1,0,69.92993927001953,4.0,4.0,4.0,0.08522727272727272,0.0,0,0,0,89,2,13,11,1.0,3,0.056179775280898875,0.2247191011235955,0.07865168539325842,-1.4100000000000006,0.0,0.0,0.0,0.0,0.0,0.0,0.0,0.0,0.0,0.0,0.0,0.0,0.0,0.0,0.0449438202247191
stage2b_small_swarm_delivery_easy,9,1,131677,2800,3,360,260,1,0,72.95258331298828,4.0,4.0,4.0,0.13068181818181818,0.0,0,0,0,98,3,13,10,1.0,4,0.1836734693877551,0.2857142857142857,0.09183673469387756,-1.950000000000001,0.0,0.0,0.0,0.0,0.0,0.0,0.0,0.0,0.0,0.0,0.0,0.0,0.0,0.0,0.04081632653061224
stage2b_small_swarm_delivery_easy,9,1,131860,2801,3,360,260,1,0,73.23768615722656,4.0,4.0,4.0,0.09090909090909091,0.0,0,0,0,61,3,9,6,1.0,2,0.18032786885245902,0.2786885245901639,0.09836065573770492,-1.2000000000000002,0.0,0.0,0.0,0.0,0.0,0.0,0.0,0.0,0.0,0.0,0.0,0.0,0.0,0.0,0.06557377049180328
stage2c_small_swarm_medium,10,1,132355,2802,3,520,380,1,1,66.74652862548828,4.0,4.0,4.0,0.16761363636363635,0.0,0,0,0,129,55,74,19,1.0,4,0.13178294573643412,0.2558139534883721,0.10077519379844961,-2.2049999999999996,0.0,0.0,0.0,0.0,0.0,0.0,0.0,0.0,0.0,0.0,0.0,0.0,0.0,0.0,0.031007751937984496
stage2c_small_swarm_medium,10,1,133315,2803,3,520,380,1,1,-18.682422637939453,3.0,3.0,0.0,0.24147727272727273,0.0,0,0,1,320,61,-1,-1,0.0,30,0.984375,1.25625,0.303125,-25.01999999999999,0.0,0.0,0.0,0.0,0.0,0.0,0.0,0.0,0.0,0.0,0.0,0.0,0.0,0.0,0.0
stage2c_small_swarm_medium,10,1,134275,2804,3,520,380,1,1,15.184234619140625,1.0,1.0,1.0,0.25,0.0,0,0,3,320,188,201,13,1.0,1,0.00625,0.015625,0.0,-0.275,0.0,0.0,0.0,0.0,0.0,0.0,0.0,0.0,0.0,0.0,0.0,0.0,0.0,0.0,0.003125
stage2c_small_swarm_medium,10,1,134827,2805,3,520,380,1,1,63.2425537109375,4.0,4.0,4.0,0.28125,0.0,0,0,0,184,28,65,37,1.0,5,0.20108695652173914,0.2826086956521739,0.15217391304347827,-3.7,0.0,0.0,0.0,0.0,0.0,0.0,0.0,0.0,0.0,0.0,0.0,0.0,0.0,0.0,0.021739130434782608
stage2c_small_swarm_medium,10,1,135220,2806,3,520,380,1,1,67.0518798828125,4.0,4.0,4.0,0.2215909090909091,0.0,0,0,0,131,44,53,9,1.0,4,0.07633587786259542,0.17557251908396945,0.0916030534351145,-1.6249999999999996,0.0,0.0,0.0,0.0,0.0,0.0,0.0,0.0,0.0,0.0,0.0,0.0,0.0,0.0,0.030534351145038167
stage2c_small_swarm_medium,10,1,135724,2807,3,520,380,1,1,61.62075424194336,4.0,4.0,4.0,0.26136363636363635,0.0,0,0,0,168,68,91,23,1.0,5,0.13690476190476192,0.20833333333333334,0.11904761904761904,-2.5249999999999995,0.0,0.0,0.0,0.0,0.0,0.0,0.0,0.0,0.0,0.0,0.0,0.0,0.0,0.0,0.023809523809523808
stage2c_small_swarm_medium,10,1,136159,2808,3,520,380,1,1,65.15385437011719,4.0,4.0,4.0,0.23579545454545456,0.0,0,0,0,145,57,82,25,1.0,8,0.2620689655172414,0.4482758620689655,0.2827586206896552,-4.804999999999999,0.0,0.0,0.0,0.0,0.0,0.0,0.0,0.0,0.0,0.0,0.0,0.0,0.0,0.0,0.027586206896551724
stage2c_small_swarm_medium,10,1,136711,2809,3,520,380,1,1,64.3035659790039,4.0,4.0,4.0,0.2556818181818182,0.0,0,0,0,184,29,70,41,1.0,6,0.1358695652173913,0.21739130434782608,0.07608695652173914,-2.620000000000001,0.0,0.0,0.0,0.0,0.0,0.0,0.0,0.0,0.0,0.0,0.0,0.0,0.0,0.0,0.021739130434782608
stage2c_small_swarm_medium,10,1,137470,2810,3,520,380,1,1,67.13350677490234,4.0,4.0,4.0,0.30113636363636365,0.0,0,0,0,253,175,201,26,1.0,6,0.06719367588932806,0.1225296442687747,0.05928853754940711,-2.155,0.0,0.0,0.0,0.0,0.0,0.0,0.0,0.0,0.0,0.0,0.0,0.0,0.0,0.0,0.015810276679841896
stage2c_small_swarm_medium,10,1,137692,2811,3,520,380,1,1,67.61312866210938,4.0,4.0,4.0,0.10511363636363637,0.0,0,0,0,74,35,49,14,1.0,4,0.20270270270270271,0.36486486486486486,0.08108108108108109,-1.665,0.0,0.0,0.0,0.0,0.0,0.0,0.0,0.0,0.0,0.0,0.0,0.0,0.0,0.0,0.05405405405405406
stage2c_small_swarm_medium,10,1,138019,2812,3,520,380,1,1,67.69652557373047,4.0,4.0,4.0,0.15056818181818182,0.0,0,0,0,109,60,71,11,1.0,3,0.11926605504587157,0.21100917431192662,0.06422018348623854,-1.4749999999999994,0.0,0.0,0.0,0.0,0.0,0.0,0.0,0.0,0.0,0.0,0.0,0.0,0.0,0.0,0.03669724770642202
stage2c_small_swarm_medium,10,1,138529,2813,3,520,380,1,1,67.02713775634766,4.0,4.0,4.0,0.23011363636363635,0.0,0,0,0,170,48,99,51,1.0,7,0.15294117647058825,0.25882352941176473,0.07058823529411765,-2.7800000000000016,0.0,0.0,0.0,0.0,0.0,0.0,0.0,0.0,0.0,0.0,0.0,0.0,0.0,0.0,0.023529411764705882
stage2c_small_swarm_medium,10,1,139165,2814,3,520,380,1,1,64.5096435546875,4.0,4.0,4.0,0.21306818181818182,0.0,0,0,0,212,93,134,41,1.0,9,0.3443396226415094,0.45754716981132076,0.20754716981132076,-6.654999999999999,0.0,0.0,0.0,0.0,0.0,0.0,0.0,0.0,0.0,0.0,0.0,0.0,0.0,0.0,0.018867924528301886
stage2c_small_swarm_medium,10,1,139603,2815,3,520,380,1,1,65.36750793457031,4.0,4.0,4.0,0.23579545454545456,0.0,0,0,0,146,54,95,41,1.0,7,0.19863013698630136,0.3219178082191781,0.0821917808219178,-2.9450000000000016,0.0,0.0,0.0,0.0,0.0,0.0,0.0,0.0,0.0,0.0,0.0,0.0,0.0,0.0,0.0273972602739726
stage2c_small_swarm_medium,10,1,140563,2816,3,520,380,1,1,8.604382514953613,2.0,2.0,1.0,0.17613636363636365,0.0,0,0,2,320,227,237,10,0.5,0,0.0,0.015625,0.0,-0.275,0.0,0.0,0.0,0.0,0.0,0.0,0.0,0.0,0.0,0.0,0.0,0.0,0.0,0.0,0.003125
stage2c_small_swarm_medium,10,1,141100,2817,3,520,380,1,1,66.4281234741211,4.0,4.0,4.0,0.13068181818181818,0.0,0,0,0,179,16,55,39,1.0,8,0.27932960893854747,0.39664804469273746,0.18994413407821228,-4.925,0.0,0.0,0.0,0.0,0.0,0.0,0.0,0.0,0.0,0.0,0.0,0.0,0.0,0.0,0.0223463687150838
stage2c_small_swarm_medium,10,1,141766,2818,3,520,380,1,1,64.46110534667969,4.0,4.0,4.0,0.2784090909090909,0.0,0,0,0,222,69,92,23,1.0,7,0.0945945945945946,0.19369369369369369,0.10810810810810811,-3.0850000000000004,0.0,0.0,0.0,0.0,0.0,0.0,0.0,0.0,0.0,0.0,0.0,0.0,0.0,0.0,0.018018018018018018
stage2c_small_swarm_medium,10,1,142726,2819,3,520,380,1,1,30.48714256286621,3.0,3.0,2.0,0.2840909090909091,0.0,0,0,1,320,4,37,33,0.6666666666666666,5,0.06875,0.10625,0.0625,-2.4699999999999993,0.0,0.0,0.0,0.0,0.0,0.0,0.0,0.0,0.0,0.0,0.0,0.0,0.0,0.0,0.00625
stage2c_small_swarm_medium,10,1,143080,2820,3,520,380,1,1,63.06454849243164,4.0,4.0,4.0,0.20170454545454544,0.0,0,0,0,118,32,42,10,1.0,2,0.0423728813559322,0.1694915254237288,0.03389830508474576,-1.22,0.0,0.0,0.0,0.0,0.0,0.0,0.0,0.0,0.0,0.0,0.0,0.0,0.0,0.0,0.03389830508474576
stage2c_small_swarm_medium,10,1,143461,2821,3,520,380,1,1,66.3350601196289,4.0,4.0,4.0,0.23295454545454544,0.0,0,0,0,127,35,74,39,1.0,5,0.2204724409448819,0.3228346456692913,0.09448818897637795,-2.615000000000001,0.0,0.0,0.0,0.0,0.0,0.0,0.0,0.0,0.0,0.0,0.0,0.0,0.0,0.0,0.031496062992125984
stage2c_small_swarm_medium,10,1,143953,2822,3,520,380,1,1,61.692962646484375,4.0,4.0,4.0,0.24147727272727273,0.0,0,0,0,164,46,70,24,1.0,5,0.08536585365853659,0.16463414634146342,0.054878048780487805,-1.7549999999999992,0.0,0.0,0.0,0.0,0.0,0.0,0.0,0.0,0.0,0.0,0.0,0.0,0.0,0.0,0.024390243902439025
stage2c_small_swarm_medium,10,1,144373,2823,3,520,380,1,1,66.28414916992188,4.0,4.0,4.0,0.2556818181818182,0.0,0,0,0,140,77,92,15,1.0,5,0.17142857142857143,0.2785714285714286,0.05,-2.3550000000000004,0.0,0.0,0.0,0.0,0.0,0.0,0.0,0.0,0.0,0.0,0.0,0.0,0.0,0.0,0.02857142857142857
stage2c_small_swarm_medium,10,1,144706,2824,3,520,380,1,1,67.07192993164062,4.0,4.0,4.0,0.22443181818181818,0.0,0,0,0,111,46,60,14,1.0,5,0.15315315315315314,0.2702702702702703,0.07207207207207207,-1.8899999999999997,0.0,0.0,0.0,0.0,0.0,0.0,0.0,0.0,0.0,0.0,0.0,0.0,0.0,0.0,0.036036036036036036
stage2c_small_swarm_medium,10,1,145030,2825,3,520,380,1,1,64.65828704833984,4.0,4.0,4.0,0.1278409090909091,0.0,0,0,0,108,8,29,21,1.0,4,0.14814814814814814,0.25925925925925924,0.1574074074074074,-2.05,0.0,0.0,0.0,0.0,0.0,0.0,0.0,0.0,0.0,0.0,0.0,0.0,0.0,0.0,0.037037037037037035
stage2c_small_swarm_medium,10,1,145534,2826,3,520,380,1,1,65.68722534179688,4.0,4.0,4.0,0.21022727272727273,0.0,0,0,0,168,66,81,15,1.0,8,0.2916666666666667,0.40476190476190477,0.22023809523809523,-4.85,0.0,0.0,0.0,0.0,0.0,0.0,0.0,0.0,0.0,0.0,0.0,0.0,0.0,0.0,0.023809523809523808
stage2c_small_swarm_medium,10,1,145828,2827,3,520,380,1,1,66.25501251220703,4.0,4.0,4.0,0.14772727272727273,0.0,0,0,0,98,59,70,11,1.0,2,0.04081632653061224,0.14285714285714285,0.0,-0.7700000000000002,0.0,0.0,0.0,0.0,0.0,0.0,0.0,0.0,0.0,0.0,0.0,0.0,0.0,0.0,0.04081632653061224
stage2c_small_swarm_medium,10,1,146371,2828,3,520,380,1,1,66.56841278076172,4.0,4.0,4.0,0.2869318181818182,0.0,0,0,0,181,136,153,17,1.0,3,0.06629834254143646,0.11602209944751381,0.0055248618784530384,-1.185,0.0,0.0,0.0,0.0,0.0,0.0,0.0,0.0,0.0,0.0,0.0,0.0,0.0,0.0,0.022099447513812154
stage2c_small_swarm_medium,10,1,146779,2829,3,520,380,1,1,52.7375373840332,4.0,4.0,4.0,0.1590909090909091,0.0,0,0,0,136,75,87,12,1.0,1,0.007352941176470588,0.125,0.029411764705882353,-1.0550000000000002,0.0,0.0,0.0,0.0,0.0,0.0,0.0,0.0,0.0,0.0,0.0,0.0,0.0,0.0,0.029411764705882353
stage2c_small_swarm_medium,10,1,147397,2830,3,520,380,1,1,60.32884216308594,4.0,4.0,4.0,0.24431818181818182,0.0,0,0,0,206,34,55,21,1.0,13,0.2815533980582524,0.5048543689320388,0.19902912621359223,-6.949999999999999,0.0,0.0,0.0,0.0,0.0,0.0,0.0,0.0,0.0,0.0,0.0,0.0,0.0,0.0,0.019417475728155338
stage2c_small_swarm_medium,10,1,147787,2831,3,520,380,1,1,66.21395111083984,4.0,4.0,4.0,0.20738636363636365,0.0,0,0,0,130,56,66,10,1.0,3,0.046153846153846156,0.13076923076923078,0.03076923076923077,-1.0550000000000004,0.0,0.0,0.0,0.0,0.0,0.0,0.0,0.0,0.0,0.0,0.0,0.0,0.0,0.0,0.03076923076923077
stage2c_small_swarm_medium,10,1,148180,2832,3,520,380,1,1,65.46855926513672,4.0,4.0,4.0,0.2215909090909091,0.0,0,0,0,131,45,64,19,1.0,4,0.10687022900763359,0.25190839694656486,0.16030534351145037,-2.444999999999999,0.0,0.0,0.0,0.0,0.0,0.0,0.0,0.0,0.0,0.0,0.0,0.0,0.0,0.0,0.030534351145038167
stage2c_small_swarm_medium,10,1,148900,2833,3,520,380,1,1,66.6478271484375,4.0,4.0,4.0,0.20738636363636365,0.0,0,0,0,240,19,50,31,1.0,6,0.06666666666666667,0.14166666666666666,0.0625,-2.3200000000000003,0.0,0.0,0.0,0.0,0.0,0.0,0.0,0.0,0.0,0.0,0.0,0.0,0.0,0.0,0.016666666666666666
stage2c_small_swarm_medium,10,1,149431,2834,3,520,380,1,1,62.5341911315918,4.0,4.0,4.0,0.18181818181818182,0.0,0,0,0,177,115,128,13,1.0,4,0.04519774011299435,0.11299435028248588,0.005649717514124294,-1.1300000000000003,0.0,0.0,0.0,0.0,0.0,0.0,0.0,0.0,0.0,0.0,0.0,0.0,0.0,0.0,0.022598870056497175
stage2c_small_swarm_medium,10,1,149857,2835,3,520,380,1,1,66.47735595703125,4.0,4.0,4.0,0.1875,0.0,0,0,0,142,74,97,23,1.0,5,0.18309859154929578,0.2605633802816901,0.11971830985915492,-2.545,0.0,0.0,0.0,0.0,0.0,0.0,0.0,0.0,0.0,0.0,0.0,0.0,0.0,0.0,0.028169014084507043
stage2c_small_swarm_medium,10,1,150364,2836,3,520,380,1,1,67.02999114990234,4.0,4.0,4.0,0.1846590909090909,0.0,0,0,0,169,76,105,29,1.0,6,0.11834319526627218,0.22485207100591717,0.1301775147928994,-2.75,0.0,0.0,0.0,0.0,0.0,0.0,0.0,0.0,0.0,0.0,0.0,0.0,0.0,0.0,0.023668639053254437
stage2c2_small_swarm_single_gap_route_reuse,11,1,152344,2837,3,900,620,1,2,-5.092640399932861,0.0,0.0,0.0,0.029352226720647773,0.0,0,0,12,520,-1,-1,-1,0.0,0,0.0,0.0,0.0,0.0,0.0,0.0,0.0,0.0,0.0,0.0,0.0,0.0,0.0,0.0,0.0,0.0,0.0,0.0,0.0
stage2c2_small_swarm_single_gap_route_reuse,11,1,153904,2838,3,900,620,1,2,-4.771973133087158,0.0,0.0,0.0,0.05060728744939271,0.0,0,0,12,520,-1,-1,-1,0.0,0,0.0,0.0,0.0,0.0,0.0,0.0,0.0,0.0,0.0,0.0,0.0,0.0,0.0,0.0,0.0,0.0,0.0,0.0,0.0
stage2c2_small_swarm_single_gap_route_reuse,11,1,155464,2839,3,900,620,1,2,-4.797306537628174,0.0,0.0,0.0,0.03643724696356275,0.0,0,0,12,520,-1,-1,-1,0.0,0,0.0,0.0,0.0,0.0,0.0,0.0,0.0,0.0,0.0,0.0,0.0,0.0,0.0,0.0,0.0,0.0,0.0,0.0,0.0
stage2c2_small_swarm_single_gap_route_reuse,11,1,157024,2840,3,900,620,1,2,-4.852640151977539,0.0,0.0,0.0,0.03441295546558704,0.0,0,0,12,520,-1,-1,-1,0.0,0,0.0,0.0,0.0,0.0,0.0,0.0,0.0,0.0,0.0,0.0,0.0,0.0,0.0,0.0,0.0,0.0,0.0,0.0,0.0
stage2c2_small_swarm_single_gap_route_reuse,11,1,158584,2841,3,900,620,1,2,-4.80397367477417,0.0,0.0,0.0,0.03744939271255061,0.0,0,0,12,520,-1,-1,-1,0.0,0,0.0,0.0,0.0,0.0,0.0,0.0,0.0,0.0,0.0,0.0,0.0,0.0,0.0,0.0,0.0,0.0,0.0,0.0,0.0
stage2c2_small_swarm_single_gap_route_reuse,11,1,160144,2842,3,900,620,1,2,-5.009974002838135,0.0,0.0,0.0,0.027327935222672066,0.0,0,0,12,520,-1,-1,-1,0.0,0,0.0,0.0,0.0,0.0,0.0,0.0,0.0,0.0,0.0,0.0,0.0,0.0,0.0,0.0,0.0,0.0,0.0,0.0,0.0
stage2c2_small_swarm_single_gap_route_reuse,11,1,161704,2843,3,900,620,1,2,-5.0166401863098145,0.0,0.0,0.0,0.02834008097165992,0.0,0,0,12,520,-1,-1,-1,0.0,0,0.0,0.0,0.0,0.0,0.0,0.0,0.0,0.0,0.0,0.0,0.0,0.0,0.0,0.0,0.0,0.0,0.0,0.0,0.0
stage2c2_small_swarm_single_gap_route_reuse,11,1,163264,2844,3,900,620,1,2,-5.0153069496154785,0.0,0.0,0.0,0.030364372469635626,0.0,0,0,12,520,-1,-1,-1,0.0,0,0.0,0.0,0.0,0.0,0.0,0.0,0.0,0.0,0.0,0.0,0.0,0.0,0.0,0.0,0.0,0.0,0.0,0.0,0.0
stage2c2_small_swarm_single_gap_route_reuse,11,1,164824,2845,3,900,620,1,2,-4.8939738273620605,0.0,0.0,0.0,0.03744939271255061,0.0,0,0,12,520,-1,-1,-1,0.0,0,0.0,0.0,0.0,0.0,0.0,0.0,0.0,0.0,0.0,0.0,0.0,0.0,0.0,0.0,0.0,0.0,0.0,0.0,0.0
stage2c2_small_swarm_single_gap_route_reuse,11,1,166384,2846,3,900,620,1,2,-4.844640254974365,0.0,0.0,0.0,0.03643724696356275,0.0,0,0,12,520,-1,-1,-1,0.0,0,0.0,0.0,0.0,0.0,0.0,0.0,0.0,0.0,0.0,0.0,0.0,0.0,0.0,0.0,0.0,0.0,0.0,0.0,0.0
stage2c2_small_swarm_single_gap_route_reuse,11,1,167944,2847,3,900,620,1,2,-5.010641098022461,0.0,0.0,0.0,0.027327935222672066,0.0,0,0,12,520,-1,-1,-1,0.0,0,0.0,0.0,0.0,0.0,0.0,0.0,0.0,0.0,0.0,0.0,0.0,0.0,0.0,0.0,0.0,0.0,0.0,0.0,0.0
stage2c2_small_swarm_single_gap_route_reuse,11,1,169504,2848,3,900,620,1,2,-5.031307220458984,0.0,0.0,0.0,0.03137651821862348,0.0,0,0,12,520,-1,-1,-1,0.0,0,0.0,0.0,0.0,0.0,0.0,0.0,0.0,0.0,0.0,0.0,0.0,0.0,0.0,0.0,0.0,0.0,0.0,0.0,0.0
stage2c2_small_swarm_single_gap_route_reuse,11,1,171064,2849,3,900,620,1,2,-4.995306491851807,0.0,0.0,0.0,0.0354251012145749,0.0,0,0,12,520,-1,-1,-1,0.0,0,0.0,0.0,0.0,0.0,0.0,0.0,0.0,0.0,0.0,0.0,0.0,0.0,0.0,0.0,0.0,0.0,0.0,0.0,0.0
stage2c2_small_swarm_single_gap_route_reuse,11,1,172624,2850,3,900,620,1,2,-4.925306797027588,0.0,0.0,0.0,0.04048582995951417,0.0,0,0,12,520,-1,-1,-1,0.0,0,0.0,0.0,0.0,0.0,0.0,0.0,0.0,0.0,0.0,0.0,0.0,0.0,0.0,0.0,0.0,0.0,0.0,0.0,0.0
stage2c2_small_swarm_single_gap_route_reuse,11,1,174184,2851,3,900,620,1,2,-4.946640491485596,0.0,0.0,0.0,0.038461538461538464,0.0,0,0,12,520,-1,-1,-1,0.0,0,0.0,0.0,0.0,0.0,0.0,0.0,0.0,0.0,0.0,0.0,0.0,0.0,0.0,0.0,0.0,0.0,0.0,0.0,0.0
stage2c2_small_swarm_single_gap_route_reuse,11,1,175744,2852,3,900,620,1,2,-4.988641262054443,0.0,0.0,0.0,0.0354251012145749,0.0,0,0,12,520,-1,-1,-1,0.0,0,0.0,0.0,0.0,0.0,0.0,0.0,0.0,0.0,0.0,0.0,0.0,0.0,0.0,0.0,0.0,0.0,0.0,0.0,0.0
stage2c2_small_swarm_single_gap_route_reuse,11,1,177304,2853,3,900,620,1,2,-4.993974208831787,0.0,0.0,0.0,0.027327935222672066,0.0,0,0,12,520,-1,-1,-1,0.0,0,0.0,0.0,0.0,0.0,0.0,0.0,0.0,0.0,0.0,0.0,0.0,0.0,0.0,0.0,0.0,0.0,0.0,0.0,0.0
stage2c2_small_swarm_single_gap_route_reuse,11,1,178864,2854,3,900,620,1,2,-4.963973522186279,0.0,0.0,0.0,0.027327935222672066,0.0,0,0,12,520,-1,-1,-1,0.0,0,0.0,0.0,0.0,0.0,0.0,0.0,0.0,0.0,0.0,0.0,0.0,0.0,0.0,0.0,0.0,0.0,0.0,0.0,0.0
stage2c2_small_swarm_single_gap_route_reuse,11,2,180760,2855,3,900,620,1,2,-5.039308071136475,0.0,0.0,0.0,0.02834008097165992,0.0,0,0,12,520,-1,-1,-1,0.0,0,0.0,0.0,0.0,0.0,0.0,0.0,0.0,0.0,0.0,0.0,0.0,0.0,0.0,0.0,0.0,0.0,0.0,0.0,0.0
stage2c2_small_swarm_single_gap_route_reuse,11,2,182320,2856,3,900,620,1,2,-5.0146403312683105,0.0,0.0,0.0,0.02631578947368421,0.0,0,0,12,520,-1,-1,-1,0.0,0,0.0,0.0,0.0,0.0,0.0,0.0,0.0,0.0,0.0,0.0,0.0,0.0,0.0,0.0,0.0,0.0,0.0,0.0,0.0
stage2c2_small_swarm_single_gap_route_reuse,11,2,183880,2857,3,900,620,1,2,-5.1619744300842285,0.0,0.0,0.0,0.025303643724696356,0.0,0,0,12,520,-1,-1,-1,0.0,0,0.0,0.0,0.0,0.0,0.0,0.0,0.0,0.0,0.0,0.0,0.0,0.0,0.0,0.0,0.0,0.0,0.0,0.0,0.0
stage2c2_small_swarm_single_gap_route_reuse,11,2,185440,2858,3,900,620,1,2,-5.35664176940918,0.0,0.0,0.0,0.02327935222672065,0.0,0,0,12,520,-1,-1,-1,0.0,0,0.0,0.0,0.0,0.0,0.0,0.0,0.0,0.0,0.0,0.0,0.0,0.0,0.0,0.0,0.0,0.0,0.0,0.0,0.0
stage2c2_small_swarm_single_gap_route_reuse,11,2,187000,2859,3,900,620,1,2,-5.237306594848633,0.0,0.0,0.0,0.027327935222672066,0.0,0,0,12,520,-1,-1,-1,0.0,0,0.0,0.0,0.0,0.0,0.0,0.0,0.0,0.0,0.0,0.0,0.0,0.0,0.0,0.0,0.0,0.0,0.0,0.0,0.0
stage2c2_small_swarm_single_gap_route_reuse,11,2,188560,2860,3,900,620,1,2,-4.857973575592041,0.0,0.0,0.0,0.03137651821862348,0.0,0,0,12,520,-1,-1,-1,0.0,0,0.0,0.0,0.0,0.0,0.0,0.0,0.0,0.0,0.0,0.0,0.0,0.0,0.0,0.0,0.0,0.0,0.0,0.0,0.0
stage2c2_small_swarm_single_gap_route_reuse,11,2,190120,2861,3,900,620,1,2,-4.495972156524658,0.0,0.0,0.0,0.029352226720647773,0.0,0,0,12,520,-1,-1,-1,0.0,0,0.0,0.0,0.0,0.0,0.0,0.0,0.0,0.0,0.0,0.0,0.0,0.0,0.0,0.0,0.0,0.0,0.0,0.0,0.0
stage2c2_small_swarm_single_gap_route_reuse,11,2,191680,2862,3,900,620,1,2,-4.770642280578613,0.0,0.0,0.0,0.032388663967611336,0.0,0,0,12,520,-1,-1,-1,0.0,0,0.0,0.0,0.0,0.0,0.0,0.0,0.0,0.0,0.0,0.0,0.0,0.0,0.0,0.0,0.0,0.0,0.0,0.0,0.0
stage2c2_small_swarm_single_gap_route_reuse,11,2,193240,2863,3,900,620,1,2,-5.08930778503418,0.0,0.0,0.0,0.029352226720647773,0.0,0,0,12,520,-1,-1,-1,0.0,0,0.0,0.0,0.0,0.0,0.0,0.0,0.0,0.0,0.0,0.0,0.0,0.0,0.0,0.0,0.0,0.0,0.0,0.0,0.0
stage2c2_small_swarm_single_gap_route_reuse,11,2,194800,2864,3,900,620,1,2,-5.210640907287598,0.0,0.0,0.0,0.032388663967611336,0.0,0,0,12,520,-1,-1,-1,0.0,0,0.0,0.0,0.0,0.0,0.0,0.0,0.0,0.0,0.0,0.0,0.0,0.0,0.0,0.0,0.0,0.0,0.0,0.0,0.0
stage2c2_small_swarm_single_gap_route_reuse,11,2,196360,2865,3,900,620,1,2,-4.7406392097473145,0.0,0.0,0.0,0.032388663967611336,0.0,0,0,12,520,-1,-1,-1,0.0,0,0.0,0.0,0.0,0.0,0.0,0.0,0.0,0.0,0.0,0.0,0.0,0.0,0.0,0.0,0.0,0.0,0.0,0.0,0.0
stage2c2_small_swarm_single_gap_route_reuse,11,2,197920,2866,3,900,620,1,2,-4.587306976318359,0.0,0.0,0.0,0.032388663967611336,0.0,0,0,12,520,-1,-1,-1,0.0,0,0.0,0.0,0.0,0.0,0.0,0.0,0.0,0.0,0.0,0.0,0.0,0.0,0.0,0.0,0.0,0.0,0.0,0.0,0.0
stage2c2_small_swarm_single_gap_route_reuse,11,2,199480,2867,3,900,620,1,2,-4.639307022094727,0.0,0.0,0.0,0.039473684210526314,0.0,0,0,12,520,-1,-1,-1,0.0,0,0.0,0.0,0.0,0.0,0.0,0.0,0.0,0.0,0.0,0.0,0.0,0.0,0.0,0.0,0.0,0.0,0.0,0.0,0.0
stage2c2_small_swarm_single_gap_route_reuse,11,2,201040,2868,3,900,620,1,2,-4.862639904022217,0.0,0.0,0.0,0.03340080971659919,0.0,0,0,12,520,-1,-1,-1,0.0,0,0.0,0.0,0.0,0.0,0.0,0.0,0.0,0.0,0.0,0.0,0.0,0.0,0.0,0.0,0.0,0.0,0.0,0.0,0.0
stage2c2_small_swarm_single_gap_route_reuse,11,2,202600,2869,3,900,620,1,2,-4.861307144165039,0.0,0.0,0.0,0.03137651821862348,0.0,0,0,12,520,-1,-1,-1,0.0,0,0.0,0.0,0.0,0.0,0.0,0.0,0.0,0.0,0.0,0.0,0.0,0.0,0.0,0.0,0.0,0.0,0.0,0.0,0.0
stage2c2_small_swarm_single_gap_route_reuse,11,2,204160,2870,3,900,620,1,2,-4.56930685043335,0.0,0.0,0.0,0.029352226720647773,0.0,0,0,12,520,-1,-1,-1,0.0,0,0.0,0.0,0.0,0.0,0.0,0.0,0.0,0.0,0.0,0.0,0.0,0.0,0.0,0.0,0.0,0.0,0.0,0.0,0.0
stage2c2_small_swarm_single_gap_route_reuse,11,2,205720,2871,3,900,620,1,2,-4.306640625,0.0,0.0,0.0,0.03340080971659919,0.0,0,0,12,520,-1,-1,-1,0.0,0,0.0,0.0,0.0,0.0,0.0,0.0,0.0,0.0,0.0,0.0,0.0,0.0,0.0,0.0,0.0,0.0,0.0,0.0,0.0
stage2c2_small_swarm_single_gap_route_reuse,11,2,207280,2872,3,900,620,1,2,-4.2833075523376465,0.0,0.0,0.0,0.038461538461538464,0.0,0,0,12,520,-1,-1,-1,0.0,0,0.0,0.0,0.0,0.0,0.0,0.0,0.0,0.0,0.0,0.0,0.0,0.0,0.0,0.0,0.0,0.0,0.0,0.0,0.0
stage2d_small_swarm_large,12,1,209566,2873,3,950,700,3,8,-205.099365234375,0.0,0.0,0.0,0.155,0.0,0,0,12,650,-1,-1,-1,0.0,0,0.0,0.0,0.0,0.0,0.06461538461538462,0.021538461538461538,-9.66000000000001,2.476923076923077,3.5515094053517022,0.6984615384615385,-246.10552737896262,1.5076923076923077,946.0,3.0,201.0,0.0,0.0,0.0,0.0
stage2d_small_swarm_large,12,1,211516,2874,3,950,700,3,8,-117.07523345947266,2.0,2.0,2.0,0.1725,0.014632128932728217,45,0,10,650,31,70,39,1.0,4,0.03538461538461538,0.06307692307692307,0.023076923076923078,-1.9400000000000013,0.24307692307692308,0.08923076923076922,-37.61999999999984,2.164615384615385,3.5322780432609857,0.5076923076923077,-210.20963157771175,1.093846153846154,692.0,2.876923076923077,199.0,0.17846153846153845,0.12714355874806643,-2.2800000000000016,0.003076923076923077
stage2d_small_swarm_large,12,1,213466,2875,3,950,700,3,8,-98.31226348876953,2.0,2.0,2.0,0.19583333333333333,0.03125954120897521,175,0,10,650,18,130,112,1.0,15,0.06615384615384616,0.18307692307692308,0.1076923076923077,-6.159999999999994,0.24923076923076923,0.12,-43.01999999999994,1.8369230769230769,2.8122680056265796,0.44769230769230767,-179.9209744374203,0.7815384615384615,497.0,2.6076923076923078,169.0,0.19538461538461538,0.10499133974313739,-2.520000000000002,0.003076923076923077
stage2d_small_swarm_large,12,1,215416,2876,3,950,700,3,8,-136.5891571044922,3.0,3.0,2.0,0.20833333333333334,0.05538954312083288,192,0,9,650,152,451,299,0.6666666666666666,20,0.22,0.34923076923076923,0.21384615384615385,-11.859999999999976,0.26,0.4,-118.11000000000031,1.6846153846153846,2.7590645863511805,0.4015384615384615,-159.73438106184736,0.8323076923076923,527.0,2.4492307692307693,156.0,0.19384615384615383,0.1038836371153593,-3.5360000000000027,0.003076923076923077
stage2d_small_swarm_large,12,1,217366,2877,3,950,700,3,8,-249.02882385253906,5.0,5.0,4.0,0.1675,0.0627462729693462,294,1,11,650,69,117,48,0.8,26,0.2276923076923077,0.45384615384615384,0.20307692307692307,-14.439999999999955,1.1923076923076923,0.7184615384615385,-284.0399999999975,1.2323076923076923,1.9089964409729205,0.4676923076923077,-160.15983848219656,1.0446153846153847,657.0,2.210769230769231,153.0,0.27076923076923076,0.16059352308511732,-3.5000000000000027,0.006153846153846154
stage2d_small_swarm_large,12,1,219316,2878,3,950,700,3,8,-130.58982849121094,1.0,1.0,0.0,0.16333333333333333,4.273504400864626e-05,4,0,11,650,638,-1,-1,0.0,1,0.009230769230769232,0.013846153846153847,0.009230769230769232,-0.48,0.03230769230769231,0.05384615384615385,-14.790000000000004,2.187692307692308,3.2757123185796253,0.4753846153846154,-209.48236556067812,0.9892307692307692,622.0,2.9815384615384617,177.0,0.0,0.0,0.0,0.0
stage2d_small_swarm_large,12,1,221266,2879,3,950,700,3,8,-219.3851318359375,1.0,1.0,1.0,0.1925,0.04058605885389858,115,0,11,650,48,205,157,1.0,7,0.03076923076923077,0.08923076923076922,0.04461538461538461,-2.900000000000002,0.7215384615384616,0.40615384615384614,-146.46000000000055,1.9507692307692308,2.8089221218810443,0.5092307692307693,-212.23314310235244,1.1984615384615385,752.0,2.7584615384615385,159.0,0.20923076923076922,0.07823581248521802,-2.720000000000002,0.0015384615384615385
stage2d_small_swarm_large,12,1,223216,2880,3,950,700,3,8,-279.8780822753906,0.0,0.0,0.0,0.14583333333333334,0.0,0,0,12,650,-1,-1,-1,0.0,0,0.0,0.0,0.0,0.0,0.3507692307692308,0.1076923076923077,-50.99999999999979,2.36,2.9393656883478507,0.8369230769230769,-261.5095622165388,1.626153846153846,1023.0,3.0,200.0,0.0,0.0,0.0,0.0
stage2d_small_swarm_large,12,1,225166,2881,3,950,700,3,8,-73.46513366699219,5.0,5.0,5.0,0.20583333333333334,0.04689367544929832,320,0,7,650,126,248,122,1.0,36,0.24307692307692308,0.47846153846153844,0.19230769230769232,-14.939999999999964,0.45692307692307693,0.3323076923076923,-132.66000000000008,1.1738461538461538,2.018326137944237,0.2846153846153846,-113.04792580942002,0.5676923076923077,354.0,2.124615384615385,155.0,0.42153846153846153,0.21761028334498406,-7.132000000000006,0.007692307692307693
stage2d_small_swarm_large,12,1,227116,2882,3,950,700,3,8,-57.158966064453125,2.0,2.0,2.0,0.22666666666666666,0.02264855376874598,113,0,10,650,426,535,109,1.0,7,0.05846153846153846,0.1276923076923077,0.04153846153846154,-3.8600000000000025,0.1276923076923077,0.1646153846153846,-46.589999999999975,1.7553846153846153,3.2872828972902033,0.26153846153846155,-152.27144017263555,0.7938461538461539,501.0,2.732307692307692,178.0,0.07538461538461538,0.04379757655784488,-0.9600000000000005,0.003076923076923077
stage2d_small_swarm_large,12,1,229066,2883,3,950,700,3,8,-148.78660583496094,1.0,1.0,0.0,0.20416666666666666,0.04544752965720059,240,0,11,650,152,-1,-1,0.0,22,0.36615384615384616,0.49538461538461537,0.13846153846153847,-14.679999999999923,0.007692307692307693,0.12307692307692308,-19.950000000000014,1.4015384615384616,1.8260485534632684,0.34,-139.75755028240502,0.8923076923076924,557.0,2.233846153846154,138.0,0.0,0.0,0.0,0.0
stage2d_small_swarm_large,12,1,231016,2884,3,950,700,3,8,-257.8751525878906,2.0,2.0,2.0,0.1975,0.02566622275715837,156,0,10,650,61,194,133,1.0,11,0.11076923076923077,0.19692307692307692,0.09846153846153846,-6.399999999999994,0.7938461538461539,0.56,-183.4800000000008,1.8138461538461539,2.890360615114727,0.52,-220.17985043555058,1.2415384615384615,783.0,2.626153846153846,150.0,0.04461538461538461,0.016849342733621597,-0.5800000000000002,0.003076923076923077
stage2d_small_swarm_large,12,1,232966,2885,3,950,700,3,8,-142.85772705078125,0.0,0.0,0.0,0.14666666666666667,0.0,0,0,12,650,-1,-1,-1,0.0,0,0.0,0.0,0.0,0.0,0.013846153846153847,0.043076923076923075,-8.07,2.336923076923077,3.220643931175228,0.6076923076923076,-241.45931158564633,0.9569230769230769,602.0,3.0,188.0,0.0,0.0,0.0,0.0
stage2d_small_swarm_large,12,1,234916,2886,3,950,700,3,8,-89.89007568359375,3.0,3.0,2.0,0.2733333333333333,0.058511561345106045,256,0,9,650,72,122,50,0.6666666666666666,22,0.2523076923076923,0.4076923076923077,0.14307692307692307,-12.459999999999956,0.6092307692307692,0.39076923076923076,-120.36000000000013,0.9646153846153847,1.6563734125187621,0.20923076923076922,-86.61642416851335,0.36153846153846153,228.0,2.28,147.0,0.5353846153846153,0.2759266245365143,-9.103999999999996,0.003076923076923077
stage3a_full_swarm_large,13,1,240352,2887,6,950,700,3,8,-328.068115234375,0.0,0.0,0.0,0.22916666666666666,0.0,0,0,12,720,-1,-1,-1,0.0,0,0.0,0.0,0.0,0.0,0.015277777777777777,0.48055555555555557,-151.07999999999956,4.752777777777778,8.367683357274343,1.8527777777777779,-757.9031524972919,2.6083333333333334,1809.0,6.0,516.0,0.0,0.0,0.0,0.0
stage3a_full_swarm_large,13,1,244672,2888,6,950,700,3,8,-211.3192901611328,3.0,3.0,2.0,0.325,0.01490895237142535,129,0,9,720,40,120,80,0.6666666666666666,11,0.04583333333333333,0.11944444444444445,0.07083333333333333,-4.460000000000001,0.42777777777777776,0.3763888888888889,-191.91000000000133,4.402777777777778,8.988274252011895,1.3027777777777778,-625.9499381518364,1.948611111111111,1359.0,5.7444444444444445,502.0,0.3972222222222222,0.24596327559649944,-6.270000000000008,0.002777777777777778
stage3a_full_swarm_large,13,1,248992,2889,6,950,700,3,8,-519.7340698242188,4.0,4.0,4.0,0.2925,0.047844890919724194,258,0,8,720,24,139,115,1.0,31,0.16527777777777777,0.3263888888888889,0.16805555555555557,-11.819999999999975,1.1847222222222222,1.875,-1533.359999999993,3.904166666666667,7.183975349594569,1.7347222222222223,-650.6442908763885,2.441666666666667,1688.0,5.372222222222222,468.0,0.9013888888888889,0.5770047269091014,-20.413999999999756,0.005555555555555556
stage3a_full_swarm_large,13,1,253312,2890,6,950,700,3,8,-222.8103790283203,4.0,4.0,3.0,0.36083333333333334,0.031597835265455176,305,1,12,720,163,242,79,0.75,31,0.18888888888888888,0.40555555555555556,0.16666666666666666,-14.07999999999994,0.3875,0.275,-130.68000000000092,4.102777777777778,8.02100972290948,1.2805555555555554,-595.0384893064496,1.851388888888889,1279.0,5.270833333333333,469.0,0.19305555555555556,0.15807818484306335,-3.013999999999992,0.004166666666666667
stage3a_full_swarm_large,13,1,257632,2891,6,950,700,3,8,-242.6089630126953,1.0,1.0,1.0,0.2891666666666667,0.0028228986232365803,56,0,11,720,504,577,73,1.0,3,0.011111111111111112,0.0375,0.018055555555555554,-1.3400000000000007,0.2013888888888889,0.12638888888888888,-86.97000000000047,4.345833333333333,7.811731479473112,1.6708333333333334,-717.5730009779927,1.8166666666666667,1262.0,5.898611111111111,499.0,0.05,0.01990282702445984,-0.7920000000000004,0.001388888888888889
stage3a_full_swarm_large,13,1,261952,2892,6,950,700,3,8,-223.83094787597656,5.0,5.0,5.0,0.3258333333333333,0.01749472679827401,96,1,11,720,36,129,93,1.0,9,0.08055555555555556,0.14166666666666666,0.04722222222222222,-4.760000000000002,0.43333333333333335,0.4111111111111111,-185.40000000000072,4.666666666666667,8.5583966787277,1.5319444444444446,-696.8002113533028,1.9708333333333334,1355.0,5.7625,521.0,0.4263888888888889,0.250537514269352,-6.732000000000013,0.006944444444444444
stage3a_full_swarm_large,13,1,266272,2893,6,950,700,3,8,-302.9983215332031,3.0,3.0,3.0,0.2758333333333333,0.026094304461757596,190,0,9,720,104,198,94,1.0,17,0.09722222222222222,0.22777777777777777,0.12638888888888888,-8.379999999999994,0.9486111111111111,0.7972222222222223,-389.1,4.498611111111111,9.017458587633866,1.6902777777777778,-739.8653945442287,2.3194444444444446,1593.0,5.572222222222222,462.0,0.2763888888888889,0.1360736251473427,-4.377999999999987,0.004166666666666667
stage3a_full_swarm_large,13,1,270592,2894,6,950,700,3,8,-167.80262756347656,2.0,2.0,1.0,0.2833333333333333,0.012764998527334816,231,0,10,720,311,493,182,0.5,18,0.22777777777777777,0.35138888888888886,0.05277777777777778,-10.87999999999995,0.3861111111111111,0.29305555555555557,-131.3700000000008,4.183333333333334,9.333933470512308,0.9930555555555556,-568.3067118892674,1.726388888888889,1191.0,5.4,452.0,0.31666666666666665,0.17341368323564527,-5.015999999999994,0.001388888888888889
stage3b_full_swarm_final,14,1,278464,2895,6,1400,950,3,18,-321.9953308105469,1.0,1.0,1.0,0.22542372881355932,0.0021529392368393016,41,0,11,800,16,77,61,1.0,2,0.00625,0.03625,0.02,-1.4800000000000009,0.05625,0.0825,-51.24999999999997,5.22,12.523795937660953,2.045,-1252.8748551272438,2.08,1581.0,5.92375,688.0,0.04625,0.056826749980449696,-0.8640000000000004,0.00125
stage3b_full_swarm_final,14,1,283264,2896,6,1400,950,3,18,-218.92066955566406,0.0,0.0,0.0,0.2266949152542373,0.0,0,0,12,800,-1,-1,-1,0.0,0,0.0,0.0,0.0,0.0,0.0,0.115,-36.8,5.07125,13.45580952539947,1.315,-1067.150143521991,1.5825,1214.0,6.0,710.0,0.0,0.0,0.0,0.0
stage3b_full_swarm_final,14,1,288064,2897,6,1400,950,3,18,-476.9003601074219,5.0,5.0,5.0,0.24025423728813558,0.024858958017563663,421,0,7,800,213,305,92,1.0,40,0.1725,0.525,0.285,-21.359999999999847,1.06625,1.375,-1142.7499999999902,4.675,13.484256748768724,1.78875,-1150.782238585427,2.10875,1594.0,5.13875,637.0,0.20625,0.1981027911603451,-4.536000000000002,0.00625
