stage,stage_index,stage_attempt,global_step,episode,n_agents,width,height,n_targets,n_obstacles,mean_episode_reward,food_discovered,food_picked_up,food_retrieved,exploration_coverage,pheromone_usage,pheromone_deposit_events,food_source_respawns,food_units_remaining,episode_length,first_pickup_step,first_delivery_step,pickup_to_delivery_latency,delivery_conversion,carrying_stall_events,carrying_stall_fraction,carrying_low_progress_fraction,carrying_low_displacement_fraction,carrying_penalty_total,swarm_efficiency
stage1a_single_agent_miniscule,1,1,120,1,1,50,50,1,0,-3.409010171890259,0.0,0.0,0.0,0.3333333333333333,0.0,0,0,4,120,-1,-1,-1,0.0,0,0.0,0.0,0.0,0.0,0.0
stage1a_single_agent_miniscule,1,1,162,2,1,50,50,1,0,190.30020141601562,4.0,4.0,4.0,0.2222222222222222,0.0,0,0,0,42,39,39,0,1.0,0,0.0,0.0,0.0,0.0,0.09523809523809523
stage1a_single_agent_miniscule,1,1,238,3,1,50,50,1,0,188.48831176757812,4.0,4.0,4.0,0.3333333333333333,0.0,0,0,0,76,54,54,0,1.0,0,0.0,0.0,0.0,0.0,0.05263157894736842
stage1a_single_agent_miniscule,1,1,303,4,1,50,50,1,0,190.3800048828125,4.0,4.0,4.0,0.3333333333333333,0.0,0,0,0,65,62,62,0,1.0,0,0.0,0.0,0.0,0.0,0.06153846153846154
stage1a_single_agent_miniscule,1,1,307,5,1,50,50,1,0,191.46200561523438,4.0,4.0,4.0,0.1111111111111111,0.0,0,0,0,4,1,1,0,1.0,0,0.0,0.0,0.0,0.0,1.0
stage1a_single_agent_miniscule,1,1,349,6,1,50,50,1,0,190.06204223632812,4.0,4.0,4.0,0.3333333333333333,0.0,0,0,0,42,39,39,0,1.0,0,0.0,0.0,0.0,0.0,0.09523809523809523
stage1a_single_agent_miniscule,1,1,469,7,1,50,50,1,0,-4.1543474197387695,0.0,0.0,0.0,0.3333333333333333,0.0,0,0,4,120,-1,-1,-1,0.0,0,0.0,0.0,0.0,0.0,0.0
stage1a_single_agent_miniscule,1,1,589,8,1,50,50,1,0,-3.698578357696533,0.0,0.0,0.0,0.4444444444444444,0.0,0,0,4,120,-1,-1,-1,0.0,0,0.0,0.0,0.0,0.0,0.0
stage1a_single_agent_miniscule,1,1,655,9,1,50,50,1,0,189.7900390625,4.0,4.0,4.0,0.4444444444444444,0.0,0,0,0,66,60,60,0,1.0,0,0.0,0.0,0.0,0.0,0.06060606060606061
stage1a_single_agent_miniscule,1,1,775,10,1,50,50,1,0,-3.4890949726104736,0.0,0.0,0.0,0.3333333333333333,0.0,0,0,4,120,-1,-1,-1,0.0,0,0.0,0.0,0.0,0.0,0.0
stage1a_single_agent_miniscule,1,1,895,11,1,50,50,1,0,-4.425203323364258,0.0,0.0,0.0,0.3333333333333333,0.0,0,0,4,120,-1,-1,-1,0.0,0,0.0,0.0,0.0,0.0,0.0
stage1a_single_agent_miniscule,1,1,973,12,1,50,50,1,0,190.18399047851562,4.0,4.0,4.0,0.2222222222222222,0.0,0,0,0,78,48,48,0,1.0,0,0.0,0.0,0.0,0.0,0.05128205128205128
stage1a_single_agent_miniscule,1,1,1093,13,1,50,50,1,0,-3.354238986968994,0.0,0.0,0.0,0.4444444444444444,0.0,0,0,4,120,-1,-1,-1,0.0,0,0.0,0.0,0.0,0.0,0.0
stage1a_single_agent_miniscule,1,1,1175,14,1,50,50,1,0,189.47454833984375,4.0,4.0,4.0,0.3333333333333333,0.0,0,0,0,82,25,25,0,1.0,0,0.0,0.0,0.0,0.0,0.04878048780487805
stage1a_single_agent_miniscule,1,1,1188,15,1,50,50,1,0,191.65615844726562,4.0,4.0,4.0,0.3333333333333333,0.0,0,0,0,13,10,10,0,1.0,0,0.0,0.0,0.0,0.0,0.3076923076923077
stage1a_single_agent_miniscule,1,1,1308,16,1,50,50,1,0,-3.450460910797119,0.0,0.0,0.0,0.3333333333333333,0.0,0,0,4,120,-1,-1,-1,0.0,0,0.0,0.0,0.0,0.0,0.0
stage1a_single_agent_miniscule,1,1,1428,17,1,50,50,1,0,-2.4862115383148193,0.0,0.0,0.0,0.3333333333333333,0.0,0,0,4,120,-1,-1,-1,0.0,0,0.0,0.0,0.0,0.0,0.0
stage1a_single_agent_miniscule,1,1,1498,18,1,50,50,1,0,190.36572265625,4.0,4.0,4.0,0.4444444444444444,0.0,0,0,0,70,65,65,0,1.0,0,0.0,0.0,0.0,0.0,0.05714285714285714
stage1a_single_agent_miniscule,1,1,1618,19,1,50,50,1,0,-2.9809417724609375,0.0,0.0,0.0,0.4444444444444444,0.0,0,0,4,120,-1,-1,-1,0.0,0,0.0,0.0,0.0,0.0,0.0
stage1a_single_agent_miniscule,1,1,1704,20,1,50,50,1,0,189.42587280273438,4.0,4.0,4.0,0.4444444444444444,0.0,0,0,0,86,83,83,0,1.0,0,0.0,0.0,0.0,0.0,0.046511627906976744
stage1a_single_agent_miniscule,1,1,1824,21,1,50,50,1,0,-4.522516250610352,0.0,0.0,0.0,0.4444444444444444,0.0,0,0,4,120,-1,-1,-1,0.0,0,0.0,0.0,0.0,0.0,0.0
stage1a_single_agent_miniscule,1,1,1944,22,1,50,50,1,0,-3.4268953800201416,0.0,0.0,0.0,0.4444444444444444,0.0,0,0,4,120,-1,-1,-1,0.0,0,0.0,0.0,0.0,0.0,0.0
stage1a_single_agent_miniscule,1,1,2064,23,1,50,50,1,0,93.40892028808594,2.0,2.0,2.0,0.4444444444444444,0.0,0,0,2,120,95,95,0,1.0,0,0.0,0.0,0.0,0.0,0.016666666666666666
stage1a_single_agent_miniscule,1,1,2126,24,1,50,50,1,0,190.31658935546875,4.0,4.0,4.0,0.4444444444444444,0.0,0,0,0,62,58,58,0,1.0,0,0.0,0.016129032258064516,0.0,-0.04,0.06451612903225806
stage1a_single_agent_miniscule,1,1,2170,25,1,50,50,1,0,190.88400268554688,4.0,4.0,4.0,0.4444444444444444,0.0,0,0,0,44,41,41,0,1.0,0,0.0,0.0,0.0,0.0,0.09090909090909091
stage1a_single_agent_miniscule,1,1,2290,26,1,50,50,1,0,-2.550309181213379,0.0,0.0,0.0,0.4444444444444444,0.0,0,0,4,120,-1,-1,-1,0.0,0,0.0,0.0,0.0,0.0,0.0
stage1a_single_agent_miniscule,1,1,2410,27,1,50,50,1,0,-2.94403338432312,0.0,0.0,0.0,0.3333333333333333,0.0,0,0,4,120,-1,-1,-1,0.0,0,0.0,0.0,0.0,0.0,0.0
stage1a_single_agent_miniscule,1,1,2491,28,1,50,50,1,0,189.77609252929688,4.0,4.0,4.0,0.4444444444444444,0.0,0,0,0,81,78,78,0,1.0,0,0.0,0.0,0.0,0.0,0.04938271604938271
stage1a_single_agent_miniscule,1,1,2611,29,1,50,50,1,0,-4.32090950012207,0.0,0.0,0.0,0.4444444444444444,0.0,0,0,4,120,-1,-1,-1,0.0,0,0.0,0.0,0.0,0.0,0.0
stage1a_single_agent_miniscule,1,1,2697,30,1,50,50,1,0,189.34249877929688,4.0,4.0,4.0,0.3333333333333333,0.0,0,0,0,86,83,83,0,1.0,0,0.0,0.0,0.0,0.0,0.046511627906976744
stage1a_single_agent_miniscule,1,1,2739,31,1,50,50,1,0,190.07598876953125,4.0,4.0,4.0,0.3333333333333333,0.0,0,0,0,42,39,39,0,1.0,0,0.0,0.0,0.0,0.0,0.09523809523809523
stage1a_single_agent_miniscule,1,2,2872,32,1,50,50,1,0,-2.392874240875244,0.0,0.0,0.0,0.4444444444444444,0.0,0,0,4,120,-1,-1,-1,0.0,0,0.0,0.0,0.0,0.0,0.0
stage1a_single_agent_miniscule,1,2,2954,33,1,50,50,1,0,189.42471313476562,4.0,4.0,4.0,0.3333333333333333,0.0,0,0,0,82,79,79,0,1.0,0,0.0,0.0,0.0,0.0,0.04878048780487805
stage1a_single_agent_miniscule,1,2,3074,34,1,50,50,1,0,-4.309730052947998,0.0,0.0,0.0,0.3333333333333333,0.0,0,0,4,120,-1,-1,-1,0.0,0,0.0,0.0,0.0,0.0,0.0
stage1a_single_agent_miniscule,1,2,3194,35,1,50,50,1,0,-3.7651214599609375,0.0,0.0,0.0,0.3333333333333333,0.0,0,0,4,120,-1,-1,-1,0.0,0,0.0,0.0,0.0,0.0,0.0
stage1a_single_agent_miniscule,1,2,3252,36,1,50,50,1,0,190.4632568359375,4.0,4.0,4.0,0.4444444444444444,0.0,0,0,0,58,39,39,0,1.0,0,0.0,0.0,0.0,0.0,0.06896551724137931
stage1a_single_agent_miniscule,1,2,3372,37,1,50,50,1,0,-4.225888729095459,0.0,0.0,0.0,0.3333333333333333,0.0,0,0,4,120,-1,-1,-1,0.0,0,0.0,0.0,0.0,0.0,0.0
stage1a_single_agent_miniscule,1,2,3409,38,1,50,50,1,0,190.83810424804688,4.0,4.0,4.0,0.2222222222222222,0.0,0,0,0,37,32,32,0,1.0,0,0.0,0.0,0.0,0.0,0.10810810810810811
stage1a_single_agent_miniscule,1,2,3434,39,1,50,50,1,0,191.01840209960938,4.0,4.0,4.0,0.2222222222222222,0.0,0,0,0,25,22,22,0,1.0,0,0.0,0.0,0.0,0.0,0.16
stage1a_single_agent_miniscule,1,2,3464,40,1,50,50,1,0,190.95001220703125,4.0,4.0,4.0,0.3333333333333333,0.0,0,0,0,30,25,25,0,1.0,0,0.0,0.0,0.0,0.0,0.13333333333333333
stage1a_single_agent_miniscule,1,2,3584,41,1,50,50,1,0,-4.407898902893066,0.0,0.0,0.0,0.4444444444444444,0.0,0,0,4,120,-1,-1,-1,0.0,0,0.0,0.0,0.0,0.0,0.0
stage1a_single_agent_miniscule,1,2,3678,42,1,50,50,1,0,189.45455932617188,4.0,4.0,4.0,0.3333333333333333,0.0,0,0,0,94,91,91,0,1.0,0,0.0,0.0,0.0,0.0,0.0425531914893617
stage1a_single_agent_miniscule,1,2,3682,43,1,50,50,1,0,191.96200561523438,4.0,4.0,4.0,0.1111111111111111,0.0,0,0,0,4,1,1,0,1.0,0,0.0,0.0,0.0,0.0,1.0
stage1a_single_agent_miniscule,1,2,3802,44,1,50,50,1,0,-3.4899191856384277,0.0,0.0,0.0,0.3333333333333333,0.0,0,0,4,120,-1,-1,-1,0.0,0,0.0,0.0,0.0,0.0,0.0
stage1a_single_agent_miniscule,1,2,3922,45,1,50,50,1,0,-3.1694562435150146,0.0,0.0,0.0,0.2222222222222222,0.0,0,0,4,120,-1,-1,-1,0.0,0,0.0,0.0,0.0,0.0,0.0
stage1a_single_agent_miniscule,1,2,4042,46,1,50,50,1,0,-3.727126359939575,0.0,0.0,0.0,0.4444444444444444,0.0,0,0,4,120,-1,-1,-1,0.0,0,0.0,0.0,0.0,0.0,0.0
stage1a_single_agent_miniscule,1,2,4162,47,1,50,50,1,0,-3.0381369590759277,0.0,0.0,0.0,0.3333333333333333,0.0,0,0,4,120,-1,-1,-1,0.0,0,0.0,0.0,0.0,0.0,0.0
stage1a_single_agent_miniscule,1,2,4225,48,1,50,50,1,0,189.86572265625,4.0,4.0,4.0,0.3333333333333333,0.0,0,0,0,63,60,60,0,1.0,0,0.0,0.0,0.0,0.0,0.06349206349206349
stage1a_single_agent_miniscule,1,2,4345,49,1,50,50,1,0,-3.3272831439971924,0.0,0.0,0.0,0.4444444444444444,0.0,0,0,4,120,-1,-1,-1,0.0,0,0.0,0.0,0.0,0.0,0.0
stage1a_single_agent_miniscule,1,2,4446,50,1,50,50,1,0,189.0067138671875,4.0,4.0,4.0,0.4444444444444444,0.0,0,0,0,101,97,97,0,1.0,0,0.0,0.0,0.0,0.0,0.039603960396039604
stage1a_single_agent_miniscule,1,2,4566,51,1,50,50,1,0,-3.9815783500671387,0.0,0.0,0.0,0.2222222222222222,0.0,0,0,4,120,-1,-1,-1,0.0,0,0.0,0.0,0.0,0.0,0.0
stage1a_single_agent_miniscule,1,2,4686,52,1,50,50,1,0,-4.215020656585693,0.0,0.0,0.0,0.4444444444444444,0.0,0,0,4,120,-1,-1,-1,0.0,0,0.0,0.0,0.0,0.0,0.0
stage1a_single_agent_miniscule,1,2,4806,53,1,50,50,1,0,92.736083984375,2.0,2.0,2.0,0.4444444444444444,0.0,0,0,2,120,103,103,0,1.0,0,0.0,0.0,0.0,0.0,0.016666666666666666
stage1a_single_agent_miniscule,1,2,4926,54,1,50,50,1,0,-1.8902788162231445,0.0,0.0,0.0,0.3333333333333333,0.0,0,0,4,120,-1,-1,-1,0.0,0,0.0,0.0,0.0,0.0,0.0
stage1a_single_agent_miniscule,1,2,5046,55,1,50,50,1,0,-3.202953815460205,0.0,0.0,0.0,0.4444444444444444,0.0,0,0,4,120,-1,-1,-1,0.0,0,0.0,0.0,0.0,0.0,0.0
stage1a_single_agent_miniscule,1,2,5061,56,1,50,50,1,0,191.653076171875,4.0,4.0,4.0,0.3333333333333333,0.0,0,0,0,15,12,12,0,1.0,0,0.0,0.0,0.0,0.0,0.26666666666666666
stage1a_single_agent_miniscule,1,2,5181,57,1,50,50,1,0,-2.050786256790161,0.0,0.0,0.0,0.4444444444444444,0.0,0,0,4,120,-1,-1,-1,0.0,0,0.0,0.0,0.0,0.0,0.0
stage1a_single_agent_miniscule,1,2,5260,58,1,50,50,1,0,189.21090698242188,4.0,4.0,4.0,0.3333333333333333,0.0,0,0,0,79,76,76,0,1.0,0,0.0,0.0,0.0,0.0,0.05063291139240506
stage1a_single_agent_miniscule,1,2,5326,59,1,50,50,1,0,190.10333251953125,4.0,4.0,4.0,0.4444444444444444,0.0,0,0,0,66,60,60,0,1.0,0,0.0,0.0,0.0,0.0,0.06060606060606061
stage1a_single_agent_miniscule,1,2,5446,60,1,50,50,1,0,-2.6457631587982178,0.0,0.0,0.0,0.3333333333333333,0.0,0,0,4,120,-1,-1,-1,0.0,0,0.0,0.0,0.0,0.0,0.0
stage1b_single_agent_tiny,2,1,5624,61,1,75,75,1,0,-3.2204151153564453,0.0,0.0,0.0,0.1875,0.0,0,0,4,120,-1,-1,-1,0.0,0,0.0,0.0,0.0,0.0,0.0
stage1b_single_agent_tiny,2,1,5679,62,1,75,75,1,0,190.91152954101562,4.0,4.0,4.0,0.25,0.0,0,0,0,55,35,36,1,1.0,0,0.0,0.0,0.0,0.0,0.07272727272727272
stage1b_single_agent_tiny,2,1,5705,63,1,75,75,1,0,190.72853088378906,4.0,4.0,4.0,0.125,0.0,0,0,0,26,7,9,2,1.0,1,0.4230769230769231,0.5384615384615384,0.38461538461538464,-0.7600000000000002,0.15384615384615385
stage1b_single_agent_tiny,2,1,5825,64,1,75,75,1,0,140.33103942871094,3.0,3.0,3.0,0.375,0.0,0,0,1,120,28,60,32,1.0,2,0.11666666666666667,0.2,0.11666666666666667,-1.2400000000000007,0.025
stage1b_single_agent_tiny,2,1,5945,65,1,75,75,1,0,133.28338623046875,4.0,4.0,3.0,0.4375,0.0,0,0,0,120,4,26,22,0.75,4,0.4583333333333333,0.6083333333333333,0.26666666666666666,-3.5600000000000023,0.025
stage1b_single_agent_tiny,2,1,6065,66,1,75,75,1,0,140.6188507080078,3.0,3.0,3.0,0.4375,0.0,0,0,1,120,79,79,0,1.0,2,0.03333333333333333,0.16666666666666666,0.1,-1.0400000000000005,0.025
stage1b_single_agent_tiny,2,1,6185,67,1,75,75,1,0,-3.3688459396362305,0.0,0.0,0.0,0.3125,0.0,0,0,4,120,-1,-1,-1,0.0,0,0.0,0.0,0.0,0.0,0.0
stage1b_single_agent_tiny,2,1,6305,68,1,75,75,1,0,40.636070251464844,1.0,1.0,1.0,0.3125,0.0,0,0,3,120,4,99,95,1.0,9,0.3416666666666667,0.6083333333333333,0.3416666666666667,-3.7400000000000024,0.008333333333333333
stage1b_single_agent_tiny,2,1,6425,69,1,75,75,1,0,-0.912811815738678,0.0,0.0,0.0,0.3125,0.0,0,0,4,120,-1,-1,-1,0.0,0,0.0,0.0,0.0,0.0,0.0
stage1b_single_agent_tiny,2,1,6545,70,1,75,75,1,0,42.753910064697266,1.0,1.0,1.0,0.25,0.0,0,0,3,120,1,73,72,1.0,4,0.39166666666666666,0.5083333333333333,0.25833333333333336,-3.0600000000000023,0.008333333333333333
stage1b_single_agent_tiny,2,1,6665,71,1,75,75,1,0,43.21400451660156,1.0,1.0,1.0,0.3125,0.0,0,0,3,120,3,72,69,1.0,6,0.23333333333333334,0.425,0.24166666666666667,-2.620000000000002,0.008333333333333333
stage1b_single_agent_tiny,2,1,6785,72,1,75,75,1,0,-8.305225372314453,1.0,1.0,0.0,0.375,0.0,0,0,3,120,95,-1,-1,0.0,2,0.08333333333333333,0.15833333333333333,0.075,-0.9400000000000004,0.0
stage1b_single_agent_tiny,2,1,6905,73,1,75,75,1,0,142.4237060546875,3.0,3.0,3.0,0.4375,0.0,0,0,1,120,39,40,1,1.0,0,0.0,0.0,0.0,0.0,0.025
stage1b_single_agent_tiny,2,1,7025,74,1,75,75,1,0,-1.6761667728424072,0.0,0.0,0.0,0.25,0.0,0,0,4,120,-1,-1,-1,0.0,0,0.0,0.0,0.0,0.0,0.0
stage1b_single_agent_tiny,2,1,7145,75,1,75,75,1,0,-2.1665239334106445,0.0,0.0,0.0,0.375,0.0,0,0,4,120,-1,-1,-1,0.0,0,0.0,0.0,0.0,0.0,0.0
stage1b_single_agent_tiny,2,1,7265,76,1,75,75,1,0,-8.34809398651123,1.0,1.0,0.0,0.375,0.0,0,0,3,120,86,-1,-1,0.0,1,0.26666666666666666,0.2916666666666667,0.13333333333333333,-1.720000000000001,0.0
stage1b_single_agent_tiny,2,1,7385,77,1,75,75,1,0,40.78446960449219,1.0,1.0,1.0,0.25,0.0,0,0,3,120,3,88,85,1.0,5,0.325,0.5666666666666667,0.325,-3.5000000000000027,0.008333333333333333
stage1b_single_agent_tiny,2,1,7505,78,1,75,75,1,0,-8.849428176879883,1.0,1.0,0.0,0.25,0.0,0,0,3,120,67,-1,-1,0.0,4,0.21666666666666667,0.36666666666666664,0.16666666666666666,-2.1600000000000015,0.0
stage1b_single_agent_tiny,2,1,7599,79,1,75,75,1,0,185.52365112304688,4.0,4.0,4.0,0.1875,0.0,0,0,0,94,3,91,88,1.0,6,0.3617021276595745,0.7021276595744681,0.3723404255319149,-3.340000000000002,0.0425531914893617
stage1b_single_agent_tiny,2,1,7647,80,1,75,75,1,0,190.17572021484375,4.0,4.0,4.0,0.1875,0.0,0,0,0,48,29,29,0,1.0,1,0.2708333333333333,0.3333333333333333,0.125,-0.7600000000000002,0.08333333333333333
stage1b_single_agent_tiny,2,1,7767,81,1,75,75,1,0,45.62171936035156,1.0,1.0,1.0,0.4375,0.0,0,0,3,120,4,6,2,1.0,0,0.0,0.0,0.0,0.0,0.008333333333333333
stage1b_single_agent_tiny,2,1,7799,82,1,75,75,1,0,191.28955078125,4.0,4.0,4.0,0.125,0.0,0,0,0,32,20,29,9,1.0,0,0.0,0.1875,0.15625,-0.34,0.125
stage1b_single_agent_tiny,2,1,7919,83,1,75,75,1,0,-3.1465377807617188,0.0,0.0,0.0,0.375,0.0,0,0,4,120,-1,-1,-1,0.0,0,0.0,0.0,0.0,0.0,0.0
stage1b_single_agent_tiny,2,1,7994,84,1,75,75,1,0,190.34938049316406,4.0,4.0,4.0,0.1875,0.0,0,0,0,75,26,39,13,1.0,1,0.10666666666666667,0.14666666666666667,0.08,-0.56,0.05333333333333334
stage1b_single_agent_tiny,2,1,8000,85,1,75,75,1,0,191.95567321777344,4.0,4.0,4.0,0.125,0.0,0,0,0,6,3,3,0,1.0,0,0.0,0.0,0.0,0.0,0.6666666666666666
stage1b_single_agent_tiny,2,1,8031,86,1,75,75,1,0,190.4482879638672,4.0,4.0,4.0,0.1875,0.0,0,0,0,31,3,28,25,1.0,1,0.25806451612903225,0.6129032258064516,0.2903225806451613,-0.9400000000000002,0.12903225806451613
stage1b_single_agent_tiny,2,1,8151,87,1,75,75,1,0,44.72636795043945,1.0,1.0,1.0,0.3125,0.0,0,0,3,120,34,38,4,1.0,0,0.0,0.016666666666666666,0.0,-0.08,0.008333333333333333
stage1b_single_agent_tiny,2,1,8160,88,1,75,75,1,0,192.17242431640625,4.0,4.0,4.0,0.125,0.0,0,0,0,9,4,6,2,1.0,0,0.0,0.0,0.0,0.0,0.4444444444444444
stage1b_single_agent_tiny,2,1,8215,89,1,75,75,1,0,188.23599243164062,4.0,4.0,4.0,0.125,0.0,0,0,0,55,9,51,42,1.0,3,0.43636363636363634,0.6545454545454545,0.38181818181818183,-1.8600000000000012,0.07272727272727272
stage1b_single_agent_tiny,2,2,8286,90,1,75,75,1,0,190.5294189453125,4.0,4.0,4.0,0.25,0.0,0,0,0,30,12,12,0,1.0,1,0.13333333333333333,0.4,0.3,-0.6600000000000001,0.13333333333333333
stage1b_single_agent_tiny,2,2,8400,91,1,75,75,1,0,188.3939666748047,4.0,4.0,4.0,0.4375,0.0,0,0,0,114,49,67,18,1.0,1,0.11403508771929824,0.14035087719298245,0.06140350877192982,-0.78,0.03508771929824561
stage1b_single_agent_tiny,2,2,8421,92,1,75,75,1,0,191.72531127929688,4.0,4.0,4.0,0.1875,0.0,0,0,0,21,14,18,4,1.0,0,0.0,0.047619047619047616,0.047619047619047616,-0.06,0.19047619047619047
stage1b_single_agent_tiny,2,2,8463,93,1,75,75,1,0,189.48683166503906,4.0,4.0,4.0,0.125,0.0,0,0,0,42,6,39,33,1.0,1,0.6428571428571429,0.7142857142857143,0.38095238095238093,-1.520000000000001,0.09523809523809523
stage1b_single_agent_tiny,2,2,8583,94,1,75,75,1,0,41.84330368041992,1.0,1.0,1.0,0.375,0.0,0,0,3,120,3,82,79,1.0,7,0.21666666666666667,0.48333333333333334,0.2833333333333333,-3.000000000000002,0.008333333333333333
stage1b_single_agent_tiny,2,2,8629,95,1,75,75,1,0,190.7519989013672,4.0,4.0,4.0,0.25,0.0,0,0,0,46,43,43,0,1.0,0,0.0,0.0,0.0,0.0,0.08695652173913043
stage1b_single_agent_tiny,2,2,8662,96,1,75,75,1,0,189.33497619628906,4.0,4.0,4.0,0.125,0.0,0,0,0,33,6,28,22,1.0,2,0.09090909090909091,0.5151515151515151,0.18181818181818182,-0.8000000000000003,0.12121212121212122
stage1b_single_agent_tiny,2,2,8782,97,1,75,75,1,0,-3.848130941390991,0.0,0.0,0.0,0.375,0.0,0,0,4,120,-1,-1,-1,0.0,0,0.0,0.0,0.0,0.0,0.0
stage1b_single_agent_tiny,2,2,8902,98,1,75,75,1,0,88.66032409667969,3.0,3.0,2.0,0.375,0.0,0,0,1,120,80,80,0,0.6666666666666666,3,0.03333333333333333,0.15833333333333333,0.1,-1.0000000000000004,0.016666666666666666
stage1b_single_agent_tiny,2,2,9020,99,1,75,75,1,0,187.23648071289062,4.0,4.0,4.0,0.375,0.0,0,0,0,118,1,5,4,1.0,2,0.19491525423728814,0.288135593220339,0.13559322033898305,-1.6800000000000008,0.03389830508474576
stage1b_single_agent_tiny,2,2,9115,100,1,75,75,1,0,190.00791931152344,4.0,4.0,4.0,0.25,0.0,0,0,0,95,3,5,2,1.0,1,0.010526315789473684,0.07368421052631578,0.021052631578947368,-0.32,0.042105263157894736
stage1b_single_agent_tiny,2,2,9235,101,1,75,75,1,0,-1.6200393438339233,0.0,0.0,0.0,0.375,0.0,0,0,4,120,-1,-1,-1,0.0,0,0.0,0.0,0.0,0.0,0.0
stage1b_single_agent_tiny,2,2,9355,102,1,75,75,1,0,85.79608154296875,3.0,3.0,2.0,0.375,0.0,0,0,1,120,17,33,16,0.6666666666666666,9,0.4083333333333333,0.6666666666666666,0.3333333333333333,-4.000000000000003,0.016666666666666666
stage1b_single_agent_tiny,2,2,9475,103,1,75,75,1,0,133.5640106201172,4.0,4.0,3.0,0.3125,0.0,0,0,0,120,19,75,56,0.75,6,0.15,0.425,0.175,-2.4600000000000017,0.025
stage1b_single_agent_tiny,2,2,9595,104,1,75,75,1,0,42.76918411254883,1.0,1.0,1.0,0.375,0.0,0,0,3,120,13,75,62,1.0,4,0.20833333333333334,0.4083333333333333,0.24166666666666667,-2.5400000000000014,0.008333333333333333
stage1b_single_agent_tiny,2,2,9658,105,1,75,75,1,0,189.230224609375,4.0,4.0,4.0,0.4375,0.0,0,0,0,63,16,34,18,1.0,2,0.031746031746031744,0.19047619047619047,0.1111111111111111,-0.6200000000000001,0.06349206349206349
stage1b_single_agent_tiny,2,2,9778,106,1,75,75,1,0,44.68718338012695,1.0,1.0,1.0,0.5625,0.0,0,0,3,120,3,7,4,1.0,0,0.0,0.0,0.0,0.0,0.008333333333333333
stage1b_single_agent_tiny,2,2,9875,107,1,75,75,1,0,189.33633422851562,4.0,4.0,4.0,0.3125,0.0,0,0,0,97,19,31,12,1.0,1,0.010309278350515464,0.061855670103092786,0.041237113402061855,-0.32,0.041237113402061855
stage1b_single_agent_tiny,2,2,9995,108,1,75,75,1,0,141.94688415527344,3.0,3.0,3.0,0.375,0.0,0,0,1,120,53,53,0,1.0,0,0.0,0.025,0.008333333333333333,-0.14,0.025
stage1b_single_agent_tiny,2,2,10020,109,1,75,75,1,0,191.72711181640625,4.0,4.0,4.0,0.1875,0.0,0,0,0,25,22,22,0,1.0,0,0.0,0.0,0.0,0.0,0.16
stage1b_single_agent_tiny,2,2,10140,110,1,75,75,1,0,-0.9007082581520081,0.0,0.0,0.0,0.375,0.0,0,0,4,120,-1,-1,-1,0.0,0,0.0,0.0,0.0,0.0,0.0
stage1b_single_agent_tiny,2,2,10260,111,1,75,75,1,0,-4.368648052215576,0.0,0.0,0.0,0.3125,0.0,0,0,4,120,-1,-1,-1,0.0,0,0.0,0.0,0.0,0.0,0.0
stage1b_single_agent_tiny,2,2,10344,112,1,75,75,1,0,188.6644287109375,4.0,4.0,4.0,0.375,0.0,0,0,0,84,37,37,0,1.0,3,0.13095238095238096,0.30952380952380953,0.20238095238095238,-1.3800000000000008,0.047619047619047616
stage1b_single_agent_tiny,2,2,10464,113,1,75,75,1,0,45.68876266479492,1.0,1.0,1.0,0.3125,0.0,0,0,3,120,3,11,8,1.0,0,0.0,0.025,0.016666666666666666,-0.16,0.008333333333333333
stage1b_single_agent_tiny,2,2,10584,114,1,75,75,1,0,-9.561269760131836,1.0,1.0,0.0,0.3125,0.0,0,0,3,120,48,-1,-1,0.0,6,0.325,0.49166666666666664,0.20833333333333334,-2.8600000000000017,0.0
stage1b_single_agent_tiny,2,2,10704,115,1,75,75,1,0,87.71930694580078,3.0,3.0,2.0,0.3125,0.0,0,0,1,120,3,31,28,0.6666666666666666,3,0.3333333333333333,0.43333333333333335,0.20833333333333334,-2.5800000000000014,0.016666666666666666
stage1b_single_agent_tiny,2,2,10824,116,1,75,75,1,0,43.29982376098633,1.0,1.0,1.0,0.375,0.0,0,0,3,120,12,56,44,1.0,3,0.18333333333333332,0.2916666666666667,0.15833333333333333,-1.7800000000000011,0.008333333333333333
stage1b_single_agent_tiny,2,2,10912,117,1,75,75,1,0,188.87899780273438,4.0,4.0,4.0,0.3125,0.0,0,0,0,88,61,62,1,1.0,1,0.03409090909090909,0.07954545454545454,0.03409090909090909,-0.34,0.045454545454545456
stage1c_single_agent_small,3,1,11148,118,1,100,100,1,0,90.47234344482422,2.0,2.0,2.0,0.36,0.0,0,0,2,140,4,12,8,1.0,2,0.17142857142857143,0.22142857142857142,0.10714285714285714,-1.77,0.014285714285714285
stage1c_single_agent_small,3,1,11288,119,1,100,100,1,0,-14.52083969116211,1.0,1.0,0.0,0.28,0.0,0,0,3,140,3,-1,-1,0.0,11,0.5571428571428572,0.85,0.4857142857142857,-7.055000000000004,0.0
stage1c_single_agent_small,3,1,11428,120,1,100,100,1,0,-2.4524660110473633,0.0,0.0,0.0,0.44,0.0,0,0,4,140,-1,-1,-1,0.0,0,0.0,0.0,0.0,0.0,0.0
stage1c_single_agent_small,3,1,11568,121,1,100,100,1,0,93.4483413696289,2.0,2.0,2.0,0.16,0.0,0,0,2,140,128,131,3,1.0,0,0.0,0.04285714285714286,0.02857142857142857,-0.37,0.014285714285714285
stage1c_single_agent_small,3,1,11708,122,1,100,100,1,0,42.73784255981445,1.0,1.0,1.0,0.52,0.0,0,0,3,140,109,115,6,1.0,0,0.0,0.0,0.0,0.0,0.007142857142857143
stage1c_single_agent_small,3,1,11848,123,1,100,100,1,0,-14.8511381149292,1.0,1.0,0.0,0.36,0.0,0,0,3,140,3,-1,-1,0.0,8,0.5285714285714286,0.8,0.32857142857142857,-6.1899999999999995,0.0
stage1c_single_agent_small,3,1,11988,124,1,100,100,1,0,-4.154956340789795,0.0,0.0,0.0,0.32,0.0,0,0,4,140,-1,-1,-1,0.0,0,0.0,0.0,0.0,0.0,0.0
stage1c_single_agent_small,3,1,12128,125,1,100,100,1,0,40.604801177978516,1.0,1.0,1.0,0.48,0.0,0,0,3,140,3,93,90,1.0,6,0.3357142857142857,0.5071428571428571,0.24285714285714285,-4.0449999999999955,0.007142857142857143
stage1c_single_agent_small,3,1,12268,126,1,100,100,1,0,42.66023635864258,1.0,1.0,1.0,0.36,0.0,0,0,3,140,40,43,3,1.0,0,0.0,0.0,0.0,0.0,0.007142857142857143
stage1c_single_agent_small,3,1,12408,127,1,100,100,1,0,-16.026527404785156,1.0,1.0,0.0,0.2,0.0,0,0,3,140,31,-1,-1,0.0,12,0.3,0.6357142857142857,0.37142857142857144,-5.305000000000001,0.0
stage1c_single_agent_small,3,1,12548,128,1,100,100,1,0,-3.4886977672576904,0.0,0.0,0.0,0.44,0.0,0,0,4,140,-1,-1,-1,0.0,0,0.0,0.0,0.0,0.0,0.0
stage1c_single_agent_small,3,1,12688,129,1,100,100,1,0,89.6528549194336,2.0,2.0,2.0,0.28,0.0,0,0,2,140,19,29,10,1.0,1,0.03571428571428571,0.11428571428571428,0.06428571428571428,-0.9450000000000003,0.014285714285714285
stage1c_single_agent_small,3,1,12787,130,1,100,100,1,0,188.0146026611328,4.0,4.0,4.0,0.12,0.0,0,0,0,99,84,95,11,1.0,1,0.08080808080808081,0.12121212121212122,0.06060606060606061,-0.6900000000000001,0.04040404040404041
stage1c_single_agent_small,3,1,12927,131,1,100,100,1,0,-4.6700520515441895,0.0,0.0,0.0,0.44,0.0,0,0,4,140,-1,-1,-1,0.0,0,0.0,0.0,0.0,0.0,0.0
stage1c_single_agent_small,3,1,13067,132,1,100,100,1,0,88.96690368652344,2.0,2.0,2.0,0.32,0.0,0,0,2,140,33,35,2,1.0,5,0.19285714285714287,0.35714285714285715,0.17857142857142858,-2.8749999999999987,0.014285714285714285
stage1c_single_agent_small,3,1,13207,133,1,100,100,1,0,45.44843673706055,1.0,1.0,1.0,0.4,0.0,0,0,3,140,58,71,13,1.0,1,0.04285714285714286,0.06428571428571428,0.02857142857142857,-0.505,0.007142857142857143
stage1c_single_agent_small,3,1,13347,134,1,100,100,1,0,-2.811500310897827,0.0,0.0,0.0,0.24,0.0,0,0,4,140,-1,-1,-1,0.0,0,0.0,0.0,0.0,0.0,0.0
stage1c_single_agent_small,3,1,13487,135,1,100,100,1,0,41.44729995727539,1.0,1.0,1.0,0.4,0.0,0,0,3,140,4,90,86,1.0,4,0.40714285714285714,0.5071428571428571,0.22857142857142856,-3.9949999999999957,0.007142857142857143
stage1c_single_agent_small,3,1,13627,136,1,100,100,1,0,-2.0977821350097656,0.0,0.0,0.0,0.36,0.0,0,0,4,140,-1,-1,-1,0.0,0,0.0,0.0,0.0,0.0,0.0
stage1c_single_agent_small,3,2,13900,137,1,100,100,1,0,-11.00074577331543,1.0,1.0,0.0,0.2,0.0,0,0,3,140,65,-1,-1,0.0,5,0.3357142857142857,0.44285714285714284,0.22142857142857142,-3.5649999999999964,0.0
stage1c_single_agent_small,3,2,14040,138,1,100,100,1,0,-4.874455451965332,0.0,0.0,0.0,0.44,0.0,0,0,4,140,-1,-1,-1,0.0,0,0.0,0.0,0.0,0.0,0.0
stage1c_single_agent_small,3,2,14180,139,1,100,100,1,0,37.02525329589844,2.0,2.0,1.0,0.2,0.0,0,0,2,140,70,110,40,0.5,4,0.22142857142857142,0.37857142857142856,0.22142857142857142,-3.159999999999998,0.007142857142857143
stage1c_single_agent_small,3,2,14320,140,1,100,100,1,0,37.640342712402344,2.0,2.0,1.0,0.28,0.0,0,0,2,140,27,69,42,0.5,5,0.18571428571428572,0.3357142857142857,0.19285714285714287,-2.789999999999999,0.007142857142857143
stage1c_single_agent_small,3,2,14460,141,1,100,100,1,0,-5.318052768707275,0.0,0.0,0.0,0.32,0.0,0,0,4,140,-1,-1,-1,0.0,0,0.0,0.0,0.0,0.0,0.0
stage1c_single_agent_small,3,2,14600,142,1,100,100,1,0,141.2303466796875,3.0,3.0,3.0,0.32,0.0,0,0,1,140,4,9,5,1.0,0,0.0,0.014285714285714285,0.0,-0.09,0.02142857142857143
stage1c_single_agent_small,3,2,14740,143,1,100,100,1,0,-13.392303466796875,1.0,1.0,0.0,0.36,0.0,0,0,3,140,13,-1,-1,0.0,8,0.45714285714285713,0.7,0.30714285714285716,-5.4849999999999985,0.0
stage1c_single_agent_small,3,2,14880,144,1,100,100,1,0,42.110836029052734,1.0,1.0,1.0,0.4,0.0,0,0,3,140,3,59,56,1.0,3,0.19285714285714287,0.29285714285714287,0.12857142857142856,-2.294999999999999,0.007142857142857143
stage1c_single_agent_small,3,2,15020,145,1,100,100,1,0,-4.526601791381836,0.0,0.0,0.0,0.32,0.0,0,0,4,140,-1,-1,-1,0.0,0,0.0,0.0,0.0,0.0,0.0
stage1c_single_agent_small,3,2,15160,146,1,100,100,1,0,44.85911560058594,1.0,1.0,1.0,0.32,0.0,0,0,3,140,49,53,4,1.0,0,0.0,0.0,0.0,0.0,0.007142857142857143
stage1c_single_agent_small,3,2,15300,147,1,100,100,1,0,91.89546203613281,2.0,2.0,2.0,0.36,0.0,0,0,2,140,6,6,0,1.0,0,0.0,0.0,0.0,0.0,0.014285714285714285
stage1c_single_agent_small,3,2,15440,148,1,100,100,1,0,-3.5610768795013428,0.0,0.0,0.0,0.32,0.0,0,0,4,140,-1,-1,-1,0.0,0,0.0,0.0,0.0,0.0,0.0
stage1c_single_agent_small,3,2,15580,149,1,100,100,1,0,38.29537582397461,1.0,1.0,1.0,0.24,0.0,0,0,3,140,30,118,88,1.0,5,0.40714285714285714,0.5357142857142857,0.2785714285714286,-4.349999999999997,0.007142857142857143
stage1c_single_agent_small,3,2,15720,150,1,100,100,1,0,-8.179572105407715,1.0,1.0,0.0,0.36,0.0,0,0,3,140,123,-1,-1,0.0,1,0.05714285714285714,0.10714285714285714,0.06428571428571428,-0.9,0.0
stage1c_single_agent_small,3,2,15860,151,1,100,100,1,0,-3.8380401134490967,0.0,0.0,0.0,0.48,0.0,0,0,4,140,-1,-1,-1,0.0,0,0.0,0.0,0.0,0.0,0.0
stage1c_single_agent_small,3,2,16000,152,1,100,100,1,0,44.09355926513672,1.0,1.0,1.0,0.4,0.0,0,0,3,140,2,6,4,1.0,0,0.0,0.0,0.0,0.0,0.007142857142857143
stage1c_single_agent_small,3,2,16140,153,1,100,100,1,0,83.41415405273438,3.0,3.0,2.0,0.28,0.0,0,0,1,140,17,18,1,0.6666666666666666,7,0.30714285714285716,0.5785714285714286,0.37857142857142856,-4.97,0.014285714285714285
stage1c_single_agent_small,3,2,16280,154,1,100,100,1,0,86.44463348388672,2.0,2.0,2.0,0.28,0.0,0,0,2,140,10,132,122,1.0,12,0.32857142857142857,0.6571428571428571,0.36428571428571427,-5.414999999999999,0.014285714285714285
stage1c_single_agent_small,3,2,16420,155,1,100,100,1,0,90.61463928222656,2.0,2.0,2.0,0.32,0.0,0,0,2,140,89,109,20,1.0,2,0.14285714285714285,0.22142857142857142,0.11428571428571428,-1.795,0.014285714285714285
stage1d_single_agent_carry_bootstrap,4,1,16622,156,1,120,100,1,0,-36.74781799316406,0.0,0.0,0.0,0.1,0.0,0,0,0,110,-1,-1,-1,0.0,11,0.6454545454545455,0.7454545454545455,0.4636363636363636,-8.600000000000003,0.0
stage1d_single_agent_carry_bootstrap,4,1,16732,157,1,120,100,1,0,-35.806884765625,0.0,0.0,0.0,0.26666666666666666,0.0,0,0,0,110,-1,-1,-1,0.0,9,0.6545454545454545,0.7636363636363637,0.36363636363636365,-8.320000000000006,0.0
stage1d_single_agent_carry_bootstrap,4,1,16779,158,1,120,100,1,0,56.53539276123047,0.0,0.0,1.0,0.16666666666666666,0.0,0,0,0,47,-1,47,-1,1.0,2,0.48936170212765956,0.574468085106383,0.2765957446808511,-2.680000000000001,0.02127659574468085
stage1d_single_agent_carry_bootstrap,4,1,16780,159,1,120,100,1,0,59.99599838256836,0.0,0.0,1.0,0.03333333333333333,0.0,0,0,0,1,-1,1,-1,1.0,0,0.0,0.0,0.0,0.0,1.0
stage1d_single_agent_carry_bootstrap,4,1,16830,160,1,120,100,1,0,55.09578323364258,0.0,0.0,1.0,0.06666666666666667,0.0,0,0,0,50,-1,50,-1,1.0,6,0.64,0.8,0.52,-4.240000000000003,0.02
stage1d_single_agent_carry_bootstrap,4,1,16935,161,1,120,100,1,0,48.74226760864258,0.0,0.0,1.0,0.23333333333333334,0.0,0,0,0,105,-1,105,-1,1.0,10,0.6190476190476191,0.7238095238095238,0.38095238095238093,-7.680000000000006,0.009523809523809525
stage1d_single_agent_carry_bootstrap,4,1,16989,162,1,120,100,1,0,55.102203369140625,0.0,0.0,1.0,0.23333333333333334,0.0,0,0,0,54,-1,54,-1,1.0,6,0.5,0.6481481481481481,0.2962962962962963,-3.440000000000002,0.018518518518518517
stage1d_single_agent_carry_bootstrap,4,1,17099,163,1,120,100,1,0,-35.30362319946289,0.0,0.0,0.0,0.2,0.0,0,0,0,110,-1,-1,-1,0.0,10,0.6181818181818182,0.7545454545454545,0.45454545454545453,-8.640000000000002,0.0
stage1d_single_agent_carry_bootstrap,4,1,17209,164,1,120,100,1,0,-37.21674346923828,0.0,0.0,0.0,0.16666666666666666,0.0,0,0,0,110,-1,-1,-1,0.0,13,0.6363636363636364,0.7818181818181819,0.39090909090909093,-8.600000000000001,0.0
stage1d_single_agent_carry_bootstrap,4,1,17224,165,1,120,100,1,0,58.62823486328125,0.0,0.0,1.0,0.06666666666666667,0.0,0,0,0,15,-1,15,-1,1.0,2,0.6,0.7333333333333333,0.5333333333333333,-1.2000000000000002,0.06666666666666667
stage1d_single_agent_carry_bootstrap,4,1,17231,166,1,120,100,1,0,59.87894821166992,0.0,0.0,1.0,0.1,0.0,0,0,0,7,-1,7,-1,1.0,0,0.0,0.14285714285714285,0.14285714285714285,-0.12,0.14285714285714285
stage1d_single_agent_carry_bootstrap,4,1,17265,167,1,120,100,1,0,57.15010070800781,0.0,0.0,1.0,0.2,0.0,0,0,0,34,-1,34,-1,1.0,3,0.5294117647058824,0.6470588235294118,0.23529411764705882,-2.080000000000001,0.029411764705882353
stage1d_single_agent_carry_bootstrap,4,1,17268,168,1,120,100,1,0,59.99270248413086,0.0,0.0,1.0,0.06666666666666667,0.0,0,0,0,3,-1,3,-1,1.0,0,0.0,0.0,0.0,0.0,0.3333333333333333
stage1d_single_agent_carry_bootstrap,4,1,17291,169,1,120,100,1,0,58.39069366455078,0.0,0.0,1.0,0.13333333333333333,0.0,0,0,0,23,-1,23,-1,1.0,2,0.5217391304347826,0.6086956521739131,0.34782608695652173,-1.4400000000000004,0.043478260869565216
stage1d_single_agent_carry_bootstrap,4,1,17401,170,1,120,100,1,0,-36.939903259277344,0.0,0.0,0.0,0.1,0.0,0,0,0,110,-1,-1,-1,0.0,18,0.5545454545454546,0.7454545454545455,0.4818181818181818,-8.680000000000001,0.0
stage1d_single_agent_carry_bootstrap,4,1,17416,171,1,120,100,1,0,59.58664321899414,0.0,0.0,1.0,0.13333333333333333,0.0,0,0,0,15,-1,15,-1,1.0,1,0.2,0.26666666666666666,0.2,-0.44,0.06666666666666667
stage1d_single_agent_carry_bootstrap,4,1,17526,172,1,120,100,1,0,-35.65753173828125,0.0,0.0,0.0,0.3333333333333333,0.0,0,0,0,110,-1,-1,-1,0.0,9,0.6909090909090909,0.7909090909090909,0.36363636363636365,-8.560000000000004,0.0
stage1d_single_agent_carry_bootstrap,4,1,17636,173,1,120,100,1,0,-36.243621826171875,0.0,0.0,0.0,0.26666666666666666,0.0,0,0,0,110,-1,-1,-1,0.0,12,0.5545454545454546,0.7181818181818181,0.35454545454545455,-7.880000000000005,0.0
stage1d_single_agent_carry_bootstrap,4,1,17640,174,1,120,100,1,0,59.63663101196289,0.0,0.0,1.0,0.03333333333333333,0.0,0,0,0,4,-1,4,-1,1.0,1,0.5,0.75,0.5,-0.32,0.25
stage1d_single_agent_carry_bootstrap,4,1,17750,175,1,120,100,1,0,-35.89356231689453,0.0,0.0,0.0,0.23333333333333334,0.0,0,0,0,110,-1,-1,-1,0.0,8,0.6727272727272727,0.8090909090909091,0.509090909090909,-9.36,0.0
stage1d_single_agent_carry_bootstrap,4,1,17764,176,1,120,100,1,0,59.72602844238281,0.0,0.0,1.0,0.13333333333333333,0.0,0,0,0,14,-1,14,-1,1.0,1,0.14285714285714285,0.21428571428571427,0.14285714285714285,-0.32,0.07142857142857142
stage1d_single_agent_carry_bootstrap,4,1,17869,177,1,120,100,1,0,49.46475601196289,0.0,0.0,1.0,0.23333333333333334,0.0,0,0,0,105,-1,105,-1,1.0,10,0.5523809523809524,0.6857142857142857,0.2857142857142857,-6.960000000000005,0.009523809523809525
stage1d_single_agent_carry_bootstrap,4,1,17979,178,1,120,100,1,0,-35.974327087402344,0.0,0.0,0.0,0.13333333333333333,0.0,0,0,0,110,-1,-1,-1,0.0,11,0.6363636363636364,0.7636363636363637,0.42727272727272725,-8.600000000000003,0.0
stage1d_single_agent_carry_bootstrap,4,1,18089,179,1,120,100,1,0,-35.62382125854492,0.0,0.0,0.0,0.23333333333333334,0.0,0,0,0,110,-1,-1,-1,0.0,12,0.6272727272727273,0.7545454545454545,0.37272727272727274,-8.280000000000005,0.0
stage1d_single_agent_carry_bootstrap,4,1,18199,180,1,120,100,1,0,-34.817169189453125,0.0,0.0,0.0,0.4,0.0,0,0,0,110,-1,-1,-1,0.0,8,0.6636363636363637,0.7636363636363637,0.33636363636363636,-8.200000000000005,0.0
stage1d_single_agent_carry_bootstrap,4,1,18208,181,1,120,100,1,0,59.817569732666016,0.0,0.0,1.0,0.06666666666666667,0.0,0,0,0,9,-1,9,-1,1.0,0,0.0,0.1111111111111111,0.1111111111111111,-0.12,0.1111111111111111
stage1d_single_agent_carry_bootstrap,4,1,18243,182,1,120,100,1,0,56.74266815185547,0.0,0.0,1.0,0.13333333333333333,0.0,0,0,0,35,-1,35,-1,1.0,5,0.34285714285714286,0.5142857142857142,0.2571428571428571,-1.8000000000000003,0.02857142857142857
stage1d_single_agent_carry_bootstrap,4,1,18284,183,1,120,100,1,0,57.24978256225586,0.0,0.0,1.0,0.13333333333333333,0.0,0,0,0,41,-1,41,-1,1.0,5,0.36585365853658536,0.5365853658536586,0.3902439024390244,-2.4000000000000012,0.024390243902439025
stage1d_single_agent_carry_bootstrap,4,1,18289,184,1,120,100,1,0,59.62852478027344,0.0,0.0,1.0,0.06666666666666667,0.0,0,0,0,5,-1,5,-1,1.0,1,0.2,0.6,0.4,-0.32,0.2
stage1d_single_agent_carry_bootstrap,4,1,18296,185,1,120,100,1,0,59.59660720825195,0.0,0.0,1.0,0.06666666666666667,0.0,0,0,0,7,-1,7,-1,1.0,1,0.14285714285714285,0.42857142857142855,0.42857142857142855,-0.36,0.14285714285714285
stage1d_single_agent_carry_bootstrap,4,1,18304,186,1,120,100,1,0,59.80567932128906,0.0,0.0,1.0,0.13333333333333333,0.0,0,0,0,8,-1,8,-1,1.0,0,0.0,0.25,0.25,-0.24,0.125
stage1d_single_agent_carry_bootstrap,4,1,18414,187,1,120,100,1,0,-34.870784759521484,0.0,0.0,0.0,0.06666666666666667,0.0,0,0,0,110,-1,-1,-1,0.0,15,0.509090909090909,0.6909090909090909,0.4090909090909091,-7.880000000000006,0.0
stage1d_single_agent_carry_bootstrap,4,1,18524,188,1,120,100,1,0,-35.68656921386719,0.0,0.0,0.0,0.3333333333333333,0.0,0,0,0,110,-1,-1,-1,0.0,15,0.5454545454545454,0.7272727272727273,0.39090909090909093,-8.120000000000005,0.0
stage1d_single_agent_carry_bootstrap,4,1,18634,189,1,120,100,1,0,-36.210330963134766,0.0,0.0,0.0,0.2,0.0,0,0,0,110,-1,-1,-1,0.0,15,0.6090909090909091,0.7818181818181819,0.4090909090909091,-8.680000000000003,0.0
stage1d_single_agent_carry_bootstrap,4,1,18682,190,1,120,100,1,0,55.810752868652344,0.0,0.0,1.0,0.23333333333333334,0.0,0,0,0,48,-1,48,-1,1.0,6,0.5208333333333334,0.6458333333333334,0.16666666666666666,-2.800000000000001,0.020833333333333332
stage1d_single_agent_carry_bootstrap,4,1,18730,191,1,120,100,1,0,55.90153121948242,0.0,0.0,1.0,0.16666666666666666,0.0,0,0,0,48,-1,48,-1,1.0,4,0.4583333333333333,0.5833333333333334,0.3333333333333333,-2.8800000000000012,0.020833333333333332
stage1d_single_agent_carry_bootstrap,4,1,18840,192,1,120,100,1,0,-37.71165084838867,0.0,0.0,0.0,0.1,0.0,0,0,0,110,-1,-1,-1,0.0,12,0.6181818181818182,0.7545454545454545,0.37272727272727274,-8.280000000000005,0.0
stage1d_single_agent_carry_bootstrap,4,1,18950,193,1,120,100,1,0,-37.88813018798828,0.0,0.0,0.0,0.13333333333333333,0.0,0,0,0,110,-1,-1,-1,0.0,17,0.4909090909090909,0.7090909090909091,0.4,-8.000000000000005,0.0
stage1d_single_agent_carry_bootstrap,4,1,19060,194,1,120,100,1,0,-36.25677490234375,0.0,0.0,0.0,0.3333333333333333,0.0,0,0,0,110,-1,-1,-1,0.0,12,0.5909090909090909,0.7272727272727273,0.34545454545454546,-7.920000000000006,0.0
stage1d_single_agent_carry_bootstrap,4,1,19150,195,1,120,100,1,0,50.68224334716797,0.0,0.0,1.0,0.13333333333333333,0.0,0,0,0,90,-1,90,-1,1.0,8,0.6333333333333333,0.7666666666666667,0.4111111111111111,-7.000000000000004,0.011111111111111112
stage1d_single_agent_carry_bootstrap,4,1,19171,196,1,120,100,1,0,58.58395004272461,0.0,0.0,1.0,0.1,0.0,0,0,0,21,-1,21,-1,1.0,2,0.47619047619047616,0.5714285714285714,0.3333333333333333,-1.2400000000000002,0.047619047619047616
stage1d_single_agent_carry_bootstrap,4,1,19193,197,1,120,100,1,0,58.89506530761719,0.0,0.0,1.0,0.16666666666666666,0.0,0,0,0,22,-1,22,-1,1.0,3,0.22727272727272727,0.4090909090909091,0.4090909090909091,-1.08,0.045454545454545456
stage1d_single_agent_carry_bootstrap,4,1,19240,198,1,120,100,1,0,56.51923370361328,0.0,0.0,1.0,0.16666666666666666,0.0,0,0,0,47,-1,47,-1,1.0,4,0.5319148936170213,0.6170212765957447,0.1702127659574468,-2.640000000000001,0.02127659574468085
stage1d_single_agent_carry_bootstrap,4,1,19350,199,1,120,100,1,0,-36.33374786376953,0.0,0.0,0.0,0.2,0.0,0,0,0,110,-1,-1,-1,0.0,12,0.6272727272727273,0.7727272727272727,0.45454545454545453,-8.8,0.0
stage1d_single_agent_carry_bootstrap,4,1,19460,200,1,120,100,1,0,-36.81214141845703,0.0,0.0,0.0,0.13333333333333333,0.0,0,0,0,110,-1,-1,-1,0.0,17,0.5272727272727272,0.6545454545454545,0.4636363636363636,-7.800000000000006,0.0
stage1d_single_agent_carry_bootstrap,4,1,19535,201,1,120,100,1,0,54.572608947753906,0.0,0.0,1.0,0.26666666666666666,0.0,0,0,0,75,-1,75,-1,1.0,4,0.5333333333333333,0.6133333333333333,0.30666666666666664,-4.600000000000002,0.013333333333333334
stage1d_single_agent_carry_bootstrap,4,1,19549,202,1,120,100,1,0,58.92504119873047,0.0,0.0,1.0,0.1,0.0,0,0,0,14,-1,14,-1,1.0,2,0.21428571428571427,0.42857142857142855,0.21428571428571427,-0.6,0.07142857142857142
stage1d_single_agent_carry_bootstrap,4,1,19659,203,1,120,100,1,0,-36.18357849121094,0.0,0.0,0.0,0.2,0.0,0,0,0,110,-1,-1,-1,0.0,14,0.5909090909090909,0.7636363636363637,0.44545454545454544,-8.680000000000001,0.0
stage1d_single_agent_carry_bootstrap,4,1,19769,204,1,120,100,1,0,-38.985267639160156,0.0,0.0,0.0,0.1,0.0,0,0,0,110,-1,-1,-1,0.0,18,0.5272727272727272,0.7272727272727273,0.34545454545454546,-7.920000000000006,0.0
stage1d_single_agent_carry_bootstrap,4,1,19879,205,1,120,100,1,0,-37.30847930908203,0.0,0.0,0.0,0.23333333333333334,0.0,0,0,0,110,-1,-1,-1,0.0,18,0.4909090909090909,0.7,0.34545454545454546,-7.680000000000005,0.0
stage1d_single_agent_carry_bootstrap,4,1,19896,206,1,120,100,1,0,57.507667541503906,0.0,0.0,1.0,0.03333333333333333,0.0,0,0,0,17,-1,17,-1,1.0,4,0.4117647058823529,0.6470588235294118,0.29411764705882354,-1.08,0.058823529411764705
stage1d_single_agent_carry_bootstrap,4,1,19962,207,1,120,100,1,0,53.97814178466797,0.0,0.0,1.0,0.26666666666666666,0.0,0,0,0,66,-1,66,-1,1.0,6,0.4090909090909091,0.6212121212121212,0.30303030303030304,-4.080000000000002,0.015151515151515152
stage1d_single_agent_carry_bootstrap,4,1,20003,208,1,120,100,1,0,57.241943359375,0.0,0.0,1.0,0.26666666666666666,0.0,0,0,0,41,-1,41,-1,1.0,5,0.36585365853658536,0.5121951219512195,0.1951219512195122,-2.0000000000000004,0.024390243902439025
stage1d_single_agent_carry_bootstrap,4,1,20113,209,1,120,100,1,0,-37.544219970703125,0.0,0.0,0.0,0.26666666666666666,0.0,0,0,0,110,-1,-1,-1,0.0,14,0.6,0.7545454545454545,0.33636363636363636,-8.120000000000005,0.0
stage1d_single_agent_carry_bootstrap,4,1,20117,210,1,120,100,1,0,60.00092697143555,0.0,0.0,1.0,0.06666666666666667,0.0,0,0,0,4,-1,4,-1,1.0,0,0.0,0.0,0.0,0.0,0.25
stage1d_single_agent_carry_bootstrap,4,1,20161,211,1,120,100,1,0,56.84636306762695,0.0,0.0,1.0,0.3,0.0,0,0,0,44,-1,44,-1,1.0,2,0.5681818181818182,0.6590909090909091,0.3181818181818182,-2.8800000000000017,0.022727272727272728
stage1d_single_agent_carry_bootstrap,4,1,20244,212,1,120,100,1,0,52.436038970947266,0.0,0.0,1.0,0.26666666666666666,0.0,0,0,0,83,-1,83,-1,1.0,7,0.5060240963855421,0.6626506024096386,0.30120481927710846,-5.400000000000003,0.012048192771084338
stage1d_single_agent_carry_bootstrap,4,1,20315,213,1,120,100,1,0,53.6813850402832,0.0,0.0,1.0,0.36666666666666664,0.0,0,0,0,71,-1,71,-1,1.0,8,0.43661971830985913,0.5774647887323944,0.2676056338028169,-4.040000000000003,0.014084507042253521
stage1d_single_agent_carry_bootstrap,4,1,20353,214,1,120,100,1,0,56.81877899169922,0.0,0.0,1.0,0.13333333333333333,0.0,0,0,0,38,-1,38,-1,1.0,2,0.47368421052631576,0.6052631578947368,0.39473684210526316,-2.440000000000001,0.02631578947368421
stage1d_single_agent_carry_bootstrap,4,1,20463,215,1,120,100,1,0,-36.792606353759766,0.0,0.0,0.0,0.36666666666666664,0.0,0,0,0,110,-1,-1,-1,0.0,14,0.5818181818181818,0.7363636363636363,0.3,-7.800000000000006,0.0
stage1d_single_agent_carry_bootstrap,4,1,20476,216,1,120,100,1,0,59.238922119140625,0.0,0.0,1.0,0.1,0.0,0,0,0,13,-1,13,-1,1.0,2,0.15384615384615385,0.3076923076923077,0.15384615384615385,-0.4,0.07692307692307693
stage1d_single_agent_carry_bootstrap,4,1,20586,217,1,120,100,1,0,-35.494319915771484,0.0,0.0,0.0,0.26666666666666666,0.0,0,0,0,110,-1,-1,-1,0.0,10,0.5363636363636364,0.7,0.32727272727272727,-7.600000000000005,0.0
stage1d_single_agent_carry_bootstrap,4,1,20696,218,1,120,100,1,0,-37.03984832763672,0.0,0.0,0.0,0.1,0.0,0,0,0,110,-1,-1,-1,0.0,13,0.5454545454545454,0.7363636363636363,0.42727272727272725,-8.360000000000005,0.0
stage1d_single_agent_carry_bootstrap,4,1,20806,219,1,120,100,1,0,-36.691192626953125,0.0,0.0,0.0,0.16666666666666666,0.0,0,0,0,110,-1,-1,-1,0.0,13,0.5181818181818182,0.7,0.33636363636363636,-7.640000000000006,0.0
stage1d_single_agent_carry_bootstrap,4,1,20863,220,1,120,100,1,0,54.745147705078125,0.0,0.0,1.0,0.2,0.0,0,0,0,57,-1,57,-1,1.0,7,0.47368421052631576,0.6491228070175439,0.3684210526315789,-3.800000000000002,0.017543859649122806
stage1d_single_agent_carry_bootstrap,4,1,20897,221,1,120,100,1,0,56.22637176513672,0.0,0.0,1.0,0.1,0.0,0,0,0,34,-1,34,-1,1.0,4,0.6176470588235294,0.7647058823529411,0.3235294117647059,-2.5200000000000014,0.029411764705882353
stage1d_single_agent_carry_bootstrap,4,1,20900,222,1,120,100,1,0,60.00785827636719,0.0,0.0,1.0,0.06666666666666667,0.0,0,0,0,3,-1,3,-1,1.0,0,0.0,0.0,0.0,0.0,0.3333333333333333
stage1d_single_agent_carry_bootstrap,4,1,21010,223,1,120,100,1,0,-34.252159118652344,0.0,0.0,0.0,0.2,0.0,0,0,0,110,-1,-1,-1,0.0,11,0.5545454545454546,0.7,0.2636363636363636,-7.320000000000005,0.0
stage1d_single_agent_carry_bootstrap,4,1,21120,224,1,120,100,1,0,-35.79603576660156,0.0,0.0,0.0,0.26666666666666666,0.0,0,0,0,110,-1,-1,-1,0.0,15,0.5545454545454546,0.7181818181818181,0.2818181818181818,-7.560000000000005,0.0
stage1d_single_agent_carry_bootstrap,4,1,21135,225,1,120,100,1,0,58.11985397338867,0.0,0.0,1.0,0.06666666666666667,0.0,0,0,0,15,-1,15,-1,1.0,3,0.3333333333333333,0.6,0.3333333333333333,-0.92,0.06666666666666667
stage1d_single_agent_carry_bootstrap,4,1,21152,226,1,120,100,1,0,58.869956970214844,0.0,0.0,1.0,0.13333333333333333,0.0,0,0,0,17,-1,17,-1,1.0,1,0.17647058823529413,0.35294117647058826,0.29411764705882354,-0.68,0.058823529411764705
stage1d_single_agent_carry_bootstrap,4,1,21238,227,1,120,100,1,0,52.828704833984375,0.0,0.0,1.0,0.3,0.0,0,0,0,86,-1,86,-1,1.0,7,0.5813953488372093,0.6395348837209303,0.3023255813953488,-5.440000000000003,0.011627906976744186
stage1d_single_agent_carry_bootstrap,4,1,21348,228,1,120,100,1,0,-34.367835998535156,0.0,0.0,0.0,0.3333333333333333,0.0,0,0,0,110,-1,-1,-1,0.0,12,0.5,0.6363636363636364,0.34545454545454546,-7.120000000000005,0.0
stage1d_single_agent_carry_bootstrap,4,1,21386,229,1,120,100,1,0,56.05551528930664,0.0,0.0,1.0,0.16666666666666666,0.0,0,0,0,38,-1,38,-1,1.0,5,0.47368421052631576,0.631578947368421,0.3157894736842105,-2.400000000000001,0.02631578947368421
stage1d_single_agent_carry_bootstrap,4,1,21475,230,1,120,100,1,0,49.9348258972168,0.0,0.0,1.0,0.2,0.0,0,0,0,89,-1,89,-1,1.0,10,0.5168539325842697,0.7078651685393258,0.3595505617977528,-6.320000000000005,0.011235955056179775
stage1d_single_agent_carry_bootstrap,4,1,21486,231,1,120,100,1,0,59.35020065307617,0.0,0.0,1.0,0.1,0.0,0,0,0,11,-1,11,-1,1.0,1,0.2727272727272727,0.45454545454545453,0.36363636363636365,-0.5599999999999999,0.09090909090909091
stage1d_single_agent_carry_bootstrap,4,1,21596,232,1,120,100,1,0,-36.020633697509766,0.0,0.0,0.0,0.2,0.0,0,0,0,110,-1,-1,-1,0.0,12,0.5454545454545454,0.6909090909090909,0.3181818181818182,-7.480000000000006,0.0
stage1d_single_agent_carry_bootstrap,4,1,21638,233,1,120,100,1,0,55.87206268310547,0.0,0.0,1.0,0.26666666666666666,0.0,0,0,0,42,-1,42,-1,1.0,3,0.47619047619047616,0.6428571428571429,0.21428571428571427,-2.5200000000000014,0.023809523809523808
stage1d_single_agent_carry_bootstrap,4,1,21715,234,1,120,100,1,0,52.5549201965332,0.0,0.0,1.0,0.3,0.0,0,0,0,77,-1,77,-1,1.0,6,0.5584415584415584,0.6623376623376623,0.2987012987012987,-5.0000000000000036,0.012987012987012988
stage1d_single_agent_carry_bootstrap,4,1,21819,235,1,120,100,1,0,48.37650680541992,0.0,0.0,1.0,0.3333333333333333,0.0,0,0,0,104,-1,104,-1,1.0,10,0.5961538461538461,0.7115384615384616,0.23076923076923078,-6.880000000000004,0.009615384615384616
stage1d_single_agent_carry_bootstrap,4,1,21867,236,1,120,100,1,0,55.90901184082031,0.0,0.0,1.0,0.13333333333333333,0.0,0,0,0,48,-1,48,-1,1.0,5,0.5208333333333334,0.6666666666666666,0.3541666666666667,-3.240000000000002,0.020833333333333332
stage1d_single_agent_carry_bootstrap,4,1,21900,237,1,120,100,1,0,56.55356216430664,0.0,0.0,1.0,0.16666666666666666,0.0,0,0,0,33,-1,33,-1,1.0,3,0.7272727272727273,0.8181818181818182,0.3939393939393939,-2.6800000000000015,0.030303030303030304
stage1d_single_agent_carry_bootstrap,4,1,21939,238,1,120,100,1,0,56.48695373535156,0.0,0.0,1.0,0.23333333333333334,0.0,0,0,0,39,-1,39,-1,1.0,3,0.4358974358974359,0.5384615384615384,0.2564102564102564,-2.0800000000000005,0.02564102564102564
stage1d_single_agent_carry_bootstrap,4,1,21959,239,1,120,100,1,0,58.0053825378418,0.0,0.0,1.0,0.2,0.0,0,0,0,20,-1,20,-1,1.0,2,0.45,0.6,0.15,-1.0799999999999998,0.05
stage1d_single_agent_carry_bootstrap,4,1,21964,240,1,120,100,1,0,59.89706802368164,0.0,0.0,1.0,0.06666666666666667,0.0,0,0,0,5,-1,5,-1,1.0,0,0.0,0.2,0.2,-0.12,0.2
stage1d_single_agent_carry_bootstrap,4,1,21969,241,1,120,100,1,0,59.71813201904297,0.0,0.0,1.0,0.06666666666666667,0.0,0,0,0,5,-1,5,-1,1.0,0,0.0,0.4,0.4,-0.24,0.2
stage1d_single_agent_carry_bootstrap,4,1,21974,242,1,120,100,1,0,59.858375549316406,0.0,0.0,1.0,0.06666666666666667,0.0,0,0,0,5,-1,5,-1,1.0,0,0.0,0.2,0.2,-0.12,0.2
stage1d_single_agent_carry_bootstrap,4,1,21995,243,1,120,100,1,0,58.90031814575195,0.0,0.0,1.0,0.1,0.0,0,0,0,21,-1,21,-1,1.0,1,0.2857142857142857,0.42857142857142855,0.2857142857142857,-0.96,0.047619047619047616
stage1d_single_agent_carry_bootstrap,4,2,22030,244,1,120,100,1,0,58.86042404174805,0.0,0.0,1.0,0.1,0.0,0,0,0,14,-1,14,-1,1.0,1,0.42857142857142855,0.5,0.21428571428571427,-0.68,0.07142857142857142
stage1d_single_agent_carry_bootstrap,4,2,22132,245,1,120,100,1,0,46.08353805541992,0.0,0.0,1.0,0.13333333333333333,0.0,0,0,0,102,-1,102,-1,1.0,15,0.5784313725490197,0.7450980392156863,0.4411764705882353,-7.880000000000005,0.00980392156862745
stage1d_single_agent_carry_bootstrap,4,2,22242,246,1,120,100,1,0,-38.633338928222656,0.0,0.0,0.0,0.23333333333333334,0.0,0,0,0,110,-1,-1,-1,0.0,13,0.6909090909090909,0.8363636363636363,0.44545454545454544,-9.32,0.0
stage1d_single_agent_carry_bootstrap,4,2,22352,247,1,120,100,1,0,-35.988121032714844,0.0,0.0,0.0,0.13333333333333333,0.0,0,0,0,110,-1,-1,-1,0.0,11,0.6454545454545455,0.7636363636363637,0.4090909090909091,-8.520000000000003,0.0
stage1d_single_agent_carry_bootstrap,4,2,22392,248,1,120,100,1,0,55.778987884521484,0.0,0.0,1.0,0.16666666666666666,0.0,0,0,0,40,-1,40,-1,1.0,3,0.525,0.65,0.325,-2.600000000000001,0.025
stage1d_single_agent_carry_bootstrap,4,2,22409,249,1,120,100,1,0,58.774898529052734,0.0,0.0,1.0,0.1,0.0,0,0,0,17,-1,17,-1,1.0,1,0.47058823529411764,0.5882352941176471,0.29411764705882354,-0.9999999999999999,0.058823529411764705
stage1d_single_agent_carry_bootstrap,4,2,22416,250,1,120,100,1,0,59.47414016723633,0.0,0.0,1.0,0.03333333333333333,0.0,0,0,0,7,-1,7,-1,1.0,1,0.2857142857142857,0.5714285714285714,0.5714285714285714,-0.48,0.14285714285714285
stage1d_single_agent_carry_bootstrap,4,2,22430,251,1,120,100,1,0,58.884437561035156,0.0,0.0,1.0,0.06666666666666667,0.0,0,0,0,14,-1,14,-1,1.0,2,0.42857142857142855,0.6428571428571429,0.42857142857142855,-0.9599999999999999,0.07142857142857142
stage1d_single_agent_carry_bootstrap,4,2,22540,252,1,120,100,1,0,-35.694610595703125,0.0,0.0,0.0,0.2,0.0,0,0,0,110,-1,-1,-1,0.0,13,0.6727272727272727,0.8090909090909091,0.4090909090909091,-8.920000000000002,0.0
stage1d_single_agent_carry_bootstrap,4,2,22551,253,1,120,100,1,0,58.96100997924805,0.0,0.0,1.0,0.1,0.0,0,0,0,11,-1,11,-1,1.0,1,0.09090909090909091,0.2727272727272727,0.09090909090909091,-0.28,0.09090909090909091
stage1d_single_agent_carry_bootstrap,4,2,22661,254,1,120,100,1,0,-35.721702575683594,0.0,0.0,0.0,0.2,0.0,0,0,0,110,-1,-1,-1,0.0,9,0.6545454545454545,0.7545454545454545,0.37272727272727274,-8.280000000000005,0.0
stage1d_single_agent_carry_bootstrap,4,2,22710,255,1,120,100,1,0,55.021575927734375,0.0,0.0,1.0,0.2,0.0,0,0,0,49,-1,49,-1,1.0,6,0.40816326530612246,0.6122448979591837,0.30612244897959184,-3.0000000000000018,0.02040816326530612
stage1d_single_agent_carry_bootstrap,4,2,22820,256,1,120,100,1,0,-38.40865707397461,0.0,0.0,0.0,0.16666666666666666,0.0,0,0,0,110,-1,-1,-1,0.0,8,0.7636363636363637,0.8636363636363636,0.38181818181818183,-9.280000000000001,0.0
stage1d_single_agent_carry_bootstrap,4,2,22821,257,1,120,100,1,0,59.99599838256836,0.0,0.0,1.0,0.06666666666666667,0.0,0,0,0,1,-1,1,-1,1.0,0,0.0,0.0,0.0,0.0,1.0
stage1d_single_agent_carry_bootstrap,4,2,22931,258,1,120,100,1,0,-36.820613861083984,0.0,0.0,0.0,0.26666666666666666,0.0,0,0,0,110,-1,-1,-1,0.0,14,0.6363636363636364,0.7636363636363637,0.3181818181818182,-8.120000000000006,0.0
stage1d_single_agent_carry_bootstrap,4,2,23030,259,1,120,100,1,0,50.50267028808594,0.0,0.0,1.0,0.26666666666666666,0.0,0,0,0,99,-1,99,-1,1.0,9,0.6464646464646465,0.7373737373737373,0.3333333333333333,-7.1600000000000055,0.010101010101010102
stage1d_single_agent_carry_bootstrap,4,2,23140,260,1,120,100,1,0,-35.16974639892578,0.0,0.0,0.0,0.26666666666666666,0.0,0,0,0,110,-1,-1,-1,0.0,12,0.5454545454545454,0.7090909090909091,0.37272727272727274,-7.880000000000006,0.0
stage1d_single_agent_carry_bootstrap,4,2,23193,261,1,120,100,1,0,55.1557731628418,0.0,0.0,1.0,0.16666666666666666,0.0,0,0,0,53,-1,53,-1,1.0,6,0.4716981132075472,0.6792452830188679,0.4528301886792453,-3.840000000000002,0.018867924528301886
stage1d_single_agent_carry_bootstrap,4,2,23303,262,1,120,100,1,0,-35.47614288330078,0.0,0.0,0.0,0.26666666666666666,0.0,0,0,0,110,-1,-1,-1,0.0,10,0.6090909090909091,0.7363636363636363,0.3181818181818182,-7.880000000000006,0.0
stage1d_single_agent_carry_bootstrap,4,2,23317,263,1,120,100,1,0,59.03511428833008,0.0,0.0,1.0,0.13333333333333333,0.0,0,0,0,14,-1,14,-1,1.0,2,0.5,0.6428571428571429,0.21428571428571427,-0.84,0.07142857142857142
stage1d_single_agent_carry_bootstrap,4,2,23384,264,1,120,100,1,0,51.568702697753906,0.0,0.0,1.0,0.06666666666666667,0.0,0,0,0,67,-1,67,-1,1.0,5,0.7014925373134329,0.8507462686567164,0.5223880597014925,-5.960000000000004,0.014925373134328358
stage1d_single_agent_carry_bootstrap,4,2,23386,265,1,120,100,1,0,59.991119384765625,0.0,0.0,1.0,0.03333333333333333,0.0,0,0,0,2,-1,2,-1,1.0,0,0.0,0.0,0.0,0.0,0.5
stage1d_single_agent_carry_bootstrap,4,2,23418,266,1,120,100,1,0,56.801204681396484,0.0,0.0,1.0,0.13333333333333333,0.0,0,0,0,32,-1,32,-1,1.0,4,0.4375,0.65625,0.28125,-2.0400000000000005,0.03125
stage1d_single_agent_carry_bootstrap,4,2,23461,267,1,120,100,1,0,56.585514068603516,0.0,0.0,1.0,0.13333333333333333,0.0,0,0,0,43,-1,43,-1,1.0,2,0.5348837209302325,0.627906976744186,0.27906976744186046,-2.6400000000000015,0.023255813953488372
stage1d_single_agent_carry_bootstrap,4,2,23497,268,1,120,100,1,0,56.88832092285156,0.0,0.0,1.0,0.1,0.0,0,0,0,36,-1,36,-1,1.0,3,0.6111111111111112,0.7222222222222222,0.3888888888888889,-2.6400000000000015,0.027777777777777776
stage1d_single_agent_carry_bootstrap,4,2,23607,269,1,120,100,1,0,-35.30287170410156,0.0,0.0,0.0,0.16666666666666666,0.0,0,0,0,110,-1,-1,-1,0.0,10,0.6,0.7454545454545455,0.4,-8.320000000000006,0.0
stage1d_single_agent_carry_bootstrap,4,2,23622,270,1,120,100,1,0,59.23521423339844,0.0,0.0,1.0,0.1,0.0,0,0,0,15,-1,15,-1,1.0,2,0.26666666666666666,0.4,0.3333333333333333,-0.6799999999999999,0.06666666666666667
stage1d_single_agent_carry_bootstrap,4,2,23708,271,1,120,100,1,0,51.468666076660156,0.0,0.0,1.0,0.23333333333333334,0.0,0,0,0,86,-1,86,-1,1.0,6,0.5581395348837209,0.686046511627907,0.3488372093023256,-5.920000000000004,0.011627906976744186
stage1d_single_agent_carry_bootstrap,4,2,23739,272,1,120,100,1,0,57.714900970458984,0.0,0.0,1.0,0.13333333333333333,0.0,0,0,0,31,-1,31,-1,1.0,3,0.3870967741935484,0.5161290322580645,0.3225806451612903,-1.6800000000000006,0.03225806451612903
stage1d_single_agent_carry_bootstrap,4,2,23772,273,1,120,100,1,0,57.6399040222168,0.0,0.0,1.0,0.2,0.0,0,0,0,33,-1,33,-1,1.0,3,0.45454545454545453,0.5454545454545454,0.21212121212121213,-1.7200000000000006,0.030303030303030304
stage1d_single_agent_carry_bootstrap,4,2,23805,274,1,120,100,1,0,56.37661361694336,0.0,0.0,1.0,0.13333333333333333,0.0,0,0,0,33,-1,33,-1,1.0,3,0.30303030303030304,0.48484848484848486,0.3333333333333333,-1.7200000000000002,0.030303030303030304
stage1d_single_agent_carry_bootstrap,4,2,23915,275,1,120,100,1,0,-36.41228103637695,0.0,0.0,0.0,0.16666666666666666,0.0,0,0,0,110,-1,-1,-1,0.0,13,0.6272727272727273,0.7727272727272727,0.4090909090909091,-8.600000000000003,0.0
stage1d_single_agent_carry_bootstrap,4,2,23982,276,1,120,100,1,0,54.67580032348633,0.0,0.0,1.0,0.3333333333333333,0.0,0,0,0,67,-1,67,-1,1.0,6,0.417910447761194,0.582089552238806,0.26865671641791045,-3.8400000000000025,0.014925373134328358
stage1d_single_agent_carry_bootstrap,4,2,24052,277,1,120,100,1,0,53.759002685546875,0.0,0.0,1.0,0.2,0.0,0,0,0,70,-1,70,-1,1.0,4,0.5857142857142857,0.7,0.4,-5.040000000000004,0.014285714285714285
stage1d_single_agent_carry_bootstrap,4,2,24162,278,1,120,100,1,0,-35.81484603881836,0.0,0.0,0.0,0.13333333333333333,0.0,0,0,0,110,-1,-1,-1,0.0,10,0.6363636363636364,0.7909090909090909,0.5,-9.160000000000002,0.0
stage1d_single_agent_carry_bootstrap,4,2,24166,279,1,120,100,1,0,59.5123405456543,0.0,0.0,1.0,0.06666666666666667,0.0,0,0,0,4,-1,4,-1,1.0,0,0.0,0.25,0.0,-0.08,0.25
stage1d_single_agent_carry_bootstrap,4,2,24276,280,1,120,100,1,0,-37.5173225402832,0.0,0.0,0.0,0.23333333333333334,0.0,0,0,0,110,-1,-1,-1,0.0,13,0.5909090909090909,0.7454545454545455,0.33636363636363636,-8.040000000000006,0.0
stage1d_single_agent_carry_bootstrap,4,2,24386,281,1,120,100,1,0,-37.28346252441406,0.0,0.0,0.0,0.23333333333333334,0.0,0,0,0,110,-1,-1,-1,0.0,14,0.6,0.7545454545454545,0.37272727272727274,-8.280000000000005,0.0
stage1d_single_agent_carry_bootstrap,4,2,24496,282,1,120,100,1,0,-34.659637451171875,0.0,0.0,0.0,0.3,0.0,0,0,0,110,-1,-1,-1,0.0,8,0.6272727272727273,0.7545454545454545,0.34545454545454546,-8.160000000000004,0.0
stage1d_single_agent_carry_bootstrap,4,2,24517,283,1,120,100,1,0,57.881935119628906,0.0,0.0,1.0,0.06666666666666667,0.0,0,0,0,21,-1,21,-1,1.0,2,0.7142857142857143,0.8571428571428571,0.47619047619047616,-1.8400000000000003,0.047619047619047616
stage1d_single_agent_carry_bootstrap,4,2,24551,284,1,120,100,1,0,55.34014892578125,0.0,0.0,1.0,0.06666666666666667,0.0,0,0,0,34,-1,34,-1,1.0,4,0.7352941176470589,0.8529411764705882,0.5294117647058824,-3.040000000000002,0.029411764705882353
stage1d_single_agent_carry_bootstrap,4,2,24608,285,1,120,100,1,0,53.842411041259766,0.0,0.0,1.0,0.1,0.0,0,0,0,57,-1,57,-1,1.0,4,0.42105263157894735,0.5263157894736842,0.3333333333333333,-3.1600000000000015,0.017543859649122806
stage1d_single_agent_carry_bootstrap,4,2,24718,286,1,120,100,1,0,-34.3424186706543,0.0,0.0,0.0,0.2,0.0,0,0,0,110,-1,-1,-1,0.0,12,0.5545454545454546,0.7272727272727273,0.4909090909090909,-8.560000000000004,0.0
stage1d_single_agent_carry_bootstrap,4,2,24828,287,1,120,100,1,0,-36.43746566772461,0.0,0.0,0.0,0.13333333333333333,0.0,0,0,0,110,-1,-1,-1,0.0,9,0.7090909090909091,0.8181818181818182,0.4,-8.960000000000003,0.0
stage1d_single_agent_carry_bootstrap,4,2,24938,288,1,120,100,1,0,-36.45404052734375,0.0,0.0,0.0,0.13333333333333333,0.0,0,0,0,110,-1,-1,-1,0.0,17,0.5545454545454546,0.7272727272727273,0.4090909090909091,-8.200000000000005,0.0
stage1d_single_agent_carry_bootstrap,4,2,25048,289,1,120,100,1,0,-36.76542663574219,0.0,0.0,0.0,0.2,0.0,0,0,0,110,-1,-1,-1,0.0,12,0.509090909090909,0.6818181818181818,0.2909090909090909,-7.280000000000006,0.0
stage1d_single_agent_carry_bootstrap,4,2,25158,290,1,120,100,1,0,-35.088470458984375,0.0,0.0,0.0,0.23333333333333334,0.0,0,0,0,110,-1,-1,-1,0.0,16,0.4818181818181818,0.6909090909090909,0.43636363636363634,-8.000000000000005,0.0
stage1d_single_agent_carry_bootstrap,4,2,25268,291,1,120,100,1,0,-35.602142333984375,0.0,0.0,0.0,0.23333333333333334,0.0,0,0,0,110,-1,-1,-1,0.0,13,0.5272727272727272,0.6818181818181818,0.32727272727272727,-7.440000000000006,0.0
stage1d_single_agent_carry_bootstrap,4,2,25376,292,1,120,100,1,0,48.62697982788086,0.0,0.0,1.0,0.36666666666666664,0.0,0,0,0,108,-1,108,-1,1.0,12,0.5833333333333334,0.6944444444444444,0.3148148148148148,-7.360000000000006,0.009259259259259259
stage1d_single_agent_carry_bootstrap,4,2,25409,293,1,120,100,1,0,56.56489944458008,0.0,0.0,1.0,0.06666666666666667,0.0,0,0,0,33,-1,33,-1,1.0,4,0.36363636363636365,0.6363636363636364,0.42424242424242425,-2.240000000000001,0.030303030303030304
stage1d_single_agent_carry_bootstrap,4,2,25448,294,1,120,100,1,0,55.35696029663086,0.0,0.0,1.0,0.13333333333333333,0.0,0,0,0,39,-1,39,-1,1.0,3,0.3333333333333333,0.5384615384615384,0.358974358974359,-2.2400000000000007,0.02564102564102564
stage1d_single_agent_carry_bootstrap,4,2,25491,295,1,120,100,1,0,56.09575271606445,0.0,0.0,1.0,0.2,0.0,0,0,0,43,-1,43,-1,1.0,1,0.813953488372093,0.8372093023255814,0.32558139534883723,-3.4400000000000017,0.023255813953488372
stage1d_single_agent_carry_bootstrap,4,2,25601,296,1,120,100,1,0,-37.09683609008789,0.0,0.0,0.0,0.2,0.0,0,0,0,110,-1,-1,-1,0.0,13,0.5727272727272728,0.7636363636363637,0.38181818181818183,-8.400000000000006,0.0
stage1d_single_agent_carry_bootstrap,4,2,25632,297,1,120,100,1,0,57.495933532714844,0.0,0.0,1.0,0.2,0.0,0,0,0,31,-1,31,-1,1.0,1,0.6451612903225806,0.7419354838709677,0.22580645161290322,-2.1200000000000006,0.03225806451612903
stage1d_single_agent_carry_bootstrap,4,2,25742,298,1,120,100,1,0,-36.476341247558594,0.0,0.0,0.0,0.3,0.0,0,0,0,110,-1,-1,-1,0.0,12,0.5545454545454546,0.7272727272727273,0.35454545454545455,-7.960000000000006,0.0
stage1d_single_agent_carry_bootstrap,4,2,25852,299,1,120,100,1,0,-37.030853271484375,0.0,0.0,0.0,0.2,0.0,0,0,0,110,-1,-1,-1,0.0,12,0.6,0.7454545454545455,0.34545454545454546,-8.080000000000005,0.0
stage1d_single_agent_carry_bootstrap,4,2,25868,300,1,120,100,1,0,58.71162414550781,0.0,0.0,1.0,0.1,0.0,0,0,0,16,-1,16,-1,1.0,1,0.3125,0.5,0.1875,-0.76,0.0625
stage1d_single_agent_carry_bootstrap,4,2,25901,301,1,120,100,1,0,57.451255798339844,0.0,0.0,1.0,0.16666666666666666,0.0,0,0,0,33,-1,33,-1,1.0,3,0.3939393939393939,0.5454545454545454,0.3333333333333333,-1.8800000000000008,0.030303030303030304
stage1d_single_agent_carry_bootstrap,4,2,25920,302,1,120,100,1,0,58.55552673339844,0.0,0.0,1.0,0.06666666666666667,0.0,0,0,0,19,-1,19,-1,1.0,2,0.47368421052631576,0.631578947368421,0.42105263157894735,-1.2800000000000002,0.05263157894736842
stage1d_single_agent_carry_bootstrap,4,2,26002,303,1,120,100,1,0,50.807003021240234,0.0,0.0,1.0,0.2,0.0,0,0,0,82,-1,82,-1,1.0,10,0.5365853658536586,0.6829268292682927,0.4634146341463415,-6.000000000000004,0.012195121951219513
stage1d_single_agent_carry_bootstrap,4,2,26112,304,1,120,100,1,0,-36.29540252685547,0.0,0.0,0.0,0.23333333333333334,0.0,0,0,0,110,-1,-1,-1,0.0,17,0.6181818181818182,0.7909090909090909,0.42727272727272725,-8.840000000000005,0.0
stage1d_single_agent_carry_bootstrap,4,2,26133,305,1,120,100,1,0,57.26036834716797,0.0,0.0,1.0,0.06666666666666667,0.0,0,0,0,21,-1,21,-1,1.0,4,0.42857142857142855,0.6190476190476191,0.2857142857142857,-1.2799999999999998,0.047619047619047616
stage1d_single_agent_carry_bootstrap,4,2,26243,306,1,120,100,1,0,-35.38433837890625,0.0,0.0,0.0,0.23333333333333334,0.0,0,0,0,110,-1,-1,-1,0.0,16,0.4727272727272727,0.6636363636363637,0.4,-7.600000000000005,0.0
stage1d_single_agent_carry_bootstrap,4,2,26305,307,1,120,100,1,0,52.95310974121094,0.0,0.0,1.0,0.06666666666666667,0.0,0,0,0,62,-1,62,-1,1.0,8,0.46774193548387094,0.6774193548387096,0.3709677419354839,-4.280000000000003,0.016129032258064516
stage1d_single_agent_carry_bootstrap,4,2,26415,308,1,120,100,1,0,-35.27608871459961,0.0,0.0,0.0,0.16666666666666666,0.0,0,0,0,110,-1,-1,-1,0.0,12,0.5727272727272728,0.7272727272727273,0.42727272727272725,-8.280000000000005,0.0
stage1d_single_agent_carry_bootstrap,4,2,26525,309,1,120,100,1,0,-35.036094665527344,0.0,0.0,0.0,0.3333333333333333,0.0,0,0,0,110,-1,-1,-1,0.0,15,0.509090909090909,0.6818181818181818,0.38181818181818183,-7.680000000000005,0.0
stage1d_single_agent_carry_bootstrap,4,2,26635,310,1,120,100,1,0,-34.45677185058594,0.0,0.0,0.0,0.23333333333333334,0.0,0,0,0,110,-1,-1,-1,0.0,9,0.5909090909090909,0.7272727272727273,0.32727272727272727,-7.840000000000006,0.0
stage1d_single_agent_carry_bootstrap,4,2,26745,311,1,120,100,1,0,-35.210147857666016,0.0,0.0,0.0,0.3,0.0,0,0,0,110,-1,-1,-1,0.0,11,0.5454545454545454,0.7090909090909091,0.34545454545454546,-7.760000000000006,0.0
stage1d_single_agent_carry_bootstrap,4,2,26770,312,1,120,100,1,0,58.10196304321289,0.0,0.0,1.0,0.2,0.0,0,0,0,25,-1,25,-1,1.0,3,0.28,0.4,0.16,-0.96,0.04
stage1d_single_agent_carry_bootstrap,4,2,26880,313,1,120,100,1,0,-36.84135818481445,0.0,0.0,0.0,0.2,0.0,0,0,0,110,-1,-1,-1,0.0,10,0.6090909090909091,0.7363636363636363,0.32727272727272727,-7.920000000000006,0.0
stage1d_single_agent_carry_bootstrap,4,2,26990,314,1,120,100,1,0,-35.44809341430664,0.0,0.0,0.0,0.1,0.0,0,0,0,110,-1,-1,-1,0.0,14,0.4909090909090909,0.6727272727272727,0.4,-7.680000000000006,0.0
stage1d_single_agent_carry_bootstrap,4,2,27100,315,1,120,100,1,0,-34.38486099243164,0.0,0.0,0.0,0.23333333333333334,0.0,0,0,0,110,-1,-1,-1,0.0,12,0.5363636363636364,0.7090909090909091,0.35454545454545455,-7.800000000000006,0.0
stage1d_single_agent_carry_bootstrap,4,2,27152,316,1,120,100,1,0,55.25477600097656,0.0,0.0,1.0,0.26666666666666666,0.0,0,0,0,52,-1,52,-1,1.0,4,0.4807692307692308,0.6538461538461539,0.3076923076923077,-3.3600000000000017,0.019230769230769232
stage1d_single_agent_carry_bootstrap,4,2,27160,317,1,120,100,1,0,59.87772750854492,0.0,0.0,1.0,0.06666666666666667,0.0,0,0,0,8,-1,8,-1,1.0,0,0.0,0.125,0.125,-0.12,0.125
stage1d_single_agent_carry_bootstrap,4,2,27231,318,1,120,100,1,0,52.10718536376953,0.0,0.0,1.0,0.16666666666666666,0.0,0,0,0,71,-1,71,-1,1.0,8,0.5915492957746479,0.7464788732394366,0.4084507042253521,-5.400000000000003,0.014084507042253521
stage1d_single_agent_carry_bootstrap,4,2,27236,319,1,120,100,1,0,59.89021301269531,0.0,0.0,1.0,0.06666666666666667,0.0,0,0,0,5,-1,5,-1,1.0,0,0.0,0.2,0.2,-0.12,0.2
stage1d_single_agent_carry_bootstrap,4,2,27287,320,1,120,100,1,0,55.780006408691406,0.0,0.0,1.0,0.16666666666666666,0.0,0,0,0,51,-1,51,-1,1.0,4,0.5686274509803921,0.6862745098039216,0.43137254901960786,-3.680000000000002,0.0196078431372549
stage1d_single_agent_carry_bootstrap,4,2,27289,321,1,120,100,1,0,59.98747253417969,0.0,0.0,1.0,0.06666666666666667,0.0,0,0,0,2,-1,2,-1,1.0,0,0.0,0.0,0.0,0.0,0.5
stage1d_single_agent_carry_bootstrap,4,2,27399,322,1,120,100,1,0,-36.313072204589844,0.0,0.0,0.0,0.2,0.0,0,0,0,110,-1,-1,-1,0.0,13,0.5545454545454546,0.7,0.37272727272727274,-7.800000000000006,0.0
stage1d_single_agent_carry_bootstrap,4,2,27509,323,1,120,100,1,0,-35.6240234375,0.0,0.0,0.0,0.3,0.0,0,0,0,110,-1,-1,-1,0.0,15,0.6181818181818182,0.7818181818181819,0.42727272727272725,-8.760000000000003,0.0
stage1d_single_agent_carry_bootstrap,4,3,27579,324,1,120,100,1,0,53.88655471801758,0.0,0.0,1.0,0.1,0.0,0,0,0,59,-1,59,-1,1.0,7,0.5084745762711864,0.6440677966101694,0.3728813559322034,-3.9200000000000026,0.01694915254237288
stage1d_single_agent_carry_bootstrap,4,3,27689,325,1,120,100,1,0,-36.217735290527344,0.0,0.0,0.0,0.13333333333333333,0.0,0,0,0,110,-1,-1,-1,0.0,13,0.6909090909090909,0.8363636363636363,0.5,-9.559999999999997,0.0
stage1d_single_agent_carry_bootstrap,4,3,27773,326,1,120,100,1,0,50.60895919799805,0.0,0.0,1.0,0.26666666666666666,0.0,0,0,0,84,-1,84,-1,1.0,8,0.47619047619047616,0.6071428571428571,0.23809523809523808,-4.8800000000000034,0.011904761904761904
stage1d_single_agent_carry_bootstrap,4,3,27837,327,1,120,100,1,0,53.90541458129883,0.0,0.0,1.0,0.2,0.0,0,0,0,64,-1,64,-1,1.0,6,0.515625,0.640625,0.359375,-4.200000000000003,0.015625
stage1d_single_agent_carry_bootstrap,4,3,27947,328,1,120,100,1,0,-34.83598709106445,0.0,0.0,0.0,0.23333333333333334,0.0,0,0,0,110,-1,-1,-1,0.0,12,0.5545454545454546,0.7090909090909091,0.35454545454545455,-7.800000000000005,0.0
stage1d_single_agent_carry_bootstrap,4,3,27975,329,1,120,100,1,0,58.45384979248047,0.0,0.0,1.0,0.16666666666666666,0.0,0,0,0,28,-1,28,-1,1.0,2,0.35714285714285715,0.5,0.25,-1.4000000000000004,0.03571428571428571
stage1d_single_agent_carry_bootstrap,4,3,28029,330,1,120,100,1,0,54.17997741699219,0.0,0.0,1.0,0.13333333333333333,0.0,0,0,0,54,-1,54,-1,1.0,1,0.8148148148148148,0.8518518518518519,0.5,-4.760000000000003,0.018518518518518517
stage1d_single_agent_carry_bootstrap,4,3,28139,331,1,120,100,1,0,-35.648719787597656,0.0,0.0,0.0,0.3,0.0,0,0,0,110,-1,-1,-1,0.0,13,0.5181818181818182,0.7181818181818181,0.36363636363636365,-7.920000000000005,0.0
stage1d_single_agent_carry_bootstrap,4,3,28155,332,1,120,100,1,0,58.804481506347656,0.0,0.0,1.0,0.06666666666666667,0.0,0,0,0,16,-1,16,-1,1.0,2,0.5,0.625,0.375,-1.04,0.0625
stage1d_single_agent_carry_bootstrap,4,3,28174,333,1,120,100,1,0,58.7190055847168,0.0,0.0,1.0,0.1,0.0,0,0,0,19,-1,19,-1,1.0,2,0.3157894736842105,0.5263157894736842,0.42105263157894735,-1.12,0.05263157894736842
stage1d_single_agent_carry_bootstrap,4,3,28202,334,1,120,100,1,0,58.12575149536133,0.0,0.0,1.0,0.13333333333333333,0.0,0,0,0,28,-1,28,-1,1.0,3,0.35714285714285715,0.5357142857142857,0.35714285714285715,-1.6,0.03571428571428571
stage1d_single_agent_carry_bootstrap,4,3,28214,335,1,120,100,1,0,59.11285400390625,0.0,0.0,1.0,0.1,0.0,0,0,0,12,-1,12,-1,1.0,1,0.08333333333333333,0.3333333333333333,0.25,-0.44,0.08333333333333333
stage1d_single_agent_carry_bootstrap,4,3,28324,336,1,120,100,1,0,-34.91996383666992,0.0,0.0,0.0,0.23333333333333334,0.0,0,0,0,110,-1,-1,-1,0.0,10,0.5,0.6636363636363637,0.42727272727272725,-7.720000000000006,0.0
stage1d_single_agent_carry_bootstrap,4,3,28434,337,1,120,100,1,0,-35.639801025390625,0.0,0.0,0.0,0.2,0.0,0,0,0,110,-1,-1,-1,0.0,10,0.6909090909090909,0.7909090909090909,0.34545454545454546,-8.480000000000004,0.0
stage1d_single_agent_carry_bootstrap,4,3,28485,338,1,120,100,1,0,55.50798797607422,0.0,0.0,1.0,0.2,0.0,0,0,0,51,-1,51,-1,1.0,5,0.4117647058823529,0.5882352941176471,0.39215686274509803,-3.2000000000000015,0.0196078431372549
stage1d_single_agent_carry_bootstrap,4,3,28595,339,1,120,100,1,0,-36.09585189819336,0.0,0.0,0.0,0.3333333333333333,0.0,0,0,0,110,-1,-1,-1,0.0,12,0.5545454545454546,0.7181818181818181,0.32727272727272727,-7.760000000000006,0.0
stage1d_single_agent_carry_bootstrap,4,3,28705,340,1,120,100,1,0,-35.63563537597656,0.0,0.0,0.0,0.3,0.0,0,0,0,110,-1,-1,-1,0.0,10,0.6545454545454545,0.7818181818181819,0.37272727272727274,-8.520000000000001,0.0
stage1d_single_agent_carry_bootstrap,4,3,28815,341,1,120,100,1,0,-33.34949493408203,0.0,0.0,0.0,0.26666666666666666,0.0,0,0,0,110,-1,-1,-1,0.0,10,0.45454545454545453,0.6181818181818182,0.33636363636363636,-6.920000000000005,0.0
stage1d_single_agent_carry_bootstrap,4,3,28835,342,1,120,100,1,0,57.968345642089844,0.0,0.0,1.0,0.1,0.0,0,0,0,20,-1,20,-1,1.0,2,0.55,0.7,0.35,-1.4,0.05
stage1d_single_agent_carry_bootstrap,4,3,28862,343,1,120,100,1,0,55.86785125732422,0.0,0.0,1.0,0.06666666666666667,0.0,0,0,0,27,-1,27,-1,1.0,4,0.5185185185185185,0.6666666666666666,0.37037037037037035,-1.8400000000000007,0.037037037037037035
stage1d_single_agent_carry_bootstrap,4,3,28887,344,1,120,100,1,0,58.59308624267578,0.0,0.0,1.0,0.16666666666666666,0.0,0,0,0,25,-1,25,-1,1.0,3,0.2,0.44,0.36,-1.2400000000000002,0.04
stage1d_single_agent_carry_bootstrap,4,3,28900,345,1,120,100,1,0,58.59355163574219,0.0,0.0,1.0,0.06666666666666667,0.0,0,0,0,13,-1,13,-1,1.0,1,0.8461538461538461,0.9230769230769231,0.5384615384615384,-1.2400000000000002,0.07692307692307693
stage1d_single_agent_carry_bootstrap,4,3,29010,346,1,120,100,1,0,-35.417938232421875,0.0,0.0,0.0,0.26666666666666666,0.0,0,0,0,110,-1,-1,-1,0.0,12,0.5727272727272728,0.7272727272727273,0.37272727272727274,-8.040000000000006,0.0
stage1d_single_agent_carry_bootstrap,4,3,29013,347,1,120,100,1,0,59.86922073364258,0.0,0.0,1.0,0.06666666666666667,0.0,0,0,0,3,-1,3,-1,1.0,0,0.0,0.3333333333333333,0.3333333333333333,-0.12,0.3333333333333333
stage1d_single_agent_carry_bootstrap,4,3,29051,348,1,120,100,1,0,56.86826705932617,0.0,0.0,1.0,0.16666666666666666,0.0,0,0,0,38,-1,38,-1,1.0,5,0.21052631578947367,0.47368421052631576,0.42105263157894735,-2.080000000000001,0.02631578947368421
stage1d_single_agent_carry_bootstrap,4,3,29161,349,1,120,100,1,0,-37.26991653442383,0.0,0.0,0.0,0.36666666666666664,0.0,0,0,0,110,-1,-1,-1,0.0,12,0.6545454545454545,0.7636363636363637,0.39090909090909093,-8.440000000000003,0.0
stage1d_single_agent_carry_bootstrap,4,3,29173,350,1,120,100,1,0,59.331912994384766,0.0,0.0,1.0,0.06666666666666667,0.0,0,0,0,12,-1,12,-1,1.0,0,0.0,0.4166666666666667,0.4166666666666667,-0.6,0.08333333333333333
stage1d_single_agent_carry_bootstrap,4,3,29283,351,1,120,100,1,0,-35.70901107788086,0.0,0.0,0.0,0.23333333333333334,0.0,0,0,0,110,-1,-1,-1,0.0,9,0.6545454545454545,0.7727272727272727,0.4090909090909091,-8.600000000000001,0.0
stage1d_single_agent_carry_bootstrap,4,3,29307,352,1,120,100,1,0,57.96533203125,0.0,0.0,1.0,0.13333333333333333,0.0,0,0,0,24,-1,24,-1,1.0,3,0.2916666666666667,0.4583333333333333,0.25,-1.1199999999999999,0.041666666666666664
stage1d_single_agent_carry_bootstrap,4,3,29417,353,1,120,100,1,0,-34.700687408447266,0.0,0.0,0.0,0.26666666666666666,0.0,0,0,0,110,-1,-1,-1,0.0,14,0.509090909090909,0.6818181818181818,0.42727272727272725,-7.880000000000006,0.0
stage1d_single_agent_carry_bootstrap,4,3,29527,354,1,120,100,1,0,-37.925689697265625,0.0,0.0,0.0,0.2,0.0,0,0,0,110,-1,-1,-1,0.0,13,0.7,0.8272727272727273,0.42727272727272725,-9.160000000000002,0.0
stage1d_single_agent_carry_bootstrap,4,3,29537,355,1,120,100,1,0,59.89576721191406,0.0,0.0,1.0,0.06666666666666667,0.0,0,0,0,10,-1,10,-1,1.0,0,0.0,0.1,0.1,-0.12,0.1
stage1d_single_agent_carry_bootstrap,4,3,29567,356,1,120,100,1,0,57.944793701171875,0.0,0.0,1.0,0.1,0.0,0,0,0,30,-1,30,-1,1.0,4,0.3333333333333333,0.5333333333333333,0.4666666666666667,-1.8400000000000007,0.03333333333333333
stage1d_single_agent_carry_bootstrap,4,3,29677,357,1,120,100,1,0,-36.63658905029297,0.0,0.0,0.0,0.13333333333333333,0.0,0,0,0,110,-1,-1,-1,0.0,12,0.509090909090909,0.7090909090909091,0.4,-8.000000000000005,0.0
stage1d_single_agent_carry_bootstrap,4,3,29684,358,1,120,100,1,0,59.633384704589844,0.0,0.0,1.0,0.06666666666666667,0.0,0,0,0,7,-1,7,-1,1.0,1,0.14285714285714285,0.42857142857142855,0.2857142857142857,-0.32,0.14285714285714285
stage1d_single_agent_carry_bootstrap,4,3,29794,359,1,120,100,1,0,-37.499961853027344,0.0,0.0,0.0,0.2,0.0,0,0,0,110,-1,-1,-1,0.0,16,0.5545454545454546,0.7272727272727273,0.5,-8.600000000000003,0.0
stage1d_single_agent_carry_bootstrap,4,3,29821,360,1,120,100,1,0,57.81072998046875,0.0,0.0,1.0,0.13333333333333333,0.0,0,0,0,27,-1,27,-1,1.0,1,0.37037037037037035,0.5555555555555556,0.37037037037037035,-1.6000000000000005,0.037037037037037035
stage1d_single_agent_carry_bootstrap,4,3,29931,361,1,120,100,1,0,-36.09492492675781,0.0,0.0,0.0,0.13333333333333333,0.0,0,0,0,110,-1,-1,-1,0.0,12,0.6090909090909091,0.7636363636363637,0.42727272727272725,-8.600000000000003,0.0
stage1d_single_agent_carry_bootstrap,4,3,29997,362,1,120,100,1,0,54.70034408569336,0.0,0.0,1.0,0.26666666666666666,0.0,0,0,0,66,-1,66,-1,1.0,6,0.5757575757575758,0.6818181818181818,0.3787878787878788,-4.600000000000002,0.015151515151515152
stage1d_single_agent_carry_bootstrap,4,3,30058,363,1,120,100,1,0,55.07242965698242,0.0,0.0,1.0,0.13333333333333333,0.0,0,0,0,61,-1,61,-1,1.0,8,0.5245901639344263,0.6721311475409836,0.4098360655737705,-4.280000000000003,0.01639344262295082
stage1d_single_agent_carry_bootstrap,4,3,30063,364,1,120,100,1,0,59.76230239868164,0.0,0.0,1.0,0.1,0.0,0,0,0,5,-1,5,-1,1.0,1,0.2,0.4,0.2,-0.2,0.2
stage1d_single_agent_carry_bootstrap,4,3,30173,365,1,120,100,1,0,-35.4150276184082,0.0,0.0,0.0,0.3,0.0,0,0,0,110,-1,-1,-1,0.0,13,0.5727272727272728,0.7363636363636363,0.44545454545454544,-8.440000000000003,0.0
stage1d_single_agent_carry_bootstrap,4,3,30283,366,1,120,100,1,0,-34.92074966430664,0.0,0.0,0.0,0.16666666666666666,0.0,0,0,0,110,-1,-1,-1,0.0,13,0.6272727272727273,0.7727272727272727,0.42727272727272725,-8.680000000000003,0.0
stage1d_single_agent_carry_bootstrap,4,3,30298,367,1,120,100,1,0,58.870853424072266,0.0,0.0,1.0,0.1,0.0,0,0,0,15,-1,15,-1,1.0,3,0.2,0.4,0.3333333333333333,-0.68,0.06666666666666667
stage1d_single_agent_carry_bootstrap,4,3,30385,368,1,120,100,1,0,50.04172134399414,0.0,0.0,1.0,0.1,0.0,0,0,0,87,-1,87,-1,1.0,11,0.42528735632183906,0.6436781609195402,0.3563218390804598,-5.720000000000004,0.011494252873563218
stage1d_single_agent_carry_bootstrap,4,3,30495,369,1,120,100,1,0,-35.157737731933594,0.0,0.0,0.0,0.13333333333333333,0.0,0,0,0,110,-1,-1,-1,0.0,14,0.6,0.7636363636363637,0.4818181818181818,-8.84,0.0
stage1d_single_agent_carry_bootstrap,4,3,30528,370,1,120,100,1,0,57.46200180053711,0.0,0.0,1.0,0.26666666666666666,0.0,0,0,0,33,-1,33,-1,1.0,3,0.45454545454545453,0.5757575757575758,0.24242424242424243,-1.8400000000000003,0.030303030303030304
stage1d_single_agent_carry_bootstrap,4,3,30638,371,1,120,100,1,0,-34.67599868774414,0.0,0.0,0.0,0.36666666666666664,0.0,0,0,0,110,-1,-1,-1,0.0,10,0.5181818181818182,0.6454545454545455,0.3181818181818182,-7.080000000000005,0.0
stage1d_single_agent_carry_bootstrap,4,3,30748,372,1,120,100,1,0,-35.02036666870117,0.0,0.0,0.0,0.3,0.0,0,0,0,110,-1,-1,-1,0.0,11,0.509090909090909,0.6545454545454545,0.33636363636363636,-7.240000000000005,0.0
stage1d_single_agent_carry_bootstrap,4,3,30858,373,1,120,100,1,0,-33.6461181640625,0.0,0.0,0.0,0.3333333333333333,0.0,0,0,0,110,-1,-1,-1,0.0,12,0.45454545454545453,0.6272727272727273,0.32727272727272727,-6.960000000000004,0.0
stage1d_single_agent_carry_bootstrap,4,3,30897,374,1,120,100,1,0,57.38765335083008,0.0,0.0,1.0,0.13333333333333333,0.0,0,0,0,39,-1,39,-1,1.0,4,0.358974358974359,0.4358974358974359,0.3333333333333333,-1.8800000000000008,0.02564102564102564
stage1d_single_agent_carry_bootstrap,4,3,30922,375,1,120,100,1,0,57.00912857055664,0.0,0.0,1.0,0.06666666666666667,0.0,0,0,0,25,-1,25,-1,1.0,2,0.64,0.72,0.44,-1.8800000000000008,0.04
stage1d_single_agent_carry_bootstrap,4,3,31032,376,1,120,100,1,0,-37.51813507080078,0.0,0.0,0.0,0.26666666666666666,0.0,0,0,0,110,-1,-1,-1,0.0,17,0.5363636363636364,0.7272727272727273,0.37272727272727274,-8.040000000000006,0.0
stage1d_single_agent_carry_bootstrap,4,3,31106,377,1,120,100,1,0,52.830963134765625,0.0,0.0,1.0,0.2,0.0,0,0,0,74,-1,74,-1,1.0,8,0.6621621621621622,0.7702702702702703,0.4594594594594595,-5.920000000000004,0.013513513513513514
stage1d_single_agent_carry_bootstrap,4,3,31216,378,1,120,100,1,0,-34.747039794921875,0.0,0.0,0.0,0.2,0.0,0,0,0,110,-1,-1,-1,0.0,12,0.6181818181818182,0.7545454545454545,0.41818181818181815,-8.480000000000004,0.0
stage1d_single_agent_carry_bootstrap,4,3,31267,379,1,120,100,1,0,55.21849060058594,0.0,0.0,1.0,0.16666666666666666,0.0,0,0,0,51,-1,51,-1,1.0,6,0.4117647058823529,0.5882352941176471,0.35294117647058826,-3.120000000000002,0.0196078431372549
stage1d_single_agent_carry_bootstrap,4,3,31286,380,1,120,100,1,0,58.24545669555664,0.0,0.0,1.0,0.06666666666666667,0.0,0,0,0,19,-1,19,-1,1.0,2,0.631578947368421,0.7368421052631579,0.5263157894736842,-1.5200000000000005,0.05263157894736842
stage1d_single_agent_carry_bootstrap,4,3,31369,381,1,120,100,1,0,52.94892883300781,0.0,0.0,1.0,0.23333333333333334,0.0,0,0,0,83,-1,83,-1,1.0,7,0.5060240963855421,0.6506024096385542,0.43373493975903615,-5.760000000000003,0.012048192771084338
stage1d_single_agent_carry_bootstrap,4,3,31394,382,1,120,100,1,0,58.5471076965332,0.0,0.0,1.0,0.2,0.0,0,0,0,25,-1,25,-1,1.0,2,0.4,0.52,0.2,-1.2399999999999998,0.04
stage1d_single_agent_carry_bootstrap,4,3,31424,383,1,120,100,1,0,57.38602066040039,0.0,0.0,1.0,0.1,0.0,0,0,0,30,-1,30,-1,1.0,3,0.6,0.7,0.4666666666666667,-2.240000000000001,0.03333333333333333
stage1d_single_agent_carry_bootstrap,4,3,31426,384,1,120,100,1,0,59.86199951171875,0.0,0.0,1.0,0.03333333333333333,0.0,0,0,0,2,-1,2,-1,1.0,0,0.0,0.5,0.5,-0.12,0.5
stage1d_single_agent_carry_bootstrap,4,3,31445,385,1,120,100,1,0,58.371150970458984,0.0,0.0,1.0,0.1,0.0,0,0,0,19,-1,19,-1,1.0,2,0.2631578947368421,0.5263157894736842,0.3157894736842105,-1.04,0.05263157894736842
stage1d_single_agent_carry_bootstrap,4,3,31555,386,1,120,100,1,0,-35.26031494140625,0.0,0.0,0.0,0.2,0.0,0,0,0,110,-1,-1,-1,0.0,11,0.5545454545454546,0.7181818181818181,0.3090909090909091,-7.680000000000006,0.0
stage1d_single_agent_carry_bootstrap,4,3,31665,387,1,120,100,1,0,-36.91555404663086,0.0,0.0,0.0,0.16666666666666666,0.0,0,0,0,110,-1,-1,-1,0.0,16,0.5636363636363636,0.7363636363636363,0.41818181818181815,-8.320000000000004,0.0
stage1d_single_agent_carry_bootstrap,4,3,31673,388,1,120,100,1,0,59.502174377441406,0.0,0.0,1.0,0.06666666666666667,0.0,0,0,0,8,-1,8,-1,1.0,1,0.25,0.5,0.375,-0.44,0.125
stage1d_single_agent_carry_bootstrap,4,3,31783,389,1,120,100,1,0,-36.379146575927734,0.0,0.0,0.0,0.26666666666666666,0.0,0,0,0,110,-1,-1,-1,0.0,14,0.5363636363636364,0.7090909090909091,0.41818181818181815,-8.080000000000005,0.0
stage1d_single_agent_carry_bootstrap,4,3,31893,390,1,120,100,1,0,-34.314491271972656,0.0,0.0,0.0,0.2,0.0,0,0,0,110,-1,-1,-1,0.0,16,0.44545454545454544,0.6636363636363637,0.36363636363636365,-7.440000000000006,0.0
stage1d_single_agent_carry_bootstrap,4,3,31927,391,1,120,100,1,0,56.30154037475586,0.0,0.0,1.0,0.16666666666666666,0.0,0,0,0,34,-1,34,-1,1.0,5,0.3235294117647059,0.5294117647058824,0.20588235294117646,-1.7200000000000006,0.029411764705882353
stage1d_single_agent_carry_bootstrap,4,3,32037,392,1,120,100,1,0,-34.532615661621094,0.0,0.0,0.0,0.26666666666666666,0.0,0,0,0,110,-1,-1,-1,0.0,12,0.509090909090909,0.6818181818181818,0.36363636363636365,-7.600000000000006,0.0
stage1d_single_agent_carry_bootstrap,4,3,32063,393,1,120,100,1,0,58.030696868896484,0.0,0.0,1.0,0.1,0.0,0,0,0,26,-1,26,-1,1.0,3,0.38461538461538464,0.6153846153846154,0.4230769230769231,-1.7200000000000002,0.038461538461538464
stage1d_single_agent_carry_bootstrap,4,3,32141,394,1,120,100,1,0,52.04408264160156,0.0,0.0,1.0,0.23333333333333334,0.0,0,0,0,78,-1,78,-1,1.0,10,0.5128205128205128,0.6923076923076923,0.358974358974359,-5.440000000000004,0.01282051282051282
stage1d_single_agent_carry_bootstrap,4,3,32215,395,1,120,100,1,0,51.43254470825195,0.0,0.0,1.0,0.16666666666666666,0.0,0,0,0,74,-1,74,-1,1.0,10,0.4594594594594595,0.6621621621621622,0.36486486486486486,-5.0000000000000036,0.013513513513513514
stage1d_single_agent_carry_bootstrap,4,3,32325,396,1,120,100,1,0,-35.14228439331055,0.0,0.0,0.0,0.13333333333333333,0.0,0,0,0,110,-1,-1,-1,0.0,15,0.5727272727272728,0.7545454545454545,0.5,-8.840000000000003,0.0
stage1d_single_agent_carry_bootstrap,4,3,32435,397,1,120,100,1,0,-36.640960693359375,0.0,0.0,0.0,0.1,0.0,0,0,0,110,-1,-1,-1,0.0,14,0.5909090909090909,0.7545454545454545,0.4636363636363636,-8.680000000000001,0.0
stage1d_single_agent_carry_bootstrap,4,3,32536,398,1,120,100,1,0,50.00684356689453,0.0,0.0,1.0,0.5,0.0,0,0,0,101,-1,101,-1,1.0,7,0.6039603960396039,0.7128712871287128,0.25742574257425743,-6.800000000000004,0.009900990099009901
stage1d_single_agent_carry_bootstrap,4,3,32628,399,1,120,100,1,0,50.188167572021484,0.0,0.0,1.0,0.3,0.0,0,0,0,92,-1,92,-1,1.0,10,0.4782608695652174,0.6195652173913043,0.1956521739130435,-5.280000000000003,0.010869565217391304
stage1d_single_agent_carry_bootstrap,4,3,32653,400,1,120,100,1,0,57.904842376708984,0.0,0.0,1.0,0.06666666666666667,0.0,0,0,0,25,-1,25,-1,1.0,2,0.6,0.68,0.44,-1.8000000000000007,0.04
stage1d_single_agent_carry_bootstrap,4,3,32694,401,1,120,100,1,0,56.315208435058594,0.0,0.0,1.0,0.16666666666666666,0.0,0,0,0,41,-1,41,-1,1.0,6,0.4634146341463415,0.6097560975609756,0.2926829268292683,-2.4800000000000013,0.024390243902439025
stage1d_single_agent_carry_bootstrap,4,3,32701,402,1,120,100,1,0,59.763710021972656,0.0,0.0,1.0,0.1,0.0,0,0,0,7,-1,7,-1,1.0,0,0.0,0.2857142857142857,0.2857142857142857,-0.24,0.14285714285714285
stage1d_single_agent_carry_bootstrap,4,3,32811,403,1,120,100,1,0,-37.481903076171875,0.0,0.0,0.0,0.23333333333333334,0.0,0,0,0,110,-1,-1,-1,0.0,16,0.4818181818181818,0.6909090909090909,0.34545454545454546,-7.600000000000006,0.0
stage1d_single_agent_carry_bootstrap,4,3,32847,404,1,120,100,1,0,56.0867919921875,0.0,0.0,1.0,0.13333333333333333,0.0,0,0,0,36,-1,36,-1,1.0,5,0.5277777777777778,0.6666666666666666,0.3888888888888889,-2.4800000000000013,0.027777777777777776
stage1d_single_agent_carry_bootstrap,4,3,32916,405,1,120,100,1,0,52.888790130615234,0.0,0.0,1.0,0.2,0.0,0,0,0,69,-1,69,-1,1.0,7,0.5217391304347826,0.6376811594202898,0.42028985507246375,-4.680000000000002,0.014492753623188406
stage1e_single_agent_guaranteed_homing,5,1,33164,406,1,140,110,1,0,47.39470291137695,2.0,2.0,1.0,0.26666666666666666,0.0,0,0,2,140,7,11,4,0.5,2,0.05,0.08571428571428572,0.02142857142857143,-0.8099999999999999,0.007142857142857143
stage1e_single_agent_guaranteed_homing,5,1,33304,407,1,140,110,1,0,39.05232620239258,2.0,2.0,1.0,0.26666666666666666,0.0,0,0,2,140,1,11,10,0.5,12,0.4928571428571429,0.7,0.42142857142857143,-7.649999999999991,0.007142857142857143
stage1e_single_agent_guaranteed_homing,5,1,33444,408,1,140,110,1,0,60.9572639465332,1.0,1.0,1.0,0.23333333333333334,0.0,0,0,3,140,4,6,2,1.0,0,0.0,0.0,0.0,0.0,0.007142857142857143
stage1e_single_agent_guaranteed_homing,5,1,33584,409,1,140,110,1,0,-22.563919067382812,1.0,1.0,0.0,0.23333333333333334,0.0,0,0,3,140,17,-1,-1,0.0,11,0.4357142857142857,0.6642857142857143,0.39285714285714285,-7.22999999999999,0.0
stage1e_single_agent_guaranteed_homing,5,1,33724,410,1,140,110,1,0,58.65239334106445,1.0,1.0,1.0,0.5,0.0,0,0,3,140,36,38,2,1.0,0,0.0,0.0,0.0,0.0,0.007142857142857143
stage1e_single_agent_guaranteed_homing,5,1,33864,411,1,140,110,1,0,-25.74081802368164,1.0,1.0,0.0,0.26666666666666666,0.0,0,0,3,140,2,-1,-1,0.0,12,0.55,0.7857142857142857,0.42857142857142855,-8.39999999999999,0.0
stage1e_single_agent_guaranteed_homing,5,1,34004,412,1,140,110,1,0,-15.39622974395752,1.0,1.0,0.0,0.26666666666666666,0.0,0,0,3,140,138,-1,-1,0.0,0,0.0,0.007142857142857143,0.0,-0.06,0.0
stage1e_single_agent_guaranteed_homing,5,1,34144,413,1,140,110,1,0,-2.8074405193328857,0.0,0.0,0.0,0.43333333333333335,0.0,0,0,4,140,-1,-1,-1,0.0,0,0.0,0.0,0.0,0.0,0.0
stage1e_single_agent_guaranteed_homing,5,1,34284,414,1,140,110,1,0,-21.92971420288086,1.0,1.0,0.0,0.4666666666666667,0.0,0,0,3,140,63,-1,-1,0.0,3,0.42142857142857143,0.5,0.2,-5.039999999999997,0.0
stage1e_single_agent_guaranteed_homing,5,1,34424,415,1,140,110,1,0,-23.78550910949707,1.0,1.0,0.0,0.23333333333333334,0.0,0,0,3,140,25,-1,-1,0.0,10,0.5,0.6642857142857143,0.30714285714285716,-6.8699999999999894,0.0
stage1e_single_agent_guaranteed_homing,5,1,34564,416,1,140,110,1,0,-3.714449882507324,0.0,0.0,0.0,0.3333333333333333,0.0,0,0,4,140,-1,-1,-1,0.0,0,0.0,0.0,0.0,0.0,0.0
stage1e_single_agent_guaranteed_homing,5,1,34704,417,1,140,110,1,0,-3.6864030361175537,0.0,0.0,0.0,0.4,0.0,0,0,4,140,-1,-1,-1,0.0,0,0.0,0.0,0.0,0.0,0.0
stage1e_single_agent_guaranteed_homing,5,1,34844,418,1,140,110,1,0,121.02596282958984,2.0,2.0,2.0,0.43333333333333335,0.0,0,0,2,140,3,15,12,1.0,2,0.014285714285714285,0.06428571428571428,0.05714285714285714,-0.7799999999999998,0.014285714285714285
stage1e_single_agent_guaranteed_homing,5,1,34984,419,1,140,110,1,0,-23.834575653076172,1.0,1.0,0.0,0.3333333333333333,0.0,0,0,3,140,3,-1,-1,0.0,13,0.5142857142857142,0.7428571428571429,0.35714285714285715,-7.739999999999988,0.0
stage1e_single_agent_guaranteed_homing,5,1,35124,420,1,140,110,1,0,53.52924346923828,1.0,1.0,1.0,0.26666666666666666,0.0,0,0,3,140,2,121,119,1.0,8,0.4642857142857143,0.6428571428571429,0.35,-6.869999999999991,0.007142857142857143
stage1e_single_agent_guaranteed_homing,5,1,35264,421,1,140,110,1,0,57.981014251708984,1.0,1.0,1.0,0.3333333333333333,0.0,0,0,3,140,5,24,19,1.0,1,0.04285714285714286,0.08571428571428572,0.07142857142857142,-1.02,0.007142857142857143
stage1e_single_agent_guaranteed_homing,5,1,35404,422,1,140,110,1,0,54.01438903808594,1.0,1.0,1.0,0.4666666666666667,0.0,0,0,3,140,7,123,116,1.0,8,0.4642857142857143,0.6214285714285714,0.32142857142857145,-6.569999999999991,0.007142857142857143
stage1e_single_agent_guaranteed_homing,5,1,35544,423,1,140,110,1,0,59.36822509765625,1.0,1.0,1.0,0.4666666666666667,0.0,0,0,3,140,6,12,6,1.0,0,0.0,0.0,0.0,0.0,0.007142857142857143
stage1e_single_agent_guaranteed_homing,5,1,35684,424,1,140,110,1,0,-3.428748846054077,0.0,0.0,0.0,0.26666666666666666,0.0,0,0,4,140,-1,-1,-1,0.0,0,0.0,0.0,0.0,0.0,0.0
stage1e_single_agent_guaranteed_homing,5,1,35824,425,1,140,110,1,0,-26.817602157592773,1.0,1.0,0.0,0.36666666666666664,0.0,0,0,3,140,1,-1,-1,0.0,12,0.4785714285714286,0.7571428571428571,0.3357142857142857,-7.769999999999985,0.0
stage1e_single_agent_guaranteed_homing,5,1,35964,426,1,140,110,1,0,-2.8795204162597656,0.0,0.0,0.0,0.4,0.0,0,0,4,140,-1,-1,-1,0.0,0,0.0,0.0,0.0,0.0,0.0
stage1e_single_agent_guaranteed_homing,5,1,36104,427,1,140,110,1,0,43.6290168762207,2.0,2.0,1.0,0.26666666666666666,0.0,0,0,2,140,10,33,23,0.5,6,0.2785714285714286,0.39285714285714285,0.22857142857142856,-4.259999999999999,0.007142857142857143
stage1e_single_agent_guaranteed_homing,5,1,36244,428,1,140,110,1,0,-22.050336837768555,1.0,1.0,0.0,0.3,0.0,0,0,3,140,62,-1,-1,0.0,11,0.22857142857142856,0.42857142857142855,0.2785714285714286,-4.769999999999996,0.0
stage1e_single_agent_guaranteed_homing,5,1,36384,429,1,140,110,1,0,-26.44319725036621,1.0,1.0,0.0,0.23333333333333334,0.0,0,0,3,140,5,-1,-1,0.0,17,0.5142857142857142,0.7857142857142857,0.42857142857142855,-8.399999999999986,0.0
stage1e_single_agent_guaranteed_homing,5,1,36524,430,1,140,110,1,0,37.96662139892578,2.0,2.0,1.0,0.3,0.0,0,0,2,140,4,106,102,0.5,9,0.5714285714285714,0.7214285714285714,0.35,-7.529999999999988,0.007142857142857143
stage1e_single_agent_guaranteed_homing,5,1,36664,431,1,140,110,1,0,119.67505645751953,2.0,2.0,2.0,0.36666666666666664,0.0,0,0,2,140,5,46,41,1.0,4,0.17142857142857143,0.24285714285714285,0.17142857142857143,-2.76,0.014285714285714285
stage1e_single_agent_guaranteed_homing,5,1,36804,432,1,140,110,1,0,-5.283770561218262,0.0,0.0,0.0,0.3333333333333333,0.0,0,0,4,140,-1,-1,-1,0.0,0,0.0,0.0,0.0,0.0,0.0
stage1e_single_agent_guaranteed_homing,5,1,36944,433,1,140,110,1,0,-4.339413642883301,0.0,0.0,0.0,0.3333333333333333,0.0,0,0,4,140,-1,-1,-1,0.0,0,0.0,0.0,0.0,0.0,0.0
stage1e_single_agent_guaranteed_homing,5,1,37084,434,1,140,110,1,0,-4.761236667633057,0.0,0.0,0.0,0.3333333333333333,0.0,0,0,4,140,-1,-1,-1,0.0,0,0.0,0.0,0.0,0.0,0.0
stage1e_single_agent_guaranteed_homing,5,1,37224,435,1,140,110,1,0,58.70098114013672,1.0,1.0,1.0,0.4666666666666667,0.0,0,0,3,140,20,22,2,1.0,0,0.0,0.0,0.0,0.0,0.007142857142857143
stage1e_single_agent_guaranteed_homing,5,1,37364,436,1,140,110,1,0,60.50855255126953,1.0,1.0,1.0,0.4,0.0,0,0,3,140,69,71,2,1.0,0,0.0,0.0,0.0,0.0,0.007142857142857143
stage1e_single_agent_guaranteed_homing,5,1,37504,437,1,140,110,1,0,-4.396139621734619,0.0,0.0,0.0,0.13333333333333333,0.0,0,0,4,140,-1,-1,-1,0.0,0,0.0,0.0,0.0,0.0,0.0
stage1e_single_agent_guaranteed_homing,5,1,37644,438,1,140,110,1,0,-23.473146438598633,1.0,1.0,0.0,0.3,0.0,0,0,3,140,8,-1,-1,0.0,9,0.44285714285714284,0.6642857142857143,0.35714285714285715,-7.07999999999999,0.0
stage1e_single_agent_guaranteed_homing,5,1,37784,439,1,140,110,1,0,57.20828628540039,1.0,1.0,1.0,0.26666666666666666,0.0,0,0,3,140,13,50,37,1.0,4,0.12857142857142856,0.2,0.15714285714285714,-2.3400000000000003,0.007142857142857143
stage1e_single_agent_guaranteed_homing,5,1,37924,440,1,140,110,1,0,-3.424609899520874,0.0,0.0,0.0,0.43333333333333335,0.0,0,0,4,140,-1,-1,-1,0.0,0,0.0,0.0,0.0,0.0,0.0
stage1e_single_agent_guaranteed_homing,5,1,38064,441,1,140,110,1,0,-23.718477249145508,1.0,1.0,0.0,0.3333333333333333,0.0,0,0,3,140,7,-1,-1,0.0,12,0.5642857142857143,0.75,0.42142857142857143,-8.069999999999983,0.0
stage1e_single_agent_guaranteed_homing,5,1,38131,442,1,140,110,1,0,250.0833740234375,4.0,4.0,4.0,0.23333333333333334,0.0,0,0,0,67,15,36,21,1.0,2,0.1044776119402985,0.19402985074626866,0.07462686567164178,-0.9299999999999998,0.05970149253731343
stage1e_single_agent_guaranteed_homing,5,1,38271,443,1,140,110,1,0,39.460819244384766,2.0,2.0,1.0,0.23333333333333334,0.0,0,0,2,140,69,69,0,0.5,7,0.35,0.45,0.21428571428571427,-4.679999999999998,0.007142857142857143
stage1e_single_agent_guaranteed_homing,5,1,38411,444,1,140,110,1,0,-25.060152053833008,1.0,1.0,0.0,0.23333333333333334,0.0,0,0,3,140,6,-1,-1,0.0,13,0.5285714285714286,0.7785714285714286,0.4642857142857143,-8.489999999999988,0.0
stage1e_single_agent_guaranteed_homing,5,2,38668,445,1,140,110,1,0,58.111244201660156,1.0,1.0,1.0,0.3333333333333333,0.0,0,0,3,140,17,70,53,1.0,4,0.17142857142857143,0.25,0.12142857142857143,-2.6100000000000003,0.007142857142857143
stage1e_single_agent_guaranteed_homing,5,2,38808,446,1,140,110,1,0,-2.8085784912109375,0.0,0.0,0.0,0.3333333333333333,0.0,0,0,4,140,-1,-1,-1,0.0,0,0.0,0.0,0.0,0.0,0.0
stage1e_single_agent_guaranteed_homing,5,2,38948,447,1,140,110,1,0,-19.840106964111328,1.0,1.0,0.0,0.36666666666666664,0.0,0,0,3,140,83,-1,-1,0.0,3,0.2571428571428571,0.3357142857142857,0.12857142857142856,-3.36,0.0
stage1e_single_agent_guaranteed_homing,5,2,39088,448,1,140,110,1,0,58.30445861816406,1.0,1.0,1.0,0.43333333333333335,0.0,0,0,3,140,66,68,2,1.0,0,0.0,0.0,0.0,0.0,0.007142857142857143
stage1e_single_agent_guaranteed_homing,5,2,39228,449,1,140,110,1,0,-24.55648422241211,1.0,1.0,0.0,0.16666666666666666,0.0,0,0,3,140,48,-1,-1,0.0,10,0.35714285714285715,0.5285714285714286,0.29285714285714287,-5.669999999999994,0.0
stage1e_single_agent_guaranteed_homing,5,2,39368,450,1,140,110,1,0,-23.669414520263672,1.0,1.0,0.0,0.4,0.0,0,0,3,140,34,-1,-1,0.0,8,0.5071428571428571,0.65,0.35714285714285715,-6.959999999999989,0.0
stage1e_single_agent_guaranteed_homing,5,2,39508,451,1,140,110,1,0,56.41972732543945,1.0,1.0,1.0,0.36666666666666664,0.0,0,0,3,140,43,79,36,1.0,4,0.12857142857142856,0.18571428571428572,0.07857142857142857,-1.8900000000000008,0.007142857142857143
stage1e_single_agent_guaranteed_homing,5,2,39648,452,1,140,110,1,0,-25.246803283691406,1.0,1.0,0.0,0.3,0.0,0,0,3,140,7,-1,-1,0.0,9,0.5071428571428571,0.7357142857142858,0.32857142857142857,-7.559999999999987,0.0
stage1e_single_agent_guaranteed_homing,5,2,39788,453,1,140,110,1,0,55.825828552246094,1.0,1.0,1.0,0.3,0.0,0,0,3,140,64,122,58,1.0,8,0.11428571428571428,0.2714285714285714,0.16428571428571428,-2.9699999999999993,0.007142857142857143
stage1e_single_agent_guaranteed_homing,5,2,39928,454,1,140,110,1,0,54.782066345214844,1.0,1.0,1.0,0.3,0.0,0,0,3,140,20,96,76,1.0,6,0.25,0.39285714285714285,0.2,-4.14,0.007142857142857143
stage1e_single_agent_guaranteed_homing,5,2,39945,455,1,140,110,1,0,251.94485473632812,4.0,4.0,4.0,0.1,0.0,0,0,0,17,13,14,1,1.0,0,0.0,0.0,0.0,0.0,0.23529411764705882
stage1e_single_agent_guaranteed_homing,5,2,40045,456,1,140,110,1,0,250.72625732421875,4.0,4.0,4.0,0.2,0.0,0,0,0,100,7,10,3,1.0,0,0.0,0.02,0.01,-0.15,0.04
stage1e_single_agent_guaranteed_homing,5,2,40185,457,1,140,110,1,0,-24.24652671813965,1.0,1.0,0.0,0.36666666666666664,0.0,0,0,3,140,12,-1,-1,0.0,11,0.40714285714285714,0.65,0.35,-6.92999999999999,0.0
stage1e_single_agent_guaranteed_homing,5,2,40325,458,1,140,110,1,0,38.831905364990234,2.0,2.0,1.0,0.16666666666666666,0.0,0,0,2,140,1,119,118,0.5,13,0.5,0.7071428571428572,0.3357142857142857,-7.349999999999988,0.007142857142857143
stage1e_single_agent_guaranteed_homing,5,2,40388,459,1,140,110,1,0,248.96627807617188,4.0,4.0,4.0,0.2,0.0,0,0,0,63,28,43,15,1.0,1,0.07936507936507936,0.15873015873015872,0.07936507936507936,-0.75,0.06349206349206349
stage1e_single_agent_guaranteed_homing,5,2,40528,460,1,140,110,1,0,56.98599624633789,1.0,1.0,1.0,0.5,0.0,0,0,3,140,50,81,31,1.0,2,0.07857142857142857,0.12857142857142856,0.05,-1.2900000000000003,0.007142857142857143
stage1e_single_agent_guaranteed_homing,5,2,40668,461,1,140,110,1,0,-22.385379791259766,1.0,1.0,0.0,0.3333333333333333,0.0,0,0,3,140,59,-1,-1,0.0,8,0.3357142857142857,0.4714285714285714,0.24285714285714285,-4.979999999999995,0.0
stage1e_single_agent_guaranteed_homing,5,2,40808,462,1,140,110,1,0,-5.208771705627441,0.0,0.0,0.0,0.4,0.0,0,0,4,140,-1,-1,-1,0.0,0,0.0,0.0,0.0,0.0,0.0
stage1e_single_agent_guaranteed_homing,5,2,40948,463,1,140,110,1,0,44.65964126586914,2.0,2.0,1.0,0.3333333333333333,0.0,0,0,2,140,4,7,3,0.5,1,0.06428571428571428,0.09285714285714286,0.03571428571428571,-0.9299999999999998,0.007142857142857143
stage1e_single_agent_guaranteed_homing,5,2,41088,464,1,140,110,1,0,57.98796463012695,1.0,1.0,1.0,0.36666666666666664,0.0,0,0,3,140,15,27,12,1.0,0,0.0,0.03571428571428571,0.03571428571428571,-0.44999999999999996,0.007142857142857143
stage1e_single_agent_guaranteed_homing,5,2,41228,465,1,140,110,1,0,121.23157501220703,2.0,2.0,2.0,0.23333333333333334,0.0,0,0,2,140,4,8,4,1.0,0,0.0,0.014285714285714285,0.014285714285714285,-0.18,0.014285714285714285
stage1e_single_agent_guaranteed_homing,5,2,41368,466,1,140,110,1,0,-26.650373458862305,1.0,1.0,0.0,0.23333333333333334,0.0,0,0,3,140,1,-1,-1,0.0,14,0.5071428571428571,0.7928571428571428,0.42142857142857143,-8.429999999999986,0.0
stage1e_single_agent_guaranteed_homing,5,2,41508,467,1,140,110,1,0,-7.3155646324157715,0.0,0.0,0.0,0.23333333333333334,0.0,0,0,4,140,-1,-1,-1,0.0,0,0.0,0.0,0.0,0.0,0.0
stage1e_single_agent_guaranteed_homing,5,2,41648,468,1,140,110,1,0,-2.789177894592285,0.0,0.0,0.0,0.26666666666666666,0.0,0,0,4,140,-1,-1,-1,0.0,0,0.0,0.0,0.0,0.0,0.0
stage1e_single_agent_guaranteed_homing,5,2,41788,469,1,140,110,1,0,-3.673319101333618,0.0,0.0,0.0,0.4,0.0,0,0,4,140,-1,-1,-1,0.0,0,0.0,0.0,0.0,0.0,0.0
stage1e_single_agent_guaranteed_homing,5,2,41808,470,1,140,110,1,0,251.251953125,4.0,4.0,4.0,0.06666666666666667,0.0,0,0,0,20,2,10,8,1.0,2,0.15,0.35,0.2,-0.5399999999999999,0.2
stage1e_single_agent_guaranteed_homing,5,2,41948,471,1,140,110,1,0,60.17982482910156,1.0,1.0,1.0,0.3,0.0,0,0,3,140,18,21,3,1.0,0,0.0,0.0,0.0,0.0,0.007142857142857143
stage1e_single_agent_guaranteed_homing,5,2,42088,472,1,140,110,1,0,-24.792104721069336,1.0,1.0,0.0,0.23333333333333334,0.0,0,0,3,140,17,-1,-1,0.0,10,0.45714285714285713,0.6928571428571428,0.37142857142857144,-7.379999999999989,0.0
stage1e_single_agent_guaranteed_homing,5,2,42228,473,1,140,110,1,0,53.218746185302734,1.0,1.0,1.0,0.23333333333333334,0.0,0,0,3,140,3,117,114,1.0,10,0.35714285714285715,0.6142857142857143,0.40714285714285714,-6.869999999999992,0.007142857142857143
stage1e_single_agent_guaranteed_homing,5,2,42368,474,1,140,110,1,0,59.46622085571289,1.0,1.0,1.0,0.3333333333333333,0.0,0,0,3,140,5,27,22,1.0,3,0.05714285714285714,0.1,0.04285714285714286,-1.02,0.007142857142857143
stage1e_single_agent_guaranteed_homing,5,2,42508,475,1,140,110,1,0,52.36150360107422,1.0,1.0,1.0,0.4666666666666667,0.0,0,0,3,140,12,130,118,1.0,9,0.37857142857142856,0.5857142857142857,0.3,-6.179999999999993,0.007142857142857143
stage1e_single_agent_guaranteed_homing,5,2,42648,476,1,140,110,1,0,-2.911358594894409,0.0,0.0,0.0,0.3333333333333333,0.0,0,0,4,140,-1,-1,-1,0.0,0,0.0,0.0,0.0,0.0,0.0
stage1e_single_agent_guaranteed_homing,5,2,42788,477,1,140,110,1,0,-2.7725107669830322,0.0,0.0,0.0,0.43333333333333335,0.0,0,0,4,140,-1,-1,-1,0.0,0,0.0,0.0,0.0,0.0,0.0
stage1e_single_agent_guaranteed_homing,5,2,42928,478,1,140,110,1,0,59.79141616821289,1.0,1.0,1.0,0.36666666666666664,0.0,0,0,3,140,63,70,7,1.0,1,0.007142857142857143,0.02142857142857143,0.007142857142857143,-0.21,0.007142857142857143
stage1e_single_agent_guaranteed_homing,5,2,43068,479,1,140,110,1,0,61.31917190551758,1.0,1.0,1.0,0.4666666666666667,0.0,0,0,3,140,62,62,0,1.0,0,0.0,0.0,0.0,0.0,0.007142857142857143
stage1e_single_agent_guaranteed_homing,5,2,43208,480,1,140,110,1,0,-5.350709915161133,0.0,0.0,0.0,0.4666666666666667,0.0,0,0,4,140,-1,-1,-1,0.0,0,0.0,0.0,0.0,0.0,0.0
stage1e_single_agent_guaranteed_homing,5,2,43348,481,1,140,110,1,0,-25.623186111450195,1.0,1.0,0.0,0.23333333333333334,0.0,0,0,3,140,2,-1,-1,0.0,11,0.6285714285714286,0.8214285714285714,0.44285714285714284,-8.759999999999987,0.0
stage1e_single_agent_guaranteed_homing,5,2,43488,482,1,140,110,1,0,107.29036712646484,3.0,3.0,2.0,0.26666666666666666,0.0,0,0,1,140,5,16,11,0.6666666666666666,5,0.20714285714285716,0.3,0.15714285714285714,-3.18,0.014285714285714285
stage1e_single_agent_guaranteed_homing,5,2,43628,483,1,140,110,1,0,-24.840490341186523,1.0,1.0,0.0,0.4,0.0,0,0,3,140,3,-1,-1,0.0,13,0.5357142857142857,0.7571428571428571,0.36428571428571427,-7.889999999999988,0.0
stage1e_single_agent_guaranteed_homing,5,2,43768,484,1,140,110,1,0,119.48873901367188,2.0,2.0,2.0,0.2,0.0,0,0,2,140,2,70,68,1.0,8,0.2571428571428571,0.42857142857142855,0.2714285714285714,-4.739999999999997,0.014285714285714285
stage1e_single_agent_guaranteed_homing,5,2,43908,485,1,140,110,1,0,116.18659973144531,2.0,2.0,2.0,0.3,0.0,0,0,2,140,16,22,6,1.0,9,0.2571428571428571,0.4857142857142857,0.32857142857142857,-5.459999999999996,0.014285714285714285
stage1e_single_agent_guaranteed_homing,5,2,43979,486,1,140,110,1,0,248.57489013671875,4.0,4.0,4.0,0.2,0.0,0,0,0,71,33,43,10,1.0,4,0.15492957746478872,0.30985915492957744,0.15492957746478872,-1.6500000000000006,0.056338028169014086
stage1e_single_agent_guaranteed_homing,5,3,44172,487,1,140,110,1,0,-3.8275694847106934,0.0,0.0,0.0,0.23333333333333334,0.0,0,0,4,140,-1,-1,-1,0.0,0,0.0,0.0,0.0,0.0,0.0
stage1e_single_agent_guaranteed_homing,5,3,44312,488,1,140,110,1,0,119.53015899658203,2.0,2.0,2.0,0.36666666666666664,0.0,0,0,2,140,11,16,5,1.0,4,0.09285714285714286,0.17142857142857143,0.07857142857142857,-1.7700000000000005,0.014285714285714285
stage1e_single_agent_guaranteed_homing,5,3,44452,489,1,140,110,1,0,43.550655364990234,2.0,2.0,1.0,0.3333333333333333,0.0,0,0,2,140,84,84,0,0.5,5,0.24285714285714285,0.32857142857142857,0.16428571428571428,-3.45,0.007142857142857143
stage1e_single_agent_guaranteed_homing,5,3,44592,490,1,140,110,1,0,58.71685028076172,1.0,1.0,1.0,0.4666666666666667,0.0,0,0,3,140,60,75,15,1.0,1,0.07857142857142857,0.1,0.02857142857142857,-0.96,0.007142857142857143
stage1e_single_agent_guaranteed_homing,5,3,44732,491,1,140,110,1,0,56.88790512084961,1.0,1.0,1.0,0.4666666666666667,0.0,0,0,3,140,3,48,45,1.0,5,0.14285714285714285,0.22857142857142856,0.12857142857142856,-2.46,0.007142857142857143
stage1e_single_agent_guaranteed_homing,5,3,44872,492,1,140,110,1,0,51.52129364013672,1.0,1.0,1.0,0.2,0.0,0,0,3,140,3,123,120,1.0,11,0.44285714285714284,0.6357142857142857,0.37142857142857144,-6.899999999999991,0.007142857142857143
stage1e_single_agent_guaranteed_homing,5,3,45012,493,1,140,110,1,0,-3.0384082794189453,0.0,0.0,0.0,0.5666666666666667,0.0,0,0,4,140,-1,-1,-1,0.0,0,0.0,0.0,0.0,0.0,0.0
stage1e_single_agent_guaranteed_homing,5,3,45152,494,1,140,110,1,0,118.43000793457031,2.0,2.0,2.0,0.2,0.0,0,0,2,140,34,50,16,1.0,4,0.2571428571428571,0.34285714285714286,0.19285714285714287,-3.69,0.014285714285714285
stage1e_single_agent_guaranteed_homing,5,3,45292,495,1,140,110,1,0,185.65939331054688,3.0,3.0,3.0,0.5,0.0,0,0,1,140,34,39,5,1.0,0,0.0,0.02857142857142857,0.02142857142857143,-0.32999999999999996,0.02142857142857143
stage1e_single_agent_guaranteed_homing,5,3,45432,496,1,140,110,1,0,-25.113971710205078,1.0,1.0,0.0,0.26666666666666666,0.0,0,0,3,140,21,-1,-1,0.0,13,0.37142857142857144,0.65,0.35714285714285715,-6.959999999999991,0.0
stage1e_single_agent_guaranteed_homing,5,3,45572,497,1,140,110,1,0,56.10447311401367,1.0,1.0,1.0,0.4666666666666667,0.0,0,0,3,140,3,76,73,1.0,5,0.2571428571428571,0.36428571428571427,0.17142857142857143,-3.7799999999999994,0.007142857142857143
stage1e_single_agent_guaranteed_homing,5,3,45712,498,1,140,110,1,0,-3.459848165512085,0.0,0.0,0.0,0.36666666666666664,0.0,0,0,4,140,-1,-1,-1,0.0,0,0.0,0.0,0.0,0.0,0.0
stage1e_single_agent_guaranteed_homing,5,3,45852,499,1,140,110,1,0,59.57212448120117,1.0,1.0,1.0,0.3,0.0,0,0,3,140,2,13,11,1.0,1,0.014285714285714285,0.03571428571428571,0.02857142857142857,-0.41999999999999993,0.007142857142857143
stage1e_single_agent_guaranteed_homing,5,3,45992,500,1,140,110,1,0,-25.727130889892578,1.0,1.0,0.0,0.3333333333333333,0.0,0,0,3,140,1,-1,-1,0.0,7,0.7,0.8357142857142857,0.42142857142857143,-8.789999999999983,0.0
stage1e_single_agent_guaranteed_homing,5,3,46132,501,1,140,110,1,0,-4.916021823883057,0.0,0.0,0.0,0.23333333333333334,0.0,0,0,4,140,-1,-1,-1,0.0,0,0.0,0.0,0.0,0.0,0.0
stage1e_single_agent_guaranteed_homing,5,3,46272,502,1,140,110,1,0,-5.204577445983887,0.0,0.0,0.0,0.43333333333333335,0.0,0,0,4,140,-1,-1,-1,0.0,0,0.0,0.0,0.0,0.0,0.0
stage1e_single_agent_guaranteed_homing,5,3,46412,503,1,140,110,1,0,-3.0138208866119385,0.0,0.0,0.0,0.3333333333333333,0.0,0,0,4,140,-1,-1,-1,0.0,0,0.0,0.0,0.0,0.0,0.0
stage1e_single_agent_guaranteed_homing,5,3,46552,504,1,140,110,1,0,-4.0657453536987305,0.0,0.0,0.0,0.43333333333333335,0.0,0,0,4,140,-1,-1,-1,0.0,0,0.0,0.0,0.0,0.0,0.0
stage1e_single_agent_guaranteed_homing,5,3,46692,505,1,140,110,1,0,107.69355773925781,3.0,3.0,2.0,0.4666666666666667,0.0,0,0,1,140,110,111,1,0.6666666666666666,4,0.1,0.17142857142857143,0.03571428571428571,-1.5900000000000007,0.014285714285714285
stage1e_single_agent_guaranteed_homing,5,3,46736,506,1,140,110,1,0,250.11441040039062,4.0,4.0,4.0,0.13333333333333333,0.0,0,0,0,44,24,41,17,1.0,2,0.11363636363636363,0.25,0.22727272727272727,-0.9599999999999999,0.09090909090909091
stage1e_single_agent_guaranteed_homing,5,3,46876,507,1,140,110,1,0,-24.879188537597656,1.0,1.0,0.0,0.4,0.0,0,0,3,140,16,-1,-1,0.0,12,0.5571428571428572,0.7428571428571429,0.37142857142857144,-7.799999999999988,0.0
stage1e_single_agent_guaranteed_homing,5,3,47016,508,1,140,110,1,0,-4.900660991668701,0.0,0.0,0.0,0.26666666666666666,0.0,0,0,4,140,-1,-1,-1,0.0,0,0.0,0.0,0.0,0.0,0.0
stage1e_single_agent_guaranteed_homing,5,3,47156,509,1,140,110,1,0,-21.59697151184082,1.0,1.0,0.0,0.36666666666666664,0.0,0,0,3,140,69,-1,-1,0.0,4,0.32142857142857145,0.42857142857142855,0.18571428571428572,-4.38,0.0
stage1e_single_agent_guaranteed_homing,5,3,47296,510,1,140,110,1,0,-5.981772422790527,0.0,0.0,0.0,0.3,0.0,0,0,4,140,-1,-1,-1,0.0,0,0.0,0.0,0.0,0.0,0.0
stage1e_single_agent_guaranteed_homing,5,3,47436,511,1,140,110,1,0,53.0849723815918,1.0,1.0,1.0,0.4,0.0,0,0,3,140,4,96,92,1.0,10,0.2785714285714286,0.4928571428571429,0.3357142857142857,-5.5499999999999945,0.007142857142857143
stage1e_single_agent_guaranteed_homing,5,3,47576,512,1,140,110,1,0,121.38386535644531,2.0,2.0,2.0,0.4666666666666667,0.0,0,0,2,140,39,42,3,1.0,0,0.0,0.0,0.0,0.0,0.014285714285714285
stage1e_single_agent_guaranteed_homing,5,3,47716,513,1,140,110,1,0,56.5016975402832,1.0,1.0,1.0,0.5666666666666667,0.0,0,0,3,140,3,14,11,1.0,1,0.014285714285714285,0.05,0.02857142857142857,-0.5399999999999999,0.007142857142857143
stage1e_single_agent_guaranteed_homing,5,3,47856,514,1,140,110,1,0,56.92207717895508,1.0,1.0,1.0,0.3333333333333333,0.0,0,0,3,140,4,50,46,1.0,2,0.2571428571428571,0.3,0.15,-3.15,0.007142857142857143
stage1e_single_agent_guaranteed_homing,5,3,47996,515,1,140,110,1,0,-3.9998748302459717,0.0,0.0,0.0,0.3,0.0,0,0,4,140,-1,-1,-1,0.0,0,0.0,0.0,0.0,0.0,0.0
stage1e_single_agent_guaranteed_homing,5,3,48136,516,1,140,110,1,0,-4.211632251739502,0.0,0.0,0.0,0.3333333333333333,0.0,0,0,4,140,-1,-1,-1,0.0,0,0.0,0.0,0.0,0.0,0.0
stage1e_single_agent_guaranteed_homing,5,3,48276,517,1,140,110,1,0,115.68267059326172,2.0,2.0,2.0,0.3333333333333333,0.0,0,0,2,140,4,47,43,1.0,8,0.32142857142857145,0.5,0.21428571428571427,-5.099999999999997,0.014285714285714285
stage1e_single_agent_guaranteed_homing,5,3,48416,518,1,140,110,1,0,-2.713080406188965,0.0,0.0,0.0,0.4,0.0,0,0,4,140,-1,-1,-1,0.0,0,0.0,0.0,0.0,0.0,0.0
stage1e_single_agent_guaranteed_homing,5,3,48556,519,1,140,110,1,0,-3.9353623390197754,0.0,0.0,0.0,0.3333333333333333,0.0,0,0,4,140,-1,-1,-1,0.0,0,0.0,0.0,0.0,0.0,0.0
stage1e_single_agent_guaranteed_homing,5,3,48696,520,1,140,110,1,0,-20.66300392150879,1.0,1.0,0.0,0.5,0.0,0,0,3,140,115,-1,-1,0.0,4,0.08571428571428572,0.15714285714285714,0.09285714285714286,-1.7100000000000004,0.0
stage1e_single_agent_guaranteed_homing,5,3,48836,521,1,140,110,1,0,-19.713621139526367,1.0,1.0,0.0,0.26666666666666666,0.0,0,0,3,140,80,-1,-1,0.0,7,0.2571428571428571,0.37142857142857144,0.17857142857142858,-3.8699999999999997,0.0
stage1e_single_agent_guaranteed_homing,5,3,48976,522,1,140,110,1,0,-24.29323959350586,1.0,1.0,0.0,0.4,0.0,0,0,3,140,11,-1,-1,0.0,10,0.4857142857142857,0.6928571428571428,0.2785714285714286,-6.98999999999999,0.0
stage1e_single_agent_guaranteed_homing,5,3,49116,523,1,140,110,1,0,-1.719103455543518,0.0,0.0,0.0,0.36666666666666664,0.0,0,0,4,140,-1,-1,-1,0.0,0,0.0,0.0,0.0,0.0,0.0
stage1e_single_agent_guaranteed_homing,5,3,49256,524,1,140,110,1,0,-24.400062561035156,1.0,1.0,0.0,0.3,0.0,0,0,3,140,17,-1,-1,0.0,11,0.5214285714285715,0.6857142857142857,0.32857142857142857,-7.139999999999989,0.0
stage1e_single_agent_guaranteed_homing,5,3,49396,525,1,140,110,1,0,60.257450103759766,1.0,1.0,1.0,0.36666666666666664,0.0,0,0,3,140,19,21,2,1.0,0,0.0,0.0,0.0,0.0,0.007142857142857143
stage1e_single_agent_guaranteed_homing,5,3,49536,526,1,140,110,1,0,55.93921661376953,1.0,1.0,1.0,0.3333333333333333,0.0,0,0,3,140,10,77,67,1.0,8,0.21428571428571427,0.37142857142857144,0.20714285714285716,-3.9899999999999993,0.007142857142857143
stage1f_single_agent_delivery_bridge,6,1,49696,527,1,190,160,1,1,-19.642934799194336,1.0,1.0,0.0,0.19642857142857142,0.0,0,0,3,160,121,-1,-1,0.0,2,0.1125,0.14375,0.05,-1.8900000000000006,0.0
stage1f_single_agent_delivery_bridge,6,1,49856,528,1,190,160,1,1,-3.4555201530456543,0.0,0.0,0.0,0.25,0.0,0,0,4,160,-1,-1,-1,0.0,0,0.0,0.0,0.0,0.0,0.0
stage1f_single_agent_delivery_bridge,6,1,49998,529,1,190,160,1,1,252.83480834960938,4.0,4.0,4.0,0.05357142857142857,0.0,0,0,0,142,33,72,39,1.0,6,0.1619718309859155,0.21830985915492956,0.14788732394366197,-2.9049999999999994,0.028169014084507043
stage1f_single_agent_delivery_bridge,6,1,50158,530,1,190,160,1,1,34.801979064941406,2.0,2.0,1.0,0.16071428571428573,0.0,0,0,2,160,6,16,10,0.5,16,0.5625,0.7,0.28125,-9.415000000000019,0.00625
stage1f_single_agent_delivery_bridge,6,1,50318,531,1,190,160,1,1,58.80873489379883,1.0,1.0,1.0,0.19642857142857142,0.0,0,0,3,160,98,148,50,1.0,3,0.19375,0.225,0.1125,-3.1499999999999986,0.00625
stage1f_single_agent_delivery_bridge,6,1,50478,532,1,190,160,1,1,58.6837043762207,1.0,1.0,1.0,0.17857142857142858,0.0,0,0,3,160,3,55,52,1.0,5,0.21875,0.26875,0.15625,-3.8849999999999985,0.00625
stage1f_single_agent_delivery_bridge,6,1,50638,533,1,190,160,1,1,192.0190887451172,3.0,3.0,3.0,0.30357142857142855,0.0,0,0,1,160,42,42,0,1.0,0,0.0,0.0,0.0,0.0,0.01875
stage1f_single_agent_delivery_bridge,6,1,50798,534,1,190,160,1,1,182.01766967773438,3.0,3.0,3.0,0.14285714285714285,0.0,0,0,1,160,3,94,91,1.0,15,0.35,0.4625,0.24375,-6.545000000000009,0.01875
stage1f_single_agent_delivery_bridge,6,1,50958,535,1,190,160,1,1,101.5989990234375,3.0,3.0,2.0,0.125,0.0,0,0,1,160,1,25,24,0.6666666666666666,18,0.49375,0.6375,0.4125,-9.45000000000002,0.0125
stage1f_single_agent_delivery_bridge,6,1,51118,536,1,190,160,1,1,-5.080672740936279,0.0,0.0,0.0,0.14285714285714285,0.0,0,0,4,160,-1,-1,-1,0.0,0,0.0,0.0,0.0,0.0,0.0
stage1f_single_agent_delivery_bridge,6,1,51278,537,1,190,160,1,1,-5.233161926269531,0.0,0.0,0.0,0.19642857142857142,0.0,0,0,4,160,-1,-1,-1,0.0,0,0.0,0.0,0.0,0.0,0.0
stage1f_single_agent_delivery_bridge,6,1,51438,538,1,190,160,1,1,186.2373504638672,3.0,3.0,3.0,0.14285714285714285,0.0,0,0,1,160,8,9,1,1.0,10,0.25,0.3375,0.2,-4.900000000000002,0.01875
stage1f_single_agent_delivery_bridge,6,1,51598,539,1,190,160,1,1,-5.284953594207764,0.0,0.0,0.0,0.16071428571428573,0.0,0,0,4,160,-1,-1,-1,0.0,0,0.0,0.0,0.0,0.0,0.0
stage1f_single_agent_delivery_bridge,6,1,51758,540,1,190,160,1,1,-29.526256561279297,1.0,1.0,0.0,0.14285714285714285,0.0,0,0,3,160,4,-1,-1,0.0,20,0.59375,0.75,0.40625,-10.675000000000026,0.0
stage1f_single_agent_delivery_bridge,6,1,51918,541,1,190,160,1,1,-3.0101518630981445,0.0,0.0,0.0,0.25,0.0,0,0,4,160,-1,-1,-1,0.0,0,0.0,0.0,0.0,0.0,0.0
stage1f_single_agent_delivery_bridge,6,1,52078,542,1,190,160,1,1,-31.465591430664062,1.0,1.0,0.0,0.21428571428571427,0.0,0,0,3,160,1,-1,-1,0.0,16,0.64375,0.75,0.4,-10.640000000000025,0.0
stage1f_single_agent_delivery_bridge,6,1,52238,543,1,190,160,1,1,61.44289779663086,1.0,1.0,1.0,0.125,0.0,0,0,3,160,40,66,26,1.0,3,0.08125,0.10625,0.06875,-1.5750000000000002,0.00625
stage1f_single_agent_delivery_bridge,6,1,52398,544,1,190,160,1,1,123.09980010986328,2.0,2.0,2.0,0.14285714285714285,0.0,0,0,2,160,4,49,45,1.0,3,0.2125,0.2375,0.10625,-3.254999999999999,0.0125
stage1f_single_agent_delivery_bridge,6,1,52558,545,1,190,160,1,1,-3.7316842079162598,0.0,0.0,0.0,0.30357142857142855,0.0,0,0,4,160,-1,-1,-1,0.0,0,0.0,0.0,0.0,0.0,0.0
stage1f_single_agent_delivery_bridge,6,1,52718,546,1,190,160,1,1,-28.78849983215332,1.0,1.0,0.0,0.17857142857142858,0.0,0,0,3,160,22,-1,-1,0.0,13,0.5375,0.6625,0.3625,-9.45000000000002,0.0
stage1f_single_agent_delivery_bridge,6,1,52878,547,1,190,160,1,1,-2.668379306793213,0.0,0.0,0.0,0.30357142857142855,0.0,0,0,4,160,-1,-1,-1,0.0,0,0.0,0.0,0.0,0.0,0.0
stage1f_single_agent_delivery_bridge,6,1,53038,548,1,190,160,1,1,58.037601470947266,1.0,1.0,1.0,0.19642857142857142,0.0,0,0,3,160,58,92,34,1.0,6,0.06875,0.125,0.05625,-1.7150000000000003,0.00625
stage1f_single_agent_delivery_bridge,6,1,53198,549,1,190,160,1,1,-27.580440521240234,1.0,1.0,0.0,0.16071428571428573,0.0,0,0,3,160,35,-1,-1,0.0,13,0.5375,0.625,0.3125,-8.750000000000018,0.0
stage1f_single_agent_delivery_bridge,6,1,53358,550,1,190,160,1,1,53.37251281738281,1.0,1.0,1.0,0.25,0.0,0,0,3,160,4,138,134,1.0,12,0.45,0.59375,0.3375,-8.540000000000017,0.00625
stage1f_single_agent_delivery_bridge,6,1,53518,551,1,190,160,1,1,-31.96515464782715,1.0,1.0,0.0,0.14285714285714285,0.0,0,0,3,160,1,-1,-1,0.0,13,0.7125,0.8375,0.44375,-11.865000000000029,0.0
stage1f_single_agent_delivery_bridge,6,1,53611,552,1,190,160,1,1,252.07093811035156,4.0,4.0,4.0,0.08928571428571429,0.0,0,0,0,93,9,29,20,1.0,11,0.41935483870967744,0.5376344086021505,0.2903225806451613,-4.445,0.043010752688172046
stage1f_single_agent_delivery_bridge,6,1,53771,553,1,190,160,1,1,58.71446990966797,1.0,1.0,1.0,0.21428571428571427,0.0,0,0,3,160,2,44,42,1.0,4,0.175,0.20625,0.13125,-3.045,0.00625
stage1f_single_agent_delivery_bridge,6,1,53931,554,1,190,160,1,1,-24.200349807739258,1.0,1.0,0.0,0.125,0.0,0,0,3,160,75,-1,-1,0.0,8,0.375,0.43125,0.19375,-5.915000000000007,0.0
stage1f_single_agent_delivery_bridge,6,1,54091,555,1,190,160,1,1,61.123538970947266,1.0,1.0,1.0,0.26785714285714285,0.0,0,0,3,160,5,41,36,1.0,3,0.1,0.1375,0.08125,-1.995,0.00625
stage1f_single_agent_delivery_bridge,6,1,54251,556,1,190,160,1,1,-4.003300666809082,0.0,0.0,0.0,0.19642857142857142,0.0,0,0,4,160,-1,-1,-1,0.0,0,0.0,0.0,0.0,0.0,0.0
stage1f_single_agent_delivery_bridge,6,1,54309,557,1,190,160,1,1,259.3847351074219,4.0,4.0,4.0,0.125,0.0,0,0,0,58,55,55,0,1.0,0,0.0,0.0,0.0,0.0,0.06896551724137931
stage1f_single_agent_delivery_bridge,6,1,54469,558,1,190,160,1,1,-28.135833740234375,1.0,1.0,0.0,0.19642857142857142,0.0,0,0,3,160,25,-1,-1,0.0,15,0.55625,0.6875,0.35625,-9.695000000000022,0.0
stage1f_single_agent_delivery_bridge,6,1,54629,559,1,190,160,1,1,-3.4715046882629395,0.0,0.0,0.0,0.25,0.0,0,0,4,160,-1,-1,-1,0.0,0,0.0,0.0,0.0,0.0,0.0
stage1f_single_agent_delivery_bridge,6,1,54789,560,1,190,160,1,1,188.6808319091797,3.0,3.0,3.0,0.23214285714285715,0.0,0,0,1,160,87,91,4,1.0,3,0.11875,0.16875,0.11875,-2.555,0.01875
stage1f_single_agent_delivery_bridge,6,1,54949,561,1,190,160,1,1,59.20011520385742,1.0,1.0,1.0,0.21428571428571427,0.0,0,0,3,160,1,21,20,1.0,2,0.0625,0.08125,0.04375,-1.155,0.00625
stage1f_single_agent_delivery_bridge,6,1,55109,562,1,190,160,1,1,-23.898483276367188,1.0,1.0,0.0,0.21428571428571427,0.0,0,0,3,160,60,-1,-1,0.0,10,0.375,0.45625,0.23125,-6.405000000000008,0.0
stage1f_single_agent_delivery_bridge,6,1,55269,563,1,190,160,1,1,-5.518765449523926,0.0,0.0,0.0,0.25,0.0,0,0,4,160,-1,-1,-1,0.0,0,0.0,0.0,0.0,0.0,0.0
stage1f_single_agent_delivery_bridge,6,1,55429,564,1,190,160,1,1,-3.5012686252593994,0.0,0.0,0.0,0.2857142857142857,0.0,0,0,4,160,-1,-1,-1,0.0,0,0.0,0.0,0.0,0.0,0.0
stage1f_single_agent_delivery_bridge,6,1,55589,565,1,190,160,1,1,60.56953811645508,1.0,1.0,1.0,0.08928571428571429,0.0,0,0,3,160,107,133,26,1.0,4,0.11875,0.14375,0.075,-2.0300000000000002,0.00625
stage1f_single_agent_delivery_bridge,6,1,55749,566,1,190,160,1,1,38.26154327392578,2.0,2.0,1.0,0.30357142857142855,0.0,0,0,2,160,2,4,2,0.5,7,0.53125,0.6,0.25,-8.120000000000015,0.00625
stage1f_single_agent_delivery_bridge,6,1,55909,567,1,190,160,1,1,53.50117492675781,1.0,1.0,1.0,0.32142857142857145,0.0,0,0,3,160,5,104,99,1.0,8,0.44375,0.49375,0.25625,-6.965000000000009,0.00625
stage1f_single_agent_delivery_bridge,6,1,56069,568,1,190,160,1,1,56.215904235839844,1.0,1.0,1.0,0.23214285714285715,0.0,0,0,3,160,2,62,60,1.0,7,0.175,0.23125,0.1,-3.149999999999999,0.00625
stage1f_single_agent_delivery_bridge,6,1,56229,569,1,190,160,1,1,-30.688493728637695,1.0,1.0,0.0,0.08928571428571429,0.0,0,0,3,160,2,-1,-1,0.0,13,0.7125,0.8375,0.41875,-11.72500000000003,0.0
stage1f_single_agent_delivery_bridge,6,1,56389,570,1,190,160,1,1,-30.082487106323242,1.0,1.0,0.0,0.16071428571428573,0.0,0,0,3,160,4,-1,-1,0.0,14,0.61875,0.75625,0.40625,-10.745000000000026,0.0
stage1f_single_agent_delivery_bridge,6,1,56549,571,1,190,160,1,1,61.24531936645508,1.0,1.0,1.0,0.14285714285714285,0.0,0,0,3,160,11,12,1,1.0,0,0.0,0.0,0.0,0.0,0.00625
stage1f_single_agent_delivery_bridge,6,1,56709,572,1,190,160,1,1,55.76496887207031,1.0,1.0,1.0,0.19642857142857142,0.0,0,0,3,160,32,109,77,1.0,7,0.28125,0.3625,0.20625,-5.215000000000003,0.00625
stage1f_single_agent_delivery_bridge,6,1,56869,573,1,190,160,1,1,59.17733383178711,1.0,1.0,1.0,0.26785714285714285,0.0,0,0,3,160,137,143,6,1.0,1,0.00625,0.01875,0.0125,-0.28,0.00625
stage1f_single_agent_delivery_bridge,6,1,57029,574,1,190,160,1,1,-2.267582416534424,0.0,0.0,0.0,0.26785714285714285,0.0,0,0,4,160,-1,-1,-1,0.0,0,0.0,0.0,0.0,0.0,0.0
stage1f_single_agent_delivery_bridge,6,1,57189,575,1,190,160,1,1,-2.894174814224243,0.0,0.0,0.0,0.23214285714285715,0.0,0,0,4,160,-1,-1,-1,0.0,0,0.0,0.0,0.0,0.0,0.0
stage1f_single_agent_delivery_bridge,6,1,57349,576,1,190,160,1,1,59.93687057495117,1.0,1.0,1.0,0.25,0.0,0,0,3,160,3,20,17,1.0,1,0.0625,0.06875,0.04375,-1.015,0.00625
stage1f_single_agent_delivery_bridge,6,1,57509,577,1,190,160,1,1,-27.343185424804688,1.0,1.0,0.0,0.23214285714285715,0.0,0,0,3,160,38,-1,-1,0.0,18,0.4375,0.56875,0.29375,-8.015000000000015,0.0
stage1f_single_agent_delivery_bridge,6,1,57669,578,1,190,160,1,1,-3.167249917984009,0.0,0.0,0.0,0.30357142857142855,0.0,0,0,4,160,-1,-1,-1,0.0,0,0.0,0.0,0.0,0.0,0.0
stage1f_single_agent_delivery_bridge,6,2,57888,579,1,190,160,1,1,189.19985961914062,3.0,3.0,3.0,0.23214285714285715,0.0,0,0,1,160,10,39,29,1.0,4,0.10625,0.13125,0.075,-1.8900000000000001,0.01875
stage1f_single_agent_delivery_bridge,6,2,58048,580,1,190,160,1,1,125.74618530273438,2.0,2.0,2.0,0.30357142857142855,0.0,0,0,2,160,31,33,2,1.0,0,0.0,0.0,0.0,0.0,0.0125
stage1f_single_agent_delivery_bridge,6,2,58208,581,1,190,160,1,1,56.88673400878906,1.0,1.0,1.0,0.21428571428571427,0.0,0,0,3,160,1,36,35,1.0,6,0.0875,0.1375,0.08125,-1.9950000000000003,0.00625
stage1f_single_agent_delivery_bridge,6,2,58368,582,1,190,160,1,1,59.19013977050781,1.0,1.0,1.0,0.23214285714285715,0.0,0,0,3,160,36,45,9,1.0,1,0.0375,0.04375,0.00625,-0.525,0.00625
stage1f_single_agent_delivery_bridge,6,2,58528,583,1,190,160,1,1,-31.10897445678711,1.0,1.0,0.0,0.19642857142857142,0.0,0,0,3,160,10,-1,-1,0.0,18,0.64375,0.76875,0.4,-10.850000000000026,0.0
stage1f_single_agent_delivery_bridge,6,2,58688,584,1,190,160,1,1,-24.889623641967773,1.0,1.0,0.0,0.26785714285714285,0.0,0,0,3,160,63,-1,-1,0.0,8,0.4,0.46875,0.20625,-6.405000000000007,0.0
stage1f_single_agent_delivery_bridge,6,2,58848,585,1,190,160,1,1,-3.5723981857299805,0.0,0.0,0.0,0.3392857142857143,0.0,0,0,4,160,-1,-1,-1,0.0,0,0.0,0.0,0.0,0.0,0.0
stage1f_single_agent_delivery_bridge,6,2,59008,586,1,190,160,1,1,60.888450622558594,1.0,1.0,1.0,0.23214285714285715,0.0,0,0,3,160,56,85,29,1.0,2,0.09375,0.1125,0.075,-1.6800000000000002,0.00625
stage1f_single_agent_delivery_bridge,6,2,59168,587,1,190,160,1,1,53.30934143066406,1.0,1.0,1.0,0.125,0.0,0,0,3,160,21,141,120,1.0,14,0.36875,0.5,0.3,-7.280000000000012,0.00625
stage1f_single_agent_delivery_bridge,6,2,59328,588,1,190,160,1,1,60.97477340698242,1.0,1.0,1.0,0.21428571428571427,0.0,0,0,3,160,8,18,10,1.0,1,0.0125,0.03125,0.01875,-0.45500000000000007,0.00625
stage1f_single_agent_delivery_bridge,6,2,59488,589,1,190,160,1,1,-4.344029903411865,0.0,0.0,0.0,0.23214285714285715,0.0,0,0,4,160,-1,-1,-1,0.0,0,0.0,0.0,0.0,0.0,0.0
stage1f_single_agent_delivery_bridge,6,2,59648,590,1,190,160,1,1,61.42375564575195,1.0,1.0,1.0,0.25,0.0,0,0,3,160,2,5,3,1.0,0,0.0,0.0,0.0,0.0,0.00625
stage1f_single_agent_delivery_bridge,6,2,59808,591,1,190,160,1,1,-3.1281578540802,0.0,0.0,0.0,0.17857142857142858,0.0,0,0,4,160,-1,-1,-1,0.0,0,0.0,0.0,0.0,0.0,0.0
stage1f_single_agent_delivery_bridge,6,2,59968,592,1,190,160,1,1,55.928016662597656,1.0,1.0,1.0,0.17857142857142858,0.0,0,0,3,160,9,85,76,1.0,6,0.30625,0.3625,0.20625,-5.215000000000004,0.00625
