stage,stage_index,stage_attempt,global_step,episode,n_agents,width,height,n_targets,n_obstacles,mean_episode_reward,food_discovered,food_picked_up,food_retrieved,exploration_coverage,pheromone_usage,pheromone_deposit_events,food_source_respawns,food_units_remaining,episode_length,first_pickup_step,first_delivery_step,pickup_to_delivery_latency,swarm_efficiency
stage1a_single_agent_miniscule,1,1,120,1,1,50,50,1,0,-25.79857063293457,0.0,0.0,0.0,0.4444444444444444,0.0,0,0,4,120,-1,-1,-1,0.0
stage1a_single_agent_miniscule,1,1,164,2,1,50,50,1,0,138.7153778076172,4.0,4.0,4.0,0.4444444444444444,0.0,0,0,0,44,41,41,0,0.09090909090909091
stage1a_single_agent_miniscule,1,1,208,3,1,50,50,1,0,135.8372039794922,4.0,4.0,4.0,0.3333333333333333,0.0,0,0,0,44,41,41,0,0.09090909090909091
stage1a_single_agent_miniscule,1,1,212,4,1,50,50,1,0,142.58999633789062,4.0,4.0,4.0,0.1111111111111111,0.0,0,0,0,4,1,1,0,1.0
stage1a_single_agent_miniscule,1,1,332,5,1,50,50,1,0,-12.437206268310547,0.0,0.0,0.0,0.4444444444444444,0.0,0,0,4,120,-1,-1,-1,0.0
stage1a_single_agent_miniscule,1,1,452,6,1,50,50,1,0,-17.148653030395508,0.0,0.0,0.0,0.3333333333333333,0.0,0,0,4,120,-1,-1,-1,0.0
stage1a_single_agent_miniscule,1,1,572,7,1,50,50,1,0,22.178876876831055,1.0,1.0,1.0,0.4444444444444444,0.0,0,0,3,120,96,96,0,0.008333333333333333
stage1a_single_agent_miniscule,1,1,690,8,1,50,50,1,0,128.59092712402344,4.0,4.0,4.0,0.4444444444444444,0.0,0,0,0,118,115,115,0,0.03389830508474576
stage1a_single_agent_miniscule,1,1,810,9,1,50,50,1,0,87.88397979736328,3.0,3.0,3.0,0.4444444444444444,0.0,0,0,1,120,1,1,0,0.025
stage1a_single_agent_miniscule,1,1,870,10,1,50,50,1,0,134.0723876953125,4.0,4.0,4.0,0.3333333333333333,0.0,0,0,0,60,57,57,0,0.06666666666666667
stage1a_single_agent_miniscule,1,1,949,11,1,50,50,1,0,132.02700805664062,4.0,4.0,4.0,0.3333333333333333,0.0,0,0,0,79,52,52,0,0.05063291139240506
stage1a_single_agent_miniscule,1,1,1069,12,1,50,50,1,0,-18.297574996948242,0.0,0.0,0.0,0.4444444444444444,0.0,0,0,4,120,-1,-1,-1,0.0
stage1a_single_agent_miniscule,1,1,1144,13,1,50,50,1,0,132.55191040039062,4.0,4.0,4.0,0.3333333333333333,0.0,0,0,0,75,72,72,0,0.05333333333333334
stage1a_single_agent_miniscule,1,1,1264,14,1,50,50,1,0,-16.989919662475586,0.0,0.0,0.0,0.3333333333333333,0.0,0,0,4,120,-1,-1,-1,0.0
stage1a_single_agent_miniscule,1,1,1348,15,1,50,50,1,0,133.56964111328125,4.0,4.0,4.0,0.4444444444444444,0.0,0,0,0,84,81,81,0,0.047619047619047616
stage1a_single_agent_miniscule,1,1,1352,16,1,50,50,1,0,143.92999267578125,4.0,4.0,4.0,0.1111111111111111,0.0,0,0,0,4,1,1,0,1.0
stage1a_single_agent_miniscule,1,1,1472,17,1,50,50,1,0,-16.86669158935547,0.0,0.0,0.0,0.3333333333333333,0.0,0,0,4,120,-1,-1,-1,0.0
stage1a_single_agent_miniscule,1,1,1592,18,1,50,50,1,0,-15.625865936279297,0.0,0.0,0.0,0.3333333333333333,0.0,0,0,4,120,-1,-1,-1,0.0
stage1a_single_agent_miniscule,1,1,1712,19,1,50,50,1,0,-18.316801071166992,0.0,0.0,0.0,0.3333333333333333,0.0,0,0,4,120,-1,-1,-1,0.0
stage1a_single_agent_miniscule,1,1,1832,20,1,50,50,1,0,-16.669307708740234,0.0,0.0,0.0,0.3333333333333333,0.0,0,0,4,120,-1,-1,-1,0.0
stage1a_single_agent_miniscule,1,1,1897,21,1,50,50,1,0,132.24485778808594,4.0,4.0,4.0,0.2222222222222222,0.0,0,0,0,65,62,62,0,0.06153846153846154
stage1a_single_agent_miniscule,1,1,2017,22,1,50,50,1,0,-17.15822410583496,0.0,0.0,0.0,0.1111111111111111,0.0,0,0,4,120,-1,-1,-1,0.0
stage1a_single_agent_miniscule,1,1,2119,23,1,50,50,1,0,125.91830444335938,4.0,4.0,4.0,0.3333333333333333,0.0,0,0,0,102,99,99,0,0.0392156862745098
stage1a_single_agent_miniscule,1,1,2239,24,1,50,50,1,0,91.03553009033203,3.0,3.0,3.0,0.4444444444444444,0.0,0,0,1,120,1,1,0,0.025
stage1a_single_agent_miniscule,1,1,2285,25,1,50,50,1,0,135.67822265625,4.0,4.0,4.0,0.3333333333333333,0.0,0,0,0,46,43,43,0,0.08695652173913043
stage1a_single_agent_miniscule,1,1,2405,26,1,50,50,1,0,91.5361099243164,3.0,3.0,3.0,0.4444444444444444,0.0,0,0,1,120,1,1,0,0.025
stage1a_single_agent_miniscule,1,1,2478,27,1,50,50,1,0,132.4200897216797,4.0,4.0,4.0,0.3333333333333333,0.0,0,0,0,73,70,70,0,0.0547945205479452
stage1a_single_agent_miniscule,1,1,2482,28,1,50,50,1,0,143.9288787841797,4.0,4.0,4.0,0.1111111111111111,0.0,0,0,0,4,1,1,0,1.0
stage1a_single_agent_miniscule,1,1,2602,29,1,50,50,1,0,-11.105801582336426,0.0,0.0,0.0,0.4444444444444444,0.0,0,0,4,120,-1,-1,-1,0.0
stage1a_single_agent_miniscule,1,1,2708,30,1,50,50,1,0,130.4847869873047,4.0,4.0,4.0,0.4444444444444444,0.0,0,0,0,106,103,103,0,0.03773584905660377
stage1a_single_agent_miniscule,1,1,2811,31,1,50,50,1,0,130.23516845703125,4.0,4.0,4.0,0.3333333333333333,0.0,0,0,0,103,100,100,0,0.038834951456310676
stage1a_single_agent_miniscule,1,1,2889,32,1,50,50,1,0,135.33865356445312,4.0,4.0,4.0,0.3333333333333333,0.0,0,0,0,78,75,75,0,0.05128205128205128
stage1a_single_agent_miniscule,1,1,3009,33,1,50,50,1,0,92.39708709716797,3.0,3.0,3.0,0.4444444444444444,0.0,0,0,1,120,68,68,0,0.025
stage1a_single_agent_miniscule,1,1,3129,34,1,50,50,1,0,-24.489086151123047,0.0,0.0,0.0,0.3333333333333333,0.0,0,0,4,120,-1,-1,-1,0.0
stage1a_single_agent_miniscule,1,1,3249,35,1,50,50,1,0,-15.475436210632324,0.0,0.0,0.0,0.3333333333333333,0.0,0,0,4,120,-1,-1,-1,0.0
stage1a_single_agent_miniscule,1,1,3369,36,1,50,50,1,0,-12.138985633850098,0.0,0.0,0.0,0.3333333333333333,0.0,0,0,4,120,-1,-1,-1,0.0
stage1a_single_agent_miniscule,1,1,3409,37,1,50,50,1,0,138.7667236328125,4.0,4.0,4.0,0.3333333333333333,0.0,0,0,0,40,32,32,0,0.1
stage1a_single_agent_miniscule,1,1,3524,38,1,50,50,1,0,128.7920684814453,4.0,4.0,4.0,0.3333333333333333,0.0,0,0,0,115,112,112,0,0.034782608695652174
stage1a_single_agent_miniscule,1,1,3644,39,1,50,50,1,0,-14.09237003326416,0.0,0.0,0.0,0.3333333333333333,0.0,0,0,4,120,-1,-1,-1,0.0
stage1a_single_agent_miniscule,1,1,3764,40,1,50,50,1,0,-9.435218811035156,0.0,0.0,0.0,0.3333333333333333,0.0,0,0,4,120,-1,-1,-1,0.0
stage1a_single_agent_miniscule,1,1,3884,41,1,50,50,1,0,-16.84848403930664,0.0,0.0,0.0,0.2222222222222222,0.0,0,0,4,120,-1,-1,-1,0.0
stage1a_single_agent_miniscule,1,1,4004,42,1,50,50,1,0,-15.633732795715332,0.0,0.0,0.0,0.3333333333333333,0.0,0,0,4,120,-1,-1,-1,0.0
stage1a_single_agent_miniscule,1,1,4043,43,1,50,50,1,0,137.307861328125,4.0,4.0,4.0,0.3333333333333333,0.0,0,0,0,39,36,36,0,0.10256410256410256
stage1a_single_agent_miniscule,1,1,4163,44,1,50,50,1,0,20.60940933227539,1.0,1.0,1.0,0.4444444444444444,0.0,0,0,3,120,102,102,0,0.008333333333333333
stage1a_single_agent_miniscule,1,1,4282,45,1,50,50,1,0,129.192138671875,4.0,4.0,4.0,0.4444444444444444,0.0,0,0,0,119,113,113,0,0.03361344537815126
stage1a_single_agent_miniscule,1,1,4286,46,1,50,50,1,0,142.42999267578125,4.0,4.0,4.0,0.1111111111111111,0.0,0,0,0,4,1,1,0,1.0
stage1a_single_agent_miniscule,1,1,4365,47,1,50,50,1,0,136.8385467529297,4.0,4.0,4.0,0.3333333333333333,0.0,0,0,0,79,76,76,0,0.05063291139240506
stage1a_single_agent_miniscule,1,1,4485,48,1,50,50,1,0,-15.44869613647461,0.0,0.0,0.0,0.3333333333333333,0.0,0,0,4,120,-1,-1,-1,0.0
stage1a_single_agent_miniscule,1,1,4592,49,1,50,50,1,0,132.09494018554688,4.0,4.0,4.0,0.3333333333333333,0.0,0,0,0,107,104,104,0,0.037383177570093455
stage1a_single_agent_miniscule,1,1,4712,50,1,50,50,1,0,-12.316474914550781,0.0,0.0,0.0,0.3333333333333333,0.0,0,0,4,120,-1,-1,-1,0.0
stage1a_single_agent_miniscule,1,1,4736,51,1,50,50,1,0,140.62734985351562,4.0,4.0,4.0,0.3333333333333333,0.0,0,0,0,24,18,18,0,0.16666666666666666
stage1a_single_agent_miniscule,1,1,4827,52,1,50,50,1,0,129.00559997558594,4.0,4.0,4.0,0.4444444444444444,0.0,0,0,0,91,88,88,0,0.04395604395604396
stage1a_single_agent_miniscule,1,1,4947,53,1,50,50,1,0,51.86107635498047,2.0,2.0,2.0,0.2222222222222222,0.0,0,0,2,120,1,1,0,0.016666666666666666
stage1a_single_agent_miniscule,1,1,5067,54,1,50,50,1,0,-22.785505294799805,0.0,0.0,0.0,0.4444444444444444,0.0,0,0,4,120,-1,-1,-1,0.0
stage1a_single_agent_miniscule,1,1,5145,55,1,50,50,1,0,132.2509765625,4.0,4.0,4.0,0.4444444444444444,0.0,0,0,0,78,75,75,0,0.05128205128205128
stage1a_single_agent_miniscule,1,1,5265,56,1,50,50,1,0,-26.048370361328125,0.0,0.0,0.0,0.4444444444444444,0.0,0,0,4,120,-1,-1,-1,0.0
stage1a_single_agent_miniscule,1,1,5291,57,1,50,50,1,0,133.0880126953125,4.0,4.0,4.0,0.3333333333333333,0.0,0,0,0,26,23,23,0,0.15384615384615385
stage1a_single_agent_miniscule,1,1,5295,58,1,50,50,1,0,141.07998657226562,4.0,4.0,4.0,0.1111111111111111,0.0,0,0,0,4,1,1,0,1.0
stage1a_single_agent_miniscule,1,1,5381,59,1,50,50,1,0,124.83560180664062,4.0,4.0,4.0,0.3333333333333333,0.0,0,0,0,86,83,83,0,0.046511627906976744
stage1a_single_agent_miniscule,1,1,5449,60,1,50,50,1,0,133.75534057617188,4.0,4.0,4.0,0.3333333333333333,0.0,0,0,0,68,21,21,0,0.058823529411764705
stage1a_single_agent_miniscule,1,1,5569,61,1,50,50,1,0,-27.245006561279297,0.0,0.0,0.0,0.4444444444444444,0.0,0,0,4,120,-1,-1,-1,0.0
stage1a_single_agent_miniscule,1,1,5689,62,1,50,50,1,0,56.562889099121094,2.0,2.0,2.0,0.3333333333333333,0.0,0,0,2,120,86,86,0,0.016666666666666666
stage1a_single_agent_miniscule,1,1,5809,63,1,50,50,1,0,-23.07708740234375,0.0,0.0,0.0,0.2222222222222222,0.0,0,0,4,120,-1,-1,-1,0.0
stage1a_single_agent_miniscule,1,1,5867,64,1,50,50,1,0,137.1293487548828,4.0,4.0,4.0,0.3333333333333333,0.0,0,0,0,58,55,55,0,0.06896551724137931
stage1a_single_agent_miniscule,1,1,5987,65,1,50,50,1,0,-17.06746482849121,0.0,0.0,0.0,0.3333333333333333,0.0,0,0,4,120,-1,-1,-1,0.0
stage1a_single_agent_miniscule,1,1,6038,66,1,50,50,1,0,138.74574279785156,4.0,4.0,4.0,0.3333333333333333,0.0,0,0,0,51,48,48,0,0.0784313725490196
stage1a_single_agent_miniscule,1,1,6158,67,1,50,50,1,0,20.645254135131836,1.0,1.0,1.0,0.3333333333333333,0.0,0,0,3,120,87,87,0,0.008333333333333333
stage1a_single_agent_miniscule,1,1,6278,68,1,50,50,1,0,22.295196533203125,1.0,1.0,1.0,0.3333333333333333,0.0,0,0,3,120,120,120,0,0.008333333333333333
stage1a_single_agent_miniscule,1,1,6294,69,1,50,50,1,0,140.74835205078125,4.0,4.0,4.0,0.3333333333333333,0.0,0,0,0,16,13,13,0,0.25
stage1a_single_agent_miniscule,1,1,6347,70,1,50,50,1,0,134.06488037109375,4.0,4.0,4.0,0.2222222222222222,0.0,0,0,0,53,50,50,0,0.07547169811320754
stage1a_single_agent_miniscule,1,1,6413,71,1,50,50,1,0,138.6361846923828,4.0,4.0,4.0,0.3333333333333333,0.0,0,0,0,66,63,63,0,0.06060606060606061
stage1a_single_agent_miniscule,1,1,6533,72,1,50,50,1,0,-18.4152774810791,0.0,0.0,0.0,0.3333333333333333,0.0,0,0,4,120,-1,-1,-1,0.0
stage1a_single_agent_miniscule,1,1,6621,73,1,50,50,1,0,132.03822326660156,4.0,4.0,4.0,0.4444444444444444,0.0,0,0,0,88,85,85,0,0.045454545454545456
stage1a_single_agent_miniscule,1,1,6741,74,1,50,50,1,0,-11.090156555175781,0.0,0.0,0.0,0.3333333333333333,0.0,0,0,4,120,-1,-1,-1,0.0
stage1a_single_agent_miniscule,1,1,6844,75,1,50,50,1,0,133.43734741210938,4.0,4.0,4.0,0.4444444444444444,0.0,0,0,0,103,100,100,0,0.038834951456310676
stage1a_single_agent_miniscule,1,1,6848,76,1,50,50,1,0,140.92857360839844,4.0,4.0,4.0,0.1111111111111111,0.0,0,0,0,4,1,1,0,1.0
stage1a_single_agent_miniscule,1,1,6882,77,1,50,50,1,0,137.39337158203125,4.0,4.0,4.0,0.3333333333333333,0.0,0,0,0,34,31,31,0,0.11764705882352941
stage1a_single_agent_miniscule,1,1,6886,78,1,50,50,1,0,142.42919921875,4.0,4.0,4.0,0.1111111111111111,0.0,0,0,0,4,1,1,0,1.0
stage1a_single_agent_miniscule,1,1,7006,79,1,50,50,1,0,-16.85428810119629,0.0,0.0,0.0,0.3333333333333333,0.0,0,0,4,120,-1,-1,-1,0.0
stage1a_single_agent_miniscule,1,1,7126,80,1,50,50,1,0,-18.34193992614746,0.0,0.0,0.0,0.4444444444444444,0.0,0,0,4,120,-1,-1,-1,0.0
stage1a_single_agent_miniscule,1,1,7204,81,1,50,50,1,0,133.76165771484375,4.0,4.0,4.0,0.4444444444444444,0.0,0,0,0,78,75,75,0,0.05128205128205128
stage1a_single_agent_miniscule,1,1,7324,82,1,50,50,1,0,-20.014833450317383,0.0,0.0,0.0,0.4444444444444444,0.0,0,0,4,120,-1,-1,-1,0.0
stage1a_single_agent_miniscule,1,1,7444,83,1,50,50,1,0,-15.263957023620605,0.0,0.0,0.0,0.3333333333333333,0.0,0,0,4,120,-1,-1,-1,0.0
stage1a_single_agent_miniscule,1,1,7564,84,1,50,50,1,0,-21.347200393676758,0.0,0.0,0.0,0.3333333333333333,0.0,0,0,4,120,-1,-1,-1,0.0
stage1a_single_agent_miniscule,1,1,7684,85,1,50,50,1,0,-13.798554420471191,0.0,0.0,0.0,0.3333333333333333,0.0,0,0,4,120,-1,-1,-1,0.0
stage1a_single_agent_miniscule,1,1,7804,86,1,50,50,1,0,-10.57971477508545,0.0,0.0,0.0,0.2222222222222222,0.0,0,0,4,120,-1,-1,-1,0.0
stage1a_single_agent_miniscule,1,1,7885,87,1,50,50,1,0,135.29519653320312,4.0,4.0,4.0,0.2222222222222222,0.0,0,0,0,81,78,78,0,0.04938271604938271
stage1a_single_agent_miniscule,1,1,8005,88,1,50,50,1,0,-6.186285972595215,0.0,0.0,0.0,0.2222222222222222,0.0,0,0,4,120,-1,-1,-1,0.0
stage1a_single_agent_miniscule,1,1,8125,89,1,50,50,1,0,-9.145968437194824,0.0,0.0,0.0,0.2222222222222222,0.0,0,0,4,120,-1,-1,-1,0.0
stage1a_single_agent_miniscule,1,1,8245,90,1,50,50,1,0,-9.10001277923584,0.0,0.0,0.0,0.1111111111111111,0.0,0,0,4,120,-1,-1,-1,0.0
stage1a_single_agent_miniscule,1,1,8365,91,1,50,50,1,0,-5.959228992462158,0.0,0.0,0.0,0.1111111111111111,0.0,0,0,4,120,-1,-1,-1,0.0
stage1a_single_agent_miniscule,1,1,8485,92,1,50,50,1,0,-5.8888678550720215,0.0,0.0,0.0,0.1111111111111111,0.0,0,0,4,120,-1,-1,-1,0.0
stage1a_single_agent_miniscule,1,1,8489,93,1,50,50,1,0,143.94000244140625,4.0,4.0,4.0,0.1111111111111111,0.0,0,0,0,4,1,1,0,1.0
stage1a_single_agent_miniscule,1,1,8609,94,1,50,50,1,0,-7.450005531311035,0.0,0.0,0.0,0.1111111111111111,0.0,0,0,4,120,-1,-1,-1,0.0
stage1a_single_agent_miniscule,1,1,8729,95,1,50,50,1,0,-5.920010089874268,0.0,0.0,0.0,0.1111111111111111,0.0,0,0,4,120,-1,-1,-1,0.0
stage1a_single_agent_miniscule,1,1,8849,96,1,50,50,1,0,-2.8199989795684814,0.0,0.0,0.0,0.1111111111111111,0.0,0,0,4,120,-1,-1,-1,0.0
stage1a_single_agent_miniscule,1,1,8969,97,1,50,50,1,0,-2.749462604522705,0.0,0.0,0.0,0.1111111111111111,0.0,0,0,4,120,-1,-1,-1,0.0
stage1a_single_agent_miniscule,1,1,9089,98,1,50,50,1,0,-2.7999987602233887,0.0,0.0,0.0,0.1111111111111111,0.0,0,0,4,120,-1,-1,-1,0.0
stage1a_single_agent_miniscule,1,1,9209,99,1,50,50,1,0,-2.7599987983703613,0.0,0.0,0.0,0.1111111111111111,0.0,0,0,4,120,-1,-1,-1,0.0
stage1a_single_agent_miniscule,1,1,9329,100,1,50,50,1,0,-2.709484815597534,0.0,0.0,0.0,0.1111111111111111,0.0,0,0,4,120,-1,-1,-1,0.0
stage1a_single_agent_miniscule,1,1,9449,101,1,50,50,1,0,-1.2299991846084595,0.0,0.0,0.0,0.1111111111111111,0.0,0,0,4,120,-1,-1,-1,0.0
stage1a_single_agent_miniscule,1,1,9569,102,1,50,50,1,0,-1.2496134042739868,0.0,0.0,0.0,0.1111111111111111,0.0,0,0,4,120,-1,-1,-1,0.0
stage1a_single_agent_miniscule,1,1,9689,103,1,50,50,1,0,-1.199999213218689,0.0,0.0,0.0,0.1111111111111111,0.0,0,0,4,120,-1,-1,-1,0.0
stage1a_single_agent_miniscule,1,1,9809,104,1,50,50,1,0,-2.719308614730835,0.0,0.0,0.0,0.1111111111111111,0.0,0,0,4,120,-1,-1,-1,0.0
stage1a_single_agent_miniscule,1,1,9929,105,1,50,50,1,0,-1.2199991941452026,0.0,0.0,0.0,0.1111111111111111,0.0,0,0,4,120,-1,-1,-1,0.0
stage1a_single_agent_miniscule,1,1,9933,106,1,50,50,1,0,143.9499969482422,4.0,4.0,4.0,0.1111111111111111,0.0,0,0,0,4,1,1,0,1.0
stage1a_single_agent_miniscule,1,1,10053,107,1,50,50,1,0,-2.7699990272521973,0.0,0.0,0.0,0.1111111111111111,0.0,0,0,4,120,-1,-1,-1,0.0
stage1a_single_agent_miniscule,1,1,10173,108,1,50,50,1,0,-2.7699992656707764,0.0,0.0,0.0,0.1111111111111111,0.0,0,0,4,120,-1,-1,-1,0.0
stage1a_single_agent_miniscule,1,1,10293,109,1,50,50,1,0,-1.209504246711731,0.0,0.0,0.0,0.1111111111111111,0.0,0,0,4,120,-1,-1,-1,0.0
stage1a_single_agent_miniscule,1,1,10413,110,1,50,50,1,0,-2.7399988174438477,0.0,0.0,0.0,0.1111111111111111,0.0,0,0,4,120,-1,-1,-1,0.0
stage1a_single_agent_miniscule,1,1,10533,111,1,50,50,1,0,-1.2099992036819458,0.0,0.0,0.0,0.1111111111111111,0.0,0,0,4,120,-1,-1,-1,0.0
stage1a_single_agent_miniscule,1,1,10653,112,1,50,50,1,0,-1.2199991941452026,0.0,0.0,0.0,0.1111111111111111,0.0,0,0,4,120,-1,-1,-1,0.0
stage1a_single_agent_miniscule,1,1,10773,113,1,50,50,1,0,-1.199999213218689,0.0,0.0,0.0,0.1111111111111111,0.0,0,0,4,120,-1,-1,-1,0.0
stage1a_single_agent_miniscule,1,1,10893,114,1,50,50,1,0,-1.2099992036819458,0.0,0.0,0.0,0.1111111111111111,0.0,0,0,4,120,-1,-1,-1,0.0
stage1a_single_agent_miniscule,1,1,11013,115,1,50,50,1,0,-1.199999213218689,0.0,0.0,0.0,0.1111111111111111,0.0,0,0,4,120,-1,-1,-1,0.0
stage1a_single_agent_miniscule,1,1,11133,116,1,50,50,1,0,-1.199999213218689,0.0,0.0,0.0,0.1111111111111111,0.0,0,0,4,120,-1,-1,-1,0.0
stage1a_single_agent_miniscule,1,1,11253,117,1,50,50,1,0,-1.199999213218689,0.0,0.0,0.0,0.1111111111111111,0.0,0,0,4,120,-1,-1,-1,0.0
stage1a_single_agent_miniscule,1,1,11373,118,1,50,50,1,0,-1.199999213218689,0.0,0.0,0.0,0.1111111111111111,0.0,0,0,4,120,-1,-1,-1,0.0
stage1a_single_agent_miniscule,1,1,11493,119,1,50,50,1,0,-1.2095309495925903,0.0,0.0,0.0,0.1111111111111111,0.0,0,0,4,120,-1,-1,-1,0.0
stage1a_single_agent_miniscule,1,1,11613,120,1,50,50,1,0,-1.2199991941452026,0.0,0.0,0.0,0.1111111111111111,0.0,0,0,4,120,-1,-1,-1,0.0
stage1a_single_agent_miniscule,1,1,11733,121,1,50,50,1,0,-1.2099992036819458,0.0,0.0,0.0,0.1111111111111111,0.0,0,0,4,120,-1,-1,-1,0.0
stage1a_single_agent_miniscule,1,1,11853,122,1,50,50,1,0,-1.199999213218689,0.0,0.0,0.0,0.1111111111111111,0.0,0,0,4,120,-1,-1,-1,0.0
stage1a_single_agent_miniscule,1,1,11973,123,1,50,50,1,0,-1.199999213218689,0.0,0.0,0.0,0.1111111111111111,0.0,0,0,4,120,-1,-1,-1,0.0
stage1a_single_agent_miniscule,1,1,12093,124,1,50,50,1,0,-1.199999213218689,0.0,0.0,0.0,0.1111111111111111,0.0,0,0,4,120,-1,-1,-1,0.0
stage1a_single_agent_miniscule,1,1,12213,125,1,50,50,1,0,-2.7393362522125244,0.0,0.0,0.0,0.1111111111111111,0.0,0,0,4,120,-1,-1,-1,0.0
stage1a_single_agent_miniscule,1,1,12333,126,1,50,50,1,0,-1.199999213218689,0.0,0.0,0.0,0.1111111111111111,0.0,0,0,4,120,-1,-1,-1,0.0
stage1a_single_agent_miniscule,1,1,12453,127,1,50,50,1,0,-1.0599993467330933,0.0,0.0,0.0,0.1111111111111111,0.0,0,0,4,120,-1,-1,-1,0.0
stage1a_single_agent_miniscule,1,1,12573,128,1,50,50,1,0,-1.199999213218689,0.0,0.0,0.0,0.1111111111111111,0.0,0,0,4,120,-1,-1,-1,0.0
stage1a_single_agent_miniscule,1,1,12693,129,1,50,50,1,0,-1.2095109224319458,0.0,0.0,0.0,0.1111111111111111,0.0,0,0,4,120,-1,-1,-1,0.0
stage1a_single_agent_miniscule,1,1,12813,130,1,50,50,1,0,-1.2196168899536133,0.0,0.0,0.0,0.1111111111111111,0.0,0,0,4,120,-1,-1,-1,0.0
stage1a_single_agent_miniscule,1,1,12933,131,1,50,50,1,0,-2.709310293197632,0.0,0.0,0.0,0.1111111111111111,0.0,0,0,4,120,-1,-1,-1,0.0
stage1a_single_agent_miniscule,1,1,13053,132,1,50,50,1,0,-1.219999074935913,0.0,0.0,0.0,0.1111111111111111,0.0,0,0,4,120,-1,-1,-1,0.0
stage1a_single_agent_miniscule,1,1,13173,133,1,50,50,1,0,-1.2199991941452026,0.0,0.0,0.0,0.1111111111111111,0.0,0,0,4,120,-1,-1,-1,0.0
stage1a_single_agent_miniscule,1,1,13293,134,1,50,50,1,0,-1.199999213218689,0.0,0.0,0.0,0.1111111111111111,0.0,0,0,4,120,-1,-1,-1,0.0
stage1a_single_agent_miniscule,1,1,13413,135,1,50,50,1,0,-1.2099992036819458,0.0,0.0,0.0,0.1111111111111111,0.0,0,0,4,120,-1,-1,-1,0.0
stage1a_single_agent_miniscule,1,1,13533,136,1,50,50,1,0,-2.709998846054077,0.0,0.0,0.0,0.1111111111111111,0.0,0,0,4,120,-1,-1,-1,0.0
stage1a_single_agent_miniscule,1,1,13653,137,1,50,50,1,0,-1.199999213218689,0.0,0.0,0.0,0.1111111111111111,0.0,0,0,4,120,-1,-1,-1,0.0
stage1a_single_agent_miniscule,1,1,13773,138,1,50,50,1,0,-1.199999213218689,0.0,0.0,0.0,0.1111111111111111,0.0,0,0,4,120,-1,-1,-1,0.0
stage1a_single_agent_miniscule,1,1,13893,139,1,50,50,1,0,-1.199999213218689,0.0,0.0,0.0,0.1111111111111111,0.0,0,0,4,120,-1,-1,-1,0.0
stage1a_single_agent_miniscule,1,1,14013,140,1,50,50,1,0,-1.199999213218689,0.0,0.0,0.0,0.1111111111111111,0.0,0,0,4,120,-1,-1,-1,0.0
stage1a_single_agent_miniscule,1,1,14133,141,1,50,50,1,0,-1.2099992036819458,0.0,0.0,0.0,0.1111111111111111,0.0,0,0,4,120,-1,-1,-1,0.0
stage1a_single_agent_miniscule,1,1,14253,142,1,50,50,1,0,-1.2099992036819458,0.0,0.0,0.0,0.1111111111111111,0.0,0,0,4,120,-1,-1,-1,0.0
stage1a_single_agent_miniscule,1,1,14373,143,1,50,50,1,0,-1.199999213218689,0.0,0.0,0.0,0.1111111111111111,0.0,0,0,4,120,-1,-1,-1,0.0
stage1a_single_agent_miniscule,1,1,14493,144,1,50,50,1,0,-1.199999213218689,0.0,0.0,0.0,0.1111111111111111,0.0,0,0,4,120,-1,-1,-1,0.0
stage1a_single_agent_miniscule,1,1,14613,145,1,50,50,1,0,-1.199999213218689,0.0,0.0,0.0,0.1111111111111111,0.0,0,0,4,120,-1,-1,-1,0.0
stage1a_single_agent_miniscule,1,1,14733,146,1,50,50,1,0,-1.2194879055023193,0.0,0.0,0.0,0.1111111111111111,0.0,0,0,4,120,-1,-1,-1,0.0
stage1a_single_agent_miniscule,1,1,14853,147,1,50,50,1,0,-1.199999213218689,0.0,0.0,0.0,0.1111111111111111,0.0,0,0,4,120,-1,-1,-1,0.0
stage1a_single_agent_miniscule,1,1,14973,148,1,50,50,1,0,-2.719998836517334,0.0,0.0,0.0,0.1111111111111111,0.0,0,0,4,120,-1,-1,-1,0.0
stage1a_single_agent_miniscule,1,1,15093,149,1,50,50,1,0,-2.719998836517334,0.0,0.0,0.0,0.1111111111111111,0.0,0,0,4,120,-1,-1,-1,0.0
stage1a_single_agent_miniscule,1,1,15213,150,1,50,50,1,0,-1.199999213218689,0.0,0.0,0.0,0.1111111111111111,0.0,0,0,4,120,-1,-1,-1,0.0
stage1a_single_agent_miniscule,1,1,15333,151,1,50,50,1,0,-1.199999213218689,0.0,0.0,0.0,0.1111111111111111,0.0,0,0,4,120,-1,-1,-1,0.0
stage1a_single_agent_miniscule,1,1,15453,152,1,50,50,1,0,-1.2099992036819458,0.0,0.0,0.0,0.1111111111111111,0.0,0,0,4,120,-1,-1,-1,0.0
stage1a_single_agent_miniscule,1,1,15573,153,1,50,50,1,0,-1.199999213218689,0.0,0.0,0.0,0.1111111111111111,0.0,0,0,4,120,-1,-1,-1,0.0
stage1a_single_agent_miniscule,1,1,15693,154,1,50,50,1,0,-2.709998846054077,0.0,0.0,0.0,0.1111111111111111,0.0,0,0,4,120,-1,-1,-1,0.0
stage1a_single_agent_miniscule,1,1,15813,155,1,50,50,1,0,-1.2095783948898315,0.0,0.0,0.0,0.1111111111111111,0.0,0,0,4,120,-1,-1,-1,0.0
stage1a_single_agent_miniscule,1,1,15933,156,1,50,50,1,0,-1.2099992036819458,0.0,0.0,0.0,0.1111111111111111,0.0,0,0,4,120,-1,-1,-1,0.0
stage1a_single_agent_miniscule,1,1,16053,157,1,50,50,1,0,-2.7093396186828613,0.0,0.0,0.0,0.1111111111111111,0.0,0,0,4,120,-1,-1,-1,0.0
stage1a_single_agent_miniscule,1,1,16173,158,1,50,50,1,0,-2.7098677158355713,0.0,0.0,0.0,0.1111111111111111,0.0,0,0,4,120,-1,-1,-1,0.0
stage1a_single_agent_miniscule,1,1,16293,159,1,50,50,1,0,-1.199999213218689,0.0,0.0,0.0,0.1111111111111111,0.0,0,0,4,120,-1,-1,-1,0.0
stage1a_single_agent_miniscule,1,1,16413,160,1,50,50,1,0,-1.199999213218689,0.0,0.0,0.0,0.1111111111111111,0.0,0,0,4,120,-1,-1,-1,0.0
stage1a_single_agent_miniscule,1,1,16533,161,1,50,50,1,0,-1.199999213218689,0.0,0.0,0.0,0.1111111111111111,0.0,0,0,4,120,-1,-1,-1,0.0
stage1a_single_agent_miniscule,1,1,16653,162,1,50,50,1,0,-1.2199991941452026,0.0,0.0,0.0,0.1111111111111111,0.0,0,0,4,120,-1,-1,-1,0.0
stage1a_single_agent_miniscule,1,1,16773,163,1,50,50,1,0,-1.199999213218689,0.0,0.0,0.0,0.1111111111111111,0.0,0,0,4,120,-1,-1,-1,0.0
stage1a_single_agent_miniscule,1,1,16893,164,1,50,50,1,0,-1.199999213218689,0.0,0.0,0.0,0.1111111111111111,0.0,0,0,4,120,-1,-1,-1,0.0
stage1a_single_agent_miniscule,1,1,17013,165,1,50,50,1,0,-1.199999213218689,0.0,0.0,0.0,0.1111111111111111,0.0,0,0,4,120,-1,-1,-1,0.0
stage1a_single_agent_miniscule,1,1,17133,166,1,50,50,1,0,-2.709998846054077,0.0,0.0,0.0,0.1111111111111111,0.0,0,0,4,120,-1,-1,-1,0.0
stage1a_single_agent_miniscule,1,1,17253,167,1,50,50,1,0,-1.199999213218689,0.0,0.0,0.0,0.1111111111111111,0.0,0,0,4,120,-1,-1,-1,0.0
stage1a_single_agent_miniscule,1,1,17373,168,1,50,50,1,0,-1.199999213218689,0.0,0.0,0.0,0.1111111111111111,0.0,0,0,4,120,-1,-1,-1,0.0
stage1a_single_agent_miniscule,1,1,17493,169,1,50,50,1,0,-1.199999213218689,0.0,0.0,0.0,0.1111111111111111,0.0,0,0,4,120,-1,-1,-1,0.0
stage1a_single_agent_miniscule,1,1,17613,170,1,50,50,1,0,-1.2099992036819458,0.0,0.0,0.0,0.1111111111111111,0.0,0,0,4,120,-1,-1,-1,0.0
stage1a_single_agent_miniscule,1,1,17733,171,1,50,50,1,0,-2.709298849105835,0.0,0.0,0.0,0.1111111111111111,0.0,0,0,4,120,-1,-1,-1,0.0
stage1a_single_agent_miniscule,1,1,17853,172,1,50,50,1,0,-1.199999213218689,0.0,0.0,0.0,0.1111111111111111,0.0,0,0,4,120,-1,-1,-1,0.0
stage1a_single_agent_miniscule,1,1,17857,173,1,50,50,1,0,143.95999145507812,4.0,4.0,4.0,0.1111111111111111,0.0,0,0,0,4,1,1,0,1.0
stage1a_single_agent_miniscule,1,1,17977,174,1,50,50,1,0,-1.2199991941452026,0.0,0.0,0.0,0.1111111111111111,0.0,0,0,4,120,-1,-1,-1,0.0
stage1a_single_agent_miniscule,1,1,18097,175,1,50,50,1,0,-1.199999213218689,0.0,0.0,0.0,0.1111111111111111,0.0,0,0,4,120,-1,-1,-1,0.0
stage1a_single_agent_miniscule,1,1,18217,176,1,50,50,1,0,-1.199999213218689,0.0,0.0,0.0,0.1111111111111111,0.0,0,0,4,120,-1,-1,-1,0.0
stage1a_single_agent_miniscule,1,1,18337,177,1,50,50,1,0,-1.199999213218689,0.0,0.0,0.0,0.1111111111111111,0.0,0,0,4,120,-1,-1,-1,0.0
stage1a_single_agent_miniscule,1,1,18457,178,1,50,50,1,0,-1.199999213218689,0.0,0.0,0.0,0.1111111111111111,0.0,0,0,4,120,-1,-1,-1,0.0
stage1a_single_agent_miniscule,1,1,18577,179,1,50,50,1,0,-1.199999213218689,0.0,0.0,0.0,0.1111111111111111,0.0,0,0,4,120,-1,-1,-1,0.0
stage1a_single_agent_miniscule,1,1,18697,180,1,50,50,1,0,-1.2099992036819458,0.0,0.0,0.0,0.1111111111111111,0.0,0,0,4,120,-1,-1,-1,0.0
stage1a_single_agent_miniscule,1,1,18817,181,1,50,50,1,0,-1.199999213218689,0.0,0.0,0.0,0.1111111111111111,0.0,0,0,4,120,-1,-1,-1,0.0
stage1a_single_agent_miniscule,1,1,18937,182,1,50,50,1,0,-1.199999213218689,0.0,0.0,0.0,0.1111111111111111,0.0,0,0,4,120,-1,-1,-1,0.0
stage1a_single_agent_miniscule,1,1,19057,183,1,50,50,1,0,-1.2099992036819458,0.0,0.0,0.0,0.1111111111111111,0.0,0,0,4,120,-1,-1,-1,0.0
stage1a_single_agent_miniscule,1,1,19177,184,1,50,50,1,0,-1.199999213218689,0.0,0.0,0.0,0.1111111111111111,0.0,0,0,4,120,-1,-1,-1,0.0
stage1a_single_agent_miniscule,1,1,19297,185,1,50,50,1,0,-1.199999213218689,0.0,0.0,0.0,0.1111111111111111,0.0,0,0,4,120,-1,-1,-1,0.0
stage1a_single_agent_miniscule,1,1,19417,186,1,50,50,1,0,-1.199999213218689,0.0,0.0,0.0,0.1111111111111111,0.0,0,0,4,120,-1,-1,-1,0.0
stage1a_single_agent_miniscule,1,1,19537,187,1,50,50,1,0,-1.199999213218689,0.0,0.0,0.0,0.1111111111111111,0.0,0,0,4,120,-1,-1,-1,0.0
stage1a_single_agent_miniscule,1,1,19657,188,1,50,50,1,0,-1.199999213218689,0.0,0.0,0.0,0.1111111111111111,0.0,0,0,4,120,-1,-1,-1,0.0
stage1a_single_agent_miniscule,1,1,19777,189,1,50,50,1,0,-1.199999213218689,0.0,0.0,0.0,0.1111111111111111,0.0,0,0,4,120,-1,-1,-1,0.0
stage1a_single_agent_miniscule,1,1,19897,190,1,50,50,1,0,-1.199999213218689,0.0,0.0,0.0,0.1111111111111111,0.0,0,0,4,120,-1,-1,-1,0.0
stage1a_single_agent_miniscule,1,1,20017,191,1,50,50,1,0,-1.2099992036819458,0.0,0.0,0.0,0.1111111111111111,0.0,0,0,4,120,-1,-1,-1,0.0
stage1a_single_agent_miniscule,1,1,20137,192,1,50,50,1,0,-1.199999213218689,0.0,0.0,0.0,0.1111111111111111,0.0,0,0,4,120,-1,-1,-1,0.0
stage1a_single_agent_miniscule,1,1,20257,193,1,50,50,1,0,-1.199999213218689,0.0,0.0,0.0,0.1111111111111111,0.0,0,0,4,120,-1,-1,-1,0.0
stage1a_single_agent_miniscule,1,1,20377,194,1,50,50,1,0,-1.199999213218689,0.0,0.0,0.0,0.1111111111111111,0.0,0,0,4,120,-1,-1,-1,0.0
stage1a_single_agent_miniscule,1,1,20497,195,1,50,50,1,0,-1.199999213218689,0.0,0.0,0.0,0.1111111111111111,0.0,0,0,4,120,-1,-1,-1,0.0
stage1a_single_agent_miniscule,1,1,20617,196,1,50,50,1,0,-2.709998846054077,0.0,0.0,0.0,0.1111111111111111,0.0,0,0,4,120,-1,-1,-1,0.0
stage1a_single_agent_miniscule,1,1,20737,197,1,50,50,1,0,-1.199999213218689,0.0,0.0,0.0,0.1111111111111111,0.0,0,0,4,120,-1,-1,-1,0.0
stage1a_single_agent_miniscule,1,1,20857,198,1,50,50,1,0,-1.199999213218689,0.0,0.0,0.0,0.1111111111111111,0.0,0,0,4,120,-1,-1,-1,0.0
stage1a_single_agent_miniscule,1,1,20977,199,1,50,50,1,0,-1.199999213218689,0.0,0.0,0.0,0.1111111111111111,0.0,0,0,4,120,-1,-1,-1,0.0
stage1a_single_agent_miniscule,1,1,21097,200,1,50,50,1,0,-1.199999213218689,0.0,0.0,0.0,0.1111111111111111,0.0,0,0,4,120,-1,-1,-1,0.0
stage1a_single_agent_miniscule,1,1,21217,201,1,50,50,1,0,-1.199999213218689,0.0,0.0,0.0,0.1111111111111111,0.0,0,0,4,120,-1,-1,-1,0.0
stage1a_single_agent_miniscule,1,1,21337,202,1,50,50,1,0,-1.199999213218689,0.0,0.0,0.0,0.1111111111111111,0.0,0,0,4,120,-1,-1,-1,0.0
stage1a_single_agent_miniscule,1,1,21457,203,1,50,50,1,0,-1.199999213218689,0.0,0.0,0.0,0.1111111111111111,0.0,0,0,4,120,-1,-1,-1,0.0
stage1a_single_agent_miniscule,1,1,21577,204,1,50,50,1,0,-1.199999213218689,0.0,0.0,0.0,0.1111111111111111,0.0,0,0,4,120,-1,-1,-1,0.0
stage1a_single_agent_miniscule,1,1,21697,205,1,50,50,1,0,-1.199999213218689,0.0,0.0,0.0,0.1111111111111111,0.0,0,0,4,120,-1,-1,-1,0.0
stage1a_single_agent_miniscule,1,1,21817,206,1,50,50,1,0,-1.199999213218689,0.0,0.0,0.0,0.1111111111111111,0.0,0,0,4,120,-1,-1,-1,0.0
stage1a_single_agent_miniscule,1,1,21937,207,1,50,50,1,0,-1.199999213218689,0.0,0.0,0.0,0.1111111111111111,0.0,0,0,4,120,-1,-1,-1,0.0
stage1a_single_agent_miniscule,1,1,21941,208,1,50,50,1,0,143.95999145507812,4.0,4.0,4.0,0.1111111111111111,0.0,0,0,0,4,1,1,0,1.0
stage1a_single_agent_miniscule,1,1,22061,209,1,50,50,1,0,-2.709998846054077,0.0,0.0,0.0,0.1111111111111111,0.0,0,0,4,120,-1,-1,-1,0.0
stage1a_single_agent_miniscule,1,1,22181,210,1,50,50,1,0,-1.199999213218689,0.0,0.0,0.0,0.1111111111111111,0.0,0,0,4,120,-1,-1,-1,0.0
stage1a_single_agent_miniscule,1,1,22301,211,1,50,50,1,0,-1.199999213218689,0.0,0.0,0.0,0.1111111111111111,0.0,0,0,4,120,-1,-1,-1,0.0
stage1a_single_agent_miniscule,1,1,22421,212,1,50,50,1,0,-1.199999213218689,0.0,0.0,0.0,0.1111111111111111,0.0,0,0,4,120,-1,-1,-1,0.0
stage1a_single_agent_miniscule,1,1,22541,213,1,50,50,1,0,-1.199999213218689,0.0,0.0,0.0,0.1111111111111111,0.0,0,0,4,120,-1,-1,-1,0.0
stage1a_single_agent_miniscule,1,1,22661,214,1,50,50,1,0,-1.199999213218689,0.0,0.0,0.0,0.1111111111111111,0.0,0,0,4,120,-1,-1,-1,0.0
stage1a_single_agent_miniscule,1,1,22781,215,1,50,50,1,0,-1.199999213218689,0.0,0.0,0.0,0.1111111111111111,0.0,0,0,4,120,-1,-1,-1,0.0
stage1a_single_agent_miniscule,1,1,22901,216,1,50,50,1,0,-1.199999213218689,0.0,0.0,0.0,0.1111111111111111,0.0,0,0,4,120,-1,-1,-1,0.0
stage1a_single_agent_miniscule,1,1,23021,217,1,50,50,1,0,-2.709998846054077,0.0,0.0,0.0,0.1111111111111111,0.0,0,0,4,120,-1,-1,-1,0.0
stage1a_single_agent_miniscule,1,1,23141,218,1,50,50,1,0,-1.199999213218689,0.0,0.0,0.0,0.1111111111111111,0.0,0,0,4,120,-1,-1,-1,0.0
stage1a_single_agent_miniscule,1,1,23261,219,1,50,50,1,0,-1.199999213218689,0.0,0.0,0.0,0.1111111111111111,0.0,0,0,4,120,-1,-1,-1,0.0
stage1a_single_agent_miniscule,1,1,23381,220,1,50,50,1,0,-1.199999213218689,0.0,0.0,0.0,0.1111111111111111,0.0,0,0,4,120,-1,-1,-1,0.0
stage1a_single_agent_miniscule,1,1,23501,221,1,50,50,1,0,-2.5699989795684814,0.0,0.0,0.0,0.1111111111111111,0.0,0,0,4,120,-1,-1,-1,0.0
stage1a_single_agent_miniscule,1,1,23621,222,1,50,50,1,0,-2.709998846054077,0.0,0.0,0.0,0.1111111111111111,0.0,0,0,4,120,-1,-1,-1,0.0
stage1a_single_agent_miniscule,1,1,23741,223,1,50,50,1,0,-1.199999213218689,0.0,0.0,0.0,0.1111111111111111,0.0,0,0,4,120,-1,-1,-1,0.0
stage1a_single_agent_miniscule,1,1,23861,224,1,50,50,1,0,-2.719998836517334,0.0,0.0,0.0,0.1111111111111111,0.0,0,0,4,120,-1,-1,-1,0.0
stage1a_single_agent_miniscule,1,1,23981,225,1,50,50,1,0,-1.199999213218689,0.0,0.0,0.0,0.1111111111111111,0.0,0,0,4,120,-1,-1,-1,0.0
stage1a_single_agent_miniscule,1,1,24101,226,1,50,50,1,0,-1.199999213218689,0.0,0.0,0.0,0.1111111111111111,0.0,0,0,4,120,-1,-1,-1,0.0
stage1a_single_agent_miniscule,1,1,24221,227,1,50,50,1,0,-1.199999213218689,0.0,0.0,0.0,0.1111111111111111,0.0,0,0,4,120,-1,-1,-1,0.0
stage1a_single_agent_miniscule,1,1,24341,228,1,50,50,1,0,-1.199999213218689,0.0,0.0,0.0,0.1111111111111111,0.0,0,0,4,120,-1,-1,-1,0.0
stage1a_single_agent_miniscule,1,1,24461,229,1,50,50,1,0,-1.199999213218689,0.0,0.0,0.0,0.1111111111111111,0.0,0,0,4,120,-1,-1,-1,0.0
stage1a_single_agent_miniscule,1,1,24581,230,1,50,50,1,0,-1.2099992036819458,0.0,0.0,0.0,0.1111111111111111,0.0,0,0,4,120,-1,-1,-1,0.0
stage1a_single_agent_miniscule,1,1,24701,231,1,50,50,1,0,-1.199999213218689,0.0,0.0,0.0,0.1111111111111111,0.0,0,0,4,120,-1,-1,-1,0.0
stage1a_single_agent_miniscule,1,1,24821,232,1,50,50,1,0,-1.199999213218689,0.0,0.0,0.0,0.1111111111111111,0.0,0,0,4,120,-1,-1,-1,0.0
stage1a_single_agent_miniscule,1,1,24941,233,1,50,50,1,0,-1.199999213218689,0.0,0.0,0.0,0.1111111111111111,0.0,0,0,4,120,-1,-1,-1,0.0
stage1a_single_agent_miniscule,1,1,25061,234,1,50,50,1,0,-1.199999213218689,0.0,0.0,0.0,0.1111111111111111,0.0,0,0,4,120,-1,-1,-1,0.0
stage1a_single_agent_miniscule,1,1,25181,235,1,50,50,1,0,-2.709998846054077,0.0,0.0,0.0,0.1111111111111111,0.0,0,0,4,120,-1,-1,-1,0.0
stage1a_single_agent_miniscule,1,1,25301,236,1,50,50,1,0,-1.199999213218689,0.0,0.0,0.0,0.1111111111111111,0.0,0,0,4,120,-1,-1,-1,0.0
stage1a_single_agent_miniscule,1,1,25421,237,1,50,50,1,0,-1.199999213218689,0.0,0.0,0.0,0.1111111111111111,0.0,0,0,4,120,-1,-1,-1,0.0
stage1a_single_agent_miniscule,1,1,25541,238,1,50,50,1,0,-1.199999213218689,0.0,0.0,0.0,0.1111111111111111,0.0,0,0,4,120,-1,-1,-1,0.0
stage1a_single_agent_miniscule,1,1,25661,239,1,50,50,1,0,-1.199999213218689,0.0,0.0,0.0,0.1111111111111111,0.0,0,0,4,120,-1,-1,-1,0.0
stage1a_single_agent_miniscule,1,1,25665,240,1,50,50,1,0,143.95999145507812,4.0,4.0,4.0,0.1111111111111111,0.0,0,0,0,4,1,1,0,1.0
stage1a_single_agent_miniscule,1,1,25785,241,1,50,50,1,0,-1.199999213218689,0.0,0.0,0.0,0.1111111111111111,0.0,0,0,4,120,-1,-1,-1,0.0
stage1a_single_agent_miniscule,1,1,25905,242,1,50,50,1,0,-1.199999213218689,0.0,0.0,0.0,0.1111111111111111,0.0,0,0,4,120,-1,-1,-1,0.0
stage1a_single_agent_miniscule,1,1,26025,243,1,50,50,1,0,-1.199999213218689,0.0,0.0,0.0,0.1111111111111111,0.0,0,0,4,120,-1,-1,-1,0.0
stage1a_single_agent_miniscule,1,1,26145,244,1,50,50,1,0,-2.709998846054077,0.0,0.0,0.0,0.1111111111111111,0.0,0,0,4,120,-1,-1,-1,0.0
stage1a_single_agent_miniscule,1,1,26265,245,1,50,50,1,0,-1.199999213218689,0.0,0.0,0.0,0.1111111111111111,0.0,0,0,4,120,-1,-1,-1,0.0
stage1a_single_agent_miniscule,1,1,26385,246,1,50,50,1,0,-1.2099992036819458,0.0,0.0,0.0,0.1111111111111111,0.0,0,0,4,120,-1,-1,-1,0.0
stage1a_single_agent_miniscule,1,1,26505,247,1,50,50,1,0,-1.199999213218689,0.0,0.0,0.0,0.1111111111111111,0.0,0,0,4,120,-1,-1,-1,0.0
stage1a_single_agent_miniscule,1,1,26625,248,1,50,50,1,0,-1.199999213218689,0.0,0.0,0.0,0.1111111111111111,0.0,0,0,4,120,-1,-1,-1,0.0
stage1a_single_agent_miniscule,1,1,26745,249,1,50,50,1,0,-1.199999213218689,0.0,0.0,0.0,0.1111111111111111,0.0,0,0,4,120,-1,-1,-1,0.0
stage1a_single_agent_miniscule,1,1,26865,250,1,50,50,1,0,-1.199999213218689,0.0,0.0,0.0,0.1111111111111111,0.0,0,0,4,120,-1,-1,-1,0.0
stage1a_single_agent_miniscule,1,1,26985,251,1,50,50,1,0,-1.199999213218689,0.0,0.0,0.0,0.1111111111111111,0.0,0,0,4,120,-1,-1,-1,0.0
stage1a_single_agent_miniscule,1,1,27105,252,1,50,50,1,0,-1.199999213218689,0.0,0.0,0.0,0.1111111111111111,0.0,0,0,4,120,-1,-1,-1,0.0
stage1a_single_agent_miniscule,1,1,27225,253,1,50,50,1,0,-1.199999213218689,0.0,0.0,0.0,0.1111111111111111,0.0,0,0,4,120,-1,-1,-1,0.0
stage1a_single_agent_miniscule,1,1,27345,254,1,50,50,1,0,-1.199999213218689,0.0,0.0,0.0,0.1111111111111111,0.0,0,0,4,120,-1,-1,-1,0.0
stage1a_single_agent_miniscule,1,1,27465,255,1,50,50,1,0,-1.199999213218689,0.0,0.0,0.0,0.1111111111111111,0.0,0,0,4,120,-1,-1,-1,0.0
stage1a_single_agent_miniscule,1,1,27585,256,1,50,50,1,0,-1.199999213218689,0.0,0.0,0.0,0.1111111111111111,0.0,0,0,4,120,-1,-1,-1,0.0
stage1a_single_agent_miniscule,1,1,27705,257,1,50,50,1,0,-1.199999213218689,0.0,0.0,0.0,0.1111111111111111,0.0,0,0,4,120,-1,-1,-1,0.0
stage1a_single_agent_miniscule,1,1,27825,258,1,50,50,1,0,-1.199999213218689,0.0,0.0,0.0,0.1111111111111111,0.0,0,0,4,120,-1,-1,-1,0.0
stage1a_single_agent_miniscule,1,1,27945,259,1,50,50,1,0,-1.199999213218689,0.0,0.0,0.0,0.1111111111111111,0.0,0,0,4,120,-1,-1,-1,0.0
stage1a_single_agent_miniscule,1,1,28065,260,1,50,50,1,0,-1.199999213218689,0.0,0.0,0.0,0.1111111111111111,0.0,0,0,4,120,-1,-1,-1,0.0
stage1a_single_agent_miniscule,1,1,28185,261,1,50,50,1,0,-1.199999213218689,0.0,0.0,0.0,0.1111111111111111,0.0,0,0,4,120,-1,-1,-1,0.0
stage1a_single_agent_miniscule,1,1,28305,262,1,50,50,1,0,-1.199999213218689,0.0,0.0,0.0,0.1111111111111111,0.0,0,0,4,120,-1,-1,-1,0.0
stage1a_single_agent_miniscule,1,1,28425,263,1,50,50,1,0,-1.199999213218689,0.0,0.0,0.0,0.1111111111111111,0.0,0,0,4,120,-1,-1,-1,0.0
stage1a_single_agent_miniscule,1,1,28545,264,1,50,50,1,0,-2.719998836517334,0.0,0.0,0.0,0.1111111111111111,0.0,0,0,4,120,-1,-1,-1,0.0
stage1a_single_agent_miniscule,1,1,28665,265,1,50,50,1,0,-1.199999213218689,0.0,0.0,0.0,0.1111111111111111,0.0,0,0,4,120,-1,-1,-1,0.0
stage1a_single_agent_miniscule,1,1,28669,266,1,50,50,1,0,143.95999145507812,4.0,4.0,4.0,0.1111111111111111,0.0,0,0,0,4,1,1,0,1.0
stage1a_single_agent_miniscule,1,1,28789,267,1,50,50,1,0,-1.199999213218689,0.0,0.0,0.0,0.1111111111111111,0.0,0,0,4,120,-1,-1,-1,0.0
stage1a_single_agent_miniscule,1,1,28909,268,1,50,50,1,0,-1.199999213218689,0.0,0.0,0.0,0.1111111111111111,0.0,0,0,4,120,-1,-1,-1,0.0
stage1a_single_agent_miniscule,1,1,29029,269,1,50,50,1,0,-1.199999213218689,0.0,0.0,0.0,0.1111111111111111,0.0,0,0,4,120,-1,-1,-1,0.0
stage1a_single_agent_miniscule,1,1,29149,270,1,50,50,1,0,-1.199999213218689,0.0,0.0,0.0,0.1111111111111111,0.0,0,0,4,120,-1,-1,-1,0.0
stage1a_single_agent_miniscule,1,1,29269,271,1,50,50,1,0,-1.199999213218689,0.0,0.0,0.0,0.1111111111111111,0.0,0,0,4,120,-1,-1,-1,0.0
stage1a_single_agent_miniscule,1,1,29389,272,1,50,50,1,0,-1.199999213218689,0.0,0.0,0.0,0.1111111111111111,0.0,0,0,4,120,-1,-1,-1,0.0
stage1a_single_agent_miniscule,1,1,29509,273,1,50,50,1,0,-1.199999213218689,0.0,0.0,0.0,0.1111111111111111,0.0,0,0,4,120,-1,-1,-1,0.0
stage1a_single_agent_miniscule,1,1,29629,274,1,50,50,1,0,-1.2099992036819458,0.0,0.0,0.0,0.1111111111111111,0.0,0,0,4,120,-1,-1,-1,0.0
stage1a_single_agent_miniscule,1,1,29749,275,1,50,50,1,0,-1.199999213218689,0.0,0.0,0.0,0.1111111111111111,0.0,0,0,4,120,-1,-1,-1,0.0
stage1a_single_agent_miniscule,1,1,29869,276,1,50,50,1,0,-1.199999213218689,0.0,0.0,0.0,0.1111111111111111,0.0,0,0,4,120,-1,-1,-1,0.0
stage1a_single_agent_miniscule,1,1,29989,277,1,50,50,1,0,-1.199999213218689,0.0,0.0,0.0,0.1111111111111111,0.0,0,0,4,120,-1,-1,-1,0.0
stage1a_single_agent_miniscule,1,2,30120,278,1,50,50,1,0,-1.199999213218689,0.0,0.0,0.0,0.1111111111111111,0.0,0,0,4,120,-1,-1,-1,0.0
stage1a_single_agent_miniscule,1,2,30240,279,1,50,50,1,0,-1.2099992036819458,0.0,0.0,0.0,0.1111111111111111,0.0,0,0,4,120,-1,-1,-1,0.0
stage1a_single_agent_miniscule,1,2,30244,280,1,50,50,1,0,143.95999145507812,4.0,4.0,4.0,0.1111111111111111,0.0,0,0,0,4,1,1,0,1.0
stage1a_single_agent_miniscule,1,2,30364,281,1,50,50,1,0,-1.199999213218689,0.0,0.0,0.0,0.1111111111111111,0.0,0,0,4,120,-1,-1,-1,0.0
stage1a_single_agent_miniscule,1,2,30484,282,1,50,50,1,0,-1.199999213218689,0.0,0.0,0.0,0.1111111111111111,0.0,0,0,4,120,-1,-1,-1,0.0
stage1a_single_agent_miniscule,1,2,30604,283,1,50,50,1,0,-1.199999213218689,0.0,0.0,0.0,0.1111111111111111,0.0,0,0,4,120,-1,-1,-1,0.0
stage1a_single_agent_miniscule,1,2,30724,284,1,50,50,1,0,-1.199999213218689,0.0,0.0,0.0,0.1111111111111111,0.0,0,0,4,120,-1,-1,-1,0.0
stage1a_single_agent_miniscule,1,2,30844,285,1,50,50,1,0,-1.199999213218689,0.0,0.0,0.0,0.1111111111111111,0.0,0,0,4,120,-1,-1,-1,0.0
stage1a_single_agent_miniscule,1,2,30964,286,1,50,50,1,0,-1.199999213218689,0.0,0.0,0.0,0.1111111111111111,0.0,0,0,4,120,-1,-1,-1,0.0
stage1a_single_agent_miniscule,1,2,31084,287,1,50,50,1,0,-1.199999213218689,0.0,0.0,0.0,0.1111111111111111,0.0,0,0,4,120,-1,-1,-1,0.0
stage1a_single_agent_miniscule,1,2,31204,288,1,50,50,1,0,-1.199999213218689,0.0,0.0,0.0,0.1111111111111111,0.0,0,0,4,120,-1,-1,-1,0.0
stage1a_single_agent_miniscule,1,2,31324,289,1,50,50,1,0,-1.199999213218689,0.0,0.0,0.0,0.1111111111111111,0.0,0,0,4,120,-1,-1,-1,0.0
stage1a_single_agent_miniscule,1,2,31444,290,1,50,50,1,0,-1.199999213218689,0.0,0.0,0.0,0.1111111111111111,0.0,0,0,4,120,-1,-1,-1,0.0
stage1a_single_agent_miniscule,1,2,31564,291,1,50,50,1,0,-1.199999213218689,0.0,0.0,0.0,0.1111111111111111,0.0,0,0,4,120,-1,-1,-1,0.0
stage1a_single_agent_miniscule,1,2,31684,292,1,50,50,1,0,-1.199999213218689,0.0,0.0,0.0,0.1111111111111111,0.0,0,0,4,120,-1,-1,-1,0.0
stage1a_single_agent_miniscule,1,2,31804,293,1,50,50,1,0,-1.199999213218689,0.0,0.0,0.0,0.1111111111111111,0.0,0,0,4,120,-1,-1,-1,0.0
stage1a_single_agent_miniscule,1,2,31924,294,1,50,50,1,0,-1.2099992036819458,0.0,0.0,0.0,0.1111111111111111,0.0,0,0,4,120,-1,-1,-1,0.0
stage1a_single_agent_miniscule,1,2,32044,295,1,50,50,1,0,-1.199999213218689,0.0,0.0,0.0,0.1111111111111111,0.0,0,0,4,120,-1,-1,-1,0.0
stage1a_single_agent_miniscule,1,2,32164,296,1,50,50,1,0,-1.199999213218689,0.0,0.0,0.0,0.1111111111111111,0.0,0,0,4,120,-1,-1,-1,0.0
stage1a_single_agent_miniscule,1,2,32284,297,1,50,50,1,0,-1.199999213218689,0.0,0.0,0.0,0.1111111111111111,0.0,0,0,4,120,-1,-1,-1,0.0
stage1a_single_agent_miniscule,1,2,32404,298,1,50,50,1,0,-1.199999213218689,0.0,0.0,0.0,0.1111111111111111,0.0,0,0,4,120,-1,-1,-1,0.0
stage1a_single_agent_miniscule,1,2,32524,299,1,50,50,1,0,-1.199999213218689,0.0,0.0,0.0,0.1111111111111111,0.0,0,0,4,120,-1,-1,-1,0.0
stage1a_single_agent_miniscule,1,2,32644,300,1,50,50,1,0,-1.199999213218689,0.0,0.0,0.0,0.1111111111111111,0.0,0,0,4,120,-1,-1,-1,0.0
stage1a_single_agent_miniscule,1,2,32764,301,1,50,50,1,0,-1.199999213218689,0.0,0.0,0.0,0.1111111111111111,0.0,0,0,4,120,-1,-1,-1,0.0
stage1a_single_agent_miniscule,1,2,32884,302,1,50,50,1,0,-1.199999213218689,0.0,0.0,0.0,0.1111111111111111,0.0,0,0,4,120,-1,-1,-1,0.0
stage1a_single_agent_miniscule,1,2,33004,303,1,50,50,1,0,-1.199999213218689,0.0,0.0,0.0,0.1111111111111111,0.0,0,0,4,120,-1,-1,-1,0.0
stage1a_single_agent_miniscule,1,2,33124,304,1,50,50,1,0,-1.2099992036819458,0.0,0.0,0.0,0.1111111111111111,0.0,0,0,4,120,-1,-1,-1,0.0
stage1a_single_agent_miniscule,1,2,33244,305,1,50,50,1,0,-1.199999213218689,0.0,0.0,0.0,0.1111111111111111,0.0,0,0,4,120,-1,-1,-1,0.0
stage1a_single_agent_miniscule,1,2,33364,306,1,50,50,1,0,-1.199999213218689,0.0,0.0,0.0,0.1111111111111111,0.0,0,0,4,120,-1,-1,-1,0.0
stage1a_single_agent_miniscule,1,2,33484,307,1,50,50,1,0,-1.199999213218689,0.0,0.0,0.0,0.1111111111111111,0.0,0,0,4,120,-1,-1,-1,0.0
stage1a_single_agent_miniscule,1,2,33604,308,1,50,50,1,0,-1.199999213218689,0.0,0.0,0.0,0.1111111111111111,0.0,0,0,4,120,-1,-1,-1,0.0
stage1a_single_agent_miniscule,1,2,33724,309,1,50,50,1,0,-1.199999213218689,0.0,0.0,0.0,0.1111111111111111,0.0,0,0,4,120,-1,-1,-1,0.0
stage1a_single_agent_miniscule,1,2,33844,310,1,50,50,1,0,-1.2099992036819458,0.0,0.0,0.0,0.1111111111111111,0.0,0,0,4,120,-1,-1,-1,0.0
stage1a_single_agent_miniscule,1,2,33964,311,1,50,50,1,0,-1.199999213218689,0.0,0.0,0.0,0.1111111111111111,0.0,0,0,4,120,-1,-1,-1,0.0
stage1a_single_agent_miniscule,1,2,34084,312,1,50,50,1,0,-1.199999213218689,0.0,0.0,0.0,0.1111111111111111,0.0,0,0,4,120,-1,-1,-1,0.0
stage1a_single_agent_miniscule,1,2,34204,313,1,50,50,1,0,-2.719283103942871,0.0,0.0,0.0,0.1111111111111111,0.0,0,0,4,120,-1,-1,-1,0.0
stage1a_single_agent_miniscule,1,2,34324,314,1,50,50,1,0,-1.199999213218689,0.0,0.0,0.0,0.1111111111111111,0.0,0,0,4,120,-1,-1,-1,0.0
stage1a_single_agent_miniscule,1,2,34444,315,1,50,50,1,0,-2.709998846054077,0.0,0.0,0.0,0.1111111111111111,0.0,0,0,4,120,-1,-1,-1,0.0
stage1a_single_agent_miniscule,1,2,34564,316,1,50,50,1,0,-1.199999213218689,0.0,0.0,0.0,0.1111111111111111,0.0,0,0,4,120,-1,-1,-1,0.0
stage1a_single_agent_miniscule,1,2,34684,317,1,50,50,1,0,-1.199999213218689,0.0,0.0,0.0,0.1111111111111111,0.0,0,0,4,120,-1,-1,-1,0.0
stage1a_single_agent_miniscule,1,2,34804,318,1,50,50,1,0,-1.199999213218689,0.0,0.0,0.0,0.1111111111111111,0.0,0,0,4,120,-1,-1,-1,0.0
stage1a_single_agent_miniscule,1,2,34924,319,1,50,50,1,0,-1.199999213218689,0.0,0.0,0.0,0.1111111111111111,0.0,0,0,4,120,-1,-1,-1,0.0
stage1a_single_agent_miniscule,1,2,35044,320,1,50,50,1,0,-1.199999213218689,0.0,0.0,0.0,0.1111111111111111,0.0,0,0,4,120,-1,-1,-1,0.0
stage1a_single_agent_miniscule,1,2,35164,321,1,50,50,1,0,-1.199999213218689,0.0,0.0,0.0,0.1111111111111111,0.0,0,0,4,120,-1,-1,-1,0.0
stage1a_single_agent_miniscule,1,2,35284,322,1,50,50,1,0,-1.199999213218689,0.0,0.0,0.0,0.1111111111111111,0.0,0,0,4,120,-1,-1,-1,0.0
stage1a_single_agent_miniscule,1,2,35404,323,1,50,50,1,0,-1.199999213218689,0.0,0.0,0.0,0.1111111111111111,0.0,0,0,4,120,-1,-1,-1,0.0
stage1a_single_agent_miniscule,1,2,35524,324,1,50,50,1,0,-1.199999213218689,0.0,0.0,0.0,0.1111111111111111,0.0,0,0,4,120,-1,-1,-1,0.0
stage1a_single_agent_miniscule,1,2,35644,325,1,50,50,1,0,-1.199999213218689,0.0,0.0,0.0,0.1111111111111111,0.0,0,0,4,120,-1,-1,-1,0.0
stage1a_single_agent_miniscule,1,2,35648,326,1,50,50,1,0,143.95999145507812,4.0,4.0,4.0,0.1111111111111111,0.0,0,0,0,4,1,1,0,1.0
stage1a_single_agent_miniscule,1,2,35768,327,1,50,50,1,0,-1.199999213218689,0.0,0.0,0.0,0.1111111111111111,0.0,0,0,4,120,-1,-1,-1,0.0
stage1a_single_agent_miniscule,1,2,35888,328,1,50,50,1,0,-1.2199991941452026,0.0,0.0,0.0,0.1111111111111111,0.0,0,0,4,120,-1,-1,-1,0.0
stage1a_single_agent_miniscule,1,2,36008,329,1,50,50,1,0,-1.199999213218689,0.0,0.0,0.0,0.1111111111111111,0.0,0,0,4,120,-1,-1,-1,0.0
stage1a_single_agent_miniscule,1,2,36128,330,1,50,50,1,0,-1.199999213218689,0.0,0.0,0.0,0.1111111111111111,0.0,0,0,4,120,-1,-1,-1,0.0
stage1a_single_agent_miniscule,1,2,36248,331,1,50,50,1,0,-1.199999213218689,0.0,0.0,0.0,0.1111111111111111,0.0,0,0,4,120,-1,-1,-1,0.0
stage1a_single_agent_miniscule,1,2,36368,332,1,50,50,1,0,-1.2099992036819458,0.0,0.0,0.0,0.1111111111111111,0.0,0,0,4,120,-1,-1,-1,0.0
stage1a_single_agent_miniscule,1,2,36488,333,1,50,50,1,0,-1.199999213218689,0.0,0.0,0.0,0.1111111111111111,0.0,0,0,4,120,-1,-1,-1,0.0
stage1a_single_agent_miniscule,1,2,36608,334,1,50,50,1,0,-1.199999213218689,0.0,0.0,0.0,0.1111111111111111,0.0,0,0,4,120,-1,-1,-1,0.0
stage1a_single_agent_miniscule,1,2,36728,335,1,50,50,1,0,-1.199999213218689,0.0,0.0,0.0,0.1111111111111111,0.0,0,0,4,120,-1,-1,-1,0.0
stage1a_single_agent_miniscule,1,2,36848,336,1,50,50,1,0,-1.199999213218689,0.0,0.0,0.0,0.1111111111111111,0.0,0,0,4,120,-1,-1,-1,0.0
stage1a_single_agent_miniscule,1,2,36968,337,1,50,50,1,0,-1.199999213218689,0.0,0.0,0.0,0.1111111111111111,0.0,0,0,4,120,-1,-1,-1,0.0
stage1a_single_agent_miniscule,1,2,37088,338,1,50,50,1,0,-1.2099992036819458,0.0,0.0,0.0,0.1111111111111111,0.0,0,0,4,120,-1,-1,-1,0.0
stage1a_single_agent_miniscule,1,2,37208,339,1,50,50,1,0,-1.2099992036819458,0.0,0.0,0.0,0.1111111111111111,0.0,0,0,4,120,-1,-1,-1,0.0
stage1a_single_agent_miniscule,1,2,37328,340,1,50,50,1,0,-1.2099992036819458,0.0,0.0,0.0,0.1111111111111111,0.0,0,0,4,120,-1,-1,-1,0.0
stage1a_single_agent_miniscule,1,2,37448,341,1,50,50,1,0,-1.2099992036819458,0.0,0.0,0.0,0.1111111111111111,0.0,0,0,4,120,-1,-1,-1,0.0
stage1a_single_agent_miniscule,1,2,37568,342,1,50,50,1,0,-1.199999213218689,0.0,0.0,0.0,0.1111111111111111,0.0,0,0,4,120,-1,-1,-1,0.0
stage1a_single_agent_miniscule,1,2,37688,343,1,50,50,1,0,-1.2099992036819458,0.0,0.0,0.0,0.1111111111111111,0.0,0,0,4,120,-1,-1,-1,0.0
stage1a_single_agent_miniscule,1,2,37808,344,1,50,50,1,0,-1.199999213218689,0.0,0.0,0.0,0.1111111111111111,0.0,0,0,4,120,-1,-1,-1,0.0
stage1a_single_agent_miniscule,1,2,37928,345,1,50,50,1,0,-1.199999213218689,0.0,0.0,0.0,0.1111111111111111,0.0,0,0,4,120,-1,-1,-1,0.0
stage1a_single_agent_miniscule,1,2,38048,346,1,50,50,1,0,-1.199999213218689,0.0,0.0,0.0,0.1111111111111111,0.0,0,0,4,120,-1,-1,-1,0.0
stage1a_single_agent_miniscule,1,2,38168,347,1,50,50,1,0,-1.2099992036819458,0.0,0.0,0.0,0.1111111111111111,0.0,0,0,4,120,-1,-1,-1,0.0
stage1a_single_agent_miniscule,1,2,38288,348,1,50,50,1,0,-1.199999213218689,0.0,0.0,0.0,0.1111111111111111,0.0,0,0,4,120,-1,-1,-1,0.0
stage1a_single_agent_miniscule,1,2,38408,349,1,50,50,1,0,-1.199999213218689,0.0,0.0,0.0,0.1111111111111111,0.0,0,0,4,120,-1,-1,-1,0.0
stage1a_single_agent_miniscule,1,2,38528,350,1,50,50,1,0,-1.199999213218689,0.0,0.0,0.0,0.1111111111111111,0.0,0,0,4,120,-1,-1,-1,0.0
stage1a_single_agent_miniscule,1,2,38648,351,1,50,50,1,0,-2.709998846054077,0.0,0.0,0.0,0.1111111111111111,0.0,0,0,4,120,-1,-1,-1,0.0
stage1a_single_agent_miniscule,1,2,38768,352,1,50,50,1,0,-2.709998846054077,0.0,0.0,0.0,0.1111111111111111,0.0,0,0,4,120,-1,-1,-1,0.0
stage1a_single_agent_miniscule,1,2,38888,353,1,50,50,1,0,-1.199999213218689,0.0,0.0,0.0,0.1111111111111111,0.0,0,0,4,120,-1,-1,-1,0.0
stage1a_single_agent_miniscule,1,2,39008,354,1,50,50,1,0,-1.199999213218689,0.0,0.0,0.0,0.1111111111111111,0.0,0,0,4,120,-1,-1,-1,0.0
stage1a_single_agent_miniscule,1,2,39128,355,1,50,50,1,0,-1.199999213218689,0.0,0.0,0.0,0.1111111111111111,0.0,0,0,4,120,-1,-1,-1,0.0
stage1a_single_agent_miniscule,1,2,39248,356,1,50,50,1,0,-1.199999213218689,0.0,0.0,0.0,0.1111111111111111,0.0,0,0,4,120,-1,-1,-1,0.0
stage1a_single_agent_miniscule,1,2,39368,357,1,50,50,1,0,-1.199999213218689,0.0,0.0,0.0,0.1111111111111111,0.0,0,0,4,120,-1,-1,-1,0.0
stage1a_single_agent_miniscule,1,2,39488,358,1,50,50,1,0,-1.199999213218689,0.0,0.0,0.0,0.1111111111111111,0.0,0,0,4,120,-1,-1,-1,0.0
stage1a_single_agent_miniscule,1,2,39608,359,1,50,50,1,0,-1.199999213218689,0.0,0.0,0.0,0.1111111111111111,0.0,0,0,4,120,-1,-1,-1,0.0
stage1a_single_agent_miniscule,1,2,39728,360,1,50,50,1,0,-1.199999213218689,0.0,0.0,0.0,0.1111111111111111,0.0,0,0,4,120,-1,-1,-1,0.0
stage1a_single_agent_miniscule,1,2,39848,361,1,50,50,1,0,-1.199999213218689,0.0,0.0,0.0,0.1111111111111111,0.0,0,0,4,120,-1,-1,-1,0.0
stage1a_single_agent_miniscule,1,2,39968,362,1,50,50,1,0,-1.2099992036819458,0.0,0.0,0.0,0.1111111111111111,0.0,0,0,4,120,-1,-1,-1,0.0
stage1a_single_agent_miniscule,1,2,40088,363,1,50,50,1,0,-1.199999213218689,0.0,0.0,0.0,0.1111111111111111,0.0,0,0,4,120,-1,-1,-1,0.0
stage1a_single_agent_miniscule,1,2,40208,364,1,50,50,1,0,-1.199999213218689,0.0,0.0,0.0,0.1111111111111111,0.0,0,0,4,120,-1,-1,-1,0.0
stage1a_single_agent_miniscule,1,2,40328,365,1,50,50,1,0,-1.199999213218689,0.0,0.0,0.0,0.1111111111111111,0.0,0,0,4,120,-1,-1,-1,0.0
stage1a_single_agent_miniscule,1,2,40448,366,1,50,50,1,0,-1.199999213218689,0.0,0.0,0.0,0.1111111111111111,0.0,0,0,4,120,-1,-1,-1,0.0
stage1a_single_agent_miniscule,1,2,40568,367,1,50,50,1,0,-1.199999213218689,0.0,0.0,0.0,0.1111111111111111,0.0,0,0,4,120,-1,-1,-1,0.0
stage1a_single_agent_miniscule,1,2,40688,368,1,50,50,1,0,-1.199999213218689,0.0,0.0,0.0,0.1111111111111111,0.0,0,0,4,120,-1,-1,-1,0.0
stage1a_single_agent_miniscule,1,2,40808,369,1,50,50,1,0,-1.199999213218689,0.0,0.0,0.0,0.1111111111111111,0.0,0,0,4,120,-1,-1,-1,0.0
stage1a_single_agent_miniscule,1,2,40928,370,1,50,50,1,0,-1.199999213218689,0.0,0.0,0.0,0.1111111111111111,0.0,0,0,4,120,-1,-1,-1,0.0
stage1a_single_agent_miniscule,1,2,41048,371,1,50,50,1,0,-1.199999213218689,0.0,0.0,0.0,0.1111111111111111,0.0,0,0,4,120,-1,-1,-1,0.0
stage1a_single_agent_miniscule,1,2,41168,372,1,50,50,1,0,-1.199999213218689,0.0,0.0,0.0,0.1111111111111111,0.0,0,0,4,120,-1,-1,-1,0.0
stage1a_single_agent_miniscule,1,2,41288,373,1,50,50,1,0,-1.199999213218689,0.0,0.0,0.0,0.1111111111111111,0.0,0,0,4,120,-1,-1,-1,0.0
stage1a_single_agent_miniscule,1,2,41408,374,1,50,50,1,0,-1.199999213218689,0.0,0.0,0.0,0.1111111111111111,0.0,0,0,4,120,-1,-1,-1,0.0
stage1a_single_agent_miniscule,1,2,41528,375,1,50,50,1,0,-1.199999213218689,0.0,0.0,0.0,0.1111111111111111,0.0,0,0,4,120,-1,-1,-1,0.0
stage1a_single_agent_miniscule,1,2,41648,376,1,50,50,1,0,-1.199999213218689,0.0,0.0,0.0,0.1111111111111111,0.0,0,0,4,120,-1,-1,-1,0.0
stage1a_single_agent_miniscule,1,2,41768,377,1,50,50,1,0,-1.199999213218689,0.0,0.0,0.0,0.1111111111111111,0.0,0,0,4,120,-1,-1,-1,0.0
stage1a_single_agent_miniscule,1,2,41888,378,1,50,50,1,0,-1.199999213218689,0.0,0.0,0.0,0.1111111111111111,0.0,0,0,4,120,-1,-1,-1,0.0
stage1a_single_agent_miniscule,1,2,42008,379,1,50,50,1,0,-2.709998846054077,0.0,0.0,0.0,0.1111111111111111,0.0,0,0,4,120,-1,-1,-1,0.0
stage1a_single_agent_miniscule,1,2,42012,380,1,50,50,1,0,143.95999145507812,4.0,4.0,4.0,0.1111111111111111,0.0,0,0,0,4,1,1,0,1.0
stage1a_single_agent_miniscule,1,2,42132,381,1,50,50,1,0,-1.199999213218689,0.0,0.0,0.0,0.1111111111111111,0.0,0,0,4,120,-1,-1,-1,0.0
stage1a_single_agent_miniscule,1,2,42252,382,1,50,50,1,0,-1.199999213218689,0.0,0.0,0.0,0.1111111111111111,0.0,0,0,4,120,-1,-1,-1,0.0
stage1a_single_agent_miniscule,1,2,42372,383,1,50,50,1,0,-1.199999213218689,0.0,0.0,0.0,0.1111111111111111,0.0,0,0,4,120,-1,-1,-1,0.0
stage1a_single_agent_miniscule,1,2,42492,384,1,50,50,1,0,-1.199999213218689,0.0,0.0,0.0,0.1111111111111111,0.0,0,0,4,120,-1,-1,-1,0.0
stage1a_single_agent_miniscule,1,2,42612,385,1,50,50,1,0,-1.199999213218689,0.0,0.0,0.0,0.1111111111111111,0.0,0,0,4,120,-1,-1,-1,0.0
stage1a_single_agent_miniscule,1,2,42732,386,1,50,50,1,0,-1.2099992036819458,0.0,0.0,0.0,0.1111111111111111,0.0,0,0,4,120,-1,-1,-1,0.0
stage1a_single_agent_miniscule,1,2,42852,387,1,50,50,1,0,-1.199999213218689,0.0,0.0,0.0,0.1111111111111111,0.0,0,0,4,120,-1,-1,-1,0.0
stage1a_single_agent_miniscule,1,2,42972,388,1,50,50,1,0,-1.199999213218689,0.0,0.0,0.0,0.1111111111111111,0.0,0,0,4,120,-1,-1,-1,0.0
stage1a_single_agent_miniscule,1,2,43092,389,1,50,50,1,0,-2.709998846054077,0.0,0.0,0.0,0.1111111111111111,0.0,0,0,4,120,-1,-1,-1,0.0
stage1a_single_agent_miniscule,1,2,43212,390,1,50,50,1,0,-1.0599993467330933,0.0,0.0,0.0,0.1111111111111111,0.0,0,0,4,120,-1,-1,-1,0.0
stage1a_single_agent_miniscule,1,2,43332,391,1,50,50,1,0,-1.199999213218689,0.0,0.0,0.0,0.1111111111111111,0.0,0,0,4,120,-1,-1,-1,0.0
stage1a_single_agent_miniscule,1,2,43452,392,1,50,50,1,0,-1.199999213218689,0.0,0.0,0.0,0.1111111111111111,0.0,0,0,4,120,-1,-1,-1,0.0
stage1a_single_agent_miniscule,1,2,43572,393,1,50,50,1,0,-1.199999213218689,0.0,0.0,0.0,0.1111111111111111,0.0,0,0,4,120,-1,-1,-1,0.0
stage1a_single_agent_miniscule,1,2,43692,394,1,50,50,1,0,-1.199999213218689,0.0,0.0,0.0,0.1111111111111111,0.0,0,0,4,120,-1,-1,-1,0.0
stage1a_single_agent_miniscule,1,2,43812,395,1,50,50,1,0,-1.2099992036819458,0.0,0.0,0.0,0.1111111111111111,0.0,0,0,4,120,-1,-1,-1,0.0
stage1a_single_agent_miniscule,1,2,43932,396,1,50,50,1,0,-2.709998846054077,0.0,0.0,0.0,0.1111111111111111,0.0,0,0,4,120,-1,-1,-1,0.0
stage1a_single_agent_miniscule,1,2,44052,397,1,50,50,1,0,-1.199999213218689,0.0,0.0,0.0,0.1111111111111111,0.0,0,0,4,120,-1,-1,-1,0.0
stage1a_single_agent_miniscule,1,2,44172,398,1,50,50,1,0,-1.199999213218689,0.0,0.0,0.0,0.1111111111111111,0.0,0,0,4,120,-1,-1,-1,0.0
stage1a_single_agent_miniscule,1,2,44292,399,1,50,50,1,0,-1.199999213218689,0.0,0.0,0.0,0.1111111111111111,0.0,0,0,4,120,-1,-1,-1,0.0
stage1a_single_agent_miniscule,1,2,44412,400,1,50,50,1,0,-1.199999213218689,0.0,0.0,0.0,0.1111111111111111,0.0,0,0,4,120,-1,-1,-1,0.0
stage1a_single_agent_miniscule,1,2,44532,401,1,50,50,1,0,-1.199999213218689,0.0,0.0,0.0,0.1111111111111111,0.0,0,0,4,120,-1,-1,-1,0.0
stage1a_single_agent_miniscule,1,2,44652,402,1,50,50,1,0,-1.199999213218689,0.0,0.0,0.0,0.1111111111111111,0.0,0,0,4,120,-1,-1,-1,0.0
stage1a_single_agent_miniscule,1,2,44772,403,1,50,50,1,0,-2.709998846054077,0.0,0.0,0.0,0.1111111111111111,0.0,0,0,4,120,-1,-1,-1,0.0
stage1a_single_agent_miniscule,1,2,44892,404,1,50,50,1,0,-1.199999213218689,0.0,0.0,0.0,0.1111111111111111,0.0,0,0,4,120,-1,-1,-1,0.0
stage1a_single_agent_miniscule,1,2,45012,405,1,50,50,1,0,-1.199999213218689,0.0,0.0,0.0,0.1111111111111111,0.0,0,0,4,120,-1,-1,-1,0.0
stage1a_single_agent_miniscule,1,2,45132,406,1,50,50,1,0,-1.199999213218689,0.0,0.0,0.0,0.1111111111111111,0.0,0,0,4,120,-1,-1,-1,0.0
stage1a_single_agent_miniscule,1,2,45252,407,1,50,50,1,0,-1.199999213218689,0.0,0.0,0.0,0.1111111111111111,0.0,0,0,4,120,-1,-1,-1,0.0
stage1a_single_agent_miniscule,1,2,45372,408,1,50,50,1,0,-1.199999213218689,0.0,0.0,0.0,0.1111111111111111,0.0,0,0,4,120,-1,-1,-1,0.0
stage1a_single_agent_miniscule,1,2,45492,409,1,50,50,1,0,-1.199999213218689,0.0,0.0,0.0,0.1111111111111111,0.0,0,0,4,120,-1,-1,-1,0.0
stage1a_single_agent_miniscule,1,2,45612,410,1,50,50,1,0,-2.709998846054077,0.0,0.0,0.0,0.1111111111111111,0.0,0,0,4,120,-1,-1,-1,0.0
stage1a_single_agent_miniscule,1,2,45732,411,1,50,50,1,0,-1.2099992036819458,0.0,0.0,0.0,0.1111111111111111,0.0,0,0,4,120,-1,-1,-1,0.0
stage1a_single_agent_miniscule,1,2,45852,412,1,50,50,1,0,-1.2199991941452026,0.0,0.0,0.0,0.1111111111111111,0.0,0,0,4,120,-1,-1,-1,0.0
stage1a_single_agent_miniscule,1,2,45972,413,1,50,50,1,0,-1.2099992036819458,0.0,0.0,0.0,0.1111111111111111,0.0,0,0,4,120,-1,-1,-1,0.0
stage1a_single_agent_miniscule,1,2,46092,414,1,50,50,1,0,-1.199999213218689,0.0,0.0,0.0,0.1111111111111111,0.0,0,0,4,120,-1,-1,-1,0.0
stage1a_single_agent_miniscule,1,2,46212,415,1,50,50,1,0,-1.199999213218689,0.0,0.0,0.0,0.1111111111111111,0.0,0,0,4,120,-1,-1,-1,0.0
stage1a_single_agent_miniscule,1,2,46332,416,1,50,50,1,0,-1.199999213218689,0.0,0.0,0.0,0.1111111111111111,0.0,0,0,4,120,-1,-1,-1,0.0
stage1a_single_agent_miniscule,1,2,46452,417,1,50,50,1,0,-1.199999213218689,0.0,0.0,0.0,0.1111111111111111,0.0,0,0,4,120,-1,-1,-1,0.0
stage1a_single_agent_miniscule,1,2,46572,418,1,50,50,1,0,-1.199999213218689,0.0,0.0,0.0,0.1111111111111111,0.0,0,0,4,120,-1,-1,-1,0.0
stage1a_single_agent_miniscule,1,2,46692,419,1,50,50,1,0,-1.2099992036819458,0.0,0.0,0.0,0.1111111111111111,0.0,0,0,4,120,-1,-1,-1,0.0
stage1a_single_agent_miniscule,1,2,46812,420,1,50,50,1,0,-1.199999213218689,0.0,0.0,0.0,0.1111111111111111,0.0,0,0,4,120,-1,-1,-1,0.0
stage1a_single_agent_miniscule,1,2,46932,421,1,50,50,1,0,-1.199999213218689,0.0,0.0,0.0,0.1111111111111111,0.0,0,0,4,120,-1,-1,-1,0.0
stage1a_single_agent_miniscule,1,2,47052,422,1,50,50,1,0,-1.199999213218689,0.0,0.0,0.0,0.1111111111111111,0.0,0,0,4,120,-1,-1,-1,0.0
stage1a_single_agent_miniscule,1,2,47172,423,1,50,50,1,0,-1.199999213218689,0.0,0.0,0.0,0.1111111111111111,0.0,0,0,4,120,-1,-1,-1,0.0
stage1a_single_agent_miniscule,1,2,47292,424,1,50,50,1,0,-2.7093653678894043,0.0,0.0,0.0,0.1111111111111111,0.0,0,0,4,120,-1,-1,-1,0.0
stage1a_single_agent_miniscule,1,2,47412,425,1,50,50,1,0,-1.199999213218689,0.0,0.0,0.0,0.1111111111111111,0.0,0,0,4,120,-1,-1,-1,0.0
stage1a_single_agent_miniscule,1,2,47532,426,1,50,50,1,0,-1.199999213218689,0.0,0.0,0.0,0.1111111111111111,0.0,0,0,4,120,-1,-1,-1,0.0
stage1a_single_agent_miniscule,1,2,47652,427,1,50,50,1,0,-1.199999213218689,0.0,0.0,0.0,0.1111111111111111,0.0,0,0,4,120,-1,-1,-1,0.0
stage1a_single_agent_miniscule,1,2,47772,428,1,50,50,1,0,-1.199999213218689,0.0,0.0,0.0,0.1111111111111111,0.0,0,0,4,120,-1,-1,-1,0.0
stage1a_single_agent_miniscule,1,2,47892,429,1,50,50,1,0,-1.199999213218689,0.0,0.0,0.0,0.1111111111111111,0.0,0,0,4,120,-1,-1,-1,0.0
stage1a_single_agent_miniscule,1,2,48012,430,1,50,50,1,0,-1.199999213218689,0.0,0.0,0.0,0.1111111111111111,0.0,0,0,4,120,-1,-1,-1,0.0
stage1a_single_agent_miniscule,1,2,48132,431,1,50,50,1,0,-1.199999213218689,0.0,0.0,0.0,0.1111111111111111,0.0,0,0,4,120,-1,-1,-1,0.0
stage1a_single_agent_miniscule,1,2,48252,432,1,50,50,1,0,-1.199999213218689,0.0,0.0,0.0,0.1111111111111111,0.0,0,0,4,120,-1,-1,-1,0.0
stage1a_single_agent_miniscule,1,2,48372,433,1,50,50,1,0,-1.199999213218689,0.0,0.0,0.0,0.1111111111111111,0.0,0,0,4,120,-1,-1,-1,0.0
stage1a_single_agent_miniscule,1,2,48492,434,1,50,50,1,0,-1.199999213218689,0.0,0.0,0.0,0.1111111111111111,0.0,0,0,4,120,-1,-1,-1,0.0
stage1a_single_agent_miniscule,1,2,48612,435,1,50,50,1,0,-1.199999213218689,0.0,0.0,0.0,0.1111111111111111,0.0,0,0,4,120,-1,-1,-1,0.0
stage1a_single_agent_miniscule,1,2,48732,436,1,50,50,1,0,-1.199999213218689,0.0,0.0,0.0,0.1111111111111111,0.0,0,0,4,120,-1,-1,-1,0.0
stage1a_single_agent_miniscule,1,2,48852,437,1,50,50,1,0,-1.199999213218689,0.0,0.0,0.0,0.1111111111111111,0.0,0,0,4,120,-1,-1,-1,0.0
stage1a_single_agent_miniscule,1,2,48972,438,1,50,50,1,0,-2.709998846054077,0.0,0.0,0.0,0.1111111111111111,0.0,0,0,4,120,-1,-1,-1,0.0
stage1a_single_agent_miniscule,1,2,49092,439,1,50,50,1,0,-1.199999213218689,0.0,0.0,0.0,0.1111111111111111,0.0,0,0,4,120,-1,-1,-1,0.0
stage1a_single_agent_miniscule,1,2,49212,440,1,50,50,1,0,-1.199999213218689,0.0,0.0,0.0,0.1111111111111111,0.0,0,0,4,120,-1,-1,-1,0.0
stage1a_single_agent_miniscule,1,2,49332,441,1,50,50,1,0,-1.199999213218689,0.0,0.0,0.0,0.1111111111111111,0.0,0,0,4,120,-1,-1,-1,0.0
stage1a_single_agent_miniscule,1,2,49452,442,1,50,50,1,0,-1.199999213218689,0.0,0.0,0.0,0.1111111111111111,0.0,0,0,4,120,-1,-1,-1,0.0
stage1a_single_agent_miniscule,1,2,49572,443,1,50,50,1,0,-1.199999213218689,0.0,0.0,0.0,0.1111111111111111,0.0,0,0,4,120,-1,-1,-1,0.0
stage1a_single_agent_miniscule,1,2,49692,444,1,50,50,1,0,-1.199999213218689,0.0,0.0,0.0,0.1111111111111111,0.0,0,0,4,120,-1,-1,-1,0.0
stage1a_single_agent_miniscule,1,2,49812,445,1,50,50,1,0,-1.199999213218689,0.0,0.0,0.0,0.1111111111111111,0.0,0,0,4,120,-1,-1,-1,0.0
stage1a_single_agent_miniscule,1,2,49932,446,1,50,50,1,0,-1.199999213218689,0.0,0.0,0.0,0.1111111111111111,0.0,0,0,4,120,-1,-1,-1,0.0
stage1a_single_agent_miniscule,1,2,50052,447,1,50,50,1,0,-1.199999213218689,0.0,0.0,0.0,0.1111111111111111,0.0,0,0,4,120,-1,-1,-1,0.0
stage1a_single_agent_miniscule,1,2,50172,448,1,50,50,1,0,-1.199999213218689,0.0,0.0,0.0,0.1111111111111111,0.0,0,0,4,120,-1,-1,-1,0.0
stage1a_single_agent_miniscule,1,2,50292,449,1,50,50,1,0,-1.199999213218689,0.0,0.0,0.0,0.1111111111111111,0.0,0,0,4,120,-1,-1,-1,0.0
stage1a_single_agent_miniscule,1,2,50412,450,1,50,50,1,0,-1.199999213218689,0.0,0.0,0.0,0.1111111111111111,0.0,0,0,4,120,-1,-1,-1,0.0
stage1a_single_agent_miniscule,1,2,50532,451,1,50,50,1,0,-1.199999213218689,0.0,0.0,0.0,0.1111111111111111,0.0,0,0,4,120,-1,-1,-1,0.0
stage1a_single_agent_miniscule,1,2,50652,452,1,50,50,1,0,-1.199999213218689,0.0,0.0,0.0,0.1111111111111111,0.0,0,0,4,120,-1,-1,-1,0.0
stage1a_single_agent_miniscule,1,2,50772,453,1,50,50,1,0,-1.199999213218689,0.0,0.0,0.0,0.1111111111111111,0.0,0,0,4,120,-1,-1,-1,0.0
stage1a_single_agent_miniscule,1,2,50892,454,1,50,50,1,0,-1.199999213218689,0.0,0.0,0.0,0.1111111111111111,0.0,0,0,4,120,-1,-1,-1,0.0
stage1a_single_agent_miniscule,1,2,51012,455,1,50,50,1,0,-1.199999213218689,0.0,0.0,0.0,0.1111111111111111,0.0,0,0,4,120,-1,-1,-1,0.0
stage1a_single_agent_miniscule,1,2,51132,456,1,50,50,1,0,-1.199999213218689,0.0,0.0,0.0,0.1111111111111111,0.0,0,0,4,120,-1,-1,-1,0.0
stage1a_single_agent_miniscule,1,2,51252,457,1,50,50,1,0,-1.199999213218689,0.0,0.0,0.0,0.1111111111111111,0.0,0,0,4,120,-1,-1,-1,0.0
stage1a_single_agent_miniscule,1,2,51372,458,1,50,50,1,0,-1.199999213218689,0.0,0.0,0.0,0.1111111111111111,0.0,0,0,4,120,-1,-1,-1,0.0
stage1a_single_agent_miniscule,1,2,51492,459,1,50,50,1,0,-1.199999213218689,0.0,0.0,0.0,0.1111111111111111,0.0,0,0,4,120,-1,-1,-1,0.0
stage1a_single_agent_miniscule,1,2,51612,460,1,50,50,1,0,-1.199999213218689,0.0,0.0,0.0,0.1111111111111111,0.0,0,0,4,120,-1,-1,-1,0.0
stage1a_single_agent_miniscule,1,2,51732,461,1,50,50,1,0,-1.199999213218689,0.0,0.0,0.0,0.1111111111111111,0.0,0,0,4,120,-1,-1,-1,0.0
stage1a_single_agent_miniscule,1,2,51852,462,1,50,50,1,0,-1.199999213218689,0.0,0.0,0.0,0.1111111111111111,0.0,0,0,4,120,-1,-1,-1,0.0
stage1a_single_agent_miniscule,1,2,51972,463,1,50,50,1,0,-1.199999213218689,0.0,0.0,0.0,0.1111111111111111,0.0,0,0,4,120,-1,-1,-1,0.0
stage1a_single_agent_miniscule,1,2,52092,464,1,50,50,1,0,-1.199999213218689,0.0,0.0,0.0,0.1111111111111111,0.0,0,0,4,120,-1,-1,-1,0.0
stage1a_single_agent_miniscule,1,2,52212,465,1,50,50,1,0,-1.199999213218689,0.0,0.0,0.0,0.1111111111111111,0.0,0,0,4,120,-1,-1,-1,0.0
stage1a_single_agent_miniscule,1,2,52332,466,1,50,50,1,0,-1.199999213218689,0.0,0.0,0.0,0.1111111111111111,0.0,0,0,4,120,-1,-1,-1,0.0
stage1a_single_agent_miniscule,1,2,52452,467,1,50,50,1,0,-1.199999213218689,0.0,0.0,0.0,0.1111111111111111,0.0,0,0,4,120,-1,-1,-1,0.0
stage1a_single_agent_miniscule,1,2,52572,468,1,50,50,1,0,-1.199999213218689,0.0,0.0,0.0,0.1111111111111111,0.0,0,0,4,120,-1,-1,-1,0.0
stage1a_single_agent_miniscule,1,2,52692,469,1,50,50,1,0,-1.199999213218689,0.0,0.0,0.0,0.1111111111111111,0.0,0,0,4,120,-1,-1,-1,0.0
stage1a_single_agent_miniscule,1,2,52812,470,1,50,50,1,0,-1.199999213218689,0.0,0.0,0.0,0.1111111111111111,0.0,0,0,4,120,-1,-1,-1,0.0
stage1a_single_agent_miniscule,1,2,52932,471,1,50,50,1,0,-1.199999213218689,0.0,0.0,0.0,0.1111111111111111,0.0,0,0,4,120,-1,-1,-1,0.0
stage1a_single_agent_miniscule,1,2,53052,472,1,50,50,1,0,-1.199999213218689,0.0,0.0,0.0,0.1111111111111111,0.0,0,0,4,120,-1,-1,-1,0.0
stage1a_single_agent_miniscule,1,2,53172,473,1,50,50,1,0,-1.199999213218689,0.0,0.0,0.0,0.1111111111111111,0.0,0,0,4,120,-1,-1,-1,0.0
stage1a_single_agent_miniscule,1,2,53292,474,1,50,50,1,0,-1.199999213218689,0.0,0.0,0.0,0.1111111111111111,0.0,0,0,4,120,-1,-1,-1,0.0
stage1a_single_agent_miniscule,1,2,53412,475,1,50,50,1,0,-1.199999213218689,0.0,0.0,0.0,0.1111111111111111,0.0,0,0,4,120,-1,-1,-1,0.0
stage1a_single_agent_miniscule,1,2,53532,476,1,50,50,1,0,-1.199999213218689,0.0,0.0,0.0,0.1111111111111111,0.0,0,0,4,120,-1,-1,-1,0.0
stage1a_single_agent_miniscule,1,2,53652,477,1,50,50,1,0,-1.199999213218689,0.0,0.0,0.0,0.1111111111111111,0.0,0,0,4,120,-1,-1,-1,0.0
stage1a_single_agent_miniscule,1,2,53772,478,1,50,50,1,0,-1.199999213218689,0.0,0.0,0.0,0.1111111111111111,0.0,0,0,4,120,-1,-1,-1,0.0
stage1a_single_agent_miniscule,1,2,53892,479,1,50,50,1,0,-1.199999213218689,0.0,0.0,0.0,0.1111111111111111,0.0,0,0,4,120,-1,-1,-1,0.0
stage1a_single_agent_miniscule,1,2,54012,480,1,50,50,1,0,-2.709998846054077,0.0,0.0,0.0,0.1111111111111111,0.0,0,0,4,120,-1,-1,-1,0.0
stage1a_single_agent_miniscule,1,2,54132,481,1,50,50,1,0,-1.199999213218689,0.0,0.0,0.0,0.1111111111111111,0.0,0,0,4,120,-1,-1,-1,0.0
stage1a_single_agent_miniscule,1,2,54252,482,1,50,50,1,0,-1.199999213218689,0.0,0.0,0.0,0.1111111111111111,0.0,0,0,4,120,-1,-1,-1,0.0
stage1a_single_agent_miniscule,1,2,54372,483,1,50,50,1,0,-1.199999213218689,0.0,0.0,0.0,0.1111111111111111,0.0,0,0,4,120,-1,-1,-1,0.0
stage1a_single_agent_miniscule,1,2,54492,484,1,50,50,1,0,-1.199999213218689,0.0,0.0,0.0,0.1111111111111111,0.0,0,0,4,120,-1,-1,-1,0.0
stage1a_single_agent_miniscule,1,2,54612,485,1,50,50,1,0,-1.199999213218689,0.0,0.0,0.0,0.1111111111111111,0.0,0,0,4,120,-1,-1,-1,0.0
stage1a_single_agent_miniscule,1,2,54732,486,1,50,50,1,0,-1.199999213218689,0.0,0.0,0.0,0.1111111111111111,0.0,0,0,4,120,-1,-1,-1,0.0
stage1a_single_agent_miniscule,1,2,54852,487,1,50,50,1,0,-1.199999213218689,0.0,0.0,0.0,0.1111111111111111,0.0,0,0,4,120,-1,-1,-1,0.0
stage1a_single_agent_miniscule,1,2,54972,488,1,50,50,1,0,-1.199999213218689,0.0,0.0,0.0,0.1111111111111111,0.0,0,0,4,120,-1,-1,-1,0.0
stage1a_single_agent_miniscule,1,2,55092,489,1,50,50,1,0,-1.199999213218689,0.0,0.0,0.0,0.1111111111111111,0.0,0,0,4,120,-1,-1,-1,0.0
stage1a_single_agent_miniscule,1,2,55212,490,1,50,50,1,0,-1.199999213218689,0.0,0.0,0.0,0.1111111111111111,0.0,0,0,4,120,-1,-1,-1,0.0
stage1a_single_agent_miniscule,1,2,55332,491,1,50,50,1,0,-1.199999213218689,0.0,0.0,0.0,0.1111111111111111,0.0,0,0,4,120,-1,-1,-1,0.0
stage1a_single_agent_miniscule,1,2,55452,492,1,50,50,1,0,-1.199999213218689,0.0,0.0,0.0,0.1111111111111111,0.0,0,0,4,120,-1,-1,-1,0.0
stage1a_single_agent_miniscule,1,2,55572,493,1,50,50,1,0,-1.199999213218689,0.0,0.0,0.0,0.1111111111111111,0.0,0,0,4,120,-1,-1,-1,0.0
stage1a_single_agent_miniscule,1,2,55692,494,1,50,50,1,0,-1.199999213218689,0.0,0.0,0.0,0.1111111111111111,0.0,0,0,4,120,-1,-1,-1,0.0
stage1a_single_agent_miniscule,1,2,55812,495,1,50,50,1,0,-1.199999213218689,0.0,0.0,0.0,0.1111111111111111,0.0,0,0,4,120,-1,-1,-1,0.0
stage1a_single_agent_miniscule,1,2,55932,496,1,50,50,1,0,-1.199999213218689,0.0,0.0,0.0,0.1111111111111111,0.0,0,0,4,120,-1,-1,-1,0.0
stage1a_single_agent_miniscule,1,2,56052,497,1,50,50,1,0,-1.199999213218689,0.0,0.0,0.0,0.1111111111111111,0.0,0,0,4,120,-1,-1,-1,0.0
stage1a_single_agent_miniscule,1,2,56172,498,1,50,50,1,0,-2.709998846054077,0.0,0.0,0.0,0.1111111111111111,0.0,0,0,4,120,-1,-1,-1,0.0
stage1a_single_agent_miniscule,1,2,56292,499,1,50,50,1,0,-1.199999213218689,0.0,0.0,0.0,0.1111111111111111,0.0,0,0,4,120,-1,-1,-1,0.0
stage1a_single_agent_miniscule,1,2,56412,500,1,50,50,1,0,-1.199999213218689,0.0,0.0,0.0,0.1111111111111111,0.0,0,0,4,120,-1,-1,-1,0.0
stage1a_single_agent_miniscule,1,2,56532,501,1,50,50,1,0,-1.199999213218689,0.0,0.0,0.0,0.1111111111111111,0.0,0,0,4,120,-1,-1,-1,0.0
stage1a_single_agent_miniscule,1,2,56652,502,1,50,50,1,0,-1.199999213218689,0.0,0.0,0.0,0.1111111111111111,0.0,0,0,4,120,-1,-1,-1,0.0
stage1a_single_agent_miniscule,1,2,56772,503,1,50,50,1,0,-1.199999213218689,0.0,0.0,0.0,0.1111111111111111,0.0,0,0,4,120,-1,-1,-1,0.0
stage1a_single_agent_miniscule,1,2,56892,504,1,50,50,1,0,-1.199999213218689,0.0,0.0,0.0,0.1111111111111111,0.0,0,0,4,120,-1,-1,-1,0.0
stage1a_single_agent_miniscule,1,2,57012,505,1,50,50,1,0,-1.199999213218689,0.0,0.0,0.0,0.1111111111111111,0.0,0,0,4,120,-1,-1,-1,0.0
stage1a_single_agent_miniscule,1,2,57132,506,1,50,50,1,0,-1.2199991941452026,0.0,0.0,0.0,0.1111111111111111,0.0,0,0,4,120,-1,-1,-1,0.0
stage1a_single_agent_miniscule,1,2,57252,507,1,50,50,1,0,-1.199999213218689,0.0,0.0,0.0,0.1111111111111111,0.0,0,0,4,120,-1,-1,-1,0.0
stage1a_single_agent_miniscule,1,2,57372,508,1,50,50,1,0,-1.199999213218689,0.0,0.0,0.0,0.1111111111111111,0.0,0,0,4,120,-1,-1,-1,0.0
stage1a_single_agent_miniscule,1,2,57492,509,1,50,50,1,0,-1.199999213218689,0.0,0.0,0.0,0.1111111111111111,0.0,0,0,4,120,-1,-1,-1,0.0
stage1a_single_agent_miniscule,1,2,57612,510,1,50,50,1,0,-1.199999213218689,0.0,0.0,0.0,0.1111111111111111,0.0,0,0,4,120,-1,-1,-1,0.0
stage1a_single_agent_miniscule,1,2,57732,511,1,50,50,1,0,-1.199999213218689,0.0,0.0,0.0,0.1111111111111111,0.0,0,0,4,120,-1,-1,-1,0.0
stage1a_single_agent_miniscule,1,2,57852,512,1,50,50,1,0,-1.2099992036819458,0.0,0.0,0.0,0.1111111111111111,0.0,0,0,4,120,-1,-1,-1,0.0
stage1a_single_agent_miniscule,1,2,57972,513,1,50,50,1,0,-1.199999213218689,0.0,0.0,0.0,0.1111111111111111,0.0,0,0,4,120,-1,-1,-1,0.0
stage1a_single_agent_miniscule,1,2,58092,514,1,50,50,1,0,-1.199999213218689,0.0,0.0,0.0,0.1111111111111111,0.0,0,0,4,120,-1,-1,-1,0.0
stage1a_single_agent_miniscule,1,2,58212,515,1,50,50,1,0,-1.199999213218689,0.0,0.0,0.0,0.1111111111111111,0.0,0,0,4,120,-1,-1,-1,0.0
stage1a_single_agent_miniscule,1,2,58332,516,1,50,50,1,0,-1.199999213218689,0.0,0.0,0.0,0.1111111111111111,0.0,0,0,4,120,-1,-1,-1,0.0
stage1a_single_agent_miniscule,1,2,58452,517,1,50,50,1,0,-1.199999213218689,0.0,0.0,0.0,0.1111111111111111,0.0,0,0,4,120,-1,-1,-1,0.0
stage1a_single_agent_miniscule,1,2,58572,518,1,50,50,1,0,-1.199999213218689,0.0,0.0,0.0,0.1111111111111111,0.0,0,0,4,120,-1,-1,-1,0.0
stage1a_single_agent_miniscule,1,2,58692,519,1,50,50,1,0,-1.199999213218689,0.0,0.0,0.0,0.1111111111111111,0.0,0,0,4,120,-1,-1,-1,0.0
stage1a_single_agent_miniscule,1,2,58812,520,1,50,50,1,0,-1.199999213218689,0.0,0.0,0.0,0.1111111111111111,0.0,0,0,4,120,-1,-1,-1,0.0
stage1a_single_agent_miniscule,1,2,58932,521,1,50,50,1,0,-1.2099992036819458,0.0,0.0,0.0,0.1111111111111111,0.0,0,0,4,120,-1,-1,-1,0.0
stage1a_single_agent_miniscule,1,2,59052,522,1,50,50,1,0,-1.199999213218689,0.0,0.0,0.0,0.1111111111111111,0.0,0,0,4,120,-1,-1,-1,0.0
stage1a_single_agent_miniscule,1,2,59172,523,1,50,50,1,0,-1.2099992036819458,0.0,0.0,0.0,0.1111111111111111,0.0,0,0,4,120,-1,-1,-1,0.0
stage1a_single_agent_miniscule,1,2,59292,524,1,50,50,1,0,-1.2199991941452026,0.0,0.0,0.0,0.1111111111111111,0.0,0,0,4,120,-1,-1,-1,0.0
stage1a_single_agent_miniscule,1,2,59412,525,1,50,50,1,0,-1.2099992036819458,0.0,0.0,0.0,0.1111111111111111,0.0,0,0,4,120,-1,-1,-1,0.0
stage1a_single_agent_miniscule,1,2,59532,526,1,50,50,1,0,-1.199999213218689,0.0,0.0,0.0,0.1111111111111111,0.0,0,0,4,120,-1,-1,-1,0.0
stage1a_single_agent_miniscule,1,2,59652,527,1,50,50,1,0,-1.199999213218689,0.0,0.0,0.0,0.1111111111111111,0.0,0,0,4,120,-1,-1,-1,0.0
stage1a_single_agent_miniscule,1,2,59772,528,1,50,50,1,0,-1.199999213218689,0.0,0.0,0.0,0.1111111111111111,0.0,0,0,4,120,-1,-1,-1,0.0
stage1a_single_agent_miniscule,1,2,59892,529,1,50,50,1,0,-1.199999213218689,0.0,0.0,0.0,0.1111111111111111,0.0,0,0,4,120,-1,-1,-1,0.0
stage1b_single_agent_tiny,2,1,60120,530,1,75,75,1,0,-1.199999213218689,0.0,0.0,0.0,0.0625,0.0,0,0,4,120,-1,-1,-1,0.0
stage1b_single_agent_tiny,2,1,60240,531,1,75,75,1,0,-1.2099992036819458,0.0,0.0,0.0,0.0625,0.0,0,0,4,120,-1,-1,-1,0.0
stage1b_single_agent_tiny,2,1,60360,532,1,75,75,1,0,-1.199999213218689,0.0,0.0,0.0,0.0625,0.0,0,0,4,120,-1,-1,-1,0.0
stage1b_single_agent_tiny,2,1,60480,533,1,75,75,1,0,-1.2099992036819458,0.0,0.0,0.0,0.0625,0.0,0,0,4,120,-1,-1,-1,0.0
stage1b_single_agent_tiny,2,1,60600,534,1,75,75,1,0,-1.2199991941452026,0.0,0.0,0.0,0.0625,0.0,0,0,4,120,-1,-1,-1,0.0
stage1b_single_agent_tiny,2,1,60720,535,1,75,75,1,0,-1.2399991750717163,0.0,0.0,0.0,0.0625,0.0,0,0,4,120,-1,-1,-1,0.0
stage1b_single_agent_tiny,2,1,60840,536,1,75,75,1,0,-1.2099992036819458,0.0,0.0,0.0,0.0625,0.0,0,0,4,120,-1,-1,-1,0.0
stage1b_single_agent_tiny,2,1,60960,537,1,75,75,1,0,-1.199999213218689,0.0,0.0,0.0,0.0625,0.0,0,0,4,120,-1,-1,-1,0.0
stage1b_single_agent_tiny,2,1,61080,538,1,75,75,1,0,-1.199999213218689,0.0,0.0,0.0,0.0625,0.0,0,0,4,120,-1,-1,-1,0.0
stage1b_single_agent_tiny,2,1,61200,539,1,75,75,1,0,-1.199999213218689,0.0,0.0,0.0,0.0625,0.0,0,0,4,120,-1,-1,-1,0.0
stage1b_single_agent_tiny,2,1,61320,540,1,75,75,1,0,-1.2101716995239258,0.0,0.0,0.0,0.0625,0.0,0,0,4,120,-1,-1,-1,0.0
stage1b_single_agent_tiny,2,1,61440,541,1,75,75,1,0,-1.2199991941452026,0.0,0.0,0.0,0.0625,0.0,0,0,4,120,-1,-1,-1,0.0
stage1b_single_agent_tiny,2,1,61560,542,1,75,75,1,0,-1.199999213218689,0.0,0.0,0.0,0.0625,0.0,0,0,4,120,-1,-1,-1,0.0
stage1b_single_agent_tiny,2,1,61680,543,1,75,75,1,0,-1.2099992036819458,0.0,0.0,0.0,0.0625,0.0,0,0,4,120,-1,-1,-1,0.0
stage1b_single_agent_tiny,2,1,61800,544,1,75,75,1,0,-1.199999213218689,0.0,0.0,0.0,0.0625,0.0,0,0,4,120,-1,-1,-1,0.0
stage1b_single_agent_tiny,2,1,61920,545,1,75,75,1,0,-1.199999213218689,0.0,0.0,0.0,0.0625,0.0,0,0,4,120,-1,-1,-1,0.0
stage1b_single_agent_tiny,2,1,62040,546,1,75,75,1,0,-1.199999213218689,0.0,0.0,0.0,0.0625,0.0,0,0,4,120,-1,-1,-1,0.0
stage1b_single_agent_tiny,2,1,62160,547,1,75,75,1,0,-1.199999213218689,0.0,0.0,0.0,0.0625,0.0,0,0,4,120,-1,-1,-1,0.0
stage1b_single_agent_tiny,2,1,62280,548,1,75,75,1,0,-1.199999213218689,0.0,0.0,0.0,0.0625,0.0,0,0,4,120,-1,-1,-1,0.0
stage1b_single_agent_tiny,2,1,62400,549,1,75,75,1,0,-1.199999213218689,0.0,0.0,0.0,0.0625,0.0,0,0,4,120,-1,-1,-1,0.0
stage1b_single_agent_tiny,2,1,62520,550,1,75,75,1,0,-1.199999213218689,0.0,0.0,0.0,0.0625,0.0,0,0,4,120,-1,-1,-1,0.0
stage1b_single_agent_tiny,2,1,62640,551,1,75,75,1,0,-1.199999213218689,0.0,0.0,0.0,0.0625,0.0,0,0,4,120,-1,-1,-1,0.0
stage1b_single_agent_tiny,2,1,62760,552,1,75,75,1,0,-1.2399991750717163,0.0,0.0,0.0,0.0625,0.0,0,0,4,120,-1,-1,-1,0.0
stage1b_single_agent_tiny,2,1,62880,553,1,75,75,1,0,-1.2099992036819458,0.0,0.0,0.0,0.0625,0.0,0,0,4,120,-1,-1,-1,0.0
stage1b_single_agent_tiny,2,1,63000,554,1,75,75,1,0,-1.199999213218689,0.0,0.0,0.0,0.0625,0.0,0,0,4,120,-1,-1,-1,0.0
stage1b_single_agent_tiny,2,1,63120,555,1,75,75,1,0,-1.199999213218689,0.0,0.0,0.0,0.0625,0.0,0,0,4,120,-1,-1,-1,0.0
stage1b_single_agent_tiny,2,1,63240,556,1,75,75,1,0,-1.199999213218689,0.0,0.0,0.0,0.0625,0.0,0,0,4,120,-1,-1,-1,0.0
stage1b_single_agent_tiny,2,1,63360,557,1,75,75,1,0,-1.0599993467330933,0.0,0.0,0.0,0.0625,0.0,0,0,4,120,-1,-1,-1,0.0
stage1b_single_agent_tiny,2,1,63480,558,1,75,75,1,0,-1.2199991941452026,0.0,0.0,0.0,0.0625,0.0,0,0,4,120,-1,-1,-1,0.0
stage1b_single_agent_tiny,2,1,63600,559,1,75,75,1,0,-1.2098963260650635,0.0,0.0,0.0,0.0625,0.0,0,0,4,120,-1,-1,-1,0.0
stage1b_single_agent_tiny,2,1,63720,560,1,75,75,1,0,-1.2199991941452026,0.0,0.0,0.0,0.0625,0.0,0,0,4,120,-1,-1,-1,0.0
stage1b_single_agent_tiny,2,1,63840,561,1,75,75,1,0,-2.729998826980591,0.0,0.0,0.0,0.0625,0.0,0,0,4,120,-1,-1,-1,0.0
stage1b_single_agent_tiny,2,1,63960,562,1,75,75,1,0,-1.2499991655349731,0.0,0.0,0.0,0.0625,0.0,0,0,4,120,-1,-1,-1,0.0
stage1b_single_agent_tiny,2,1,64080,563,1,75,75,1,0,-1.2099992036819458,0.0,0.0,0.0,0.0625,0.0,0,0,4,120,-1,-1,-1,0.0
stage1b_single_agent_tiny,2,1,64200,564,1,75,75,1,0,-1.199999213218689,0.0,0.0,0.0,0.0625,0.0,0,0,4,120,-1,-1,-1,0.0
stage1b_single_agent_tiny,2,1,64320,565,1,75,75,1,0,-1.2299991846084595,0.0,0.0,0.0,0.0625,0.0,0,0,4,120,-1,-1,-1,0.0
stage1b_single_agent_tiny,2,1,64440,566,1,75,75,1,0,-1.2099992036819458,0.0,0.0,0.0,0.0625,0.0,0,0,4,120,-1,-1,-1,0.0
stage1b_single_agent_tiny,2,1,64560,567,1,75,75,1,0,-1.2099992036819458,0.0,0.0,0.0,0.0625,0.0,0,0,4,120,-1,-1,-1,0.0
stage1b_single_agent_tiny,2,1,64680,568,1,75,75,1,0,-1.199999213218689,0.0,0.0,0.0,0.0625,0.0,0,0,4,120,-1,-1,-1,0.0
stage1b_single_agent_tiny,2,1,64800,569,1,75,75,1,0,-1.2099992036819458,0.0,0.0,0.0,0.0625,0.0,0,0,4,120,-1,-1,-1,0.0
stage1b_single_agent_tiny,2,1,64920,570,1,75,75,1,0,-1.199999213218689,0.0,0.0,0.0,0.0625,0.0,0,0,4,120,-1,-1,-1,0.0
stage1b_single_agent_tiny,2,1,65040,571,1,75,75,1,0,-1.199999213218689,0.0,0.0,0.0,0.0625,0.0,0,0,4,120,-1,-1,-1,0.0
stage1b_single_agent_tiny,2,1,65160,572,1,75,75,1,0,-1.199999213218689,0.0,0.0,0.0,0.0625,0.0,0,0,4,120,-1,-1,-1,0.0
stage1b_single_agent_tiny,2,1,65280,573,1,75,75,1,0,-1.199999213218689,0.0,0.0,0.0,0.0625,0.0,0,0,4,120,-1,-1,-1,0.0
stage1b_single_agent_tiny,2,1,65400,574,1,75,75,1,0,-1.2103363275527954,0.0,0.0,0.0,0.0625,0.0,0,0,4,120,-1,-1,-1,0.0
stage1b_single_agent_tiny,2,1,65520,575,1,75,75,1,0,-1.2099992036819458,0.0,0.0,0.0,0.0625,0.0,0,0,4,120,-1,-1,-1,0.0
stage1b_single_agent_tiny,2,1,65640,576,1,75,75,1,0,-1.199999213218689,0.0,0.0,0.0,0.0625,0.0,0,0,4,120,-1,-1,-1,0.0
stage1b_single_agent_tiny,2,1,65760,577,1,75,75,1,0,-1.2099992036819458,0.0,0.0,0.0,0.0625,0.0,0,0,4,120,-1,-1,-1,0.0
stage1b_single_agent_tiny,2,1,65880,578,1,75,75,1,0,-1.199999213218689,0.0,0.0,0.0,0.0625,0.0,0,0,4,120,-1,-1,-1,0.0
stage1b_single_agent_tiny,2,1,66000,579,1,75,75,1,0,-1.2199991941452026,0.0,0.0,0.0,0.0625,0.0,0,0,4,120,-1,-1,-1,0.0
stage1b_single_agent_tiny,2,1,66120,580,1,75,75,1,0,-1.2099992036819458,0.0,0.0,0.0,0.0625,0.0,0,0,4,120,-1,-1,-1,0.0
stage1b_single_agent_tiny,2,1,66240,581,1,75,75,1,0,-1.2199991941452026,0.0,0.0,0.0,0.0625,0.0,0,0,4,120,-1,-1,-1,0.0
stage1b_single_agent_tiny,2,1,66360,582,1,75,75,1,0,-1.2094405889511108,0.0,0.0,0.0,0.0625,0.0,0,0,4,120,-1,-1,-1,0.0
stage1b_single_agent_tiny,2,1,66480,583,1,75,75,1,0,-1.199999213218689,0.0,0.0,0.0,0.0625,0.0,0,0,4,120,-1,-1,-1,0.0
stage1b_single_agent_tiny,2,1,66600,584,1,75,75,1,0,-1.2099992036819458,0.0,0.0,0.0,0.0625,0.0,0,0,4,120,-1,-1,-1,0.0
stage1b_single_agent_tiny,2,1,66720,585,1,75,75,1,0,-1.199999213218689,0.0,0.0,0.0,0.0625,0.0,0,0,4,120,-1,-1,-1,0.0
stage1b_single_agent_tiny,2,1,66840,586,1,75,75,1,0,-2.7292120456695557,0.0,0.0,0.0,0.0625,0.0,0,0,4,120,-1,-1,-1,0.0
stage1b_single_agent_tiny,2,1,66960,587,1,75,75,1,0,-1.2099992036819458,0.0,0.0,0.0,0.0625,0.0,0,0,4,120,-1,-1,-1,0.0
stage1b_single_agent_tiny,2,1,67080,588,1,75,75,1,0,-1.2099992036819458,0.0,0.0,0.0,0.0625,0.0,0,0,4,120,-1,-1,-1,0.0
stage1b_single_agent_tiny,2,1,67200,589,1,75,75,1,0,-1.199999213218689,0.0,0.0,0.0,0.0625,0.0,0,0,4,120,-1,-1,-1,0.0
stage1b_single_agent_tiny,2,1,67320,590,1,75,75,1,0,-1.2099992036819458,0.0,0.0,0.0,0.0625,0.0,0,0,4,120,-1,-1,-1,0.0
stage1b_single_agent_tiny,2,1,67440,591,1,75,75,1,0,-1.199999213218689,0.0,0.0,0.0,0.125,0.0,0,0,4,120,-1,-1,-1,0.0
stage1b_single_agent_tiny,2,1,67560,592,1,75,75,1,0,-1.199999213218689,0.0,0.0,0.0,0.0625,0.0,0,0,4,120,-1,-1,-1,0.0
stage1b_single_agent_tiny,2,1,67680,593,1,75,75,1,0,-2.710195302963257,0.0,0.0,0.0,0.0625,0.0,0,0,4,120,-1,-1,-1,0.0
stage1b_single_agent_tiny,2,1,67800,594,1,75,75,1,0,-1.2099992036819458,0.0,0.0,0.0,0.0625,0.0,0,0,4,120,-1,-1,-1,0.0
stage1b_single_agent_tiny,2,1,67920,595,1,75,75,1,0,-1.2099992036819458,0.0,0.0,0.0,0.0625,0.0,0,0,4,120,-1,-1,-1,0.0
stage1b_single_agent_tiny,2,1,68040,596,1,75,75,1,0,-1.1899992227554321,0.0,0.0,0.0,0.125,0.0,0,0,4,120,-1,-1,-1,0.0
stage1b_single_agent_tiny,2,1,68160,597,1,75,75,1,0,-1.2099992036819458,0.0,0.0,0.0,0.0625,0.0,0,0,4,120,-1,-1,-1,0.0
stage1b_single_agent_tiny,2,1,68280,598,1,75,75,1,0,-1.2099992036819458,0.0,0.0,0.0,0.0625,0.0,0,0,4,120,-1,-1,-1,0.0
stage1b_single_agent_tiny,2,1,68400,599,1,75,75,1,0,-1.199999213218689,0.0,0.0,0.0,0.0625,0.0,0,0,4,120,-1,-1,-1,0.0
stage1b_single_agent_tiny,2,1,68520,600,1,75,75,1,0,-1.199999213218689,0.0,0.0,0.0,0.0625,0.0,0,0,4,120,-1,-1,-1,0.0
stage1b_single_agent_tiny,2,1,68640,601,1,75,75,1,0,-1.2099992036819458,0.0,0.0,0.0,0.0625,0.0,0,0,4,120,-1,-1,-1,0.0
stage1b_single_agent_tiny,2,1,68760,602,1,75,75,1,0,-1.199999213218689,0.0,0.0,0.0,0.0625,0.0,0,0,4,120,-1,-1,-1,0.0
stage1b_single_agent_tiny,2,1,68880,603,1,75,75,1,0,-1.199999213218689,0.0,0.0,0.0,0.0625,0.0,0,0,4,120,-1,-1,-1,0.0
stage1b_single_agent_tiny,2,1,69000,604,1,75,75,1,0,-1.199999213218689,0.0,0.0,0.0,0.0625,0.0,0,0,4,120,-1,-1,-1,0.0
stage1b_single_agent_tiny,2,1,69120,605,1,75,75,1,0,-1.199999213218689,0.0,0.0,0.0,0.0625,0.0,0,0,4,120,-1,-1,-1,0.0
stage1b_single_agent_tiny,2,1,69240,606,1,75,75,1,0,-2.719998836517334,0.0,0.0,0.0,0.0625,0.0,0,0,4,120,-1,-1,-1,0.0
stage1b_single_agent_tiny,2,1,69360,607,1,75,75,1,0,-1.199999213218689,0.0,0.0,0.0,0.0625,0.0,0,0,4,120,-1,-1,-1,0.0
stage1b_single_agent_tiny,2,1,69480,608,1,75,75,1,0,-1.199999213218689,0.0,0.0,0.0,0.0625,0.0,0,0,4,120,-1,-1,-1,0.0
stage1b_single_agent_tiny,2,1,69600,609,1,75,75,1,0,-1.199999213218689,0.0,0.0,0.0,0.0625,0.0,0,0,4,120,-1,-1,-1,0.0
stage1b_single_agent_tiny,2,1,69720,610,1,75,75,1,0,-1.199999213218689,0.0,0.0,0.0,0.0625,0.0,0,0,4,120,-1,-1,-1,0.0
stage1b_single_agent_tiny,2,1,69840,611,1,75,75,1,0,-1.199999213218689,0.0,0.0,0.0,0.0625,0.0,0,0,4,120,-1,-1,-1,0.0
stage1b_single_agent_tiny,2,1,69960,612,1,75,75,1,0,-1.2099992036819458,0.0,0.0,0.0,0.0625,0.0,0,0,4,120,-1,-1,-1,0.0
stage1b_single_agent_tiny,2,1,70080,613,1,75,75,1,0,-1.199999213218689,0.0,0.0,0.0,0.0625,0.0,0,0,4,120,-1,-1,-1,0.0
stage1b_single_agent_tiny,2,1,70200,614,1,75,75,1,0,-1.199999213218689,0.0,0.0,0.0,0.0625,0.0,0,0,4,120,-1,-1,-1,0.0
stage1b_single_agent_tiny,2,1,70320,615,1,75,75,1,0,-1.199999213218689,0.0,0.0,0.0,0.0625,0.0,0,0,4,120,-1,-1,-1,0.0
stage1b_single_agent_tiny,2,1,70440,616,1,75,75,1,0,-1.199999213218689,0.0,0.0,0.0,0.0625,0.0,0,0,4,120,-1,-1,-1,0.0
stage1b_single_agent_tiny,2,1,70560,617,1,75,75,1,0,-1.2105591297149658,0.0,0.0,0.0,0.0625,0.0,0,0,4,120,-1,-1,-1,0.0
stage1b_single_agent_tiny,2,1,70680,618,1,75,75,1,0,-1.2099992036819458,0.0,0.0,0.0,0.0625,0.0,0,0,4,120,-1,-1,-1,0.0
stage1b_single_agent_tiny,2,1,70800,619,1,75,75,1,0,-1.199999213218689,0.0,0.0,0.0,0.0625,0.0,0,0,4,120,-1,-1,-1,0.0
stage1b_single_agent_tiny,2,1,70920,620,1,75,75,1,0,-1.199999213218689,0.0,0.0,0.0,0.0625,0.0,0,0,4,120,-1,-1,-1,0.0
stage1b_single_agent_tiny,2,1,71040,621,1,75,75,1,0,-1.2099992036819458,0.0,0.0,0.0,0.0625,0.0,0,0,4,120,-1,-1,-1,0.0
stage1b_single_agent_tiny,2,1,71160,622,1,75,75,1,0,-1.199999213218689,0.0,0.0,0.0,0.0625,0.0,0,0,4,120,-1,-1,-1,0.0
stage1b_single_agent_tiny,2,1,71280,623,1,75,75,1,0,-1.199999213218689,0.0,0.0,0.0,0.0625,0.0,0,0,4,120,-1,-1,-1,0.0
stage1b_single_agent_tiny,2,1,71400,624,1,75,75,1,0,-1.199999213218689,0.0,0.0,0.0,0.0625,0.0,0,0,4,120,-1,-1,-1,0.0
stage1b_single_agent_tiny,2,1,71520,625,1,75,75,1,0,-1.199999213218689,0.0,0.0,0.0,0.0625,0.0,0,0,4,120,-1,-1,-1,0.0
stage1b_single_agent_tiny,2,1,71640,626,1,75,75,1,0,-1.199999213218689,0.0,0.0,0.0,0.0625,0.0,0,0,4,120,-1,-1,-1,0.0
stage1b_single_agent_tiny,2,1,71760,627,1,75,75,1,0,-1.199999213218689,0.0,0.0,0.0,0.0625,0.0,0,0,4,120,-1,-1,-1,0.0
stage1b_single_agent_tiny,2,1,71880,628,1,75,75,1,0,-1.199999213218689,0.0,0.0,0.0,0.0625,0.0,0,0,4,120,-1,-1,-1,0.0
stage1b_single_agent_tiny,2,1,72000,629,1,75,75,1,0,-1.199999213218689,0.0,0.0,0.0,0.0625,0.0,0,0,4,120,-1,-1,-1,0.0
stage1b_single_agent_tiny,2,1,72120,630,1,75,75,1,0,-1.199999213218689,0.0,0.0,0.0,0.0625,0.0,0,0,4,120,-1,-1,-1,0.0
stage1b_single_agent_tiny,2,1,72240,631,1,75,75,1,0,-1.209834337234497,0.0,0.0,0.0,0.0625,0.0,0,0,4,120,-1,-1,-1,0.0
stage1b_single_agent_tiny,2,1,72360,632,1,75,75,1,0,-1.2099992036819458,0.0,0.0,0.0,0.0625,0.0,0,0,4,120,-1,-1,-1,0.0
stage1b_single_agent_tiny,2,1,72480,633,1,75,75,1,0,-1.199999213218689,0.0,0.0,0.0,0.0625,0.0,0,0,4,120,-1,-1,-1,0.0
stage1b_single_agent_tiny,2,1,72600,634,1,75,75,1,0,-1.199999213218689,0.0,0.0,0.0,0.0625,0.0,0,0,4,120,-1,-1,-1,0.0
stage1b_single_agent_tiny,2,1,72720,635,1,75,75,1,0,-1.199999213218689,0.0,0.0,0.0,0.0625,0.0,0,0,4,120,-1,-1,-1,0.0
stage1b_single_agent_tiny,2,1,72840,636,1,75,75,1,0,-1.199999213218689,0.0,0.0,0.0,0.0625,0.0,0,0,4,120,-1,-1,-1,0.0
stage1b_single_agent_tiny,2,1,72960,637,1,75,75,1,0,-1.199999213218689,0.0,0.0,0.0,0.0625,0.0,0,0,4,120,-1,-1,-1,0.0
stage1b_single_agent_tiny,2,1,73080,638,1,75,75,1,0,-1.2101718187332153,0.0,0.0,0.0,0.0625,0.0,0,0,4,120,-1,-1,-1,0.0
stage1b_single_agent_tiny,2,1,73200,639,1,75,75,1,0,-1.199999213218689,0.0,0.0,0.0,0.0625,0.0,0,0,4,120,-1,-1,-1,0.0
stage1b_single_agent_tiny,2,1,73320,640,1,75,75,1,0,-1.199999213218689,0.0,0.0,0.0,0.0625,0.0,0,0,4,120,-1,-1,-1,0.0
stage1b_single_agent_tiny,2,1,73440,641,1,75,75,1,0,-1.199999213218689,0.0,0.0,0.0,0.0625,0.0,0,0,4,120,-1,-1,-1,0.0
stage1b_single_agent_tiny,2,1,73560,642,1,75,75,1,0,-1.199999213218689,0.0,0.0,0.0,0.0625,0.0,0,0,4,120,-1,-1,-1,0.0
stage1b_single_agent_tiny,2,1,73680,643,1,75,75,1,0,-1.2099992036819458,0.0,0.0,0.0,0.0625,0.0,0,0,4,120,-1,-1,-1,0.0
stage1b_single_agent_tiny,2,1,73800,644,1,75,75,1,0,-1.2099992036819458,0.0,0.0,0.0,0.0625,0.0,0,0,4,120,-1,-1,-1,0.0
stage1b_single_agent_tiny,2,1,73920,645,1,75,75,1,0,-1.0599993467330933,0.0,0.0,0.0,0.0625,0.0,0,0,4,120,-1,-1,-1,0.0
stage1b_single_agent_tiny,2,1,74040,646,1,75,75,1,0,-1.199999213218689,0.0,0.0,0.0,0.0625,0.0,0,0,4,120,-1,-1,-1,0.0
stage1b_single_agent_tiny,2,1,74160,647,1,75,75,1,0,-1.2099992036819458,0.0,0.0,0.0,0.0625,0.0,0,0,4,120,-1,-1,-1,0.0
stage1b_single_agent_tiny,2,1,74280,648,1,75,75,1,0,-1.199999213218689,0.0,0.0,0.0,0.0625,0.0,0,0,4,120,-1,-1,-1,0.0
stage1b_single_agent_tiny,2,1,74400,649,1,75,75,1,0,-1.199999213218689,0.0,0.0,0.0,0.0625,0.0,0,0,4,120,-1,-1,-1,0.0
stage1b_single_agent_tiny,2,1,74520,650,1,75,75,1,0,-1.199999213218689,0.0,0.0,0.0,0.0625,0.0,0,0,4,120,-1,-1,-1,0.0
stage1b_single_agent_tiny,2,1,74640,651,1,75,75,1,0,-1.199999213218689,0.0,0.0,0.0,0.0625,0.0,0,0,4,120,-1,-1,-1,0.0
stage1b_single_agent_tiny,2,1,74760,652,1,75,75,1,0,-1.199999213218689,0.0,0.0,0.0,0.0625,0.0,0,0,4,120,-1,-1,-1,0.0
stage1b_single_agent_tiny,2,1,74880,653,1,75,75,1,0,-1.199999213218689,0.0,0.0,0.0,0.0625,0.0,0,0,4,120,-1,-1,-1,0.0
stage1b_single_agent_tiny,2,1,75000,654,1,75,75,1,0,-1.199999213218689,0.0,0.0,0.0,0.0625,0.0,0,0,4,120,-1,-1,-1,0.0
stage1b_single_agent_tiny,2,1,75120,655,1,75,75,1,0,-1.199999213218689,0.0,0.0,0.0,0.0625,0.0,0,0,4,120,-1,-1,-1,0.0
stage1b_single_agent_tiny,2,1,75240,656,1,75,75,1,0,-1.2299991846084595,0.0,0.0,0.0,0.0625,0.0,0,0,4,120,-1,-1,-1,0.0
stage1b_single_agent_tiny,2,1,75360,657,1,75,75,1,0,-1.2199991941452026,0.0,0.0,0.0,0.0625,0.0,0,0,4,120,-1,-1,-1,0.0
stage1b_single_agent_tiny,2,1,75480,658,1,75,75,1,0,-1.199999213218689,0.0,0.0,0.0,0.0625,0.0,0,0,4,120,-1,-1,-1,0.0
stage1b_single_agent_tiny,2,1,75600,659,1,75,75,1,0,-1.199999213218689,0.0,0.0,0.0,0.0625,0.0,0,0,4,120,-1,-1,-1,0.0
stage1b_single_agent_tiny,2,1,75720,660,1,75,75,1,0,-1.2099992036819458,0.0,0.0,0.0,0.0625,0.0,0,0,4,120,-1,-1,-1,0.0
stage1b_single_agent_tiny,2,1,75840,661,1,75,75,1,0,-1.2199991941452026,0.0,0.0,0.0,0.0625,0.0,0,0,4,120,-1,-1,-1,0.0
stage1b_single_agent_tiny,2,1,75960,662,1,75,75,1,0,-1.2099992036819458,0.0,0.0,0.0,0.0625,0.0,0,0,4,120,-1,-1,-1,0.0
stage1b_single_agent_tiny,2,1,76080,663,1,75,75,1,0,-1.2099992036819458,0.0,0.0,0.0,0.0625,0.0,0,0,4,120,-1,-1,-1,0.0
stage1b_single_agent_tiny,2,1,76200,664,1,75,75,1,0,-1.199999213218689,0.0,0.0,0.0,0.0625,0.0,0,0,4,120,-1,-1,-1,0.0
stage1b_single_agent_tiny,2,1,76320,665,1,75,75,1,0,-1.2099992036819458,0.0,0.0,0.0,0.0625,0.0,0,0,4,120,-1,-1,-1,0.0
stage1b_single_agent_tiny,2,1,76440,666,1,75,75,1,0,-1.199999213218689,0.0,0.0,0.0,0.0625,0.0,0,0,4,120,-1,-1,-1,0.0
stage1b_single_agent_tiny,2,1,76560,667,1,75,75,1,0,-1.199999213218689,0.0,0.0,0.0,0.0625,0.0,0,0,4,120,-1,-1,-1,0.0
stage1b_single_agent_tiny,2,1,76680,668,1,75,75,1,0,-1.199999213218689,0.0,0.0,0.0,0.0625,0.0,0,0,4,120,-1,-1,-1,0.0
stage1b_single_agent_tiny,2,1,76800,669,1,75,75,1,0,-1.199999213218689,0.0,0.0,0.0,0.0625,0.0,0,0,4,120,-1,-1,-1,0.0
stage1b_single_agent_tiny,2,1,76920,670,1,75,75,1,0,-1.2099992036819458,0.0,0.0,0.0,0.0625,0.0,0,0,4,120,-1,-1,-1,0.0
stage1b_single_agent_tiny,2,1,77040,671,1,75,75,1,0,-1.199999213218689,0.0,0.0,0.0,0.0625,0.0,0,0,4,120,-1,-1,-1,0.0
stage1b_single_agent_tiny,2,1,77160,672,1,75,75,1,0,-1.199999213218689,0.0,0.0,0.0,0.0625,0.0,0,0,4,120,-1,-1,-1,0.0
stage1b_single_agent_tiny,2,1,77280,673,1,75,75,1,0,-1.199999213218689,0.0,0.0,0.0,0.0625,0.0,0,0,4,120,-1,-1,-1,0.0
stage1b_single_agent_tiny,2,1,77400,674,1,75,75,1,0,-1.199999213218689,0.0,0.0,0.0,0.0625,0.0,0,0,4,120,-1,-1,-1,0.0
stage1b_single_agent_tiny,2,1,77520,675,1,75,75,1,0,-1.199999213218689,0.0,0.0,0.0,0.0625,0.0,0,0,4,120,-1,-1,-1,0.0
stage1b_single_agent_tiny,2,1,77640,676,1,75,75,1,0,-1.199999213218689,0.0,0.0,0.0,0.0625,0.0,0,0,4,120,-1,-1,-1,0.0
stage1b_single_agent_tiny,2,1,77760,677,1,75,75,1,0,-1.2099992036819458,0.0,0.0,0.0,0.0625,0.0,0,0,4,120,-1,-1,-1,0.0
stage1b_single_agent_tiny,2,1,77880,678,1,75,75,1,0,-1.199999213218689,0.0,0.0,0.0,0.0625,0.0,0,0,4,120,-1,-1,-1,0.0
stage1b_single_agent_tiny,2,1,78000,679,1,75,75,1,0,-1.199999213218689,0.0,0.0,0.0,0.0625,0.0,0,0,4,120,-1,-1,-1,0.0
stage1b_single_agent_tiny,2,1,78120,680,1,75,75,1,0,-1.199999213218689,0.0,0.0,0.0,0.0625,0.0,0,0,4,120,-1,-1,-1,0.0
stage1b_single_agent_tiny,2,1,78240,681,1,75,75,1,0,-1.199999213218689,0.0,0.0,0.0,0.0625,0.0,0,0,4,120,-1,-1,-1,0.0
stage1b_single_agent_tiny,2,1,78360,682,1,75,75,1,0,-1.2099992036819458,0.0,0.0,0.0,0.0625,0.0,0,0,4,120,-1,-1,-1,0.0
stage1b_single_agent_tiny,2,1,78480,683,1,75,75,1,0,-1.199999213218689,0.0,0.0,0.0,0.0625,0.0,0,0,4,120,-1,-1,-1,0.0
stage1b_single_agent_tiny,2,1,78600,684,1,75,75,1,0,-1.199999213218689,0.0,0.0,0.0,0.0625,0.0,0,0,4,120,-1,-1,-1,0.0
stage1b_single_agent_tiny,2,1,78720,685,1,75,75,1,0,-1.2099992036819458,0.0,0.0,0.0,0.0625,0.0,0,0,4,120,-1,-1,-1,0.0
stage1b_single_agent_tiny,2,1,78840,686,1,75,75,1,0,-1.199999213218689,0.0,0.0,0.0,0.0625,0.0,0,0,4,120,-1,-1,-1,0.0
stage1b_single_agent_tiny,2,1,78960,687,1,75,75,1,0,-1.2099992036819458,0.0,0.0,0.0,0.0625,0.0,0,0,4,120,-1,-1,-1,0.0
stage1b_single_agent_tiny,2,1,79080,688,1,75,75,1,0,-1.199999213218689,0.0,0.0,0.0,0.0625,0.0,0,0,4,120,-1,-1,-1,0.0
stage1b_single_agent_tiny,2,1,79200,689,1,75,75,1,0,-1.199999213218689,0.0,0.0,0.0,0.0625,0.0,0,0,4,120,-1,-1,-1,0.0
stage1b_single_agent_tiny,2,1,79320,690,1,75,75,1,0,-1.199999213218689,0.0,0.0,0.0,0.0625,0.0,0,0,4,120,-1,-1,-1,0.0
stage1b_single_agent_tiny,2,1,79440,691,1,75,75,1,0,-1.199999213218689,0.0,0.0,0.0,0.0625,0.0,0,0,4,120,-1,-1,-1,0.0
stage1b_single_agent_tiny,2,1,79560,692,1,75,75,1,0,-1.199999213218689,0.0,0.0,0.0,0.0625,0.0,0,0,4,120,-1,-1,-1,0.0
stage1b_single_agent_tiny,2,1,79680,693,1,75,75,1,0,-1.199999213218689,0.0,0.0,0.0,0.0625,0.0,0,0,4,120,-1,-1,-1,0.0
stage1b_single_agent_tiny,2,1,79800,694,1,75,75,1,0,-1.199999213218689,0.0,0.0,0.0,0.0625,0.0,0,0,4,120,-1,-1,-1,0.0
stage1b_single_agent_tiny,2,1,79920,695,1,75,75,1,0,-1.199999213218689,0.0,0.0,0.0,0.0625,0.0,0,0,4,120,-1,-1,-1,0.0
stage1b_single_agent_tiny,2,1,80040,696,1,75,75,1,0,-1.199999213218689,0.0,0.0,0.0,0.0625,0.0,0,0,4,120,-1,-1,-1,0.0
stage1b_single_agent_tiny,2,1,80160,697,1,75,75,1,0,-1.199999213218689,0.0,0.0,0.0,0.0625,0.0,0,0,4,120,-1,-1,-1,0.0
stage1b_single_agent_tiny,2,1,80280,698,1,75,75,1,0,-1.199999213218689,0.0,0.0,0.0,0.0625,0.0,0,0,4,120,-1,-1,-1,0.0
stage1b_single_agent_tiny,2,1,80400,699,1,75,75,1,0,-1.199999213218689,0.0,0.0,0.0,0.0625,0.0,0,0,4,120,-1,-1,-1,0.0
stage1b_single_agent_tiny,2,1,80520,700,1,75,75,1,0,-1.199999213218689,0.0,0.0,0.0,0.0625,0.0,0,0,4,120,-1,-1,-1,0.0
stage1b_single_agent_tiny,2,1,80640,701,1,75,75,1,0,-1.2099992036819458,0.0,0.0,0.0,0.0625,0.0,0,0,4,120,-1,-1,-1,0.0
stage1b_single_agent_tiny,2,1,80760,702,1,75,75,1,0,-1.199999213218689,0.0,0.0,0.0,0.0625,0.0,0,0,4,120,-1,-1,-1,0.0
stage1b_single_agent_tiny,2,1,80880,703,1,75,75,1,0,-1.199999213218689,0.0,0.0,0.0,0.0625,0.0,0,0,4,120,-1,-1,-1,0.0
stage1b_single_agent_tiny,2,1,81000,704,1,75,75,1,0,-1.199999213218689,0.0,0.0,0.0,0.0625,0.0,0,0,4,120,-1,-1,-1,0.0
stage1b_single_agent_tiny,2,1,81120,705,1,75,75,1,0,-1.0599993467330933,0.0,0.0,0.0,0.0625,0.0,0,0,4,120,-1,-1,-1,0.0
stage1b_single_agent_tiny,2,1,81240,706,1,75,75,1,0,-1.199999213218689,0.0,0.0,0.0,0.0625,0.0,0,0,4,120,-1,-1,-1,0.0
stage1b_single_agent_tiny,2,1,81360,707,1,75,75,1,0,-1.199999213218689,0.0,0.0,0.0,0.0625,0.0,0,0,4,120,-1,-1,-1,0.0
stage1b_single_agent_tiny,2,1,81480,708,1,75,75,1,0,-1.2099992036819458,0.0,0.0,0.0,0.0625,0.0,0,0,4,120,-1,-1,-1,0.0
stage1b_single_agent_tiny,2,1,81600,709,1,75,75,1,0,-1.199999213218689,0.0,0.0,0.0,0.0625,0.0,0,0,4,120,-1,-1,-1,0.0
stage1b_single_agent_tiny,2,1,81720,710,1,75,75,1,0,-1.199999213218689,0.0,0.0,0.0,0.0625,0.0,0,0,4,120,-1,-1,-1,0.0
stage1b_single_agent_tiny,2,1,81840,711,1,75,75,1,0,-1.199999213218689,0.0,0.0,0.0,0.0625,0.0,0,0,4,120,-1,-1,-1,0.0
stage1b_single_agent_tiny,2,1,81960,712,1,75,75,1,0,-1.199999213218689,0.0,0.0,0.0,0.0625,0.0,0,0,4,120,-1,-1,-1,0.0
stage1b_single_agent_tiny,2,1,82080,713,1,75,75,1,0,-1.199999213218689,0.0,0.0,0.0,0.0625,0.0,0,0,4,120,-1,-1,-1,0.0
stage1b_single_agent_tiny,2,1,82200,714,1,75,75,1,0,-1.199999213218689,0.0,0.0,0.0,0.0625,0.0,0,0,4,120,-1,-1,-1,0.0
stage1b_single_agent_tiny,2,1,82320,715,1,75,75,1,0,-1.199999213218689,0.0,0.0,0.0,0.0625,0.0,0,0,4,120,-1,-1,-1,0.0
stage1b_single_agent_tiny,2,1,82440,716,1,75,75,1,0,-1.199999213218689,0.0,0.0,0.0,0.0625,0.0,0,0,4,120,-1,-1,-1,0.0
stage1b_single_agent_tiny,2,1,82560,717,1,75,75,1,0,-1.199999213218689,0.0,0.0,0.0,0.0625,0.0,0,0,4,120,-1,-1,-1,0.0
stage1b_single_agent_tiny,2,1,82680,718,1,75,75,1,0,-1.199999213218689,0.0,0.0,0.0,0.0625,0.0,0,0,4,120,-1,-1,-1,0.0
stage1b_single_agent_tiny,2,1,82800,719,1,75,75,1,0,-1.199999213218689,0.0,0.0,0.0,0.0625,0.0,0,0,4,120,-1,-1,-1,0.0
stage1b_single_agent_tiny,2,1,82920,720,1,75,75,1,0,-1.2099992036819458,0.0,0.0,0.0,0.0625,0.0,0,0,4,120,-1,-1,-1,0.0
stage1b_single_agent_tiny,2,1,83040,721,1,75,75,1,0,-1.199999213218689,0.0,0.0,0.0,0.0625,0.0,0,0,4,120,-1,-1,-1,0.0
stage1b_single_agent_tiny,2,1,83160,722,1,75,75,1,0,-1.199999213218689,0.0,0.0,0.0,0.0625,0.0,0,0,4,120,-1,-1,-1,0.0
stage1b_single_agent_tiny,2,1,83280,723,1,75,75,1,0,-1.199999213218689,0.0,0.0,0.0,0.0625,0.0,0,0,4,120,-1,-1,-1,0.0
stage1b_single_agent_tiny,2,1,83400,724,1,75,75,1,0,-1.199999213218689,0.0,0.0,0.0,0.0625,0.0,0,0,4,120,-1,-1,-1,0.0
stage1b_single_agent_tiny,2,1,83520,725,1,75,75,1,0,-1.199999213218689,0.0,0.0,0.0,0.0625,0.0,0,0,4,120,-1,-1,-1,0.0
stage1b_single_agent_tiny,2,1,83640,726,1,75,75,1,0,-1.199999213218689,0.0,0.0,0.0,0.0625,0.0,0,0,4,120,-1,-1,-1,0.0
stage1b_single_agent_tiny,2,1,83760,727,1,75,75,1,0,-1.199999213218689,0.0,0.0,0.0,0.0625,0.0,0,0,4,120,-1,-1,-1,0.0
stage1b_single_agent_tiny,2,1,83880,728,1,75,75,1,0,-1.199999213218689,0.0,0.0,0.0,0.0625,0.0,0,0,4,120,-1,-1,-1,0.0
stage1b_single_agent_tiny,2,1,84000,729,1,75,75,1,0,-1.199999213218689,0.0,0.0,0.0,0.0625,0.0,0,0,4,120,-1,-1,-1,0.0
stage1b_single_agent_tiny,2,1,84120,730,1,75,75,1,0,-1.199999213218689,0.0,0.0,0.0,0.0625,0.0,0,0,4,120,-1,-1,-1,0.0
stage1b_single_agent_tiny,2,1,84240,731,1,75,75,1,0,-1.199999213218689,0.0,0.0,0.0,0.0625,0.0,0,0,4,120,-1,-1,-1,0.0
stage1b_single_agent_tiny,2,1,84360,732,1,75,75,1,0,-1.1904178857803345,0.0,0.0,0.0,0.125,0.0,0,0,4,120,-1,-1,-1,0.0
stage1b_single_agent_tiny,2,1,84480,733,1,75,75,1,0,-1.199999213218689,0.0,0.0,0.0,0.0625,0.0,0,0,4,120,-1,-1,-1,0.0
stage1b_single_agent_tiny,2,1,84600,734,1,75,75,1,0,-1.199999213218689,0.0,0.0,0.0,0.0625,0.0,0,0,4,120,-1,-1,-1,0.0
stage1b_single_agent_tiny,2,1,84720,735,1,75,75,1,0,-1.199999213218689,0.0,0.0,0.0,0.0625,0.0,0,0,4,120,-1,-1,-1,0.0
stage1b_single_agent_tiny,2,1,84840,736,1,75,75,1,0,-1.199999213218689,0.0,0.0,0.0,0.0625,0.0,0,0,4,120,-1,-1,-1,0.0
stage1b_single_agent_tiny,2,1,84960,737,1,75,75,1,0,-1.199999213218689,0.0,0.0,0.0,0.0625,0.0,0,0,4,120,-1,-1,-1,0.0
stage1b_single_agent_tiny,2,1,85080,738,1,75,75,1,0,-1.199999213218689,0.0,0.0,0.0,0.0625,0.0,0,0,4,120,-1,-1,-1,0.0
stage1b_single_agent_tiny,2,1,85200,739,1,75,75,1,0,-1.199999213218689,0.0,0.0,0.0,0.0625,0.0,0,0,4,120,-1,-1,-1,0.0
stage1b_single_agent_tiny,2,1,85320,740,1,75,75,1,0,-1.2099992036819458,0.0,0.0,0.0,0.0625,0.0,0,0,4,120,-1,-1,-1,0.0
stage1b_single_agent_tiny,2,1,85440,741,1,75,75,1,0,-1.199999213218689,0.0,0.0,0.0,0.0625,0.0,0,0,4,120,-1,-1,-1,0.0
stage1b_single_agent_tiny,2,1,85560,742,1,75,75,1,0,-1.199999213218689,0.0,0.0,0.0,0.0625,0.0,0,0,4,120,-1,-1,-1,0.0
stage1b_single_agent_tiny,2,1,85680,743,1,75,75,1,0,-1.2099992036819458,0.0,0.0,0.0,0.0625,0.0,0,0,4,120,-1,-1,-1,0.0
stage1b_single_agent_tiny,2,1,85800,744,1,75,75,1,0,-1.199999213218689,0.0,0.0,0.0,0.0625,0.0,0,0,4,120,-1,-1,-1,0.0
stage1b_single_agent_tiny,2,1,85920,745,1,75,75,1,0,-1.199999213218689,0.0,0.0,0.0,0.0625,0.0,0,0,4,120,-1,-1,-1,0.0
stage1b_single_agent_tiny,2,1,86040,746,1,75,75,1,0,-1.199999213218689,0.0,0.0,0.0,0.0625,0.0,0,0,4,120,-1,-1,-1,0.0
stage1b_single_agent_tiny,2,1,86160,747,1,75,75,1,0,-1.2099992036819458,0.0,0.0,0.0,0.0625,0.0,0,0,4,120,-1,-1,-1,0.0
stage1b_single_agent_tiny,2,1,86280,748,1,75,75,1,0,-1.199999213218689,0.0,0.0,0.0,0.0625,0.0,0,0,4,120,-1,-1,-1,0.0
stage1b_single_agent_tiny,2,1,86400,749,1,75,75,1,0,-1.199999213218689,0.0,0.0,0.0,0.0625,0.0,0,0,4,120,-1,-1,-1,0.0
stage1b_single_agent_tiny,2,1,86520,750,1,75,75,1,0,-1.199999213218689,0.0,0.0,0.0,0.0625,0.0,0,0,4,120,-1,-1,-1,0.0
stage1b_single_agent_tiny,2,1,86640,751,1,75,75,1,0,-1.199999213218689,0.0,0.0,0.0,0.0625,0.0,0,0,4,120,-1,-1,-1,0.0
stage1b_single_agent_tiny,2,1,86760,752,1,75,75,1,0,-1.199999213218689,0.0,0.0,0.0,0.0625,0.0,0,0,4,120,-1,-1,-1,0.0
stage1b_single_agent_tiny,2,1,86880,753,1,75,75,1,0,-2.709998846054077,0.0,0.0,0.0,0.0625,0.0,0,0,4,120,-1,-1,-1,0.0
stage1b_single_agent_tiny,2,1,87000,754,1,75,75,1,0,-1.2099992036819458,0.0,0.0,0.0,0.0625,0.0,0,0,4,120,-1,-1,-1,0.0
stage1b_single_agent_tiny,2,1,87120,755,1,75,75,1,0,-1.199999213218689,0.0,0.0,0.0,0.0625,0.0,0,0,4,120,-1,-1,-1,0.0
stage1b_single_agent_tiny,2,1,87240,756,1,75,75,1,0,-1.2099992036819458,0.0,0.0,0.0,0.0625,0.0,0,0,4,120,-1,-1,-1,0.0
stage1b_single_agent_tiny,2,1,87360,757,1,75,75,1,0,-1.199999213218689,0.0,0.0,0.0,0.0625,0.0,0,0,4,120,-1,-1,-1,0.0
stage1b_single_agent_tiny,2,1,87480,758,1,75,75,1,0,-1.199999213218689,0.0,0.0,0.0,0.0625,0.0,0,0,4,120,-1,-1,-1,0.0
stage1b_single_agent_tiny,2,1,87600,759,1,75,75,1,0,-1.199999213218689,0.0,0.0,0.0,0.0625,0.0,0,0,4,120,-1,-1,-1,0.0
stage1b_single_agent_tiny,2,1,87720,760,1,75,75,1,0,-1.199999213218689,0.0,0.0,0.0,0.0625,0.0,0,0,4,120,-1,-1,-1,0.0
stage1b_single_agent_tiny,2,1,87840,761,1,75,75,1,0,-1.199999213218689,0.0,0.0,0.0,0.0625,0.0,0,0,4,120,-1,-1,-1,0.0
stage1b_single_agent_tiny,2,1,87960,762,1,75,75,1,0,-1.199999213218689,0.0,0.0,0.0,0.0625,0.0,0,0,4,120,-1,-1,-1,0.0
stage1b_single_agent_tiny,2,1,88080,763,1,75,75,1,0,-1.2099992036819458,0.0,0.0,0.0,0.0625,0.0,0,0,4,120,-1,-1,-1,0.0
stage1b_single_agent_tiny,2,1,88200,764,1,75,75,1,0,-1.199999213218689,0.0,0.0,0.0,0.0625,0.0,0,0,4,120,-1,-1,-1,0.0
stage1b_single_agent_tiny,2,1,88320,765,1,75,75,1,0,-1.199999213218689,0.0,0.0,0.0,0.0625,0.0,0,0,4,120,-1,-1,-1,0.0
stage1b_single_agent_tiny,2,1,88440,766,1,75,75,1,0,-1.199999213218689,0.0,0.0,0.0,0.0625,0.0,0,0,4,120,-1,-1,-1,0.0
stage1b_single_agent_tiny,2,1,88560,767,1,75,75,1,0,-1.199999213218689,0.0,0.0,0.0,0.0625,0.0,0,0,4,120,-1,-1,-1,0.0
stage1b_single_agent_tiny,2,1,88680,768,1,75,75,1,0,-1.199999213218689,0.0,0.0,0.0,0.0625,0.0,0,0,4,120,-1,-1,-1,0.0
stage1b_single_agent_tiny,2,1,88800,769,1,75,75,1,0,-1.199999213218689,0.0,0.0,0.0,0.0625,0.0,0,0,4,120,-1,-1,-1,0.0
stage1b_single_agent_tiny,2,1,88920,770,1,75,75,1,0,-1.199999213218689,0.0,0.0,0.0,0.0625,0.0,0,0,4,120,-1,-1,-1,0.0
stage1b_single_agent_tiny,2,1,89040,771,1,75,75,1,0,-1.199999213218689,0.0,0.0,0.0,0.0625,0.0,0,0,4,120,-1,-1,-1,0.0
stage1b_single_agent_tiny,2,1,89160,772,1,75,75,1,0,-1.199999213218689,0.0,0.0,0.0,0.0625,0.0,0,0,4,120,-1,-1,-1,0.0
stage1b_single_agent_tiny,2,1,89280,773,1,75,75,1,0,-1.199999213218689,0.0,0.0,0.0,0.0625,0.0,0,0,4,120,-1,-1,-1,0.0
stage1b_single_agent_tiny,2,1,89400,774,1,75,75,1,0,-1.199999213218689,0.0,0.0,0.0,0.0625,0.0,0,0,4,120,-1,-1,-1,0.0
stage1b_single_agent_tiny,2,1,89520,775,1,75,75,1,0,-1.199999213218689,0.0,0.0,0.0,0.0625,0.0,0,0,4,120,-1,-1,-1,0.0
stage1b_single_agent_tiny,2,1,89640,776,1,75,75,1,0,-1.199999213218689,0.0,0.0,0.0,0.0625,0.0,0,0,4,120,-1,-1,-1,0.0
stage1b_single_agent_tiny,2,1,89760,777,1,75,75,1,0,-1.199999213218689,0.0,0.0,0.0,0.0625,0.0,0,0,4,120,-1,-1,-1,0.0
stage1b_single_agent_tiny,2,1,89880,778,1,75,75,1,0,-1.199999213218689,0.0,0.0,0.0,0.0625,0.0,0,0,4,120,-1,-1,-1,0.0
stage1b_single_agent_tiny,2,1,90000,779,1,75,75,1,0,-1.199999213218689,0.0,0.0,0.0,0.0625,0.0,0,0,4,120,-1,-1,-1,0.0
stage1b_single_agent_tiny,2,2,90120,780,1,75,75,1,0,-1.199999213218689,0.0,0.0,0.0,0.0625,0.0,0,0,4,120,-1,-1,-1,0.0
stage1b_single_agent_tiny,2,2,90240,781,1,75,75,1,0,-1.199999213218689,0.0,0.0,0.0,0.0625,0.0,0,0,4,120,-1,-1,-1,0.0
stage1b_single_agent_tiny,2,2,90360,782,1,75,75,1,0,-1.199999213218689,0.0,0.0,0.0,0.0625,0.0,0,0,4,120,-1,-1,-1,0.0
stage1b_single_agent_tiny,2,2,90480,783,1,75,75,1,0,-1.199999213218689,0.0,0.0,0.0,0.0625,0.0,0,0,4,120,-1,-1,-1,0.0
stage1b_single_agent_tiny,2,2,90600,784,1,75,75,1,0,-1.199999213218689,0.0,0.0,0.0,0.0625,0.0,0,0,4,120,-1,-1,-1,0.0
stage1b_single_agent_tiny,2,2,90720,785,1,75,75,1,0,-1.199999213218689,0.0,0.0,0.0,0.0625,0.0,0,0,4,120,-1,-1,-1,0.0
stage1b_single_agent_tiny,2,2,90840,786,1,75,75,1,0,-1.199999213218689,0.0,0.0,0.0,0.0625,0.0,0,0,4,120,-1,-1,-1,0.0
stage1b_single_agent_tiny,2,2,90960,787,1,75,75,1,0,-1.199999213218689,0.0,0.0,0.0,0.0625,0.0,0,0,4,120,-1,-1,-1,0.0
stage1b_single_agent_tiny,2,2,91080,788,1,75,75,1,0,-1.199999213218689,0.0,0.0,0.0,0.0625,0.0,0,0,4,120,-1,-1,-1,0.0
stage1b_single_agent_tiny,2,2,91200,789,1,75,75,1,0,-1.199999213218689,0.0,0.0,0.0,0.0625,0.0,0,0,4,120,-1,-1,-1,0.0
stage1b_single_agent_tiny,2,2,91320,790,1,75,75,1,0,-1.199999213218689,0.0,0.0,0.0,0.0625,0.0,0,0,4,120,-1,-1,-1,0.0
stage1b_single_agent_tiny,2,2,91440,791,1,75,75,1,0,-1.199999213218689,0.0,0.0,0.0,0.0625,0.0,0,0,4,120,-1,-1,-1,0.0
stage1b_single_agent_tiny,2,2,91560,792,1,75,75,1,0,-1.199999213218689,0.0,0.0,0.0,0.0625,0.0,0,0,4,120,-1,-1,-1,0.0
stage1b_single_agent_tiny,2,2,91680,793,1,75,75,1,0,-1.199999213218689,0.0,0.0,0.0,0.0625,0.0,0,0,4,120,-1,-1,-1,0.0
stage1b_single_agent_tiny,2,2,91800,794,1,75,75,1,0,-1.199999213218689,0.0,0.0,0.0,0.0625,0.0,0,0,4,120,-1,-1,-1,0.0
stage1b_single_agent_tiny,2,2,91920,795,1,75,75,1,0,-1.199999213218689,0.0,0.0,0.0,0.0625,0.0,0,0,4,120,-1,-1,-1,0.0
stage1b_single_agent_tiny,2,2,92040,796,1,75,75,1,0,-1.199999213218689,0.0,0.0,0.0,0.0625,0.0,0,0,4,120,-1,-1,-1,0.0
stage1b_single_agent_tiny,2,2,92160,797,1,75,75,1,0,-1.199999213218689,0.0,0.0,0.0,0.0625,0.0,0,0,4,120,-1,-1,-1,0.0
stage1b_single_agent_tiny,2,2,92280,798,1,75,75,1,0,-1.199999213218689,0.0,0.0,0.0,0.0625,0.0,0,0,4,120,-1,-1,-1,0.0
stage1b_single_agent_tiny,2,2,92400,799,1,75,75,1,0,-1.199999213218689,0.0,0.0,0.0,0.0625,0.0,0,0,4,120,-1,-1,-1,0.0
stage1b_single_agent_tiny,2,2,92520,800,1,75,75,1,0,-1.199999213218689,0.0,0.0,0.0,0.0625,0.0,0,0,4,120,-1,-1,-1,0.0
stage1b_single_agent_tiny,2,2,92640,801,1,75,75,1,0,-1.199999213218689,0.0,0.0,0.0,0.0625,0.0,0,0,4,120,-1,-1,-1,0.0
stage1b_single_agent_tiny,2,2,92760,802,1,75,75,1,0,-1.2099992036819458,0.0,0.0,0.0,0.0625,0.0,0,0,4,120,-1,-1,-1,0.0
stage1b_single_agent_tiny,2,2,92880,803,1,75,75,1,0,-1.199999213218689,0.0,0.0,0.0,0.0625,0.0,0,0,4,120,-1,-1,-1,0.0
stage1b_single_agent_tiny,2,2,93000,804,1,75,75,1,0,-1.199999213218689,0.0,0.0,0.0,0.0625,0.0,0,0,4,120,-1,-1,-1,0.0
stage1b_single_agent_tiny,2,2,93120,805,1,75,75,1,0,-1.199999213218689,0.0,0.0,0.0,0.0625,0.0,0,0,4,120,-1,-1,-1,0.0
stage1b_single_agent_tiny,2,2,93240,806,1,75,75,1,0,-1.2103297710418701,0.0,0.0,0.0,0.0625,0.0,0,0,4,120,-1,-1,-1,0.0
stage1b_single_agent_tiny,2,2,93360,807,1,75,75,1,0,-1.199999213218689,0.0,0.0,0.0,0.0625,0.0,0,0,4,120,-1,-1,-1,0.0
stage1b_single_agent_tiny,2,2,93480,808,1,75,75,1,0,-1.199999213218689,0.0,0.0,0.0,0.0625,0.0,0,0,4,120,-1,-1,-1,0.0
stage1b_single_agent_tiny,2,2,93600,809,1,75,75,1,0,-1.199999213218689,0.0,0.0,0.0,0.0625,0.0,0,0,4,120,-1,-1,-1,0.0
stage1b_single_agent_tiny,2,2,93720,810,1,75,75,1,0,-1.199999213218689,0.0,0.0,0.0,0.0625,0.0,0,0,4,120,-1,-1,-1,0.0
stage1b_single_agent_tiny,2,2,93840,811,1,75,75,1,0,-1.199999213218689,0.0,0.0,0.0,0.0625,0.0,0,0,4,120,-1,-1,-1,0.0
stage1b_single_agent_tiny,2,2,93960,812,1,75,75,1,0,-1.199999213218689,0.0,0.0,0.0,0.0625,0.0,0,0,4,120,-1,-1,-1,0.0
stage1b_single_agent_tiny,2,2,94080,813,1,75,75,1,0,-1.199999213218689,0.0,0.0,0.0,0.0625,0.0,0,0,4,120,-1,-1,-1,0.0
stage1b_single_agent_tiny,2,2,94200,814,1,75,75,1,0,-1.199999213218689,0.0,0.0,0.0,0.0625,0.0,0,0,4,120,-1,-1,-1,0.0
stage1b_single_agent_tiny,2,2,94320,815,1,75,75,1,0,-1.199999213218689,0.0,0.0,0.0,0.0625,0.0,0,0,4,120,-1,-1,-1,0.0
stage1b_single_agent_tiny,2,2,94440,816,1,75,75,1,0,-1.199999213218689,0.0,0.0,0.0,0.0625,0.0,0,0,4,120,-1,-1,-1,0.0
stage1b_single_agent_tiny,2,2,94560,817,1,75,75,1,0,-1.199999213218689,0.0,0.0,0.0,0.0625,0.0,0,0,4,120,-1,-1,-1,0.0
stage1b_single_agent_tiny,2,2,94680,818,1,75,75,1,0,-1.199999213218689,0.0,0.0,0.0,0.0625,0.0,0,0,4,120,-1,-1,-1,0.0
stage1b_single_agent_tiny,2,2,94800,819,1,75,75,1,0,-1.199999213218689,0.0,0.0,0.0,0.0625,0.0,0,0,4,120,-1,-1,-1,0.0
stage1b_single_agent_tiny,2,2,94920,820,1,75,75,1,0,-1.199999213218689,0.0,0.0,0.0,0.0625,0.0,0,0,4,120,-1,-1,-1,0.0
stage1b_single_agent_tiny,2,2,95040,821,1,75,75,1,0,-1.199999213218689,0.0,0.0,0.0,0.0625,0.0,0,0,4,120,-1,-1,-1,0.0
stage1b_single_agent_tiny,2,2,95160,822,1,75,75,1,0,-1.2099992036819458,0.0,0.0,0.0,0.0625,0.0,0,0,4,120,-1,-1,-1,0.0
stage1b_single_agent_tiny,2,2,95280,823,1,75,75,1,0,-1.199999213218689,0.0,0.0,0.0,0.0625,0.0,0,0,4,120,-1,-1,-1,0.0
stage1b_single_agent_tiny,2,2,95400,824,1,75,75,1,0,-1.199999213218689,0.0,0.0,0.0,0.0625,0.0,0,0,4,120,-1,-1,-1,0.0
stage1b_single_agent_tiny,2,2,95520,825,1,75,75,1,0,-1.199999213218689,0.0,0.0,0.0,0.0625,0.0,0,0,4,120,-1,-1,-1,0.0
stage1b_single_agent_tiny,2,2,95640,826,1,75,75,1,0,-1.199999213218689,0.0,0.0,0.0,0.0625,0.0,0,0,4,120,-1,-1,-1,0.0
stage1b_single_agent_tiny,2,2,95760,827,1,75,75,1,0,-1.199999213218689,0.0,0.0,0.0,0.0625,0.0,0,0,4,120,-1,-1,-1,0.0
stage1b_single_agent_tiny,2,2,95880,828,1,75,75,1,0,-1.199999213218689,0.0,0.0,0.0,0.0625,0.0,0,0,4,120,-1,-1,-1,0.0
stage1b_single_agent_tiny,2,2,96000,829,1,75,75,1,0,-1.199999213218689,0.0,0.0,0.0,0.0625,0.0,0,0,4,120,-1,-1,-1,0.0
stage1b_single_agent_tiny,2,2,96120,830,1,75,75,1,0,-1.199999213218689,0.0,0.0,0.0,0.0625,0.0,0,0,4,120,-1,-1,-1,0.0
stage1b_single_agent_tiny,2,2,96240,831,1,75,75,1,0,-1.199999213218689,0.0,0.0,0.0,0.0625,0.0,0,0,4,120,-1,-1,-1,0.0
stage1b_single_agent_tiny,2,2,96360,832,1,75,75,1,0,-1.199999213218689,0.0,0.0,0.0,0.0625,0.0,0,0,4,120,-1,-1,-1,0.0
stage1b_single_agent_tiny,2,2,96480,833,1,75,75,1,0,-1.199999213218689,0.0,0.0,0.0,0.0625,0.0,0,0,4,120,-1,-1,-1,0.0
stage1b_single_agent_tiny,2,2,96600,834,1,75,75,1,0,-1.199999213218689,0.0,0.0,0.0,0.0625,0.0,0,0,4,120,-1,-1,-1,0.0
stage1b_single_agent_tiny,2,2,96720,835,1,75,75,1,0,-1.199999213218689,0.0,0.0,0.0,0.0625,0.0,0,0,4,120,-1,-1,-1,0.0
stage1b_single_agent_tiny,2,2,96840,836,1,75,75,1,0,-1.199999213218689,0.0,0.0,0.0,0.0625,0.0,0,0,4,120,-1,-1,-1,0.0
stage1b_single_agent_tiny,2,2,96960,837,1,75,75,1,0,-1.199999213218689,0.0,0.0,0.0,0.0625,0.0,0,0,4,120,-1,-1,-1,0.0
stage1b_single_agent_tiny,2,2,97080,838,1,75,75,1,0,-1.199999213218689,0.0,0.0,0.0,0.0625,0.0,0,0,4,120,-1,-1,-1,0.0
stage1b_single_agent_tiny,2,2,97200,839,1,75,75,1,0,-1.199999213218689,0.0,0.0,0.0,0.0625,0.0,0,0,4,120,-1,-1,-1,0.0
stage1b_single_agent_tiny,2,2,97320,840,1,75,75,1,0,-1.199999213218689,0.0,0.0,0.0,0.0625,0.0,0,0,4,120,-1,-1,-1,0.0
stage1b_single_agent_tiny,2,2,97440,841,1,75,75,1,0,-1.199999213218689,0.0,0.0,0.0,0.0625,0.0,0,0,4,120,-1,-1,-1,0.0
stage1b_single_agent_tiny,2,2,97560,842,1,75,75,1,0,-1.199999213218689,0.0,0.0,0.0,0.0625,0.0,0,0,4,120,-1,-1,-1,0.0
stage1b_single_agent_tiny,2,2,97680,843,1,75,75,1,0,-1.199999213218689,0.0,0.0,0.0,0.0625,0.0,0,0,4,120,-1,-1,-1,0.0
stage1b_single_agent_tiny,2,2,97800,844,1,75,75,1,0,-1.199999213218689,0.0,0.0,0.0,0.0625,0.0,0,0,4,120,-1,-1,-1,0.0
stage1b_single_agent_tiny,2,2,97920,845,1,75,75,1,0,-1.199999213218689,0.0,0.0,0.0,0.0625,0.0,0,0,4,120,-1,-1,-1,0.0
stage1b_single_agent_tiny,2,2,98040,846,1,75,75,1,0,-1.199999213218689,0.0,0.0,0.0,0.0625,0.0,0,0,4,120,-1,-1,-1,0.0
stage1b_single_agent_tiny,2,2,98160,847,1,75,75,1,0,-1.199999213218689,0.0,0.0,0.0,0.0625,0.0,0,0,4,120,-1,-1,-1,0.0
stage1b_single_agent_tiny,2,2,98280,848,1,75,75,1,0,-1.199999213218689,0.0,0.0,0.0,0.0625,0.0,0,0,4,120,-1,-1,-1,0.0
stage1b_single_agent_tiny,2,2,98400,849,1,75,75,1,0,-1.199999213218689,0.0,0.0,0.0,0.0625,0.0,0,0,4,120,-1,-1,-1,0.0
stage1b_single_agent_tiny,2,2,98520,850,1,75,75,1,0,-1.199999213218689,0.0,0.0,0.0,0.0625,0.0,0,0,4,120,-1,-1,-1,0.0
stage1b_single_agent_tiny,2,2,98640,851,1,75,75,1,0,-1.199999213218689,0.0,0.0,0.0,0.0625,0.0,0,0,4,120,-1,-1,-1,0.0
stage1b_single_agent_tiny,2,2,98760,852,1,75,75,1,0,-1.199999213218689,0.0,0.0,0.0,0.0625,0.0,0,0,4,120,-1,-1,-1,0.0
stage1b_single_agent_tiny,2,2,98880,853,1,75,75,1,0,-1.199999213218689,0.0,0.0,0.0,0.0625,0.0,0,0,4,120,-1,-1,-1,0.0
stage1b_single_agent_tiny,2,2,99000,854,1,75,75,1,0,-1.199999213218689,0.0,0.0,0.0,0.0625,0.0,0,0,4,120,-1,-1,-1,0.0
stage1b_single_agent_tiny,2,2,99120,855,1,75,75,1,0,-1.199999213218689,0.0,0.0,0.0,0.0625,0.0,0,0,4,120,-1,-1,-1,0.0
stage1b_single_agent_tiny,2,2,99240,856,1,75,75,1,0,-1.199999213218689,0.0,0.0,0.0,0.0625,0.0,0,0,4,120,-1,-1,-1,0.0
stage1b_single_agent_tiny,2,2,99360,857,1,75,75,1,0,-1.199999213218689,0.0,0.0,0.0,0.0625,0.0,0,0,4,120,-1,-1,-1,0.0
stage1b_single_agent_tiny,2,2,99480,858,1,75,75,1,0,-1.199999213218689,0.0,0.0,0.0,0.0625,0.0,0,0,4,120,-1,-1,-1,0.0
stage1b_single_agent_tiny,2,2,99600,859,1,75,75,1,0,-1.199999213218689,0.0,0.0,0.0,0.0625,0.0,0,0,4,120,-1,-1,-1,0.0
stage1b_single_agent_tiny,2,2,99720,860,1,75,75,1,0,-1.199999213218689,0.0,0.0,0.0,0.0625,0.0,0,0,4,120,-1,-1,-1,0.0
stage1b_single_agent_tiny,2,2,99840,861,1,75,75,1,0,-1.199999213218689,0.0,0.0,0.0,0.0625,0.0,0,0,4,120,-1,-1,-1,0.0
stage1b_single_agent_tiny,2,2,99960,862,1,75,75,1,0,-1.199999213218689,0.0,0.0,0.0,0.0625,0.0,0,0,4,120,-1,-1,-1,0.0
stage1b_single_agent_tiny,2,2,100080,863,1,75,75,1,0,-1.199999213218689,0.0,0.0,0.0,0.0625,0.0,0,0,4,120,-1,-1,-1,0.0
stage1b_single_agent_tiny,2,2,100200,864,1,75,75,1,0,-1.199999213218689,0.0,0.0,0.0,0.0625,0.0,0,0,4,120,-1,-1,-1,0.0
stage1b_single_agent_tiny,2,2,100320,865,1,75,75,1,0,-1.199999213218689,0.0,0.0,0.0,0.0625,0.0,0,0,4,120,-1,-1,-1,0.0
stage1b_single_agent_tiny,2,2,100440,866,1,75,75,1,0,-1.199999213218689,0.0,0.0,0.0,0.0625,0.0,0,0,4,120,-1,-1,-1,0.0
stage1b_single_agent_tiny,2,2,100560,867,1,75,75,1,0,-1.199999213218689,0.0,0.0,0.0,0.0625,0.0,0,0,4,120,-1,-1,-1,0.0
stage1b_single_agent_tiny,2,2,100680,868,1,75,75,1,0,-1.199999213218689,0.0,0.0,0.0,0.0625,0.0,0,0,4,120,-1,-1,-1,0.0
stage1b_single_agent_tiny,2,2,100800,869,1,75,75,1,0,-1.199999213218689,0.0,0.0,0.0,0.0625,0.0,0,0,4,120,-1,-1,-1,0.0
stage1b_single_agent_tiny,2,2,100920,870,1,75,75,1,0,-1.199999213218689,0.0,0.0,0.0,0.0625,0.0,0,0,4,120,-1,-1,-1,0.0
stage1b_single_agent_tiny,2,2,101040,871,1,75,75,1,0,-1.199999213218689,0.0,0.0,0.0,0.0625,0.0,0,0,4,120,-1,-1,-1,0.0
stage1b_single_agent_tiny,2,2,101160,872,1,75,75,1,0,-1.199999213218689,0.0,0.0,0.0,0.0625,0.0,0,0,4,120,-1,-1,-1,0.0
stage1b_single_agent_tiny,2,2,101280,873,1,75,75,1,0,-1.199999213218689,0.0,0.0,0.0,0.0625,0.0,0,0,4,120,-1,-1,-1,0.0
stage1b_single_agent_tiny,2,2,101400,874,1,75,75,1,0,-1.199999213218689,0.0,0.0,0.0,0.0625,0.0,0,0,4,120,-1,-1,-1,0.0
stage1b_single_agent_tiny,2,2,101520,875,1,75,75,1,0,-1.199999213218689,0.0,0.0,0.0,0.0625,0.0,0,0,4,120,-1,-1,-1,0.0
stage1b_single_agent_tiny,2,2,101640,876,1,75,75,1,0,-1.199999213218689,0.0,0.0,0.0,0.0625,0.0,0,0,4,120,-1,-1,-1,0.0
stage1b_single_agent_tiny,2,2,101760,877,1,75,75,1,0,-1.199999213218689,0.0,0.0,0.0,0.0625,0.0,0,0,4,120,-1,-1,-1,0.0
stage1b_single_agent_tiny,2,2,101880,878,1,75,75,1,0,-1.199999213218689,0.0,0.0,0.0,0.0625,0.0,0,0,4,120,-1,-1,-1,0.0
stage1b_single_agent_tiny,2,2,102000,879,1,75,75,1,0,-1.199999213218689,0.0,0.0,0.0,0.0625,0.0,0,0,4,120,-1,-1,-1,0.0
stage1b_single_agent_tiny,2,2,102120,880,1,75,75,1,0,-1.199999213218689,0.0,0.0,0.0,0.0625,0.0,0,0,4,120,-1,-1,-1,0.0
stage1b_single_agent_tiny,2,2,102240,881,1,75,75,1,0,-1.199999213218689,0.0,0.0,0.0,0.0625,0.0,0,0,4,120,-1,-1,-1,0.0
stage1b_single_agent_tiny,2,2,102360,882,1,75,75,1,0,-1.199999213218689,0.0,0.0,0.0,0.0625,0.0,0,0,4,120,-1,-1,-1,0.0
stage1b_single_agent_tiny,2,2,102480,883,1,75,75,1,0,-1.199999213218689,0.0,0.0,0.0,0.0625,0.0,0,0,4,120,-1,-1,-1,0.0
stage1b_single_agent_tiny,2,2,102600,884,1,75,75,1,0,-1.199999213218689,0.0,0.0,0.0,0.0625,0.0,0,0,4,120,-1,-1,-1,0.0
stage1b_single_agent_tiny,2,2,102720,885,1,75,75,1,0,-1.199999213218689,0.0,0.0,0.0,0.0625,0.0,0,0,4,120,-1,-1,-1,0.0
stage1b_single_agent_tiny,2,2,102840,886,1,75,75,1,0,-1.199999213218689,0.0,0.0,0.0,0.0625,0.0,0,0,4,120,-1,-1,-1,0.0
stage1b_single_agent_tiny,2,2,102960,887,1,75,75,1,0,-1.199999213218689,0.0,0.0,0.0,0.0625,0.0,0,0,4,120,-1,-1,-1,0.0
stage1b_single_agent_tiny,2,2,103080,888,1,75,75,1,0,-1.199999213218689,0.0,0.0,0.0,0.0625,0.0,0,0,4,120,-1,-1,-1,0.0
stage1b_single_agent_tiny,2,2,103200,889,1,75,75,1,0,-1.199999213218689,0.0,0.0,0.0,0.0625,0.0,0,0,4,120,-1,-1,-1,0.0
stage1b_single_agent_tiny,2,2,103320,890,1,75,75,1,0,-1.199999213218689,0.0,0.0,0.0,0.0625,0.0,0,0,4,120,-1,-1,-1,0.0
stage1b_single_agent_tiny,2,2,103440,891,1,75,75,1,0,-1.199999213218689,0.0,0.0,0.0,0.0625,0.0,0,0,4,120,-1,-1,-1,0.0
stage1b_single_agent_tiny,2,2,103560,892,1,75,75,1,0,-1.199999213218689,0.0,0.0,0.0,0.0625,0.0,0,0,4,120,-1,-1,-1,0.0
stage1b_single_agent_tiny,2,2,103680,893,1,75,75,1,0,-1.2099992036819458,0.0,0.0,0.0,0.0625,0.0,0,0,4,120,-1,-1,-1,0.0
stage1b_single_agent_tiny,2,2,103800,894,1,75,75,1,0,-1.199999213218689,0.0,0.0,0.0,0.0625,0.0,0,0,4,120,-1,-1,-1,0.0
stage1b_single_agent_tiny,2,2,103920,895,1,75,75,1,0,-1.199999213218689,0.0,0.0,0.0,0.0625,0.0,0,0,4,120,-1,-1,-1,0.0
stage1b_single_agent_tiny,2,2,104040,896,1,75,75,1,0,-1.199999213218689,0.0,0.0,0.0,0.0625,0.0,0,0,4,120,-1,-1,-1,0.0
stage1b_single_agent_tiny,2,2,104160,897,1,75,75,1,0,-1.199999213218689,0.0,0.0,0.0,0.0625,0.0,0,0,4,120,-1,-1,-1,0.0
stage1b_single_agent_tiny,2,2,104280,898,1,75,75,1,0,-1.199999213218689,0.0,0.0,0.0,0.0625,0.0,0,0,4,120,-1,-1,-1,0.0
stage1b_single_agent_tiny,2,2,104400,899,1,75,75,1,0,-1.199999213218689,0.0,0.0,0.0,0.0625,0.0,0,0,4,120,-1,-1,-1,0.0
stage1b_single_agent_tiny,2,2,104520,900,1,75,75,1,0,-1.199999213218689,0.0,0.0,0.0,0.0625,0.0,0,0,4,120,-1,-1,-1,0.0
stage1b_single_agent_tiny,2,2,104640,901,1,75,75,1,0,-1.199999213218689,0.0,0.0,0.0,0.0625,0.0,0,0,4,120,-1,-1,-1,0.0
stage1b_single_agent_tiny,2,2,104760,902,1,75,75,1,0,-1.199999213218689,0.0,0.0,0.0,0.0625,0.0,0,0,4,120,-1,-1,-1,0.0
stage1b_single_agent_tiny,2,2,104880,903,1,75,75,1,0,-1.199999213218689,0.0,0.0,0.0,0.0625,0.0,0,0,4,120,-1,-1,-1,0.0
stage1b_single_agent_tiny,2,2,105000,904,1,75,75,1,0,-1.199999213218689,0.0,0.0,0.0,0.0625,0.0,0,0,4,120,-1,-1,-1,0.0
stage1b_single_agent_tiny,2,2,105120,905,1,75,75,1,0,-1.199999213218689,0.0,0.0,0.0,0.0625,0.0,0,0,4,120,-1,-1,-1,0.0
stage1b_single_agent_tiny,2,2,105240,906,1,75,75,1,0,-1.199999213218689,0.0,0.0,0.0,0.0625,0.0,0,0,4,120,-1,-1,-1,0.0
stage1b_single_agent_tiny,2,2,105360,907,1,75,75,1,0,-1.199999213218689,0.0,0.0,0.0,0.0625,0.0,0,0,4,120,-1,-1,-1,0.0
stage1b_single_agent_tiny,2,2,105480,908,1,75,75,1,0,-1.199999213218689,0.0,0.0,0.0,0.0625,0.0,0,0,4,120,-1,-1,-1,0.0
stage1b_single_agent_tiny,2,2,105600,909,1,75,75,1,0,-1.199999213218689,0.0,0.0,0.0,0.0625,0.0,0,0,4,120,-1,-1,-1,0.0
stage1b_single_agent_tiny,2,2,105720,910,1,75,75,1,0,-1.199999213218689,0.0,0.0,0.0,0.0625,0.0,0,0,4,120,-1,-1,-1,0.0
stage1b_single_agent_tiny,2,2,105840,911,1,75,75,1,0,-1.199999213218689,0.0,0.0,0.0,0.0625,0.0,0,0,4,120,-1,-1,-1,0.0
stage1b_single_agent_tiny,2,2,105960,912,1,75,75,1,0,-1.199999213218689,0.0,0.0,0.0,0.0625,0.0,0,0,4,120,-1,-1,-1,0.0
stage1b_single_agent_tiny,2,2,106080,913,1,75,75,1,0,-1.199999213218689,0.0,0.0,0.0,0.0625,0.0,0,0,4,120,-1,-1,-1,0.0
stage1b_single_agent_tiny,2,2,106200,914,1,75,75,1,0,-1.199999213218689,0.0,0.0,0.0,0.0625,0.0,0,0,4,120,-1,-1,-1,0.0
stage1b_single_agent_tiny,2,2,106320,915,1,75,75,1,0,-1.199999213218689,0.0,0.0,0.0,0.0625,0.0,0,0,4,120,-1,-1,-1,0.0
stage1b_single_agent_tiny,2,2,106440,916,1,75,75,1,0,-1.199999213218689,0.0,0.0,0.0,0.0625,0.0,0,0,4,120,-1,-1,-1,0.0
stage1b_single_agent_tiny,2,2,106560,917,1,75,75,1,0,-1.199999213218689,0.0,0.0,0.0,0.0625,0.0,0,0,4,120,-1,-1,-1,0.0
stage1b_single_agent_tiny,2,2,106680,918,1,75,75,1,0,-1.199999213218689,0.0,0.0,0.0,0.0625,0.0,0,0,4,120,-1,-1,-1,0.0
stage1b_single_agent_tiny,2,2,106800,919,1,75,75,1,0,-1.199999213218689,0.0,0.0,0.0,0.0625,0.0,0,0,4,120,-1,-1,-1,0.0
stage1b_single_agent_tiny,2,2,106920,920,1,75,75,1,0,-1.199999213218689,0.0,0.0,0.0,0.0625,0.0,0,0,4,120,-1,-1,-1,0.0
stage1b_single_agent_tiny,2,2,107040,921,1,75,75,1,0,-1.199999213218689,0.0,0.0,0.0,0.0625,0.0,0,0,4,120,-1,-1,-1,0.0
stage1b_single_agent_tiny,2,2,107160,922,1,75,75,1,0,-1.199999213218689,0.0,0.0,0.0,0.0625,0.0,0,0,4,120,-1,-1,-1,0.0
stage1b_single_agent_tiny,2,2,107280,923,1,75,75,1,0,-1.199999213218689,0.0,0.0,0.0,0.0625,0.0,0,0,4,120,-1,-1,-1,0.0
stage1b_single_agent_tiny,2,2,107400,924,1,75,75,1,0,-1.199999213218689,0.0,0.0,0.0,0.0625,0.0,0,0,4,120,-1,-1,-1,0.0
stage1b_single_agent_tiny,2,2,107520,925,1,75,75,1,0,-1.199999213218689,0.0,0.0,0.0,0.0625,0.0,0,0,4,120,-1,-1,-1,0.0
stage1b_single_agent_tiny,2,2,107640,926,1,75,75,1,0,-1.199999213218689,0.0,0.0,0.0,0.0625,0.0,0,0,4,120,-1,-1,-1,0.0
stage1b_single_agent_tiny,2,2,107760,927,1,75,75,1,0,-1.199999213218689,0.0,0.0,0.0,0.0625,0.0,0,0,4,120,-1,-1,-1,0.0
stage1b_single_agent_tiny,2,2,107880,928,1,75,75,1,0,-1.199999213218689,0.0,0.0,0.0,0.0625,0.0,0,0,4,120,-1,-1,-1,0.0
stage1b_single_agent_tiny,2,2,108000,929,1,75,75,1,0,-1.199999213218689,0.0,0.0,0.0,0.0625,0.0,0,0,4,120,-1,-1,-1,0.0
stage1b_single_agent_tiny,2,2,108120,930,1,75,75,1,0,-1.199999213218689,0.0,0.0,0.0,0.0625,0.0,0,0,4,120,-1,-1,-1,0.0
stage1b_single_agent_tiny,2,2,108240,931,1,75,75,1,0,-1.199999213218689,0.0,0.0,0.0,0.0625,0.0,0,0,4,120,-1,-1,-1,0.0
stage1b_single_agent_tiny,2,2,108360,932,1,75,75,1,0,-1.199999213218689,0.0,0.0,0.0,0.0625,0.0,0,0,4,120,-1,-1,-1,0.0
stage1b_single_agent_tiny,2,2,108480,933,1,75,75,1,0,-1.199999213218689,0.0,0.0,0.0,0.0625,0.0,0,0,4,120,-1,-1,-1,0.0
stage1b_single_agent_tiny,2,2,108600,934,1,75,75,1,0,-1.2099992036819458,0.0,0.0,0.0,0.0625,0.0,0,0,4,120,-1,-1,-1,0.0
stage1b_single_agent_tiny,2,2,108720,935,1,75,75,1,0,-1.199999213218689,0.0,0.0,0.0,0.0625,0.0,0,0,4,120,-1,-1,-1,0.0
stage1b_single_agent_tiny,2,2,108840,936,1,75,75,1,0,-1.199999213218689,0.0,0.0,0.0,0.0625,0.0,0,0,4,120,-1,-1,-1,0.0
stage1b_single_agent_tiny,2,2,108960,937,1,75,75,1,0,-1.199999213218689,0.0,0.0,0.0,0.0625,0.0,0,0,4,120,-1,-1,-1,0.0
stage1b_single_agent_tiny,2,2,109080,938,1,75,75,1,0,-1.199999213218689,0.0,0.0,0.0,0.0625,0.0,0,0,4,120,-1,-1,-1,0.0
stage1b_single_agent_tiny,2,2,109200,939,1,75,75,1,0,-1.199999213218689,0.0,0.0,0.0,0.0625,0.0,0,0,4,120,-1,-1,-1,0.0
stage1b_single_agent_tiny,2,2,109320,940,1,75,75,1,0,-1.199999213218689,0.0,0.0,0.0,0.0625,0.0,0,0,4,120,-1,-1,-1,0.0
stage1b_single_agent_tiny,2,2,109440,941,1,75,75,1,0,-1.199999213218689,0.0,0.0,0.0,0.0625,0.0,0,0,4,120,-1,-1,-1,0.0
stage1b_single_agent_tiny,2,2,109560,942,1,75,75,1,0,-1.199999213218689,0.0,0.0,0.0,0.0625,0.0,0,0,4,120,-1,-1,-1,0.0
stage1b_single_agent_tiny,2,2,109680,943,1,75,75,1,0,-1.199999213218689,0.0,0.0,0.0,0.0625,0.0,0,0,4,120,-1,-1,-1,0.0
stage1b_single_agent_tiny,2,2,109800,944,1,75,75,1,0,-1.199999213218689,0.0,0.0,0.0,0.0625,0.0,0,0,4,120,-1,-1,-1,0.0
stage1b_single_agent_tiny,2,2,109920,945,1,75,75,1,0,-1.199999213218689,0.0,0.0,0.0,0.0625,0.0,0,0,4,120,-1,-1,-1,0.0
stage1b_single_agent_tiny,2,2,110040,946,1,75,75,1,0,-1.199999213218689,0.0,0.0,0.0,0.0625,0.0,0,0,4,120,-1,-1,-1,0.0
stage1b_single_agent_tiny,2,2,110160,947,1,75,75,1,0,-1.199999213218689,0.0,0.0,0.0,0.0625,0.0,0,0,4,120,-1,-1,-1,0.0
stage1b_single_agent_tiny,2,2,110280,948,1,75,75,1,0,-1.199999213218689,0.0,0.0,0.0,0.0625,0.0,0,0,4,120,-1,-1,-1,0.0
stage1b_single_agent_tiny,2,2,110400,949,1,75,75,1,0,-1.199999213218689,0.0,0.0,0.0,0.0625,0.0,0,0,4,120,-1,-1,-1,0.0
stage1b_single_agent_tiny,2,2,110520,950,1,75,75,1,0,-1.199999213218689,0.0,0.0,0.0,0.0625,0.0,0,0,4,120,-1,-1,-1,0.0
stage1b_single_agent_tiny,2,2,110640,951,1,75,75,1,0,-1.199999213218689,0.0,0.0,0.0,0.0625,0.0,0,0,4,120,-1,-1,-1,0.0
stage1b_single_agent_tiny,2,2,110760,952,1,75,75,1,0,-1.199999213218689,0.0,0.0,0.0,0.0625,0.0,0,0,4,120,-1,-1,-1,0.0
stage1b_single_agent_tiny,2,2,110880,953,1,75,75,1,0,-1.199999213218689,0.0,0.0,0.0,0.0625,0.0,0,0,4,120,-1,-1,-1,0.0
stage1b_single_agent_tiny,2,2,111000,954,1,75,75,1,0,-1.199999213218689,0.0,0.0,0.0,0.0625,0.0,0,0,4,120,-1,-1,-1,0.0
stage1b_single_agent_tiny,2,2,111120,955,1,75,75,1,0,-1.199999213218689,0.0,0.0,0.0,0.0625,0.0,0,0,4,120,-1,-1,-1,0.0
stage1b_single_agent_tiny,2,2,111240,956,1,75,75,1,0,-1.199999213218689,0.0,0.0,0.0,0.0625,0.0,0,0,4,120,-1,-1,-1,0.0
stage1b_single_agent_tiny,2,2,111360,957,1,75,75,1,0,-1.199999213218689,0.0,0.0,0.0,0.0625,0.0,0,0,4,120,-1,-1,-1,0.0
stage1b_single_agent_tiny,2,2,111480,958,1,75,75,1,0,-1.199999213218689,0.0,0.0,0.0,0.0625,0.0,0,0,4,120,-1,-1,-1,0.0
stage1b_single_agent_tiny,2,2,111600,959,1,75,75,1,0,-1.199999213218689,0.0,0.0,0.0,0.0625,0.0,0,0,4,120,-1,-1,-1,0.0
stage1b_single_agent_tiny,2,2,111720,960,1,75,75,1,0,-1.199999213218689,0.0,0.0,0.0,0.0625,0.0,0,0,4,120,-1,-1,-1,0.0
stage1b_single_agent_tiny,2,2,111840,961,1,75,75,1,0,-1.199999213218689,0.0,0.0,0.0,0.0625,0.0,0,0,4,120,-1,-1,-1,0.0
stage1b_single_agent_tiny,2,2,111960,962,1,75,75,1,0,-1.199999213218689,0.0,0.0,0.0,0.0625,0.0,0,0,4,120,-1,-1,-1,0.0
stage1b_single_agent_tiny,2,2,112080,963,1,75,75,1,0,-1.199999213218689,0.0,0.0,0.0,0.0625,0.0,0,0,4,120,-1,-1,-1,0.0
stage1b_single_agent_tiny,2,2,112200,964,1,75,75,1,0,-1.199999213218689,0.0,0.0,0.0,0.0625,0.0,0,0,4,120,-1,-1,-1,0.0
stage1b_single_agent_tiny,2,2,112320,965,1,75,75,1,0,-1.199999213218689,0.0,0.0,0.0,0.0625,0.0,0,0,4,120,-1,-1,-1,0.0
stage1b_single_agent_tiny,2,2,112440,966,1,75,75,1,0,-1.199999213218689,0.0,0.0,0.0,0.0625,0.0,0,0,4,120,-1,-1,-1,0.0
stage1b_single_agent_tiny,2,2,112560,967,1,75,75,1,0,-1.199999213218689,0.0,0.0,0.0,0.0625,0.0,0,0,4,120,-1,-1,-1,0.0
stage1b_single_agent_tiny,2,2,112680,968,1,75,75,1,0,-1.199999213218689,0.0,0.0,0.0,0.0625,0.0,0,0,4,120,-1,-1,-1,0.0
stage1b_single_agent_tiny,2,2,112800,969,1,75,75,1,0,-1.199999213218689,0.0,0.0,0.0,0.0625,0.0,0,0,4,120,-1,-1,-1,0.0
stage1b_single_agent_tiny,2,2,112920,970,1,75,75,1,0,-1.199999213218689,0.0,0.0,0.0,0.0625,0.0,0,0,4,120,-1,-1,-1,0.0
stage1b_single_agent_tiny,2,2,113040,971,1,75,75,1,0,-1.199999213218689,0.0,0.0,0.0,0.0625,0.0,0,0,4,120,-1,-1,-1,0.0
stage1b_single_agent_tiny,2,2,113160,972,1,75,75,1,0,-1.199999213218689,0.0,0.0,0.0,0.0625,0.0,0,0,4,120,-1,-1,-1,0.0
stage1b_single_agent_tiny,2,2,113280,973,1,75,75,1,0,-1.199999213218689,0.0,0.0,0.0,0.0625,0.0,0,0,4,120,-1,-1,-1,0.0
stage1b_single_agent_tiny,2,2,113400,974,1,75,75,1,0,-1.199999213218689,0.0,0.0,0.0,0.0625,0.0,0,0,4,120,-1,-1,-1,0.0
stage1b_single_agent_tiny,2,2,113520,975,1,75,75,1,0,-1.199999213218689,0.0,0.0,0.0,0.0625,0.0,0,0,4,120,-1,-1,-1,0.0
stage1b_single_agent_tiny,2,2,113640,976,1,75,75,1,0,-1.199999213218689,0.0,0.0,0.0,0.0625,0.0,0,0,4,120,-1,-1,-1,0.0
stage1b_single_agent_tiny,2,2,113760,977,1,75,75,1,0,-1.199999213218689,0.0,0.0,0.0,0.0625,0.0,0,0,4,120,-1,-1,-1,0.0
stage1b_single_agent_tiny,2,2,113880,978,1,75,75,1,0,-1.199999213218689,0.0,0.0,0.0,0.0625,0.0,0,0,4,120,-1,-1,-1,0.0
stage1b_single_agent_tiny,2,2,114000,979,1,75,75,1,0,-1.199999213218689,0.0,0.0,0.0,0.0625,0.0,0,0,4,120,-1,-1,-1,0.0
stage1b_single_agent_tiny,2,2,114120,980,1,75,75,1,0,-1.199999213218689,0.0,0.0,0.0,0.0625,0.0,0,0,4,120,-1,-1,-1,0.0
stage1b_single_agent_tiny,2,2,114240,981,1,75,75,1,0,-1.199999213218689,0.0,0.0,0.0,0.0625,0.0,0,0,4,120,-1,-1,-1,0.0
stage1b_single_agent_tiny,2,2,114360,982,1,75,75,1,0,-1.199999213218689,0.0,0.0,0.0,0.0625,0.0,0,0,4,120,-1,-1,-1,0.0
stage1b_single_agent_tiny,2,2,114480,983,1,75,75,1,0,-1.199999213218689,0.0,0.0,0.0,0.0625,0.0,0,0,4,120,-1,-1,-1,0.0
stage1b_single_agent_tiny,2,2,114600,984,1,75,75,1,0,-1.199999213218689,0.0,0.0,0.0,0.0625,0.0,0,0,4,120,-1,-1,-1,0.0
stage1b_single_agent_tiny,2,2,114720,985,1,75,75,1,0,-1.199999213218689,0.0,0.0,0.0,0.0625,0.0,0,0,4,120,-1,-1,-1,0.0
stage1b_single_agent_tiny,2,2,114840,986,1,75,75,1,0,-1.199999213218689,0.0,0.0,0.0,0.0625,0.0,0,0,4,120,-1,-1,-1,0.0
stage1b_single_agent_tiny,2,2,114960,987,1,75,75,1,0,-1.199999213218689,0.0,0.0,0.0,0.0625,0.0,0,0,4,120,-1,-1,-1,0.0
stage1b_single_agent_tiny,2,2,115080,988,1,75,75,1,0,-1.199999213218689,0.0,0.0,0.0,0.0625,0.0,0,0,4,120,-1,-1,-1,0.0
stage1b_single_agent_tiny,2,2,115200,989,1,75,75,1,0,-1.199999213218689,0.0,0.0,0.0,0.0625,0.0,0,0,4,120,-1,-1,-1,0.0
stage1b_single_agent_tiny,2,2,115320,990,1,75,75,1,0,-1.199999213218689,0.0,0.0,0.0,0.0625,0.0,0,0,4,120,-1,-1,-1,0.0
stage1b_single_agent_tiny,2,2,115440,991,1,75,75,1,0,-1.199999213218689,0.0,0.0,0.0,0.0625,0.0,0,0,4,120,-1,-1,-1,0.0
stage1b_single_agent_tiny,2,2,115560,992,1,75,75,1,0,-1.199999213218689,0.0,0.0,0.0,0.0625,0.0,0,0,4,120,-1,-1,-1,0.0
stage1b_single_agent_tiny,2,2,115680,993,1,75,75,1,0,-1.199999213218689,0.0,0.0,0.0,0.0625,0.0,0,0,4,120,-1,-1,-1,0.0
stage1b_single_agent_tiny,2,2,115800,994,1,75,75,1,0,-1.199999213218689,0.0,0.0,0.0,0.0625,0.0,0,0,4,120,-1,-1,-1,0.0
stage1b_single_agent_tiny,2,2,115920,995,1,75,75,1,0,-1.199999213218689,0.0,0.0,0.0,0.0625,0.0,0,0,4,120,-1,-1,-1,0.0
stage1b_single_agent_tiny,2,2,116040,996,1,75,75,1,0,-1.199999213218689,0.0,0.0,0.0,0.0625,0.0,0,0,4,120,-1,-1,-1,0.0
stage1b_single_agent_tiny,2,2,116160,997,1,75,75,1,0,-1.199999213218689,0.0,0.0,0.0,0.0625,0.0,0,0,4,120,-1,-1,-1,0.0
stage1b_single_agent_tiny,2,2,116280,998,1,75,75,1,0,-1.199999213218689,0.0,0.0,0.0,0.0625,0.0,0,0,4,120,-1,-1,-1,0.0
stage1b_single_agent_tiny,2,2,116400,999,1,75,75,1,0,-1.2099992036819458,0.0,0.0,0.0,0.0625,0.0,0,0,4,120,-1,-1,-1,0.0
stage1b_single_agent_tiny,2,2,116520,1000,1,75,75,1,0,-1.199999213218689,0.0,0.0,0.0,0.0625,0.0,0,0,4,120,-1,-1,-1,0.0
stage1b_single_agent_tiny,2,2,116640,1001,1,75,75,1,0,-1.199999213218689,0.0,0.0,0.0,0.0625,0.0,0,0,4,120,-1,-1,-1,0.0
stage1b_single_agent_tiny,2,2,116760,1002,1,75,75,1,0,-1.199999213218689,0.0,0.0,0.0,0.0625,0.0,0,0,4,120,-1,-1,-1,0.0
stage1b_single_agent_tiny,2,2,116880,1003,1,75,75,1,0,-1.199999213218689,0.0,0.0,0.0,0.0625,0.0,0,0,4,120,-1,-1,-1,0.0
stage1b_single_agent_tiny,2,2,117000,1004,1,75,75,1,0,-1.199999213218689,0.0,0.0,0.0,0.0625,0.0,0,0,4,120,-1,-1,-1,0.0
stage1b_single_agent_tiny,2,2,117120,1005,1,75,75,1,0,-1.199999213218689,0.0,0.0,0.0,0.0625,0.0,0,0,4,120,-1,-1,-1,0.0
stage1b_single_agent_tiny,2,2,117240,1006,1,75,75,1,0,-1.199999213218689,0.0,0.0,0.0,0.0625,0.0,0,0,4,120,-1,-1,-1,0.0
stage1b_single_agent_tiny,2,2,117360,1007,1,75,75,1,0,-1.199999213218689,0.0,0.0,0.0,0.0625,0.0,0,0,4,120,-1,-1,-1,0.0
stage1b_single_agent_tiny,2,2,117480,1008,1,75,75,1,0,-1.199999213218689,0.0,0.0,0.0,0.0625,0.0,0,0,4,120,-1,-1,-1,0.0
stage1b_single_agent_tiny,2,2,117600,1009,1,75,75,1,0,-1.199999213218689,0.0,0.0,0.0,0.0625,0.0,0,0,4,120,-1,-1,-1,0.0
stage1b_single_agent_tiny,2,2,117720,1010,1,75,75,1,0,-1.199999213218689,0.0,0.0,0.0,0.0625,0.0,0,0,4,120,-1,-1,-1,0.0
stage1b_single_agent_tiny,2,2,117840,1011,1,75,75,1,0,-1.199999213218689,0.0,0.0,0.0,0.0625,0.0,0,0,4,120,-1,-1,-1,0.0
stage1b_single_agent_tiny,2,2,117960,1012,1,75,75,1,0,-1.199999213218689,0.0,0.0,0.0,0.0625,0.0,0,0,4,120,-1,-1,-1,0.0
stage1b_single_agent_tiny,2,2,118080,1013,1,75,75,1,0,-1.199999213218689,0.0,0.0,0.0,0.0625,0.0,0,0,4,120,-1,-1,-1,0.0
stage1b_single_agent_tiny,2,2,118200,1014,1,75,75,1,0,-1.199999213218689,0.0,0.0,0.0,0.0625,0.0,0,0,4,120,-1,-1,-1,0.0
stage1b_single_agent_tiny,2,2,118320,1015,1,75,75,1,0,-1.199999213218689,0.0,0.0,0.0,0.0625,0.0,0,0,4,120,-1,-1,-1,0.0
stage1b_single_agent_tiny,2,2,118440,1016,1,75,75,1,0,-1.199999213218689,0.0,0.0,0.0,0.0625,0.0,0,0,4,120,-1,-1,-1,0.0
stage1b_single_agent_tiny,2,2,118560,1017,1,75,75,1,0,-1.199999213218689,0.0,0.0,0.0,0.0625,0.0,0,0,4,120,-1,-1,-1,0.0
stage1b_single_agent_tiny,2,2,118680,1018,1,75,75,1,0,-1.199999213218689,0.0,0.0,0.0,0.0625,0.0,0,0,4,120,-1,-1,-1,0.0
stage1b_single_agent_tiny,2,2,118800,1019,1,75,75,1,0,-1.199999213218689,0.0,0.0,0.0,0.0625,0.0,0,0,4,120,-1,-1,-1,0.0
stage1b_single_agent_tiny,2,2,118920,1020,1,75,75,1,0,-1.199999213218689,0.0,0.0,0.0,0.0625,0.0,0,0,4,120,-1,-1,-1,0.0
stage1b_single_agent_tiny,2,2,119040,1021,1,75,75,1,0,-1.199999213218689,0.0,0.0,0.0,0.0625,0.0,0,0,4,120,-1,-1,-1,0.0
stage1b_single_agent_tiny,2,2,119160,1022,1,75,75,1,0,-1.199999213218689,0.0,0.0,0.0,0.0625,0.0,0,0,4,120,-1,-1,-1,0.0
stage1b_single_agent_tiny,2,2,119280,1023,1,75,75,1,0,-1.199999213218689,0.0,0.0,0.0,0.0625,0.0,0,0,4,120,-1,-1,-1,0.0
stage1b_single_agent_tiny,2,2,119400,1024,1,75,75,1,0,-1.199999213218689,0.0,0.0,0.0,0.0625,0.0,0,0,4,120,-1,-1,-1,0.0
stage1b_single_agent_tiny,2,2,119520,1025,1,75,75,1,0,-1.199999213218689,0.0,0.0,0.0,0.0625,0.0,0,0,4,120,-1,-1,-1,0.0
stage1b_single_agent_tiny,2,2,119640,1026,1,75,75,1,0,-1.199999213218689,0.0,0.0,0.0,0.0625,0.0,0,0,4,120,-1,-1,-1,0.0
stage1b_single_agent_tiny,2,2,119760,1027,1,75,75,1,0,-1.199999213218689,0.0,0.0,0.0,0.0625,0.0,0,0,4,120,-1,-1,-1,0.0
stage1b_single_agent_tiny,2,2,119880,1028,1,75,75,1,0,-1.199999213218689,0.0,0.0,0.0,0.0625,0.0,0,0,4,120,-1,-1,-1,0.0
stage1b_single_agent_tiny,2,2,120000,1029,1,75,75,1,0,-1.199999213218689,0.0,0.0,0.0,0.0625,0.0,0,0,4,120,-1,-1,-1,0.0
stage1c_single_agent_small,3,1,120140,1030,1,100,100,1,0,-1.3999990224838257,0.0,0.0,0.0,0.04,0.0,0,0,4,140,-1,-1,-1,0.0
stage1c_single_agent_small,3,1,120280,1031,1,100,100,1,0,-1.3999990224838257,0.0,0.0,0.0,0.04,0.0,0,0,4,140,-1,-1,-1,0.0
stage1c_single_agent_small,3,1,120420,1032,1,100,100,1,0,-1.3999990224838257,0.0,0.0,0.0,0.04,0.0,0,0,4,140,-1,-1,-1,0.0
stage1c_single_agent_small,3,1,120560,1033,1,100,100,1,0,-1.3999990224838257,0.0,0.0,0.0,0.04,0.0,0,0,4,140,-1,-1,-1,0.0
stage1c_single_agent_small,3,1,120700,1034,1,100,100,1,0,-1.3999990224838257,0.0,0.0,0.0,0.04,0.0,0,0,4,140,-1,-1,-1,0.0
stage1c_single_agent_small,3,1,120840,1035,1,100,100,1,0,-1.3999990224838257,0.0,0.0,0.0,0.04,0.0,0,0,4,140,-1,-1,-1,0.0
stage1c_single_agent_small,3,1,120980,1036,1,100,100,1,0,-1.3999990224838257,0.0,0.0,0.0,0.04,0.0,0,0,4,140,-1,-1,-1,0.0
stage1c_single_agent_small,3,1,121120,1037,1,100,100,1,0,-1.3999990224838257,0.0,0.0,0.0,0.04,0.0,0,0,4,140,-1,-1,-1,0.0
stage1c_single_agent_small,3,1,121260,1038,1,100,100,1,0,-1.3999990224838257,0.0,0.0,0.0,0.04,0.0,0,0,4,140,-1,-1,-1,0.0
stage1c_single_agent_small,3,1,121400,1039,1,100,100,1,0,-1.3999990224838257,0.0,0.0,0.0,0.04,0.0,0,0,4,140,-1,-1,-1,0.0
stage1c_single_agent_small,3,1,121540,1040,1,100,100,1,0,-1.3999990224838257,0.0,0.0,0.0,0.04,0.0,0,0,4,140,-1,-1,-1,0.0
stage1c_single_agent_small,3,1,121680,1041,1,100,100,1,0,-1.3999990224838257,0.0,0.0,0.0,0.04,0.0,0,0,4,140,-1,-1,-1,0.0
stage1c_single_agent_small,3,1,121820,1042,1,100,100,1,0,-1.3999990224838257,0.0,0.0,0.0,0.04,0.0,0,0,4,140,-1,-1,-1,0.0
stage1c_single_agent_small,3,1,121960,1043,1,100,100,1,0,-1.3999990224838257,0.0,0.0,0.0,0.04,0.0,0,0,4,140,-1,-1,-1,0.0
stage1c_single_agent_small,3,1,122100,1044,1,100,100,1,0,-1.3999990224838257,0.0,0.0,0.0,0.04,0.0,0,0,4,140,-1,-1,-1,0.0
stage1c_single_agent_small,3,1,122240,1045,1,100,100,1,0,-1.3999990224838257,0.0,0.0,0.0,0.04,0.0,0,0,4,140,-1,-1,-1,0.0
stage1c_single_agent_small,3,1,122380,1046,1,100,100,1,0,-1.3999990224838257,0.0,0.0,0.0,0.04,0.0,0,0,4,140,-1,-1,-1,0.0
stage1c_single_agent_small,3,1,122520,1047,1,100,100,1,0,-1.3999990224838257,0.0,0.0,0.0,0.04,0.0,0,0,4,140,-1,-1,-1,0.0
stage1c_single_agent_small,3,1,122660,1048,1,100,100,1,0,-1.4099990129470825,0.0,0.0,0.0,0.04,0.0,0,0,4,140,-1,-1,-1,0.0
stage1c_single_agent_small,3,1,122800,1049,1,100,100,1,0,-1.25999915599823,0.0,0.0,0.0,0.04,0.0,0,0,4,140,-1,-1,-1,0.0
stage1c_single_agent_small,3,1,122940,1050,1,100,100,1,0,-1.3999990224838257,0.0,0.0,0.0,0.04,0.0,0,0,4,140,-1,-1,-1,0.0
stage1c_single_agent_small,3,1,123080,1051,1,100,100,1,0,-1.3999990224838257,0.0,0.0,0.0,0.04,0.0,0,0,4,140,-1,-1,-1,0.0
stage1c_single_agent_small,3,1,123220,1052,1,100,100,1,0,-1.3999990224838257,0.0,0.0,0.0,0.04,0.0,0,0,4,140,-1,-1,-1,0.0
stage1c_single_agent_small,3,1,123360,1053,1,100,100,1,0,-1.4099990129470825,0.0,0.0,0.0,0.04,0.0,0,0,4,140,-1,-1,-1,0.0
stage1c_single_agent_small,3,1,123500,1054,1,100,100,1,0,-1.3999990224838257,0.0,0.0,0.0,0.04,0.0,0,0,4,140,-1,-1,-1,0.0
stage1c_single_agent_small,3,1,123640,1055,1,100,100,1,0,-1.3999990224838257,0.0,0.0,0.0,0.12,0.0,0,0,4,140,-1,-1,-1,0.0
stage1c_single_agent_small,3,1,123780,1056,1,100,100,1,0,-1.3999990224838257,0.0,0.0,0.0,0.04,0.0,0,0,4,140,-1,-1,-1,0.0
stage1c_single_agent_small,3,1,123920,1057,1,100,100,1,0,-1.4099990129470825,0.0,0.0,0.0,0.08,0.0,0,0,4,140,-1,-1,-1,0.0
stage1c_single_agent_small,3,1,124060,1058,1,100,100,1,0,-1.3999990224838257,0.0,0.0,0.0,0.04,0.0,0,0,4,140,-1,-1,-1,0.0
stage1c_single_agent_small,3,1,124200,1059,1,100,100,1,0,-1.4222092628479004,0.0,0.0,0.0,0.04,0.0,0,0,4,140,-1,-1,-1,0.0
stage1c_single_agent_small,3,1,124340,1060,1,100,100,1,0,-1.4299989938735962,0.0,0.0,0.0,0.04,0.0,0,0,4,140,-1,-1,-1,0.0
stage1c_single_agent_small,3,1,124480,1061,1,100,100,1,0,-1.4195631742477417,0.0,0.0,0.0,0.04,0.0,0,0,4,140,-1,-1,-1,0.0
stage1c_single_agent_small,3,1,124620,1062,1,100,100,1,0,-1.4099990129470825,0.0,0.0,0.0,0.04,0.0,0,0,4,140,-1,-1,-1,0.0
stage1c_single_agent_small,3,1,124760,1063,1,100,100,1,0,-1.4099990129470825,0.0,0.0,0.0,0.04,0.0,0,0,4,140,-1,-1,-1,0.0
stage1c_single_agent_small,3,1,124900,1064,1,100,100,1,0,-1.4099990129470825,0.0,0.0,0.0,0.04,0.0,0,0,4,140,-1,-1,-1,0.0
stage1c_single_agent_small,3,1,125040,1065,1,100,100,1,0,-1.4099990129470825,0.0,0.0,0.0,0.04,0.0,0,0,4,140,-1,-1,-1,0.0
stage1c_single_agent_small,3,1,125047,1066,1,100,100,1,0,23.93183708190918,4.0,4.0,0.0,0.08,0.5714285714285714,1,0,0,7,3,-1,-1,0.0
stage1c_single_agent_small,3,1,125187,1067,1,100,100,1,0,-1.4305025339126587,0.0,0.0,0.0,0.04,0.0,0,0,4,140,-1,-1,-1,0.0
stage1c_single_agent_small,3,1,125327,1068,1,100,100,1,0,-1.4105207920074463,0.0,0.0,0.0,0.04,0.0,0,0,4,140,-1,-1,-1,0.0
stage1c_single_agent_small,3,1,125467,1069,1,100,100,1,0,-2.950683832168579,0.0,0.0,0.0,0.04,0.0,0,0,4,140,-1,-1,-1,0.0
stage1c_single_agent_small,3,1,125607,1070,1,100,100,1,0,-2.9095585346221924,0.0,0.0,0.0,0.04,0.0,0,0,4,140,-1,-1,-1,0.0
stage1c_single_agent_small,3,1,125747,1071,1,100,100,1,0,-1.3899990320205688,0.0,0.0,0.0,0.08,0.0,0,0,4,140,-1,-1,-1,0.0
stage1c_single_agent_small,3,1,125887,1072,1,100,100,1,0,-1.4199990034103394,0.0,0.0,0.0,0.04,0.0,0,0,4,140,-1,-1,-1,0.0
stage1c_single_agent_small,3,1,126027,1073,1,100,100,1,0,-1.4099990129470825,0.0,0.0,0.0,0.04,0.0,0,0,4,140,-1,-1,-1,0.0
stage1c_single_agent_small,3,1,126167,1074,1,100,100,1,0,-1.4209834337234497,0.0,0.0,0.0,0.08,0.0,0,0,4,140,-1,-1,-1,0.0
stage1c_single_agent_small,3,1,126307,1075,1,100,100,1,0,-1.4299489259719849,0.0,0.0,0.0,0.04,0.0,0,0,4,140,-1,-1,-1,0.0
stage1c_single_agent_small,3,1,126447,1076,1,100,100,1,0,-1.4099990129470825,0.0,0.0,0.0,0.04,0.0,0,0,4,140,-1,-1,-1,0.0
stage1c_single_agent_small,3,1,126587,1077,1,100,100,1,0,-1.4099990129470825,0.0,0.0,0.0,0.04,0.0,0,0,4,140,-1,-1,-1,0.0
stage1c_single_agent_small,3,1,126727,1078,1,100,100,1,0,-1.3999990224838257,0.0,0.0,0.0,0.04,0.0,0,0,4,140,-1,-1,-1,0.0
stage1c_single_agent_small,3,1,126867,1079,1,100,100,1,0,-1.4105472564697266,0.0,0.0,0.0,0.04,0.0,0,0,4,140,-1,-1,-1,0.0
stage1c_single_agent_small,3,1,127007,1080,1,100,100,1,0,-1.4099990129470825,0.0,0.0,0.0,0.04,0.0,0,0,4,140,-1,-1,-1,0.0
stage1c_single_agent_small,3,1,127147,1081,1,100,100,1,0,-1.4178026914596558,0.0,0.0,0.0,0.08,0.0,0,0,4,140,-1,-1,-1,0.0
stage1c_single_agent_small,3,1,127287,1082,1,100,100,1,0,-1.4205007553100586,0.0,0.0,0.0,0.04,0.0,0,0,4,140,-1,-1,-1,0.0
stage1c_single_agent_small,3,1,127427,1083,1,100,100,1,0,-2.909998655319214,0.0,0.0,0.0,0.04,0.0,0,0,4,140,-1,-1,-1,0.0
stage1c_single_agent_small,3,1,127567,1084,1,100,100,1,0,-1.4103026390075684,0.0,0.0,0.0,0.04,0.0,0,0,4,140,-1,-1,-1,0.0
stage1c_single_agent_small,3,1,127707,1085,1,100,100,1,0,-4.440009117126465,0.0,0.0,0.0,0.04,0.0,0,0,4,140,-1,-1,-1,0.0
stage1c_single_agent_small,3,1,127713,1086,1,100,100,1,0,23.923460006713867,4.0,4.0,0.0,0.08,0.13069880132873854,1,0,0,6,2,-1,-1,0.0
stage1c_single_agent_small,3,1,127853,1087,1,100,100,1,0,-1.4299989938735962,0.0,0.0,0.0,0.04,0.0,0,0,4,140,-1,-1,-1,0.0
stage1c_single_agent_small,3,1,127993,1088,1,100,100,1,0,-1.4099990129470825,0.0,0.0,0.0,0.04,0.0,0,0,4,140,-1,-1,-1,0.0
stage1c_single_agent_small,3,1,128133,1089,1,100,100,1,0,-2.9287033081054688,0.0,0.0,0.0,0.04,0.0,0,0,4,140,-1,-1,-1,0.0
stage1c_single_agent_small,3,1,128273,1090,1,100,100,1,0,-1.4099990129470825,0.0,0.0,0.0,0.04,0.0,0,0,4,140,-1,-1,-1,0.0
stage1c_single_agent_small,3,1,128413,1091,1,100,100,1,0,-1.4099990129470825,0.0,0.0,0.0,0.04,0.0,0,0,4,140,-1,-1,-1,0.0
stage1c_single_agent_small,3,1,128553,1092,1,100,100,1,0,-1.3999990224838257,0.0,0.0,0.0,0.04,0.0,0,0,4,140,-1,-1,-1,0.0
stage1c_single_agent_small,3,1,128693,1093,1,100,100,1,0,-1.4103785753250122,0.0,0.0,0.0,0.04,0.0,0,0,4,140,-1,-1,-1,0.0
stage1c_single_agent_small,3,1,128833,1094,1,100,100,1,0,-1.4299989938735962,0.0,0.0,0.0,0.04,0.0,0,0,4,140,-1,-1,-1,0.0
stage1c_single_agent_small,3,1,128973,1095,1,100,100,1,0,-1.4500114917755127,0.0,0.0,0.0,0.04,0.0,0,0,4,140,-1,-1,-1,0.0
stage1c_single_agent_small,3,1,129113,1096,1,100,100,1,0,-1.4099990129470825,0.0,0.0,0.0,0.04,0.0,0,0,4,140,-1,-1,-1,0.0
stage1c_single_agent_small,3,1,129253,1097,1,100,100,1,0,-1.3905186653137207,0.0,0.0,0.0,0.08,0.0,0,0,4,140,-1,-1,-1,0.0
stage1c_single_agent_small,3,1,129393,1098,1,100,100,1,0,-1.4299989938735962,0.0,0.0,0.0,0.08,0.0,0,0,4,140,-1,-1,-1,0.0
stage1c_single_agent_small,3,1,129533,1099,1,100,100,1,0,-1.4299989938735962,0.0,0.0,0.0,0.04,0.0,0,0,4,140,-1,-1,-1,0.0
stage1c_single_agent_small,3,1,129673,1100,1,100,100,1,0,-1.4802629947662354,0.0,0.0,0.0,0.04,0.0,0,0,4,140,-1,-1,-1,0.0
stage1c_single_agent_small,3,1,129813,1101,1,100,100,1,0,-1.439998984336853,0.0,0.0,0.0,0.04,0.0,0,0,4,140,-1,-1,-1,0.0
stage1c_single_agent_small,3,1,129953,1102,1,100,100,1,0,-1.4205336570739746,0.0,0.0,0.0,0.04,0.0,0,0,4,140,-1,-1,-1,0.0
stage1c_single_agent_small,3,1,130093,1103,1,100,100,1,0,-1.4099990129470825,0.0,0.0,0.0,0.04,0.0,0,0,4,140,-1,-1,-1,0.0
stage1c_single_agent_small,3,1,130233,1104,1,100,100,1,0,-1.4299989938735962,0.0,0.0,0.0,0.04,0.0,0,0,4,140,-1,-1,-1,0.0
stage1c_single_agent_small,3,1,130373,1105,1,100,100,1,0,-1.4099990129470825,0.0,0.0,0.0,0.04,0.0,0,0,4,140,-1,-1,-1,0.0
stage1c_single_agent_small,3,1,130513,1106,1,100,100,1,0,-1.4499989748001099,0.0,0.0,0.0,0.04,0.0,0,0,4,140,-1,-1,-1,0.0
stage1c_single_agent_small,3,1,130653,1107,1,100,100,1,0,-1.439998984336853,0.0,0.0,0.0,0.04,0.0,0,0,4,140,-1,-1,-1,0.0
stage1c_single_agent_small,3,1,130793,1108,1,100,100,1,0,-1.2999991178512573,0.0,0.0,0.0,0.04,0.0,0,0,4,140,-1,-1,-1,0.0
stage1c_single_agent_small,3,1,130933,1109,1,100,100,1,0,-1.419621467590332,0.0,0.0,0.0,0.04,0.0,0,0,4,140,-1,-1,-1,0.0
stage1c_single_agent_small,3,1,131073,1110,1,100,100,1,0,-1.4299989938735962,0.0,0.0,0.0,0.04,0.0,0,0,4,140,-1,-1,-1,0.0
stage1c_single_agent_small,3,1,131213,1111,1,100,100,1,0,-2.9299986362457275,0.0,0.0,0.0,0.04,0.0,0,0,4,140,-1,-1,-1,0.0
stage1c_single_agent_small,3,1,131353,1112,1,100,100,1,0,-1.4099990129470825,0.0,0.0,0.0,0.04,0.0,0,0,4,140,-1,-1,-1,0.0
stage1c_single_agent_small,3,1,131493,1113,1,100,100,1,0,-1.428088665008545,0.0,0.0,0.0,0.04,0.0,0,0,4,140,-1,-1,-1,0.0
stage1c_single_agent_small,3,1,131633,1114,1,100,100,1,0,-1.410393238067627,0.0,0.0,0.0,0.04,0.0,0,0,4,140,-1,-1,-1,0.0
stage1c_single_agent_small,3,1,131773,1115,1,100,100,1,0,-1.4299989938735962,0.0,0.0,0.0,0.04,0.0,0,0,4,140,-1,-1,-1,0.0
stage1c_single_agent_small,3,1,131913,1116,1,100,100,1,0,-2.909998655319214,0.0,0.0,0.0,0.08,0.0,0,0,4,140,-1,-1,-1,0.0
stage1c_single_agent_small,3,1,132053,1117,1,100,100,1,0,-1.4304581880569458,0.0,0.0,0.0,0.04,0.0,0,0,4,140,-1,-1,-1,0.0
stage1c_single_agent_small,3,1,132193,1118,1,100,100,1,0,-1.4199990034103394,0.0,0.0,0.0,0.04,0.0,0,0,4,140,-1,-1,-1,0.0
stage1c_single_agent_small,3,1,132333,1119,1,100,100,1,0,-1.4199990034103394,0.0,0.0,0.0,0.04,0.0,0,0,4,140,-1,-1,-1,0.0
stage1c_single_agent_small,3,1,132473,1120,1,100,100,1,0,-1.4199990034103394,0.0,0.0,0.0,0.04,0.0,0,0,4,140,-1,-1,-1,0.0
stage1c_single_agent_small,3,1,132613,1121,1,100,100,1,0,-1.4299108982086182,0.0,0.0,0.0,0.04,0.0,0,0,4,140,-1,-1,-1,0.0
stage1c_single_agent_small,3,1,132753,1122,1,100,100,1,0,-1.419499397277832,0.0,0.0,0.0,0.08,0.0,0,0,4,140,-1,-1,-1,0.0
stage1c_single_agent_small,3,1,132893,1123,1,100,100,1,0,-1.4299989938735962,0.0,0.0,0.0,0.04,0.0,0,0,4,140,-1,-1,-1,0.0
stage1c_single_agent_small,3,1,133033,1124,1,100,100,1,0,-1.4499989748001099,0.0,0.0,0.0,0.04,0.0,0,0,4,140,-1,-1,-1,0.0
stage1c_single_agent_small,3,1,133173,1125,1,100,100,1,0,-1.4299646615982056,0.0,0.0,0.0,0.04,0.0,0,0,4,140,-1,-1,-1,0.0
stage1c_single_agent_small,3,1,133313,1126,1,100,100,1,0,-1.4199990034103394,0.0,0.0,0.0,0.04,0.0,0,0,4,140,-1,-1,-1,0.0
stage1c_single_agent_small,3,1,133453,1127,1,100,100,1,0,-1.4299989938735962,0.0,0.0,0.0,0.04,0.0,0,0,4,140,-1,-1,-1,0.0
stage1c_single_agent_small,3,1,133593,1128,1,100,100,1,0,-1.4278502464294434,0.0,0.0,0.0,0.04,0.0,0,0,4,140,-1,-1,-1,0.0
stage1c_single_agent_small,3,1,133733,1129,1,100,100,1,0,-4.419375896453857,0.0,0.0,0.0,0.08,0.0,0,0,4,140,-1,-1,-1,0.0
stage1c_single_agent_small,3,1,133873,1130,1,100,100,1,0,-1.449588656425476,0.0,0.0,0.0,0.04,0.0,0,0,4,140,-1,-1,-1,0.0
stage1c_single_agent_small,3,1,134013,1131,1,100,100,1,0,-2.9629616737365723,0.0,0.0,0.0,0.08,0.0,0,0,4,140,-1,-1,-1,0.0
stage1c_single_agent_small,3,1,134153,1132,1,100,100,1,0,-1.4199990034103394,0.0,0.0,0.0,0.04,0.0,0,0,4,140,-1,-1,-1,0.0
stage1c_single_agent_small,3,1,134293,1133,1,100,100,1,0,-4.450446128845215,0.0,0.0,0.0,0.04,0.0,0,0,4,140,-1,-1,-1,0.0
stage1c_single_agent_small,3,1,134433,1134,1,100,100,1,0,-1.4199990034103394,0.0,0.0,0.0,0.04,0.0,0,0,4,140,-1,-1,-1,0.0
stage1c_single_agent_small,3,1,134573,1135,1,100,100,1,0,-1.4199990034103394,0.0,0.0,0.0,0.04,0.0,0,0,4,140,-1,-1,-1,0.0
stage1c_single_agent_small,3,1,134713,1136,1,100,100,1,0,-1.4299989938735962,0.0,0.0,0.0,0.08,0.0,0,0,4,140,-1,-1,-1,0.0
stage1c_single_agent_small,3,1,134853,1137,1,100,100,1,0,-1.4002952575683594,0.0,0.0,0.0,0.08,0.0,0,0,4,140,-1,-1,-1,0.0
stage1c_single_agent_small,3,1,134993,1138,1,100,100,1,0,-1.4199990034103394,0.0,0.0,0.0,0.04,0.0,0,0,4,140,-1,-1,-1,0.0
stage1c_single_agent_small,3,1,135133,1139,1,100,100,1,0,-1.4204719066619873,0.0,0.0,0.0,0.08,0.0,0,0,4,140,-1,-1,-1,0.0
stage1c_single_agent_small,3,1,135273,1140,1,100,100,1,0,-1.2799991369247437,0.0,0.0,0.0,0.08,0.0,0,0,4,140,-1,-1,-1,0.0
stage1c_single_agent_small,3,1,135413,1141,1,100,100,1,0,-6.667792320251465,0.0,0.0,0.0,0.4,0.0,0,0,4,140,-1,-1,-1,0.0
stage1c_single_agent_small,3,1,135553,1142,1,100,100,1,0,-1.4199990034103394,0.0,0.0,0.0,0.04,0.0,0,0,4,140,-1,-1,-1,0.0
stage1c_single_agent_small,3,1,135693,1143,1,100,100,1,0,-18.74573516845703,0.0,0.0,0.0,0.32,0.0,0,0,4,140,-1,-1,-1,0.0
stage1c_single_agent_small,3,1,135833,1144,1,100,100,1,0,-1.4407979249954224,0.0,0.0,0.0,0.04,0.0,0,0,4,140,-1,-1,-1,0.0
stage1c_single_agent_small,3,1,135973,1145,1,100,100,1,0,-27.9350643157959,0.0,0.0,0.0,0.2,0.0,0,0,4,140,-1,-1,-1,0.0
stage1c_single_agent_small,3,1,136113,1146,1,100,100,1,0,-1.4099990129470825,0.0,0.0,0.0,0.08,0.0,0,0,4,140,-1,-1,-1,0.0
stage1c_single_agent_small,3,1,136253,1147,1,100,100,1,0,-1.4199990034103394,0.0,0.0,0.0,0.04,0.0,0,0,4,140,-1,-1,-1,0.0
stage1c_single_agent_small,3,1,136393,1148,1,100,100,1,0,-1.4299989938735962,0.0,0.0,0.0,0.04,0.0,0,0,4,140,-1,-1,-1,0.0
stage1c_single_agent_small,3,1,136533,1149,1,100,100,1,0,-9.906540870666504,0.0,0.0,0.0,0.2,0.0,0,0,4,140,-1,-1,-1,0.0
stage1c_single_agent_small,3,1,136673,1150,1,100,100,1,0,-1.4603804349899292,0.0,0.0,0.0,0.04,0.0,0,0,4,140,-1,-1,-1,0.0
stage1c_single_agent_small,3,1,136813,1151,1,100,100,1,0,-1.4389967918395996,0.0,0.0,0.0,0.08,0.0,0,0,4,140,-1,-1,-1,0.0
stage1c_single_agent_small,3,1,136953,1152,1,100,100,1,0,-1.4299989938735962,0.0,0.0,0.0,0.04,0.0,0,0,4,140,-1,-1,-1,0.0
stage1c_single_agent_small,3,1,137093,1153,1,100,100,1,0,-17.260543823242188,0.0,0.0,0.0,0.24,0.0,0,0,4,140,-1,-1,-1,0.0
stage1c_single_agent_small,3,1,137233,1154,1,100,100,1,0,-1.4299989938735962,0.0,0.0,0.0,0.04,0.0,0,0,4,140,-1,-1,-1,0.0
stage1c_single_agent_small,3,1,137373,1155,1,100,100,1,0,-1.4299989938735962,0.0,0.0,0.0,0.04,0.0,0,0,4,140,-1,-1,-1,0.0
stage1c_single_agent_small,3,1,137513,1156,1,100,100,1,0,-1.4199990034103394,0.0,0.0,0.0,0.04,0.0,0,0,4,140,-1,-1,-1,0.0
stage1c_single_agent_small,3,1,137653,1157,1,100,100,1,0,-1.3999990224838257,0.0,0.0,0.0,0.08,0.0,0,0,4,140,-1,-1,-1,0.0
stage1c_single_agent_small,3,1,137793,1158,1,100,100,1,0,-1.439998984336853,0.0,0.0,0.0,0.04,0.0,0,0,4,140,-1,-1,-1,0.0
stage1c_single_agent_small,3,1,137933,1159,1,100,100,1,0,-1.2502782344818115,0.0,0.0,0.0,0.08,0.0,0,0,4,140,-1,-1,-1,0.0
stage1c_single_agent_small,3,1,138073,1160,1,100,100,1,0,-1.4099990129470825,0.0,0.0,0.0,0.04,0.0,0,0,4,140,-1,-1,-1,0.0
stage1c_single_agent_small,3,1,138213,1161,1,100,100,1,0,-1.4099990129470825,0.0,0.0,0.0,0.04,0.0,0,0,4,140,-1,-1,-1,0.0
stage1c_single_agent_small,3,1,138353,1162,1,100,100,1,0,-1.4099990129470825,0.0,0.0,0.0,0.04,0.0,0,0,4,140,-1,-1,-1,0.0
stage1c_single_agent_small,3,1,138493,1163,1,100,100,1,0,-1.4428062438964844,0.0,0.0,0.0,0.08,0.0,0,0,4,140,-1,-1,-1,0.0
stage1c_single_agent_small,3,1,138633,1164,1,100,100,1,0,-1.3999990224838257,0.0,0.0,0.0,0.08,0.0,0,0,4,140,-1,-1,-1,0.0
stage1c_single_agent_small,3,1,138773,1165,1,100,100,1,0,-1.4204827547073364,0.0,0.0,0.0,0.04,0.0,0,0,4,140,-1,-1,-1,0.0
stage1c_single_agent_small,3,1,138913,1166,1,100,100,1,0,-1.2805818319320679,0.0,0.0,0.0,0.04,0.0,0,0,4,140,-1,-1,-1,0.0
stage1c_single_agent_small,3,1,139053,1167,1,100,100,1,0,-1.4199990034103394,0.0,0.0,0.0,0.04,0.0,0,0,4,140,-1,-1,-1,0.0
stage1c_single_agent_small,3,1,139193,1168,1,100,100,1,0,-1.4099581241607666,0.0,0.0,0.0,0.04,0.0,0,0,4,140,-1,-1,-1,0.0
stage1c_single_agent_small,3,1,139333,1169,1,100,100,1,0,-2.9197278022766113,0.0,0.0,0.0,0.04,0.0,0,0,4,140,-1,-1,-1,0.0
stage1c_single_agent_small,3,1,139473,1170,1,100,100,1,0,-1.4099990129470825,0.0,0.0,0.0,0.04,0.0,0,0,4,140,-1,-1,-1,0.0
stage1c_single_agent_small,3,1,139613,1171,1,100,100,1,0,-1.4408721923828125,0.0,0.0,0.0,0.04,0.0,0,0,4,140,-1,-1,-1,0.0
stage1c_single_agent_small,3,1,139753,1172,1,100,100,1,0,-1.4099990129470825,0.0,0.0,0.0,0.04,0.0,0,0,4,140,-1,-1,-1,0.0
stage1c_single_agent_small,3,1,139893,1173,1,100,100,1,0,-1.4105089902877808,0.0,0.0,0.0,0.04,0.0,0,0,4,140,-1,-1,-1,0.0
stage1c_single_agent_small,3,1,140033,1174,1,100,100,1,0,-1.4199990034103394,0.0,0.0,0.0,0.04,0.0,0,0,4,140,-1,-1,-1,0.0
stage1c_single_agent_small,3,1,140173,1175,1,100,100,1,0,-1.4099990129470825,0.0,0.0,0.0,0.04,0.0,0,0,4,140,-1,-1,-1,0.0
stage1c_single_agent_small,3,1,140313,1176,1,100,100,1,0,-1.4103829860687256,0.0,0.0,0.0,0.04,0.0,0,0,4,140,-1,-1,-1,0.0
stage1c_single_agent_small,3,1,140453,1177,1,100,100,1,0,-1.4098992347717285,0.0,0.0,0.0,0.04,0.0,0,0,4,140,-1,-1,-1,0.0
stage1c_single_agent_small,3,1,140593,1178,1,100,100,1,0,-1.4099990129470825,0.0,0.0,0.0,0.04,0.0,0,0,4,140,-1,-1,-1,0.0
stage1c_single_agent_small,3,1,140733,1179,1,100,100,1,0,-1.4199990034103394,0.0,0.0,0.0,0.04,0.0,0,0,4,140,-1,-1,-1,0.0
stage1c_single_agent_small,3,1,140873,1180,1,100,100,1,0,-1.3898210525512695,0.0,0.0,0.0,0.08,0.0,0,0,4,140,-1,-1,-1,0.0
stage1c_single_agent_small,3,1,141013,1181,1,100,100,1,0,-1.4194540977478027,0.0,0.0,0.0,0.04,0.0,0,0,4,140,-1,-1,-1,0.0
stage1c_single_agent_small,3,1,141153,1182,1,100,100,1,0,-1.3899990320205688,0.0,0.0,0.0,0.08,0.0,0,0,4,140,-1,-1,-1,0.0
stage1c_single_agent_small,3,1,141293,1183,1,100,100,1,0,-1.4099990129470825,0.0,0.0,0.0,0.04,0.0,0,0,4,140,-1,-1,-1,0.0
stage1c_single_agent_small,3,1,141433,1184,1,100,100,1,0,-1.4099990129470825,0.0,0.0,0.0,0.04,0.0,0,0,4,140,-1,-1,-1,0.0
stage1c_single_agent_small,3,1,141573,1185,1,100,100,1,0,-1.4199990034103394,0.0,0.0,0.0,0.04,0.0,0,0,4,140,-1,-1,-1,0.0
stage1c_single_agent_small,3,1,141713,1186,1,100,100,1,0,-1.4099990129470825,0.0,0.0,0.0,0.04,0.0,0,0,4,140,-1,-1,-1,0.0
stage1c_single_agent_small,3,1,141853,1187,1,100,100,1,0,-1.3999990224838257,0.0,0.0,0.0,0.04,0.0,0,0,4,140,-1,-1,-1,0.0
stage1c_single_agent_small,3,1,141993,1188,1,100,100,1,0,-1.4099990129470825,0.0,0.0,0.0,0.04,0.0,0,0,4,140,-1,-1,-1,0.0
stage1c_single_agent_small,3,1,142133,1189,1,100,100,1,0,-1.4094672203063965,0.0,0.0,0.0,0.04,0.0,0,0,4,140,-1,-1,-1,0.0
stage1c_single_agent_small,3,1,142273,1190,1,100,100,1,0,-1.4099990129470825,0.0,0.0,0.0,0.04,0.0,0,0,4,140,-1,-1,-1,0.0
stage1c_single_agent_small,3,1,142413,1191,1,100,100,1,0,-1.4099990129470825,0.0,0.0,0.0,0.04,0.0,0,0,4,140,-1,-1,-1,0.0
stage1c_single_agent_small,3,1,142553,1192,1,100,100,1,0,-1.4099990129470825,0.0,0.0,0.0,0.04,0.0,0,0,4,140,-1,-1,-1,0.0
stage1c_single_agent_small,3,1,142693,1193,1,100,100,1,0,-1.270206093788147,0.0,0.0,0.0,0.04,0.0,0,0,4,140,-1,-1,-1,0.0
stage1c_single_agent_small,3,1,142833,1194,1,100,100,1,0,-1.4099990129470825,0.0,0.0,0.0,0.04,0.0,0,0,4,140,-1,-1,-1,0.0
stage1c_single_agent_small,3,1,142973,1195,1,100,100,1,0,-1.4099990129470825,0.0,0.0,0.0,0.04,0.0,0,0,4,140,-1,-1,-1,0.0
stage1c_single_agent_small,3,1,143113,1196,1,100,100,1,0,-1.4199990034103394,0.0,0.0,0.0,0.04,0.0,0,0,4,140,-1,-1,-1,0.0
stage1c_single_agent_small,3,1,143253,1197,1,100,100,1,0,-1.4099990129470825,0.0,0.0,0.0,0.04,0.0,0,0,4,140,-1,-1,-1,0.0
stage1c_single_agent_small,3,1,143393,1198,1,100,100,1,0,-1.4103782176971436,0.0,0.0,0.0,0.04,0.0,0,0,4,140,-1,-1,-1,0.0
stage1c_single_agent_small,3,1,143533,1199,1,100,100,1,0,-1.4103220701217651,0.0,0.0,0.0,0.04,0.0,0,0,4,140,-1,-1,-1,0.0
stage1c_single_agent_small,3,1,143673,1200,1,100,100,1,0,-1.4199990034103394,0.0,0.0,0.0,0.04,0.0,0,0,4,140,-1,-1,-1,0.0
stage1c_single_agent_small,3,1,143813,1201,1,100,100,1,0,-1.4096063375473022,0.0,0.0,0.0,0.04,0.0,0,0,4,140,-1,-1,-1,0.0
stage1c_single_agent_small,3,1,143953,1202,1,100,100,1,0,-1.409627914428711,0.0,0.0,0.0,0.04,0.0,0,0,4,140,-1,-1,-1,0.0
stage1c_single_agent_small,3,1,144093,1203,1,100,100,1,0,-1.4205501079559326,0.0,0.0,0.0,0.04,0.0,0,0,4,140,-1,-1,-1,0.0
stage1c_single_agent_small,3,1,144233,1204,1,100,100,1,0,-1.4099990129470825,0.0,0.0,0.0,0.04,0.0,0,0,4,140,-1,-1,-1,0.0
stage1c_single_agent_small,3,1,144373,1205,1,100,100,1,0,-1.410123348236084,0.0,0.0,0.0,0.04,0.0,0,0,4,140,-1,-1,-1,0.0
stage1c_single_agent_small,3,1,144513,1206,1,100,100,1,0,-1.4201065301895142,0.0,0.0,0.0,0.04,0.0,0,0,4,140,-1,-1,-1,0.0
stage1c_single_agent_small,3,1,144653,1207,1,100,100,1,0,-1.410393476486206,0.0,0.0,0.0,0.04,0.0,0,0,4,140,-1,-1,-1,0.0
stage1c_single_agent_small,3,1,144793,1208,1,100,100,1,0,-1.4099990129470825,0.0,0.0,0.0,0.04,0.0,0,0,4,140,-1,-1,-1,0.0
stage1c_single_agent_small,3,1,144933,1209,1,100,100,1,0,-1.4099990129470825,0.0,0.0,0.0,0.04,0.0,0,0,4,140,-1,-1,-1,0.0
stage1c_single_agent_small,3,1,145073,1210,1,100,100,1,0,-1.4099990129470825,0.0,0.0,0.0,0.04,0.0,0,0,4,140,-1,-1,-1,0.0
stage1c_single_agent_small,3,1,145213,1211,1,100,100,1,0,-1.4099990129470825,0.0,0.0,0.0,0.04,0.0,0,0,4,140,-1,-1,-1,0.0
stage1c_single_agent_small,3,1,145353,1212,1,100,100,1,0,-1.3999990224838257,0.0,0.0,0.0,0.08,0.0,0,0,4,140,-1,-1,-1,0.0
stage1c_single_agent_small,3,1,145493,1213,1,100,100,1,0,-1.4099990129470825,0.0,0.0,0.0,0.04,0.0,0,0,4,140,-1,-1,-1,0.0
stage1c_single_agent_small,3,1,145633,1214,1,100,100,1,0,-1.4099990129470825,0.0,0.0,0.0,0.04,0.0,0,0,4,140,-1,-1,-1,0.0
stage1c_single_agent_small,3,1,145773,1215,1,100,100,1,0,-1.410545825958252,0.0,0.0,0.0,0.04,0.0,0,0,4,140,-1,-1,-1,0.0
stage1c_single_agent_small,3,1,145913,1216,1,100,100,1,0,-1.4099990129470825,0.0,0.0,0.0,0.04,0.0,0,0,4,140,-1,-1,-1,0.0
stage1c_single_agent_small,3,1,146053,1217,1,100,100,1,0,-1.4099990129470825,0.0,0.0,0.0,0.04,0.0,0,0,4,140,-1,-1,-1,0.0
stage1c_single_agent_small,3,1,146193,1218,1,100,100,1,0,-1.4103851318359375,0.0,0.0,0.0,0.04,0.0,0,0,4,140,-1,-1,-1,0.0
stage1c_single_agent_small,3,1,146333,1219,1,100,100,1,0,-1.4099990129470825,0.0,0.0,0.0,0.04,0.0,0,0,4,140,-1,-1,-1,0.0
stage1c_single_agent_small,3,1,146473,1220,1,100,100,1,0,-1.4099990129470825,0.0,0.0,0.0,0.04,0.0,0,0,4,140,-1,-1,-1,0.0
stage1c_single_agent_small,3,1,146613,1221,1,100,100,1,0,-1.4099990129470825,0.0,0.0,0.0,0.04,0.0,0,0,4,140,-1,-1,-1,0.0
stage1c_single_agent_small,3,1,146753,1222,1,100,100,1,0,-2.919499158859253,0.0,0.0,0.0,0.04,0.0,0,0,4,140,-1,-1,-1,0.0
stage1c_single_agent_small,3,1,146893,1223,1,100,100,1,0,-1.4099990129470825,0.0,0.0,0.0,0.04,0.0,0,0,4,140,-1,-1,-1,0.0
stage1c_single_agent_small,3,1,147033,1224,1,100,100,1,0,-1.4099990129470825,0.0,0.0,0.0,0.04,0.0,0,0,4,140,-1,-1,-1,0.0
stage1c_single_agent_small,3,1,147173,1225,1,100,100,1,0,-1.4099990129470825,0.0,0.0,0.0,0.04,0.0,0,0,4,140,-1,-1,-1,0.0
stage1c_single_agent_small,3,1,147313,1226,1,100,100,1,0,-1.4105325937271118,0.0,0.0,0.0,0.04,0.0,0,0,4,140,-1,-1,-1,0.0
stage1c_single_agent_small,3,1,147453,1227,1,100,100,1,0,-1.4219356775283813,0.0,0.0,0.0,0.04,0.0,0,0,4,140,-1,-1,-1,0.0
stage1c_single_agent_small,3,1,147593,1228,1,100,100,1,0,-1.3999990224838257,0.0,0.0,0.0,0.04,0.0,0,0,4,140,-1,-1,-1,0.0
stage1c_single_agent_small,3,1,147733,1229,1,100,100,1,0,-1.4099990129470825,0.0,0.0,0.0,0.04,0.0,0,0,4,140,-1,-1,-1,0.0
stage1c_single_agent_small,3,1,147873,1230,1,100,100,1,0,-1.4198747873306274,0.0,0.0,0.0,0.04,0.0,0,0,4,140,-1,-1,-1,0.0
stage1c_single_agent_small,3,1,148013,1231,1,100,100,1,0,-1.3999990224838257,0.0,0.0,0.0,0.04,0.0,0,0,4,140,-1,-1,-1,0.0
stage1c_single_agent_small,3,1,148153,1232,1,100,100,1,0,-1.4099990129470825,0.0,0.0,0.0,0.04,0.0,0,0,4,140,-1,-1,-1,0.0
stage1c_single_agent_small,3,1,148293,1233,1,100,100,1,0,-1.4099990129470825,0.0,0.0,0.0,0.04,0.0,0,0,4,140,-1,-1,-1,0.0
stage1c_single_agent_small,3,1,148433,1234,1,100,100,1,0,-1.4099990129470825,0.0,0.0,0.0,0.04,0.0,0,0,4,140,-1,-1,-1,0.0
stage1c_single_agent_small,3,1,148573,1235,1,100,100,1,0,-1.4199990034103394,0.0,0.0,0.0,0.04,0.0,0,0,4,140,-1,-1,-1,0.0
stage1c_single_agent_small,3,1,148713,1236,1,100,100,1,0,-1.4099990129470825,0.0,0.0,0.0,0.04,0.0,0,0,4,140,-1,-1,-1,0.0
stage1c_single_agent_small,3,1,148853,1237,1,100,100,1,0,-1.4199990034103394,0.0,0.0,0.0,0.04,0.0,0,0,4,140,-1,-1,-1,0.0
stage1c_single_agent_small,3,1,148993,1238,1,100,100,1,0,-1.4099990129470825,0.0,0.0,0.0,0.04,0.0,0,0,4,140,-1,-1,-1,0.0
stage1c_single_agent_small,3,1,149133,1239,1,100,100,1,0,-1.3899990320205688,0.0,0.0,0.0,0.08,0.0,0,0,4,140,-1,-1,-1,0.0
stage1c_single_agent_small,3,1,149273,1240,1,100,100,1,0,-1.4099990129470825,0.0,0.0,0.0,0.04,0.0,0,0,4,140,-1,-1,-1,0.0
stage1c_single_agent_small,3,1,149413,1241,1,100,100,1,0,-1.2699991464614868,0.0,0.0,0.0,0.04,0.0,0,0,4,140,-1,-1,-1,0.0
stage1c_single_agent_small,3,1,149553,1242,1,100,100,1,0,-1.3999990224838257,0.0,0.0,0.0,0.04,0.0,0,0,4,140,-1,-1,-1,0.0
stage1c_single_agent_small,3,1,149693,1243,1,100,100,1,0,-1.4095245599746704,0.0,0.0,0.0,0.04,0.0,0,0,4,140,-1,-1,-1,0.0
stage1c_single_agent_small,3,1,149833,1244,1,100,100,1,0,-2.9294705390930176,0.0,0.0,0.0,0.04,0.0,0,0,4,140,-1,-1,-1,0.0
stage1c_single_agent_small,3,1,149973,1245,1,100,100,1,0,-1.4099990129470825,0.0,0.0,0.0,0.04,0.0,0,0,4,140,-1,-1,-1,0.0
stage1c_single_agent_small,3,2,150140,1246,1,100,100,1,0,-1.4199990034103394,0.0,0.0,0.0,0.04,0.0,0,0,4,140,-1,-1,-1,0.0
stage1c_single_agent_small,3,2,150280,1247,1,100,100,1,0,-1.4099990129470825,0.0,0.0,0.0,0.04,0.0,0,0,4,140,-1,-1,-1,0.0
stage1c_single_agent_small,3,2,150420,1248,1,100,100,1,0,-1.4099990129470825,0.0,0.0,0.0,0.04,0.0,0,0,4,140,-1,-1,-1,0.0
stage1c_single_agent_small,3,2,150560,1249,1,100,100,1,0,-1.4199990034103394,0.0,0.0,0.0,0.04,0.0,0,0,4,140,-1,-1,-1,0.0
stage1c_single_agent_small,3,2,150700,1250,1,100,100,1,0,-1.4099990129470825,0.0,0.0,0.0,0.04,0.0,0,0,4,140,-1,-1,-1,0.0
stage1c_single_agent_small,3,2,150840,1251,1,100,100,1,0,-1.4199990034103394,0.0,0.0,0.0,0.04,0.0,0,0,4,140,-1,-1,-1,0.0
stage1c_single_agent_small,3,2,150980,1252,1,100,100,1,0,-1.3999990224838257,0.0,0.0,0.0,0.04,0.0,0,0,4,140,-1,-1,-1,0.0
stage1c_single_agent_small,3,2,151120,1253,1,100,100,1,0,-1.4099990129470825,0.0,0.0,0.0,0.04,0.0,0,0,4,140,-1,-1,-1,0.0
stage1c_single_agent_small,3,2,151260,1254,1,100,100,1,0,-1.4199990034103394,0.0,0.0,0.0,0.04,0.0,0,0,4,140,-1,-1,-1,0.0
stage1c_single_agent_small,3,2,151400,1255,1,100,100,1,0,-1.4099990129470825,0.0,0.0,0.0,0.04,0.0,0,0,4,140,-1,-1,-1,0.0
stage1c_single_agent_small,3,2,151540,1256,1,100,100,1,0,-1.4099990129470825,0.0,0.0,0.0,0.04,0.0,0,0,4,140,-1,-1,-1,0.0
stage1c_single_agent_small,3,2,151680,1257,1,100,100,1,0,-1.4199990034103394,0.0,0.0,0.0,0.04,0.0,0,0,4,140,-1,-1,-1,0.0
stage1c_single_agent_small,3,2,151820,1258,1,100,100,1,0,-1.3999990224838257,0.0,0.0,0.0,0.04,0.0,0,0,4,140,-1,-1,-1,0.0
stage1c_single_agent_small,3,2,151960,1259,1,100,100,1,0,-1.3999990224838257,0.0,0.0,0.0,0.08,0.0,0,0,4,140,-1,-1,-1,0.0
stage1c_single_agent_small,3,2,152100,1260,1,100,100,1,0,-1.4101852178573608,0.0,0.0,0.0,0.04,0.0,0,0,4,140,-1,-1,-1,0.0
stage1c_single_agent_small,3,2,152240,1261,1,100,100,1,0,-1.4099990129470825,0.0,0.0,0.0,0.04,0.0,0,0,4,140,-1,-1,-1,0.0
stage1c_single_agent_small,3,2,152380,1262,1,100,100,1,0,-1.4099990129470825,0.0,0.0,0.0,0.04,0.0,0,0,4,140,-1,-1,-1,0.0
stage1c_single_agent_small,3,2,152520,1263,1,100,100,1,0,-1.4099990129470825,0.0,0.0,0.0,0.04,0.0,0,0,4,140,-1,-1,-1,0.0
stage1c_single_agent_small,3,2,152660,1264,1,100,100,1,0,-1.4099990129470825,0.0,0.0,0.0,0.04,0.0,0,0,4,140,-1,-1,-1,0.0
stage1c_single_agent_small,3,2,152800,1265,1,100,100,1,0,-1.4199990034103394,0.0,0.0,0.0,0.04,0.0,0,0,4,140,-1,-1,-1,0.0
stage1c_single_agent_small,3,2,152940,1266,1,100,100,1,0,-1.4195307493209839,0.0,0.0,0.0,0.04,0.0,0,0,4,140,-1,-1,-1,0.0
stage1c_single_agent_small,3,2,153080,1267,1,100,100,1,0,-1.4099990129470825,0.0,0.0,0.0,0.04,0.0,0,0,4,140,-1,-1,-1,0.0
stage1c_single_agent_small,3,2,153220,1268,1,100,100,1,0,-1.4099990129470825,0.0,0.0,0.0,0.04,0.0,0,0,4,140,-1,-1,-1,0.0
stage1c_single_agent_small,3,2,153360,1269,1,100,100,1,0,-1.4099990129470825,0.0,0.0,0.0,0.04,0.0,0,0,4,140,-1,-1,-1,0.0
stage1c_single_agent_small,3,2,153500,1270,1,100,100,1,0,-1.3999990224838257,0.0,0.0,0.0,0.08,0.0,0,0,4,140,-1,-1,-1,0.0
stage1c_single_agent_small,3,2,153640,1271,1,100,100,1,0,-1.4099990129470825,0.0,0.0,0.0,0.04,0.0,0,0,4,140,-1,-1,-1,0.0
stage1c_single_agent_small,3,2,153780,1272,1,100,100,1,0,-1.3899990320205688,0.0,0.0,0.0,0.08,0.0,0,0,4,140,-1,-1,-1,0.0
stage1c_single_agent_small,3,2,153920,1273,1,100,100,1,0,-1.4015260934829712,0.0,0.0,0.0,0.08,0.0,0,0,4,140,-1,-1,-1,0.0
stage1c_single_agent_small,3,2,154060,1274,1,100,100,1,0,-1.410306453704834,0.0,0.0,0.0,0.04,0.0,0,0,4,140,-1,-1,-1,0.0
stage1c_single_agent_small,3,2,154200,1275,1,100,100,1,0,-1.4099990129470825,0.0,0.0,0.0,0.04,0.0,0,0,4,140,-1,-1,-1,0.0
stage1c_single_agent_small,3,2,154340,1276,1,100,100,1,0,-1.4099990129470825,0.0,0.0,0.0,0.04,0.0,0,0,4,140,-1,-1,-1,0.0
stage1c_single_agent_small,3,2,154480,1277,1,100,100,1,0,-1.4003713130950928,0.0,0.0,0.0,0.08,0.0,0,0,4,140,-1,-1,-1,0.0
stage1c_single_agent_small,3,2,154620,1278,1,100,100,1,0,-1.4099990129470825,0.0,0.0,0.0,0.04,0.0,0,0,4,140,-1,-1,-1,0.0
stage1c_single_agent_small,3,2,154760,1279,1,100,100,1,0,-1.4199990034103394,0.0,0.0,0.0,0.04,0.0,0,0,4,140,-1,-1,-1,0.0
stage1c_single_agent_small,3,2,154900,1280,1,100,100,1,0,-1.4194741249084473,0.0,0.0,0.0,0.04,0.0,0,0,4,140,-1,-1,-1,0.0
stage1c_single_agent_small,3,2,155040,1281,1,100,100,1,0,-1.4099990129470825,0.0,0.0,0.0,0.04,0.0,0,0,4,140,-1,-1,-1,0.0
stage1c_single_agent_small,3,2,155180,1282,1,100,100,1,0,-1.4099990129470825,0.0,0.0,0.0,0.04,0.0,0,0,4,140,-1,-1,-1,0.0
stage1c_single_agent_small,3,2,155320,1283,1,100,100,1,0,-1.4099990129470825,0.0,0.0,0.0,0.04,0.0,0,0,4,140,-1,-1,-1,0.0
stage1c_single_agent_small,3,2,155460,1284,1,100,100,1,0,-1.420154333114624,0.0,0.0,0.0,0.04,0.0,0,0,4,140,-1,-1,-1,0.0
stage1c_single_agent_small,3,2,155600,1285,1,100,100,1,0,-1.4099990129470825,0.0,0.0,0.0,0.08,0.0,0,0,4,140,-1,-1,-1,0.0
stage1c_single_agent_small,3,2,155740,1286,1,100,100,1,0,-1.4099990129470825,0.0,0.0,0.0,0.04,0.0,0,0,4,140,-1,-1,-1,0.0
stage1c_single_agent_small,3,2,155880,1287,1,100,100,1,0,-1.410292625427246,0.0,0.0,0.0,0.04,0.0,0,0,4,140,-1,-1,-1,0.0
stage1c_single_agent_small,3,2,156020,1288,1,100,100,1,0,-1.4099990129470825,0.0,0.0,0.0,0.04,0.0,0,0,4,140,-1,-1,-1,0.0
stage1c_single_agent_small,3,2,156160,1289,1,100,100,1,0,-1.4199990034103394,0.0,0.0,0.0,0.04,0.0,0,0,4,140,-1,-1,-1,0.0
stage1c_single_agent_small,3,2,156300,1290,1,100,100,1,0,-1.4096474647521973,0.0,0.0,0.0,0.04,0.0,0,0,4,140,-1,-1,-1,0.0
stage1c_single_agent_small,3,2,156440,1291,1,100,100,1,0,-1.4194402694702148,0.0,0.0,0.0,0.04,0.0,0,0,4,140,-1,-1,-1,0.0
stage1c_single_agent_small,3,2,156580,1292,1,100,100,1,0,-1.4105541706085205,0.0,0.0,0.0,0.04,0.0,0,0,4,140,-1,-1,-1,0.0
stage1c_single_agent_small,3,2,156720,1293,1,100,100,1,0,-1.4099990129470825,0.0,0.0,0.0,0.04,0.0,0,0,4,140,-1,-1,-1,0.0
stage1c_single_agent_small,3,2,156860,1294,1,100,100,1,0,-1.4099990129470825,0.0,0.0,0.0,0.04,0.0,0,0,4,140,-1,-1,-1,0.0
stage1c_single_agent_small,3,2,157000,1295,1,100,100,1,0,-1.4199990034103394,0.0,0.0,0.0,0.04,0.0,0,0,4,140,-1,-1,-1,0.0
stage1c_single_agent_small,3,2,157140,1296,1,100,100,1,0,-1.4103667736053467,0.0,0.0,0.0,0.04,0.0,0,0,4,140,-1,-1,-1,0.0
stage1c_single_agent_small,3,2,157280,1297,1,100,100,1,0,-1.4199990034103394,0.0,0.0,0.0,0.04,0.0,0,0,4,140,-1,-1,-1,0.0
stage1c_single_agent_small,3,2,157420,1298,1,100,100,1,0,-1.419438362121582,0.0,0.0,0.0,0.04,0.0,0,0,4,140,-1,-1,-1,0.0
stage1c_single_agent_small,3,2,157560,1299,1,100,100,1,0,-1.4199990034103394,0.0,0.0,0.0,0.04,0.0,0,0,4,140,-1,-1,-1,0.0
stage1c_single_agent_small,3,2,157700,1300,1,100,100,1,0,-1.4099990129470825,0.0,0.0,0.0,0.04,0.0,0,0,4,140,-1,-1,-1,0.0
stage1c_single_agent_small,3,2,157840,1301,1,100,100,1,0,-1.4105132818222046,0.0,0.0,0.0,0.04,0.0,0,0,4,140,-1,-1,-1,0.0
stage1c_single_agent_small,3,2,157980,1302,1,100,100,1,0,-1.4099990129470825,0.0,0.0,0.0,0.04,0.0,0,0,4,140,-1,-1,-1,0.0
stage1c_single_agent_small,3,2,158120,1303,1,100,100,1,0,-1.4104570150375366,0.0,0.0,0.0,0.04,0.0,0,0,4,140,-1,-1,-1,0.0
stage1c_single_agent_small,3,2,158260,1304,1,100,100,1,0,-1.4099990129470825,0.0,0.0,0.0,0.04,0.0,0,0,4,140,-1,-1,-1,0.0
stage1c_single_agent_small,3,2,158400,1305,1,100,100,1,0,-1.4099990129470825,0.0,0.0,0.0,0.04,0.0,0,0,4,140,-1,-1,-1,0.0
stage1c_single_agent_small,3,2,158540,1306,1,100,100,1,0,-1.4099990129470825,0.0,0.0,0.0,0.04,0.0,0,0,4,140,-1,-1,-1,0.0
stage1c_single_agent_small,3,2,158680,1307,1,100,100,1,0,-1.4199990034103394,0.0,0.0,0.0,0.04,0.0,0,0,4,140,-1,-1,-1,0.0
stage1c_single_agent_small,3,2,158820,1308,1,100,100,1,0,-1.4199990034103394,0.0,0.0,0.0,0.04,0.0,0,0,4,140,-1,-1,-1,0.0
stage1c_single_agent_small,3,2,158960,1309,1,100,100,1,0,-1.3899990320205688,0.0,0.0,0.0,0.08,0.0,0,0,4,140,-1,-1,-1,0.0
stage1c_single_agent_small,3,2,159100,1310,1,100,100,1,0,-1.4099990129470825,0.0,0.0,0.0,0.04,0.0,0,0,4,140,-1,-1,-1,0.0
stage1c_single_agent_small,3,2,159240,1311,1,100,100,1,0,-1.4099990129470825,0.0,0.0,0.0,0.04,0.0,0,0,4,140,-1,-1,-1,0.0
stage1c_single_agent_small,3,2,159380,1312,1,100,100,1,0,-1.4199990034103394,0.0,0.0,0.0,0.04,0.0,0,0,4,140,-1,-1,-1,0.0
stage1c_single_agent_small,3,2,159520,1313,1,100,100,1,0,-1.4099990129470825,0.0,0.0,0.0,0.04,0.0,0,0,4,140,-1,-1,-1,0.0
stage1c_single_agent_small,3,2,159660,1314,1,100,100,1,0,-1.4099990129470825,0.0,0.0,0.0,0.04,0.0,0,0,4,140,-1,-1,-1,0.0
stage1c_single_agent_small,3,2,159800,1315,1,100,100,1,0,-1.3999990224838257,0.0,0.0,0.0,0.04,0.0,0,0,4,140,-1,-1,-1,0.0
stage1c_single_agent_small,3,2,159940,1316,1,100,100,1,0,-1.4103657007217407,0.0,0.0,0.0,0.04,0.0,0,0,4,140,-1,-1,-1,0.0
stage1c_single_agent_small,3,2,160080,1317,1,100,100,1,0,-1.4099990129470825,0.0,0.0,0.0,0.04,0.0,0,0,4,140,-1,-1,-1,0.0
stage1c_single_agent_small,3,2,160220,1318,1,100,100,1,0,-1.3999990224838257,0.0,0.0,0.0,0.08,0.0,0,0,4,140,-1,-1,-1,0.0
stage1c_single_agent_small,3,2,160360,1319,1,100,100,1,0,-1.4099990129470825,0.0,0.0,0.0,0.04,0.0,0,0,4,140,-1,-1,-1,0.0
stage1c_single_agent_small,3,2,160500,1320,1,100,100,1,0,-1.4094401597976685,0.0,0.0,0.0,0.04,0.0,0,0,4,140,-1,-1,-1,0.0
stage1c_single_agent_small,3,2,160640,1321,1,100,100,1,0,-1.4099990129470825,0.0,0.0,0.0,0.04,0.0,0,0,4,140,-1,-1,-1,0.0
stage1c_single_agent_small,3,2,160780,1322,1,100,100,1,0,-1.4099990129470825,0.0,0.0,0.0,0.04,0.0,0,0,4,140,-1,-1,-1,0.0
stage1c_single_agent_small,3,2,160920,1323,1,100,100,1,0,-1.4199990034103394,0.0,0.0,0.0,0.04,0.0,0,0,4,140,-1,-1,-1,0.0
stage1c_single_agent_small,3,2,161060,1324,1,100,100,1,0,-1.3899990320205688,0.0,0.0,0.0,0.08,0.0,0,0,4,140,-1,-1,-1,0.0
stage1c_single_agent_small,3,2,161200,1325,1,100,100,1,0,-1.4099990129470825,0.0,0.0,0.0,0.04,0.0,0,0,4,140,-1,-1,-1,0.0
stage1c_single_agent_small,3,2,161340,1326,1,100,100,1,0,-1.4099990129470825,0.0,0.0,0.0,0.04,0.0,0,0,4,140,-1,-1,-1,0.0
stage1c_single_agent_small,3,2,161480,1327,1,100,100,1,0,-1.4195467233657837,0.0,0.0,0.0,0.04,0.0,0,0,4,140,-1,-1,-1,0.0
stage1c_single_agent_small,3,2,161620,1328,1,100,100,1,0,-1.4099990129470825,0.0,0.0,0.0,0.04,0.0,0,0,4,140,-1,-1,-1,0.0
stage1c_single_agent_small,3,2,161760,1329,1,100,100,1,0,-1.3999990224838257,0.0,0.0,0.0,0.04,0.0,0,0,4,140,-1,-1,-1,0.0
stage1c_single_agent_small,3,2,161900,1330,1,100,100,1,0,-2.909271240234375,0.0,0.0,0.0,0.04,0.0,0,0,4,140,-1,-1,-1,0.0
stage1c_single_agent_small,3,2,162040,1331,1,100,100,1,0,-1.4099990129470825,0.0,0.0,0.0,0.04,0.0,0,0,4,140,-1,-1,-1,0.0
stage1c_single_agent_small,3,2,162180,1332,1,100,100,1,0,-1.409436821937561,0.0,0.0,0.0,0.04,0.0,0,0,4,140,-1,-1,-1,0.0
stage1c_single_agent_small,3,2,162320,1333,1,100,100,1,0,-1.4195168018341064,0.0,0.0,0.0,0.04,0.0,0,0,4,140,-1,-1,-1,0.0
stage1c_single_agent_small,3,2,162460,1334,1,100,100,1,0,-1.4297659397125244,0.0,0.0,0.0,0.04,0.0,0,0,4,140,-1,-1,-1,0.0
stage1c_single_agent_small,3,2,162600,1335,1,100,100,1,0,-1.3899990320205688,0.0,0.0,0.0,0.08,0.0,0,0,4,140,-1,-1,-1,0.0
stage1c_single_agent_small,3,2,162740,1336,1,100,100,1,0,-1.4199990034103394,0.0,0.0,0.0,0.04,0.0,0,0,4,140,-1,-1,-1,0.0
stage1c_single_agent_small,3,2,162880,1337,1,100,100,1,0,-1.4099990129470825,0.0,0.0,0.0,0.04,0.0,0,0,4,140,-1,-1,-1,0.0
stage1c_single_agent_small,3,2,163020,1338,1,100,100,1,0,-1.2699991464614868,0.0,0.0,0.0,0.04,0.0,0,0,4,140,-1,-1,-1,0.0
stage1c_single_agent_small,3,2,163160,1339,1,100,100,1,0,-1.4101372957229614,0.0,0.0,0.0,0.04,0.0,0,0,4,140,-1,-1,-1,0.0
stage1c_single_agent_small,3,2,163300,1340,1,100,100,1,0,-1.4199990034103394,0.0,0.0,0.0,0.04,0.0,0,0,4,140,-1,-1,-1,0.0
stage1c_single_agent_small,3,2,163440,1341,1,100,100,1,0,-1.4303250312805176,0.0,0.0,0.0,0.04,0.0,0,0,4,140,-1,-1,-1,0.0
stage1c_single_agent_small,3,2,163580,1342,1,100,100,1,0,-1.4099990129470825,0.0,0.0,0.0,0.04,0.0,0,0,4,140,-1,-1,-1,0.0
stage1c_single_agent_small,3,2,163720,1343,1,100,100,1,0,-1.4199990034103394,0.0,0.0,0.0,0.04,0.0,0,0,4,140,-1,-1,-1,0.0
stage1c_single_agent_small,3,2,163860,1344,1,100,100,1,0,-1.410224437713623,0.0,0.0,0.0,0.04,0.0,0,0,4,140,-1,-1,-1,0.0
stage1c_single_agent_small,3,2,164000,1345,1,100,100,1,0,-1.439998984336853,0.0,0.0,0.0,0.04,0.0,0,0,4,140,-1,-1,-1,0.0
stage1c_single_agent_small,3,2,164140,1346,1,100,100,1,0,-1.4120936393737793,0.0,0.0,0.0,0.08,0.0,0,0,4,140,-1,-1,-1,0.0
stage1c_single_agent_small,3,2,164280,1347,1,100,100,1,0,-1.402014970779419,0.0,0.0,0.0,0.08,0.0,0,0,4,140,-1,-1,-1,0.0
stage1c_single_agent_small,3,2,164420,1348,1,100,100,1,0,40.48695755004883,3.0,3.0,1.0,0.44,0.0,0,0,1,140,109,109,0,0.007142857142857143
stage1c_single_agent_small,3,2,164560,1349,1,100,100,1,0,-1.4195116758346558,0.0,0.0,0.0,0.04,0.0,0,0,4,140,-1,-1,-1,0.0
stage1c_single_agent_small,3,2,164700,1350,1,100,100,1,0,-1.399915099143982,0.0,0.0,0.0,0.08,0.0,0,0,4,140,-1,-1,-1,0.0
stage1c_single_agent_small,3,2,164840,1351,1,100,100,1,0,-1.4124000072479248,0.0,0.0,0.0,0.08,0.0,0,0,4,140,-1,-1,-1,0.0
stage1c_single_agent_small,3,2,164980,1352,1,100,100,1,0,-1.4697792530059814,0.0,0.0,0.0,0.08,0.0,0,0,4,140,-1,-1,-1,0.0
stage1c_single_agent_small,3,2,165120,1353,1,100,100,1,0,-1.4099990129470825,0.0,0.0,0.0,0.08,0.0,0,0,4,140,-1,-1,-1,0.0
stage1c_single_agent_small,3,2,165260,1354,1,100,100,1,0,-2.947492837905884,0.0,0.0,0.0,0.12,0.0,0,0,4,140,-1,-1,-1,0.0
stage1c_single_agent_small,3,2,165400,1355,1,100,100,1,0,-2.9199986457824707,0.0,0.0,0.0,0.04,0.0,0,0,4,140,-1,-1,-1,0.0
stage1c_single_agent_small,3,2,165505,1356,1,100,100,1,0,13.570858001708984,4.0,4.0,0.0,0.12,0.02857142857142857,1,0,0,105,101,-1,-1,0.0
stage1c_single_agent_small,3,2,165645,1357,1,100,100,1,0,-1.3999990224838257,0.0,0.0,0.0,0.08,0.0,0,0,4,140,-1,-1,-1,0.0
stage1c_single_agent_small,3,2,165785,1358,1,100,100,1,0,-2.9500646591186523,0.0,0.0,0.0,0.04,0.0,0,0,4,140,-1,-1,-1,0.0
stage1c_single_agent_small,3,2,165925,1359,1,100,100,1,0,-9.510397911071777,0.0,0.0,0.0,0.2,0.0,0,0,4,140,-1,-1,-1,0.0
stage1c_single_agent_small,3,2,166065,1360,1,100,100,1,0,-1.4099990129470825,0.0,0.0,0.0,0.04,0.0,0,0,4,140,-1,-1,-1,0.0
stage1c_single_agent_small,3,2,166081,1361,1,100,100,1,0,20.750215530395508,4.0,4.0,0.0,0.12,0.09970975900068879,2,0,0,16,11,-1,-1,0.0
stage1c_single_agent_small,3,2,166221,1362,1,100,100,1,0,-1.4099990129470825,0.0,0.0,0.0,0.08,0.0,0,0,4,140,-1,-1,-1,0.0
stage1c_single_agent_small,3,2,166361,1363,1,100,100,1,0,-1.4199990034103394,0.0,0.0,0.0,0.08,0.0,0,0,4,140,-1,-1,-1,0.0
stage1c_single_agent_small,3,2,166501,1364,1,100,100,1,0,-1.4299989938735962,0.0,0.0,0.0,0.04,0.0,0,0,4,140,-1,-1,-1,0.0
stage1c_single_agent_small,3,2,166641,1365,1,100,100,1,0,-1.4099990129470825,0.0,0.0,0.0,0.08,0.0,0,0,4,140,-1,-1,-1,0.0
stage1c_single_agent_small,3,2,166781,1366,1,100,100,1,0,-1.4999988079071045,0.0,0.0,0.0,0.08,0.0,0,0,4,140,-1,-1,-1,0.0
stage1c_single_agent_small,3,2,166921,1367,1,100,100,1,0,-1.3999990224838257,0.0,0.0,0.0,0.08,0.0,0,0,4,140,-1,-1,-1,0.0
stage1c_single_agent_small,3,2,167061,1368,1,100,100,1,0,-1.4999988079071045,0.0,0.0,0.0,0.08,0.0,0,0,4,140,-1,-1,-1,0.0
stage1c_single_agent_small,3,2,167201,1369,1,100,100,1,0,-2.979375123977661,0.0,0.0,0.0,0.08,0.0,0,0,4,140,-1,-1,-1,0.0
stage1c_single_agent_small,3,2,167341,1370,1,100,100,1,0,-2.939331531524658,0.0,0.0,0.0,0.04,0.0,0,0,4,140,-1,-1,-1,0.0
stage1c_single_agent_small,3,2,167481,1371,1,100,100,1,0,-1.429445743560791,0.0,0.0,0.0,0.04,0.0,0,0,4,140,-1,-1,-1,0.0
stage1c_single_agent_small,3,2,167621,1372,1,100,100,1,0,-1.4499989748001099,0.0,0.0,0.0,0.04,0.0,0,0,4,140,-1,-1,-1,0.0
stage1c_single_agent_small,3,2,167761,1373,1,100,100,1,0,-1.4199990034103394,0.0,0.0,0.0,0.04,0.0,0,0,4,140,-1,-1,-1,0.0
stage1c_single_agent_small,3,2,167901,1374,1,100,100,1,0,-1.4302384853363037,0.0,0.0,0.0,0.04,0.0,0,0,4,140,-1,-1,-1,0.0
stage1c_single_agent_small,3,2,168041,1375,1,100,100,1,0,-1.4305542707443237,0.0,0.0,0.0,0.04,0.0,0,0,4,140,-1,-1,-1,0.0
stage1c_single_agent_small,3,2,168181,1376,1,100,100,1,0,-1.4204423427581787,0.0,0.0,0.0,0.04,0.0,0,0,4,140,-1,-1,-1,0.0
stage1c_single_agent_small,3,2,168321,1377,1,100,100,1,0,-1.429866075515747,0.0,0.0,0.0,0.04,0.0,0,0,4,140,-1,-1,-1,0.0
stage1c_single_agent_small,3,2,168461,1378,1,100,100,1,0,-1.4099990129470825,0.0,0.0,0.0,0.04,0.0,0,0,4,140,-1,-1,-1,0.0
stage1c_single_agent_small,3,2,168601,1379,1,100,100,1,0,-1.4099990129470825,0.0,0.0,0.0,0.04,0.0,0,0,4,140,-1,-1,-1,0.0
stage1c_single_agent_small,3,2,168741,1380,1,100,100,1,0,-1.3999990224838257,0.0,0.0,0.0,0.08,0.0,0,0,4,140,-1,-1,-1,0.0
stage1c_single_agent_small,3,2,168881,1381,1,100,100,1,0,-1.4199990034103394,0.0,0.0,0.0,0.04,0.0,0,0,4,140,-1,-1,-1,0.0
stage1c_single_agent_small,3,2,169021,1382,1,100,100,1,0,-1.4204527139663696,0.0,0.0,0.0,0.04,0.0,0,0,4,140,-1,-1,-1,0.0
stage1c_single_agent_small,3,2,169161,1383,1,100,100,1,0,-1.439445972442627,0.0,0.0,0.0,0.04,0.0,0,0,4,140,-1,-1,-1,0.0
stage1c_single_agent_small,3,2,169301,1384,1,100,100,1,0,-1.420475959777832,0.0,0.0,0.0,0.04,0.0,0,0,4,140,-1,-1,-1,0.0
stage1c_single_agent_small,3,2,169441,1385,1,100,100,1,0,-1.4099990129470825,0.0,0.0,0.0,0.04,0.0,0,0,4,140,-1,-1,-1,0.0
stage1c_single_agent_small,3,2,169581,1386,1,100,100,1,0,-1.2800852060317993,0.0,0.0,0.0,0.04,0.0,0,0,4,140,-1,-1,-1,0.0
stage1c_single_agent_small,3,2,169721,1387,1,100,100,1,0,-1.4298688173294067,0.0,0.0,0.0,0.04,0.0,0,0,4,140,-1,-1,-1,0.0
stage1c_single_agent_small,3,2,169861,1388,1,100,100,1,0,-1.4199990034103394,0.0,0.0,0.0,0.08,0.0,0,0,4,140,-1,-1,-1,0.0
stage1c_single_agent_small,3,2,170001,1389,1,100,100,1,0,-1.4099990129470825,0.0,0.0,0.0,0.04,0.0,0,0,4,140,-1,-1,-1,0.0
stage1c_single_agent_small,3,2,170141,1390,1,100,100,1,0,-1.4199990034103394,0.0,0.0,0.0,0.04,0.0,0,0,4,140,-1,-1,-1,0.0
stage1c_single_agent_small,3,2,170281,1391,1,100,100,1,0,-1.410464882850647,0.0,0.0,0.0,0.04,0.0,0,0,4,140,-1,-1,-1,0.0
stage1c_single_agent_small,3,2,170421,1392,1,100,100,1,0,-1.4494729042053223,0.0,0.0,0.0,0.04,0.0,0,0,4,140,-1,-1,-1,0.0
stage1c_single_agent_small,3,2,170561,1393,1,100,100,1,0,-1.4299989938735962,0.0,0.0,0.0,0.04,0.0,0,0,4,140,-1,-1,-1,0.0
stage1c_single_agent_small,3,2,170701,1394,1,100,100,1,0,-1.439998984336853,0.0,0.0,0.0,0.08,0.0,0,0,4,140,-1,-1,-1,0.0
stage1c_single_agent_small,3,2,170841,1395,1,100,100,1,0,-2.819931745529175,0.0,0.0,0.0,0.04,0.0,0,0,4,140,-1,-1,-1,0.0
stage1c_single_agent_small,3,2,170981,1396,1,100,100,1,0,-2.950110673904419,0.0,0.0,0.0,0.04,0.0,0,0,4,140,-1,-1,-1,0.0
stage1c_single_agent_small,3,2,171121,1397,1,100,100,1,0,-1.3997035026550293,0.0,0.0,0.0,0.08,0.0,0,0,4,140,-1,-1,-1,0.0
stage1c_single_agent_small,3,2,171261,1398,1,100,100,1,0,-1.4099990129470825,0.0,0.0,0.0,0.04,0.0,0,0,4,140,-1,-1,-1,0.0
stage1c_single_agent_small,3,2,171401,1399,1,100,100,1,0,-1.4099990129470825,0.0,0.0,0.0,0.04,0.0,0,0,4,140,-1,-1,-1,0.0
stage1c_single_agent_small,3,2,171541,1400,1,100,100,1,0,-1.4199990034103394,0.0,0.0,0.0,0.04,0.0,0,0,4,140,-1,-1,-1,0.0
stage1c_single_agent_small,3,2,171681,1401,1,100,100,1,0,-1.4099990129470825,0.0,0.0,0.0,0.04,0.0,0,0,4,140,-1,-1,-1,0.0
stage1c_single_agent_small,3,2,171821,1402,1,100,100,1,0,-1.4099990129470825,0.0,0.0,0.0,0.04,0.0,0,0,4,140,-1,-1,-1,0.0
stage1c_single_agent_small,3,2,171961,1403,1,100,100,1,0,-1.4099990129470825,0.0,0.0,0.0,0.04,0.0,0,0,4,140,-1,-1,-1,0.0
stage1c_single_agent_small,3,2,172101,1404,1,100,100,1,0,-1.3999990224838257,0.0,0.0,0.0,0.04,0.0,0,0,4,140,-1,-1,-1,0.0
stage1c_single_agent_small,3,2,172241,1405,1,100,100,1,0,-1.3899990320205688,0.0,0.0,0.0,0.08,0.0,0,0,4,140,-1,-1,-1,0.0
stage1c_single_agent_small,3,2,172381,1406,1,100,100,1,0,-1.4099990129470825,0.0,0.0,0.0,0.04,0.0,0,0,4,140,-1,-1,-1,0.0
stage1c_single_agent_small,3,2,172521,1407,1,100,100,1,0,-1.4099990129470825,0.0,0.0,0.0,0.04,0.0,0,0,4,140,-1,-1,-1,0.0
stage1c_single_agent_small,3,2,172661,1408,1,100,100,1,0,-1.4099990129470825,0.0,0.0,0.0,0.04,0.0,0,0,4,140,-1,-1,-1,0.0
stage1c_single_agent_small,3,2,172801,1409,1,100,100,1,0,-1.3899990320205688,0.0,0.0,0.0,0.08,0.0,0,0,4,140,-1,-1,-1,0.0
stage1c_single_agent_small,3,2,172941,1410,1,100,100,1,0,-1.4099990129470825,0.0,0.0,0.0,0.04,0.0,0,0,4,140,-1,-1,-1,0.0
stage1c_single_agent_small,3,2,173081,1411,1,100,100,1,0,-1.3999990224838257,0.0,0.0,0.0,0.04,0.0,0,0,4,140,-1,-1,-1,0.0
stage1c_single_agent_small,3,2,173221,1412,1,100,100,1,0,-1.4099990129470825,0.0,0.0,0.0,0.04,0.0,0,0,4,140,-1,-1,-1,0.0
stage1c_single_agent_small,3,2,173361,1413,1,100,100,1,0,-1.4099990129470825,0.0,0.0,0.0,0.04,0.0,0,0,4,140,-1,-1,-1,0.0
stage1c_single_agent_small,3,2,173501,1414,1,100,100,1,0,-1.4104762077331543,0.0,0.0,0.0,0.04,0.0,0,0,4,140,-1,-1,-1,0.0
stage1c_single_agent_small,3,2,173641,1415,1,100,100,1,0,-1.4099990129470825,0.0,0.0,0.0,0.04,0.0,0,0,4,140,-1,-1,-1,0.0
stage1c_single_agent_small,3,2,173781,1416,1,100,100,1,0,-1.4199990034103394,0.0,0.0,0.0,0.04,0.0,0,0,4,140,-1,-1,-1,0.0
stage1c_single_agent_small,3,2,173921,1417,1,100,100,1,0,-1.3999990224838257,0.0,0.0,0.0,0.04,0.0,0,0,4,140,-1,-1,-1,0.0
stage1c_single_agent_small,3,2,174061,1418,1,100,100,1,0,-1.4099990129470825,0.0,0.0,0.0,0.04,0.0,0,0,4,140,-1,-1,-1,0.0
stage1c_single_agent_small,3,2,174201,1419,1,100,100,1,0,-1.4199990034103394,0.0,0.0,0.0,0.04,0.0,0,0,4,140,-1,-1,-1,0.0
stage1c_single_agent_small,3,2,174341,1420,1,100,100,1,0,-1.4099990129470825,0.0,0.0,0.0,0.04,0.0,0,0,4,140,-1,-1,-1,0.0
stage1c_single_agent_small,3,2,174481,1421,1,100,100,1,0,-1.4099990129470825,0.0,0.0,0.0,0.04,0.0,0,0,4,140,-1,-1,-1,0.0
stage1c_single_agent_small,3,2,174621,1422,1,100,100,1,0,-1.4099990129470825,0.0,0.0,0.0,0.04,0.0,0,0,4,140,-1,-1,-1,0.0
stage1c_single_agent_small,3,2,174761,1423,1,100,100,1,0,-1.4199990034103394,0.0,0.0,0.0,0.04,0.0,0,0,4,140,-1,-1,-1,0.0
stage1c_single_agent_small,3,2,174901,1424,1,100,100,1,0,-1.4099990129470825,0.0,0.0,0.0,0.04,0.0,0,0,4,140,-1,-1,-1,0.0
stage1c_single_agent_small,3,2,175041,1425,1,100,100,1,0,-1.3999990224838257,0.0,0.0,0.0,0.08,0.0,0,0,4,140,-1,-1,-1,0.0
stage1c_single_agent_small,3,2,175181,1426,1,100,100,1,0,-1.4199990034103394,0.0,0.0,0.0,0.04,0.0,0,0,4,140,-1,-1,-1,0.0
stage1c_single_agent_small,3,2,175321,1427,1,100,100,1,0,-1.3899990320205688,0.0,0.0,0.0,0.08,0.0,0,0,4,140,-1,-1,-1,0.0
stage1c_single_agent_small,3,2,175461,1428,1,100,100,1,0,-1.3999990224838257,0.0,0.0,0.0,0.04,0.0,0,0,4,140,-1,-1,-1,0.0
stage1c_single_agent_small,3,2,175601,1429,1,100,100,1,0,-1.4099990129470825,0.0,0.0,0.0,0.04,0.0,0,0,4,140,-1,-1,-1,0.0
stage1c_single_agent_small,3,2,175741,1430,1,100,100,1,0,-1.4199990034103394,0.0,0.0,0.0,0.04,0.0,0,0,4,140,-1,-1,-1,0.0
stage1c_single_agent_small,3,2,175881,1431,1,100,100,1,0,-1.4099990129470825,0.0,0.0,0.0,0.04,0.0,0,0,4,140,-1,-1,-1,0.0
stage1c_single_agent_small,3,2,176021,1432,1,100,100,1,0,-1.4199990034103394,0.0,0.0,0.0,0.04,0.0,0,0,4,140,-1,-1,-1,0.0
stage1c_single_agent_small,3,2,176161,1433,1,100,100,1,0,-1.4099990129470825,0.0,0.0,0.0,0.04,0.0,0,0,4,140,-1,-1,-1,0.0
stage1c_single_agent_small,3,2,176301,1434,1,100,100,1,0,-1.4199990034103394,0.0,0.0,0.0,0.04,0.0,0,0,4,140,-1,-1,-1,0.0
stage1c_single_agent_small,3,2,176441,1435,1,100,100,1,0,-1.4199990034103394,0.0,0.0,0.0,0.04,0.0,0,0,4,140,-1,-1,-1,0.0
stage1c_single_agent_small,3,2,176581,1436,1,100,100,1,0,-1.4099990129470825,0.0,0.0,0.0,0.04,0.0,0,0,4,140,-1,-1,-1,0.0
stage1c_single_agent_small,3,2,176721,1437,1,100,100,1,0,-1.4199990034103394,0.0,0.0,0.0,0.04,0.0,0,0,4,140,-1,-1,-1,0.0
stage1c_single_agent_small,3,2,176861,1438,1,100,100,1,0,-1.2699594497680664,0.0,0.0,0.0,0.04,0.0,0,0,4,140,-1,-1,-1,0.0
stage1c_single_agent_small,3,2,177001,1439,1,100,100,1,0,-1.410513162612915,0.0,0.0,0.0,0.04,0.0,0,0,4,140,-1,-1,-1,0.0
stage1c_single_agent_small,3,2,177141,1440,1,100,100,1,0,-1.4299989938735962,0.0,0.0,0.0,0.04,0.0,0,0,4,140,-1,-1,-1,0.0
stage1c_single_agent_small,3,2,177281,1441,1,100,100,1,0,-1.4199990034103394,0.0,0.0,0.0,0.04,0.0,0,0,4,140,-1,-1,-1,0.0
stage1c_single_agent_small,3,2,177421,1442,1,100,100,1,0,-1.440198302268982,0.0,0.0,0.0,0.04,0.0,0,0,4,140,-1,-1,-1,0.0
stage1c_single_agent_small,3,2,177561,1443,1,100,100,1,0,-1.4021028280258179,0.0,0.0,0.0,0.08,0.0,0,0,4,140,-1,-1,-1,0.0
stage1c_single_agent_small,3,2,177701,1444,1,100,100,1,0,-1.4099990129470825,0.0,0.0,0.0,0.08,0.0,0,0,4,140,-1,-1,-1,0.0
stage1c_single_agent_small,3,2,177841,1445,1,100,100,1,0,-1.4199990034103394,0.0,0.0,0.0,0.04,0.0,0,0,4,140,-1,-1,-1,0.0
stage1c_single_agent_small,3,2,177981,1446,1,100,100,1,0,-1.4099990129470825,0.0,0.0,0.0,0.04,0.0,0,0,4,140,-1,-1,-1,0.0
stage1c_single_agent_small,3,2,178121,1447,1,100,100,1,0,-1.4199990034103394,0.0,0.0,0.0,0.04,0.0,0,0,4,140,-1,-1,-1,0.0
stage1c_single_agent_small,3,2,178261,1448,1,100,100,1,0,-1.4099990129470825,0.0,0.0,0.0,0.04,0.0,0,0,4,140,-1,-1,-1,0.0
stage1c_single_agent_small,3,2,178401,1449,1,100,100,1,0,-1.4099990129470825,0.0,0.0,0.0,0.04,0.0,0,0,4,140,-1,-1,-1,0.0
stage1c_single_agent_small,3,2,178541,1450,1,100,100,1,0,-1.4215878248214722,0.0,0.0,0.0,0.04,0.0,0,0,4,140,-1,-1,-1,0.0
stage1c_single_agent_small,3,2,178681,1451,1,100,100,1,0,-1.4099990129470825,0.0,0.0,0.0,0.04,0.0,0,0,4,140,-1,-1,-1,0.0
stage1c_single_agent_small,3,2,178821,1452,1,100,100,1,0,-1.4199990034103394,0.0,0.0,0.0,0.04,0.0,0,0,4,140,-1,-1,-1,0.0
stage1c_single_agent_small,3,2,178961,1453,1,100,100,1,0,-1.4194470643997192,0.0,0.0,0.0,0.04,0.0,0,0,4,140,-1,-1,-1,0.0
stage1c_single_agent_small,3,2,179101,1454,1,100,100,1,0,-1.4099990129470825,0.0,0.0,0.0,0.04,0.0,0,0,4,140,-1,-1,-1,0.0
stage1c_single_agent_small,3,2,179241,1455,1,100,100,1,0,-1.4099990129470825,0.0,0.0,0.0,0.04,0.0,0,0,4,140,-1,-1,-1,0.0
stage1c_single_agent_small,3,2,179381,1456,1,100,100,1,0,-1.4099990129470825,0.0,0.0,0.0,0.04,0.0,0,0,4,140,-1,-1,-1,0.0
stage1c_single_agent_small,3,2,179521,1457,1,100,100,1,0,-1.4099990129470825,0.0,0.0,0.0,0.04,0.0,0,0,4,140,-1,-1,-1,0.0
stage1c_single_agent_small,3,2,179661,1458,1,100,100,1,0,-1.4299989938735962,0.0,0.0,0.0,0.04,0.0,0,0,4,140,-1,-1,-1,0.0
stage1c_single_agent_small,3,2,179801,1459,1,100,100,1,0,-1.4099990129470825,0.0,0.0,0.0,0.04,0.0,0,0,4,140,-1,-1,-1,0.0
stage1c_single_agent_small,3,2,179941,1460,1,100,100,1,0,-1.4199990034103394,0.0,0.0,0.0,0.04,0.0,0,0,4,140,-1,-1,-1,0.0
stage1d_single_agent_delivery_obstacles,4,1,180320,1461,1,420,320,1,2,-3.2199974060058594,0.0,0.0,0.0,0.003968253968253968,0.0,0,0,4,320,-1,-1,-1,0.0
stage1d_single_agent_delivery_obstacles,4,1,180640,1462,1,420,320,1,2,-3.1999974250793457,0.0,0.0,0.0,0.011904761904761904,0.0,0,0,4,320,-1,-1,-1,0.0
stage1d_single_agent_delivery_obstacles,4,1,180960,1463,1,420,320,1,2,-3.229997396469116,0.0,0.0,0.0,0.003968253968253968,0.0,0,0,4,320,-1,-1,-1,0.0
stage1d_single_agent_delivery_obstacles,4,1,181280,1464,1,420,320,1,2,-3.2199974060058594,0.0,0.0,0.0,0.003968253968253968,0.0,0,0,4,320,-1,-1,-1,0.0
stage1d_single_agent_delivery_obstacles,4,1,181600,1465,1,420,320,1,2,-3.2099974155426025,0.0,0.0,0.0,0.003968253968253968,0.0,0,0,4,320,-1,-1,-1,0.0
stage1d_single_agent_delivery_obstacles,4,1,181920,1466,1,420,320,1,2,-3.2099974155426025,0.0,0.0,0.0,0.003968253968253968,0.0,0,0,4,320,-1,-1,-1,0.0
stage1d_single_agent_delivery_obstacles,4,1,182240,1467,1,420,320,1,2,-3.2099974155426025,0.0,0.0,0.0,0.003968253968253968,0.0,0,0,4,320,-1,-1,-1,0.0
stage1d_single_agent_delivery_obstacles,4,1,182560,1468,1,420,320,1,2,-3.2199974060058594,0.0,0.0,0.0,0.003968253968253968,0.0,0,0,4,320,-1,-1,-1,0.0
stage1d_single_agent_delivery_obstacles,4,1,182880,1469,1,420,320,1,2,-3.229997396469116,0.0,0.0,0.0,0.003968253968253968,0.0,0,0,4,320,-1,-1,-1,0.0
stage1d_single_agent_delivery_obstacles,4,1,183200,1470,1,420,320,1,2,-3.2099974155426025,0.0,0.0,0.0,0.003968253968253968,0.0,0,0,4,320,-1,-1,-1,0.0
stage1d_single_agent_delivery_obstacles,4,1,183520,1471,1,420,320,1,2,-4.7100138664245605,0.0,0.0,0.0,0.003968253968253968,0.0,0,0,4,320,-1,-1,-1,0.0
stage1d_single_agent_delivery_obstacles,4,1,183840,1472,1,420,320,1,2,-3.2099974155426025,0.0,0.0,0.0,0.003968253968253968,0.0,0,0,4,320,-1,-1,-1,0.0
stage1d_single_agent_delivery_obstacles,4,1,184160,1473,1,420,320,1,2,-3.2099974155426025,0.0,0.0,0.0,0.003968253968253968,0.0,0,0,4,320,-1,-1,-1,0.0
stage1d_single_agent_delivery_obstacles,4,1,184480,1474,1,420,320,1,2,-3.2199974060058594,0.0,0.0,0.0,0.003968253968253968,0.0,0,0,4,320,-1,-1,-1,0.0
stage1d_single_agent_delivery_obstacles,4,1,184800,1475,1,420,320,1,2,-3.2099974155426025,0.0,0.0,0.0,0.003968253968253968,0.0,0,0,4,320,-1,-1,-1,0.0
stage1d_single_agent_delivery_obstacles,4,1,185120,1476,1,420,320,1,2,-3.2099974155426025,0.0,0.0,0.0,0.003968253968253968,0.0,0,0,4,320,-1,-1,-1,0.0
stage1d_single_agent_delivery_obstacles,4,1,185440,1477,1,420,320,1,2,-3.2099974155426025,0.0,0.0,0.0,0.003968253968253968,0.0,0,0,4,320,-1,-1,-1,0.0
stage1d_single_agent_delivery_obstacles,4,1,185760,1478,1,420,320,1,2,-3.2199974060058594,0.0,0.0,0.0,0.003968253968253968,0.0,0,0,4,320,-1,-1,-1,0.0
stage1d_single_agent_delivery_obstacles,4,1,186080,1479,1,420,320,1,2,-3.2099974155426025,0.0,0.0,0.0,0.003968253968253968,0.0,0,0,4,320,-1,-1,-1,0.0
stage1d_single_agent_delivery_obstacles,4,1,186400,1480,1,420,320,1,2,-3.2099974155426025,0.0,0.0,0.0,0.003968253968253968,0.0,0,0,4,320,-1,-1,-1,0.0
stage1d_single_agent_delivery_obstacles,4,1,186720,1481,1,420,320,1,2,-3.2099974155426025,0.0,0.0,0.0,0.003968253968253968,0.0,0,0,4,320,-1,-1,-1,0.0
stage1d_single_agent_delivery_obstacles,4,1,187040,1482,1,420,320,1,2,-3.2099974155426025,0.0,0.0,0.0,0.003968253968253968,0.0,0,0,4,320,-1,-1,-1,0.0
stage1d_single_agent_delivery_obstacles,4,1,187360,1483,1,420,320,1,2,-3.2199974060058594,0.0,0.0,0.0,0.003968253968253968,0.0,0,0,4,320,-1,-1,-1,0.0
stage1d_single_agent_delivery_obstacles,4,1,187680,1484,1,420,320,1,2,-3.229997396469116,0.0,0.0,0.0,0.007936507936507936,0.0,0,0,4,320,-1,-1,-1,0.0
stage1d_single_agent_delivery_obstacles,4,1,188000,1485,1,420,320,1,2,-3.200085401535034,0.0,0.0,0.0,0.007936507936507936,0.0,0,0,4,320,-1,-1,-1,0.0
stage1d_single_agent_delivery_obstacles,4,1,188320,1486,1,420,320,1,2,-3.1999974250793457,0.0,0.0,0.0,0.003968253968253968,0.0,0,0,4,320,-1,-1,-1,0.0
stage1d_single_agent_delivery_obstacles,4,1,188640,1487,1,420,320,1,2,-3.2099974155426025,0.0,0.0,0.0,0.003968253968253968,0.0,0,0,4,320,-1,-1,-1,0.0
stage1d_single_agent_delivery_obstacles,4,1,188960,1488,1,420,320,1,2,-3.2099974155426025,0.0,0.0,0.0,0.003968253968253968,0.0,0,0,4,320,-1,-1,-1,0.0
stage1d_single_agent_delivery_obstacles,4,1,189280,1489,1,420,320,1,2,-3.2199974060058594,0.0,0.0,0.0,0.003968253968253968,0.0,0,0,4,320,-1,-1,-1,0.0
stage1d_single_agent_delivery_obstacles,4,1,189600,1490,1,420,320,1,2,-3.1999974250793457,0.0,0.0,0.0,0.003968253968253968,0.0,0,0,4,320,-1,-1,-1,0.0
stage1d_single_agent_delivery_obstacles,4,1,189920,1491,1,420,320,1,2,-3.220522165298462,0.0,0.0,0.0,0.007936507936507936,0.0,0,0,4,320,-1,-1,-1,0.0
stage1d_single_agent_delivery_obstacles,4,1,190240,1492,1,420,320,1,2,-3.2199974060058594,0.0,0.0,0.0,0.003968253968253968,0.0,0,0,4,320,-1,-1,-1,0.0
stage1d_single_agent_delivery_obstacles,4,1,190560,1493,1,420,320,1,2,-3.2099974155426025,0.0,0.0,0.0,0.003968253968253968,0.0,0,0,4,320,-1,-1,-1,0.0
stage1d_single_agent_delivery_obstacles,4,1,190880,1494,1,420,320,1,2,-3.2099974155426025,0.0,0.0,0.0,0.003968253968253968,0.0,0,0,4,320,-1,-1,-1,0.0
stage1d_single_agent_delivery_obstacles,4,1,191200,1495,1,420,320,1,2,-3.2199974060058594,0.0,0.0,0.0,0.003968253968253968,0.0,0,0,4,320,-1,-1,-1,0.0
stage1d_single_agent_delivery_obstacles,4,1,191520,1496,1,420,320,1,2,-3.1999974250793457,0.0,0.0,0.0,0.003968253968253968,0.0,0,0,4,320,-1,-1,-1,0.0
stage1d_single_agent_delivery_obstacles,4,1,191840,1497,1,420,320,1,2,-3.2099974155426025,0.0,0.0,0.0,0.003968253968253968,0.0,0,0,4,320,-1,-1,-1,0.0
stage1d_single_agent_delivery_obstacles,4,1,192160,1498,1,420,320,1,2,-3.1999974250793457,0.0,0.0,0.0,0.003968253968253968,0.0,0,0,4,320,-1,-1,-1,0.0
stage1d_single_agent_delivery_obstacles,4,1,192480,1499,1,420,320,1,2,-3.2099974155426025,0.0,0.0,0.0,0.003968253968253968,0.0,0,0,4,320,-1,-1,-1,0.0
stage1d_single_agent_delivery_obstacles,4,1,192800,1500,1,420,320,1,2,-3.2099974155426025,0.0,0.0,0.0,0.003968253968253968,0.0,0,0,4,320,-1,-1,-1,0.0
stage1d_single_agent_delivery_obstacles,4,1,193120,1501,1,420,320,1,2,-3.1999974250793457,0.0,0.0,0.0,0.003968253968253968,0.0,0,0,4,320,-1,-1,-1,0.0
stage1d_single_agent_delivery_obstacles,4,1,193440,1502,1,420,320,1,2,-3.2099974155426025,0.0,0.0,0.0,0.003968253968253968,0.0,0,0,4,320,-1,-1,-1,0.0
stage1d_single_agent_delivery_obstacles,4,1,193760,1503,1,420,320,1,2,-3.1999974250793457,0.0,0.0,0.0,0.003968253968253968,0.0,0,0,4,320,-1,-1,-1,0.0
stage1d_single_agent_delivery_obstacles,4,1,194080,1504,1,420,320,1,2,-3.2099974155426025,0.0,0.0,0.0,0.003968253968253968,0.0,0,0,4,320,-1,-1,-1,0.0
stage1d_single_agent_delivery_obstacles,4,1,194400,1505,1,420,320,1,2,-3.2099974155426025,0.0,0.0,0.0,0.003968253968253968,0.0,0,0,4,320,-1,-1,-1,0.0
stage1d_single_agent_delivery_obstacles,4,1,194720,1506,1,420,320,1,2,-3.1999974250793457,0.0,0.0,0.0,0.003968253968253968,0.0,0,0,4,320,-1,-1,-1,0.0
stage1d_single_agent_delivery_obstacles,4,1,195040,1507,1,420,320,1,2,-3.1999974250793457,0.0,0.0,0.0,0.003968253968253968,0.0,0,0,4,320,-1,-1,-1,0.0
stage1d_single_agent_delivery_obstacles,4,1,195360,1508,1,420,320,1,2,-3.2099974155426025,0.0,0.0,0.0,0.003968253968253968,0.0,0,0,4,320,-1,-1,-1,0.0
stage1d_single_agent_delivery_obstacles,4,1,195680,1509,1,420,320,1,2,-3.1999974250793457,0.0,0.0,0.0,0.003968253968253968,0.0,0,0,4,320,-1,-1,-1,0.0
stage1d_single_agent_delivery_obstacles,4,1,196000,1510,1,420,320,1,2,-3.2099974155426025,0.0,0.0,0.0,0.003968253968253968,0.0,0,0,4,320,-1,-1,-1,0.0
stage1d_single_agent_delivery_obstacles,4,1,196320,1511,1,420,320,1,2,-3.1999974250793457,0.0,0.0,0.0,0.003968253968253968,0.0,0,0,4,320,-1,-1,-1,0.0
stage1d_single_agent_delivery_obstacles,4,1,196640,1512,1,420,320,1,2,-3.1999974250793457,0.0,0.0,0.0,0.007936507936507936,0.0,0,0,4,320,-1,-1,-1,0.0
stage1d_single_agent_delivery_obstacles,4,1,196960,1513,1,420,320,1,2,-3.1999974250793457,0.0,0.0,0.0,0.003968253968253968,0.0,0,0,4,320,-1,-1,-1,0.0
stage1d_single_agent_delivery_obstacles,4,1,197280,1514,1,420,320,1,2,-3.1999974250793457,0.0,0.0,0.0,0.003968253968253968,0.0,0,0,4,320,-1,-1,-1,0.0
stage1d_single_agent_delivery_obstacles,4,1,197600,1515,1,420,320,1,2,-3.1999974250793457,0.0,0.0,0.0,0.003968253968253968,0.0,0,0,4,320,-1,-1,-1,0.0
stage1d_single_agent_delivery_obstacles,4,1,197920,1516,1,420,320,1,2,-3.1999974250793457,0.0,0.0,0.0,0.003968253968253968,0.0,0,0,4,320,-1,-1,-1,0.0
stage1d_single_agent_delivery_obstacles,4,1,198240,1517,1,420,320,1,2,-3.1999974250793457,0.0,0.0,0.0,0.003968253968253968,0.0,0,0,4,320,-1,-1,-1,0.0
stage1d_single_agent_delivery_obstacles,4,1,198560,1518,1,420,320,1,2,-3.1999974250793457,0.0,0.0,0.0,0.003968253968253968,0.0,0,0,4,320,-1,-1,-1,0.0
stage1d_single_agent_delivery_obstacles,4,1,198880,1519,1,420,320,1,2,-3.1999974250793457,0.0,0.0,0.0,0.003968253968253968,0.0,0,0,4,320,-1,-1,-1,0.0
stage1d_single_agent_delivery_obstacles,4,1,199200,1520,1,420,320,1,2,-3.1999974250793457,0.0,0.0,0.0,0.003968253968253968,0.0,0,0,4,320,-1,-1,-1,0.0
stage1d_single_agent_delivery_obstacles,4,1,199520,1521,1,420,320,1,2,-3.1999974250793457,0.0,0.0,0.0,0.003968253968253968,0.0,0,0,4,320,-1,-1,-1,0.0
stage1d_single_agent_delivery_obstacles,4,1,199840,1522,1,420,320,1,2,-3.1999974250793457,0.0,0.0,0.0,0.003968253968253968,0.0,0,0,4,320,-1,-1,-1,0.0
stage1d_single_agent_delivery_obstacles,4,1,200160,1523,1,420,320,1,2,-3.1999974250793457,0.0,0.0,0.0,0.003968253968253968,0.0,0,0,4,320,-1,-1,-1,0.0
stage1d_single_agent_delivery_obstacles,4,1,200480,1524,1,420,320,1,2,-3.1999974250793457,0.0,0.0,0.0,0.003968253968253968,0.0,0,0,4,320,-1,-1,-1,0.0
stage1d_single_agent_delivery_obstacles,4,1,200800,1525,1,420,320,1,2,-3.1999974250793457,0.0,0.0,0.0,0.003968253968253968,0.0,0,0,4,320,-1,-1,-1,0.0
stage1d_single_agent_delivery_obstacles,4,1,201120,1526,1,420,320,1,2,-3.1999974250793457,0.0,0.0,0.0,0.003968253968253968,0.0,0,0,4,320,-1,-1,-1,0.0
stage1d_single_agent_delivery_obstacles,4,1,201440,1527,1,420,320,1,2,-3.1999974250793457,0.0,0.0,0.0,0.003968253968253968,0.0,0,0,4,320,-1,-1,-1,0.0
stage1d_single_agent_delivery_obstacles,4,1,201760,1528,1,420,320,1,2,-3.1999974250793457,0.0,0.0,0.0,0.003968253968253968,0.0,0,0,4,320,-1,-1,-1,0.0
stage1d_single_agent_delivery_obstacles,4,1,202080,1529,1,420,320,1,2,-3.1999974250793457,0.0,0.0,0.0,0.003968253968253968,0.0,0,0,4,320,-1,-1,-1,0.0
stage1d_single_agent_delivery_obstacles,4,1,202400,1530,1,420,320,1,2,-3.1999974250793457,0.0,0.0,0.0,0.003968253968253968,0.0,0,0,4,320,-1,-1,-1,0.0
stage1d_single_agent_delivery_obstacles,4,1,202720,1531,1,420,320,1,2,-3.1999974250793457,0.0,0.0,0.0,0.003968253968253968,0.0,0,0,4,320,-1,-1,-1,0.0
stage1d_single_agent_delivery_obstacles,4,1,203040,1532,1,420,320,1,2,-3.1999974250793457,0.0,0.0,0.0,0.003968253968253968,0.0,0,0,4,320,-1,-1,-1,0.0
stage1d_single_agent_delivery_obstacles,4,1,203360,1533,1,420,320,1,2,-3.1999974250793457,0.0,0.0,0.0,0.003968253968253968,0.0,0,0,4,320,-1,-1,-1,0.0
stage1d_single_agent_delivery_obstacles,4,1,203680,1534,1,420,320,1,2,-3.1999974250793457,0.0,0.0,0.0,0.003968253968253968,0.0,0,0,4,320,-1,-1,-1,0.0
stage1d_single_agent_delivery_obstacles,4,1,204000,1535,1,420,320,1,2,-3.1999974250793457,0.0,0.0,0.0,0.003968253968253968,0.0,0,0,4,320,-1,-1,-1,0.0
stage1d_single_agent_delivery_obstacles,4,1,204320,1536,1,420,320,1,2,-3.1999974250793457,0.0,0.0,0.0,0.003968253968253968,0.0,0,0,4,320,-1,-1,-1,0.0
stage1d_single_agent_delivery_obstacles,4,1,204640,1537,1,420,320,1,2,-3.1999974250793457,0.0,0.0,0.0,0.003968253968253968,0.0,0,0,4,320,-1,-1,-1,0.0
stage1d_single_agent_delivery_obstacles,4,1,204960,1538,1,420,320,1,2,-3.1999974250793457,0.0,0.0,0.0,0.003968253968253968,0.0,0,0,4,320,-1,-1,-1,0.0
stage1d_single_agent_delivery_obstacles,4,1,205280,1539,1,420,320,1,2,-3.1999974250793457,0.0,0.0,0.0,0.003968253968253968,0.0,0,0,4,320,-1,-1,-1,0.0
stage1d_single_agent_delivery_obstacles,4,1,205600,1540,1,420,320,1,2,-3.1999974250793457,0.0,0.0,0.0,0.003968253968253968,0.0,0,0,4,320,-1,-1,-1,0.0
stage1d_single_agent_delivery_obstacles,4,1,205920,1541,1,420,320,1,2,-3.1999974250793457,0.0,0.0,0.0,0.003968253968253968,0.0,0,0,4,320,-1,-1,-1,0.0
stage1d_single_agent_delivery_obstacles,4,1,206240,1542,1,420,320,1,2,-3.1999974250793457,0.0,0.0,0.0,0.003968253968253968,0.0,0,0,4,320,-1,-1,-1,0.0
stage1d_single_agent_delivery_obstacles,4,1,206560,1543,1,420,320,1,2,-3.1999974250793457,0.0,0.0,0.0,0.003968253968253968,0.0,0,0,4,320,-1,-1,-1,0.0
stage1d_single_agent_delivery_obstacles,4,1,206880,1544,1,420,320,1,2,-3.1999974250793457,0.0,0.0,0.0,0.003968253968253968,0.0,0,0,4,320,-1,-1,-1,0.0
stage1d_single_agent_delivery_obstacles,4,1,207200,1545,1,420,320,1,2,-3.1999974250793457,0.0,0.0,0.0,0.003968253968253968,0.0,0,0,4,320,-1,-1,-1,0.0
stage1d_single_agent_delivery_obstacles,4,1,207520,1546,1,420,320,1,2,-3.1999974250793457,0.0,0.0,0.0,0.003968253968253968,0.0,0,0,4,320,-1,-1,-1,0.0
stage1d_single_agent_delivery_obstacles,4,1,207840,1547,1,420,320,1,2,-3.1999974250793457,0.0,0.0,0.0,0.003968253968253968,0.0,0,0,4,320,-1,-1,-1,0.0
stage1d_single_agent_delivery_obstacles,4,1,208160,1548,1,420,320,1,2,-3.1999974250793457,0.0,0.0,0.0,0.003968253968253968,0.0,0,0,4,320,-1,-1,-1,0.0
stage1d_single_agent_delivery_obstacles,4,1,208480,1549,1,420,320,1,2,-3.1999974250793457,0.0,0.0,0.0,0.003968253968253968,0.0,0,0,4,320,-1,-1,-1,0.0
stage1d_single_agent_delivery_obstacles,4,1,208800,1550,1,420,320,1,2,-3.1999974250793457,0.0,0.0,0.0,0.003968253968253968,0.0,0,0,4,320,-1,-1,-1,0.0
stage1d_single_agent_delivery_obstacles,4,1,209120,1551,1,420,320,1,2,-3.1999974250793457,0.0,0.0,0.0,0.003968253968253968,0.0,0,0,4,320,-1,-1,-1,0.0
stage1d_single_agent_delivery_obstacles,4,1,209440,1552,1,420,320,1,2,-3.1999974250793457,0.0,0.0,0.0,0.003968253968253968,0.0,0,0,4,320,-1,-1,-1,0.0
stage1d_single_agent_delivery_obstacles,4,1,209760,1553,1,420,320,1,2,-3.1999974250793457,0.0,0.0,0.0,0.003968253968253968,0.0,0,0,4,320,-1,-1,-1,0.0
stage1d_single_agent_delivery_obstacles,4,1,210080,1554,1,420,320,1,2,-3.1999974250793457,0.0,0.0,0.0,0.003968253968253968,0.0,0,0,4,320,-1,-1,-1,0.0
stage1d_single_agent_delivery_obstacles,4,1,210400,1555,1,420,320,1,2,-3.1999974250793457,0.0,0.0,0.0,0.003968253968253968,0.0,0,0,4,320,-1,-1,-1,0.0
stage1d_single_agent_delivery_obstacles,4,1,210720,1556,1,420,320,1,2,-3.1999974250793457,0.0,0.0,0.0,0.003968253968253968,0.0,0,0,4,320,-1,-1,-1,0.0
stage1d_single_agent_delivery_obstacles,4,1,211040,1557,1,420,320,1,2,-3.1999974250793457,0.0,0.0,0.0,0.003968253968253968,0.0,0,0,4,320,-1,-1,-1,0.0
stage1d_single_agent_delivery_obstacles,4,1,211360,1558,1,420,320,1,2,-3.1999974250793457,0.0,0.0,0.0,0.003968253968253968,0.0,0,0,4,320,-1,-1,-1,0.0
stage1d_single_agent_delivery_obstacles,4,1,211680,1559,1,420,320,1,2,-3.1999974250793457,0.0,0.0,0.0,0.003968253968253968,0.0,0,0,4,320,-1,-1,-1,0.0
stage1d_single_agent_delivery_obstacles,4,1,212000,1560,1,420,320,1,2,-3.1999974250793457,0.0,0.0,0.0,0.003968253968253968,0.0,0,0,4,320,-1,-1,-1,0.0
stage1d_single_agent_delivery_obstacles,4,1,212320,1561,1,420,320,1,2,-3.1999974250793457,0.0,0.0,0.0,0.003968253968253968,0.0,0,0,4,320,-1,-1,-1,0.0
stage1d_single_agent_delivery_obstacles,4,1,212640,1562,1,420,320,1,2,-3.1999974250793457,0.0,0.0,0.0,0.003968253968253968,0.0,0,0,4,320,-1,-1,-1,0.0
stage1d_single_agent_delivery_obstacles,4,1,212960,1563,1,420,320,1,2,-3.1999974250793457,0.0,0.0,0.0,0.003968253968253968,0.0,0,0,4,320,-1,-1,-1,0.0
stage1d_single_agent_delivery_obstacles,4,1,213280,1564,1,420,320,1,2,-3.1999974250793457,0.0,0.0,0.0,0.003968253968253968,0.0,0,0,4,320,-1,-1,-1,0.0
stage1d_single_agent_delivery_obstacles,4,1,213600,1565,1,420,320,1,2,-3.1999974250793457,0.0,0.0,0.0,0.003968253968253968,0.0,0,0,4,320,-1,-1,-1,0.0
stage1d_single_agent_delivery_obstacles,4,1,213920,1566,1,420,320,1,2,-3.1999974250793457,0.0,0.0,0.0,0.003968253968253968,0.0,0,0,4,320,-1,-1,-1,0.0
stage1d_single_agent_delivery_obstacles,4,1,214240,1567,1,420,320,1,2,-3.1999974250793457,0.0,0.0,0.0,0.003968253968253968,0.0,0,0,4,320,-1,-1,-1,0.0
stage1d_single_agent_delivery_obstacles,4,1,214560,1568,1,420,320,1,2,-3.1999974250793457,0.0,0.0,0.0,0.003968253968253968,0.0,0,0,4,320,-1,-1,-1,0.0
stage1d_single_agent_delivery_obstacles,4,1,214880,1569,1,420,320,1,2,-3.1999974250793457,0.0,0.0,0.0,0.003968253968253968,0.0,0,0,4,320,-1,-1,-1,0.0
stage1d_single_agent_delivery_obstacles,4,1,215200,1570,1,420,320,1,2,-3.1999974250793457,0.0,0.0,0.0,0.003968253968253968,0.0,0,0,4,320,-1,-1,-1,0.0
stage1d_single_agent_delivery_obstacles,4,1,215520,1571,1,420,320,1,2,-3.1999974250793457,0.0,0.0,0.0,0.003968253968253968,0.0,0,0,4,320,-1,-1,-1,0.0
stage1d_single_agent_delivery_obstacles,4,1,215840,1572,1,420,320,1,2,-3.1999974250793457,0.0,0.0,0.0,0.003968253968253968,0.0,0,0,4,320,-1,-1,-1,0.0
stage1d_single_agent_delivery_obstacles,4,1,216160,1573,1,420,320,1,2,-3.1999974250793457,0.0,0.0,0.0,0.003968253968253968,0.0,0,0,4,320,-1,-1,-1,0.0
stage1d_single_agent_delivery_obstacles,4,1,216480,1574,1,420,320,1,2,-3.1999974250793457,0.0,0.0,0.0,0.003968253968253968,0.0,0,0,4,320,-1,-1,-1,0.0
stage1d_single_agent_delivery_obstacles,4,1,216800,1575,1,420,320,1,2,-3.1999974250793457,0.0,0.0,0.0,0.003968253968253968,0.0,0,0,4,320,-1,-1,-1,0.0
stage1d_single_agent_delivery_obstacles,4,1,217120,1576,1,420,320,1,2,-3.1999974250793457,0.0,0.0,0.0,0.003968253968253968,0.0,0,0,4,320,-1,-1,-1,0.0
stage1d_single_agent_delivery_obstacles,4,1,217440,1577,1,420,320,1,2,-3.1999974250793457,0.0,0.0,0.0,0.003968253968253968,0.0,0,0,4,320,-1,-1,-1,0.0
stage1d_single_agent_delivery_obstacles,4,1,217760,1578,1,420,320,1,2,-3.1999974250793457,0.0,0.0,0.0,0.003968253968253968,0.0,0,0,4,320,-1,-1,-1,0.0
stage1d_single_agent_delivery_obstacles,4,1,218080,1579,1,420,320,1,2,-3.1999974250793457,0.0,0.0,0.0,0.003968253968253968,0.0,0,0,4,320,-1,-1,-1,0.0
stage1d_single_agent_delivery_obstacles,4,1,218400,1580,1,420,320,1,2,-3.1999974250793457,0.0,0.0,0.0,0.003968253968253968,0.0,0,0,4,320,-1,-1,-1,0.0
stage1d_single_agent_delivery_obstacles,4,1,218720,1581,1,420,320,1,2,-3.1999974250793457,0.0,0.0,0.0,0.003968253968253968,0.0,0,0,4,320,-1,-1,-1,0.0
stage1d_single_agent_delivery_obstacles,4,1,219040,1582,1,420,320,1,2,-3.1999974250793457,0.0,0.0,0.0,0.003968253968253968,0.0,0,0,4,320,-1,-1,-1,0.0
stage1d_single_agent_delivery_obstacles,4,1,219360,1583,1,420,320,1,2,-3.1999974250793457,0.0,0.0,0.0,0.003968253968253968,0.0,0,0,4,320,-1,-1,-1,0.0
stage1d_single_agent_delivery_obstacles,4,1,219680,1584,1,420,320,1,2,-3.1999974250793457,0.0,0.0,0.0,0.003968253968253968,0.0,0,0,4,320,-1,-1,-1,0.0
stage1d_single_agent_delivery_obstacles,4,1,220000,1585,1,420,320,1,2,-3.1999974250793457,0.0,0.0,0.0,0.003968253968253968,0.0,0,0,4,320,-1,-1,-1,0.0
stage1d_single_agent_delivery_obstacles,4,1,220320,1586,1,420,320,1,2,-3.1999974250793457,0.0,0.0,0.0,0.003968253968253968,0.0,0,0,4,320,-1,-1,-1,0.0
stage1d_single_agent_delivery_obstacles,4,1,220640,1587,1,420,320,1,2,-3.1999974250793457,0.0,0.0,0.0,0.003968253968253968,0.0,0,0,4,320,-1,-1,-1,0.0
stage1d_single_agent_delivery_obstacles,4,1,220960,1588,1,420,320,1,2,-3.1999974250793457,0.0,0.0,0.0,0.003968253968253968,0.0,0,0,4,320,-1,-1,-1,0.0
stage1d_single_agent_delivery_obstacles,4,1,221280,1589,1,420,320,1,2,-3.1999974250793457,0.0,0.0,0.0,0.003968253968253968,0.0,0,0,4,320,-1,-1,-1,0.0
stage1d_single_agent_delivery_obstacles,4,1,221600,1590,1,420,320,1,2,-3.1999974250793457,0.0,0.0,0.0,0.003968253968253968,0.0,0,0,4,320,-1,-1,-1,0.0
stage1d_single_agent_delivery_obstacles,4,1,221920,1591,1,420,320,1,2,-3.1999974250793457,0.0,0.0,0.0,0.003968253968253968,0.0,0,0,4,320,-1,-1,-1,0.0
stage1d_single_agent_delivery_obstacles,4,1,222240,1592,1,420,320,1,2,-3.1999974250793457,0.0,0.0,0.0,0.003968253968253968,0.0,0,0,4,320,-1,-1,-1,0.0
stage1d_single_agent_delivery_obstacles,4,1,222560,1593,1,420,320,1,2,-3.1999974250793457,0.0,0.0,0.0,0.003968253968253968,0.0,0,0,4,320,-1,-1,-1,0.0
stage1d_single_agent_delivery_obstacles,4,1,222880,1594,1,420,320,1,2,-3.1999974250793457,0.0,0.0,0.0,0.003968253968253968,0.0,0,0,4,320,-1,-1,-1,0.0
stage1d_single_agent_delivery_obstacles,4,1,223200,1595,1,420,320,1,2,-3.1999974250793457,0.0,0.0,0.0,0.003968253968253968,0.0,0,0,4,320,-1,-1,-1,0.0
stage1d_single_agent_delivery_obstacles,4,1,223520,1596,1,420,320,1,2,-3.1999974250793457,0.0,0.0,0.0,0.003968253968253968,0.0,0,0,4,320,-1,-1,-1,0.0
stage1d_single_agent_delivery_obstacles,4,1,223840,1597,1,420,320,1,2,-3.1999974250793457,0.0,0.0,0.0,0.003968253968253968,0.0,0,0,4,320,-1,-1,-1,0.0
stage1d_single_agent_delivery_obstacles,4,1,224160,1598,1,420,320,1,2,-3.1999974250793457,0.0,0.0,0.0,0.003968253968253968,0.0,0,0,4,320,-1,-1,-1,0.0
stage1d_single_agent_delivery_obstacles,4,1,224480,1599,1,420,320,1,2,-3.1999974250793457,0.0,0.0,0.0,0.003968253968253968,0.0,0,0,4,320,-1,-1,-1,0.0
stage1d_single_agent_delivery_obstacles,4,1,224800,1600,1,420,320,1,2,-3.1999974250793457,0.0,0.0,0.0,0.003968253968253968,0.0,0,0,4,320,-1,-1,-1,0.0
stage1d_single_agent_delivery_obstacles,4,1,225120,1601,1,420,320,1,2,-3.1999974250793457,0.0,0.0,0.0,0.003968253968253968,0.0,0,0,4,320,-1,-1,-1,0.0
stage1d_single_agent_delivery_obstacles,4,1,225440,1602,1,420,320,1,2,-3.1999974250793457,0.0,0.0,0.0,0.003968253968253968,0.0,0,0,4,320,-1,-1,-1,0.0
stage1d_single_agent_delivery_obstacles,4,1,225760,1603,1,420,320,1,2,-3.1999974250793457,0.0,0.0,0.0,0.003968253968253968,0.0,0,0,4,320,-1,-1,-1,0.0
stage1d_single_agent_delivery_obstacles,4,1,226080,1604,1,420,320,1,2,-3.1999974250793457,0.0,0.0,0.0,0.003968253968253968,0.0,0,0,4,320,-1,-1,-1,0.0
stage1d_single_agent_delivery_obstacles,4,1,226400,1605,1,420,320,1,2,-3.1999974250793457,0.0,0.0,0.0,0.003968253968253968,0.0,0,0,4,320,-1,-1,-1,0.0
stage1d_single_agent_delivery_obstacles,4,1,226720,1606,1,420,320,1,2,-3.1999974250793457,0.0,0.0,0.0,0.003968253968253968,0.0,0,0,4,320,-1,-1,-1,0.0
stage1d_single_agent_delivery_obstacles,4,1,227040,1607,1,420,320,1,2,-3.1999974250793457,0.0,0.0,0.0,0.003968253968253968,0.0,0,0,4,320,-1,-1,-1,0.0
stage1d_single_agent_delivery_obstacles,4,1,227360,1608,1,420,320,1,2,-3.1999974250793457,0.0,0.0,0.0,0.003968253968253968,0.0,0,0,4,320,-1,-1,-1,0.0
stage1d_single_agent_delivery_obstacles,4,1,227680,1609,1,420,320,1,2,-3.1999974250793457,0.0,0.0,0.0,0.003968253968253968,0.0,0,0,4,320,-1,-1,-1,0.0
stage1d_single_agent_delivery_obstacles,4,1,228000,1610,1,420,320,1,2,-3.1999974250793457,0.0,0.0,0.0,0.003968253968253968,0.0,0,0,4,320,-1,-1,-1,0.0
stage1d_single_agent_delivery_obstacles,4,1,228320,1611,1,420,320,1,2,-3.1999974250793457,0.0,0.0,0.0,0.003968253968253968,0.0,0,0,4,320,-1,-1,-1,0.0
stage1d_single_agent_delivery_obstacles,4,1,228640,1612,1,420,320,1,2,-3.1999974250793457,0.0,0.0,0.0,0.003968253968253968,0.0,0,0,4,320,-1,-1,-1,0.0
stage1d_single_agent_delivery_obstacles,4,1,228960,1613,1,420,320,1,2,-3.1999974250793457,0.0,0.0,0.0,0.003968253968253968,0.0,0,0,4,320,-1,-1,-1,0.0
stage1d_single_agent_delivery_obstacles,4,1,229280,1614,1,420,320,1,2,-3.1999974250793457,0.0,0.0,0.0,0.003968253968253968,0.0,0,0,4,320,-1,-1,-1,0.0
stage1d_single_agent_delivery_obstacles,4,1,229600,1615,1,420,320,1,2,-3.2099974155426025,0.0,0.0,0.0,0.003968253968253968,0.0,0,0,4,320,-1,-1,-1,0.0
stage1d_single_agent_delivery_obstacles,4,1,229920,1616,1,420,320,1,2,-3.2099974155426025,0.0,0.0,0.0,0.003968253968253968,0.0,0,0,4,320,-1,-1,-1,0.0
stage1d_single_agent_delivery_obstacles,4,1,230240,1617,1,420,320,1,2,-3.2099974155426025,0.0,0.0,0.0,0.003968253968253968,0.0,0,0,4,320,-1,-1,-1,0.0
stage1d_single_agent_delivery_obstacles,4,1,230560,1618,1,420,320,1,2,-3.1999974250793457,0.0,0.0,0.0,0.003968253968253968,0.0,0,0,4,320,-1,-1,-1,0.0
stage1d_single_agent_delivery_obstacles,4,1,230880,1619,1,420,320,1,2,-3.2099974155426025,0.0,0.0,0.0,0.003968253968253968,0.0,0,0,4,320,-1,-1,-1,0.0
stage1d_single_agent_delivery_obstacles,4,1,231200,1620,1,420,320,1,2,-3.2099974155426025,0.0,0.0,0.0,0.003968253968253968,0.0,0,0,4,320,-1,-1,-1,0.0
stage1d_single_agent_delivery_obstacles,4,1,231520,1621,1,420,320,1,2,-3.2099974155426025,0.0,0.0,0.0,0.003968253968253968,0.0,0,0,4,320,-1,-1,-1,0.0
stage1d_single_agent_delivery_obstacles,4,1,231840,1622,1,420,320,1,2,-3.2099974155426025,0.0,0.0,0.0,0.003968253968253968,0.0,0,0,4,320,-1,-1,-1,0.0
stage1d_single_agent_delivery_obstacles,4,1,232160,1623,1,420,320,1,2,-3.2099974155426025,0.0,0.0,0.0,0.003968253968253968,0.0,0,0,4,320,-1,-1,-1,0.0
stage1d_single_agent_delivery_obstacles,4,1,232480,1624,1,420,320,1,2,-3.2099974155426025,0.0,0.0,0.0,0.003968253968253968,0.0,0,0,4,320,-1,-1,-1,0.0
stage1d_single_agent_delivery_obstacles,4,1,232800,1625,1,420,320,1,2,-3.1999974250793457,0.0,0.0,0.0,0.003968253968253968,0.0,0,0,4,320,-1,-1,-1,0.0
stage1d_single_agent_delivery_obstacles,4,1,233120,1626,1,420,320,1,2,-3.2099974155426025,0.0,0.0,0.0,0.003968253968253968,0.0,0,0,4,320,-1,-1,-1,0.0
stage1d_single_agent_delivery_obstacles,4,1,233440,1627,1,420,320,1,2,-3.2099974155426025,0.0,0.0,0.0,0.003968253968253968,0.0,0,0,4,320,-1,-1,-1,0.0
stage1d_single_agent_delivery_obstacles,4,1,233760,1628,1,420,320,1,2,-3.2099974155426025,0.0,0.0,0.0,0.003968253968253968,0.0,0,0,4,320,-1,-1,-1,0.0
stage1d_single_agent_delivery_obstacles,4,1,234080,1629,1,420,320,1,2,-3.2099974155426025,0.0,0.0,0.0,0.003968253968253968,0.0,0,0,4,320,-1,-1,-1,0.0
stage1d_single_agent_delivery_obstacles,4,1,234400,1630,1,420,320,1,2,-3.2099974155426025,0.0,0.0,0.0,0.003968253968253968,0.0,0,0,4,320,-1,-1,-1,0.0
stage1d_single_agent_delivery_obstacles,4,1,234720,1631,1,420,320,1,2,-3.1999974250793457,0.0,0.0,0.0,0.003968253968253968,0.0,0,0,4,320,-1,-1,-1,0.0
stage1d_single_agent_delivery_obstacles,4,1,235040,1632,1,420,320,1,2,-3.2099974155426025,0.0,0.0,0.0,0.003968253968253968,0.0,0,0,4,320,-1,-1,-1,0.0
stage1d_single_agent_delivery_obstacles,4,1,235360,1633,1,420,320,1,2,-3.2099974155426025,0.0,0.0,0.0,0.003968253968253968,0.0,0,0,4,320,-1,-1,-1,0.0
stage1d_single_agent_delivery_obstacles,4,1,235680,1634,1,420,320,1,2,-3.2099974155426025,0.0,0.0,0.0,0.003968253968253968,0.0,0,0,4,320,-1,-1,-1,0.0
stage1d_single_agent_delivery_obstacles,4,1,236000,1635,1,420,320,1,2,-3.2099974155426025,0.0,0.0,0.0,0.003968253968253968,0.0,0,0,4,320,-1,-1,-1,0.0
stage1d_single_agent_delivery_obstacles,4,1,236320,1636,1,420,320,1,2,-3.2105329036712646,0.0,0.0,0.0,0.003968253968253968,0.0,0,0,4,320,-1,-1,-1,0.0
stage1d_single_agent_delivery_obstacles,4,1,236640,1637,1,420,320,1,2,-3.2097175121307373,0.0,0.0,0.0,0.003968253968253968,0.0,0,0,4,320,-1,-1,-1,0.0
stage1d_single_agent_delivery_obstacles,4,1,236960,1638,1,420,320,1,2,-3.2099974155426025,0.0,0.0,0.0,0.003968253968253968,0.0,0,0,4,320,-1,-1,-1,0.0
stage1d_single_agent_delivery_obstacles,4,1,237280,1639,1,420,320,1,2,-3.2099974155426025,0.0,0.0,0.0,0.003968253968253968,0.0,0,0,4,320,-1,-1,-1,0.0
stage1d_single_agent_delivery_obstacles,4,1,237600,1640,1,420,320,1,2,-3.2099974155426025,0.0,0.0,0.0,0.003968253968253968,0.0,0,0,4,320,-1,-1,-1,0.0
stage1d_single_agent_delivery_obstacles,4,1,237920,1641,1,420,320,1,2,-3.2099974155426025,0.0,0.0,0.0,0.003968253968253968,0.0,0,0,4,320,-1,-1,-1,0.0
stage1d_single_agent_delivery_obstacles,4,1,238240,1642,1,420,320,1,2,-3.2099974155426025,0.0,0.0,0.0,0.003968253968253968,0.0,0,0,4,320,-1,-1,-1,0.0
stage1d_single_agent_delivery_obstacles,4,1,238560,1643,1,420,320,1,2,-3.2099974155426025,0.0,0.0,0.0,0.003968253968253968,0.0,0,0,4,320,-1,-1,-1,0.0
stage1d_single_agent_delivery_obstacles,4,1,238880,1644,1,420,320,1,2,-3.2099974155426025,0.0,0.0,0.0,0.003968253968253968,0.0,0,0,4,320,-1,-1,-1,0.0
stage1d_single_agent_delivery_obstacles,4,1,239200,1645,1,420,320,1,2,-3.1999974250793457,0.0,0.0,0.0,0.007936507936507936,0.0,0,0,4,320,-1,-1,-1,0.0
stage1d_single_agent_delivery_obstacles,4,1,239520,1646,1,420,320,1,2,-3.2099974155426025,0.0,0.0,0.0,0.003968253968253968,0.0,0,0,4,320,-1,-1,-1,0.0
stage1d_single_agent_delivery_obstacles,4,1,239840,1647,1,420,320,1,2,-3.2099974155426025,0.0,0.0,0.0,0.003968253968253968,0.0,0,0,4,320,-1,-1,-1,0.0
stage1d_single_agent_delivery_obstacles,4,2,240320,1648,1,420,320,1,2,-3.2099974155426025,0.0,0.0,0.0,0.003968253968253968,0.0,0,0,4,320,-1,-1,-1,0.0
stage1d_single_agent_delivery_obstacles,4,2,240640,1649,1,420,320,1,2,-3.2099974155426025,0.0,0.0,0.0,0.003968253968253968,0.0,0,0,4,320,-1,-1,-1,0.0
stage1d_single_agent_delivery_obstacles,4,2,240960,1650,1,420,320,1,2,-3.2099974155426025,0.0,0.0,0.0,0.003968253968253968,0.0,0,0,4,320,-1,-1,-1,0.0
stage1d_single_agent_delivery_obstacles,4,2,241280,1651,1,420,320,1,2,-3.2099974155426025,0.0,0.0,0.0,0.003968253968253968,0.0,0,0,4,320,-1,-1,-1,0.0
stage1d_single_agent_delivery_obstacles,4,2,241600,1652,1,420,320,1,2,-3.2099974155426025,0.0,0.0,0.0,0.003968253968253968,0.0,0,0,4,320,-1,-1,-1,0.0
stage1d_single_agent_delivery_obstacles,4,2,241920,1653,1,420,320,1,2,-3.2099974155426025,0.0,0.0,0.0,0.003968253968253968,0.0,0,0,4,320,-1,-1,-1,0.0
stage1d_single_agent_delivery_obstacles,4,2,242240,1654,1,420,320,1,2,-3.1999974250793457,0.0,0.0,0.0,0.003968253968253968,0.0,0,0,4,320,-1,-1,-1,0.0
stage1d_single_agent_delivery_obstacles,4,2,242560,1655,1,420,320,1,2,-3.2099974155426025,0.0,0.0,0.0,0.003968253968253968,0.0,0,0,4,320,-1,-1,-1,0.0
stage1d_single_agent_delivery_obstacles,4,2,242880,1656,1,420,320,1,2,-3.2099974155426025,0.0,0.0,0.0,0.003968253968253968,0.0,0,0,4,320,-1,-1,-1,0.0
stage1d_single_agent_delivery_obstacles,4,2,243200,1657,1,420,320,1,2,-3.2099974155426025,0.0,0.0,0.0,0.003968253968253968,0.0,0,0,4,320,-1,-1,-1,0.0
stage1d_single_agent_delivery_obstacles,4,2,243520,1658,1,420,320,1,2,-3.2099974155426025,0.0,0.0,0.0,0.003968253968253968,0.0,0,0,4,320,-1,-1,-1,0.0
stage1d_single_agent_delivery_obstacles,4,2,243840,1659,1,420,320,1,2,-3.2099974155426025,0.0,0.0,0.0,0.003968253968253968,0.0,0,0,4,320,-1,-1,-1,0.0
stage1d_single_agent_delivery_obstacles,4,2,244160,1660,1,420,320,1,2,-3.2099974155426025,0.0,0.0,0.0,0.003968253968253968,0.0,0,0,4,320,-1,-1,-1,0.0
stage1d_single_agent_delivery_obstacles,4,2,244480,1661,1,420,320,1,2,-3.2099974155426025,0.0,0.0,0.0,0.003968253968253968,0.0,0,0,4,320,-1,-1,-1,0.0
stage1d_single_agent_delivery_obstacles,4,2,244800,1662,1,420,320,1,2,-3.2099974155426025,0.0,0.0,0.0,0.003968253968253968,0.0,0,0,4,320,-1,-1,-1,0.0
stage1d_single_agent_delivery_obstacles,4,2,245120,1663,1,420,320,1,2,-3.2099974155426025,0.0,0.0,0.0,0.003968253968253968,0.0,0,0,4,320,-1,-1,-1,0.0
stage1d_single_agent_delivery_obstacles,4,2,245440,1664,1,420,320,1,2,-3.2099974155426025,0.0,0.0,0.0,0.003968253968253968,0.0,0,0,4,320,-1,-1,-1,0.0
stage1d_single_agent_delivery_obstacles,4,2,245760,1665,1,420,320,1,2,-3.1999974250793457,0.0,0.0,0.0,0.007936507936507936,0.0,0,0,4,320,-1,-1,-1,0.0
stage1d_single_agent_delivery_obstacles,4,2,246080,1666,1,420,320,1,2,-3.210557222366333,0.0,0.0,0.0,0.003968253968253968,0.0,0,0,4,320,-1,-1,-1,0.0
stage1d_single_agent_delivery_obstacles,4,2,246400,1667,1,420,320,1,2,-3.1999974250793457,0.0,0.0,0.0,0.003968253968253968,0.0,0,0,4,320,-1,-1,-1,0.0
stage1d_single_agent_delivery_obstacles,4,2,246720,1668,1,420,320,1,2,-3.2099974155426025,0.0,0.0,0.0,0.003968253968253968,0.0,0,0,4,320,-1,-1,-1,0.0
stage1d_single_agent_delivery_obstacles,4,2,247040,1669,1,420,320,1,2,-3.2099974155426025,0.0,0.0,0.0,0.003968253968253968,0.0,0,0,4,320,-1,-1,-1,0.0
stage1d_single_agent_delivery_obstacles,4,2,247360,1670,1,420,320,1,2,-3.1999974250793457,0.0,0.0,0.0,0.007936507936507936,0.0,0,0,4,320,-1,-1,-1,0.0
stage1d_single_agent_delivery_obstacles,4,2,247680,1671,1,420,320,1,2,-3.2099974155426025,0.0,0.0,0.0,0.003968253968253968,0.0,0,0,4,320,-1,-1,-1,0.0
stage1d_single_agent_delivery_obstacles,4,2,248000,1672,1,420,320,1,2,-3.210559844970703,0.0,0.0,0.0,0.003968253968253968,0.0,0,0,4,320,-1,-1,-1,0.0
stage1d_single_agent_delivery_obstacles,4,2,248320,1673,1,420,320,1,2,-3.2099974155426025,0.0,0.0,0.0,0.003968253968253968,0.0,0,0,4,320,-1,-1,-1,0.0
stage1d_single_agent_delivery_obstacles,4,2,248640,1674,1,420,320,1,2,-3.1999974250793457,0.0,0.0,0.0,0.007936507936507936,0.0,0,0,4,320,-1,-1,-1,0.0
stage1d_single_agent_delivery_obstacles,4,2,248960,1675,1,420,320,1,2,-3.2099974155426025,0.0,0.0,0.0,0.003968253968253968,0.0,0,0,4,320,-1,-1,-1,0.0
stage1d_single_agent_delivery_obstacles,4,2,249280,1676,1,420,320,1,2,-3.2099974155426025,0.0,0.0,0.0,0.003968253968253968,0.0,0,0,4,320,-1,-1,-1,0.0
stage1d_single_agent_delivery_obstacles,4,2,249600,1677,1,420,320,1,2,-3.2099974155426025,0.0,0.0,0.0,0.003968253968253968,0.0,0,0,4,320,-1,-1,-1,0.0
stage1d_single_agent_delivery_obstacles,4,2,249920,1678,1,420,320,1,2,-3.1999974250793457,0.0,0.0,0.0,0.007936507936507936,0.0,0,0,4,320,-1,-1,-1,0.0
stage1d_single_agent_delivery_obstacles,4,2,250240,1679,1,420,320,1,2,-3.2097220420837402,0.0,0.0,0.0,0.003968253968253968,0.0,0,0,4,320,-1,-1,-1,0.0
stage1d_single_agent_delivery_obstacles,4,2,250560,1680,1,420,320,1,2,-3.2099974155426025,0.0,0.0,0.0,0.003968253968253968,0.0,0,0,4,320,-1,-1,-1,0.0
stage1d_single_agent_delivery_obstacles,4,2,250880,1681,1,420,320,1,2,-3.1999974250793457,0.0,0.0,0.0,0.007936507936507936,0.0,0,0,4,320,-1,-1,-1,0.0
stage1d_single_agent_delivery_obstacles,4,2,251200,1682,1,420,320,1,2,-3.2099974155426025,0.0,0.0,0.0,0.003968253968253968,0.0,0,0,4,320,-1,-1,-1,0.0
stage1d_single_agent_delivery_obstacles,4,2,251520,1683,1,420,320,1,2,-3.1999974250793457,0.0,0.0,0.0,0.007936507936507936,0.0,0,0,4,320,-1,-1,-1,0.0
stage1d_single_agent_delivery_obstacles,4,2,251840,1684,1,420,320,1,2,-3.2099974155426025,0.0,0.0,0.0,0.003968253968253968,0.0,0,0,4,320,-1,-1,-1,0.0
stage1d_single_agent_delivery_obstacles,4,2,252160,1685,1,420,320,1,2,-3.2099974155426025,0.0,0.0,0.0,0.003968253968253968,0.0,0,0,4,320,-1,-1,-1,0.0
stage1d_single_agent_delivery_obstacles,4,2,252480,1686,1,420,320,1,2,-3.2099974155426025,0.0,0.0,0.0,0.003968253968253968,0.0,0,0,4,320,-1,-1,-1,0.0
stage1d_single_agent_delivery_obstacles,4,2,252800,1687,1,420,320,1,2,-3.209632158279419,0.0,0.0,0.0,0.003968253968253968,0.0,0,0,4,320,-1,-1,-1,0.0
stage1d_single_agent_delivery_obstacles,4,2,253120,1688,1,420,320,1,2,-3.1999974250793457,0.0,0.0,0.0,0.007936507936507936,0.0,0,0,4,320,-1,-1,-1,0.0
stage1d_single_agent_delivery_obstacles,4,2,253440,1689,1,420,320,1,2,-3.1996376514434814,0.0,0.0,0.0,0.007936507936507936,0.0,0,0,4,320,-1,-1,-1,0.0
stage1d_single_agent_delivery_obstacles,4,2,253760,1690,1,420,320,1,2,-3.1999974250793457,0.0,0.0,0.0,0.007936507936507936,0.0,0,0,4,320,-1,-1,-1,0.0
stage1d_single_agent_delivery_obstacles,4,2,254080,1691,1,420,320,1,2,-3.2098782062530518,0.0,0.0,0.0,0.003968253968253968,0.0,0,0,4,320,-1,-1,-1,0.0
stage1d_single_agent_delivery_obstacles,4,2,254400,1692,1,420,320,1,2,-3.2094435691833496,0.0,0.0,0.0,0.003968253968253968,0.0,0,0,4,320,-1,-1,-1,0.0
stage1d_single_agent_delivery_obstacles,4,2,254720,1693,1,420,320,1,2,-3.1996166706085205,0.0,0.0,0.0,0.007936507936507936,0.0,0,0,4,320,-1,-1,-1,0.0
stage1d_single_agent_delivery_obstacles,4,2,255040,1694,1,420,320,1,2,-3.2099974155426025,0.0,0.0,0.0,0.003968253968253968,0.0,0,0,4,320,-1,-1,-1,0.0
stage1d_single_agent_delivery_obstacles,4,2,255360,1695,1,420,320,1,2,-3.2099974155426025,0.0,0.0,0.0,0.003968253968253968,0.0,0,0,4,320,-1,-1,-1,0.0
stage1d_single_agent_delivery_obstacles,4,2,255680,1696,1,420,320,1,2,-3.2094738483428955,0.0,0.0,0.0,0.003968253968253968,0.0,0,0,4,320,-1,-1,-1,0.0
stage1d_single_agent_delivery_obstacles,4,2,256000,1697,1,420,320,1,2,-3.209512948989868,0.0,0.0,0.0,0.003968253968253968,0.0,0,0,4,320,-1,-1,-1,0.0
stage1d_single_agent_delivery_obstacles,4,2,256320,1698,1,420,320,1,2,-3.2099974155426025,0.0,0.0,0.0,0.003968253968253968,0.0,0,0,4,320,-1,-1,-1,0.0
stage1d_single_agent_delivery_obstacles,4,2,256640,1699,1,420,320,1,2,-3.2099974155426025,0.0,0.0,0.0,0.003968253968253968,0.0,0,0,4,320,-1,-1,-1,0.0
stage1d_single_agent_delivery_obstacles,4,2,256960,1700,1,420,320,1,2,-3.1999974250793457,0.0,0.0,0.0,0.007936507936507936,0.0,0,0,4,320,-1,-1,-1,0.0
stage1d_single_agent_delivery_obstacles,4,2,257280,1701,1,420,320,1,2,-3.1999974250793457,0.0,0.0,0.0,0.007936507936507936,0.0,0,0,4,320,-1,-1,-1,0.0
stage1d_single_agent_delivery_obstacles,4,2,257600,1702,1,420,320,1,2,-3.2094361782073975,0.0,0.0,0.0,0.003968253968253968,0.0,0,0,4,320,-1,-1,-1,0.0
stage1d_single_agent_delivery_obstacles,4,2,257920,1703,1,420,320,1,2,-3.2099974155426025,0.0,0.0,0.0,0.003968253968253968,0.0,0,0,4,320,-1,-1,-1,0.0
stage1d_single_agent_delivery_obstacles,4,2,258240,1704,1,420,320,1,2,-3.209779977798462,0.0,0.0,0.0,0.003968253968253968,0.0,0,0,4,320,-1,-1,-1,0.0
stage1d_single_agent_delivery_obstacles,4,2,258560,1705,1,420,320,1,2,-3.2099974155426025,0.0,0.0,0.0,0.003968253968253968,0.0,0,0,4,320,-1,-1,-1,0.0
stage1d_single_agent_delivery_obstacles,4,2,258880,1706,1,420,320,1,2,-3.2095277309417725,0.0,0.0,0.0,0.003968253968253968,0.0,0,0,4,320,-1,-1,-1,0.0
stage1d_single_agent_delivery_obstacles,4,2,259200,1707,1,420,320,1,2,-3.2099974155426025,0.0,0.0,0.0,0.003968253968253968,0.0,0,0,4,320,-1,-1,-1,0.0
stage1d_single_agent_delivery_obstacles,4,2,259520,1708,1,420,320,1,2,-3.2099974155426025,0.0,0.0,0.0,0.003968253968253968,0.0,0,0,4,320,-1,-1,-1,0.0
stage1d_single_agent_delivery_obstacles,4,2,259840,1709,1,420,320,1,2,-3.2099974155426025,0.0,0.0,0.0,0.003968253968253968,0.0,0,0,4,320,-1,-1,-1,0.0
stage1d_single_agent_delivery_obstacles,4,2,260160,1710,1,420,320,1,2,-3.2099974155426025,0.0,0.0,0.0,0.003968253968253968,0.0,0,0,4,320,-1,-1,-1,0.0
stage1d_single_agent_delivery_obstacles,4,2,260480,1711,1,420,320,1,2,-3.2099974155426025,0.0,0.0,0.0,0.003968253968253968,0.0,0,0,4,320,-1,-1,-1,0.0
stage1d_single_agent_delivery_obstacles,4,2,260800,1712,1,420,320,1,2,-3.2099974155426025,0.0,0.0,0.0,0.003968253968253968,0.0,0,0,4,320,-1,-1,-1,0.0
stage1d_single_agent_delivery_obstacles,4,2,261120,1713,1,420,320,1,2,-3.1997833251953125,0.0,0.0,0.0,0.007936507936507936,0.0,0,0,4,320,-1,-1,-1,0.0
stage1d_single_agent_delivery_obstacles,4,2,261440,1714,1,420,320,1,2,-3.2099974155426025,0.0,0.0,0.0,0.003968253968253968,0.0,0,0,4,320,-1,-1,-1,0.0
stage1d_single_agent_delivery_obstacles,4,2,261760,1715,1,420,320,1,2,-3.2099974155426025,0.0,0.0,0.0,0.003968253968253968,0.0,0,0,4,320,-1,-1,-1,0.0
stage1d_single_agent_delivery_obstacles,4,2,262080,1716,1,420,320,1,2,-3.2099974155426025,0.0,0.0,0.0,0.003968253968253968,0.0,0,0,4,320,-1,-1,-1,0.0
stage1d_single_agent_delivery_obstacles,4,2,262400,1717,1,420,320,1,2,-3.2099974155426025,0.0,0.0,0.0,0.003968253968253968,0.0,0,0,4,320,-1,-1,-1,0.0
stage1d_single_agent_delivery_obstacles,4,2,262720,1718,1,420,320,1,2,-3.2099974155426025,0.0,0.0,0.0,0.003968253968253968,0.0,0,0,4,320,-1,-1,-1,0.0
stage1d_single_agent_delivery_obstacles,4,2,263040,1719,1,420,320,1,2,-3.2099974155426025,0.0,0.0,0.0,0.003968253968253968,0.0,0,0,4,320,-1,-1,-1,0.0
stage1d_single_agent_delivery_obstacles,4,2,263360,1720,1,420,320,1,2,-3.2099974155426025,0.0,0.0,0.0,0.003968253968253968,0.0,0,0,4,320,-1,-1,-1,0.0
stage1d_single_agent_delivery_obstacles,4,2,263680,1721,1,420,320,1,2,-3.209650993347168,0.0,0.0,0.0,0.003968253968253968,0.0,0,0,4,320,-1,-1,-1,0.0
stage1d_single_agent_delivery_obstacles,4,2,264000,1722,1,420,320,1,2,-3.2099974155426025,0.0,0.0,0.0,0.003968253968253968,0.0,0,0,4,320,-1,-1,-1,0.0
stage1d_single_agent_delivery_obstacles,4,2,264320,1723,1,420,320,1,2,-3.2099974155426025,0.0,0.0,0.0,0.003968253968253968,0.0,0,0,4,320,-1,-1,-1,0.0
stage1d_single_agent_delivery_obstacles,4,2,264640,1724,1,420,320,1,2,-3.2099974155426025,0.0,0.0,0.0,0.003968253968253968,0.0,0,0,4,320,-1,-1,-1,0.0
stage1d_single_agent_delivery_obstacles,4,2,264960,1725,1,420,320,1,2,-3.2099974155426025,0.0,0.0,0.0,0.003968253968253968,0.0,0,0,4,320,-1,-1,-1,0.0
stage1d_single_agent_delivery_obstacles,4,2,265280,1726,1,420,320,1,2,-3.2099974155426025,0.0,0.0,0.0,0.003968253968253968,0.0,0,0,4,320,-1,-1,-1,0.0
stage1d_single_agent_delivery_obstacles,4,2,265600,1727,1,420,320,1,2,-3.2099974155426025,0.0,0.0,0.0,0.003968253968253968,0.0,0,0,4,320,-1,-1,-1,0.0
stage1d_single_agent_delivery_obstacles,4,2,265920,1728,1,420,320,1,2,-3.2099974155426025,0.0,0.0,0.0,0.003968253968253968,0.0,0,0,4,320,-1,-1,-1,0.0
stage1d_single_agent_delivery_obstacles,4,2,266240,1729,1,420,320,1,2,-3.2099974155426025,0.0,0.0,0.0,0.003968253968253968,0.0,0,0,4,320,-1,-1,-1,0.0
stage1d_single_agent_delivery_obstacles,4,2,266560,1730,1,420,320,1,2,-3.2099974155426025,0.0,0.0,0.0,0.003968253968253968,0.0,0,0,4,320,-1,-1,-1,0.0
stage1d_single_agent_delivery_obstacles,4,2,266880,1731,1,420,320,1,2,-3.2099974155426025,0.0,0.0,0.0,0.003968253968253968,0.0,0,0,4,320,-1,-1,-1,0.0
stage1d_single_agent_delivery_obstacles,4,2,267200,1732,1,420,320,1,2,-3.2099974155426025,0.0,0.0,0.0,0.003968253968253968,0.0,0,0,4,320,-1,-1,-1,0.0
stage1d_single_agent_delivery_obstacles,4,2,267520,1733,1,420,320,1,2,-4.7100138664245605,0.0,0.0,0.0,0.003968253968253968,0.0,0,0,4,320,-1,-1,-1,0.0
stage1d_single_agent_delivery_obstacles,4,2,267840,1734,1,420,320,1,2,-3.2099974155426025,0.0,0.0,0.0,0.003968253968253968,0.0,0,0,4,320,-1,-1,-1,0.0
stage1d_single_agent_delivery_obstacles,4,2,268160,1735,1,420,320,1,2,-3.2099974155426025,0.0,0.0,0.0,0.003968253968253968,0.0,0,0,4,320,-1,-1,-1,0.0
stage1d_single_agent_delivery_obstacles,4,2,268480,1736,1,420,320,1,2,-3.2099974155426025,0.0,0.0,0.0,0.003968253968253968,0.0,0,0,4,320,-1,-1,-1,0.0
stage1d_single_agent_delivery_obstacles,4,2,268800,1737,1,420,320,1,2,-3.2099974155426025,0.0,0.0,0.0,0.003968253968253968,0.0,0,0,4,320,-1,-1,-1,0.0
stage1d_single_agent_delivery_obstacles,4,2,269120,1738,1,420,320,1,2,-3.2099974155426025,0.0,0.0,0.0,0.003968253968253968,0.0,0,0,4,320,-1,-1,-1,0.0
stage1d_single_agent_delivery_obstacles,4,2,269440,1739,1,420,320,1,2,-3.2099974155426025,0.0,0.0,0.0,0.003968253968253968,0.0,0,0,4,320,-1,-1,-1,0.0
stage1d_single_agent_delivery_obstacles,4,2,269760,1740,1,420,320,1,2,-3.1999974250793457,0.0,0.0,0.0,0.007936507936507936,0.0,0,0,4,320,-1,-1,-1,0.0
stage1d_single_agent_delivery_obstacles,4,2,270080,1741,1,420,320,1,2,-3.2099974155426025,0.0,0.0,0.0,0.003968253968253968,0.0,0,0,4,320,-1,-1,-1,0.0
stage1d_single_agent_delivery_obstacles,4,2,270400,1742,1,420,320,1,2,-3.2099974155426025,0.0,0.0,0.0,0.003968253968253968,0.0,0,0,4,320,-1,-1,-1,0.0
stage1d_single_agent_delivery_obstacles,4,2,270720,1743,1,420,320,1,2,-3.1999974250793457,0.0,0.0,0.0,0.007936507936507936,0.0,0,0,4,320,-1,-1,-1,0.0
stage1d_single_agent_delivery_obstacles,4,2,271040,1744,1,420,320,1,2,-3.2099974155426025,0.0,0.0,0.0,0.003968253968253968,0.0,0,0,4,320,-1,-1,-1,0.0
stage1d_single_agent_delivery_obstacles,4,2,271360,1745,1,420,320,1,2,-3.2099974155426025,0.0,0.0,0.0,0.003968253968253968,0.0,0,0,4,320,-1,-1,-1,0.0
stage1d_single_agent_delivery_obstacles,4,2,271680,1746,1,420,320,1,2,-3.2099974155426025,0.0,0.0,0.0,0.003968253968253968,0.0,0,0,4,320,-1,-1,-1,0.0
stage1d_single_agent_delivery_obstacles,4,2,272000,1747,1,420,320,1,2,-3.2099974155426025,0.0,0.0,0.0,0.003968253968253968,0.0,0,0,4,320,-1,-1,-1,0.0
stage1d_single_agent_delivery_obstacles,4,2,272320,1748,1,420,320,1,2,-3.2099974155426025,0.0,0.0,0.0,0.003968253968253968,0.0,0,0,4,320,-1,-1,-1,0.0
stage1d_single_agent_delivery_obstacles,4,2,272640,1749,1,420,320,1,2,-3.2099974155426025,0.0,0.0,0.0,0.003968253968253968,0.0,0,0,4,320,-1,-1,-1,0.0
stage1d_single_agent_delivery_obstacles,4,2,272960,1750,1,420,320,1,2,-3.2094857692718506,0.0,0.0,0.0,0.003968253968253968,0.0,0,0,4,320,-1,-1,-1,0.0
stage1d_single_agent_delivery_obstacles,4,2,273280,1751,1,420,320,1,2,-3.2099974155426025,0.0,0.0,0.0,0.003968253968253968,0.0,0,0,4,320,-1,-1,-1,0.0
stage1d_single_agent_delivery_obstacles,4,2,273600,1752,1,420,320,1,2,-3.209932565689087,0.0,0.0,0.0,0.003968253968253968,0.0,0,0,4,320,-1,-1,-1,0.0
stage1d_single_agent_delivery_obstacles,4,2,273920,1753,1,420,320,1,2,-3.1999974250793457,0.0,0.0,0.0,0.007936507936507936,0.0,0,0,4,320,-1,-1,-1,0.0
stage1d_single_agent_delivery_obstacles,4,2,274240,1754,1,420,320,1,2,-3.2099974155426025,0.0,0.0,0.0,0.003968253968253968,0.0,0,0,4,320,-1,-1,-1,0.0
stage1d_single_agent_delivery_obstacles,4,2,274560,1755,1,420,320,1,2,-3.2099974155426025,0.0,0.0,0.0,0.003968253968253968,0.0,0,0,4,320,-1,-1,-1,0.0
stage1d_single_agent_delivery_obstacles,4,2,274880,1756,1,420,320,1,2,-3.1999974250793457,0.0,0.0,0.0,0.003968253968253968,0.0,0,0,4,320,-1,-1,-1,0.0
stage1d_single_agent_delivery_obstacles,4,2,275200,1757,1,420,320,1,2,-3.2099974155426025,0.0,0.0,0.0,0.003968253968253968,0.0,0,0,4,320,-1,-1,-1,0.0
stage1d_single_agent_delivery_obstacles,4,2,275520,1758,1,420,320,1,2,-3.2099974155426025,0.0,0.0,0.0,0.003968253968253968,0.0,0,0,4,320,-1,-1,-1,0.0
stage1d_single_agent_delivery_obstacles,4,2,275840,1759,1,420,320,1,2,-3.2099974155426025,0.0,0.0,0.0,0.003968253968253968,0.0,0,0,4,320,-1,-1,-1,0.0
stage1d_single_agent_delivery_obstacles,4,2,276160,1760,1,420,320,1,2,-3.1998562812805176,0.0,0.0,0.0,0.007936507936507936,0.0,0,0,4,320,-1,-1,-1,0.0
stage1d_single_agent_delivery_obstacles,4,2,276480,1761,1,420,320,1,2,-3.2099974155426025,0.0,0.0,0.0,0.003968253968253968,0.0,0,0,4,320,-1,-1,-1,0.0
stage1d_single_agent_delivery_obstacles,4,2,276800,1762,1,420,320,1,2,-3.2099974155426025,0.0,0.0,0.0,0.003968253968253968,0.0,0,0,4,320,-1,-1,-1,0.0
stage1d_single_agent_delivery_obstacles,4,2,277120,1763,1,420,320,1,2,-3.2099974155426025,0.0,0.0,0.0,0.003968253968253968,0.0,0,0,4,320,-1,-1,-1,0.0
stage1d_single_agent_delivery_obstacles,4,2,277440,1764,1,420,320,1,2,-3.20957350730896,0.0,0.0,0.0,0.003968253968253968,0.0,0,0,4,320,-1,-1,-1,0.0
stage1d_single_agent_delivery_obstacles,4,2,277760,1765,1,420,320,1,2,-3.1999974250793457,0.0,0.0,0.0,0.003968253968253968,0.0,0,0,4,320,-1,-1,-1,0.0
stage1d_single_agent_delivery_obstacles,4,2,278080,1766,1,420,320,1,2,-3.209503173828125,0.0,0.0,0.0,0.003968253968253968,0.0,0,0,4,320,-1,-1,-1,0.0
stage1d_single_agent_delivery_obstacles,4,2,278400,1767,1,420,320,1,2,-3.2099974155426025,0.0,0.0,0.0,0.003968253968253968,0.0,0,0,4,320,-1,-1,-1,0.0
stage1d_single_agent_delivery_obstacles,4,2,278720,1768,1,420,320,1,2,-3.209804058074951,0.0,0.0,0.0,0.003968253968253968,0.0,0,0,4,320,-1,-1,-1,0.0
stage1d_single_agent_delivery_obstacles,4,2,279040,1769,1,420,320,1,2,-3.1999974250793457,0.0,0.0,0.0,0.003968253968253968,0.0,0,0,4,320,-1,-1,-1,0.0
stage1d_single_agent_delivery_obstacles,4,2,279360,1770,1,420,320,1,2,-3.2096238136291504,0.0,0.0,0.0,0.003968253968253968,0.0,0,0,4,320,-1,-1,-1,0.0
stage1d_single_agent_delivery_obstacles,4,2,279680,1771,1,420,320,1,2,-3.219545841217041,0.0,0.0,0.0,0.003968253968253968,0.0,0,0,4,320,-1,-1,-1,0.0
stage1d_single_agent_delivery_obstacles,4,2,280000,1772,1,420,320,1,2,-3.2199974060058594,0.0,0.0,0.0,0.003968253968253968,0.0,0,0,4,320,-1,-1,-1,0.0
stage1d_single_agent_delivery_obstacles,4,2,280320,1773,1,420,320,1,2,-3.2099974155426025,0.0,0.0,0.0,0.003968253968253968,0.0,0,0,4,320,-1,-1,-1,0.0
stage1d_single_agent_delivery_obstacles,4,2,280640,1774,1,420,320,1,2,-3.2199974060058594,0.0,0.0,0.0,0.003968253968253968,0.0,0,0,4,320,-1,-1,-1,0.0
stage1d_single_agent_delivery_obstacles,4,2,280960,1775,1,420,320,1,2,-3.0498318672180176,0.0,0.0,0.0,0.011904761904761904,0.0,0,0,4,320,-1,-1,-1,0.0
stage1d_single_agent_delivery_obstacles,4,2,281280,1776,1,420,320,1,2,-3.1798794269561768,0.0,0.0,0.0,0.023809523809523808,0.0,0,0,4,320,-1,-1,-1,0.0
stage1d_single_agent_delivery_obstacles,4,2,281600,1777,1,420,320,1,2,-4.7200140953063965,0.0,0.0,0.0,0.007936507936507936,0.0,0,0,4,320,-1,-1,-1,0.0
stage1d_single_agent_delivery_obstacles,4,2,281920,1778,1,420,320,1,2,-4.670012950897217,0.0,0.0,0.0,0.031746031746031744,0.0,0,0,4,320,-1,-1,-1,0.0
stage1d_single_agent_delivery_obstacles,4,2,282240,1779,1,420,320,1,2,-28.289989471435547,2.0,2.0,0.0,0.15873015873015872,0.0,0,0,2,320,7,-1,-1,0.0
stage1d_single_agent_delivery_obstacles,4,2,282560,1780,1,420,320,1,2,-25.550092697143555,0.0,0.0,0.0,0.06349206349206349,0.0,0,0,4,320,-1,-1,-1,0.0
stage1d_single_agent_delivery_obstacles,4,2,282880,1781,1,420,320,1,2,-12.571168899536133,0.0,0.0,0.0,0.031746031746031744,0.0,0,0,4,320,-1,-1,-1,0.0
stage1d_single_agent_delivery_obstacles,4,2,283200,1782,1,420,320,1,2,-4.790015697479248,0.0,0.0,0.0,0.003968253968253968,0.0,0,0,4,320,-1,-1,-1,0.0
stage1d_single_agent_delivery_obstacles,4,2,283520,1783,1,420,320,1,2,-3.4257586002349854,0.0,0.0,0.0,0.015873015873015872,0.0,0,0,4,320,-1,-1,-1,0.0
stage1d_single_agent_delivery_obstacles,4,2,283840,1784,1,420,320,1,2,-3.239997386932373,0.0,0.0,0.0,0.003968253968253968,0.0,0,0,4,320,-1,-1,-1,0.0
stage1d_single_agent_delivery_obstacles,4,2,284160,1785,1,420,320,1,2,-3.4099972248077393,0.0,0.0,0.0,0.011904761904761904,0.0,0,0,4,320,-1,-1,-1,0.0
stage1d_single_agent_delivery_obstacles,4,2,284480,1786,1,420,320,1,2,-3.014451503753662,0.0,0.0,0.0,0.011904761904761904,0.0,0,0,4,320,-1,-1,-1,0.0
stage1d_single_agent_delivery_obstacles,4,2,284800,1787,1,420,320,1,2,-3.5556302070617676,0.0,0.0,0.0,0.023809523809523808,0.0,0,0,4,320,-1,-1,-1,0.0
stage1d_single_agent_delivery_obstacles,4,2,285120,1788,1,420,320,1,2,-3.239969491958618,0.0,0.0,0.0,0.003968253968253968,0.0,0,0,4,320,-1,-1,-1,0.0
stage1d_single_agent_delivery_obstacles,4,2,285440,1789,1,420,320,1,2,-3.6457180976867676,0.0,0.0,0.0,0.023809523809523808,0.0,0,0,4,320,-1,-1,-1,0.0
stage1d_single_agent_delivery_obstacles,4,2,285760,1790,1,420,320,1,2,-3.239997386932373,0.0,0.0,0.0,0.011904761904761904,0.0,0,0,4,320,-1,-1,-1,0.0
stage1d_single_agent_delivery_obstacles,4,2,286080,1791,1,420,320,1,2,-3.2199974060058594,0.0,0.0,0.0,0.003968253968253968,0.0,0,0,4,320,-1,-1,-1,0.0
stage1d_single_agent_delivery_obstacles,4,2,286400,1792,1,420,320,1,2,-3.309997081756592,0.0,0.0,0.0,0.015873015873015872,0.0,0,0,4,320,-1,-1,-1,0.0
stage1d_single_agent_delivery_obstacles,4,2,286720,1793,1,420,320,1,2,-3.3499972820281982,0.0,0.0,0.0,0.007936507936507936,0.0,0,0,4,320,-1,-1,-1,0.0
stage1d_single_agent_delivery_obstacles,4,2,287040,1794,1,420,320,1,2,-3.2699973583221436,0.0,0.0,0.0,0.003968253968253968,0.0,0,0,4,320,-1,-1,-1,0.0
stage1d_single_agent_delivery_obstacles,4,2,287360,1795,1,420,320,1,2,-3.196805000305176,0.0,0.0,0.0,0.007936507936507936,0.0,0,0,4,320,-1,-1,-1,0.0
stage1d_single_agent_delivery_obstacles,4,2,287680,1796,1,420,320,1,2,-3.2099974155426025,0.0,0.0,0.0,0.003968253968253968,0.0,0,0,4,320,-1,-1,-1,0.0
stage1d_single_agent_delivery_obstacles,4,2,288000,1797,1,420,320,1,2,-4.7100138664245605,0.0,0.0,0.0,0.003968253968253968,0.0,0,0,4,320,-1,-1,-1,0.0
stage1d_single_agent_delivery_obstacles,4,2,288320,1798,1,420,320,1,2,-3.207871913909912,0.0,0.0,0.0,0.003968253968253968,0.0,0,0,4,320,-1,-1,-1,0.0
stage1d_single_agent_delivery_obstacles,4,2,288640,1799,1,420,320,1,2,-3.2099974155426025,0.0,0.0,0.0,0.003968253968253968,0.0,0,0,4,320,-1,-1,-1,0.0
stage1d_single_agent_delivery_obstacles,4,2,288960,1800,1,420,320,1,2,-3.2099974155426025,0.0,0.0,0.0,0.003968253968253968,0.0,0,0,4,320,-1,-1,-1,0.0
stage1d_single_agent_delivery_obstacles,4,2,289280,1801,1,420,320,1,2,-3.2199974060058594,0.0,0.0,0.0,0.007936507936507936,0.0,0,0,4,320,-1,-1,-1,0.0
stage1d_single_agent_delivery_obstacles,4,2,289600,1802,1,420,320,1,2,-3.209947109222412,0.0,0.0,0.0,0.003968253968253968,0.0,0,0,4,320,-1,-1,-1,0.0
stage1d_single_agent_delivery_obstacles,4,2,289920,1803,1,420,320,1,2,-3.1999974250793457,0.0,0.0,0.0,0.007936507936507936,0.0,0,0,4,320,-1,-1,-1,0.0
stage1d_single_agent_delivery_obstacles,4,2,290240,1804,1,420,320,1,2,-3.2099974155426025,0.0,0.0,0.0,0.003968253968253968,0.0,0,0,4,320,-1,-1,-1,0.0
stage1d_single_agent_delivery_obstacles,4,2,290560,1805,1,420,320,1,2,-3.1999974250793457,0.0,0.0,0.0,0.007936507936507936,0.0,0,0,4,320,-1,-1,-1,0.0
stage1d_single_agent_delivery_obstacles,4,2,290880,1806,1,420,320,1,2,-3.2099974155426025,0.0,0.0,0.0,0.003968253968253968,0.0,0,0,4,320,-1,-1,-1,0.0
stage1d_single_agent_delivery_obstacles,4,2,291200,1807,1,420,320,1,2,-4.69689416885376,0.0,0.0,0.0,0.007936507936507936,0.0,0,0,4,320,-1,-1,-1,0.0
stage1d_single_agent_delivery_obstacles,4,2,291520,1808,1,420,320,1,2,-3.189997434616089,0.0,0.0,0.0,0.011904761904761904,0.0,0,0,4,320,-1,-1,-1,0.0
stage1d_single_agent_delivery_obstacles,4,2,291840,1809,1,420,320,1,2,-6.290051460266113,0.0,0.0,0.0,0.011904761904761904,0.0,0,0,4,320,-1,-1,-1,0.0
stage1d_single_agent_delivery_obstacles,4,2,292160,1810,1,420,320,1,2,-3.1999974250793457,0.0,0.0,0.0,0.007936507936507936,0.0,0,0,4,320,-1,-1,-1,0.0
stage1d_single_agent_delivery_obstacles,4,2,292480,1811,1,420,320,1,2,-3.2099974155426025,0.0,0.0,0.0,0.003968253968253968,0.0,0,0,4,320,-1,-1,-1,0.0
stage1d_single_agent_delivery_obstacles,4,2,292800,1812,1,420,320,1,2,-3.179997444152832,0.0,0.0,0.0,0.015873015873015872,0.0,0,0,4,320,-1,-1,-1,0.0
stage1d_single_agent_delivery_obstacles,4,2,293120,1813,1,420,320,1,2,-3.2099974155426025,0.0,0.0,0.0,0.011904761904761904,0.0,0,0,4,320,-1,-1,-1,0.0
stage1d_single_agent_delivery_obstacles,4,2,293440,1814,1,420,320,1,2,-3.189997434616089,0.0,0.0,0.0,0.011904761904761904,0.0,0,0,4,320,-1,-1,-1,0.0
stage1d_single_agent_delivery_obstacles,4,2,293760,1815,1,420,320,1,2,-3.2099974155426025,0.0,0.0,0.0,0.003968253968253968,0.0,0,0,4,320,-1,-1,-1,0.0
stage1d_single_agent_delivery_obstacles,4,2,294080,1816,1,420,320,1,2,-3.1999974250793457,0.0,0.0,0.0,0.007936507936507936,0.0,0,0,4,320,-1,-1,-1,0.0
stage1d_single_agent_delivery_obstacles,4,2,294400,1817,1,420,320,1,2,-3.1999974250793457,0.0,0.0,0.0,0.007936507936507936,0.0,0,0,4,320,-1,-1,-1,0.0
stage1d_single_agent_delivery_obstacles,4,2,294720,1818,1,420,320,1,2,-3.2099974155426025,0.0,0.0,0.0,0.003968253968253968,0.0,0,0,4,320,-1,-1,-1,0.0
stage1d_single_agent_delivery_obstacles,4,2,295040,1819,1,420,320,1,2,-3.2099974155426025,0.0,0.0,0.0,0.003968253968253968,0.0,0,0,4,320,-1,-1,-1,0.0
stage1d_single_agent_delivery_obstacles,4,2,295360,1820,1,420,320,1,2,-3.1999974250793457,0.0,0.0,0.0,0.007936507936507936,0.0,0,0,4,320,-1,-1,-1,0.0
stage1d_single_agent_delivery_obstacles,4,2,295680,1821,1,420,320,1,2,-3.2094180583953857,0.0,0.0,0.0,0.003968253968253968,0.0,0,0,4,320,-1,-1,-1,0.0
stage1d_single_agent_delivery_obstacles,4,2,296000,1822,1,420,320,1,2,-3.1999351978302,0.0,0.0,0.0,0.007936507936507936,0.0,0,0,4,320,-1,-1,-1,0.0
stage1d_single_agent_delivery_obstacles,4,2,296320,1823,1,420,320,1,2,-3.2099974155426025,0.0,0.0,0.0,0.003968253968253968,0.0,0,0,4,320,-1,-1,-1,0.0
stage1d_single_agent_delivery_obstacles,4,2,296640,1824,1,420,320,1,2,-3.2099974155426025,0.0,0.0,0.0,0.003968253968253968,0.0,0,0,4,320,-1,-1,-1,0.0
stage1d_single_agent_delivery_obstacles,4,2,296960,1825,1,420,320,1,2,-3.2099974155426025,0.0,0.0,0.0,0.003968253968253968,0.0,0,0,4,320,-1,-1,-1,0.0
stage1d_single_agent_delivery_obstacles,4,2,297280,1826,1,420,320,1,2,-3.2099974155426025,0.0,0.0,0.0,0.003968253968253968,0.0,0,0,4,320,-1,-1,-1,0.0
stage1d_single_agent_delivery_obstacles,4,2,297600,1827,1,420,320,1,2,-3.1999974250793457,0.0,0.0,0.0,0.007936507936507936,0.0,0,0,4,320,-1,-1,-1,0.0
stage1d_single_agent_delivery_obstacles,4,2,297920,1828,1,420,320,1,2,-3.2099974155426025,0.0,0.0,0.0,0.003968253968253968,0.0,0,0,4,320,-1,-1,-1,0.0
stage1d_single_agent_delivery_obstacles,4,2,298240,1829,1,420,320,1,2,-3.1999974250793457,0.0,0.0,0.0,0.007936507936507936,0.0,0,0,4,320,-1,-1,-1,0.0
stage1d_single_agent_delivery_obstacles,4,2,298560,1830,1,420,320,1,2,-3.209798812866211,0.0,0.0,0.0,0.003968253968253968,0.0,0,0,4,320,-1,-1,-1,0.0
stage1d_single_agent_delivery_obstacles,4,2,298880,1831,1,420,320,1,2,-3.198241710662842,0.0,0.0,0.0,0.007936507936507936,0.0,0,0,4,320,-1,-1,-1,0.0
stage1d_single_agent_delivery_obstacles,4,2,299200,1832,1,420,320,1,2,-3.2099974155426025,0.0,0.0,0.0,0.003968253968253968,0.0,0,0,4,320,-1,-1,-1,0.0
stage1d_single_agent_delivery_obstacles,4,2,299520,1833,1,420,320,1,2,-3.2097949981689453,0.0,0.0,0.0,0.003968253968253968,0.0,0,0,4,320,-1,-1,-1,0.0
stage1d_single_agent_delivery_obstacles,4,2,299840,1834,1,420,320,1,2,-3.1999974250793457,0.0,0.0,0.0,0.007936507936507936,0.0,0,0,4,320,-1,-1,-1,0.0
stage2a_small_swarm_medium,5,1,301260,1835,3,700,500,2,4,-4.196404933929443,0.0,0.0,0.0,0.011111111111111112,0.0,0,0,8,420,-1,-1,-1,0.0
stage2a_small_swarm_medium,5,1,302520,1836,3,700,500,2,4,-4.210001468658447,0.0,0.0,0.0,0.004761904761904762,0.0,0,0,8,420,-1,-1,-1,0.0
stage2a_small_swarm_medium,5,1,303780,1837,3,700,500,2,4,-4.196264266967773,0.0,0.0,0.0,0.011111111111111112,0.0,0,0,8,420,-1,-1,-1,0.0
stage2a_small_swarm_medium,5,1,305040,1838,3,700,500,2,4,-4.18983793258667,0.0,0.0,0.0,0.012698412698412698,0.0,0,0,8,420,-1,-1,-1,0.0
stage2a_small_swarm_medium,5,1,306300,1839,3,700,500,2,4,-4.206667900085449,0.0,0.0,0.0,0.006349206349206349,0.0,0,0,8,420,-1,-1,-1,0.0
stage2a_small_swarm_medium,5,1,307560,1840,3,700,500,2,4,-4.199476718902588,0.0,0.0,0.0,0.009523809523809525,0.0,0,0,8,420,-1,-1,-1,0.0
stage2a_small_swarm_medium,5,1,308820,1841,3,700,500,2,4,-4.1454386711120605,0.0,0.0,0.0,0.014285714285714285,0.0,0,0,8,420,-1,-1,-1,0.0
stage2a_small_swarm_medium,5,1,310080,1842,3,700,500,2,4,-4.1966681480407715,0.0,0.0,0.0,0.009523809523809525,0.0,0,0,8,420,-1,-1,-1,0.0
stage2a_small_swarm_medium,5,1,311340,1843,3,700,500,2,4,-4.19645357131958,0.0,0.0,0.0,0.007936507936507936,0.0,0,0,8,420,-1,-1,-1,0.0
stage2a_small_swarm_medium,5,1,312600,1844,3,700,500,2,4,-4.190001010894775,0.0,0.0,0.0,0.014285714285714285,0.0,0,0,8,420,-1,-1,-1,0.0
stage2a_small_swarm_medium,5,1,313860,1845,3,700,500,2,4,-4.703346252441406,0.0,0.0,0.0,0.011111111111111112,0.0,0,0,8,420,-1,-1,-1,0.0
stage2a_small_swarm_medium,5,1,315120,1846,3,700,500,2,4,-4.63958740234375,0.0,0.0,0.0,0.014285714285714285,0.0,0,0,8,420,-1,-1,-1,0.0
stage2a_small_swarm_medium,5,1,316380,1847,3,700,500,2,4,3.802156448364258,4.0,4.0,0.0,0.011111111111111112,0.0,0,0,4,420,5,-1,-1,0.0
stage2a_small_swarm_medium,5,1,317640,1848,3,700,500,2,4,-4.178951740264893,0.0,0.0,0.0,0.01904761904761905,0.0,0,0,8,420,-1,-1,-1,0.0
stage2a_small_swarm_medium,5,1,318900,1849,3,700,500,2,4,-4.608154296875,0.0,0.0,0.0,0.02857142857142857,0.0,0,0,8,420,-1,-1,-1,0.0
stage2a_small_swarm_medium,5,1,320160,1850,3,700,500,2,4,-4.199329853057861,0.0,0.0,0.0,0.009523809523809525,0.0,0,0,8,420,-1,-1,-1,0.0
stage2a_small_swarm_medium,5,1,321420,1851,3,700,500,2,4,-4.1800007820129395,0.0,0.0,0.0,0.01904761904761905,0.0,0,0,8,420,-1,-1,-1,0.0
stage2a_small_swarm_medium,5,1,322680,1852,3,700,500,2,4,-4.108016490936279,0.0,0.0,0.0,0.02857142857142857,0.0,0,0,8,420,-1,-1,-1,0.0
stage2a_small_swarm_medium,5,1,323940,1853,3,700,500,2,4,-4.6766791343688965,0.0,0.0,0.0,0.020634920634920634,0.0,0,0,8,420,-1,-1,-1,0.0
stage2a_small_swarm_medium,5,1,325200,1854,3,700,500,2,4,-4.1853556632995605,0.0,0.0,0.0,0.015873015873015872,0.0,0,0,8,420,-1,-1,-1,0.0
stage2a_small_swarm_medium,5,1,326460,1855,3,700,500,2,4,-4.14215612411499,0.0,0.0,0.0,0.03650793650793651,0.0,0,0,8,420,-1,-1,-1,0.0
stage2a_small_swarm_medium,5,1,327720,1856,3,700,500,2,4,-4.056885242462158,0.0,0.0,0.0,0.03015873015873016,0.0,0,0,8,420,-1,-1,-1,0.0
stage2a_small_swarm_medium,5,1,328980,1857,3,700,500,2,4,-4.183187007904053,0.0,0.0,0.0,0.03015873015873016,0.0,0,0,8,420,-1,-1,-1,0.0
stage2a_small_swarm_medium,5,1,330240,1858,3,700,500,2,4,-5.13002347946167,0.0,0.0,0.0,0.04285714285714286,0.0,0,0,8,420,-1,-1,-1,0.0
stage2a_small_swarm_medium,5,1,331500,1859,3,700,500,2,4,-4.186194896697998,0.0,0.0,0.0,0.014285714285714285,0.0,0,0,8,420,-1,-1,-1,0.0
stage2a_small_swarm_medium,5,1,332760,1860,3,700,500,2,4,-4.7033467292785645,0.0,0.0,0.0,0.007936507936507936,0.0,0,0,8,420,-1,-1,-1,0.0
stage2a_small_swarm_medium,5,1,334020,1861,3,700,500,2,4,-4.203334808349609,0.0,0.0,0.0,0.007936507936507936,0.0,0,0,8,420,-1,-1,-1,0.0
stage2a_small_swarm_medium,5,1,335280,1862,3,700,500,2,4,-4.1993842124938965,0.0,0.0,0.0,0.007936507936507936,0.0,0,0,8,420,-1,-1,-1,0.0
stage2a_small_swarm_medium,5,1,336540,1863,3,700,500,2,4,-4.6933465003967285,0.0,0.0,0.0,0.012698412698412698,0.0,0,0,8,420,-1,-1,-1,0.0
stage2a_small_swarm_medium,5,1,337800,1864,3,700,500,2,4,-4.199479579925537,0.0,0.0,0.0,0.009523809523809525,0.0,0,0,8,420,-1,-1,-1,0.0
stage2a_small_swarm_medium,5,1,339060,1865,3,700,500,2,4,-5.196101665496826,0.0,0.0,0.0,0.011111111111111112,0.0,0,0,8,420,-1,-1,-1,0.0
stage2a_small_swarm_medium,5,1,340320,1866,3,700,500,2,4,-4.136123180389404,0.0,0.0,0.0,0.015873015873015872,0.0,0,0,8,420,-1,-1,-1,0.0
stage2a_small_swarm_medium,5,1,341580,1867,3,700,500,2,4,-4.203334808349609,0.0,0.0,0.0,0.007936507936507936,0.0,0,0,8,420,-1,-1,-1,0.0
stage2a_small_swarm_medium,5,1,342840,1868,3,700,500,2,4,-4.197759628295898,0.0,0.0,0.0,0.009523809523809525,0.0,0,0,8,420,-1,-1,-1,0.0
stage2a_small_swarm_medium,5,1,344100,1869,3,700,500,2,4,-4.193334579467773,0.0,0.0,0.0,0.012698412698412698,0.0,0,0,8,420,-1,-1,-1,0.0
stage2a_small_swarm_medium,5,1,345360,1870,3,700,500,2,4,-4.1966681480407715,0.0,0.0,0.0,0.014285714285714285,0.0,0,0,8,420,-1,-1,-1,0.0
stage2a_small_swarm_medium,5,1,346620,1871,3,700,500,2,4,-4.200001239776611,0.0,0.0,0.0,0.009523809523809525,0.0,0,0,8,420,-1,-1,-1,0.0
stage2a_small_swarm_medium,5,1,347880,1872,3,700,500,2,4,-4.203334808349609,0.0,0.0,0.0,0.007936507936507936,0.0,0,0,8,420,-1,-1,-1,0.0
stage2a_small_swarm_medium,5,1,349140,1873,3,700,500,2,4,-4.710012912750244,0.0,0.0,0.0,0.004761904761904762,0.0,0,0,8,420,-1,-1,-1,0.0
stage2a_small_swarm_medium,5,1,350400,1874,3,700,500,2,4,-4.190001010894775,0.0,0.0,0.0,0.014285714285714285,0.0,0,0,8,420,-1,-1,-1,0.0
stage2a_small_swarm_medium,5,1,351660,1875,3,700,500,2,4,-4.200001239776611,0.0,0.0,0.0,0.009523809523809525,0.0,0,0,8,420,-1,-1,-1,0.0
stage2a_small_swarm_medium,5,1,352920,1876,3,700,500,2,4,-4.206667900085449,0.0,0.0,0.0,0.006349206349206349,0.0,0,0,8,420,-1,-1,-1,0.0
stage2a_small_swarm_medium,5,1,354180,1877,3,700,500,2,4,-4.196521282196045,0.0,0.0,0.0,0.011111111111111112,0.0,0,0,8,420,-1,-1,-1,0.0
stage2a_small_swarm_medium,5,1,355440,1878,3,700,500,2,4,-4.198456287384033,0.0,0.0,0.0,0.012698412698412698,0.0,0,0,8,420,-1,-1,-1,0.0
stage2a_small_swarm_medium,5,1,356700,1879,3,700,500,2,4,-4.7033467292785645,0.0,0.0,0.0,0.007936507936507936,0.0,0,0,8,420,-1,-1,-1,0.0
stage2a_small_swarm_medium,5,1,357960,1880,3,700,500,2,4,-4.203334808349609,0.0,0.0,0.0,0.007936507936507936,0.0,0,0,8,420,-1,-1,-1,0.0
stage2a_small_swarm_medium,5,1,359220,1881,3,700,500,2,4,-4.203334808349609,0.0,0.0,0.0,0.007936507936507936,0.0,0,0,8,420,-1,-1,-1,0.0
stage2a_small_swarm_medium,5,2,361260,1882,3,700,500,2,4,-4.197969913482666,0.0,0.0,0.0,0.009523809523809525,0.0,0,0,8,420,-1,-1,-1,0.0
stage2a_small_swarm_medium,5,2,362520,1883,3,700,500,2,4,-4.209780216217041,0.0,0.0,0.0,0.004761904761904762,0.0,0,0,8,420,-1,-1,-1,0.0
stage2a_small_swarm_medium,5,2,363780,1884,3,700,500,2,4,-4.141267776489258,0.0,0.0,0.0,0.01746031746031746,0.0,0,0,8,420,-1,-1,-1,0.0
stage2a_small_swarm_medium,5,2,365040,1885,3,700,500,2,4,-4.206667900085449,0.0,0.0,0.0,0.006349206349206349,0.0,0,0,8,420,-1,-1,-1,0.0
stage2a_small_swarm_medium,5,2,366300,1886,3,700,500,2,4,-4.206667900085449,0.0,0.0,0.0,0.006349206349206349,0.0,0,0,8,420,-1,-1,-1,0.0
stage2a_small_swarm_medium,5,2,367560,1887,3,700,500,2,4,-4.6996169090271,0.0,0.0,0.0,0.009523809523809525,0.0,0,0,8,420,-1,-1,-1,0.0
stage2a_small_swarm_medium,5,2,368820,1888,3,700,500,2,4,-4.186667442321777,0.0,0.0,0.0,0.015873015873015872,0.0,0,0,8,420,-1,-1,-1,0.0
stage2a_small_swarm_medium,5,2,370080,1889,3,700,500,2,4,-4.190001010894775,0.0,0.0,0.0,0.014285714285714285,0.0,0,0,8,420,-1,-1,-1,0.0
stage2a_small_swarm_medium,5,2,371340,1890,3,700,500,2,4,-4.190001010894775,0.0,0.0,0.0,0.014285714285714285,0.0,0,0,8,420,-1,-1,-1,0.0
stage2a_small_swarm_medium,5,2,372600,1891,3,700,500,2,4,-4.040746688842773,0.0,0.0,0.0,0.03492063492063492,0.0,0,0,8,420,-1,-1,-1,0.0
stage2a_small_swarm_medium,5,2,373860,1892,3,700,500,2,4,-4.129775524139404,0.0,0.0,0.0,0.03015873015873016,0.0,0,0,8,420,-1,-1,-1,0.0
stage2a_small_swarm_medium,5,2,375120,1893,3,700,500,2,4,-4.196667671203613,0.0,0.0,0.0,0.011111111111111112,0.0,0,0,8,420,-1,-1,-1,0.0
stage2a_small_swarm_medium,5,2,376380,1894,3,700,500,2,4,-5.185329914093018,0.0,0.0,0.0,0.014285714285714285,0.0,0,0,8,420,-1,-1,-1,0.0
stage2a_small_swarm_medium,5,2,377640,1895,3,700,500,2,4,-4.6933465003967285,0.0,0.0,0.0,0.012698412698412698,0.0,0,0,8,420,-1,-1,-1,0.0
stage2a_small_swarm_medium,5,2,378900,1896,3,700,500,2,4,-5.1833577156066895,0.0,0.0,0.0,0.01746031746031746,0.0,0,0,8,420,-1,-1,-1,0.0
stage2a_small_swarm_medium,5,2,380160,1897,3,700,500,2,4,-4.642968654632568,0.0,0.0,0.0,0.011111111111111112,0.0,0,0,8,420,-1,-1,-1,0.0
stage2a_small_swarm_medium,5,2,381420,1898,3,700,500,2,4,-4.196615219116211,0.0,0.0,0.0,0.011111111111111112,0.0,0,0,8,420,-1,-1,-1,0.0
stage2a_small_swarm_medium,5,2,382680,1899,3,700,500,2,4,-4.706679821014404,0.0,0.0,0.0,0.006349206349206349,0.0,0,0,8,420,-1,-1,-1,0.0
stage2a_small_swarm_medium,5,2,383940,1900,3,700,500,2,4,-4.193334579467773,0.0,0.0,0.0,0.012698412698412698,0.0,0,0,8,420,-1,-1,-1,0.0
stage2a_small_swarm_medium,5,2,385200,1901,3,700,500,2,4,-4.151546955108643,0.0,0.0,0.0,0.014285714285714285,0.0,0,0,8,420,-1,-1,-1,0.0
