stage,stage_index,global_step,episode,n_agents,width,height,n_targets,n_obstacles,pheromone_enabled,mean_episode_reward,food_discovered,food_picked_up,food_retrieved,exploration_coverage,pheromone_usage,pheromone_deposit_events,episode_length,first_pickup_step,first_delivery_step,pickup_to_delivery_latency,swarm_efficiency
stage1a_single_agent_tiny,1,120,1,1,100,100,2,0,False,-14.780250549316406,0.0,0.0,0.0,0.44,0.0,0,120,-1,-1,-1,0.0
stage1a_single_agent_tiny,1,240,2,1,100,100,2,0,False,-14.359270095825195,1.0,1.0,0.0,0.32,0.0,0,120,1,-1,-1,0.0
stage1a_single_agent_tiny,1,360,3,1,100,100,2,0,False,2.872581720352173,2.0,2.0,0.0,0.48,0.0,0,120,46,-1,-1,0.0
stage1a_single_agent_tiny,1,480,4,1,100,100,2,0,False,3.290212631225586,2.0,2.0,0.0,0.36,0.0,0,120,83,-1,-1,0.0
stage1a_single_agent_tiny,1,600,5,1,100,100,2,0,False,-22.37517547607422,0.0,0.0,0.0,0.28,0.0,0,120,-1,-1,-1,0.0
stage1a_single_agent_tiny,1,720,6,1,100,100,2,0,False,-9.87402629852295,1.0,1.0,0.0,0.28,0.0,0,120,55,-1,-1,0.0
stage1a_single_agent_tiny,1,840,7,1,100,100,2,0,False,10.517866134643555,2.0,2.0,0.0,0.4,0.0,0,120,76,-1,-1,0.0
stage1a_single_agent_tiny,1,960,8,1,100,100,2,0,False,16.85980987548828,3.0,3.0,0.0,0.4,0.0,0,120,13,-1,-1,0.0
stage1a_single_agent_tiny,1,1080,9,1,100,100,2,0,False,10.891587257385254,3.0,3.0,0.0,0.48,0.0,0,120,12,-1,-1,0.0
stage1a_single_agent_tiny,1,1200,10,1,100,100,2,0,False,-31.50211524963379,0.0,0.0,0.0,0.2,0.0,0,120,-1,-1,-1,0.0
stage1a_single_agent_tiny,1,1320,11,1,100,100,2,0,False,9.581839561462402,3.0,3.0,0.0,0.24,0.0,0,120,7,-1,-1,0.0
stage1a_single_agent_tiny,1,1440,12,1,100,100,2,0,False,-9.907464981079102,1.0,1.0,0.0,0.44,0.0,0,120,101,-1,-1,0.0
stage1a_single_agent_tiny,1,1560,13,1,100,100,2,0,False,20.32926368713379,1.0,1.0,1.0,0.36,0.0,0,120,54,54,0,0.008333333333333333
stage1a_single_agent_tiny,1,1680,14,1,100,100,2,0,False,-11.684122085571289,0.0,0.0,0.0,0.36,0.0,0,120,-1,-1,-1,0.0
stage1a_single_agent_tiny,1,1800,15,1,100,100,2,0,False,-11.2289400100708,1.0,1.0,0.0,0.2,0.0,0,120,11,-1,-1,0.0
stage1a_single_agent_tiny,1,1920,16,1,100,100,2,0,False,-3.60642409324646,1.0,1.0,0.0,0.2,0.0,0,120,12,-1,-1,0.0
stage1a_single_agent_tiny,1,2040,17,1,100,100,2,0,False,-7.127571105957031,0.0,0.0,0.0,0.4,0.0,0,120,-1,-1,-1,0.0
stage1a_single_agent_tiny,1,2160,18,1,100,100,2,0,False,-3.196246385574341,1.0,1.0,0.0,0.4,0.0,0,120,90,-1,-1,0.0
stage1a_single_agent_tiny,1,2280,19,1,100,100,2,0,False,-11.012330055236816,1.0,1.0,0.0,0.36,0.0,0,120,7,-1,-1,0.0
stage1a_single_agent_tiny,1,2400,20,1,100,100,2,0,False,1.313918948173523,2.0,2.0,0.0,0.4,0.0,0,120,27,-1,-1,0.0
stage1a_single_agent_tiny,1,2520,21,1,100,100,2,0,False,-9.158409118652344,2.0,2.0,0.0,0.36,0.0,0,120,77,-1,-1,0.0
stage1a_single_agent_tiny,1,2640,22,1,100,100,2,0,False,-16.256216049194336,0.0,0.0,0.0,0.48,0.0,0,120,-1,-1,-1,0.0
stage1a_single_agent_tiny,1,2760,23,1,100,100,2,0,False,-9.066117286682129,2.0,2.0,0.0,0.32,0.0,0,120,36,-1,-1,0.0
stage1a_single_agent_tiny,1,2880,24,1,100,100,2,0,False,7.94748592376709,3.0,3.0,0.0,0.56,0.0,0,120,92,-1,-1,0.0
stage1a_single_agent_tiny,1,3000,25,1,100,100,2,0,False,32.800052642822266,2.0,2.0,1.0,0.32,0.0,0,120,21,21,0,0.008333333333333333
stage1a_single_agent_tiny,1,3120,26,1,100,100,2,0,False,-1.6357662677764893,2.0,2.0,0.0,0.4,0.0,0,120,102,-1,-1,0.0
stage1a_single_agent_tiny,1,3240,27,1,100,100,2,0,False,-15.338998794555664,2.0,2.0,0.0,0.36,0.0,0,120,74,-1,-1,0.0
stage1a_single_agent_tiny,1,3360,28,1,100,100,2,0,False,-7.8605875968933105,1.0,1.0,0.0,0.4,0.0,0,120,70,-1,-1,0.0
stage1a_single_agent_tiny,1,3480,29,1,100,100,2,0,False,-12.379949569702148,1.0,1.0,0.0,0.56,0.0,0,120,77,-1,-1,0.0
stage1a_single_agent_tiny,1,3600,30,1,100,100,2,0,False,-7.851497173309326,1.0,1.0,0.0,0.32,0.0,0,120,27,-1,-1,0.0
stage1a_single_agent_tiny,1,3720,31,1,100,100,2,0,False,-6.458606243133545,1.0,1.0,0.0,0.44,0.0,0,120,97,-1,-1,0.0
stage1a_single_agent_tiny,1,3840,32,1,100,100,2,0,False,-3.0148844718933105,2.0,2.0,0.0,0.32,0.0,0,120,12,-1,-1,0.0
stage1a_single_agent_tiny,1,3960,33,1,100,100,2,0,False,3.957484245300293,2.0,2.0,0.0,0.28,0.0,0,120,35,-1,-1,0.0
stage1a_single_agent_tiny,1,4080,34,1,100,100,2,0,False,21.978832244873047,4.0,4.0,0.0,0.6,0.0,0,120,3,-1,-1,0.0
stage1a_single_agent_tiny,1,4200,35,1,100,100,2,0,False,14.189083099365234,3.0,3.0,0.0,0.44,0.0,0,120,50,-1,-1,0.0
stage1a_single_agent_tiny,1,4320,36,1,100,100,2,0,False,24.54404640197754,6.0,6.0,0.0,0.52,0.0,0,120,11,-1,-1,0.0
stage1a_single_agent_tiny,1,4440,37,1,100,100,2,0,False,-21.848861694335938,0.0,0.0,0.0,0.4,0.0,0,120,-1,-1,-1,0.0
stage1a_single_agent_tiny,1,4560,38,1,100,100,2,0,False,-9.52238941192627,1.0,1.0,0.0,0.32,0.0,0,120,36,-1,-1,0.0
stage1a_single_agent_tiny,1,4680,39,1,100,100,2,0,False,19.035367965698242,4.0,4.0,0.0,0.4,0.0,0,120,5,-1,-1,0.0
stage1a_single_agent_tiny,1,4800,40,1,100,100,2,0,False,11.091375350952148,3.0,3.0,0.0,0.56,0.0,0,120,10,-1,-1,0.0
stage1a_single_agent_tiny,1,4920,41,1,100,100,2,0,False,-13.16277027130127,0.0,0.0,0.0,0.32,0.0,0,120,-1,-1,-1,0.0
stage1a_single_agent_tiny,1,5040,42,1,100,100,2,0,False,7.9360785484313965,3.0,3.0,0.0,0.52,0.0,0,120,20,-1,-1,0.0
stage1a_single_agent_tiny,1,5160,43,1,100,100,2,0,False,-14.368313789367676,1.0,1.0,0.0,0.32,0.0,0,120,28,-1,-1,0.0
stage1a_single_agent_tiny,1,5280,44,1,100,100,2,0,False,24.222312927246094,5.0,5.0,0.0,0.44,0.0,0,120,15,-1,-1,0.0
stage1a_single_agent_tiny,1,5400,45,1,100,100,2,0,False,6.4285688400268555,3.0,3.0,0.0,0.48,0.0,0,120,82,-1,-1,0.0
stage1a_single_agent_tiny,1,5520,46,1,100,100,2,0,False,-3.0936756134033203,2.0,2.0,0.0,0.44,0.0,0,120,86,-1,-1,0.0
stage1a_single_agent_tiny,1,5640,47,1,100,100,2,0,False,-10.945356369018555,1.0,1.0,0.0,0.48,0.0,0,120,17,-1,-1,0.0
stage1a_single_agent_tiny,1,5760,48,1,100,100,2,0,False,-7.469890117645264,2.0,2.0,0.0,0.48,0.0,0,120,16,-1,-1,0.0
stage1a_single_agent_tiny,1,5880,49,1,100,100,2,0,False,31.72481346130371,6.0,6.0,0.0,0.4,0.0,0,120,62,-1,-1,0.0
stage1a_single_agent_tiny,1,6000,50,1,100,100,2,0,False,-3.3269877433776855,1.0,1.0,0.0,0.48,0.0,0,120,34,-1,-1,0.0
stage1a_single_agent_tiny,1,6120,51,1,100,100,2,0,False,-12.478233337402344,1.0,1.0,0.0,0.4,0.0,0,120,98,-1,-1,0.0
stage1a_single_agent_tiny,1,6240,52,1,100,100,2,0,False,45.840389251708984,4.0,4.0,1.0,0.36,0.0,0,120,27,40,13,0.008333333333333333
stage1a_single_agent_tiny,1,6360,53,1,100,100,2,0,False,-18.419910430908203,0.0,0.0,0.0,0.32,0.0,0,120,-1,-1,-1,0.0
stage1a_single_agent_tiny,1,6480,54,1,100,100,2,0,False,22.23073387145996,1.0,1.0,1.0,0.52,0.0,0,120,28,28,0,0.008333333333333333
stage1a_single_agent_tiny,1,6600,55,1,100,100,2,0,False,13.262742042541504,4.0,4.0,0.0,0.52,0.0,0,120,59,-1,-1,0.0
stage1a_single_agent_tiny,1,6720,56,1,100,100,2,0,False,-16.0288028717041,0.0,0.0,0.0,0.4,0.0,0,120,-1,-1,-1,0.0
stage1a_single_agent_tiny,1,6840,57,1,100,100,2,0,False,16.692293167114258,3.0,3.0,0.0,0.36,0.0,0,120,79,-1,-1,0.0
stage1a_single_agent_tiny,1,6960,58,1,100,100,2,0,False,-4.779400825500488,2.0,2.0,0.0,0.44,0.0,0,120,33,-1,-1,0.0
stage1a_single_agent_tiny,1,7080,59,1,100,100,2,0,False,6.148510456085205,3.0,3.0,0.0,0.32,0.0,0,120,26,-1,-1,0.0
stage1a_single_agent_tiny,1,7200,60,1,100,100,2,0,False,-6.677300453186035,1.0,1.0,0.0,0.28,0.0,0,120,12,-1,-1,0.0
stage1a_single_agent_tiny,1,7320,61,1,100,100,2,0,False,-17.791866302490234,0.0,0.0,0.0,0.4,0.0,0,120,-1,-1,-1,0.0
stage1a_single_agent_tiny,1,7440,62,1,100,100,2,0,False,22.21604347229004,4.0,4.0,0.0,0.52,0.0,0,120,27,-1,-1,0.0
stage1a_single_agent_tiny,1,7560,63,1,100,100,2,0,False,9.576929092407227,3.0,3.0,0.0,0.52,0.0,0,120,9,-1,-1,0.0
stage1a_single_agent_tiny,1,7680,64,1,100,100,2,0,False,5.863818645477295,2.0,2.0,0.0,0.48,0.0,0,120,6,-1,-1,0.0
stage1a_single_agent_tiny,1,7800,65,1,100,100,2,0,False,5.920841217041016,2.0,2.0,0.0,0.52,0.0,0,120,37,-1,-1,0.0
stage1a_single_agent_tiny,1,7920,66,1,100,100,2,0,False,31.66411590576172,2.0,2.0,1.0,0.48,0.0,0,120,79,79,0,0.008333333333333333
stage1a_single_agent_tiny,1,8040,67,1,100,100,2,0,False,-1.4331151247024536,2.0,2.0,0.0,0.56,0.0,0,120,84,-1,-1,0.0
stage1a_single_agent_tiny,1,8160,68,1,100,100,2,0,False,-19.12346839904785,0.0,0.0,0.0,0.44,0.0,0,120,-1,-1,-1,0.0
stage1a_single_agent_tiny,1,8280,69,1,100,100,2,0,False,9.004655838012695,2.0,2.0,0.0,0.36,0.0,0,120,70,-1,-1,0.0
stage1a_single_agent_tiny,1,8400,70,1,100,100,2,0,False,26.662776947021484,5.0,5.0,0.0,0.56,0.0,0,120,19,-1,-1,0.0
stage1a_single_agent_tiny,1,8520,71,1,100,100,2,0,False,6.170914649963379,3.0,3.0,0.0,0.36,0.0,0,120,35,-1,-1,0.0
stage1a_single_agent_tiny,1,8640,72,1,100,100,2,0,False,-20.32630729675293,0.0,0.0,0.0,0.44,0.0,0,120,-1,-1,-1,0.0
stage1a_single_agent_tiny,1,8760,73,1,100,100,2,0,False,2.4916203022003174,1.0,1.0,0.0,0.4,0.0,0,120,41,-1,-1,0.0
stage1a_single_agent_tiny,1,8880,74,1,100,100,2,0,False,-20.411664962768555,0.0,0.0,0.0,0.28,0.0,0,120,-1,-1,-1,0.0
stage1a_single_agent_tiny,1,9000,75,1,100,100,2,0,False,18.982080459594727,4.0,4.0,0.0,0.32,0.0,0,120,19,-1,-1,0.0
stage1a_single_agent_tiny,1,9120,76,1,100,100,2,0,False,15.109766006469727,3.0,3.0,0.0,0.52,0.0,0,120,19,-1,-1,0.0
stage1a_single_agent_tiny,1,9240,77,1,100,100,2,0,False,-9.814776420593262,1.0,1.0,0.0,0.44,0.0,0,120,99,-1,-1,0.0
stage1a_single_agent_tiny,1,9360,78,1,100,100,2,0,False,-10.189253807067871,2.0,2.0,0.0,0.44,0.0,0,120,73,-1,-1,0.0
stage1a_single_agent_tiny,1,9480,79,1,100,100,2,0,False,-25.435056686401367,0.0,0.0,0.0,0.2,0.0,0,120,-1,-1,-1,0.0
stage1a_single_agent_tiny,1,9600,80,1,100,100,2,0,False,-1.223700761795044,2.0,2.0,0.0,0.32,0.0,0,120,58,-1,-1,0.0
stage1a_single_agent_tiny,1,9720,81,1,100,100,2,0,False,30.118894577026367,5.0,5.0,0.0,0.32,0.0,0,120,26,-1,-1,0.0
stage1a_single_agent_tiny,1,9840,82,1,100,100,2,0,False,-11.361964225769043,0.0,0.0,0.0,0.28,0.0,0,120,-1,-1,-1,0.0
stage1a_single_agent_tiny,1,9960,83,1,100,100,2,0,False,-17.659700393676758,0.0,0.0,0.0,0.44,0.0,0,120,-1,-1,-1,0.0
stage1a_single_agent_tiny,1,10080,84,1,100,100,2,0,False,3.0545828342437744,2.0,2.0,0.0,0.44,0.0,0,120,24,-1,-1,0.0
stage1a_single_agent_tiny,1,10200,85,1,100,100,2,0,False,13.83208179473877,3.0,3.0,0.0,0.36,0.0,0,120,48,-1,-1,0.0
stage1a_single_agent_tiny,1,10320,86,1,100,100,2,0,False,45.91707229614258,7.0,7.0,0.0,0.52,0.0,0,120,8,-1,-1,0.0
stage1a_single_agent_tiny,1,10440,87,1,100,100,2,0,False,-16.106367111206055,0.0,0.0,0.0,0.48,0.0,0,120,-1,-1,-1,0.0
stage1a_single_agent_tiny,1,10560,88,1,100,100,2,0,False,-17.475404739379883,0.0,0.0,0.0,0.48,0.0,0,120,-1,-1,-1,0.0
stage1a_single_agent_tiny,1,10680,89,1,100,100,2,0,False,-3.343229293823242,1.0,1.0,0.0,0.36,0.0,0,120,81,-1,-1,0.0
stage1a_single_agent_tiny,1,10800,90,1,100,100,2,0,False,11.208221435546875,4.0,4.0,0.0,0.4,0.0,0,120,49,-1,-1,0.0
stage1a_single_agent_tiny,1,10920,91,1,100,100,2,0,False,31.87187385559082,3.0,3.0,1.0,0.44,0.0,0,120,20,96,76,0.008333333333333333
stage1a_single_agent_tiny,1,11040,92,1,100,100,2,0,False,63.035823822021484,3.0,3.0,2.0,0.44,0.0,0,120,90,113,23,0.016666666666666666
stage1a_single_agent_tiny,1,11160,93,1,100,100,2,0,False,-7.6984076499938965,2.0,2.0,0.0,0.52,0.0,0,120,44,-1,-1,0.0
stage1a_single_agent_tiny,1,11280,94,1,100,100,2,0,False,19.37929916381836,1.0,1.0,1.0,0.52,0.0,0,120,54,54,0,0.008333333333333333
stage1a_single_agent_tiny,1,11400,95,1,100,100,2,0,False,-36.790836334228516,1.0,1.0,0.0,0.4,0.0,0,120,67,-1,-1,0.0
stage1a_single_agent_tiny,1,11520,96,1,100,100,2,0,False,-14.236883163452148,1.0,1.0,0.0,0.48,0.0,0,120,103,-1,-1,0.0
stage1a_single_agent_tiny,1,11640,97,1,100,100,2,0,False,-35.69964599609375,0.0,0.0,0.0,0.32,0.0,0,120,-1,-1,-1,0.0
stage1a_single_agent_tiny,1,11760,98,1,100,100,2,0,False,10.995085716247559,3.0,3.0,0.0,0.44,0.0,0,120,4,-1,-1,0.0
stage1a_single_agent_tiny,1,11880,99,1,100,100,2,0,False,-0.3235321640968323,2.0,2.0,0.0,0.4,0.0,0,120,68,-1,-1,0.0
stage1a_single_agent_tiny,1,12000,100,1,100,100,2,0,False,-0.17023220658302307,2.0,2.0,0.0,0.36,0.0,0,120,37,-1,-1,0.0
stage1a_single_agent_tiny,1,12120,101,1,100,100,2,0,False,10.65311336517334,3.0,3.0,0.0,0.36,0.0,0,120,34,-1,-1,0.0
stage1a_single_agent_tiny,1,12240,102,1,100,100,2,0,False,46.33059310913086,4.0,4.0,1.0,0.44,0.0,0,120,31,75,44,0.008333333333333333
stage1a_single_agent_tiny,1,12360,103,1,100,100,2,0,False,-11.534273147583008,0.0,0.0,0.0,0.32,0.0,0,120,-1,-1,-1,0.0
stage1a_single_agent_tiny,1,12480,104,1,100,100,2,0,False,-19.16712760925293,0.0,0.0,0.0,0.44,0.0,0,120,-1,-1,-1,0.0
stage1a_single_agent_tiny,1,12600,105,1,100,100,2,0,False,10.580551147460938,2.0,2.0,0.0,0.52,0.0,0,120,52,-1,-1,0.0
stage1a_single_agent_tiny,1,12720,106,1,100,100,2,0,False,-0.04952738806605339,2.0,2.0,0.0,0.32,0.0,0,120,49,-1,-1,0.0
stage1a_single_agent_tiny,1,12840,107,1,100,100,2,0,False,6.284961700439453,3.0,3.0,0.0,0.52,0.0,0,120,90,-1,-1,0.0
stage1a_single_agent_tiny,1,12960,108,1,100,100,2,0,False,-3.4757039546966553,1.0,1.0,0.0,0.44,0.0,0,120,75,-1,-1,0.0
stage1a_single_agent_tiny,1,13080,109,1,100,100,2,0,False,42.37430953979492,3.0,3.0,1.0,0.4,0.0,0,120,93,117,24,0.008333333333333333
stage1a_single_agent_tiny,1,13200,110,1,100,100,2,0,False,2.8638672828674316,2.0,2.0,0.0,0.44,0.0,0,120,79,-1,-1,0.0
stage1a_single_agent_tiny,1,13320,111,1,100,100,2,0,False,9.43282413482666,3.0,3.0,0.0,0.52,0.0,0,120,44,-1,-1,0.0
stage1a_single_agent_tiny,1,13440,112,1,100,100,2,0,False,-1.5971639156341553,2.0,2.0,0.0,0.52,0.0,0,120,25,-1,-1,0.0
stage1a_single_agent_tiny,1,13560,113,1,100,100,2,0,False,-10.785985946655273,1.0,1.0,0.0,0.52,0.0,0,120,42,-1,-1,0.0
stage1a_single_agent_tiny,1,13680,114,1,100,100,2,0,False,-6.472446441650391,1.0,1.0,0.0,0.48,0.0,0,120,62,-1,-1,0.0
stage1a_single_agent_tiny,1,13800,115,1,100,100,2,0,False,8.856423377990723,2.0,2.0,0.0,0.4,0.0,0,120,93,-1,-1,0.0
stage1a_single_agent_tiny,1,13920,116,1,100,100,2,0,False,7.723303318023682,3.0,3.0,0.0,0.4,0.0,0,120,64,-1,-1,0.0
stage1a_single_agent_tiny,1,14040,117,1,100,100,2,0,False,-22.33136749267578,0.0,0.0,0.0,0.36,0.0,0,120,-1,-1,-1,0.0
stage1a_single_agent_tiny,1,14160,118,1,100,100,2,0,False,-0.572848379611969,1.0,1.0,0.0,0.2,0.0,0,120,103,-1,-1,0.0
stage1a_single_agent_tiny,1,14280,119,1,100,100,2,0,False,9.233646392822266,3.0,3.0,0.0,0.44,0.0,0,120,47,-1,-1,0.0
stage1a_single_agent_tiny,1,14400,120,1,100,100,2,0,False,-13.15493106842041,0.0,0.0,0.0,0.36,0.0,0,120,-1,-1,-1,0.0
stage1a_single_agent_tiny,1,14520,121,1,100,100,2,0,False,10.822113037109375,3.0,3.0,0.0,0.32,0.0,0,120,71,-1,-1,0.0
stage1a_single_agent_tiny,1,14640,122,1,100,100,2,0,False,24.912738800048828,4.0,4.0,0.0,0.44,0.0,0,120,6,-1,-1,0.0
stage1a_single_agent_tiny,1,14760,123,1,100,100,2,0,False,-7.144494533538818,0.0,0.0,0.0,0.4,0.0,0,120,-1,-1,-1,0.0
stage1a_single_agent_tiny,1,14880,124,1,100,100,2,0,False,8.544145584106445,2.0,2.0,0.0,0.4,0.0,0,120,50,-1,-1,0.0
stage1a_single_agent_tiny,1,15000,125,1,100,100,2,0,False,7.561642646789551,3.0,3.0,0.0,0.44,0.0,0,120,93,-1,-1,0.0
stage1a_single_agent_tiny,1,15120,126,1,100,100,2,0,False,4.254830837249756,2.0,2.0,0.0,0.24,0.0,0,120,44,-1,-1,0.0
stage1a_single_agent_tiny,1,15240,127,1,100,100,2,0,False,3.055032253265381,2.0,2.0,0.0,0.48,0.0,0,120,43,-1,-1,0.0
stage1a_single_agent_tiny,1,15360,128,1,100,100,2,0,False,13.510746002197266,2.0,2.0,0.0,0.4,0.0,0,120,55,-1,-1,0.0
stage1a_single_agent_tiny,1,15480,129,1,100,100,2,0,False,-16.14715003967285,0.0,0.0,0.0,0.4,0.0,0,120,-1,-1,-1,0.0
stage1a_single_agent_tiny,1,15600,130,1,100,100,2,0,False,-15.990781784057617,0.0,0.0,0.0,0.4,0.0,0,120,-1,-1,-1,0.0
stage1a_single_agent_tiny,1,15720,131,1,100,100,2,0,False,-6.302040100097656,1.0,1.0,0.0,0.52,0.0,0,120,72,-1,-1,0.0
stage1a_single_agent_tiny,1,15840,132,1,100,100,2,0,False,7.932711601257324,2.0,2.0,0.0,0.6,0.0,0,120,32,-1,-1,0.0
stage1a_single_agent_tiny,1,15960,133,1,100,100,2,0,False,-4.694408893585205,2.0,2.0,0.0,0.32,0.0,0,120,40,-1,-1,0.0
stage1a_single_agent_tiny,1,16080,134,1,100,100,2,0,False,19.265338897705078,4.0,4.0,0.0,0.48,0.0,0,120,57,-1,-1,0.0
stage1a_single_agent_tiny,1,16200,135,1,100,100,2,0,False,-12.42658805847168,1.0,1.0,0.0,0.52,0.0,0,120,60,-1,-1,0.0
stage1a_single_agent_tiny,1,16320,136,1,100,100,2,0,False,6.008534908294678,2.0,2.0,0.0,0.44,0.0,0,120,10,-1,-1,0.0
stage1a_single_agent_tiny,1,16440,137,1,100,100,2,0,False,9.932921409606934,2.0,2.0,0.0,0.4,0.0,0,120,15,-1,-1,0.0
stage1a_single_agent_tiny,1,16560,138,1,100,100,2,0,False,13.20859146118164,4.0,4.0,0.0,0.44,0.0,0,120,3,-1,-1,0.0
stage1a_single_agent_tiny,1,16680,139,1,100,100,2,0,False,17.071292877197266,3.0,3.0,0.0,0.48,0.0,0,120,3,-1,-1,0.0
stage1a_single_agent_tiny,1,16800,140,1,100,100,2,0,False,9.234894752502441,2.0,2.0,0.0,0.52,0.0,0,120,103,-1,-1,0.0
stage1a_single_agent_tiny,1,16920,141,1,100,100,2,0,False,107.6106948852539,7.0,7.0,2.0,0.48,0.0,0,120,27,87,60,0.016666666666666666
stage1a_single_agent_tiny,1,17040,142,1,100,100,2,0,False,12.03683090209961,2.0,2.0,0.0,0.44,0.0,0,120,6,-1,-1,0.0
stage1a_single_agent_tiny,1,17160,143,1,100,100,2,0,False,7.101524353027344,2.0,2.0,0.0,0.52,0.0,0,120,16,-1,-1,0.0
stage1a_single_agent_tiny,1,17280,144,1,100,100,2,0,False,0.8258969187736511,1.0,1.0,0.0,0.36,0.0,0,120,12,-1,-1,0.0
stage1a_single_agent_tiny,1,17400,145,1,100,100,2,0,False,-3.812972068786621,0.0,0.0,0.0,0.44,0.0,0,120,-1,-1,-1,0.0
stage1a_single_agent_tiny,1,17520,146,1,100,100,2,0,False,14.134252548217773,3.0,3.0,0.0,0.48,0.0,0,120,61,-1,-1,0.0
stage1a_single_agent_tiny,1,17640,147,1,100,100,2,0,False,36.660770416259766,6.0,6.0,0.0,0.52,0.0,0,120,7,-1,-1,0.0
stage1a_single_agent_tiny,1,17760,148,1,100,100,2,0,False,26.739482879638672,4.0,4.0,0.0,0.52,0.0,0,120,10,-1,-1,0.0
stage1a_single_agent_tiny,1,17880,149,1,100,100,2,0,False,6.246488571166992,2.0,2.0,0.0,0.44,0.0,0,120,41,-1,-1,0.0
stage1a_single_agent_tiny,1,18000,150,1,100,100,2,0,False,48.2817497253418,3.0,3.0,1.0,0.44,0.0,0,120,61,111,50,0.008333333333333333
stage1a_single_agent_tiny,1,18120,151,1,100,100,2,0,False,34.79705810546875,3.0,3.0,1.0,0.52,0.0,0,120,78,94,16,0.008333333333333333
stage1a_single_agent_tiny,1,18240,152,1,100,100,2,0,False,33.314300537109375,2.0,2.0,1.0,0.56,0.0,0,120,42,118,76,0.008333333333333333
stage1a_single_agent_tiny,1,18360,153,1,100,100,2,0,False,9.88261890411377,3.0,3.0,0.0,0.44,0.0,0,120,13,-1,-1,0.0
stage1a_single_agent_tiny,1,18480,154,1,100,100,2,0,False,29.949054718017578,5.0,5.0,0.0,0.52,0.0,0,120,15,-1,-1,0.0
stage1a_single_agent_tiny,1,18600,155,1,100,100,2,0,False,6.2731475830078125,2.0,2.0,0.0,0.56,0.0,0,120,46,-1,-1,0.0
stage1a_single_agent_tiny,1,18720,156,1,100,100,2,0,False,11.848770141601562,4.0,4.0,0.0,0.52,0.0,0,120,60,-1,-1,0.0
stage1a_single_agent_tiny,1,18840,157,1,100,100,2,0,False,47.785213470458984,4.0,4.0,1.0,0.56,0.0,0,120,46,116,70,0.008333333333333333
stage1a_single_agent_tiny,1,18960,158,1,100,100,2,0,False,0.8053383827209473,3.0,3.0,0.0,0.52,0.0,0,120,24,-1,-1,0.0
stage1a_single_agent_tiny,1,19080,159,1,100,100,2,0,False,31.794370651245117,2.0,2.0,1.0,0.44,0.0,0,120,50,100,50,0.008333333333333333
stage1a_single_agent_tiny,1,19200,160,1,100,100,2,0,False,14.542889595031738,4.0,4.0,0.0,0.64,0.0,0,120,17,-1,-1,0.0
stage1a_single_agent_tiny,1,19320,161,1,100,100,2,0,False,40.05172348022461,3.0,3.0,1.0,0.4,0.0,0,120,22,86,64,0.008333333333333333
stage1a_single_agent_tiny,1,19440,162,1,100,100,2,0,False,24.197105407714844,5.0,5.0,0.0,0.56,0.0,0,120,56,-1,-1,0.0
stage1a_single_agent_tiny,1,19560,163,1,100,100,2,0,False,11.83761978149414,4.0,4.0,0.0,0.48,0.0,0,120,10,-1,-1,0.0
stage1a_single_agent_tiny,1,19680,164,1,100,100,2,0,False,57.67226791381836,9.0,9.0,0.0,0.52,0.0,0,120,15,-1,-1,0.0
stage1a_single_agent_tiny,1,19800,165,1,100,100,2,0,False,33.91420364379883,6.0,6.0,0.0,0.44,0.0,0,120,6,-1,-1,0.0
stage1a_single_agent_tiny,1,19920,166,1,100,100,2,0,False,18.034635543823242,5.0,5.0,0.0,0.6,0.0,0,120,58,-1,-1,0.0
stage1a_single_agent_tiny,1,20040,167,1,100,100,2,0,False,-0.9628055691719055,2.0,2.0,0.0,0.52,0.0,0,120,68,-1,-1,0.0
stage1a_single_agent_tiny,1,20160,168,1,100,100,2,0,False,19.28194808959961,6.0,6.0,0.0,0.36,0.0,0,120,9,-1,-1,0.0
stage1a_single_agent_tiny,1,20280,169,1,100,100,2,0,False,-13.054893493652344,1.0,1.0,0.0,0.52,0.0,0,120,64,-1,-1,0.0
stage1a_single_agent_tiny,1,20400,170,1,100,100,2,0,False,18.106096267700195,5.0,5.0,0.0,0.64,0.0,0,120,6,-1,-1,0.0
stage1a_single_agent_tiny,1,20520,171,1,100,100,2,0,False,8.86024284362793,4.0,4.0,0.0,0.56,0.0,0,120,12,-1,-1,0.0
stage1a_single_agent_tiny,1,20640,172,1,100,100,2,0,False,-14.736008644104004,2.0,2.0,0.0,0.48,0.0,0,120,90,-1,-1,0.0
stage1a_single_agent_tiny,1,20760,173,1,100,100,2,0,False,20.59113883972168,4.0,4.0,0.0,0.4,0.0,0,120,19,-1,-1,0.0
stage1a_single_agent_tiny,1,20880,174,1,100,100,2,0,False,40.03816604614258,6.0,6.0,1.0,0.52,0.0,0,120,50,50,0,0.008333333333333333
stage1a_single_agent_tiny,1,21000,175,1,100,100,2,0,False,16.977346420288086,2.0,2.0,1.0,0.48,0.0,0,120,9,74,65,0.008333333333333333
stage1a_single_agent_tiny,1,21120,176,1,100,100,2,0,False,-5.180896282196045,3.0,3.0,0.0,0.6,0.0,0,120,22,-1,-1,0.0
stage1a_single_agent_tiny,1,21240,177,1,100,100,2,0,False,30.762130737304688,6.0,6.0,0.0,0.44,0.0,0,120,10,-1,-1,0.0
stage1a_single_agent_tiny,1,21360,178,1,100,100,2,0,False,-14.608552932739258,2.0,2.0,0.0,0.52,0.0,0,120,36,-1,-1,0.0
stage1a_single_agent_tiny,1,21480,179,1,100,100,2,0,False,13.855018615722656,5.0,5.0,0.0,0.44,0.0,0,120,18,-1,-1,0.0
stage1a_single_agent_tiny,1,21600,180,1,100,100,2,0,False,0.21299868822097778,1.0,1.0,0.0,0.44,0.0,0,120,110,-1,-1,0.0
stage1a_single_agent_tiny,1,21720,181,1,100,100,2,0,False,-13.749597549438477,0.0,0.0,0.0,0.64,0.0,0,120,-1,-1,-1,0.0
stage1a_single_agent_tiny,1,21840,182,1,100,100,2,0,False,4.642961502075195,2.0,2.0,0.0,0.6,0.0,0,120,9,-1,-1,0.0
stage1a_single_agent_tiny,1,21960,183,1,100,100,2,0,False,-5.709588050842285,2.0,2.0,0.0,0.56,0.0,0,120,28,-1,-1,0.0
stage1a_single_agent_tiny,1,22080,184,1,100,100,2,0,False,6.486354827880859,2.0,2.0,0.0,0.44,0.0,0,120,41,-1,-1,0.0
stage1a_single_agent_tiny,1,22200,185,1,100,100,2,0,False,9.281917572021484,2.0,2.0,0.0,0.52,0.0,0,120,56,-1,-1,0.0
stage1a_single_agent_tiny,1,22320,186,1,100,100,2,0,False,21.008743286132812,4.0,4.0,0.0,0.32,0.0,0,120,5,-1,-1,0.0
stage1a_single_agent_tiny,1,22440,187,1,100,100,2,0,False,12.837140083312988,3.0,3.0,0.0,0.56,0.0,0,120,63,-1,-1,0.0
stage1a_single_agent_tiny,1,22560,188,1,100,100,2,0,False,47.51497268676758,3.0,3.0,1.0,0.36,0.0,0,120,73,88,15,0.008333333333333333
stage1a_single_agent_tiny,1,22680,189,1,100,100,2,0,False,5.537381649017334,3.0,3.0,0.0,0.52,0.0,0,120,29,-1,-1,0.0
stage1a_single_agent_tiny,1,22800,190,1,100,100,2,0,False,-3.0966243743896484,2.0,2.0,0.0,0.4,0.0,0,120,86,-1,-1,0.0
stage1a_single_agent_tiny,1,22920,191,1,100,100,2,0,False,7.047587871551514,3.0,3.0,0.0,0.56,0.0,0,120,30,-1,-1,0.0
stage1a_single_agent_tiny,1,23040,192,1,100,100,2,0,False,-15.532773971557617,0.0,0.0,0.0,0.44,0.0,0,120,-1,-1,-1,0.0
stage1a_single_agent_tiny,1,23160,193,1,100,100,2,0,False,49.74150466918945,5.0,5.0,1.0,0.52,0.0,0,120,11,44,33,0.008333333333333333
stage1a_single_agent_tiny,1,23280,194,1,100,100,2,0,False,21.15934181213379,5.0,5.0,0.0,0.52,0.0,0,120,15,-1,-1,0.0
stage1a_single_agent_tiny,1,23400,195,1,100,100,2,0,False,4.7659220695495605,2.0,2.0,0.0,0.6,0.0,0,120,33,-1,-1,0.0
stage1a_single_agent_tiny,1,23520,196,1,100,100,2,0,False,65.09009552001953,6.0,6.0,1.0,0.52,0.0,0,120,2,32,30,0.008333333333333333
stage1a_single_agent_tiny,1,23640,197,1,100,100,2,0,False,-6.738830089569092,0.0,0.0,0.0,0.44,0.0,0,120,-1,-1,-1,0.0
stage1a_single_agent_tiny,1,23760,198,1,100,100,2,0,False,12.743484497070312,3.0,3.0,0.0,0.4,0.0,0,120,28,-1,-1,0.0
stage1a_single_agent_tiny,1,23880,199,1,100,100,2,0,False,60.820194244384766,9.0,9.0,0.0,0.48,0.0,0,120,5,-1,-1,0.0
stage1a_single_agent_tiny,1,24000,200,1,100,100,2,0,False,37.02944564819336,6.0,6.0,0.0,0.48,0.0,0,120,20,-1,-1,0.0
stage1a_single_agent_tiny,1,24120,201,1,100,100,2,0,False,6.456157207489014,2.0,2.0,0.0,0.4,0.0,0,120,44,-1,-1,0.0
stage1a_single_agent_tiny,1,24240,202,1,100,100,2,0,False,6.226953029632568,2.0,2.0,0.0,0.48,0.0,0,120,108,-1,-1,0.0
stage1a_single_agent_tiny,1,24360,203,1,100,100,2,0,False,5.251775741577148,2.0,2.0,0.0,0.56,0.0,0,120,60,-1,-1,0.0
stage1a_single_agent_tiny,1,24480,204,1,100,100,2,0,False,17.57349967956543,1.0,1.0,1.0,0.4,0.0,0,120,82,82,0,0.008333333333333333
stage1a_single_agent_tiny,1,24600,205,1,100,100,2,0,False,32.18579864501953,5.0,5.0,0.0,0.4,0.0,0,120,31,-1,-1,0.0
stage1a_single_agent_tiny,1,24720,206,1,100,100,2,0,False,30.545429229736328,5.0,5.0,0.0,0.4,0.0,0,120,37,-1,-1,0.0
stage1a_single_agent_tiny,1,24840,207,1,100,100,2,0,False,8.525490760803223,3.0,3.0,0.0,0.48,0.0,0,120,7,-1,-1,0.0
stage1a_single_agent_tiny,1,24960,208,1,100,100,2,0,False,0.7595062255859375,3.0,3.0,0.0,0.48,0.0,0,120,16,-1,-1,0.0
stage1a_single_agent_tiny,1,25080,209,1,100,100,2,0,False,49.67525100708008,4.0,4.0,1.0,0.44,0.0,0,120,50,90,40,0.008333333333333333
stage1a_single_agent_tiny,1,25200,210,1,100,100,2,0,False,13.157498359680176,3.0,3.0,0.0,0.48,0.0,0,120,65,-1,-1,0.0
stage1a_single_agent_tiny,1,25320,211,1,100,100,2,0,False,17.845521926879883,4.0,4.0,0.0,0.4,0.0,0,120,3,-1,-1,0.0
stage1a_single_agent_tiny,1,25440,212,1,100,100,2,0,False,97.97498321533203,6.0,6.0,2.0,0.32,0.0,0,120,8,33,25,0.016666666666666666
stage1a_single_agent_tiny,1,25560,213,1,100,100,2,0,False,23.509746551513672,4.0,4.0,0.0,0.4,0.0,0,120,60,-1,-1,0.0
stage1a_single_agent_tiny,1,25680,214,1,100,100,2,0,False,-5.870845794677734,1.0,1.0,0.0,0.36,0.0,0,120,35,-1,-1,0.0
stage1a_single_agent_tiny,1,25800,215,1,100,100,2,0,False,-11.370789527893066,0.0,0.0,0.0,0.4,0.0,0,120,-1,-1,-1,0.0
stage1a_single_agent_tiny,1,25920,216,1,100,100,2,0,False,89.15158081054688,5.0,5.0,2.0,0.44,0.0,0,120,17,40,23,0.016666666666666666
stage1a_single_agent_tiny,1,26040,217,1,100,100,2,0,False,3.857875108718872,1.0,1.0,0.0,0.36,0.0,0,120,13,-1,-1,0.0
stage1a_single_agent_tiny,1,26160,218,1,100,100,2,0,False,-6.013913154602051,2.0,2.0,0.0,0.32,0.0,0,120,13,-1,-1,0.0
stage1a_single_agent_tiny,1,26280,219,1,100,100,2,0,False,-0.26243075728416443,1.0,1.0,0.0,0.52,0.0,0,120,5,-1,-1,0.0
stage1a_single_agent_tiny,1,26400,220,1,100,100,2,0,False,47.093994140625,3.0,3.0,1.0,0.48,0.0,0,120,13,113,100,0.008333333333333333
stage1a_single_agent_tiny,1,26520,221,1,100,100,2,0,False,-0.7789267897605896,1.0,1.0,0.0,0.36,0.0,0,120,27,-1,-1,0.0
stage1a_single_agent_tiny,1,26640,222,1,100,100,2,0,False,23.66480255126953,4.0,4.0,0.0,0.4,0.0,0,120,9,-1,-1,0.0
stage1a_single_agent_tiny,1,26760,223,1,100,100,2,0,False,14.408648490905762,3.0,3.0,0.0,0.56,0.0,0,120,32,-1,-1,0.0
stage1a_single_agent_tiny,1,26880,224,1,100,100,2,0,False,7.512563705444336,2.0,2.0,0.0,0.32,0.0,0,120,22,-1,-1,0.0
stage1a_single_agent_tiny,1,27000,225,1,100,100,2,0,False,-0.4888450503349304,1.0,1.0,0.0,0.4,0.0,0,120,46,-1,-1,0.0
stage1a_single_agent_tiny,1,27120,226,1,100,100,2,0,False,13.220255851745605,3.0,3.0,0.0,0.56,0.0,0,120,77,-1,-1,0.0
stage1a_single_agent_tiny,1,27240,227,1,100,100,2,0,False,-3.2244112491607666,1.0,1.0,0.0,0.36,0.0,0,120,45,-1,-1,0.0
stage1a_single_agent_tiny,1,27360,228,1,100,100,2,0,False,11.586624145507812,4.0,4.0,0.0,0.48,0.0,0,120,13,-1,-1,0.0
stage1a_single_agent_tiny,1,27480,229,1,100,100,2,0,False,-10.503131866455078,1.0,1.0,0.0,0.4,0.0,0,120,98,-1,-1,0.0
stage1a_single_agent_tiny,1,27600,230,1,100,100,2,0,False,-9.711825370788574,0.0,0.0,0.0,0.36,0.0,0,120,-1,-1,-1,0.0
stage1a_single_agent_tiny,1,27720,231,1,100,100,2,0,False,7.377905368804932,2.0,2.0,0.0,0.4,0.0,0,120,3,-1,-1,0.0
stage1a_single_agent_tiny,1,27840,232,1,100,100,2,0,False,8.164876937866211,3.0,3.0,0.0,0.32,0.0,0,120,9,-1,-1,0.0
stage1a_single_agent_tiny,1,27960,233,1,100,100,2,0,False,80.76084899902344,8.0,8.0,1.0,0.48,0.0,0,120,9,77,68,0.008333333333333333
stage1a_single_agent_tiny,1,28080,234,1,100,100,2,0,False,33.10509490966797,5.0,5.0,0.0,0.48,0.0,0,120,5,-1,-1,0.0
stage1a_single_agent_tiny,1,28200,235,1,100,100,2,0,False,41.24301528930664,3.0,3.0,1.0,0.52,0.0,0,120,51,51,0,0.008333333333333333
stage1a_single_agent_tiny,1,28320,236,1,100,100,2,0,False,5.413654804229736,3.0,3.0,0.0,0.44,0.0,0,120,19,-1,-1,0.0
stage1a_single_agent_tiny,1,28440,237,1,100,100,2,0,False,7.942939758300781,2.0,2.0,0.0,0.56,0.0,0,120,7,-1,-1,0.0
stage1a_single_agent_tiny,1,28560,238,1,100,100,2,0,False,-7.75754451751709,1.0,1.0,0.0,0.44,0.0,0,120,60,-1,-1,0.0
stage1a_single_agent_tiny,1,28680,239,1,100,100,2,0,False,23.74939727783203,4.0,4.0,0.0,0.48,0.0,0,120,62,-1,-1,0.0
stage1a_single_agent_tiny,1,28800,240,1,100,100,2,0,False,58.90948486328125,5.0,5.0,1.0,0.44,0.0,0,120,5,54,49,0.008333333333333333
stage1a_single_agent_tiny,1,28920,241,1,100,100,2,0,False,95.56057739257812,6.0,6.0,2.0,0.36,0.0,0,120,13,103,90,0.016666666666666666
stage1a_single_agent_tiny,1,29040,242,1,100,100,2,0,False,51.27315902709961,4.0,4.0,1.0,0.48,0.0,0,120,26,26,0,0.008333333333333333
stage1a_single_agent_tiny,1,29160,243,1,100,100,2,0,False,18.771528244018555,6.0,6.0,0.0,0.44,0.0,0,120,16,-1,-1,0.0
stage1a_single_agent_tiny,1,29280,244,1,100,100,2,0,False,0.6483794450759888,2.0,2.0,0.0,0.48,0.0,0,120,85,-1,-1,0.0
stage1a_single_agent_tiny,1,29400,245,1,100,100,2,0,False,-14.752644538879395,2.0,2.0,0.0,0.36,0.0,0,120,30,-1,-1,0.0
stage1a_single_agent_tiny,1,29520,246,1,100,100,2,0,False,19.59517478942871,4.0,4.0,0.0,0.52,0.0,0,120,13,-1,-1,0.0
stage1a_single_agent_tiny,1,29640,247,1,100,100,2,0,False,-11.074182510375977,0.0,0.0,0.0,0.44,0.0,0,120,-1,-1,-1,0.0
stage1a_single_agent_tiny,1,29760,248,1,100,100,2,0,False,28.877809524536133,5.0,5.0,0.0,0.32,0.0,0,120,3,-1,-1,0.0
stage1a_single_agent_tiny,1,29880,249,1,100,100,2,0,False,1.5751948356628418,2.0,2.0,0.0,0.36,0.0,0,120,2,-1,-1,0.0
stage1a_single_agent_tiny,1,30000,250,1,100,100,2,0,False,-8.580793380737305,2.0,2.0,0.0,0.4,0.0,0,120,7,-1,-1,0.0
stage1a_single_agent_tiny,1,30120,251,1,100,100,2,0,False,-1.400878667831421,1.0,1.0,0.0,0.52,0.0,0,120,83,-1,-1,0.0
stage1a_single_agent_tiny,1,30240,252,1,100,100,2,0,False,2.347101926803589,3.0,3.0,0.0,0.36,0.0,0,120,62,-1,-1,0.0
stage1a_single_agent_tiny,1,30360,253,1,100,100,2,0,False,6.513160705566406,2.0,2.0,0.0,0.44,0.0,0,120,4,-1,-1,0.0
stage1a_single_agent_tiny,1,30480,254,1,100,100,2,0,False,17.485443115234375,3.0,3.0,0.0,0.52,0.0,0,120,34,-1,-1,0.0
stage1a_single_agent_tiny,1,30600,255,1,100,100,2,0,False,17.069067001342773,3.0,3.0,0.0,0.44,0.0,0,120,5,-1,-1,0.0
stage1a_single_agent_tiny,1,30720,256,1,100,100,2,0,False,87.0162124633789,5.0,5.0,2.0,0.4,0.0,0,120,26,29,3,0.016666666666666666
stage1a_single_agent_tiny,1,30840,257,1,100,100,2,0,False,60.781837463378906,9.0,9.0,0.0,0.48,0.0,0,120,11,-1,-1,0.0
stage1a_single_agent_tiny,1,30960,258,1,100,100,2,0,False,-6.533811092376709,0.0,0.0,0.0,0.48,0.0,0,120,-1,-1,-1,0.0
stage1a_single_agent_tiny,1,31080,259,1,100,100,2,0,False,68.12870788574219,6.0,6.0,1.0,0.52,0.0,0,120,15,59,44,0.008333333333333333
stage1a_single_agent_tiny,1,31200,260,1,100,100,2,0,False,-10.76907730102539,1.0,1.0,0.0,0.4,0.0,0,120,33,-1,-1,0.0
stage1a_single_agent_tiny,1,31320,261,1,100,100,2,0,False,39.602291107177734,6.0,6.0,0.0,0.52,0.0,0,120,10,-1,-1,0.0
stage1a_single_agent_tiny,1,31440,262,1,100,100,2,0,False,9.577231407165527,2.0,2.0,0.0,0.48,0.0,0,120,41,-1,-1,0.0
stage1a_single_agent_tiny,1,31560,263,1,100,100,2,0,False,42.38330078125,2.0,2.0,2.0,0.36,0.0,0,120,71,71,0,0.016666666666666666
stage1a_single_agent_tiny,1,31680,264,1,100,100,2,0,False,-0.9473631381988525,3.0,3.0,0.0,0.44,0.0,0,120,36,-1,-1,0.0
stage1a_single_agent_tiny,1,31800,265,1,100,100,2,0,False,24.526792526245117,6.0,6.0,0.0,0.44,0.0,0,120,6,-1,-1,0.0
stage1a_single_agent_tiny,1,31920,266,1,100,100,2,0,False,47.21768569946289,3.0,3.0,1.0,0.44,0.0,0,120,63,78,15,0.008333333333333333
stage1a_single_agent_tiny,1,32040,267,1,100,100,2,0,False,31.99129867553711,5.0,5.0,0.0,0.6,0.0,0,120,23,-1,-1,0.0
stage1a_single_agent_tiny,1,32160,268,1,100,100,2,0,False,57.3480339050293,2.0,2.0,2.0,0.44,0.0,0,120,54,54,0,0.016666666666666666
stage1a_single_agent_tiny,1,32280,269,1,100,100,2,0,False,28.86052703857422,2.0,2.0,1.0,0.48,0.0,0,120,85,85,0,0.008333333333333333
stage1a_single_agent_tiny,1,32400,270,1,100,100,2,0,False,35.70161437988281,6.0,6.0,0.0,0.6,0.0,0,120,30,-1,-1,0.0
stage1a_single_agent_tiny,1,32520,271,1,100,100,2,0,False,11.391794204711914,3.0,3.0,0.0,0.44,0.0,0,120,24,-1,-1,0.0
stage1a_single_agent_tiny,1,32640,272,1,100,100,2,0,False,5.407715797424316,3.0,3.0,0.0,0.48,0.0,0,120,59,-1,-1,0.0
stage1a_single_agent_tiny,1,32760,273,1,100,100,2,0,False,18.23442268371582,5.0,5.0,0.0,0.56,0.0,0,120,43,-1,-1,0.0
stage1a_single_agent_tiny,1,32880,274,1,100,100,2,0,False,56.46345138549805,6.0,6.0,1.0,0.64,0.0,0,120,8,14,6,0.008333333333333333
stage1a_single_agent_tiny,1,33000,275,1,100,100,2,0,False,11.679173469543457,3.0,3.0,0.0,0.56,0.0,0,120,64,-1,-1,0.0
stage1a_single_agent_tiny,1,33120,276,1,100,100,2,0,False,50.03562545776367,5.0,5.0,1.0,0.6,0.0,0,120,4,101,97,0.008333333333333333
stage1a_single_agent_tiny,1,33240,277,1,100,100,2,0,False,68.33907318115234,6.0,6.0,1.0,0.52,0.0,0,120,4,62,58,0.008333333333333333
stage1a_single_agent_tiny,1,33360,278,1,100,100,2,0,False,9.580543518066406,3.0,3.0,0.0,0.52,0.0,0,120,19,-1,-1,0.0
stage1a_single_agent_tiny,1,33480,279,1,100,100,2,0,False,63.0214729309082,10.0,10.0,0.0,0.56,0.0,0,120,4,-1,-1,0.0
stage1a_single_agent_tiny,1,33600,280,1,100,100,2,0,False,1.6888210773468018,2.0,2.0,0.0,0.64,0.0,0,120,2,-1,-1,0.0
stage1a_single_agent_tiny,1,33720,281,1,100,100,2,0,False,65.74211120605469,7.0,7.0,1.0,0.56,0.0,0,120,25,120,95,0.008333333333333333
stage1a_single_agent_tiny,1,33840,282,1,100,100,2,0,False,32.8643684387207,7.0,7.0,0.0,0.6,0.0,0,120,44,-1,-1,0.0
stage1a_single_agent_tiny,1,33960,283,1,100,100,2,0,False,4.9592084884643555,2.0,2.0,0.0,0.48,0.0,0,120,44,-1,-1,0.0
stage1a_single_agent_tiny,1,34080,284,1,100,100,2,0,False,31.66004180908203,5.0,5.0,0.0,0.52,0.0,0,120,27,-1,-1,0.0
stage1a_single_agent_tiny,1,34200,285,1,100,100,2,0,False,26.315933227539062,6.0,6.0,0.0,0.48,0.0,0,120,16,-1,-1,0.0
stage1a_single_agent_tiny,1,34320,286,1,100,100,2,0,False,49.644832611083984,4.0,4.0,1.0,0.48,0.0,0,120,11,107,96,0.008333333333333333
stage1a_single_agent_tiny,1,34440,287,1,100,100,2,0,False,20.463481903076172,4.0,4.0,0.0,0.48,0.0,0,120,25,-1,-1,0.0
stage1a_single_agent_tiny,1,34560,288,1,100,100,2,0,False,12.328659057617188,2.0,2.0,0.0,0.56,0.0,0,120,7,-1,-1,0.0
stage1a_single_agent_tiny,1,34680,289,1,100,100,2,0,False,6.643149375915527,2.0,2.0,0.0,0.56,0.0,0,120,49,-1,-1,0.0
stage1a_single_agent_tiny,1,34800,290,1,100,100,2,0,False,-6.141768455505371,1.0,1.0,0.0,0.48,0.0,0,120,94,-1,-1,0.0
stage1a_single_agent_tiny,1,34920,291,1,100,100,2,0,False,38.08463668823242,6.0,6.0,0.0,0.56,0.0,0,120,19,-1,-1,0.0
stage1a_single_agent_tiny,1,35040,292,1,100,100,2,0,False,24.20541000366211,5.0,5.0,0.0,0.52,0.0,0,120,39,-1,-1,0.0
stage1a_single_agent_tiny,1,35160,293,1,100,100,2,0,False,14.482186317443848,4.0,4.0,0.0,0.48,0.0,0,120,44,-1,-1,0.0
stage1a_single_agent_tiny,1,35280,294,1,100,100,2,0,False,58.59972381591797,8.0,8.0,0.0,0.52,0.0,0,120,5,-1,-1,0.0
stage1a_single_agent_tiny,1,35400,295,1,100,100,2,0,False,-0.2645466923713684,1.0,1.0,0.0,0.4,0.0,0,120,106,-1,-1,0.0
stage1a_single_agent_tiny,1,35520,296,1,100,100,2,0,False,25.300643920898438,4.0,4.0,0.0,0.48,0.0,0,120,3,-1,-1,0.0
stage1a_single_agent_tiny,1,35640,297,1,100,100,2,0,False,40.95633316040039,2.0,2.0,1.0,0.44,0.0,0,120,17,17,0,0.008333333333333333
stage1a_single_agent_tiny,1,35760,298,1,100,100,2,0,False,61.89574432373047,5.0,5.0,1.0,0.48,0.0,0,120,22,117,95,0.008333333333333333
stage1a_single_agent_tiny,1,35880,299,1,100,100,2,0,False,20.707632064819336,4.0,4.0,0.0,0.52,0.0,0,120,24,-1,-1,0.0
stage1a_single_agent_tiny,1,36000,300,1,100,100,2,0,False,-4.86801815032959,1.0,1.0,0.0,0.44,0.0,0,120,30,-1,-1,0.0
stage1a_single_agent_tiny,1,36120,301,1,100,100,2,0,False,23.668197631835938,4.0,4.0,0.0,0.44,0.0,0,120,10,-1,-1,0.0
stage1a_single_agent_tiny,1,36240,302,1,100,100,2,0,False,62.29060745239258,6.0,6.0,1.0,0.56,0.0,0,120,30,100,70,0.008333333333333333
stage1a_single_agent_tiny,1,36360,303,1,100,100,2,0,False,16.491165161132812,4.0,4.0,0.0,0.44,0.0,0,120,6,-1,-1,0.0
stage1a_single_agent_tiny,1,36480,304,1,100,100,2,0,False,51.313411712646484,4.0,4.0,1.0,0.6,0.0,0,120,7,89,82,0.008333333333333333
stage1a_single_agent_tiny,1,36600,305,1,100,100,2,0,False,30.54046058654785,5.0,5.0,0.0,0.6,0.0,0,120,28,-1,-1,0.0
stage1a_single_agent_tiny,1,36720,306,1,100,100,2,0,False,13.315478324890137,3.0,3.0,0.0,0.6,0.0,0,120,2,-1,-1,0.0
stage1a_single_agent_tiny,1,36840,307,1,100,100,2,0,False,60.5881462097168,5.0,5.0,1.0,0.56,0.0,0,120,7,105,98,0.008333333333333333
stage1a_single_agent_tiny,1,36960,308,1,100,100,2,0,False,52.076717376708984,4.0,4.0,1.0,0.52,0.0,0,120,2,37,35,0.008333333333333333
stage1a_single_agent_tiny,1,37080,309,1,100,100,2,0,False,41.54286193847656,3.0,3.0,1.0,0.52,0.0,0,120,58,87,29,0.008333333333333333
stage1a_single_agent_tiny,1,37200,310,1,100,100,2,0,False,9.513704299926758,2.0,2.0,0.0,0.44,0.0,0,120,15,-1,-1,0.0
stage1a_single_agent_tiny,1,37320,311,1,100,100,2,0,False,46.489593505859375,4.0,4.0,1.0,0.56,0.0,0,120,43,69,26,0.008333333333333333
stage1a_single_agent_tiny,1,37440,312,1,100,100,2,0,False,95.11956787109375,6.0,6.0,2.0,0.6,0.0,0,120,4,4,0,0.016666666666666666
stage1a_single_agent_tiny,1,37560,313,1,100,100,2,0,False,73.5943832397461,7.0,7.0,1.0,0.48,0.0,0,120,15,15,0,0.008333333333333333
stage1a_single_agent_tiny,1,37680,314,1,100,100,2,0,False,49.79671096801758,8.0,8.0,0.0,0.56,0.0,0,120,25,-1,-1,0.0
stage1a_single_agent_tiny,1,37800,315,1,100,100,2,0,False,50.06318283081055,5.0,5.0,1.0,0.48,0.0,0,120,13,31,18,0.008333333333333333
stage1a_single_agent_tiny,1,37920,316,1,100,100,2,0,False,52.828399658203125,8.0,8.0,0.0,0.56,0.0,0,120,19,-1,-1,0.0
stage1a_single_agent_tiny,1,38040,317,1,100,100,2,0,False,51.44010543823242,8.0,8.0,0.0,0.48,0.0,0,120,26,-1,-1,0.0
stage1a_single_agent_tiny,1,38160,318,1,100,100,2,0,False,-8.34914779663086,0.0,0.0,0.0,0.4,0.0,0,120,-1,-1,-1,0.0
stage1a_single_agent_tiny,1,38280,319,1,100,100,2,0,False,46.422969818115234,7.0,7.0,0.0,0.52,0.0,0,120,14,-1,-1,0.0
stage1a_single_agent_tiny,1,38400,320,1,100,100,2,0,False,-1.2721420526504517,2.0,2.0,0.0,0.48,0.0,0,120,22,-1,-1,0.0
stage1a_single_agent_tiny,1,38520,321,1,100,100,2,0,False,11.37448501586914,3.0,3.0,0.0,0.56,0.0,0,120,102,-1,-1,0.0
stage1a_single_agent_tiny,1,38640,322,1,100,100,2,0,False,5.166428089141846,2.0,2.0,0.0,0.56,0.0,0,120,57,-1,-1,0.0
stage1a_single_agent_tiny,1,38760,323,1,100,100,2,0,False,70.43241882324219,7.0,7.0,1.0,0.56,0.0,0,120,33,42,9,0.008333333333333333
stage1a_single_agent_tiny,1,38880,324,1,100,100,2,0,False,8.03064250946045,2.0,2.0,0.0,0.44,0.0,0,120,18,-1,-1,0.0
stage1a_single_agent_tiny,1,39000,325,1,100,100,2,0,False,78.24589538574219,7.0,7.0,1.0,0.56,0.0,0,120,12,100,88,0.008333333333333333
stage1a_single_agent_tiny,1,39120,326,1,100,100,2,0,False,39.74411392211914,3.0,3.0,1.0,0.56,0.0,0,120,48,78,30,0.008333333333333333
stage1a_single_agent_tiny,1,39240,327,1,100,100,2,0,False,38.55297088623047,3.0,3.0,1.0,0.48,0.0,0,120,22,22,0,0.008333333333333333
stage1a_single_agent_tiny,1,39360,328,1,100,100,2,0,False,100.72882080078125,10.0,10.0,1.0,0.52,0.0,0,120,7,90,83,0.008333333333333333
stage1a_single_agent_tiny,1,39480,329,1,100,100,2,0,False,14.835589408874512,3.0,3.0,0.0,0.52,0.0,0,120,62,-1,-1,0.0
stage1a_single_agent_tiny,1,39600,330,1,100,100,2,0,False,108.15554809570312,7.0,7.0,2.0,0.52,0.0,0,120,6,6,0,0.016666666666666666
stage1a_single_agent_tiny,1,39720,331,1,100,100,2,0,False,-7.5888800621032715,1.0,1.0,0.0,0.48,0.0,0,120,34,-1,-1,0.0
stage1a_single_agent_tiny,1,39840,332,1,100,100,2,0,False,29.385953903198242,5.0,5.0,0.0,0.64,0.0,0,120,10,-1,-1,0.0
stage1a_single_agent_tiny,1,39960,333,1,100,100,2,0,False,13.188311576843262,3.0,3.0,0.0,0.52,0.0,0,120,7,-1,-1,0.0
stage1a_single_agent_tiny,1,40080,334,1,100,100,2,0,False,35.047218322753906,5.0,5.0,0.0,0.56,0.0,0,120,3,-1,-1,0.0
stage1a_single_agent_tiny,1,40200,335,1,100,100,2,0,False,57.68512725830078,5.0,5.0,1.0,0.48,0.0,0,120,8,69,61,0.008333333333333333
stage1a_single_agent_tiny,1,40320,336,1,100,100,2,0,False,97.25826263427734,6.0,6.0,2.0,0.6,0.0,0,120,4,4,0,0.016666666666666666
stage1a_single_agent_tiny,1,40440,337,1,100,100,2,0,False,10.044360160827637,2.0,2.0,0.0,0.52,0.0,0,120,14,-1,-1,0.0
stage1a_single_agent_tiny,1,40560,338,1,100,100,2,0,False,135.15110778808594,10.0,10.0,2.0,0.48,0.0,0,120,3,36,33,0.016666666666666666
stage1a_single_agent_tiny,1,40680,339,1,100,100,2,0,False,56.98429870605469,4.0,4.0,1.0,0.4,0.0,0,120,2,113,111,0.008333333333333333
stage1a_single_agent_tiny,1,40800,340,1,100,100,2,0,False,27.22538948059082,4.0,4.0,0.0,0.48,0.0,0,120,31,-1,-1,0.0
stage1a_single_agent_tiny,1,40920,341,1,100,100,2,0,False,114.68875122070312,8.0,8.0,2.0,0.48,0.0,0,120,4,33,29,0.016666666666666666
stage1a_single_agent_tiny,1,41040,342,1,100,100,2,0,False,51.01029586791992,3.0,3.0,1.0,0.44,0.0,0,120,12,12,0,0.008333333333333333
stage1a_single_agent_tiny,1,41160,343,1,100,100,2,0,False,12.682841300964355,2.0,2.0,0.0,0.44,0.0,0,120,55,-1,-1,0.0
stage1a_single_agent_tiny,1,41280,344,1,100,100,2,0,False,2.9505276679992676,1.0,1.0,0.0,0.56,0.0,0,120,120,-1,-1,0.0
stage1a_single_agent_tiny,1,41400,345,1,100,100,2,0,False,74.48895263671875,6.0,6.0,1.0,0.56,0.0,0,120,30,48,18,0.008333333333333333
stage1a_single_agent_tiny,1,41520,346,1,100,100,2,0,False,73.56439208984375,6.0,6.0,1.0,0.48,0.0,0,120,19,41,22,0.008333333333333333
stage1a_single_agent_tiny,1,41640,347,1,100,100,2,0,False,35.59553146362305,6.0,6.0,0.0,0.6,0.0,0,120,3,-1,-1,0.0
stage1a_single_agent_tiny,1,41760,348,1,100,100,2,0,False,26.98593521118164,4.0,4.0,0.0,0.56,0.0,0,120,7,-1,-1,0.0
stage1a_single_agent_tiny,1,41880,349,1,100,100,2,0,False,33.22111511230469,5.0,5.0,0.0,0.36,0.0,0,120,4,-1,-1,0.0
stage1a_single_agent_tiny,1,42000,350,1,100,100,2,0,False,17.618671417236328,3.0,3.0,0.0,0.52,0.0,0,120,52,-1,-1,0.0
stage1a_single_agent_tiny,1,42120,351,1,100,100,2,0,False,40.26059341430664,6.0,6.0,0.0,0.56,0.0,0,120,19,-1,-1,0.0
stage1a_single_agent_tiny,1,42240,352,1,100,100,2,0,False,-1.0503343343734741,1.0,1.0,0.0,0.56,0.0,0,120,82,-1,-1,0.0
stage1a_single_agent_tiny,1,42360,353,1,100,100,2,0,False,29.054412841796875,5.0,5.0,0.0,0.44,0.0,0,120,4,-1,-1,0.0
stage1a_single_agent_tiny,1,42480,354,1,100,100,2,0,False,24.380645751953125,4.0,4.0,0.0,0.44,0.0,0,120,70,-1,-1,0.0
stage1a_single_agent_tiny,1,42600,355,1,100,100,2,0,False,21.119739532470703,4.0,4.0,0.0,0.48,0.0,0,120,3,-1,-1,0.0
stage1a_single_agent_tiny,1,42720,356,1,100,100,2,0,False,8.093473434448242,2.0,2.0,0.0,0.52,0.0,0,120,42,-1,-1,0.0
stage1a_single_agent_tiny,1,42840,357,1,100,100,2,0,False,1.6124247312545776,1.0,1.0,0.0,0.48,0.0,0,120,94,-1,-1,0.0
stage1a_single_agent_tiny,1,42960,358,1,100,100,2,0,False,41.354251861572266,2.0,2.0,1.0,0.44,0.0,0,120,3,72,69,0.008333333333333333
stage1a_single_agent_tiny,1,43080,359,1,100,100,2,0,False,87.63313293457031,8.0,8.0,1.0,0.52,0.0,0,120,12,106,94,0.008333333333333333
stage1a_single_agent_tiny,1,43200,360,1,100,100,2,0,False,47.273193359375,7.0,7.0,0.0,0.6,0.0,0,120,9,-1,-1,0.0
stage1a_single_agent_tiny,1,43320,361,1,100,100,2,0,False,67.1629638671875,6.0,6.0,1.0,0.56,0.0,0,120,2,86,84,0.008333333333333333
stage1a_single_agent_tiny,1,43440,362,1,100,100,2,0,False,50.89011764526367,3.0,3.0,1.0,0.48,0.0,0,120,7,19,12,0.008333333333333333
stage1a_single_agent_tiny,1,43560,363,1,100,100,2,0,False,35.28938293457031,2.0,2.0,1.0,0.56,0.0,0,120,53,65,12,0.008333333333333333
stage1a_single_agent_tiny,1,43680,364,1,100,100,2,0,False,39.05867385864258,7.0,7.0,0.0,0.48,0.0,0,120,9,-1,-1,0.0
stage1a_single_agent_tiny,1,43800,365,1,100,100,2,0,False,54.0274543762207,4.0,4.0,1.0,0.6,0.0,0,120,21,21,0,0.008333333333333333
stage1a_single_agent_tiny,1,43920,366,1,100,100,2,0,False,3.172494888305664,1.0,1.0,0.0,0.32,0.0,0,120,10,-1,-1,0.0
stage1a_single_agent_tiny,1,44040,367,1,100,100,2,0,False,38.66985321044922,6.0,6.0,0.0,0.6,0.0,0,120,33,-1,-1,0.0
stage1a_single_agent_tiny,1,44160,368,1,100,100,2,0,False,0.06707683205604553,1.0,1.0,0.0,0.44,0.0,0,120,19,-1,-1,0.0
stage1a_single_agent_tiny,1,44280,369,1,100,100,2,0,False,70.9602279663086,7.0,7.0,1.0,0.52,0.0,0,120,4,24,20,0.008333333333333333
stage1a_single_agent_tiny,1,44400,370,1,100,100,2,0,False,46.00485610961914,8.0,8.0,0.0,0.64,0.0,0,120,6,-1,-1,0.0
stage1a_single_agent_tiny,1,44520,371,1,100,100,2,0,False,13.259322166442871,3.0,3.0,0.0,0.48,0.0,0,120,12,-1,-1,0.0
stage1a_single_agent_tiny,1,44640,372,1,100,100,2,0,False,26.614248275756836,5.0,5.0,0.0,0.56,0.0,0,120,26,-1,-1,0.0
stage1a_single_agent_tiny,1,44760,373,1,100,100,2,0,False,0.7956340312957764,2.0,2.0,0.0,0.56,0.0,0,120,79,-1,-1,0.0
stage1a_single_agent_tiny,1,44880,374,1,100,100,2,0,False,57.9511604309082,5.0,5.0,1.0,0.56,0.0,0,120,22,54,32,0.008333333333333333
stage1a_single_agent_tiny,1,45000,375,1,100,100,2,0,False,35.96541213989258,6.0,6.0,0.0,0.56,0.0,0,120,10,-1,-1,0.0
stage1a_single_agent_tiny,1,45120,376,1,100,100,2,0,False,22.753890991210938,4.0,4.0,0.0,0.52,0.0,0,120,46,-1,-1,0.0
stage1a_single_agent_tiny,1,45240,377,1,100,100,2,0,False,43.81083297729492,7.0,7.0,0.0,0.6,0.0,0,120,3,-1,-1,0.0
stage1a_single_agent_tiny,1,45360,378,1,100,100,2,0,False,-1.6262946128845215,1.0,1.0,0.0,0.36,0.0,0,120,93,-1,-1,0.0
stage1a_single_agent_tiny,1,45480,379,1,100,100,2,0,False,73.82363891601562,7.0,7.0,1.0,0.56,0.0,0,120,8,79,71,0.008333333333333333
stage1a_single_agent_tiny,1,45600,380,1,100,100,2,0,False,-12.38404369354248,0.0,0.0,0.0,0.52,0.0,0,120,-1,-1,-1,0.0
stage1a_single_agent_tiny,1,45720,381,1,100,100,2,0,False,47.7752799987793,3.0,3.0,1.0,0.48,0.0,0,120,13,27,14,0.008333333333333333
stage1a_single_agent_tiny,1,45840,382,1,100,100,2,0,False,23.320411682128906,3.0,3.0,0.0,0.48,0.0,0,120,4,-1,-1,0.0
stage1a_single_agent_tiny,1,45960,383,1,100,100,2,0,False,22.94820785522461,4.0,4.0,0.0,0.56,0.0,0,120,57,-1,-1,0.0
stage1a_single_agent_tiny,1,46080,384,1,100,100,2,0,False,-10.935704231262207,0.0,0.0,0.0,0.44,0.0,0,120,-1,-1,-1,0.0
stage1a_single_agent_tiny,1,46200,385,1,100,100,2,0,False,77.48160552978516,8.0,8.0,1.0,0.6,0.0,0,120,6,56,50,0.008333333333333333
stage1a_single_agent_tiny,1,46320,386,1,100,100,2,0,False,68.92564392089844,6.0,6.0,1.0,0.56,0.0,0,120,34,73,39,0.008333333333333333
stage1a_single_agent_tiny,1,46440,387,1,100,100,2,0,False,11.070182800292969,2.0,2.0,0.0,0.4,0.0,0,120,31,-1,-1,0.0
stage1a_single_agent_tiny,1,46560,388,1,100,100,2,0,False,56.720699310302734,8.0,8.0,0.0,0.48,0.0,0,120,22,-1,-1,0.0
stage1a_single_agent_tiny,1,46680,389,1,100,100,2,0,False,9.780766487121582,2.0,2.0,0.0,0.56,0.0,0,120,5,-1,-1,0.0
stage1a_single_agent_tiny,1,46800,390,1,100,100,2,0,False,5.001583099365234,1.0,1.0,0.0,0.36,0.0,0,120,12,-1,-1,0.0
stage1a_single_agent_tiny,1,46920,391,1,100,100,2,0,False,32.442291259765625,5.0,5.0,0.0,0.56,0.0,0,120,29,-1,-1,0.0
stage1a_single_agent_tiny,1,47040,392,1,100,100,2,0,False,63.91481399536133,5.0,5.0,1.0,0.52,0.0,0,120,19,110,91,0.008333333333333333
stage1a_single_agent_tiny,1,47160,393,1,100,100,2,0,False,32.51021194458008,5.0,5.0,0.0,0.44,0.0,0,120,12,-1,-1,0.0
stage1a_single_agent_tiny,1,47280,394,1,100,100,2,0,False,48.251502990722656,7.0,7.0,0.0,0.52,0.0,0,120,7,-1,-1,0.0
stage1a_single_agent_tiny,1,47400,395,1,100,100,2,0,False,49.85313415527344,4.0,4.0,1.0,0.48,0.0,0,120,5,5,0,0.008333333333333333
stage1a_single_agent_tiny,1,47520,396,1,100,100,2,0,False,-0.8940589427947998,1.0,1.0,0.0,0.56,0.0,0,120,2,-1,-1,0.0
stage1a_single_agent_tiny,1,47640,397,1,100,100,2,0,False,69.20376586914062,6.0,6.0,1.0,0.44,0.0,0,120,5,104,99,0.008333333333333333
stage1a_single_agent_tiny,1,47760,398,1,100,100,2,0,False,16.921730041503906,4.0,4.0,0.0,0.56,0.0,0,120,6,-1,-1,0.0
stage1a_single_agent_tiny,1,47880,399,1,100,100,2,0,False,41.62759780883789,6.0,6.0,0.0,0.56,0.0,0,120,3,-1,-1,0.0
stage1a_single_agent_tiny,1,48000,400,1,100,100,2,0,False,24.57964515686035,4.0,4.0,0.0,0.52,0.0,0,120,53,-1,-1,0.0
stage1a_single_agent_tiny,1,48120,401,1,100,100,2,0,False,24.10378646850586,4.0,4.0,0.0,0.48,0.0,0,120,2,-1,-1,0.0
stage1a_single_agent_tiny,1,48240,402,1,100,100,2,0,False,19.4831485748291,3.0,3.0,0.0,0.6,0.0,0,120,74,-1,-1,0.0
stage1a_single_agent_tiny,1,48360,403,1,100,100,2,0,False,18.715579986572266,4.0,4.0,0.0,0.48,0.0,0,120,20,-1,-1,0.0
stage1a_single_agent_tiny,1,48480,404,1,100,100,2,0,False,9.020853996276855,3.0,3.0,0.0,0.4,0.0,0,120,8,-1,-1,0.0
stage1a_single_agent_tiny,1,48600,405,1,100,100,2,0,False,47.93169021606445,3.0,3.0,1.0,0.52,0.0,0,120,104,104,0,0.008333333333333333
stage1a_single_agent_tiny,1,48720,406,1,100,100,2,0,False,20.597734451293945,3.0,3.0,0.0,0.56,0.0,0,120,94,-1,-1,0.0
stage1a_single_agent_tiny,1,48840,407,1,100,100,2,0,False,57.72062301635742,8.0,8.0,0.0,0.64,0.0,0,120,14,-1,-1,0.0
stage1a_single_agent_tiny,1,48960,408,1,100,100,2,0,False,37.11775207519531,2.0,2.0,1.0,0.6,0.0,0,120,63,63,0,0.008333333333333333
stage1a_single_agent_tiny,1,49080,409,1,100,100,2,0,False,1.6196134090423584,1.0,1.0,0.0,0.52,0.0,0,120,32,-1,-1,0.0
stage1a_single_agent_tiny,1,49200,410,1,100,100,2,0,False,86.23371124267578,8.0,8.0,1.0,0.52,0.0,0,120,4,91,87,0.008333333333333333
stage1a_single_agent_tiny,1,49320,411,1,100,100,2,0,False,50.11473846435547,4.0,4.0,1.0,0.6,0.0,0,120,43,62,19,0.008333333333333333
stage1a_single_agent_tiny,1,49440,412,1,100,100,2,0,False,59.777706146240234,9.0,9.0,0.0,0.56,0.0,0,120,2,-1,-1,0.0
stage1a_single_agent_tiny,1,49560,413,1,100,100,2,0,False,98.2540283203125,10.0,10.0,1.0,0.56,0.0,0,120,2,94,92,0.008333333333333333
stage1a_single_agent_tiny,1,49680,414,1,100,100,2,0,False,67.33613586425781,9.0,9.0,0.0,0.6,0.0,0,120,36,-1,-1,0.0
stage1a_single_agent_tiny,1,49800,415,1,100,100,2,0,False,47.13291931152344,7.0,7.0,0.0,0.6,0.0,0,120,4,-1,-1,0.0
stage1a_single_agent_tiny,1,49920,416,1,100,100,2,0,False,91.31803894042969,9.0,9.0,1.0,0.56,0.0,0,120,11,50,39,0.008333333333333333
stage1a_single_agent_tiny,1,50040,417,1,100,100,2,0,False,130.8103485107422,10.0,10.0,2.0,0.64,0.0,0,120,23,37,14,0.016666666666666666
stage1a_single_agent_tiny,1,50160,418,1,100,100,2,0,False,74.96949768066406,3.0,3.0,2.0,0.6,0.0,0,120,44,44,0,0.016666666666666666
stage1a_single_agent_tiny,1,50280,419,1,100,100,2,0,False,87.70880126953125,8.0,8.0,1.0,0.56,0.0,0,120,10,45,35,0.008333333333333333
stage1a_single_agent_tiny,1,50400,420,1,100,100,2,0,False,6.778972625732422,2.0,2.0,0.0,0.56,0.0,0,120,68,-1,-1,0.0
stage1a_single_agent_tiny,1,50520,421,1,100,100,2,0,False,30.693992614746094,5.0,5.0,0.0,0.6,0.0,0,120,7,-1,-1,0.0
stage1a_single_agent_tiny,1,50640,422,1,100,100,2,0,False,62.787044525146484,9.0,9.0,0.0,0.52,0.0,0,120,30,-1,-1,0.0
stage1a_single_agent_tiny,1,50760,423,1,100,100,2,0,False,45.66992950439453,7.0,7.0,0.0,0.6,0.0,0,120,23,-1,-1,0.0
stage1a_single_agent_tiny,1,50880,424,1,100,100,2,0,False,42.30741500854492,6.0,6.0,0.0,0.56,0.0,0,120,7,-1,-1,0.0
stage1a_single_agent_tiny,1,51000,425,1,100,100,2,0,False,73.98894500732422,10.0,10.0,0.0,0.6,0.0,0,120,11,-1,-1,0.0
stage1a_single_agent_tiny,1,51120,426,1,100,100,2,0,False,40.316593170166016,6.0,6.0,0.0,0.6,0.0,0,120,5,-1,-1,0.0
stage1a_single_agent_tiny,1,51240,427,1,100,100,2,0,False,29.608980178833008,5.0,5.0,0.0,0.52,0.0,0,120,8,-1,-1,0.0
stage1a_single_agent_tiny,1,51360,428,1,100,100,2,0,False,27.9770565032959,5.0,5.0,0.0,0.6,0.0,0,120,39,-1,-1,0.0
stage1a_single_agent_tiny,1,51480,429,1,100,100,2,0,False,24.192956924438477,4.0,4.0,0.0,0.44,0.0,0,120,8,-1,-1,0.0
stage1a_single_agent_tiny,1,51600,430,1,100,100,2,0,False,16.138620376586914,3.0,3.0,0.0,0.52,0.0,0,120,2,-1,-1,0.0
stage1a_single_agent_tiny,1,51720,431,1,100,100,2,0,False,2.0510334968566895,1.0,1.0,0.0,0.48,0.0,0,120,4,-1,-1,0.0
stage1a_single_agent_tiny,1,51840,432,1,100,100,2,0,False,13.404903411865234,3.0,3.0,0.0,0.56,0.0,0,120,11,-1,-1,0.0
stage1a_single_agent_tiny,1,51960,433,1,100,100,2,0,False,77.29808044433594,11.0,11.0,0.0,0.6,0.0,0,120,7,-1,-1,0.0
stage1a_single_agent_tiny,1,52080,434,1,100,100,2,0,False,35.439876556396484,5.0,5.0,0.0,0.52,0.0,0,120,22,-1,-1,0.0
stage1a_single_agent_tiny,1,52200,435,1,100,100,2,0,False,32.42943572998047,5.0,5.0,0.0,0.56,0.0,0,120,29,-1,-1,0.0
stage1a_single_agent_tiny,1,52320,436,1,100,100,2,0,False,28.9602108001709,4.0,4.0,0.0,0.56,0.0,0,120,8,-1,-1,0.0
stage1a_single_agent_tiny,1,52440,437,1,100,100,2,0,False,75.59902954101562,7.0,7.0,1.0,0.56,0.0,0,120,13,63,50,0.008333333333333333
stage1a_single_agent_tiny,1,52560,438,1,100,100,2,0,False,40.484188079833984,6.0,6.0,0.0,0.6,0.0,0,120,39,-1,-1,0.0
stage1a_single_agent_tiny,1,52680,439,1,100,100,2,0,False,24.317028045654297,4.0,4.0,0.0,0.52,0.0,0,120,2,-1,-1,0.0
stage1a_single_agent_tiny,1,52800,440,1,100,100,2,0,False,49.794715881347656,7.0,7.0,0.0,0.52,0.0,0,120,19,-1,-1,0.0
stage1a_single_agent_tiny,1,52920,441,1,100,100,2,0,False,42.134830474853516,6.0,6.0,0.0,0.56,0.0,0,120,8,-1,-1,0.0
stage1a_single_agent_tiny,1,53040,442,1,100,100,2,0,False,23.80876922607422,5.0,5.0,0.0,0.6,0.0,0,120,7,-1,-1,0.0
stage1a_single_agent_tiny,1,53160,443,1,100,100,2,0,False,27.555564880371094,5.0,5.0,0.0,0.56,0.0,0,120,3,-1,-1,0.0
stage1a_single_agent_tiny,1,53280,444,1,100,100,2,0,False,37.64972686767578,6.0,6.0,0.0,0.6,0.0,0,120,54,-1,-1,0.0
stage1a_single_agent_tiny,1,53400,445,1,100,100,2,0,False,61.78114700317383,9.0,9.0,0.0,0.64,0.0,0,120,5,-1,-1,0.0
stage1a_single_agent_tiny,1,53520,446,1,100,100,2,0,False,43.620235443115234,6.0,6.0,0.0,0.56,0.0,0,120,22,-1,-1,0.0
stage1a_single_agent_tiny,1,53640,447,1,100,100,2,0,False,43.333248138427734,3.0,3.0,1.0,0.6,0.0,0,120,9,30,21,0.008333333333333333
stage1a_single_agent_tiny,1,53760,448,1,100,100,2,0,False,36.99776840209961,5.0,5.0,0.0,0.64,0.0,0,120,41,-1,-1,0.0
stage1a_single_agent_tiny,1,53880,449,1,100,100,2,0,False,51.85137176513672,5.0,5.0,1.0,0.6,0.0,0,120,16,113,97,0.008333333333333333
stage1a_single_agent_tiny,1,54000,450,1,100,100,2,0,False,69.15705871582031,6.0,6.0,1.0,0.6,0.0,0,120,26,69,43,0.008333333333333333
stage1a_single_agent_tiny,1,54120,451,1,100,100,2,0,False,39.08677673339844,6.0,6.0,0.0,0.52,0.0,0,120,20,-1,-1,0.0
stage1a_single_agent_tiny,1,54240,452,1,100,100,2,0,False,34.394264221191406,5.0,5.0,0.0,0.56,0.0,0,120,28,-1,-1,0.0
stage1a_single_agent_tiny,1,54360,453,1,100,100,2,0,False,62.74422073364258,5.0,5.0,1.0,0.56,0.0,0,120,47,54,7,0.008333333333333333
stage1a_single_agent_tiny,1,54480,454,1,100,100,2,0,False,123.26449584960938,10.0,10.0,2.0,0.48,0.0,0,120,9,40,31,0.016666666666666666
stage1a_single_agent_tiny,1,54600,455,1,100,100,2,0,False,179.9800567626953,12.0,12.0,3.0,0.56,0.0,0,120,29,72,43,0.025
stage1a_single_agent_tiny,1,54720,456,1,100,100,2,0,False,127.96391296386719,10.0,10.0,2.0,0.6,0.0,0,120,17,17,0,0.016666666666666666
stage1a_single_agent_tiny,1,54840,457,1,100,100,2,0,False,90.64946746826172,13.0,13.0,0.0,0.6,0.0,0,120,3,-1,-1,0.0
stage1a_single_agent_tiny,1,54960,458,1,100,100,2,0,False,45.102699279785156,6.0,6.0,0.0,0.6,0.0,0,120,24,-1,-1,0.0
stage1a_single_agent_tiny,1,55080,459,1,100,100,2,0,False,57.58498001098633,4.0,4.0,1.0,0.56,0.0,0,120,10,66,56,0.008333333333333333
stage1a_single_agent_tiny,1,55200,460,1,100,100,2,0,False,37.4905891418457,6.0,6.0,0.0,0.56,0.0,0,120,7,-1,-1,0.0
stage1a_single_agent_tiny,1,55320,461,1,100,100,2,0,False,14.769749641418457,3.0,3.0,0.0,0.52,0.0,0,120,7,-1,-1,0.0
stage1a_single_agent_tiny,1,55440,462,1,100,100,2,0,False,16.257404327392578,3.0,3.0,0.0,0.48,0.0,0,120,45,-1,-1,0.0
stage1a_single_agent_tiny,1,55560,463,1,100,100,2,0,False,34.399658203125,6.0,6.0,0.0,0.48,0.0,0,120,19,-1,-1,0.0
stage1a_single_agent_tiny,1,55680,464,1,100,100,2,0,False,87.08494567871094,12.0,12.0,0.0,0.52,0.0,0,120,13,-1,-1,0.0
stage1a_single_agent_tiny,1,55800,465,1,100,100,2,0,False,23.551074981689453,5.0,5.0,0.0,0.6,0.0,0,120,8,-1,-1,0.0
stage1a_single_agent_tiny,1,55920,466,1,100,100,2,0,False,56.61420822143555,5.0,5.0,1.0,0.52,0.0,0,120,7,7,0,0.008333333333333333
stage1a_single_agent_tiny,1,56040,467,1,100,100,2,0,False,84.0434341430664,12.0,12.0,0.0,0.6,0.0,0,120,6,-1,-1,0.0
stage1a_single_agent_tiny,1,56160,468,1,100,100,2,0,False,45.66311264038086,7.0,7.0,0.0,0.6,0.0,0,120,26,-1,-1,0.0
stage1a_single_agent_tiny,1,56280,469,1,100,100,2,0,False,16.94781494140625,4.0,4.0,0.0,0.52,0.0,0,120,39,-1,-1,0.0
stage1a_single_agent_tiny,1,56400,470,1,100,100,2,0,False,-6.910882949829102,1.0,1.0,0.0,0.64,0.0,0,120,11,-1,-1,0.0
stage1a_single_agent_tiny,1,56520,471,1,100,100,2,0,False,121.26260375976562,5.0,5.0,3.0,0.56,0.0,0,120,17,17,0,0.025
stage1a_single_agent_tiny,1,56640,472,1,100,100,2,0,False,106.13095092773438,11.0,11.0,1.0,0.56,0.0,0,120,10,20,10,0.008333333333333333
stage1a_single_agent_tiny,1,56760,473,1,100,100,2,0,False,53.621482849121094,8.0,8.0,0.0,0.56,0.0,0,120,13,-1,-1,0.0
stage1a_single_agent_tiny,1,56880,474,1,100,100,2,0,False,75.19509887695312,7.0,7.0,1.0,0.56,0.0,0,120,6,67,61,0.008333333333333333
stage1a_single_agent_tiny,1,57000,475,1,100,100,2,0,False,76.11344909667969,11.0,11.0,0.0,0.6,0.0,0,120,2,-1,-1,0.0
stage1a_single_agent_tiny,1,57120,476,1,100,100,2,0,False,57.6163215637207,4.0,4.0,1.0,0.52,0.0,0,120,6,6,0,0.008333333333333333
stage1a_single_agent_tiny,1,57240,477,1,100,100,2,0,False,40.777488708496094,7.0,7.0,0.0,0.52,0.0,0,120,13,-1,-1,0.0
stage1a_single_agent_tiny,1,57360,478,1,100,100,2,0,False,58.45256423950195,9.0,9.0,0.0,0.6,0.0,0,120,3,-1,-1,0.0
stage1a_single_agent_tiny,1,57480,479,1,100,100,2,0,False,56.4833869934082,8.0,8.0,0.0,0.56,0.0,0,120,9,-1,-1,0.0
stage1a_single_agent_tiny,1,57600,480,1,100,100,2,0,False,32.29309844970703,4.0,4.0,0.0,0.6,0.0,0,120,2,-1,-1,0.0
stage1a_single_agent_tiny,1,57720,481,1,100,100,2,0,False,21.428403854370117,4.0,4.0,0.0,0.56,0.0,0,120,18,-1,-1,0.0
stage1a_single_agent_tiny,1,57840,482,1,100,100,2,0,False,45.266700744628906,7.0,7.0,0.0,0.56,0.0,0,120,5,-1,-1,0.0
stage1a_single_agent_tiny,1,57960,483,1,100,100,2,0,False,60.663124084472656,5.0,5.0,1.0,0.56,0.0,0,120,27,81,54,0.008333333333333333
stage1a_single_agent_tiny,1,58080,484,1,100,100,2,0,False,48.591796875,7.0,7.0,0.0,0.56,0.0,0,120,1,-1,-1,0.0
stage1a_single_agent_tiny,1,58200,485,1,100,100,2,0,False,48.35323715209961,7.0,7.0,0.0,0.64,0.0,0,120,23,-1,-1,0.0
stage1a_single_agent_tiny,1,58320,486,1,100,100,2,0,False,2.285051107406616,1.0,1.0,0.0,0.56,0.0,0,120,19,-1,-1,0.0
stage1a_single_agent_tiny,1,58440,487,1,100,100,2,0,False,56.75509262084961,8.0,8.0,0.0,0.56,0.0,0,120,8,-1,-1,0.0
stage1a_single_agent_tiny,1,58560,488,1,100,100,2,0,False,15.256999969482422,3.0,3.0,0.0,0.6,0.0,0,120,70,-1,-1,0.0
stage1a_single_agent_tiny,1,58680,489,1,100,100,2,0,False,5.581530570983887,2.0,2.0,0.0,0.52,0.0,0,120,41,-1,-1,0.0
stage1a_single_agent_tiny,1,58800,490,1,100,100,2,0,False,43.93917465209961,7.0,7.0,0.0,0.52,0.0,0,120,2,-1,-1,0.0
stage1a_single_agent_tiny,1,58920,491,1,100,100,2,0,False,64.6685562133789,9.0,9.0,0.0,0.64,0.0,0,120,9,-1,-1,0.0
stage1a_single_agent_tiny,1,59040,492,1,100,100,2,0,False,61.24781036376953,8.0,8.0,0.0,0.56,0.0,0,120,2,-1,-1,0.0
stage1a_single_agent_tiny,1,59160,493,1,100,100,2,0,False,13.738164901733398,3.0,3.0,0.0,0.52,0.0,0,120,8,-1,-1,0.0
stage1a_single_agent_tiny,1,59280,494,1,100,100,2,0,False,19.21816062927246,3.0,3.0,0.0,0.6,0.0,0,120,22,-1,-1,0.0
stage1a_single_agent_tiny,1,59400,495,1,100,100,2,0,False,37.15764236450195,6.0,6.0,0.0,0.56,0.0,0,120,27,-1,-1,0.0
stage1a_single_agent_tiny,1,59520,496,1,100,100,2,0,False,67.5240249633789,9.0,9.0,0.0,0.6,0.0,0,120,5,-1,-1,0.0
stage1a_single_agent_tiny,1,59640,497,1,100,100,2,0,False,25.571090698242188,4.0,4.0,0.0,0.6,0.0,0,120,10,-1,-1,0.0
stage1a_single_agent_tiny,1,59760,498,1,100,100,2,0,False,5.721237659454346,2.0,2.0,0.0,0.52,0.0,0,120,25,-1,-1,0.0
stage1a_single_agent_tiny,1,59880,499,1,100,100,2,0,False,45.117454528808594,7.0,7.0,0.0,0.44,0.0,0,120,6,-1,-1,0.0
stage1a_single_agent_tiny,1,60000,500,1,100,100,2,0,False,91.1535873413086,9.0,9.0,1.0,0.6,0.0,0,120,8,108,100,0.008333333333333333
stage1a_single_agent_tiny,1,60120,501,1,100,100,2,0,False,27.608055114746094,4.0,4.0,0.0,0.56,0.0,0,120,24,-1,-1,0.0
stage1a_single_agent_tiny,1,60240,502,1,100,100,2,0,False,62.6927604675293,9.0,9.0,0.0,0.6,0.0,0,120,21,-1,-1,0.0
stage1a_single_agent_tiny,1,60360,503,1,100,100,2,0,False,97.823486328125,10.0,10.0,1.0,0.6,0.0,0,120,7,108,101,0.008333333333333333
stage1a_single_agent_tiny,1,60480,504,1,100,100,2,0,False,73.08901977539062,11.0,11.0,0.0,0.64,0.0,0,120,5,-1,-1,0.0
stage1a_single_agent_tiny,1,60600,505,1,100,100,2,0,False,46.806358337402344,7.0,7.0,0.0,0.56,0.0,0,120,19,-1,-1,0.0
stage1a_single_agent_tiny,1,60720,506,1,100,100,2,0,False,56.73713684082031,8.0,8.0,0.0,0.56,0.0,0,120,2,-1,-1,0.0
stage1a_single_agent_tiny,1,60840,507,1,100,100,2,0,False,51.510311126708984,7.0,7.0,0.0,0.64,0.0,0,120,2,-1,-1,0.0
stage1a_single_agent_tiny,1,60960,508,1,100,100,2,0,False,66.120849609375,9.0,9.0,0.0,0.56,0.0,0,120,4,-1,-1,0.0
stage1a_single_agent_tiny,1,61080,509,1,100,100,2,0,False,87.84712982177734,8.0,8.0,1.0,0.6,0.0,0,120,4,54,50,0.008333333333333333
stage1a_single_agent_tiny,1,61200,510,1,100,100,2,0,False,75.25279235839844,4.0,4.0,2.0,0.48,0.0,0,120,42,42,0,0.016666666666666666
stage1a_single_agent_tiny,1,61320,511,1,100,100,2,0,False,40.27168655395508,6.0,6.0,0.0,0.52,0.0,0,120,33,-1,-1,0.0
stage1a_single_agent_tiny,1,61440,512,1,100,100,2,0,False,131.32254028320312,14.0,14.0,1.0,0.6,0.0,0,120,2,87,85,0.008333333333333333
stage1a_single_agent_tiny,1,61560,513,1,100,100,2,0,False,51.63111114501953,8.0,8.0,0.0,0.56,0.0,0,120,11,-1,-1,0.0
stage1a_single_agent_tiny,1,61680,514,1,100,100,2,0,False,27.452234268188477,4.0,4.0,0.0,0.52,0.0,0,120,6,-1,-1,0.0
stage1a_single_agent_tiny,1,61800,515,1,100,100,2,0,False,48.264381408691406,7.0,7.0,0.0,0.56,0.0,0,120,5,-1,-1,0.0
stage1a_single_agent_tiny,1,61920,516,1,100,100,2,0,False,2.0781683921813965,1.0,1.0,0.0,0.56,0.0,0,120,92,-1,-1,0.0
stage1a_single_agent_tiny,1,62040,517,1,100,100,2,0,False,50.12224197387695,8.0,8.0,0.0,0.56,0.0,0,120,17,-1,-1,0.0
stage1a_single_agent_tiny,1,62160,518,1,100,100,2,0,False,62.28234100341797,5.0,5.0,1.0,0.52,0.0,0,120,7,22,15,0.008333333333333333
stage1a_single_agent_tiny,1,62280,519,1,100,100,2,0,False,46.81373596191406,7.0,7.0,0.0,0.6,0.0,0,120,12,-1,-1,0.0
stage1a_single_agent_tiny,1,62400,520,1,100,100,2,0,False,22.989791870117188,4.0,4.0,0.0,0.6,0.0,0,120,4,-1,-1,0.0
stage1a_single_agent_tiny,1,62520,521,1,100,100,2,0,False,189.63990783691406,14.0,14.0,3.0,0.56,0.0,0,120,11,17,6,0.025
stage1a_single_agent_tiny,1,62640,522,1,100,100,2,0,False,39.24116516113281,6.0,6.0,0.0,0.56,0.0,0,120,3,-1,-1,0.0
stage1a_single_agent_tiny,1,62760,523,1,100,100,2,0,False,121.43144989013672,12.0,12.0,1.0,0.56,0.0,0,120,23,79,56,0.008333333333333333
stage1a_single_agent_tiny,1,62880,524,1,100,100,2,0,False,104.47794342041016,11.0,11.0,1.0,0.64,0.0,0,120,6,113,107,0.008333333333333333
stage1a_single_agent_tiny,1,63000,525,1,100,100,2,0,False,31.10441780090332,5.0,5.0,0.0,0.56,0.0,0,120,36,-1,-1,0.0
stage1a_single_agent_tiny,1,63120,526,1,100,100,2,0,False,65.35123443603516,5.0,5.0,1.0,0.52,0.0,0,120,7,24,17,0.008333333333333333
stage1a_single_agent_tiny,1,63240,527,1,100,100,2,0,False,57.94556427001953,8.0,8.0,0.0,0.56,0.0,0,120,26,-1,-1,0.0
stage1a_single_agent_tiny,1,63360,528,1,100,100,2,0,False,62.462440490722656,5.0,5.0,1.0,0.6,0.0,0,120,15,70,55,0.008333333333333333
stage1a_single_agent_tiny,1,63480,529,1,100,100,2,0,False,114.77543640136719,8.0,8.0,2.0,0.52,0.0,0,120,7,117,110,0.016666666666666666
stage1a_single_agent_tiny,1,63600,530,1,100,100,2,0,False,32.5546760559082,5.0,5.0,0.0,0.52,0.0,0,120,13,-1,-1,0.0
stage1a_single_agent_tiny,1,63720,531,1,100,100,2,0,False,102.8326187133789,11.0,11.0,1.0,0.6,0.0,0,120,26,94,68,0.008333333333333333
stage1a_single_agent_tiny,1,63840,532,1,100,100,2,0,False,18.033740997314453,3.0,3.0,0.0,0.4,0.0,0,120,46,-1,-1,0.0
stage1a_single_agent_tiny,1,63960,533,1,100,100,2,0,False,29.5140323638916,5.0,5.0,0.0,0.4,0.0,0,120,19,-1,-1,0.0
stage1a_single_agent_tiny,1,64080,534,1,100,100,2,0,False,78.66162109375,11.0,11.0,0.0,0.6,0.0,0,120,8,-1,-1,0.0
stage1a_single_agent_tiny,1,64200,535,1,100,100,2,0,False,20.031574249267578,4.0,4.0,0.0,0.64,0.0,0,120,39,-1,-1,0.0
stage1a_single_agent_tiny,1,64320,536,1,100,100,2,0,False,56.619972229003906,8.0,8.0,0.0,0.6,0.0,0,120,3,-1,-1,0.0
stage1a_single_agent_tiny,1,64440,537,1,100,100,2,0,False,32.361324310302734,5.0,5.0,0.0,0.56,0.0,0,120,4,-1,-1,0.0
stage1a_single_agent_tiny,1,64560,538,1,100,100,2,0,False,19.45705795288086,3.0,3.0,0.0,0.6,0.0,0,120,77,-1,-1,0.0
stage1a_single_agent_tiny,1,64680,539,1,100,100,2,0,False,70.55848693847656,9.0,9.0,0.0,0.52,0.0,0,120,12,-1,-1,0.0
stage1a_single_agent_tiny,1,64800,540,1,100,100,2,0,False,67.68304443359375,6.0,6.0,1.0,0.44,0.0,0,120,4,115,111,0.008333333333333333
stage1a_single_agent_tiny,1,64920,541,1,100,100,2,0,False,107.9104232788086,15.0,15.0,0.0,0.6,0.0,0,120,8,-1,-1,0.0
stage1a_single_agent_tiny,1,65040,542,1,100,100,2,0,False,88.44947814941406,9.0,9.0,1.0,0.56,0.0,0,120,18,18,0,0.008333333333333333
stage1a_single_agent_tiny,1,65160,543,1,100,100,2,0,False,11.49405288696289,2.0,2.0,0.0,0.36,0.0,0,120,71,-1,-1,0.0
stage1a_single_agent_tiny,1,65280,544,1,100,100,2,0,False,54.691619873046875,4.0,4.0,1.0,0.44,0.0,0,120,25,77,52,0.008333333333333333
stage1a_single_agent_tiny,1,65400,545,1,100,100,2,0,False,18.46173858642578,4.0,4.0,0.0,0.52,0.0,0,120,11,-1,-1,0.0
stage1a_single_agent_tiny,1,65520,546,1,100,100,2,0,False,27.161928176879883,4.0,4.0,0.0,0.52,0.0,0,120,26,-1,-1,0.0
stage1a_single_agent_tiny,1,65640,547,1,100,100,2,0,False,47.25774002075195,7.0,7.0,0.0,0.6,0.0,0,120,2,-1,-1,0.0
stage1a_single_agent_tiny,1,65760,548,1,100,100,2,0,False,62.99684143066406,9.0,9.0,0.0,0.6,0.0,0,120,18,-1,-1,0.0
stage1a_single_agent_tiny,1,65880,549,1,100,100,2,0,False,13.881596565246582,4.0,4.0,0.0,0.64,0.0,0,120,8,-1,-1,0.0
stage1a_single_agent_tiny,1,66000,550,1,100,100,2,0,False,108.93245697021484,11.0,11.0,1.0,0.52,0.0,0,120,5,68,63,0.008333333333333333
stage1a_single_agent_tiny,1,66120,551,1,100,100,2,0,False,49.96369934082031,7.0,7.0,0.0,0.56,0.0,0,120,5,-1,-1,0.0
stage1a_single_agent_tiny,1,66240,552,1,100,100,2,0,False,99.96051788330078,11.0,11.0,1.0,0.56,0.0,0,120,11,58,47,0.008333333333333333
stage1a_single_agent_tiny,1,66360,553,1,100,100,2,0,False,-4.052412033081055,0.0,0.0,0.0,0.56,0.0,0,120,-1,-1,-1,0.0
stage1a_single_agent_tiny,1,66480,554,1,100,100,2,0,False,138.79100036621094,7.0,7.0,3.0,0.6,0.0,0,120,33,33,0,0.025
stage1a_single_agent_tiny,1,66600,555,1,100,100,2,0,False,108.44314575195312,7.0,7.0,2.0,0.6,0.0,0,120,33,57,24,0.016666666666666666
stage1a_single_agent_tiny,1,66720,556,1,100,100,2,0,False,55.322025299072266,9.0,9.0,0.0,0.56,0.0,0,120,12,-1,-1,0.0
stage1a_single_agent_tiny,1,66840,557,1,100,100,2,0,False,32.56929397583008,5.0,5.0,0.0,0.48,0.0,0,120,21,-1,-1,0.0
stage1a_single_agent_tiny,1,66960,558,1,100,100,2,0,False,96.4564437866211,10.0,10.0,1.0,0.56,0.0,0,120,16,87,71,0.008333333333333333
stage1a_single_agent_tiny,1,67080,559,1,100,100,2,0,False,58.26504898071289,9.0,9.0,0.0,0.48,0.0,0,120,36,-1,-1,0.0
stage1a_single_agent_tiny,1,67200,560,1,100,100,2,0,False,75.24893951416016,10.0,10.0,0.0,0.48,0.0,0,120,21,-1,-1,0.0
stage1a_single_agent_tiny,1,67320,561,1,100,100,2,0,False,110.59996795654297,11.0,11.0,1.0,0.56,0.0,0,120,2,74,72,0.008333333333333333
stage1a_single_agent_tiny,1,67440,562,1,100,100,2,0,False,37.085784912109375,5.0,5.0,0.0,0.52,0.0,0,120,52,-1,-1,0.0
stage1a_single_agent_tiny,1,67560,563,1,100,100,2,0,False,69.1549072265625,10.0,10.0,0.0,0.56,0.0,0,120,10,-1,-1,0.0
stage1a_single_agent_tiny,1,67680,564,1,100,100,2,0,False,60.051944732666016,9.0,9.0,0.0,0.44,0.0,0,120,16,-1,-1,0.0
stage1a_single_agent_tiny,1,67800,565,1,100,100,2,0,False,50.26677703857422,8.0,8.0,0.0,0.52,0.0,0,120,26,-1,-1,0.0
stage1a_single_agent_tiny,1,67920,566,1,100,100,2,0,False,40.72140121459961,6.0,6.0,0.0,0.44,0.0,0,120,11,-1,-1,0.0
stage1a_single_agent_tiny,1,68040,567,1,100,100,2,0,False,16.56321907043457,3.0,3.0,0.0,0.48,0.0,0,120,61,-1,-1,0.0
stage1a_single_agent_tiny,1,68160,568,1,100,100,2,0,False,74.00540161132812,10.0,10.0,0.0,0.64,0.0,0,120,3,-1,-1,0.0
stage1a_single_agent_tiny,1,68280,569,1,100,100,2,0,False,70.77640533447266,10.0,10.0,0.0,0.56,0.0,0,120,9,-1,-1,0.0
stage1a_single_agent_tiny,1,68400,570,1,100,100,2,0,False,46.94673538208008,7.0,7.0,0.0,0.56,0.0,0,120,34,-1,-1,0.0
stage1a_single_agent_tiny,1,68520,571,1,100,100,2,0,False,46.954532623291016,7.0,7.0,0.0,0.56,0.0,0,120,20,-1,-1,0.0
stage1a_single_agent_tiny,1,68640,572,1,100,100,2,0,False,80.31975555419922,11.0,11.0,0.0,0.6,0.0,0,120,5,-1,-1,0.0
stage1a_single_agent_tiny,1,68760,573,1,100,100,2,0,False,114.8633804321289,8.0,8.0,2.0,0.6,0.0,0,120,8,21,13,0.016666666666666666
stage1a_single_agent_tiny,1,68880,574,1,100,100,2,0,False,4.067631721496582,2.0,2.0,0.0,0.44,0.0,0,120,1,-1,-1,0.0
stage1a_single_agent_tiny,1,69000,575,1,100,100,2,0,False,22.671634674072266,4.0,4.0,0.0,0.6,0.0,0,120,11,-1,-1,0.0
stage1a_single_agent_tiny,1,69120,576,1,100,100,2,0,False,13.755269050598145,3.0,3.0,0.0,0.52,0.0,0,120,68,-1,-1,0.0
stage1a_single_agent_tiny,1,69240,577,1,100,100,2,0,False,22.58251953125,3.0,3.0,0.0,0.52,0.0,0,120,23,-1,-1,0.0
stage1a_single_agent_tiny,1,69360,578,1,100,100,2,0,False,56.369544982910156,8.0,8.0,0.0,0.64,0.0,0,120,10,-1,-1,0.0
stage1a_single_agent_tiny,1,69480,579,1,100,100,2,0,False,13.34218692779541,3.0,3.0,0.0,0.6,0.0,0,120,10,-1,-1,0.0
stage1a_single_agent_tiny,1,69600,580,1,100,100,2,0,False,26.460052490234375,5.0,5.0,0.0,0.56,0.0,0,120,30,-1,-1,0.0
stage1a_single_agent_tiny,1,69720,581,1,100,100,2,0,False,96.25796508789062,9.0,9.0,1.0,0.6,0.0,0,120,28,33,5,0.008333333333333333
stage1a_single_agent_tiny,1,69840,582,1,100,100,2,0,False,51.951602935791016,8.0,8.0,0.0,0.56,0.0,0,120,6,-1,-1,0.0
stage1a_single_agent_tiny,1,69960,583,1,100,100,2,0,False,61.453582763671875,9.0,9.0,0.0,0.56,0.0,0,120,15,-1,-1,0.0
stage1a_single_agent_tiny,1,70080,584,1,100,100,2,0,False,51.12443161010742,7.0,7.0,0.0,0.52,0.0,0,120,6,-1,-1,0.0
stage1a_single_agent_tiny,1,70200,585,1,100,100,2,0,False,107.51746368408203,12.0,12.0,1.0,0.56,0.0,0,120,3,97,94,0.008333333333333333
stage1a_single_agent_tiny,1,70320,586,1,100,100,2,0,False,12.09963321685791,3.0,3.0,0.0,0.52,0.0,0,120,29,-1,-1,0.0
stage1a_single_agent_tiny,1,70440,587,1,100,100,2,0,False,47.10538864135742,7.0,7.0,0.0,0.56,0.0,0,120,12,-1,-1,0.0
stage1a_single_agent_tiny,1,70560,588,1,100,100,2,0,False,29.491384506225586,5.0,5.0,0.0,0.64,0.0,0,120,9,-1,-1,0.0
stage1a_single_agent_tiny,1,70680,589,1,100,100,2,0,False,34.453575134277344,5.0,5.0,0.0,0.56,0.0,0,120,10,-1,-1,0.0
stage1a_single_agent_tiny,1,70800,590,1,100,100,2,0,False,26.254667282104492,4.0,4.0,0.0,0.48,0.0,0,120,74,-1,-1,0.0
stage1a_single_agent_tiny,1,70920,591,1,100,100,2,0,False,15.30692195892334,3.0,3.0,0.0,0.64,0.0,0,120,28,-1,-1,0.0
stage1a_single_agent_tiny,1,71040,592,1,100,100,2,0,False,68.9979476928711,9.0,9.0,0.0,0.6,0.0,0,120,3,-1,-1,0.0
stage1a_single_agent_tiny,1,71160,593,1,100,100,2,0,False,40.462059020996094,6.0,6.0,0.0,0.6,0.0,0,120,16,-1,-1,0.0
stage1a_single_agent_tiny,1,71280,594,1,100,100,2,0,False,29.297056198120117,5.0,5.0,0.0,0.56,0.0,0,120,60,-1,-1,0.0
stage1a_single_agent_tiny,1,71400,595,1,100,100,2,0,False,32.28582763671875,5.0,5.0,0.0,0.56,0.0,0,120,8,-1,-1,0.0
stage1b_single_agent_obstacles,2,71648,596,1,420,320,2,2,False,5.789166450500488,1.0,1.0,0.0,0.07936507936507936,0.0,0,220,8,-1,-1,0.0
stage1b_single_agent_obstacles,2,71868,597,1,420,320,2,2,False,6.42165994644165,1.0,1.0,0.0,0.11507936507936507,0.0,0,220,14,-1,-1,0.0
stage1b_single_agent_obstacles,2,72088,598,1,420,320,2,2,False,-3.5374693870544434,0.0,0.0,0.0,0.12301587301587301,0.0,0,220,-1,-1,-1,0.0
stage1b_single_agent_obstacles,2,72308,599,1,420,320,2,2,False,5.334982872009277,1.0,1.0,0.0,0.09523809523809523,0.0,0,220,152,-1,-1,0.0
stage1b_single_agent_obstacles,2,72528,600,1,420,320,2,2,False,-22.490032196044922,0.0,0.0,0.0,0.0992063492063492,0.0,0,220,-1,-1,-1,0.0
stage1b_single_agent_obstacles,2,72748,601,1,420,320,2,2,False,13.63631820678711,2.0,2.0,0.0,0.0873015873015873,0.0,0,220,81,-1,-1,0.0
stage1b_single_agent_obstacles,2,72968,602,1,420,320,2,2,False,5.002491474151611,1.0,1.0,0.0,0.1111111111111111,0.0,0,220,82,-1,-1,0.0
stage1b_single_agent_obstacles,2,73188,603,1,420,320,2,2,False,7.23299503326416,1.0,1.0,0.0,0.10714285714285714,0.0,0,220,57,-1,-1,0.0
stage1b_single_agent_obstacles,2,73408,604,1,420,320,2,2,False,-4.242889404296875,0.0,0.0,0.0,0.06746031746031746,0.0,0,220,-1,-1,-1,0.0
stage1b_single_agent_obstacles,2,73628,605,1,420,320,2,2,False,-2.2399983406066895,0.0,0.0,0.0,0.07539682539682539,0.0,0,220,-1,-1,-1,0.0
stage1b_single_agent_obstacles,2,73848,606,1,420,320,2,2,False,-3.769998073577881,0.0,0.0,0.0,0.06746031746031746,0.0,0,220,-1,-1,-1,0.0
stage1b_single_agent_obstacles,2,74068,607,1,420,320,2,2,False,-9.551406860351562,1.0,1.0,0.0,0.09523809523809523,0.0,0,220,154,-1,-1,0.0
stage1b_single_agent_obstacles,2,74288,608,1,420,320,2,2,False,5.745380401611328,1.0,1.0,0.0,0.14682539682539683,0.0,0,220,185,-1,-1,0.0
stage1b_single_agent_obstacles,2,74508,609,1,420,320,2,2,False,7.060585975646973,1.0,1.0,0.0,0.11904761904761904,0.0,0,220,49,-1,-1,0.0
stage1b_single_agent_obstacles,2,74728,610,1,420,320,2,2,False,6.423227310180664,1.0,1.0,0.0,0.07936507936507936,0.0,0,220,109,-1,-1,0.0
stage1b_single_agent_obstacles,2,74948,611,1,420,320,2,2,False,-5.140017032623291,0.0,0.0,0.0,0.05952380952380952,0.0,0,220,-1,-1,-1,0.0
stage1b_single_agent_obstacles,2,75168,612,1,420,320,2,2,False,7.895870685577393,1.0,1.0,0.0,0.13095238095238096,0.0,0,220,212,-1,-1,0.0
stage1b_single_agent_obstacles,2,75388,613,1,420,320,2,2,False,-0.6972211003303528,0.0,0.0,0.0,0.09523809523809523,0.0,0,220,-1,-1,-1,0.0
stage1b_single_agent_obstacles,2,75608,614,1,420,320,2,2,False,-0.9554782509803772,0.0,0.0,0.0,0.051587301587301584,0.0,0,220,-1,-1,-1,0.0
stage1b_single_agent_obstacles,2,75828,615,1,420,320,2,2,False,5.949404239654541,1.0,1.0,0.0,0.07539682539682539,0.0,0,220,85,-1,-1,0.0
stage1b_single_agent_obstacles,2,76048,616,1,420,320,2,2,False,12.824237823486328,2.0,2.0,0.0,0.11507936507936507,0.0,0,220,61,-1,-1,0.0
stage1b_single_agent_obstacles,2,76268,617,1,420,320,2,2,False,7.185369491577148,1.0,1.0,0.0,0.07936507936507936,0.0,0,220,9,-1,-1,0.0
stage1b_single_agent_obstacles,2,76488,618,1,420,320,2,2,False,-1.0406948328018188,0.0,0.0,0.0,0.12301587301587301,0.0,0,220,-1,-1,-1,0.0
stage1b_single_agent_obstacles,2,76708,619,1,420,320,2,2,False,-0.4303343594074249,1.0,1.0,0.0,0.07936507936507936,0.0,0,220,6,-1,-1,0.0
stage1b_single_agent_obstacles,2,76928,620,1,420,320,2,2,False,5.919421195983887,1.0,1.0,0.0,0.1111111111111111,0.0,0,220,10,-1,-1,0.0
stage1b_single_agent_obstacles,2,77148,621,1,420,320,2,2,False,-0.9056337475776672,0.0,0.0,0.0,0.06746031746031746,0.0,0,220,-1,-1,-1,0.0
stage1b_single_agent_obstacles,2,77368,622,1,420,320,2,2,False,-33.99409484863281,1.0,1.0,0.0,0.12698412698412698,0.0,0,220,207,-1,-1,0.0
stage1b_single_agent_obstacles,2,77588,623,1,420,320,2,2,False,7.33297061920166,1.0,1.0,0.0,0.10714285714285714,0.0,0,220,18,-1,-1,0.0
stage1b_single_agent_obstacles,2,77808,624,1,420,320,2,2,False,6.395882606506348,1.0,1.0,0.0,0.10317460317460317,0.0,0,220,74,-1,-1,0.0
stage1b_single_agent_obstacles,2,78028,625,1,420,320,2,2,False,-14.849452018737793,0.0,0.0,0.0,0.1626984126984127,0.0,0,220,-1,-1,-1,0.0
stage1b_single_agent_obstacles,2,78248,626,1,420,320,2,2,False,-4.056221961975098,0.0,0.0,0.0,0.09523809523809523,0.0,0,220,-1,-1,-1,0.0
stage1b_single_agent_obstacles,2,78468,627,1,420,320,2,2,False,-2.3195114135742188,0.0,0.0,0.0,0.11904761904761904,0.0,0,220,-1,-1,-1,0.0
stage1b_single_agent_obstacles,2,78688,628,1,420,320,2,2,False,-1.134534478187561,0.0,0.0,0.0,0.05555555555555555,0.0,0,220,-1,-1,-1,0.0
stage1b_single_agent_obstacles,2,78908,629,1,420,320,2,2,False,48.108673095703125,3.0,3.0,1.0,0.13095238095238096,0.0,0,220,43,112,69,0.004545454545454545
stage1b_single_agent_obstacles,2,79128,630,1,420,320,2,2,False,-1.101593017578125,0.0,0.0,0.0,0.05555555555555555,0.0,0,220,-1,-1,-1,0.0
stage1b_single_agent_obstacles,2,79348,631,1,420,320,2,2,False,7.344472408294678,1.0,1.0,0.0,0.10714285714285714,0.0,0,220,86,-1,-1,0.0
stage1b_single_agent_obstacles,2,79568,632,1,420,320,2,2,False,-10.973505973815918,1.0,1.0,0.0,0.20238095238095238,0.0,0,220,11,-1,-1,0.0
stage1b_single_agent_obstacles,2,79788,633,1,420,320,2,2,False,-2.449998140335083,0.0,0.0,0.0,0.05555555555555555,0.0,0,220,-1,-1,-1,0.0
stage1b_single_agent_obstacles,2,80008,634,1,420,320,2,2,False,21.811111450195312,3.0,3.0,0.0,0.10317460317460317,0.0,0,220,6,-1,-1,0.0
stage1b_single_agent_obstacles,2,80228,635,1,420,320,2,2,False,0.9542489647865295,1.0,1.0,0.0,0.1349206349206349,0.0,0,220,8,-1,-1,0.0
stage1b_single_agent_obstacles,2,80448,636,1,420,320,2,2,False,-2.45999813079834,0.0,0.0,0.0,0.05555555555555555,0.0,0,220,-1,-1,-1,0.0
stage1b_single_agent_obstacles,2,80668,637,1,420,320,2,2,False,5.748030662536621,1.0,1.0,0.0,0.11904761904761904,0.0,0,220,66,-1,-1,0.0
stage1b_single_agent_obstacles,2,80888,638,1,420,320,2,2,False,-2.389998197555542,0.0,0.0,0.0,0.06349206349206349,0.0,0,220,-1,-1,-1,0.0
stage1b_single_agent_obstacles,2,81108,639,1,420,320,2,2,False,-65.72992706298828,0.0,0.0,0.0,0.01984126984126984,0.0,0,220,-1,-1,-1,0.0
stage1b_single_agent_obstacles,2,81328,640,1,420,320,2,2,False,-2.31644868850708,0.0,0.0,0.0,0.09523809523809523,0.0,0,220,-1,-1,-1,0.0
stage1b_single_agent_obstacles,2,81548,641,1,420,320,2,2,False,-10.064476013183594,0.0,0.0,0.0,0.0873015873015873,0.0,0,220,-1,-1,-1,0.0
stage1b_single_agent_obstacles,2,81768,642,1,420,320,2,2,False,14.795066833496094,2.0,2.0,0.0,0.1349206349206349,0.0,0,220,60,-1,-1,0.0
stage1b_single_agent_obstacles,2,81988,643,1,420,320,2,2,False,-5.781406402587891,1.0,1.0,0.0,0.12301587301587301,0.0,0,220,192,-1,-1,0.0
stage1b_single_agent_obstacles,2,82208,644,1,420,320,2,2,False,-10.50687026977539,2.0,2.0,0.0,0.13095238095238096,0.0,0,220,48,-1,-1,0.0
stage1b_single_agent_obstacles,2,82428,645,1,420,320,2,2,False,7.2600998878479,1.0,1.0,0.0,0.1349206349206349,0.0,0,220,62,-1,-1,0.0
stage1b_single_agent_obstacles,2,82648,646,1,420,320,2,2,False,-3.8999979496002197,0.0,0.0,0.0,0.06349206349206349,0.0,0,220,-1,-1,-1,0.0
stage1b_single_agent_obstacles,2,82868,647,1,420,320,2,2,False,-6.710021018981934,0.0,0.0,0.0,0.10714285714285714,0.0,0,220,-1,-1,-1,0.0
stage1b_single_agent_obstacles,2,83088,648,1,420,320,2,2,False,-15.688191413879395,1.0,1.0,0.0,0.10714285714285714,0.0,0,220,12,-1,-1,0.0
stage1b_single_agent_obstacles,2,83308,649,1,420,320,2,2,False,7.291738986968994,1.0,1.0,0.0,0.07936507936507936,0.0,0,220,37,-1,-1,0.0
stage1b_single_agent_obstacles,2,83528,650,1,420,320,2,2,False,-3.9451169967651367,1.0,1.0,0.0,0.1349206349206349,0.0,0,220,5,-1,-1,0.0
stage1b_single_agent_obstacles,2,83748,651,1,420,320,2,2,False,12.556863784790039,2.0,2.0,0.0,0.10317460317460317,0.0,0,220,75,-1,-1,0.0
stage1b_single_agent_obstacles,2,83968,652,1,420,320,2,2,False,-3.828315496444702,0.0,0.0,0.0,0.06349206349206349,0.0,0,220,-1,-1,-1,0.0
stage1b_single_agent_obstacles,2,84188,653,1,420,320,2,2,False,-2.4099981784820557,0.0,0.0,0.0,0.05952380952380952,0.0,0,220,-1,-1,-1,0.0
stage1b_single_agent_obstacles,2,84408,654,1,420,320,2,2,False,-2.5399980545043945,0.0,0.0,0.0,0.04365079365079365,0.0,0,220,-1,-1,-1,0.0
stage1b_single_agent_obstacles,2,84628,655,1,420,320,2,2,False,9.501720428466797,3.0,3.0,0.0,0.0873015873015873,0.0,0,220,36,-1,-1,0.0
stage1b_single_agent_obstacles,2,84848,656,1,420,320,2,2,False,-5.808983325958252,1.0,1.0,0.0,0.1111111111111111,0.0,0,220,57,-1,-1,0.0
stage1b_single_agent_obstacles,2,85068,657,1,420,320,2,2,False,1.2019648551940918,1.0,1.0,0.0,0.13095238095238096,0.0,0,220,182,-1,-1,0.0
stage1b_single_agent_obstacles,2,85288,658,1,420,320,2,2,False,-9.74818229675293,0.0,0.0,0.0,0.1349206349206349,0.0,0,220,-1,-1,-1,0.0
stage1b_single_agent_obstacles,2,85508,659,1,420,320,2,2,False,-1.0460456609725952,0.0,0.0,0.0,0.07936507936507936,0.0,0,220,-1,-1,-1,0.0
stage1b_single_agent_obstacles,2,85728,660,1,420,320,2,2,False,-2.759997844696045,0.0,0.0,0.0,0.027777777777777776,0.0,0,220,-1,-1,-1,0.0
stage1b_single_agent_obstacles,2,85948,661,1,420,320,2,2,False,4.318713665008545,1.0,1.0,0.0,0.07936507936507936,0.0,0,220,23,-1,-1,0.0
stage1b_single_agent_obstacles,2,86168,662,1,420,320,2,2,False,-1.1024577617645264,0.0,0.0,0.0,0.05952380952380952,0.0,0,220,-1,-1,-1,0.0
stage1b_single_agent_obstacles,2,86388,663,1,420,320,2,2,False,0.2422390729188919,1.0,1.0,0.0,0.08333333333333333,0.0,0,220,20,-1,-1,0.0
stage1b_single_agent_obstacles,2,86608,664,1,420,320,2,2,False,-5.3600172996521,0.0,0.0,0.0,0.07936507936507936,0.0,0,220,-1,-1,-1,0.0
stage1b_single_agent_obstacles,2,86828,665,1,420,320,2,2,False,-2.1799983978271484,0.0,0.0,0.0,0.09523809523809523,0.0,0,220,-1,-1,-1,0.0
stage1b_single_agent_obstacles,2,87048,666,1,420,320,2,2,False,-0.7768622636795044,0.0,0.0,0.0,0.10317460317460317,0.0,0,220,-1,-1,-1,0.0
stage1b_single_agent_obstacles,2,87268,667,1,420,320,2,2,False,13.53173828125,2.0,2.0,0.0,0.04365079365079365,0.0,0,220,29,-1,-1,0.0
stage1b_single_agent_obstacles,2,87488,668,1,420,320,2,2,False,6.439853668212891,2.0,2.0,0.0,0.12698412698412698,0.0,0,220,50,-1,-1,0.0
stage1b_single_agent_obstacles,2,87708,669,1,420,320,2,2,False,23.160350799560547,3.0,3.0,0.0,0.14682539682539683,0.0,0,220,31,-1,-1,0.0
stage1b_single_agent_obstacles,2,87928,670,1,420,320,2,2,False,-14.498679161071777,0.0,0.0,0.0,0.11904761904761904,0.0,0,220,-1,-1,-1,0.0
stage1b_single_agent_obstacles,2,88148,671,1,420,320,2,2,False,-2.749997854232788,0.0,0.0,0.0,0.04365079365079365,0.0,0,220,-1,-1,-1,0.0
stage1b_single_agent_obstacles,2,88368,672,1,420,320,2,2,False,-9.570831298828125,0.0,0.0,0.0,0.10714285714285714,0.0,0,220,-1,-1,-1,0.0
stage1b_single_agent_obstacles,2,88588,673,1,420,320,2,2,False,-1.007019281387329,0.0,0.0,0.0,0.10317460317460317,0.0,0,220,-1,-1,-1,0.0
stage1b_single_agent_obstacles,2,88808,674,1,420,320,2,2,False,14.957721710205078,2.0,2.0,0.0,0.09126984126984126,0.0,0,220,189,-1,-1,0.0
stage1b_single_agent_obstacles,2,89028,675,1,420,320,2,2,False,13.55012321472168,2.0,2.0,0.0,0.08333333333333333,0.0,0,220,84,-1,-1,0.0
stage1b_single_agent_obstacles,2,89248,676,1,420,320,2,2,False,-2.7966296672821045,0.0,0.0,0.0,0.03968253968253968,0.0,0,220,-1,-1,-1,0.0
stage1b_single_agent_obstacles,2,89468,677,1,420,320,2,2,False,-0.40957778692245483,0.0,0.0,0.0,0.09126984126984126,0.0,0,220,-1,-1,-1,0.0
stage1b_single_agent_obstacles,2,89688,678,1,420,320,2,2,False,7.162619113922119,1.0,1.0,0.0,0.12301587301587301,0.0,0,220,128,-1,-1,0.0
stage1b_single_agent_obstacles,2,89908,679,1,420,320,2,2,False,3.542928695678711,1.0,1.0,0.0,0.17857142857142858,0.0,0,220,29,-1,-1,0.0
stage1b_single_agent_obstacles,2,90128,680,1,420,320,2,2,False,7.352622985839844,1.0,1.0,0.0,0.1349206349206349,0.0,0,220,101,-1,-1,0.0
stage1b_single_agent_obstacles,2,90348,681,1,420,320,2,2,False,15.817447662353516,2.0,2.0,0.0,0.15873015873015872,0.0,0,220,114,-1,-1,0.0
stage1b_single_agent_obstacles,2,90568,682,1,420,320,2,2,False,-1.0026473999023438,0.0,0.0,0.0,0.09126984126984126,0.0,0,220,-1,-1,-1,0.0
stage1b_single_agent_obstacles,2,90788,683,1,420,320,2,2,False,8.136860847473145,1.0,1.0,0.0,0.14285714285714285,0.0,0,220,184,-1,-1,0.0
stage1b_single_agent_obstacles,2,91008,684,1,420,320,2,2,False,-2.559998035430908,0.0,0.0,0.0,0.03968253968253968,0.0,0,220,-1,-1,-1,0.0
stage1b_single_agent_obstacles,2,91228,685,1,420,320,2,2,False,20.919954299926758,4.0,4.0,0.0,0.16666666666666666,0.0,0,220,105,-1,-1,0.0
stage1b_single_agent_obstacles,2,91448,686,1,420,320,2,2,False,11.132760047912598,2.0,2.0,0.0,0.10714285714285714,0.0,0,220,47,-1,-1,0.0
stage1b_single_agent_obstacles,2,91668,687,1,420,320,2,2,False,9.42436408996582,2.0,2.0,0.0,0.10317460317460317,0.0,0,220,97,-1,-1,0.0
stage1b_single_agent_obstacles,2,91888,688,1,420,320,2,2,False,-1.8461966514587402,0.0,0.0,0.0,0.17857142857142858,0.0,0,220,-1,-1,-1,0.0
stage1b_single_agent_obstacles,2,92108,689,1,420,320,2,2,False,12.399177551269531,2.0,2.0,0.0,0.0992063492063492,0.0,0,220,8,-1,-1,0.0
stage1b_single_agent_obstacles,2,92328,690,1,420,320,2,2,False,7.401225566864014,1.0,1.0,0.0,0.12698412698412698,0.0,0,220,23,-1,-1,0.0
stage1b_single_agent_obstacles,2,92548,691,1,420,320,2,2,False,14.048691749572754,2.0,2.0,0.0,0.20634920634920634,0.0,0,220,169,-1,-1,0.0
stage1b_single_agent_obstacles,2,92768,692,1,420,320,2,2,False,-21.149383544921875,1.0,1.0,0.0,0.11904761904761904,0.0,0,220,215,-1,-1,0.0
stage1b_single_agent_obstacles,2,92988,693,1,420,320,2,2,False,-13.425294876098633,1.0,1.0,0.0,0.13095238095238096,0.0,0,220,40,-1,-1,0.0
stage1b_single_agent_obstacles,2,93208,694,1,420,320,2,2,False,15.657264709472656,2.0,2.0,0.0,0.15079365079365079,0.0,0,220,18,-1,-1,0.0
stage1b_single_agent_obstacles,2,93428,695,1,420,320,2,2,False,-7.955898284912109,0.0,0.0,0.0,0.12301587301587301,0.0,0,220,-1,-1,-1,0.0
stage1b_single_agent_obstacles,2,93648,696,1,420,320,2,2,False,-2.434717893600464,0.0,0.0,0.0,0.10317460317460317,0.0,0,220,-1,-1,-1,0.0
stage1b_single_agent_obstacles,2,93868,697,1,420,320,2,2,False,4.54432487487793,1.0,1.0,0.0,0.08333333333333333,0.0,0,220,37,-1,-1,0.0
stage1b_single_agent_obstacles,2,94088,698,1,420,320,2,2,False,-2.142418622970581,0.0,0.0,0.0,0.12301587301587301,0.0,0,220,-1,-1,-1,0.0
stage1b_single_agent_obstacles,2,94308,699,1,420,320,2,2,False,6.766233444213867,1.0,1.0,0.0,0.12301587301587301,0.0,0,220,144,-1,-1,0.0
stage1b_single_agent_obstacles,2,94528,700,1,420,320,2,2,False,4.502808094024658,1.0,1.0,0.0,0.12698412698412698,0.0,0,220,126,-1,-1,0.0
stage1b_single_agent_obstacles,2,94748,701,1,420,320,2,2,False,3.135554075241089,1.0,1.0,0.0,0.08333333333333333,0.0,0,220,59,-1,-1,0.0
stage1b_single_agent_obstacles,2,94968,702,1,420,320,2,2,False,15.637590408325195,2.0,2.0,0.0,0.1746031746031746,0.0,0,220,29,-1,-1,0.0
stage1b_single_agent_obstacles,2,95188,703,1,420,320,2,2,False,7.990337371826172,1.0,1.0,0.0,0.0992063492063492,0.0,0,220,205,-1,-1,0.0
stage1b_single_agent_obstacles,2,95408,704,1,420,320,2,2,False,6.452829837799072,1.0,1.0,0.0,0.0992063492063492,0.0,0,220,105,-1,-1,0.0
stage1b_single_agent_obstacles,2,95628,705,1,420,320,2,2,False,-3.9747118949890137,0.0,0.0,0.0,0.11904761904761904,0.0,0,220,-1,-1,-1,0.0
stage1b_single_agent_obstacles,2,95848,706,1,420,320,2,2,False,15.441997528076172,2.0,2.0,0.0,0.11904761904761904,0.0,0,220,55,-1,-1,0.0
stage1b_single_agent_obstacles,2,96068,707,1,420,320,2,2,False,4.370758056640625,1.0,1.0,0.0,0.17063492063492064,0.0,0,220,181,-1,-1,0.0
stage1b_single_agent_obstacles,2,96288,708,1,420,320,2,2,False,-2.509998083114624,0.0,0.0,0.0,0.051587301587301584,0.0,0,220,-1,-1,-1,0.0
stage1b_single_agent_obstacles,2,96508,709,1,420,320,2,2,False,-2.4699981212615967,0.0,0.0,0.0,0.031746031746031744,0.0,0,220,-1,-1,-1,0.0
stage1b_single_agent_obstacles,2,96728,710,1,420,320,2,2,False,-2.20413875579834,0.0,0.0,0.0,0.07936507936507936,0.0,0,220,-1,-1,-1,0.0
stage1b_single_agent_obstacles,2,96948,711,1,420,320,2,2,False,4.7212724685668945,1.0,1.0,0.0,0.1626984126984127,0.0,0,220,145,-1,-1,0.0
stage1b_single_agent_obstacles,2,97168,712,1,420,320,2,2,False,11.197529792785645,3.0,3.0,0.0,0.12301587301587301,0.0,0,220,53,-1,-1,0.0
stage1b_single_agent_obstacles,2,97388,713,1,420,320,2,2,False,7.656867980957031,1.0,1.0,0.0,0.09126984126984126,0.0,0,220,130,-1,-1,0.0
stage1b_single_agent_obstacles,2,97608,714,1,420,320,2,2,False,-0.3862679600715637,0.0,0.0,0.0,0.11904761904761904,0.0,0,220,-1,-1,-1,0.0
stage1b_single_agent_obstacles,2,97828,715,1,420,320,2,2,False,14.701349258422852,2.0,2.0,0.0,0.1626984126984127,0.0,0,220,33,-1,-1,0.0
stage1b_single_agent_obstacles,2,98048,716,1,420,320,2,2,False,3.0387752056121826,2.0,2.0,0.0,0.23809523809523808,0.0,0,220,125,-1,-1,0.0
stage1b_single_agent_obstacles,2,98268,717,1,420,320,2,2,False,-0.00895305909216404,1.0,1.0,0.0,0.12301587301587301,0.0,0,220,195,-1,-1,0.0
stage1b_single_agent_obstacles,2,98488,718,1,420,320,2,2,False,9.990769386291504,2.0,2.0,0.0,0.19444444444444445,0.0,0,220,114,-1,-1,0.0
stage1b_single_agent_obstacles,2,98708,719,1,420,320,2,2,False,-3.8120501041412354,0.0,0.0,0.0,0.06746031746031746,0.0,0,220,-1,-1,-1,0.0
stage1b_single_agent_obstacles,2,98928,720,1,420,320,2,2,False,-2.2399983406066895,0.0,0.0,0.0,0.09523809523809523,0.0,0,220,-1,-1,-1,0.0
stage1b_single_agent_obstacles,2,99148,721,1,420,320,2,2,False,1.5691533088684082,1.0,1.0,0.0,0.07936507936507936,0.0,0,220,42,-1,-1,0.0
stage1b_single_agent_obstacles,2,99368,722,1,420,320,2,2,False,-2.4199981689453125,0.0,0.0,0.0,0.06746031746031746,0.0,0,220,-1,-1,-1,0.0
stage1b_single_agent_obstacles,2,99588,723,1,420,320,2,2,False,-2.1799983978271484,0.0,0.0,0.0,0.10714285714285714,0.0,0,220,-1,-1,-1,0.0
stage1b_single_agent_obstacles,2,99808,724,1,420,320,2,2,False,16.058921813964844,2.0,2.0,0.0,0.21031746031746032,0.0,0,220,20,-1,-1,0.0
stage1b_single_agent_obstacles,2,100028,725,1,420,320,2,2,False,1.2888603210449219,1.0,1.0,0.0,0.14682539682539683,0.0,0,220,172,-1,-1,0.0
stage1b_single_agent_obstacles,2,100248,726,1,420,320,2,2,False,-9.348733901977539,1.0,1.0,0.0,0.10317460317460317,0.0,0,220,164,-1,-1,0.0
stage1b_single_agent_obstacles,2,100468,727,1,420,320,2,2,False,-44.06043243408203,0.0,0.0,0.0,0.09523809523809523,0.0,0,220,-1,-1,-1,0.0
stage1b_single_agent_obstacles,2,100688,728,1,420,320,2,2,False,5.828174114227295,1.0,1.0,0.0,0.09126984126984126,0.0,0,220,27,-1,-1,0.0
stage1b_single_agent_obstacles,2,100908,729,1,420,320,2,2,False,7.33426570892334,1.0,1.0,0.0,0.17063492063492064,0.0,0,220,119,-1,-1,0.0
stage1b_single_agent_obstacles,2,101128,730,1,420,320,2,2,False,14.481460571289062,2.0,2.0,0.0,0.13095238095238096,0.0,0,220,59,-1,-1,0.0
stage1b_single_agent_obstacles,2,101348,731,1,420,320,2,2,False,10.395933151245117,2.0,2.0,0.0,0.15873015873015872,0.0,0,220,93,-1,-1,0.0
stage1b_single_agent_obstacles,2,101568,732,1,420,320,2,2,False,-2.319998264312744,0.0,0.0,0.0,0.09126984126984126,0.0,0,220,-1,-1,-1,0.0
stage1b_single_agent_obstacles,2,101788,733,1,420,320,2,2,False,11.671916961669922,2.0,2.0,0.0,0.21825396825396826,0.0,0,220,82,-1,-1,0.0
stage1b_single_agent_obstacles,2,102008,734,1,420,320,2,2,False,15.64271354675293,2.0,2.0,0.0,0.14682539682539683,0.0,0,220,54,-1,-1,0.0
stage1b_single_agent_obstacles,2,102228,735,1,420,320,2,2,False,-3.1574156284332275,2.0,2.0,0.0,0.1626984126984127,0.0,0,220,118,-1,-1,0.0
stage1b_single_agent_obstacles,2,102448,736,1,420,320,2,2,False,13.51603889465332,3.0,3.0,0.0,0.21825396825396826,0.0,0,220,161,-1,-1,0.0
stage1b_single_agent_obstacles,2,102668,737,1,420,320,2,2,False,0.16203522682189941,0.0,0.0,0.0,0.0873015873015873,0.0,0,220,-1,-1,-1,0.0
stage1b_single_agent_obstacles,2,102888,738,1,420,320,2,2,False,7.703022480010986,1.0,1.0,0.0,0.18253968253968253,0.0,0,220,96,-1,-1,0.0
stage1b_single_agent_obstacles,2,103108,739,1,420,320,2,2,False,-14.53816032409668,1.0,1.0,0.0,0.17857142857142858,0.0,0,220,212,-1,-1,0.0
stage1b_single_agent_obstacles,2,103328,740,1,420,320,2,2,False,10.926859855651855,2.0,2.0,0.0,0.15873015873015872,0.0,0,220,41,-1,-1,0.0
stage1b_single_agent_obstacles,2,103548,741,1,420,320,2,2,False,4.941101551055908,2.0,2.0,0.0,0.18253968253968253,0.0,0,220,121,-1,-1,0.0
stage1b_single_agent_obstacles,2,103768,742,1,420,320,2,2,False,-2.499998092651367,0.0,0.0,0.0,0.05952380952380952,0.0,0,220,-1,-1,-1,0.0
stage1b_single_agent_obstacles,2,103988,743,1,420,320,2,2,False,7.509069442749023,1.0,1.0,0.0,0.19444444444444445,0.0,0,220,186,-1,-1,0.0
stage1b_single_agent_obstacles,2,104208,744,1,420,320,2,2,False,-0.9020868539810181,1.0,1.0,0.0,0.06746031746031746,0.0,0,220,127,-1,-1,0.0
stage1b_single_agent_obstacles,2,104428,745,1,420,320,2,2,False,-2.4299981594085693,0.0,0.0,0.0,0.03571428571428571,0.0,0,220,-1,-1,-1,0.0
stage1b_single_agent_obstacles,2,104648,746,1,420,320,2,2,False,15.41926383972168,2.0,2.0,0.0,0.10317460317460317,0.0,0,220,167,-1,-1,0.0
stage1b_single_agent_obstacles,2,104868,747,1,420,320,2,2,False,12.68116283416748,2.0,2.0,0.0,0.1984126984126984,0.0,0,220,113,-1,-1,0.0
stage1b_single_agent_obstacles,2,105088,748,1,420,320,2,2,False,-17.25703239440918,0.0,0.0,0.0,0.10714285714285714,0.0,0,220,-1,-1,-1,0.0
stage1b_single_agent_obstacles,2,105308,749,1,420,320,2,2,False,-16.206205368041992,1.0,1.0,0.0,0.1349206349206349,0.0,0,220,77,-1,-1,0.0
stage1b_single_agent_obstacles,2,105528,750,1,420,320,2,2,False,-2.306032419204712,0.0,0.0,0.0,0.09126984126984126,0.0,0,220,-1,-1,-1,0.0
stage1b_single_agent_obstacles,2,105748,751,1,420,320,2,2,False,-3.8499982357025146,0.0,0.0,0.0,0.06349206349206349,0.0,0,220,-1,-1,-1,0.0
stage1b_single_agent_obstacles,2,105968,752,1,420,320,2,2,False,3.6092889308929443,1.0,1.0,0.0,0.10714285714285714,0.0,0,220,31,-1,-1,0.0
stage1b_single_agent_obstacles,2,106188,753,1,420,320,2,2,False,-8.525062561035156,1.0,1.0,0.0,0.17063492063492064,0.0,0,220,78,-1,-1,0.0
stage1b_single_agent_obstacles,2,106408,754,1,420,320,2,2,False,-2.575307846069336,0.0,0.0,0.0,0.07539682539682539,0.0,0,220,-1,-1,-1,0.0
stage1b_single_agent_obstacles,2,106628,755,1,420,320,2,2,False,5.7444167137146,1.0,1.0,0.0,0.09523809523809523,0.0,0,220,42,-1,-1,0.0
stage1b_single_agent_obstacles,2,106848,756,1,420,320,2,2,False,7.577259063720703,3.0,3.0,0.0,0.11904761904761904,0.0,0,220,130,-1,-1,0.0
stage1b_single_agent_obstacles,2,107068,757,1,420,320,2,2,False,-12.480392456054688,1.0,1.0,0.0,0.1388888888888889,0.0,0,220,189,-1,-1,0.0
stage1b_single_agent_obstacles,2,107288,758,1,420,320,2,2,False,-45.52702713012695,0.0,0.0,0.0,0.10317460317460317,0.0,0,220,-1,-1,-1,0.0
stage1b_single_agent_obstacles,2,107508,759,1,420,320,2,2,False,-8.331543922424316,0.0,0.0,0.0,0.17857142857142858,0.0,0,220,-1,-1,-1,0.0
stage1b_single_agent_obstacles,2,107728,760,1,420,320,2,2,False,1.0116239786148071,1.0,1.0,0.0,0.0873015873015873,0.0,0,220,47,-1,-1,0.0
stage1b_single_agent_obstacles,2,107948,761,1,420,320,2,2,False,-2.2190628051757812,1.0,1.0,0.0,0.1626984126984127,0.0,0,220,119,-1,-1,0.0
stage1b_single_agent_obstacles,2,108168,762,1,420,320,2,2,False,2.3070318698883057,2.0,2.0,0.0,0.21031746031746032,0.0,0,220,154,-1,-1,0.0
stage1b_single_agent_obstacles,2,108388,763,1,420,320,2,2,False,0.8817740678787231,1.0,1.0,0.0,0.12698412698412698,0.0,0,220,128,-1,-1,0.0
stage1b_single_agent_obstacles,2,108608,764,1,420,320,2,2,False,-8.138167381286621,0.0,0.0,0.0,0.1111111111111111,0.0,0,220,-1,-1,-1,0.0
stage1b_single_agent_obstacles,2,108828,765,1,420,320,2,2,False,4.724299907684326,1.0,1.0,0.0,0.14682539682539683,0.0,0,220,107,-1,-1,0.0
stage1b_single_agent_obstacles,2,109048,766,1,420,320,2,2,False,6.391337871551514,1.0,1.0,0.0,0.10714285714285714,0.0,0,220,77,-1,-1,0.0
stage1b_single_agent_obstacles,2,109268,767,1,420,320,2,2,False,-18.651464462280273,0.0,0.0,0.0,0.1111111111111111,0.0,0,220,-1,-1,-1,0.0
stage1b_single_agent_obstacles,2,109488,768,1,420,320,2,2,False,-15.831329345703125,0.0,0.0,0.0,0.07936507936507936,0.0,0,220,-1,-1,-1,0.0
stage1b_single_agent_obstacles,2,109708,769,1,420,320,2,2,False,15.46293830871582,3.0,3.0,0.0,0.14285714285714285,0.0,0,220,20,-1,-1,0.0
stage1b_single_agent_obstacles,2,109928,770,1,420,320,2,2,False,12.588092803955078,2.0,2.0,0.0,0.14682539682539683,0.0,0,220,116,-1,-1,0.0
stage1b_single_agent_obstacles,2,110148,771,1,420,320,2,2,False,5.57061767578125,1.0,1.0,0.0,0.10714285714285714,0.0,0,220,63,-1,-1,0.0
stage1b_single_agent_obstacles,2,110368,772,1,420,320,2,2,False,-2.2999982833862305,0.0,0.0,0.0,0.08333333333333333,0.0,0,220,-1,-1,-1,0.0
stage1b_single_agent_obstacles,2,110588,773,1,420,320,2,2,False,-15.638137817382812,1.0,1.0,0.0,0.07936507936507936,0.0,0,220,28,-1,-1,0.0
stage1b_single_agent_obstacles,2,110808,774,1,420,320,2,2,False,-9.431048393249512,0.0,0.0,0.0,0.10714285714285714,0.0,0,220,-1,-1,-1,0.0
stage1b_single_agent_obstacles,2,111028,775,1,420,320,2,2,False,-6.1732001304626465,0.0,0.0,0.0,0.1349206349206349,0.0,0,220,-1,-1,-1,0.0
stage1b_single_agent_obstacles,2,111248,776,1,420,320,2,2,False,-2.1799983978271484,0.0,0.0,0.0,0.07539682539682539,0.0,0,220,-1,-1,-1,0.0
stage1b_single_agent_obstacles,2,111468,777,1,420,320,2,2,False,6.221664905548096,1.0,1.0,0.0,0.0992063492063492,0.0,0,220,58,-1,-1,0.0
stage1b_single_agent_obstacles,2,111688,778,1,420,320,2,2,False,-2.2557685375213623,0.0,0.0,0.0,0.11507936507936507,0.0,0,220,-1,-1,-1,0.0
stage1b_single_agent_obstacles,2,111908,779,1,420,320,2,2,False,-2.1099984645843506,0.0,0.0,0.0,0.09523809523809523,0.0,0,220,-1,-1,-1,0.0
stage1b_single_agent_obstacles,2,112128,780,1,420,320,2,2,False,15.264805793762207,2.0,2.0,0.0,0.15079365079365079,0.0,0,220,23,-1,-1,0.0
stage1b_single_agent_obstacles,2,112348,781,1,420,320,2,2,False,5.747432708740234,1.0,1.0,0.0,0.1111111111111111,0.0,0,220,156,-1,-1,0.0
stage1b_single_agent_obstacles,2,112568,782,1,420,320,2,2,False,10.486139297485352,2.0,2.0,0.0,0.1349206349206349,0.0,0,220,126,-1,-1,0.0
stage1b_single_agent_obstacles,2,112788,783,1,420,320,2,2,False,-8.770978927612305,0.0,0.0,0.0,0.1111111111111111,0.0,0,220,-1,-1,-1,0.0
stage1b_single_agent_obstacles,2,113008,784,1,420,320,2,2,False,-2.3599982261657715,0.0,0.0,0.0,0.06349206349206349,0.0,0,220,-1,-1,-1,0.0
stage1b_single_agent_obstacles,2,113228,785,1,420,320,2,2,False,-3.9699978828430176,0.0,0.0,0.0,0.05555555555555555,0.0,0,220,-1,-1,-1,0.0
stage1b_single_agent_obstacles,2,113448,786,1,420,320,2,2,False,-0.9251354336738586,0.0,0.0,0.0,0.13095238095238096,0.0,0,220,-1,-1,-1,0.0
stage1b_single_agent_obstacles,2,113668,787,1,420,320,2,2,False,13.8550386428833,2.0,2.0,0.0,0.13095238095238096,0.0,0,220,45,-1,-1,0.0
stage1b_single_agent_obstacles,2,113888,788,1,420,320,2,2,False,5.3529558181762695,1.0,1.0,0.0,0.11507936507936507,0.0,0,220,117,-1,-1,0.0
stage1b_single_agent_obstacles,2,114108,789,1,420,320,2,2,False,25.494956970214844,4.0,4.0,0.0,0.1746031746031746,0.0,0,220,21,-1,-1,0.0
stage1b_single_agent_obstacles,2,114328,790,1,420,320,2,2,False,3.205855369567871,1.0,1.0,0.0,0.13095238095238096,0.0,0,220,75,-1,-1,0.0
stage1b_single_agent_obstacles,2,114548,791,1,420,320,2,2,False,-0.920851469039917,0.0,0.0,0.0,0.11507936507936507,0.0,0,220,-1,-1,-1,0.0
stage1b_single_agent_obstacles,2,114768,792,1,420,320,2,2,False,12.189416885375977,2.0,2.0,0.0,0.1349206349206349,0.0,0,220,100,-1,-1,0.0
stage1b_single_agent_obstacles,2,114988,793,1,420,320,2,2,False,-4.817696571350098,0.0,0.0,0.0,0.18253968253968253,0.0,0,220,-1,-1,-1,0.0
stage1b_single_agent_obstacles,2,115208,794,1,420,320,2,2,False,2.1085379123687744,1.0,1.0,0.0,0.17063492063492064,0.0,0,220,174,-1,-1,0.0
stage1b_single_agent_obstacles,2,115428,795,1,420,320,2,2,False,-12.525681495666504,0.0,0.0,0.0,0.06746031746031746,0.0,0,220,-1,-1,-1,0.0
stage1b_single_agent_obstacles,2,115648,796,1,420,320,2,2,False,-14.110044479370117,0.0,0.0,0.0,0.0992063492063492,0.0,0,220,-1,-1,-1,0.0
stage1b_single_agent_obstacles,2,115868,797,1,420,320,2,2,False,15.795862197875977,3.0,3.0,0.0,0.13095238095238096,0.0,0,220,104,-1,-1,0.0
stage1b_single_agent_obstacles,2,116088,798,1,420,320,2,2,False,7.042116641998291,1.0,1.0,0.0,0.10714285714285714,0.0,0,220,180,-1,-1,0.0
stage1b_single_agent_obstacles,2,116308,799,1,420,320,2,2,False,7.3674468994140625,1.0,1.0,0.0,0.14682539682539683,0.0,0,220,184,-1,-1,0.0
stage1b_single_agent_obstacles,2,116528,800,1,420,320,2,2,False,-0.1949223279953003,1.0,1.0,0.0,0.13095238095238096,0.0,0,220,152,-1,-1,0.0
stage1b_single_agent_obstacles,2,116748,801,1,420,320,2,2,False,-2.5551722049713135,0.0,0.0,0.0,0.0873015873015873,0.0,0,220,-1,-1,-1,0.0
stage1b_single_agent_obstacles,2,116968,802,1,420,320,2,2,False,13.070425033569336,2.0,2.0,0.0,0.11507936507936507,0.0,0,220,41,-1,-1,0.0
stage1b_single_agent_obstacles,2,117188,803,1,420,320,2,2,False,-1.235053300857544,1.0,1.0,0.0,0.20238095238095238,0.0,0,220,148,-1,-1,0.0
stage1b_single_agent_obstacles,2,117408,804,1,420,320,2,2,False,7.948581695556641,1.0,1.0,0.0,0.14682539682539683,0.0,0,220,87,-1,-1,0.0
stage1b_single_agent_obstacles,2,117628,805,1,420,320,2,2,False,3.5748074054718018,1.0,1.0,0.0,0.07539682539682539,0.0,0,220,99,-1,-1,0.0
stage1b_single_agent_obstacles,2,117848,806,1,420,320,2,2,False,6.317774772644043,1.0,1.0,0.0,0.07936507936507936,0.0,0,220,81,-1,-1,0.0
stage1b_single_agent_obstacles,2,118068,807,1,420,320,2,2,False,34.609580993652344,1.0,1.0,1.0,0.0992063492063492,0.0,0,220,56,56,0,0.004545454545454545
stage1b_single_agent_obstacles,2,118288,808,1,420,320,2,2,False,29.405590057373047,4.0,4.0,0.0,0.14682539682539683,0.0,0,220,27,-1,-1,0.0
stage1b_single_agent_obstacles,2,118508,809,1,420,320,2,2,False,-6.461170673370361,1.0,1.0,0.0,0.11904761904761904,0.0,0,220,41,-1,-1,0.0
stage1b_single_agent_obstacles,2,118728,810,1,420,320,2,2,False,7.357177257537842,1.0,1.0,0.0,0.12698412698412698,0.0,0,220,61,-1,-1,0.0
stage1b_single_agent_obstacles,2,118948,811,1,420,320,2,2,False,-5.230018138885498,0.0,0.0,0.0,0.09126984126984126,0.0,0,220,-1,-1,-1,0.0
stage1b_single_agent_obstacles,2,119168,812,1,420,320,2,2,False,1.4491379261016846,1.0,1.0,0.0,0.05952380952380952,0.0,0,220,54,-1,-1,0.0
stage1b_single_agent_obstacles,2,119388,813,1,420,320,2,2,False,18.844568252563477,3.0,3.0,0.0,0.19047619047619047,0.0,0,220,74,-1,-1,0.0
stage1b_single_agent_obstacles,2,119608,814,1,420,320,2,2,False,13.996997833251953,2.0,2.0,0.0,0.1111111111111111,0.0,0,220,16,-1,-1,0.0
stage1b_single_agent_obstacles,2,119828,815,1,420,320,2,2,False,-1.4779322147369385,0.0,0.0,0.0,0.15873015873015872,0.0,0,220,-1,-1,-1,0.0
stage1b_single_agent_obstacles,2,120048,816,1,420,320,2,2,False,-8.52529525756836,1.0,1.0,0.0,0.18253968253968253,0.0,0,220,109,-1,-1,0.0
stage1b_single_agent_obstacles,2,120268,817,1,420,320,2,2,False,-9.105011940002441,0.0,0.0,0.0,0.14285714285714285,0.0,0,220,-1,-1,-1,0.0
stage1b_single_agent_obstacles,2,120488,818,1,420,320,2,2,False,-1.623496174812317,1.0,1.0,0.0,0.1388888888888889,0.0,0,220,81,-1,-1,0.0
stage1b_single_agent_obstacles,2,120708,819,1,420,320,2,2,False,-2.449998140335083,0.0,0.0,0.0,0.0992063492063492,0.0,0,220,-1,-1,-1,0.0
stage1b_single_agent_obstacles,2,120928,820,1,420,320,2,2,False,-4.695694923400879,1.0,1.0,0.0,0.1984126984126984,0.0,0,220,143,-1,-1,0.0
stage1b_single_agent_obstacles,2,121148,821,1,420,320,2,2,False,-3.999998092651367,0.0,0.0,0.0,0.051587301587301584,0.0,0,220,-1,-1,-1,0.0
stage1b_single_agent_obstacles,2,121368,822,1,420,320,2,2,False,-2.1073176860809326,1.0,1.0,0.0,0.21428571428571427,0.0,0,220,162,-1,-1,0.0
stage1b_single_agent_obstacles,2,121588,823,1,420,320,2,2,False,-3.8771283626556396,0.0,0.0,0.0,0.17857142857142858,0.0,0,220,-1,-1,-1,0.0
stage1b_single_agent_obstacles,2,121808,824,1,420,320,2,2,False,15.031121253967285,2.0,2.0,0.0,0.1388888888888889,0.0,0,220,12,-1,-1,0.0
stage1b_single_agent_obstacles,2,122028,825,1,420,320,2,2,False,-3.1015405654907227,0.0,0.0,0.0,0.1111111111111111,0.0,0,220,-1,-1,-1,0.0
stage1b_single_agent_obstacles,2,122248,826,1,420,320,2,2,False,-8.88981819152832,0.0,0.0,0.0,0.11507936507936507,0.0,0,220,-1,-1,-1,0.0
stage1b_single_agent_obstacles,2,122468,827,1,420,320,2,2,False,23.732555389404297,3.0,3.0,0.0,0.10714285714285714,0.0,0,220,7,-1,-1,0.0
stage1b_single_agent_obstacles,2,122688,828,1,420,320,2,2,False,1.8441884517669678,2.0,2.0,0.0,0.14682539682539683,0.0,0,220,137,-1,-1,0.0
stage1b_single_agent_obstacles,2,122908,829,1,420,320,2,2,False,-9.75150203704834,0.0,0.0,0.0,0.18253968253968253,0.0,0,220,-1,-1,-1,0.0
stage1b_single_agent_obstacles,2,123128,830,1,420,320,2,2,False,8.317229270935059,2.0,2.0,0.0,0.11507936507936507,0.0,0,220,68,-1,-1,0.0
stage1b_single_agent_obstacles,2,123348,831,1,420,320,2,2,False,24.35576057434082,3.0,3.0,0.0,0.20634920634920634,0.0,0,220,42,-1,-1,0.0
stage1b_single_agent_obstacles,2,123568,832,1,420,320,2,2,False,9.161096572875977,3.0,3.0,0.0,0.07936507936507936,0.0,0,220,24,-1,-1,0.0
stage1b_single_agent_obstacles,2,123788,833,1,420,320,2,2,False,-6.399211406707764,0.0,0.0,0.0,0.14285714285714285,0.0,0,220,-1,-1,-1,0.0
stage1b_single_agent_obstacles,2,124008,834,1,420,320,2,2,False,-5.411351680755615,1.0,1.0,0.0,0.15079365079365079,0.0,0,220,187,-1,-1,0.0
stage1b_single_agent_obstacles,2,124228,835,1,420,320,2,2,False,6.0168137550354,1.0,1.0,0.0,0.1111111111111111,0.0,0,220,26,-1,-1,0.0
stage1b_single_agent_obstacles,2,124448,836,1,420,320,2,2,False,32.16532897949219,4.0,4.0,0.0,0.21825396825396826,0.0,0,220,14,-1,-1,0.0
stage1b_single_agent_obstacles,2,124668,837,1,420,320,2,2,False,-4.57097864151001,0.0,0.0,0.0,0.17857142857142858,0.0,0,220,-1,-1,-1,0.0
stage1b_single_agent_obstacles,2,124888,838,1,420,320,2,2,False,6.167514324188232,1.0,1.0,0.0,0.11904761904761904,0.0,0,220,51,-1,-1,0.0
stage1b_single_agent_obstacles,2,125108,839,1,420,320,2,2,False,-0.6064875721931458,0.0,0.0,0.0,0.15079365079365079,0.0,0,220,-1,-1,-1,0.0
stage1b_single_agent_obstacles,2,125328,840,1,420,320,2,2,False,13.841764450073242,2.0,2.0,0.0,0.09126984126984126,0.0,0,220,9,-1,-1,0.0
stage1b_single_agent_obstacles,2,125548,841,1,420,320,2,2,False,-1.0088701248168945,1.0,1.0,0.0,0.21825396825396826,0.0,0,220,217,-1,-1,0.0
stage1b_single_agent_obstacles,2,125768,842,1,420,320,2,2,False,5.926380157470703,1.0,1.0,0.0,0.07936507936507936,0.0,0,220,28,-1,-1,0.0
stage1b_single_agent_obstacles,2,125988,843,1,420,320,2,2,False,23.93252944946289,3.0,3.0,0.0,0.16666666666666666,0.0,0,220,7,-1,-1,0.0
stage1b_single_agent_obstacles,2,126208,844,1,420,320,2,2,False,-3.499528408050537,0.0,0.0,0.0,0.12698412698412698,0.0,0,220,-1,-1,-1,0.0
stage1b_single_agent_obstacles,2,126428,845,1,420,320,2,2,False,-3.3376882076263428,0.0,0.0,0.0,0.11507936507936507,0.0,0,220,-1,-1,-1,0.0
stage1b_single_agent_obstacles,2,126648,846,1,420,320,2,2,False,4.80568790435791,1.0,1.0,0.0,0.10317460317460317,0.0,0,220,87,-1,-1,0.0
stage1b_single_agent_obstacles,2,126868,847,1,420,320,2,2,False,3.0292999744415283,1.0,1.0,0.0,0.17857142857142858,0.0,0,220,193,-1,-1,0.0
stage1b_single_agent_obstacles,2,127088,848,1,420,320,2,2,False,10.948173522949219,2.0,2.0,0.0,0.1388888888888889,0.0,0,220,115,-1,-1,0.0
stage1b_single_agent_obstacles,2,127308,849,1,420,320,2,2,False,-3.9699981212615967,0.0,0.0,0.0,0.03571428571428571,0.0,0,220,-1,-1,-1,0.0
stage1b_single_agent_obstacles,2,127528,850,1,420,320,2,2,False,22.724159240722656,3.0,3.0,0.0,0.12698412698412698,0.0,0,220,40,-1,-1,0.0
stage1b_single_agent_obstacles,2,127748,851,1,420,320,2,2,False,-11.512896537780762,0.0,0.0,0.0,0.09126984126984126,0.0,0,220,-1,-1,-1,0.0
stage1b_single_agent_obstacles,2,127968,852,1,420,320,2,2,False,-2.569998025894165,0.0,0.0,0.0,0.05952380952380952,0.0,0,220,-1,-1,-1,0.0
stage1b_single_agent_obstacles,2,128188,853,1,420,320,2,2,False,7.682331562042236,1.0,1.0,0.0,0.17063492063492064,0.0,0,220,104,-1,-1,0.0
stage1b_single_agent_obstacles,2,128408,854,1,420,320,2,2,False,-0.8959604501724243,0.0,0.0,0.0,0.1111111111111111,0.0,0,220,-1,-1,-1,0.0
stage1b_single_agent_obstacles,2,128628,855,1,420,320,2,2,False,15.741668701171875,2.0,2.0,0.0,0.17857142857142858,0.0,0,220,129,-1,-1,0.0
stage1b_single_agent_obstacles,2,128848,856,1,420,320,2,2,False,-0.3714350759983063,0.0,0.0,0.0,0.14285714285714285,0.0,0,220,-1,-1,-1,0.0
stage1b_single_agent_obstacles,2,129068,857,1,420,320,2,2,False,14.046009063720703,2.0,2.0,0.0,0.09126984126984126,0.0,0,220,41,-1,-1,0.0
stage1b_single_agent_obstacles,2,129288,858,1,420,320,2,2,False,6.671894073486328,1.0,1.0,0.0,0.10714285714285714,0.0,0,220,47,-1,-1,0.0
stage1b_single_agent_obstacles,2,129508,859,1,420,320,2,2,False,-4.089998722076416,0.0,0.0,0.0,0.04365079365079365,0.0,0,220,-1,-1,-1,0.0
stage1b_single_agent_obstacles,2,129728,860,1,420,320,2,2,False,14.55823040008545,2.0,2.0,0.0,0.1626984126984127,0.0,0,220,13,-1,-1,0.0
stage1b_single_agent_obstacles,2,129948,861,1,420,320,2,2,False,23.20720100402832,3.0,3.0,0.0,0.07539682539682539,0.0,0,220,10,-1,-1,0.0
stage1b_single_agent_obstacles,2,130168,862,1,420,320,2,2,False,-2.449998140335083,0.0,0.0,0.0,0.047619047619047616,0.0,0,220,-1,-1,-1,0.0
stage1b_single_agent_obstacles,2,130388,863,1,420,320,2,2,False,-1.1522550582885742,0.0,0.0,0.0,0.07539682539682539,0.0,0,220,-1,-1,-1,0.0
stage1b_single_agent_obstacles,2,130608,864,1,420,320,2,2,False,0.9133810997009277,1.0,1.0,0.0,0.14285714285714285,0.0,0,220,21,-1,-1,0.0
stage1b_single_agent_obstacles,2,130828,865,1,420,320,2,2,False,-14.310029983520508,0.0,0.0,0.0,0.07936507936507936,0.0,0,220,-1,-1,-1,0.0
stage1b_single_agent_obstacles,2,131048,866,1,420,320,2,2,False,7.638784408569336,1.0,1.0,0.0,0.19444444444444445,0.0,0,220,32,-1,-1,0.0
stage1b_single_agent_obstacles,2,131268,867,1,420,320,2,2,False,-1.0469913482666016,0.0,0.0,0.0,0.09126984126984126,0.0,0,220,-1,-1,-1,0.0
stage1b_single_agent_obstacles,2,131488,868,1,420,320,2,2,False,6.982648849487305,1.0,1.0,0.0,0.15873015873015872,0.0,0,220,147,-1,-1,0.0
stage1b_single_agent_obstacles,2,131708,869,1,420,320,2,2,False,7.452775955200195,1.0,1.0,0.0,0.19047619047619047,0.0,0,220,73,-1,-1,0.0
stage1b_single_agent_obstacles,2,131928,870,1,420,320,2,2,False,15.064044952392578,2.0,2.0,0.0,0.17063492063492064,0.0,0,220,101,-1,-1,0.0
stage1b_single_agent_obstacles,2,132148,871,1,420,320,2,2,False,-1.0951334238052368,0.0,0.0,0.0,0.08333333333333333,0.0,0,220,-1,-1,-1,0.0
stage1b_single_agent_obstacles,2,132368,872,1,420,320,2,2,False,-0.2181699126958847,0.0,0.0,0.0,0.08333333333333333,0.0,0,220,-1,-1,-1,0.0
stage1b_single_agent_obstacles,2,132588,873,1,420,320,2,2,False,-0.8250641226768494,0.0,0.0,0.0,0.0992063492063492,0.0,0,220,-1,-1,-1,0.0
stage1b_single_agent_obstacles,2,132808,874,1,420,320,2,2,False,1.1387708187103271,1.0,1.0,0.0,0.05952380952380952,0.0,0,220,13,-1,-1,0.0
stage1b_single_agent_obstacles,2,133028,875,1,420,320,2,2,False,-4.299441337585449,0.0,0.0,0.0,0.16666666666666666,0.0,0,220,-1,-1,-1,0.0
stage1b_single_agent_obstacles,2,133248,876,1,420,320,2,2,False,8.371976852416992,2.0,2.0,0.0,0.15873015873015872,0.0,0,220,17,-1,-1,0.0
stage1b_single_agent_obstacles,2,133468,877,1,420,320,2,2,False,8.256482124328613,1.0,1.0,0.0,0.16666666666666666,0.0,0,220,117,-1,-1,0.0
stage1b_single_agent_obstacles,2,133688,878,1,420,320,2,2,False,-2.1799983978271484,0.0,0.0,0.0,0.13095238095238096,0.0,0,220,-1,-1,-1,0.0
stage1b_single_agent_obstacles,2,133908,879,1,420,320,2,2,False,7.6303229331970215,1.0,1.0,0.0,0.19047619047619047,0.0,0,220,124,-1,-1,0.0
stage1b_single_agent_obstacles,2,134128,880,1,420,320,2,2,False,0.8778359889984131,1.0,1.0,0.0,0.05952380952380952,0.0,0,220,31,-1,-1,0.0
stage1b_single_agent_obstacles,2,134348,881,1,420,320,2,2,False,15.84725570678711,2.0,2.0,0.0,0.18253968253968253,0.0,0,220,107,-1,-1,0.0
stage1b_single_agent_obstacles,2,134568,882,1,420,320,2,2,False,39.47300720214844,5.0,5.0,0.0,0.15873015873015872,0.0,0,220,13,-1,-1,0.0
stage1b_single_agent_obstacles,2,134788,883,1,420,320,2,2,False,12.819093704223633,2.0,2.0,0.0,0.11507936507936507,0.0,0,220,75,-1,-1,0.0
stage1b_single_agent_obstacles,2,135008,884,1,420,320,2,2,False,-2.519998073577881,0.0,0.0,0.0,0.07142857142857142,0.0,0,220,-1,-1,-1,0.0
stage1b_single_agent_obstacles,2,135228,885,1,420,320,2,2,False,7.849267482757568,1.0,1.0,0.0,0.2261904761904762,0.0,0,220,99,-1,-1,0.0
stage1b_single_agent_obstacles,2,135448,886,1,420,320,2,2,False,-2.2499983310699463,0.0,0.0,0.0,0.12698412698412698,0.0,0,220,-1,-1,-1,0.0
stage1b_single_agent_obstacles,2,135668,887,1,420,320,2,2,False,-1.906270146369934,0.0,0.0,0.0,0.1746031746031746,0.0,0,220,-1,-1,-1,0.0
stage1b_single_agent_obstacles,2,135888,888,1,420,320,2,2,False,-2.1956682205200195,0.0,0.0,0.0,0.18253968253968253,0.0,0,220,-1,-1,-1,0.0
stage1b_single_agent_obstacles,2,136108,889,1,420,320,2,2,False,7.409297943115234,1.0,1.0,0.0,0.16666666666666666,0.0,0,220,217,-1,-1,0.0
stage1b_single_agent_obstacles,2,136328,890,1,420,320,2,2,False,-16.299461364746094,0.0,0.0,0.0,0.14682539682539683,0.0,0,220,-1,-1,-1,0.0
stage1b_single_agent_obstacles,2,136548,891,1,420,320,2,2,False,14.403745651245117,2.0,2.0,0.0,0.11507936507936507,0.0,0,220,19,-1,-1,0.0
stage1b_single_agent_obstacles,2,136768,892,1,420,320,2,2,False,-2.5399980545043945,0.0,0.0,0.0,0.05952380952380952,0.0,0,220,-1,-1,-1,0.0
stage1b_single_agent_obstacles,2,136988,893,1,420,320,2,2,False,-0.2775328755378723,0.0,0.0,0.0,0.12698412698412698,0.0,0,220,-1,-1,-1,0.0
stage1b_single_agent_obstacles,2,137208,894,1,420,320,2,2,False,-1.902812123298645,0.0,0.0,0.0,0.13095238095238096,0.0,0,220,-1,-1,-1,0.0
stage1b_single_agent_obstacles,2,137428,895,1,420,320,2,2,False,-2.4299981594085693,0.0,0.0,0.0,0.09523809523809523,0.0,0,220,-1,-1,-1,0.0
stage1b_single_agent_obstacles,2,137648,896,1,420,320,2,2,False,-1.9697778224945068,0.0,0.0,0.0,0.1349206349206349,0.0,0,220,-1,-1,-1,0.0
stage1b_single_agent_obstacles,2,137868,897,1,420,320,2,2,False,-0.18619392812252045,0.0,0.0,0.0,0.19444444444444445,0.0,0,220,-1,-1,-1,0.0
stage1b_single_agent_obstacles,2,138088,898,1,420,320,2,2,False,-2.5299980640411377,0.0,0.0,0.0,0.07142857142857142,0.0,0,220,-1,-1,-1,0.0
stage1b_single_agent_obstacles,2,138308,899,1,420,320,2,2,False,7.490204811096191,1.0,1.0,0.0,0.15873015873015872,0.0,0,220,9,-1,-1,0.0
stage1b_single_agent_obstacles,2,138528,900,1,420,320,2,2,False,6.548974990844727,1.0,1.0,0.0,0.12698412698412698,0.0,0,220,104,-1,-1,0.0
stage1b_single_agent_obstacles,2,138748,901,1,420,320,2,2,False,0.532806932926178,0.0,0.0,0.0,0.07936507936507936,0.0,0,220,-1,-1,-1,0.0
stage1b_single_agent_obstacles,2,138968,902,1,420,320,2,2,False,0.27105751633644104,0.0,0.0,0.0,0.07936507936507936,0.0,0,220,-1,-1,-1,0.0
stage1b_single_agent_obstacles,2,139188,903,1,420,320,2,2,False,-2.379998207092285,0.0,0.0,0.0,0.0992063492063492,0.0,0,220,-1,-1,-1,0.0
stage1b_single_agent_obstacles,2,139408,904,1,420,320,2,2,False,-2.48590350151062,0.0,0.0,0.0,0.11904761904761904,0.0,0,220,-1,-1,-1,0.0
stage1b_single_agent_obstacles,2,139628,905,1,420,320,2,2,False,3.486729145050049,2.0,2.0,0.0,0.14682539682539683,0.0,0,220,37,-1,-1,0.0
stage1b_single_agent_obstacles,2,139848,906,1,420,320,2,2,False,6.3533148765563965,1.0,1.0,0.0,0.11507936507936507,0.0,0,220,80,-1,-1,0.0
stage1b_single_agent_obstacles,2,140068,907,1,420,320,2,2,False,30.66608238220215,1.0,1.0,1.0,0.1984126984126984,0.0,0,220,91,91,0,0.004545454545454545
stage1b_single_agent_obstacles,2,140288,908,1,420,320,2,2,False,-2.619997978210449,0.0,0.0,0.0,0.06746031746031746,0.0,0,220,-1,-1,-1,0.0
stage1b_single_agent_obstacles,2,140508,909,1,420,320,2,2,False,7.137340545654297,1.0,1.0,0.0,0.1111111111111111,0.0,0,220,165,-1,-1,0.0
stage1b_single_agent_obstacles,2,140728,910,1,420,320,2,2,False,11.48945426940918,2.0,2.0,0.0,0.11904761904761904,0.0,0,220,82,-1,-1,0.0
stage1b_single_agent_obstacles,2,140948,911,1,420,320,2,2,False,15.165681838989258,2.0,2.0,0.0,0.1746031746031746,0.0,0,220,7,-1,-1,0.0
stage1b_single_agent_obstacles,2,141168,912,1,420,320,2,2,False,11.219074249267578,2.0,2.0,0.0,0.1388888888888889,0.0,0,220,62,-1,-1,0.0
stage1b_single_agent_obstacles,2,141388,913,1,420,320,2,2,False,-6.8800129890441895,0.0,0.0,0.0,0.0992063492063492,0.0,0,220,-1,-1,-1,0.0
stage1b_single_agent_obstacles,2,141608,914,1,420,320,2,2,False,-2.2378735542297363,0.0,0.0,0.0,0.1388888888888889,0.0,0,220,-1,-1,-1,0.0
stage1b_single_agent_obstacles,2,141828,915,1,420,320,2,2,False,5.403137683868408,2.0,2.0,0.0,0.20238095238095238,0.0,0,220,70,-1,-1,0.0
stage1b_single_agent_obstacles,2,142048,916,1,420,320,2,2,False,-2.26999831199646,0.0,0.0,0.0,0.13095238095238096,0.0,0,220,-1,-1,-1,0.0
stage1b_single_agent_obstacles,2,142268,917,1,420,320,2,2,False,-2.4003775119781494,0.0,0.0,0.0,0.1349206349206349,0.0,0,220,-1,-1,-1,0.0
stage1b_single_agent_obstacles,2,142488,918,1,420,320,2,2,False,7.585193634033203,1.0,1.0,0.0,0.15079365079365079,0.0,0,220,124,-1,-1,0.0
stage1b_single_agent_obstacles,2,142708,919,1,420,320,2,2,False,20.44157600402832,3.0,3.0,0.0,0.1626984126984127,0.0,0,220,6,-1,-1,0.0
stage2a_small_swarm_medium,3,143936,920,3,700,500,2,4,True,-0.4734093248844147,1.0,1.0,0.0,0.20476190476190476,0.05775153139213756,274,360,12,-1,-1,0.0
stage2a_small_swarm_medium,3,145016,921,3,700,500,2,4,True,-2.1725213527679443,0.0,0.0,0.0,0.2111111111111111,0.09385136795797194,304,360,-1,-1,-1,0.0
stage2a_small_swarm_medium,3,146096,922,3,700,500,2,4,True,-4.670705795288086,0.0,0.0,0.0,0.2126984126984127,0.1373523678825694,440,360,-1,-1,-1,0.0
stage2a_small_swarm_medium,3,147176,923,3,700,500,2,4,True,-0.27643346786499023,1.0,1.0,0.0,0.2571428571428571,0.07961981818931504,340,360,47,-1,-1,0.0
stage2a_small_swarm_medium,3,148256,924,3,700,500,2,4,True,3.760148286819458,3.0,3.0,0.0,0.2761904761904762,0.1595192836020875,381,360,231,-1,-1,0.0
stage2a_small_swarm_medium,3,149336,925,3,700,500,2,4,True,-4.197181701660156,0.0,0.0,0.0,0.26031746031746034,0.1264068819949494,373,360,-1,-1,-1,0.0
stage2a_small_swarm_medium,3,150416,926,3,700,500,2,4,True,-3.317302942276001,0.0,0.0,0.0,0.2857142857142857,0.07682256814376968,340,360,-1,-1,-1,0.0
stage2a_small_swarm_medium,3,151496,927,3,700,500,2,4,True,8.01561450958252,4.0,4.0,0.0,0.2873015873015873,0.15071506586192063,418,360,32,-1,-1,0.0
stage2a_small_swarm_medium,3,152576,928,3,700,500,2,4,True,0.44674602150917053,1.0,1.0,0.0,0.24285714285714285,0.10999499367543548,322,360,65,-1,-1,0.0
stage2a_small_swarm_medium,3,153656,929,3,700,500,2,4,True,-2.175222396850586,2.0,2.0,0.0,0.27936507936507937,0.18742601991689298,415,360,8,-1,-1,0.0
stage2a_small_swarm_medium,3,154736,930,3,700,500,2,4,True,2.4772870540618896,2.0,2.0,0.0,0.24444444444444444,0.1758755403643051,411,360,79,-1,-1,0.0
stage2a_small_swarm_medium,3,155816,931,3,700,500,2,4,True,-0.1346236914396286,1.0,1.0,0.0,0.32222222222222224,0.10746345684326823,313,360,78,-1,-1,0.0
stage2a_small_swarm_medium,3,156896,932,3,700,500,2,4,True,-3.143754243850708,0.0,0.0,0.0,0.23174603174603176,0.14826664348656776,399,360,-1,-1,-1,0.0
stage2a_small_swarm_medium,3,157976,933,3,700,500,2,4,True,-0.49969053268432617,1.0,1.0,0.0,0.21904761904761905,0.1955442112518574,438,360,331,-1,-1,0.0
stage2a_small_swarm_medium,3,159056,934,3,700,500,2,4,True,-4.720584392547607,0.0,0.0,0.0,0.16666666666666666,0.23689092264038564,481,360,-1,-1,-1,0.0
stage2a_small_swarm_medium,3,160136,935,3,700,500,2,4,True,0.8757187724113464,2.0,2.0,0.0,0.20793650793650795,0.1858426407303476,409,360,105,-1,-1,0.0
stage2a_small_swarm_medium,3,161216,936,3,700,500,2,4,True,4.192556858062744,2.0,2.0,0.0,0.24603174603174602,0.08070552609278821,268,360,268,-1,-1,0.0
stage2a_small_swarm_medium,3,162296,937,3,700,500,2,4,True,4.1427130699157715,2.0,2.0,0.0,0.2523809523809524,0.11875377955902541,340,360,31,-1,-1,0.0
stage2a_small_swarm_medium,3,163376,938,3,700,500,2,4,True,-4.228497505187988,0.0,0.0,0.0,0.12380952380952381,0.2309124224524971,496,360,-1,-1,-1,0.0
stage2a_small_swarm_medium,3,164456,939,3,700,500,2,4,True,1.0444241762161255,2.0,2.0,0.0,0.23174603174603176,0.20350293339741055,429,360,108,-1,-1,0.0
stage2a_small_swarm_medium,3,165536,940,3,700,500,2,4,True,6.069730281829834,4.0,4.0,0.0,0.22063492063492063,0.16707187572734522,381,360,128,-1,-1,0.0
stage2a_small_swarm_medium,3,166616,941,3,700,500,2,4,True,-4.231621742248535,0.0,0.0,0.0,0.21904761904761905,0.21860189926573423,462,360,-1,-1,-1,0.0
stage2a_small_swarm_medium,3,167696,942,3,700,500,2,4,True,1.0861096382141113,4.0,4.0,0.0,0.2920634920634921,0.18003069540761688,399,360,56,-1,-1,0.0
stage2a_small_swarm_medium,3,168776,943,3,700,500,2,4,True,-3.6106271743774414,0.0,0.0,0.0,0.22380952380952382,0.1810082264484394,450,360,-1,-1,-1,0.0
stage2a_small_swarm_medium,3,169856,944,3,700,500,2,4,True,0.3064958155155182,1.0,1.0,0.0,0.33015873015873015,0.154661188408284,418,360,297,-1,-1,0.0
stage2a_small_swarm_medium,3,170936,945,3,700,500,2,4,True,-5.106109619140625,0.0,0.0,0.0,0.28253968253968254,0.15915439461925954,447,360,-1,-1,-1,0.0
stage2a_small_swarm_medium,3,172016,946,3,700,500,2,4,True,4.541721343994141,3.0,3.0,0.0,0.2126984126984127,0.16799315693351674,383,360,296,-1,-1,0.0
stage2a_small_swarm_medium,3,173096,947,3,700,500,2,4,True,-3.98559832572937,1.0,1.0,0.0,0.15873015873015872,0.2544964309762926,496,360,298,-1,-1,0.0
stage2a_small_swarm_medium,3,174176,948,3,700,500,2,4,True,6.345290660858154,3.0,3.0,0.0,0.30158730158730157,0.16496647228400604,396,360,85,-1,-1,0.0
stage2a_small_swarm_medium,3,175256,949,3,700,500,2,4,True,2.3201675415039062,2.0,2.0,0.0,0.28253968253968254,0.15792952987534659,488,360,116,-1,-1,0.0
stage2a_small_swarm_medium,3,176336,950,3,700,500,2,4,True,1.7940503358840942,3.0,3.0,0.0,0.2746031746031746,0.16306511231340226,400,360,5,-1,-1,0.0
stage2a_small_swarm_medium,3,177416,951,3,700,500,2,4,True,-2.04221510887146,3.0,3.0,0.0,0.31746031746031744,0.19848382044211677,464,360,5,-1,-1,0.0
stage2a_small_swarm_medium,3,178496,952,3,700,500,2,4,True,-2.110821008682251,2.0,2.0,0.0,0.28253968253968254,0.23730271022968397,488,360,188,-1,-1,0.0
stage2a_small_swarm_medium,3,179576,953,3,700,500,2,4,True,-7.8001275062561035,1.0,1.0,0.0,0.3,0.20011198329777002,473,360,60,-1,-1,0.0
stage2a_small_swarm_medium,3,180656,954,3,700,500,2,4,True,-3.7887866497039795,0.0,0.0,0.0,0.35873015873015873,0.127171566230633,376,360,-1,-1,-1,0.0
stage2a_small_swarm_medium,3,181736,955,3,700,500,2,4,True,-10.63070011138916,0.0,0.0,0.0,0.19365079365079366,0.34581594378611985,588,360,-1,-1,-1,0.0
stage2a_small_swarm_medium,3,182816,956,3,700,500,2,4,True,0.26797500252723694,2.0,2.0,0.0,0.24126984126984127,0.2332451515437882,487,360,103,-1,-1,0.0
stage2a_small_swarm_medium,3,183896,957,3,700,500,2,4,True,-7.033959865570068,0.0,0.0,0.0,0.1761904761904762,0.332132790401994,560,360,-1,-1,-1,0.0
stage2a_small_swarm_medium,3,184976,958,3,700,500,2,4,True,-6.387117862701416,0.0,0.0,0.0,0.24444444444444444,0.24253227749308012,522,360,-1,-1,-1,0.0
stage2a_small_swarm_medium,3,186056,959,3,700,500,2,4,True,-4.62436056137085,0.0,0.0,0.0,0.27936507936507937,0.24184106657733168,524,360,-1,-1,-1,0.0
stage2a_small_swarm_medium,3,187136,960,3,700,500,2,4,True,-3.046377420425415,0.0,0.0,0.0,0.3,0.22892504522552137,487,360,-1,-1,-1,0.0
stage2a_small_swarm_medium,3,188216,961,3,700,500,2,4,True,-5.008140563964844,0.0,0.0,0.0,0.29523809523809524,0.24634060097798485,524,360,-1,-1,-1,0.0
stage2a_small_swarm_medium,3,189296,962,3,700,500,2,4,True,-5.18286657333374,1.0,1.0,0.0,0.3142857142857143,0.2289789794023683,488,360,14,-1,-1,0.0
stage2a_small_swarm_medium,3,190376,963,3,700,500,2,4,True,-3.379575490951538,0.0,0.0,0.0,0.2841269841269841,0.24837523952392745,513,360,-1,-1,-1,0.0
stage2a_small_swarm_medium,3,191456,964,3,700,500,2,4,True,-5.213554859161377,1.0,1.0,0.0,0.273015873015873,0.3162322609261739,581,360,309,-1,-1,0.0
stage2a_small_swarm_medium,3,192536,965,3,700,500,2,4,True,-7.044050693511963,0.0,0.0,0.0,0.21904761904761905,0.34906759692021294,638,360,-1,-1,-1,0.0
stage2a_small_swarm_medium,3,193616,966,3,700,500,2,4,True,-4.51790189743042,0.0,0.0,0.0,0.30634920634920637,0.20330161998874108,513,360,-1,-1,-1,0.0
stage2a_small_swarm_medium,3,194696,967,3,700,500,2,4,True,-11.17823314666748,0.0,0.0,0.0,0.20793650793650795,0.37551638254242586,617,360,-1,-1,-1,0.0
stage2a_small_swarm_medium,3,195776,968,3,700,500,2,4,True,-3.137409210205078,0.0,0.0,0.0,0.22857142857142856,0.3023733506004242,548,360,-1,-1,-1,0.0
stage2a_small_swarm_medium,3,196856,969,3,700,500,2,4,True,-2.691542863845825,0.0,0.0,0.0,0.3142857142857143,0.17536717977512767,468,360,-1,-1,-1,0.0
stage2a_small_swarm_medium,3,197936,970,3,700,500,2,4,True,-4.226094722747803,1.0,1.0,0.0,0.319047619047619,0.21644612950808045,481,360,331,-1,-1,0.0
stage2a_small_swarm_medium,3,199016,971,3,700,500,2,4,True,-5.615201473236084,1.0,1.0,0.0,0.2761904761904762,0.26141155564918234,524,360,205,-1,-1,0.0
stage2a_small_swarm_medium,3,200096,972,3,700,500,2,4,True,-8.375598907470703,0.0,0.0,0.0,0.2841269841269841,0.26762831845521257,519,360,-1,-1,-1,0.0
stage2a_small_swarm_medium,3,201176,973,3,700,500,2,4,True,0.030787626281380653,4.0,4.0,0.0,0.16984126984126985,0.30784952052296527,565,360,10,-1,-1,0.0
stage2a_small_swarm_medium,3,202256,974,3,700,500,2,4,True,-11.852126121520996,0.0,0.0,0.0,0.27936507936507937,0.2334951882209107,483,360,-1,-1,-1,0.0
stage2a_small_swarm_medium,3,203336,975,3,700,500,2,4,True,-7.995248317718506,0.0,0.0,0.0,0.23333333333333334,0.2640434335532417,520,360,-1,-1,-1,0.0
stage2a_small_swarm_medium,3,204416,976,3,700,500,2,4,True,-6.211050033569336,1.0,1.0,0.0,0.1873015873015873,0.28341135829724845,507,360,342,-1,-1,0.0
stage2a_small_swarm_medium,3,205496,977,3,700,500,2,4,True,-5.109267711639404,0.0,0.0,0.0,0.15079365079365079,0.24252546959302249,453,360,-1,-1,-1,0.0
stage2a_small_swarm_medium,3,206576,978,3,700,500,2,4,True,-13.62252140045166,1.0,1.0,0.0,0.2111111111111111,0.25217462541930014,457,360,272,-1,-1,0.0
stage2a_small_swarm_medium,3,207656,979,3,700,500,2,4,True,5.748397350311279,3.0,3.0,0.0,0.23333333333333334,0.1746311108527826,406,360,149,-1,-1,0.0
stage2a_small_swarm_medium,3,208736,980,3,700,500,2,4,True,-5.001159191131592,0.0,0.0,0.0,0.1746031746031746,0.31072840055545653,541,360,-1,-1,-1,0.0
stage2a_small_swarm_medium,3,209816,981,3,700,500,2,4,True,-3.418400526046753,0.0,0.0,0.0,0.2777777777777778,0.17106496598932644,460,360,-1,-1,-1,0.0
stage2a_small_swarm_medium,3,210896,982,3,700,500,2,4,True,-7.691075801849365,0.0,0.0,0.0,0.2761904761904762,0.19808445519296655,460,360,-1,-1,-1,0.0
stage2a_small_swarm_medium,3,211976,983,3,700,500,2,4,True,0.12375696748495102,1.0,1.0,0.0,0.26031746031746034,0.18531568001393073,440,360,66,-1,-1,0.0
stage2a_small_swarm_medium,3,213056,984,3,700,500,2,4,True,1.671910285949707,3.0,3.0,0.0,0.31746031746031744,0.21714020121823221,474,360,25,-1,-1,0.0
stage2a_small_swarm_medium,3,214136,985,3,700,500,2,4,True,-5.475137233734131,0.0,0.0,0.0,0.26666666666666666,0.249215461374088,508,360,-1,-1,-1,0.0
stage2b_small_swarm_large,4,215786,986,3,950,700,3,8,True,-6.423753261566162,0.0,0.0,0.0,0.09583333333333334,0.2481729382548947,718,500,-1,-1,-1,0.0
stage2b_small_swarm_large,4,217286,987,3,950,700,3,8,True,9.36587142944336,5.0,5.0,0.0,0.21333333333333335,0.21625206048157997,634,500,56,-1,-1,0.0
stage2b_small_swarm_large,4,218786,988,3,950,700,3,8,True,-2.791919708251953,1.0,1.0,0.0,0.16833333333333333,0.208900662466612,646,500,258,-1,-1,0.0
stage2b_small_swarm_large,4,220286,989,3,950,700,3,8,True,-5.9982171058654785,1.0,1.0,0.0,0.07916666666666666,0.29853393849839144,665,500,90,-1,-1,0.0
stage2b_small_swarm_large,4,221786,990,3,950,700,3,8,True,-11.237037658691406,0.0,0.0,0.0,0.17666666666666667,0.24768852688313928,575,500,-1,-1,-1,0.0
stage2b_small_swarm_large,4,223286,991,3,950,700,3,8,True,-3.095491409301758,1.0,1.0,0.0,0.15083333333333335,0.24101243087335025,613,500,5,-1,-1,0.0
stage2b_small_swarm_large,4,224786,992,3,950,700,3,8,True,-5.297554969787598,0.0,0.0,0.0,0.185,0.21470767329390708,522,500,-1,-1,-1,0.0
stage2b_small_swarm_large,4,226286,993,3,950,700,3,8,True,-5.90576171875,0.0,0.0,0.0,0.14166666666666666,0.2171638592532836,535,500,-1,-1,-1,0.0
stage2b_small_swarm_large,4,227786,994,3,950,700,3,8,True,-4.847204208374023,2.0,2.0,0.0,0.13833333333333334,0.2267951001316542,482,500,10,-1,-1,0.0
stage2b_small_swarm_large,4,229286,995,3,950,700,3,8,True,-0.4478975832462311,2.0,2.0,0.0,0.15166666666666667,0.2211078354594065,478,500,165,-1,-1,0.0
stage2b_small_swarm_large,4,230786,996,3,950,700,3,8,True,-5.576875686645508,0.0,0.0,0.0,0.185,0.21382877007867987,500,500,-1,-1,-1,0.0
stage2b_small_swarm_large,4,232286,997,3,950,700,3,8,True,-1.0720314979553223,2.0,2.0,0.0,0.14083333333333334,0.28944330183313777,589,500,240,-1,-1,0.0
stage2b_small_swarm_large,4,233786,998,3,950,700,3,8,True,-5.964248180389404,0.0,0.0,0.0,0.12166666666666667,0.2777159746101049,598,500,-1,-1,-1,0.0
stage2b_small_swarm_large,4,235286,999,3,950,700,3,8,True,2.4980297088623047,3.0,3.0,0.0,0.1075,0.3955875064939028,866,500,69,-1,-1,0.0
stage2b_small_swarm_large,4,236786,1000,3,950,700,3,8,True,-3.044606924057007,1.0,1.0,0.0,0.11583333333333333,0.36606656876586685,764,500,50,-1,-1,0.0
stage2b_small_swarm_large,4,238286,1001,3,950,700,3,8,True,-5.412710189819336,0.0,0.0,0.0,0.14166666666666666,0.25639621280731323,584,500,-1,-1,-1,0.0
stage2b_small_swarm_large,4,239786,1002,3,950,700,3,8,True,-5.276082515716553,0.0,0.0,0.0,0.185,0.257303242844025,609,500,-1,-1,-1,0.0
stage2b_small_swarm_large,4,241286,1003,3,950,700,3,8,True,-6.714355945587158,0.0,0.0,0.0,0.08833333333333333,0.30299536700721363,587,500,-1,-1,-1,0.0
stage2b_small_swarm_large,4,242786,1004,3,950,700,3,8,True,-5.36726713180542,0.0,0.0,0.0,0.21583333333333332,0.2111279079624607,540,500,-1,-1,-1,0.0
stage2b_small_swarm_large,4,244286,1005,3,950,700,3,8,True,-3.022679090499878,1.0,1.0,0.0,0.16166666666666665,0.26611774156386186,594,500,3,-1,-1,0.0
stage2b_small_swarm_large,4,245786,1006,3,950,700,3,8,True,-3.8144588470458984,1.0,1.0,0.0,0.1875,0.26441031909497303,626,500,189,-1,-1,0.0
stage2b_small_swarm_large,4,247286,1007,3,950,700,3,8,True,1.2032150030136108,2.0,2.0,0.0,0.23333333333333334,0.23975126496834373,682,500,15,-1,-1,0.0
stage2b_small_swarm_large,4,248786,1008,3,950,700,3,8,True,-2.5841927528381348,1.0,1.0,0.0,0.19416666666666665,0.24719301073385092,616,500,38,-1,-1,0.0
stage2b_small_swarm_large,4,250286,1009,3,950,700,3,8,True,-3.550908327102661,1.0,1.0,0.0,0.17916666666666667,0.2284892612209466,570,500,352,-1,-1,0.0
stage2b_small_swarm_large,4,251786,1010,3,950,700,3,8,True,-2.1001803874969482,2.0,2.0,0.0,0.1775,0.1986198662664974,544,500,23,-1,-1,0.0
stage2b_small_swarm_large,4,253286,1011,3,950,700,3,8,True,-2.016710042953491,1.0,1.0,0.0,0.25166666666666665,0.23031394522260717,679,500,378,-1,-1,0.0
stage2b_small_swarm_large,4,254786,1012,3,950,700,3,8,True,-3.2204153537750244,1.0,1.0,0.0,0.22333333333333333,0.24508228638446117,633,500,464,-1,-1,0.0
stage2b_small_swarm_large,4,256286,1013,3,950,700,3,8,True,-6.621526718139648,0.0,0.0,0.0,0.1925,0.24651094336276094,639,500,-1,-1,-1,0.0
stage2b_small_swarm_large,4,257786,1014,3,950,700,3,8,True,-3.4103527069091797,1.0,1.0,0.0,0.21166666666666667,0.21160507498448713,633,500,21,-1,-1,0.0
stage2b_small_swarm_large,4,259286,1015,3,950,700,3,8,True,-5.985191345214844,0.0,0.0,0.0,0.1675,0.2070256403448293,680,500,-1,-1,-1,0.0
stage2b_small_swarm_large,4,260786,1016,3,950,700,3,8,True,-3.853081464767456,1.0,1.0,0.0,0.2075,0.22087872156982,636,500,360,-1,-1,0.0
stage2b_small_swarm_large,4,262286,1017,3,950,700,3,8,True,7.351905822753906,5.0,5.0,0.0,0.21916666666666668,0.23677527913614177,662,500,95,-1,-1,0.0
stage2b_small_swarm_large,4,263786,1018,3,950,700,3,8,True,0.6223840117454529,2.0,2.0,0.0,0.16666666666666666,0.16266771061555482,465,500,243,-1,-1,0.0
stage2b_small_swarm_large,4,265286,1019,3,950,700,3,8,True,-0.8109188079833984,2.0,2.0,0.0,0.19583333333333333,0.23402914470861047,527,500,340,-1,-1,0.0
stage2b_small_swarm_large,4,266786,1020,3,950,700,3,8,True,-4.284740924835205,1.0,1.0,0.0,0.20416666666666666,0.1905539576912221,514,500,396,-1,-1,0.0
stage2b_small_swarm_large,4,268286,1021,3,950,700,3,8,True,-4.683851718902588,0.0,0.0,0.0,0.17083333333333334,0.1366441091542365,384,500,-1,-1,-1,0.0
stage2b_small_swarm_large,4,269786,1022,3,950,700,3,8,True,-3.184410810470581,1.0,1.0,0.0,0.145,0.10172817854955793,315,500,164,-1,-1,0.0
stage2b_small_swarm_large,4,271286,1023,3,950,700,3,8,True,-1.0275293588638306,1.0,1.0,0.0,0.16166666666666665,0.07710996297750776,286,500,289,-1,-1,0.0
stage2b_small_swarm_large,4,272786,1024,3,950,700,3,8,True,-4.271650791168213,0.0,0.0,0.0,0.2225,0.10912749073274124,442,500,-1,-1,-1,0.0
stage2b_small_swarm_large,4,274286,1025,3,950,700,3,8,True,-6.766979217529297,0.0,0.0,0.0,0.18083333333333335,0.13232141476578546,426,500,-1,-1,-1,0.0
stage2b_small_swarm_large,4,275786,1026,3,950,700,3,8,True,1.3426570892333984,3.0,3.0,0.0,0.1575,0.12189417987992056,310,500,21,-1,-1,0.0
stage2b_small_swarm_large,4,277286,1027,3,950,700,3,8,True,-5.1906046867370605,0.0,0.0,0.0,0.20416666666666666,0.10980404584032172,505,500,-1,-1,-1,0.0
stage2b_small_swarm_large,4,278786,1028,3,950,700,3,8,True,-5.330434322357178,0.0,0.0,0.0,0.19416666666666665,0.1553013874538786,576,500,-1,-1,-1,0.0
stage2b_small_swarm_large,4,280286,1029,3,950,700,3,8,True,-7.936323165893555,0.0,0.0,0.0,0.21833333333333332,0.192024021262303,596,500,-1,-1,-1,0.0
stage2b_small_swarm_large,4,281786,1030,3,950,700,3,8,True,-6.5009002685546875,0.0,0.0,0.0,0.18166666666666667,0.22069537546640883,601,500,-1,-1,-1,0.0
stage2b_small_swarm_large,4,283286,1031,3,950,700,3,8,True,-3.993973970413208,1.0,1.0,0.0,0.18583333333333332,0.13923223615934452,404,500,426,-1,-1,0.0
stage2b_small_swarm_large,4,284786,1032,3,950,700,3,8,True,-2.1523189544677734,1.0,1.0,0.0,0.15083333333333335,0.10981792443540567,354,500,274,-1,-1,0.0
stage3a_full_swarm_large,5,288716,1033,6,950,700,3,8,True,-3.1003360748291016,2.0,2.0,0.0,0.26666666666666666,0.10044637992217517,570,500,74,-1,-1,0.0
stage3a_full_swarm_large,5,291716,1034,6,950,700,3,8,True,0.365342378616333,5.0,5.0,0.0,0.2875,0.10177793121758925,554,500,298,-1,-1,0.0
stage3a_full_swarm_large,5,294716,1035,6,950,700,3,8,True,-1.9503132104873657,2.0,2.0,0.0,0.31416666666666665,0.08790201554684124,497,500,3,-1,-1,0.0
stage3a_full_swarm_large,5,297716,1036,6,950,700,3,8,True,-5.901748180389404,0.0,0.0,0.0,0.275,0.08412025803628301,494,500,-1,-1,-1,0.0
stage3a_full_swarm_large,5,300716,1037,6,950,700,3,8,True,2.0144479274749756,6.0,6.0,0.0,0.2658333333333333,0.08728505328817603,558,500,5,-1,-1,0.0
stage3a_full_swarm_large,5,303716,1038,6,950,700,3,8,True,-3.8001673221588135,1.0,1.0,0.0,0.3258333333333333,0.06796886809977393,449,500,302,-1,-1,0.0
stage3a_full_swarm_large,5,306716,1039,6,950,700,3,8,True,-5.391005992889404,0.0,0.0,0.0,0.28833333333333333,0.06348085893333578,444,500,-1,-1,-1,0.0
stage3a_full_swarm_large,5,309716,1040,6,950,700,3,8,True,-4.495684623718262,1.0,1.0,0.0,0.22416666666666665,0.07272862850548699,439,500,13,-1,-1,0.0
stage3a_full_swarm_large,5,312716,1041,6,950,700,3,8,True,-3.8370678424835205,2.0,2.0,0.0,0.31666666666666665,0.053853234888791734,374,500,48,-1,-1,0.0
stage3a_full_swarm_large,5,315716,1042,6,950,700,3,8,True,-2.2811317443847656,3.0,3.0,0.0,0.28,0.05899728444160428,394,500,33,-1,-1,0.0
stage3a_full_swarm_large,5,318716,1043,6,950,700,3,8,True,-6.870792388916016,2.0,2.0,0.0,0.3491666666666667,0.0703180666056966,356,500,168,-1,-1,0.0
stage3a_full_swarm_large,5,321716,1044,6,950,700,3,8,True,-1.2277233600616455,2.0,2.0,0.0,0.2941666666666667,0.05752636380320959,382,500,39,-1,-1,0.0
stage3a_full_swarm_large,5,324716,1045,6,950,700,3,8,True,-1.9167166948318481,2.0,2.0,0.0,0.33,0.08103954660029072,434,500,268,-1,-1,0.0
stage3a_full_swarm_large,5,327716,1046,6,950,700,3,8,True,-1.3307996988296509,3.0,3.0,0.0,0.245,0.07319224435727423,388,500,23,-1,-1,0.0
stage3a_full_swarm_large,5,330716,1047,6,950,700,3,8,True,-5.235682964324951,0.0,0.0,0.0,0.20083333333333334,0.07721433671515358,480,500,-1,-1,-1,0.0
stage3a_full_swarm_large,5,333716,1048,6,950,700,3,8,True,0.17461355030536652,3.0,3.0,0.0,0.2633333333333333,0.05543050882373548,367,500,29,-1,-1,0.0
stage3a_full_swarm_large,5,336716,1049,6,950,700,3,8,True,-2.0662968158721924,2.0,2.0,0.0,0.22583333333333333,0.08924551619500078,506,500,216,-1,-1,0.0
stage3a_full_swarm_large,5,339716,1050,6,950,700,3,8,True,-5.474171161651611,0.0,0.0,0.0,0.2966666666666667,0.08755427782959305,580,500,-1,-1,-1,0.0
stage3a_full_swarm_large,5,342716,1051,6,950,700,3,8,True,0.12212550640106201,4.0,4.0,0.0,0.3075,0.07524240143001468,398,500,97,-1,-1,0.0
stage3a_full_swarm_large,5,345716,1052,6,950,700,3,8,True,-5.834122180938721,0.0,0.0,0.0,0.19416666666666665,0.10856799359545889,438,500,-1,-1,-1,0.0
stage3a_full_swarm_large,5,348716,1053,6,950,700,3,8,True,-5.416391849517822,0.0,0.0,0.0,0.22666666666666666,0.0987666204846076,416,500,-1,-1,-1,0.0
stage3a_full_swarm_large,5,351716,1054,6,950,700,3,8,True,-2.1426007747650146,1.0,1.0,0.0,0.24833333333333332,0.05481211150526845,314,500,344,-1,-1,0.0
stage3a_full_swarm_large,5,354716,1055,6,950,700,3,8,True,-7.252192974090576,0.0,0.0,0.0,0.24666666666666667,0.06867051831510616,395,500,-1,-1,-1,0.0
stage3b_full_swarm_final,6,361466,1056,6,1400,950,4,35,True,-8.168785095214844,0.0,0.0,0.0,0.13389830508474576,0.08651953583992306,724,720,-1,-1,-1,0.0
stage3b_full_swarm_final,6,365786,1057,6,1400,950,4,35,True,-10.816243171691895,0.0,0.0,0.0,0.15805084745762712,0.11359385679710679,678,720,-1,-1,-1,0.0
stage3b_full_swarm_final,6,370106,1058,6,1400,950,4,35,True,-8.931328773498535,2.0,2.0,0.0,0.15677966101694915,0.0906255717405724,515,720,250,-1,-1,0.0
stage3b_full_swarm_final,6,374426,1059,6,1400,950,4,35,True,-3.950228452682495,4.0,4.0,0.0,0.13347457627118645,0.0922133595159755,452,720,38,-1,-1,0.0
stage3b_full_swarm_final,6,378746,1060,6,1400,950,4,35,True,-10.137077331542969,4.0,4.0,0.0,0.1885593220338983,0.12122785938778112,590,720,98,-1,-1,0.0
stage3b_full_swarm_final,6,383066,1061,6,1400,950,4,35,True,-7.646465301513672,1.0,1.0,0.0,0.17288135593220338,0.11155949539624326,754,720,32,-1,-1,0.0
stage3b_full_swarm_final,6,387386,1062,6,1400,950,4,35,True,-8.819108963012695,1.0,1.0,0.0,0.11822033898305084,0.14532139424546686,745,720,393,-1,-1,0.0
stage3b_full_swarm_final,6,391706,1063,6,1400,950,4,35,True,-11.941336631774902,2.0,2.0,0.0,0.12457627118644068,0.13953342177008854,740,720,142,-1,-1,0.0
stage3b_full_swarm_final,6,396026,1064,6,1400,950,4,35,True,-13.530352592468262,1.0,1.0,0.0,0.16652542372881357,0.1215475876363295,787,720,79,-1,-1,0.0
stage3b_full_swarm_final,6,400346,1065,6,1400,950,4,35,True,-10.55522632598877,2.0,2.0,0.0,0.16610169491525423,0.13068798737439027,666,720,285,-1,-1,0.0
stage3b_full_swarm_final,6,404666,1066,6,1400,950,4,35,True,-3.673419952392578,5.0,5.0,0.0,0.20423728813559322,0.0813077825097463,569,720,207,-1,-1,0.0
stage3b_full_swarm_final,6,408986,1067,6,1400,950,4,35,True,-12.354545593261719,0.0,0.0,0.0,0.15423728813559323,0.136493331378612,689,720,-1,-1,-1,0.0
stage3b_full_swarm_final,6,413306,1068,6,1400,950,4,35,True,-13.319165229797363,1.0,1.0,0.0,0.1173728813559322,0.1671749522033847,766,720,641,-1,-1,0.0
stage3b_full_swarm_final,6,417626,1069,6,1400,950,4,35,True,-9.435105323791504,2.0,2.0,0.0,0.0961864406779661,0.2344097976058307,1130,720,82,-1,-1,0.0
stage3b_full_swarm_final,6,421946,1070,6,1400,950,4,35,True,-5.524216175079346,3.0,3.0,0.0,0.12542372881355932,0.19420740386667604,1148,720,27,-1,-1,0.0
stage3b_full_swarm_final,6,426266,1071,6,1400,950,4,35,True,-7.278251647949219,2.0,2.0,0.0,0.13686440677966102,0.21823562075796538,1155,720,35,-1,-1,0.0
stage3b_full_swarm_final,6,430586,1072,6,1400,950,4,35,True,-8.665353775024414,1.0,1.0,0.0,0.13305084745762713,0.1820602139339893,991,720,303,-1,-1,0.0
stage3b_full_swarm_final,6,434906,1073,6,1400,950,4,35,True,-10.347330093383789,0.0,0.0,0.0,0.07754237288135593,0.18454635854395746,1018,720,-1,-1,-1,0.0
stage3b_full_swarm_final,6,439226,1074,6,1400,950,4,35,True,-4.1471943855285645,4.0,4.0,0.0,0.1711864406779661,0.14875545709246243,798,720,22,-1,-1,0.0
stage3b_full_swarm_final,6,443546,1075,6,1400,950,4,35,True,-7.27263879776001,2.0,2.0,0.0,0.1114406779661017,0.17929266984011286,974,720,50,-1,-1,0.0
stage3b_full_swarm_final,6,447866,1076,6,1400,950,4,35,True,-15.919438362121582,0.0,0.0,0.0,0.09915254237288136,0.24332290664568532,1242,720,-1,-1,-1,0.0
stage3b_full_swarm_final,6,452186,1077,6,1400,950,4,35,True,-3.8396291732788086,5.0,5.0,0.0,0.1271186440677966,0.2339832636125114,1219,720,84,-1,-1,0.0
stage3b_full_swarm_final,6,456506,1078,6,1400,950,4,35,True,-4.100658416748047,4.0,4.0,0.0,0.13644067796610168,0.19378299411602914,894,720,75,-1,-1,0.0
stage3b_full_swarm_final,6,460826,1079,6,1400,950,4,35,True,-8.91565990447998,1.0,1.0,0.0,0.13516949152542374,0.19719711036837165,949,720,353,-1,-1,0.0
stage3b_full_swarm_final,6,465146,1080,6,1400,950,4,35,True,-2.0604500770568848,7.0,7.0,0.0,0.13135593220338984,0.22118819179055144,1219,720,31,-1,-1,0.0
stage3b_full_swarm_final,6,469466,1081,6,1400,950,4,35,True,-12.51817798614502,3.0,3.0,0.0,0.15084745762711865,0.24611392731041834,1516,720,312,-1,-1,0.0
stage3b_full_swarm_final,6,473786,1082,6,1400,950,4,35,True,-32.40365219116211,3.0,3.0,0.0,0.1419491525423729,0.26285757992269215,1480,720,505,-1,-1,0.0
stage3b_full_swarm_final,6,478106,1083,6,1400,950,4,35,True,-4.83783483505249,4.0,4.0,0.0,0.16652542372881357,0.20163410120660924,1539,720,17,-1,-1,0.0
stage3b_full_swarm_final,6,482426,1084,6,1400,950,4,35,True,-16.215229034423828,2.0,2.0,0.0,0.16271186440677965,0.24498984931815357,1440,720,69,-1,-1,0.0
stage3b_full_swarm_final,6,486746,1085,6,1400,950,4,35,True,-7.510645389556885,4.0,4.0,0.0,0.15677966101694915,0.22955546321855863,1184,720,98,-1,-1,0.0
stage3b_full_swarm_final,6,491066,1086,6,1400,950,4,35,True,-17.586334228515625,2.0,2.0,0.0,0.1385593220338983,0.24840358232604223,1254,720,28,-1,-1,0.0
stage3b_full_swarm_final,6,495386,1087,6,1400,950,4,35,True,-5.897609710693359,6.0,6.0,0.0,0.15720338983050847,0.2435069641381469,1478,720,297,-1,-1,0.0
stage3b_full_swarm_final,6,499706,1088,6,1400,950,4,35,True,-11.404498100280762,1.0,1.0,0.0,0.13516949152542374,0.2515548654465184,1552,720,104,-1,-1,0.0
