stage,stage_index,global_step,episode,n_agents,width,height,n_targets,n_obstacles,mean_episode_reward,food_discovered,food_picked_up,food_retrieved,exploration_coverage,pheromone_usage,pheromone_deposit_events,episode_length,first_pickup_step,first_delivery_step,pickup_to_delivery_latency,swarm_efficiency
stage1a_single_agent_tiny,1,120,1,1,220,220,1,0,-8.928215026855469,0.0,0.0,0.0,0.12,0.4932083918363787,66,120,-1,-1,-1,0.0
stage1a_single_agent_tiny,1,240,2,1,220,220,1,0,-12.984586715698242,0.0,0.0,0.0,0.25,0.3103811241948279,56,120,-1,-1,-1,0.0
stage1a_single_agent_tiny,1,360,3,1,220,220,1,0,-13.469956398010254,0.0,0.0,0.0,0.1,0.5308792839137216,68,120,-1,-1,-1,0.0
stage1a_single_agent_tiny,1,480,4,1,220,220,1,0,-8.911487579345703,0.0,0.0,0.0,0.14,0.44612718558249376,55,120,-1,-1,-1,0.0
stage1a_single_agent_tiny,1,600,5,1,220,220,1,0,-4.10745906829834,0.0,0.0,0.0,0.18,0.38340992472076324,58,120,-1,-1,-1,0.0
stage1a_single_agent_tiny,1,720,6,1,220,220,1,0,-3.846237897872925,0.0,0.0,0.0,0.2,0.33794010304263794,70,120,-1,-1,-1,0.0
stage1a_single_agent_tiny,1,840,7,1,220,220,1,0,-19.263957977294922,0.0,0.0,0.0,0.12,0.3751677948942718,61,120,-1,-1,-1,0.0
stage1a_single_agent_tiny,1,960,8,1,220,220,1,0,-13.215738296508789,0.0,0.0,0.0,0.13,0.4184165317914449,58,120,-1,-1,-1,0.0
stage1a_single_agent_tiny,1,970,9,1,220,220,1,0,7.920865058898926,1.0,1.0,0.0,0.04,0.21470914483070375,6,10,9,-1,-1,0.0
stage1a_single_agent_tiny,1,1090,10,1,220,220,1,0,-16.48575782775879,0.0,0.0,0.0,0.1,0.46810395548818634,60,120,-1,-1,-1,0.0
stage1a_single_agent_tiny,1,1210,11,1,220,220,1,0,-13.605426788330078,0.0,0.0,0.0,0.09,0.5131497042292419,68,120,-1,-1,-1,0.0
stage1a_single_agent_tiny,1,1330,12,1,220,220,1,0,-4.3899149894714355,0.0,0.0,0.0,0.14,0.5417646433401387,66,120,-1,-1,-1,0.0
stage1a_single_agent_tiny,1,1450,13,1,220,220,1,0,-4.2736945152282715,0.0,0.0,0.0,0.14,0.5355824312816063,54,120,-1,-1,-1,0.0
stage1a_single_agent_tiny,1,1498,14,1,220,220,1,0,7.580593109130859,1.0,1.0,0.0,0.09,0.38854378831456415,32,48,47,-1,-1,0.0
stage1a_single_agent_tiny,1,1538,15,1,220,220,1,0,7.673717498779297,1.0,1.0,0.0,0.07,0.38968449578387665,24,40,39,-1,-1,0.0
stage1a_single_agent_tiny,1,1658,16,1,220,220,1,0,-16.055496215820312,0.0,0.0,0.0,0.15,0.42099459647530846,63,120,-1,-1,-1,0.0
stage1a_single_agent_tiny,1,1762,17,1,220,220,1,0,5.298530578613281,1.0,1.0,0.0,0.11,0.533659024132738,45,104,103,-1,-1,0.0
stage1a_single_agent_tiny,1,1882,18,1,220,220,1,0,-21.014625549316406,0.0,0.0,0.0,0.1,0.3406261987557324,54,120,-1,-1,-1,0.0
stage1a_single_agent_tiny,1,2002,19,1,220,220,1,0,-2.8076977729797363,0.0,0.0,0.0,0.11,0.5007313858096798,58,120,-1,-1,-1,0.0
stage1a_single_agent_tiny,1,2122,20,1,220,220,1,0,-10.250499725341797,0.0,0.0,0.0,0.08,0.5184430959692691,60,120,-1,-1,-1,0.0
stage1a_single_agent_tiny,1,2242,21,1,220,220,1,0,-5.326516628265381,0.0,0.0,0.0,0.12,0.44569882384579007,52,120,-1,-1,-1,0.0
stage1a_single_agent_tiny,1,2362,22,1,220,220,1,0,-13.240090370178223,0.0,0.0,0.0,0.11,0.48029991709142145,56,120,-1,-1,-1,0.0
stage1a_single_agent_tiny,1,2482,23,1,220,220,1,0,-1.333032250404358,0.0,0.0,0.0,0.17,0.3550366431668711,58,120,-1,-1,-1,0.0
stage1a_single_agent_tiny,1,2602,24,1,220,220,1,0,-11.271930694580078,0.0,0.0,0.0,0.12,0.38985964994644745,64,120,-1,-1,-1,0.0
stage1a_single_agent_tiny,1,2722,25,1,220,220,1,0,-21.005090713500977,0.0,0.0,0.0,0.03,0.5681294686083371,65,120,-1,-1,-1,0.0
stage1a_single_agent_tiny,1,2842,26,1,220,220,1,0,-10.236412048339844,0.0,0.0,0.0,0.12,0.4327758246625308,59,120,-1,-1,-1,0.0
stage1a_single_agent_tiny,1,2962,27,1,220,220,1,0,-14.67794418334961,0.0,0.0,0.0,0.2,0.3339251688312894,50,120,-1,-1,-1,0.0
stage1a_single_agent_tiny,1,3082,28,1,220,220,1,0,-2.733262062072754,0.0,0.0,0.0,0.15,0.45227048895467303,56,120,-1,-1,-1,0.0
stage1a_single_agent_tiny,1,3202,29,1,220,220,1,0,-6.748845100402832,0.0,0.0,0.0,0.21,0.35435428097456073,58,120,-1,-1,-1,0.0
stage1a_single_agent_tiny,1,3322,30,1,220,220,1,0,-1.119919776916504,0.0,0.0,0.0,0.12,0.40488457794417626,62,120,-1,-1,-1,0.0
stage1a_single_agent_tiny,1,3442,31,1,220,220,1,0,-2.1014668941497803,0.0,0.0,0.0,0.23,0.3267892727123884,64,120,-1,-1,-1,0.0
stage1a_single_agent_tiny,1,3562,32,1,220,220,1,0,-11.83414077758789,0.0,0.0,0.0,0.07,0.6399431708346431,67,120,-1,-1,-1,0.0
stage1a_single_agent_tiny,1,3682,33,1,220,220,1,0,-11.189606666564941,0.0,0.0,0.0,0.21,0.34278987100406083,64,120,-1,-1,-1,0.0
stage1a_single_agent_tiny,1,3769,34,1,220,220,1,0,7.293168067932129,1.0,1.0,0.0,0.15,0.292700772152293,43,87,86,-1,-1,0.0
stage1a_single_agent_tiny,1,3889,35,1,220,220,1,0,-10.36259937286377,0.0,0.0,0.0,0.15,0.40632639999870057,69,120,-1,-1,-1,0.0
stage1a_single_agent_tiny,1,4009,36,1,220,220,1,0,-10.371415138244629,0.0,0.0,0.0,0.12,0.33532009638729504,40,120,-1,-1,-1,0.0
stage1a_single_agent_tiny,1,4129,37,1,220,220,1,0,-11.528169631958008,0.0,0.0,0.0,0.11,0.45152451798785476,61,120,-1,-1,-1,0.0
stage1a_single_agent_tiny,1,4204,38,1,220,220,1,0,5.991634845733643,1.0,1.0,0.0,0.15,0.24971489230170846,43,75,74,-1,-1,0.0
stage1a_single_agent_tiny,1,4324,39,1,220,220,1,0,-1.185845971107483,0.0,0.0,0.0,0.14,0.3851032550155651,58,120,-1,-1,-1,0.0
stage1a_single_agent_tiny,1,4444,40,1,220,220,1,0,-13.384236335754395,0.0,0.0,0.0,0.15,0.4292375222197734,51,120,-1,-1,-1,0.0
stage1a_single_agent_tiny,1,4564,41,1,220,220,1,0,-4.357418537139893,0.0,0.0,0.0,0.14,0.4426516918077444,65,120,-1,-1,-1,0.0
stage1a_single_agent_tiny,1,4684,42,1,220,220,1,0,-7.3802080154418945,0.0,0.0,0.0,0.08,0.538379458427274,74,120,-1,-1,-1,0.0
stage1a_single_agent_tiny,1,4804,43,1,220,220,1,0,-12.035400390625,0.0,0.0,0.0,0.14,0.41604304854408836,59,120,-1,-1,-1,0.0
stage1a_single_agent_tiny,1,4924,44,1,220,220,1,0,-6.987884998321533,0.0,0.0,0.0,0.14,0.371911787589003,68,120,-1,-1,-1,0.0
stage1a_single_agent_tiny,1,4961,45,1,220,220,1,0,6.206752300262451,1.0,1.0,0.0,0.07,0.2941838565559403,25,37,36,-1,-1,0.0
stage1a_single_agent_tiny,1,5081,46,1,220,220,1,0,-5.373490333557129,0.0,0.0,0.0,0.14,0.352730300630598,56,120,-1,-1,-1,0.0
stage1a_single_agent_tiny,1,5143,47,1,220,220,1,0,2.912349224090576,1.0,1.0,0.0,0.1,0.23638402673626138,22,62,61,-1,-1,0.0
stage1a_single_agent_tiny,1,5263,48,1,220,220,1,0,-7.421253204345703,0.0,0.0,0.0,0.06,0.5113240039000326,66,120,-1,-1,-1,0.0
stage1a_single_agent_tiny,1,5383,49,1,220,220,1,0,-10.376150131225586,0.0,0.0,0.0,0.08,0.5669194257624137,71,120,-1,-1,-1,0.0
stage1a_single_agent_tiny,1,5503,50,1,220,220,1,0,-5.476844787597656,0.0,0.0,0.0,0.18,0.3689847591003248,71,120,-1,-1,-1,0.0
stage1a_single_agent_tiny,1,5556,51,1,220,220,1,0,7.495288848876953,1.0,1.0,0.0,0.12,0.4314862338975423,36,53,52,-1,-1,0.0
stage1a_single_agent_tiny,1,5676,52,1,220,220,1,0,-10.227302551269531,0.0,0.0,0.0,0.12,0.572265189125513,80,120,-1,-1,-1,0.0
stage1a_single_agent_tiny,1,5796,53,1,220,220,1,0,-0.9759902358055115,0.0,0.0,0.0,0.15,0.5817872357477124,72,120,-1,-1,-1,0.0
stage1a_single_agent_tiny,1,5916,54,1,220,220,1,0,-1.6282602548599243,0.0,0.0,0.0,0.04,0.8091489555624624,88,120,-1,-1,-1,0.0
stage1a_single_agent_tiny,1,6036,55,1,220,220,1,0,-5.724664211273193,0.0,0.0,0.0,0.12,0.5735806658708801,86,120,-1,-1,-1,0.0
stage1a_single_agent_tiny,1,6156,56,1,220,220,1,0,-0.9988293051719666,0.0,0.0,0.0,0.09,0.7210950133778776,86,120,-1,-1,-1,0.0
stage1a_single_agent_tiny,1,6276,57,1,220,220,1,0,-5.839341163635254,0.0,0.0,0.0,0.04,0.76501568860452,81,120,-1,-1,-1,0.0
stage1a_single_agent_tiny,1,6396,58,1,220,220,1,0,-2.8807716369628906,0.0,0.0,0.0,0.06,0.7250967579234081,79,120,-1,-1,-1,0.0
stage1a_single_agent_tiny,1,6516,59,1,220,220,1,0,-2.997483968734741,0.0,0.0,0.0,0.05,0.6967962752406796,92,120,-1,-1,-1,0.0
stage1a_single_agent_tiny,1,6636,60,1,220,220,1,0,-1.0104148387908936,0.0,0.0,0.0,0.11,0.6446647357855303,84,120,-1,-1,-1,0.0
stage1a_single_agent_tiny,1,6756,61,1,220,220,1,0,-2.6827914714813232,0.0,0.0,0.0,0.04,0.8411266940956315,88,120,-1,-1,-1,0.0
stage1a_single_agent_tiny,1,6876,62,1,220,220,1,0,-4.339902877807617,0.0,0.0,0.0,0.05,0.7414142772865792,99,120,-1,-1,-1,0.0
stage1a_single_agent_tiny,1,6996,63,1,220,220,1,0,-5.566910743713379,0.0,0.0,0.0,0.14,0.5741787929475929,84,120,-1,-1,-1,0.0
stage1a_single_agent_tiny,1,7116,64,1,220,220,1,0,-0.8085631132125854,0.0,0.0,0.0,0.09,0.6059175856411457,78,120,-1,-1,-1,0.0
stage1a_single_agent_tiny,1,7236,65,1,220,220,1,0,-1.52151358127594,0.0,0.0,0.0,0.05,0.7579290939029306,82,120,-1,-1,-1,0.0
stage1a_single_agent_tiny,1,7356,66,1,220,220,1,0,-0.9316795468330383,0.0,0.0,0.0,0.12,0.5933984304390226,68,120,-1,-1,-1,0.0
stage1a_single_agent_tiny,1,7476,67,1,220,220,1,0,-1.4769537448883057,0.0,0.0,0.0,0.06,0.7368728069704957,94,120,-1,-1,-1,0.0
stage1a_single_agent_tiny,1,7514,68,1,220,220,1,0,6.176063060760498,1.0,1.0,0.0,0.05,0.4419230960759849,22,38,37,-1,-1,0.0
stage1a_single_agent_tiny,1,7519,69,1,220,220,1,0,7.9767537117004395,1.0,1.0,0.0,0.03,0.0,2,5,4,-1,-1,0.0
stage1a_single_agent_tiny,1,7639,70,1,220,220,1,0,-4.079411506652832,0.0,0.0,0.0,0.19,0.3366203708884617,63,120,-1,-1,-1,0.0
stage1a_single_agent_tiny,1,7759,71,1,220,220,1,0,-3.7597718238830566,0.0,0.0,0.0,0.12,0.36799527643015606,58,120,-1,-1,-1,0.0
stage1a_single_agent_tiny,1,7879,72,1,220,220,1,0,-7.708001136779785,0.0,0.0,0.0,0.07,0.5816953220812138,68,120,-1,-1,-1,0.0
stage1a_single_agent_tiny,1,7999,73,1,220,220,1,0,-5.534615993499756,0.0,0.0,0.0,0.23,0.3464822296945689,59,120,-1,-1,-1,0.0
stage1a_single_agent_tiny,1,8119,74,1,220,220,1,0,-7.0963006019592285,0.0,0.0,0.0,0.19,0.3870455565309385,65,120,-1,-1,-1,0.0
stage1a_single_agent_tiny,1,8143,75,1,220,220,1,0,7.739312648773193,1.0,1.0,0.0,0.05,0.3718250143089487,14,24,23,-1,-1,0.0
stage1a_single_agent_tiny,1,8263,76,1,220,220,1,0,-10.419121742248535,0.0,0.0,0.0,0.07,0.6551962873432785,74,120,-1,-1,-1,0.0
stage1a_single_agent_tiny,1,8383,77,1,220,220,1,0,-1.155868649482727,0.0,0.0,0.0,0.15,0.49124368619328984,70,120,-1,-1,-1,0.0
stage1a_single_agent_tiny,1,8422,78,1,220,220,1,0,7.651053428649902,1.0,1.0,0.0,0.05,0.5225011777514831,21,39,38,-1,-1,0.0
stage1a_single_agent_tiny,1,8542,79,1,220,220,1,0,-4.215946197509766,0.0,0.0,0.0,0.14,0.45633658276638017,78,120,-1,-1,-1,0.0
stage1a_single_agent_tiny,1,8662,80,1,220,220,1,0,-5.567549705505371,0.0,0.0,0.0,0.21,0.4181154199570301,77,120,-1,-1,-1,0.0
stage1a_single_agent_tiny,1,8782,81,1,220,220,1,0,-7.101110935211182,0.0,0.0,0.0,0.14,0.502409032805978,72,120,-1,-1,-1,0.0
stage1a_single_agent_tiny,1,8797,82,1,220,220,1,0,7.974259853363037,1.0,1.0,0.0,0.03,0.4406448053816954,8,15,14,-1,-1,0.0
stage1a_single_agent_tiny,1,8917,83,1,220,220,1,0,-1.3581900596618652,0.0,0.0,0.0,0.12,0.5454378397184579,72,120,-1,-1,-1,0.0
stage1a_single_agent_tiny,1,9037,84,1,220,220,1,0,-2.653437852859497,0.0,0.0,0.0,0.1,0.4580359681819876,67,120,-1,-1,-1,0.0
stage1a_single_agent_tiny,1,9157,85,1,220,220,1,0,-16.370824813842773,0.0,0.0,0.0,0.14,0.5402183821303576,85,120,-1,-1,-1,0.0
stage1a_single_agent_tiny,1,9277,86,1,220,220,1,0,-4.344249725341797,0.0,0.0,0.0,0.07,0.7161789542684952,86,120,-1,-1,-1,0.0
stage1a_single_agent_tiny,1,9397,87,1,220,220,1,0,-5.391946315765381,0.0,0.0,0.0,0.12,0.5613437814172357,98,120,-1,-1,-1,0.0
stage1a_single_agent_tiny,1,9499,88,1,220,220,1,0,1.0803977251052856,1.0,1.0,0.0,0.11,0.5606230128825843,74,102,101,-1,-1,0.0
stage1a_single_agent_tiny,1,9619,89,1,220,220,1,0,-2.8263490200042725,0.0,0.0,0.0,0.1,0.7186268832689772,98,120,-1,-1,-1,0.0
stage1a_single_agent_tiny,1,9739,90,1,220,220,1,0,-7.310157775878906,0.0,0.0,0.0,0.12,0.7269208167330362,94,120,-1,-1,-1,0.0
stage1a_single_agent_tiny,1,9859,91,1,220,220,1,0,-1.4860048294067383,0.0,0.0,0.0,0.05,0.81201707891499,100,120,-1,-1,-1,0.0
stage1a_single_agent_tiny,1,9979,92,1,220,220,1,0,-13.177006721496582,0.0,0.0,0.0,0.03,0.7755967747420073,90,120,-1,-1,-1,0.0
stage1a_single_agent_tiny,1,10099,93,1,220,220,1,0,-9.003756523132324,0.0,0.0,0.0,0.05,0.7647826731282596,89,120,-1,-1,-1,0.0
stage1a_single_agent_tiny,1,10219,94,1,220,220,1,0,-1.4458733797073364,0.0,0.0,0.0,0.04,0.8099183030213074,96,120,-1,-1,-1,0.0
stage1a_single_agent_tiny,1,10339,95,1,220,220,1,0,-20.81135368347168,0.0,0.0,0.0,0.1,0.6330511070710296,68,120,-1,-1,-1,0.0
stage1a_single_agent_tiny,1,10452,96,1,220,220,1,0,6.733836650848389,1.0,1.0,0.0,0.04,0.8748107995936828,89,113,112,-1,-1,0.0
stage1a_single_agent_tiny,1,10572,97,1,220,220,1,0,-5.727930545806885,0.0,0.0,0.0,0.12,0.7024792239681119,107,120,-1,-1,-1,0.0
stage1a_single_agent_tiny,1,10692,98,1,220,220,1,0,-3.12099552154541,0.0,0.0,0.0,0.03,0.9256070389722785,111,120,-1,-1,-1,0.0
stage1a_single_agent_tiny,1,10812,99,1,220,220,1,0,-1.2397602796554565,0.0,0.0,0.0,0.03,0.9388656067972382,102,120,-1,-1,-1,0.0
stage1a_single_agent_tiny,1,10932,100,1,220,220,1,0,-1.5080006122589111,0.0,0.0,0.0,0.04,0.8904095986237128,108,120,-1,-1,-1,0.0
stage1a_single_agent_tiny,1,11052,101,1,220,220,1,0,-1.4800009727478027,0.0,0.0,0.0,0.03,0.8861207182208697,110,120,-1,-1,-1,0.0
stage1a_single_agent_tiny,1,11172,102,1,220,220,1,0,-1.2960007190704346,0.0,0.0,0.0,0.04,0.8854986780633529,106,120,-1,-1,-1,0.0
stage1a_single_agent_tiny,1,11292,103,1,220,220,1,0,-2.939995050430298,0.0,0.0,0.0,0.03,0.8526780241246645,110,120,-1,-1,-1,0.0
stage1a_single_agent_tiny,1,11412,104,1,220,220,1,0,-1.2822744846343994,0.0,0.0,0.0,0.02,0.8993615847080946,104,120,-1,-1,-1,0.0
stage1a_single_agent_tiny,1,11532,105,1,220,220,1,0,-1.401847243309021,0.0,0.0,0.0,0.01,0.975,114,120,-1,-1,-1,0.0
stage1a_single_agent_tiny,1,11652,106,1,220,220,1,0,-1.3940006494522095,0.0,0.0,0.0,0.01,0.9916666666666667,114,120,-1,-1,-1,0.0
stage1a_single_agent_tiny,1,11772,107,1,220,220,1,0,-1.240109920501709,0.0,0.0,0.0,0.02,0.9683034129440784,112,120,-1,-1,-1,0.0
stage1a_single_agent_tiny,1,11892,108,1,220,220,1,0,-1.2419999837875366,0.0,0.0,0.0,0.01,0.9916666666666667,112,120,-1,-1,-1,0.0
stage1a_single_agent_tiny,1,12012,109,1,220,220,1,0,-1.3260042667388916,0.0,0.0,0.0,0.02,0.9483497305462758,104,120,-1,-1,-1,0.0
stage1a_single_agent_tiny,1,12132,110,1,220,220,1,0,-1.2700004577636719,0.0,0.0,0.0,0.02,0.975,110,120,-1,-1,-1,0.0
stage1a_single_agent_tiny,1,12252,111,1,220,220,1,0,-1.4039196968078613,0.0,0.0,0.0,0.01,0.9665081902096669,116,120,-1,-1,-1,0.0
stage1a_single_agent_tiny,1,12372,112,1,220,220,1,0,-1.4080005884170532,0.0,0.0,0.0,0.03,0.9276357989758253,108,120,-1,-1,-1,0.0
stage1a_single_agent_tiny,1,12492,113,1,220,220,1,0,-2.965994358062744,0.0,0.0,0.0,0.01,0.9698669128119946,106,120,-1,-1,-1,0.0
stage1a_single_agent_tiny,1,12612,114,1,220,220,1,0,-1.3820005655288696,0.0,0.0,0.0,0.02,0.9718186939135194,112,120,-1,-1,-1,0.0
stage1a_single_agent_tiny,1,12732,115,1,220,220,1,0,-1.3400005102157593,0.0,0.0,0.0,0.01,0.9916666666666667,120,120,-1,-1,-1,0.0
stage1a_single_agent_tiny,1,12852,116,1,220,220,1,0,-1.2239999771118164,0.0,0.0,0.0,0.01,0.975,114,120,-1,-1,-1,0.0
stage1a_single_agent_tiny,1,12972,117,1,220,220,1,0,-1.35800039768219,0.0,0.0,0.0,0.01,0.9916666666666667,118,120,-1,-1,-1,0.0
stage1a_single_agent_tiny,1,13092,118,1,220,220,1,0,-1.354000210762024,0.0,0.0,0.0,0.01,0.9916666666666667,114,120,-1,-1,-1,0.0
stage1a_single_agent_tiny,1,13212,119,1,220,220,1,0,-2.9265685081481934,0.0,0.0,0.0,0.02,0.9840277777984738,105,120,-1,-1,-1,0.0
stage1a_single_agent_tiny,1,13332,120,1,220,220,1,0,-1.4340007305145264,0.0,0.0,0.0,0.01,0.975,104,120,-1,-1,-1,0.0
stage1a_single_agent_tiny,1,13452,121,1,220,220,1,0,-1.3881425857543945,0.0,0.0,0.0,0.01,0.9696995235979557,116,120,-1,-1,-1,0.0
stage1a_single_agent_tiny,1,13572,122,1,220,220,1,0,-1.2039999961853027,0.0,0.0,0.0,0.01,0.9916666666666667,114,120,-1,-1,-1,0.0
stage1a_single_agent_tiny,1,13692,123,1,220,220,1,0,-1.3720002174377441,0.0,0.0,0.0,0.01,0.9916666666666667,112,120,-1,-1,-1,0.0
stage1a_single_agent_tiny,1,13812,124,1,220,220,1,0,-1.2240005731582642,0.0,0.0,0.0,0.01,0.9728293098509312,114,120,-1,-1,-1,0.0
stage1a_single_agent_tiny,1,13932,125,1,220,220,1,0,-1.3800007104873657,0.0,0.0,0.0,0.02,0.975,110,120,-1,-1,-1,0.0
stage1a_single_agent_tiny,1,14052,126,1,220,220,1,0,-1.3448655605316162,0.0,0.0,0.0,0.02,0.9833333333333333,116,120,-1,-1,-1,0.0
stage1a_single_agent_tiny,1,14172,127,1,220,220,1,0,-1.4100006818771362,0.0,0.0,0.0,0.01,0.975,110,120,-1,-1,-1,0.0
stage1a_single_agent_tiny,1,14292,128,1,220,220,1,0,-1.2239997386932373,0.0,0.0,0.0,0.01,0.9916666666666667,114,120,-1,-1,-1,0.0
stage1a_single_agent_tiny,1,14412,129,1,220,220,1,0,-1.3380004167556763,0.0,0.0,0.0,0.01,0.9916666666666667,118,120,-1,-1,-1,0.0
stage1a_single_agent_tiny,1,14532,130,1,220,220,1,0,-1.356000304222107,0.0,0.0,0.0,0.01,0.9916666666666667,116,120,-1,-1,-1,0.0
stage1a_single_agent_tiny,1,14652,131,1,220,220,1,0,-1.3200002908706665,0.0,0.0,0.0,0.01,0.9916666666666667,120,120,-1,-1,-1,0.0
stage1a_single_agent_tiny,1,14772,132,1,220,220,1,0,-1.3080002069473267,0.0,0.0,0.0,0.02,0.975,118,120,-1,-1,-1,0.0
stage1a_single_agent_tiny,1,14892,133,1,220,220,1,0,-1.3200002908706665,0.0,0.0,0.0,0.01,0.9916666666666667,120,120,-1,-1,-1,0.0
stage1a_single_agent_tiny,1,15012,134,1,220,220,1,0,-1.3660002946853638,0.0,0.0,0.0,0.01,0.9916666666666667,116,120,-1,-1,-1,0.0
stage1a_single_agent_tiny,1,15132,135,1,220,220,1,0,-1.3200002908706665,0.0,0.0,0.0,0.01,0.9916666666666667,120,120,-1,-1,-1,0.0
stage1a_single_agent_tiny,1,15252,136,1,220,220,1,0,-1.3380004167556763,0.0,0.0,0.0,0.01,0.9916666666666667,118,120,-1,-1,-1,0.0
stage1a_single_agent_tiny,1,15372,137,1,220,220,1,0,-1.3200002908706665,0.0,0.0,0.0,0.01,0.9916666666666667,120,120,-1,-1,-1,0.0
stage1a_single_agent_tiny,1,15492,138,1,220,220,1,0,-1.3200002908706665,0.0,0.0,0.0,0.01,0.9916666666666667,120,120,-1,-1,-1,0.0
stage1a_single_agent_tiny,1,15612,139,1,220,220,1,0,-1.3380002975463867,0.0,0.0,0.0,0.01,0.9916666666666667,118,120,-1,-1,-1,0.0
stage1a_single_agent_tiny,1,15732,140,1,220,220,1,0,-1.3200002908706665,0.0,0.0,0.0,0.01,0.9916666666666667,120,120,-1,-1,-1,0.0
stage1a_single_agent_tiny,1,15852,141,1,220,220,1,0,-1.3200002908706665,0.0,0.0,0.0,0.01,0.9916666666666667,120,120,-1,-1,-1,0.0
stage1a_single_agent_tiny,1,15972,142,1,220,220,1,0,-1.3200002908706665,0.0,0.0,0.0,0.01,0.9916666666666667,120,120,-1,-1,-1,0.0
stage1a_single_agent_tiny,1,16092,143,1,220,220,1,0,-1.3200002908706665,0.0,0.0,0.0,0.01,0.9916666666666667,120,120,-1,-1,-1,0.0
stage1a_single_agent_tiny,1,16212,144,1,220,220,1,0,-1.3280003070831299,0.0,0.0,0.0,0.01,0.975,118,120,-1,-1,-1,0.0
stage1a_single_agent_tiny,1,16332,145,1,220,220,1,0,-1.3200002908706665,0.0,0.0,0.0,0.01,0.9916666666666667,120,120,-1,-1,-1,0.0
stage1a_single_agent_tiny,1,16452,146,1,220,220,1,0,-1.3200002908706665,0.0,0.0,0.0,0.01,0.9916666666666667,120,120,-1,-1,-1,0.0
stage1a_single_agent_tiny,1,16572,147,1,220,220,1,0,-1.3380004167556763,0.0,0.0,0.0,0.01,0.9916666666666667,118,120,-1,-1,-1,0.0
stage1a_single_agent_tiny,1,16692,148,1,220,220,1,0,-1.3200002908706665,0.0,0.0,0.0,0.01,0.9916666666666667,120,120,-1,-1,-1,0.0
stage1a_single_agent_tiny,1,16812,149,1,220,220,1,0,-1.3200002908706665,0.0,0.0,0.0,0.01,0.9916666666666667,120,120,-1,-1,-1,0.0
stage1a_single_agent_tiny,1,16932,150,1,220,220,1,0,-1.3200002908706665,0.0,0.0,0.0,0.01,0.9916666666666667,120,120,-1,-1,-1,0.0
stage1a_single_agent_tiny,1,17052,151,1,220,220,1,0,-1.3200002908706665,0.0,0.0,0.0,0.01,0.9916666666666667,120,120,-1,-1,-1,0.0
stage1a_single_agent_tiny,1,17172,152,1,220,220,1,0,-1.3300002813339233,0.0,0.0,0.0,0.01,0.9916666666666667,120,120,-1,-1,-1,0.0
stage1a_single_agent_tiny,1,17292,153,1,220,220,1,0,-1.3380004167556763,0.0,0.0,0.0,0.01,0.9916666666666667,118,120,-1,-1,-1,0.0
stage1a_single_agent_tiny,1,17412,154,1,220,220,1,0,-1.3200002908706665,0.0,0.0,0.0,0.01,0.9916666666666667,120,120,-1,-1,-1,0.0
stage1a_single_agent_tiny,1,17532,155,1,220,220,1,0,-1.3200002908706665,0.0,0.0,0.0,0.01,0.9916666666666667,120,120,-1,-1,-1,0.0
stage1a_single_agent_tiny,1,17652,156,1,220,220,1,0,-1.3200002908706665,0.0,0.0,0.0,0.01,0.9916666666666667,120,120,-1,-1,-1,0.0
stage1a_single_agent_tiny,1,17772,157,1,220,220,1,0,-1.3200002908706665,0.0,0.0,0.0,0.01,0.9916666666666667,120,120,-1,-1,-1,0.0
stage1a_single_agent_tiny,1,17892,158,1,220,220,1,0,-1.3200002908706665,0.0,0.0,0.0,0.01,0.9916666666666667,120,120,-1,-1,-1,0.0
stage1a_single_agent_tiny,1,18012,159,1,220,220,1,0,-1.3200002908706665,0.0,0.0,0.0,0.01,0.9916666666666667,120,120,-1,-1,-1,0.0
stage1a_single_agent_tiny,1,18132,160,1,220,220,1,0,-1.3200002908706665,0.0,0.0,0.0,0.01,0.9916666666666667,120,120,-1,-1,-1,0.0
stage1a_single_agent_tiny,1,18252,161,1,220,220,1,0,-1.3200002908706665,0.0,0.0,0.0,0.01,0.9916666666666667,120,120,-1,-1,-1,0.0
stage1a_single_agent_tiny,1,18372,162,1,220,220,1,0,-1.3200002908706665,0.0,0.0,0.0,0.01,0.9916666666666667,120,120,-1,-1,-1,0.0
stage1a_single_agent_tiny,1,18492,163,1,220,220,1,0,-1.3200002908706665,0.0,0.0,0.0,0.01,0.9916666666666667,120,120,-1,-1,-1,0.0
stage1a_single_agent_tiny,1,18612,164,1,220,220,1,0,-1.3200002908706665,0.0,0.0,0.0,0.01,0.9916666666666667,120,120,-1,-1,-1,0.0
stage1a_single_agent_tiny,1,18732,165,1,220,220,1,0,-1.3200002908706665,0.0,0.0,0.0,0.01,0.9916666666666667,120,120,-1,-1,-1,0.0
stage1a_single_agent_tiny,1,18852,166,1,220,220,1,0,-1.3200002908706665,0.0,0.0,0.0,0.01,0.9916666666666667,120,120,-1,-1,-1,0.0
stage1a_single_agent_tiny,1,18972,167,1,220,220,1,0,-1.3200002908706665,0.0,0.0,0.0,0.01,0.9916666666666667,120,120,-1,-1,-1,0.0
stage1a_single_agent_tiny,1,19092,168,1,220,220,1,0,-1.3200002908706665,0.0,0.0,0.0,0.01,0.9916666666666667,120,120,-1,-1,-1,0.0
stage1a_single_agent_tiny,1,19212,169,1,220,220,1,0,-1.3200002908706665,0.0,0.0,0.0,0.01,0.9916666666666667,120,120,-1,-1,-1,0.0
stage1a_single_agent_tiny,1,19332,170,1,220,220,1,0,-1.3200002908706665,0.0,0.0,0.0,0.01,0.9916666666666667,120,120,-1,-1,-1,0.0
stage1a_single_agent_tiny,1,19452,171,1,220,220,1,0,-1.3200002908706665,0.0,0.0,0.0,0.01,0.9916666666666667,120,120,-1,-1,-1,0.0
stage1a_single_agent_tiny,1,19572,172,1,220,220,1,0,-1.3200002908706665,0.0,0.0,0.0,0.01,0.9916666666666667,120,120,-1,-1,-1,0.0
stage1a_single_agent_tiny,1,19692,173,1,220,220,1,0,-1.3200002908706665,0.0,0.0,0.0,0.01,0.9916666666666667,120,120,-1,-1,-1,0.0
stage1a_single_agent_tiny,1,19812,174,1,220,220,1,0,-1.3200002908706665,0.0,0.0,0.0,0.01,0.9916666666666667,120,120,-1,-1,-1,0.0
stage1a_single_agent_tiny,1,19932,175,1,220,220,1,0,-1.3200002908706665,0.0,0.0,0.0,0.01,0.9916666666666667,120,120,-1,-1,-1,0.0
stage1a_single_agent_tiny,1,20052,176,1,220,220,1,0,-1.3200002908706665,0.0,0.0,0.0,0.01,0.9916666666666667,120,120,-1,-1,-1,0.0
stage1a_single_agent_tiny,1,20172,177,1,220,220,1,0,-1.3200002908706665,0.0,0.0,0.0,0.01,0.9916666666666667,120,120,-1,-1,-1,0.0
stage1a_single_agent_tiny,1,20292,178,1,220,220,1,0,-1.3200002908706665,0.0,0.0,0.0,0.01,0.9916666666666667,120,120,-1,-1,-1,0.0
stage1a_single_agent_tiny,1,20412,179,1,220,220,1,0,-1.3200002908706665,0.0,0.0,0.0,0.01,0.9916666666666667,120,120,-1,-1,-1,0.0
stage1a_single_agent_tiny,1,20532,180,1,220,220,1,0,-1.3200002908706665,0.0,0.0,0.0,0.01,0.9916666666666667,120,120,-1,-1,-1,0.0
stage1a_single_agent_tiny,1,20652,181,1,220,220,1,0,-1.3200002908706665,0.0,0.0,0.0,0.01,0.9916666666666667,120,120,-1,-1,-1,0.0
stage1a_single_agent_tiny,1,20772,182,1,220,220,1,0,-1.3200002908706665,0.0,0.0,0.0,0.01,0.9916666666666667,120,120,-1,-1,-1,0.0
stage1a_single_agent_tiny,1,20892,183,1,220,220,1,0,-1.3200002908706665,0.0,0.0,0.0,0.01,0.9916666666666667,120,120,-1,-1,-1,0.0
stage1a_single_agent_tiny,1,21012,184,1,220,220,1,0,-1.3300002813339233,0.0,0.0,0.0,0.01,0.9916666666666667,120,120,-1,-1,-1,0.0
stage1a_single_agent_tiny,1,21132,185,1,220,220,1,0,-1.3200002908706665,0.0,0.0,0.0,0.01,0.9916666666666667,120,120,-1,-1,-1,0.0
stage1a_single_agent_tiny,1,21252,186,1,220,220,1,0,-1.3200002908706665,0.0,0.0,0.0,0.01,0.9916666666666667,120,120,-1,-1,-1,0.0
stage1a_single_agent_tiny,1,21372,187,1,220,220,1,0,-1.3200002908706665,0.0,0.0,0.0,0.01,0.9916666666666667,120,120,-1,-1,-1,0.0
stage1a_single_agent_tiny,1,21492,188,1,220,220,1,0,-1.3200002908706665,0.0,0.0,0.0,0.01,0.9916666666666667,120,120,-1,-1,-1,0.0
stage1a_single_agent_tiny,1,21612,189,1,220,220,1,0,-2.8299953937530518,0.0,0.0,0.0,0.01,0.9840277777984738,120,120,-1,-1,-1,0.0
stage1a_single_agent_tiny,1,21732,190,1,220,220,1,0,-1.3200002908706665,0.0,0.0,0.0,0.01,0.9916666666666667,120,120,-1,-1,-1,0.0
stage1a_single_agent_tiny,1,21852,191,1,220,220,1,0,-1.3200002908706665,0.0,0.0,0.0,0.01,0.9916666666666667,120,120,-1,-1,-1,0.0
stage1a_single_agent_tiny,1,21972,192,1,220,220,1,0,-1.3200002908706665,0.0,0.0,0.0,0.01,0.9916666666666667,120,120,-1,-1,-1,0.0
stage1a_single_agent_tiny,1,22092,193,1,220,220,1,0,-1.3200002908706665,0.0,0.0,0.0,0.01,0.9916666666666667,120,120,-1,-1,-1,0.0
stage1a_single_agent_tiny,1,22212,194,1,220,220,1,0,-1.3200002908706665,0.0,0.0,0.0,0.01,0.9916666666666667,120,120,-1,-1,-1,0.0
stage1a_single_agent_tiny,1,22332,195,1,220,220,1,0,-1.3200002908706665,0.0,0.0,0.0,0.01,0.9916666666666667,120,120,-1,-1,-1,0.0
stage1a_single_agent_tiny,1,22452,196,1,220,220,1,0,-1.3200002908706665,0.0,0.0,0.0,0.01,0.9916666666666667,120,120,-1,-1,-1,0.0
stage1a_single_agent_tiny,1,22572,197,1,220,220,1,0,-1.3280003070831299,0.0,0.0,0.0,0.01,0.975,118,120,-1,-1,-1,0.0
stage1a_single_agent_tiny,1,22692,198,1,220,220,1,0,-1.3200002908706665,0.0,0.0,0.0,0.01,0.9916666666666667,120,120,-1,-1,-1,0.0
stage1a_single_agent_tiny,1,22812,199,1,220,220,1,0,-1.3200002908706665,0.0,0.0,0.0,0.01,0.9916666666666667,120,120,-1,-1,-1,0.0
stage1a_single_agent_tiny,1,22932,200,1,220,220,1,0,-1.3200002908706665,0.0,0.0,0.0,0.01,0.9916666666666667,120,120,-1,-1,-1,0.0
stage1a_single_agent_tiny,1,23052,201,1,220,220,1,0,-1.3200002908706665,0.0,0.0,0.0,0.01,0.9916666666666667,120,120,-1,-1,-1,0.0
stage1a_single_agent_tiny,1,23172,202,1,220,220,1,0,-1.3200002908706665,0.0,0.0,0.0,0.01,0.9916666666666667,120,120,-1,-1,-1,0.0
stage1a_single_agent_tiny,1,23292,203,1,220,220,1,0,-1.3200002908706665,0.0,0.0,0.0,0.01,0.9916666666666667,120,120,-1,-1,-1,0.0
stage1a_single_agent_tiny,1,23412,204,1,220,220,1,0,-1.3200002908706665,0.0,0.0,0.0,0.01,0.9916666666666667,120,120,-1,-1,-1,0.0
stage1a_single_agent_tiny,1,23532,205,1,220,220,1,0,-1.3200002908706665,0.0,0.0,0.0,0.01,0.9916666666666667,120,120,-1,-1,-1,0.0
stage1a_single_agent_tiny,1,23652,206,1,220,220,1,0,-1.3200002908706665,0.0,0.0,0.0,0.01,0.9916666666666667,120,120,-1,-1,-1,0.0
stage1a_single_agent_tiny,1,23772,207,1,220,220,1,0,-1.3200002908706665,0.0,0.0,0.0,0.01,0.9916666666666667,120,120,-1,-1,-1,0.0
stage1a_single_agent_tiny,1,23892,208,1,220,220,1,0,-1.3200002908706665,0.0,0.0,0.0,0.01,0.9916666666666667,120,120,-1,-1,-1,0.0
stage1a_single_agent_tiny,1,24012,209,1,220,220,1,0,-1.3200002908706665,0.0,0.0,0.0,0.01,0.9916666666666667,120,120,-1,-1,-1,0.0
stage1a_single_agent_tiny,1,24132,210,1,220,220,1,0,-1.3200002908706665,0.0,0.0,0.0,0.01,0.9916666666666667,120,120,-1,-1,-1,0.0
stage1a_single_agent_tiny,1,24252,211,1,220,220,1,0,-1.3200002908706665,0.0,0.0,0.0,0.01,0.9916666666666667,120,120,-1,-1,-1,0.0
stage1a_single_agent_tiny,1,24372,212,1,220,220,1,0,-1.3200002908706665,0.0,0.0,0.0,0.01,0.9916666666666667,120,120,-1,-1,-1,0.0
stage1a_single_agent_tiny,1,24492,213,1,220,220,1,0,-1.3200002908706665,0.0,0.0,0.0,0.01,0.9916666666666667,120,120,-1,-1,-1,0.0
stage1a_single_agent_tiny,1,24612,214,1,220,220,1,0,-1.3200002908706665,0.0,0.0,0.0,0.01,0.9916666666666667,120,120,-1,-1,-1,0.0
stage1a_single_agent_tiny,1,24732,215,1,220,220,1,0,-1.3200002908706665,0.0,0.0,0.0,0.01,0.9916666666666667,120,120,-1,-1,-1,0.0
stage1a_single_agent_tiny,1,24852,216,1,220,220,1,0,-1.3200002908706665,0.0,0.0,0.0,0.01,0.9916666666666667,120,120,-1,-1,-1,0.0
stage1a_single_agent_tiny,1,24972,217,1,220,220,1,0,-1.3200002908706665,0.0,0.0,0.0,0.01,0.9916666666666667,120,120,-1,-1,-1,0.0
stage1a_single_agent_tiny,1,25092,218,1,220,220,1,0,-1.3200002908706665,0.0,0.0,0.0,0.01,0.9916666666666667,120,120,-1,-1,-1,0.0
stage1a_single_agent_tiny,1,25212,219,1,220,220,1,0,-1.3200002908706665,0.0,0.0,0.0,0.01,0.9916666666666667,120,120,-1,-1,-1,0.0
stage1a_single_agent_tiny,1,25332,220,1,220,220,1,0,-1.3200002908706665,0.0,0.0,0.0,0.01,0.9916666666666667,120,120,-1,-1,-1,0.0
stage1a_single_agent_tiny,1,25452,221,1,220,220,1,0,-1.3200002908706665,0.0,0.0,0.0,0.01,0.9916666666666667,120,120,-1,-1,-1,0.0
stage1a_single_agent_tiny,1,25572,222,1,220,220,1,0,-1.3200002908706665,0.0,0.0,0.0,0.01,0.9916666666666667,120,120,-1,-1,-1,0.0
stage1a_single_agent_tiny,1,25692,223,1,220,220,1,0,-1.3200002908706665,0.0,0.0,0.0,0.01,0.9916666666666667,120,120,-1,-1,-1,0.0
stage1a_single_agent_tiny,1,25812,224,1,220,220,1,0,-1.3200002908706665,0.0,0.0,0.0,0.01,0.9916666666666667,120,120,-1,-1,-1,0.0
stage1a_single_agent_tiny,1,25932,225,1,220,220,1,0,-1.3200002908706665,0.0,0.0,0.0,0.01,0.9916666666666667,120,120,-1,-1,-1,0.0
stage1a_single_agent_tiny,1,26052,226,1,220,220,1,0,-1.3200002908706665,0.0,0.0,0.0,0.01,0.9916666666666667,120,120,-1,-1,-1,0.0
stage1a_single_agent_tiny,1,26172,227,1,220,220,1,0,-1.3200002908706665,0.0,0.0,0.0,0.01,0.9916666666666667,120,120,-1,-1,-1,0.0
stage1a_single_agent_tiny,1,26292,228,1,220,220,1,0,-1.3200002908706665,0.0,0.0,0.0,0.01,0.9916666666666667,120,120,-1,-1,-1,0.0
stage1a_single_agent_tiny,1,26412,229,1,220,220,1,0,-1.3200002908706665,0.0,0.0,0.0,0.01,0.9916666666666667,120,120,-1,-1,-1,0.0
stage1a_single_agent_tiny,1,26532,230,1,220,220,1,0,-1.3200002908706665,0.0,0.0,0.0,0.01,0.9916666666666667,120,120,-1,-1,-1,0.0
stage1a_single_agent_tiny,1,26652,231,1,220,220,1,0,-1.3200002908706665,0.0,0.0,0.0,0.01,0.9916666666666667,120,120,-1,-1,-1,0.0
stage1a_single_agent_tiny,1,26772,232,1,220,220,1,0,-1.3200002908706665,0.0,0.0,0.0,0.01,0.9916666666666667,120,120,-1,-1,-1,0.0
stage1a_single_agent_tiny,1,26892,233,1,220,220,1,0,-1.3200002908706665,0.0,0.0,0.0,0.01,0.9916666666666667,120,120,-1,-1,-1,0.0
stage1a_single_agent_tiny,1,27012,234,1,220,220,1,0,-1.3200002908706665,0.0,0.0,0.0,0.01,0.9916666666666667,120,120,-1,-1,-1,0.0
stage1a_single_agent_tiny,1,27132,235,1,220,220,1,0,-1.3200002908706665,0.0,0.0,0.0,0.01,0.9916666666666667,120,120,-1,-1,-1,0.0
stage1a_single_agent_tiny,1,27252,236,1,220,220,1,0,-1.3200002908706665,0.0,0.0,0.0,0.01,0.9916666666666667,120,120,-1,-1,-1,0.0
stage1a_single_agent_tiny,1,27372,237,1,220,220,1,0,-1.3200002908706665,0.0,0.0,0.0,0.01,0.9916666666666667,120,120,-1,-1,-1,0.0
stage1a_single_agent_tiny,1,27492,238,1,220,220,1,0,-1.3200002908706665,0.0,0.0,0.0,0.01,0.9916666666666667,120,120,-1,-1,-1,0.0
stage1a_single_agent_tiny,1,27612,239,1,220,220,1,0,-1.3200002908706665,0.0,0.0,0.0,0.01,0.9916666666666667,120,120,-1,-1,-1,0.0
stage1a_single_agent_tiny,1,27732,240,1,220,220,1,0,-1.3200002908706665,0.0,0.0,0.0,0.01,0.9916666666666667,120,120,-1,-1,-1,0.0
stage1a_single_agent_tiny,1,27852,241,1,220,220,1,0,-1.3200002908706665,0.0,0.0,0.0,0.01,0.9916666666666667,120,120,-1,-1,-1,0.0
stage1a_single_agent_tiny,1,27972,242,1,220,220,1,0,-1.3200002908706665,0.0,0.0,0.0,0.01,0.9916666666666667,120,120,-1,-1,-1,0.0
stage1a_single_agent_tiny,1,28092,243,1,220,220,1,0,-1.3200002908706665,0.0,0.0,0.0,0.01,0.9916666666666667,120,120,-1,-1,-1,0.0
stage1a_single_agent_tiny,1,28212,244,1,220,220,1,0,-1.3200002908706665,0.0,0.0,0.0,0.01,0.9916666666666667,120,120,-1,-1,-1,0.0
stage1a_single_agent_tiny,1,28332,245,1,220,220,1,0,-1.3200002908706665,0.0,0.0,0.0,0.01,0.9916666666666667,120,120,-1,-1,-1,0.0
stage1a_single_agent_tiny,1,28452,246,1,220,220,1,0,-1.3200002908706665,0.0,0.0,0.0,0.01,0.9916666666666667,120,120,-1,-1,-1,0.0
stage1a_single_agent_tiny,1,28572,247,1,220,220,1,0,-1.3200002908706665,0.0,0.0,0.0,0.01,0.9916666666666667,120,120,-1,-1,-1,0.0
stage1a_single_agent_tiny,1,28692,248,1,220,220,1,0,-1.3200002908706665,0.0,0.0,0.0,0.01,0.9916666666666667,120,120,-1,-1,-1,0.0
stage1a_single_agent_tiny,1,28812,249,1,220,220,1,0,-1.3200002908706665,0.0,0.0,0.0,0.01,0.9916666666666667,120,120,-1,-1,-1,0.0
stage1a_single_agent_tiny,1,28932,250,1,220,220,1,0,-1.3200002908706665,0.0,0.0,0.0,0.01,0.9916666666666667,120,120,-1,-1,-1,0.0
stage1a_single_agent_tiny,1,29052,251,1,220,220,1,0,-1.3200002908706665,0.0,0.0,0.0,0.01,0.9916666666666667,120,120,-1,-1,-1,0.0
stage1a_single_agent_tiny,1,29172,252,1,220,220,1,0,-1.3200002908706665,0.0,0.0,0.0,0.01,0.9916666666666667,120,120,-1,-1,-1,0.0
stage1a_single_agent_tiny,1,29292,253,1,220,220,1,0,-1.3380002975463867,0.0,0.0,0.0,0.01,0.9916666666666667,118,120,-1,-1,-1,0.0
stage1a_single_agent_tiny,1,29412,254,1,220,220,1,0,-1.3200002908706665,0.0,0.0,0.0,0.01,0.9916666666666667,120,120,-1,-1,-1,0.0
stage1a_single_agent_tiny,1,29532,255,1,220,220,1,0,-1.3200002908706665,0.0,0.0,0.0,0.01,0.9916666666666667,120,120,-1,-1,-1,0.0
stage1a_single_agent_tiny,1,29652,256,1,220,220,1,0,-1.3200002908706665,0.0,0.0,0.0,0.01,0.9916666666666667,120,120,-1,-1,-1,0.0
stage1a_single_agent_tiny,1,29772,257,1,220,220,1,0,-1.3200002908706665,0.0,0.0,0.0,0.01,0.9916666666666667,120,120,-1,-1,-1,0.0
stage1a_single_agent_tiny,1,29892,258,1,220,220,1,0,-1.3200002908706665,0.0,0.0,0.0,0.01,0.9916666666666667,120,120,-1,-1,-1,0.0
stage1a_single_agent_tiny,1,30012,259,1,220,220,1,0,-1.3200002908706665,0.0,0.0,0.0,0.01,0.9916666666666667,120,120,-1,-1,-1,0.0
stage1a_single_agent_tiny,1,30132,260,1,220,220,1,0,-1.3200002908706665,0.0,0.0,0.0,0.01,0.9916666666666667,120,120,-1,-1,-1,0.0
stage1a_single_agent_tiny,1,30252,261,1,220,220,1,0,-1.3200002908706665,0.0,0.0,0.0,0.01,0.9916666666666667,120,120,-1,-1,-1,0.0
stage1a_single_agent_tiny,1,30372,262,1,220,220,1,0,-1.3200002908706665,0.0,0.0,0.0,0.01,0.9916666666666667,120,120,-1,-1,-1,0.0
stage1a_single_agent_tiny,1,30492,263,1,220,220,1,0,-1.3200002908706665,0.0,0.0,0.0,0.01,0.9916666666666667,120,120,-1,-1,-1,0.0
stage1a_single_agent_tiny,1,30612,264,1,220,220,1,0,-1.3200002908706665,0.0,0.0,0.0,0.01,0.9916666666666667,120,120,-1,-1,-1,0.0
stage1a_single_agent_tiny,1,30732,265,1,220,220,1,0,-1.3200002908706665,0.0,0.0,0.0,0.01,0.9916666666666667,120,120,-1,-1,-1,0.0
stage1a_single_agent_tiny,1,30852,266,1,220,220,1,0,-1.3200002908706665,0.0,0.0,0.0,0.01,0.9916666666666667,120,120,-1,-1,-1,0.0
stage1a_single_agent_tiny,1,30972,267,1,220,220,1,0,-1.3200002908706665,0.0,0.0,0.0,0.01,0.9916666666666667,120,120,-1,-1,-1,0.0
stage1a_single_agent_tiny,1,31092,268,1,220,220,1,0,-1.3200002908706665,0.0,0.0,0.0,0.01,0.9916666666666667,120,120,-1,-1,-1,0.0
stage1a_single_agent_tiny,1,31212,269,1,220,220,1,0,-1.3200002908706665,0.0,0.0,0.0,0.01,0.9916666666666667,120,120,-1,-1,-1,0.0
stage1a_single_agent_tiny,1,31332,270,1,220,220,1,0,-1.3200002908706665,0.0,0.0,0.0,0.01,0.9916666666666667,120,120,-1,-1,-1,0.0
stage1a_single_agent_tiny,1,31452,271,1,220,220,1,0,-1.3200002908706665,0.0,0.0,0.0,0.01,0.9916666666666667,120,120,-1,-1,-1,0.0
stage1a_single_agent_tiny,1,31572,272,1,220,220,1,0,-1.3200002908706665,0.0,0.0,0.0,0.01,0.9916666666666667,120,120,-1,-1,-1,0.0
stage1a_single_agent_tiny,1,31692,273,1,220,220,1,0,-1.3200002908706665,0.0,0.0,0.0,0.01,0.9916666666666667,120,120,-1,-1,-1,0.0
stage1a_single_agent_tiny,1,31812,274,1,220,220,1,0,-1.3200002908706665,0.0,0.0,0.0,0.01,0.9916666666666667,120,120,-1,-1,-1,0.0
stage1a_single_agent_tiny,1,31932,275,1,220,220,1,0,-1.3200002908706665,0.0,0.0,0.0,0.01,0.9916666666666667,120,120,-1,-1,-1,0.0
stage1a_single_agent_tiny,1,32052,276,1,220,220,1,0,-1.3200002908706665,0.0,0.0,0.0,0.01,0.9916666666666667,120,120,-1,-1,-1,0.0
stage1a_single_agent_tiny,1,32172,277,1,220,220,1,0,-1.3200002908706665,0.0,0.0,0.0,0.01,0.9916666666666667,120,120,-1,-1,-1,0.0
stage1a_single_agent_tiny,1,32292,278,1,220,220,1,0,-1.3200002908706665,0.0,0.0,0.0,0.01,0.9916666666666667,120,120,-1,-1,-1,0.0
stage1a_single_agent_tiny,1,32412,279,1,220,220,1,0,-1.3200002908706665,0.0,0.0,0.0,0.01,0.9916666666666667,120,120,-1,-1,-1,0.0
stage1a_single_agent_tiny,1,32532,280,1,220,220,1,0,-1.3200002908706665,0.0,0.0,0.0,0.01,0.9916666666666667,120,120,-1,-1,-1,0.0
stage1a_single_agent_tiny,1,32652,281,1,220,220,1,0,-1.3200002908706665,0.0,0.0,0.0,0.01,0.9916666666666667,120,120,-1,-1,-1,0.0
stage1a_single_agent_tiny,1,32772,282,1,220,220,1,0,-1.3200002908706665,0.0,0.0,0.0,0.01,0.9916666666666667,120,120,-1,-1,-1,0.0
stage1a_single_agent_tiny,1,32892,283,1,220,220,1,0,-1.3200002908706665,0.0,0.0,0.0,0.01,0.9916666666666667,120,120,-1,-1,-1,0.0
stage1a_single_agent_tiny,1,33012,284,1,220,220,1,0,-1.3200002908706665,0.0,0.0,0.0,0.01,0.9916666666666667,120,120,-1,-1,-1,0.0
stage1a_single_agent_tiny,1,33132,285,1,220,220,1,0,-1.3200002908706665,0.0,0.0,0.0,0.01,0.9916666666666667,120,120,-1,-1,-1,0.0
stage1a_single_agent_tiny,1,33252,286,1,220,220,1,0,-1.3200002908706665,0.0,0.0,0.0,0.01,0.9916666666666667,120,120,-1,-1,-1,0.0
stage1a_single_agent_tiny,1,33372,287,1,220,220,1,0,-1.3200002908706665,0.0,0.0,0.0,0.01,0.9916666666666667,120,120,-1,-1,-1,0.0
stage1a_single_agent_tiny,1,33492,288,1,220,220,1,0,-1.3200002908706665,0.0,0.0,0.0,0.01,0.9916666666666667,120,120,-1,-1,-1,0.0
stage1a_single_agent_tiny,1,33612,289,1,220,220,1,0,-1.3200002908706665,0.0,0.0,0.0,0.01,0.9916666666666667,120,120,-1,-1,-1,0.0
stage1a_single_agent_tiny,1,33732,290,1,220,220,1,0,-1.3200002908706665,0.0,0.0,0.0,0.01,0.9916666666666667,120,120,-1,-1,-1,0.0
stage1a_single_agent_tiny,1,33852,291,1,220,220,1,0,-1.3200002908706665,0.0,0.0,0.0,0.01,0.9916666666666667,120,120,-1,-1,-1,0.0
stage1a_single_agent_tiny,1,33972,292,1,220,220,1,0,-1.3200002908706665,0.0,0.0,0.0,0.01,0.9916666666666667,120,120,-1,-1,-1,0.0
stage1a_single_agent_tiny,1,34092,293,1,220,220,1,0,-1.3200002908706665,0.0,0.0,0.0,0.01,0.9916666666666667,120,120,-1,-1,-1,0.0
stage1a_single_agent_tiny,1,34212,294,1,220,220,1,0,-1.3200002908706665,0.0,0.0,0.0,0.01,0.9916666666666667,120,120,-1,-1,-1,0.0
stage1a_single_agent_tiny,1,34332,295,1,220,220,1,0,-1.3200002908706665,0.0,0.0,0.0,0.01,0.9916666666666667,120,120,-1,-1,-1,0.0
stage1a_single_agent_tiny,1,34452,296,1,220,220,1,0,-1.3200002908706665,0.0,0.0,0.0,0.01,0.9916666666666667,120,120,-1,-1,-1,0.0
stage1a_single_agent_tiny,1,34572,297,1,220,220,1,0,-1.3200002908706665,0.0,0.0,0.0,0.01,0.9916666666666667,120,120,-1,-1,-1,0.0
stage1a_single_agent_tiny,1,34692,298,1,220,220,1,0,-1.3200002908706665,0.0,0.0,0.0,0.01,0.9916666666666667,120,120,-1,-1,-1,0.0
stage1a_single_agent_tiny,1,34812,299,1,220,220,1,0,-1.3200002908706665,0.0,0.0,0.0,0.01,0.9916666666666667,120,120,-1,-1,-1,0.0
stage1a_single_agent_tiny,1,34932,300,1,220,220,1,0,-1.3200002908706665,0.0,0.0,0.0,0.01,0.9916666666666667,120,120,-1,-1,-1,0.0
stage1a_single_agent_tiny,1,35052,301,1,220,220,1,0,-1.3200002908706665,0.0,0.0,0.0,0.01,0.9916666666666667,120,120,-1,-1,-1,0.0
stage1a_single_agent_tiny,1,35172,302,1,220,220,1,0,-1.3200002908706665,0.0,0.0,0.0,0.01,0.9916666666666667,120,120,-1,-1,-1,0.0
stage1a_single_agent_tiny,1,35292,303,1,220,220,1,0,-1.3200002908706665,0.0,0.0,0.0,0.01,0.9916666666666667,120,120,-1,-1,-1,0.0
stage1a_single_agent_tiny,1,35412,304,1,220,220,1,0,-1.3200002908706665,0.0,0.0,0.0,0.01,0.9916666666666667,120,120,-1,-1,-1,0.0
stage1a_single_agent_tiny,1,35532,305,1,220,220,1,0,-1.3200002908706665,0.0,0.0,0.0,0.01,0.9916666666666667,120,120,-1,-1,-1,0.0
stage1a_single_agent_tiny,1,35652,306,1,220,220,1,0,-1.3200002908706665,0.0,0.0,0.0,0.01,0.9916666666666667,120,120,-1,-1,-1,0.0
stage1a_single_agent_tiny,1,35772,307,1,220,220,1,0,-1.3200002908706665,0.0,0.0,0.0,0.01,0.9916666666666667,120,120,-1,-1,-1,0.0
stage1a_single_agent_tiny,1,35892,308,1,220,220,1,0,-1.3200002908706665,0.0,0.0,0.0,0.01,0.9916666666666667,120,120,-1,-1,-1,0.0
stage1a_single_agent_tiny,1,36012,309,1,220,220,1,0,-1.3200002908706665,0.0,0.0,0.0,0.01,0.9916666666666667,120,120,-1,-1,-1,0.0
stage1a_single_agent_tiny,1,36132,310,1,220,220,1,0,-1.3200002908706665,0.0,0.0,0.0,0.01,0.9916666666666667,120,120,-1,-1,-1,0.0
stage1a_single_agent_tiny,1,36252,311,1,220,220,1,0,-1.3200002908706665,0.0,0.0,0.0,0.01,0.9916666666666667,120,120,-1,-1,-1,0.0
stage1a_single_agent_tiny,1,36372,312,1,220,220,1,0,-1.3200002908706665,0.0,0.0,0.0,0.01,0.9916666666666667,120,120,-1,-1,-1,0.0
stage1a_single_agent_tiny,1,36492,313,1,220,220,1,0,-1.3200002908706665,0.0,0.0,0.0,0.01,0.9916666666666667,120,120,-1,-1,-1,0.0
stage1a_single_agent_tiny,1,36612,314,1,220,220,1,0,-1.3200002908706665,0.0,0.0,0.0,0.01,0.9916666666666667,120,120,-1,-1,-1,0.0
stage1a_single_agent_tiny,1,36732,315,1,220,220,1,0,-1.3200002908706665,0.0,0.0,0.0,0.01,0.9916666666666667,120,120,-1,-1,-1,0.0
stage1a_single_agent_tiny,1,36852,316,1,220,220,1,0,-1.3200002908706665,0.0,0.0,0.0,0.01,0.9916666666666667,120,120,-1,-1,-1,0.0
stage1a_single_agent_tiny,1,36972,317,1,220,220,1,0,-1.3200002908706665,0.0,0.0,0.0,0.01,0.9916666666666667,120,120,-1,-1,-1,0.0
stage1a_single_agent_tiny,1,37092,318,1,220,220,1,0,-1.3200002908706665,0.0,0.0,0.0,0.01,0.9916666666666667,120,120,-1,-1,-1,0.0
stage1a_single_agent_tiny,1,37212,319,1,220,220,1,0,-1.3200002908706665,0.0,0.0,0.0,0.01,0.9916666666666667,120,120,-1,-1,-1,0.0
stage1a_single_agent_tiny,1,37332,320,1,220,220,1,0,-1.3200002908706665,0.0,0.0,0.0,0.01,0.9916666666666667,120,120,-1,-1,-1,0.0
stage1a_single_agent_tiny,1,37452,321,1,220,220,1,0,-1.3200002908706665,0.0,0.0,0.0,0.01,0.9916666666666667,120,120,-1,-1,-1,0.0
stage1a_single_agent_tiny,1,37572,322,1,220,220,1,0,-1.3200002908706665,0.0,0.0,0.0,0.01,0.9916666666666667,120,120,-1,-1,-1,0.0
stage1a_single_agent_tiny,1,37692,323,1,220,220,1,0,-1.3200002908706665,0.0,0.0,0.0,0.01,0.9916666666666667,120,120,-1,-1,-1,0.0
stage1a_single_agent_tiny,1,37812,324,1,220,220,1,0,-1.3200002908706665,0.0,0.0,0.0,0.01,0.9916666666666667,120,120,-1,-1,-1,0.0
stage1a_single_agent_tiny,1,37932,325,1,220,220,1,0,-1.3200002908706665,0.0,0.0,0.0,0.01,0.9916666666666667,120,120,-1,-1,-1,0.0
stage1a_single_agent_tiny,1,38052,326,1,220,220,1,0,-1.3200002908706665,0.0,0.0,0.0,0.01,0.9916666666666667,120,120,-1,-1,-1,0.0
stage1a_single_agent_tiny,1,38172,327,1,220,220,1,0,-1.3200002908706665,0.0,0.0,0.0,0.01,0.9916666666666667,120,120,-1,-1,-1,0.0
stage1a_single_agent_tiny,1,38292,328,1,220,220,1,0,-1.3200002908706665,0.0,0.0,0.0,0.01,0.9916666666666667,120,120,-1,-1,-1,0.0
stage1a_single_agent_tiny,1,38412,329,1,220,220,1,0,-1.3200002908706665,0.0,0.0,0.0,0.01,0.9916666666666667,120,120,-1,-1,-1,0.0
stage1a_single_agent_tiny,1,38532,330,1,220,220,1,0,-1.3200002908706665,0.0,0.0,0.0,0.01,0.9916666666666667,120,120,-1,-1,-1,0.0
stage1a_single_agent_tiny,1,38652,331,1,220,220,1,0,-1.3200002908706665,0.0,0.0,0.0,0.01,0.9916666666666667,120,120,-1,-1,-1,0.0
stage1a_single_agent_tiny,1,38772,332,1,220,220,1,0,-1.3200002908706665,0.0,0.0,0.0,0.01,0.9916666666666667,120,120,-1,-1,-1,0.0
stage1a_single_agent_tiny,1,38892,333,1,220,220,1,0,-1.3200002908706665,0.0,0.0,0.0,0.01,0.9916666666666667,120,120,-1,-1,-1,0.0
stage1a_single_agent_tiny,1,39012,334,1,220,220,1,0,-1.3200002908706665,0.0,0.0,0.0,0.01,0.9916666666666667,120,120,-1,-1,-1,0.0
stage1a_single_agent_tiny,1,39132,335,1,220,220,1,0,-1.3200002908706665,0.0,0.0,0.0,0.01,0.9916666666666667,120,120,-1,-1,-1,0.0
stage1a_single_agent_tiny,1,39252,336,1,220,220,1,0,-1.3200002908706665,0.0,0.0,0.0,0.01,0.9916666666666667,120,120,-1,-1,-1,0.0
stage1a_single_agent_tiny,1,39372,337,1,220,220,1,0,-1.3200002908706665,0.0,0.0,0.0,0.01,0.9916666666666667,120,120,-1,-1,-1,0.0
stage1a_single_agent_tiny,1,39492,338,1,220,220,1,0,-1.3200002908706665,0.0,0.0,0.0,0.01,0.9916666666666667,120,120,-1,-1,-1,0.0
stage1a_single_agent_tiny,1,39612,339,1,220,220,1,0,-1.3200002908706665,0.0,0.0,0.0,0.01,0.9916666666666667,120,120,-1,-1,-1,0.0
stage1a_single_agent_tiny,1,39732,340,1,220,220,1,0,-1.3200002908706665,0.0,0.0,0.0,0.01,0.9916666666666667,120,120,-1,-1,-1,0.0
stage1a_single_agent_tiny,1,39852,341,1,220,220,1,0,-1.3200002908706665,0.0,0.0,0.0,0.01,0.9916666666666667,120,120,-1,-1,-1,0.0
stage1a_single_agent_tiny,1,39972,342,1,220,220,1,0,-1.3200002908706665,0.0,0.0,0.0,0.01,0.9916666666666667,120,120,-1,-1,-1,0.0
stage1a_single_agent_tiny,1,40092,343,1,220,220,1,0,-1.3200002908706665,0.0,0.0,0.0,0.01,0.9916666666666667,120,120,-1,-1,-1,0.0
stage1a_single_agent_tiny,1,40212,344,1,220,220,1,0,-1.3200002908706665,0.0,0.0,0.0,0.01,0.9916666666666667,120,120,-1,-1,-1,0.0
stage1a_single_agent_tiny,1,40332,345,1,220,220,1,0,-1.3200002908706665,0.0,0.0,0.0,0.01,0.9916666666666667,120,120,-1,-1,-1,0.0
stage1a_single_agent_tiny,1,40452,346,1,220,220,1,0,-1.3200002908706665,0.0,0.0,0.0,0.01,0.9916666666666667,120,120,-1,-1,-1,0.0
stage1a_single_agent_tiny,1,40572,347,1,220,220,1,0,-1.3200002908706665,0.0,0.0,0.0,0.01,0.9916666666666667,120,120,-1,-1,-1,0.0
stage1a_single_agent_tiny,1,40692,348,1,220,220,1,0,-1.3200002908706665,0.0,0.0,0.0,0.01,0.9916666666666667,120,120,-1,-1,-1,0.0
stage1a_single_agent_tiny,1,40812,349,1,220,220,1,0,-1.3200002908706665,0.0,0.0,0.0,0.01,0.9916666666666667,120,120,-1,-1,-1,0.0
stage1a_single_agent_tiny,1,40932,350,1,220,220,1,0,-1.3200002908706665,0.0,0.0,0.0,0.01,0.9916666666666667,120,120,-1,-1,-1,0.0
stage1a_single_agent_tiny,1,41052,351,1,220,220,1,0,-1.3200002908706665,0.0,0.0,0.0,0.01,0.9916666666666667,120,120,-1,-1,-1,0.0
stage1a_single_agent_tiny,1,41172,352,1,220,220,1,0,-1.3200002908706665,0.0,0.0,0.0,0.01,0.9916666666666667,120,120,-1,-1,-1,0.0
stage1a_single_agent_tiny,1,41292,353,1,220,220,1,0,-1.3200002908706665,0.0,0.0,0.0,0.01,0.9916666666666667,120,120,-1,-1,-1,0.0
stage1a_single_agent_tiny,1,41412,354,1,220,220,1,0,-1.3200002908706665,0.0,0.0,0.0,0.01,0.9916666666666667,120,120,-1,-1,-1,0.0
stage1a_single_agent_tiny,1,41532,355,1,220,220,1,0,-1.3200002908706665,0.0,0.0,0.0,0.01,0.9916666666666667,120,120,-1,-1,-1,0.0
stage1a_single_agent_tiny,1,41652,356,1,220,220,1,0,-1.3200002908706665,0.0,0.0,0.0,0.01,0.9916666666666667,120,120,-1,-1,-1,0.0
stage1a_single_agent_tiny,1,41772,357,1,220,220,1,0,-1.3200002908706665,0.0,0.0,0.0,0.01,0.9916666666666667,120,120,-1,-1,-1,0.0
stage1a_single_agent_tiny,1,41892,358,1,220,220,1,0,-1.3200002908706665,0.0,0.0,0.0,0.01,0.9916666666666667,120,120,-1,-1,-1,0.0
stage1a_single_agent_tiny,1,42012,359,1,220,220,1,0,-1.3200002908706665,0.0,0.0,0.0,0.01,0.9916666666666667,120,120,-1,-1,-1,0.0
stage1a_single_agent_tiny,1,42132,360,1,220,220,1,0,-1.3200002908706665,0.0,0.0,0.0,0.01,0.9916666666666667,120,120,-1,-1,-1,0.0
stage1a_single_agent_tiny,1,42252,361,1,220,220,1,0,-1.3200002908706665,0.0,0.0,0.0,0.01,0.9916666666666667,120,120,-1,-1,-1,0.0
stage1a_single_agent_tiny,1,42372,362,1,220,220,1,0,-1.3200002908706665,0.0,0.0,0.0,0.01,0.9916666666666667,120,120,-1,-1,-1,0.0
stage1a_single_agent_tiny,1,42492,363,1,220,220,1,0,-1.3200002908706665,0.0,0.0,0.0,0.01,0.9916666666666667,120,120,-1,-1,-1,0.0
stage1a_single_agent_tiny,1,42612,364,1,220,220,1,0,-1.3200002908706665,0.0,0.0,0.0,0.01,0.9916666666666667,120,120,-1,-1,-1,0.0
stage1a_single_agent_tiny,1,42732,365,1,220,220,1,0,-1.3200002908706665,0.0,0.0,0.0,0.01,0.9916666666666667,120,120,-1,-1,-1,0.0
stage1a_single_agent_tiny,1,42852,366,1,220,220,1,0,-1.3200002908706665,0.0,0.0,0.0,0.01,0.9916666666666667,120,120,-1,-1,-1,0.0
stage1a_single_agent_tiny,1,42972,367,1,220,220,1,0,-1.3200002908706665,0.0,0.0,0.0,0.01,0.9916666666666667,120,120,-1,-1,-1,0.0
stage1a_single_agent_tiny,1,43092,368,1,220,220,1,0,-1.3200002908706665,0.0,0.0,0.0,0.01,0.9916666666666667,120,120,-1,-1,-1,0.0
stage1a_single_agent_tiny,1,43212,369,1,220,220,1,0,-1.3200002908706665,0.0,0.0,0.0,0.01,0.9916666666666667,120,120,-1,-1,-1,0.0
stage1a_single_agent_tiny,1,43332,370,1,220,220,1,0,-1.3200002908706665,0.0,0.0,0.0,0.01,0.9916666666666667,120,120,-1,-1,-1,0.0
stage1a_single_agent_tiny,1,43452,371,1,220,220,1,0,-1.3200002908706665,0.0,0.0,0.0,0.01,0.9916666666666667,120,120,-1,-1,-1,0.0
stage1a_single_agent_tiny,1,43572,372,1,220,220,1,0,-1.3200002908706665,0.0,0.0,0.0,0.01,0.9916666666666667,120,120,-1,-1,-1,0.0
stage1a_single_agent_tiny,1,43692,373,1,220,220,1,0,-1.3200002908706665,0.0,0.0,0.0,0.01,0.9916666666666667,120,120,-1,-1,-1,0.0
stage1a_single_agent_tiny,1,43812,374,1,220,220,1,0,-1.3200002908706665,0.0,0.0,0.0,0.01,0.9916666666666667,120,120,-1,-1,-1,0.0
stage1a_single_agent_tiny,1,43932,375,1,220,220,1,0,-1.3200002908706665,0.0,0.0,0.0,0.01,0.9916666666666667,120,120,-1,-1,-1,0.0
stage1a_single_agent_tiny,1,44052,376,1,220,220,1,0,-1.3200002908706665,0.0,0.0,0.0,0.01,0.9916666666666667,120,120,-1,-1,-1,0.0
stage1a_single_agent_tiny,1,44172,377,1,220,220,1,0,-1.3200002908706665,0.0,0.0,0.0,0.01,0.9916666666666667,120,120,-1,-1,-1,0.0
stage1a_single_agent_tiny,1,44292,378,1,220,220,1,0,-1.3200002908706665,0.0,0.0,0.0,0.01,0.9916666666666667,120,120,-1,-1,-1,0.0
stage1a_single_agent_tiny,1,44412,379,1,220,220,1,0,-1.3200002908706665,0.0,0.0,0.0,0.01,0.9916666666666667,120,120,-1,-1,-1,0.0
stage1a_single_agent_tiny,1,44532,380,1,220,220,1,0,-1.3200002908706665,0.0,0.0,0.0,0.01,0.9916666666666667,120,120,-1,-1,-1,0.0
stage1a_single_agent_tiny,1,44652,381,1,220,220,1,0,-1.3200002908706665,0.0,0.0,0.0,0.01,0.9916666666666667,120,120,-1,-1,-1,0.0
stage1a_single_agent_tiny,1,44772,382,1,220,220,1,0,-1.3200002908706665,0.0,0.0,0.0,0.01,0.9916666666666667,120,120,-1,-1,-1,0.0
stage1a_single_agent_tiny,1,44892,383,1,220,220,1,0,-1.3200002908706665,0.0,0.0,0.0,0.01,0.9916666666666667,120,120,-1,-1,-1,0.0
stage1a_single_agent_tiny,1,45012,384,1,220,220,1,0,-1.3200002908706665,0.0,0.0,0.0,0.01,0.9916666666666667,120,120,-1,-1,-1,0.0
stage1a_single_agent_tiny,1,45132,385,1,220,220,1,0,-1.3200002908706665,0.0,0.0,0.0,0.01,0.9916666666666667,120,120,-1,-1,-1,0.0
stage1a_single_agent_tiny,1,45252,386,1,220,220,1,0,-1.3200002908706665,0.0,0.0,0.0,0.01,0.9916666666666667,120,120,-1,-1,-1,0.0
stage1a_single_agent_tiny,1,45372,387,1,220,220,1,0,-1.3200002908706665,0.0,0.0,0.0,0.01,0.9916666666666667,120,120,-1,-1,-1,0.0
stage1a_single_agent_tiny,1,45492,388,1,220,220,1,0,-1.3200002908706665,0.0,0.0,0.0,0.01,0.9916666666666667,120,120,-1,-1,-1,0.0
stage1a_single_agent_tiny,1,45612,389,1,220,220,1,0,-1.3200002908706665,0.0,0.0,0.0,0.01,0.9916666666666667,120,120,-1,-1,-1,0.0
stage1a_single_agent_tiny,1,45732,390,1,220,220,1,0,-1.3200002908706665,0.0,0.0,0.0,0.01,0.9916666666666667,120,120,-1,-1,-1,0.0
stage1a_single_agent_tiny,1,45852,391,1,220,220,1,0,-1.3200002908706665,0.0,0.0,0.0,0.01,0.9916666666666667,120,120,-1,-1,-1,0.0
stage1a_single_agent_tiny,1,45972,392,1,220,220,1,0,-1.3200002908706665,0.0,0.0,0.0,0.01,0.9916666666666667,120,120,-1,-1,-1,0.0
stage1a_single_agent_tiny,1,46092,393,1,220,220,1,0,-1.3200002908706665,0.0,0.0,0.0,0.01,0.9916666666666667,120,120,-1,-1,-1,0.0
stage1a_single_agent_tiny,1,46212,394,1,220,220,1,0,-1.3200002908706665,0.0,0.0,0.0,0.01,0.9916666666666667,120,120,-1,-1,-1,0.0
stage1a_single_agent_tiny,1,46332,395,1,220,220,1,0,-1.3200002908706665,0.0,0.0,0.0,0.01,0.9916666666666667,120,120,-1,-1,-1,0.0
stage1a_single_agent_tiny,1,46452,396,1,220,220,1,0,-1.3200002908706665,0.0,0.0,0.0,0.01,0.9916666666666667,120,120,-1,-1,-1,0.0
stage1a_single_agent_tiny,1,46572,397,1,220,220,1,0,-1.3200002908706665,0.0,0.0,0.0,0.01,0.9916666666666667,120,120,-1,-1,-1,0.0
stage1a_single_agent_tiny,1,46692,398,1,220,220,1,0,-1.3200002908706665,0.0,0.0,0.0,0.01,0.9916666666666667,120,120,-1,-1,-1,0.0
stage1a_single_agent_tiny,1,46812,399,1,220,220,1,0,-1.3200002908706665,0.0,0.0,0.0,0.01,0.9916666666666667,120,120,-1,-1,-1,0.0
stage1a_single_agent_tiny,1,46932,400,1,220,220,1,0,-1.3200002908706665,0.0,0.0,0.0,0.01,0.9916666666666667,120,120,-1,-1,-1,0.0
stage1a_single_agent_tiny,1,47052,401,1,220,220,1,0,-1.3200002908706665,0.0,0.0,0.0,0.01,0.9916666666666667,120,120,-1,-1,-1,0.0
stage1a_single_agent_tiny,1,47172,402,1,220,220,1,0,-1.3200002908706665,0.0,0.0,0.0,0.01,0.9916666666666667,120,120,-1,-1,-1,0.0
stage1a_single_agent_tiny,1,47292,403,1,220,220,1,0,-1.3200002908706665,0.0,0.0,0.0,0.01,0.9916666666666667,120,120,-1,-1,-1,0.0
stage1a_single_agent_tiny,1,47412,404,1,220,220,1,0,-1.3200002908706665,0.0,0.0,0.0,0.01,0.9916666666666667,120,120,-1,-1,-1,0.0
stage1a_single_agent_tiny,1,47532,405,1,220,220,1,0,-1.3200002908706665,0.0,0.0,0.0,0.01,0.9916666666666667,120,120,-1,-1,-1,0.0
stage1a_single_agent_tiny,1,47652,406,1,220,220,1,0,-1.3200002908706665,0.0,0.0,0.0,0.01,0.9916666666666667,120,120,-1,-1,-1,0.0
stage1a_single_agent_tiny,1,47772,407,1,220,220,1,0,-1.3200002908706665,0.0,0.0,0.0,0.01,0.9916666666666667,120,120,-1,-1,-1,0.0
stage1a_single_agent_tiny,1,47892,408,1,220,220,1,0,-1.3200002908706665,0.0,0.0,0.0,0.01,0.9916666666666667,120,120,-1,-1,-1,0.0
stage1a_single_agent_tiny,1,48012,409,1,220,220,1,0,-1.3200002908706665,0.0,0.0,0.0,0.01,0.9916666666666667,120,120,-1,-1,-1,0.0
stage1a_single_agent_tiny,1,48132,410,1,220,220,1,0,-1.3200002908706665,0.0,0.0,0.0,0.01,0.9916666666666667,120,120,-1,-1,-1,0.0
stage1a_single_agent_tiny,1,48252,411,1,220,220,1,0,-1.3200002908706665,0.0,0.0,0.0,0.01,0.9916666666666667,120,120,-1,-1,-1,0.0
stage1a_single_agent_tiny,1,48372,412,1,220,220,1,0,-1.3200002908706665,0.0,0.0,0.0,0.01,0.9916666666666667,120,120,-1,-1,-1,0.0
stage1a_single_agent_tiny,1,48492,413,1,220,220,1,0,-1.3200002908706665,0.0,0.0,0.0,0.01,0.9916666666666667,120,120,-1,-1,-1,0.0
stage1a_single_agent_tiny,1,48612,414,1,220,220,1,0,-1.3200002908706665,0.0,0.0,0.0,0.01,0.9916666666666667,120,120,-1,-1,-1,0.0
stage1a_single_agent_tiny,1,48732,415,1,220,220,1,0,-1.3200002908706665,0.0,0.0,0.0,0.01,0.9916666666666667,120,120,-1,-1,-1,0.0
stage1a_single_agent_tiny,1,48852,416,1,220,220,1,0,-1.3200002908706665,0.0,0.0,0.0,0.01,0.9916666666666667,120,120,-1,-1,-1,0.0
stage1a_single_agent_tiny,1,48972,417,1,220,220,1,0,-1.3200002908706665,0.0,0.0,0.0,0.01,0.9916666666666667,120,120,-1,-1,-1,0.0
stage1a_single_agent_tiny,1,49092,418,1,220,220,1,0,-1.3200002908706665,0.0,0.0,0.0,0.01,0.9916666666666667,120,120,-1,-1,-1,0.0
stage1a_single_agent_tiny,1,49212,419,1,220,220,1,0,-1.3200002908706665,0.0,0.0,0.0,0.01,0.9916666666666667,120,120,-1,-1,-1,0.0
stage1a_single_agent_tiny,1,49332,420,1,220,220,1,0,-1.3200002908706665,0.0,0.0,0.0,0.01,0.9916666666666667,120,120,-1,-1,-1,0.0
stage1a_single_agent_tiny,1,49452,421,1,220,220,1,0,-1.3200002908706665,0.0,0.0,0.0,0.01,0.9916666666666667,120,120,-1,-1,-1,0.0
stage1a_single_agent_tiny,1,49572,422,1,220,220,1,0,-1.3200002908706665,0.0,0.0,0.0,0.01,0.9916666666666667,120,120,-1,-1,-1,0.0
stage1a_single_agent_tiny,1,49692,423,1,220,220,1,0,-1.3200002908706665,0.0,0.0,0.0,0.01,0.9916666666666667,120,120,-1,-1,-1,0.0
stage1a_single_agent_tiny,1,49812,424,1,220,220,1,0,-1.3200002908706665,0.0,0.0,0.0,0.01,0.9916666666666667,120,120,-1,-1,-1,0.0
stage1a_single_agent_tiny,1,49932,425,1,220,220,1,0,-1.3200002908706665,0.0,0.0,0.0,0.01,0.9916666666666667,120,120,-1,-1,-1,0.0
stage1a_single_agent_tiny,1,50052,426,1,220,220,1,0,-1.3200002908706665,0.0,0.0,0.0,0.01,0.9916666666666667,120,120,-1,-1,-1,0.0
stage1a_single_agent_tiny,1,50172,427,1,220,220,1,0,-1.3200002908706665,0.0,0.0,0.0,0.01,0.9916666666666667,120,120,-1,-1,-1,0.0
stage1a_single_agent_tiny,1,50292,428,1,220,220,1,0,-1.3200002908706665,0.0,0.0,0.0,0.01,0.9916666666666667,120,120,-1,-1,-1,0.0
stage1a_single_agent_tiny,1,50412,429,1,220,220,1,0,-1.3200002908706665,0.0,0.0,0.0,0.01,0.9916666666666667,120,120,-1,-1,-1,0.0
stage1a_single_agent_tiny,1,50532,430,1,220,220,1,0,-1.3200002908706665,0.0,0.0,0.0,0.01,0.9916666666666667,120,120,-1,-1,-1,0.0
stage1a_single_agent_tiny,1,50652,431,1,220,220,1,0,-1.3200002908706665,0.0,0.0,0.0,0.01,0.9916666666666667,120,120,-1,-1,-1,0.0
stage1a_single_agent_tiny,1,50772,432,1,220,220,1,0,-1.3200002908706665,0.0,0.0,0.0,0.01,0.9916666666666667,120,120,-1,-1,-1,0.0
stage1a_single_agent_tiny,1,50892,433,1,220,220,1,0,-1.3200002908706665,0.0,0.0,0.0,0.01,0.9916666666666667,120,120,-1,-1,-1,0.0
stage1a_single_agent_tiny,1,51012,434,1,220,220,1,0,-1.3200002908706665,0.0,0.0,0.0,0.01,0.9916666666666667,120,120,-1,-1,-1,0.0
stage1a_single_agent_tiny,1,51132,435,1,220,220,1,0,-1.3200002908706665,0.0,0.0,0.0,0.01,0.9916666666666667,120,120,-1,-1,-1,0.0
stage1a_single_agent_tiny,1,51252,436,1,220,220,1,0,-1.3200002908706665,0.0,0.0,0.0,0.01,0.9916666666666667,120,120,-1,-1,-1,0.0
stage1a_single_agent_tiny,1,51372,437,1,220,220,1,0,-1.3200002908706665,0.0,0.0,0.0,0.01,0.9916666666666667,120,120,-1,-1,-1,0.0
stage1a_single_agent_tiny,1,51492,438,1,220,220,1,0,-1.3200002908706665,0.0,0.0,0.0,0.01,0.9916666666666667,120,120,-1,-1,-1,0.0
stage1a_single_agent_tiny,1,51612,439,1,220,220,1,0,-1.3200002908706665,0.0,0.0,0.0,0.01,0.9916666666666667,120,120,-1,-1,-1,0.0
stage1a_single_agent_tiny,1,51732,440,1,220,220,1,0,-1.3200002908706665,0.0,0.0,0.0,0.01,0.9916666666666667,120,120,-1,-1,-1,0.0
stage1a_single_agent_tiny,1,51852,441,1,220,220,1,0,-1.3200002908706665,0.0,0.0,0.0,0.01,0.9916666666666667,120,120,-1,-1,-1,0.0
stage1a_single_agent_tiny,1,51972,442,1,220,220,1,0,-1.3200002908706665,0.0,0.0,0.0,0.01,0.9916666666666667,120,120,-1,-1,-1,0.0
stage1a_single_agent_tiny,1,52092,443,1,220,220,1,0,-1.3200002908706665,0.0,0.0,0.0,0.01,0.9916666666666667,120,120,-1,-1,-1,0.0
stage1a_single_agent_tiny,1,52212,444,1,220,220,1,0,-1.3200002908706665,0.0,0.0,0.0,0.01,0.9916666666666667,120,120,-1,-1,-1,0.0
stage1a_single_agent_tiny,1,52332,445,1,220,220,1,0,-1.3200002908706665,0.0,0.0,0.0,0.01,0.9916666666666667,120,120,-1,-1,-1,0.0
stage1a_single_agent_tiny,1,52452,446,1,220,220,1,0,-1.3200002908706665,0.0,0.0,0.0,0.01,0.9916666666666667,120,120,-1,-1,-1,0.0
stage1a_single_agent_tiny,1,52572,447,1,220,220,1,0,-1.3200002908706665,0.0,0.0,0.0,0.01,0.9916666666666667,120,120,-1,-1,-1,0.0
stage1a_single_agent_tiny,1,52692,448,1,220,220,1,0,-1.3200002908706665,0.0,0.0,0.0,0.01,0.9916666666666667,120,120,-1,-1,-1,0.0
stage1a_single_agent_tiny,1,52812,449,1,220,220,1,0,-1.3200002908706665,0.0,0.0,0.0,0.01,0.9916666666666667,120,120,-1,-1,-1,0.0
stage1a_single_agent_tiny,1,52932,450,1,220,220,1,0,-1.3200002908706665,0.0,0.0,0.0,0.01,0.9916666666666667,120,120,-1,-1,-1,0.0
stage1a_single_agent_tiny,1,53052,451,1,220,220,1,0,-1.3200002908706665,0.0,0.0,0.0,0.01,0.9916666666666667,120,120,-1,-1,-1,0.0
stage1a_single_agent_tiny,1,53172,452,1,220,220,1,0,-1.3200002908706665,0.0,0.0,0.0,0.01,0.9916666666666667,120,120,-1,-1,-1,0.0
stage1a_single_agent_tiny,1,53292,453,1,220,220,1,0,-1.3200002908706665,0.0,0.0,0.0,0.01,0.9916666666666667,120,120,-1,-1,-1,0.0
stage1a_single_agent_tiny,1,53412,454,1,220,220,1,0,-1.3200002908706665,0.0,0.0,0.0,0.01,0.9916666666666667,120,120,-1,-1,-1,0.0
stage1a_single_agent_tiny,1,53532,455,1,220,220,1,0,-1.3200002908706665,0.0,0.0,0.0,0.01,0.9916666666666667,120,120,-1,-1,-1,0.0
stage1a_single_agent_tiny,1,53652,456,1,220,220,1,0,-1.3300002813339233,0.0,0.0,0.0,0.01,0.9916666666666667,120,120,-1,-1,-1,0.0
stage1a_single_agent_tiny,1,53772,457,1,220,220,1,0,-1.3200002908706665,0.0,0.0,0.0,0.01,0.9916666666666667,120,120,-1,-1,-1,0.0
stage1a_single_agent_tiny,1,53892,458,1,220,220,1,0,-1.3200002908706665,0.0,0.0,0.0,0.01,0.9916666666666667,120,120,-1,-1,-1,0.0
stage1a_single_agent_tiny,1,54012,459,1,220,220,1,0,-1.3200002908706665,0.0,0.0,0.0,0.01,0.9916666666666667,120,120,-1,-1,-1,0.0
stage1a_single_agent_tiny,1,54132,460,1,220,220,1,0,-1.3200002908706665,0.0,0.0,0.0,0.01,0.9916666666666667,120,120,-1,-1,-1,0.0
stage1a_single_agent_tiny,1,54252,461,1,220,220,1,0,-1.3200002908706665,0.0,0.0,0.0,0.01,0.9916666666666667,120,120,-1,-1,-1,0.0
stage1a_single_agent_tiny,1,54372,462,1,220,220,1,0,-1.3200002908706665,0.0,0.0,0.0,0.01,0.9916666666666667,120,120,-1,-1,-1,0.0
stage1a_single_agent_tiny,1,54492,463,1,220,220,1,0,-1.3200002908706665,0.0,0.0,0.0,0.01,0.9916666666666667,120,120,-1,-1,-1,0.0
stage1a_single_agent_tiny,1,54612,464,1,220,220,1,0,-1.3200002908706665,0.0,0.0,0.0,0.01,0.9916666666666667,120,120,-1,-1,-1,0.0
stage1a_single_agent_tiny,1,54732,465,1,220,220,1,0,-1.3200002908706665,0.0,0.0,0.0,0.01,0.9916666666666667,120,120,-1,-1,-1,0.0
stage1a_single_agent_tiny,1,54852,466,1,220,220,1,0,-1.3200002908706665,0.0,0.0,0.0,0.01,0.9916666666666667,120,120,-1,-1,-1,0.0
stage1a_single_agent_tiny,1,54972,467,1,220,220,1,0,-1.3200002908706665,0.0,0.0,0.0,0.01,0.9916666666666667,120,120,-1,-1,-1,0.0
stage1a_single_agent_tiny,1,55092,468,1,220,220,1,0,-1.3200002908706665,0.0,0.0,0.0,0.01,0.9916666666666667,120,120,-1,-1,-1,0.0
stage1a_single_agent_tiny,1,55212,469,1,220,220,1,0,-1.3200002908706665,0.0,0.0,0.0,0.01,0.9916666666666667,120,120,-1,-1,-1,0.0
stage1a_single_agent_tiny,1,55332,470,1,220,220,1,0,-1.3200002908706665,0.0,0.0,0.0,0.01,0.9916666666666667,120,120,-1,-1,-1,0.0
stage1a_single_agent_tiny,1,55452,471,1,220,220,1,0,-1.3200002908706665,0.0,0.0,0.0,0.01,0.9916666666666667,120,120,-1,-1,-1,0.0
stage1a_single_agent_tiny,1,55572,472,1,220,220,1,0,-1.3200002908706665,0.0,0.0,0.0,0.01,0.9916666666666667,120,120,-1,-1,-1,0.0
stage1a_single_agent_tiny,1,55692,473,1,220,220,1,0,-1.3200002908706665,0.0,0.0,0.0,0.01,0.9916666666666667,120,120,-1,-1,-1,0.0
stage1a_single_agent_tiny,1,55812,474,1,220,220,1,0,-1.3200002908706665,0.0,0.0,0.0,0.01,0.9916666666666667,120,120,-1,-1,-1,0.0
stage1a_single_agent_tiny,1,55932,475,1,220,220,1,0,-1.3200002908706665,0.0,0.0,0.0,0.01,0.9916666666666667,120,120,-1,-1,-1,0.0
stage1a_single_agent_tiny,1,56052,476,1,220,220,1,0,-1.3200002908706665,0.0,0.0,0.0,0.01,0.9916666666666667,120,120,-1,-1,-1,0.0
stage1a_single_agent_tiny,1,56172,477,1,220,220,1,0,-1.3200002908706665,0.0,0.0,0.0,0.01,0.9916666666666667,120,120,-1,-1,-1,0.0
stage1a_single_agent_tiny,1,56292,478,1,220,220,1,0,-1.3200002908706665,0.0,0.0,0.0,0.01,0.9916666666666667,120,120,-1,-1,-1,0.0
stage1a_single_agent_tiny,1,56412,479,1,220,220,1,0,-1.3200002908706665,0.0,0.0,0.0,0.01,0.9916666666666667,120,120,-1,-1,-1,0.0
stage1a_single_agent_tiny,1,56532,480,1,220,220,1,0,-1.3200002908706665,0.0,0.0,0.0,0.01,0.9916666666666667,120,120,-1,-1,-1,0.0
stage1a_single_agent_tiny,1,56652,481,1,220,220,1,0,-1.3200002908706665,0.0,0.0,0.0,0.01,0.9916666666666667,120,120,-1,-1,-1,0.0
stage1a_single_agent_tiny,1,56772,482,1,220,220,1,0,-1.3200002908706665,0.0,0.0,0.0,0.01,0.9916666666666667,120,120,-1,-1,-1,0.0
stage1a_single_agent_tiny,1,56892,483,1,220,220,1,0,-1.3200002908706665,0.0,0.0,0.0,0.01,0.9916666666666667,120,120,-1,-1,-1,0.0
stage1a_single_agent_tiny,1,57012,484,1,220,220,1,0,-1.3200002908706665,0.0,0.0,0.0,0.01,0.9916666666666667,120,120,-1,-1,-1,0.0
stage1a_single_agent_tiny,1,57132,485,1,220,220,1,0,-1.3200002908706665,0.0,0.0,0.0,0.01,0.9916666666666667,120,120,-1,-1,-1,0.0
stage1a_single_agent_tiny,1,57252,486,1,220,220,1,0,-1.3200002908706665,0.0,0.0,0.0,0.01,0.9916666666666667,120,120,-1,-1,-1,0.0
stage1a_single_agent_tiny,1,57372,487,1,220,220,1,0,-1.3200002908706665,0.0,0.0,0.0,0.01,0.9916666666666667,120,120,-1,-1,-1,0.0
stage1a_single_agent_tiny,1,57492,488,1,220,220,1,0,-1.3200002908706665,0.0,0.0,0.0,0.01,0.9916666666666667,120,120,-1,-1,-1,0.0
stage1a_single_agent_tiny,1,57612,489,1,220,220,1,0,-1.3200002908706665,0.0,0.0,0.0,0.01,0.9916666666666667,120,120,-1,-1,-1,0.0
stage1a_single_agent_tiny,1,57732,490,1,220,220,1,0,-1.3200002908706665,0.0,0.0,0.0,0.01,0.9916666666666667,120,120,-1,-1,-1,0.0
stage1a_single_agent_tiny,1,57852,491,1,220,220,1,0,-1.3200002908706665,0.0,0.0,0.0,0.01,0.9916666666666667,120,120,-1,-1,-1,0.0
stage1a_single_agent_tiny,1,57972,492,1,220,220,1,0,-1.3200002908706665,0.0,0.0,0.0,0.01,0.9916666666666667,120,120,-1,-1,-1,0.0
stage1a_single_agent_tiny,1,58092,493,1,220,220,1,0,-1.3200002908706665,0.0,0.0,0.0,0.01,0.9916666666666667,120,120,-1,-1,-1,0.0
stage1a_single_agent_tiny,1,58212,494,1,220,220,1,0,-1.3200002908706665,0.0,0.0,0.0,0.01,0.9916666666666667,120,120,-1,-1,-1,0.0
stage1a_single_agent_tiny,1,58332,495,1,220,220,1,0,-1.3200002908706665,0.0,0.0,0.0,0.01,0.9916666666666667,120,120,-1,-1,-1,0.0
stage1a_single_agent_tiny,1,58452,496,1,220,220,1,0,-1.3200002908706665,0.0,0.0,0.0,0.01,0.9916666666666667,120,120,-1,-1,-1,0.0
stage1a_single_agent_tiny,1,58572,497,1,220,220,1,0,-1.3200002908706665,0.0,0.0,0.0,0.01,0.9916666666666667,120,120,-1,-1,-1,0.0
stage1a_single_agent_tiny,1,58692,498,1,220,220,1,0,-1.3200002908706665,0.0,0.0,0.0,0.01,0.9916666666666667,120,120,-1,-1,-1,0.0
stage1a_single_agent_tiny,1,58812,499,1,220,220,1,0,-1.3200002908706665,0.0,0.0,0.0,0.01,0.9916666666666667,120,120,-1,-1,-1,0.0
stage1a_single_agent_tiny,1,58932,500,1,220,220,1,0,-1.3200002908706665,0.0,0.0,0.0,0.01,0.9916666666666667,120,120,-1,-1,-1,0.0
stage1a_single_agent_tiny,1,59052,501,1,220,220,1,0,-1.3380002975463867,0.0,0.0,0.0,0.01,0.9916666666666667,118,120,-1,-1,-1,0.0
stage1a_single_agent_tiny,1,59172,502,1,220,220,1,0,-1.3200002908706665,0.0,0.0,0.0,0.01,0.9916666666666667,120,120,-1,-1,-1,0.0
stage1a_single_agent_tiny,1,59292,503,1,220,220,1,0,-1.3200002908706665,0.0,0.0,0.0,0.01,0.9916666666666667,120,120,-1,-1,-1,0.0
stage1a_single_agent_tiny,1,59412,504,1,220,220,1,0,-1.3200002908706665,0.0,0.0,0.0,0.01,0.9916666666666667,120,120,-1,-1,-1,0.0
stage1a_single_agent_tiny,1,59532,505,1,220,220,1,0,-1.3200002908706665,0.0,0.0,0.0,0.01,0.9916666666666667,120,120,-1,-1,-1,0.0
stage1a_single_agent_tiny,1,59652,506,1,220,220,1,0,-1.3200002908706665,0.0,0.0,0.0,0.01,0.9916666666666667,120,120,-1,-1,-1,0.0
stage1a_single_agent_tiny,1,59772,507,1,220,220,1,0,-1.3200002908706665,0.0,0.0,0.0,0.01,0.9916666666666667,120,120,-1,-1,-1,0.0
stage1a_single_agent_tiny,1,59892,508,1,220,220,1,0,-1.3200002908706665,0.0,0.0,0.0,0.01,0.9916666666666667,120,120,-1,-1,-1,0.0
stage1a_single_agent_tiny,1,60012,509,1,220,220,1,0,-1.3200002908706665,0.0,0.0,0.0,0.01,0.9916666666666667,120,120,-1,-1,-1,0.0
stage1a_single_agent_tiny,1,60132,510,1,220,220,1,0,-1.3200002908706665,0.0,0.0,0.0,0.01,0.9916666666666667,120,120,-1,-1,-1,0.0
stage1a_single_agent_tiny,1,60252,511,1,220,220,1,0,-1.3200002908706665,0.0,0.0,0.0,0.01,0.9916666666666667,120,120,-1,-1,-1,0.0
stage1a_single_agent_tiny,1,60372,512,1,220,220,1,0,-1.3200002908706665,0.0,0.0,0.0,0.01,0.9916666666666667,120,120,-1,-1,-1,0.0
stage1a_single_agent_tiny,1,60492,513,1,220,220,1,0,-1.3200002908706665,0.0,0.0,0.0,0.01,0.9916666666666667,120,120,-1,-1,-1,0.0
stage1a_single_agent_tiny,1,60612,514,1,220,220,1,0,-1.3200002908706665,0.0,0.0,0.0,0.01,0.9916666666666667,120,120,-1,-1,-1,0.0
stage1a_single_agent_tiny,1,60732,515,1,220,220,1,0,-1.3200002908706665,0.0,0.0,0.0,0.01,0.9916666666666667,120,120,-1,-1,-1,0.0
stage1a_single_agent_tiny,1,60852,516,1,220,220,1,0,-1.3200002908706665,0.0,0.0,0.0,0.01,0.9916666666666667,120,120,-1,-1,-1,0.0
stage1a_single_agent_tiny,1,60972,517,1,220,220,1,0,-1.3200002908706665,0.0,0.0,0.0,0.01,0.9916666666666667,120,120,-1,-1,-1,0.0
stage1a_single_agent_tiny,1,61092,518,1,220,220,1,0,-1.3200002908706665,0.0,0.0,0.0,0.01,0.9916666666666667,120,120,-1,-1,-1,0.0
stage1a_single_agent_tiny,1,61212,519,1,220,220,1,0,-1.3200002908706665,0.0,0.0,0.0,0.01,0.9916666666666667,120,120,-1,-1,-1,0.0
stage1a_single_agent_tiny,1,61332,520,1,220,220,1,0,-1.3200002908706665,0.0,0.0,0.0,0.01,0.9916666666666667,120,120,-1,-1,-1,0.0
stage1a_single_agent_tiny,1,61452,521,1,220,220,1,0,-1.3200002908706665,0.0,0.0,0.0,0.01,0.9916666666666667,120,120,-1,-1,-1,0.0
stage1a_single_agent_tiny,1,61572,522,1,220,220,1,0,-1.3200002908706665,0.0,0.0,0.0,0.01,0.9916666666666667,120,120,-1,-1,-1,0.0
stage1a_single_agent_tiny,1,61692,523,1,220,220,1,0,-1.3200002908706665,0.0,0.0,0.0,0.01,0.9916666666666667,120,120,-1,-1,-1,0.0
stage1a_single_agent_tiny,1,61812,524,1,220,220,1,0,-1.3200002908706665,0.0,0.0,0.0,0.01,0.9916666666666667,120,120,-1,-1,-1,0.0
stage1a_single_agent_tiny,1,61932,525,1,220,220,1,0,-1.3200002908706665,0.0,0.0,0.0,0.01,0.9916666666666667,120,120,-1,-1,-1,0.0
stage1a_single_agent_tiny,1,62052,526,1,220,220,1,0,-1.3200002908706665,0.0,0.0,0.0,0.01,0.9916666666666667,120,120,-1,-1,-1,0.0
stage1a_single_agent_tiny,1,62172,527,1,220,220,1,0,-1.3200002908706665,0.0,0.0,0.0,0.01,0.9916666666666667,120,120,-1,-1,-1,0.0
stage1a_single_agent_tiny,1,62292,528,1,220,220,1,0,-1.3200002908706665,0.0,0.0,0.0,0.01,0.9916666666666667,120,120,-1,-1,-1,0.0
stage1a_single_agent_tiny,1,62412,529,1,220,220,1,0,-1.3200002908706665,0.0,0.0,0.0,0.01,0.9916666666666667,120,120,-1,-1,-1,0.0
stage1a_single_agent_tiny,1,62532,530,1,220,220,1,0,-1.3200002908706665,0.0,0.0,0.0,0.01,0.9916666666666667,120,120,-1,-1,-1,0.0
stage1a_single_agent_tiny,1,62652,531,1,220,220,1,0,-1.3200002908706665,0.0,0.0,0.0,0.01,0.9916666666666667,120,120,-1,-1,-1,0.0
stage1a_single_agent_tiny,1,62772,532,1,220,220,1,0,-1.3200002908706665,0.0,0.0,0.0,0.01,0.9916666666666667,120,120,-1,-1,-1,0.0
stage1a_single_agent_tiny,1,62892,533,1,220,220,1,0,-1.3200002908706665,0.0,0.0,0.0,0.01,0.9916666666666667,120,120,-1,-1,-1,0.0
stage1a_single_agent_tiny,1,63012,534,1,220,220,1,0,-1.3200002908706665,0.0,0.0,0.0,0.01,0.9916666666666667,120,120,-1,-1,-1,0.0
stage1a_single_agent_tiny,1,63132,535,1,220,220,1,0,-1.3200002908706665,0.0,0.0,0.0,0.01,0.9916666666666667,120,120,-1,-1,-1,0.0
stage1a_single_agent_tiny,1,63252,536,1,220,220,1,0,-1.3200002908706665,0.0,0.0,0.0,0.01,0.9916666666666667,120,120,-1,-1,-1,0.0
stage1a_single_agent_tiny,1,63372,537,1,220,220,1,0,-1.3200002908706665,0.0,0.0,0.0,0.01,0.9916666666666667,120,120,-1,-1,-1,0.0
stage1a_single_agent_tiny,1,63492,538,1,220,220,1,0,-1.3200002908706665,0.0,0.0,0.0,0.01,0.9916666666666667,120,120,-1,-1,-1,0.0
stage1a_single_agent_tiny,1,63612,539,1,220,220,1,0,-1.3200002908706665,0.0,0.0,0.0,0.01,0.9916666666666667,120,120,-1,-1,-1,0.0
stage1a_single_agent_tiny,1,63732,540,1,220,220,1,0,-1.3200002908706665,0.0,0.0,0.0,0.01,0.9916666666666667,120,120,-1,-1,-1,0.0
stage1a_single_agent_tiny,1,63852,541,1,220,220,1,0,-1.3200002908706665,0.0,0.0,0.0,0.01,0.9916666666666667,120,120,-1,-1,-1,0.0
stage1a_single_agent_tiny,1,63972,542,1,220,220,1,0,-1.3200002908706665,0.0,0.0,0.0,0.01,0.9916666666666667,120,120,-1,-1,-1,0.0
stage1a_single_agent_tiny,1,64092,543,1,220,220,1,0,-1.3200002908706665,0.0,0.0,0.0,0.01,0.9916666666666667,120,120,-1,-1,-1,0.0
stage1a_single_agent_tiny,1,64212,544,1,220,220,1,0,-1.3200002908706665,0.0,0.0,0.0,0.01,0.9916666666666667,120,120,-1,-1,-1,0.0
stage1a_single_agent_tiny,1,64332,545,1,220,220,1,0,-1.3200002908706665,0.0,0.0,0.0,0.01,0.9916666666666667,120,120,-1,-1,-1,0.0
stage1a_single_agent_tiny,1,64452,546,1,220,220,1,0,-1.3200002908706665,0.0,0.0,0.0,0.01,0.9916666666666667,120,120,-1,-1,-1,0.0
stage1a_single_agent_tiny,1,64572,547,1,220,220,1,0,-1.3200002908706665,0.0,0.0,0.0,0.01,0.9916666666666667,120,120,-1,-1,-1,0.0
stage1a_single_agent_tiny,1,64692,548,1,220,220,1,0,-1.3200002908706665,0.0,0.0,0.0,0.01,0.9916666666666667,120,120,-1,-1,-1,0.0
stage1a_single_agent_tiny,1,64812,549,1,220,220,1,0,-1.3200002908706665,0.0,0.0,0.0,0.01,0.9916666666666667,120,120,-1,-1,-1,0.0
stage1a_single_agent_tiny,1,64932,550,1,220,220,1,0,-1.3200002908706665,0.0,0.0,0.0,0.01,0.9916666666666667,120,120,-1,-1,-1,0.0
stage1a_single_agent_tiny,1,65052,551,1,220,220,1,0,-1.3200002908706665,0.0,0.0,0.0,0.01,0.9916666666666667,120,120,-1,-1,-1,0.0
stage1a_single_agent_tiny,1,65172,552,1,220,220,1,0,-1.3200002908706665,0.0,0.0,0.0,0.01,0.9916666666666667,120,120,-1,-1,-1,0.0
stage1a_single_agent_tiny,1,65292,553,1,220,220,1,0,-1.3200002908706665,0.0,0.0,0.0,0.01,0.9916666666666667,120,120,-1,-1,-1,0.0
stage1a_single_agent_tiny,1,65412,554,1,220,220,1,0,-1.3200002908706665,0.0,0.0,0.0,0.01,0.9916666666666667,120,120,-1,-1,-1,0.0
stage1a_single_agent_tiny,1,65532,555,1,220,220,1,0,-1.3200002908706665,0.0,0.0,0.0,0.01,0.9916666666666667,120,120,-1,-1,-1,0.0
stage1a_single_agent_tiny,1,65652,556,1,220,220,1,0,-1.3200002908706665,0.0,0.0,0.0,0.01,0.9916666666666667,120,120,-1,-1,-1,0.0
stage1a_single_agent_tiny,1,65772,557,1,220,220,1,0,-1.3200002908706665,0.0,0.0,0.0,0.01,0.9916666666666667,120,120,-1,-1,-1,0.0
stage1a_single_agent_tiny,1,65892,558,1,220,220,1,0,-1.3200002908706665,0.0,0.0,0.0,0.01,0.9916666666666667,120,120,-1,-1,-1,0.0
stage1a_single_agent_tiny,1,66012,559,1,220,220,1,0,-1.3200002908706665,0.0,0.0,0.0,0.01,0.9916666666666667,120,120,-1,-1,-1,0.0
stage1a_single_agent_tiny,1,66132,560,1,220,220,1,0,-1.3200002908706665,0.0,0.0,0.0,0.01,0.9916666666666667,120,120,-1,-1,-1,0.0
stage1a_single_agent_tiny,1,66252,561,1,220,220,1,0,-1.3200002908706665,0.0,0.0,0.0,0.01,0.9916666666666667,120,120,-1,-1,-1,0.0
stage1a_single_agent_tiny,1,66372,562,1,220,220,1,0,-1.3200002908706665,0.0,0.0,0.0,0.01,0.9916666666666667,120,120,-1,-1,-1,0.0
stage1a_single_agent_tiny,1,66492,563,1,220,220,1,0,-1.3200002908706665,0.0,0.0,0.0,0.01,0.9916666666666667,120,120,-1,-1,-1,0.0
stage1a_single_agent_tiny,1,66612,564,1,220,220,1,0,-1.3200002908706665,0.0,0.0,0.0,0.01,0.9916666666666667,120,120,-1,-1,-1,0.0
stage1a_single_agent_tiny,1,66732,565,1,220,220,1,0,-1.3200002908706665,0.0,0.0,0.0,0.01,0.9916666666666667,120,120,-1,-1,-1,0.0
stage1a_single_agent_tiny,1,66852,566,1,220,220,1,0,-1.3200002908706665,0.0,0.0,0.0,0.01,0.9916666666666667,120,120,-1,-1,-1,0.0
stage1a_single_agent_tiny,1,66972,567,1,220,220,1,0,-1.3200002908706665,0.0,0.0,0.0,0.01,0.9916666666666667,120,120,-1,-1,-1,0.0
stage1a_single_agent_tiny,1,67092,568,1,220,220,1,0,-1.3200002908706665,0.0,0.0,0.0,0.01,0.9916666666666667,120,120,-1,-1,-1,0.0
stage1a_single_agent_tiny,1,67212,569,1,220,220,1,0,-1.3200002908706665,0.0,0.0,0.0,0.01,0.9916666666666667,120,120,-1,-1,-1,0.0
stage1a_single_agent_tiny,1,67332,570,1,220,220,1,0,-1.3200002908706665,0.0,0.0,0.0,0.01,0.9916666666666667,120,120,-1,-1,-1,0.0
stage1a_single_agent_tiny,1,67452,571,1,220,220,1,0,-1.3200002908706665,0.0,0.0,0.0,0.01,0.9916666666666667,120,120,-1,-1,-1,0.0
stage1a_single_agent_tiny,1,67572,572,1,220,220,1,0,-1.3200002908706665,0.0,0.0,0.0,0.01,0.9916666666666667,120,120,-1,-1,-1,0.0
stage1a_single_agent_tiny,1,67692,573,1,220,220,1,0,-1.3200002908706665,0.0,0.0,0.0,0.01,0.9916666666666667,120,120,-1,-1,-1,0.0
stage1a_single_agent_tiny,1,67812,574,1,220,220,1,0,-1.3200002908706665,0.0,0.0,0.0,0.01,0.9916666666666667,120,120,-1,-1,-1,0.0
stage1a_single_agent_tiny,1,67932,575,1,220,220,1,0,-1.3200002908706665,0.0,0.0,0.0,0.01,0.9916666666666667,120,120,-1,-1,-1,0.0
stage1a_single_agent_tiny,1,68052,576,1,220,220,1,0,-1.3200002908706665,0.0,0.0,0.0,0.01,0.9916666666666667,120,120,-1,-1,-1,0.0
stage1a_single_agent_tiny,1,68172,577,1,220,220,1,0,-1.3200002908706665,0.0,0.0,0.0,0.01,0.9916666666666667,120,120,-1,-1,-1,0.0
stage1a_single_agent_tiny,1,68292,578,1,220,220,1,0,-1.3200002908706665,0.0,0.0,0.0,0.01,0.9916666666666667,120,120,-1,-1,-1,0.0
stage1a_single_agent_tiny,1,68412,579,1,220,220,1,0,-1.3200002908706665,0.0,0.0,0.0,0.01,0.9916666666666667,120,120,-1,-1,-1,0.0
stage1a_single_agent_tiny,1,68532,580,1,220,220,1,0,-1.3200002908706665,0.0,0.0,0.0,0.01,0.9916666666666667,120,120,-1,-1,-1,0.0
stage1a_single_agent_tiny,1,68652,581,1,220,220,1,0,-1.3200002908706665,0.0,0.0,0.0,0.01,0.9916666666666667,120,120,-1,-1,-1,0.0
stage1a_single_agent_tiny,1,68772,582,1,220,220,1,0,-1.3200002908706665,0.0,0.0,0.0,0.01,0.9916666666666667,120,120,-1,-1,-1,0.0
stage1a_single_agent_tiny,1,68892,583,1,220,220,1,0,-1.3200002908706665,0.0,0.0,0.0,0.01,0.9916666666666667,120,120,-1,-1,-1,0.0
stage1a_single_agent_tiny,1,69012,584,1,220,220,1,0,-1.3200002908706665,0.0,0.0,0.0,0.01,0.9916666666666667,120,120,-1,-1,-1,0.0
stage1a_single_agent_tiny,1,69132,585,1,220,220,1,0,-1.3200002908706665,0.0,0.0,0.0,0.01,0.9916666666666667,120,120,-1,-1,-1,0.0
stage1a_single_agent_tiny,1,69252,586,1,220,220,1,0,-1.3200002908706665,0.0,0.0,0.0,0.01,0.9916666666666667,120,120,-1,-1,-1,0.0
stage1a_single_agent_tiny,1,69372,587,1,220,220,1,0,-1.3200002908706665,0.0,0.0,0.0,0.01,0.9916666666666667,120,120,-1,-1,-1,0.0
stage1a_single_agent_tiny,1,69492,588,1,220,220,1,0,-1.3200002908706665,0.0,0.0,0.0,0.01,0.9916666666666667,120,120,-1,-1,-1,0.0
stage1a_single_agent_tiny,1,69612,589,1,220,220,1,0,-1.3200002908706665,0.0,0.0,0.0,0.01,0.9916666666666667,120,120,-1,-1,-1,0.0
stage1a_single_agent_tiny,1,69732,590,1,220,220,1,0,-1.3200002908706665,0.0,0.0,0.0,0.01,0.9916666666666667,120,120,-1,-1,-1,0.0
stage1a_single_agent_tiny,1,69852,591,1,220,220,1,0,-1.3200002908706665,0.0,0.0,0.0,0.01,0.9916666666666667,120,120,-1,-1,-1,0.0
stage1a_single_agent_tiny,1,69972,592,1,220,220,1,0,-1.3200002908706665,0.0,0.0,0.0,0.01,0.9916666666666667,120,120,-1,-1,-1,0.0
stage1a_single_agent_tiny,1,70092,593,1,220,220,1,0,-1.3200002908706665,0.0,0.0,0.0,0.01,0.9916666666666667,120,120,-1,-1,-1,0.0
stage1a_single_agent_tiny,1,70212,594,1,220,220,1,0,-1.3200002908706665,0.0,0.0,0.0,0.01,0.9916666666666667,120,120,-1,-1,-1,0.0
stage1a_single_agent_tiny,1,70332,595,1,220,220,1,0,-1.3300002813339233,0.0,0.0,0.0,0.01,0.9840277777984738,120,120,-1,-1,-1,0.0
stage1a_single_agent_tiny,1,70452,596,1,220,220,1,0,-1.3200002908706665,0.0,0.0,0.0,0.01,0.9916666666666667,120,120,-1,-1,-1,0.0
stage1a_single_agent_tiny,1,70572,597,1,220,220,1,0,-1.3200002908706665,0.0,0.0,0.0,0.01,0.9916666666666667,120,120,-1,-1,-1,0.0
stage1a_single_agent_tiny,1,70692,598,1,220,220,1,0,-1.3200002908706665,0.0,0.0,0.0,0.01,0.9916666666666667,120,120,-1,-1,-1,0.0
stage1a_single_agent_tiny,1,70812,599,1,220,220,1,0,-1.3200002908706665,0.0,0.0,0.0,0.01,0.9916666666666667,120,120,-1,-1,-1,0.0
stage1a_single_agent_tiny,1,70932,600,1,220,220,1,0,-1.3200002908706665,0.0,0.0,0.0,0.01,0.9916666666666667,120,120,-1,-1,-1,0.0
stage1a_single_agent_tiny,1,71052,601,1,220,220,1,0,-1.3200002908706665,0.0,0.0,0.0,0.01,0.9916666666666667,120,120,-1,-1,-1,0.0
stage1a_single_agent_tiny,1,71172,602,1,220,220,1,0,-1.3200002908706665,0.0,0.0,0.0,0.01,0.9916666666666667,120,120,-1,-1,-1,0.0
stage1a_single_agent_tiny,1,71292,603,1,220,220,1,0,-1.3200002908706665,0.0,0.0,0.0,0.01,0.9916666666666667,120,120,-1,-1,-1,0.0
stage1a_single_agent_tiny,1,71412,604,1,220,220,1,0,-1.3200002908706665,0.0,0.0,0.0,0.01,0.9916666666666667,120,120,-1,-1,-1,0.0
stage1b_single_agent_obstacles,2,71648,605,1,420,320,1,2,-2.419999361038208,0.0,0.0,0.0,0.003968253968253968,0.9954545454545455,220,220,-1,-1,-1,0.0
stage1b_single_agent_obstacles,2,71868,606,1,420,320,1,2,-2.419999361038208,0.0,0.0,0.0,0.003968253968253968,0.9954545454545455,220,220,-1,-1,-1,0.0
stage1b_single_agent_obstacles,2,72088,607,1,420,320,1,2,-2.419999361038208,0.0,0.0,0.0,0.003968253968253968,0.9954545454545455,220,220,-1,-1,-1,0.0
stage1b_single_agent_obstacles,2,72308,608,1,420,320,1,2,-2.419999361038208,0.0,0.0,0.0,0.003968253968253968,0.9954545454545455,220,220,-1,-1,-1,0.0
stage1b_single_agent_obstacles,2,72528,609,1,420,320,1,2,-2.419999361038208,0.0,0.0,0.0,0.003968253968253968,0.9954545454545455,220,220,-1,-1,-1,0.0
stage1b_single_agent_obstacles,2,72748,610,1,420,320,1,2,-2.419999361038208,0.0,0.0,0.0,0.003968253968253968,0.9954545454545455,220,220,-1,-1,-1,0.0
stage1b_single_agent_obstacles,2,72968,611,1,420,320,1,2,-2.419999361038208,0.0,0.0,0.0,0.003968253968253968,0.9954545454545455,220,220,-1,-1,-1,0.0
stage1b_single_agent_obstacles,2,73188,612,1,420,320,1,2,-2.419999361038208,0.0,0.0,0.0,0.003968253968253968,0.9954545454545455,220,220,-1,-1,-1,0.0
stage1b_single_agent_obstacles,2,73408,613,1,420,320,1,2,-2.4379994869232178,0.0,0.0,0.0,0.003968253968253968,0.9954545454545455,218,220,-1,-1,-1,0.0
stage1b_single_agent_obstacles,2,73628,614,1,420,320,1,2,-2.4379994869232178,0.0,0.0,0.0,0.007936507936507936,0.983917849375443,218,220,-1,-1,-1,0.0
stage1b_single_agent_obstacles,2,73848,615,1,420,320,1,2,-2.4079995155334473,0.0,0.0,0.0,0.007936507936507936,0.9863636363636363,218,220,-1,-1,-1,0.0
stage1b_single_agent_obstacles,2,74068,616,1,420,320,1,2,-2.419999361038208,0.0,0.0,0.0,0.003968253968253968,0.9954545454545455,220,220,-1,-1,-1,0.0
stage1b_single_agent_obstacles,2,74288,617,1,420,320,1,2,-2.419999361038208,0.0,0.0,0.0,0.003968253968253968,0.9954545454545455,220,220,-1,-1,-1,0.0
stage1b_single_agent_obstacles,2,74508,618,1,420,320,1,2,-2.4459996223449707,0.0,0.0,0.0,0.003968253968253968,0.9863636363636363,216,220,-1,-1,-1,0.0
stage1b_single_agent_obstacles,2,74728,619,1,420,320,1,2,-6.986003398895264,0.0,0.0,0.0,0.007936507936507936,0.9701403708620505,216,220,-1,-1,-1,0.0
stage1b_single_agent_obstacles,2,74948,620,1,420,320,1,2,-2.4399993419647217,0.0,0.0,0.0,0.003968253968253968,0.9954545454545455,220,220,-1,-1,-1,0.0
stage1b_single_agent_obstacles,2,75168,621,1,420,320,1,2,-3.9279870986938477,0.0,0.0,0.0,0.003968253968253968,0.9863636363636363,218,220,-1,-1,-1,0.0
stage1b_single_agent_obstacles,2,75388,622,1,420,320,1,2,-2.419999361038208,0.0,0.0,0.0,0.003968253968253968,0.9954545454545455,220,220,-1,-1,-1,0.0
stage1b_single_agent_obstacles,2,75608,623,1,420,320,1,2,-2.4479990005493164,0.0,0.0,0.0,0.003968253968253968,0.9954545454545455,218,220,-1,-1,-1,0.0
stage1b_single_agent_obstacles,2,75828,624,1,420,320,1,2,-2.419999361038208,0.0,0.0,0.0,0.003968253968253968,0.9954545454545455,220,220,-1,-1,-1,0.0
stage1b_single_agent_obstacles,2,76048,625,1,420,320,1,2,-2.419999361038208,0.0,0.0,0.0,0.003968253968253968,0.9954545454545455,220,220,-1,-1,-1,0.0
stage1b_single_agent_obstacles,2,76268,626,1,420,320,1,2,-2.4399993419647217,0.0,0.0,0.0,0.003968253968253968,0.985860434580933,220,220,-1,-1,-1,0.0
stage1b_single_agent_obstacles,2,76488,627,1,420,320,1,2,-2.419999361038208,0.0,0.0,0.0,0.003968253968253968,0.9954545454545455,220,220,-1,-1,-1,0.0
stage1b_single_agent_obstacles,2,76708,628,1,420,320,1,2,-2.419999361038208,0.0,0.0,0.0,0.003968253968253968,0.9954545454545455,220,220,-1,-1,-1,0.0
stage1b_single_agent_obstacles,2,76928,629,1,420,320,1,2,-2.477167844772339,0.0,0.0,0.0,0.003968253968253968,0.9764950810846957,218,220,-1,-1,-1,0.0
stage1b_single_agent_obstacles,2,77148,630,1,420,320,1,2,-2.4459991455078125,0.0,0.0,0.0,0.007936507936507936,0.9871004494076425,216,220,-1,-1,-1,0.0
stage1b_single_agent_obstacles,2,77368,631,1,420,320,1,2,-2.419999361038208,0.0,0.0,0.0,0.003968253968253968,0.9954545454545455,220,220,-1,-1,-1,0.0
stage1b_single_agent_obstacles,2,77588,632,1,420,320,1,2,-2.4479994773864746,0.0,0.0,0.0,0.003968253968253968,0.9760222690349275,218,220,-1,-1,-1,0.0
stage1b_single_agent_obstacles,2,77808,633,1,420,320,1,2,-2.4459996223449707,0.0,0.0,0.0,0.003968253968253968,0.9863636363636363,216,220,-1,-1,-1,0.0
stage1b_single_agent_obstacles,2,78028,634,1,420,320,1,2,-2.4639992713928223,0.0,0.0,0.0,0.003968253968253968,0.9799437288533558,214,220,-1,-1,-1,0.0
stage1b_single_agent_obstacles,2,78248,635,1,420,320,1,2,-2.419999361038208,0.0,0.0,0.0,0.003968253968253968,0.9954545454545455,220,220,-1,-1,-1,0.0
stage1b_single_agent_obstacles,2,78468,636,1,420,320,1,2,-2.419999361038208,0.0,0.0,0.0,0.003968253968253968,0.9954545454545455,220,220,-1,-1,-1,0.0
stage1b_single_agent_obstacles,2,78688,637,1,420,320,1,2,-2.419999361038208,0.0,0.0,0.0,0.003968253968253968,0.9954545454545455,220,220,-1,-1,-1,0.0
stage1b_single_agent_obstacles,2,78908,638,1,420,320,1,2,-2.4439988136291504,0.0,0.0,0.0,0.007936507936507936,0.9742774062535979,214,220,-1,-1,-1,0.0
stage1b_single_agent_obstacles,2,79128,639,1,420,320,1,2,-2.4399993419647217,0.0,0.0,0.0,0.007936507936507936,0.9705146505074067,220,220,-1,-1,-1,0.0
stage1b_single_agent_obstacles,2,79348,640,1,420,320,1,2,-2.4379994869232178,0.0,0.0,0.0,0.003968253968253968,0.9954545454545455,218,220,-1,-1,-1,0.0
stage1b_single_agent_obstacles,2,79568,641,1,420,320,1,2,-2.419999361038208,0.0,0.0,0.0,0.007936507936507936,0.9816152980381793,220,220,-1,-1,-1,0.0
stage1b_single_agent_obstacles,2,79788,642,1,420,320,1,2,-3.909059524536133,0.0,0.0,0.0,0.007936507936507936,0.9863636363636363,218,220,-1,-1,-1,0.0
stage1b_single_agent_obstacles,2,80008,643,1,420,320,1,2,-3.9479873180389404,0.0,0.0,0.0,0.003968253968253968,0.9784384571354497,218,220,-1,-1,-1,0.0
stage1b_single_agent_obstacles,2,80228,644,1,420,320,1,2,-2.4459991455078125,0.0,0.0,0.0,0.003968253968253968,0.9863636363636363,216,220,-1,-1,-1,0.0
stage1b_single_agent_obstacles,2,80448,645,1,420,320,1,2,-2.419999361038208,0.0,0.0,0.0,0.003968253968253968,0.9954545454545455,220,220,-1,-1,-1,0.0
stage1b_single_agent_obstacles,2,80668,646,1,420,320,1,2,-2.427999258041382,0.0,0.0,0.0,0.007936507936507936,0.9871212121099233,218,220,-1,-1,-1,0.0
stage1b_single_agent_obstacles,2,80888,647,1,420,320,1,2,-2.4479992389678955,0.0,0.0,0.0,0.003968253968253968,0.9954545454545455,218,220,-1,-1,-1,0.0
stage1b_single_agent_obstacles,2,81108,648,1,420,320,1,2,-2.427999496459961,0.0,0.0,0.0,0.003968253968253968,0.9863636363636363,218,220,-1,-1,-1,0.0
stage1b_single_agent_obstacles,2,81328,649,1,420,320,1,2,-2.419999361038208,0.0,0.0,0.0,0.007936507936507936,0.987673272057013,220,220,-1,-1,-1,0.0
stage1b_single_agent_obstacles,2,81548,650,1,420,320,1,2,-2.4399993419647217,0.0,0.0,0.0,0.003968253968253968,0.9830198891460895,220,220,-1,-1,-1,0.0
stage1b_single_agent_obstacles,2,81768,651,1,420,320,1,2,-2.425999164581299,0.0,0.0,0.0,0.011904761904761904,0.9751381833275611,216,220,-1,-1,-1,0.0
stage1b_single_agent_obstacles,2,81988,652,1,420,320,1,2,-2.427999496459961,0.0,0.0,0.0,0.003968253968253968,0.9863636363636363,218,220,-1,-1,-1,0.0
stage1b_single_agent_obstacles,2,82208,653,1,420,320,1,2,-2.419999361038208,0.0,0.0,0.0,0.003968253968253968,0.9954545454545455,220,220,-1,-1,-1,0.0
stage1b_single_agent_obstacles,2,82428,654,1,420,320,1,2,-2.419999361038208,0.0,0.0,0.0,0.003968253968253968,0.9954545454545455,220,220,-1,-1,-1,0.0
stage1b_single_agent_obstacles,2,82648,655,1,420,320,1,2,-2.429999351501465,0.0,0.0,0.0,0.003968253968253968,0.990909090909091,220,220,-1,-1,-1,0.0
stage1b_single_agent_obstacles,2,82868,656,1,420,320,1,2,-2.419999361038208,0.0,0.0,0.0,0.003968253968253968,0.9954545454545455,220,220,-1,-1,-1,0.0
stage1b_single_agent_obstacles,2,83088,657,1,420,320,1,2,-2.419999361038208,0.0,0.0,0.0,0.003968253968253968,0.9954545454545455,220,220,-1,-1,-1,0.0
stage1b_single_agent_obstacles,2,83308,658,1,420,320,1,2,-2.419999361038208,0.0,0.0,0.0,0.003968253968253968,0.9954545454545455,220,220,-1,-1,-1,0.0
stage1b_single_agent_obstacles,2,83528,659,1,420,320,1,2,-2.419999361038208,0.0,0.0,0.0,0.003968253968253968,0.9954545454545455,220,220,-1,-1,-1,0.0
stage1b_single_agent_obstacles,2,83748,660,1,420,320,1,2,-2.429999351501465,0.0,0.0,0.0,0.003968253968253968,0.9954545454545455,220,220,-1,-1,-1,0.0
stage1b_single_agent_obstacles,2,83968,661,1,420,320,1,2,-2.4079995155334473,0.0,0.0,0.0,0.007936507936507936,0.9863636363636363,218,220,-1,-1,-1,0.0
stage1b_single_agent_obstacles,2,84188,662,1,420,320,1,2,-2.419999361038208,0.0,0.0,0.0,0.003968253968253968,0.9954545454545455,220,220,-1,-1,-1,0.0
stage1b_single_agent_obstacles,2,84408,663,1,420,320,1,2,-2.419999361038208,0.0,0.0,0.0,0.003968253968253968,0.9954545454545455,220,220,-1,-1,-1,0.0
stage1b_single_agent_obstacles,2,84628,664,1,420,320,1,2,-2.419999361038208,0.0,0.0,0.0,0.003968253968253968,0.9954545454545455,220,220,-1,-1,-1,0.0
stage1b_single_agent_obstacles,2,84848,665,1,420,320,1,2,-2.419999361038208,0.0,0.0,0.0,0.003968253968253968,0.9954545454545455,220,220,-1,-1,-1,0.0
stage1b_single_agent_obstacles,2,85068,666,1,420,320,1,2,-2.419999361038208,0.0,0.0,0.0,0.003968253968253968,0.9954545454545455,220,220,-1,-1,-1,0.0
stage1b_single_agent_obstacles,2,85288,667,1,420,320,1,2,-2.4399991035461426,0.0,0.0,0.0,0.003968253968253968,0.9847301320596175,220,220,-1,-1,-1,0.0
stage1b_single_agent_obstacles,2,85508,668,1,420,320,1,2,-2.419999361038208,0.0,0.0,0.0,0.003968253968253968,0.9954545454545455,220,220,-1,-1,-1,0.0
stage1b_single_agent_obstacles,2,85728,669,1,420,320,1,2,-2.419999361038208,0.0,0.0,0.0,0.003968253968253968,0.9954545454545455,220,220,-1,-1,-1,0.0
stage1b_single_agent_obstacles,2,85948,670,1,420,320,1,2,-2.419999361038208,0.0,0.0,0.0,0.003968253968253968,0.9954545454545455,220,220,-1,-1,-1,0.0
stage1b_single_agent_obstacles,2,86168,671,1,420,320,1,2,-2.419999361038208,0.0,0.0,0.0,0.003968253968253968,0.9954545454545455,220,220,-1,-1,-1,0.0
stage1b_single_agent_obstacles,2,86388,672,1,420,320,1,2,-2.419999361038208,0.0,0.0,0.0,0.003968253968253968,0.9954545454545455,220,220,-1,-1,-1,0.0
stage1b_single_agent_obstacles,2,86608,673,1,420,320,1,2,-2.419999361038208,0.0,0.0,0.0,0.003968253968253968,0.9954545454545455,220,220,-1,-1,-1,0.0
stage1b_single_agent_obstacles,2,86828,674,1,420,320,1,2,-2.419999361038208,0.0,0.0,0.0,0.007936507936507936,0.9857173877683553,220,220,-1,-1,-1,0.0
stage1b_single_agent_obstacles,2,87048,675,1,420,320,1,2,-2.4399991035461426,0.0,0.0,0.0,0.003968253968253968,0.9841915965080261,220,220,-1,-1,-1,0.0
stage1b_single_agent_obstacles,2,87268,676,1,420,320,1,2,-2.4099996089935303,0.0,0.0,0.0,0.007936507936507936,0.990909090909091,220,220,-1,-1,-1,0.0
stage1b_single_agent_obstacles,2,87488,677,1,420,320,1,2,-2.419999361038208,0.0,0.0,0.0,0.003968253968253968,0.9954545454545455,220,220,-1,-1,-1,0.0
stage1b_single_agent_obstacles,2,87708,678,1,420,320,1,2,-2.4379992485046387,0.0,0.0,0.0,0.003968253968253968,0.9954545454545455,218,220,-1,-1,-1,0.0
stage1b_single_agent_obstacles,2,87928,679,1,420,320,1,2,-2.419999361038208,0.0,0.0,0.0,0.003968253968253968,0.9954545454545455,220,220,-1,-1,-1,0.0
stage1b_single_agent_obstacles,2,88148,680,1,420,320,1,2,-2.419999361038208,0.0,0.0,0.0,0.003968253968253968,0.9954545454545455,220,220,-1,-1,-1,0.0
stage1b_single_agent_obstacles,2,88368,681,1,420,320,1,2,-2.419999361038208,0.0,0.0,0.0,0.003968253968253968,0.9954545454545455,220,220,-1,-1,-1,0.0
stage1b_single_agent_obstacles,2,88588,682,1,420,320,1,2,-2.419999361038208,0.0,0.0,0.0,0.003968253968253968,0.9954545454545455,220,220,-1,-1,-1,0.0
stage1b_single_agent_obstacles,2,88808,683,1,420,320,1,2,-2.419999361038208,0.0,0.0,0.0,0.003968253968253968,0.9954545454545455,220,220,-1,-1,-1,0.0
stage1b_single_agent_obstacles,2,89028,684,1,420,320,1,2,-2.419999361038208,0.0,0.0,0.0,0.003968253968253968,0.9954545454545455,220,220,-1,-1,-1,0.0
stage1b_single_agent_obstacles,2,89248,685,1,420,320,1,2,-2.419999361038208,0.0,0.0,0.0,0.003968253968253968,0.9954545454545455,220,220,-1,-1,-1,0.0
stage1b_single_agent_obstacles,2,89468,686,1,420,320,1,2,-2.419999361038208,0.0,0.0,0.0,0.003968253968253968,0.9954545454545455,220,220,-1,-1,-1,0.0
stage1b_single_agent_obstacles,2,89688,687,1,420,320,1,2,-2.419999361038208,0.0,0.0,0.0,0.003968253968253968,0.9954545454545455,220,220,-1,-1,-1,0.0
stage1b_single_agent_obstacles,2,89908,688,1,420,320,1,2,-2.419999361038208,0.0,0.0,0.0,0.003968253968253968,0.9954545454545455,220,220,-1,-1,-1,0.0
stage1b_single_agent_obstacles,2,90128,689,1,420,320,1,2,-2.419999361038208,0.0,0.0,0.0,0.003968253968253968,0.9954545454545455,220,220,-1,-1,-1,0.0
stage1b_single_agent_obstacles,2,90348,690,1,420,320,1,2,-2.419999361038208,0.0,0.0,0.0,0.003968253968253968,0.9954545454545455,220,220,-1,-1,-1,0.0
stage1b_single_agent_obstacles,2,90568,691,1,420,320,1,2,-2.419999361038208,0.0,0.0,0.0,0.003968253968253968,0.9954545454545455,220,220,-1,-1,-1,0.0
stage1b_single_agent_obstacles,2,90788,692,1,420,320,1,2,-2.419999361038208,0.0,0.0,0.0,0.003968253968253968,0.9954545454545455,220,220,-1,-1,-1,0.0
stage1b_single_agent_obstacles,2,91008,693,1,420,320,1,2,-2.419999361038208,0.0,0.0,0.0,0.003968253968253968,0.9954545454545455,220,220,-1,-1,-1,0.0
stage1b_single_agent_obstacles,2,91228,694,1,420,320,1,2,-2.419999361038208,0.0,0.0,0.0,0.003968253968253968,0.9954545454545455,220,220,-1,-1,-1,0.0
stage1b_single_agent_obstacles,2,91448,695,1,420,320,1,2,-2.419999361038208,0.0,0.0,0.0,0.003968253968253968,0.9954545454545455,220,220,-1,-1,-1,0.0
stage1b_single_agent_obstacles,2,91668,696,1,420,320,1,2,-2.429999351501465,0.0,0.0,0.0,0.003968253968253968,0.9912878787991676,220,220,-1,-1,-1,0.0
stage1b_single_agent_obstacles,2,91888,697,1,420,320,1,2,-2.377999782562256,0.0,0.0,0.0,0.015873015873015872,0.9727272727272728,218,220,-1,-1,-1,0.0
stage1b_single_agent_obstacles,2,92108,698,1,420,320,1,2,-2.419999361038208,0.0,0.0,0.0,0.007936507936507936,0.9843383434143933,220,220,-1,-1,-1,0.0
stage1b_single_agent_obstacles,2,92328,699,1,420,320,1,2,-2.417999505996704,0.0,0.0,0.0,0.007936507936507936,0.9796583550220186,218,220,-1,-1,-1,0.0
stage1b_single_agent_obstacles,2,92548,700,1,420,320,1,2,-2.4379992485046387,0.0,0.0,0.0,0.011904761904761904,0.9677950545626862,218,220,-1,-1,-1,0.0
stage1b_single_agent_obstacles,2,92768,701,1,420,320,1,2,-2.4479994773864746,0.0,0.0,0.0,0.007936507936507936,0.9651923985982483,218,220,-1,-1,-1,0.0
stage1b_single_agent_obstacles,2,92988,702,1,420,320,1,2,-2.419999361038208,0.0,0.0,0.0,0.003968253968253968,0.9954545454545455,220,220,-1,-1,-1,0.0
stage1b_single_agent_obstacles,2,93208,703,1,420,320,1,2,-2.419999361038208,0.0,0.0,0.0,0.003968253968253968,0.9954545454545455,220,220,-1,-1,-1,0.0
stage1b_single_agent_obstacles,2,93428,704,1,420,320,1,2,-2.419999361038208,0.0,0.0,0.0,0.003968253968253968,0.9954545454545455,220,220,-1,-1,-1,0.0
stage1b_single_agent_obstacles,2,93648,705,1,420,320,1,2,-2.419999361038208,0.0,0.0,0.0,0.003968253968253968,0.9954545454545455,220,220,-1,-1,-1,0.0
stage1b_single_agent_obstacles,2,93868,706,1,420,320,1,2,-2.4399991035461426,0.0,0.0,0.0,0.003968253968253968,0.9847094223241915,220,220,-1,-1,-1,0.0
stage1b_single_agent_obstacles,2,94088,707,1,420,320,1,2,-2.419999361038208,0.0,0.0,0.0,0.003968253968253968,0.9954545454545455,220,220,-1,-1,-1,0.0
stage1b_single_agent_obstacles,2,94308,708,1,420,320,1,2,-2.419999361038208,0.0,0.0,0.0,0.003968253968253968,0.9954545454545455,220,220,-1,-1,-1,0.0
stage1b_single_agent_obstacles,2,94528,709,1,420,320,1,2,-2.419999361038208,0.0,0.0,0.0,0.003968253968253968,0.9954545454545455,220,220,-1,-1,-1,0.0
stage1b_single_agent_obstacles,2,94748,710,1,420,320,1,2,-2.419999361038208,0.0,0.0,0.0,0.003968253968253968,0.9954545454545455,220,220,-1,-1,-1,0.0
stage1b_single_agent_obstacles,2,94968,711,1,420,320,1,2,-2.419999361038208,0.0,0.0,0.0,0.003968253968253968,0.9954545454545455,220,220,-1,-1,-1,0.0
stage1b_single_agent_obstacles,2,95188,712,1,420,320,1,2,-2.419999361038208,0.0,0.0,0.0,0.003968253968253968,0.9954545454545455,220,220,-1,-1,-1,0.0
stage1b_single_agent_obstacles,2,95408,713,1,420,320,1,2,-2.4099996089935303,0.0,0.0,0.0,0.007936507936507936,0.9867385772141544,220,220,-1,-1,-1,0.0
stage1b_single_agent_obstacles,2,95628,714,1,420,320,1,2,-2.427999496459961,0.0,0.0,0.0,0.003968253968253968,0.9863636363636363,218,220,-1,-1,-1,0.0
stage1b_single_agent_obstacles,2,95848,715,1,420,320,1,2,-2.416465997695923,0.0,0.0,0.0,0.007936507936507936,0.9819557618773119,218,220,-1,-1,-1,0.0
stage1b_single_agent_obstacles,2,96068,716,1,420,320,1,2,-3.785832405090332,0.0,0.0,0.0,0.015873015873015872,0.9201655761296438,206,220,-1,-1,-1,0.0
stage1b_single_agent_obstacles,2,96288,717,1,420,320,1,2,-2.419999361038208,0.0,0.0,0.0,0.003968253968253968,0.9954545454545455,220,220,-1,-1,-1,0.0
stage1b_single_agent_obstacles,2,96508,718,1,420,320,1,2,-2.427999496459961,0.0,0.0,0.0,0.003968253968253968,0.9863636363636363,218,220,-1,-1,-1,0.0
stage1b_single_agent_obstacles,2,96728,719,1,420,320,1,2,-2.4379992485046387,0.0,0.0,0.0,0.003968253968253968,0.9798416247083382,218,220,-1,-1,-1,0.0
stage1b_single_agent_obstacles,2,96948,720,1,420,320,1,2,-3.7769887447357178,0.0,0.0,0.0,0.007936507936507936,0.9818181818181818,217,220,-1,-1,-1,0.0
stage1b_single_agent_obstacles,2,97168,721,1,420,320,1,2,-2.4379992485046387,0.0,0.0,0.0,0.003968253968253968,0.9863636363636363,218,220,-1,-1,-1,0.0
stage1b_single_agent_obstacles,2,97388,722,1,420,320,1,2,-2.4099996089935303,0.0,0.0,0.0,0.007936507936507936,0.9871004494076425,220,220,-1,-1,-1,0.0
stage1b_single_agent_obstacles,2,97608,723,1,420,320,1,2,-2.427999496459961,0.0,0.0,0.0,0.003968253968253968,0.9863636363636363,218,220,-1,-1,-1,0.0
stage1b_single_agent_obstacles,2,97828,724,1,420,320,1,2,-2.425771713256836,0.0,0.0,0.0,0.007936507936507936,0.9819842558015477,218,220,-1,-1,-1,0.0
stage1b_single_agent_obstacles,2,98048,725,1,420,320,1,2,-2.427999496459961,0.0,0.0,0.0,0.003968253968253968,0.9863636363636363,218,220,-1,-1,-1,0.0
stage1b_single_agent_obstacles,2,98268,726,1,420,320,1,2,-2.419999361038208,0.0,0.0,0.0,0.003968253968253968,0.9954545454545455,220,220,-1,-1,-1,0.0
stage1b_single_agent_obstacles,2,98488,727,1,420,320,1,2,-2.419999361038208,0.0,0.0,0.0,0.003968253968253968,0.9954545454545455,220,220,-1,-1,-1,0.0
stage1b_single_agent_obstacles,2,98708,728,1,420,320,1,2,-2.427999496459961,0.0,0.0,0.0,0.003968253968253968,0.9863636363636363,218,220,-1,-1,-1,0.0
stage1b_single_agent_obstacles,2,98928,729,1,420,320,1,2,-2.419999361038208,0.0,0.0,0.0,0.003968253968253968,0.9954545454545455,220,220,-1,-1,-1,0.0
stage1b_single_agent_obstacles,2,99148,730,1,420,320,1,2,-2.419999361038208,0.0,0.0,0.0,0.003968253968253968,0.9954545454545455,220,220,-1,-1,-1,0.0
stage1b_single_agent_obstacles,2,99368,731,1,420,320,1,2,-2.4099996089935303,0.0,0.0,0.0,0.007936507936507936,0.9867385772141544,220,220,-1,-1,-1,0.0
stage1b_single_agent_obstacles,2,99588,732,1,420,320,1,2,-2.4099996089935303,0.0,0.0,0.0,0.007936507936507936,0.986742424253713,220,220,-1,-1,-1,0.0
stage1b_single_agent_obstacles,2,99808,733,1,420,320,1,2,-2.419999361038208,0.0,0.0,0.0,0.003968253968253968,0.9954545454545455,220,220,-1,-1,-1,0.0
stage1b_single_agent_obstacles,2,100028,734,1,420,320,1,2,-2.429999351501465,0.0,0.0,0.0,0.003968253968253968,0.9954545454545455,220,220,-1,-1,-1,0.0
stage1b_single_agent_obstacles,2,100248,735,1,420,320,1,2,-2.3879997730255127,0.0,0.0,0.0,0.011904761904761904,0.9863636363636363,218,220,-1,-1,-1,0.0
stage1b_single_agent_obstacles,2,100468,736,1,420,320,1,2,-2.4070396423339844,0.0,0.0,0.0,0.007936507936507936,0.9863636363636363,218,220,-1,-1,-1,0.0
stage1b_single_agent_obstacles,2,100688,737,1,420,320,1,2,-2.419999361038208,0.0,0.0,0.0,0.003968253968253968,0.9954545454545455,220,220,-1,-1,-1,0.0
stage1b_single_agent_obstacles,2,100908,738,1,420,320,1,2,-2.427999496459961,0.0,0.0,0.0,0.003968253968253968,0.9863636363636363,218,220,-1,-1,-1,0.0
stage1b_single_agent_obstacles,2,101128,739,1,420,320,1,2,-2.419999361038208,0.0,0.0,0.0,0.003968253968253968,0.9954545454545455,220,220,-1,-1,-1,0.0
stage1b_single_agent_obstacles,2,101348,740,1,420,320,1,2,-2.429999351501465,0.0,0.0,0.0,0.003968253968253968,0.9954545454545455,220,220,-1,-1,-1,0.0
stage1b_single_agent_obstacles,2,101568,741,1,420,320,1,2,-2.4099996089935303,0.0,0.0,0.0,0.007936507936507936,0.9871004494076425,220,220,-1,-1,-1,0.0
stage1b_single_agent_obstacles,2,101788,742,1,420,320,1,2,-2.419999361038208,0.0,0.0,0.0,0.003968253968253968,0.9954545454545455,220,220,-1,-1,-1,0.0
stage1b_single_agent_obstacles,2,102008,743,1,420,320,1,2,-2.419999361038208,0.0,0.0,0.0,0.003968253968253968,0.9954545454545455,220,220,-1,-1,-1,0.0
stage1b_single_agent_obstacles,2,102228,744,1,420,320,1,2,-2.419999361038208,0.0,0.0,0.0,0.003968253968253968,0.9954545454545455,220,220,-1,-1,-1,0.0
stage1b_single_agent_obstacles,2,102448,745,1,420,320,1,2,-2.419999361038208,0.0,0.0,0.0,0.003968253968253968,0.9954545454545455,220,220,-1,-1,-1,0.0
stage1b_single_agent_obstacles,2,102668,746,1,420,320,1,2,-2.419999361038208,0.0,0.0,0.0,0.003968253968253968,0.9954545454545455,220,220,-1,-1,-1,0.0
stage1b_single_agent_obstacles,2,102888,747,1,420,320,1,2,-2.419999361038208,0.0,0.0,0.0,0.003968253968253968,0.9954545454545455,220,220,-1,-1,-1,0.0
stage1b_single_agent_obstacles,2,103108,748,1,420,320,1,2,-2.427999496459961,0.0,0.0,0.0,0.003968253968253968,0.9863636363636363,218,220,-1,-1,-1,0.0
stage1b_single_agent_obstacles,2,103328,749,1,420,320,1,2,-2.419999361038208,0.0,0.0,0.0,0.003968253968253968,0.9954545454545455,220,220,-1,-1,-1,0.0
stage1b_single_agent_obstacles,2,103548,750,1,420,320,1,2,-2.427999496459961,0.0,0.0,0.0,0.003968253968253968,0.9863636363636363,218,220,-1,-1,-1,0.0
stage1b_single_agent_obstacles,2,103768,751,1,420,320,1,2,-2.419999361038208,0.0,0.0,0.0,0.003968253968253968,0.9954545454545455,220,220,-1,-1,-1,0.0
stage1b_single_agent_obstacles,2,103988,752,1,420,320,1,2,-2.419999361038208,0.0,0.0,0.0,0.003968253968253968,0.9954545454545455,220,220,-1,-1,-1,0.0
stage1b_single_agent_obstacles,2,104208,753,1,420,320,1,2,-2.419999361038208,0.0,0.0,0.0,0.003968253968253968,0.9954545454545455,220,220,-1,-1,-1,0.0
stage1b_single_agent_obstacles,2,104428,754,1,420,320,1,2,-2.419999361038208,0.0,0.0,0.0,0.003968253968253968,0.9954545454545455,220,220,-1,-1,-1,0.0
stage1b_single_agent_obstacles,2,104648,755,1,420,320,1,2,-2.419999361038208,0.0,0.0,0.0,0.003968253968253968,0.9954545454545455,220,220,-1,-1,-1,0.0
stage1b_single_agent_obstacles,2,104868,756,1,420,320,1,2,-2.419999361038208,0.0,0.0,0.0,0.003968253968253968,0.9954545454545455,220,220,-1,-1,-1,0.0
stage1b_single_agent_obstacles,2,105088,757,1,420,320,1,2,-2.429999351501465,0.0,0.0,0.0,0.003968253968253968,0.9871004494076425,220,220,-1,-1,-1,0.0
stage1b_single_agent_obstacles,2,105308,758,1,420,320,1,2,-2.419999361038208,0.0,0.0,0.0,0.003968253968253968,0.9954545454545455,220,220,-1,-1,-1,0.0
stage1b_single_agent_obstacles,2,105528,759,1,420,320,1,2,-2.429999351501465,0.0,0.0,0.0,0.003968253968253968,0.9954545454545455,220,220,-1,-1,-1,0.0
stage1b_single_agent_obstacles,2,105748,760,1,420,320,1,2,-2.419999361038208,0.0,0.0,0.0,0.003968253968253968,0.9954545454545455,220,220,-1,-1,-1,0.0
stage1b_single_agent_obstacles,2,105968,761,1,420,320,1,2,-2.419999361038208,0.0,0.0,0.0,0.003968253968253968,0.9954545454545455,220,220,-1,-1,-1,0.0
stage1b_single_agent_obstacles,2,106188,762,1,420,320,1,2,-2.419999361038208,0.0,0.0,0.0,0.003968253968253968,0.9954545454545455,220,220,-1,-1,-1,0.0
stage1b_single_agent_obstacles,2,106408,763,1,420,320,1,2,-2.419999361038208,0.0,0.0,0.0,0.003968253968253968,0.9954545454545455,220,220,-1,-1,-1,0.0
stage1b_single_agent_obstacles,2,106628,764,1,420,320,1,2,-2.419999361038208,0.0,0.0,0.0,0.003968253968253968,0.9954545454545455,220,220,-1,-1,-1,0.0
stage1b_single_agent_obstacles,2,106848,765,1,420,320,1,2,-2.427999496459961,0.0,0.0,0.0,0.003968253968253968,0.9863636363636363,218,220,-1,-1,-1,0.0
stage1b_single_agent_obstacles,2,107068,766,1,420,320,1,2,-2.429999351501465,0.0,0.0,0.0,0.003968253968253968,0.990909090909091,220,220,-1,-1,-1,0.0
stage1b_single_agent_obstacles,2,107288,767,1,420,320,1,2,-2.419999361038208,0.0,0.0,0.0,0.003968253968253968,0.9954545454545455,220,220,-1,-1,-1,0.0
stage1b_single_agent_obstacles,2,107508,768,1,420,320,1,2,-2.419999361038208,0.0,0.0,0.0,0.003968253968253968,0.9954545454545455,220,220,-1,-1,-1,0.0
stage1b_single_agent_obstacles,2,107728,769,1,420,320,1,2,-2.3914010524749756,0.0,0.0,0.0,0.011904761904761904,0.990909090909091,220,220,-1,-1,-1,0.0
stage1b_single_agent_obstacles,2,107948,770,1,420,320,1,2,-2.419999361038208,0.0,0.0,0.0,0.003968253968253968,0.9954545454545455,220,220,-1,-1,-1,0.0
stage1b_single_agent_obstacles,2,108168,771,1,420,320,1,2,-2.419999361038208,0.0,0.0,0.0,0.003968253968253968,0.9954545454545455,220,220,-1,-1,-1,0.0
stage1b_single_agent_obstacles,2,108388,772,1,420,320,1,2,-2.419999361038208,0.0,0.0,0.0,0.003968253968253968,0.9954545454545455,220,220,-1,-1,-1,0.0
stage1b_single_agent_obstacles,2,108608,773,1,420,320,1,2,-2.419999361038208,0.0,0.0,0.0,0.003968253968253968,0.9954545454545455,220,220,-1,-1,-1,0.0
stage1b_single_agent_obstacles,2,108828,774,1,420,320,1,2,-2.3899996280670166,0.0,0.0,0.0,0.011904761904761904,0.986742424253713,220,220,-1,-1,-1,0.0
stage1b_single_agent_obstacles,2,109048,775,1,420,320,1,2,-2.419999361038208,0.0,0.0,0.0,0.003968253968253968,0.9954545454545455,220,220,-1,-1,-1,0.0
stage1b_single_agent_obstacles,2,109268,776,1,420,320,1,2,-2.419999361038208,0.0,0.0,0.0,0.003968253968253968,0.9954545454545455,220,220,-1,-1,-1,0.0
stage1b_single_agent_obstacles,2,109488,777,1,420,320,1,2,-2.419999361038208,0.0,0.0,0.0,0.003968253968253968,0.9954545454545455,220,220,-1,-1,-1,0.0
stage1b_single_agent_obstacles,2,109708,778,1,420,320,1,2,-2.419999361038208,0.0,0.0,0.0,0.003968253968253968,0.9954545454545455,220,220,-1,-1,-1,0.0
stage1b_single_agent_obstacles,2,109928,779,1,420,320,1,2,-2.4300076961517334,0.0,0.0,0.0,0.003968253968253968,0.9863636363636363,218,220,-1,-1,-1,0.0
stage1b_single_agent_obstacles,2,110148,780,1,420,320,1,2,-2.419999361038208,0.0,0.0,0.0,0.003968253968253968,0.9954545454545455,220,220,-1,-1,-1,0.0
stage1b_single_agent_obstacles,2,110368,781,1,420,320,1,2,-2.427999496459961,0.0,0.0,0.0,0.003968253968253968,0.9863636363636363,218,220,-1,-1,-1,0.0
stage1b_single_agent_obstacles,2,110588,782,1,420,320,1,2,-2.419999361038208,0.0,0.0,0.0,0.003968253968253968,0.9954545454545455,220,220,-1,-1,-1,0.0
stage1b_single_agent_obstacles,2,110808,783,1,420,320,1,2,-2.419999361038208,0.0,0.0,0.0,0.003968253968253968,0.9954545454545455,220,220,-1,-1,-1,0.0
stage1b_single_agent_obstacles,2,111028,784,1,420,320,1,2,-2.419999361038208,0.0,0.0,0.0,0.003968253968253968,0.9954545454545455,220,220,-1,-1,-1,0.0
stage1b_single_agent_obstacles,2,111248,785,1,420,320,1,2,-2.419999361038208,0.0,0.0,0.0,0.003968253968253968,0.9954545454545455,220,220,-1,-1,-1,0.0
stage1b_single_agent_obstacles,2,111468,786,1,420,320,1,2,-2.419999361038208,0.0,0.0,0.0,0.003968253968253968,0.9954545454545455,220,220,-1,-1,-1,0.0
stage1b_single_agent_obstacles,2,111688,787,1,420,320,1,2,-2.419999361038208,0.0,0.0,0.0,0.003968253968253968,0.9954545454545455,220,220,-1,-1,-1,0.0
stage1b_single_agent_obstacles,2,111908,788,1,420,320,1,2,-2.427999496459961,0.0,0.0,0.0,0.003968253968253968,0.9863636363636363,218,220,-1,-1,-1,0.0
stage1b_single_agent_obstacles,2,112128,789,1,420,320,1,2,-2.419999361038208,0.0,0.0,0.0,0.003968253968253968,0.9954545454545455,220,220,-1,-1,-1,0.0
stage1b_single_agent_obstacles,2,112348,790,1,420,320,1,2,-2.419999361038208,0.0,0.0,0.0,0.003968253968253968,0.9954545454545455,220,220,-1,-1,-1,0.0
stage1b_single_agent_obstacles,2,112568,791,1,420,320,1,2,-2.419999361038208,0.0,0.0,0.0,0.003968253968253968,0.9954545454545455,220,220,-1,-1,-1,0.0
stage1b_single_agent_obstacles,2,112788,792,1,420,320,1,2,-2.419999361038208,0.0,0.0,0.0,0.003968253968253968,0.9954545454545455,220,220,-1,-1,-1,0.0
stage1b_single_agent_obstacles,2,113008,793,1,420,320,1,2,-2.429579973220825,0.0,0.0,0.0,0.003968253968253968,0.9863636363636363,218,220,-1,-1,-1,0.0
stage1b_single_agent_obstacles,2,113228,794,1,420,320,1,2,-2.427999496459961,0.0,0.0,0.0,0.003968253968253968,0.9863636363636363,218,220,-1,-1,-1,0.0
stage1b_single_agent_obstacles,2,113448,795,1,420,320,1,2,-2.429999351501465,0.0,0.0,0.0,0.003968253968253968,0.9871004494076425,220,220,-1,-1,-1,0.0
stage1b_single_agent_obstacles,2,113668,796,1,420,320,1,2,-2.429999351501465,0.0,0.0,0.0,0.003968253968253968,0.9912878787991676,220,220,-1,-1,-1,0.0
stage1b_single_agent_obstacles,2,113888,797,1,420,320,1,2,-2.427999496459961,0.0,0.0,0.0,0.003968253968253968,0.9863636363636363,218,220,-1,-1,-1,0.0
stage1b_single_agent_obstacles,2,114108,798,1,420,320,1,2,-2.419999361038208,0.0,0.0,0.0,0.003968253968253968,0.9954545454545455,220,220,-1,-1,-1,0.0
stage1b_single_agent_obstacles,2,114328,799,1,420,320,1,2,-2.427999496459961,0.0,0.0,0.0,0.003968253968253968,0.9863636363636363,218,220,-1,-1,-1,0.0
stage1b_single_agent_obstacles,2,114548,800,1,420,320,1,2,-2.419999361038208,0.0,0.0,0.0,0.003968253968253968,0.9954545454545455,220,220,-1,-1,-1,0.0
stage1b_single_agent_obstacles,2,114768,801,1,420,320,1,2,-2.419999361038208,0.0,0.0,0.0,0.003968253968253968,0.9954545454545455,220,220,-1,-1,-1,0.0
stage1b_single_agent_obstacles,2,114988,802,1,420,320,1,2,-2.4099996089935303,0.0,0.0,0.0,0.007936507936507936,0.9871212121099233,220,220,-1,-1,-1,0.0
stage1b_single_agent_obstacles,2,115208,803,1,420,320,1,2,-2.419999361038208,0.0,0.0,0.0,0.003968253968253968,0.9954545454545455,220,220,-1,-1,-1,0.0
stage1b_single_agent_obstacles,2,115428,804,1,420,320,1,2,-2.419999361038208,0.0,0.0,0.0,0.003968253968253968,0.9954545454545455,220,220,-1,-1,-1,0.0
stage1b_single_agent_obstacles,2,115648,805,1,420,320,1,2,-2.419999361038208,0.0,0.0,0.0,0.003968253968253968,0.9954545454545455,220,220,-1,-1,-1,0.0
stage1b_single_agent_obstacles,2,115868,806,1,420,320,1,2,-2.419999361038208,0.0,0.0,0.0,0.003968253968253968,0.9954545454545455,220,220,-1,-1,-1,0.0
stage1b_single_agent_obstacles,2,116088,807,1,420,320,1,2,-2.419999361038208,0.0,0.0,0.0,0.003968253968253968,0.9954545454545455,220,220,-1,-1,-1,0.0
stage1b_single_agent_obstacles,2,116308,808,1,420,320,1,2,-2.419999361038208,0.0,0.0,0.0,0.003968253968253968,0.9954545454545455,220,220,-1,-1,-1,0.0
stage1b_single_agent_obstacles,2,116528,809,1,420,320,1,2,-2.429999351501465,0.0,0.0,0.0,0.003968253968253968,0.9871004494076425,220,220,-1,-1,-1,0.0
stage1b_single_agent_obstacles,2,116748,810,1,420,320,1,2,-2.429999351501465,0.0,0.0,0.0,0.003968253968253968,0.9954545454545455,220,220,-1,-1,-1,0.0
stage1b_single_agent_obstacles,2,116968,811,1,420,320,1,2,-2.4099996089935303,0.0,0.0,0.0,0.007936507936507936,0.9871212121099233,220,220,-1,-1,-1,0.0
stage1b_single_agent_obstacles,2,117188,812,1,420,320,1,2,-2.429999351501465,0.0,0.0,0.0,0.003968253968253968,0.9954545454545455,220,220,-1,-1,-1,0.0
stage1b_single_agent_obstacles,2,117408,813,1,420,320,1,2,-2.419999361038208,0.0,0.0,0.0,0.003968253968253968,0.9954545454545455,220,220,-1,-1,-1,0.0
stage1b_single_agent_obstacles,2,117628,814,1,420,320,1,2,-2.429999351501465,0.0,0.0,0.0,0.003968253968253968,0.9867385772141544,220,220,-1,-1,-1,0.0
stage1b_single_agent_obstacles,2,117848,815,1,420,320,1,2,-2.427999496459961,0.0,0.0,0.0,0.003968253968253968,0.9863636363636363,218,220,-1,-1,-1,0.0
stage1b_single_agent_obstacles,2,118068,816,1,420,320,1,2,-2.419999361038208,0.0,0.0,0.0,0.003968253968253968,0.9954545454545455,220,220,-1,-1,-1,0.0
stage1b_single_agent_obstacles,2,118288,817,1,420,320,1,2,-3.9279870986938477,0.0,0.0,0.0,0.003968253968253968,0.9863636363636363,218,220,-1,-1,-1,0.0
stage1b_single_agent_obstacles,2,118508,818,1,420,320,1,2,-2.419999361038208,0.0,0.0,0.0,0.003968253968253968,0.9954545454545455,220,220,-1,-1,-1,0.0
stage1b_single_agent_obstacles,2,118728,819,1,420,320,1,2,-2.419999361038208,0.0,0.0,0.0,0.003968253968253968,0.9954545454545455,220,220,-1,-1,-1,0.0
stage1b_single_agent_obstacles,2,118948,820,1,420,320,1,2,-2.419999361038208,0.0,0.0,0.0,0.003968253968253968,0.9954545454545455,220,220,-1,-1,-1,0.0
stage1b_single_agent_obstacles,2,119168,821,1,420,320,1,2,-2.429999351501465,0.0,0.0,0.0,0.003968253968253968,0.9871212121099233,220,220,-1,-1,-1,0.0
stage1b_single_agent_obstacles,2,119388,822,1,420,320,1,2,-2.419999361038208,0.0,0.0,0.0,0.003968253968253968,0.9954545454545455,220,220,-1,-1,-1,0.0
stage1b_single_agent_obstacles,2,119608,823,1,420,320,1,2,-2.419999361038208,0.0,0.0,0.0,0.003968253968253968,0.9954545454545455,220,220,-1,-1,-1,0.0
stage1b_single_agent_obstacles,2,119828,824,1,420,320,1,2,-2.419999361038208,0.0,0.0,0.0,0.003968253968253968,0.9954545454545455,220,220,-1,-1,-1,0.0
stage1b_single_agent_obstacles,2,120048,825,1,420,320,1,2,-2.419999361038208,0.0,0.0,0.0,0.003968253968253968,0.9954545454545455,220,220,-1,-1,-1,0.0
stage1b_single_agent_obstacles,2,120268,826,1,420,320,1,2,-2.419999361038208,0.0,0.0,0.0,0.003968253968253968,0.9954545454545455,220,220,-1,-1,-1,0.0
stage1b_single_agent_obstacles,2,120488,827,1,420,320,1,2,-2.419999361038208,0.0,0.0,0.0,0.003968253968253968,0.9954545454545455,220,220,-1,-1,-1,0.0
stage1b_single_agent_obstacles,2,120708,828,1,420,320,1,2,-2.429999351501465,0.0,0.0,0.0,0.003968253968253968,0.9912878787991676,220,220,-1,-1,-1,0.0
stage1b_single_agent_obstacles,2,120928,829,1,420,320,1,2,-2.419999361038208,0.0,0.0,0.0,0.003968253968253968,0.9954545454545455,220,220,-1,-1,-1,0.0
stage1b_single_agent_obstacles,2,121148,830,1,420,320,1,2,-2.419999361038208,0.0,0.0,0.0,0.003968253968253968,0.9954545454545455,220,220,-1,-1,-1,0.0
stage1b_single_agent_obstacles,2,121368,831,1,420,320,1,2,-2.419999361038208,0.0,0.0,0.0,0.003968253968253968,0.9954545454545455,220,220,-1,-1,-1,0.0
stage1b_single_agent_obstacles,2,121588,832,1,420,320,1,2,-2.419999361038208,0.0,0.0,0.0,0.003968253968253968,0.9954545454545455,220,220,-1,-1,-1,0.0
stage1b_single_agent_obstacles,2,121808,833,1,420,320,1,2,-2.429999351501465,0.0,0.0,0.0,0.003968253968253968,0.9954545454545455,220,220,-1,-1,-1,0.0
stage1b_single_agent_obstacles,2,122028,834,1,420,320,1,2,-2.419999361038208,0.0,0.0,0.0,0.003968253968253968,0.9954545454545455,220,220,-1,-1,-1,0.0
stage1b_single_agent_obstacles,2,122248,835,1,420,320,1,2,-2.419999361038208,0.0,0.0,0.0,0.003968253968253968,0.9954545454545455,220,220,-1,-1,-1,0.0
stage1b_single_agent_obstacles,2,122468,836,1,420,320,1,2,-2.419999361038208,0.0,0.0,0.0,0.003968253968253968,0.9954545454545455,220,220,-1,-1,-1,0.0
stage1b_single_agent_obstacles,2,122688,837,1,420,320,1,2,-2.4079995155334473,0.0,0.0,0.0,0.007936507936507936,0.9863636363636363,218,220,-1,-1,-1,0.0
stage1b_single_agent_obstacles,2,122908,838,1,420,320,1,2,-2.419999361038208,0.0,0.0,0.0,0.003968253968253968,0.9954545454545455,220,220,-1,-1,-1,0.0
stage1b_single_agent_obstacles,2,123128,839,1,420,320,1,2,-2.419999361038208,0.0,0.0,0.0,0.003968253968253968,0.9954545454545455,220,220,-1,-1,-1,0.0
stage1b_single_agent_obstacles,2,123348,840,1,420,320,1,2,-2.419999361038208,0.0,0.0,0.0,0.003968253968253968,0.9954545454545455,220,220,-1,-1,-1,0.0
stage1b_single_agent_obstacles,2,123568,841,1,420,320,1,2,-2.419999361038208,0.0,0.0,0.0,0.003968253968253968,0.9954545454545455,220,220,-1,-1,-1,0.0
stage1b_single_agent_obstacles,2,123788,842,1,420,320,1,2,-2.419999361038208,0.0,0.0,0.0,0.003968253968253968,0.9954545454545455,220,220,-1,-1,-1,0.0
stage1b_single_agent_obstacles,2,124008,843,1,420,320,1,2,-2.419999361038208,0.0,0.0,0.0,0.003968253968253968,0.9954545454545455,220,220,-1,-1,-1,0.0
stage1b_single_agent_obstacles,2,124228,844,1,420,320,1,2,-2.411153793334961,0.0,0.0,0.0,0.007936507936507936,0.990909090909091,220,220,-1,-1,-1,0.0
stage1b_single_agent_obstacles,2,124448,845,1,420,320,1,2,-2.429999351501465,0.0,0.0,0.0,0.003968253968253968,0.9954545454545455,220,220,-1,-1,-1,0.0
stage1b_single_agent_obstacles,2,124668,846,1,420,320,1,2,-2.419999361038208,0.0,0.0,0.0,0.003968253968253968,0.9954545454545455,220,220,-1,-1,-1,0.0
stage1b_single_agent_obstacles,2,124888,847,1,420,320,1,2,-2.419999361038208,0.0,0.0,0.0,0.003968253968253968,0.9954545454545455,220,220,-1,-1,-1,0.0
stage1b_single_agent_obstacles,2,125108,848,1,420,320,1,2,-2.429999351501465,0.0,0.0,0.0,0.003968253968253968,0.9954545454545455,220,220,-1,-1,-1,0.0
stage1b_single_agent_obstacles,2,125328,849,1,420,320,1,2,-2.429999351501465,0.0,0.0,0.0,0.003968253968253968,0.9954545454545455,220,220,-1,-1,-1,0.0
stage1b_single_agent_obstacles,2,125548,850,1,420,320,1,2,-2.429999351501465,0.0,0.0,0.0,0.003968253968253968,0.9954545454545455,220,220,-1,-1,-1,0.0
stage1b_single_agent_obstacles,2,125768,851,1,420,320,1,2,-2.427999496459961,0.0,0.0,0.0,0.003968253968253968,0.9863636363636363,218,220,-1,-1,-1,0.0
stage1b_single_agent_obstacles,2,125988,852,1,420,320,1,2,-2.419999361038208,0.0,0.0,0.0,0.003968253968253968,0.9954545454545455,220,220,-1,-1,-1,0.0
stage1b_single_agent_obstacles,2,126208,853,1,420,320,1,2,-2.419999361038208,0.0,0.0,0.0,0.003968253968253968,0.9954545454545455,220,220,-1,-1,-1,0.0
stage1b_single_agent_obstacles,2,126428,854,1,420,320,1,2,-2.419999361038208,0.0,0.0,0.0,0.003968253968253968,0.9954545454545455,220,220,-1,-1,-1,0.0
stage1b_single_agent_obstacles,2,126648,855,1,420,320,1,2,-2.429999351501465,0.0,0.0,0.0,0.003968253968253968,0.9954545454545455,220,220,-1,-1,-1,0.0
stage1b_single_agent_obstacles,2,126868,856,1,420,320,1,2,-2.429999351501465,0.0,0.0,0.0,0.003968253968253968,0.9871004494076425,220,220,-1,-1,-1,0.0
stage1b_single_agent_obstacles,2,127088,857,1,420,320,1,2,-2.429999351501465,0.0,0.0,0.0,0.007936507936507936,0.9774840086021207,220,220,-1,-1,-1,0.0
stage1b_single_agent_obstacles,2,127308,858,1,420,320,1,2,-2.419999361038208,0.0,0.0,0.0,0.007936507936507936,0.9843595999208363,220,220,-1,-1,-1,0.0
stage1b_single_agent_obstacles,2,127528,859,1,420,320,1,2,-2.4302167892456055,0.0,0.0,0.0,0.011904761904761904,0.9646124961701307,218,220,-1,-1,-1,0.0
stage1b_single_agent_obstacles,2,127748,860,1,420,320,1,2,-2.469999313354492,0.0,0.0,0.0,0.003968253968253968,0.9675776463001966,220,220,-1,-1,-1,0.0
stage1b_single_agent_obstacles,2,127968,861,1,420,320,1,2,-2.419999361038208,0.0,0.0,0.0,0.003968253968253968,0.9954545454545455,220,220,-1,-1,-1,0.0
stage1b_single_agent_obstacles,2,128188,862,1,420,320,1,2,-3.9279870986938477,0.0,0.0,0.0,0.003968253968253968,0.9863636363636363,218,220,-1,-1,-1,0.0
stage1b_single_agent_obstacles,2,128408,863,1,420,320,1,2,-2.419999361038208,0.0,0.0,0.0,0.003968253968253968,0.9954545454545455,220,220,-1,-1,-1,0.0
stage1b_single_agent_obstacles,2,128628,864,1,420,320,1,2,-2.419999361038208,0.0,0.0,0.0,0.003968253968253968,0.9954545454545455,220,220,-1,-1,-1,0.0
stage1b_single_agent_obstacles,2,128848,865,1,420,320,1,2,-2.419999361038208,0.0,0.0,0.0,0.003968253968253968,0.9954545454545455,220,220,-1,-1,-1,0.0
stage1b_single_agent_obstacles,2,129068,866,1,420,320,1,2,-2.419999361038208,0.0,0.0,0.0,0.003968253968253968,0.9954545454545455,220,220,-1,-1,-1,0.0
stage1b_single_agent_obstacles,2,129288,867,1,420,320,1,2,-2.419999361038208,0.0,0.0,0.0,0.003968253968253968,0.9954545454545455,220,220,-1,-1,-1,0.0
stage1b_single_agent_obstacles,2,129508,868,1,420,320,1,2,-2.419999361038208,0.0,0.0,0.0,0.003968253968253968,0.9954545454545455,220,220,-1,-1,-1,0.0
stage1b_single_agent_obstacles,2,129728,869,1,420,320,1,2,-2.419999361038208,0.0,0.0,0.0,0.003968253968253968,0.9954545454545455,220,220,-1,-1,-1,0.0
stage1b_single_agent_obstacles,2,129948,870,1,420,320,1,2,-2.419999361038208,0.0,0.0,0.0,0.003968253968253968,0.9954545454545455,220,220,-1,-1,-1,0.0
stage1b_single_agent_obstacles,2,130168,871,1,420,320,1,2,-2.419999361038208,0.0,0.0,0.0,0.003968253968253968,0.9954545454545455,220,220,-1,-1,-1,0.0
stage1b_single_agent_obstacles,2,130388,872,1,420,320,1,2,-2.419999361038208,0.0,0.0,0.0,0.003968253968253968,0.9954545454545455,220,220,-1,-1,-1,0.0
stage1b_single_agent_obstacles,2,130608,873,1,420,320,1,2,-2.419999361038208,0.0,0.0,0.0,0.003968253968253968,0.9954545454545455,220,220,-1,-1,-1,0.0
stage1b_single_agent_obstacles,2,130828,874,1,420,320,1,2,-2.419999361038208,0.0,0.0,0.0,0.003968253968253968,0.9954545454545455,220,220,-1,-1,-1,0.0
stage1b_single_agent_obstacles,2,131048,875,1,420,320,1,2,-2.419999361038208,0.0,0.0,0.0,0.003968253968253968,0.9954545454545455,220,220,-1,-1,-1,0.0
stage1b_single_agent_obstacles,2,131268,876,1,420,320,1,2,-2.419999361038208,0.0,0.0,0.0,0.003968253968253968,0.9954545454545455,220,220,-1,-1,-1,0.0
stage1b_single_agent_obstacles,2,131488,877,1,420,320,1,2,-2.419999361038208,0.0,0.0,0.0,0.003968253968253968,0.9954545454545455,220,220,-1,-1,-1,0.0
stage1b_single_agent_obstacles,2,131708,878,1,420,320,1,2,-2.419999361038208,0.0,0.0,0.0,0.003968253968253968,0.9954545454545455,220,220,-1,-1,-1,0.0
stage1b_single_agent_obstacles,2,131928,879,1,420,320,1,2,-2.419999361038208,0.0,0.0,0.0,0.003968253968253968,0.9954545454545455,220,220,-1,-1,-1,0.0
stage1b_single_agent_obstacles,2,132148,880,1,420,320,1,2,-2.419999361038208,0.0,0.0,0.0,0.003968253968253968,0.9954545454545455,220,220,-1,-1,-1,0.0
stage1b_single_agent_obstacles,2,132368,881,1,420,320,1,2,-2.429999351501465,0.0,0.0,0.0,0.003968253968253968,0.9871004494076425,220,220,-1,-1,-1,0.0
stage1b_single_agent_obstacles,2,132588,882,1,420,320,1,2,-2.419999361038208,0.0,0.0,0.0,0.003968253968253968,0.9954545454545455,220,220,-1,-1,-1,0.0
stage1b_single_agent_obstacles,2,132808,883,1,420,320,1,2,-2.419999361038208,0.0,0.0,0.0,0.003968253968253968,0.9954545454545455,220,220,-1,-1,-1,0.0
stage1b_single_agent_obstacles,2,133028,884,1,420,320,1,2,-2.419999361038208,0.0,0.0,0.0,0.003968253968253968,0.9954545454545455,220,220,-1,-1,-1,0.0
stage1b_single_agent_obstacles,2,133248,885,1,420,320,1,2,-2.419999361038208,0.0,0.0,0.0,0.003968253968253968,0.9954545454545455,220,220,-1,-1,-1,0.0
stage1b_single_agent_obstacles,2,133468,886,1,420,320,1,2,-2.419999361038208,0.0,0.0,0.0,0.003968253968253968,0.9954545454545455,220,220,-1,-1,-1,0.0
stage1b_single_agent_obstacles,2,133688,887,1,420,320,1,2,-2.419999361038208,0.0,0.0,0.0,0.003968253968253968,0.9954545454545455,220,220,-1,-1,-1,0.0
stage1b_single_agent_obstacles,2,133908,888,1,420,320,1,2,-2.419999361038208,0.0,0.0,0.0,0.003968253968253968,0.9954545454545455,220,220,-1,-1,-1,0.0
stage1b_single_agent_obstacles,2,134128,889,1,420,320,1,2,-2.419999361038208,0.0,0.0,0.0,0.003968253968253968,0.9954545454545455,220,220,-1,-1,-1,0.0
stage1b_single_agent_obstacles,2,134348,890,1,420,320,1,2,-2.419999361038208,0.0,0.0,0.0,0.003968253968253968,0.9954545454545455,220,220,-1,-1,-1,0.0
stage1b_single_agent_obstacles,2,134568,891,1,420,320,1,2,-2.419999361038208,0.0,0.0,0.0,0.003968253968253968,0.9954545454545455,220,220,-1,-1,-1,0.0
stage1b_single_agent_obstacles,2,134788,892,1,420,320,1,2,-2.419999361038208,0.0,0.0,0.0,0.003968253968253968,0.9954545454545455,220,220,-1,-1,-1,0.0
stage1b_single_agent_obstacles,2,135008,893,1,420,320,1,2,-2.419999361038208,0.0,0.0,0.0,0.003968253968253968,0.9954545454545455,220,220,-1,-1,-1,0.0
stage1b_single_agent_obstacles,2,135228,894,1,420,320,1,2,-2.419999361038208,0.0,0.0,0.0,0.003968253968253968,0.9954545454545455,220,220,-1,-1,-1,0.0
stage1b_single_agent_obstacles,2,135448,895,1,420,320,1,2,-2.419999361038208,0.0,0.0,0.0,0.003968253968253968,0.9954545454545455,220,220,-1,-1,-1,0.0
stage1b_single_agent_obstacles,2,135668,896,1,420,320,1,2,-2.419999361038208,0.0,0.0,0.0,0.003968253968253968,0.9954545454545455,220,220,-1,-1,-1,0.0
stage1b_single_agent_obstacles,2,135888,897,1,420,320,1,2,-2.419999361038208,0.0,0.0,0.0,0.003968253968253968,0.9954545454545455,220,220,-1,-1,-1,0.0
stage1b_single_agent_obstacles,2,136108,898,1,420,320,1,2,-2.419999361038208,0.0,0.0,0.0,0.003968253968253968,0.9954545454545455,220,220,-1,-1,-1,0.0
stage1b_single_agent_obstacles,2,136328,899,1,420,320,1,2,-2.419999361038208,0.0,0.0,0.0,0.003968253968253968,0.9954545454545455,220,220,-1,-1,-1,0.0
stage1b_single_agent_obstacles,2,136548,900,1,420,320,1,2,-2.419999361038208,0.0,0.0,0.0,0.003968253968253968,0.9954545454545455,220,220,-1,-1,-1,0.0
stage1b_single_agent_obstacles,2,136768,901,1,420,320,1,2,-2.419999361038208,0.0,0.0,0.0,0.003968253968253968,0.9954545454545455,220,220,-1,-1,-1,0.0
stage1b_single_agent_obstacles,2,136988,902,1,420,320,1,2,-2.419999361038208,0.0,0.0,0.0,0.003968253968253968,0.9954545454545455,220,220,-1,-1,-1,0.0
stage1b_single_agent_obstacles,2,137208,903,1,420,320,1,2,-2.419999361038208,0.0,0.0,0.0,0.003968253968253968,0.9954545454545455,220,220,-1,-1,-1,0.0
stage1b_single_agent_obstacles,2,137428,904,1,420,320,1,2,-2.419999361038208,0.0,0.0,0.0,0.003968253968253968,0.9954545454545455,220,220,-1,-1,-1,0.0
stage1b_single_agent_obstacles,2,137648,905,1,420,320,1,2,-2.419999361038208,0.0,0.0,0.0,0.003968253968253968,0.9954545454545455,220,220,-1,-1,-1,0.0
stage1b_single_agent_obstacles,2,137868,906,1,420,320,1,2,-2.419999361038208,0.0,0.0,0.0,0.003968253968253968,0.9954545454545455,220,220,-1,-1,-1,0.0
stage1b_single_agent_obstacles,2,138088,907,1,420,320,1,2,-2.419999361038208,0.0,0.0,0.0,0.003968253968253968,0.9954545454545455,220,220,-1,-1,-1,0.0
stage1b_single_agent_obstacles,2,138308,908,1,420,320,1,2,-2.419999361038208,0.0,0.0,0.0,0.003968253968253968,0.9954545454545455,220,220,-1,-1,-1,0.0
stage1b_single_agent_obstacles,2,138528,909,1,420,320,1,2,-2.419999361038208,0.0,0.0,0.0,0.003968253968253968,0.9954545454545455,220,220,-1,-1,-1,0.0
stage1b_single_agent_obstacles,2,138748,910,1,420,320,1,2,-2.419999361038208,0.0,0.0,0.0,0.003968253968253968,0.9954545454545455,220,220,-1,-1,-1,0.0
stage1b_single_agent_obstacles,2,138968,911,1,420,320,1,2,-2.419999361038208,0.0,0.0,0.0,0.003968253968253968,0.9954545454545455,220,220,-1,-1,-1,0.0
stage1b_single_agent_obstacles,2,139188,912,1,420,320,1,2,-2.419999361038208,0.0,0.0,0.0,0.003968253968253968,0.9954545454545455,220,220,-1,-1,-1,0.0
stage1b_single_agent_obstacles,2,139408,913,1,420,320,1,2,-2.419999361038208,0.0,0.0,0.0,0.003968253968253968,0.9954545454545455,220,220,-1,-1,-1,0.0
stage1b_single_agent_obstacles,2,139628,914,1,420,320,1,2,-2.419999361038208,0.0,0.0,0.0,0.003968253968253968,0.9954545454545455,220,220,-1,-1,-1,0.0
stage1b_single_agent_obstacles,2,139848,915,1,420,320,1,2,-2.419999361038208,0.0,0.0,0.0,0.003968253968253968,0.9954545454545455,220,220,-1,-1,-1,0.0
stage1b_single_agent_obstacles,2,140068,916,1,420,320,1,2,-2.419999361038208,0.0,0.0,0.0,0.003968253968253968,0.9954545454545455,220,220,-1,-1,-1,0.0
stage1b_single_agent_obstacles,2,140288,917,1,420,320,1,2,-2.419999361038208,0.0,0.0,0.0,0.003968253968253968,0.9954545454545455,220,220,-1,-1,-1,0.0
stage1b_single_agent_obstacles,2,140508,918,1,420,320,1,2,-2.419999361038208,0.0,0.0,0.0,0.003968253968253968,0.9954545454545455,220,220,-1,-1,-1,0.0
stage1b_single_agent_obstacles,2,140728,919,1,420,320,1,2,-2.419999361038208,0.0,0.0,0.0,0.003968253968253968,0.9954545454545455,220,220,-1,-1,-1,0.0
stage1b_single_agent_obstacles,2,140948,920,1,420,320,1,2,-2.419999361038208,0.0,0.0,0.0,0.003968253968253968,0.9954545454545455,220,220,-1,-1,-1,0.0
stage1b_single_agent_obstacles,2,141168,921,1,420,320,1,2,-2.419999361038208,0.0,0.0,0.0,0.003968253968253968,0.9954545454545455,220,220,-1,-1,-1,0.0
stage1b_single_agent_obstacles,2,141388,922,1,420,320,1,2,-2.419999361038208,0.0,0.0,0.0,0.003968253968253968,0.9954545454545455,220,220,-1,-1,-1,0.0
stage1b_single_agent_obstacles,2,141608,923,1,420,320,1,2,-2.419999361038208,0.0,0.0,0.0,0.003968253968253968,0.9954545454545455,220,220,-1,-1,-1,0.0
stage1b_single_agent_obstacles,2,141828,924,1,420,320,1,2,-2.419999361038208,0.0,0.0,0.0,0.003968253968253968,0.9954545454545455,220,220,-1,-1,-1,0.0
stage1b_single_agent_obstacles,2,142048,925,1,420,320,1,2,-2.419999361038208,0.0,0.0,0.0,0.003968253968253968,0.9954545454545455,220,220,-1,-1,-1,0.0
stage1b_single_agent_obstacles,2,142268,926,1,420,320,1,2,-2.419999361038208,0.0,0.0,0.0,0.003968253968253968,0.9954545454545455,220,220,-1,-1,-1,0.0
stage1b_single_agent_obstacles,2,142488,927,1,420,320,1,2,-2.419999361038208,0.0,0.0,0.0,0.003968253968253968,0.9954545454545455,220,220,-1,-1,-1,0.0
stage1b_single_agent_obstacles,2,142708,928,1,420,320,1,2,-2.419999361038208,0.0,0.0,0.0,0.003968253968253968,0.9954545454545455,220,220,-1,-1,-1,0.0
stage2a_small_swarm_medium,3,143936,929,3,700,500,2,4,-3.9599878787994385,0.0,0.0,0.0,0.004761904761904762,0.9971823241423678,1080,360,-1,-1,-1,0.0
stage2a_small_swarm_medium,3,145016,930,3,700,500,2,4,-3.9599878787994385,0.0,0.0,0.0,0.004761904761904762,0.9972205040631471,1080,360,-1,-1,-1,0.0
stage2a_small_swarm_medium,3,146096,931,3,700,500,2,4,-3.9599878787994385,0.0,0.0,0.0,0.004761904761904762,0.9972222222222222,1080,360,-1,-1,-1,0.0
stage2a_small_swarm_medium,3,147176,932,3,700,500,2,4,-3.9666545391082764,0.0,0.0,0.0,0.006349206349206349,0.985330059517313,1080,360,-1,-1,-1,0.0
stage2a_small_swarm_medium,3,148256,933,3,700,500,2,4,-3.9593212604522705,0.0,0.0,0.0,0.007936507936507936,0.9852773511644314,1078,360,-1,-1,-1,0.0
stage2a_small_swarm_medium,3,149336,934,3,700,500,2,4,-3.9599878787994385,0.0,0.0,0.0,0.004761904761904762,0.9968718572347254,1080,360,-1,-1,-1,0.0
stage2a_small_swarm_medium,3,150416,935,3,700,500,2,4,-4.46566104888916,0.0,0.0,0.0,0.004761904761904762,0.9889380969659045,1077,360,-1,-1,-1,0.0
stage2a_small_swarm_medium,3,151496,936,3,700,500,2,4,-3.9599878787994385,0.0,0.0,0.0,0.004761904761904762,0.9813291698694229,1080,360,-1,-1,-1,0.0
stage2a_small_swarm_medium,3,152576,937,3,700,500,2,4,-3.9599878787994385,0.0,0.0,0.0,0.004761904761904762,0.9972222222222222,1080,360,-1,-1,-1,0.0
stage2a_small_swarm_medium,3,153656,938,3,700,500,2,4,-3.9559879302978516,0.0,0.0,0.0,0.006349206349206349,0.9927459332954001,1078,360,-1,-1,-1,0.0
stage2a_small_swarm_medium,3,154736,939,3,700,500,2,4,-3.9599878787994385,0.0,0.0,0.0,0.004761904761904762,0.9809864286471296,1080,360,-1,-1,-1,0.0
stage2a_small_swarm_medium,3,155816,940,3,700,500,2,4,-3.9666545391082764,0.0,0.0,0.0,0.004761904761904762,0.9892407253660537,1080,360,-1,-1,-1,0.0
stage2a_small_swarm_medium,3,156896,941,3,700,500,2,4,-3.9666545391082764,0.0,0.0,0.0,0.004761904761904762,0.9897835956817425,1080,360,-1,-1,-1,0.0
stage2a_small_swarm_medium,3,157976,942,3,700,500,2,4,-3.9566547870635986,0.0,0.0,0.0,0.006349206349206349,0.9766474471048073,1080,360,-1,-1,-1,0.0
stage2a_small_swarm_medium,3,159056,943,3,700,500,2,4,-3.9599878787994385,0.0,0.0,0.0,0.004761904761904762,0.9972222222222222,1080,360,-1,-1,-1,0.0
stage2a_small_swarm_medium,3,160136,944,3,700,500,2,4,-3.9666545391082764,0.0,0.0,0.0,0.004761904761904762,0.9895758463690678,1080,360,-1,-1,-1,0.0
stage2a_small_swarm_medium,3,161216,945,3,700,500,2,4,-3.9659879207611084,0.0,0.0,0.0,0.004761904761904762,0.9954038827507584,1078,360,-1,-1,-1,0.0
stage2a_small_swarm_medium,3,162296,946,3,700,500,2,4,-3.955927610397339,0.0,0.0,0.0,0.006349206349206349,0.9894430928208209,1080,360,-1,-1,-1,0.0
stage2a_small_swarm_medium,3,163376,947,3,700,500,2,4,-3.9659879207611084,0.0,0.0,0.0,0.006349206349206349,0.9810539326044145,1078,360,-1,-1,-1,0.0
stage2a_small_swarm_medium,3,164456,948,3,700,500,2,4,-3.9599878787994385,0.0,0.0,0.0,0.004761904761904762,0.9676615013016595,1080,360,-1,-1,-1,0.0
stage2a_small_swarm_medium,3,165536,949,3,700,500,2,4,-3.9693212509155273,0.0,0.0,0.0,0.006349206349206349,0.9863998916414048,1078,360,-1,-1,-1,0.0
stage2a_small_swarm_medium,3,166616,950,3,700,500,2,4,-3.9599878787994385,0.0,0.0,0.0,0.004761904761904762,0.9972215602795284,1080,360,-1,-1,-1,0.0
stage2a_small_swarm_medium,3,167696,951,3,700,500,2,4,-3.9659879207611084,0.0,0.0,0.0,0.004761904761904762,0.995417207037961,1078,360,-1,-1,-1,0.0
stage2a_small_swarm_medium,3,168776,952,3,700,500,2,4,-3.9813232421875,0.0,0.0,0.0,0.007936507936507936,0.9681102273640808,1074,360,-1,-1,-1,0.0
stage2a_small_swarm_medium,3,169856,953,3,700,500,2,4,-3.9799880981445312,0.0,0.0,0.0,0.006349206349206349,0.984250098052952,1070,360,-1,-1,-1,0.0
stage2a_small_swarm_medium,3,170936,954,3,700,500,2,4,-3.9366562366485596,0.0,0.0,0.0,0.006349206349206349,0.9825851588889404,1070,360,-1,-1,-1,0.0
stage2a_small_swarm_medium,3,172016,955,3,700,500,2,4,-3.990654230117798,0.0,0.0,0.0,0.004761904761904762,0.9653691626947234,1072,360,-1,-1,-1,0.0
stage2a_small_swarm_medium,3,173096,956,3,700,500,2,4,-4.4700093269348145,0.0,0.0,0.0,0.007936507936507936,0.9729439352604526,1072,360,-1,-1,-1,0.0
stage2a_small_swarm_medium,3,174176,957,3,700,500,2,4,-3.9766547679901123,0.0,0.0,0.0,0.007936507936507936,0.9592114747031937,1070,360,-1,-1,-1,0.0
stage2a_small_swarm_medium,3,175256,958,3,700,500,2,4,-4.476730823516846,0.0,0.0,0.0,0.020634920634920634,0.9038486005807365,1052,360,-1,-1,-1,0.0
stage2a_small_swarm_medium,3,176336,959,3,700,500,2,4,-4.976109027862549,0.0,0.0,0.0,0.022222222222222223,0.8684203484979528,1033,360,-1,-1,-1,0.0
stage2a_small_swarm_medium,3,177416,960,3,700,500,2,4,-4.495998859405518,0.0,0.0,0.0,0.014285714285714285,0.9151342930341207,1048,360,-1,-1,-1,0.0
stage2a_small_swarm_medium,3,178496,961,3,700,500,2,4,-3.920372247695923,0.0,0.0,0.0,0.025396825396825397,0.8787595879577027,1046,360,-1,-1,-1,0.0
stage2a_small_swarm_medium,3,179576,962,3,700,500,2,4,-4.520995616912842,0.0,0.0,0.0,0.012698412698412698,0.9098159956449376,1053,360,-1,-1,-1,0.0
stage2a_small_swarm_medium,3,180656,963,3,700,500,2,4,-3.9699878692626953,0.0,0.0,0.0,0.007936507936507936,0.9765315347799549,1070,360,-1,-1,-1,0.0
stage2a_small_swarm_medium,3,181736,964,3,700,500,2,4,-3.9859883785247803,0.0,0.0,0.0,0.009523809523809525,0.9533303327513513,1068,360,-1,-1,-1,0.0
stage2a_small_swarm_medium,3,182816,965,3,700,500,2,4,-3.924030065536499,0.0,0.0,0.0,0.006349206349206349,0.972850166833787,1074,360,-1,-1,-1,0.0
stage2a_small_swarm_medium,3,183896,966,3,700,500,2,4,-3.9773213863372803,0.0,0.0,0.0,0.014285714285714285,0.9327065275637086,1062,360,-1,-1,-1,0.0
stage2a_small_swarm_medium,3,184976,967,3,700,500,2,4,-3.977238893508911,0.0,0.0,0.0,0.011111111111111112,0.9465359442901832,1064,360,-1,-1,-1,0.0
stage2a_small_swarm_medium,3,186056,968,3,700,500,2,4,-3.9779880046844482,0.0,0.0,0.0,0.007936507936507936,0.95934487009352,1074,360,-1,-1,-1,0.0
stage2a_small_swarm_medium,3,187136,969,3,700,500,2,4,-3.9459197521209717,0.0,0.0,0.0,0.009523809523809525,0.9888239174736317,1080,360,-1,-1,-1,0.0
stage2a_small_swarm_medium,3,188216,970,3,700,500,2,4,-3.9659879207611084,0.0,0.0,0.0,0.004761904761904762,0.9915217340820366,1078,360,-1,-1,-1,0.0
stage2a_small_swarm_medium,3,189296,971,3,700,500,2,4,-3.9218695163726807,0.0,0.0,0.0,0.004761904761904762,0.9887227031643744,1076,360,-1,-1,-1,0.0
stage2a_small_swarm_medium,3,190376,972,3,700,500,2,4,-3.9120090007781982,0.0,0.0,0.0,0.006349206349206349,0.9869769174743582,1076,360,-1,-1,-1,0.0
stage2a_small_swarm_medium,3,191456,973,3,700,500,2,4,-3.9614083766937256,0.0,0.0,0.0,0.006349206349206349,0.983866145896415,1076,360,-1,-1,-1,0.0
stage2a_small_swarm_medium,3,192536,974,3,700,500,2,4,-3.9559879302978516,0.0,0.0,0.0,0.006349206349206349,0.9911718343419058,1078,360,-1,-1,-1,0.0
stage2a_small_swarm_medium,3,193616,975,3,700,500,2,4,-3.9719879627227783,0.0,0.0,0.0,0.009523809523809525,0.9591937972163712,1066,360,-1,-1,-1,0.0
stage2a_small_swarm_medium,3,194696,976,3,700,500,2,4,-3.9579060077667236,0.0,0.0,0.0,0.006349206349206349,0.9721698383490245,1076,360,-1,-1,-1,0.0
stage2a_small_swarm_medium,3,195776,977,3,700,500,2,4,-3.9621753692626953,0.0,0.0,0.0,0.006349206349206349,0.9871512125142746,1076,360,-1,-1,-1,0.0
stage2a_small_swarm_medium,3,196856,978,3,700,500,2,4,-3.9626548290252686,0.0,0.0,0.0,0.006349206349206349,0.9740534379871355,1078,360,-1,-1,-1,0.0
stage2a_small_swarm_medium,3,197936,979,3,700,500,2,4,-3.9633209705352783,0.0,0.0,0.0,0.004761904761904762,0.9920102167184707,1080,360,-1,-1,-1,0.0
stage2a_small_swarm_medium,3,199016,980,3,700,500,2,4,-3.9686546325683594,0.0,0.0,0.0,0.004761904761904762,0.9847373197476069,1076,360,-1,-1,-1,0.0
stage2a_small_swarm_medium,3,200096,981,3,700,500,2,4,-3.9599878787994385,0.0,0.0,0.0,0.004761904761904762,0.9972222222222222,1080,360,-1,-1,-1,0.0
stage2a_small_swarm_medium,3,201176,982,3,700,500,2,4,-3.9619877338409424,0.0,0.0,0.0,0.006349206349206349,0.98966498506014,1076,360,-1,-1,-1,0.0
stage2a_small_swarm_medium,3,202256,983,3,700,500,2,4,-3.969363212585449,0.0,0.0,0.0,0.004761904761904762,0.9882808545880296,1076,360,-1,-1,-1,0.0
stage2a_small_swarm_medium,3,203336,984,3,700,500,2,4,-3.9659879207611084,0.0,0.0,0.0,0.004761904761904762,0.9927459332954001,1078,360,-1,-1,-1,0.0
stage2a_small_swarm_medium,3,204416,985,3,700,500,2,4,-3.9619882106781006,0.0,0.0,0.0,0.007936507936507936,0.9764542532049947,1076,360,-1,-1,-1,0.0
stage2a_small_swarm_medium,3,205496,986,3,700,500,2,4,-3.9633209705352783,0.0,0.0,0.0,0.004761904761904762,0.994231367463039,1080,360,-1,-1,-1,0.0
stage2a_small_swarm_medium,3,206576,987,3,700,500,2,4,-3.9606101512908936,0.0,0.0,0.0,0.006349206349206349,0.9916666666666667,1074,360,-1,-1,-1,0.0
stage2a_small_swarm_medium,3,207656,988,3,700,500,2,4,-3.9598705768585205,0.0,0.0,0.0,0.006349206349206349,0.9909822756424547,1078,360,-1,-1,-1,0.0
stage2a_small_swarm_medium,3,208736,989,3,700,500,2,4,-3.9063618183135986,0.0,0.0,0.0,0.006349206349206349,0.9932646087232838,1080,360,-1,-1,-1,0.0
stage2a_small_swarm_medium,3,209816,990,3,700,500,2,4,-3.9599878787994385,0.0,0.0,0.0,0.004761904761904762,0.9970959831167151,1080,360,-1,-1,-1,0.0
stage2a_small_swarm_medium,3,210896,991,3,700,500,2,4,-3.9599878787994385,0.0,0.0,0.0,0.004761904761904762,0.9972166480289565,1080,360,-1,-1,-1,0.0
stage2a_small_swarm_medium,3,211976,992,3,700,500,2,4,-3.9666545391082764,0.0,0.0,0.0,0.004761904761904762,0.9889794733547776,1080,360,-1,-1,-1,0.0
stage2a_small_swarm_medium,3,213056,993,3,700,500,2,4,-4.4549946784973145,0.0,0.0,0.0,0.007936507936507936,0.985408238514706,1075,360,-1,-1,-1,0.0
stage2a_small_swarm_medium,3,214136,994,3,700,500,2,4,-3.9519453048706055,0.0,0.0,0.0,0.007936507936507936,0.9885927176792864,1078,360,-1,-1,-1,0.0
stage2b_small_swarm_large,4,215786,995,3,950,700,3,8,-5.500009059906006,0.0,0.0,0.0,0.0025,0.9976448975404103,1500,500,-1,-1,-1,0.0
stage2b_small_swarm_large,4,217286,996,3,950,700,3,8,-5.501342296600342,0.0,0.0,0.0,0.0033333333333333335,0.9938580718835196,1494,500,-1,-1,-1,0.0
stage2b_small_swarm_large,4,218786,997,3,950,700,3,8,-5.963361740112305,0.0,0.0,0.0,0.005,0.9743893461227418,1490,500,-1,-1,-1,0.0
stage2b_small_swarm_large,4,220286,998,3,950,700,3,8,-5.49267578125,0.0,0.0,0.0,0.004166666666666667,0.9927300935809812,1498,500,-1,-1,-1,0.0
stage2b_small_swarm_large,4,221786,999,3,950,700,3,8,-5.512676239013672,0.0,0.0,0.0,0.0025,0.9888632914870977,1498,500,-1,-1,-1,0.0
stage2b_small_swarm_large,4,223286,1000,3,950,700,3,8,-5.459341526031494,0.0,0.0,0.0,0.0025,0.9925088038047155,1498,500,-1,-1,-1,0.0
stage2b_small_swarm_large,4,224786,1001,3,950,700,3,8,-5.496009349822998,0.0,0.0,0.0,0.004166666666666667,0.9916510408421356,1498,500,-1,-1,-1,0.0
stage2b_small_swarm_large,4,226286,1002,3,950,700,3,8,-5.504675388336182,0.0,0.0,0.0,0.0033333333333333335,0.9858164929747582,1494,500,-1,-1,-1,0.0
stage2b_small_swarm_large,4,227786,1003,3,950,700,3,8,-5.49867582321167,0.0,0.0,0.0,0.0033333333333333335,0.991553729255994,1496,500,-1,-1,-1,0.0
stage2b_small_swarm_large,4,229286,1004,3,950,700,3,8,-5.49867582321167,0.0,0.0,0.0,0.0033333333333333335,0.9753737678925197,1496,500,-1,-1,-1,0.0
stage2b_small_swarm_large,4,230786,1005,3,950,700,3,8,-5.500009059906006,0.0,0.0,0.0,0.0025,0.9979614678621292,1500,500,-1,-1,-1,0.0
stage2b_small_swarm_large,4,232286,1006,3,950,700,3,8,-5.497975826263428,0.0,0.0,0.0,0.0033333333333333335,0.9915438601970673,1496,500,-1,-1,-1,0.0
stage2b_small_swarm_large,4,233786,1007,3,950,700,3,8,-5.493816375732422,0.0,0.0,0.0,0.004166666666666667,0.9944434470757842,1500,500,-1,-1,-1,0.0
stage2b_small_swarm_large,4,235286,1008,3,950,700,3,8,-5.500009059906006,0.0,0.0,0.0,0.0033333333333333335,0.9932727308968704,1500,500,-1,-1,-1,0.0
stage2b_small_swarm_large,4,236786,1009,3,950,700,3,8,-5.506675720214844,0.0,0.0,0.0,0.0025,0.9922988424897194,1500,500,-1,-1,-1,0.0
stage2b_small_swarm_large,4,238286,1010,3,950,700,3,8,-5.496009349822998,0.0,0.0,0.0,0.0033333333333333335,0.9947768646279972,1498,500,-1,-1,-1,0.0
stage2b_small_swarm_large,4,239786,1011,3,950,700,3,8,-5.500009059906006,0.0,0.0,0.0,0.0025,0.9979614698092143,1500,500,-1,-1,-1,0.0
stage2b_small_swarm_large,4,241286,1012,3,950,700,3,8,-5.502676010131836,0.0,0.0,0.0,0.0025,0.9947669955690701,1498,500,-1,-1,-1,0.0
stage2b_small_swarm_large,4,242786,1013,3,950,700,3,8,-5.506009578704834,0.0,0.0,0.0,0.0025,0.9912575538853804,1498,500,-1,-1,-1,0.0
stage2b_small_swarm_large,4,244286,1014,3,950,700,3,8,-5.500009059906006,0.0,0.0,0.0,0.0025,0.998,1500,500,-1,-1,-1,0.0
stage2b_small_swarm_large,4,245786,1015,3,950,700,3,8,-5.505342483520508,0.0,0.0,0.0,0.0025,0.9912054412364961,1496,500,-1,-1,-1,0.0
stage2b_small_swarm_large,4,247286,1016,3,950,700,3,8,-6.5043511390686035,0.0,0.0,0.0,0.004166666666666667,0.9803165169556936,1493,500,-1,-1,-1,0.0
stage2b_small_swarm_large,4,248786,1017,3,950,700,3,8,-5.493009090423584,0.0,0.0,0.0,0.004166666666666667,0.9920193563054005,1498,500,-1,-1,-1,0.0
stage2b_small_swarm_large,4,250286,1018,3,950,700,3,8,-5.512675762176514,0.0,0.0,0.0,0.0025,0.9908997905155024,1498,500,-1,-1,-1,0.0
stage2b_small_swarm_large,4,251786,1019,3,950,700,3,8,-5.496431827545166,0.0,0.0,0.0,0.004166666666666667,0.9923825209140776,1498,500,-1,-1,-1,0.0
stage2b_small_swarm_large,4,253286,1020,3,950,700,3,8,-5.502675533294678,0.0,0.0,0.0,0.0033333333333333335,0.9922372083961963,1498,500,-1,-1,-1,0.0
stage2b_small_swarm_large,4,254786,1021,3,950,700,3,8,-5.530676364898682,0.0,0.0,0.0,0.0025,0.9744928391526143,1492,500,-1,-1,-1,0.0
stage2b_small_swarm_large,4,256286,1022,3,950,700,3,8,-5.49934196472168,0.0,0.0,0.0,0.0033333333333333335,0.9921909325545033,1498,500,-1,-1,-1,0.0
stage2b_small_swarm_large,4,257786,1023,3,950,700,3,8,-5.49934196472168,0.0,0.0,0.0,0.0033333333333333335,0.9935070302039385,1498,500,-1,-1,-1,0.0
stage2b_small_swarm_large,4,259286,1024,3,950,700,3,8,-5.502676010131836,0.0,0.0,0.0,0.0025,0.9947768646279972,1498,500,-1,-1,-1,0.0
stage2b_small_swarm_large,4,260786,1025,3,950,700,3,8,-5.496675968170166,0.0,0.0,0.0,0.0033333333333333335,0.9967301655759414,1500,500,-1,-1,-1,0.0
stage2b_small_swarm_large,4,262286,1026,3,950,700,3,8,-5.503342151641846,0.0,0.0,0.0,0.0025,0.9953369530662894,1500,500,-1,-1,-1,0.0
stage2b_small_swarm_large,4,263786,1027,3,950,700,3,8,-5.500009059906006,0.0,0.0,0.0,0.0025,0.9979900409380595,1500,500,-1,-1,-1,0.0
stage2b_small_swarm_large,4,265286,1028,3,950,700,3,8,-5.506009578704834,0.0,0.0,0.0,0.0025,0.9947768646279972,1498,500,-1,-1,-1,0.0
stage2b_small_swarm_large,4,266786,1029,3,950,700,3,8,-5.502676010131836,0.0,0.0,0.0,0.0025,0.9947768646279972,1498,500,-1,-1,-1,0.0
stage2b_small_swarm_large,4,268286,1030,3,950,700,3,8,-5.508676052093506,0.0,0.0,0.0,0.0025,0.9918174589872361,1496,500,-1,-1,-1,0.0
stage2b_small_swarm_large,4,269786,1031,3,950,700,3,8,-5.500009059906006,0.0,0.0,0.0,0.0025,0.9958164147933324,1500,500,-1,-1,-1,0.0
stage2b_small_swarm_large,4,271286,1032,3,950,700,3,8,-5.500009059906006,0.0,0.0,0.0,0.0025,0.9979861532847086,1500,500,-1,-1,-1,0.0
stage2b_small_swarm_large,4,272786,1033,3,950,700,3,8,-5.508009433746338,0.0,0.0,0.0,0.0025,0.9939617646535237,1494,500,-1,-1,-1,0.0
stage2b_small_swarm_large,4,274286,1034,3,950,700,3,8,-5.502676010131836,0.0,0.0,0.0,0.0025,0.9947711893518765,1498,500,-1,-1,-1,0.0
stage2b_small_swarm_large,4,275786,1035,3,950,700,3,8,-5.511342525482178,0.0,0.0,0.0,0.0025,0.9857650139729182,1494,500,-1,-1,-1,0.0
stage2b_small_swarm_large,4,277286,1036,3,950,700,3,8,-5.496009349822998,0.0,0.0,0.0,0.0033333333333333335,0.9947768646279972,1498,500,-1,-1,-1,0.0
stage2b_small_swarm_large,4,278786,1037,3,950,700,3,8,-5.502676010131836,0.0,0.0,0.0,0.0025,0.9947383324901263,1498,500,-1,-1,-1,0.0
stage2b_small_swarm_large,4,280286,1038,3,950,700,3,8,-5.520009517669678,0.0,0.0,0.0,0.0025,0.9865162012974421,1490,500,-1,-1,-1,0.0
stage2b_small_swarm_large,4,281786,1039,3,950,700,3,8,-5.506675720214844,0.0,0.0,0.0,0.0025,0.9954140679265063,1500,500,-1,-1,-1,0.0
stage2b_small_swarm_large,4,283286,1040,3,950,700,3,8,-5.504782199859619,0.0,0.0,0.0,0.0033333333333333335,0.9892756095230579,1496,500,-1,-1,-1,0.0
stage2b_small_swarm_large,4,284786,1041,3,950,700,3,8,-5.511343002319336,0.0,0.0,0.0,0.0025,0.9894421537121139,1494,500,-1,-1,-1,0.0
stage3a_full_swarm_large,5,288716,1042,6,950,700,3,8,-5.510343074798584,0.0,0.0,0.0,0.005833333333333334,0.9905437515676021,2982,500,-1,-1,-1,0.0
stage3a_full_swarm_large,5,291716,1043,6,950,700,3,8,-5.507675647735596,0.0,0.0,0.0,0.005,0.9923679696420828,2986,500,-1,-1,-1,0.0
stage3a_full_swarm_large,5,294716,1044,6,950,700,3,8,-5.50734281539917,0.0,0.0,0.0,0.005,0.9907706565062205,2984,500,-1,-1,-1,0.0
stage3a_full_swarm_large,5,297716,1045,6,950,700,3,8,-5.506009578704834,0.0,0.0,0.0,0.005833333333333334,0.9911432867944241,2986,500,-1,-1,-1,0.0
stage3a_full_swarm_large,5,300716,1046,6,950,700,3,8,-5.508342742919922,0.0,0.0,0.0,0.005,0.9884782755871613,2990,500,-1,-1,-1,0.0
stage3a_full_swarm_large,5,303716,1047,6,950,700,3,8,-5.503343105316162,0.0,0.0,0.0,0.005833333333333334,0.9897200476825238,2990,500,-1,-1,-1,0.0
stage3a_full_swarm_large,5,306716,1048,6,950,700,3,8,-5.51067590713501,0.0,0.0,0.0,0.005833333333333334,0.9877662545641264,2984,500,-1,-1,-1,0.0
stage3a_full_swarm_large,5,309716,1049,6,950,700,3,8,-5.507410526275635,0.0,0.0,0.0,0.005833333333333334,0.9886604452381532,2986,500,-1,-1,-1,0.0
stage3a_full_swarm_large,5,312716,1050,6,950,700,3,8,-5.507675647735596,0.0,0.0,0.0,0.0075,0.9831812799423933,2986,500,-1,-1,-1,0.0
stage3a_full_swarm_large,5,315716,1051,6,950,700,3,8,-5.759342193603516,0.0,0.0,0.0,0.005833333333333334,0.986306310872237,2986,500,-1,-1,-1,0.0
stage3a_full_swarm_large,5,318716,1052,6,950,700,3,8,-5.504009246826172,0.0,0.0,0.0,0.005,0.9841168433129788,2994,500,-1,-1,-1,0.0
stage3a_full_swarm_large,5,321716,1053,6,950,700,3,8,-5.503675937652588,0.0,0.0,0.0,0.005833333333333334,0.9907294516563415,2992,500,-1,-1,-1,0.0
stage3a_full_swarm_large,5,324716,1054,6,950,700,3,8,-5.504008769989014,0.0,0.0,0.0,0.006666666666666667,0.9892737474218011,2994,500,-1,-1,-1,0.0
stage3a_full_swarm_large,5,327716,1055,6,950,700,3,8,-5.511009216308594,0.0,0.0,0.0,0.006666666666666667,0.9848950415340562,2996,500,-1,-1,-1,0.0
stage3a_full_swarm_large,5,330716,1056,6,950,700,3,8,-5.477376937866211,0.0,0.0,0.0,0.01,0.9816655428837985,2994,500,-1,-1,-1,0.0
stage3a_full_swarm_large,5,333716,1057,6,950,700,3,8,-5.499484539031982,0.0,0.0,0.0,0.008333333333333333,0.9912132649918398,2996,500,-1,-1,-1,0.0
stage3a_full_swarm_large,5,336716,1058,6,950,700,3,8,-5.505596160888672,0.0,0.0,0.0,0.0075,0.9892557232032221,2994,500,-1,-1,-1,0.0
stage3a_full_swarm_large,5,339716,1059,6,950,700,3,8,-6.487654209136963,0.0,0.0,0.0,0.011666666666666667,0.9684371223134609,2996,500,-1,-1,-1,0.0
stage3a_full_swarm_large,5,342716,1060,6,950,700,3,8,-6.452927112579346,0.0,0.0,0.0,0.03833333333333333,0.8946971101107775,2988,500,-1,-1,-1,0.0
stage3a_full_swarm_large,5,345716,1061,6,950,700,3,8,-8.124167442321777,1.0,1.0,0.0,0.115,0.5454913345262951,2966,500,23,-1,-1,0.0
stage3a_full_swarm_large,5,348716,1062,6,950,700,3,8,-8.45151424407959,1.0,1.0,0.0,0.09666666666666666,0.6101288640476124,2971,500,134,-1,-1,0.0
stage3a_full_swarm_large,5,351716,1063,6,950,700,3,8,-7.261815547943115,0.0,0.0,0.0,0.0225,0.9443460053649032,2981,500,-1,-1,-1,0.0
stage3a_full_swarm_large,5,354716,1064,6,950,700,3,8,-6.513811111450195,0.0,0.0,0.0,0.03666666666666667,0.8915087214193869,2994,500,-1,-1,-1,0.0
stage3b_full_swarm_final,6,361466,1065,6,1400,950,4,18,-19.41075325012207,1.0,1.0,0.0,0.1152542372881356,0.32760803858795107,4217,720,83,-1,-1,0.0
stage3b_full_swarm_final,6,365786,1066,6,1400,950,4,18,-10.596797943115234,0.0,0.0,0.0,0.11228813559322035,0.14320341301312578,4174,720,-1,-1,-1,0.0
stage3b_full_swarm_final,6,370106,1067,6,1400,950,4,18,-13.573899269104004,1.0,1.0,0.0,0.17796610169491525,0.14105920142694098,4056,720,41,-1,-1,0.0
stage3b_full_swarm_final,6,374426,1068,6,1400,950,4,18,-34.81633377075195,1.0,1.0,0.0,0.22415254237288135,0.14481076496413153,4066,720,76,-1,-1,0.0
stage3b_full_swarm_final,6,378746,1069,6,1400,950,4,18,-40.27158737182617,1.0,1.0,0.0,0.2669491525423729,0.20521898482772857,4023,720,196,-1,-1,0.0
stage3b_full_swarm_final,6,383066,1070,6,1400,950,4,18,-19.943620681762695,1.0,1.0,0.0,0.24067796610169492,0.23944844132421267,3803,720,499,-1,-1,0.0
stage3b_full_swarm_final,6,387386,1071,6,1400,950,4,18,-21.268739700317383,0.0,0.0,0.0,0.17372881355932204,0.260925966354265,3549,720,-1,-1,-1,0.0
stage3b_full_swarm_final,6,391706,1072,6,1400,950,4,18,-23.96311378479004,0.0,0.0,0.0,0.13644067796610168,0.38683389163302473,3481,720,-1,-1,-1,0.0
stage3b_full_swarm_final,6,396026,1073,6,1400,950,4,18,-42.23996353149414,0.0,0.0,0.0,0.2559322033898305,0.21204648860813097,3565,720,-1,-1,-1,0.0
stage3b_full_swarm_final,6,400346,1074,6,1400,950,4,18,-26.7093563079834,1.0,1.0,0.0,0.25677966101694916,0.12044447316033326,3909,720,74,-1,-1,0.0
stage3b_full_swarm_final,6,404666,1075,6,1400,950,4,18,-21.97817039489746,3.0,3.0,0.0,0.26610169491525426,0.10038246275758461,3965,720,48,-1,-1,0.0
stage3b_full_swarm_final,6,408986,1076,6,1400,950,4,18,-42.027313232421875,0.0,0.0,0.0,0.3610169491525424,0.09939975160587992,3560,720,-1,-1,-1,0.0
stage3b_full_swarm_final,6,413306,1077,6,1400,950,4,18,-28.864349365234375,0.0,0.0,0.0,0.25084745762711863,0.12866599381564742,3321,720,-1,-1,-1,0.0
stage3b_full_swarm_final,6,417626,1078,6,1400,950,4,18,-39.072364807128906,0.0,0.0,0.0,0.23432203389830508,0.16095119397850122,3056,720,-1,-1,-1,0.0
stage3b_full_swarm_final,6,421946,1079,6,1400,950,4,18,-16.267927169799805,1.0,1.0,0.0,0.12584745762711863,0.2881335972109136,1882,720,120,-1,-1,0.0
stage3b_full_swarm_final,6,426266,1080,6,1400,950,4,18,-19.929534912109375,1.0,1.0,0.0,0.06186440677966102,0.33412623639344896,1135,720,9,-1,-1,0.0
stage3b_full_swarm_final,6,430586,1081,6,1400,950,4,18,-16.76462745666504,0.0,0.0,0.0,0.04576271186440678,0.33262966215428336,783,720,-1,-1,-1,0.0
stage3b_full_swarm_final,6,434906,1082,6,1400,950,4,18,-16.932662963867188,0.0,0.0,0.0,0.05593220338983051,0.30923822844865584,952,720,-1,-1,-1,0.0
stage3b_full_swarm_final,6,439226,1083,6,1400,950,4,18,-12.799491882324219,0.0,0.0,0.0,0.04788135593220339,0.2635903500785019,657,720,-1,-1,-1,0.0
stage3b_full_swarm_final,6,443546,1084,6,1400,950,4,18,-13.34437084197998,0.0,0.0,0.0,0.050423728813559325,0.2848802176998611,685,720,-1,-1,-1,0.0
stage3b_full_swarm_final,6,447866,1085,6,1400,950,4,18,-7.751037120819092,1.0,1.0,0.0,0.04364406779661017,0.28610001063329776,606,720,582,-1,-1,0.0
stage3b_full_swarm_final,6,452186,1086,6,1400,950,4,18,-23.54245948791504,0.0,0.0,0.0,0.08559322033898305,0.3184786635522835,1102,720,-1,-1,-1,0.0
stage3b_full_swarm_final,6,456506,1087,6,1400,950,4,18,-19.88390350341797,0.0,0.0,0.0,0.08983050847457627,0.2806496349435259,968,720,-1,-1,-1,0.0
stage3b_full_swarm_final,6,460826,1088,6,1400,950,4,18,-12.570557594299316,0.0,0.0,0.0,0.1038135593220339,0.2503104712416206,897,720,-1,-1,-1,0.0
stage3b_full_swarm_final,6,465146,1089,6,1400,950,4,18,-20.139501571655273,0.0,0.0,0.0,0.11440677966101695,0.28754891000586486,1385,720,-1,-1,-1,0.0
stage3b_full_swarm_final,6,469466,1090,6,1400,950,4,18,-20.549667358398438,1.0,1.0,0.0,0.09576271186440678,0.3011934144846304,1089,720,152,-1,-1,0.0
stage3b_full_swarm_final,6,473786,1091,6,1400,950,4,18,-18.3575496673584,0.0,0.0,0.0,0.08347457627118644,0.31496331915103065,1068,720,-1,-1,-1,0.0
stage3b_full_swarm_final,6,478106,1092,6,1400,950,4,18,-11.519330024719238,0.0,0.0,0.0,0.07457627118644068,0.26794428993112146,839,720,-1,-1,-1,0.0
stage3b_full_swarm_final,6,482426,1093,6,1400,950,4,18,-16.889617919921875,0.0,0.0,0.0,0.07415254237288135,0.31070187388301107,1022,720,-1,-1,-1,0.0
stage3b_full_swarm_final,6,486746,1094,6,1400,950,4,18,-10.752986907958984,2.0,2.0,0.0,0.09194915254237288,0.30254516494868666,1113,720,235,-1,-1,0.0
stage3b_full_swarm_final,6,491066,1095,6,1400,950,4,18,-17.539794921875,0.0,0.0,0.0,0.10889830508474577,0.2729422618807331,1190,720,-1,-1,-1,0.0
stage3b_full_swarm_final,6,495386,1096,6,1400,950,4,18,-16.873109817504883,0.0,0.0,0.0,0.10211864406779661,0.3205790700251344,1356,720,-1,-1,-1,0.0
stage3b_full_swarm_final,6,499706,1097,6,1400,950,4,18,-18.594236373901367,2.0,2.0,0.0,0.13601694915254237,0.2738413295999904,1184,720,352,-1,-1,0.0
