stage,stage_index,global_step,episode,n_agents,width,height,n_targets,n_obstacles,mean_episode_reward,food_discovered,food_picked_up,food_retrieved,exploration_coverage,pheromone_usage,pheromone_deposit_events,food_source_respawns,food_units_remaining,episode_length,first_pickup_step,first_delivery_step,pickup_to_delivery_latency,swarm_efficiency
stage1a_single_agent_miniscule,1,106,1,1,50,50,1,0,126.93701934814453,4.0,4.0,4.0,0.4444444444444444,0.0,0,0,0,106,91,91,0,0.03773584905660377
stage1a_single_agent_miniscule,1,123,2,1,50,50,1,0,147.275634765625,4.0,4.0,4.0,0.2222222222222222,0.0,0,0,0,17,14,14,0,0.23529411764705882
stage1a_single_agent_miniscule,1,212,3,1,50,50,1,0,137.532470703125,4.0,4.0,4.0,0.4444444444444444,0.0,0,0,0,89,86,86,0,0.0449438202247191
stage1a_single_agent_miniscule,1,216,4,1,50,50,1,0,148.94000244140625,4.0,4.0,4.0,0.1111111111111111,0.0,0,0,0,4,1,1,0,1.0
stage1a_single_agent_miniscule,1,249,5,1,50,50,1,0,142.69769287109375,4.0,4.0,4.0,0.3333333333333333,0.0,0,0,0,33,25,25,0,0.12121212121212122
stage1a_single_agent_miniscule,1,281,6,1,50,50,1,0,145.70486450195312,4.0,4.0,4.0,0.2222222222222222,0.0,0,0,0,32,29,29,0,0.125
stage1a_single_agent_miniscule,1,314,7,1,50,50,1,0,144.3399200439453,4.0,4.0,4.0,0.3333333333333333,0.0,0,0,0,33,30,30,0,0.12121212121212122
stage1a_single_agent_miniscule,1,412,8,1,50,50,1,0,128.54071044921875,4.0,4.0,4.0,0.4444444444444444,0.0,0,0,0,98,95,95,0,0.04081632653061224
stage1a_single_agent_miniscule,1,525,9,1,50,50,1,0,122.04410552978516,4.0,4.0,4.0,0.4444444444444444,0.0,0,0,0,113,108,108,0,0.035398230088495575
stage1a_single_agent_miniscule,1,645,10,1,50,50,1,0,52.382015228271484,2.0,2.0,2.0,0.4444444444444444,0.0,0,0,2,120,43,43,0,0.016666666666666666
stage1a_single_agent_miniscule,1,689,11,1,50,50,1,0,145.68759155273438,4.0,4.0,4.0,0.3333333333333333,0.0,0,0,0,44,41,41,0,0.09090909090909091
stage1a_single_agent_miniscule,1,809,12,1,50,50,1,0,-30.96917152404785,0.0,0.0,0.0,0.4444444444444444,0.0,0,0,4,120,-1,-1,-1,0.0
stage1a_single_agent_miniscule,1,918,13,1,50,50,1,0,134.68821716308594,4.0,4.0,4.0,0.4444444444444444,0.0,0,0,0,109,105,105,0,0.03669724770642202
stage1a_single_agent_miniscule,1,1038,14,1,50,50,1,0,20.3499813079834,1.0,1.0,1.0,0.4444444444444444,0.0,0,0,3,120,24,24,0,0.008333333333333333
stage1a_single_agent_miniscule,1,1063,15,1,50,50,1,0,148.66000366210938,4.0,4.0,4.0,0.3333333333333333,0.0,0,0,0,25,22,22,0,0.16
stage1a_single_agent_miniscule,1,1067,16,1,50,50,1,0,151.94998168945312,4.0,4.0,4.0,0.1111111111111111,0.0,0,0,0,4,1,1,0,1.0
stage1a_single_agent_miniscule,1,1183,17,1,50,50,1,0,120.62547302246094,4.0,4.0,4.0,0.4444444444444444,0.0,0,0,0,116,52,52,0,0.034482758620689655
stage1a_single_agent_miniscule,1,1303,18,1,50,50,1,0,-25.251245498657227,0.0,0.0,0.0,0.4444444444444444,0.0,0,0,4,120,-1,-1,-1,0.0
stage1a_single_agent_miniscule,1,1423,19,1,50,50,1,0,-23.788227081298828,0.0,0.0,0.0,0.4444444444444444,0.0,0,0,4,120,-1,-1,-1,0.0
stage1a_single_agent_miniscule,1,1481,20,1,50,50,1,0,139.32034301757812,4.0,4.0,4.0,0.3333333333333333,0.0,0,0,0,58,55,55,0,0.06896551724137931
stage1a_single_agent_miniscule,1,1506,21,1,50,50,1,0,144.16574096679688,4.0,4.0,4.0,0.2222222222222222,0.0,0,0,0,25,19,19,0,0.16
stage1a_single_agent_miniscule,1,1626,22,1,50,50,1,0,-31.156152725219727,0.0,0.0,0.0,0.3333333333333333,0.0,0,0,4,120,-1,-1,-1,0.0
stage1a_single_agent_miniscule,1,1693,23,1,50,50,1,0,139.37356567382812,4.0,4.0,4.0,0.4444444444444444,0.0,0,0,0,67,64,64,0,0.05970149253731343
stage1a_single_agent_miniscule,1,1697,24,1,50,50,1,0,150.439208984375,4.0,4.0,4.0,0.1111111111111111,0.0,0,0,0,4,1,1,0,1.0
stage1a_single_agent_miniscule,1,1807,25,1,50,50,1,0,125.18733215332031,4.0,4.0,4.0,0.4444444444444444,0.0,0,0,0,110,52,52,0,0.03636363636363636
stage1a_single_agent_miniscule,1,1811,26,1,50,50,1,0,150.44000244140625,4.0,4.0,4.0,0.1111111111111111,0.0,0,0,0,4,1,1,0,1.0
stage1a_single_agent_miniscule,1,1931,27,1,50,50,1,0,84.4959487915039,3.0,3.0,3.0,0.4444444444444444,0.0,0,0,1,120,29,29,0,0.025
stage1a_single_agent_miniscule,1,1986,28,1,50,50,1,0,137.86282348632812,4.0,4.0,4.0,0.3333333333333333,0.0,0,0,0,55,52,52,0,0.07272727272727272
stage1a_single_agent_miniscule,1,2106,29,1,50,50,1,0,-27.085947036743164,0.0,0.0,0.0,0.4444444444444444,0.0,0,0,4,120,-1,-1,-1,0.0
stage1a_single_agent_miniscule,1,2187,30,1,50,50,1,0,133.16554260253906,4.0,4.0,4.0,0.4444444444444444,0.0,0,0,0,81,77,77,0,0.04938271604938271
stage1a_single_agent_miniscule,1,2307,31,1,50,50,1,0,-29.658206939697266,0.0,0.0,0.0,0.4444444444444444,0.0,0,0,4,120,-1,-1,-1,0.0
stage1a_single_agent_miniscule,1,2388,32,1,50,50,1,0,132.99374389648438,4.0,4.0,4.0,0.4444444444444444,0.0,0,0,0,81,61,61,0,0.04938271604938271
stage1a_single_agent_miniscule,1,2472,33,1,50,50,1,0,122.593505859375,4.0,4.0,4.0,0.4444444444444444,0.0,0,0,0,84,78,78,0,0.047619047619047616
stage1a_single_agent_miniscule,1,2592,34,1,50,50,1,0,-22.610027313232422,0.0,0.0,0.0,0.3333333333333333,0.0,0,0,4,120,-1,-1,-1,0.0
stage1a_single_agent_miniscule,1,2649,35,1,50,50,1,0,131.72357177734375,4.0,4.0,4.0,0.4444444444444444,0.0,0,0,0,57,54,54,0,0.07017543859649122
stage1a_single_agent_miniscule,1,2769,36,1,50,50,1,0,50.445560455322266,2.0,2.0,2.0,0.4444444444444444,0.0,0,0,2,120,92,92,0,0.016666666666666666
stage1a_single_agent_miniscule,1,2794,37,1,50,50,1,0,148.67803955078125,4.0,4.0,4.0,0.3333333333333333,0.0,0,0,0,25,22,22,0,0.16
stage1a_single_agent_miniscule,1,2798,38,1,50,50,1,0,150.43922424316406,4.0,4.0,4.0,0.1111111111111111,0.0,0,0,0,4,1,1,0,1.0
stage1a_single_agent_miniscule,1,2889,39,1,50,50,1,0,122.65132904052734,4.0,4.0,4.0,0.4444444444444444,0.0,0,0,0,91,88,88,0,0.04395604395604396
stage1a_single_agent_miniscule,1,2979,40,1,50,50,1,0,136.0299072265625,4.0,4.0,4.0,0.4444444444444444,0.0,0,0,0,90,87,87,0,0.044444444444444446
stage1a_single_agent_miniscule,1,3099,41,1,50,50,1,0,-28.151418685913086,0.0,0.0,0.0,0.4444444444444444,0.0,0,0,4,120,-1,-1,-1,0.0
stage1a_single_agent_miniscule,1,3219,42,1,50,50,1,0,34.39716339111328,2.0,2.0,2.0,0.4444444444444444,0.0,0,0,2,120,93,93,0,0.016666666666666666
stage1a_single_agent_miniscule,1,3339,43,1,50,50,1,0,8.54769515991211,1.0,1.0,1.0,0.4444444444444444,0.0,0,0,3,120,14,14,0,0.008333333333333333
stage1a_single_agent_miniscule,1,3459,44,1,50,50,1,0,41.42783737182617,2.0,2.0,2.0,0.4444444444444444,0.0,0,0,2,120,109,109,0,0.016666666666666666
stage1a_single_agent_miniscule,1,3494,45,1,50,50,1,0,144.1822052001953,4.0,4.0,4.0,0.3333333333333333,0.0,0,0,0,35,32,32,0,0.11428571428571428
stage1a_single_agent_miniscule,1,3498,46,1,50,50,1,0,148.94000244140625,4.0,4.0,4.0,0.1111111111111111,0.0,0,0,0,4,1,1,0,1.0
stage1a_single_agent_miniscule,1,3555,47,1,50,50,1,0,143.86605834960938,4.0,4.0,4.0,0.4444444444444444,0.0,0,0,0,57,54,54,0,0.07017543859649122
stage1a_single_agent_miniscule,1,3675,48,1,50,50,1,0,-36.89107894897461,0.0,0.0,0.0,0.4444444444444444,0.0,0,0,4,120,-1,-1,-1,0.0
stage1a_single_agent_miniscule,1,3795,49,1,50,50,1,0,85.84535217285156,3.0,3.0,3.0,0.4444444444444444,0.0,0,0,1,120,118,118,0,0.025
stage1a_single_agent_miniscule,1,3860,50,1,50,50,1,0,132.0439910888672,4.0,4.0,4.0,0.3333333333333333,0.0,0,0,0,65,62,62,0,0.06153846153846154
stage1a_single_agent_miniscule,1,3920,51,1,50,50,1,0,136.17124938964844,4.0,4.0,4.0,0.4444444444444444,0.0,0,0,0,60,52,52,0,0.06666666666666667
stage1a_single_agent_miniscule,1,3924,52,1,50,50,1,0,148.94000244140625,4.0,4.0,4.0,0.1111111111111111,0.0,0,0,0,4,1,1,0,1.0
stage1a_single_agent_miniscule,1,4044,53,1,50,50,1,0,58.06297302246094,2.0,2.0,2.0,0.4444444444444444,0.0,0,0,2,120,7,7,0,0.016666666666666666
stage1a_single_agent_miniscule,1,4164,54,1,50,50,1,0,9.581618309020996,1.0,1.0,1.0,0.4444444444444444,0.0,0,0,3,120,51,51,0,0.008333333333333333
stage1a_single_agent_miniscule,1,4284,55,1,50,50,1,0,-25.149457931518555,0.0,0.0,0.0,0.4444444444444444,0.0,0,0,4,120,-1,-1,-1,0.0
stage1a_single_agent_miniscule,1,4404,56,1,50,50,1,0,18.735885620117188,1.0,1.0,1.0,0.4444444444444444,0.0,0,0,3,120,55,55,0,0.008333333333333333
stage1a_single_agent_miniscule,1,4524,57,1,50,50,1,0,19.051843643188477,1.0,1.0,1.0,0.4444444444444444,0.0,0,0,3,120,120,120,0,0.008333333333333333
stage1a_single_agent_miniscule,1,4644,58,1,50,50,1,0,13.931737899780273,1.0,1.0,1.0,0.4444444444444444,0.0,0,0,3,120,72,72,0,0.008333333333333333
stage1a_single_agent_miniscule,1,4745,59,1,50,50,1,0,127.2850341796875,4.0,4.0,4.0,0.4444444444444444,0.0,0,0,0,101,34,34,0,0.039603960396039604
stage1a_single_agent_miniscule,1,4865,60,1,50,50,1,0,-22.21723747253418,0.0,0.0,0.0,0.4444444444444444,0.0,0,0,4,120,-1,-1,-1,0.0
stage1a_single_agent_miniscule,1,4985,61,1,50,50,1,0,-15.964795112609863,0.0,0.0,0.0,0.4444444444444444,0.0,0,0,4,120,-1,-1,-1,0.0
stage1a_single_agent_miniscule,1,5064,62,1,50,50,1,0,134.39181518554688,4.0,4.0,4.0,0.4444444444444444,0.0,0,0,0,79,60,60,0,0.05063291139240506
stage1a_single_agent_miniscule,1,5099,63,1,50,50,1,0,142.83319091796875,4.0,4.0,4.0,0.4444444444444444,0.0,0,0,0,35,32,32,0,0.11428571428571428
stage1a_single_agent_miniscule,1,5124,64,1,50,50,1,0,139.65431213378906,4.0,4.0,4.0,0.2222222222222222,0.0,0,0,0,25,15,15,0,0.16
stage1a_single_agent_miniscule,1,5244,65,1,50,50,1,0,-26.92513656616211,0.0,0.0,0.0,0.4444444444444444,0.0,0,0,4,120,-1,-1,-1,0.0
stage1a_single_agent_miniscule,1,5303,66,1,50,50,1,0,139.315673828125,4.0,4.0,4.0,0.4444444444444444,0.0,0,0,0,59,56,56,0,0.06779661016949153
stage1a_single_agent_miniscule,1,5423,67,1,50,50,1,0,-35.64436340332031,0.0,0.0,0.0,0.4444444444444444,0.0,0,0,4,120,-1,-1,-1,0.0
stage1a_single_agent_miniscule,1,5523,68,1,50,50,1,0,126.82145690917969,4.0,4.0,4.0,0.3333333333333333,0.0,0,0,0,100,78,78,0,0.04
stage1a_single_agent_miniscule,1,5566,69,1,50,50,1,0,142.41452026367188,4.0,4.0,4.0,0.3333333333333333,0.0,0,0,0,43,40,40,0,0.09302325581395349
stage1a_single_agent_miniscule,1,5686,70,1,50,50,1,0,46.65026092529297,2.0,2.0,2.0,0.4444444444444444,0.0,0,0,2,120,115,115,0,0.016666666666666666
stage1a_single_agent_miniscule,1,5751,71,1,50,50,1,0,136.510009765625,4.0,4.0,4.0,0.3333333333333333,0.0,0,0,0,65,61,61,0,0.06153846153846154
stage1a_single_agent_miniscule,1,5813,72,1,50,50,1,0,139.251953125,4.0,4.0,4.0,0.3333333333333333,0.0,0,0,0,62,46,46,0,0.06451612903225806
stage1a_single_agent_miniscule,1,5933,73,1,50,50,1,0,-30.094762802124023,0.0,0.0,0.0,0.4444444444444444,0.0,0,0,4,120,-1,-1,-1,0.0
stage1a_single_agent_miniscule,1,5963,74,1,50,50,1,0,145.79730224609375,4.0,4.0,4.0,0.4444444444444444,0.0,0,0,0,30,8,8,0,0.13333333333333333
stage1a_single_agent_miniscule,1,6083,75,1,50,50,1,0,-27.941349029541016,0.0,0.0,0.0,0.4444444444444444,0.0,0,0,4,120,-1,-1,-1,0.0
stage1a_single_agent_miniscule,1,6203,76,1,50,50,1,0,-33.66044235229492,0.0,0.0,0.0,0.4444444444444444,0.0,0,0,4,120,-1,-1,-1,0.0
stage1a_single_agent_miniscule,1,6323,77,1,50,50,1,0,-33.97666931152344,0.0,0.0,0.0,0.4444444444444444,0.0,0,0,4,120,-1,-1,-1,0.0
stage1a_single_agent_miniscule,1,6382,78,1,50,50,1,0,142.32730102539062,4.0,4.0,4.0,0.3333333333333333,0.0,0,0,0,59,56,56,0,0.06779661016949153
stage1a_single_agent_miniscule,1,6468,79,1,50,50,1,0,134.2530059814453,4.0,4.0,4.0,0.3333333333333333,0.0,0,0,0,86,82,82,0,0.046511627906976744
stage1a_single_agent_miniscule,1,6588,80,1,50,50,1,0,-22.001323699951172,0.0,0.0,0.0,0.3333333333333333,0.0,0,0,4,120,-1,-1,-1,0.0
stage1a_single_agent_miniscule,1,6708,81,1,50,50,1,0,-26.604066848754883,0.0,0.0,0.0,0.4444444444444444,0.0,0,0,4,120,-1,-1,-1,0.0
stage1a_single_agent_miniscule,1,6828,82,1,50,50,1,0,-15.805594444274902,0.0,0.0,0.0,0.4444444444444444,0.0,0,0,4,120,-1,-1,-1,0.0
stage1a_single_agent_miniscule,1,6853,83,1,50,50,1,0,144.3169708251953,4.0,4.0,4.0,0.3333333333333333,0.0,0,0,0,25,21,21,0,0.16
stage1a_single_agent_miniscule,1,6890,84,1,50,50,1,0,141.01998901367188,4.0,4.0,4.0,0.4444444444444444,0.0,0,0,0,37,34,34,0,0.10810810810810811
stage1a_single_agent_miniscule,1,6964,85,1,50,50,1,0,136.2506103515625,4.0,4.0,4.0,0.4444444444444444,0.0,0,0,0,74,1,1,0,0.05405405405405406
stage1a_single_agent_miniscule,1,7038,86,1,50,50,1,0,130.1007537841797,4.0,4.0,4.0,0.4444444444444444,0.0,0,0,0,74,41,41,0,0.05405405405405406
stage1a_single_agent_miniscule,1,7100,87,1,50,50,1,0,139.4501953125,4.0,4.0,4.0,0.4444444444444444,0.0,0,0,0,62,59,59,0,0.06451612903225806
stage1a_single_agent_miniscule,1,7216,88,1,50,50,1,0,131.30743408203125,4.0,4.0,4.0,0.4444444444444444,0.0,0,0,0,116,113,113,0,0.034482758620689655
stage1a_single_agent_miniscule,1,7241,89,1,50,50,1,0,145.65426635742188,4.0,4.0,4.0,0.2222222222222222,0.0,0,0,0,25,7,7,0,0.16
stage1a_single_agent_miniscule,1,7361,90,1,50,50,1,0,49.1988410949707,2.0,2.0,2.0,0.4444444444444444,0.0,0,0,2,120,107,107,0,0.016666666666666666
stage1a_single_agent_miniscule,1,7438,91,1,50,50,1,0,134.86312866210938,4.0,4.0,4.0,0.4444444444444444,0.0,0,0,0,77,74,74,0,0.05194805194805195
stage1a_single_agent_miniscule,1,7495,92,1,50,50,1,0,145.37559509277344,4.0,4.0,4.0,0.4444444444444444,0.0,0,0,0,57,54,54,0,0.07017543859649122
stage1a_single_agent_miniscule,1,7615,93,1,50,50,1,0,-32.90605163574219,0.0,0.0,0.0,0.4444444444444444,0.0,0,0,4,120,-1,-1,-1,0.0
stage1a_single_agent_miniscule,1,7647,94,1,50,50,1,0,147.22604370117188,4.0,4.0,4.0,0.3333333333333333,0.0,0,0,0,32,29,29,0,0.125
stage1a_single_agent_miniscule,1,7732,95,1,50,50,1,0,135.96121215820312,4.0,4.0,4.0,0.4444444444444444,0.0,0,0,0,85,1,1,0,0.047058823529411764
stage1a_single_agent_miniscule,1,7825,96,1,50,50,1,0,134.93246459960938,4.0,4.0,4.0,0.4444444444444444,0.0,0,0,0,93,87,87,0,0.043010752688172046
stage1a_single_agent_miniscule,1,7945,97,1,50,50,1,0,75.2183837890625,3.0,3.0,3.0,0.4444444444444444,0.0,0,0,1,120,96,96,0,0.025
stage1a_single_agent_miniscule,1,8027,98,1,50,50,1,0,140.51914978027344,4.0,4.0,4.0,0.4444444444444444,0.0,0,0,0,82,17,17,0,0.04878048780487805
stage1a_single_agent_miniscule,1,8147,99,1,50,50,1,0,84.04116821289062,3.0,3.0,3.0,0.4444444444444444,0.0,0,0,1,120,52,52,0,0.025
stage1a_single_agent_miniscule,1,8267,100,1,50,50,1,0,-31.45553970336914,0.0,0.0,0.0,0.4444444444444444,0.0,0,0,4,120,-1,-1,-1,0.0
stage1a_single_agent_miniscule,1,8387,101,1,50,50,1,0,5.194576263427734,1.0,1.0,1.0,0.4444444444444444,0.0,0,0,3,120,98,98,0,0.008333333333333333
stage1a_single_agent_miniscule,1,8418,102,1,50,50,1,0,145.55331420898438,4.0,4.0,4.0,0.2222222222222222,0.0,0,0,0,31,28,28,0,0.12903225806451613
stage1a_single_agent_miniscule,1,8452,103,1,50,50,1,0,148.537353515625,4.0,4.0,4.0,0.3333333333333333,0.0,0,0,0,34,31,31,0,0.11764705882352941
stage1a_single_agent_miniscule,1,8516,104,1,50,50,1,0,137.86431884765625,4.0,4.0,4.0,0.3333333333333333,0.0,0,0,0,64,61,61,0,0.0625
stage1a_single_agent_miniscule,1,8570,105,1,50,50,1,0,136.65541076660156,4.0,4.0,4.0,0.2222222222222222,0.0,0,0,0,54,50,50,0,0.07407407407407407
stage1a_single_agent_miniscule,1,8626,106,1,50,50,1,0,140.85748291015625,4.0,4.0,4.0,0.3333333333333333,0.0,0,0,0,56,53,53,0,0.07142857142857142
stage1a_single_agent_miniscule,1,8746,107,1,50,50,1,0,21.541780471801758,1.0,1.0,1.0,0.4444444444444444,0.0,0,0,3,120,86,86,0,0.008333333333333333
stage1a_single_agent_miniscule,1,8791,108,1,50,50,1,0,142.8651580810547,4.0,4.0,4.0,0.4444444444444444,0.0,0,0,0,45,39,39,0,0.08888888888888889
stage1a_single_agent_miniscule,1,8911,109,1,50,50,1,0,15.750923156738281,1.0,1.0,1.0,0.4444444444444444,0.0,0,0,3,120,31,31,0,0.008333333333333333
stage1a_single_agent_miniscule,1,9020,110,1,50,50,1,0,135.41998291015625,4.0,4.0,4.0,0.4444444444444444,0.0,0,0,0,109,58,58,0,0.03669724770642202
stage1a_single_agent_miniscule,1,9035,111,1,50,50,1,0,145.79124450683594,4.0,4.0,4.0,0.2222222222222222,0.0,0,0,0,15,12,12,0,0.26666666666666666
stage1a_single_agent_miniscule,1,9155,112,1,50,50,1,0,-31.12491226196289,0.0,0.0,0.0,0.4444444444444444,0.0,0,0,4,120,-1,-1,-1,0.0
stage1a_single_agent_miniscule,1,9223,113,1,50,50,1,0,128.99508666992188,4.0,4.0,4.0,0.4444444444444444,0.0,0,0,0,68,62,62,0,0.058823529411764705
stage1a_single_agent_miniscule,1,9343,114,1,50,50,1,0,-26.626922607421875,0.0,0.0,0.0,0.4444444444444444,0.0,0,0,4,120,-1,-1,-1,0.0
stage1a_single_agent_miniscule,1,9463,115,1,50,50,1,0,-29.789175033569336,0.0,0.0,0.0,0.4444444444444444,0.0,0,0,4,120,-1,-1,-1,0.0
stage1a_single_agent_miniscule,1,9503,116,1,50,50,1,0,144.24752807617188,4.0,4.0,4.0,0.3333333333333333,0.0,0,0,0,40,37,37,0,0.1
stage1a_single_agent_miniscule,1,9571,117,1,50,50,1,0,139.21292114257812,4.0,4.0,4.0,0.4444444444444444,0.0,0,0,0,68,38,38,0,0.058823529411764705
stage1a_single_agent_miniscule,1,9582,118,1,50,50,1,0,148.88763427734375,4.0,4.0,4.0,0.3333333333333333,0.0,0,0,0,11,8,8,0,0.36363636363636365
stage1a_single_agent_miniscule,1,9702,119,1,50,50,1,0,46.613765716552734,2.0,2.0,2.0,0.4444444444444444,0.0,0,0,2,120,58,58,0,0.016666666666666666
stage1a_single_agent_miniscule,1,9792,120,1,50,50,1,0,130.05223083496094,4.0,4.0,4.0,0.4444444444444444,0.0,0,0,0,90,38,38,0,0.044444444444444446
stage1a_single_agent_miniscule,1,9832,121,1,50,50,1,0,142.63876342773438,4.0,4.0,4.0,0.4444444444444444,0.0,0,0,0,40,37,37,0,0.1
stage1a_single_agent_miniscule,1,9859,122,1,50,50,1,0,144.46682739257812,4.0,4.0,4.0,0.3333333333333333,0.0,0,0,0,27,22,22,0,0.14814814814814814
stage1a_single_agent_miniscule,1,9979,123,1,50,50,1,0,-23.629119873046875,0.0,0.0,0.0,0.4444444444444444,0.0,0,0,4,120,-1,-1,-1,0.0
stage1a_single_agent_miniscule,1,10099,124,1,50,50,1,0,-31.27621078491211,0.0,0.0,0.0,0.4444444444444444,0.0,0,0,4,120,-1,-1,-1,0.0
stage1a_single_agent_miniscule,1,10219,125,1,50,50,1,0,3.8591761589050293,1.0,1.0,1.0,0.4444444444444444,0.0,0,0,3,120,14,14,0,0.008333333333333333
stage1a_single_agent_miniscule,1,10300,126,1,50,50,1,0,130.32022094726562,4.0,4.0,4.0,0.4444444444444444,0.0,0,0,0,81,78,78,0,0.04938271604938271
stage1a_single_agent_miniscule,1,10420,127,1,50,50,1,0,-27.65763282775879,0.0,0.0,0.0,0.4444444444444444,0.0,0,0,4,120,-1,-1,-1,0.0
stage1a_single_agent_miniscule,1,10516,128,1,50,50,1,0,133.113525390625,4.0,4.0,4.0,0.4444444444444444,0.0,0,0,0,96,93,93,0,0.041666666666666664
stage1a_single_agent_miniscule,1,10635,129,1,50,50,1,0,135.49606323242188,4.0,4.0,4.0,0.4444444444444444,0.0,0,0,0,119,115,115,0,0.03361344537815126
stage1a_single_agent_miniscule,1,10712,130,1,50,50,1,0,131.7113037109375,4.0,4.0,4.0,0.3333333333333333,0.0,0,0,0,77,74,74,0,0.05194805194805195
stage1a_single_agent_miniscule,1,10832,131,1,50,50,1,0,16.899904251098633,1.0,1.0,1.0,0.4444444444444444,0.0,0,0,3,120,4,4,0,0.008333333333333333
stage1a_single_agent_miniscule,1,10891,132,1,50,50,1,0,139.37867736816406,4.0,4.0,4.0,0.4444444444444444,0.0,0,0,0,59,56,56,0,0.06779661016949153
stage1a_single_agent_miniscule,1,10983,133,1,50,50,1,0,131.65310668945312,4.0,4.0,4.0,0.2222222222222222,0.0,0,0,0,92,88,88,0,0.043478260869565216
stage1a_single_agent_miniscule,1,11018,134,1,50,50,1,0,142.50999450683594,4.0,4.0,4.0,0.3333333333333333,0.0,0,0,0,35,32,32,0,0.11428571428571428
stage1a_single_agent_miniscule,1,11138,135,1,50,50,1,0,88.87870025634766,3.0,3.0,3.0,0.4444444444444444,0.0,0,0,1,120,1,1,0,0.025
stage1a_single_agent_miniscule,1,11146,136,1,50,50,1,0,151.91998291015625,4.0,4.0,4.0,0.2222222222222222,0.0,0,0,0,8,5,5,0,0.5
stage1a_single_agent_miniscule,1,11150,137,1,50,50,1,0,150.4499969482422,4.0,4.0,4.0,0.1111111111111111,0.0,0,0,0,4,1,1,0,1.0
stage1a_single_agent_miniscule,1,11178,138,1,50,50,1,0,142.76092529296875,4.0,4.0,4.0,0.2222222222222222,0.0,0,0,0,28,16,16,0,0.14285714285714285
stage1a_single_agent_miniscule,1,11298,139,1,50,50,1,0,-20.78376579284668,0.0,0.0,0.0,0.4444444444444444,0.0,0,0,4,120,-1,-1,-1,0.0
stage1a_single_agent_miniscule,1,11343,140,1,50,50,1,0,140.92764282226562,4.0,4.0,4.0,0.3333333333333333,0.0,0,0,0,45,42,42,0,0.08888888888888889
stage1a_single_agent_miniscule,1,11376,141,1,50,50,1,0,147.22242736816406,4.0,4.0,4.0,0.4444444444444444,0.0,0,0,0,33,11,11,0,0.12121212121212122
stage1a_single_agent_miniscule,1,11473,142,1,50,50,1,0,126.88549041748047,4.0,4.0,4.0,0.2222222222222222,0.0,0,0,0,97,94,94,0,0.041237113402061855
stage1a_single_agent_miniscule,1,11519,143,1,50,50,1,0,141.01498413085938,4.0,4.0,4.0,0.3333333333333333,0.0,0,0,0,46,40,40,0,0.08695652173913043
stage1a_single_agent_miniscule,1,11603,144,1,50,50,1,0,130.54457092285156,4.0,4.0,4.0,0.3333333333333333,0.0,0,0,0,84,48,48,0,0.047619047619047616
stage1a_single_agent_miniscule,1,11677,145,1,50,50,1,0,140.45999145507812,4.0,4.0,4.0,0.4444444444444444,0.0,0,0,0,74,71,71,0,0.05405405405405406
stage1a_single_agent_miniscule,1,11691,146,1,50,50,1,0,147.30999755859375,4.0,4.0,4.0,0.2222222222222222,0.0,0,0,0,14,11,11,0,0.2857142857142857
stage1a_single_agent_miniscule,1,11808,147,1,50,50,1,0,123.78623962402344,4.0,4.0,4.0,0.4444444444444444,0.0,0,0,0,117,114,114,0,0.03418803418803419
stage1a_single_agent_miniscule,1,11928,148,1,50,50,1,0,15.873817443847656,1.0,1.0,1.0,0.4444444444444444,0.0,0,0,3,120,57,57,0,0.008333333333333333
stage1a_single_agent_miniscule,1,11987,149,1,50,50,1,0,133.3720703125,4.0,4.0,4.0,0.4444444444444444,0.0,0,0,0,59,56,56,0,0.06779661016949153
stage1a_single_agent_miniscule,1,12000,150,1,50,50,1,0,150.34783935546875,4.0,4.0,4.0,0.2222222222222222,0.0,0,0,0,13,10,10,0,0.3076923076923077
stage1a_single_agent_miniscule,1,12008,151,1,50,50,1,0,148.9150390625,4.0,4.0,4.0,0.2222222222222222,0.0,0,0,0,8,5,5,0,0.5
stage1a_single_agent_miniscule,1,12022,152,1,50,50,1,0,144.32797241210938,4.0,4.0,4.0,0.3333333333333333,0.0,0,0,0,14,11,11,0,0.2857142857142857
stage1a_single_agent_miniscule,1,12062,153,1,50,50,1,0,144.1337890625,4.0,4.0,4.0,0.4444444444444444,0.0,0,0,0,40,20,20,0,0.1
stage1a_single_agent_miniscule,1,12131,154,1,50,50,1,0,139.3328857421875,4.0,4.0,4.0,0.4444444444444444,0.0,0,0,0,69,65,65,0,0.057971014492753624
stage1a_single_agent_miniscule,1,12189,155,1,50,50,1,0,140.845458984375,4.0,4.0,4.0,0.4444444444444444,0.0,0,0,0,58,40,40,0,0.06896551724137931
stage1a_single_agent_miniscule,1,12242,156,1,50,50,1,0,140.9222869873047,4.0,4.0,4.0,0.3333333333333333,0.0,0,0,0,53,50,50,0,0.07547169811320754
stage1a_single_agent_miniscule,1,12362,157,1,50,50,1,0,-24.92469024658203,0.0,0.0,0.0,0.4444444444444444,0.0,0,0,4,120,-1,-1,-1,0.0
stage1a_single_agent_miniscule,1,12392,158,1,50,50,1,0,148.7849884033203,4.0,4.0,4.0,0.4444444444444444,0.0,0,0,0,30,27,27,0,0.13333333333333333
stage1a_single_agent_miniscule,1,12476,159,1,50,50,1,0,122.62837982177734,4.0,4.0,4.0,0.3333333333333333,0.0,0,0,0,84,81,81,0,0.047619047619047616
stage1a_single_agent_miniscule,1,12501,160,1,50,50,1,0,144.15733337402344,4.0,4.0,4.0,0.2222222222222222,0.0,0,0,0,25,12,12,0,0.16
stage1a_single_agent_miniscule,1,12529,161,1,50,50,1,0,141.1243896484375,4.0,4.0,4.0,0.2222222222222222,0.0,0,0,0,28,23,23,0,0.14285714285714285
stage1a_single_agent_miniscule,1,12577,162,1,50,50,1,0,139.4958038330078,4.0,4.0,4.0,0.3333333333333333,0.0,0,0,0,48,45,45,0,0.08333333333333333
stage1a_single_agent_miniscule,1,12613,163,1,50,50,1,0,141.0281524658203,4.0,4.0,4.0,0.3333333333333333,0.0,0,0,0,36,33,33,0,0.1111111111111111
stage1a_single_agent_miniscule,1,12733,164,1,50,50,1,0,-34.268314361572266,0.0,0.0,0.0,0.3333333333333333,0.0,0,0,4,120,-1,-1,-1,0.0
stage1a_single_agent_miniscule,1,12749,165,1,50,50,1,0,147.33734130859375,4.0,4.0,4.0,0.3333333333333333,0.0,0,0,0,16,13,13,0,0.25
stage1a_single_agent_miniscule,1,12868,166,1,50,50,1,0,120.6319808959961,4.0,4.0,4.0,0.4444444444444444,0.0,0,0,0,119,116,116,0,0.03361344537815126
stage1a_single_agent_miniscule,1,12872,167,1,50,50,1,0,148.93890380859375,4.0,4.0,4.0,0.1111111111111111,0.0,0,0,0,4,1,1,0,1.0
stage1a_single_agent_miniscule,1,12915,168,1,50,50,1,0,139.55465698242188,4.0,4.0,4.0,0.3333333333333333,0.0,0,0,0,43,5,5,0,0.09302325581395349
stage1a_single_agent_miniscule,1,13035,169,1,50,50,1,0,-41.56019592285156,0.0,0.0,0.0,0.4444444444444444,0.0,0,0,4,120,-1,-1,-1,0.0
stage1a_single_agent_miniscule,1,13155,170,1,50,50,1,0,-41.27687454223633,0.0,0.0,0.0,0.4444444444444444,0.0,0,0,4,120,-1,-1,-1,0.0
stage1a_single_agent_miniscule,1,13273,171,1,50,50,1,0,125.52810668945312,4.0,4.0,4.0,0.4444444444444444,0.0,0,0,0,118,115,115,0,0.03389830508474576
stage1a_single_agent_miniscule,1,13387,172,1,50,50,1,0,128.26248168945312,4.0,4.0,4.0,0.4444444444444444,0.0,0,0,0,114,110,110,0,0.03508771929824561
stage1a_single_agent_miniscule,1,13507,173,1,50,50,1,0,53.52779006958008,2.0,2.0,2.0,0.3333333333333333,0.0,0,0,2,120,1,1,0,0.016666666666666666
stage1a_single_agent_miniscule,1,13620,174,1,50,50,1,0,133.05499267578125,4.0,4.0,4.0,0.3333333333333333,0.0,0,0,0,113,110,110,0,0.035398230088495575
stage1a_single_agent_miniscule,1,13722,175,1,50,50,1,0,132.9480438232422,4.0,4.0,4.0,0.4444444444444444,0.0,0,0,0,102,80,80,0,0.0392156862745098
stage1a_single_agent_miniscule,1,13842,176,1,50,50,1,0,-33.08002471923828,0.0,0.0,0.0,0.3333333333333333,0.0,0,0,4,120,-1,-1,-1,0.0
stage1a_single_agent_miniscule,1,13962,177,1,50,50,1,0,-23.839651107788086,0.0,0.0,0.0,0.3333333333333333,0.0,0,0,4,120,-1,-1,-1,0.0
stage1a_single_agent_miniscule,1,14082,178,1,50,50,1,0,-25.140844345092773,0.0,0.0,0.0,0.4444444444444444,0.0,0,0,4,120,-1,-1,-1,0.0
stage1a_single_agent_miniscule,1,14113,179,1,50,50,1,0,148.677978515625,4.0,4.0,4.0,0.3333333333333333,0.0,0,0,0,31,28,28,0,0.12903225806451613
stage1a_single_agent_miniscule,1,14199,180,1,50,50,1,0,134.86627197265625,4.0,4.0,4.0,0.4444444444444444,0.0,0,0,0,86,83,83,0,0.046511627906976744
stage1a_single_agent_miniscule,1,14203,181,1,50,50,1,0,148.9388885498047,4.0,4.0,4.0,0.1111111111111111,0.0,0,0,0,4,1,1,0,1.0
stage1a_single_agent_miniscule,1,14268,182,1,50,50,1,0,139.29379272460938,4.0,4.0,4.0,0.3333333333333333,0.0,0,0,0,65,62,62,0,0.06153846153846154
stage1a_single_agent_miniscule,1,14388,183,1,50,50,1,0,43.48536682128906,2.0,2.0,2.0,0.4444444444444444,0.0,0,0,2,120,1,1,0,0.016666666666666666
stage1a_single_agent_miniscule,1,14508,184,1,50,50,1,0,14.013490676879883,1.0,1.0,1.0,0.4444444444444444,0.0,0,0,3,120,46,46,0,0.008333333333333333
stage1a_single_agent_miniscule,1,14625,185,1,50,50,1,0,128.18032836914062,4.0,4.0,4.0,0.4444444444444444,0.0,0,0,0,117,114,114,0,0.03418803418803419
stage1a_single_agent_miniscule,1,14649,186,1,50,50,1,0,148.74716186523438,4.0,4.0,4.0,0.3333333333333333,0.0,0,0,0,24,21,21,0,0.16666666666666666
stage1a_single_agent_miniscule,1,14769,187,1,50,50,1,0,18.758235931396484,1.0,1.0,1.0,0.4444444444444444,0.0,0,0,3,120,72,72,0,0.008333333333333333
stage1a_single_agent_miniscule,1,14788,188,1,50,50,1,0,148.76766967773438,4.0,4.0,4.0,0.3333333333333333,0.0,0,0,0,19,16,16,0,0.21052631578947367
stage1a_single_agent_miniscule,1,14907,189,1,50,50,1,0,125.28897857666016,4.0,4.0,4.0,0.4444444444444444,0.0,0,0,0,119,116,116,0,0.03361344537815126
stage1a_single_agent_miniscule,1,15027,190,1,50,50,1,0,-20.802602767944336,0.0,0.0,0.0,0.4444444444444444,0.0,0,0,4,120,-1,-1,-1,0.0
stage1a_single_agent_miniscule,1,15099,191,1,50,50,1,0,146.87252807617188,4.0,4.0,4.0,0.3333333333333333,0.0,0,0,0,72,69,69,0,0.05555555555555555
stage1a_single_agent_miniscule,1,15147,192,1,50,50,1,0,144.00360107421875,4.0,4.0,4.0,0.4444444444444444,0.0,0,0,0,48,45,45,0,0.08333333333333333
stage1a_single_agent_miniscule,1,15245,193,1,50,50,1,0,138.80728149414062,4.0,4.0,4.0,0.4444444444444444,0.0,0,0,0,98,95,95,0,0.04081632653061224
stage1a_single_agent_miniscule,1,15269,194,1,50,50,1,0,141.31011962890625,4.0,4.0,4.0,0.3333333333333333,0.0,0,0,0,24,21,21,0,0.16666666666666666
stage1a_single_agent_miniscule,1,15293,195,1,50,50,1,0,145.70620727539062,4.0,4.0,4.0,0.3333333333333333,0.0,0,0,0,24,21,21,0,0.16666666666666666
stage1a_single_agent_miniscule,1,15297,196,1,50,50,1,0,150.43923950195312,4.0,4.0,4.0,0.1111111111111111,0.0,0,0,0,4,1,1,0,1.0
stage1a_single_agent_miniscule,1,15388,197,1,50,50,1,0,131.9870147705078,4.0,4.0,4.0,0.4444444444444444,0.0,0,0,0,91,88,88,0,0.04395604395604396
stage1a_single_agent_miniscule,1,15508,198,1,50,50,1,0,-0.4564290940761566,1.0,1.0,1.0,0.4444444444444444,0.0,0,0,3,120,105,105,0,0.008333333333333333
stage1a_single_agent_miniscule,1,15537,199,1,50,50,1,0,145.61000061035156,4.0,4.0,4.0,0.3333333333333333,0.0,0,0,0,29,13,13,0,0.13793103448275862
stage1a_single_agent_miniscule,1,15580,200,1,50,50,1,0,139.5926971435547,4.0,4.0,4.0,0.4444444444444444,0.0,0,0,0,43,23,23,0,0.09302325581395349
stage1a_single_agent_miniscule,1,15617,201,1,50,50,1,0,147.19754028320312,4.0,4.0,4.0,0.4444444444444444,0.0,0,0,0,37,34,34,0,0.10810810810810811
stage1a_single_agent_miniscule,1,15626,202,1,50,50,1,0,148.89999389648438,4.0,4.0,4.0,0.2222222222222222,0.0,0,0,0,9,6,6,0,0.4444444444444444
stage1a_single_agent_miniscule,1,15632,203,1,50,50,1,0,151.92999267578125,4.0,4.0,4.0,0.1111111111111111,0.0,0,0,0,6,1,1,0,0.6666666666666666
stage1a_single_agent_miniscule,1,15715,204,1,50,50,1,0,134.6634521484375,4.0,4.0,4.0,0.4444444444444444,0.0,0,0,0,83,80,80,0,0.04819277108433735
stage1a_single_agent_miniscule,1,15751,205,1,50,50,1,0,138.32177734375,4.0,4.0,4.0,0.3333333333333333,0.0,0,0,0,36,33,33,0,0.1111111111111111
stage1a_single_agent_miniscule,1,15798,206,1,50,50,1,0,137.98165893554688,4.0,4.0,4.0,0.2222222222222222,0.0,0,0,0,47,42,42,0,0.0851063829787234
stage1a_single_agent_miniscule,1,15849,207,1,50,50,1,0,138.1143798828125,4.0,4.0,4.0,0.4444444444444444,0.0,0,0,0,51,48,48,0,0.0784313725490196
stage1a_single_agent_miniscule,1,15967,208,1,50,50,1,0,120.669189453125,4.0,4.0,4.0,0.4444444444444444,0.0,0,0,0,118,115,115,0,0.03389830508474576
stage1a_single_agent_miniscule,1,16037,209,1,50,50,1,0,133.13949584960938,4.0,4.0,4.0,0.3333333333333333,0.0,0,0,0,70,43,43,0,0.05714285714285714
stage1a_single_agent_miniscule,1,16086,210,1,50,50,1,0,138.12144470214844,4.0,4.0,4.0,0.4444444444444444,0.0,0,0,0,49,41,41,0,0.08163265306122448
stage1a_single_agent_miniscule,1,16180,211,1,50,50,1,0,124.29740905761719,4.0,4.0,4.0,0.4444444444444444,0.0,0,0,0,94,91,91,0,0.0425531914893617
stage1a_single_agent_miniscule,1,16226,212,1,50,50,1,0,144.04393005371094,4.0,4.0,4.0,0.4444444444444444,0.0,0,0,0,46,39,39,0,0.08695652173913043
stage1a_single_agent_miniscule,1,16230,213,1,50,50,1,0,150.44000244140625,4.0,4.0,4.0,0.1111111111111111,0.0,0,0,0,4,1,1,0,1.0
stage1a_single_agent_miniscule,1,16298,214,1,50,50,1,0,137.8543243408203,4.0,4.0,4.0,0.4444444444444444,0.0,0,0,0,68,49,49,0,0.058823529411764705
stage1a_single_agent_miniscule,1,16302,215,1,50,50,1,0,148.94000244140625,4.0,4.0,4.0,0.1111111111111111,0.0,0,0,0,4,1,1,0,1.0
stage1a_single_agent_miniscule,1,16422,216,1,50,50,1,0,-19.074113845825195,0.0,0.0,0.0,0.4444444444444444,0.0,0,0,4,120,-1,-1,-1,0.0
stage1a_single_agent_miniscule,1,16443,217,1,50,50,1,0,142.8819580078125,4.0,4.0,4.0,0.3333333333333333,0.0,0,0,0,21,18,18,0,0.19047619047619047
stage1a_single_agent_miniscule,1,16563,218,1,50,50,1,0,81.4898452758789,3.0,3.0,3.0,0.4444444444444444,0.0,0,0,1,120,1,1,0,0.025
stage1a_single_agent_miniscule,1,16609,219,1,50,50,1,0,138.0079345703125,4.0,4.0,4.0,0.3333333333333333,0.0,0,0,0,46,43,43,0,0.08695652173913043
stage1a_single_agent_miniscule,1,16729,220,1,50,50,1,0,-26.499147415161133,0.0,0.0,0.0,0.4444444444444444,0.0,0,0,4,120,-1,-1,-1,0.0
stage1a_single_agent_miniscule,1,16845,221,1,50,50,1,0,121.19560241699219,4.0,4.0,4.0,0.4444444444444444,0.0,0,0,0,116,86,86,0,0.034482758620689655
stage1a_single_agent_miniscule,1,16892,222,1,50,50,1,0,138.32525634765625,4.0,4.0,4.0,0.4444444444444444,0.0,0,0,0,47,44,44,0,0.0851063829787234
stage1a_single_agent_miniscule,1,16917,223,1,50,50,1,0,148.80496215820312,4.0,4.0,4.0,0.2222222222222222,0.0,0,0,0,25,22,22,0,0.16
stage1a_single_agent_miniscule,1,16960,224,1,50,50,1,0,142.55697631835938,4.0,4.0,4.0,0.3333333333333333,0.0,0,0,0,43,40,40,0,0.09302325581395349
stage1a_single_agent_miniscule,1,16984,225,1,50,50,1,0,142.67523193359375,4.0,4.0,4.0,0.2222222222222222,0.0,0,0,0,24,21,21,0,0.16666666666666666
stage1a_single_agent_miniscule,1,17018,226,1,50,50,1,0,142.87869262695312,4.0,4.0,4.0,0.3333333333333333,0.0,0,0,0,34,31,31,0,0.11764705882352941
stage1a_single_agent_miniscule,1,17043,227,1,50,50,1,0,141.1599884033203,4.0,4.0,4.0,0.2222222222222222,0.0,0,0,0,25,19,19,0,0.16
stage1a_single_agent_miniscule,1,17080,228,1,50,50,1,0,142.47999572753906,4.0,4.0,4.0,0.3333333333333333,0.0,0,0,0,37,34,34,0,0.10810810810810811
stage1a_single_agent_miniscule,1,17200,229,1,50,50,1,0,86.92665100097656,3.0,3.0,3.0,0.4444444444444444,0.0,0,0,1,120,21,21,0,0.025
stage1a_single_agent_miniscule,1,17211,230,1,50,50,1,0,151.88999938964844,4.0,4.0,4.0,0.3333333333333333,0.0,0,0,0,11,8,8,0,0.36363636363636365
stage1a_single_agent_miniscule,1,17215,231,1,50,50,1,0,151.94998168945312,4.0,4.0,4.0,0.1111111111111111,0.0,0,0,0,4,1,1,0,1.0
stage1a_single_agent_miniscule,1,17233,232,1,50,50,1,0,145.80880737304688,4.0,4.0,4.0,0.3333333333333333,0.0,0,0,0,18,15,15,0,0.2222222222222222
stage1a_single_agent_miniscule,1,17237,233,1,50,50,1,0,150.4399871826172,4.0,4.0,4.0,0.1111111111111111,0.0,0,0,0,4,1,1,0,1.0
stage1a_single_agent_miniscule,1,17258,234,1,50,50,1,0,147.2278594970703,4.0,4.0,4.0,0.3333333333333333,0.0,0,0,0,21,18,18,0,0.19047619047619047
stage1a_single_agent_miniscule,1,17284,235,1,50,50,1,0,147.13999938964844,4.0,4.0,4.0,0.2222222222222222,0.0,0,0,0,26,23,23,0,0.15384615384615385
stage1a_single_agent_miniscule,1,17344,236,1,50,50,1,0,139.33499145507812,4.0,4.0,4.0,0.4444444444444444,0.0,0,0,0,60,57,57,0,0.06666666666666667
stage1a_single_agent_miniscule,1,17378,237,1,50,50,1,0,141.24551391601562,4.0,4.0,4.0,0.4444444444444444,0.0,0,0,0,34,31,31,0,0.11764705882352941
stage1a_single_agent_miniscule,1,17498,238,1,50,50,1,0,-1.9693732261657715,1.0,1.0,1.0,0.4444444444444444,0.0,0,0,3,120,67,67,0,0.008333333333333333
stage1a_single_agent_miniscule,1,17520,239,1,50,50,1,0,144.38699340820312,4.0,4.0,4.0,0.3333333333333333,0.0,0,0,0,22,19,19,0,0.18181818181818182
stage1a_single_agent_miniscule,1,17640,240,1,50,50,1,0,-27.075820922851562,0.0,0.0,0.0,0.4444444444444444,0.0,0,0,4,120,-1,-1,-1,0.0
stage1a_single_agent_miniscule,1,17708,241,1,50,50,1,0,136.34378051757812,4.0,4.0,4.0,0.3333333333333333,0.0,0,0,0,68,16,16,0,0.058823529411764705
stage1a_single_agent_miniscule,1,17733,242,1,50,50,1,0,144.34759521484375,4.0,4.0,4.0,0.3333333333333333,0.0,0,0,0,25,22,22,0,0.16
stage1a_single_agent_miniscule,1,17810,243,1,50,50,1,0,131.60794067382812,4.0,4.0,4.0,0.4444444444444444,0.0,0,0,0,77,4,4,0,0.05194805194805195
stage1a_single_agent_miniscule,1,17888,244,1,50,50,1,0,127.3435287475586,4.0,4.0,4.0,0.4444444444444444,0.0,0,0,0,78,75,75,0,0.05128205128205128
stage1a_single_agent_miniscule,1,17927,245,1,50,50,1,0,132.29515075683594,4.0,4.0,4.0,0.4444444444444444,0.0,0,0,0,39,35,35,0,0.10256410256410256
stage1a_single_agent_miniscule,1,17980,246,1,50,50,1,0,135.26400756835938,4.0,4.0,4.0,0.4444444444444444,0.0,0,0,0,53,50,50,0,0.07547169811320754
stage1a_single_agent_miniscule,1,18030,247,1,50,50,1,0,139.5900421142578,4.0,4.0,4.0,0.3333333333333333,0.0,0,0,0,50,30,30,0,0.08
stage1a_single_agent_miniscule,1,18035,248,1,50,50,1,0,147.71998596191406,4.0,4.0,4.0,0.1111111111111111,0.0,0,0,0,5,1,1,0,0.8
stage1a_single_agent_miniscule,1,18087,249,1,50,50,1,0,132.24411010742188,4.0,4.0,4.0,0.3333333333333333,0.0,0,0,0,52,16,16,0,0.07692307692307693
stage1a_single_agent_miniscule,1,18091,250,1,50,50,1,0,148.9388885498047,4.0,4.0,4.0,0.1111111111111111,0.0,0,0,0,4,1,1,0,1.0
stage1a_single_agent_miniscule,1,18104,251,1,50,50,1,0,147.34535217285156,4.0,4.0,4.0,0.2222222222222222,0.0,0,0,0,13,10,10,0,0.3076923076923077
stage1a_single_agent_miniscule,1,18129,252,1,50,50,1,0,145.84527587890625,4.0,4.0,4.0,0.4444444444444444,0.0,0,0,0,25,22,22,0,0.16
stage1a_single_agent_miniscule,1,18166,253,1,50,50,1,0,130.6367950439453,4.0,4.0,4.0,0.3333333333333333,0.0,0,0,0,37,33,33,0,0.10810810810810811
stage1a_single_agent_miniscule,1,18219,254,1,50,50,1,0,133.391357421875,4.0,4.0,4.0,0.2222222222222222,0.0,0,0,0,53,33,33,0,0.07547169811320754
stage1a_single_agent_miniscule,1,18339,255,1,50,50,1,0,38.667823791503906,2.0,2.0,2.0,0.4444444444444444,0.0,0,0,2,120,103,103,0,0.016666666666666666
stage1a_single_agent_miniscule,1,18348,256,1,50,50,1,0,148.89999389648438,4.0,4.0,4.0,0.3333333333333333,0.0,0,0,0,9,6,6,0,0.4444444444444444
stage1a_single_agent_miniscule,1,18385,257,1,50,50,1,0,141.1609649658203,4.0,4.0,4.0,0.4444444444444444,0.0,0,0,0,37,27,27,0,0.10810810810810811
stage1a_single_agent_miniscule,1,18505,258,1,50,50,1,0,-41.354827880859375,0.0,0.0,0.0,0.4444444444444444,0.0,0,0,4,120,-1,-1,-1,0.0
stage1a_single_agent_miniscule,1,18579,259,1,50,50,1,0,134.80386352539062,4.0,4.0,4.0,0.4444444444444444,0.0,0,0,0,74,71,71,0,0.05405405405405406
stage1a_single_agent_miniscule,1,18699,260,1,50,50,1,0,67.92398834228516,3.0,3.0,3.0,0.4444444444444444,0.0,0,0,1,120,25,25,0,0.025
stage1a_single_agent_miniscule,1,18721,261,1,50,50,1,0,142.9163818359375,4.0,4.0,4.0,0.3333333333333333,0.0,0,0,0,22,19,19,0,0.18181818181818182
stage1a_single_agent_miniscule,1,18740,262,1,50,50,1,0,142.93667602539062,4.0,4.0,4.0,0.3333333333333333,0.0,0,0,0,19,16,16,0,0.21052631578947367
stage1a_single_agent_miniscule,1,18788,263,1,50,50,1,0,133.66685485839844,4.0,4.0,4.0,0.3333333333333333,0.0,0,0,0,48,42,42,0,0.08333333333333333
stage1a_single_agent_miniscule,1,18894,264,1,50,50,1,0,119.38590240478516,4.0,4.0,4.0,0.4444444444444444,0.0,0,0,0,106,103,103,0,0.03773584905660377
stage1a_single_agent_miniscule,1,18925,265,1,50,50,1,0,141.30543518066406,4.0,4.0,4.0,0.4444444444444444,0.0,0,0,0,31,28,28,0,0.12903225806451613
stage1a_single_agent_miniscule,1,18929,266,1,50,50,1,0,148.94000244140625,4.0,4.0,4.0,0.1111111111111111,0.0,0,0,0,4,1,1,0,1.0
stage1a_single_agent_miniscule,1,19049,267,1,50,50,1,0,43.43458938598633,2.0,2.0,2.0,0.4444444444444444,0.0,0,0,2,120,42,42,0,0.016666666666666666
stage1a_single_agent_miniscule,1,19092,268,1,50,50,1,0,136.6041259765625,4.0,4.0,4.0,0.4444444444444444,0.0,0,0,0,43,38,38,0,0.09302325581395349
stage1a_single_agent_miniscule,1,19157,269,1,50,50,1,0,133.6341094970703,4.0,4.0,4.0,0.4444444444444444,0.0,0,0,0,65,33,33,0,0.06153846153846154
stage1a_single_agent_miniscule,1,19161,270,1,50,50,1,0,150.439208984375,4.0,4.0,4.0,0.1111111111111111,0.0,0,0,0,4,1,1,0,1.0
stage1a_single_agent_miniscule,1,19203,271,1,50,50,1,0,136.67657470703125,4.0,4.0,4.0,0.4444444444444444,0.0,0,0,0,42,39,39,0,0.09523809523809523
stage1a_single_agent_miniscule,1,19269,272,1,50,50,1,0,129.07691955566406,4.0,4.0,4.0,0.4444444444444444,0.0,0,0,0,66,63,63,0,0.06060606060606061
stage1a_single_agent_miniscule,1,19285,273,1,50,50,1,0,146.00753784179688,4.0,4.0,4.0,0.3333333333333333,0.0,0,0,0,16,13,13,0,0.25
stage1a_single_agent_miniscule,1,19360,274,1,50,50,1,0,129.08334350585938,4.0,4.0,4.0,0.4444444444444444,0.0,0,0,0,75,72,72,0,0.05333333333333334
stage1a_single_agent_miniscule,1,19441,275,1,50,50,1,0,120.07872772216797,4.0,4.0,4.0,0.4444444444444444,0.0,0,0,0,81,78,78,0,0.04938271604938271
stage1a_single_agent_miniscule,1,19481,276,1,50,50,1,0,140.9199981689453,4.0,4.0,4.0,0.3333333333333333,0.0,0,0,0,40,36,36,0,0.1
stage1a_single_agent_miniscule,1,19510,277,1,50,50,1,0,139.7957763671875,4.0,4.0,4.0,0.3333333333333333,0.0,0,0,0,29,25,25,0,0.13793103448275862
stage1a_single_agent_miniscule,1,19630,278,1,50,50,1,0,31.158893585205078,2.0,2.0,2.0,0.4444444444444444,0.0,0,0,2,120,29,29,0,0.016666666666666666
stage1a_single_agent_miniscule,1,19663,279,1,50,50,1,0,142.79776000976562,4.0,4.0,4.0,0.4444444444444444,0.0,0,0,0,33,30,30,0,0.12121212121212122
stage1a_single_agent_miniscule,1,19678,280,1,50,50,1,0,144.34747314453125,4.0,4.0,4.0,0.3333333333333333,0.0,0,0,0,15,12,12,0,0.26666666666666666
stage1a_single_agent_miniscule,1,19682,281,1,50,50,1,0,148.93893432617188,4.0,4.0,4.0,0.1111111111111111,0.0,0,0,0,4,1,1,0,1.0
stage1a_single_agent_miniscule,1,19755,282,1,50,50,1,0,126.04331970214844,4.0,4.0,4.0,0.4444444444444444,0.0,0,0,0,73,36,36,0,0.0547945205479452
stage1a_single_agent_miniscule,1,19759,283,1,50,50,1,0,150.58999633789062,4.0,4.0,4.0,0.1111111111111111,0.0,0,0,0,4,1,1,0,1.0
stage1a_single_agent_miniscule,1,19784,284,1,50,50,1,0,141.34500122070312,4.0,4.0,4.0,0.3333333333333333,0.0,0,0,0,25,22,22,0,0.16
stage1a_single_agent_miniscule,1,19788,285,1,50,50,1,0,148.95889282226562,4.0,4.0,4.0,0.1111111111111111,0.0,0,0,0,4,1,1,0,1.0
stage1a_single_agent_miniscule,1,19834,286,1,50,50,1,0,132.24349975585938,4.0,4.0,4.0,0.4444444444444444,0.0,0,0,0,46,39,39,0,0.08695652173913043
stage1a_single_agent_miniscule,1,19902,287,1,50,50,1,0,124.57888793945312,4.0,4.0,4.0,0.4444444444444444,0.0,0,0,0,68,65,65,0,0.058823529411764705
stage1a_single_agent_miniscule,1,20022,288,1,50,50,1,0,-55.3282356262207,0.0,0.0,0.0,0.4444444444444444,0.0,0,0,4,120,-1,-1,-1,0.0
stage1a_single_agent_miniscule,1,20124,289,1,50,50,1,0,114.75605773925781,4.0,4.0,4.0,0.4444444444444444,0.0,0,0,0,102,71,71,0,0.0392156862745098
stage1a_single_agent_miniscule,1,20154,290,1,50,50,1,0,145.80474853515625,4.0,4.0,4.0,0.4444444444444444,0.0,0,0,0,30,27,27,0,0.13333333333333333
stage1a_single_agent_miniscule,1,20158,291,1,50,50,1,0,148.94000244140625,4.0,4.0,4.0,0.1111111111111111,0.0,0,0,0,4,1,1,0,1.0
stage1a_single_agent_miniscule,1,20264,292,1,50,50,1,0,120.65027618408203,4.0,4.0,4.0,0.4444444444444444,0.0,0,0,0,106,103,103,0,0.03773584905660377
stage1a_single_agent_miniscule,1,20279,293,1,50,50,1,0,142.83544921875,4.0,4.0,4.0,0.2222222222222222,0.0,0,0,0,15,11,11,0,0.26666666666666666
stage1a_single_agent_miniscule,1,20398,294,1,50,50,1,0,101.74307250976562,4.0,4.0,4.0,0.4444444444444444,0.0,0,0,0,119,113,113,0,0.03361344537815126
stage1a_single_agent_miniscule,1,20410,295,1,50,50,1,0,148.87750244140625,4.0,4.0,4.0,0.3333333333333333,0.0,0,0,0,12,9,9,0,0.3333333333333333
stage1a_single_agent_miniscule,1,20494,296,1,50,50,1,0,118.10366821289062,4.0,4.0,4.0,0.3333333333333333,0.0,0,0,0,84,81,81,0,0.047619047619047616
stage1a_single_agent_miniscule,1,20573,297,1,50,50,1,0,121.55400085449219,4.0,4.0,4.0,0.3333333333333333,0.0,0,0,0,79,76,76,0,0.05063291139240506
stage1a_single_agent_miniscule,1,20652,298,1,50,50,1,0,121.22798156738281,4.0,4.0,4.0,0.4444444444444444,0.0,0,0,0,79,76,76,0,0.05063291139240506
stage1a_single_agent_miniscule,1,20663,299,1,50,50,1,0,145.8850555419922,4.0,4.0,4.0,0.2222222222222222,0.0,0,0,0,11,6,6,0,0.36363636363636365
stage1a_single_agent_miniscule,1,20714,300,1,50,50,1,0,133.45565795898438,4.0,4.0,4.0,0.4444444444444444,0.0,0,0,0,51,23,23,0,0.0784313725490196
stage1a_single_agent_miniscule,1,20754,301,1,50,50,1,0,139.78814697265625,4.0,4.0,4.0,0.3333333333333333,0.0,0,0,0,40,37,37,0,0.1
stage1a_single_agent_miniscule,1,20825,302,1,50,50,1,0,130.39993286132812,4.0,4.0,4.0,0.4444444444444444,0.0,0,0,0,71,68,68,0,0.056338028169014086
stage1a_single_agent_miniscule,1,20877,303,1,50,50,1,0,131.97845458984375,4.0,4.0,4.0,0.3333333333333333,0.0,0,0,0,52,47,47,0,0.07692307692307693
stage1a_single_agent_miniscule,1,20909,304,1,50,50,1,0,142.60293579101562,4.0,4.0,4.0,0.3333333333333333,0.0,0,0,0,32,27,27,0,0.125
stage1a_single_agent_miniscule,1,21029,305,1,50,50,1,0,50.77606201171875,2.0,2.0,2.0,0.4444444444444444,0.0,0,0,2,120,116,116,0,0.016666666666666666
stage1a_single_agent_miniscule,1,21149,306,1,50,50,1,0,85.75430297851562,3.0,3.0,3.0,0.4444444444444444,0.0,0,0,1,120,64,64,0,0.025
stage1a_single_agent_miniscule,1,21175,307,1,50,50,1,0,144.17779541015625,4.0,4.0,4.0,0.3333333333333333,0.0,0,0,0,26,23,23,0,0.15384615384615385
stage1a_single_agent_miniscule,1,21179,308,1,50,50,1,0,148.94906616210938,4.0,4.0,4.0,0.1111111111111111,0.0,0,0,0,4,1,1,0,1.0
stage1a_single_agent_miniscule,1,21238,309,1,50,50,1,0,124.70597076416016,4.0,4.0,4.0,0.4444444444444444,0.0,0,0,0,59,21,21,0,0.06779661016949153
stage1a_single_agent_miniscule,1,21271,310,1,50,50,1,0,138.2017822265625,4.0,4.0,4.0,0.3333333333333333,0.0,0,0,0,33,30,30,0,0.12121212121212122
stage1a_single_agent_miniscule,1,21350,311,1,50,50,1,0,122.73384857177734,4.0,4.0,4.0,0.3333333333333333,0.0,0,0,0,79,50,50,0,0.05063291139240506
stage1a_single_agent_miniscule,1,21470,312,1,50,50,1,0,72.43592834472656,3.0,3.0,3.0,0.4444444444444444,0.0,0,0,1,120,72,72,0,0.025
stage1a_single_agent_miniscule,1,21565,313,1,50,50,1,0,115.27999114990234,4.0,4.0,4.0,0.4444444444444444,0.0,0,0,0,95,91,91,0,0.042105263157894736
stage1a_single_agent_miniscule,1,21685,314,1,50,50,1,0,-22.256946563720703,0.0,0.0,0.0,0.4444444444444444,0.0,0,0,4,120,-1,-1,-1,0.0
stage1a_single_agent_miniscule,1,21783,315,1,50,50,1,0,115.35110473632812,4.0,4.0,4.0,0.4444444444444444,0.0,0,0,0,98,95,95,0,0.04081632653061224
stage1a_single_agent_miniscule,1,21831,316,1,50,50,1,0,136.66433715820312,4.0,4.0,4.0,0.3333333333333333,0.0,0,0,0,48,45,45,0,0.08333333333333333
stage1a_single_agent_miniscule,1,21835,317,1,50,50,1,0,148.93890380859375,4.0,4.0,4.0,0.1111111111111111,0.0,0,0,0,4,1,1,0,1.0
stage1a_single_agent_miniscule,1,21846,318,1,50,50,1,0,150.3699951171875,4.0,4.0,4.0,0.2222222222222222,0.0,0,0,0,11,6,6,0,0.36363636363636365
stage1a_single_agent_miniscule,1,21865,319,1,50,50,1,0,145.7986297607422,4.0,4.0,4.0,0.3333333333333333,0.0,0,0,0,19,16,16,0,0.21052631578947367
stage1a_single_agent_miniscule,1,21922,320,1,50,50,1,0,135.015869140625,4.0,4.0,4.0,0.4444444444444444,0.0,0,0,0,57,29,29,0,0.07017543859649122
stage1a_single_agent_miniscule,1,21987,321,1,50,50,1,0,133.2924041748047,4.0,4.0,4.0,0.4444444444444444,0.0,0,0,0,65,4,4,0,0.06153846153846154
stage1a_single_agent_miniscule,1,22015,322,1,50,50,1,0,142.787841796875,4.0,4.0,4.0,0.3333333333333333,0.0,0,0,0,28,25,25,0,0.14285714285714285
stage1a_single_agent_miniscule,1,22019,323,1,50,50,1,0,150.44000244140625,4.0,4.0,4.0,0.1111111111111111,0.0,0,0,0,4,1,1,0,1.0
stage1a_single_agent_miniscule,1,22077,324,1,50,50,1,0,137.6832733154297,4.0,4.0,4.0,0.3333333333333333,0.0,0,0,0,58,55,55,0,0.06896551724137931
stage1a_single_agent_miniscule,1,22098,325,1,50,50,1,0,146.04470825195312,4.0,4.0,4.0,0.3333333333333333,0.0,0,0,0,21,18,18,0,0.19047619047619047
stage1a_single_agent_miniscule,1,22129,326,1,50,50,1,0,139.74658203125,4.0,4.0,4.0,0.2222222222222222,0.0,0,0,0,31,28,28,0,0.12903225806451613
stage1a_single_agent_miniscule,1,22189,327,1,50,50,1,0,140.82272338867188,4.0,4.0,4.0,0.3333333333333333,0.0,0,0,0,60,57,57,0,0.06666666666666667
stage1a_single_agent_miniscule,1,22216,328,1,50,50,1,0,141.1406707763672,4.0,4.0,4.0,0.2222222222222222,0.0,0,0,0,27,24,24,0,0.14814814814814814
stage1b_single_agent_tiny,2,22278,329,1,75,75,1,0,12.224058151245117,4.0,4.0,0.0,0.5625,0.02434517503050821,2,0,0,56,50,-1,-1,0.0
stage1b_single_agent_tiny,2,22360,330,1,75,75,1,0,8.768078804016113,4.0,4.0,0.0,0.4375,0.03289745107474851,3,0,0,82,62,-1,-1,0.0
stage1b_single_agent_tiny,2,22392,331,1,75,75,1,0,25.777729034423828,4.0,4.0,0.0,0.375,0.0625,1,0,0,32,27,-1,-1,0.0
stage1b_single_agent_tiny,2,22406,332,1,75,75,1,0,118.85694122314453,4.0,4.0,3.0,0.25,0.0,0,0,0,14,10,10,0,0.21428571428571427
stage1b_single_agent_tiny,2,22526,333,1,75,75,1,0,-45.99236297607422,0.0,0.0,0.0,0.25,0.0,0,0,4,120,-1,-1,-1,0.0
stage1b_single_agent_tiny,2,22578,334,1,75,75,1,0,15.1493558883667,4.0,4.0,0.0,0.25,0.1328019868188466,2,0,0,52,4,-1,-1,0.0
stage1b_single_agent_tiny,2,22627,335,1,75,75,1,0,21.04979133605957,4.0,4.0,0.0,0.375,0.0,0,0,0,49,45,-1,-1,0.0
stage1b_single_agent_tiny,2,22690,336,1,75,75,1,0,9.000748634338379,4.0,4.0,0.0,0.4375,0.0,2,0,0,63,54,-1,-1,0.0
stage1b_single_agent_tiny,2,22701,337,1,75,75,1,0,28.891193389892578,4.0,4.0,0.0,0.1875,0.007575757801532745,1,0,0,11,6,-1,-1,0.0
stage1b_single_agent_tiny,2,22821,338,1,75,75,1,0,33.9493293762207,3.0,3.0,1.0,0.4375,0.0006944444651405016,2,0,1,120,92,94,2,0.008333333333333333
stage1b_single_agent_tiny,2,22937,339,1,75,75,1,0,73.08487701416016,4.0,4.0,2.0,0.5,0.014871650761804255,1,0,0,116,99,99,0,0.017241379310344827
stage1b_single_agent_tiny,2,23057,340,1,75,75,1,0,-25.368688583374023,0.0,0.0,0.0,0.3125,0.0,0,0,4,120,-1,-1,-1,0.0
stage1b_single_agent_tiny,2,23084,341,1,75,75,1,0,25.839902877807617,4.0,4.0,0.0,0.3125,0.08516537894805272,2,0,0,27,21,-1,-1,0.0
stage1b_single_agent_tiny,2,23204,342,1,75,75,1,0,-29.655183792114258,0.0,0.0,0.0,0.3125,0.0,0,0,4,120,-1,-1,-1,0.0
stage1b_single_agent_tiny,2,23242,343,1,75,75,1,0,52.70730972290039,4.0,4.0,1.0,0.375,0.04563695175181094,2,0,0,38,32,32,0,0.02631578947368421
stage1b_single_agent_tiny,2,23255,344,1,75,75,1,0,30.491920471191406,4.0,4.0,0.0,0.125,0.09235566883133008,1,0,0,13,9,-1,-1,0.0
stage1b_single_agent_tiny,2,23268,345,1,75,75,1,0,30.362445831298828,4.0,4.0,0.0,0.1875,0.24324324268561143,2,0,0,13,8,-1,-1,0.0
stage1b_single_agent_tiny,2,23354,346,1,75,75,1,0,14.869560241699219,4.0,4.0,0.0,0.5,0.0,0,0,0,86,61,-1,-1,0.0
stage1b_single_agent_tiny,2,23427,347,1,75,75,1,0,49.63996505737305,4.0,4.0,1.0,0.4375,0.011091773130305826,1,0,0,73,47,48,1,0.0136986301369863
stage1b_single_agent_tiny,2,23437,348,1,75,75,1,0,28.85993003845215,4.0,4.0,0.0,0.0625,0.5,2,0,0,10,4,-1,-1,0.0
stage1b_single_agent_tiny,2,23519,349,1,75,75,1,0,104.79483032226562,4.0,4.0,3.0,0.5,0.0,0,0,0,82,62,62,0,0.036585365853658534
stage1b_single_agent_tiny,2,23559,350,1,75,75,1,0,55.685081481933594,4.0,4.0,1.0,0.375,0.09607416819781064,2,0,0,40,3,33,30,0.025
stage1b_single_agent_tiny,2,23575,351,1,75,75,1,0,29.032114028930664,4.0,4.0,0.0,0.3125,0.14114312990568578,5,0,0,16,10,-1,-1,0.0
stage1b_single_agent_tiny,2,23591,352,1,75,75,1,0,25.781944274902344,4.0,4.0,0.0,0.125,0.33260201709344983,2,0,0,16,8,-1,-1,0.0
stage1b_single_agent_tiny,2,23598,353,1,75,75,1,0,28.911401748657227,4.0,4.0,0.0,0.0625,0.0,0,0,0,7,2,-1,-1,0.0
stage1b_single_agent_tiny,2,23717,354,1,75,75,1,0,73.1645278930664,4.0,4.0,2.0,0.4375,0.0,0,0,0,119,51,51,0,0.01680672268907563
stage1b_single_agent_tiny,2,23756,355,1,75,75,1,0,25.870798110961914,4.0,4.0,0.0,0.375,0.0,1,0,0,39,32,-1,-1,0.0
stage1b_single_agent_tiny,2,23876,356,1,75,75,1,0,22.428878784179688,1.0,1.0,1.0,0.4375,0.0,0,0,3,120,15,15,0,0.008333333333333333
stage1b_single_agent_tiny,2,23967,357,1,75,75,1,0,106.36734008789062,4.0,4.0,3.0,0.4375,0.0,0,0,0,91,76,76,0,0.03296703296703297
stage1b_single_agent_tiny,2,23990,358,1,75,75,1,0,57.23628616333008,4.0,4.0,1.0,0.25,0.0,0,0,0,23,17,17,0,0.043478260869565216
stage1b_single_agent_tiny,2,24056,359,1,75,75,1,0,24.300472259521484,4.0,4.0,0.0,0.4375,0.0,0,0,0,66,18,-1,-1,0.0
stage1b_single_agent_tiny,2,24070,360,1,75,75,1,0,28.80963706970215,4.0,4.0,0.0,0.125,0.0,0,0,0,14,8,-1,-1,0.0
stage1b_single_agent_tiny,2,24116,361,1,75,75,1,0,25.636919021606445,4.0,4.0,0.0,0.375,0.10816762776559462,4,0,0,46,13,-1,-1,0.0
stage1b_single_agent_tiny,2,24131,362,1,75,75,1,0,58.824073791503906,4.0,4.0,1.0,0.1875,0.1115458349386851,3,0,0,15,9,15,6,0.06666666666666667
stage1b_single_agent_tiny,2,24159,363,1,75,75,1,0,28.811983108520508,4.0,4.0,0.0,0.25,0.07440476199345929,2,0,0,28,24,-1,-1,0.0
stage1b_single_agent_tiny,2,24229,364,1,75,75,1,0,25.418058395385742,4.0,4.0,0.0,0.3125,0.03087965327847217,1,0,0,70,6,-1,-1,0.0
stage1b_single_agent_tiny,2,24259,365,1,75,75,1,0,22.72357749938965,4.0,4.0,0.0,0.3125,0.01016414052185913,2,0,0,30,18,-1,-1,0.0
stage1b_single_agent_tiny,2,24280,366,1,75,75,1,0,25.883821487426758,4.0,4.0,0.0,0.1875,0.0,0,0,0,21,17,-1,-1,0.0
stage1b_single_agent_tiny,2,24320,367,1,75,75,1,0,57.02525329589844,4.0,4.0,1.0,0.3125,0.0,0,0,0,40,14,38,24,0.025
stage1b_single_agent_tiny,2,24404,368,1,75,75,1,0,10.437024116516113,4.0,4.0,0.0,0.3125,0.33692999717424665,1,0,0,84,20,-1,-1,0.0
stage1b_single_agent_tiny,2,24462,369,1,75,75,1,0,51.14065170288086,4.0,4.0,1.0,0.3125,0.02070040853116019,1,0,0,58,53,53,0,0.017241379310344827
stage1b_single_agent_tiny,2,24582,370,1,75,75,1,0,-18.83854103088379,0.0,0.0,0.0,0.4375,0.0,0,0,4,120,-1,-1,-1,0.0
stage1b_single_agent_tiny,2,24627,371,1,75,75,1,0,22.61717987060547,4.0,4.0,0.0,0.375,0.0046539632655266255,2,0,0,45,40,-1,-1,0.0
stage1b_single_agent_tiny,2,24698,372,1,75,75,1,0,16.364994049072266,4.0,4.0,0.0,0.375,0.0,0,0,0,71,33,-1,-1,0.0
stage1b_single_agent_tiny,2,24716,373,1,75,75,1,0,27.308446884155273,4.0,4.0,0.0,0.3125,0.1564231419728862,2,0,0,18,10,-1,-1,0.0
stage1b_single_agent_tiny,2,24836,374,1,75,75,1,0,-23.041337966918945,0.0,0.0,0.0,0.5625,0.0,0,0,4,120,-1,-1,-1,0.0
stage1b_single_agent_tiny,2,24861,375,1,75,75,1,0,57.372989654541016,4.0,4.0,1.0,0.25,0.009250310957431793,2,0,0,25,6,25,19,0.04
stage1b_single_agent_tiny,2,24908,376,1,75,75,1,0,27.12013053894043,4.0,4.0,0.0,0.5,0.0,0,0,0,47,42,-1,-1,0.0
stage1b_single_agent_tiny,2,24937,377,1,75,75,1,0,21.328651428222656,4.0,4.0,0.0,0.25,0.18348061528201376,2,0,0,29,12,-1,-1,0.0
stage1b_single_agent_tiny,2,24982,378,1,75,75,1,0,22.605697631835938,4.0,4.0,0.0,0.375,0.0,0,0,0,45,40,-1,-1,0.0
stage1b_single_agent_tiny,2,25001,379,1,75,75,1,0,25.939651489257812,4.0,4.0,0.0,0.1875,0.10481141304205123,3,0,0,19,10,-1,-1,0.0
stage1b_single_agent_tiny,2,25042,380,1,75,75,1,0,21.111984252929688,4.0,4.0,0.0,0.3125,0.05188078718918671,3,0,0,41,21,-1,-1,0.0
stage1b_single_agent_tiny,2,25069,381,1,75,75,1,0,25.724578857421875,4.0,4.0,0.0,0.3125,0.0,0,0,0,27,21,-1,-1,0.0
stage1b_single_agent_tiny,2,25119,382,1,75,75,1,0,24.03245735168457,4.0,4.0,0.0,0.4375,0.0,0,0,0,50,30,-1,-1,0.0
stage1b_single_agent_tiny,2,25193,383,1,75,75,1,0,16.409997940063477,4.0,4.0,0.0,0.5,0.08164691444599649,2,0,0,74,37,-1,-1,0.0
stage1b_single_agent_tiny,2,25214,384,1,75,75,1,0,27.275707244873047,4.0,4.0,0.0,0.25,0.004290004416058461,1,0,0,21,7,-1,-1,0.0
stage1b_single_agent_tiny,2,25294,385,1,75,75,1,0,45.08063888549805,4.0,4.0,1.0,0.5,0.013966931123286485,2,0,0,80,68,68,0,0.0125
stage1b_single_agent_tiny,2,25369,386,1,75,75,1,0,11.749017715454102,4.0,4.0,0.0,0.25,0.02853200415770213,2,0,0,75,16,-1,-1,0.0
stage1b_single_agent_tiny,2,25489,387,1,75,75,1,0,-1.9743400812149048,3.0,3.0,0.0,0.5625,0.061528295546304436,3,0,1,120,17,-1,-1,0.0
stage1b_single_agent_tiny,2,25504,388,1,75,75,1,0,58.98800277709961,4.0,4.0,1.0,0.25,0.06666666666666667,1,0,0,15,2,3,1,0.06666666666666667
stage1b_single_agent_tiny,2,25516,389,1,75,75,1,0,28.86463165283203,4.0,4.0,0.0,0.1875,0.006944444651405017,2,0,0,12,6,-1,-1,0.0
stage1b_single_agent_tiny,2,25534,390,1,75,75,1,0,27.434555053710938,4.0,4.0,0.0,0.25,0.0,2,0,0,18,13,-1,-1,0.0
stage1b_single_agent_tiny,2,25546,391,1,75,75,1,0,31.84917449951172,4.0,4.0,0.0,0.125,0.0,0,0,0,12,8,-1,-1,0.0
stage1b_single_agent_tiny,2,25574,392,1,75,75,1,0,25.9909725189209,4.0,4.0,0.0,0.3125,0.0,0,0,0,28,24,-1,-1,0.0
stage1b_single_agent_tiny,2,25609,393,1,75,75,1,0,115.84202575683594,4.0,4.0,3.0,0.1875,0.009300881624221801,1,0,0,35,9,10,1,0.08571428571428572
stage1b_single_agent_tiny,2,25645,394,1,75,75,1,0,27.361005783081055,4.0,4.0,0.0,0.5,0.09525707622783051,1,0,0,36,5,-1,-1,0.0
stage1b_single_agent_tiny,2,25698,395,1,75,75,1,0,21.304277420043945,4.0,4.0,0.0,0.4375,0.05660377358490566,1,0,0,53,48,-1,-1,0.0
stage1b_single_agent_tiny,2,25745,396,1,75,75,1,0,84.2867431640625,4.0,4.0,2.0,0.5,0.02127659574468085,1,0,0,47,30,30,0,0.0425531914893617
stage1b_single_agent_tiny,2,25785,397,1,75,75,1,0,24.245580673217773,4.0,4.0,0.0,0.4375,0.0,0,0,0,40,35,-1,-1,0.0
stage1b_single_agent_tiny,2,25880,398,1,75,75,1,0,14.833475112915039,4.0,4.0,0.0,0.5,0.022971093880110666,2,0,0,95,88,-1,-1,0.0
stage1b_single_agent_tiny,2,25894,399,1,75,75,1,0,27.35927391052246,4.0,4.0,0.0,0.25,0.05985979044011661,1,0,0,14,5,-1,-1,0.0
stage1b_single_agent_tiny,2,25922,400,1,75,75,1,0,57.32316207885742,4.0,4.0,1.0,0.375,0.03571428571428571,1,0,0,28,22,22,0,0.03571428571428571
stage1b_single_agent_tiny,2,25955,401,1,75,75,1,0,27.037729263305664,4.0,4.0,0.0,0.1875,0.030303030303030304,1,0,0,33,26,-1,-1,0.0
stage1b_single_agent_tiny,2,25973,402,1,75,75,1,0,27.445724487304688,4.0,4.0,0.0,0.25,0.0,0,0,0,18,10,-1,-1,0.0
stage1b_single_agent_tiny,2,26093,403,1,75,75,1,0,52.838783264160156,2.0,2.0,2.0,0.5,0.0,0,0,2,120,109,109,0,0.016666666666666666
stage1b_single_agent_tiny,2,26105,404,1,75,75,1,0,28.87687110900879,4.0,4.0,0.0,0.1875,0.16731217813988528,4,0,0,12,7,-1,-1,0.0
stage1b_single_agent_tiny,2,26161,405,1,75,75,1,0,82.73086547851562,4.0,4.0,2.0,0.375,0.0,0,0,0,56,51,51,0,0.03571428571428571
stage1b_single_agent_tiny,2,26274,406,1,75,75,1,0,16.398435592651367,4.0,4.0,0.0,0.5625,0.0007374631488217717,1,0,0,113,31,-1,-1,0.0
stage1b_single_agent_tiny,2,26313,407,1,75,75,1,0,145.83206176757812,4.0,4.0,4.0,0.3125,0.0,0,0,0,39,35,35,0,0.10256410256410256
stage1b_single_agent_tiny,2,26375,408,1,75,75,1,0,15.191405296325684,4.0,4.0,0.0,0.5,0.034032368455119734,2,0,0,62,50,-1,-1,0.0
stage1b_single_agent_tiny,2,26423,409,1,75,75,1,0,55.73912048339844,4.0,4.0,1.0,0.4375,0.0,0,0,0,48,24,29,5,0.020833333333333332
stage1b_single_agent_tiny,2,26454,410,1,75,75,1,0,114.45339965820312,4.0,4.0,3.0,0.3125,0.0,0,0,0,31,20,21,1,0.0967741935483871
stage1b_single_agent_tiny,2,26466,411,1,75,75,1,0,28.92118263244629,4.0,4.0,0.0,0.25,0.157943365474542,5,0,0,12,7,-1,-1,0.0
stage1b_single_agent_tiny,2,26491,412,1,75,75,1,0,28.719514846801758,4.0,4.0,0.0,0.25,0.0,0,0,0,25,5,-1,-1,0.0
stage1b_single_agent_tiny,2,26519,413,1,75,75,1,0,24.164562225341797,4.0,4.0,0.0,0.25,0.05907358468643257,2,0,0,28,8,-1,-1,0.0
stage1b_single_agent_tiny,2,26541,414,1,75,75,1,0,28.766874313354492,4.0,4.0,0.0,0.3125,0.0,0,0,0,22,14,-1,-1,0.0
stage1b_single_agent_tiny,2,26562,415,1,75,75,1,0,25.89153289794922,4.0,4.0,0.0,0.1875,0.004290004416058461,1,0,0,21,15,-1,-1,0.0
stage1b_single_agent_tiny,2,26601,416,1,75,75,1,0,25.840517044067383,4.0,4.0,0.0,0.4375,0.02979902961315253,1,0,0,39,26,-1,-1,0.0
stage1b_single_agent_tiny,2,26616,417,1,75,75,1,0,28.831541061401367,4.0,4.0,0.0,0.25,0.032071495552857716,1,0,0,15,9,-1,-1,0.0
stage1b_single_agent_tiny,2,26699,418,1,75,75,1,0,14.906059265136719,4.0,4.0,0.0,0.5625,0.0037563676575580276,2,0,0,83,79,-1,-1,0.0
stage1b_single_agent_tiny,2,26716,419,1,75,75,1,0,31.771963119506836,4.0,4.0,0.0,0.125,0.18137254916569767,2,0,0,17,13,-1,-1,0.0
stage1b_single_agent_tiny,2,26730,420,1,75,75,1,0,27.341035842895508,4.0,4.0,0.0,0.1875,0.1214899622968265,1,0,0,14,7,-1,-1,0.0
stage1b_single_agent_tiny,2,26785,421,1,75,75,1,0,18.102783203125,4.0,4.0,0.0,0.375,0.0,0,0,0,55,44,-1,-1,0.0
stage1b_single_agent_tiny,2,26796,422,1,75,75,1,0,60.37268829345703,4.0,4.0,1.0,0.1875,0.008804259059781378,1,0,0,11,6,6,0,0.09090909090909091
stage1b_single_agent_tiny,2,26916,423,1,75,75,1,0,3.32785964012146,2.0,2.0,0.0,0.5625,0.02975889651570469,1,0,2,120,7,-1,-1,0.0
stage1b_single_agent_tiny,2,26946,424,1,75,75,1,0,27.141948699951172,4.0,4.0,0.0,0.25,0.0,0,0,0,30,26,-1,-1,0.0
stage1b_single_agent_tiny,2,27011,425,1,75,75,1,0,21.112802505493164,4.0,4.0,0.0,0.375,0.0,1,0,0,65,13,-1,-1,0.0
stage1b_single_agent_tiny,2,27058,426,1,75,75,1,0,24.258214950561523,4.0,4.0,0.0,0.4375,0.001773049698231068,1,0,0,47,41,-1,-1,0.0
stage1b_single_agent_tiny,2,27130,427,1,75,75,1,0,13.521461486816406,4.0,4.0,0.0,0.4375,0.001157407441900836,1,0,0,72,58,-1,-1,0.0
stage1b_single_agent_tiny,2,27212,428,1,75,75,1,0,13.36111831665039,4.0,4.0,0.0,0.3125,0.014172709206255471,1,0,0,82,76,-1,-1,0.0
stage1b_single_agent_tiny,2,27273,429,1,75,75,1,0,16.508522033691406,4.0,4.0,0.0,0.3125,0.0395861734926212,3,0,0,61,55,-1,-1,0.0
stage1b_single_agent_tiny,2,27393,430,1,75,75,1,0,-17.529048919677734,0.0,0.0,0.0,0.5,0.0,0,0,4,120,-1,-1,-1,0.0
stage1b_single_agent_tiny,2,27464,431,1,75,75,1,0,21.09857749938965,4.0,4.0,0.0,0.4375,0.029247150408812393,2,0,0,71,43,-1,-1,0.0
stage1b_single_agent_tiny,2,27486,432,1,75,75,1,0,58.71406936645508,4.0,4.0,1.0,0.1875,0.0,0,0,0,22,8,8,0,0.045454545454545456
stage1b_single_agent_tiny,2,27499,433,1,75,75,1,0,29.024518966674805,4.0,4.0,0.0,0.25,0.0,0,0,0,13,9,-1,-1,0.0
stage1b_single_agent_tiny,2,27507,434,1,75,75,1,0,28.910959243774414,4.0,4.0,0.0,0.125,0.0,0,0,0,8,3,-1,-1,0.0
stage1b_single_agent_tiny,2,27541,435,1,75,75,1,0,24.23200798034668,4.0,4.0,0.0,0.3125,0.0,0,0,0,34,29,-1,-1,0.0
stage1b_single_agent_tiny,2,27550,436,1,75,75,1,0,60.43184280395508,4.0,4.0,1.0,0.1875,0.009259259535206689,2,0,0,9,4,9,5,0.1111111111111111
stage1b_single_agent_tiny,2,27631,437,1,75,75,1,0,15.23076343536377,4.0,4.0,0.0,0.4375,0.0,0,0,0,81,76,-1,-1,0.0
stage1b_single_agent_tiny,2,27733,438,1,75,75,1,0,11.74237060546875,4.0,4.0,0.0,0.4375,0.01628539324098942,1,0,0,102,95,-1,-1,0.0
stage1b_single_agent_tiny,2,27747,439,1,75,75,1,0,28.99483299255371,4.0,4.0,0.0,0.125,0.21685903732265746,2,0,0,14,8,-1,-1,0.0
stage1b_single_agent_tiny,2,27867,440,1,75,75,1,0,-14.886737823486328,2.0,2.0,0.0,0.5625,0.0,0,0,2,120,15,-1,-1,0.0
stage1b_single_agent_tiny,2,27971,441,1,75,75,1,0,14.570734977722168,4.0,4.0,0.0,0.5,0.049721469171345234,3,0,0,104,8,-1,-1,0.0
stage1b_single_agent_tiny,2,27984,442,1,75,75,1,0,117.5511703491211,4.0,4.0,3.0,0.25,0.006410256601296938,1,0,0,13,8,8,0,0.23076923076923078
stage1b_single_agent_tiny,2,28035,443,1,75,75,1,0,21.083742141723633,4.0,4.0,0.0,0.375,0.0196078431372549,1,0,0,51,26,-1,-1,0.0
stage1b_single_agent_tiny,2,28074,444,1,75,75,1,0,27.038286209106445,4.0,4.0,0.0,0.375,0.0,0,0,0,39,31,-1,-1,0.0
stage1b_single_agent_tiny,2,28093,445,1,75,75,1,0,24.253419876098633,4.0,4.0,0.0,0.1875,0.0056823093051973144,2,0,0,19,13,-1,-1,0.0
stage1b_single_agent_tiny,2,28103,446,1,75,75,1,0,27.38869857788086,4.0,4.0,0.0,0.125,0.2,1,0,0,10,5,-1,-1,0.0
stage1b_single_agent_tiny,2,28185,447,1,75,75,1,0,22.390527725219727,4.0,4.0,0.0,0.4375,0.07499557551530349,2,0,0,82,31,-1,-1,0.0
stage1b_single_agent_tiny,2,28227,448,1,75,75,1,0,21.204198837280273,4.0,4.0,0.0,0.4375,0.0,0,0,0,42,38,-1,-1,0.0
stage1b_single_agent_tiny,2,28247,449,1,75,75,1,0,28.72866439819336,4.0,4.0,0.0,0.125,0.15117803104221822,4,0,0,20,15,-1,-1,0.0
stage1b_single_agent_tiny,2,28264,450,1,75,75,1,0,25.92047691345215,4.0,4.0,0.0,0.125,0.0,0,0,0,17,12,-1,-1,0.0
stage1b_single_agent_tiny,2,28331,451,1,75,75,1,0,12.093040466308594,4.0,4.0,0.0,0.4375,0.16120475207789065,3,0,0,67,47,-1,-1,0.0
stage1b_single_agent_tiny,2,28451,452,1,75,75,1,0,-24.837905883789062,0.0,0.0,0.0,0.5,0.0,0,0,4,120,-1,-1,-1,0.0
stage1b_single_agent_tiny,2,28521,453,1,75,75,1,0,17.817182540893555,4.0,4.0,0.0,0.4375,0.0,0,0,0,70,44,-1,-1,0.0
stage1b_single_agent_tiny,2,28533,454,1,75,75,1,0,28.886638641357422,4.0,4.0,0.0,0.25,0.0,0,0,0,12,7,-1,-1,0.0
stage1b_single_agent_tiny,2,28579,455,1,75,75,1,0,49.988975524902344,4.0,4.0,1.0,0.375,0.12987316187228198,3,0,0,46,9,12,3,0.021739130434782608
stage1b_single_agent_tiny,2,28588,456,1,75,75,1,0,28.885351181030273,4.0,4.0,0.0,0.125,0.12912912832366097,1,0,0,9,3,-1,-1,0.0
stage1b_single_agent_tiny,2,28621,457,1,75,75,1,0,53.11853790283203,4.0,4.0,1.0,0.375,0.0025252526005109153,2,0,0,33,20,20,0,0.030303030303030304
stage1b_single_agent_tiny,2,28665,458,1,75,75,1,0,52.764381408691406,4.0,4.0,1.0,0.375,0.0,1,0,0,44,40,44,4,0.022727272727272728
stage1b_single_agent_tiny,2,28737,459,1,75,75,1,0,15.255453109741211,4.0,4.0,0.0,0.5,0.12763444176461133,2,0,0,72,15,-1,-1,0.0
stage1b_single_agent_tiny,2,28817,460,1,75,75,1,0,45.27025604248047,4.0,4.0,1.0,0.5,0.04626823756843805,1,0,0,80,5,78,73,0.0125
stage1b_single_agent_tiny,2,28898,461,1,75,75,1,0,16.068994522094727,4.0,4.0,0.0,0.3125,0.0,0,0,0,81,57,-1,-1,0.0
stage1b_single_agent_tiny,2,28980,462,1,75,75,1,0,40.42920684814453,4.0,4.0,1.0,0.3125,0.05551476623272387,1,0,0,82,42,42,0,0.012195121951219513
stage1b_single_agent_tiny,2,29100,463,1,75,75,1,0,-21.561954498291016,1.0,1.0,0.0,0.5,0.0,0,0,3,120,70,-1,-1,0.0
stage1b_single_agent_tiny,2,29133,464,1,75,75,1,0,18.276758193969727,4.0,4.0,0.0,0.3125,0.12121212121212122,2,0,0,33,27,-1,-1,0.0
stage1b_single_agent_tiny,2,29208,465,1,75,75,1,0,15.194053649902344,4.0,4.0,0.0,0.375,0.0011111111442248026,1,0,0,75,61,-1,-1,0.0
stage1b_single_agent_tiny,2,29221,466,1,75,75,1,0,58.84547805786133,4.0,4.0,1.0,0.125,0.0,0,0,0,13,9,9,0,0.07692307692307693
stage1b_single_agent_tiny,2,29243,467,1,75,75,1,0,28.881502151489258,4.0,4.0,0.0,0.1875,0.0,0,0,0,22,17,-1,-1,0.0
stage1b_single_agent_tiny,2,29282,468,1,75,75,1,0,24.172029495239258,4.0,4.0,0.0,0.3125,0.07692307692307693,1,0,0,39,34,-1,-1,0.0
stage1b_single_agent_tiny,2,29311,469,1,75,75,1,0,27.27121925354004,4.0,4.0,0.0,0.1875,0.10344827586206896,1,0,0,29,24,-1,-1,0.0
stage1b_single_agent_tiny,2,29347,470,1,75,75,1,0,51.26925277709961,4.0,4.0,1.0,0.375,0.002314814883801672,1,0,0,36,28,32,4,0.027777777777777776
stage1b_single_agent_tiny,2,29433,471,1,75,75,1,0,19.57154083251953,4.0,4.0,0.0,0.5,0.0,0,0,0,86,82,-1,-1,0.0
stage1b_single_agent_tiny,2,29455,472,1,75,75,1,0,25.956256866455078,4.0,4.0,0.0,0.375,0.05838686486028812,3,0,0,22,12,-1,-1,0.0
stage1b_single_agent_tiny,2,29467,473,1,75,75,1,0,30.424806594848633,4.0,4.0,0.0,0.25,0.3368572135465608,4,0,0,12,5,-1,-1,0.0
stage1b_single_agent_tiny,2,29482,474,1,75,75,1,0,27.333152770996094,4.0,4.0,0.0,0.1875,0.0405690610408783,1,0,0,15,4,-1,-1,0.0
stage1b_single_agent_tiny,2,29490,475,1,75,75,1,0,30.417016983032227,4.0,4.0,0.0,0.125,0.375,1,0,0,8,3,-1,-1,0.0
stage1b_single_agent_tiny,2,29504,476,1,75,75,1,0,30.427175521850586,4.0,4.0,0.0,0.3125,0.07317429069995082,2,0,0,14,4,-1,-1,0.0
stage1b_single_agent_tiny,2,29549,477,1,75,75,1,0,60.24245834350586,4.0,4.0,1.0,0.375,0.1806184565027555,2,0,0,45,3,43,40,0.022222222222222223
stage1b_single_agent_tiny,2,29580,478,1,75,75,1,0,25.774431228637695,4.0,4.0,0.0,0.3125,0.03748910177138544,1,0,0,31,25,-1,-1,0.0
stage1b_single_agent_tiny,2,29635,479,1,75,75,1,0,135.11289978027344,4.0,4.0,4.0,0.3125,0.0,0,0,0,55,52,52,0,0.07272727272727272
stage1b_single_agent_tiny,2,29674,480,1,75,75,1,0,25.72370719909668,4.0,4.0,0.0,0.375,0.0,0,0,0,39,20,-1,-1,0.0
stage1b_single_agent_tiny,2,29790,481,1,75,75,1,0,134.07083129882812,4.0,4.0,4.0,0.4375,0.0,0,0,0,116,113,113,0,0.034482758620689655
stage1b_single_agent_tiny,2,29902,482,1,75,75,1,0,36.33799743652344,4.0,4.0,1.0,0.5625,0.03684018608847899,3,0,0,112,34,112,78,0.008928571428571428
stage1b_single_agent_tiny,2,29910,483,1,75,75,1,0,28.92396354675293,4.0,4.0,0.0,0.125,0.3952702693641186,2,0,0,8,2,-1,-1,0.0
stage1b_single_agent_tiny,2,29923,484,1,75,75,1,0,30.392208099365234,4.0,4.0,0.0,0.25,0.0,0,0,0,13,4,-1,-1,0.0
stage1b_single_agent_tiny,2,29993,485,1,75,75,1,0,18.25238037109375,4.0,4.0,0.0,0.375,0.0023156981383051192,2,0,0,70,65,-1,-1,0.0
stage1b_single_agent_tiny,2,30047,486,1,75,75,1,0,142.65121459960938,4.0,4.0,4.0,0.375,0.0,0,0,0,54,51,51,0,0.07407407407407407
stage1b_single_agent_tiny,2,30083,487,1,75,75,1,0,24.574100494384766,4.0,4.0,0.0,0.3125,0.0389148470842176,2,0,0,36,30,-1,-1,0.0
stage1b_single_agent_tiny,2,30108,488,1,75,75,1,0,54.27910614013672,4.0,4.0,1.0,0.3125,0.08,2,0,0,25,15,15,0,0.04
stage1b_single_agent_tiny,2,30136,489,1,75,75,1,0,25.893760681152344,4.0,4.0,0.0,0.375,0.07984203259859766,1,0,0,28,23,-1,-1,0.0
stage1b_single_agent_tiny,2,30172,490,1,75,75,1,0,85.74510955810547,4.0,4.0,2.0,0.375,0.017824381589889526,1,0,0,36,18,25,7,0.05555555555555555
stage1b_single_agent_tiny,2,30201,491,1,75,75,1,0,58.770362854003906,4.0,4.0,1.0,0.1875,0.0,0,0,0,29,10,29,19,0.034482758620689655
stage1b_single_agent_tiny,2,30209,492,1,75,75,1,0,30.41755485534668,4.0,4.0,0.0,0.1875,0.0,0,0,0,8,3,-1,-1,0.0
stage1b_single_agent_tiny,2,30247,493,1,75,75,1,0,22.7332763671875,4.0,4.0,0.0,0.375,0.02631578947368421,1,0,0,38,32,-1,-1,0.0
stage1b_single_agent_tiny,2,30293,494,1,75,75,1,0,112.94688415527344,4.0,4.0,3.0,0.4375,0.0,1,0,0,46,12,12,0,0.06521739130434782
stage1b_single_agent_tiny,2,30309,495,1,75,75,1,0,27.47186279296875,4.0,4.0,0.0,0.1875,0.3164460814150516,2,0,0,16,4,-1,-1,0.0
stage1b_single_agent_tiny,2,30376,496,1,75,75,1,0,141.1141357421875,4.0,4.0,4.0,0.4375,0.0,0,0,0,67,44,44,0,0.05970149253731343
stage1b_single_agent_tiny,2,30394,497,1,75,75,1,0,28.758527755737305,4.0,4.0,0.0,0.125,0.0,0,0,0,18,14,-1,-1,0.0
stage1b_single_agent_tiny,2,30422,498,1,75,75,1,0,22.818382263183594,4.0,4.0,0.0,0.25,0.049579012606825144,2,0,0,28,18,-1,-1,0.0
stage1b_single_agent_tiny,2,30455,499,1,75,75,1,0,25.656801223754883,4.0,4.0,0.0,0.4375,0.11245549309321425,3,0,0,33,5,-1,-1,0.0
stage1b_single_agent_tiny,2,30534,500,1,75,75,1,0,81.1399917602539,4.0,4.0,2.0,0.5625,0.053628208769980486,1,0,0,79,42,49,7,0.02531645569620253
stage1b_single_agent_tiny,2,30565,501,1,75,75,1,0,57.38590621948242,4.0,4.0,1.0,0.4375,0.0032103757764543254,1,0,0,31,15,21,6,0.03225806451612903
stage1b_single_agent_tiny,2,30648,502,1,75,75,1,0,49.55826950073242,4.0,4.0,1.0,0.5625,0.0010040160941790386,1,0,0,83,71,71,0,0.012048192771084338
stage1b_single_agent_tiny,2,30672,503,1,75,75,1,0,25.871421813964844,4.0,4.0,0.0,0.25,0.0034722223257025084,2,0,0,24,19,-1,-1,0.0
stage1b_single_agent_tiny,2,30692,504,1,75,75,1,0,29.002153396606445,4.0,4.0,0.0,0.375,0.0,2,0,0,20,10,-1,-1,0.0
stage1b_single_agent_tiny,2,30716,505,1,75,75,1,0,57.237178802490234,4.0,4.0,1.0,0.3125,0.10272010539968808,1,0,0,24,18,18,0,0.041666666666666664
stage1b_single_agent_tiny,2,30774,506,1,75,75,1,0,84.25373840332031,4.0,4.0,2.0,0.5,0.0,0,0,0,58,51,51,0,0.034482758620689655
stage1b_single_agent_tiny,2,30825,507,1,75,75,1,0,49.6589469909668,4.0,4.0,1.0,0.3125,0.0,0,0,0,51,42,42,0,0.0196078431372549
stage1b_single_agent_tiny,2,30853,508,1,75,75,1,0,22.64557647705078,4.0,4.0,0.0,0.25,0.07740928749054936,3,0,0,28,21,-1,-1,0.0
stage1b_single_agent_tiny,2,30957,509,1,75,75,1,0,132.20809936523438,4.0,4.0,4.0,0.5,0.0,0,0,0,104,101,101,0,0.038461538461538464
stage1b_single_agent_tiny,2,31035,510,1,75,75,1,0,19.425138473510742,4.0,4.0,0.0,0.4375,0.0,0,0,0,78,12,-1,-1,0.0
stage1b_single_agent_tiny,2,31089,511,1,75,75,1,0,23.972110748291016,4.0,4.0,0.0,0.5,0.0,0,0,0,54,47,-1,-1,0.0
stage1b_single_agent_tiny,2,31100,512,1,75,75,1,0,30.380786895751953,4.0,4.0,0.0,0.1875,0.09117419084280053,3,0,0,11,6,-1,-1,0.0
stage1b_single_agent_tiny,2,31117,513,1,75,75,1,0,28.83359718322754,4.0,4.0,0.0,0.3125,0.0,0,0,0,17,13,-1,-1,0.0
stage1b_single_agent_tiny,2,31137,514,1,75,75,1,0,27.25634002685547,4.0,4.0,0.0,0.1875,0.0,0,0,0,20,15,-1,-1,0.0
stage1b_single_agent_tiny,2,31163,515,1,75,75,1,0,25.728647232055664,4.0,4.0,0.0,0.3125,0.0,0,0,0,26,9,-1,-1,0.0
stage1b_single_agent_tiny,2,31192,516,1,75,75,1,0,54.31791305541992,4.0,4.0,1.0,0.25,0.06460593974795835,2,0,0,29,23,27,4,0.034482758620689655
stage1b_single_agent_tiny,2,31236,517,1,75,75,1,0,19.425168991088867,4.0,4.0,0.0,0.25,0.10685960147318176,2,0,0,44,25,-1,-1,0.0
stage1b_single_agent_tiny,2,31356,518,1,75,75,1,0,23.695152282714844,2.0,2.0,1.0,0.5625,0.0,0,0,2,120,112,112,0,0.008333333333333333
stage1b_single_agent_tiny,2,31375,519,1,75,75,1,0,55.93678283691406,4.0,4.0,1.0,0.1875,0.061166429205944665,1,0,0,19,14,14,0,0.05263157894736842
stage1b_single_agent_tiny,2,31384,520,1,75,75,1,0,28.885364532470703,4.0,4.0,0.0,0.125,0.3541182629350159,3,0,0,9,3,-1,-1,0.0
stage1b_single_agent_tiny,2,31450,521,1,75,75,1,0,20.95560073852539,4.0,4.0,0.0,0.4375,0.050130465321920135,4,0,0,66,52,-1,-1,0.0
stage1b_single_agent_tiny,2,31563,522,1,75,75,1,0,-3.590360403060913,4.0,4.0,0.0,0.375,0.22253164274420226,3,0,0,113,51,-1,-1,0.0
stage1b_single_agent_tiny,2,31683,523,1,75,75,1,0,-25.699247360229492,1.0,1.0,0.0,0.4375,0.06134688143307964,2,0,3,120,64,-1,-1,0.0
stage1b_single_agent_tiny,2,31743,524,1,75,75,1,0,22.57923126220703,4.0,4.0,0.0,0.5625,0.0,0,0,0,60,55,-1,-1,0.0
stage1b_single_agent_tiny,2,31863,525,1,75,75,1,0,-14.905634880065918,2.0,2.0,0.0,0.375,0.0030725344472254316,1,0,2,120,111,-1,-1,0.0
stage1b_single_agent_tiny,2,31876,526,1,75,75,1,0,28.834739685058594,4.0,4.0,0.0,0.125,0.0,0,0,0,13,7,-1,-1,0.0
stage1b_single_agent_tiny,2,31953,527,1,75,75,1,0,20.959331512451172,4.0,4.0,0.0,0.4375,0.1329016378754145,1,0,0,77,4,-1,-1,0.0
stage1b_single_agent_tiny,2,32035,528,1,75,75,1,0,79.55284118652344,4.0,4.0,2.0,0.5,0.0,0,0,0,82,46,46,0,0.024390243902439025
stage1b_single_agent_tiny,2,32069,529,1,75,75,1,0,25.73777198791504,4.0,4.0,0.0,0.3125,0.0,0,0,0,34,29,-1,-1,0.0
stage1b_single_agent_tiny,2,32189,530,1,75,75,1,0,-17.003129959106445,0.0,0.0,0.0,0.5,0.0,0,0,4,120,-1,-1,-1,0.0
stage1b_single_agent_tiny,2,32279,531,1,75,75,1,0,10.396110534667969,4.0,4.0,0.0,0.375,0.022222222222222223,1,0,0,90,84,-1,-1,0.0
stage1b_single_agent_tiny,2,32399,532,1,75,75,1,0,-4.098543643951416,2.0,2.0,0.0,0.4375,0.008509693427671057,1,0,2,120,51,-1,-1,0.0
stage1b_single_agent_tiny,2,32434,533,1,75,75,1,0,19.74818992614746,4.0,4.0,0.0,0.4375,0.0231656486567642,2,0,0,35,29,-1,-1,0.0
stage1b_single_agent_tiny,2,32505,534,1,75,75,1,0,22.738140106201172,4.0,4.0,0.0,0.375,0.0,0,0,0,71,67,-1,-1,0.0
stage1b_single_agent_tiny,2,32562,535,1,75,75,1,0,51.569305419921875,4.0,4.0,1.0,0.4375,0.017543859649122806,1,0,0,57,33,35,2,0.017543859649122806
stage1b_single_agent_tiny,2,32591,536,1,75,75,1,0,24.280044555664062,4.0,4.0,0.0,0.25,0.07833990634515367,1,0,0,29,24,-1,-1,0.0
stage1b_single_agent_tiny,2,32621,537,1,75,75,1,0,28.826356887817383,4.0,4.0,0.0,0.4375,0.0,0,0,0,30,26,-1,-1,0.0
stage1b_single_agent_tiny,2,32710,538,1,75,75,1,0,19.270851135253906,4.0,4.0,0.0,0.5,0.0,0,0,0,89,84,-1,-1,0.0
stage1b_single_agent_tiny,2,32725,539,1,75,75,1,0,28.884159088134766,4.0,4.0,0.0,0.25,0.0,0,0,0,15,10,-1,-1,0.0
stage1b_single_agent_tiny,2,32759,540,1,75,75,1,0,28.779375076293945,4.0,4.0,0.0,0.375,0.0,0,0,0,34,29,-1,-1,0.0
stage1b_single_agent_tiny,2,32772,541,1,75,75,1,0,30.361181259155273,4.0,4.0,0.0,0.25,0.0,0,0,0,13,8,-1,-1,0.0
stage1b_single_agent_tiny,2,32807,542,1,75,75,1,0,24.064924240112305,4.0,4.0,0.0,0.1875,0.09780607141188478,2,0,0,35,22,-1,-1,0.0
stage1b_single_agent_tiny,2,32866,543,1,75,75,1,0,87.07067108154297,4.0,4.0,2.0,0.375,0.20854328236526856,1,0,0,59,6,58,52,0.03389830508474576
stage1b_single_agent_tiny,2,32880,544,1,75,75,1,0,25.961885452270508,4.0,4.0,0.0,0.125,0.005952381129775729,1,0,0,14,5,-1,-1,0.0
stage1b_single_agent_tiny,2,32938,545,1,75,75,1,0,22.44214630126953,4.0,4.0,0.0,0.4375,0.004804243397866857,1,0,0,58,10,-1,-1,0.0
stage1b_single_agent_tiny,2,32988,546,1,75,75,1,0,22.681373596191406,4.0,4.0,0.0,0.4375,0.0,0,0,0,50,45,-1,-1,0.0
stage1b_single_agent_tiny,2,33018,547,1,75,75,1,0,85.83380126953125,4.0,4.0,2.0,0.375,0.008121072904517253,1,0,0,30,11,19,8,0.06666666666666667
stage1b_single_agent_tiny,2,33029,548,1,75,75,1,0,27.349836349487305,4.0,4.0,0.0,0.125,0.23844049938700415,3,0,0,11,4,-1,-1,0.0
stage1b_single_agent_tiny,2,33096,549,1,75,75,1,0,19.80286407470703,4.0,4.0,0.0,0.5,0.0420226028845854,2,0,0,67,10,-1,-1,0.0
stage1b_single_agent_tiny,2,33118,550,1,75,75,1,0,25.729806900024414,4.0,4.0,0.0,0.1875,0.1951295303350145,2,0,0,22,10,-1,-1,0.0
stage1b_single_agent_tiny,2,33163,551,1,75,75,1,0,25.919374465942383,4.0,4.0,0.0,0.3125,0.054701342185338335,1,0,0,45,9,-1,-1,0.0
stage1b_single_agent_tiny,2,33272,552,1,75,75,1,0,9.874122619628906,4.0,4.0,0.0,0.5625,0.0,0,0,0,109,103,-1,-1,0.0
stage1b_single_agent_tiny,2,33313,553,1,75,75,1,0,22.634986877441406,4.0,4.0,0.0,0.375,0.024390243902439025,1,0,0,41,26,-1,-1,0.0
stage1b_single_agent_tiny,2,33332,554,1,75,75,1,0,28.791454315185547,4.0,4.0,0.0,0.25,0.0,0,0,0,19,13,-1,-1,0.0
stage1b_single_agent_tiny,2,33360,555,1,75,75,1,0,27.380172729492188,4.0,4.0,0.0,0.375,0.06074497901967594,1,0,0,28,23,-1,-1,0.0
stage1b_single_agent_tiny,2,33480,556,1,75,75,1,0,16.12600326538086,4.0,4.0,0.0,0.5,0.11349966113630217,3,0,0,120,3,-1,-1,0.0
stage1b_single_agent_tiny,2,33499,557,1,75,75,1,0,30.451271057128906,4.0,4.0,0.0,0.25,0.0,0,0,0,19,15,-1,-1,0.0
stage1b_single_agent_tiny,2,33542,558,1,75,75,1,0,19.630647659301758,4.0,4.0,0.0,0.375,0.0019379845538804697,1,0,0,43,39,-1,-1,0.0
stage1b_single_agent_tiny,2,33643,559,1,75,75,1,0,13.486593246459961,4.0,4.0,0.0,0.5,0.11920014842607007,3,0,0,101,59,-1,-1,0.0
stage1b_single_agent_tiny,2,33712,560,1,75,75,1,0,16.630046844482422,4.0,4.0,0.0,0.5625,0.028985507246376812,1,0,0,69,30,-1,-1,0.0
stage1b_single_agent_tiny,2,33723,561,1,75,75,1,0,27.368135452270508,4.0,4.0,0.0,0.125,0.21477962962605737,2,0,0,11,5,-1,-1,0.0
stage1b_single_agent_tiny,2,33789,562,1,75,75,1,0,112.5188217163086,4.0,4.0,3.0,0.4375,0.0,0,0,0,66,57,57,0,0.045454545454545456
stage1b_single_agent_tiny,2,33909,563,1,75,75,1,0,-31.900741577148438,0.0,0.0,0.0,0.5,0.0,0,0,4,120,-1,-1,-1,0.0
stage1b_single_agent_tiny,2,33992,564,1,75,75,1,0,19.20503044128418,4.0,4.0,0.0,0.5,0.0,0,0,0,83,73,-1,-1,0.0
stage1b_single_agent_tiny,2,33999,565,1,75,75,1,0,30.407949447631836,4.0,4.0,0.0,0.0625,0.0,0,0,0,7,2,-1,-1,0.0
stage1b_single_agent_tiny,2,34084,566,1,75,75,1,0,19.3555850982666,4.0,4.0,0.0,0.5,0.023529411764705882,1,0,0,85,80,-1,-1,0.0
stage1b_single_agent_tiny,2,34119,567,1,75,75,1,0,27.26787567138672,4.0,4.0,0.0,0.4375,0.0,0,0,0,35,31,-1,-1,0.0
stage1b_single_agent_tiny,2,34137,568,1,75,75,1,0,55.973907470703125,4.0,4.0,1.0,0.3125,0.004629629767603344,2,0,0,18,15,18,3,0.05555555555555555
stage1b_single_agent_tiny,2,34180,569,1,75,75,1,0,23.048067092895508,4.0,4.0,0.0,0.3125,0.02595849421828292,3,0,0,43,39,-1,-1,0.0
stage1b_single_agent_tiny,2,34192,570,1,75,75,1,0,25.841373443603516,4.0,4.0,0.0,0.125,0.17473723747146627,2,0,0,12,5,-1,-1,0.0
stage1b_single_agent_tiny,2,34243,571,1,75,75,1,0,21.257780075073242,4.0,4.0,0.0,0.5,0.014504153874940147,2,0,0,51,45,-1,-1,0.0
stage1b_single_agent_tiny,2,34353,572,1,75,75,1,0,-0.5497651100158691,4.0,4.0,0.0,0.4375,0.0,0,0,0,110,16,-1,-1,0.0
stage1b_single_agent_tiny,2,34374,573,1,75,75,1,0,60.484588623046875,4.0,4.0,1.0,0.3125,0.06809531063550994,2,0,0,21,3,19,16,0.047619047619047616
stage1b_single_agent_tiny,2,34401,574,1,75,75,1,0,22.83530616760254,4.0,4.0,0.0,0.3125,0.04164029951034873,1,0,0,27,22,-1,-1,0.0
stage1b_single_agent_tiny,2,34428,575,1,75,75,1,0,25.667011260986328,4.0,4.0,0.0,0.25,0.00618226724004166,2,0,0,27,19,-1,-1,0.0
stage1b_single_agent_tiny,2,34447,576,1,75,75,1,0,28.77174186706543,4.0,4.0,0.0,0.1875,0.008531519456913597,2,0,0,19,5,-1,-1,0.0
stage1b_single_agent_tiny,2,34468,577,1,75,75,1,0,30.23036003112793,4.0,4.0,0.0,0.1875,0.047619047619047616,1,0,0,21,16,-1,-1,0.0
stage1b_single_agent_tiny,2,34510,578,1,75,75,1,0,19.74753761291504,4.0,4.0,0.0,0.1875,0.01119171739334152,1,0,0,42,4,-1,-1,0.0
stage1b_single_agent_tiny,2,34624,579,1,75,75,1,0,14.60123348236084,4.0,4.0,0.0,0.5,0.04018281803776821,2,0,0,114,20,-1,-1,0.0
stage1b_single_agent_tiny,2,34674,580,1,75,75,1,0,114.37670135498047,4.0,4.0,3.0,0.4375,0.0,0,0,0,50,46,46,0,0.06
stage1b_single_agent_tiny,2,34693,581,1,75,75,1,0,148.93214416503906,4.0,4.0,4.0,0.25,0.0,0,0,0,19,16,16,0,0.21052631578947367
stage1b_single_agent_tiny,2,34728,582,1,75,75,1,0,22.830202102661133,4.0,4.0,0.0,0.25,0.053796279856136865,2,0,0,35,29,-1,-1,0.0
stage1b_single_agent_tiny,2,34801,583,1,75,75,1,0,105.3687973022461,4.0,4.0,3.0,0.5,0.0,0,0,0,73,13,13,0,0.0410958904109589
stage1b_single_agent_tiny,2,34859,584,1,75,75,1,0,22.766817092895508,4.0,4.0,0.0,0.5625,0.011305240079246718,1,0,0,58,46,-1,-1,0.0
stage1b_single_agent_tiny,2,34893,585,1,75,75,1,0,24.215316772460938,4.0,4.0,0.0,0.25,0.0,0,0,0,34,30,-1,-1,0.0
stage1b_single_agent_tiny,2,34960,586,1,75,75,1,0,43.655521392822266,4.0,4.0,1.0,0.5625,0.0,0,0,0,67,4,4,0,0.014925373134328358
stage1b_single_agent_tiny,2,34968,587,1,75,75,1,0,28.90325355529785,4.0,4.0,0.0,0.0625,0.0,0,0,0,8,4,-1,-1,0.0
stage1b_single_agent_tiny,2,34987,588,1,75,75,1,0,28.975645065307617,4.0,4.0,0.0,0.3125,0.10526315789473684,1,0,0,19,13,-1,-1,0.0
stage1b_single_agent_tiny,2,35076,589,1,75,75,1,0,10.530410766601562,4.0,4.0,0.0,0.5625,0.001088166850085339,1,0,0,89,56,-1,-1,0.0
stage1b_single_agent_tiny,2,35134,590,1,75,75,1,0,18.451030731201172,4.0,4.0,0.0,0.5,0.001436781652014831,1,0,0,58,8,-1,-1,0.0
stage1b_single_agent_tiny,2,35194,591,1,75,75,1,0,22.516530990600586,4.0,4.0,0.0,0.3125,0.03598941492576462,2,0,0,60,54,-1,-1,0.0
stage1b_single_agent_tiny,2,35305,592,1,75,75,1,0,3.628909111022949,4.0,4.0,0.0,0.3125,0.020863750093692058,2,0,0,111,102,-1,-1,0.0
stage1b_single_agent_tiny,2,35337,593,1,75,75,1,0,22.814800262451172,4.0,4.0,0.0,0.375,0.0,1,0,0,32,23,-1,-1,0.0
stage1b_single_agent_tiny,2,35457,594,1,75,75,1,0,-6.158963680267334,2.0,2.0,0.0,0.5,0.009999519772827625,2,0,2,120,19,-1,-1,0.0
stage1b_single_agent_tiny,2,35510,595,1,75,75,1,0,22.72199821472168,4.0,4.0,0.0,0.5,0.0015723270908841547,1,0,0,53,17,-1,-1,0.0
stage1b_single_agent_tiny,2,35600,596,1,75,75,1,0,10.707663536071777,4.0,4.0,0.0,0.5625,0.011261261264897056,1,0,0,90,56,-1,-1,0.0
stage1b_single_agent_tiny,2,35611,597,1,75,75,1,0,28.88577651977539,4.0,4.0,0.0,0.25,0.07370888479900631,2,0,0,11,5,-1,-1,0.0
stage1b_single_agent_tiny,2,35618,598,1,75,75,1,0,152.0500030517578,4.0,4.0,4.0,0.0625,0.0,0,0,0,7,4,4,0,0.5714285714285714
stage1b_single_agent_tiny,2,35627,599,1,75,75,1,0,28.90963363647461,4.0,4.0,0.0,0.125,0.009259259535206689,2,0,0,9,3,-1,-1,0.0
stage1b_single_agent_tiny,2,35662,600,1,75,75,1,0,22.844179153442383,4.0,4.0,0.0,0.1875,0.0,0,0,0,35,20,-1,-1,0.0
stage1b_single_agent_tiny,2,35723,601,1,75,75,1,0,22.581602096557617,4.0,4.0,0.0,0.4375,0.0,0,0,0,61,55,-1,-1,0.0
stage1b_single_agent_tiny,2,35731,602,1,75,75,1,0,30.39066505432129,4.0,4.0,0.0,0.125,0.0,0,0,0,8,3,-1,-1,0.0
stage1b_single_agent_tiny,2,35743,603,1,75,75,1,0,27.368061065673828,4.0,4.0,0.0,0.125,0.0,0,0,0,12,5,-1,-1,0.0
stage1b_single_agent_tiny,2,35765,604,1,75,75,1,0,28.75663185119629,4.0,4.0,0.0,0.25,0.0,0,0,0,22,17,-1,-1,0.0
stage1b_single_agent_tiny,2,35809,605,1,75,75,1,0,22.764020919799805,4.0,4.0,0.0,0.375,0.04604430058812299,1,0,0,44,34,-1,-1,0.0
stage1b_single_agent_tiny,2,35827,606,1,75,75,1,0,27.320371627807617,4.0,4.0,0.0,0.25,0.0,0,0,0,18,13,-1,-1,0.0
stage1b_single_agent_tiny,2,35900,607,1,75,75,1,0,13.26938247680664,4.0,4.0,0.0,0.5,0.0,0,0,0,73,10,-1,-1,0.0
stage1b_single_agent_tiny,2,35932,608,1,75,75,1,0,24.26772117614746,4.0,4.0,0.0,0.25,0.0,2,0,0,32,21,-1,-1,0.0
stage1b_single_agent_tiny,2,35944,609,1,75,75,1,0,28.882490158081055,4.0,4.0,0.0,0.1875,0.0,0,0,0,12,8,-1,-1,0.0
stage1b_single_agent_tiny,2,35950,610,1,75,75,1,0,31.93880844116211,4.0,4.0,0.0,0.125,0.0,0,0,0,6,2,-1,-1,0.0
stage1b_single_agent_tiny,2,36057,611,1,75,75,1,0,11.952957153320312,4.0,4.0,0.0,0.5625,0.05478242276427902,2,0,0,107,63,-1,-1,0.0
stage1b_single_agent_tiny,2,36069,612,1,75,75,1,0,30.388883590698242,4.0,4.0,0.0,0.1875,0.00992170802783221,1,0,0,12,7,-1,-1,0.0
stage1b_single_agent_tiny,2,36177,613,1,75,75,1,0,7.064306259155273,4.0,4.0,0.0,0.5,0.031734629051276934,4,0,0,108,80,-1,-1,0.0
stage1b_single_agent_tiny,2,36247,614,1,75,75,1,0,20.805992126464844,4.0,4.0,0.0,0.5,0.031138982390984893,1,0,0,70,22,-1,-1,0.0
stage1b_single_agent_tiny,2,36275,615,1,75,75,1,0,28.880935668945312,4.0,4.0,0.0,0.375,0.1166260199887412,2,0,0,28,24,-1,-1,0.0
stage1b_single_agent_tiny,2,36385,616,1,75,75,1,0,10.281174659729004,4.0,4.0,0.0,0.5625,0.00909090909090909,1,0,0,110,87,-1,-1,0.0
stage1b_single_agent_tiny,2,36424,617,1,75,75,1,0,23.99909782409668,4.0,4.0,0.0,0.25,0.0,0,0,0,39,3,-1,-1,0.0
stage1b_single_agent_tiny,2,36477,618,1,75,75,1,0,111.30484008789062,4.0,4.0,3.0,0.375,0.0,1,0,0,53,49,50,1,0.05660377358490566
stage1b_single_agent_tiny,2,36528,619,1,75,75,1,0,19.566621780395508,4.0,4.0,0.0,0.5625,0.0,0,0,0,51,46,-1,-1,0.0
stage1b_single_agent_tiny,2,36578,620,1,75,75,1,0,21.377883911132812,4.0,4.0,0.0,0.375,0.0,0,0,0,50,45,-1,-1,0.0
stage1b_single_agent_tiny,2,36621,621,1,75,75,1,0,21.153291702270508,4.0,4.0,0.0,0.3125,0.024464536133373894,1,0,0,43,37,-1,-1,0.0
stage1b_single_agent_tiny,2,36648,622,1,75,75,1,0,27.27757453918457,4.0,4.0,0.0,0.125,0.0,0,0,0,27,23,-1,-1,0.0
stage1b_single_agent_tiny,2,36717,623,1,75,75,1,0,15.071419715881348,4.0,4.0,0.0,0.375,0.0,0,0,0,69,38,-1,-1,0.0
stage1b_single_agent_tiny,2,36814,624,1,75,75,1,0,14.873804092407227,4.0,4.0,0.0,0.5625,0.0,1,0,0,97,90,-1,-1,0.0
stage1b_single_agent_tiny,2,36839,625,1,75,75,1,0,147.25405883789062,4.0,4.0,4.0,0.375,0.0,0,0,0,25,22,22,0,0.16
stage1b_single_agent_tiny,2,36956,626,1,75,75,1,0,1.4086418151855469,4.0,4.0,0.0,0.4375,0.1579576979080836,1,0,0,117,41,-1,-1,0.0
stage1b_single_agent_tiny,2,36994,627,1,75,75,1,0,24.212989807128906,4.0,4.0,0.0,0.375,0.0035607470934720417,1,0,0,38,33,-1,-1,0.0
stage1b_single_agent_tiny,2,37028,628,1,75,75,1,0,25.937175750732422,4.0,4.0,0.0,0.4375,0.0,0,0,0,34,29,-1,-1,0.0
stage1b_single_agent_tiny,2,37101,629,1,75,75,1,0,16.37265968322754,4.0,4.0,0.0,0.375,0.0273972602739726,1,0,0,73,67,-1,-1,0.0
stage1b_single_agent_tiny,2,37159,630,1,75,75,1,0,81.2490005493164,4.0,4.0,2.0,0.4375,0.0,0,0,0,58,52,52,0,0.034482758620689655
stage1b_single_agent_tiny,2,37175,631,1,75,75,1,0,27.38138771057129,4.0,4.0,0.0,0.3125,0.006052928103599697,1,0,0,16,10,-1,-1,0.0
stage1b_single_agent_tiny,2,37272,632,1,75,75,1,0,10.166305541992188,4.0,4.0,0.0,0.4375,0.0,0,0,0,97,75,-1,-1,0.0
stage1b_single_agent_tiny,2,37334,633,1,75,75,1,0,108.5132827758789,4.0,4.0,3.0,0.4375,0.0,0,0,0,62,4,4,0,0.04838709677419355
stage1b_single_agent_tiny,2,37371,634,1,75,75,1,0,25.719770431518555,4.0,4.0,0.0,0.3125,0.0,0,0,0,37,31,-1,-1,0.0
stage1b_single_agent_tiny,2,37407,635,1,75,75,1,0,139.54931640625,4.0,4.0,4.0,0.1875,0.0,0,0,0,36,33,33,0,0.1111111111111111
stage1b_single_agent_tiny,2,37447,636,1,75,75,1,0,60.330596923828125,4.0,4.0,1.0,0.3125,0.0,0,0,0,40,25,25,0,0.025
stage1b_single_agent_tiny,2,37567,637,1,75,75,1,0,-10.994657516479492,1.0,1.0,0.0,0.5,0.0,0,0,3,120,90,-1,-1,0.0
stage1b_single_agent_tiny,2,37687,638,1,75,75,1,0,-13.479425430297852,2.0,2.0,0.0,0.4375,0.0,0,0,2,120,10,-1,-1,0.0
stage1b_single_agent_tiny,2,37779,639,1,75,75,1,0,23.71709442138672,4.0,4.0,0.0,0.4375,0.0011882702465695531,1,0,0,92,87,-1,-1,0.0
stage1b_single_agent_tiny,2,37828,640,1,75,75,1,0,52.76264572143555,4.0,4.0,1.0,0.4375,0.0,0,0,0,49,2,2,0,0.02040816326530612
stage1b_single_agent_tiny,2,37847,641,1,75,75,1,0,28.774858474731445,4.0,4.0,0.0,0.1875,0.04174381389135593,1,0,0,19,7,-1,-1,0.0
stage1b_single_agent_tiny,2,37888,642,1,75,75,1,0,27.198955535888672,4.0,4.0,0.0,0.375,0.0,0,0,0,41,35,-1,-1,0.0
stage1b_single_agent_tiny,2,37921,643,1,75,75,1,0,28.736658096313477,4.0,4.0,0.0,0.25,0.0,0,0,0,33,28,-1,-1,0.0
stage1b_single_agent_tiny,2,38026,644,1,75,75,1,0,11.82197380065918,4.0,4.0,0.0,0.5625,0.0,0,0,0,105,29,-1,-1,0.0
stage1b_single_agent_tiny,2,38048,645,1,75,75,1,0,28.973846435546875,4.0,4.0,0.0,0.375,0.0,0,0,0,22,18,-1,-1,0.0
stage1b_single_agent_tiny,2,38059,646,1,75,75,1,0,27.408960342407227,4.0,4.0,0.0,0.1875,0.10565110499208624,1,0,0,11,6,-1,-1,0.0
stage1b_single_agent_tiny,2,38067,647,1,75,75,1,0,31.8956241607666,4.0,4.0,0.0,0.0625,0.0,0,0,0,8,4,-1,-1,0.0
stage1b_single_agent_tiny,2,38081,648,1,75,75,1,0,27.39278793334961,4.0,4.0,0.0,0.25,0.07142857142857142,1,0,0,14,7,-1,-1,0.0
stage1b_single_agent_tiny,2,38119,649,1,75,75,1,0,88.7313232421875,4.0,4.0,2.0,0.375,0.0,0,0,0,38,3,4,1,0.05263157894736842
stage1b_single_agent_tiny,2,38157,650,1,75,75,1,0,55.74992370605469,4.0,4.0,1.0,0.5,0.0,0,0,0,38,9,38,29,0.02631578947368421
stage1b_single_agent_tiny,2,38210,651,1,75,75,1,0,49.90475082397461,4.0,4.0,1.0,0.375,0.0,0,0,0,53,10,12,2,0.018867924528301886
stage1b_single_agent_tiny,2,38284,652,1,75,75,1,0,19.5882625579834,4.0,4.0,0.0,0.5625,0.0,1,0,0,74,67,-1,-1,0.0
stage1b_single_agent_tiny,2,38300,653,1,75,75,1,0,27.368675231933594,4.0,4.0,0.0,0.3125,0.25,1,0,0,16,9,-1,-1,0.0
stage1b_single_agent_tiny,2,38370,654,1,75,75,1,0,20.893779754638672,4.0,4.0,0.0,0.4375,0.03626728334597179,1,0,0,70,64,-1,-1,0.0
stage1b_single_agent_tiny,2,38376,655,1,75,75,1,0,31.916122436523438,4.0,4.0,0.0,0.0625,0.0,0,0,0,6,2,-1,-1,0.0
stage1b_single_agent_tiny,2,38454,656,1,75,75,1,0,20.810266494750977,4.0,4.0,0.0,0.375,0.01282051282051282,1,0,0,78,34,-1,-1,0.0
stage1b_single_agent_tiny,2,38494,657,1,75,75,1,0,24.177650451660156,4.0,4.0,0.0,0.375,0.0,0,0,0,40,36,-1,-1,0.0
stage1b_single_agent_tiny,2,38509,658,1,75,75,1,0,145.88002014160156,4.0,4.0,4.0,0.25,0.0,0,0,0,15,11,12,1,0.26666666666666666
stage1b_single_agent_tiny,2,38524,659,1,75,75,1,0,28.802886962890625,4.0,4.0,0.0,0.125,0.0,0,0,0,15,10,-1,-1,0.0
stage1b_single_agent_tiny,2,38546,660,1,75,75,1,0,28.88873863220215,4.0,4.0,0.0,0.1875,0.0,0,0,0,22,16,-1,-1,0.0
stage1b_single_agent_tiny,2,38569,661,1,75,75,1,0,87.29438018798828,4.0,4.0,2.0,0.25,0.0,0,0,0,23,11,13,2,0.08695652173913043
stage1b_single_agent_tiny,2,38675,662,1,75,75,1,0,10.167588233947754,4.0,4.0,0.0,0.5625,0.0,0,0,0,106,88,-1,-1,0.0
stage1b_single_agent_tiny,2,38693,663,1,75,75,1,0,25.779001235961914,4.0,4.0,0.0,0.1875,0.07765217208200031,1,0,0,18,13,-1,-1,0.0
stage1b_single_agent_tiny,2,38781,664,1,75,75,1,0,40.33401107788086,4.0,4.0,1.0,0.5,0.015055159773592923,1,0,0,88,82,82,0,0.011363636363636364
stage1b_single_agent_tiny,2,38819,665,1,75,75,1,0,25.773801803588867,4.0,4.0,0.0,0.375,0.0,0,0,0,38,5,-1,-1,0.0
stage1b_single_agent_tiny,2,38830,666,1,75,75,1,0,28.910606384277344,4.0,4.0,0.0,0.1875,0.0,0,0,0,11,5,-1,-1,0.0
stage1b_single_agent_tiny,2,38863,667,1,75,75,1,0,22.728670120239258,4.0,4.0,0.0,0.5,0.0,0,0,0,33,20,-1,-1,0.0
stage1b_single_agent_tiny,2,38879,668,1,75,75,1,0,28.8662166595459,4.0,4.0,0.0,0.3125,0.0,0,0,0,16,11,-1,-1,0.0
stage1b_single_agent_tiny,2,38942,669,1,75,75,1,0,13.579988479614258,4.0,4.0,0.0,0.5,0.0,0,0,0,63,57,-1,-1,0.0
stage1b_single_agent_tiny,2,39062,670,1,75,75,1,0,0.8016886711120605,3.0,3.0,0.0,0.5625,0.0,0,0,1,120,9,-1,-1,0.0
stage1b_single_agent_tiny,2,39105,671,1,75,75,1,0,84.31309509277344,4.0,4.0,2.0,0.4375,0.0,0,0,0,43,4,4,0,0.046511627906976744
stage1b_single_agent_tiny,2,39153,672,1,75,75,1,0,49.62893295288086,4.0,4.0,1.0,0.4375,0.054935307144963495,1,0,0,48,31,31,0,0.020833333333333332
stage1b_single_agent_tiny,2,39163,673,1,75,75,1,0,27.39467430114746,4.0,4.0,0.0,0.0625,0.0,0,0,0,10,2,-1,-1,0.0
stage1b_single_agent_tiny,2,39173,674,1,75,75,1,0,28.866992950439453,4.0,4.0,0.0,0.125,0.0,0,0,0,10,4,-1,-1,0.0
stage1b_single_agent_tiny,2,39220,675,1,75,75,1,0,18.098094940185547,4.0,4.0,0.0,0.375,0.02127659574468085,1,0,0,47,36,-1,-1,0.0
stage1b_single_agent_tiny,2,39264,676,1,75,75,1,0,16.679237365722656,4.0,4.0,0.0,0.375,0.0,0,0,0,44,37,-1,-1,0.0
stage1b_single_agent_tiny,2,39275,677,1,75,75,1,0,30.40318489074707,4.0,4.0,0.0,0.1875,0.004725004885007034,1,0,0,11,6,-1,-1,0.0
stage1b_single_agent_tiny,2,39365,678,1,75,75,1,0,108.0224380493164,4.0,4.0,3.0,0.5625,0.0,0,0,0,90,42,42,0,0.03333333333333333
stage1b_single_agent_tiny,2,39372,679,1,75,75,1,0,30.429019927978516,4.0,4.0,0.0,0.125,0.0,0,0,0,7,2,-1,-1,0.0
stage1b_single_agent_tiny,2,39441,680,1,75,75,1,0,19.623414993286133,4.0,4.0,0.0,0.4375,0.0,0,0,0,69,17,-1,-1,0.0
stage1b_single_agent_tiny,2,39470,681,1,75,75,1,0,22.779441833496094,4.0,4.0,0.0,0.5,0.0,0,0,0,29,24,-1,-1,0.0
stage1b_single_agent_tiny,2,39483,682,1,75,75,1,0,28.869884490966797,4.0,4.0,0.0,0.1875,0.17475825261611205,1,0,0,13,7,-1,-1,0.0
stage1b_single_agent_tiny,2,39506,683,1,75,75,1,0,25.799898147583008,4.0,4.0,0.0,0.375,0.0,0,0,0,23,18,-1,-1,0.0
stage1b_single_agent_tiny,2,39560,684,1,75,75,1,0,52.90290832519531,4.0,4.0,1.0,0.5,0.0,0,0,0,54,27,27,0,0.018518518518518517
stage1b_single_agent_tiny,2,39590,685,1,75,75,1,0,27.4726619720459,4.0,4.0,0.0,0.3125,0.0,1,0,0,30,11,-1,-1,0.0
stage1b_single_agent_tiny,2,39626,686,1,75,75,1,0,18.158103942871094,4.0,4.0,0.0,0.3125,0.0,0,0,0,36,17,-1,-1,0.0
stage1b_single_agent_tiny,2,39634,687,1,75,75,1,0,31.88695526123047,4.0,4.0,0.0,0.0625,0.0,0,0,0,8,4,-1,-1,0.0
stage1b_single_agent_tiny,2,39667,688,1,75,75,1,0,49.81436538696289,4.0,4.0,1.0,0.375,0.0,0,0,0,33,28,28,0,0.030303030303030304
stage1b_single_agent_tiny,2,39748,689,1,75,75,1,0,13.471802711486816,4.0,4.0,0.0,0.375,0.10964348816232365,1,0,0,81,35,-1,-1,0.0
stage1b_single_agent_tiny,2,39767,690,1,75,75,1,0,28.755062103271484,4.0,4.0,0.0,0.1875,0.15789473684210525,1,0,0,19,13,-1,-1,0.0
stage1b_single_agent_tiny,2,39828,691,1,75,75,1,0,16.91744613647461,4.0,4.0,0.0,0.4375,0.0,0,0,0,61,55,-1,-1,0.0
stage1b_single_agent_tiny,2,39896,692,1,75,75,1,0,16.716102600097656,4.0,4.0,0.0,0.5,0.0,0,0,0,68,4,-1,-1,0.0
stage1b_single_agent_tiny,2,39938,693,1,75,75,1,0,22.747804641723633,4.0,4.0,0.0,0.375,0.0,0,0,0,42,25,-1,-1,0.0
stage1b_single_agent_tiny,2,40037,694,1,75,75,1,0,14.886849403381348,4.0,4.0,0.0,0.4375,0.0,0,0,0,99,16,-1,-1,0.0
stage1b_single_agent_tiny,2,40066,695,1,75,75,1,0,25.833139419555664,4.0,4.0,0.0,0.25,0.048197899912965705,1,0,0,29,24,-1,-1,0.0
stage1b_single_agent_tiny,2,40088,696,1,75,75,1,0,27.29909324645996,4.0,4.0,0.0,0.3125,0.04606879608366977,1,0,0,22,17,-1,-1,0.0
stage1b_single_agent_tiny,2,40159,697,1,75,75,1,0,48.00834274291992,4.0,4.0,1.0,0.5,0.003742060296132531,1,0,0,71,26,26,0,0.014084507042253521
stage1b_single_agent_tiny,2,40180,698,1,75,75,1,0,25.92365837097168,4.0,4.0,0.0,0.25,0.0,0,0,0,21,15,-1,-1,0.0
stage1b_single_agent_tiny,2,40232,699,1,75,75,1,0,21.101072311401367,4.0,4.0,0.0,0.5,0.0,0,0,0,52,47,-1,-1,0.0
stage1b_single_agent_tiny,2,40289,700,1,75,75,1,0,16.409643173217773,4.0,4.0,0.0,0.1875,0.001461988347664214,1,0,0,57,15,-1,-1,0.0
stage1b_single_agent_tiny,2,40336,701,1,75,75,1,0,54.28583908081055,4.0,4.0,1.0,0.375,0.0,0,0,0,47,43,43,0,0.02127659574468085
stage1b_single_agent_tiny,2,40389,702,1,75,75,1,0,48.35078811645508,4.0,4.0,1.0,0.3125,0.018867924528301886,1,0,0,53,2,3,1,0.018867924528301886
stage1b_single_agent_tiny,2,40410,703,1,75,75,1,0,30.321924209594727,4.0,4.0,0.0,0.3125,0.12556032175641685,2,0,0,21,6,-1,-1,0.0
stage1b_single_agent_tiny,2,40447,704,1,75,75,1,0,25.79851722717285,4.0,4.0,0.0,0.3125,0.003392862810476406,1,0,0,37,25,-1,-1,0.0
stage1b_single_agent_tiny,2,40472,705,1,75,75,1,0,24.374980926513672,4.0,4.0,0.0,0.1875,0.0,0,0,0,25,20,-1,-1,0.0
stage1b_single_agent_tiny,2,40516,706,1,75,75,1,0,21.411985397338867,4.0,4.0,0.0,0.5,0.0,0,0,0,44,15,-1,-1,0.0
stage1b_single_agent_tiny,2,40545,707,1,75,75,1,0,20.039642333984375,4.0,4.0,0.0,0.125,0.3719047666366758,5,0,0,29,2,-1,-1,0.0
stage1b_single_agent_tiny,2,40665,708,1,75,75,1,0,-15.953207969665527,0.0,0.0,0.0,0.5,0.0,0,0,4,120,-1,-1,-1,0.0
stage1b_single_agent_tiny,2,40717,709,1,75,75,1,0,22.67954444885254,4.0,4.0,0.0,0.375,0.002602084414460338,1,0,0,52,46,-1,-1,0.0
stage1b_single_agent_tiny,2,40773,710,1,75,75,1,0,20.993255615234375,4.0,4.0,0.0,0.5,0.0,0,0,0,56,50,-1,-1,0.0
stage1b_single_agent_tiny,2,40809,711,1,75,75,1,0,54.266597747802734,4.0,4.0,1.0,0.375,0.0,0,0,0,36,28,28,0,0.027777777777777776
stage1b_single_agent_tiny,2,40818,712,1,75,75,1,0,30.401399612426758,4.0,4.0,0.0,0.125,0.0,2,0,0,9,5,-1,-1,0.0
stage1b_single_agent_tiny,2,40870,713,1,75,75,1,0,106.8740005493164,4.0,4.0,3.0,0.375,0.020833333381093465,2,0,0,52,36,36,0,0.057692307692307696
stage1b_single_agent_tiny,2,40896,714,1,75,75,1,0,27.388078689575195,4.0,4.0,0.0,0.25,0.0,0,0,0,26,21,-1,-1,0.0
stage1b_single_agent_tiny,2,40905,715,1,75,75,1,0,118.94047546386719,4.0,4.0,3.0,0.1875,0.0,0,0,0,9,2,4,2,0.3333333333333333
stage1b_single_agent_tiny,2,40953,716,1,75,75,1,0,28.534799575805664,4.0,4.0,0.0,0.375,0.0,0,0,0,48,43,-1,-1,0.0
stage1b_single_agent_tiny,2,41001,717,1,75,75,1,0,18.094758987426758,4.0,4.0,0.0,0.4375,0.02327821853881081,2,0,0,48,42,-1,-1,0.0
stage1b_single_agent_tiny,2,41031,718,1,75,75,1,0,120.31819915771484,4.0,4.0,3.0,0.3125,0.0,0,0,0,30,23,24,1,0.1
stage1b_single_agent_tiny,2,41063,719,1,75,75,1,0,141.48410034179688,4.0,4.0,4.0,0.375,0.0,0,0,0,32,29,29,0,0.125
stage1b_single_agent_tiny,2,41077,720,1,75,75,1,0,25.852632522583008,4.0,4.0,0.0,0.125,0.0,0,0,0,14,9,-1,-1,0.0
stage1b_single_agent_tiny,2,41103,721,1,75,75,1,0,58.91556930541992,4.0,4.0,1.0,0.4375,0.0,0,0,0,26,19,19,0,0.038461538461538464
stage1b_single_agent_tiny,2,41114,722,1,75,75,1,0,28.888818740844727,4.0,4.0,0.0,0.1875,0.08151395077055151,1,0,0,11,3,-1,-1,0.0
stage1b_single_agent_tiny,2,41133,723,1,75,75,1,0,117.43854522705078,4.0,4.0,3.0,0.1875,0.0,0,0,0,19,15,15,0,0.15789473684210525
stage1b_single_agent_tiny,2,41152,724,1,75,75,1,0,24.318021774291992,4.0,4.0,0.0,0.3125,0.11264531157518688,1,0,0,19,13,-1,-1,0.0
stage1b_single_agent_tiny,2,41163,725,1,75,75,1,0,30.426515579223633,4.0,4.0,0.0,0.25,0.0,0,0,0,11,6,-1,-1,0.0
stage1b_single_agent_tiny,2,41174,726,1,75,75,1,0,90.441162109375,4.0,4.0,2.0,0.25,0.0,0,0,0,11,7,7,0,0.18181818181818182
stage1b_single_agent_tiny,2,41277,727,1,75,75,1,0,12.315702438354492,4.0,4.0,0.0,0.5,0.0,0,0,0,103,9,-1,-1,0.0
stage1b_single_agent_tiny,2,41397,728,1,75,75,1,0,1.1154332160949707,3.0,3.0,0.0,0.4375,0.0,0,0,1,120,13,-1,-1,0.0
stage1b_single_agent_tiny,2,41407,729,1,75,75,1,0,28.853666305541992,4.0,4.0,0.0,0.0625,0.3448015086352825,1,0,0,10,5,-1,-1,0.0
stage1b_single_agent_tiny,2,41453,730,1,75,75,1,0,22.841480255126953,4.0,4.0,0.0,0.4375,0.0,0,0,0,46,39,-1,-1,0.0
stage1b_single_agent_tiny,2,41468,731,1,75,75,1,0,28.839736938476562,4.0,4.0,0.0,0.125,0.0,0,0,0,15,8,-1,-1,0.0
stage1b_single_agent_tiny,2,41478,732,1,75,75,1,0,57.4170036315918,4.0,4.0,1.0,0.125,0.0,0,0,0,10,7,10,3,0.1
stage1b_single_agent_tiny,2,41496,733,1,75,75,1,0,27.441205978393555,4.0,4.0,0.0,0.125,0.0,0,0,0,18,12,-1,-1,0.0
stage1b_single_agent_tiny,2,41559,734,1,75,75,1,0,21.244909286499023,4.0,4.0,0.0,0.5,0.015873015873015872,1,0,0,63,56,-1,-1,0.0
stage1b_single_agent_tiny,2,41586,735,1,75,75,1,0,89.06548309326172,4.0,4.0,2.0,0.4375,0.0,0,0,0,27,17,17,0,0.07407407407407407
stage1b_single_agent_tiny,2,41626,736,1,75,75,1,0,52.92411422729492,4.0,4.0,1.0,0.5,0.0,0,0,0,40,36,40,4,0.025
stage1b_single_agent_tiny,2,41728,737,1,75,75,1,0,11.956012725830078,4.0,4.0,0.0,0.5,0.0,0,0,0,102,65,-1,-1,0.0
stage1b_single_agent_tiny,2,41752,738,1,75,75,1,0,21.276384353637695,4.0,4.0,0.0,0.3125,0.0,0,0,0,24,18,-1,-1,0.0
stage1b_single_agent_tiny,2,41863,739,1,75,75,1,0,9.263330459594727,4.0,4.0,0.0,0.5625,0.04777585896285805,2,0,0,111,104,-1,-1,0.0
stage1b_single_agent_tiny,2,41878,740,1,75,75,1,0,28.99952507019043,4.0,4.0,0.0,0.1875,0.0,0,0,0,15,8,-1,-1,0.0
stage1b_single_agent_tiny,2,41898,741,1,75,75,1,0,27.340652465820312,4.0,4.0,0.0,0.3125,0.0,0,0,0,20,6,-1,-1,0.0
stage1b_single_agent_tiny,2,41907,742,1,75,75,1,0,150.46543884277344,4.0,4.0,4.0,0.25,0.0,0,0,0,9,6,6,0,0.4444444444444444
stage1b_single_agent_tiny,2,41929,743,1,75,75,1,0,55.92495346069336,4.0,4.0,1.0,0.25,0.0,0,0,0,22,17,17,0,0.045454545454545456
stage1b_single_agent_tiny,2,41968,744,1,75,75,1,0,30.409208297729492,4.0,4.0,0.0,0.5625,0.0,0,0,0,39,35,-1,-1,0.0
stage1b_single_agent_tiny,2,42017,745,1,75,75,1,0,52.83618927001953,4.0,4.0,1.0,0.5625,0.0,0,0,0,49,31,36,5,0.02040816326530612
stage1b_single_agent_tiny,2,42036,746,1,75,75,1,0,28.86588478088379,4.0,4.0,0.0,0.3125,0.0,0,0,0,19,15,-1,-1,0.0
stage1b_single_agent_tiny,2,42053,747,1,75,75,1,0,30.495433807373047,4.0,4.0,0.0,0.3125,0.0,0,0,0,17,12,-1,-1,0.0
stage1b_single_agent_tiny,2,42069,748,1,75,75,1,0,120.4112777709961,4.0,4.0,3.0,0.375,0.0,0,0,0,16,5,5,0,0.1875
stage1b_single_agent_tiny,2,42107,749,1,75,75,1,0,27.22565269470215,4.0,4.0,0.0,0.3125,0.0,0,0,0,38,27,-1,-1,0.0
stage1b_single_agent_tiny,2,42174,750,1,75,75,1,0,133.79428100585938,4.0,4.0,4.0,0.5625,0.0,0,0,0,67,43,43,0,0.05970149253731343
stage1b_single_agent_tiny,2,42215,751,1,75,75,1,0,18.242094039916992,4.0,4.0,0.0,0.4375,0.0,0,0,0,41,33,-1,-1,0.0
stage1b_single_agent_tiny,2,42292,752,1,75,75,1,0,15.127204895019531,4.0,4.0,0.0,0.5,0.0,0,0,0,77,50,-1,-1,0.0
stage1b_single_agent_tiny,2,42324,753,1,75,75,1,0,114.48375701904297,4.0,4.0,3.0,0.375,0.0,0,0,0,32,8,9,1,0.09375
stage1b_single_agent_tiny,2,42331,754,1,75,75,1,0,30.4318904876709,4.0,4.0,0.0,0.125,0.0,0,0,0,7,2,-1,-1,0.0
stage1b_single_agent_tiny,2,42353,755,1,75,75,1,0,24.290435791015625,4.0,4.0,0.0,0.25,0.18282160759818825,1,0,0,22,6,-1,-1,0.0
stage1b_single_agent_tiny,2,42420,756,1,75,75,1,0,15.245420455932617,4.0,4.0,0.0,0.5,0.0,0,0,0,67,50,-1,-1,0.0
stage1b_single_agent_tiny,2,42452,757,1,75,75,1,0,25.84697151184082,4.0,4.0,0.0,0.4375,0.0,0,0,0,32,27,-1,-1,0.0
stage1b_single_agent_tiny,2,42470,758,1,75,75,1,0,27.357555389404297,4.0,4.0,0.0,0.3125,0.0,0,0,0,18,11,-1,-1,0.0
stage1b_single_agent_tiny,2,42488,759,1,75,75,1,0,28.828838348388672,4.0,4.0,0.0,0.1875,0.0,0,0,0,18,12,-1,-1,0.0
stage1b_single_agent_tiny,2,42526,760,1,75,75,1,0,22.92340087890625,4.0,4.0,0.0,0.4375,0.02940406552270839,2,0,0,38,32,-1,-1,0.0
stage1b_single_agent_tiny,2,42558,761,1,75,75,1,0,22.7568416595459,4.0,4.0,0.0,0.1875,0.0,0,0,0,32,5,-1,-1,0.0
stage1b_single_agent_tiny,2,42583,762,1,75,75,1,0,24.361228942871094,4.0,4.0,0.0,0.25,0.0,0,0,0,25,20,-1,-1,0.0
stage1b_single_agent_tiny,2,42594,763,1,75,75,1,0,57.41521072387695,4.0,4.0,1.0,0.125,0.0,0,0,0,11,6,11,5,0.09090909090909091
stage1b_single_agent_tiny,2,42656,764,1,75,75,1,0,15.149375915527344,4.0,4.0,0.0,0.4375,0.0,0,0,0,62,32,-1,-1,0.0
stage1b_single_agent_tiny,2,42694,765,1,75,75,1,0,24.457937240600586,4.0,4.0,0.0,0.4375,0.0,0,0,0,38,32,-1,-1,0.0
stage1b_single_agent_tiny,2,42708,766,1,75,75,1,0,27.525409698486328,4.0,4.0,0.0,0.25,0.011578490691525596,2,0,0,14,9,-1,-1,0.0
stage1b_single_agent_tiny,2,42808,767,1,75,75,1,0,11.931049346923828,4.0,4.0,0.0,0.5625,0.07950463324785233,1,0,0,100,44,-1,-1,0.0
stage1b_single_agent_tiny,2,42842,768,1,75,75,1,0,25.790367126464844,4.0,4.0,0.0,0.3125,0.0,0,0,0,34,6,-1,-1,0.0
stage1b_single_agent_tiny,2,42962,769,1,75,75,1,0,-21.057321548461914,1.0,1.0,0.0,0.4375,0.0007507507728102306,1,0,3,120,97,-1,-1,0.0
stage1b_single_agent_tiny,2,43001,770,1,75,75,1,0,108.4240951538086,4.0,4.0,3.0,0.375,0.0,0,0,0,39,16,16,0,0.07692307692307693
stage1b_single_agent_tiny,2,43012,771,1,75,75,1,0,90.43424224853516,4.0,4.0,2.0,0.3125,0.0,0,0,0,11,7,7,0,0.18181818181818182
stage1b_single_agent_tiny,2,43020,772,1,75,75,1,0,30.399545669555664,4.0,4.0,0.0,0.125,0.010416666977107525,1,0,0,8,3,-1,-1,0.0
stage1b_single_agent_tiny,2,43140,773,1,75,75,1,0,19.017210006713867,2.0,2.0,1.0,0.5625,0.0,0,0,2,120,57,57,0,0.008333333333333333
stage1b_single_agent_tiny,2,43225,774,1,75,75,1,0,46.50008010864258,4.0,4.0,1.0,0.4375,0.04754886311643264,1,0,0,85,2,38,36,0.011764705882352941
stage1b_single_agent_tiny,2,43231,775,1,75,75,1,0,31.945541381835938,4.0,4.0,0.0,0.125,0.0,0,0,0,6,2,-1,-1,0.0
stage1b_single_agent_tiny,2,43295,776,1,75,75,1,0,109.61546325683594,4.0,4.0,3.0,0.5625,0.0,0,0,0,64,7,7,0,0.046875
stage1b_single_agent_tiny,2,43365,777,1,75,75,1,0,70.88291931152344,4.0,4.0,2.0,0.4375,0.0,0,0,0,70,43,45,2,0.02857142857142857
stage1b_single_agent_tiny,2,43376,778,1,75,75,1,0,30.42439842224121,4.0,4.0,0.0,0.25,0.16618248947303405,2,0,0,11,6,-1,-1,0.0
stage1b_single_agent_tiny,2,43408,779,1,75,75,1,0,28.686006546020508,4.0,4.0,0.0,0.375,0.0,0,0,0,32,17,-1,-1,0.0
stage1b_single_agent_tiny,2,43509,780,1,75,75,1,0,7.89670991897583,4.0,4.0,0.0,0.5625,0.0,0,0,0,101,70,-1,-1,0.0
stage1b_single_agent_tiny,2,43557,781,1,75,75,1,0,22.752418518066406,4.0,4.0,0.0,0.4375,0.0017361111628512542,1,0,0,48,38,-1,-1,0.0
stage1b_single_agent_tiny,2,43657,782,1,75,75,1,0,16.598424911499023,4.0,4.0,0.0,0.5625,0.0,0,0,0,100,72,-1,-1,0.0
stage1b_single_agent_tiny,2,43676,783,1,75,75,1,0,28.800100326538086,4.0,4.0,0.0,0.1875,0.0,0,0,0,19,13,-1,-1,0.0
stage1b_single_agent_tiny,2,43710,784,1,75,75,1,0,21.436405181884766,4.0,4.0,0.0,0.375,0.018890295752926785,1,0,0,34,27,-1,-1,0.0
stage1b_single_agent_tiny,2,43739,785,1,75,75,1,0,21.374635696411133,4.0,4.0,0.0,0.375,0.0,0,0,0,29,23,-1,-1,0.0
stage1b_single_agent_tiny,2,43762,786,1,75,75,1,0,25.93448257446289,4.0,4.0,0.0,0.25,0.0,0,0,0,23,17,-1,-1,0.0
stage1b_single_agent_tiny,2,43779,787,1,75,75,1,0,25.966249465942383,4.0,4.0,0.0,0.1875,0.24219732293311289,3,0,0,17,11,-1,-1,0.0
stage1b_single_agent_tiny,2,43814,788,1,75,75,1,0,27.143957138061523,4.0,4.0,0.0,0.4375,0.0,0,0,0,35,7,-1,-1,0.0
stage1b_single_agent_tiny,2,43840,789,1,75,75,1,0,27.158565521240234,4.0,4.0,0.0,0.125,0.14898244077518868,2,0,0,26,10,-1,-1,0.0
stage1b_single_agent_tiny,2,43883,790,1,75,75,1,0,109.9121322631836,4.0,4.0,3.0,0.5625,0.0,0,0,0,43,26,27,1,0.06976744186046512
stage1b_single_agent_tiny,2,43895,791,1,75,75,1,0,28.863292694091797,4.0,4.0,0.0,0.1875,0.0,0,0,0,12,6,-1,-1,0.0
stage1b_single_agent_tiny,2,43907,792,1,75,75,1,0,25.896047592163086,4.0,4.0,0.0,0.125,0.0,0,0,0,12,4,-1,-1,0.0
stage1b_single_agent_tiny,2,43919,793,1,75,75,1,0,89.08338165283203,4.0,4.0,2.0,0.3125,0.007983886559183398,2,0,0,12,9,11,2,0.16666666666666666
stage1b_single_agent_tiny,2,44016,794,1,75,75,1,0,8.819894790649414,4.0,4.0,0.0,0.5625,0.021294912265748093,1,0,0,97,91,-1,-1,0.0
stage1b_single_agent_tiny,2,44053,795,1,75,75,1,0,24.145904541015625,4.0,4.0,0.0,0.375,0.0,0,0,0,37,5,-1,-1,0.0
stage1b_single_agent_tiny,2,44107,796,1,75,75,1,0,15.092119216918945,4.0,4.0,0.0,0.4375,0.0,0,0,0,54,25,-1,-1,0.0
stage1b_single_agent_tiny,2,44126,797,1,75,75,1,0,58.93550109863281,4.0,4.0,1.0,0.1875,0.0,0,0,0,19,13,19,6,0.05263157894736842
stage1b_single_agent_tiny,2,44161,798,1,75,75,1,0,28.616405487060547,4.0,4.0,0.0,0.375,0.0,0,0,0,35,31,-1,-1,0.0
stage1b_single_agent_tiny,2,44175,799,1,75,75,1,0,30.38643455505371,4.0,4.0,0.0,0.3125,0.0,0,0,0,14,5,-1,-1,0.0
stage1b_single_agent_tiny,2,44186,800,1,75,75,1,0,28.868179321289062,4.0,4.0,0.0,0.125,0.0,0,0,0,11,7,-1,-1,0.0
stage1b_single_agent_tiny,2,44233,801,1,75,75,1,0,53.28801345825195,4.0,4.0,1.0,0.4375,0.0,0,0,0,47,20,22,2,0.02127659574468085
stage1b_single_agent_tiny,2,44273,802,1,75,75,1,0,18.219221115112305,4.0,4.0,0.0,0.3125,0.0,0,0,0,40,36,-1,-1,0.0
stage1b_single_agent_tiny,2,44391,803,1,75,75,1,0,3.0289130210876465,4.0,4.0,0.0,0.5,0.07392293555756747,2,0,0,118,24,-1,-1,0.0
stage1b_single_agent_tiny,2,44425,804,1,75,75,1,0,24.493745803833008,4.0,4.0,0.0,0.4375,0.0,0,0,0,34,29,-1,-1,0.0
stage1c_single_agent_small,3,44534,805,1,100,100,1,0,25.523942947387695,4.0,4.0,0.0,0.56,0.0,0,0,0,90,39,-1,-1,0.0
stage1c_single_agent_small,3,44595,806,1,100,100,1,0,27.404922485351562,4.0,4.0,0.0,0.44,0.0,0,0,0,61,15,-1,-1,0.0
stage1c_single_agent_small,3,44670,807,1,100,100,1,0,22.713756561279297,4.0,4.0,0.0,0.56,0.005176738401254018,3,0,0,75,71,-1,-1,0.0
stage1c_single_agent_small,3,44706,808,1,100,100,1,0,22.811410903930664,4.0,4.0,0.0,0.32,0.01145670021004561,1,0,0,36,32,-1,-1,0.0
stage1c_single_agent_small,3,44772,809,1,100,100,1,0,24.081369400024414,4.0,4.0,0.0,0.4,0.0,0,0,0,66,9,-1,-1,0.0
stage1c_single_agent_small,3,44800,810,1,100,100,1,0,60.45134353637695,4.0,4.0,1.0,0.4,0.0,0,0,0,28,24,24,0,0.03571428571428571
stage1c_single_agent_small,3,44844,811,1,100,100,1,0,25.724075317382812,4.0,4.0,0.0,0.36,0.0,0,0,0,44,9,-1,-1,0.0
stage1c_single_agent_small,3,44881,812,1,100,100,1,0,25.886672973632812,4.0,4.0,0.0,0.4,0.0,0,0,0,37,31,-1,-1,0.0
stage1c_single_agent_small,3,44946,813,1,100,100,1,0,18.182804107666016,4.0,4.0,0.0,0.48,0.0,0,0,0,65,36,-1,-1,0.0
stage1c_single_agent_small,3,44962,814,1,100,100,1,0,27.441972732543945,4.0,4.0,0.0,0.08,0.26291039027273655,4,0,0,16,11,-1,-1,0.0
stage1c_single_agent_small,3,45009,815,1,100,100,1,0,24.559621810913086,4.0,4.0,0.0,0.24,0.11654252578761984,1,0,0,47,37,-1,-1,0.0
stage1c_single_agent_small,3,45025,816,1,100,100,1,0,30.463726043701172,4.0,4.0,0.0,0.12,0.0,0,0,0,16,12,-1,-1,0.0
stage1c_single_agent_small,3,45068,817,1,100,100,1,0,21.480972290039062,4.0,4.0,0.0,0.24,0.0,0,0,0,43,20,-1,-1,0.0
stage1c_single_agent_small,3,45080,818,1,100,100,1,0,30.4058837890625,4.0,4.0,0.0,0.16,0.006944444651405017,2,0,0,12,4,-1,-1,0.0
stage1c_single_agent_small,3,45112,819,1,100,100,1,0,25.811819076538086,4.0,4.0,0.0,0.2,0.002815315398038365,1,0,0,32,21,-1,-1,0.0
stage1c_single_agent_small,3,45123,820,1,100,100,1,0,28.945072174072266,4.0,4.0,0.0,0.16,0.0,0,0,0,11,6,-1,-1,0.0
stage1c_single_agent_small,3,45212,821,1,100,100,1,0,136.67233276367188,4.0,4.0,4.0,0.52,0.0,0,0,0,89,14,14,0,0.0449438202247191
stage1c_single_agent_small,3,45326,822,1,100,100,1,0,81.12554168701172,4.0,4.0,2.0,0.56,0.02002729658494916,1,0,0,114,72,73,1,0.017543859649122806
stage1c_single_agent_small,3,45345,823,1,100,100,1,0,27.330617904663086,4.0,4.0,0.0,0.2,0.0,0,0,0,19,13,-1,-1,0.0
stage1c_single_agent_small,3,45377,824,1,100,100,1,0,24.517759323120117,4.0,4.0,0.0,0.32,0.0,0,0,0,32,27,-1,-1,0.0
stage1c_single_agent_small,3,45497,825,1,100,100,1,0,6.843255519866943,3.0,3.0,0.0,0.56,0.0,0,0,1,120,63,-1,-1,0.0
stage1c_single_agent_small,3,45565,826,1,100,100,1,0,21.30770492553711,4.0,4.0,0.0,0.48,0.06418727206833222,1,0,0,68,62,-1,-1,0.0
stage1c_single_agent_small,3,45615,827,1,100,100,1,0,27.327417373657227,4.0,4.0,0.0,0.32,0.05956661705859005,2,0,0,50,30,-1,-1,0.0
stage1c_single_agent_small,3,45729,828,1,100,100,1,0,19.53313446044922,4.0,4.0,0.0,0.56,0.0,0,0,0,114,71,-1,-1,0.0
stage1c_single_agent_small,3,45828,829,1,100,100,1,0,16.29664421081543,4.0,4.0,0.0,0.48,0.007628651467537639,2,0,0,99,92,-1,-1,0.0
stage1c_single_agent_small,3,45892,830,1,100,100,1,0,22.6678409576416,4.0,4.0,0.0,0.44,0.014594893051253166,1,0,0,64,53,-1,-1,0.0
stage1c_single_agent_small,3,46005,831,1,100,100,1,0,10.488079071044922,4.0,4.0,0.0,0.52,0.0007374631488217717,1,0,0,113,11,-1,-1,0.0
stage1c_single_agent_small,3,46080,832,1,100,100,1,0,18.397869110107422,4.0,4.0,0.0,0.52,0.02980769217014313,1,0,0,75,70,-1,-1,0.0
stage1c_single_agent_small,3,46120,833,1,100,100,1,0,87.30763244628906,4.0,4.0,2.0,0.36,0.01643513310700655,1,0,0,40,4,11,7,0.05
stage1c_single_agent_small,3,46240,834,1,100,100,1,0,-2.4188692569732666,2.0,2.0,0.0,0.56,0.0,0,0,2,120,61,-1,-1,0.0
stage1c_single_agent_small,3,46360,835,1,100,100,1,0,-13.24022102355957,1.0,1.0,0.0,0.44,0.04337586345306287,1,0,3,120,28,-1,-1,0.0
stage1c_single_agent_small,3,46387,836,1,100,100,1,0,25.809541702270508,4.0,4.0,0.0,0.32,0.0030864198450688963,1,0,0,27,13,-1,-1,0.0
stage1c_single_agent_small,3,46449,837,1,100,100,1,0,25.8002872467041,4.0,4.0,0.0,0.52,0.0,0,0,0,62,39,-1,-1,0.0
stage1c_single_agent_small,3,46485,838,1,100,100,1,0,25.719907760620117,4.0,4.0,0.0,0.36,0.0,0,0,0,36,5,-1,-1,0.0
stage1c_single_agent_small,3,46499,839,1,100,100,1,0,30.459131240844727,4.0,4.0,0.0,0.28,0.0,1,0,0,14,9,-1,-1,0.0
stage1c_single_agent_small,3,46581,840,1,100,100,1,0,15.386460304260254,4.0,4.0,0.0,0.52,0.00549531978464163,2,0,0,82,69,-1,-1,0.0
stage1c_single_agent_small,3,46687,841,1,100,100,1,0,48.26396179199219,4.0,4.0,1.0,0.56,0.0007861635454420773,1,0,0,106,37,38,1,0.009433962264150943
stage1c_single_agent_small,3,46694,842,1,100,100,1,0,148.9507293701172,4.0,4.0,4.0,0.08,0.0,0,0,0,7,3,3,0,0.5714285714285714
stage1c_single_agent_small,3,46710,843,1,100,100,1,0,28.919713973999023,4.0,4.0,0.0,0.24,0.0,0,0,0,16,10,-1,-1,0.0
stage1c_single_agent_small,3,46761,844,1,100,100,1,0,27.499914169311523,4.0,4.0,0.0,0.52,0.026349341195514974,1,0,0,51,17,-1,-1,0.0
stage1c_single_agent_small,3,46783,845,1,100,100,1,0,28.96042251586914,4.0,4.0,0.0,0.16,0.0,0,0,0,22,13,-1,-1,0.0
stage1c_single_agent_small,3,46823,846,1,100,100,1,0,28.79366111755371,4.0,4.0,0.0,0.48,0.0,0,0,0,40,6,-1,-1,0.0
stage1c_single_agent_small,3,46914,847,1,100,100,1,0,16.699115753173828,4.0,4.0,0.0,0.6,0.0,0,0,0,91,74,-1,-1,0.0
stage1c_single_agent_small,3,46958,848,1,100,100,1,0,24.531972885131836,4.0,4.0,0.0,0.44,0.03697019510648467,3,0,0,44,8,-1,-1,0.0
stage1c_single_agent_small,3,47053,849,1,100,100,1,0,16.55983543395996,4.0,4.0,0.0,0.48,0.0,0,0,0,95,56,-1,-1,0.0
stage1c_single_agent_small,3,47166,850,1,100,100,1,0,18.074052810668945,4.0,4.0,0.0,0.52,0.008943849432784898,1,0,0,113,103,-1,-1,0.0
stage1c_single_agent_small,3,47193,851,1,100,100,1,0,28.98711395263672,4.0,4.0,0.0,0.32,0.0,2,0,0,27,12,-1,-1,0.0
stage1c_single_agent_small,3,47226,852,1,100,100,1,0,27.33211898803711,4.0,4.0,0.0,0.2,0.04458983809771863,2,0,0,33,15,-1,-1,0.0
stage1c_single_agent_small,3,47310,853,1,100,100,1,0,13.608795166015625,4.0,4.0,0.0,0.44,0.0,1,0,0,84,44,-1,-1,0.0
stage1c_single_agent_small,3,47382,854,1,100,100,1,0,21.265302658081055,4.0,4.0,0.0,0.56,0.0,0,0,0,72,20,-1,-1,0.0
stage1c_single_agent_small,3,47414,855,1,100,100,1,0,27.514360427856445,4.0,4.0,0.0,0.24,0.06767542085435707,3,0,0,32,14,-1,-1,0.0
stage1c_single_agent_small,3,47507,856,1,100,100,1,0,81.46701049804688,4.0,4.0,2.0,0.6,0.050972500315276524,1,0,0,93,11,12,1,0.021505376344086023
stage1c_single_agent_small,3,47564,857,1,100,100,1,0,24.533302307128906,4.0,4.0,0.0,0.52,0.0,0,0,0,57,35,-1,-1,0.0
stage1c_single_agent_small,3,47659,858,1,100,100,1,0,21.127859115600586,4.0,4.0,0.0,0.6,0.0,0,0,0,95,43,-1,-1,0.0
stage1c_single_agent_small,3,47779,859,1,100,100,1,0,-4.3541364669799805,2.0,2.0,0.0,0.6,0.0,1,0,2,120,108,-1,-1,0.0
stage1c_single_agent_small,3,47838,860,1,100,100,1,0,25.851856231689453,4.0,4.0,0.0,0.48,0.0,0,0,0,59,14,-1,-1,0.0
stage1c_single_agent_small,3,47846,861,1,100,100,1,0,28.909029006958008,4.0,4.0,0.0,0.04,0.24135021166875958,2,0,0,8,2,-1,-1,0.0
stage1c_single_agent_small,3,47966,862,1,100,100,1,0,-12.25937271118164,0.0,0.0,0.0,0.52,0.0,0,0,4,120,-1,-1,-1,0.0
stage1c_single_agent_small,3,48003,863,1,100,100,1,0,27.373476028442383,4.0,4.0,0.0,0.32,0.02702702702702703,1,0,0,37,18,-1,-1,0.0
stage1c_single_agent_small,3,48013,864,1,100,100,1,0,30.451932907104492,4.0,4.0,0.0,0.16,0.11242880867794156,1,0,0,10,5,-1,-1,0.0
stage1c_single_agent_small,3,48087,865,1,100,100,1,0,25.81988525390625,4.0,4.0,0.0,0.48,0.0,0,0,0,74,12,-1,-1,0.0
stage1c_single_agent_small,3,48159,866,1,100,100,1,0,21.41830825805664,4.0,4.0,0.0,0.56,0.032700506608913806,4,0,0,72,23,-1,-1,0.0
stage1c_single_agent_small,3,48180,867,1,100,100,1,0,27.468313217163086,4.0,4.0,0.0,0.2,0.15910768579869045,1,0,0,21,14,-1,-1,0.0
stage1c_single_agent_small,3,48263,868,1,100,100,1,0,25.770517349243164,4.0,4.0,0.0,0.52,0.0,0,0,0,83,75,-1,-1,0.0
stage1c_single_agent_small,3,48286,869,1,100,100,1,0,24.460535049438477,4.0,4.0,0.0,0.2,0.0662916123300143,1,0,0,23,15,-1,-1,0.0
stage1c_single_agent_small,3,48320,870,1,100,100,1,0,27.52367401123047,4.0,4.0,0.0,0.32,0.0657522630165605,1,0,0,34,29,-1,-1,0.0
stage1c_single_agent_small,3,48354,871,1,100,100,1,0,27.53104591369629,4.0,4.0,0.0,0.32,0.002649708609918461,1,0,0,34,29,-1,-1,0.0
stage1c_single_agent_small,3,48422,872,1,100,100,1,0,21.261476516723633,4.0,4.0,0.0,0.36,0.0,0,0,0,68,41,-1,-1,0.0
stage1c_single_agent_small,3,48445,873,1,100,100,1,0,28.9948787689209,4.0,4.0,0.0,0.24,0.0,0,0,0,23,5,-1,-1,0.0
stage1c_single_agent_small,3,48565,874,1,100,100,1,0,5.392975330352783,3.0,3.0,0.0,0.52,0.008327361010015012,2,0,1,120,10,-1,-1,0.0
stage1c_single_agent_small,3,48610,875,1,100,100,1,0,21.490806579589844,4.0,4.0,0.0,0.4,0.11214950539999538,2,0,0,45,24,-1,-1,0.0
stage1c_single_agent_small,3,48669,876,1,100,100,1,0,25.839792251586914,4.0,4.0,0.0,0.48,0.0,0,0,0,59,20,-1,-1,0.0
stage1c_single_agent_small,3,48699,877,1,100,100,1,0,28.939668655395508,4.0,4.0,0.0,0.32,0.09537683203816413,2,0,0,30,3,-1,-1,0.0
stage1c_single_agent_small,3,48727,878,1,100,100,1,0,26.034770965576172,4.0,4.0,0.0,0.44,0.0,0,0,0,28,19,-1,-1,0.0
stage1c_single_agent_small,3,48847,879,1,100,100,1,0,-5.696105480194092,1.0,1.0,0.0,0.64,0.0,0,0,3,120,79,-1,-1,0.0
stage1c_single_agent_small,3,48883,880,1,100,100,1,0,25.940271377563477,4.0,4.0,0.0,0.4,0.0,0,0,0,36,21,-1,-1,0.0
stage1c_single_agent_small,3,48919,881,1,100,100,1,0,22.843996047973633,4.0,4.0,0.0,0.28,0.0,0,0,0,36,26,-1,-1,0.0
stage1c_single_agent_small,3,49039,882,1,100,100,1,0,9.747354507446289,3.0,3.0,0.0,0.56,0.0,0,0,1,120,76,-1,-1,0.0
stage1c_single_agent_small,3,49074,883,1,100,100,1,0,149.0321044921875,4.0,4.0,4.0,0.32,0.0,0,0,0,35,25,25,0,0.11428571428571428
stage1c_single_agent_small,3,49194,884,1,100,100,1,0,5.259188175201416,2.0,2.0,0.0,0.48,0.04282912462949753,2,0,2,120,8,-1,-1,0.0
stage1c_single_agent_small,3,49267,885,1,100,100,1,0,25.81785011291504,4.0,4.0,0.0,0.48,0.0,0,0,0,73,4,-1,-1,0.0
stage1c_single_agent_small,3,49287,886,1,100,100,1,0,28.989547729492188,4.0,4.0,0.0,0.24,0.1,1,0,0,20,13,-1,-1,0.0
stage1c_single_agent_small,3,49346,887,1,100,100,1,0,27.265661239624023,4.0,4.0,0.0,0.4,0.0,1,0,0,59,12,-1,-1,0.0
stage1c_single_agent_small,3,49364,888,1,100,100,1,0,24.47613525390625,4.0,4.0,0.0,0.12,0.13125421810481283,2,0,0,18,12,-1,-1,0.0
stage1c_single_agent_small,3,49387,889,1,100,100,1,0,27.34711456298828,4.0,4.0,0.0,0.24,0.007047776942667754,2,0,0,23,10,-1,-1,0.0
stage1c_single_agent_small,3,49400,890,1,100,100,1,0,27.37787437438965,4.0,4.0,0.0,0.08,0.15384615384615385,1,0,0,13,8,-1,-1,0.0
stage1c_single_agent_small,3,49412,891,1,100,100,1,0,28.918882369995117,4.0,4.0,0.0,0.12,0.1824904584015409,2,0,0,12,6,-1,-1,0.0
stage1c_single_agent_small,3,49532,892,1,100,100,1,0,27.14031410217285,1.0,1.0,1.0,0.56,0.0,0,0,3,120,29,29,0,0.008333333333333333
stage1c_single_agent_small,3,49600,893,1,100,100,1,0,135.47305297851562,4.0,4.0,4.0,0.32,0.0,0,0,0,68,61,61,0,0.058823529411764705
stage1c_single_agent_small,3,49633,894,1,100,100,1,0,87.4173583984375,4.0,4.0,2.0,0.28,0.0,0,0,0,33,15,16,1,0.06060606060606061
stage1c_single_agent_small,3,49730,895,1,100,100,1,0,22.641374588012695,4.0,4.0,0.0,0.6,0.0,0,0,0,97,54,-1,-1,0.0
stage1c_single_agent_small,3,49751,896,1,100,100,1,0,27.306835174560547,4.0,4.0,0.0,0.16,0.0,0,0,0,21,9,-1,-1,0.0
stage1c_single_agent_small,3,49830,897,1,100,100,1,0,22.71677589416504,4.0,4.0,0.0,0.4,0.0,0,0,0,79,64,-1,-1,0.0
stage1c_single_agent_small,3,49854,898,1,100,100,1,0,24.72832679748535,4.0,4.0,0.0,0.16,0.05823912906150023,1,0,0,24,18,-1,-1,0.0
stage1c_single_agent_small,3,49875,899,1,100,100,1,0,30.428382873535156,4.0,4.0,0.0,0.16,0.0308658183119925,1,0,0,21,12,-1,-1,0.0
stage1c_single_agent_small,3,49927,900,1,100,100,1,0,25.75124168395996,4.0,4.0,0.0,0.48,0.03818076533766893,2,0,0,52,33,-1,-1,0.0
stage1c_single_agent_small,3,50000,901,1,100,100,1,0,19.837827682495117,4.0,4.0,0.0,0.44,0.019124534453125033,4,0,0,73,67,-1,-1,0.0
stage1c_single_agent_small,3,50035,902,1,100,100,1,0,60.3840217590332,4.0,4.0,1.0,0.32,0.0,1,0,0,35,6,24,18,0.02857142857142857
stage1c_single_agent_small,3,50048,903,1,100,100,1,0,27.363998413085938,4.0,4.0,0.0,0.08,0.3341440965349858,2,0,0,13,2,-1,-1,0.0
stage1c_single_agent_small,3,50164,904,1,100,100,1,0,18.200048446655273,4.0,4.0,0.0,0.6,0.0012176890199169003,1,0,0,116,110,-1,-1,0.0
stage1c_single_agent_small,3,50182,905,1,100,100,1,0,30.380586624145508,4.0,4.0,0.0,0.2,0.0,2,0,0,18,12,-1,-1,0.0
stage1c_single_agent_small,3,50212,906,1,100,100,1,0,25.8028564453125,4.0,4.0,0.0,0.12,0.11650746477534994,2,0,0,30,11,-1,-1,0.0
stage1c_single_agent_small,3,50256,907,1,100,100,1,0,29.01436424255371,4.0,4.0,0.0,0.4,0.03297546443751675,3,0,0,44,16,-1,-1,0.0
stage1c_single_agent_small,3,50373,908,1,100,100,1,0,19.67268180847168,4.0,4.0,0.0,0.6,0.0,0,0,0,117,110,-1,-1,0.0
stage1c_single_agent_small,3,50415,909,1,100,100,1,0,22.694019317626953,4.0,4.0,0.0,0.2,0.0,2,0,0,42,11,-1,-1,0.0
stage1c_single_agent_small,3,50431,910,1,100,100,1,0,26.000741958618164,4.0,4.0,0.0,0.12,0.0,2,0,0,16,6,-1,-1,0.0
stage1c_single_agent_small,3,50470,911,1,100,100,1,0,87.51011657714844,4.0,4.0,2.0,0.36,0.0,0,0,0,39,8,8,0,0.05128205128205128
stage1c_single_agent_small,3,50586,912,1,100,100,1,0,18.478729248046875,4.0,4.0,0.0,0.6,0.09140808639068414,3,0,0,116,11,-1,-1,0.0
stage1c_single_agent_small,3,50672,913,1,100,100,1,0,19.86328887939453,4.0,4.0,0.0,0.52,0.0,0,0,0,86,22,-1,-1,0.0
stage1c_single_agent_small,3,50722,914,1,100,100,1,0,25.751605987548828,4.0,4.0,0.0,0.4,0.0,0,0,0,50,7,-1,-1,0.0
stage1c_single_agent_small,3,50771,915,1,100,100,1,0,25.869773864746094,4.0,4.0,0.0,0.32,0.09632609359805985,2,0,0,49,24,-1,-1,0.0
stage1c_single_agent_small,3,50854,916,1,100,100,1,0,19.803203582763672,4.0,4.0,0.0,0.48,0.0011668295139469296,1,0,0,83,78,-1,-1,0.0
stage1c_single_agent_small,3,50868,917,1,100,100,1,0,27.5258846282959,4.0,4.0,0.0,0.12,0.0,0,0,0,14,6,-1,-1,0.0
stage1c_single_agent_small,3,50877,918,1,100,100,1,0,28.92776107788086,4.0,4.0,0.0,0.08,0.0,0,0,0,9,3,-1,-1,0.0
stage1c_single_agent_small,3,50944,919,1,100,100,1,0,24.379247665405273,4.0,4.0,0.0,0.48,0.018918876383286803,3,0,0,67,37,-1,-1,0.0
stage1c_single_agent_small,3,51015,920,1,100,100,1,0,22.891942977905273,4.0,4.0,0.0,0.64,0.00019033118085542197,1,0,0,71,66,-1,-1,0.0
stage1c_single_agent_small,3,51056,921,1,100,100,1,0,27.431825637817383,4.0,4.0,0.0,0.32,0.030400698323075365,3,0,0,41,31,-1,-1,0.0
stage1c_single_agent_small,3,51176,922,1,100,100,1,0,-10.851106643676758,0.0,0.0,0.0,0.52,0.0,0,0,4,120,-1,-1,-1,0.0
stage1c_single_agent_small,3,51296,923,1,100,100,1,0,25.63525390625,1.0,1.0,1.0,0.6,0.0,0,0,3,120,62,62,0,0.008333333333333333
stage1c_single_agent_small,3,51411,924,1,100,100,1,0,18.3953857421875,4.0,4.0,0.0,0.48,0.09596379621197348,3,0,0,115,3,-1,-1,0.0
stage1c_single_agent_small,3,51531,925,1,100,100,1,0,-9.276291847229004,0.0,0.0,0.0,0.48,0.0,0,0,4,120,-1,-1,-1,0.0
stage1c_single_agent_small,3,51544,926,1,100,100,1,0,28.906015396118164,4.0,4.0,0.0,0.12,0.3076923076923077,1,0,0,13,8,-1,-1,0.0
stage1c_single_agent_small,3,51559,927,1,100,100,1,0,28.85617446899414,4.0,4.0,0.0,0.12,0.0,2,0,0,15,2,-1,-1,0.0
stage1c_single_agent_small,3,51610,928,1,100,100,1,0,22.8842830657959,4.0,4.0,0.0,0.4,0.03902690229462642,1,0,0,51,29,-1,-1,0.0
stage1c_single_agent_small,3,51644,929,1,100,100,1,0,27.410430908203125,4.0,4.0,0.0,0.28,0.09309967627118834,2,0,0,34,11,-1,-1,0.0
stage1c_single_agent_small,3,51659,930,1,100,100,1,0,58.941009521484375,4.0,4.0,1.0,0.24,0.0,0,0,0,15,7,15,8,0.06666666666666667
stage1c_single_agent_small,3,51701,931,1,100,100,1,0,27.628747940063477,4.0,4.0,0.0,0.52,0.10908614329638935,2,0,0,42,5,-1,-1,0.0
stage1c_single_agent_small,3,51810,932,1,100,100,1,0,73.75255584716797,4.0,4.0,2.0,0.64,0.0,1,0,0,109,43,43,0,0.01834862385321101
stage1c_single_agent_small,3,51824,933,1,100,100,1,0,30.539819717407227,4.0,4.0,0.0,0.16,0.003712503838219813,1,0,0,14,10,-1,-1,0.0
stage1c_single_agent_small,3,51864,934,1,100,100,1,0,28.900484085083008,4.0,4.0,0.0,0.44,0.0,0,0,0,40,3,-1,-1,0.0
stage1c_single_agent_small,3,51917,935,1,100,100,1,0,27.33173942565918,4.0,4.0,0.0,0.32,0.07016030741187762,1,0,0,53,21,-1,-1,0.0
stage1c_single_agent_small,3,52037,936,1,100,100,1,0,2.245863676071167,2.0,2.0,0.0,0.56,0.0,0,0,2,120,109,-1,-1,0.0
stage1c_single_agent_small,3,52067,937,1,100,100,1,0,27.57900619506836,4.0,4.0,0.0,0.32,0.0,0,0,0,30,21,-1,-1,0.0
stage1c_single_agent_small,3,52121,938,1,100,100,1,0,25.90719985961914,4.0,4.0,0.0,0.48,0.0,0,0,0,54,47,-1,-1,0.0
stage1c_single_agent_small,3,52177,939,1,100,100,1,0,57.39299774169922,4.0,4.0,1.0,0.52,0.0,1,0,0,56,5,56,51,0.017857142857142856
stage1c_single_agent_small,3,52245,940,1,100,100,1,0,25.697168350219727,4.0,4.0,0.0,0.48,0.024327028782435638,1,0,0,68,55,-1,-1,0.0
stage1c_single_agent_small,3,52365,941,1,100,100,1,0,11.627914428710938,4.0,4.0,0.0,0.52,0.033272757445229215,2,0,0,120,108,-1,-1,0.0
stage1c_single_agent_small,3,52485,942,1,100,100,1,0,-2.7394402027130127,1.0,1.0,0.0,0.48,0.0,0,0,3,120,4,-1,-1,0.0
stage1c_single_agent_small,3,52542,943,1,100,100,1,0,146.08270263671875,4.0,4.0,4.0,0.56,0.0,0,0,0,57,54,54,0,0.07017543859649122
stage1c_single_agent_small,3,52579,944,1,100,100,1,0,24.351282119750977,4.0,4.0,0.0,0.32,0.033847617539199626,3,0,0,37,30,-1,-1,0.0
stage1c_single_agent_small,3,52668,945,1,100,100,1,0,19.838037490844727,4.0,4.0,0.0,0.56,0.013058001740594929,1,0,0,89,52,-1,-1,0.0
stage1c_single_agent_small,3,52733,946,1,100,100,1,0,114.4358901977539,4.0,4.0,3.0,0.52,0.0,0,0,0,65,10,11,1,0.046153846153846156
stage1c_single_agent_small,3,52771,947,1,100,100,1,0,27.54256248474121,4.0,4.0,0.0,0.32,0.03711103549913356,2,0,0,38,10,-1,-1,0.0
stage1c_single_agent_small,3,52891,948,1,100,100,1,0,3.6357500553131104,2.0,2.0,0.0,0.64,0.0,0,0,2,120,59,-1,-1,0.0
stage1c_single_agent_small,3,52913,949,1,100,100,1,0,27.493371963500977,4.0,4.0,0.0,0.24,0.10520504216070879,3,0,0,22,16,-1,-1,0.0
stage1c_single_agent_small,3,52919,950,1,100,100,1,0,31.958559036254883,4.0,4.0,0.0,0.12,0.0,0,0,0,6,2,-1,-1,0.0
stage1c_single_agent_small,3,52931,951,1,100,100,1,0,27.415090560913086,4.0,4.0,0.0,0.12,0.0,0,0,0,12,6,-1,-1,0.0
stage1c_single_agent_small,3,52944,952,1,100,100,1,0,30.419023513793945,4.0,4.0,0.0,0.2,0.0,1,0,0,13,5,-1,-1,0.0
stage1c_single_agent_small,3,52956,953,1,100,100,1,0,60.37531280517578,4.0,4.0,1.0,0.08,0.006944444651405017,1,0,0,12,7,12,5,0.08333333333333333
stage1c_single_agent_small,3,53012,954,1,100,100,1,0,25.712581634521484,4.0,4.0,0.0,0.44,0.0,1,0,0,56,12,-1,-1,0.0
stage1c_single_agent_small,3,53039,955,1,100,100,1,0,30.33991813659668,4.0,4.0,0.0,0.28,0.0,0,0,0,27,3,-1,-1,0.0
stage1c_single_agent_small,3,53082,956,1,100,100,1,0,25.957427978515625,4.0,4.0,0.0,0.36,0.0,0,0,0,43,35,-1,-1,0.0
stage1c_single_agent_small,3,53114,957,1,100,100,1,0,28.754446029663086,4.0,4.0,0.0,0.28,0.03125,1,0,0,32,8,-1,-1,0.0
stage1c_single_agent_small,3,53125,958,1,100,100,1,0,28.916439056396484,4.0,4.0,0.0,0.12,0.008949946707368574,1,0,0,11,6,-1,-1,0.0
stage1c_single_agent_small,3,53141,959,1,100,100,1,0,26.131553649902344,4.0,4.0,0.0,0.08,0.125,1,0,0,16,11,-1,-1,0.0
stage1c_single_agent_small,3,53170,960,1,100,100,1,0,22.848169326782227,4.0,4.0,0.0,0.12,0.04012981789780717,1,0,0,29,24,-1,-1,0.0
stage1c_single_agent_small,3,53199,961,1,100,100,1,0,29.038700103759766,4.0,4.0,0.0,0.24,0.034948741856577065,1,0,0,29,24,-1,-1,0.0
stage1c_single_agent_small,3,53254,962,1,100,100,1,0,21.4178466796875,4.0,4.0,0.0,0.28,0.007285155152732676,2,0,0,55,10,-1,-1,0.0
stage1c_single_agent_small,3,53311,963,1,100,100,1,0,24.445446014404297,4.0,4.0,0.0,0.4,0.0028278266913012453,3,0,0,57,15,-1,-1,0.0
stage1c_single_agent_small,3,53354,964,1,100,100,1,0,28.933780670166016,4.0,4.0,0.0,0.32,0.023570081717226396,1,0,0,43,38,-1,-1,0.0
stage1c_single_agent_small,3,53474,965,1,100,100,1,0,-9.19536304473877,0.0,0.0,0.0,0.56,0.0,0,0,4,120,-1,-1,-1,0.0
stage1c_single_agent_small,3,53525,966,1,100,100,1,0,27.450286865234375,4.0,4.0,0.0,0.44,0.07493823182349112,1,0,0,51,5,-1,-1,0.0
stage1c_single_agent_small,3,53603,967,1,100,100,1,0,26.955461502075195,4.0,4.0,0.0,0.48,0.0,0,0,0,78,12,-1,-1,0.0
stage1c_single_agent_small,3,53723,968,1,100,100,1,0,7.214332580566406,3.0,3.0,0.0,0.48,0.0,0,0,1,120,50,-1,-1,0.0
stage1c_single_agent_small,3,53806,969,1,100,100,1,0,24.431962966918945,4.0,4.0,0.0,0.52,0.05921485601554075,2,0,0,83,54,-1,-1,0.0
stage1c_single_agent_small,3,53818,970,1,100,100,1,0,28.927072525024414,4.0,4.0,0.0,0.16,0.1294924012327101,1,0,0,12,5,-1,-1,0.0
stage1c_single_agent_small,3,53874,971,1,100,100,1,0,26.02668571472168,4.0,4.0,0.0,0.48,0.0,0,0,0,56,11,-1,-1,0.0
stage1c_single_agent_small,3,53929,972,1,100,100,1,0,27.50119972229004,4.0,4.0,0.0,0.4,0.0,0,0,0,55,31,-1,-1,0.0
stage1c_single_agent_small,3,53938,973,1,100,100,1,0,30.411052703857422,4.0,4.0,0.0,0.08,0.34136811478270424,1,0,0,9,5,-1,-1,0.0
stage1c_single_agent_small,3,53952,974,1,100,100,1,0,27.56745719909668,4.0,4.0,0.0,0.16,0.0,0,0,0,14,8,-1,-1,0.0
stage1c_single_agent_small,3,54072,975,1,100,100,1,0,-7.73422384262085,0.0,0.0,0.0,0.52,0.0,0,0,4,120,-1,-1,-1,0.0
stage1c_single_agent_small,3,54107,976,1,100,100,1,0,27.398035049438477,4.0,4.0,0.0,0.36,0.06300855364118303,4,0,0,35,30,-1,-1,0.0
stage1c_single_agent_small,3,54157,977,1,100,100,1,0,24.414758682250977,4.0,4.0,0.0,0.4,0.0,0,0,0,50,39,-1,-1,0.0
stage1c_single_agent_small,3,54218,978,1,100,100,1,0,24.253931045532227,4.0,4.0,0.0,0.4,0.0,0,0,0,61,5,-1,-1,0.0
stage1c_single_agent_small,3,54338,979,1,100,100,1,0,-10.841893196105957,0.0,0.0,0.0,0.56,0.0,0,0,4,120,-1,-1,-1,0.0
stage1c_single_agent_small,3,54366,980,1,100,100,1,0,19.81134605407715,4.0,4.0,0.0,0.12,0.08318307077778238,3,0,0,28,21,-1,-1,0.0
stage1c_single_agent_small,3,54383,981,1,100,100,1,0,30.355207443237305,4.0,4.0,0.0,0.16,0.0,0,0,0,17,5,-1,-1,0.0
stage1c_single_agent_small,3,54442,982,1,100,100,1,0,24.341415405273438,4.0,4.0,0.0,0.48,0.0,2,0,0,59,27,-1,-1,0.0
stage1c_single_agent_small,3,54474,983,1,100,100,1,0,88.86482238769531,4.0,4.0,2.0,0.52,0.0,0,0,0,32,11,11,0,0.0625
stage1c_single_agent_small,3,54546,984,1,100,100,1,0,21.32769775390625,4.0,4.0,0.0,0.6,0.02847292015535964,3,0,0,72,26,-1,-1,0.0
stage1c_single_agent_small,3,54629,985,1,100,100,1,0,83.02328491210938,4.0,4.0,2.0,0.48,0.0,1,0,0,83,3,4,1,0.024096385542168676
stage1c_single_agent_small,3,54689,986,1,100,100,1,0,25.863632202148438,4.0,4.0,0.0,0.56,0.0,0,0,0,60,12,-1,-1,0.0
stage1c_single_agent_small,3,54764,987,1,100,100,1,0,54.33600616455078,4.0,4.0,1.0,0.44,0.03446821910639604,3,0,0,75,47,75,28,0.013333333333333334
stage1c_single_agent_small,3,54884,988,1,100,100,1,0,10.01595687866211,3.0,3.0,0.0,0.52,0.011799366112488012,1,0,1,120,72,-1,-1,0.0
stage1c_single_agent_small,3,54897,989,1,100,100,1,0,30.430801391601562,4.0,4.0,0.0,0.2,0.0,0,0,0,13,7,-1,-1,0.0
stage1c_single_agent_small,3,54976,990,1,100,100,1,0,24.38014793395996,4.0,4.0,0.0,0.4,0.008425005629092833,1,0,0,79,22,-1,-1,0.0
stage1c_single_agent_small,3,55044,991,1,100,100,1,0,25.9185733795166,4.0,4.0,0.0,0.48,0.03763470853514531,3,0,0,68,15,-1,-1,0.0
stage1c_single_agent_small,3,55164,992,1,100,100,1,0,5.197395324707031,2.0,2.0,0.0,0.64,0.0007507507728102306,1,0,2,120,112,-1,-1,0.0
stage1c_single_agent_small,3,55174,993,1,100,100,1,0,31.918420791625977,4.0,4.0,0.0,0.12,0.0,0,0,0,10,4,-1,-1,0.0
stage1c_single_agent_small,3,55249,994,1,100,100,1,0,111.49793243408203,4.0,4.0,3.0,0.52,0.006028457482655843,1,0,0,75,43,43,0,0.04
stage1c_single_agent_small,3,55369,995,1,100,100,1,0,0.3582359552383423,1.0,1.0,0.0,0.52,0.012707426150639852,1,0,3,120,16,-1,-1,0.0
stage1c_single_agent_small,3,55437,996,1,100,100,1,0,87.34857177734375,4.0,4.0,2.0,0.48,0.0,0,0,0,68,29,29,0,0.029411764705882353
stage1c_single_agent_small,3,55462,997,1,100,100,1,0,120.523681640625,4.0,4.0,3.0,0.32,0.0,1,0,0,25,5,5,0,0.12
stage1c_single_agent_small,3,55520,998,1,100,100,1,0,24.3818359375,4.0,4.0,0.0,0.48,0.04523053267521077,3,0,0,58,33,-1,-1,0.0
stage1c_single_agent_small,3,55566,999,1,100,100,1,0,25.933900833129883,4.0,4.0,0.0,0.4,0.0,0,0,0,46,42,-1,-1,0.0
stage1c_single_agent_small,3,55623,1000,1,100,100,1,0,21.188154220581055,4.0,4.0,0.0,0.4,0.02584659840846271,2,0,0,57,46,-1,-1,0.0
stage1c_single_agent_small,3,55723,1001,1,100,100,1,0,22.5380802154541,4.0,4.0,0.0,0.56,0.02,1,0,0,100,15,-1,-1,0.0
stage1c_single_agent_small,3,55762,1002,1,100,100,1,0,22.981351852416992,4.0,4.0,0.0,0.32,0.02979902961315253,1,0,0,39,34,-1,-1,0.0
stage1c_single_agent_small,3,55775,1003,1,100,100,1,0,27.395610809326172,4.0,4.0,0.0,0.12,0.0,0,0,0,13,6,-1,-1,0.0
stage1c_single_agent_small,3,55871,1004,1,100,100,1,0,19.739368438720703,4.0,4.0,0.0,0.6,0.0008680555814256271,1,0,0,96,71,-1,-1,0.0
stage1c_single_agent_small,3,55888,1005,1,100,100,1,0,30.4146785736084,4.0,4.0,0.0,0.28,0.0,2,0,0,17,3,-1,-1,0.0
stage1c_single_agent_small,3,56008,1006,1,100,100,1,0,3.544620990753174,3.0,3.0,0.0,0.48,0.0,0,0,1,120,118,-1,-1,0.0
stage1c_single_agent_small,3,56128,1007,1,100,100,1,0,10.20189094543457,3.0,3.0,0.0,0.56,0.0,1,0,1,120,55,-1,-1,0.0
stage1c_single_agent_small,3,56158,1008,1,100,100,1,0,24.312713623046875,4.0,4.0,0.0,0.12,0.13333333333333333,1,0,0,30,25,-1,-1,0.0
stage1c_single_agent_small,3,56176,1009,1,100,100,1,0,29.037044525146484,4.0,4.0,0.0,0.24,0.09093867640735374,1,0,0,18,6,-1,-1,0.0
stage1c_single_agent_small,3,56212,1010,1,100,100,1,0,30.488449096679688,4.0,4.0,0.0,0.28,0.13005520693129963,4,0,0,36,16,-1,-1,0.0
stage1c_single_agent_small,3,56319,1011,1,100,100,1,0,19.748750686645508,4.0,4.0,0.0,0.52,0.0,0,0,0,107,13,-1,-1,0.0
stage1c_single_agent_small,3,56358,1012,1,100,100,1,0,25.800405502319336,4.0,4.0,0.0,0.36,0.0,0,0,0,39,34,-1,-1,0.0
stage1c_single_agent_small,3,56393,1013,1,100,100,1,0,28.788753509521484,4.0,4.0,0.0,0.24,0.0,1,0,0,35,2,-1,-1,0.0
stage1c_single_agent_small,3,56410,1014,1,100,100,1,0,28.98585319519043,4.0,4.0,0.0,0.16,0.021270317189833698,3,0,0,17,12,-1,-1,0.0
stage1c_single_agent_small,3,56475,1015,1,100,100,1,0,25.97395133972168,4.0,4.0,0.0,0.6,0.0,0,0,0,65,61,-1,-1,0.0
stage1c_single_agent_small,3,56488,1016,1,100,100,1,0,31.930246353149414,4.0,4.0,0.0,0.2,0.014513600331086379,2,0,0,13,2,-1,-1,0.0
stage1c_single_agent_small,3,56534,1017,1,100,100,1,0,60.4543342590332,4.0,4.0,1.0,0.4,0.0,0,0,0,46,17,26,9,0.021739130434782608
stage1c_single_agent_small,3,56612,1018,1,100,100,1,0,22.716838836669922,4.0,4.0,0.0,0.52,0.05381544077625641,5,0,0,78,71,-1,-1,0.0
stage1c_single_agent_small,3,56659,1019,1,100,100,1,0,27.428760528564453,4.0,4.0,0.0,0.44,0.021724672653672703,1,0,0,47,42,-1,-1,0.0
stage1c_single_agent_small,3,56761,1020,1,100,100,1,0,86.99440002441406,4.0,4.0,2.0,0.44,0.0,0,0,0,102,21,42,21,0.0196078431372549
stage1c_single_agent_small,3,56782,1021,1,100,100,1,0,58.83582305908203,4.0,4.0,1.0,0.2,0.0,0,0,0,21,3,21,18,0.047619047619047616
stage1c_single_agent_small,3,56815,1022,1,100,100,1,0,30.369722366333008,4.0,4.0,0.0,0.24,0.0,0,0,0,33,29,-1,-1,0.0
stage1c_single_agent_small,3,56825,1023,1,100,100,1,0,28.935806274414062,4.0,4.0,0.0,0.12,0.026405840739607812,2,0,0,10,4,-1,-1,0.0
stage1c_single_agent_small,3,56852,1024,1,100,100,1,0,27.294498443603516,4.0,4.0,0.0,0.24,0.0,0,0,0,27,9,-1,-1,0.0
stage1c_single_agent_small,3,56911,1025,1,100,100,1,0,27.314483642578125,4.0,4.0,0.0,0.52,0.0014124294206247492,1,0,0,59,28,-1,-1,0.0
stage1c_single_agent_small,3,56973,1026,1,100,100,1,0,81.54434204101562,4.0,4.0,2.0,0.32,0.23901564078105073,1,0,0,62,16,17,1,0.03225806451612903
stage1c_single_agent_small,3,57070,1027,1,100,100,1,0,19.75806427001953,4.0,4.0,0.0,0.52,0.0,0,0,0,97,88,-1,-1,0.0
stage1c_single_agent_small,3,57167,1028,1,100,100,1,0,22.676687240600586,4.0,4.0,0.0,0.48,0.027436072371669652,2,0,0,97,91,-1,-1,0.0
stage1c_single_agent_small,3,57287,1029,1,100,100,1,0,-18.250967025756836,0.0,0.0,0.0,0.6,0.0,0,0,4,120,-1,-1,-1,0.0
stage1c_single_agent_small,3,57301,1030,1,100,100,1,0,28.843215942382812,4.0,4.0,0.0,0.12,0.3108693669949259,1,0,0,14,4,-1,-1,0.0
stage1c_single_agent_small,3,57408,1031,1,100,100,1,0,82.76528930664062,4.0,4.0,2.0,0.6,0.09148121882821912,1,0,0,107,46,106,60,0.018691588785046728
stage1c_single_agent_small,3,57428,1032,1,100,100,1,0,25.876388549804688,4.0,4.0,0.0,0.2,0.020236839773133397,1,0,0,20,14,-1,-1,0.0
stage1c_single_agent_small,3,57436,1033,1,100,100,1,0,30.57056427001953,4.0,4.0,0.0,0.08,0.0,0,0,0,8,3,-1,-1,0.0
stage1c_single_agent_small,3,57528,1034,1,100,100,1,0,18.30018424987793,4.0,4.0,0.0,0.56,0.0,0,0,0,92,82,-1,-1,0.0
stage1c_single_agent_small,3,57566,1035,1,100,100,1,0,27.321382522583008,4.0,4.0,0.0,0.32,0.05883097138844038,1,0,0,38,33,-1,-1,0.0
stage1c_single_agent_small,3,57601,1036,1,100,100,1,0,26.007957458496094,4.0,4.0,0.0,0.32,0.0,2,0,0,35,19,-1,-1,0.0
stage1c_single_agent_small,3,57635,1037,1,100,100,1,0,27.506479263305664,4.0,4.0,0.0,0.28,0.11764705882352941,1,0,0,34,30,-1,-1,0.0
stage1c_single_agent_small,3,57659,1038,1,100,100,1,0,29.025175094604492,4.0,4.0,0.0,0.36,0.00410205890754393,1,0,0,24,19,-1,-1,0.0
stage1c_single_agent_small,3,57719,1039,1,100,100,1,0,52.87794494628906,4.0,4.0,1.0,0.36,0.0,0,0,0,60,43,60,17,0.016666666666666666
stage1c_single_agent_small,3,57725,1040,1,100,100,1,0,30.458961486816406,4.0,4.0,0.0,0.08,0.0,0,0,0,6,1,-1,-1,0.0
stage1c_single_agent_small,3,57801,1041,1,100,100,1,0,22.88930320739746,4.0,4.0,0.0,0.44,0.0,0,0,0,76,2,-1,-1,0.0
stage1c_single_agent_small,3,57921,1042,1,100,100,1,0,-5.6412577629089355,1.0,1.0,0.0,0.48,0.042923079392251866,1,0,3,120,69,-1,-1,0.0
stage1c_single_agent_small,3,58004,1043,1,100,100,1,0,19.730817794799805,4.0,4.0,0.0,0.56,0.0,0,0,0,83,45,-1,-1,0.0
stage1c_single_agent_small,3,58089,1044,1,100,100,1,0,22.580350875854492,4.0,4.0,0.0,0.52,0.04173232426538187,2,0,0,85,46,-1,-1,0.0
stage1c_single_agent_small,3,58102,1045,1,100,100,1,0,30.428691864013672,4.0,4.0,0.0,0.2,0.3076923076923077,1,0,0,13,8,-1,-1,0.0
stage1c_single_agent_small,3,58208,1046,1,100,100,1,0,22.477371215820312,4.0,4.0,0.0,0.48,0.009433962264150943,1,0,0,106,64,-1,-1,0.0
stage1c_single_agent_small,3,58328,1047,1,100,100,1,0,41.63947296142578,3.0,3.0,1.0,0.52,0.0,0,0,1,120,21,59,38,0.008333333333333333
stage1c_single_agent_small,3,58370,1048,1,100,100,1,0,25.951648712158203,4.0,4.0,0.0,0.36,0.06295165404056509,4,0,0,42,23,-1,-1,0.0
stage1c_single_agent_small,3,58385,1049,1,100,100,1,0,27.498130798339844,4.0,4.0,0.0,0.12,0.14903846283753713,1,0,0,15,10,-1,-1,0.0
stage1c_single_agent_small,3,58460,1050,1,100,100,1,0,19.71220588684082,4.0,4.0,0.0,0.4,0.0,0,0,0,75,21,-1,-1,0.0
stage1c_single_agent_small,3,58531,1051,1,100,100,1,0,24.49004364013672,4.0,4.0,0.0,0.44,0.0,0,0,0,71,10,-1,-1,0.0
stage1c_single_agent_small,3,58582,1052,1,100,100,1,0,27.431747436523438,4.0,4.0,0.0,0.4,0.03148827938289911,1,0,0,51,29,-1,-1,0.0
stage1c_single_agent_small,3,58685,1053,1,100,100,1,0,18.18541145324707,4.0,4.0,0.0,0.56,0.0,0,0,0,103,87,-1,-1,0.0
stage1c_single_agent_small,3,58733,1054,1,100,100,1,0,28.731843948364258,4.0,4.0,0.0,0.32,0.0,0,0,0,48,4,-1,-1,0.0
stage1c_single_agent_small,3,58853,1055,1,100,100,1,0,5.070455551147461,2.0,2.0,0.0,0.6,0.0,0,0,2,120,69,-1,-1,0.0
stage1c_single_agent_small,3,58888,1056,1,100,100,1,0,22.78630828857422,4.0,4.0,0.0,0.2,0.0,0,0,0,35,16,-1,-1,0.0
stage1c_single_agent_small,3,58962,1057,1,100,100,1,0,22.7338924407959,4.0,4.0,0.0,0.36,0.0,0,0,0,74,37,-1,-1,0.0
stage1c_single_agent_small,3,59030,1058,1,100,100,1,0,27.48151969909668,4.0,4.0,0.0,0.6,0.02785863831420155,2,0,0,68,45,-1,-1,0.0
stage1c_single_agent_small,3,59150,1059,1,100,100,1,0,2.206554889678955,2.0,2.0,0.0,0.64,0.02321948690029482,1,0,2,120,65,-1,-1,0.0
stage1c_single_agent_small,3,59261,1060,1,100,100,1,0,19.65888786315918,4.0,4.0,0.0,0.56,0.0,0,0,0,111,21,-1,-1,0.0
stage1c_single_agent_small,3,59331,1061,1,100,100,1,0,22.62552261352539,4.0,4.0,0.0,0.32,0.0011904762259551456,1,0,0,70,60,-1,-1,0.0
stage1c_single_agent_small,3,59451,1062,1,100,100,1,0,-2.7298901081085205,1.0,1.0,0.0,0.56,0.0,0,0,3,120,118,-1,-1,0.0
stage1c_single_agent_small,3,59466,1063,1,100,100,1,0,31.910036087036133,4.0,4.0,0.0,0.2,0.008768429110447565,1,0,0,15,5,-1,-1,0.0
stage1c_single_agent_small,3,59527,1064,1,100,100,1,0,25.905126571655273,4.0,4.0,0.0,0.44,0.0,0,0,0,61,52,-1,-1,0.0
stage1c_single_agent_small,3,59596,1065,1,100,100,1,0,19.871463775634766,4.0,4.0,0.0,0.24,0.24104605561149292,3,0,0,69,12,-1,-1,0.0
stage1c_single_agent_small,3,59604,1066,1,100,100,1,0,30.42258071899414,4.0,4.0,0.0,0.08,0.12668918923009187,1,0,0,8,3,-1,-1,0.0
stage1c_single_agent_small,3,59724,1067,1,100,100,1,0,13.21400260925293,4.0,4.0,0.0,0.56,0.0,0,0,0,120,114,-1,-1,0.0
stage1c_single_agent_small,3,59777,1068,1,100,100,1,0,24.479005813598633,4.0,4.0,0.0,0.44,0.07547169811320754,1,0,0,53,48,-1,-1,0.0
stage1c_single_agent_small,3,59793,1069,1,100,100,1,0,28.9852352142334,4.0,4.0,0.0,0.12,0.18693071725283517,5,0,0,16,10,-1,-1,0.0
stage1c_single_agent_small,3,59862,1070,1,100,100,1,0,55.667327880859375,4.0,4.0,1.0,0.44,0.0,1,0,0,69,11,49,38,0.014492753623188406
stage1c_single_agent_small,3,59943,1071,1,100,100,1,0,115.8421630859375,4.0,4.0,3.0,0.48,1.9784742264927906e-05,1,0,0,81,78,79,1,0.037037037037037035
stage1c_single_agent_small,3,60063,1072,1,100,100,1,0,4.075345039367676,2.0,2.0,0.0,0.48,0.037689874732556444,2,0,2,120,3,-1,-1,0.0
stage1c_single_agent_small,3,60116,1073,1,100,100,1,0,88.93099975585938,4.0,4.0,2.0,0.32,0.0,0,0,0,53,12,13,1,0.03773584905660377
stage1c_single_agent_small,3,60184,1074,1,100,100,1,0,27.320722579956055,4.0,4.0,0.0,0.44,0.034413205650600825,5,0,0,68,62,-1,-1,0.0
stage1c_single_agent_small,3,60218,1075,1,100,100,1,0,27.436378479003906,4.0,4.0,0.0,0.36,0.0,0,0,0,34,26,-1,-1,0.0
stage1c_single_agent_small,3,60230,1076,1,100,100,1,0,31.92347526550293,4.0,4.0,0.0,0.16,0.024768412423630554,2,0,0,12,3,-1,-1,0.0
stage1c_single_agent_small,3,60291,1077,1,100,100,1,0,21.1472225189209,4.0,4.0,0.0,0.24,0.02038290273001204,2,0,0,61,54,-1,-1,0.0
stage1c_single_agent_small,3,60334,1078,1,100,100,1,0,88.90218353271484,4.0,4.0,2.0,0.32,0.0,1,0,0,43,6,6,0,0.046511627906976744
stage1c_single_agent_small,3,60349,1079,1,100,100,1,0,29.020233154296875,4.0,4.0,0.0,0.16,0.014721763141763707,1,0,0,15,9,-1,-1,0.0
stage1c_single_agent_small,3,60370,1080,1,100,100,1,0,150.46266174316406,4.0,4.0,4.0,0.2,0.0,0,0,0,21,18,18,0,0.19047619047619047
stage1c_single_agent_small,3,60385,1081,1,100,100,1,0,60.37409210205078,4.0,4.0,1.0,0.16,0.0,0,0,0,15,7,13,6,0.06666666666666667
stage1c_single_agent_small,3,60495,1082,1,100,100,1,0,22.92627716064453,4.0,4.0,0.0,0.56,0.022303406564010815,2,0,0,110,105,-1,-1,0.0
stage1c_single_agent_small,3,60519,1083,1,100,100,1,0,61.96516418457031,4.0,4.0,1.0,0.24,0.0,0,0,0,24,4,15,11,0.041666666666666664
stage1c_single_agent_small,3,60580,1084,1,100,100,1,0,58.902679443359375,4.0,4.0,1.0,0.44,0.0,0,0,0,61,9,9,0,0.01639344262295082
stage1c_single_agent_small,3,60596,1085,1,100,100,1,0,30.567419052124023,4.0,4.0,0.0,0.24,0.006389642599970102,2,0,0,16,5,-1,-1,0.0
stage1c_single_agent_small,3,60657,1086,1,100,100,1,0,27.275611877441406,4.0,4.0,0.0,0.4,0.005529771879559658,2,0,0,61,46,-1,-1,0.0
stage1c_single_agent_small,3,60688,1087,1,100,100,1,0,27.327133178710938,4.0,4.0,0.0,0.24,0.05346510439149795,2,0,0,31,24,-1,-1,0.0
stage1c_single_agent_small,3,60768,1088,1,100,100,1,0,54.27012252807617,4.0,4.0,1.0,0.32,0.0375,1,0,0,80,57,57,0,0.0125
stage1c_single_agent_small,3,60855,1089,1,100,100,1,0,78.40670013427734,4.0,4.0,2.0,0.52,0.011494252873563218,1,0,0,87,77,77,0,0.022988505747126436
stage1c_single_agent_small,3,60975,1090,1,100,100,1,0,-9.504056930541992,0.0,0.0,0.0,0.48,0.0,0,0,4,120,-1,-1,-1,0.0
stage1c_single_agent_small,3,61048,1091,1,100,100,1,0,57.298500061035156,4.0,4.0,1.0,0.52,0.005131146577123093,1,0,0,73,21,21,0,0.0136986301369863
stage1c_single_agent_small,3,61106,1092,1,100,100,1,0,27.389686584472656,4.0,4.0,0.0,0.4,0.0,0,0,0,58,53,-1,-1,0.0
stage1c_single_agent_small,3,61147,1093,1,100,100,1,0,24.413122177124023,4.0,4.0,0.0,0.28,0.05631329173721918,2,0,0,41,36,-1,-1,0.0
stage1c_single_agent_small,3,61167,1094,1,100,100,1,0,30.295570373535156,4.0,4.0,0.0,0.16,0.05060690548270941,3,0,0,20,10,-1,-1,0.0
stage1c_single_agent_small,3,61177,1095,1,100,100,1,0,28.880332946777344,4.0,4.0,0.0,0.08,0.0,0,0,0,10,4,-1,-1,0.0
stage1c_single_agent_small,3,61193,1096,1,100,100,1,0,60.37694549560547,4.0,4.0,1.0,0.2,0.010416666511446238,3,0,0,16,11,11,0,0.0625
stage1c_single_agent_small,3,61312,1097,1,100,100,1,0,84.14998626708984,4.0,4.0,2.0,0.48,0.04185575492554853,1,0,0,119,61,62,1,0.01680672268907563
stage1c_single_agent_small,3,61337,1098,1,100,100,1,0,30.44796371459961,4.0,4.0,0.0,0.28,0.032232003919780254,2,0,0,25,16,-1,-1,0.0
stage1c_single_agent_small,3,61347,1099,1,100,100,1,0,89.0743179321289,4.0,4.0,2.0,0.16,0.03745977375656366,2,0,0,10,5,9,4,0.2
stage1c_single_agent_small,3,61374,1100,1,100,100,1,0,58.852970123291016,4.0,4.0,1.0,0.24,0.00314577407186368,1,0,0,27,22,22,0,0.037037037037037035
stage1c_single_agent_small,3,61446,1101,1,100,100,1,0,25.686588287353516,4.0,4.0,0.0,0.4,0.03321261658695423,1,0,0,72,31,-1,-1,0.0
stage1c_single_agent_small,3,61480,1102,1,100,100,1,0,29.009016036987305,4.0,4.0,0.0,0.36,0.0,2,0,0,34,28,-1,-1,0.0
stage1c_single_agent_small,3,61514,1103,1,100,100,1,0,147.44728088378906,4.0,4.0,4.0,0.24,0.0,0,0,0,34,31,31,0,0.11764705882352941
stage1c_single_agent_small,3,61526,1104,1,100,100,1,0,30.436613082885742,4.0,4.0,0.0,0.2,0.1862980785469214,1,0,0,12,7,-1,-1,0.0
stage1c_single_agent_small,3,61545,1105,1,100,100,1,0,27.305526733398438,4.0,4.0,0.0,0.16,0.061166429205944665,2,0,0,19,12,-1,-1,0.0
stage1c_single_agent_small,3,61602,1106,1,100,100,1,0,19.92826271057129,4.0,4.0,0.0,0.2,0.03722381166983069,2,0,0,57,52,-1,-1,0.0
stage1c_single_agent_small,3,61644,1107,1,100,100,1,0,24.356843948364258,4.0,4.0,0.0,0.24,0.020569965420734315,3,0,0,42,36,-1,-1,0.0
stage1c_single_agent_small,3,61718,1108,1,100,100,1,0,21.434797286987305,4.0,4.0,0.0,0.36,0.04054054054054054,3,0,0,74,56,-1,-1,0.0
stage1c_single_agent_small,3,61757,1109,1,100,100,1,0,25.809417724609375,4.0,4.0,0.0,0.36,0.0,1,0,0,39,27,-1,-1,0.0
stage1c_single_agent_small,3,61821,1110,1,100,100,1,0,24.13776206970215,4.0,4.0,0.0,0.44,0.07700934365857393,1,0,0,64,14,-1,-1,0.0
stage1c_single_agent_small,3,61832,1111,1,100,100,1,0,31.92365074157715,4.0,4.0,0.0,0.16,0.1509824865920977,3,0,0,11,4,-1,-1,0.0
stage1c_single_agent_small,3,61895,1112,1,100,100,1,0,24.35624885559082,4.0,4.0,0.0,0.44,0.017646062882646682,2,0,0,63,22,-1,-1,0.0
stage1c_single_agent_small,3,61918,1113,1,100,100,1,0,30.323699951171875,4.0,4.0,0.0,0.32,0.0,0,0,0,23,14,-1,-1,0.0
stage1c_single_agent_small,3,61981,1114,1,100,100,1,0,30.211339950561523,4.0,4.0,0.0,0.44,0.0,0,0,0,63,57,-1,-1,0.0
stage1c_single_agent_small,3,62008,1115,1,100,100,1,0,24.33669090270996,4.0,4.0,0.0,0.16,0.05895689926627609,2,0,0,27,20,-1,-1,0.0
stage1c_single_agent_small,3,62021,1116,1,100,100,1,0,30.396360397338867,4.0,4.0,0.0,0.16,0.23076923076923078,1,0,0,13,8,-1,-1,0.0
stage1c_single_agent_small,3,62068,1117,1,100,100,1,0,18.397703170776367,4.0,4.0,0.0,0.4,0.03743288562969958,1,0,0,47,39,-1,-1,0.0
stage1c_single_agent_small,3,62084,1118,1,100,100,1,0,148.85330200195312,4.0,4.0,4.0,0.16,0.0,0,0,0,16,6,6,0,0.25
stage1c_single_agent_small,3,62097,1119,1,100,100,1,0,28.88396644592285,4.0,4.0,0.0,0.16,0.0,0,0,0,13,7,-1,-1,0.0
stage1c_single_agent_small,3,62117,1120,1,100,100,1,0,30.33164405822754,4.0,4.0,0.0,0.2,0.0788529297336936,1,0,0,20,2,-1,-1,0.0
stage1c_single_agent_small,3,62181,1121,1,100,100,1,0,13.938385009765625,4.0,4.0,0.0,0.36,0.04590386453492101,3,0,0,64,53,-1,-1,0.0
stage1c_single_agent_small,3,62212,1122,1,100,100,1,0,24.41989517211914,4.0,4.0,0.0,0.36,0.05658899487987641,2,0,0,31,24,-1,-1,0.0
stage1c_single_agent_small,3,62250,1123,1,100,100,1,0,30.450580596923828,4.0,4.0,0.0,0.32,0.0,0,0,0,38,34,-1,-1,0.0
stage1c_single_agent_small,3,62303,1124,1,100,100,1,0,22.61150550842285,4.0,4.0,0.0,0.36,0.08500029477027227,2,0,0,53,34,-1,-1,0.0
stage1c_single_agent_small,3,62338,1125,1,100,100,1,0,24.349506378173828,4.0,4.0,0.0,0.36,0.04640125134693725,1,0,0,35,28,-1,-1,0.0
stage1c_single_agent_small,3,62345,1126,1,100,100,1,0,30.43777847290039,4.0,4.0,0.0,0.08,0.46364221296140123,2,0,0,7,2,-1,-1,0.0
stage1c_single_agent_small,3,62407,1127,1,100,100,1,0,19.85701560974121,4.0,4.0,0.0,0.24,0.0,0,0,0,62,9,-1,-1,0.0
stage1c_single_agent_small,3,62447,1128,1,100,100,1,0,25.69161605834961,4.0,4.0,0.0,0.2,0.025,1,0,0,40,29,-1,-1,0.0
stage1c_single_agent_small,3,62500,1129,1,100,100,1,0,85.923583984375,4.0,4.0,2.0,0.32,0.0,0,0,0,53,33,52,19,0.03773584905660377
stage1c_single_agent_small,3,62568,1130,1,100,100,1,0,16.93556022644043,4.0,4.0,0.0,0.28,0.03095455975134802,1,0,0,68,44,-1,-1,0.0
stage1c_single_agent_small,3,62647,1131,1,100,100,1,0,7.7882609367370605,4.0,4.0,0.0,0.48,0.051687763744517216,2,0,0,79,72,-1,-1,0.0
stage1c_single_agent_small,3,62715,1132,1,100,100,1,0,25.630176544189453,4.0,4.0,0.0,0.28,0.0,0,0,0,68,37,-1,-1,0.0
stage1c_single_agent_small,3,62737,1133,1,100,100,1,0,27.251253128051758,4.0,4.0,0.0,0.12,0.0,0,0,0,22,12,-1,-1,0.0
stage1c_single_agent_small,3,62769,1134,1,100,100,1,0,29.011558532714844,4.0,4.0,0.0,0.28,0.0,0,0,0,32,24,-1,-1,0.0
stage1c_single_agent_small,3,62793,1135,1,100,100,1,0,32.00069046020508,4.0,4.0,0.0,0.24,0.1084423391148448,2,0,0,24,4,-1,-1,0.0
stage1c_single_agent_small,3,62802,1136,1,100,100,1,0,28.937362670898438,4.0,4.0,0.0,0.12,0.054187151396440134,4,0,0,9,3,-1,-1,0.0
stage1c_single_agent_small,3,62881,1137,1,100,100,1,0,18.529043197631836,4.0,4.0,0.0,0.52,0.05790778015787371,3,0,0,79,30,-1,-1,0.0
stage1c_single_agent_small,3,62903,1138,1,100,100,1,0,30.421104431152344,4.0,4.0,0.0,0.16,0.10419567259536548,2,0,0,22,3,-1,-1,0.0
stage1c_single_agent_small,3,62913,1139,1,100,100,1,0,28.9364070892334,4.0,4.0,0.0,0.16,0.0993469160515815,1,0,0,10,4,-1,-1,0.0
stage1c_single_agent_small,3,62922,1140,1,100,100,1,0,28.922910690307617,4.0,4.0,0.0,0.12,0.34259259286854005,1,0,0,9,3,-1,-1,0.0
stage1c_single_agent_small,3,62992,1141,1,100,100,1,0,13.943069458007812,4.0,4.0,0.0,0.52,0.025143911436732325,4,0,0,70,62,-1,-1,0.0
stage1c_single_agent_small,3,63021,1142,1,100,100,1,0,27.31328582763672,4.0,4.0,0.0,0.16,0.006918058441630725,1,0,0,29,19,-1,-1,0.0
stage1c_single_agent_small,3,63040,1143,1,100,100,1,0,28.892139434814453,4.0,4.0,0.0,0.24,0.10656404965802242,3,0,0,19,10,-1,-1,0.0
stage1c_single_agent_small,3,63153,1144,1,100,100,1,0,108.35575103759766,4.0,4.0,3.0,0.44,0.013090332261228983,1,0,0,113,95,96,1,0.02654867256637168
stage1c_single_agent_small,3,63202,1145,1,100,100,1,0,18.375707626342773,4.0,4.0,0.0,0.4,0.08587067190329639,2,0,0,49,39,-1,-1,0.0
stage1c_single_agent_small,3,63260,1146,1,100,100,1,0,27.546003341674805,4.0,4.0,0.0,0.36,0.0,1,0,0,58,16,-1,-1,0.0
stage1c_single_agent_small,3,63304,1147,1,100,100,1,0,24.4523868560791,4.0,4.0,0.0,0.4,0.012160066144794902,2,0,0,44,36,-1,-1,0.0
stage1c_single_agent_small,3,63335,1148,1,100,100,1,0,29.010700225830078,4.0,4.0,0.0,0.36,0.04795710530672823,3,0,0,31,13,-1,-1,0.0
stage1c_single_agent_small,3,63344,1149,1,100,100,1,0,30.439573287963867,4.0,4.0,0.0,0.12,0.1312658805400133,1,0,0,9,4,-1,-1,0.0
stage1c_single_agent_small,3,63353,1150,1,100,100,1,0,28.900253295898438,4.0,4.0,0.0,0.08,0.2737981797092491,2,0,0,9,3,-1,-1,0.0
stage1c_single_agent_small,3,63381,1151,1,100,100,1,0,19.885740280151367,4.0,4.0,0.0,0.16,0.12911269906908274,4,0,0,28,5,-1,-1,0.0
stage1c_single_agent_small,3,63457,1152,1,100,100,1,0,53.13942337036133,4.0,4.0,1.0,0.52,0.08015883272807849,2,0,0,76,40,76,36,0.013157894736842105
stage1c_single_agent_small,3,63509,1153,1,100,100,1,0,24.468135833740234,4.0,4.0,0.0,0.36,0.057692307692307696,1,0,0,52,47,-1,-1,0.0
stage1c_single_agent_small,3,63546,1154,1,100,100,1,0,25.983869552612305,4.0,4.0,0.0,0.28,0.006613404565566295,3,0,0,37,32,-1,-1,0.0
stage1c_single_agent_small,3,63634,1155,1,100,100,1,0,18.331701278686523,4.0,4.0,0.0,0.56,0.03686332296241413,2,0,0,88,51,-1,-1,0.0
stage1c_single_agent_small,3,63658,1156,1,100,100,1,0,145.9764404296875,4.0,4.0,4.0,0.2,0.0,0,0,0,24,21,21,0,0.16666666666666666
stage1c_single_agent_small,3,63698,1157,1,100,100,1,0,50.022972106933594,4.0,4.0,1.0,0.36,0.0,1,0,0,40,22,23,1,0.025
stage1c_single_agent_small,3,63727,1158,1,100,100,1,0,30.365354537963867,4.0,4.0,0.0,0.2,0.07837662878767426,2,0,0,29,15,-1,-1,0.0
stage1c_single_agent_small,3,63767,1159,1,100,100,1,0,15.376165390014648,4.0,4.0,0.0,0.16,0.06438216641545295,3,0,0,40,33,-1,-1,0.0
stage1c_single_agent_small,3,63798,1160,1,100,100,1,0,24.48722267150879,4.0,4.0,0.0,0.36,0.04259387595999625,3,0,0,31,25,-1,-1,0.0
stage1c_single_agent_small,3,63829,1161,1,100,100,1,0,27.424097061157227,4.0,4.0,0.0,0.4,0.0026881721231245227,1,0,0,31,26,-1,-1,0.0
stage1c_single_agent_small,3,63877,1162,1,100,100,1,0,18.427629470825195,4.0,4.0,0.0,0.36,0.046584953168348875,2,0,0,48,42,-1,-1,0.0
stage1c_single_agent_small,3,63890,1163,1,100,100,1,0,30.4455623626709,4.0,4.0,0.0,0.2,0.16791485307308343,3,0,0,13,5,-1,-1,0.0
stage1c_single_agent_small,3,63914,1164,1,100,100,1,0,57.436641693115234,4.0,4.0,1.0,0.2,0.09314903803169727,1,0,0,24,19,19,0,0.041666666666666664
stage1c_single_agent_small,3,63966,1165,1,100,100,1,0,25.93311309814453,4.0,4.0,0.0,0.44,0.09266770567046478,2,0,0,52,7,-1,-1,0.0
stage1c_single_agent_small,3,63982,1166,1,100,100,1,0,28.846546173095703,4.0,4.0,0.0,0.12,0.1976351346820593,2,0,0,16,4,-1,-1,0.0
stage1c_single_agent_small,3,64006,1167,1,100,100,1,0,27.46219825744629,4.0,4.0,0.0,0.24,0.13763001436988512,1,0,0,24,19,-1,-1,0.0
stage1c_single_agent_small,3,64053,1168,1,100,100,1,0,24.4611759185791,4.0,4.0,0.0,0.4,0.05380758690707227,3,0,0,47,8,-1,-1,0.0
stage1c_single_agent_small,3,64082,1169,1,100,100,1,0,25.94381332397461,4.0,4.0,0.0,0.24,0.06928822501755223,4,0,0,29,24,-1,-1,0.0
stage1c_single_agent_small,3,64092,1170,1,100,100,1,0,90.5877456665039,4.0,4.0,2.0,0.16,0.10058321985416115,2,0,0,10,5,5,0,0.2
stage1c_single_agent_small,3,64145,1171,1,100,100,1,0,18.495519638061523,4.0,4.0,0.0,0.4,0.004635600179855553,3,0,0,53,48,-1,-1,0.0
stage1c_single_agent_small,3,64250,1172,1,100,100,1,0,18.72606658935547,4.0,4.0,0.0,0.64,0.06954976699891545,3,0,0,105,36,-1,-1,0.0
stage1c_single_agent_small,3,64306,1173,1,100,100,1,0,21.446544647216797,4.0,4.0,0.0,0.4,0.014183900718178068,1,0,0,56,4,-1,-1,0.0
stage1c_single_agent_small,3,64321,1174,1,100,100,1,0,89.05402374267578,4.0,4.0,2.0,0.2,0.06666666666666667,2,0,0,15,10,10,0,0.13333333333333333
stage1c_single_agent_small,3,64334,1175,1,100,100,1,0,27.40022850036621,4.0,4.0,0.0,0.12,0.17200598092928815,2,0,0,13,7,-1,-1,0.0
stage1c_single_agent_small,3,64357,1176,1,100,100,1,0,27.520875930786133,4.0,4.0,0.0,0.32,0.04858062999403995,2,0,0,23,18,-1,-1,0.0
stage1c_single_agent_small,3,64406,1177,1,100,100,1,0,56.12074279785156,4.0,4.0,1.0,0.44,0.0024713391856271394,1,0,0,49,18,49,31,0.02040816326530612
stage1c_single_agent_small,3,64426,1178,1,100,100,1,0,25.81760025024414,4.0,4.0,0.0,0.16,0.1203378301113844,3,0,0,20,13,-1,-1,0.0
stage1c_single_agent_small,3,64546,1179,1,100,100,1,0,26.524738311767578,2.0,2.0,1.0,0.6,0.0,0,0,2,120,25,88,63,0.008333333333333333
stage1c_single_agent_small,3,64569,1180,1,100,100,1,0,27.516775131225586,4.0,4.0,0.0,0.32,0.09153524834824645,3,0,0,23,18,-1,-1,0.0
stage1c_single_agent_small,3,64586,1181,1,100,100,1,0,29.032533645629883,4.0,4.0,0.0,0.2,0.00974959003574708,3,0,0,17,12,-1,-1,0.0
stage1c_single_agent_small,3,64611,1182,1,100,100,1,0,21.573139190673828,4.0,4.0,0.0,0.16,0.06495429381728172,4,0,0,25,13,-1,-1,0.0
stage1c_single_agent_small,3,64648,1183,1,100,100,1,0,24.61420249938965,4.0,4.0,0.0,0.2,0.11533829295453993,3,0,0,37,12,-1,-1,0.0
stage1c_single_agent_small,3,64668,1184,1,100,100,1,0,24.29653549194336,4.0,4.0,0.0,0.08,0.12235965058207512,5,0,0,20,14,-1,-1,0.0
stage1c_single_agent_small,3,64696,1185,1,100,100,1,0,21.254152297973633,4.0,4.0,0.0,0.2,0.03618287720850536,3,0,0,28,11,-1,-1,0.0
stage1c_single_agent_small,3,64732,1186,1,100,100,1,0,57.51776123046875,4.0,4.0,1.0,0.32,0.0236087036319077,2,0,0,36,9,10,1,0.027777777777777776
stage1c_single_agent_small,3,64752,1187,1,100,100,1,0,24.373971939086914,4.0,4.0,0.0,0.2,0.06490064347162842,3,0,0,20,14,-1,-1,0.0
stage1c_single_agent_small,3,64791,1188,1,100,100,1,0,18.436853408813477,4.0,4.0,0.0,0.2,0.06171170774942789,3,0,0,39,32,-1,-1,0.0
stage1c_single_agent_small,3,64862,1189,1,100,100,1,0,124.75755310058594,4.0,4.0,4.0,0.24,0.0,0,0,0,71,48,48,0,0.056338028169014086
stage1c_single_agent_small,3,64949,1190,1,100,100,1,0,19.961231231689453,4.0,4.0,0.0,0.52,0.0,0,0,0,87,13,-1,-1,0.0
stage1c_single_agent_small,3,64968,1191,1,100,100,1,0,28.974693298339844,4.0,4.0,0.0,0.16,0.0091279234345022,2,0,0,19,14,-1,-1,0.0
stage1c_single_agent_small,3,64987,1192,1,100,100,1,0,24.336029052734375,4.0,4.0,0.0,0.16,0.1804877296090126,4,0,0,19,9,-1,-1,0.0
stage1c_single_agent_small,3,65056,1193,1,100,100,1,0,23.257102966308594,4.0,4.0,0.0,0.52,0.06260479700522147,3,0,0,69,5,-1,-1,0.0
stage1c_single_agent_small,3,65139,1194,1,100,100,1,0,18.414642333984375,4.0,4.0,0.0,0.52,0.05610021033200873,1,0,0,83,21,-1,-1,0.0
stage1c_single_agent_small,3,65165,1195,1,100,100,1,0,25.965038299560547,4.0,4.0,0.0,0.32,0.061186915585914485,3,0,0,26,20,-1,-1,0.0
stage1c_single_agent_small,3,65206,1196,1,100,100,1,0,24.574079513549805,4.0,4.0,0.0,0.28,0.001437175950807769,2,0,0,41,27,-1,-1,0.0
stage1c_single_agent_small,3,65221,1197,1,100,100,1,0,30.534517288208008,4.0,4.0,0.0,0.16,0.0412145076940457,4,0,0,15,3,-1,-1,0.0
stage1c_single_agent_small,3,65273,1198,1,100,100,1,0,21.63684844970703,4.0,4.0,0.0,0.4,0.0,2,0,0,52,40,-1,-1,0.0
stage1c_single_agent_small,3,65287,1199,1,100,100,1,0,27.38094711303711,4.0,4.0,0.0,0.12,0.23960937772478377,4,0,0,14,8,-1,-1,0.0
stage1c_single_agent_small,3,65295,1200,1,100,100,1,0,30.411983489990234,4.0,4.0,0.0,0.08,0.375,1,0,0,8,3,-1,-1,0.0
stage1c_single_agent_small,3,65360,1201,1,100,100,1,0,82.90528869628906,4.0,4.0,2.0,0.48,0.0,0,0,0,65,19,64,45,0.03076923076923077
stage1c_single_agent_small,3,65469,1202,1,100,100,1,0,7.89299201965332,4.0,4.0,0.0,0.44,0.010662038118467419,1,0,0,109,23,-1,-1,0.0
stage1c_single_agent_small,3,65524,1203,1,100,100,1,0,13.908916473388672,4.0,4.0,0.0,0.2,0.0015151515603065492,1,0,0,55,2,-1,-1,0.0
stage1c_single_agent_small,3,65535,1204,1,100,100,1,0,28.94251251220703,4.0,4.0,0.0,0.16,0.2060279366136952,2,0,0,11,5,-1,-1,0.0
stage1c_single_agent_small,3,65560,1205,1,100,100,1,0,87.66392517089844,4.0,4.0,2.0,0.32,0.003333333432674408,2,0,0,25,11,11,0,0.08
stage1c_single_agent_small,3,65578,1206,1,100,100,1,0,27.32236671447754,4.0,4.0,0.0,0.16,0.07765217208200031,1,0,0,18,13,-1,-1,0.0
stage1c_single_agent_small,3,65625,1207,1,100,100,1,0,27.447189331054688,4.0,4.0,0.0,0.4,0.06530916674974117,2,0,0,47,9,-1,-1,0.0
stage1c_single_agent_small,3,65640,1208,1,100,100,1,0,28.911144256591797,4.0,4.0,0.0,0.2,0.0,2,0,0,15,3,-1,-1,0.0
stage1c_single_agent_small,3,65662,1209,1,100,100,1,0,27.46050262451172,4.0,4.0,0.0,0.16,0.10923445529558441,3,0,0,22,16,-1,-1,0.0
stage1c_single_agent_small,3,65721,1210,1,100,100,1,0,19.97892951965332,4.0,4.0,0.0,0.44,0.05968290062273963,4,0,0,59,19,-1,-1,0.0
stage1c_single_agent_small,3,65759,1211,1,100,100,1,0,26.14696502685547,4.0,4.0,0.0,0.32,0.11493726604078945,4,0,0,38,7,-1,-1,0.0
stage1c_single_agent_small,3,65789,1212,1,100,100,1,0,29.19061851501465,4.0,4.0,0.0,0.2,0.04710558479030927,2,0,0,30,14,-1,-1,0.0
stage1c_single_agent_small,3,65856,1213,1,100,100,1,0,23.089187622070312,4.0,4.0,0.0,0.44,0.10528224211797785,2,0,0,67,3,-1,-1,0.0
stage1c_single_agent_small,3,65873,1214,1,100,100,1,0,28.880184173583984,4.0,4.0,0.0,0.24,0.009535227628315197,2,0,0,17,12,-1,-1,0.0
stage1c_single_agent_small,3,65915,1215,1,100,100,1,0,119.11915588378906,4.0,4.0,3.0,0.36,0.001984127043258576,1,0,0,42,39,40,1,0.07142857142857142
stage1c_single_agent_small,3,65974,1216,1,100,100,1,0,26.05379867553711,4.0,4.0,0.0,0.32,0.013897104030948574,1,0,0,59,2,-1,-1,0.0
stage1c_single_agent_small,3,66006,1217,1,100,100,1,0,24.538305282592773,4.0,4.0,0.0,0.28,0.15763677541690413,2,0,0,32,8,-1,-1,0.0
stage1c_single_agent_small,3,66017,1218,1,100,100,1,0,28.927940368652344,4.0,4.0,0.0,0.12,0.040510264690965414,2,0,0,11,5,-1,-1,0.0
stage1c_single_agent_small,3,66110,1219,1,100,100,1,0,51.508331298828125,4.0,4.0,1.0,0.52,0.0,0,0,0,93,47,79,32,0.010752688172043012
stage1c_single_agent_small,3,66145,1220,1,100,100,1,0,23.280202865600586,4.0,4.0,0.0,0.24,0.0,3,0,0,35,23,-1,-1,0.0
stage1c_single_agent_small,3,66160,1221,1,100,100,1,0,25.997020721435547,4.0,4.0,0.0,0.08,0.14510935756067436,3,0,0,15,9,-1,-1,0.0
stage1c_single_agent_small,3,66233,1222,1,100,100,1,0,27.637014389038086,4.0,4.0,0.0,0.36,0.06773669074914634,4,0,0,73,16,-1,-1,0.0
stage1c_single_agent_small,3,66278,1223,1,100,100,1,0,18.40865135192871,4.0,4.0,0.0,0.36,0.022351826634258033,2,0,0,45,40,-1,-1,0.0
stage1c_single_agent_small,3,66327,1224,1,100,100,1,0,19.884828567504883,4.0,4.0,0.0,0.32,0.07347466720610249,1,0,0,49,44,-1,-1,0.0
stage1c_single_agent_small,3,66337,1225,1,100,100,1,0,28.9031925201416,4.0,4.0,0.0,0.08,0.3023156262934208,2,0,0,10,6,-1,-1,0.0
stage1c_single_agent_small,3,66395,1226,1,100,100,1,0,26.09417724609375,4.0,4.0,0.0,0.48,0.11964502119045736,4,0,0,58,8,-1,-1,0.0
stage1c_single_agent_small,3,66413,1227,1,100,100,1,0,28.942230224609375,4.0,4.0,0.0,0.32,0.16666666666666666,1,0,0,18,13,-1,-1,0.0
stage1c_single_agent_small,3,66487,1228,1,100,100,1,0,18.428152084350586,4.0,4.0,0.0,0.48,0.015099384998147553,2,0,0,74,28,-1,-1,0.0
stage1c_single_agent_small,3,66495,1229,1,100,100,1,0,30.455238342285156,4.0,4.0,0.0,0.12,0.05746298562735319,4,0,0,8,3,-1,-1,0.0
stage1c_single_agent_small,3,66525,1230,1,100,100,1,0,29.10588264465332,4.0,4.0,0.0,0.32,0.0027777778605620066,2,0,0,30,18,-1,-1,0.0
stage1c_single_agent_small,3,66566,1231,1,100,100,1,0,27.24102783203125,4.0,4.0,0.0,0.28,0.0,1,0,0,41,8,-1,-1,0.0
stage1c_single_agent_small,3,66646,1232,1,100,100,1,0,24.283226013183594,4.0,4.0,0.0,0.44,0.034338343190029263,2,0,0,80,55,-1,-1,0.0
stage1b_single_agent_obstacles,4,67066,1233,1,420,320,3,2,29.78676414489746,8.0,8.0,0.0,0.26587301587301587,0.0,0,2,12,400,86,-1,-1,0.0
stage1b_single_agent_obstacles,4,67466,1234,1,420,320,3,2,41.38650894165039,12.0,12.0,0.0,0.18253968253968253,0.06709484146005706,10,3,12,400,83,-1,-1,0.0
stage1b_single_agent_obstacles,4,67866,1235,1,420,320,3,2,45.35783386230469,10.0,10.0,0.0,0.21825396825396826,0.002951875593862496,6,2,10,400,64,-1,-1,0.0
stage1b_single_agent_obstacles,4,68266,1236,1,420,320,3,2,16.7692928314209,7.0,7.0,0.0,0.21825396825396826,0.0002252252318430692,1,1,9,400,53,-1,-1,0.0
stage1b_single_agent_obstacles,4,68666,1237,1,420,320,3,2,-84.37997436523438,0.0,0.0,0.0,0.0873015873015873,0.0,0,0,12,400,-1,-1,-1,0.0
stage1b_single_agent_obstacles,4,69066,1238,1,420,320,3,2,96.90592956542969,18.0,18.0,0.0,0.21031746031746032,0.06178706206555944,12,4,10,400,42,-1,-1,0.0
stage1b_single_agent_obstacles,4,69466,1239,1,420,320,3,2,33.42292404174805,12.0,12.0,0.0,0.27380952380952384,0.01271013417863287,8,3,12,400,126,-1,-1,0.0
stage1b_single_agent_obstacles,4,69866,1240,1,420,320,3,2,23.521421432495117,4.0,4.0,0.0,0.15476190476190477,0.039915909149276556,4,1,12,400,73,-1,-1,0.0
stage1b_single_agent_obstacles,4,70266,1241,1,420,320,3,2,-7.209423542022705,2.0,2.0,0.0,0.12301587301587301,0.0026364895235747097,2,0,10,400,62,-1,-1,0.0
stage1b_single_agent_obstacles,4,70666,1242,1,420,320,3,2,-6.256525039672852,6.0,6.0,0.0,0.2619047619047619,0.022147167131770402,6,1,10,400,3,-1,-1,0.0
stage1b_single_agent_obstacles,4,71066,1243,1,420,320,3,2,-165.39974975585938,0.0,0.0,0.0,0.047619047619047616,0.0,0,0,12,400,-1,-1,-1,0.0
stage1b_single_agent_obstacles,4,71466,1244,1,420,320,3,2,45.72605895996094,11.0,11.0,0.0,0.29365079365079366,0.02247154148644768,9,2,9,400,80,-1,-1,0.0
stage1b_single_agent_obstacles,4,71866,1245,1,420,320,3,2,43.76074981689453,11.0,11.0,0.0,0.2619047619047619,0.015368231479078532,5,2,9,400,4,-1,-1,0.0
stage1b_single_agent_obstacles,4,72266,1246,1,420,320,3,2,-100.46897888183594,0.0,0.0,0.0,0.04365079365079365,0.0,0,0,12,400,-1,-1,-1,0.0
stage1b_single_agent_obstacles,4,72666,1247,1,420,320,3,2,18.821388244628906,8.0,8.0,0.0,0.1865079365079365,0.1063148510060273,4,2,12,400,210,-1,-1,0.0
stage1b_single_agent_obstacles,4,73066,1248,1,420,320,3,2,34.47564697265625,8.0,8.0,0.0,0.1388888888888889,0.26400242567062376,2,2,12,400,41,-1,-1,0.0
stage1b_single_agent_obstacles,4,73466,1249,1,420,320,3,2,17.513952255249023,4.0,4.0,0.0,0.13095238095238096,0.012347085524816066,3,1,12,400,341,-1,-1,0.0
stage1b_single_agent_obstacles,4,73866,1250,1,420,320,3,2,91.06417083740234,13.0,13.0,0.0,0.23412698412698413,0.006655380754964426,6,3,11,400,4,-1,-1,0.0
stage1b_single_agent_obstacles,4,74266,1251,1,420,320,3,2,-8.014999389648438,4.0,4.0,0.0,0.1111111111111111,0.0,0,1,12,400,186,-1,-1,0.0
stage1b_single_agent_obstacles,4,74666,1252,1,420,320,3,2,7.767967224121094,4.0,4.0,0.0,0.14682539682539683,0.0,2,1,12,400,34,-1,-1,0.0
stage1b_single_agent_obstacles,4,75066,1253,1,420,320,3,2,61.872318267822266,10.0,10.0,0.0,0.1984126984126984,0.0887367687933147,4,2,10,400,14,-1,-1,0.0
stage1b_single_agent_obstacles,4,75466,1254,1,420,320,3,2,-4.520002841949463,0.0,0.0,0.0,0.0992063492063492,0.0,0,0,12,400,-1,-1,-1,0.0
stage1b_single_agent_obstacles,4,75866,1255,1,420,320,3,2,-5.870009899139404,0.0,0.0,0.0,0.051587301587301584,0.0,0,0,12,400,-1,-1,-1,0.0
stage1b_single_agent_obstacles,4,76266,1256,1,420,320,3,2,59.877750396728516,10.0,10.0,0.0,0.19444444444444445,0.061923451712937096,8,2,10,400,139,-1,-1,0.0
stage1b_single_agent_obstacles,4,76666,1257,1,420,320,3,2,80.32853698730469,12.0,12.0,0.0,0.15476190476190477,0.25982051328290257,8,3,12,400,172,-1,-1,0.0
stage1b_single_agent_obstacles,4,77066,1258,1,420,320,3,2,23.754257202148438,4.0,4.0,0.0,0.13095238095238096,0.06438498582108877,4,1,12,400,50,-1,-1,0.0
stage1b_single_agent_obstacles,4,77466,1259,1,420,320,3,2,81.16069793701172,12.0,12.0,0.0,0.16666666666666666,0.05155746090458706,4,3,12,400,92,-1,-1,0.0
stage1b_single_agent_obstacles,4,77866,1260,1,420,320,3,2,31.315752029418945,8.0,8.0,0.0,0.17063492063492064,0.20264472050126642,2,2,12,400,65,-1,-1,0.0
stage1b_single_agent_obstacles,4,78266,1261,1,420,320,3,2,123.894775390625,17.0,17.0,0.0,0.26587301587301587,0.048777948269271294,7,4,11,400,54,-1,-1,0.0
stage1b_single_agent_obstacles,4,78666,1262,1,420,320,3,2,82.41261291503906,12.0,12.0,0.0,0.0873015873015873,0.16412404115544632,5,3,12,400,208,-1,-1,0.0
stage1b_single_agent_obstacles,4,79066,1263,1,420,320,3,2,2.319929838180542,2.0,2.0,0.0,0.19444444444444445,0.0006542095169425011,2,0,10,400,347,-1,-1,0.0
stage1b_single_agent_obstacles,4,79466,1264,1,420,320,3,2,56.77812957763672,8.0,8.0,0.0,0.16666666666666666,0.06262474845047108,5,2,12,400,130,-1,-1,0.0
stage1b_single_agent_obstacles,4,79866,1265,1,420,320,3,2,52.075984954833984,8.0,8.0,0.0,0.23412698412698413,0.0010969999805092812,1,1,8,400,132,-1,-1,0.0
stage1b_single_agent_obstacles,4,80266,1266,1,420,320,3,2,45.17780685424805,9.0,9.0,0.0,0.1984126984126984,0.09329137343913317,5,2,11,400,92,-1,-1,0.0
stage1b_single_agent_obstacles,4,80666,1267,1,420,320,3,2,14.311254501342773,4.0,4.0,0.0,0.07142857142857142,0.199669408807531,1,1,12,400,22,-1,-1,0.0
stage1b_single_agent_obstacles,4,81066,1268,1,420,320,3,2,22.60537338256836,4.0,4.0,0.0,0.07539682539682539,0.3669471294246614,3,1,12,400,26,-1,-1,0.0
stage1b_single_agent_obstacles,4,81466,1269,1,420,320,3,2,38.142826080322266,8.0,8.0,0.0,0.19444444444444445,0.034807170061394575,2,2,12,400,333,-1,-1,0.0
stage1b_single_agent_obstacles,4,81866,1270,1,420,320,3,2,6.756359577178955,4.0,4.0,0.0,0.07142857142857142,0.3076067134831101,2,1,12,400,24,-1,-1,0.0
stage1b_single_agent_obstacles,4,82266,1271,1,420,320,3,2,-17.6079044342041,2.0,2.0,0.0,0.17063492063492064,0.02019131157780066,2,0,10,400,20,-1,-1,0.0
stage1b_single_agent_obstacles,4,82666,1272,1,420,320,3,2,77.9889907836914,11.0,11.0,0.0,0.2222222222222222,0.025171562153846024,4,2,9,400,156,-1,-1,0.0
stage1b_single_agent_obstacles,4,83066,1273,1,420,320,3,2,-4.274907112121582,0.0,0.0,0.0,0.08333333333333333,0.0,0,0,12,400,-1,-1,-1,0.0
stage1b_single_agent_obstacles,4,83466,1274,1,420,320,3,2,127.76850128173828,18.0,18.0,0.0,0.27380952380952384,0.06180891420372063,9,4,10,400,40,-1,-1,0.0
stage1b_single_agent_obstacles,4,83866,1275,1,420,320,3,2,-18.651321411132812,4.0,4.0,0.0,0.07142857142857142,0.26090559132397173,2,1,12,400,36,-1,-1,0.0
stage1b_single_agent_obstacles,4,84266,1276,1,420,320,3,2,-14.680081367492676,0.0,0.0,0.0,0.01984126984126984,0.0,0,0,12,400,-1,-1,-1,0.0
stage1b_single_agent_obstacles,4,84666,1277,1,420,320,3,2,22.35321617126465,4.0,4.0,0.0,0.07539682539682539,0.095798664027825,3,1,12,400,101,-1,-1,0.0
stage1b_single_agent_obstacles,4,85066,1278,1,420,320,3,2,-4.0199971199035645,0.0,0.0,0.0,0.003968253968253968,0.0,0,0,12,400,-1,-1,-1,0.0
stage1b_single_agent_obstacles,4,85466,1279,1,420,320,3,2,71.98999786376953,10.0,10.0,0.0,0.2619047619047619,0.03999096035957336,1,2,10,400,116,-1,-1,0.0
stage1b_single_agent_obstacles,4,85866,1280,1,420,320,3,2,-3.9899966716766357,0.0,0.0,0.0,0.011904761904761904,0.0,0,0,12,400,-1,-1,-1,0.0
stage1b_single_agent_obstacles,4,86266,1281,1,420,320,3,2,61.69407653808594,10.0,10.0,0.0,0.21031746031746032,0.013779184718150645,5,2,10,400,183,-1,-1,0.0
stage1b_single_agent_obstacles,4,86666,1282,1,420,320,3,2,42.903316497802734,6.0,6.0,0.0,0.15873015873015872,0.00022520417813211678,2,1,10,400,11,-1,-1,0.0
stage1b_single_agent_obstacles,4,87066,1283,1,420,320,3,2,51.339820861816406,9.0,9.0,0.0,0.20238095238095238,0.003481490849517286,4,1,7,400,58,-1,-1,0.0
stage1b_single_agent_obstacles,4,87466,1284,1,420,320,3,2,52.965728759765625,8.0,8.0,0.0,0.16666666666666666,0.006062930538319051,4,2,12,400,3,-1,-1,0.0
stage1b_single_agent_obstacles,4,87866,1285,1,420,320,3,2,28.85970115661621,4.0,4.0,0.0,0.047619047619047616,0.28643988497555256,2,1,12,400,54,-1,-1,0.0
stage1b_single_agent_obstacles,4,88266,1286,1,420,320,3,2,28.31035041809082,4.0,4.0,0.0,0.015873015873015872,0.1497471531649353,3,1,12,400,12,-1,-1,0.0
stage1b_single_agent_obstacles,4,88666,1287,1,420,320,3,2,95.62976837158203,14.0,14.0,0.0,0.17857142857142858,0.050101614163722843,5,3,10,400,10,-1,-1,0.0
stage2a_small_swarm_medium,5,90388,1288,3,700,500,3,4,26.04060173034668,12.0,12.0,0.0,0.03968253968253968,0.002229070261819288,3,3,12,500,8,-1,-1,0.0
stage2a_small_swarm_medium,5,91888,1289,3,700,500,3,4,24.727872848510742,12.0,12.0,0.0,0.05396825396825397,0.035051062867123006,3,3,12,500,142,-1,-1,0.0
stage2a_small_swarm_medium,5,93388,1290,3,700,500,3,4,-6.20343542098999,0.0,0.0,0.0,0.0380952380952381,0.0,0,0,12,500,-1,-1,-1,0.0
stage2a_small_swarm_medium,5,94888,1291,3,700,500,3,4,4.161633014678955,4.0,4.0,0.0,0.031746031746031744,0.03737499467966457,2,1,12,500,80,-1,-1,0.0
stage2a_small_swarm_medium,5,96388,1292,3,700,500,3,4,6.451713562011719,4.0,4.0,0.0,0.01904761904761905,0.0,0,1,12,500,14,-1,-1,0.0
stage2a_small_swarm_medium,5,97888,1293,3,700,500,3,4,1.7995100021362305,7.0,7.0,0.0,0.05238095238095238,0.0,0,1,9,500,76,-1,-1,0.0
stage2a_small_swarm_medium,5,99388,1294,3,700,500,3,4,-4.226062774658203,0.0,0.0,0.0,0.05714285714285714,0.0,0,0,12,500,-1,-1,-1,0.0
stage2a_small_swarm_medium,5,100888,1295,3,700,500,3,4,-5.000019550323486,0.0,0.0,0.0,0.004761904761904762,0.0,0,0,12,500,-1,-1,-1,0.0
