family,condition,seed,n_agents,max_steps,active_targets,food_source_capacity,pheromone_enabled,checkpoint_dir,food_picked_up,food_delivered,delivery_conversion,early_deliveries,late_deliveries,late_delivery_fraction,post_discovery_deliveries,time_to_first_discovery,time_to_first_delivery,pickup_to_delivery_latency,exploration_coverage,pheromone_usage,episode_length
focused_pheromone_ablation_extended_30_agents,trained_with_pheromone__eval_with_pheromone,100,1,1200,1,12,True,checkpoints/mappo_gru_pheromone/stage3_full_marl,0,0,0.0,0,0,0.0,0,-1,-1,-1.0,0.04554655870445344,0.0,1200
focused_pheromone_ablation_extended_30_agents,trained_with_pheromone__eval_without_pheromone,100,1,1200,1,12,False,checkpoints/mappo_gru_pheromone/stage3_full_marl,0,0,0.0,0,0,0.0,0,-1,-1,-1.0,0.04554655870445344,0.0,1200
focused_pheromone_ablation_extended_30_agents,trained_without_pheromone__eval_without_pheromone,100,1,1200,1,12,False,checkpoints/mappo_gru_no_pheromone/stage3_full_marl,0,0,0.0,0,0,0.0,0,-1,-1,-1.0,0.0010121457489878543,0.0,1200
focused_pheromone_ablation_extended_30_agents,trained_with_pheromone__eval_with_pheromone,101,1,1200,1,12,True,checkpoints/mappo_gru_pheromone/stage3_full_marl,0,0,0.0,0,0,0.0,0,-1,-1,-1.0,0.07995951417004049,0.0,1200
focused_pheromone_ablation_extended_30_agents,trained_with_pheromone__eval_without_pheromone,101,1,1200,1,12,False,checkpoints/mappo_gru_pheromone/stage3_full_marl,0,0,0.0,0,0,0.0,0,-1,-1,-1.0,0.07995951417004049,0.0,1200
focused_pheromone_ablation_extended_30_agents,trained_without_pheromone__eval_without_pheromone,101,1,1200,1,12,False,checkpoints/mappo_gru_no_pheromone/stage3_full_marl,0,0,0.0,0,0,0.0,0,-1,-1,-1.0,0.004048582995951417,0.0,1200
focused_pheromone_ablation_extended_30_agents,trained_with_pheromone__eval_with_pheromone,102,1,1200,1,12,True,checkpoints/mappo_gru_pheromone/stage3_full_marl,0,0,0.0,0,0,0.0,0,-1,-1,-1.0,0.029352226720647773,0.0,1200
focused_pheromone_ablation_extended_30_agents,trained_with_pheromone__eval_without_pheromone,102,1,1200,1,12,False,checkpoints/mappo_gru_pheromone/stage3_full_marl,0,0,0.0,0,0,0.0,0,-1,-1,-1.0,0.029352226720647773,0.0,1200
focused_pheromone_ablation_extended_30_agents,trained_without_pheromone__eval_without_pheromone,102,1,1200,1,12,False,checkpoints/mappo_gru_no_pheromone/stage3_full_marl,0,0,0.0,0,0,0.0,0,-1,-1,-1.0,0.0020242914979757085,0.0,1200
focused_pheromone_ablation_extended_30_agents,trained_with_pheromone__eval_with_pheromone,103,1,1200,1,12,True,checkpoints/mappo_gru_pheromone/stage3_full_marl,0,0,0.0,0,0,0.0,0,-1,-1,-1.0,0.01417004048582996,0.0,1200
focused_pheromone_ablation_extended_30_agents,trained_with_pheromone__eval_without_pheromone,103,1,1200,1,12,False,checkpoints/mappo_gru_pheromone/stage3_full_marl,0,0,0.0,0,0,0.0,0,-1,-1,-1.0,0.01417004048582996,0.0,1200
focused_pheromone_ablation_extended_30_agents,trained_without_pheromone__eval_without_pheromone,103,1,1200,1,12,False,checkpoints/mappo_gru_no_pheromone/stage3_full_marl,0,0,0.0,0,0,0.0,0,-1,-1,-1.0,0.0010121457489878543,0.0,1200
focused_pheromone_ablation_extended_30_agents,trained_with_pheromone__eval_with_pheromone,104,1,1200,1,12,True,checkpoints/mappo_gru_pheromone/stage3_full_marl,0,0,0.0,0,0,0.0,0,-1,-1,-1.0,0.020242914979757085,0.0,1200
focused_pheromone_ablation_extended_30_agents,trained_with_pheromone__eval_without_pheromone,104,1,1200,1,12,False,checkpoints/mappo_gru_pheromone/stage3_full_marl,0,0,0.0,0,0,0.0,0,-1,-1,-1.0,0.020242914979757085,0.0,1200
focused_pheromone_ablation_extended_30_agents,trained_without_pheromone__eval_without_pheromone,104,1,1200,1,12,False,checkpoints/mappo_gru_no_pheromone/stage3_full_marl,0,0,0.0,0,0,0.0,0,-1,-1,-1.0,0.0010121457489878543,0.0,1200
focused_pheromone_ablation_extended_30_agents,trained_with_pheromone__eval_with_pheromone,105,1,1200,1,12,True,checkpoints/mappo_gru_pheromone/stage3_full_marl,0,0,0.0,0,0,0.0,0,-1,-1,-1.0,0.012145748987854251,0.0,1200
focused_pheromone_ablation_extended_30_agents,trained_with_pheromone__eval_without_pheromone,105,1,1200,1,12,False,checkpoints/mappo_gru_pheromone/stage3_full_marl,0,0,0.0,0,0,0.0,0,-1,-1,-1.0,0.012145748987854251,0.0,1200
focused_pheromone_ablation_extended_30_agents,trained_without_pheromone__eval_without_pheromone,105,1,1200,1,12,False,checkpoints/mappo_gru_no_pheromone/stage3_full_marl,0,0,0.0,0,0,0.0,0,-1,-1,-1.0,0.0020242914979757085,0.0,1200
focused_pheromone_ablation_extended_30_agents,trained_with_pheromone__eval_with_pheromone,106,1,1200,1,12,True,checkpoints/mappo_gru_pheromone/stage3_full_marl,1,1,1.0,1,0,0.0,1,329,372,43.0,0.09008097165991903,0.006786674320853005,1200
focused_pheromone_ablation_extended_30_agents,trained_with_pheromone__eval_without_pheromone,106,1,1200,1,12,False,checkpoints/mappo_gru_pheromone/stage3_full_marl,2,2,1.0,1,1,0.5,2,329,372,43.0,0.08906882591093117,0.0,1200
focused_pheromone_ablation_extended_30_agents,trained_without_pheromone__eval_without_pheromone,106,1,1200,1,12,False,checkpoints/mappo_gru_no_pheromone/stage3_full_marl,0,0,0.0,0,0,0.0,0,-1,-1,-1.0,0.0010121457489878543,0.0,1200
focused_pheromone_ablation_extended_30_agents,trained_with_pheromone__eval_with_pheromone,107,1,1200,1,12,True,checkpoints/mappo_gru_pheromone/stage3_full_marl,2,1,0.5,0,1,1.0,1,206,843,637.0,0.08502024291497975,0.22085003717724855,1200
focused_pheromone_ablation_extended_30_agents,trained_with_pheromone__eval_without_pheromone,107,1,1200,1,12,False,checkpoints/mappo_gru_pheromone/stage3_full_marl,1,1,1.0,0,1,1.0,1,206,617,411.0,0.08198380566801619,0.0,1200
focused_pheromone_ablation_extended_30_agents,trained_without_pheromone__eval_without_pheromone,107,1,1200,1,12,False,checkpoints/mappo_gru_no_pheromone/stage3_full_marl,0,0,0.0,0,0,0.0,0,-1,-1,-1.0,0.0010121457489878543,0.0,1200
focused_pheromone_ablation_extended_30_agents,trained_with_pheromone__eval_with_pheromone,108,1,1200,1,12,True,checkpoints/mappo_gru_pheromone/stage3_full_marl,0,0,0.0,0,0,0.0,0,-1,-1,-1.0,0.011133603238866396,0.0,1200
focused_pheromone_ablation_extended_30_agents,trained_with_pheromone__eval_without_pheromone,108,1,1200,1,12,False,checkpoints/mappo_gru_pheromone/stage3_full_marl,0,0,0.0,0,0,0.0,0,-1,-1,-1.0,0.011133603238866396,0.0,1200
focused_pheromone_ablation_extended_30_agents,trained_without_pheromone__eval_without_pheromone,108,1,1200,1,12,False,checkpoints/mappo_gru_no_pheromone/stage3_full_marl,0,0,0.0,0,0,0.0,0,-1,-1,-1.0,0.0020242914979757085,0.0,1200
focused_pheromone_ablation_extended_30_agents,trained_with_pheromone__eval_with_pheromone,109,1,1200,1,12,True,checkpoints/mappo_gru_pheromone/stage3_full_marl,0,0,0.0,0,0,0.0,0,-1,-1,-1.0,0.03340080971659919,0.0,1200
focused_pheromone_ablation_extended_30_agents,trained_with_pheromone__eval_without_pheromone,109,1,1200,1,12,False,checkpoints/mappo_gru_pheromone/stage3_full_marl,0,0,0.0,0,0,0.0,0,-1,-1,-1.0,0.03340080971659919,0.0,1200
focused_pheromone_ablation_extended_30_agents,trained_without_pheromone__eval_without_pheromone,109,1,1200,1,12,False,checkpoints/mappo_gru_no_pheromone/stage3_full_marl,0,0,0.0,0,0,0.0,0,-1,-1,-1.0,0.004048582995951417,0.0,1200
focused_pheromone_ablation_extended_30_agents,trained_with_pheromone__eval_with_pheromone,110,1,1200,1,12,True,checkpoints/mappo_gru_pheromone/stage3_full_marl,0,0,0.0,0,0,0.0,0,-1,-1,-1.0,0.009109311740890687,0.0,1200
focused_pheromone_ablation_extended_30_agents,trained_with_pheromone__eval_without_pheromone,110,1,1200,1,12,False,checkpoints/mappo_gru_pheromone/stage3_full_marl,0,0,0.0,0,0,0.0,0,-1,-1,-1.0,0.009109311740890687,0.0,1200
focused_pheromone_ablation_extended_30_agents,trained_without_pheromone__eval_without_pheromone,110,1,1200,1,12,False,checkpoints/mappo_gru_no_pheromone/stage3_full_marl,0,0,0.0,0,0,0.0,0,-1,-1,-1.0,0.0020242914979757085,0.0,1200
focused_pheromone_ablation_extended_30_agents,trained_with_pheromone__eval_with_pheromone,111,1,1200,1,12,True,checkpoints/mappo_gru_pheromone/stage3_full_marl,0,0,0.0,0,0,0.0,0,-1,-1,-1.0,0.0354251012145749,0.0,1200
focused_pheromone_ablation_extended_30_agents,trained_with_pheromone__eval_without_pheromone,111,1,1200,1,12,False,checkpoints/mappo_gru_pheromone/stage3_full_marl,0,0,0.0,0,0,0.0,0,-1,-1,-1.0,0.0354251012145749,0.0,1200
focused_pheromone_ablation_extended_30_agents,trained_without_pheromone__eval_without_pheromone,111,1,1200,1,12,False,checkpoints/mappo_gru_no_pheromone/stage3_full_marl,0,0,0.0,0,0,0.0,0,-1,-1,-1.0,0.0010121457489878543,0.0,1200
focused_pheromone_ablation_extended_30_agents,trained_with_pheromone__eval_with_pheromone,112,1,1200,1,12,True,checkpoints/mappo_gru_pheromone/stage3_full_marl,2,1,0.5,0,1,1.0,1,417,792,375.0,0.11842105263157894,0.14139406366322269,1200
focused_pheromone_ablation_extended_30_agents,trained_with_pheromone__eval_without_pheromone,112,1,1200,1,12,False,checkpoints/mappo_gru_pheromone/stage3_full_marl,1,0,0.0,0,0,0.0,0,417,-1,-1.0,0.11538461538461539,0.0,1200
focused_pheromone_ablation_extended_30_agents,trained_without_pheromone__eval_without_pheromone,112,1,1200,1,12,False,checkpoints/mappo_gru_no_pheromone/stage3_full_marl,0,0,0.0,0,0,0.0,0,-1,-1,-1.0,0.0020242914979757085,0.0,1200
focused_pheromone_ablation_extended_30_agents,trained_with_pheromone__eval_with_pheromone,113,1,1200,1,12,True,checkpoints/mappo_gru_pheromone/stage3_full_marl,0,0,0.0,0,0,0.0,0,-1,-1,-1.0,0.024291497975708502,0.0,1200
focused_pheromone_ablation_extended_30_agents,trained_with_pheromone__eval_without_pheromone,113,1,1200,1,12,False,checkpoints/mappo_gru_pheromone/stage3_full_marl,0,0,0.0,0,0,0.0,0,-1,-1,-1.0,0.024291497975708502,0.0,1200
focused_pheromone_ablation_extended_30_agents,trained_without_pheromone__eval_without_pheromone,113,1,1200,1,12,False,checkpoints/mappo_gru_no_pheromone/stage3_full_marl,0,0,0.0,0,0,0.0,0,-1,-1,-1.0,0.0010121457489878543,0.0,1200
focused_pheromone_ablation_extended_30_agents,trained_with_pheromone__eval_with_pheromone,114,1,1200,1,12,True,checkpoints/mappo_gru_pheromone/stage3_full_marl,0,0,0.0,0,0,0.0,0,-1,-1,-1.0,0.053643724696356275,0.0,1200
focused_pheromone_ablation_extended_30_agents,trained_with_pheromone__eval_without_pheromone,114,1,1200,1,12,False,checkpoints/mappo_gru_pheromone/stage3_full_marl,0,0,0.0,0,0,0.0,0,-1,-1,-1.0,0.053643724696356275,0.0,1200
focused_pheromone_ablation_extended_30_agents,trained_without_pheromone__eval_without_pheromone,114,1,1200,1,12,False,checkpoints/mappo_gru_no_pheromone/stage3_full_marl,0,0,0.0,0,0,0.0,0,-1,-1,-1.0,0.003036437246963563,0.0,1200
focused_pheromone_ablation_extended_30_agents,trained_with_pheromone__eval_with_pheromone,115,1,1200,1,12,True,checkpoints/mappo_gru_pheromone/stage3_full_marl,0,0,0.0,0,0,0.0,0,-1,-1,-1.0,0.06174089068825911,0.0,1200
focused_pheromone_ablation_extended_30_agents,trained_with_pheromone__eval_without_pheromone,115,1,1200,1,12,False,checkpoints/mappo_gru_pheromone/stage3_full_marl,0,0,0.0,0,0,0.0,0,-1,-1,-1.0,0.06174089068825911,0.0,1200
focused_pheromone_ablation_extended_30_agents,trained_without_pheromone__eval_without_pheromone,115,1,1200,1,12,False,checkpoints/mappo_gru_no_pheromone/stage3_full_marl,0,0,0.0,0,0,0.0,0,-1,-1,-1.0,0.0010121457489878543,0.0,1200
focused_pheromone_ablation_extended_30_agents,trained_with_pheromone__eval_with_pheromone,116,1,1200,1,12,True,checkpoints/mappo_gru_pheromone/stage3_full_marl,0,0,0.0,0,0,0.0,0,-1,-1,-1.0,0.02125506072874494,0.0,1200
focused_pheromone_ablation_extended_30_agents,trained_with_pheromone__eval_without_pheromone,116,1,1200,1,12,False,checkpoints/mappo_gru_pheromone/stage3_full_marl,0,0,0.0,0,0,0.0,0,-1,-1,-1.0,0.02125506072874494,0.0,1200
focused_pheromone_ablation_extended_30_agents,trained_without_pheromone__eval_without_pheromone,116,1,1200,1,12,False,checkpoints/mappo_gru_no_pheromone/stage3_full_marl,0,0,0.0,0,0,0.0,0,-1,-1,-1.0,0.0010121457489878543,0.0,1200
focused_pheromone_ablation_extended_30_agents,trained_with_pheromone__eval_with_pheromone,117,1,1200,1,12,True,checkpoints/mappo_gru_pheromone/stage3_full_marl,0,0,0.0,0,0,0.0,0,-1,-1,-1.0,0.0354251012145749,0.0,1200
focused_pheromone_ablation_extended_30_agents,trained_with_pheromone__eval_without_pheromone,117,1,1200,1,12,False,checkpoints/mappo_gru_pheromone/stage3_full_marl,0,0,0.0,0,0,0.0,0,-1,-1,-1.0,0.0354251012145749,0.0,1200
focused_pheromone_ablation_extended_30_agents,trained_without_pheromone__eval_without_pheromone,117,1,1200,1,12,False,checkpoints/mappo_gru_no_pheromone/stage3_full_marl,0,0,0.0,0,0,0.0,0,-1,-1,-1.0,0.0010121457489878543,0.0,1200
focused_pheromone_ablation_extended_30_agents,trained_with_pheromone__eval_with_pheromone,118,1,1200,1,12,True,checkpoints/mappo_gru_pheromone/stage3_full_marl,0,0,0.0,0,0,0.0,0,-1,-1,-1.0,0.04048582995951417,0.0,1200
focused_pheromone_ablation_extended_30_agents,trained_with_pheromone__eval_without_pheromone,118,1,1200,1,12,False,checkpoints/mappo_gru_pheromone/stage3_full_marl,0,0,0.0,0,0,0.0,0,-1,-1,-1.0,0.04048582995951417,0.0,1200
focused_pheromone_ablation_extended_30_agents,trained_without_pheromone__eval_without_pheromone,118,1,1200,1,12,False,checkpoints/mappo_gru_no_pheromone/stage3_full_marl,0,0,0.0,0,0,0.0,0,-1,-1,-1.0,0.0010121457489878543,0.0,1200
focused_pheromone_ablation_extended_30_agents,trained_with_pheromone__eval_with_pheromone,119,1,1200,1,12,True,checkpoints/mappo_gru_pheromone/stage3_full_marl,0,0,0.0,0,0,0.0,0,-1,-1,-1.0,0.0860323886639676,0.0,1200
focused_pheromone_ablation_extended_30_agents,trained_with_pheromone__eval_without_pheromone,119,1,1200,1,12,False,checkpoints/mappo_gru_pheromone/stage3_full_marl,0,0,0.0,0,0,0.0,0,-1,-1,-1.0,0.0860323886639676,0.0,1200
focused_pheromone_ablation_extended_30_agents,trained_without_pheromone__eval_without_pheromone,119,1,1200,1,12,False,checkpoints/mappo_gru_no_pheromone/stage3_full_marl,0,0,0.0,0,0,0.0,0,-1,-1,-1.0,0.003036437246963563,0.0,1200
focused_pheromone_ablation_extended_30_agents,trained_with_pheromone__eval_with_pheromone,100,3,1200,1,12,True,checkpoints/mappo_gru_pheromone/stage3_full_marl,0,0,0.0,0,0,0.0,0,-1,-1,-1.0,0.07793522267206478,0.0,1200
focused_pheromone_ablation_extended_30_agents,trained_with_pheromone__eval_without_pheromone,100,3,1200,1,12,False,checkpoints/mappo_gru_pheromone/stage3_full_marl,0,0,0.0,0,0,0.0,0,-1,-1,-1.0,0.07793522267206478,0.0,1200
focused_pheromone_ablation_extended_30_agents,trained_without_pheromone__eval_without_pheromone,100,3,1200,1,12,False,checkpoints/mappo_gru_no_pheromone/stage3_full_marl,0,0,0.0,0,0,0.0,0,-1,-1,-1.0,0.00708502024291498,0.0,1200
focused_pheromone_ablation_extended_30_agents,trained_with_pheromone__eval_with_pheromone,101,3,1200,1,12,True,checkpoints/mappo_gru_pheromone/stage3_full_marl,0,0,0.0,0,0,0.0,0,-1,-1,-1.0,0.1417004048582996,0.0,1200
focused_pheromone_ablation_extended_30_agents,trained_with_pheromone__eval_without_pheromone,101,3,1200,1,12,False,checkpoints/mappo_gru_pheromone/stage3_full_marl,0,0,0.0,0,0,0.0,0,-1,-1,-1.0,0.1417004048582996,0.0,1200
focused_pheromone_ablation_extended_30_agents,trained_without_pheromone__eval_without_pheromone,101,3,1200,1,12,False,checkpoints/mappo_gru_no_pheromone/stage3_full_marl,0,0,0.0,0,0,0.0,0,-1,-1,-1.0,0.00708502024291498,0.0,1200
focused_pheromone_ablation_extended_30_agents,trained_with_pheromone__eval_with_pheromone,102,3,1200,1,12,True,checkpoints/mappo_gru_pheromone/stage3_full_marl,0,0,0.0,0,0,0.0,0,-1,-1,-1.0,0.12854251012145748,0.0,1200
focused_pheromone_ablation_extended_30_agents,trained_with_pheromone__eval_without_pheromone,102,3,1200,1,12,False,checkpoints/mappo_gru_pheromone/stage3_full_marl,0,0,0.0,0,0,0.0,0,-1,-1,-1.0,0.12854251012145748,0.0,1200
focused_pheromone_ablation_extended_30_agents,trained_without_pheromone__eval_without_pheromone,102,3,1200,1,12,False,checkpoints/mappo_gru_no_pheromone/stage3_full_marl,0,0,0.0,0,0,0.0,0,-1,-1,-1.0,0.005060728744939271,0.0,1200
focused_pheromone_ablation_extended_30_agents,trained_with_pheromone__eval_with_pheromone,103,3,1200,1,12,True,checkpoints/mappo_gru_pheromone/stage3_full_marl,0,0,0.0,0,0,0.0,0,-1,-1,-1.0,0.02834008097165992,0.0,1200
focused_pheromone_ablation_extended_30_agents,trained_with_pheromone__eval_without_pheromone,103,3,1200,1,12,False,checkpoints/mappo_gru_pheromone/stage3_full_marl,0,0,0.0,0,0,0.0,0,-1,-1,-1.0,0.02834008097165992,0.0,1200
focused_pheromone_ablation_extended_30_agents,trained_without_pheromone__eval_without_pheromone,103,3,1200,1,12,False,checkpoints/mappo_gru_no_pheromone/stage3_full_marl,0,0,0.0,0,0,0.0,0,-1,-1,-1.0,0.003036437246963563,0.0,1200
focused_pheromone_ablation_extended_30_agents,trained_with_pheromone__eval_with_pheromone,104,3,1200,1,12,True,checkpoints/mappo_gru_pheromone/stage3_full_marl,0,0,0.0,0,0,0.0,0,-1,-1,-1.0,0.07995951417004049,0.0,1200
focused_pheromone_ablation_extended_30_agents,trained_with_pheromone__eval_without_pheromone,104,3,1200,1,12,False,checkpoints/mappo_gru_pheromone/stage3_full_marl,0,0,0.0,0,0,0.0,0,-1,-1,-1.0,0.07995951417004049,0.0,1200
focused_pheromone_ablation_extended_30_agents,trained_without_pheromone__eval_without_pheromone,104,3,1200,1,12,False,checkpoints/mappo_gru_no_pheromone/stage3_full_marl,0,0,0.0,0,0,0.0,0,-1,-1,-1.0,0.006072874493927126,0.0,1200
focused_pheromone_ablation_extended_30_agents,trained_with_pheromone__eval_with_pheromone,105,3,1200,1,12,True,checkpoints/mappo_gru_pheromone/stage3_full_marl,13,13,1.0,4,9,0.6923076923076923,13,160,188,28.0,0.13663967611336034,0.041038411214249206,1200
focused_pheromone_ablation_extended_30_agents,trained_with_pheromone__eval_without_pheromone,105,3,1200,1,12,False,checkpoints/mappo_gru_pheromone/stage3_full_marl,14,13,0.9285714285714286,3,10,0.7692307692307693,13,160,188,28.0,0.11842105263157894,0.0,1200
focused_pheromone_ablation_extended_30_agents,trained_without_pheromone__eval_without_pheromone,105,3,1200,1,12,False,checkpoints/mappo_gru_no_pheromone/stage3_full_marl,0,0,0.0,0,0,0.0,0,-1,-1,-1.0,0.004048582995951417,0.0,1200
focused_pheromone_ablation_extended_30_agents,trained_with_pheromone__eval_with_pheromone,106,3,1200,1,12,True,checkpoints/mappo_gru_pheromone/stage3_full_marl,1,1,1.0,0,1,1.0,1,747,786,39.0,0.10526315789473684,0.0033156988558928585,1200
focused_pheromone_ablation_extended_30_agents,trained_with_pheromone__eval_without_pheromone,106,3,1200,1,12,False,checkpoints/mappo_gru_pheromone/stage3_full_marl,1,1,1.0,0,1,1.0,1,747,959,212.0,0.10526315789473684,0.0,1200
focused_pheromone_ablation_extended_30_agents,trained_without_pheromone__eval_without_pheromone,106,3,1200,1,12,False,checkpoints/mappo_gru_no_pheromone/stage3_full_marl,0,0,0.0,0,0,0.0,0,-1,-1,-1.0,0.004048582995951417,0.0,1200
focused_pheromone_ablation_extended_30_agents,trained_with_pheromone__eval_with_pheromone,107,3,1200,1,12,True,checkpoints/mappo_gru_pheromone/stage3_full_marl,1,1,1.0,0,1,1.0,1,182,420,238.0,0.11437246963562753,0.022233199343059416,1200
focused_pheromone_ablation_extended_30_agents,trained_with_pheromone__eval_without_pheromone,107,3,1200,1,12,False,checkpoints/mappo_gru_pheromone/stage3_full_marl,2,0,0.0,0,0,0.0,0,182,-1,-1.0,0.11538461538461539,0.0,1200
focused_pheromone_ablation_extended_30_agents,trained_without_pheromone__eval_without_pheromone,107,3,1200,1,12,False,checkpoints/mappo_gru_no_pheromone/stage3_full_marl,0,0,0.0,0,0,0.0,0,-1,-1,-1.0,0.009109311740890687,0.0,1200
focused_pheromone_ablation_extended_30_agents,trained_with_pheromone__eval_with_pheromone,108,3,1200,1,12,True,checkpoints/mappo_gru_pheromone/stage3_full_marl,0,0,0.0,0,0,0.0,0,-1,-1,-1.0,0.11336032388663968,0.0,1200
focused_pheromone_ablation_extended_30_agents,trained_with_pheromone__eval_without_pheromone,108,3,1200,1,12,False,checkpoints/mappo_gru_pheromone/stage3_full_marl,0,0,0.0,0,0,0.0,0,-1,-1,-1.0,0.11336032388663968,0.0,1200
focused_pheromone_ablation_extended_30_agents,trained_without_pheromone__eval_without_pheromone,108,3,1200,1,12,False,checkpoints/mappo_gru_no_pheromone/stage3_full_marl,0,0,0.0,0,0,0.0,0,-1,-1,-1.0,0.005060728744939271,0.0,1200
focused_pheromone_ablation_extended_30_agents,trained_with_pheromone__eval_with_pheromone,109,3,1200,1,12,True,checkpoints/mappo_gru_pheromone/stage3_full_marl,0,0,0.0,0,0,0.0,0,-1,-1,-1.0,0.0951417004048583,0.0,1200
focused_pheromone_ablation_extended_30_agents,trained_with_pheromone__eval_without_pheromone,109,3,1200,1,12,False,checkpoints/mappo_gru_pheromone/stage3_full_marl,0,0,0.0,0,0,0.0,0,-1,-1,-1.0,0.0951417004048583,0.0,1200
focused_pheromone_ablation_extended_30_agents,trained_without_pheromone__eval_without_pheromone,109,3,1200,1,12,False,checkpoints/mappo_gru_no_pheromone/stage3_full_marl,0,0,0.0,0,0,0.0,0,-1,-1,-1.0,0.006072874493927126,0.0,1200
focused_pheromone_ablation_extended_30_agents,trained_with_pheromone__eval_with_pheromone,110,3,1200,1,12,True,checkpoints/mappo_gru_pheromone/stage3_full_marl,0,0,0.0,0,0,0.0,0,-1,-1,-1.0,0.07489878542510121,0.0,1200
focused_pheromone_ablation_extended_30_agents,trained_with_pheromone__eval_without_pheromone,110,3,1200,1,12,False,checkpoints/mappo_gru_pheromone/stage3_full_marl,0,0,0.0,0,0,0.0,0,-1,-1,-1.0,0.07489878542510121,0.0,1200
focused_pheromone_ablation_extended_30_agents,trained_without_pheromone__eval_without_pheromone,110,3,1200,1,12,False,checkpoints/mappo_gru_no_pheromone/stage3_full_marl,0,0,0.0,0,0,0.0,0,-1,-1,-1.0,0.005060728744939271,0.0,1200
focused_pheromone_ablation_extended_30_agents,trained_with_pheromone__eval_with_pheromone,111,3,1200,1,12,True,checkpoints/mappo_gru_pheromone/stage3_full_marl,0,0,0.0,0,0,0.0,0,-1,-1,-1.0,0.06578947368421052,0.0,1200
focused_pheromone_ablation_extended_30_agents,trained_with_pheromone__eval_without_pheromone,111,3,1200,1,12,False,checkpoints/mappo_gru_pheromone/stage3_full_marl,0,0,0.0,0,0,0.0,0,-1,-1,-1.0,0.06578947368421052,0.0,1200
focused_pheromone_ablation_extended_30_agents,trained_without_pheromone__eval_without_pheromone,111,3,1200,1,12,False,checkpoints/mappo_gru_no_pheromone/stage3_full_marl,0,0,0.0,0,0,0.0,0,-1,-1,-1.0,0.005060728744939271,0.0,1200
focused_pheromone_ablation_extended_30_agents,trained_with_pheromone__eval_with_pheromone,112,3,1200,1,12,True,checkpoints/mappo_gru_pheromone/stage3_full_marl,5,3,0.6,0,3,1.0,3,195,878,683.0,0.2216599190283401,0.17442813959648548,1200
focused_pheromone_ablation_extended_30_agents,trained_with_pheromone__eval_without_pheromone,112,3,1200,1,12,False,checkpoints/mappo_gru_pheromone/stage3_full_marl,3,0,0.0,0,0,0.0,0,195,-1,-1.0,0.20040485829959515,0.0,1200
focused_pheromone_ablation_extended_30_agents,trained_without_pheromone__eval_without_pheromone,112,3,1200,1,12,False,checkpoints/mappo_gru_no_pheromone/stage3_full_marl,0,0,0.0,0,0,0.0,0,-1,-1,-1.0,0.009109311740890687,0.0,1200
focused_pheromone_ablation_extended_30_agents,trained_with_pheromone__eval_with_pheromone,113,3,1200,1,12,True,checkpoints/mappo_gru_pheromone/stage3_full_marl,0,0,0.0,0,0,0.0,0,-1,-1,-1.0,0.03643724696356275,0.0,1200
focused_pheromone_ablation_extended_30_agents,trained_with_pheromone__eval_without_pheromone,113,3,1200,1,12,False,checkpoints/mappo_gru_pheromone/stage3_full_marl,0,0,0.0,0,0,0.0,0,-1,-1,-1.0,0.03643724696356275,0.0,1200
focused_pheromone_ablation_extended_30_agents,trained_without_pheromone__eval_without_pheromone,113,3,1200,1,12,False,checkpoints/mappo_gru_no_pheromone/stage3_full_marl,0,0,0.0,0,0,0.0,0,-1,-1,-1.0,0.004048582995951417,0.0,1200
focused_pheromone_ablation_extended_30_agents,trained_with_pheromone__eval_with_pheromone,114,3,1200,1,12,True,checkpoints/mappo_gru_pheromone/stage3_full_marl,0,0,0.0,0,0,0.0,0,-1,-1,-1.0,0.09008097165991903,0.0,1200
focused_pheromone_ablation_extended_30_agents,trained_with_pheromone__eval_without_pheromone,114,3,1200,1,12,False,checkpoints/mappo_gru_pheromone/stage3_full_marl,0,0,0.0,0,0,0.0,0,-1,-1,-1.0,0.09008097165991903,0.0,1200
focused_pheromone_ablation_extended_30_agents,trained_without_pheromone__eval_without_pheromone,114,3,1200,1,12,False,checkpoints/mappo_gru_no_pheromone/stage3_full_marl,0,0,0.0,0,0,0.0,0,-1,-1,-1.0,0.005060728744939271,0.0,1200
focused_pheromone_ablation_extended_30_agents,trained_with_pheromone__eval_with_pheromone,115,3,1200,1,12,True,checkpoints/mappo_gru_pheromone/stage3_full_marl,0,0,0.0,0,0,0.0,0,-1,-1,-1.0,0.0931174089068826,0.0,1200
focused_pheromone_ablation_extended_30_agents,trained_with_pheromone__eval_without_pheromone,115,3,1200,1,12,False,checkpoints/mappo_gru_pheromone/stage3_full_marl,0,0,0.0,0,0,0.0,0,-1,-1,-1.0,0.0931174089068826,0.0,1200
focused_pheromone_ablation_extended_30_agents,trained_without_pheromone__eval_without_pheromone,115,3,1200,1,12,False,checkpoints/mappo_gru_no_pheromone/stage3_full_marl,0,0,0.0,0,0,0.0,0,-1,-1,-1.0,0.003036437246963563,0.0,1200
focused_pheromone_ablation_extended_30_agents,trained_with_pheromone__eval_with_pheromone,116,3,1200,1,12,True,checkpoints/mappo_gru_pheromone/stage3_full_marl,0,0,0.0,0,0,0.0,0,-1,-1,-1.0,0.11234817813765183,0.0,1200
focused_pheromone_ablation_extended_30_agents,trained_with_pheromone__eval_without_pheromone,116,3,1200,1,12,False,checkpoints/mappo_gru_pheromone/stage3_full_marl,0,0,0.0,0,0,0.0,0,-1,-1,-1.0,0.11234817813765183,0.0,1200
focused_pheromone_ablation_extended_30_agents,trained_without_pheromone__eval_without_pheromone,116,3,1200,1,12,False,checkpoints/mappo_gru_no_pheromone/stage3_full_marl,0,0,0.0,0,0,0.0,0,-1,-1,-1.0,0.005060728744939271,0.0,1200
focused_pheromone_ablation_extended_30_agents,trained_with_pheromone__eval_with_pheromone,117,3,1200,1,12,True,checkpoints/mappo_gru_pheromone/stage3_full_marl,0,0,0.0,0,0,0.0,0,-1,-1,-1.0,0.08502024291497975,0.0,1200
focused_pheromone_ablation_extended_30_agents,trained_with_pheromone__eval_without_pheromone,117,3,1200,1,12,False,checkpoints/mappo_gru_pheromone/stage3_full_marl,0,0,0.0,0,0,0.0,0,-1,-1,-1.0,0.08502024291497975,0.0,1200
focused_pheromone_ablation_extended_30_agents,trained_without_pheromone__eval_without_pheromone,117,3,1200,1,12,False,checkpoints/mappo_gru_no_pheromone/stage3_full_marl,0,0,0.0,0,0,0.0,0,-1,-1,-1.0,0.004048582995951417,0.0,1200
focused_pheromone_ablation_extended_30_agents,trained_with_pheromone__eval_with_pheromone,118,3,1200,1,12,True,checkpoints/mappo_gru_pheromone/stage3_full_marl,0,0,0.0,0,0,0.0,0,-1,-1,-1.0,0.08502024291497975,0.0,1200
focused_pheromone_ablation_extended_30_agents,trained_with_pheromone__eval_without_pheromone,118,3,1200,1,12,False,checkpoints/mappo_gru_pheromone/stage3_full_marl,0,0,0.0,0,0,0.0,0,-1,-1,-1.0,0.08502024291497975,0.0,1200
focused_pheromone_ablation_extended_30_agents,trained_without_pheromone__eval_without_pheromone,118,3,1200,1,12,False,checkpoints/mappo_gru_no_pheromone/stage3_full_marl,0,0,0.0,0,0,0.0,0,-1,-1,-1.0,0.006072874493927126,0.0,1200
focused_pheromone_ablation_extended_30_agents,trained_with_pheromone__eval_with_pheromone,119,3,1200,1,12,True,checkpoints/mappo_gru_pheromone/stage3_full_marl,1,1,1.0,0,1,1.0,1,64,772,708.0,0.1771255060728745,0.1406031442955848,1200
focused_pheromone_ablation_extended_30_agents,trained_with_pheromone__eval_without_pheromone,119,3,1200,1,12,False,checkpoints/mappo_gru_pheromone/stage3_full_marl,1,1,1.0,1,0,0.0,1,64,312,248.0,0.1811740890688259,0.0,1200
focused_pheromone_ablation_extended_30_agents,trained_without_pheromone__eval_without_pheromone,119,3,1200,1,12,False,checkpoints/mappo_gru_no_pheromone/stage3_full_marl,0,0,0.0,0,0,0.0,0,-1,-1,-1.0,0.006072874493927126,0.0,1200
focused_pheromone_ablation_extended_30_agents,trained_with_pheromone__eval_with_pheromone,100,6,1200,1,12,True,checkpoints/mappo_gru_pheromone/stage3_full_marl,0,0,0.0,0,0,0.0,0,-1,-1,-1.0,0.1902834008097166,0.0,1200
focused_pheromone_ablation_extended_30_agents,trained_with_pheromone__eval_without_pheromone,100,6,1200,1,12,False,checkpoints/mappo_gru_pheromone/stage3_full_marl,0,0,0.0,0,0,0.0,0,-1,-1,-1.0,0.1902834008097166,0.0,1200
focused_pheromone_ablation_extended_30_agents,trained_without_pheromone__eval_without_pheromone,100,6,1200,1,12,False,checkpoints/mappo_gru_no_pheromone/stage3_full_marl,0,0,0.0,0,0,0.0,0,-1,-1,-1.0,0.011133603238866396,0.0,1200
focused_pheromone_ablation_extended_30_agents,trained_with_pheromone__eval_with_pheromone,101,6,1200,1,12,True,checkpoints/mappo_gru_pheromone/stage3_full_marl,0,0,0.0,0,0,0.0,0,-1,-1,-1.0,0.16497975708502025,0.0,1200
focused_pheromone_ablation_extended_30_agents,trained_with_pheromone__eval_without_pheromone,101,6,1200,1,12,False,checkpoints/mappo_gru_pheromone/stage3_full_marl,0,0,0.0,0,0,0.0,0,-1,-1,-1.0,0.16497975708502025,0.0,1200
focused_pheromone_ablation_extended_30_agents,trained_without_pheromone__eval_without_pheromone,101,6,1200,1,12,False,checkpoints/mappo_gru_no_pheromone/stage3_full_marl,0,0,0.0,0,0,0.0,0,-1,-1,-1.0,0.012145748987854251,0.0,1200
focused_pheromone_ablation_extended_30_agents,trained_with_pheromone__eval_with_pheromone,102,6,1200,1,12,True,checkpoints/mappo_gru_pheromone/stage3_full_marl,0,0,0.0,0,0,0.0,0,-1,-1,-1.0,0.15384615384615385,0.0,1200
focused_pheromone_ablation_extended_30_agents,trained_with_pheromone__eval_without_pheromone,102,6,1200,1,12,False,checkpoints/mappo_gru_pheromone/stage3_full_marl,0,0,0.0,0,0,0.0,0,-1,-1,-1.0,0.15384615384615385,0.0,1200
focused_pheromone_ablation_extended_30_agents,trained_without_pheromone__eval_without_pheromone,102,6,1200,1,12,False,checkpoints/mappo_gru_no_pheromone/stage3_full_marl,0,0,0.0,0,0,0.0,0,-1,-1,-1.0,0.013157894736842105,0.0,1200
focused_pheromone_ablation_extended_30_agents,trained_with_pheromone__eval_with_pheromone,103,6,1200,1,12,True,checkpoints/mappo_gru_pheromone/stage3_full_marl,0,0,0.0,0,0,0.0,0,-1,-1,-1.0,0.1062753036437247,0.0,1200
focused_pheromone_ablation_extended_30_agents,trained_with_pheromone__eval_without_pheromone,103,6,1200,1,12,False,checkpoints/mappo_gru_pheromone/stage3_full_marl,0,0,0.0,0,0,0.0,0,-1,-1,-1.0,0.1062753036437247,0.0,1200
focused_pheromone_ablation_extended_30_agents,trained_without_pheromone__eval_without_pheromone,103,6,1200,1,12,False,checkpoints/mappo_gru_no_pheromone/stage3_full_marl,0,0,0.0,0,0,0.0,0,-1,-1,-1.0,0.009109311740890687,0.0,1200
focused_pheromone_ablation_extended_30_agents,trained_with_pheromone__eval_with_pheromone,104,6,1200,1,12,True,checkpoints/mappo_gru_pheromone/stage3_full_marl,0,0,0.0,0,0,0.0,0,-1,-1,-1.0,0.1659919028340081,0.0,1200
focused_pheromone_ablation_extended_30_agents,trained_with_pheromone__eval_without_pheromone,104,6,1200,1,12,False,checkpoints/mappo_gru_pheromone/stage3_full_marl,0,0,0.0,0,0,0.0,0,-1,-1,-1.0,0.1659919028340081,0.0,1200
focused_pheromone_ablation_extended_30_agents,trained_without_pheromone__eval_without_pheromone,104,6,1200,1,12,False,checkpoints/mappo_gru_no_pheromone/stage3_full_marl,0,0,0.0,0,0,0.0,0,-1,-1,-1.0,0.013157894736842105,0.0,1200
focused_pheromone_ablation_extended_30_agents,trained_with_pheromone__eval_with_pheromone,105,6,1200,1,12,True,checkpoints/mappo_gru_pheromone/stage3_full_marl,12,12,1.0,6,6,0.5,12,59,87,28.0,0.14777327935222673,0.06909390802369066,1200
focused_pheromone_ablation_extended_30_agents,trained_with_pheromone__eval_without_pheromone,105,6,1200,1,12,False,checkpoints/mappo_gru_pheromone/stage3_full_marl,12,12,1.0,10,2,0.16666666666666666,12,59,87,28.0,0.12955465587044535,0.0,1200
focused_pheromone_ablation_extended_30_agents,trained_without_pheromone__eval_without_pheromone,105,6,1200,1,12,False,checkpoints/mappo_gru_no_pheromone/stage3_full_marl,0,0,0.0,0,0,0.0,0,-1,-1,-1.0,0.008097165991902834,0.0,1200
focused_pheromone_ablation_extended_30_agents,trained_with_pheromone__eval_with_pheromone,106,6,1200,1,12,True,checkpoints/mappo_gru_pheromone/stage3_full_marl,12,9,0.75,0,9,1.0,9,721,764,43.0,0.23987854251012145,0.040855099069538284,1200
focused_pheromone_ablation_extended_30_agents,trained_with_pheromone__eval_without_pheromone,106,6,1200,1,12,False,checkpoints/mappo_gru_pheromone/stage3_full_marl,5,4,0.8,0,4,1.0,4,721,764,43.0,0.23279352226720648,0.0,1200
focused_pheromone_ablation_extended_30_agents,trained_without_pheromone__eval_without_pheromone,106,6,1200,1,12,False,checkpoints/mappo_gru_no_pheromone/stage3_full_marl,0,0,0.0,0,0,0.0,0,-1,-1,-1.0,0.012145748987854251,0.0,1200
focused_pheromone_ablation_extended_30_agents,trained_with_pheromone__eval_with_pheromone,107,6,1200,1,12,True,checkpoints/mappo_gru_pheromone/stage3_full_marl,1,1,1.0,0,1,1.0,1,131,467,336.0,0.18421052631578946,0.023039164736554894,1200
focused_pheromone_ablation_extended_30_agents,trained_with_pheromone__eval_without_pheromone,107,6,1200,1,12,False,checkpoints/mappo_gru_pheromone/stage3_full_marl,3,2,0.6666666666666666,2,0,0.0,2,131,199,68.0,0.18421052631578946,0.0,1200
focused_pheromone_ablation_extended_30_agents,trained_without_pheromone__eval_without_pheromone,107,6,1200,1,12,False,checkpoints/mappo_gru_no_pheromone/stage3_full_marl,0,0,0.0,0,0,0.0,0,-1,-1,-1.0,0.01417004048582996,0.0,1200
focused_pheromone_ablation_extended_30_agents,trained_with_pheromone__eval_with_pheromone,108,6,1200,1,12,True,checkpoints/mappo_gru_pheromone/stage3_full_marl,0,0,0.0,0,0,0.0,0,-1,-1,-1.0,0.15182186234817813,0.0,1200
focused_pheromone_ablation_extended_30_agents,trained_with_pheromone__eval_without_pheromone,108,6,1200,1,12,False,checkpoints/mappo_gru_pheromone/stage3_full_marl,0,0,0.0,0,0,0.0,0,-1,-1,-1.0,0.15182186234817813,0.0,1200
focused_pheromone_ablation_extended_30_agents,trained_without_pheromone__eval_without_pheromone,108,6,1200,1,12,False,checkpoints/mappo_gru_no_pheromone/stage3_full_marl,0,0,0.0,0,0,0.0,0,-1,-1,-1.0,0.009109311740890687,0.0,1200
focused_pheromone_ablation_extended_30_agents,trained_with_pheromone__eval_with_pheromone,109,6,1200,1,12,True,checkpoints/mappo_gru_pheromone/stage3_full_marl,0,0,0.0,0,0,0.0,0,-1,-1,-1.0,0.18016194331983806,0.0,1200
focused_pheromone_ablation_extended_30_agents,trained_with_pheromone__eval_without_pheromone,109,6,1200,1,12,False,checkpoints/mappo_gru_pheromone/stage3_full_marl,0,0,0.0,0,0,0.0,0,-1,-1,-1.0,0.18016194331983806,0.0,1200
focused_pheromone_ablation_extended_30_agents,trained_without_pheromone__eval_without_pheromone,109,6,1200,1,12,False,checkpoints/mappo_gru_no_pheromone/stage3_full_marl,0,0,0.0,0,0,0.0,0,-1,-1,-1.0,0.011133603238866396,0.0,1200
focused_pheromone_ablation_extended_30_agents,trained_with_pheromone__eval_with_pheromone,110,6,1200,1,12,True,checkpoints/mappo_gru_pheromone/stage3_full_marl,1,1,1.0,1,0,0.0,1,55,291,236.0,0.13360323886639677,0.025779953019001472,1200
focused_pheromone_ablation_extended_30_agents,trained_with_pheromone__eval_without_pheromone,110,6,1200,1,12,False,checkpoints/mappo_gru_pheromone/stage3_full_marl,1,1,1.0,1,0,0.0,1,55,209,154.0,0.12753036437246965,0.0,1200
focused_pheromone_ablation_extended_30_agents,trained_without_pheromone__eval_without_pheromone,110,6,1200,1,12,False,checkpoints/mappo_gru_no_pheromone/stage3_full_marl,0,0,0.0,0,0,0.0,0,-1,-1,-1.0,0.011133603238866396,0.0,1200
focused_pheromone_ablation_extended_30_agents,trained_with_pheromone__eval_with_pheromone,111,6,1200,1,12,True,checkpoints/mappo_gru_pheromone/stage3_full_marl,0,0,0.0,0,0,0.0,0,-1,-1,-1.0,0.14068825910931174,0.0,1200
focused_pheromone_ablation_extended_30_agents,trained_with_pheromone__eval_without_pheromone,111,6,1200,1,12,False,checkpoints/mappo_gru_pheromone/stage3_full_marl,0,0,0.0,0,0,0.0,0,-1,-1,-1.0,0.14068825910931174,0.0,1200
focused_pheromone_ablation_extended_30_agents,trained_without_pheromone__eval_without_pheromone,111,6,1200,1,12,False,checkpoints/mappo_gru_no_pheromone/stage3_full_marl,0,0,0.0,0,0,0.0,0,-1,-1,-1.0,0.009109311740890687,0.0,1200
focused_pheromone_ablation_extended_30_agents,trained_with_pheromone__eval_with_pheromone,112,6,1200,1,12,True,checkpoints/mappo_gru_pheromone/stage3_full_marl,12,12,1.0,1,11,0.9166666666666666,12,102,258,156.0,0.2591093117408907,0.1557369162852046,1200
focused_pheromone_ablation_extended_30_agents,trained_with_pheromone__eval_without_pheromone,112,6,1200,1,12,False,checkpoints/mappo_gru_pheromone/stage3_full_marl,6,1,0.16666666666666666,0,1,1.0,1,102,1177,1075.0,0.2388663967611336,0.0,1200
focused_pheromone_ablation_extended_30_agents,trained_without_pheromone__eval_without_pheromone,112,6,1200,1,12,False,checkpoints/mappo_gru_no_pheromone/stage3_full_marl,0,0,0.0,0,0,0.0,0,-1,-1,-1.0,0.013157894736842105,0.0,1200
focused_pheromone_ablation_extended_30_agents,trained_with_pheromone__eval_with_pheromone,113,6,1200,1,12,True,checkpoints/mappo_gru_pheromone/stage3_full_marl,1,1,1.0,1,0,0.0,1,23,156,133.0,0.16295546558704455,0.008308041497253322,1200
focused_pheromone_ablation_extended_30_agents,trained_with_pheromone__eval_without_pheromone,113,6,1200,1,12,False,checkpoints/mappo_gru_pheromone/stage3_full_marl,1,1,1.0,1,0,0.0,1,23,156,133.0,0.16295546558704455,0.0,1200
focused_pheromone_ablation_extended_30_agents,trained_without_pheromone__eval_without_pheromone,113,6,1200,1,12,False,checkpoints/mappo_gru_no_pheromone/stage3_full_marl,0,0,0.0,0,0,0.0,0,-1,-1,-1.0,0.011133603238866396,0.0,1200
focused_pheromone_ablation_extended_30_agents,trained_with_pheromone__eval_with_pheromone,114,6,1200,1,12,True,checkpoints/mappo_gru_pheromone/stage3_full_marl,0,0,0.0,0,0,0.0,0,-1,-1,-1.0,0.16194331983805668,0.0,1200
focused_pheromone_ablation_extended_30_agents,trained_with_pheromone__eval_without_pheromone,114,6,1200,1,12,False,checkpoints/mappo_gru_pheromone/stage3_full_marl,0,0,0.0,0,0,0.0,0,-1,-1,-1.0,0.16194331983805668,0.0,1200
focused_pheromone_ablation_extended_30_agents,trained_without_pheromone__eval_without_pheromone,114,6,1200,1,12,False,checkpoints/mappo_gru_no_pheromone/stage3_full_marl,0,0,0.0,0,0,0.0,0,-1,-1,-1.0,0.010121457489878543,0.0,1200
focused_pheromone_ablation_extended_30_agents,trained_with_pheromone__eval_with_pheromone,115,6,1200,1,12,True,checkpoints/mappo_gru_pheromone/stage3_full_marl,0,0,0.0,0,0,0.0,0,-1,-1,-1.0,0.1659919028340081,0.0,1200
focused_pheromone_ablation_extended_30_agents,trained_with_pheromone__eval_without_pheromone,115,6,1200,1,12,False,checkpoints/mappo_gru_pheromone/stage3_full_marl,0,0,0.0,0,0,0.0,0,-1,-1,-1.0,0.1659919028340081,0.0,1200
focused_pheromone_ablation_extended_30_agents,trained_without_pheromone__eval_without_pheromone,115,6,1200,1,12,False,checkpoints/mappo_gru_no_pheromone/stage3_full_marl,0,0,0.0,0,0,0.0,0,-1,-1,-1.0,0.008097165991902834,0.0,1200
focused_pheromone_ablation_extended_30_agents,trained_with_pheromone__eval_with_pheromone,116,6,1200,1,12,True,checkpoints/mappo_gru_pheromone/stage3_full_marl,0,0,0.0,0,0,0.0,0,-1,-1,-1.0,0.1771255060728745,0.0,1200
focused_pheromone_ablation_extended_30_agents,trained_with_pheromone__eval_without_pheromone,116,6,1200,1,12,False,checkpoints/mappo_gru_pheromone/stage3_full_marl,0,0,0.0,0,0,0.0,0,-1,-1,-1.0,0.1771255060728745,0.0,1200
focused_pheromone_ablation_extended_30_agents,trained_without_pheromone__eval_without_pheromone,116,6,1200,1,12,False,checkpoints/mappo_gru_no_pheromone/stage3_full_marl,0,0,0.0,0,0,0.0,0,-1,-1,-1.0,0.011133603238866396,0.0,1200
focused_pheromone_ablation_extended_30_agents,trained_with_pheromone__eval_with_pheromone,117,6,1200,1,12,True,checkpoints/mappo_gru_pheromone/stage3_full_marl,0,0,0.0,0,0,0.0,0,-1,-1,-1.0,0.21761133603238866,0.0,1200
focused_pheromone_ablation_extended_30_agents,trained_with_pheromone__eval_without_pheromone,117,6,1200,1,12,False,checkpoints/mappo_gru_pheromone/stage3_full_marl,0,0,0.0,0,0,0.0,0,-1,-1,-1.0,0.21761133603238866,0.0,1200
focused_pheromone_ablation_extended_30_agents,trained_without_pheromone__eval_without_pheromone,117,6,1200,1,12,False,checkpoints/mappo_gru_no_pheromone/stage3_full_marl,0,0,0.0,0,0,0.0,0,-1,-1,-1.0,0.00708502024291498,0.0,1200
focused_pheromone_ablation_extended_30_agents,trained_with_pheromone__eval_with_pheromone,118,6,1200,1,12,True,checkpoints/mappo_gru_pheromone/stage3_full_marl,0,0,0.0,0,0,0.0,0,-1,-1,-1.0,0.12955465587044535,0.0,1200
focused_pheromone_ablation_extended_30_agents,trained_with_pheromone__eval_without_pheromone,118,6,1200,1,12,False,checkpoints/mappo_gru_pheromone/stage3_full_marl,0,0,0.0,0,0,0.0,0,-1,-1,-1.0,0.12955465587044535,0.0,1200
focused_pheromone_ablation_extended_30_agents,trained_without_pheromone__eval_without_pheromone,118,6,1200,1,12,False,checkpoints/mappo_gru_no_pheromone/stage3_full_marl,0,0,0.0,0,0,0.0,0,-1,-1,-1.0,0.011133603238866396,0.0,1200
focused_pheromone_ablation_extended_30_agents,trained_with_pheromone__eval_with_pheromone,119,6,1200,1,12,True,checkpoints/mappo_gru_pheromone/stage3_full_marl,0,0,0.0,0,0,0.0,0,-1,-1,-1.0,0.20647773279352227,0.0,1200
focused_pheromone_ablation_extended_30_agents,trained_with_pheromone__eval_without_pheromone,119,6,1200,1,12,False,checkpoints/mappo_gru_pheromone/stage3_full_marl,0,0,0.0,0,0,0.0,0,-1,-1,-1.0,0.20647773279352227,0.0,1200
focused_pheromone_ablation_extended_30_agents,trained_without_pheromone__eval_without_pheromone,119,6,1200,1,12,False,checkpoints/mappo_gru_no_pheromone/stage3_full_marl,0,0,0.0,0,0,0.0,0,-1,-1,-1.0,0.01417004048582996,0.0,1200
focused_pheromone_ablation_extended_30_agents,trained_with_pheromone__eval_with_pheromone,120,6,1200,1,12,True,checkpoints/mappo_gru_pheromone/stage3_full_marl,0,0,0.0,0,0,0.0,0,-1,-1,-1.0,0.10425101214574899,0.0,1200
focused_pheromone_ablation_extended_30_agents,trained_with_pheromone__eval_without_pheromone,120,6,1200,1,12,False,checkpoints/mappo_gru_pheromone/stage3_full_marl,0,0,0.0,0,0,0.0,0,-1,-1,-1.0,0.10425101214574899,0.0,1200
focused_pheromone_ablation_extended_30_agents,trained_without_pheromone__eval_without_pheromone,120,6,1200,1,12,False,checkpoints/mappo_gru_no_pheromone/stage3_full_marl,0,0,0.0,0,0,0.0,0,-1,-1,-1.0,0.009109311740890687,0.0,1200
focused_pheromone_ablation_extended_30_agents,trained_with_pheromone__eval_with_pheromone,121,6,1200,1,12,True,checkpoints/mappo_gru_pheromone/stage3_full_marl,0,0,0.0,0,0,0.0,0,-1,-1,-1.0,0.22874493927125505,0.0,1200
focused_pheromone_ablation_extended_30_agents,trained_with_pheromone__eval_without_pheromone,121,6,1200,1,12,False,checkpoints/mappo_gru_pheromone/stage3_full_marl,0,0,0.0,0,0,0.0,0,-1,-1,-1.0,0.22874493927125505,0.0,1200
focused_pheromone_ablation_extended_30_agents,trained_without_pheromone__eval_without_pheromone,121,6,1200,1,12,False,checkpoints/mappo_gru_no_pheromone/stage3_full_marl,0,0,0.0,0,0,0.0,0,-1,-1,-1.0,0.011133603238866396,0.0,1200
focused_pheromone_ablation_extended_30_agents,trained_with_pheromone__eval_with_pheromone,122,6,1200,1,12,True,checkpoints/mappo_gru_pheromone/stage3_full_marl,0,0,0.0,0,0,0.0,0,-1,-1,-1.0,0.145748987854251,0.0,1200
focused_pheromone_ablation_extended_30_agents,trained_with_pheromone__eval_without_pheromone,122,6,1200,1,12,False,checkpoints/mappo_gru_pheromone/stage3_full_marl,0,0,0.0,0,0,0.0,0,-1,-1,-1.0,0.145748987854251,0.0,1200
focused_pheromone_ablation_extended_30_agents,trained_without_pheromone__eval_without_pheromone,122,6,1200,1,12,False,checkpoints/mappo_gru_no_pheromone/stage3_full_marl,0,0,0.0,0,0,0.0,0,-1,-1,-1.0,0.013157894736842105,0.0,1200
focused_pheromone_ablation_extended_30_agents,trained_with_pheromone__eval_with_pheromone,123,6,1200,1,12,True,checkpoints/mappo_gru_pheromone/stage3_full_marl,0,0,0.0,0,0,0.0,0,-1,-1,-1.0,0.1346153846153846,0.0,1200
focused_pheromone_ablation_extended_30_agents,trained_with_pheromone__eval_without_pheromone,123,6,1200,1,12,False,checkpoints/mappo_gru_pheromone/stage3_full_marl,0,0,0.0,0,0,0.0,0,-1,-1,-1.0,0.1346153846153846,0.0,1200
focused_pheromone_ablation_extended_30_agents,trained_without_pheromone__eval_without_pheromone,123,6,1200,1,12,False,checkpoints/mappo_gru_no_pheromone/stage3_full_marl,0,0,0.0,0,0,0.0,0,-1,-1,-1.0,0.012145748987854251,0.0,1200
focused_pheromone_ablation_extended_30_agents,trained_with_pheromone__eval_with_pheromone,124,6,1200,1,12,True,checkpoints/mappo_gru_pheromone/stage3_full_marl,10,9,0.9,2,7,0.7777777777777778,9,215,268,53.0,0.2216599190283401,0.059665535509031746,1200
focused_pheromone_ablation_extended_30_agents,trained_with_pheromone__eval_without_pheromone,124,6,1200,1,12,False,checkpoints/mappo_gru_pheromone/stage3_full_marl,7,7,1.0,2,5,0.7142857142857143,7,215,276,61.0,0.20647773279352227,0.0,1200
focused_pheromone_ablation_extended_30_agents,trained_without_pheromone__eval_without_pheromone,124,6,1200,1,12,False,checkpoints/mappo_gru_no_pheromone/stage3_full_marl,0,0,0.0,0,0,0.0,0,-1,-1,-1.0,0.013157894736842105,0.0,1200
focused_pheromone_ablation_extended_30_agents,trained_with_pheromone__eval_with_pheromone,125,6,1200,1,12,True,checkpoints/mappo_gru_pheromone/stage3_full_marl,12,12,1.0,4,8,0.6666666666666666,12,197,199,2.0,0.18319838056680163,0.09019165253714567,1200
focused_pheromone_ablation_extended_30_agents,trained_with_pheromone__eval_without_pheromone,125,6,1200,1,12,False,checkpoints/mappo_gru_pheromone/stage3_full_marl,12,11,0.9166666666666666,3,8,0.7272727272727273,11,197,199,2.0,0.1791497975708502,0.0,1200
focused_pheromone_ablation_extended_30_agents,trained_without_pheromone__eval_without_pheromone,125,6,1200,1,12,False,checkpoints/mappo_gru_no_pheromone/stage3_full_marl,0,0,0.0,0,0,0.0,0,-1,-1,-1.0,0.008097165991902834,0.0,1200
focused_pheromone_ablation_extended_30_agents,trained_with_pheromone__eval_with_pheromone,126,6,1200,1,12,True,checkpoints/mappo_gru_pheromone/stage3_full_marl,3,3,1.0,2,1,0.3333333333333333,3,122,234,112.0,0.24595141700404857,0.06262955459121762,1200
focused_pheromone_ablation_extended_30_agents,trained_with_pheromone__eval_without_pheromone,126,6,1200,1,12,False,checkpoints/mappo_gru_pheromone/stage3_full_marl,3,3,1.0,3,0,0.0,3,122,201,79.0,0.21761133603238866,0.0,1200
focused_pheromone_ablation_extended_30_agents,trained_without_pheromone__eval_without_pheromone,126,6,1200,1,12,False,checkpoints/mappo_gru_no_pheromone/stage3_full_marl,0,0,0.0,0,0,0.0,0,-1,-1,-1.0,0.012145748987854251,0.0,1200
focused_pheromone_ablation_extended_30_agents,trained_with_pheromone__eval_with_pheromone,127,6,1200,1,12,True,checkpoints/mappo_gru_pheromone/stage3_full_marl,1,1,1.0,1,0,0.0,1,10,166,156.0,0.21862348178137653,0.0107453449597233,1200
focused_pheromone_ablation_extended_30_agents,trained_with_pheromone__eval_without_pheromone,127,6,1200,1,12,False,checkpoints/mappo_gru_pheromone/stage3_full_marl,1,1,1.0,1,0,0.0,1,10,198,188.0,0.2125506072874494,0.0,1200
focused_pheromone_ablation_extended_30_agents,trained_without_pheromone__eval_without_pheromone,127,6,1200,1,12,False,checkpoints/mappo_gru_no_pheromone/stage3_full_marl,0,0,0.0,0,0,0.0,0,-1,-1,-1.0,0.011133603238866396,0.0,1200
focused_pheromone_ablation_extended_30_agents,trained_with_pheromone__eval_with_pheromone,128,6,1200,1,12,True,checkpoints/mappo_gru_pheromone/stage3_full_marl,0,0,0.0,0,0,0.0,0,-1,-1,-1.0,0.15890688259109312,0.0,1200
focused_pheromone_ablation_extended_30_agents,trained_with_pheromone__eval_without_pheromone,128,6,1200,1,12,False,checkpoints/mappo_gru_pheromone/stage3_full_marl,0,0,0.0,0,0,0.0,0,-1,-1,-1.0,0.15890688259109312,0.0,1200
focused_pheromone_ablation_extended_30_agents,trained_without_pheromone__eval_without_pheromone,128,6,1200,1,12,False,checkpoints/mappo_gru_no_pheromone/stage3_full_marl,0,0,0.0,0,0,0.0,0,-1,-1,-1.0,0.010121457489878543,0.0,1200
focused_pheromone_ablation_extended_30_agents,trained_with_pheromone__eval_with_pheromone,129,6,1200,1,12,True,checkpoints/mappo_gru_pheromone/stage3_full_marl,4,1,0.25,0,1,1.0,1,443,626,183.0,0.3117408906882591,0.06886653506352255,1200
focused_pheromone_ablation_extended_30_agents,trained_with_pheromone__eval_without_pheromone,129,6,1200,1,12,False,checkpoints/mappo_gru_pheromone/stage3_full_marl,2,1,0.5,0,1,1.0,1,443,846,403.0,0.3006072874493927,0.0,1200
focused_pheromone_ablation_extended_30_agents,trained_without_pheromone__eval_without_pheromone,129,6,1200,1,12,False,checkpoints/mappo_gru_no_pheromone/stage3_full_marl,0,0,0.0,0,0,0.0,0,-1,-1,-1.0,0.009109311740890687,0.0,1200
focused_pheromone_ablation_extended_30_agents,trained_with_pheromone__eval_with_pheromone,130,6,1200,1,12,True,checkpoints/mappo_gru_pheromone/stage3_full_marl,0,0,0.0,0,0,0.0,0,-1,-1,-1.0,0.15890688259109312,0.0,1200
focused_pheromone_ablation_extended_30_agents,trained_with_pheromone__eval_without_pheromone,130,6,1200,1,12,False,checkpoints/mappo_gru_pheromone/stage3_full_marl,0,0,0.0,0,0,0.0,0,-1,-1,-1.0,0.15890688259109312,0.0,1200
focused_pheromone_ablation_extended_30_agents,trained_without_pheromone__eval_without_pheromone,130,6,1200,1,12,False,checkpoints/mappo_gru_no_pheromone/stage3_full_marl,0,0,0.0,0,0,0.0,0,-1,-1,-1.0,0.015182186234817813,0.0,1200
focused_pheromone_ablation_extended_30_agents,trained_with_pheromone__eval_with_pheromone,131,6,1200,1,12,True,checkpoints/mappo_gru_pheromone/stage3_full_marl,2,2,1.0,2,0,0.0,2,145,349,204.0,0.2145748987854251,0.0801733273134596,1200
focused_pheromone_ablation_extended_30_agents,trained_with_pheromone__eval_without_pheromone,131,6,1200,1,12,False,checkpoints/mappo_gru_pheromone/stage3_full_marl,2,2,1.0,2,0,0.0,2,145,254,109.0,0.20951417004048584,0.0,1200
focused_pheromone_ablation_extended_30_agents,trained_without_pheromone__eval_without_pheromone,131,6,1200,1,12,False,checkpoints/mappo_gru_no_pheromone/stage3_full_marl,0,0,0.0,0,0,0.0,0,-1,-1,-1.0,0.010121457489878543,0.0,1200
focused_pheromone_ablation_extended_30_agents,trained_with_pheromone__eval_with_pheromone,132,6,1200,1,12,True,checkpoints/mappo_gru_pheromone/stage3_full_marl,0,0,0.0,0,0,0.0,0,-1,-1,-1.0,0.291497975708502,0.0,1200
focused_pheromone_ablation_extended_30_agents,trained_with_pheromone__eval_without_pheromone,132,6,1200,1,12,False,checkpoints/mappo_gru_pheromone/stage3_full_marl,0,0,0.0,0,0,0.0,0,-1,-1,-1.0,0.291497975708502,0.0,1200
focused_pheromone_ablation_extended_30_agents,trained_without_pheromone__eval_without_pheromone,132,6,1200,1,12,False,checkpoints/mappo_gru_no_pheromone/stage3_full_marl,0,0,0.0,0,0,0.0,0,-1,-1,-1.0,0.01417004048582996,0.0,1200
focused_pheromone_ablation_extended_30_agents,trained_with_pheromone__eval_with_pheromone,133,6,1200,1,12,True,checkpoints/mappo_gru_pheromone/stage3_full_marl,0,0,0.0,0,0,0.0,0,-1,-1,-1.0,0.0931174089068826,0.0,1200
focused_pheromone_ablation_extended_30_agents,trained_with_pheromone__eval_without_pheromone,133,6,1200,1,12,False,checkpoints/mappo_gru_pheromone/stage3_full_marl,0,0,0.0,0,0,0.0,0,-1,-1,-1.0,0.0931174089068826,0.0,1200
focused_pheromone_ablation_extended_30_agents,trained_without_pheromone__eval_without_pheromone,133,6,1200,1,12,False,checkpoints/mappo_gru_no_pheromone/stage3_full_marl,0,0,0.0,0,0,0.0,0,-1,-1,-1.0,0.006072874493927126,0.0,1200
focused_pheromone_ablation_extended_30_agents,trained_with_pheromone__eval_with_pheromone,134,6,1200,1,12,True,checkpoints/mappo_gru_pheromone/stage3_full_marl,2,2,1.0,1,1,0.5,2,15,184,169.0,0.14979757085020243,0.06994675565601532,1200
focused_pheromone_ablation_extended_30_agents,trained_with_pheromone__eval_without_pheromone,134,6,1200,1,12,False,checkpoints/mappo_gru_pheromone/stage3_full_marl,2,2,1.0,2,0,0.0,2,15,116,101.0,0.1396761133603239,0.0,1200
focused_pheromone_ablation_extended_30_agents,trained_without_pheromone__eval_without_pheromone,134,6,1200,1,12,False,checkpoints/mappo_gru_no_pheromone/stage3_full_marl,0,0,0.0,0,0,0.0,0,-1,-1,-1.0,0.009109311740890687,0.0,1200
focused_pheromone_ablation_extended_30_agents,trained_with_pheromone__eval_with_pheromone,135,6,1200,1,12,True,checkpoints/mappo_gru_pheromone/stage3_full_marl,0,0,0.0,0,0,0.0,0,-1,-1,-1.0,0.14068825910931174,0.0,1200
focused_pheromone_ablation_extended_30_agents,trained_with_pheromone__eval_without_pheromone,135,6,1200,1,12,False,checkpoints/mappo_gru_pheromone/stage3_full_marl,0,0,0.0,0,0,0.0,0,-1,-1,-1.0,0.14068825910931174,0.0,1200
focused_pheromone_ablation_extended_30_agents,trained_without_pheromone__eval_without_pheromone,135,6,1200,1,12,False,checkpoints/mappo_gru_no_pheromone/stage3_full_marl,0,0,0.0,0,0,0.0,0,-1,-1,-1.0,0.013157894736842105,0.0,1200
focused_pheromone_ablation_extended_30_agents,trained_with_pheromone__eval_with_pheromone,136,6,1200,1,12,True,checkpoints/mappo_gru_pheromone/stage3_full_marl,0,0,0.0,0,0,0.0,0,-1,-1,-1.0,0.08502024291497975,0.0,1200
focused_pheromone_ablation_extended_30_agents,trained_with_pheromone__eval_without_pheromone,136,6,1200,1,12,False,checkpoints/mappo_gru_pheromone/stage3_full_marl,0,0,0.0,0,0,0.0,0,-1,-1,-1.0,0.08502024291497975,0.0,1200
focused_pheromone_ablation_extended_30_agents,trained_without_pheromone__eval_without_pheromone,136,6,1200,1,12,False,checkpoints/mappo_gru_no_pheromone/stage3_full_marl,0,0,0.0,0,0,0.0,0,-1,-1,-1.0,0.010121457489878543,0.0,1200
focused_pheromone_ablation_extended_30_agents,trained_with_pheromone__eval_with_pheromone,137,6,1200,1,12,True,checkpoints/mappo_gru_pheromone/stage3_full_marl,0,0,0.0,0,0,0.0,0,-1,-1,-1.0,0.09615384615384616,0.0,1200
focused_pheromone_ablation_extended_30_agents,trained_with_pheromone__eval_without_pheromone,137,6,1200,1,12,False,checkpoints/mappo_gru_pheromone/stage3_full_marl,0,0,0.0,0,0,0.0,0,-1,-1,-1.0,0.09615384615384616,0.0,1200
focused_pheromone_ablation_extended_30_agents,trained_without_pheromone__eval_without_pheromone,137,6,1200,1,12,False,checkpoints/mappo_gru_no_pheromone/stage3_full_marl,0,0,0.0,0,0,0.0,0,-1,-1,-1.0,0.016194331983805668,0.0,1200
focused_pheromone_ablation_extended_30_agents,trained_with_pheromone__eval_with_pheromone,138,6,1200,1,12,True,checkpoints/mappo_gru_pheromone/stage3_full_marl,0,0,0.0,0,0,0.0,0,-1,-1,-1.0,0.1305668016194332,0.0,1200
focused_pheromone_ablation_extended_30_agents,trained_with_pheromone__eval_without_pheromone,138,6,1200,1,12,False,checkpoints/mappo_gru_pheromone/stage3_full_marl,0,0,0.0,0,0,0.0,0,-1,-1,-1.0,0.1305668016194332,0.0,1200
focused_pheromone_ablation_extended_30_agents,trained_without_pheromone__eval_without_pheromone,138,6,1200,1,12,False,checkpoints/mappo_gru_no_pheromone/stage3_full_marl,0,0,0.0,0,0,0.0,0,-1,-1,-1.0,0.01417004048582996,0.0,1200
focused_pheromone_ablation_extended_30_agents,trained_with_pheromone__eval_with_pheromone,139,6,1200,1,12,True,checkpoints/mappo_gru_pheromone/stage3_full_marl,0,0,0.0,0,0,0.0,0,-1,-1,-1.0,0.1771255060728745,0.0,1200
focused_pheromone_ablation_extended_30_agents,trained_with_pheromone__eval_without_pheromone,139,6,1200,1,12,False,checkpoints/mappo_gru_pheromone/stage3_full_marl,0,0,0.0,0,0,0.0,0,-1,-1,-1.0,0.1771255060728745,0.0,1200
focused_pheromone_ablation_extended_30_agents,trained_without_pheromone__eval_without_pheromone,139,6,1200,1,12,False,checkpoints/mappo_gru_no_pheromone/stage3_full_marl,0,0,0.0,0,0,0.0,0,-1,-1,-1.0,0.008097165991902834,0.0,1200
focused_pheromone_ablation_extended_30_agents,trained_with_pheromone__eval_with_pheromone,140,6,1200,1,12,True,checkpoints/mappo_gru_pheromone/stage3_full_marl,0,0,0.0,0,0,0.0,0,-1,-1,-1.0,0.18724696356275303,0.0,1200
focused_pheromone_ablation_extended_30_agents,trained_with_pheromone__eval_without_pheromone,140,6,1200,1,12,False,checkpoints/mappo_gru_pheromone/stage3_full_marl,0,0,0.0,0,0,0.0,0,-1,-1,-1.0,0.18724696356275303,0.0,1200
focused_pheromone_ablation_extended_30_agents,trained_without_pheromone__eval_without_pheromone,140,6,1200,1,12,False,checkpoints/mappo_gru_no_pheromone/stage3_full_marl,0,0,0.0,0,0,0.0,0,-1,-1,-1.0,0.009109311740890687,0.0,1200
focused_pheromone_ablation_extended_30_agents,trained_with_pheromone__eval_with_pheromone,141,6,1200,1,12,True,checkpoints/mappo_gru_pheromone/stage3_full_marl,0,0,0.0,0,0,0.0,0,-1,-1,-1.0,0.19635627530364372,0.0,1200
focused_pheromone_ablation_extended_30_agents,trained_with_pheromone__eval_without_pheromone,141,6,1200,1,12,False,checkpoints/mappo_gru_pheromone/stage3_full_marl,0,0,0.0,0,0,0.0,0,-1,-1,-1.0,0.19635627530364372,0.0,1200
focused_pheromone_ablation_extended_30_agents,trained_without_pheromone__eval_without_pheromone,141,6,1200,1,12,False,checkpoints/mappo_gru_no_pheromone/stage3_full_marl,0,0,0.0,0,0,0.0,0,-1,-1,-1.0,0.019230769230769232,0.0,1200
focused_pheromone_ablation_extended_30_agents,trained_with_pheromone__eval_with_pheromone,142,6,1200,1,12,True,checkpoints/mappo_gru_pheromone/stage3_full_marl,0,0,0.0,0,0,0.0,0,-1,-1,-1.0,0.17510121457489877,0.0,1200
focused_pheromone_ablation_extended_30_agents,trained_with_pheromone__eval_without_pheromone,142,6,1200,1,12,False,checkpoints/mappo_gru_pheromone/stage3_full_marl,0,0,0.0,0,0,0.0,0,-1,-1,-1.0,0.17510121457489877,0.0,1200
focused_pheromone_ablation_extended_30_agents,trained_without_pheromone__eval_without_pheromone,142,6,1200,1,12,False,checkpoints/mappo_gru_no_pheromone/stage3_full_marl,0,0,0.0,0,0,0.0,0,-1,-1,-1.0,0.01417004048582996,0.0,1200
focused_pheromone_ablation_extended_30_agents,trained_with_pheromone__eval_with_pheromone,143,6,1200,1,12,True,checkpoints/mappo_gru_pheromone/stage3_full_marl,0,0,0.0,0,0,0.0,0,-1,-1,-1.0,0.08906882591093117,0.0,1200
focused_pheromone_ablation_extended_30_agents,trained_with_pheromone__eval_without_pheromone,143,6,1200,1,12,False,checkpoints/mappo_gru_pheromone/stage3_full_marl,0,0,0.0,0,0,0.0,0,-1,-1,-1.0,0.08906882591093117,0.0,1200
focused_pheromone_ablation_extended_30_agents,trained_without_pheromone__eval_without_pheromone,143,6,1200,1,12,False,checkpoints/mappo_gru_no_pheromone/stage3_full_marl,0,0,0.0,0,0,0.0,0,-1,-1,-1.0,0.011133603238866396,0.0,1200
focused_pheromone_ablation_extended_30_agents,trained_with_pheromone__eval_with_pheromone,144,6,1200,1,12,True,checkpoints/mappo_gru_pheromone/stage3_full_marl,0,0,0.0,0,0,0.0,0,-1,-1,-1.0,0.16497975708502025,0.0,1200
focused_pheromone_ablation_extended_30_agents,trained_with_pheromone__eval_without_pheromone,144,6,1200,1,12,False,checkpoints/mappo_gru_pheromone/stage3_full_marl,0,0,0.0,0,0,0.0,0,-1,-1,-1.0,0.16497975708502025,0.0,1200
focused_pheromone_ablation_extended_30_agents,trained_without_pheromone__eval_without_pheromone,144,6,1200,1,12,False,checkpoints/mappo_gru_no_pheromone/stage3_full_marl,0,0,0.0,0,0,0.0,0,-1,-1,-1.0,0.012145748987854251,0.0,1200
focused_pheromone_ablation_extended_30_agents,trained_with_pheromone__eval_with_pheromone,145,6,1200,1,12,True,checkpoints/mappo_gru_pheromone/stage3_full_marl,1,0,0.0,0,0,0.0,0,11,-1,-1.0,0.24493927125506074,0.12090703847223064,1200
focused_pheromone_ablation_extended_30_agents,trained_with_pheromone__eval_without_pheromone,145,6,1200,1,12,False,checkpoints/mappo_gru_pheromone/stage3_full_marl,1,0,0.0,0,0,0.0,0,11,-1,-1.0,0.23582995951417005,0.0,1200
focused_pheromone_ablation_extended_30_agents,trained_without_pheromone__eval_without_pheromone,145,6,1200,1,12,False,checkpoints/mappo_gru_no_pheromone/stage3_full_marl,0,0,0.0,0,0,0.0,0,-1,-1,-1.0,0.01417004048582996,0.0,1200
focused_pheromone_ablation_extended_30_agents,trained_with_pheromone__eval_with_pheromone,146,6,1200,1,12,True,checkpoints/mappo_gru_pheromone/stage3_full_marl,0,0,0.0,0,0,0.0,0,-1,-1,-1.0,0.1346153846153846,0.0,1200
focused_pheromone_ablation_extended_30_agents,trained_with_pheromone__eval_without_pheromone,146,6,1200,1,12,False,checkpoints/mappo_gru_pheromone/stage3_full_marl,0,0,0.0,0,0,0.0,0,-1,-1,-1.0,0.1346153846153846,0.0,1200
focused_pheromone_ablation_extended_30_agents,trained_without_pheromone__eval_without_pheromone,146,6,1200,1,12,False,checkpoints/mappo_gru_no_pheromone/stage3_full_marl,0,0,0.0,0,0,0.0,0,-1,-1,-1.0,0.011133603238866396,0.0,1200
focused_pheromone_ablation_extended_30_agents,trained_with_pheromone__eval_with_pheromone,147,6,1200,1,12,True,checkpoints/mappo_gru_pheromone/stage3_full_marl,0,0,0.0,0,0,0.0,0,-1,-1,-1.0,0.1700404858299595,0.0,1200
focused_pheromone_ablation_extended_30_agents,trained_with_pheromone__eval_without_pheromone,147,6,1200,1,12,False,checkpoints/mappo_gru_pheromone/stage3_full_marl,0,0,0.0,0,0,0.0,0,-1,-1,-1.0,0.1700404858299595,0.0,1200
focused_pheromone_ablation_extended_30_agents,trained_without_pheromone__eval_without_pheromone,147,6,1200,1,12,False,checkpoints/mappo_gru_no_pheromone/stage3_full_marl,0,0,0.0,0,0,0.0,0,-1,-1,-1.0,0.012145748987854251,0.0,1200
focused_pheromone_ablation_extended_30_agents,trained_with_pheromone__eval_with_pheromone,148,6,1200,1,12,True,checkpoints/mappo_gru_pheromone/stage3_full_marl,0,0,0.0,0,0,0.0,0,-1,-1,-1.0,0.15182186234817813,0.0,1200
focused_pheromone_ablation_extended_30_agents,trained_with_pheromone__eval_without_pheromone,148,6,1200,1,12,False,checkpoints/mappo_gru_pheromone/stage3_full_marl,0,0,0.0,0,0,0.0,0,-1,-1,-1.0,0.15182186234817813,0.0,1200
focused_pheromone_ablation_extended_30_agents,trained_without_pheromone__eval_without_pheromone,148,6,1200,1,12,False,checkpoints/mappo_gru_no_pheromone/stage3_full_marl,0,0,0.0,0,0,0.0,0,-1,-1,-1.0,0.008097165991902834,0.0,1200
focused_pheromone_ablation_extended_30_agents,trained_with_pheromone__eval_with_pheromone,149,6,1200,1,12,True,checkpoints/mappo_gru_pheromone/stage3_full_marl,1,0,0.0,0,0,0.0,0,20,-1,-1.0,0.17307692307692307,0.0632652601389984,1200
focused_pheromone_ablation_extended_30_agents,trained_with_pheromone__eval_without_pheromone,149,6,1200,1,12,False,checkpoints/mappo_gru_pheromone/stage3_full_marl,1,0,0.0,0,0,0.0,0,20,-1,-1.0,0.16295546558704455,0.0,1200
focused_pheromone_ablation_extended_30_agents,trained_without_pheromone__eval_without_pheromone,149,6,1200,1,12,False,checkpoints/mappo_gru_no_pheromone/stage3_full_marl,0,0,0.0,0,0,0.0,0,-1,-1,-1.0,0.01417004048582996,0.0,1200
focused_pheromone_ablation_extended_30_agents,trained_with_pheromone__eval_with_pheromone,100,10,1200,1,12,True,checkpoints/mappo_gru_pheromone/stage3_full_marl,0,0,0.0,0,0,0.0,0,-1,-1,-1.0,0.2074898785425101,0.0,1200
focused_pheromone_ablation_extended_30_agents,trained_with_pheromone__eval_without_pheromone,100,10,1200,1,12,False,checkpoints/mappo_gru_pheromone/stage3_full_marl,0,0,0.0,0,0,0.0,0,-1,-1,-1.0,0.2074898785425101,0.0,1200
focused_pheromone_ablation_extended_30_agents,trained_without_pheromone__eval_without_pheromone,100,10,1200,1,12,False,checkpoints/mappo_gru_no_pheromone/stage3_full_marl,0,0,0.0,0,0,0.0,0,-1,-1,-1.0,0.020242914979757085,0.0,1200
focused_pheromone_ablation_extended_30_agents,trained_with_pheromone__eval_with_pheromone,101,10,1200,1,12,True,checkpoints/mappo_gru_pheromone/stage3_full_marl,0,0,0.0,0,0,0.0,0,-1,-1,-1.0,0.21052631578947367,0.0,1200
focused_pheromone_ablation_extended_30_agents,trained_with_pheromone__eval_without_pheromone,101,10,1200,1,12,False,checkpoints/mappo_gru_pheromone/stage3_full_marl,0,0,0.0,0,0,0.0,0,-1,-1,-1.0,0.21052631578947367,0.0,1200
focused_pheromone_ablation_extended_30_agents,trained_without_pheromone__eval_without_pheromone,101,10,1200,1,12,False,checkpoints/mappo_gru_no_pheromone/stage3_full_marl,0,0,0.0,0,0,0.0,0,-1,-1,-1.0,0.020242914979757085,0.0,1200
focused_pheromone_ablation_extended_30_agents,trained_with_pheromone__eval_with_pheromone,102,10,1200,1,12,True,checkpoints/mappo_gru_pheromone/stage3_full_marl,0,0,0.0,0,0,0.0,0,-1,-1,-1.0,0.2550607287449393,0.0,1200
focused_pheromone_ablation_extended_30_agents,trained_with_pheromone__eval_without_pheromone,102,10,1200,1,12,False,checkpoints/mappo_gru_pheromone/stage3_full_marl,0,0,0.0,0,0,0.0,0,-1,-1,-1.0,0.2550607287449393,0.0,1200
focused_pheromone_ablation_extended_30_agents,trained_without_pheromone__eval_without_pheromone,102,10,1200,1,12,False,checkpoints/mappo_gru_no_pheromone/stage3_full_marl,0,0,0.0,0,0,0.0,0,-1,-1,-1.0,0.022267206477732792,0.0,1200
focused_pheromone_ablation_extended_30_agents,trained_with_pheromone__eval_with_pheromone,103,10,1200,1,12,True,checkpoints/mappo_gru_pheromone/stage3_full_marl,0,0,0.0,0,0,0.0,0,-1,-1,-1.0,0.2408906882591093,0.0,1200
focused_pheromone_ablation_extended_30_agents,trained_with_pheromone__eval_without_pheromone,103,10,1200,1,12,False,checkpoints/mappo_gru_pheromone/stage3_full_marl,0,0,0.0,0,0,0.0,0,-1,-1,-1.0,0.2408906882591093,0.0,1200
focused_pheromone_ablation_extended_30_agents,trained_without_pheromone__eval_without_pheromone,103,10,1200,1,12,False,checkpoints/mappo_gru_no_pheromone/stage3_full_marl,0,0,0.0,0,0,0.0,0,-1,-1,-1.0,0.013157894736842105,0.0,1200
focused_pheromone_ablation_extended_30_agents,trained_with_pheromone__eval_with_pheromone,104,10,1200,1,12,True,checkpoints/mappo_gru_pheromone/stage3_full_marl,0,0,0.0,0,0,0.0,0,-1,-1,-1.0,0.21052631578947367,0.0,1200
focused_pheromone_ablation_extended_30_agents,trained_with_pheromone__eval_without_pheromone,104,10,1200,1,12,False,checkpoints/mappo_gru_pheromone/stage3_full_marl,0,0,0.0,0,0,0.0,0,-1,-1,-1.0,0.21052631578947367,0.0,1200
focused_pheromone_ablation_extended_30_agents,trained_without_pheromone__eval_without_pheromone,104,10,1200,1,12,False,checkpoints/mappo_gru_no_pheromone/stage3_full_marl,0,0,0.0,0,0,0.0,0,-1,-1,-1.0,0.02125506072874494,0.0,1200
focused_pheromone_ablation_extended_30_agents,trained_with_pheromone__eval_with_pheromone,105,10,1200,1,12,True,checkpoints/mappo_gru_pheromone/stage3_full_marl,12,12,1.0,10,2,0.16666666666666666,12,59,87,28.0,0.22267206477732793,0.05331359335487165,1200
focused_pheromone_ablation_extended_30_agents,trained_with_pheromone__eval_without_pheromone,105,10,1200,1,12,False,checkpoints/mappo_gru_pheromone/stage3_full_marl,12,12,1.0,10,2,0.16666666666666666,12,59,87,28.0,0.20850202429149797,0.0,1200
focused_pheromone_ablation_extended_30_agents,trained_without_pheromone__eval_without_pheromone,105,10,1200,1,12,False,checkpoints/mappo_gru_no_pheromone/stage3_full_marl,0,0,0.0,0,0,0.0,0,-1,-1,-1.0,0.016194331983805668,0.0,1200
focused_pheromone_ablation_extended_30_agents,trained_with_pheromone__eval_with_pheromone,106,10,1200,1,12,True,checkpoints/mappo_gru_pheromone/stage3_full_marl,12,11,0.9166666666666666,0,11,1.0,11,641,682,41.0,0.32388663967611336,0.03293001597617695,1200
focused_pheromone_ablation_extended_30_agents,trained_with_pheromone__eval_without_pheromone,106,10,1200,1,12,False,checkpoints/mappo_gru_pheromone/stage3_full_marl,6,6,1.0,0,6,1.0,6,641,682,41.0,0.32186234817813764,0.0,1200
focused_pheromone_ablation_extended_30_agents,trained_without_pheromone__eval_without_pheromone,106,10,1200,1,12,False,checkpoints/mappo_gru_no_pheromone/stage3_full_marl,0,0,0.0,0,0,0.0,0,-1,-1,-1.0,0.01720647773279352,0.0,1200
focused_pheromone_ablation_extended_30_agents,trained_with_pheromone__eval_with_pheromone,107,10,1200,1,12,True,checkpoints/mappo_gru_pheromone/stage3_full_marl,10,9,0.9,0,9,1.0,9,108,491,383.0,0.25,0.09171882007697908,1200
focused_pheromone_ablation_extended_30_agents,trained_with_pheromone__eval_without_pheromone,107,10,1200,1,12,False,checkpoints/mappo_gru_pheromone/stage3_full_marl,6,2,0.3333333333333333,0,2,1.0,2,108,603,495.0,0.2408906882591093,0.0,1200
focused_pheromone_ablation_extended_30_agents,trained_without_pheromone__eval_without_pheromone,107,10,1200,1,12,False,checkpoints/mappo_gru_no_pheromone/stage3_full_marl,0,0,0.0,0,0,0.0,0,-1,-1,-1.0,0.018218623481781375,0.0,1200
focused_pheromone_ablation_extended_30_agents,trained_with_pheromone__eval_with_pheromone,108,10,1200,1,12,True,checkpoints/mappo_gru_pheromone/stage3_full_marl,0,0,0.0,0,0,0.0,0,-1,-1,-1.0,0.20850202429149797,0.0,1200
focused_pheromone_ablation_extended_30_agents,trained_with_pheromone__eval_without_pheromone,108,10,1200,1,12,False,checkpoints/mappo_gru_pheromone/stage3_full_marl,0,0,0.0,0,0,0.0,0,-1,-1,-1.0,0.20850202429149797,0.0,1200
focused_pheromone_ablation_extended_30_agents,trained_without_pheromone__eval_without_pheromone,108,10,1200,1,12,False,checkpoints/mappo_gru_no_pheromone/stage3_full_marl,0,0,0.0,0,0,0.0,0,-1,-1,-1.0,0.01720647773279352,0.0,1200
focused_pheromone_ablation_extended_30_agents,trained_with_pheromone__eval_with_pheromone,109,10,1200,1,12,True,checkpoints/mappo_gru_pheromone/stage3_full_marl,0,0,0.0,0,0,0.0,0,-1,-1,-1.0,0.23076923076923078,0.0,1200
focused_pheromone_ablation_extended_30_agents,trained_with_pheromone__eval_without_pheromone,109,10,1200,1,12,False,checkpoints/mappo_gru_pheromone/stage3_full_marl,0,0,0.0,0,0,0.0,0,-1,-1,-1.0,0.23076923076923078,0.0,1200
focused_pheromone_ablation_extended_30_agents,trained_without_pheromone__eval_without_pheromone,109,10,1200,1,12,False,checkpoints/mappo_gru_no_pheromone/stage3_full_marl,0,0,0.0,0,0,0.0,0,-1,-1,-1.0,0.01720647773279352,0.0,1200
focused_pheromone_ablation_extended_30_agents,trained_with_pheromone__eval_with_pheromone,110,10,1200,1,12,True,checkpoints/mappo_gru_pheromone/stage3_full_marl,0,0,0.0,0,0,0.0,0,-1,-1,-1.0,0.19635627530364372,0.0,1200
focused_pheromone_ablation_extended_30_agents,trained_with_pheromone__eval_without_pheromone,110,10,1200,1,12,False,checkpoints/mappo_gru_pheromone/stage3_full_marl,0,0,0.0,0,0,0.0,0,-1,-1,-1.0,0.19635627530364372,0.0,1200
focused_pheromone_ablation_extended_30_agents,trained_without_pheromone__eval_without_pheromone,110,10,1200,1,12,False,checkpoints/mappo_gru_no_pheromone/stage3_full_marl,0,0,0.0,0,0,0.0,0,-1,-1,-1.0,0.016194331983805668,0.0,1200
focused_pheromone_ablation_extended_30_agents,trained_with_pheromone__eval_with_pheromone,111,10,1200,1,12,True,checkpoints/mappo_gru_pheromone/stage3_full_marl,0,0,0.0,0,0,0.0,0,-1,-1,-1.0,0.19939271255060728,0.0,1200
focused_pheromone_ablation_extended_30_agents,trained_with_pheromone__eval_without_pheromone,111,10,1200,1,12,False,checkpoints/mappo_gru_pheromone/stage3_full_marl,0,0,0.0,0,0,0.0,0,-1,-1,-1.0,0.19939271255060728,0.0,1200
focused_pheromone_ablation_extended_30_agents,trained_without_pheromone__eval_without_pheromone,111,10,1200,1,12,False,checkpoints/mappo_gru_no_pheromone/stage3_full_marl,0,0,0.0,0,0,0.0,0,-1,-1,-1.0,0.016194331983805668,0.0,1200
focused_pheromone_ablation_extended_30_agents,trained_with_pheromone__eval_with_pheromone,112,10,1200,1,12,True,checkpoints/mappo_gru_pheromone/stage3_full_marl,12,12,1.0,5,7,0.5833333333333334,12,155,272,117.0,0.31376518218623484,0.12891882545867703,1200
focused_pheromone_ablation_extended_30_agents,trained_with_pheromone__eval_without_pheromone,112,10,1200,1,12,False,checkpoints/mappo_gru_pheromone/stage3_full_marl,10,1,0.1,0,1,1.0,1,155,759,604.0,0.29453441295546556,0.0,1200
focused_pheromone_ablation_extended_30_agents,trained_without_pheromone__eval_without_pheromone,112,10,1200,1,12,False,checkpoints/mappo_gru_no_pheromone/stage3_full_marl,0,0,0.0,0,0,0.0,0,-1,-1,-1.0,0.018218623481781375,0.0,1200
focused_pheromone_ablation_extended_30_agents,trained_with_pheromone__eval_with_pheromone,113,10,1200,1,12,True,checkpoints/mappo_gru_pheromone/stage3_full_marl,0,0,0.0,0,0,0.0,0,-1,-1,-1.0,0.23178137651821862,0.0,1200
focused_pheromone_ablation_extended_30_agents,trained_with_pheromone__eval_without_pheromone,113,10,1200,1,12,False,checkpoints/mappo_gru_pheromone/stage3_full_marl,0,0,0.0,0,0,0.0,0,-1,-1,-1.0,0.23178137651821862,0.0,1200
focused_pheromone_ablation_extended_30_agents,trained_without_pheromone__eval_without_pheromone,113,10,1200,1,12,False,checkpoints/mappo_gru_no_pheromone/stage3_full_marl,0,0,0.0,0,0,0.0,0,-1,-1,-1.0,0.018218623481781375,0.0,1200
focused_pheromone_ablation_extended_30_agents,trained_with_pheromone__eval_with_pheromone,114,10,1200,1,12,True,checkpoints/mappo_gru_pheromone/stage3_full_marl,0,0,0.0,0,0,0.0,0,-1,-1,-1.0,0.18522267206477733,0.0,1200
focused_pheromone_ablation_extended_30_agents,trained_with_pheromone__eval_without_pheromone,114,10,1200,1,12,False,checkpoints/mappo_gru_pheromone/stage3_full_marl,0,0,0.0,0,0,0.0,0,-1,-1,-1.0,0.18522267206477733,0.0,1200
focused_pheromone_ablation_extended_30_agents,trained_without_pheromone__eval_without_pheromone,114,10,1200,1,12,False,checkpoints/mappo_gru_no_pheromone/stage3_full_marl,0,0,0.0,0,0,0.0,0,-1,-1,-1.0,0.01720647773279352,0.0,1200
focused_pheromone_ablation_extended_30_agents,trained_with_pheromone__eval_with_pheromone,115,10,1200,1,12,True,checkpoints/mappo_gru_pheromone/stage3_full_marl,0,0,0.0,0,0,0.0,0,-1,-1,-1.0,0.19534412955465588,0.0,1200
focused_pheromone_ablation_extended_30_agents,trained_with_pheromone__eval_without_pheromone,115,10,1200,1,12,False,checkpoints/mappo_gru_pheromone/stage3_full_marl,0,0,0.0,0,0,0.0,0,-1,-1,-1.0,0.19534412955465588,0.0,1200
focused_pheromone_ablation_extended_30_agents,trained_without_pheromone__eval_without_pheromone,115,10,1200,1,12,False,checkpoints/mappo_gru_no_pheromone/stage3_full_marl,0,0,0.0,0,0,0.0,0,-1,-1,-1.0,0.016194331983805668,0.0,1200
focused_pheromone_ablation_extended_30_agents,trained_with_pheromone__eval_with_pheromone,116,10,1200,1,12,True,checkpoints/mappo_gru_pheromone/stage3_full_marl,0,0,0.0,0,0,0.0,0,-1,-1,-1.0,0.2216599190283401,0.0,1200
focused_pheromone_ablation_extended_30_agents,trained_with_pheromone__eval_without_pheromone,116,10,1200,1,12,False,checkpoints/mappo_gru_pheromone/stage3_full_marl,0,0,0.0,0,0,0.0,0,-1,-1,-1.0,0.2216599190283401,0.0,1200
focused_pheromone_ablation_extended_30_agents,trained_without_pheromone__eval_without_pheromone,116,10,1200,1,12,False,checkpoints/mappo_gru_no_pheromone/stage3_full_marl,0,0,0.0,0,0,0.0,0,-1,-1,-1.0,0.015182186234817813,0.0,1200
focused_pheromone_ablation_extended_30_agents,trained_with_pheromone__eval_with_pheromone,117,10,1200,1,12,True,checkpoints/mappo_gru_pheromone/stage3_full_marl,2,1,0.5,0,1,1.0,1,543,624,81.0,0.2894736842105263,0.010866531554352453,1200
focused_pheromone_ablation_extended_30_agents,trained_with_pheromone__eval_without_pheromone,117,10,1200,1,12,False,checkpoints/mappo_gru_pheromone/stage3_full_marl,1,1,1.0,0,1,1.0,1,543,624,81.0,0.28441295546558704,0.0,1200
focused_pheromone_ablation_extended_30_agents,trained_without_pheromone__eval_without_pheromone,117,10,1200,1,12,False,checkpoints/mappo_gru_no_pheromone/stage3_full_marl,0,0,0.0,0,0,0.0,0,-1,-1,-1.0,0.011133603238866396,0.0,1200
focused_pheromone_ablation_extended_30_agents,trained_with_pheromone__eval_with_pheromone,118,10,1200,1,12,True,checkpoints/mappo_gru_pheromone/stage3_full_marl,0,0,0.0,0,0,0.0,0,-1,-1,-1.0,0.1791497975708502,0.0,1200
focused_pheromone_ablation_extended_30_agents,trained_with_pheromone__eval_without_pheromone,118,10,1200,1,12,False,checkpoints/mappo_gru_pheromone/stage3_full_marl,0,0,0.0,0,0,0.0,0,-1,-1,-1.0,0.1791497975708502,0.0,1200
focused_pheromone_ablation_extended_30_agents,trained_without_pheromone__eval_without_pheromone,118,10,1200,1,12,False,checkpoints/mappo_gru_no_pheromone/stage3_full_marl,0,0,0.0,0,0,0.0,0,-1,-1,-1.0,0.024291497975708502,0.0,1200
focused_pheromone_ablation_extended_30_agents,trained_with_pheromone__eval_with_pheromone,119,10,1200,1,12,True,checkpoints/mappo_gru_pheromone/stage3_full_marl,0,0,0.0,0,0,0.0,0,-1,-1,-1.0,0.2591093117408907,0.0,1200
focused_pheromone_ablation_extended_30_agents,trained_with_pheromone__eval_without_pheromone,119,10,1200,1,12,False,checkpoints/mappo_gru_pheromone/stage3_full_marl,0,0,0.0,0,0,0.0,0,-1,-1,-1.0,0.2591093117408907,0.0,1200
focused_pheromone_ablation_extended_30_agents,trained_without_pheromone__eval_without_pheromone,119,10,1200,1,12,False,checkpoints/mappo_gru_no_pheromone/stage3_full_marl,0,0,0.0,0,0,0.0,0,-1,-1,-1.0,0.018218623481781375,0.0,1200
focused_pheromone_ablation_extended_30_agents,trained_with_pheromone__eval_with_pheromone,100,15,1200,1,12,True,checkpoints/mappo_gru_pheromone/stage3_full_marl,0,0,0.0,0,0,0.0,0,-1,-1,-1.0,0.26720647773279355,0.0,1200
focused_pheromone_ablation_extended_30_agents,trained_with_pheromone__eval_without_pheromone,100,15,1200,1,12,False,checkpoints/mappo_gru_pheromone/stage3_full_marl,0,0,0.0,0,0,0.0,0,-1,-1,-1.0,0.26720647773279355,0.0,1200
focused_pheromone_ablation_extended_30_agents,trained_without_pheromone__eval_without_pheromone,100,15,1200,1,12,False,checkpoints/mappo_gru_no_pheromone/stage3_full_marl,0,0,0.0,0,0,0.0,0,-1,-1,-1.0,0.025303643724696356,0.0,1200
focused_pheromone_ablation_extended_30_agents,trained_with_pheromone__eval_with_pheromone,101,15,1200,1,12,True,checkpoints/mappo_gru_pheromone/stage3_full_marl,2,2,1.0,0,2,1.0,2,14,403,389.0,0.2975708502024291,0.05451208607003274,1200
focused_pheromone_ablation_extended_30_agents,trained_with_pheromone__eval_without_pheromone,101,15,1200,1,12,False,checkpoints/mappo_gru_pheromone/stage3_full_marl,2,2,1.0,1,1,0.5,2,14,315,301.0,0.2925101214574899,0.0,1200
focused_pheromone_ablation_extended_30_agents,trained_without_pheromone__eval_without_pheromone,101,15,1200,1,12,False,checkpoints/mappo_gru_no_pheromone/stage3_full_marl,0,0,0.0,0,0,0.0,0,-1,-1,-1.0,0.027327935222672066,0.0,1200
focused_pheromone_ablation_extended_30_agents,trained_with_pheromone__eval_with_pheromone,102,15,1200,1,12,True,checkpoints/mappo_gru_pheromone/stage3_full_marl,0,0,0.0,0,0,0.0,0,-1,-1,-1.0,0.3097165991902834,0.0,1200
focused_pheromone_ablation_extended_30_agents,trained_with_pheromone__eval_without_pheromone,102,15,1200,1,12,False,checkpoints/mappo_gru_pheromone/stage3_full_marl,0,0,0.0,0,0,0.0,0,-1,-1,-1.0,0.3097165991902834,0.0,1200
focused_pheromone_ablation_extended_30_agents,trained_without_pheromone__eval_without_pheromone,102,15,1200,1,12,False,checkpoints/mappo_gru_no_pheromone/stage3_full_marl,0,0,0.0,0,0,0.0,0,-1,-1,-1.0,0.029352226720647773,0.0,1200
focused_pheromone_ablation_extended_30_agents,trained_with_pheromone__eval_with_pheromone,103,15,1200,1,12,True,checkpoints/mappo_gru_pheromone/stage3_full_marl,0,0,0.0,0,0,0.0,0,-1,-1,-1.0,0.2692307692307692,0.0,1200
focused_pheromone_ablation_extended_30_agents,trained_with_pheromone__eval_without_pheromone,103,15,1200,1,12,False,checkpoints/mappo_gru_pheromone/stage3_full_marl,0,0,0.0,0,0,0.0,0,-1,-1,-1.0,0.2692307692307692,0.0,1200
focused_pheromone_ablation_extended_30_agents,trained_without_pheromone__eval_without_pheromone,103,15,1200,1,12,False,checkpoints/mappo_gru_no_pheromone/stage3_full_marl,0,0,0.0,0,0,0.0,0,-1,-1,-1.0,0.024291497975708502,0.0,1200
focused_pheromone_ablation_extended_30_agents,trained_with_pheromone__eval_with_pheromone,104,15,1200,1,12,True,checkpoints/mappo_gru_pheromone/stage3_full_marl,0,0,0.0,0,0,0.0,0,-1,-1,-1.0,0.2722672064777328,0.0,1200
focused_pheromone_ablation_extended_30_agents,trained_with_pheromone__eval_without_pheromone,104,15,1200,1,12,False,checkpoints/mappo_gru_pheromone/stage3_full_marl,0,0,0.0,0,0,0.0,0,-1,-1,-1.0,0.2722672064777328,0.0,1200
focused_pheromone_ablation_extended_30_agents,trained_without_pheromone__eval_without_pheromone,104,15,1200,1,12,False,checkpoints/mappo_gru_no_pheromone/stage3_full_marl,0,0,0.0,0,0,0.0,0,-1,-1,-1.0,0.029352226720647773,0.0,1200
focused_pheromone_ablation_extended_30_agents,trained_with_pheromone__eval_with_pheromone,105,15,1200,1,12,True,checkpoints/mappo_gru_pheromone/stage3_full_marl,12,12,1.0,12,0,0.0,12,59,87,28.0,0.298582995951417,0.05860563350462729,1200
focused_pheromone_ablation_extended_30_agents,trained_with_pheromone__eval_without_pheromone,105,15,1200,1,12,False,checkpoints/mappo_gru_pheromone/stage3_full_marl,12,12,1.0,12,0,0.0,12,59,87,28.0,0.2702429149797571,0.0,1200
focused_pheromone_ablation_extended_30_agents,trained_without_pheromone__eval_without_pheromone,105,15,1200,1,12,False,checkpoints/mappo_gru_no_pheromone/stage3_full_marl,0,0,0.0,0,0,0.0,0,-1,-1,-1.0,0.027327935222672066,0.0,1200
focused_pheromone_ablation_extended_30_agents,trained_with_pheromone__eval_with_pheromone,106,15,1200,1,12,True,checkpoints/mappo_gru_pheromone/stage3_full_marl,12,8,0.6666666666666666,0,8,1.0,8,782,850,68.0,0.3785425101214575,0.024972118606470757,1200
focused_pheromone_ablation_extended_30_agents,trained_with_pheromone__eval_without_pheromone,106,15,1200,1,12,False,checkpoints/mappo_gru_pheromone/stage3_full_marl,5,4,0.8,0,4,1.0,4,782,850,68.0,0.3765182186234818,0.0,1200
focused_pheromone_ablation_extended_30_agents,trained_without_pheromone__eval_without_pheromone,106,15,1200,1,12,False,checkpoints/mappo_gru_no_pheromone/stage3_full_marl,0,0,0.0,0,0,0.0,0,-1,-1,-1.0,0.025303643724696356,0.0,1200
focused_pheromone_ablation_extended_30_agents,trained_with_pheromone__eval_with_pheromone,107,15,1200,1,12,True,checkpoints/mappo_gru_pheromone/stage3_full_marl,5,5,1.0,1,4,0.8,5,124,394,270.0,0.3188259109311741,0.027214462999422616,1200
focused_pheromone_ablation_extended_30_agents,trained_with_pheromone__eval_without_pheromone,107,15,1200,1,12,False,checkpoints/mappo_gru_pheromone/stage3_full_marl,8,1,0.125,0,1,1.0,1,124,407,283.0,0.3188259109311741,0.0,1200
focused_pheromone_ablation_extended_30_agents,trained_without_pheromone__eval_without_pheromone,107,15,1200,1,12,False,checkpoints/mappo_gru_no_pheromone/stage3_full_marl,0,0,0.0,0,0,0.0,0,-1,-1,-1.0,0.03744939271255061,0.0,1200
focused_pheromone_ablation_extended_30_agents,trained_with_pheromone__eval_with_pheromone,108,15,1200,1,12,True,checkpoints/mappo_gru_pheromone/stage3_full_marl,0,0,0.0,0,0,0.0,0,-1,-1,-1.0,0.24595141700404857,0.0,1200
focused_pheromone_ablation_extended_30_agents,trained_with_pheromone__eval_without_pheromone,108,15,1200,1,12,False,checkpoints/mappo_gru_pheromone/stage3_full_marl,0,0,0.0,0,0,0.0,0,-1,-1,-1.0,0.24595141700404857,0.0,1200
focused_pheromone_ablation_extended_30_agents,trained_without_pheromone__eval_without_pheromone,108,15,1200,1,12,False,checkpoints/mappo_gru_no_pheromone/stage3_full_marl,0,0,0.0,0,0,0.0,0,-1,-1,-1.0,0.02631578947368421,0.0,1200
focused_pheromone_ablation_extended_30_agents,trained_with_pheromone__eval_with_pheromone,109,15,1200,1,12,True,checkpoints/mappo_gru_pheromone/stage3_full_marl,0,0,0.0,0,0,0.0,0,-1,-1,-1.0,0.24595141700404857,0.0,1200
focused_pheromone_ablation_extended_30_agents,trained_with_pheromone__eval_without_pheromone,109,15,1200,1,12,False,checkpoints/mappo_gru_pheromone/stage3_full_marl,0,0,0.0,0,0,0.0,0,-1,-1,-1.0,0.24595141700404857,0.0,1200
focused_pheromone_ablation_extended_30_agents,trained_without_pheromone__eval_without_pheromone,109,15,1200,1,12,False,checkpoints/mappo_gru_no_pheromone/stage3_full_marl,0,0,0.0,0,0,0.0,0,-1,-1,-1.0,0.02631578947368421,0.0,1200
focused_pheromone_ablation_extended_30_agents,trained_with_pheromone__eval_with_pheromone,110,15,1200,1,12,True,checkpoints/mappo_gru_pheromone/stage3_full_marl,0,0,0.0,0,0,0.0,0,-1,-1,-1.0,0.2550607287449393,0.0,1200
focused_pheromone_ablation_extended_30_agents,trained_with_pheromone__eval_without_pheromone,110,15,1200,1,12,False,checkpoints/mappo_gru_pheromone/stage3_full_marl,0,0,0.0,0,0,0.0,0,-1,-1,-1.0,0.2550607287449393,0.0,1200
focused_pheromone_ablation_extended_30_agents,trained_without_pheromone__eval_without_pheromone,110,15,1200,1,12,False,checkpoints/mappo_gru_no_pheromone/stage3_full_marl,0,0,0.0,0,0,0.0,0,-1,-1,-1.0,0.02631578947368421,0.0,1200
focused_pheromone_ablation_extended_30_agents,trained_with_pheromone__eval_with_pheromone,111,15,1200,1,12,True,checkpoints/mappo_gru_pheromone/stage3_full_marl,0,0,0.0,0,0,0.0,0,-1,-1,-1.0,0.2611336032388664,0.0,1200
focused_pheromone_ablation_extended_30_agents,trained_with_pheromone__eval_without_pheromone,111,15,1200,1,12,False,checkpoints/mappo_gru_pheromone/stage3_full_marl,0,0,0.0,0,0,0.0,0,-1,-1,-1.0,0.2611336032388664,0.0,1200
focused_pheromone_ablation_extended_30_agents,trained_without_pheromone__eval_without_pheromone,111,15,1200,1,12,False,checkpoints/mappo_gru_no_pheromone/stage3_full_marl,0,0,0.0,0,0,0.0,0,-1,-1,-1.0,0.027327935222672066,0.0,1200
focused_pheromone_ablation_extended_30_agents,trained_with_pheromone__eval_with_pheromone,112,15,1200,1,12,True,checkpoints/mappo_gru_pheromone/stage3_full_marl,24,24,1.0,13,11,0.4583333333333333,24,88,154,66.0,0.35526315789473684,0.09448285124784969,1200
focused_pheromone_ablation_extended_30_agents,trained_with_pheromone__eval_without_pheromone,112,15,1200,1,12,False,checkpoints/mappo_gru_pheromone/stage3_full_marl,24,16,0.6666666666666666,7,9,0.5625,16,88,306,218.0,0.34210526315789475,0.0,1200
focused_pheromone_ablation_extended_30_agents,trained_without_pheromone__eval_without_pheromone,112,15,1200,1,12,False,checkpoints/mappo_gru_no_pheromone/stage3_full_marl,0,0,0.0,0,0,0.0,0,-1,-1,-1.0,0.02834008097165992,0.0,1200
focused_pheromone_ablation_extended_30_agents,trained_with_pheromone__eval_with_pheromone,113,15,1200,1,12,True,checkpoints/mappo_gru_pheromone/stage3_full_marl,0,0,0.0,0,0,0.0,0,-1,-1,-1.0,0.2925101214574899,0.0,1200
focused_pheromone_ablation_extended_30_agents,trained_with_pheromone__eval_without_pheromone,113,15,1200,1,12,False,checkpoints/mappo_gru_pheromone/stage3_full_marl,0,0,0.0,0,0,0.0,0,-1,-1,-1.0,0.2925101214574899,0.0,1200
focused_pheromone_ablation_extended_30_agents,trained_without_pheromone__eval_without_pheromone,113,15,1200,1,12,False,checkpoints/mappo_gru_no_pheromone/stage3_full_marl,0,0,0.0,0,0,0.0,0,-1,-1,-1.0,0.03137651821862348,0.0,1200
focused_pheromone_ablation_extended_30_agents,trained_with_pheromone__eval_with_pheromone,114,15,1200,1,12,True,checkpoints/mappo_gru_pheromone/stage3_full_marl,0,0,0.0,0,0,0.0,0,-1,-1,-1.0,0.25809716599190285,0.0,1200
focused_pheromone_ablation_extended_30_agents,trained_with_pheromone__eval_without_pheromone,114,15,1200,1,12,False,checkpoints/mappo_gru_pheromone/stage3_full_marl,0,0,0.0,0,0,0.0,0,-1,-1,-1.0,0.25809716599190285,0.0,1200
focused_pheromone_ablation_extended_30_agents,trained_without_pheromone__eval_without_pheromone,114,15,1200,1,12,False,checkpoints/mappo_gru_no_pheromone/stage3_full_marl,0,0,0.0,0,0,0.0,0,-1,-1,-1.0,0.02834008097165992,0.0,1200
focused_pheromone_ablation_extended_30_agents,trained_with_pheromone__eval_with_pheromone,115,15,1200,1,12,True,checkpoints/mappo_gru_pheromone/stage3_full_marl,0,0,0.0,0,0,0.0,0,-1,-1,-1.0,0.27631578947368424,0.0,1200
focused_pheromone_ablation_extended_30_agents,trained_with_pheromone__eval_without_pheromone,115,15,1200,1,12,False,checkpoints/mappo_gru_pheromone/stage3_full_marl,0,0,0.0,0,0,0.0,0,-1,-1,-1.0,0.27631578947368424,0.0,1200
focused_pheromone_ablation_extended_30_agents,trained_without_pheromone__eval_without_pheromone,115,15,1200,1,12,False,checkpoints/mappo_gru_no_pheromone/stage3_full_marl,0,0,0.0,0,0,0.0,0,-1,-1,-1.0,0.02631578947368421,0.0,1200
focused_pheromone_ablation_extended_30_agents,trained_with_pheromone__eval_with_pheromone,116,15,1200,1,12,True,checkpoints/mappo_gru_pheromone/stage3_full_marl,0,0,0.0,0,0,0.0,0,-1,-1,-1.0,0.25,0.0,1200
focused_pheromone_ablation_extended_30_agents,trained_with_pheromone__eval_without_pheromone,116,15,1200,1,12,False,checkpoints/mappo_gru_pheromone/stage3_full_marl,0,0,0.0,0,0,0.0,0,-1,-1,-1.0,0.25,0.0,1200
focused_pheromone_ablation_extended_30_agents,trained_without_pheromone__eval_without_pheromone,116,15,1200,1,12,False,checkpoints/mappo_gru_no_pheromone/stage3_full_marl,0,0,0.0,0,0,0.0,0,-1,-1,-1.0,0.02327935222672065,0.0,1200
focused_pheromone_ablation_extended_30_agents,trained_with_pheromone__eval_with_pheromone,117,15,1200,1,12,True,checkpoints/mappo_gru_pheromone/stage3_full_marl,1,1,1.0,0,1,1.0,1,725,844,119.0,0.29959514170040485,0.020714009991510667,1200
focused_pheromone_ablation_extended_30_agents,trained_with_pheromone__eval_without_pheromone,117,15,1200,1,12,False,checkpoints/mappo_gru_pheromone/stage3_full_marl,1,1,1.0,0,1,1.0,1,725,783,58.0,0.29554655870445345,0.0,1200
focused_pheromone_ablation_extended_30_agents,trained_without_pheromone__eval_without_pheromone,117,15,1200,1,12,False,checkpoints/mappo_gru_no_pheromone/stage3_full_marl,0,0,0.0,0,0,0.0,0,-1,-1,-1.0,0.02125506072874494,0.0,1200
focused_pheromone_ablation_extended_30_agents,trained_with_pheromone__eval_with_pheromone,118,15,1200,1,12,True,checkpoints/mappo_gru_pheromone/stage3_full_marl,1,1,1.0,1,0,0.0,1,65,149,84.0,0.18927125506072875,0.0011773754494885601,1200
focused_pheromone_ablation_extended_30_agents,trained_with_pheromone__eval_without_pheromone,118,15,1200,1,12,False,checkpoints/mappo_gru_pheromone/stage3_full_marl,1,1,1.0,1,0,0.0,1,65,149,84.0,0.18927125506072875,0.0,1200
focused_pheromone_ablation_extended_30_agents,trained_without_pheromone__eval_without_pheromone,118,15,1200,1,12,False,checkpoints/mappo_gru_no_pheromone/stage3_full_marl,0,0,0.0,0,0,0.0,0,-1,-1,-1.0,0.02631578947368421,0.0,1200
focused_pheromone_ablation_extended_30_agents,trained_with_pheromone__eval_with_pheromone,119,15,1200,1,12,True,checkpoints/mappo_gru_pheromone/stage3_full_marl,0,0,0.0,0,0,0.0,0,-1,-1,-1.0,0.2793522267206478,0.0,1200
focused_pheromone_ablation_extended_30_agents,trained_with_pheromone__eval_without_pheromone,119,15,1200,1,12,False,checkpoints/mappo_gru_pheromone/stage3_full_marl,0,0,0.0,0,0,0.0,0,-1,-1,-1.0,0.2793522267206478,0.0,1200
focused_pheromone_ablation_extended_30_agents,trained_without_pheromone__eval_without_pheromone,119,15,1200,1,12,False,checkpoints/mappo_gru_no_pheromone/stage3_full_marl,0,0,0.0,0,0,0.0,0,-1,-1,-1.0,0.032388663967611336,0.0,1200
focused_pheromone_ablation_extended_30_agents,trained_with_pheromone__eval_with_pheromone,100,20,1200,1,12,True,checkpoints/mappo_gru_pheromone/stage3_full_marl,0,0,0.0,0,0,0.0,0,-1,-1,-1.0,0.30465587044534415,0.0,1200
focused_pheromone_ablation_extended_30_agents,trained_with_pheromone__eval_without_pheromone,100,20,1200,1,12,False,checkpoints/mappo_gru_pheromone/stage3_full_marl,0,0,0.0,0,0,0.0,0,-1,-1,-1.0,0.30465587044534415,0.0,1200
focused_pheromone_ablation_extended_30_agents,trained_without_pheromone__eval_without_pheromone,100,20,1200,1,12,False,checkpoints/mappo_gru_no_pheromone/stage3_full_marl,0,0,0.0,0,0,0.0,0,-1,-1,-1.0,0.0354251012145749,0.0,1200
focused_pheromone_ablation_extended_30_agents,trained_with_pheromone__eval_with_pheromone,101,20,1200,1,12,True,checkpoints/mappo_gru_pheromone/stage3_full_marl,2,2,1.0,1,1,0.5,2,14,269,255.0,0.3643724696356275,0.0429987485068923,1200
focused_pheromone_ablation_extended_30_agents,trained_with_pheromone__eval_without_pheromone,101,20,1200,1,12,False,checkpoints/mappo_gru_pheromone/stage3_full_marl,2,2,1.0,1,1,0.5,2,14,278,264.0,0.36133603238866396,0.0,1200
focused_pheromone_ablation_extended_30_agents,trained_without_pheromone__eval_without_pheromone,101,20,1200,1,12,False,checkpoints/mappo_gru_no_pheromone/stage3_full_marl,0,0,0.0,0,0,0.0,0,-1,-1,-1.0,0.04251012145748988,0.0,1200
focused_pheromone_ablation_extended_30_agents,trained_with_pheromone__eval_with_pheromone,102,20,1200,1,12,True,checkpoints/mappo_gru_pheromone/stage3_full_marl,1,0,0.0,0,0,0.0,0,180,-1,-1.0,0.3815789473684211,0.1259932182292517,1200
focused_pheromone_ablation_extended_30_agents,trained_with_pheromone__eval_without_pheromone,102,20,1200,1,12,False,checkpoints/mappo_gru_pheromone/stage3_full_marl,1,0,0.0,0,0,0.0,0,180,-1,-1.0,0.3805668016194332,0.0,1200
focused_pheromone_ablation_extended_30_agents,trained_without_pheromone__eval_without_pheromone,102,20,1200,1,12,False,checkpoints/mappo_gru_no_pheromone/stage3_full_marl,0,0,0.0,0,0,0.0,0,-1,-1,-1.0,0.044534412955465584,0.0,1200
focused_pheromone_ablation_extended_30_agents,trained_with_pheromone__eval_with_pheromone,103,20,1200,1,12,True,checkpoints/mappo_gru_pheromone/stage3_full_marl,0,0,0.0,0,0,0.0,0,-1,-1,-1.0,0.3603238866396761,0.0,1200
focused_pheromone_ablation_extended_30_agents,trained_with_pheromone__eval_without_pheromone,103,20,1200,1,12,False,checkpoints/mappo_gru_pheromone/stage3_full_marl,0,0,0.0,0,0,0.0,0,-1,-1,-1.0,0.3603238866396761,0.0,1200
focused_pheromone_ablation_extended_30_agents,trained_without_pheromone__eval_without_pheromone,103,20,1200,1,12,False,checkpoints/mappo_gru_no_pheromone/stage3_full_marl,0,0,0.0,0,0,0.0,0,-1,-1,-1.0,0.03441295546558704,0.0,1200
focused_pheromone_ablation_extended_30_agents,trained_with_pheromone__eval_with_pheromone,104,20,1200,1,12,True,checkpoints/mappo_gru_pheromone/stage3_full_marl,0,0,0.0,0,0,0.0,0,-1,-1,-1.0,0.29048582995951416,0.0,1200
focused_pheromone_ablation_extended_30_agents,trained_with_pheromone__eval_without_pheromone,104,20,1200,1,12,False,checkpoints/mappo_gru_pheromone/stage3_full_marl,0,0,0.0,0,0,0.0,0,-1,-1,-1.0,0.29048582995951416,0.0,1200
focused_pheromone_ablation_extended_30_agents,trained_without_pheromone__eval_without_pheromone,104,20,1200,1,12,False,checkpoints/mappo_gru_no_pheromone/stage3_full_marl,0,0,0.0,0,0,0.0,0,-1,-1,-1.0,0.03744939271255061,0.0,1200
focused_pheromone_ablation_extended_30_agents,trained_with_pheromone__eval_with_pheromone,105,20,1200,1,12,True,checkpoints/mappo_gru_pheromone/stage3_full_marl,12,12,1.0,12,0,0.0,12,59,101,42.0,0.3714574898785425,0.0557106733238664,1200
focused_pheromone_ablation_extended_30_agents,trained_with_pheromone__eval_without_pheromone,105,20,1200,1,12,False,checkpoints/mappo_gru_pheromone/stage3_full_marl,12,12,1.0,12,0,0.0,12,59,87,28.0,0.36133603238866396,0.0,1200
focused_pheromone_ablation_extended_30_agents,trained_without_pheromone__eval_without_pheromone,105,20,1200,1,12,False,checkpoints/mappo_gru_no_pheromone/stage3_full_marl,0,0,0.0,0,0,0.0,0,-1,-1,-1.0,0.0465587044534413,0.0,1200
focused_pheromone_ablation_extended_30_agents,trained_with_pheromone__eval_with_pheromone,106,20,1200,1,12,True,checkpoints/mappo_gru_pheromone/stage3_full_marl,12,12,1.0,2,10,0.8333333333333334,12,173,283,110.0,0.44129554655870445,0.10637943890528066,1200
focused_pheromone_ablation_extended_30_agents,trained_with_pheromone__eval_without_pheromone,106,20,1200,1,12,False,checkpoints/mappo_gru_pheromone/stage3_full_marl,6,6,1.0,2,4,0.6666666666666666,6,173,279,106.0,0.4342105263157895,0.0,1200
focused_pheromone_ablation_extended_30_agents,trained_without_pheromone__eval_without_pheromone,106,20,1200,1,12,False,checkpoints/mappo_gru_no_pheromone/stage3_full_marl,0,0,0.0,0,0,0.0,0,-1,-1,-1.0,0.039473684210526314,0.0,1200
focused_pheromone_ablation_extended_30_agents,trained_with_pheromone__eval_with_pheromone,107,20,1200,1,12,True,checkpoints/mappo_gru_pheromone/stage3_full_marl,12,12,1.0,4,8,0.6666666666666666,12,124,253,129.0,0.3785425101214575,0.12165734706747026,1200
focused_pheromone_ablation_extended_30_agents,trained_with_pheromone__eval_without_pheromone,107,20,1200,1,12,False,checkpoints/mappo_gru_pheromone/stage3_full_marl,12,3,0.25,1,2,0.6666666666666666,3,124,194,70.0,0.37044534412955465,0.0,1200
focused_pheromone_ablation_extended_30_agents,trained_without_pheromone__eval_without_pheromone,107,20,1200,1,12,False,checkpoints/mappo_gru_no_pheromone/stage3_full_marl,0,0,0.0,0,0,0.0,0,-1,-1,-1.0,0.05060728744939271,0.0,1200
focused_pheromone_ablation_extended_30_agents,trained_with_pheromone__eval_with_pheromone,108,20,1200,1,12,True,checkpoints/mappo_gru_pheromone/stage3_full_marl,0,0,0.0,0,0,0.0,0,-1,-1,-1.0,0.3066801619433198,0.0,1200
focused_pheromone_ablation_extended_30_agents,trained_with_pheromone__eval_without_pheromone,108,20,1200,1,12,False,checkpoints/mappo_gru_pheromone/stage3_full_marl,0,0,0.0,0,0,0.0,0,-1,-1,-1.0,0.3066801619433198,0.0,1200
focused_pheromone_ablation_extended_30_agents,trained_without_pheromone__eval_without_pheromone,108,20,1200,1,12,False,checkpoints/mappo_gru_no_pheromone/stage3_full_marl,0,0,0.0,0,0,0.0,0,-1,-1,-1.0,0.03441295546558704,0.0,1200
focused_pheromone_ablation_extended_30_agents,trained_with_pheromone__eval_with_pheromone,109,20,1200,1,12,True,checkpoints/mappo_gru_pheromone/stage3_full_marl,0,0,0.0,0,0,0.0,0,-1,-1,-1.0,0.3147773279352227,0.0,1200
focused_pheromone_ablation_extended_30_agents,trained_with_pheromone__eval_without_pheromone,109,20,1200,1,12,False,checkpoints/mappo_gru_pheromone/stage3_full_marl,0,0,0.0,0,0,0.0,0,-1,-1,-1.0,0.3147773279352227,0.0,1200
focused_pheromone_ablation_extended_30_agents,trained_without_pheromone__eval_without_pheromone,109,20,1200,1,12,False,checkpoints/mappo_gru_no_pheromone/stage3_full_marl,0,0,0.0,0,0,0.0,0,-1,-1,-1.0,0.03340080971659919,0.0,1200
focused_pheromone_ablation_extended_30_agents,trained_with_pheromone__eval_with_pheromone,110,20,1200,1,12,True,checkpoints/mappo_gru_pheromone/stage3_full_marl,0,0,0.0,0,0,0.0,0,-1,-1,-1.0,0.28036437246963564,0.0,1200
focused_pheromone_ablation_extended_30_agents,trained_with_pheromone__eval_without_pheromone,110,20,1200,1,12,False,checkpoints/mappo_gru_pheromone/stage3_full_marl,0,0,0.0,0,0,0.0,0,-1,-1,-1.0,0.28036437246963564,0.0,1200
focused_pheromone_ablation_extended_30_agents,trained_without_pheromone__eval_without_pheromone,110,20,1200,1,12,False,checkpoints/mappo_gru_no_pheromone/stage3_full_marl,0,0,0.0,0,0,0.0,0,-1,-1,-1.0,0.03340080971659919,0.0,1200
focused_pheromone_ablation_extended_30_agents,trained_with_pheromone__eval_with_pheromone,111,20,1200,1,12,True,checkpoints/mappo_gru_pheromone/stage3_full_marl,0,0,0.0,0,0,0.0,0,-1,-1,-1.0,0.2874493927125506,0.0,1200
focused_pheromone_ablation_extended_30_agents,trained_with_pheromone__eval_without_pheromone,111,20,1200,1,12,False,checkpoints/mappo_gru_pheromone/stage3_full_marl,0,0,0.0,0,0,0.0,0,-1,-1,-1.0,0.2874493927125506,0.0,1200
focused_pheromone_ablation_extended_30_agents,trained_without_pheromone__eval_without_pheromone,111,20,1200,1,12,False,checkpoints/mappo_gru_no_pheromone/stage3_full_marl,0,0,0.0,0,0,0.0,0,-1,-1,-1.0,0.039473684210526314,0.0,1200
focused_pheromone_ablation_extended_30_agents,trained_with_pheromone__eval_with_pheromone,112,20,1200,1,12,True,checkpoints/mappo_gru_pheromone/stage3_full_marl,12,12,1.0,9,3,0.25,12,88,209,121.0,0.3825910931174089,0.09243693610816382,1200
focused_pheromone_ablation_extended_30_agents,trained_with_pheromone__eval_without_pheromone,112,20,1200,1,12,False,checkpoints/mappo_gru_pheromone/stage3_full_marl,12,4,0.3333333333333333,3,1,0.25,4,88,256,168.0,0.3714574898785425,0.0,1200
focused_pheromone_ablation_extended_30_agents,trained_without_pheromone__eval_without_pheromone,112,20,1200,1,12,False,checkpoints/mappo_gru_no_pheromone/stage3_full_marl,0,0,0.0,0,0,0.0,0,-1,-1,-1.0,0.04048582995951417,0.0,1200
focused_pheromone_ablation_extended_30_agents,trained_with_pheromone__eval_with_pheromone,113,20,1200,1,12,True,checkpoints/mappo_gru_pheromone/stage3_full_marl,0,0,0.0,0,0,0.0,0,-1,-1,-1.0,0.32186234817813764,0.0,1200
focused_pheromone_ablation_extended_30_agents,trained_with_pheromone__eval_without_pheromone,113,20,1200,1,12,False,checkpoints/mappo_gru_pheromone/stage3_full_marl,0,0,0.0,0,0,0.0,0,-1,-1,-1.0,0.32186234817813764,0.0,1200
focused_pheromone_ablation_extended_30_agents,trained_without_pheromone__eval_without_pheromone,113,20,1200,1,12,False,checkpoints/mappo_gru_no_pheromone/stage3_full_marl,0,0,0.0,0,0,0.0,0,-1,-1,-1.0,0.04554655870445344,0.0,1200
focused_pheromone_ablation_extended_30_agents,trained_with_pheromone__eval_with_pheromone,114,20,1200,1,12,True,checkpoints/mappo_gru_pheromone/stage3_full_marl,0,0,0.0,0,0,0.0,0,-1,-1,-1.0,0.3006072874493927,0.0,1200
focused_pheromone_ablation_extended_30_agents,trained_with_pheromone__eval_without_pheromone,114,20,1200,1,12,False,checkpoints/mappo_gru_pheromone/stage3_full_marl,0,0,0.0,0,0,0.0,0,-1,-1,-1.0,0.3006072874493927,0.0,1200
focused_pheromone_ablation_extended_30_agents,trained_without_pheromone__eval_without_pheromone,114,20,1200,1,12,False,checkpoints/mappo_gru_no_pheromone/stage3_full_marl,0,0,0.0,0,0,0.0,0,-1,-1,-1.0,0.0354251012145749,0.0,1200
focused_pheromone_ablation_extended_30_agents,trained_with_pheromone__eval_with_pheromone,115,20,1200,1,12,True,checkpoints/mappo_gru_pheromone/stage3_full_marl,0,0,0.0,0,0,0.0,0,-1,-1,-1.0,0.3157894736842105,0.0,1200
focused_pheromone_ablation_extended_30_agents,trained_with_pheromone__eval_without_pheromone,115,20,1200,1,12,False,checkpoints/mappo_gru_pheromone/stage3_full_marl,0,0,0.0,0,0,0.0,0,-1,-1,-1.0,0.3157894736842105,0.0,1200
focused_pheromone_ablation_extended_30_agents,trained_without_pheromone__eval_without_pheromone,115,20,1200,1,12,False,checkpoints/mappo_gru_no_pheromone/stage3_full_marl,0,0,0.0,0,0,0.0,0,-1,-1,-1.0,0.032388663967611336,0.0,1200
focused_pheromone_ablation_extended_30_agents,trained_with_pheromone__eval_with_pheromone,116,20,1200,1,12,True,checkpoints/mappo_gru_pheromone/stage3_full_marl,0,0,0.0,0,0,0.0,0,-1,-1,-1.0,0.32793522267206476,0.0,1200
focused_pheromone_ablation_extended_30_agents,trained_with_pheromone__eval_without_pheromone,116,20,1200,1,12,False,checkpoints/mappo_gru_pheromone/stage3_full_marl,0,0,0.0,0,0,0.0,0,-1,-1,-1.0,0.32793522267206476,0.0,1200
focused_pheromone_ablation_extended_30_agents,trained_without_pheromone__eval_without_pheromone,116,20,1200,1,12,False,checkpoints/mappo_gru_no_pheromone/stage3_full_marl,0,0,0.0,0,0,0.0,0,-1,-1,-1.0,0.03643724696356275,0.0,1200
focused_pheromone_ablation_extended_30_agents,trained_with_pheromone__eval_with_pheromone,117,20,1200,1,12,True,checkpoints/mappo_gru_pheromone/stage3_full_marl,0,0,0.0,0,0,0.0,0,-1,-1,-1.0,0.31781376518218624,0.0,1200
focused_pheromone_ablation_extended_30_agents,trained_with_pheromone__eval_without_pheromone,117,20,1200,1,12,False,checkpoints/mappo_gru_pheromone/stage3_full_marl,0,0,0.0,0,0,0.0,0,-1,-1,-1.0,0.31781376518218624,0.0,1200
focused_pheromone_ablation_extended_30_agents,trained_without_pheromone__eval_without_pheromone,117,20,1200,1,12,False,checkpoints/mappo_gru_no_pheromone/stage3_full_marl,0,0,0.0,0,0,0.0,0,-1,-1,-1.0,0.02834008097165992,0.0,1200
focused_pheromone_ablation_extended_30_agents,trained_with_pheromone__eval_with_pheromone,118,20,1200,1,12,True,checkpoints/mappo_gru_pheromone/stage3_full_marl,0,0,0.0,0,0,0.0,0,-1,-1,-1.0,0.24190283400809717,0.0,1200
focused_pheromone_ablation_extended_30_agents,trained_with_pheromone__eval_without_pheromone,118,20,1200,1,12,False,checkpoints/mappo_gru_pheromone/stage3_full_marl,0,0,0.0,0,0,0.0,0,-1,-1,-1.0,0.24190283400809717,0.0,1200
focused_pheromone_ablation_extended_30_agents,trained_without_pheromone__eval_without_pheromone,118,20,1200,1,12,False,checkpoints/mappo_gru_no_pheromone/stage3_full_marl,0,0,0.0,0,0,0.0,0,-1,-1,-1.0,0.03744939271255061,0.0,1200
focused_pheromone_ablation_extended_30_agents,trained_with_pheromone__eval_with_pheromone,119,20,1200,1,12,True,checkpoints/mappo_gru_pheromone/stage3_full_marl,0,0,0.0,0,0,0.0,0,-1,-1,-1.0,0.3309716599190283,0.0,1200
focused_pheromone_ablation_extended_30_agents,trained_with_pheromone__eval_without_pheromone,119,20,1200,1,12,False,checkpoints/mappo_gru_pheromone/stage3_full_marl,0,0,0.0,0,0,0.0,0,-1,-1,-1.0,0.3309716599190283,0.0,1200
focused_pheromone_ablation_extended_30_agents,trained_without_pheromone__eval_without_pheromone,119,20,1200,1,12,False,checkpoints/mappo_gru_no_pheromone/stage3_full_marl,0,0,0.0,0,0,0.0,0,-1,-1,-1.0,0.04048582995951417,0.0,1200
focused_pheromone_ablation_extended_30_agents,trained_with_pheromone__eval_with_pheromone,100,30,1200,1,12,True,checkpoints/mappo_gru_pheromone/stage3_full_marl,0,0,0.0,0,0,0.0,0,-1,-1,-1.0,0.3815789473684211,0.0,1200
focused_pheromone_ablation_extended_30_agents,trained_with_pheromone__eval_without_pheromone,100,30,1200,1,12,False,checkpoints/mappo_gru_pheromone/stage3_full_marl,0,0,0.0,0,0,0.0,0,-1,-1,-1.0,0.3815789473684211,0.0,1200
focused_pheromone_ablation_extended_30_agents,trained_without_pheromone__eval_without_pheromone,100,30,1200,1,12,False,checkpoints/mappo_gru_no_pheromone/stage3_full_marl,0,0,0.0,0,0,0.0,0,-1,-1,-1.0,0.0597165991902834,0.0,1200
focused_pheromone_ablation_extended_30_agents,trained_with_pheromone__eval_with_pheromone,101,30,1200,1,12,True,checkpoints/mappo_gru_pheromone/stage3_full_marl,2,2,1.0,0,2,1.0,2,14,420,406.0,0.4200404858299595,0.045316823519279646,1200
focused_pheromone_ablation_extended_30_agents,trained_with_pheromone__eval_without_pheromone,101,30,1200,1,12,False,checkpoints/mappo_gru_pheromone/stage3_full_marl,2,2,1.0,2,0,0.0,2,14,260,246.0,0.4068825910931174,0.0,1200
focused_pheromone_ablation_extended_30_agents,trained_without_pheromone__eval_without_pheromone,101,30,1200,1,12,False,checkpoints/mappo_gru_no_pheromone/stage3_full_marl,0,0,0.0,0,0,0.0,0,-1,-1,-1.0,0.06882591093117409,0.0,1200
focused_pheromone_ablation_extended_30_agents,trained_with_pheromone__eval_with_pheromone,102,30,1200,1,12,True,checkpoints/mappo_gru_pheromone/stage3_full_marl,2,0,0.0,0,0,0.0,0,81,-1,-1.0,0.4342105263157895,0.10398205460167809,1200
focused_pheromone_ablation_extended_30_agents,trained_with_pheromone__eval_without_pheromone,102,30,1200,1,12,False,checkpoints/mappo_gru_pheromone/stage3_full_marl,2,0,0.0,0,0,0.0,0,81,-1,-1.0,0.42105263157894735,0.0,1200
focused_pheromone_ablation_extended_30_agents,trained_without_pheromone__eval_without_pheromone,102,30,1200,1,12,False,checkpoints/mappo_gru_no_pheromone/stage3_full_marl,0,0,0.0,0,0,0.0,0,-1,-1,-1.0,0.06275303643724696,0.0,1200
focused_pheromone_ablation_extended_30_agents,trained_with_pheromone__eval_with_pheromone,103,30,1200,1,12,True,checkpoints/mappo_gru_pheromone/stage3_full_marl,0,0,0.0,0,0,0.0,0,-1,-1,-1.0,0.3876518218623482,0.0,1200
focused_pheromone_ablation_extended_30_agents,trained_with_pheromone__eval_without_pheromone,103,30,1200,1,12,False,checkpoints/mappo_gru_pheromone/stage3_full_marl,0,0,0.0,0,0,0.0,0,-1,-1,-1.0,0.3876518218623482,0.0,1200
focused_pheromone_ablation_extended_30_agents,trained_without_pheromone__eval_without_pheromone,103,30,1200,1,12,False,checkpoints/mappo_gru_no_pheromone/stage3_full_marl,0,0,0.0,0,0,0.0,0,-1,-1,-1.0,0.05263157894736842,0.0,1200
focused_pheromone_ablation_extended_30_agents,trained_with_pheromone__eval_with_pheromone,104,30,1200,1,12,True,checkpoints/mappo_gru_pheromone/stage3_full_marl,0,0,0.0,0,0,0.0,0,-1,-1,-1.0,0.3431174089068826,0.0,1200
focused_pheromone_ablation_extended_30_agents,trained_with_pheromone__eval_without_pheromone,104,30,1200,1,12,False,checkpoints/mappo_gru_pheromone/stage3_full_marl,0,0,0.0,0,0,0.0,0,-1,-1,-1.0,0.3431174089068826,0.0,1200
focused_pheromone_ablation_extended_30_agents,trained_without_pheromone__eval_without_pheromone,104,30,1200,1,12,False,checkpoints/mappo_gru_no_pheromone/stage3_full_marl,0,0,0.0,0,0,0.0,0,-1,-1,-1.0,0.06072874493927125,0.0,1200
focused_pheromone_ablation_extended_30_agents,trained_with_pheromone__eval_with_pheromone,105,30,1200,1,12,True,checkpoints/mappo_gru_pheromone/stage3_full_marl,13,13,1.0,13,0,0.0,13,60,111,51.0,0.46558704453441296,0.02234705097217617,1200
focused_pheromone_ablation_extended_30_agents,trained_with_pheromone__eval_without_pheromone,105,30,1200,1,12,False,checkpoints/mappo_gru_pheromone/stage3_full_marl,12,12,1.0,12,0,0.0,12,60,97,37.0,0.45445344129554655,0.0,1200
focused_pheromone_ablation_extended_30_agents,trained_without_pheromone__eval_without_pheromone,105,30,1200,1,12,False,checkpoints/mappo_gru_no_pheromone/stage3_full_marl,0,0,0.0,0,0,0.0,0,-1,-1,-1.0,0.06578947368421052,0.0,1200
focused_pheromone_ablation_extended_30_agents,trained_with_pheromone__eval_with_pheromone,106,30,1200,1,12,True,checkpoints/mappo_gru_pheromone/stage3_full_marl,12,12,1.0,10,2,0.16666666666666666,12,173,271,98.0,0.47368421052631576,0.07750509925766286,1200
focused_pheromone_ablation_extended_30_agents,trained_with_pheromone__eval_without_pheromone,106,30,1200,1,12,False,checkpoints/mappo_gru_pheromone/stage3_full_marl,12,12,1.0,3,9,0.75,12,173,277,104.0,0.46963562753036436,0.0,1200
focused_pheromone_ablation_extended_30_agents,trained_without_pheromone__eval_without_pheromone,106,30,1200,1,12,False,checkpoints/mappo_gru_no_pheromone/stage3_full_marl,0,0,0.0,0,0,0.0,0,-1,-1,-1.0,0.05465587044534413,0.0,1200
focused_pheromone_ablation_extended_30_agents,trained_with_pheromone__eval_with_pheromone,107,30,1200,1,12,True,checkpoints/mappo_gru_pheromone/stage3_full_marl,23,20,0.8695652173913043,6,14,0.7,20,98,329,231.0,0.4392712550607287,0.07821715667242259,1200
focused_pheromone_ablation_extended_30_agents,trained_with_pheromone__eval_without_pheromone,107,30,1200,1,12,False,checkpoints/mappo_gru_pheromone/stage3_full_marl,24,11,0.4583333333333333,4,7,0.6363636363636364,11,98,273,175.0,0.42813765182186236,0.0,1200
focused_pheromone_ablation_extended_30_agents,trained_without_pheromone__eval_without_pheromone,107,30,1200,1,12,False,checkpoints/mappo_gru_no_pheromone/stage3_full_marl,0,0,0.0,0,0,0.0,0,-1,-1,-1.0,0.0708502024291498,0.0,1200
focused_pheromone_ablation_extended_30_agents,trained_with_pheromone__eval_with_pheromone,108,30,1200,1,12,True,checkpoints/mappo_gru_pheromone/stage3_full_marl,0,0,0.0,0,0,0.0,0,-1,-1,-1.0,0.3876518218623482,0.0,1200
focused_pheromone_ablation_extended_30_agents,trained_with_pheromone__eval_without_pheromone,108,30,1200,1,12,False,checkpoints/mappo_gru_pheromone/stage3_full_marl,0,0,0.0,0,0,0.0,0,-1,-1,-1.0,0.3876518218623482,0.0,1200
focused_pheromone_ablation_extended_30_agents,trained_without_pheromone__eval_without_pheromone,108,30,1200,1,12,False,checkpoints/mappo_gru_no_pheromone/stage3_full_marl,0,0,0.0,0,0,0.0,0,-1,-1,-1.0,0.04959514170040486,0.0,1200
focused_pheromone_ablation_extended_30_agents,trained_with_pheromone__eval_with_pheromone,109,30,1200,1,12,True,checkpoints/mappo_gru_pheromone/stage3_full_marl,1,1,1.0,1,0,0.0,1,30,269,239.0,0.40789473684210525,0.04821224762890617,1200
focused_pheromone_ablation_extended_30_agents,trained_with_pheromone__eval_without_pheromone,109,30,1200,1,12,False,checkpoints/mappo_gru_pheromone/stage3_full_marl,1,1,1.0,1,0,0.0,1,30,202,172.0,0.4018218623481781,0.0,1200
focused_pheromone_ablation_extended_30_agents,trained_without_pheromone__eval_without_pheromone,109,30,1200,1,12,False,checkpoints/mappo_gru_no_pheromone/stage3_full_marl,0,0,0.0,0,0,0.0,0,-1,-1,-1.0,0.05161943319838057,0.0,1200
focused_pheromone_ablation_extended_30_agents,trained_with_pheromone__eval_with_pheromone,110,30,1200,1,12,True,checkpoints/mappo_gru_pheromone/stage3_full_marl,0,0,0.0,0,0,0.0,0,-1,-1,-1.0,0.32793522267206476,0.0,1200
focused_pheromone_ablation_extended_30_agents,trained_with_pheromone__eval_without_pheromone,110,30,1200,1,12,False,checkpoints/mappo_gru_pheromone/stage3_full_marl,0,0,0.0,0,0,0.0,0,-1,-1,-1.0,0.32793522267206476,0.0,1200
focused_pheromone_ablation_extended_30_agents,trained_without_pheromone__eval_without_pheromone,110,30,1200,1,12,False,checkpoints/mappo_gru_no_pheromone/stage3_full_marl,0,0,0.0,0,0,0.0,0,-1,-1,-1.0,0.05060728744939271,0.0,1200
focused_pheromone_ablation_extended_30_agents,trained_with_pheromone__eval_with_pheromone,111,30,1200,1,12,True,checkpoints/mappo_gru_pheromone/stage3_full_marl,0,0,0.0,0,0,0.0,0,-1,-1,-1.0,0.33805668016194335,0.0,1200
focused_pheromone_ablation_extended_30_agents,trained_with_pheromone__eval_without_pheromone,111,30,1200,1,12,False,checkpoints/mappo_gru_pheromone/stage3_full_marl,0,0,0.0,0,0,0.0,0,-1,-1,-1.0,0.33805668016194335,0.0,1200
focused_pheromone_ablation_extended_30_agents,trained_without_pheromone__eval_without_pheromone,111,30,1200,1,12,False,checkpoints/mappo_gru_no_pheromone/stage3_full_marl,0,0,0.0,0,0,0.0,0,-1,-1,-1.0,0.05465587044534413,0.0,1200
focused_pheromone_ablation_extended_30_agents,trained_with_pheromone__eval_with_pheromone,112,30,1200,1,12,True,checkpoints/mappo_gru_pheromone/stage3_full_marl,12,12,1.0,6,6,0.5,12,63,145,82.0,0.4018218623481781,0.09760021658417019,1200
focused_pheromone_ablation_extended_30_agents,trained_with_pheromone__eval_without_pheromone,112,30,1200,1,12,False,checkpoints/mappo_gru_pheromone/stage3_full_marl,12,4,0.3333333333333333,1,3,0.75,4,63,235,172.0,0.3896761133603239,0.0,1200
focused_pheromone_ablation_extended_30_agents,trained_without_pheromone__eval_without_pheromone,112,30,1200,1,12,False,checkpoints/mappo_gru_no_pheromone/stage3_full_marl,0,0,0.0,0,0,0.0,0,-1,-1,-1.0,0.06477732793522267,0.0,1200
focused_pheromone_ablation_extended_30_agents,trained_with_pheromone__eval_with_pheromone,113,30,1200,1,12,True,checkpoints/mappo_gru_pheromone/stage3_full_marl,0,0,0.0,0,0,0.0,0,-1,-1,-1.0,0.3562753036437247,0.0,1200
focused_pheromone_ablation_extended_30_agents,trained_with_pheromone__eval_without_pheromone,113,30,1200,1,12,False,checkpoints/mappo_gru_pheromone/stage3_full_marl,0,0,0.0,0,0,0.0,0,-1,-1,-1.0,0.3562753036437247,0.0,1200
focused_pheromone_ablation_extended_30_agents,trained_without_pheromone__eval_without_pheromone,113,30,1200,1,12,False,checkpoints/mappo_gru_no_pheromone/stage3_full_marl,0,0,0.0,0,0,0.0,0,-1,-1,-1.0,0.06174089068825911,0.0,1200
focused_pheromone_ablation_extended_30_agents,trained_with_pheromone__eval_with_pheromone,114,30,1200,1,12,True,checkpoints/mappo_gru_pheromone/stage3_full_marl,0,0,0.0,0,0,0.0,0,-1,-1,-1.0,0.3633603238866397,0.0,1200
focused_pheromone_ablation_extended_30_agents,trained_with_pheromone__eval_without_pheromone,114,30,1200,1,12,False,checkpoints/mappo_gru_pheromone/stage3_full_marl,0,0,0.0,0,0,0.0,0,-1,-1,-1.0,0.3633603238866397,0.0,1200
focused_pheromone_ablation_extended_30_agents,trained_without_pheromone__eval_without_pheromone,114,30,1200,1,12,False,checkpoints/mappo_gru_no_pheromone/stage3_full_marl,0,0,0.0,0,0,0.0,0,-1,-1,-1.0,0.058704453441295545,0.0,1200
focused_pheromone_ablation_extended_30_agents,trained_with_pheromone__eval_with_pheromone,115,30,1200,1,12,True,checkpoints/mappo_gru_pheromone/stage3_full_marl,0,0,0.0,0,0,0.0,0,-1,-1,-1.0,0.3582995951417004,0.0,1200
focused_pheromone_ablation_extended_30_agents,trained_with_pheromone__eval_without_pheromone,115,30,1200,1,12,False,checkpoints/mappo_gru_pheromone/stage3_full_marl,0,0,0.0,0,0,0.0,0,-1,-1,-1.0,0.3582995951417004,0.0,1200
focused_pheromone_ablation_extended_30_agents,trained_without_pheromone__eval_without_pheromone,115,30,1200,1,12,False,checkpoints/mappo_gru_no_pheromone/stage3_full_marl,0,0,0.0,0,0,0.0,0,-1,-1,-1.0,0.043522267206477734,0.0,1200
focused_pheromone_ablation_extended_30_agents,trained_with_pheromone__eval_with_pheromone,116,30,1200,1,12,True,checkpoints/mappo_gru_pheromone/stage3_full_marl,0,0,0.0,0,0,0.0,0,-1,-1,-1.0,0.4008097165991903,0.0,1200
focused_pheromone_ablation_extended_30_agents,trained_with_pheromone__eval_without_pheromone,116,30,1200,1,12,False,checkpoints/mappo_gru_pheromone/stage3_full_marl,0,0,0.0,0,0,0.0,0,-1,-1,-1.0,0.4008097165991903,0.0,1200
focused_pheromone_ablation_extended_30_agents,trained_without_pheromone__eval_without_pheromone,116,30,1200,1,12,False,checkpoints/mappo_gru_no_pheromone/stage3_full_marl,0,0,0.0,0,0,0.0,0,-1,-1,-1.0,0.058704453441295545,0.0,1200
focused_pheromone_ablation_extended_30_agents,trained_with_pheromone__eval_with_pheromone,117,30,1200,1,12,True,checkpoints/mappo_gru_pheromone/stage3_full_marl,0,0,0.0,0,0,0.0,0,-1,-1,-1.0,0.39878542510121456,0.0,1200
focused_pheromone_ablation_extended_30_agents,trained_with_pheromone__eval_without_pheromone,117,30,1200,1,12,False,checkpoints/mappo_gru_pheromone/stage3_full_marl,0,0,0.0,0,0,0.0,0,-1,-1,-1.0,0.39878542510121456,0.0,1200
focused_pheromone_ablation_extended_30_agents,trained_without_pheromone__eval_without_pheromone,117,30,1200,1,12,False,checkpoints/mappo_gru_no_pheromone/stage3_full_marl,0,0,0.0,0,0,0.0,0,-1,-1,-1.0,0.04554655870445344,0.0,1200
focused_pheromone_ablation_extended_30_agents,trained_with_pheromone__eval_with_pheromone,118,30,1200,1,12,True,checkpoints/mappo_gru_pheromone/stage3_full_marl,0,0,0.0,0,0,0.0,0,-1,-1,-1.0,0.3066801619433198,0.0,1200
focused_pheromone_ablation_extended_30_agents,trained_with_pheromone__eval_without_pheromone,118,30,1200,1,12,False,checkpoints/mappo_gru_pheromone/stage3_full_marl,0,0,0.0,0,0,0.0,0,-1,-1,-1.0,0.3066801619433198,0.0,1200
focused_pheromone_ablation_extended_30_agents,trained_without_pheromone__eval_without_pheromone,118,30,1200,1,12,False,checkpoints/mappo_gru_no_pheromone/stage3_full_marl,0,0,0.0,0,0,0.0,0,-1,-1,-1.0,0.05668016194331984,0.0,1200
focused_pheromone_ablation_extended_30_agents,trained_with_pheromone__eval_with_pheromone,119,30,1200,1,12,True,checkpoints/mappo_gru_pheromone/stage3_full_marl,0,0,0.0,0,0,0.0,0,-1,-1,-1.0,0.37449392712550605,0.0,1200
focused_pheromone_ablation_extended_30_agents,trained_with_pheromone__eval_without_pheromone,119,30,1200,1,12,False,checkpoints/mappo_gru_pheromone/stage3_full_marl,0,0,0.0,0,0,0.0,0,-1,-1,-1.0,0.37449392712550605,0.0,1200
focused_pheromone_ablation_extended_30_agents,trained_without_pheromone__eval_without_pheromone,119,30,1200,1,12,False,checkpoints/mappo_gru_no_pheromone/stage3_full_marl,0,0,0.0,0,0,0.0,0,-1,-1,-1.0,0.057692307692307696,0.0,1200
focused_pheromone_ablation_extended_30_agents,trained_with_pheromone__eval_with_pheromone,120,30,1200,1,12,True,checkpoints/mappo_gru_pheromone/stage3_full_marl,1,1,1.0,0,1,1.0,1,44,623,579.0,0.2935222672064777,0.06759995541607107,1200
focused_pheromone_ablation_extended_30_agents,trained_with_pheromone__eval_without_pheromone,120,30,1200,1,12,False,checkpoints/mappo_gru_pheromone/stage3_full_marl,1,1,1.0,1,0,0.0,1,44,261,217.0,0.28441295546558704,0.0,1200
focused_pheromone_ablation_extended_30_agents,trained_without_pheromone__eval_without_pheromone,120,30,1200,1,12,False,checkpoints/mappo_gru_no_pheromone/stage3_full_marl,0,0,0.0,0,0,0.0,0,-1,-1,-1.0,0.05060728744939271,0.0,1200
focused_pheromone_ablation_extended_30_agents,trained_with_pheromone__eval_with_pheromone,121,30,1200,1,12,True,checkpoints/mappo_gru_pheromone/stage3_full_marl,0,0,0.0,0,0,0.0,0,-1,-1,-1.0,0.43724696356275305,0.0,1200
focused_pheromone_ablation_extended_30_agents,trained_with_pheromone__eval_without_pheromone,121,30,1200,1,12,False,checkpoints/mappo_gru_pheromone/stage3_full_marl,0,0,0.0,0,0,0.0,0,-1,-1,-1.0,0.43724696356275305,0.0,1200
focused_pheromone_ablation_extended_30_agents,trained_without_pheromone__eval_without_pheromone,121,30,1200,1,12,False,checkpoints/mappo_gru_no_pheromone/stage3_full_marl,0,0,0.0,0,0,0.0,0,-1,-1,-1.0,0.058704453441295545,0.0,1200
focused_pheromone_ablation_extended_30_agents,trained_with_pheromone__eval_with_pheromone,122,30,1200,1,12,True,checkpoints/mappo_gru_pheromone/stage3_full_marl,0,0,0.0,0,0,0.0,0,-1,-1,-1.0,0.33299595141700405,0.0,1200
focused_pheromone_ablation_extended_30_agents,trained_with_pheromone__eval_without_pheromone,122,30,1200,1,12,False,checkpoints/mappo_gru_pheromone/stage3_full_marl,0,0,0.0,0,0,0.0,0,-1,-1,-1.0,0.33299595141700405,0.0,1200
focused_pheromone_ablation_extended_30_agents,trained_without_pheromone__eval_without_pheromone,122,30,1200,1,12,False,checkpoints/mappo_gru_no_pheromone/stage3_full_marl,0,0,0.0,0,0,0.0,0,-1,-1,-1.0,0.0597165991902834,0.0,1200
focused_pheromone_ablation_extended_30_agents,trained_with_pheromone__eval_with_pheromone,123,30,1200,1,12,True,checkpoints/mappo_gru_pheromone/stage3_full_marl,1,1,1.0,1,0,0.0,1,26,120,94.0,0.3825910931174089,0.005849057837298865,1200
focused_pheromone_ablation_extended_30_agents,trained_with_pheromone__eval_without_pheromone,123,30,1200,1,12,False,checkpoints/mappo_gru_pheromone/stage3_full_marl,1,1,1.0,1,0,0.0,1,26,120,94.0,0.3825910931174089,0.0,1200
focused_pheromone_ablation_extended_30_agents,trained_without_pheromone__eval_without_pheromone,123,30,1200,1,12,False,checkpoints/mappo_gru_no_pheromone/stage3_full_marl,0,0,0.0,0,0,0.0,0,-1,-1,-1.0,0.06376518218623482,0.0,1200
focused_pheromone_ablation_extended_30_agents,trained_with_pheromone__eval_with_pheromone,124,30,1200,1,12,True,checkpoints/mappo_gru_pheromone/stage3_full_marl,24,24,1.0,7,17,0.7083333333333334,24,79,110,31.0,0.4058704453441296,0.09647335529099008,1200
focused_pheromone_ablation_extended_30_agents,trained_with_pheromone__eval_without_pheromone,124,30,1200,1,12,False,checkpoints/mappo_gru_pheromone/stage3_full_marl,24,23,0.9583333333333334,5,18,0.782608695652174,23,79,110,31.0,0.39979757085020245,0.0,1200
focused_pheromone_ablation_extended_30_agents,trained_without_pheromone__eval_without_pheromone,124,30,1200,1,12,False,checkpoints/mappo_gru_no_pheromone/stage3_full_marl,0,0,0.0,0,0,0.0,0,-1,-1,-1.0,0.06275303643724696,0.0,1200
focused_pheromone_ablation_extended_30_agents,trained_with_pheromone__eval_with_pheromone,125,30,1200,1,12,True,checkpoints/mappo_gru_pheromone/stage3_full_marl,12,12,1.0,12,0,0.0,12,136,155,19.0,0.37449392712550605,0.06350138557373995,1200
focused_pheromone_ablation_extended_30_agents,trained_with_pheromone__eval_without_pheromone,125,30,1200,1,12,False,checkpoints/mappo_gru_pheromone/stage3_full_marl,12,11,0.9166666666666666,11,0,0.0,11,136,153,17.0,0.37449392712550605,0.0,1200
focused_pheromone_ablation_extended_30_agents,trained_without_pheromone__eval_without_pheromone,125,30,1200,1,12,False,checkpoints/mappo_gru_no_pheromone/stage3_full_marl,0,0,0.0,0,0,0.0,0,-1,-1,-1.0,0.04554655870445344,0.0,1200
focused_pheromone_ablation_extended_30_agents,trained_with_pheromone__eval_with_pheromone,126,30,1200,1,12,True,checkpoints/mappo_gru_pheromone/stage3_full_marl,6,6,1.0,5,1,0.16666666666666666,6,19,160,141.0,0.4676113360323887,0.04991769720049181,1200
focused_pheromone_ablation_extended_30_agents,trained_with_pheromone__eval_without_pheromone,126,30,1200,1,12,False,checkpoints/mappo_gru_pheromone/stage3_full_marl,5,5,1.0,5,0,0.0,5,19,102,83.0,0.4240890688259109,0.0,1200
focused_pheromone_ablation_extended_30_agents,trained_without_pheromone__eval_without_pheromone,126,30,1200,1,12,False,checkpoints/mappo_gru_no_pheromone/stage3_full_marl,0,0,0.0,0,0,0.0,0,-1,-1,-1.0,0.06174089068825911,0.0,1200
focused_pheromone_ablation_extended_30_agents,trained_with_pheromone__eval_with_pheromone,127,30,1200,1,12,True,checkpoints/mappo_gru_pheromone/stage3_full_marl,1,1,1.0,1,0,0.0,1,10,40,30.0,0.41295546558704455,0.0002268092794919438,1200
focused_pheromone_ablation_extended_30_agents,trained_with_pheromone__eval_without_pheromone,127,30,1200,1,12,False,checkpoints/mappo_gru_pheromone/stage3_full_marl,1,1,1.0,1,0,0.0,1,10,40,30.0,0.41295546558704455,0.0,1200
focused_pheromone_ablation_extended_30_agents,trained_without_pheromone__eval_without_pheromone,127,30,1200,1,12,False,checkpoints/mappo_gru_no_pheromone/stage3_full_marl,0,0,0.0,0,0,0.0,0,-1,-1,-1.0,0.06983805668016195,0.0,1200
focused_pheromone_ablation_extended_30_agents,trained_with_pheromone__eval_with_pheromone,128,30,1200,1,12,True,checkpoints/mappo_gru_pheromone/stage3_full_marl,0,0,0.0,0,0,0.0,0,-1,-1,-1.0,0.3734817813765182,0.0,1200
focused_pheromone_ablation_extended_30_agents,trained_with_pheromone__eval_without_pheromone,128,30,1200,1,12,False,checkpoints/mappo_gru_pheromone/stage3_full_marl,0,0,0.0,0,0,0.0,0,-1,-1,-1.0,0.3734817813765182,0.0,1200
focused_pheromone_ablation_extended_30_agents,trained_without_pheromone__eval_without_pheromone,128,30,1200,1,12,False,checkpoints/mappo_gru_no_pheromone/stage3_full_marl,0,0,0.0,0,0,0.0,0,-1,-1,-1.0,0.05060728744939271,0.0,1200
focused_pheromone_ablation_extended_30_agents,trained_with_pheromone__eval_with_pheromone,129,30,1200,1,12,True,checkpoints/mappo_gru_pheromone/stage3_full_marl,7,5,0.7142857142857143,0,5,1.0,5,2,422,420.0,0.42206477732793524,0.054099971677445055,1200
focused_pheromone_ablation_extended_30_agents,trained_with_pheromone__eval_without_pheromone,129,30,1200,1,12,False,checkpoints/mappo_gru_pheromone/stage3_full_marl,7,4,0.5714285714285714,1,3,0.75,4,2,379,377.0,0.41194331983805665,0.0,1200
focused_pheromone_ablation_extended_30_agents,trained_without_pheromone__eval_without_pheromone,129,30,1200,1,12,False,checkpoints/mappo_gru_no_pheromone/stage3_full_marl,1,0,0.0,0,0,0.0,0,2,-1,-1.0,0.057692307692307696,0.0,1200
focused_pheromone_ablation_extended_30_agents,trained_with_pheromone__eval_with_pheromone,130,30,1200,1,12,True,checkpoints/mappo_gru_pheromone/stage3_full_marl,1,1,1.0,0,1,1.0,1,76,972,896.0,0.3481781376518219,0.05751412476752497,1200
focused_pheromone_ablation_extended_30_agents,trained_with_pheromone__eval_without_pheromone,130,30,1200,1,12,False,checkpoints/mappo_gru_pheromone/stage3_full_marl,1,1,1.0,1,0,0.0,1,76,328,252.0,0.3431174089068826,0.0,1200
focused_pheromone_ablation_extended_30_agents,trained_without_pheromone__eval_without_pheromone,130,30,1200,1,12,False,checkpoints/mappo_gru_no_pheromone/stage3_full_marl,0,0,0.0,0,0,0.0,0,-1,-1,-1.0,0.06275303643724696,0.0,1200
focused_pheromone_ablation_extended_30_agents,trained_with_pheromone__eval_with_pheromone,131,30,1200,1,12,True,checkpoints/mappo_gru_pheromone/stage3_full_marl,2,2,1.0,2,0,0.0,2,62,254,192.0,0.3967611336032389,0.058627614176736745,1200
focused_pheromone_ablation_extended_30_agents,trained_with_pheromone__eval_without_pheromone,131,30,1200,1,12,False,checkpoints/mappo_gru_pheromone/stage3_full_marl,3,3,1.0,3,0,0.0,3,62,211,149.0,0.395748987854251,0.0,1200
focused_pheromone_ablation_extended_30_agents,trained_without_pheromone__eval_without_pheromone,131,30,1200,1,12,False,checkpoints/mappo_gru_no_pheromone/stage3_full_marl,0,0,0.0,0,0,0.0,0,-1,-1,-1.0,0.0597165991902834,0.0,1200
focused_pheromone_ablation_extended_30_agents,trained_with_pheromone__eval_with_pheromone,132,30,1200,1,12,True,checkpoints/mappo_gru_pheromone/stage3_full_marl,0,0,0.0,0,0,0.0,0,-1,-1,-1.0,0.43218623481781376,0.0,1200
focused_pheromone_ablation_extended_30_agents,trained_with_pheromone__eval_without_pheromone,132,30,1200,1,12,False,checkpoints/mappo_gru_pheromone/stage3_full_marl,0,0,0.0,0,0,0.0,0,-1,-1,-1.0,0.43218623481781376,0.0,1200
focused_pheromone_ablation_extended_30_agents,trained_without_pheromone__eval_without_pheromone,132,30,1200,1,12,False,checkpoints/mappo_gru_no_pheromone/stage3_full_marl,0,0,0.0,0,0,0.0,0,-1,-1,-1.0,0.053643724696356275,0.0,1200
focused_pheromone_ablation_extended_30_agents,trained_with_pheromone__eval_with_pheromone,133,30,1200,1,12,True,checkpoints/mappo_gru_pheromone/stage3_full_marl,4,4,1.0,1,3,0.75,4,30,338,308.0,0.40384615384615385,0.05670055510611242,1200
focused_pheromone_ablation_extended_30_agents,trained_with_pheromone__eval_without_pheromone,133,30,1200,1,12,False,checkpoints/mappo_gru_pheromone/stage3_full_marl,4,2,0.5,1,1,0.5,2,30,233,203.0,0.3765182186234818,0.0,1200
focused_pheromone_ablation_extended_30_agents,trained_without_pheromone__eval_without_pheromone,133,30,1200,1,12,False,checkpoints/mappo_gru_no_pheromone/stage3_full_marl,0,0,0.0,0,0,0.0,0,-1,-1,-1.0,0.05161943319838057,0.0,1200
focused_pheromone_ablation_extended_30_agents,trained_with_pheromone__eval_with_pheromone,134,30,1200,1,12,True,checkpoints/mappo_gru_pheromone/stage3_full_marl,2,2,1.0,2,0,0.0,2,15,109,94.0,0.4271255060728745,0.004876519394048956,1200
focused_pheromone_ablation_extended_30_agents,trained_with_pheromone__eval_without_pheromone,134,30,1200,1,12,False,checkpoints/mappo_gru_pheromone/stage3_full_marl,2,2,1.0,2,0,0.0,2,15,115,100.0,0.42611336032388664,0.0,1200
focused_pheromone_ablation_extended_30_agents,trained_without_pheromone__eval_without_pheromone,134,30,1200,1,12,False,checkpoints/mappo_gru_no_pheromone/stage3_full_marl,0,0,0.0,0,0,0.0,0,-1,-1,-1.0,0.05161943319838057,0.0,1200
focused_pheromone_ablation_extended_30_agents,trained_with_pheromone__eval_with_pheromone,135,30,1200,1,12,True,checkpoints/mappo_gru_pheromone/stage3_full_marl,0,0,0.0,0,0,0.0,0,-1,-1,-1.0,0.3431174089068826,0.0,1200
focused_pheromone_ablation_extended_30_agents,trained_with_pheromone__eval_without_pheromone,135,30,1200,1,12,False,checkpoints/mappo_gru_pheromone/stage3_full_marl,0,0,0.0,0,0,0.0,0,-1,-1,-1.0,0.3431174089068826,0.0,1200
focused_pheromone_ablation_extended_30_agents,trained_without_pheromone__eval_without_pheromone,135,30,1200,1,12,False,checkpoints/mappo_gru_no_pheromone/stage3_full_marl,0,0,0.0,0,0,0.0,0,-1,-1,-1.0,0.053643724696356275,0.0,1200
focused_pheromone_ablation_extended_30_agents,trained_with_pheromone__eval_with_pheromone,136,30,1200,1,12,True,checkpoints/mappo_gru_pheromone/stage3_full_marl,1,1,1.0,1,0,0.0,1,20,172,152.0,0.4230769230769231,0.015537230542395263,1200
focused_pheromone_ablation_extended_30_agents,trained_with_pheromone__eval_without_pheromone,136,30,1200,1,12,False,checkpoints/mappo_gru_pheromone/stage3_full_marl,1,1,1.0,1,0,0.0,1,20,139,119.0,0.4251012145748988,0.0,1200
focused_pheromone_ablation_extended_30_agents,trained_without_pheromone__eval_without_pheromone,136,30,1200,1,12,False,checkpoints/mappo_gru_no_pheromone/stage3_full_marl,0,0,0.0,0,0,0.0,0,-1,-1,-1.0,0.05566801619433198,0.0,1200
focused_pheromone_ablation_extended_30_agents,trained_with_pheromone__eval_with_pheromone,137,30,1200,1,12,True,checkpoints/mappo_gru_pheromone/stage3_full_marl,0,0,0.0,0,0,0.0,0,-1,-1,-1.0,0.39473684210526316,0.0,1200
focused_pheromone_ablation_extended_30_agents,trained_with_pheromone__eval_without_pheromone,137,30,1200,1,12,False,checkpoints/mappo_gru_pheromone/stage3_full_marl,0,0,0.0,0,0,0.0,0,-1,-1,-1.0,0.39473684210526316,0.0,1200
focused_pheromone_ablation_extended_30_agents,trained_without_pheromone__eval_without_pheromone,137,30,1200,1,12,False,checkpoints/mappo_gru_no_pheromone/stage3_full_marl,0,0,0.0,0,0,0.0,0,-1,-1,-1.0,0.06477732793522267,0.0,1200
focused_pheromone_ablation_extended_30_agents,trained_with_pheromone__eval_with_pheromone,138,30,1200,1,12,True,checkpoints/mappo_gru_pheromone/stage3_full_marl,1,1,1.0,1,0,0.0,1,12,125,113.0,0.34210526315789475,0.006668763251739114,1200
focused_pheromone_ablation_extended_30_agents,trained_with_pheromone__eval_without_pheromone,138,30,1200,1,12,False,checkpoints/mappo_gru_pheromone/stage3_full_marl,1,1,1.0,1,0,0.0,1,12,124,112.0,0.33299595141700405,0.0,1200
focused_pheromone_ablation_extended_30_agents,trained_without_pheromone__eval_without_pheromone,138,30,1200,1,12,False,checkpoints/mappo_gru_no_pheromone/stage3_full_marl,0,0,0.0,0,0,0.0,0,-1,-1,-1.0,0.06275303643724696,0.0,1200
focused_pheromone_ablation_extended_30_agents,trained_with_pheromone__eval_with_pheromone,139,30,1200,1,12,True,checkpoints/mappo_gru_pheromone/stage3_full_marl,1,1,1.0,1,0,0.0,1,80,285,205.0,0.409919028340081,0.01986230494560894,1200
focused_pheromone_ablation_extended_30_agents,trained_with_pheromone__eval_without_pheromone,139,30,1200,1,12,False,checkpoints/mappo_gru_pheromone/stage3_full_marl,1,1,1.0,1,0,0.0,1,80,374,294.0,0.40384615384615385,0.0,1200
focused_pheromone_ablation_extended_30_agents,trained_without_pheromone__eval_without_pheromone,139,30,1200,1,12,False,checkpoints/mappo_gru_no_pheromone/stage3_full_marl,0,0,0.0,0,0,0.0,0,-1,-1,-1.0,0.05060728744939271,0.0,1200
focused_pheromone_ablation_extended_30_agents,trained_with_pheromone__eval_with_pheromone,140,30,1200,1,12,True,checkpoints/mappo_gru_pheromone/stage3_full_marl,1,0,0.0,0,0,0.0,0,10,-1,-1.0,0.41295546558704455,0.01996746135865235,1200
focused_pheromone_ablation_extended_30_agents,trained_with_pheromone__eval_without_pheromone,140,30,1200,1,12,False,checkpoints/mappo_gru_pheromone/stage3_full_marl,1,0,0.0,0,0,0.0,0,10,-1,-1.0,0.4109311740890688,0.0,1200
focused_pheromone_ablation_extended_30_agents,trained_without_pheromone__eval_without_pheromone,140,30,1200,1,12,False,checkpoints/mappo_gru_no_pheromone/stage3_full_marl,0,0,0.0,0,0,0.0,0,-1,-1,-1.0,0.0597165991902834,0.0,1200
focused_pheromone_ablation_extended_30_agents,trained_with_pheromone__eval_with_pheromone,141,30,1200,1,12,True,checkpoints/mappo_gru_pheromone/stage3_full_marl,0,0,0.0,0,0,0.0,0,-1,-1,-1.0,0.4048582995951417,0.0,1200
focused_pheromone_ablation_extended_30_agents,trained_with_pheromone__eval_without_pheromone,141,30,1200,1,12,False,checkpoints/mappo_gru_pheromone/stage3_full_marl,0,0,0.0,0,0,0.0,0,-1,-1,-1.0,0.4048582995951417,0.0,1200
focused_pheromone_ablation_extended_30_agents,trained_without_pheromone__eval_without_pheromone,141,30,1200,1,12,False,checkpoints/mappo_gru_no_pheromone/stage3_full_marl,1,0,0.0,0,0,0.0,0,2,-1,-1.0,0.06781376518218624,0.0,1200
focused_pheromone_ablation_extended_30_agents,trained_with_pheromone__eval_with_pheromone,142,30,1200,1,12,True,checkpoints/mappo_gru_pheromone/stage3_full_marl,1,1,1.0,1,0,0.0,1,152,305,153.0,0.3582995951417004,0.000608417942272758,1200
focused_pheromone_ablation_extended_30_agents,trained_with_pheromone__eval_without_pheromone,142,30,1200,1,12,False,checkpoints/mappo_gru_pheromone/stage3_full_marl,1,1,1.0,1,0,0.0,1,152,388,236.0,0.3582995951417004,0.0,1200
focused_pheromone_ablation_extended_30_agents,trained_without_pheromone__eval_without_pheromone,142,30,1200,1,12,False,checkpoints/mappo_gru_no_pheromone/stage3_full_marl,0,0,0.0,0,0,0.0,0,-1,-1,-1.0,0.06376518218623482,0.0,1200
focused_pheromone_ablation_extended_30_agents,trained_with_pheromone__eval_with_pheromone,143,30,1200,1,12,True,checkpoints/mappo_gru_pheromone/stage3_full_marl,5,5,1.0,5,0,0.0,5,23,226,203.0,0.33299595141700405,0.06109471925860676,1200
focused_pheromone_ablation_extended_30_agents,trained_with_pheromone__eval_without_pheromone,143,30,1200,1,12,False,checkpoints/mappo_gru_pheromone/stage3_full_marl,5,4,0.8,4,0,0.0,4,23,151,128.0,0.33299595141700405,0.0,1200
focused_pheromone_ablation_extended_30_agents,trained_without_pheromone__eval_without_pheromone,143,30,1200,1,12,False,checkpoints/mappo_gru_no_pheromone/stage3_full_marl,0,0,0.0,0,0,0.0,0,-1,-1,-1.0,0.06275303643724696,0.0,1200
focused_pheromone_ablation_extended_30_agents,trained_with_pheromone__eval_with_pheromone,144,30,1200,1,12,True,checkpoints/mappo_gru_pheromone/stage3_full_marl,0,0,0.0,0,0,0.0,0,-1,-1,-1.0,0.3775303643724696,0.0,1200
focused_pheromone_ablation_extended_30_agents,trained_with_pheromone__eval_without_pheromone,144,30,1200,1,12,False,checkpoints/mappo_gru_pheromone/stage3_full_marl,0,0,0.0,0,0,0.0,0,-1,-1,-1.0,0.3775303643724696,0.0,1200
focused_pheromone_ablation_extended_30_agents,trained_without_pheromone__eval_without_pheromone,144,30,1200,1,12,False,checkpoints/mappo_gru_no_pheromone/stage3_full_marl,0,0,0.0,0,0,0.0,0,-1,-1,-1.0,0.06477732793522267,0.0,1200
focused_pheromone_ablation_extended_30_agents,trained_with_pheromone__eval_with_pheromone,145,30,1200,1,12,True,checkpoints/mappo_gru_pheromone/stage3_full_marl,1,0,0.0,0,0,0.0,0,11,-1,-1.0,0.4139676113360324,0.09942863435092536,1200
focused_pheromone_ablation_extended_30_agents,trained_with_pheromone__eval_without_pheromone,145,30,1200,1,12,False,checkpoints/mappo_gru_pheromone/stage3_full_marl,1,1,1.0,1,0,0.0,1,11,196,185.0,0.41194331983805665,0.0,1200
focused_pheromone_ablation_extended_30_agents,trained_without_pheromone__eval_without_pheromone,145,30,1200,1,12,False,checkpoints/mappo_gru_no_pheromone/stage3_full_marl,0,0,0.0,0,0,0.0,0,-1,-1,-1.0,0.058704453441295545,0.0,1200
focused_pheromone_ablation_extended_30_agents,trained_with_pheromone__eval_with_pheromone,146,30,1200,1,12,True,checkpoints/mappo_gru_pheromone/stage3_full_marl,5,5,1.0,1,4,0.8,5,9,309,300.0,0.36538461538461536,0.0671802322759888,1200
focused_pheromone_ablation_extended_30_agents,trained_with_pheromone__eval_without_pheromone,146,30,1200,1,12,False,checkpoints/mappo_gru_pheromone/stage3_full_marl,3,1,0.3333333333333333,0,1,1.0,1,9,504,495.0,0.35020242914979755,0.0,1200
focused_pheromone_ablation_extended_30_agents,trained_without_pheromone__eval_without_pheromone,146,30,1200,1,12,False,checkpoints/mappo_gru_no_pheromone/stage3_full_marl,0,0,0.0,0,0,0.0,0,-1,-1,-1.0,0.04959514170040486,0.0,1200
focused_pheromone_ablation_extended_30_agents,trained_with_pheromone__eval_with_pheromone,147,30,1200,1,12,True,checkpoints/mappo_gru_pheromone/stage3_full_marl,0,0,0.0,0,0,0.0,0,-1,-1,-1.0,0.44534412955465585,0.0,1200
focused_pheromone_ablation_extended_30_agents,trained_with_pheromone__eval_without_pheromone,147,30,1200,1,12,False,checkpoints/mappo_gru_pheromone/stage3_full_marl,0,0,0.0,0,0,0.0,0,-1,-1,-1.0,0.44534412955465585,0.0,1200
focused_pheromone_ablation_extended_30_agents,trained_without_pheromone__eval_without_pheromone,147,30,1200,1,12,False,checkpoints/mappo_gru_no_pheromone/stage3_full_marl,0,0,0.0,0,0,0.0,0,-1,-1,-1.0,0.05668016194331984,0.0,1200
focused_pheromone_ablation_extended_30_agents,trained_with_pheromone__eval_with_pheromone,148,30,1200,1,12,True,checkpoints/mappo_gru_pheromone/stage3_full_marl,0,0,0.0,0,0,0.0,0,-1,-1,-1.0,0.3269230769230769,0.0,1200
focused_pheromone_ablation_extended_30_agents,trained_with_pheromone__eval_without_pheromone,148,30,1200,1,12,False,checkpoints/mappo_gru_pheromone/stage3_full_marl,0,0,0.0,0,0,0.0,0,-1,-1,-1.0,0.3269230769230769,0.0,1200
focused_pheromone_ablation_extended_30_agents,trained_without_pheromone__eval_without_pheromone,148,30,1200,1,12,False,checkpoints/mappo_gru_no_pheromone/stage3_full_marl,0,0,0.0,0,0,0.0,0,-1,-1,-1.0,0.053643724696356275,0.0,1200
focused_pheromone_ablation_extended_30_agents,trained_with_pheromone__eval_with_pheromone,149,30,1200,1,12,True,checkpoints/mappo_gru_pheromone/stage3_full_marl,0,0,0.0,0,0,0.0,0,-1,-1,-1.0,0.4200404858299595,0.0,1200
focused_pheromone_ablation_extended_30_agents,trained_with_pheromone__eval_without_pheromone,149,30,1200,1,12,False,checkpoints/mappo_gru_pheromone/stage3_full_marl,0,0,0.0,0,0,0.0,0,-1,-1,-1.0,0.4200404858299595,0.0,1200
focused_pheromone_ablation_extended_30_agents,trained_without_pheromone__eval_without_pheromone,149,30,1200,1,12,False,checkpoints/mappo_gru_no_pheromone/stage3_full_marl,1,0,0.0,0,0,0.0,0,3,-1,-1.0,0.05566801619433198,0.0,1200
