stage,stage_index,global_step,episode,n_agents,width,height,n_targets,n_obstacles,mean_episode_reward,food_discovered,food_picked_up,food_retrieved,exploration_coverage,pheromone_usage,pheromone_deposit_events,food_source_respawns,food_units_remaining,episode_length,first_pickup_step,first_delivery_step,pickup_to_delivery_latency,swarm_efficiency
stage1a_single_agent_miniscule,1,120,1,1,50,50,1,0,82.07286834716797,3.0,3.0,3.0,0.3333333333333333,0.0,0,0,1,120,117,117,0,0.025
stage1a_single_agent_miniscule,1,240,2,1,50,50,1,0,-18.77939796447754,0.0,0.0,0.0,0.3333333333333333,0.0,0,0,4,120,-1,-1,-1,0.0
stage1a_single_agent_miniscule,1,360,3,1,50,50,1,0,-20.856508255004883,0.0,0.0,0.0,0.4444444444444444,0.0,0,0,4,120,-1,-1,-1,0.0
stage1a_single_agent_miniscule,1,480,4,1,50,50,1,0,89.3929672241211,3.0,3.0,3.0,0.3333333333333333,0.0,0,0,1,120,79,79,0,0.025
stage1a_single_agent_miniscule,1,600,5,1,50,50,1,0,-17.317459106445312,0.0,0.0,0.0,0.3333333333333333,0.0,0,0,4,120,-1,-1,-1,0.0
stage1a_single_agent_miniscule,1,655,6,1,50,50,1,0,132.8359832763672,4.0,4.0,4.0,0.4444444444444444,0.0,0,0,0,55,47,47,0,0.07272727272727272
stage1a_single_agent_miniscule,1,767,7,1,50,50,1,0,124.35586547851562,4.0,4.0,4.0,0.4444444444444444,0.0,0,0,0,112,109,109,0,0.03571428571428571
stage1a_single_agent_miniscule,1,887,8,1,50,50,1,0,-18.199569702148438,0.0,0.0,0.0,0.4444444444444444,0.0,0,0,4,120,-1,-1,-1,0.0
stage1a_single_agent_miniscule,1,1007,9,1,50,50,1,0,-19.958417892456055,0.0,0.0,0.0,0.3333333333333333,0.0,0,0,4,120,-1,-1,-1,0.0
stage1a_single_agent_miniscule,1,1127,10,1,50,50,1,0,-12.510946273803711,0.0,0.0,0.0,0.3333333333333333,0.0,0,0,4,120,-1,-1,-1,0.0
stage1a_single_agent_miniscule,1,1247,11,1,50,50,1,0,84.90310668945312,3.0,3.0,3.0,0.4444444444444444,0.0,0,0,1,120,85,85,0,0.025
stage1a_single_agent_miniscule,1,1367,12,1,50,50,1,0,-21.302457809448242,0.0,0.0,0.0,0.4444444444444444,0.0,0,0,4,120,-1,-1,-1,0.0
stage1a_single_agent_miniscule,1,1418,13,1,50,50,1,0,138.71514892578125,4.0,4.0,4.0,0.3333333333333333,0.0,0,0,0,51,46,46,0,0.0784313725490196
stage1a_single_agent_miniscule,1,1538,14,1,50,50,1,0,-19.50983428955078,0.0,0.0,0.0,0.3333333333333333,0.0,0,0,4,120,-1,-1,-1,0.0
stage1a_single_agent_miniscule,1,1542,15,1,50,50,1,0,140.92874145507812,4.0,4.0,4.0,0.1111111111111111,0.0,0,0,0,4,1,1,0,1.0
stage1a_single_agent_miniscule,1,1662,16,1,50,50,1,0,-18.324352264404297,0.0,0.0,0.0,0.4444444444444444,0.0,0,0,4,120,-1,-1,-1,0.0
stage1a_single_agent_miniscule,1,1771,17,1,50,50,1,0,125.5611572265625,4.0,4.0,4.0,0.3333333333333333,0.0,0,0,0,109,106,106,0,0.03669724770642202
stage1a_single_agent_miniscule,1,1856,18,1,50,50,1,0,134.8699951171875,4.0,4.0,4.0,0.4444444444444444,0.0,0,0,0,85,73,73,0,0.047058823529411764
stage1a_single_agent_miniscule,1,1976,19,1,50,50,1,0,-24.46925926208496,0.0,0.0,0.0,0.4444444444444444,0.0,0,0,4,120,-1,-1,-1,0.0
stage1a_single_agent_miniscule,1,2068,20,1,50,50,1,0,127.75537109375,4.0,4.0,4.0,0.4444444444444444,0.0,0,0,0,92,89,89,0,0.043478260869565216
stage1a_single_agent_miniscule,1,2188,21,1,50,50,1,0,89.40049743652344,3.0,3.0,3.0,0.4444444444444444,0.0,0,0,1,120,31,31,0,0.025
stage1a_single_agent_miniscule,1,2308,22,1,50,50,1,0,56.52559280395508,2.0,2.0,2.0,0.3333333333333333,0.0,0,0,2,120,111,111,0,0.016666666666666666
stage1a_single_agent_miniscule,1,2428,23,1,50,50,1,0,43.371639251708984,2.0,2.0,2.0,0.4444444444444444,0.0,0,0,2,120,23,23,0,0.016666666666666666
stage1a_single_agent_miniscule,1,2548,24,1,50,50,1,0,-21.426416397094727,0.0,0.0,0.0,0.3333333333333333,0.0,0,0,4,120,-1,-1,-1,0.0
stage1a_single_agent_miniscule,1,2668,25,1,50,50,1,0,-15.020272254943848,0.0,0.0,0.0,0.4444444444444444,0.0,0,0,4,120,-1,-1,-1,0.0
stage1a_single_agent_miniscule,1,2776,26,1,50,50,1,0,121.3067626953125,4.0,4.0,4.0,0.3333333333333333,0.0,0,0,0,108,103,103,0,0.037037037037037035
stage1a_single_agent_miniscule,1,2798,27,1,50,50,1,0,142.27000427246094,4.0,4.0,4.0,0.3333333333333333,0.0,0,0,0,22,18,18,0,0.18181818181818182
stage1a_single_agent_miniscule,1,2807,28,1,50,50,1,0,143.83775329589844,4.0,4.0,4.0,0.1111111111111111,0.0,0,0,0,9,1,1,0,0.4444444444444444
stage1a_single_agent_miniscule,1,2927,29,1,50,50,1,0,-13.988764762878418,0.0,0.0,0.0,0.3333333333333333,0.0,0,0,4,120,-1,-1,-1,0.0
stage1a_single_agent_miniscule,1,2985,30,1,50,50,1,0,137.09100341796875,4.0,4.0,4.0,0.4444444444444444,0.0,0,0,0,58,39,39,0,0.06896551724137931
stage1a_single_agent_miniscule,1,3105,31,1,50,50,1,0,-12.169899940490723,0.0,0.0,0.0,0.3333333333333333,0.0,0,0,4,120,-1,-1,-1,0.0
stage1a_single_agent_miniscule,1,3154,32,1,50,50,1,0,135.61492919921875,4.0,4.0,4.0,0.3333333333333333,0.0,0,0,0,49,46,46,0,0.08163265306122448
stage1a_single_agent_miniscule,1,3274,33,1,50,50,1,0,-21.629520416259766,0.0,0.0,0.0,0.3333333333333333,0.0,0,0,4,120,-1,-1,-1,0.0
stage1a_single_agent_miniscule,1,3388,34,1,50,50,1,0,130.31149291992188,4.0,4.0,4.0,0.4444444444444444,0.0,0,0,0,114,106,106,0,0.03508771929824561
stage1a_single_agent_miniscule,1,3508,35,1,50,50,1,0,-17.839326858520508,0.0,0.0,0.0,0.3333333333333333,0.0,0,0,4,120,-1,-1,-1,0.0
stage1a_single_agent_miniscule,1,3628,36,1,50,50,1,0,-24.60344696044922,0.0,0.0,0.0,0.3333333333333333,0.0,0,0,4,120,-1,-1,-1,0.0
stage1a_single_agent_miniscule,1,3678,37,1,50,50,1,0,134.22230529785156,4.0,4.0,4.0,0.2222222222222222,0.0,0,0,0,50,47,47,0,0.08
stage1a_single_agent_miniscule,1,3682,38,1,50,50,1,0,142.42921447753906,4.0,4.0,4.0,0.1111111111111111,0.0,0,0,0,4,1,1,0,1.0
stage1a_single_agent_miniscule,1,3802,39,1,50,50,1,0,-16.80422019958496,0.0,0.0,0.0,0.4444444444444444,0.0,0,0,4,120,-1,-1,-1,0.0
stage1a_single_agent_miniscule,1,3922,40,1,50,50,1,0,-12.639982223510742,0.0,0.0,0.0,0.2222222222222222,0.0,0,0,4,120,-1,-1,-1,0.0
stage1a_single_agent_miniscule,1,4042,41,1,50,50,1,0,-12.633613586425781,0.0,0.0,0.0,0.3333333333333333,0.0,0,0,4,120,-1,-1,-1,0.0
stage1a_single_agent_miniscule,1,4162,42,1,50,50,1,0,-12.317638397216797,0.0,0.0,0.0,0.4444444444444444,0.0,0,0,4,120,-1,-1,-1,0.0
stage1a_single_agent_miniscule,1,4282,43,1,50,50,1,0,-17.916240692138672,0.0,0.0,0.0,0.3333333333333333,0.0,0,0,4,120,-1,-1,-1,0.0
stage1a_single_agent_miniscule,1,4402,44,1,50,50,1,0,-10.847203254699707,0.0,0.0,0.0,0.4444444444444444,0.0,0,0,4,120,-1,-1,-1,0.0
stage1a_single_agent_miniscule,1,4491,45,1,50,50,1,0,130.47984313964844,4.0,4.0,4.0,0.4444444444444444,0.0,0,0,0,89,41,41,0,0.0449438202247191
stage1a_single_agent_miniscule,1,4611,46,1,50,50,1,0,-15.128718376159668,0.0,0.0,0.0,0.3333333333333333,0.0,0,0,4,120,-1,-1,-1,0.0
stage1a_single_agent_miniscule,1,4722,47,1,50,50,1,0,128.710205078125,4.0,4.0,4.0,0.3333333333333333,0.0,0,0,0,111,108,108,0,0.036036036036036036
stage1a_single_agent_miniscule,1,4842,48,1,50,50,1,0,-15.335081100463867,0.0,0.0,0.0,0.4444444444444444,0.0,0,0,4,120,-1,-1,-1,0.0
stage1a_single_agent_miniscule,1,4961,49,1,50,50,1,0,130.10244750976562,4.0,4.0,4.0,0.4444444444444444,0.0,0,0,0,119,116,116,0,0.03361344537815126
stage1a_single_agent_miniscule,1,5081,50,1,50,50,1,0,-12.380701065063477,0.0,0.0,0.0,0.4444444444444444,0.0,0,0,4,120,-1,-1,-1,0.0
stage1a_single_agent_miniscule,1,5201,51,1,50,50,1,0,-9.067171096801758,0.0,0.0,0.0,0.2222222222222222,0.0,0,0,4,120,-1,-1,-1,0.0
stage1a_single_agent_miniscule,1,5321,52,1,50,50,1,0,-17.07048988342285,0.0,0.0,0.0,0.3333333333333333,0.0,0,0,4,120,-1,-1,-1,0.0
stage1a_single_agent_miniscule,1,5441,53,1,50,50,1,0,-7.468969345092773,0.0,0.0,0.0,0.3333333333333333,0.0,0,0,4,120,-1,-1,-1,0.0
stage1a_single_agent_miniscule,1,5561,54,1,50,50,1,0,-10.921255111694336,0.0,0.0,0.0,0.2222222222222222,0.0,0,0,4,120,-1,-1,-1,0.0
stage1a_single_agent_miniscule,1,5680,55,1,50,50,1,0,136.03480529785156,4.0,4.0,4.0,0.3333333333333333,0.0,0,0,0,119,116,116,0,0.03361344537815126
stage1a_single_agent_miniscule,1,5800,56,1,50,50,1,0,-3.2611424922943115,0.0,0.0,0.0,0.3333333333333333,0.0,0,0,4,120,-1,-1,-1,0.0
stage1a_single_agent_miniscule,1,5920,57,1,50,50,1,0,-7.408113956451416,0.0,0.0,0.0,0.2222222222222222,0.0,0,0,4,120,-1,-1,-1,0.0
stage1a_single_agent_miniscule,1,6040,58,1,50,50,1,0,-7.680669784545898,0.0,0.0,0.0,0.1111111111111111,0.0,0,0,4,120,-1,-1,-1,0.0
stage1a_single_agent_miniscule,1,6160,59,1,50,50,1,0,-7.799891471862793,0.0,0.0,0.0,0.3333333333333333,0.0,0,0,4,120,-1,-1,-1,0.0
stage1a_single_agent_miniscule,1,6280,60,1,50,50,1,0,-6.159488201141357,0.0,0.0,0.0,0.2222222222222222,0.0,0,0,4,120,-1,-1,-1,0.0
stage1a_single_agent_miniscule,1,6400,61,1,50,50,1,0,-9.149166107177734,0.0,0.0,0.0,0.2222222222222222,0.0,0,0,4,120,-1,-1,-1,0.0
stage1a_single_agent_miniscule,1,6520,62,1,50,50,1,0,-6.448856830596924,0.0,0.0,0.0,0.3333333333333333,0.0,0,0,4,120,-1,-1,-1,0.0
stage1a_single_agent_miniscule,1,6640,63,1,50,50,1,0,-7.760267734527588,0.0,0.0,0.0,0.2222222222222222,0.0,0,0,4,120,-1,-1,-1,0.0
stage1a_single_agent_miniscule,1,6760,64,1,50,50,1,0,-4.990024089813232,0.0,0.0,0.0,0.1111111111111111,0.0,0,0,4,120,-1,-1,-1,0.0
stage1a_single_agent_miniscule,1,6880,65,1,50,50,1,0,-4.958730220794678,0.0,0.0,0.0,0.3333333333333333,0.0,0,0,4,120,-1,-1,-1,0.0
stage1a_single_agent_miniscule,1,7000,66,1,50,50,1,0,-4.669651031494141,0.0,0.0,0.0,0.2222222222222222,0.0,0,0,4,120,-1,-1,-1,0.0
stage1a_single_agent_miniscule,1,7120,67,1,50,50,1,0,-6.318219184875488,0.0,0.0,0.0,0.1111111111111111,0.0,0,0,4,120,-1,-1,-1,0.0
stage1a_single_agent_miniscule,1,7171,68,1,50,50,1,0,140.25039672851562,4.0,4.0,4.0,0.3333333333333333,0.0,0,0,0,51,18,18,0,0.0784313725490196
stage1a_single_agent_miniscule,1,7291,69,1,50,50,1,0,-4.779382228851318,0.0,0.0,0.0,0.1111111111111111,0.0,0,0,4,120,-1,-1,-1,0.0
stage1a_single_agent_miniscule,1,7411,70,1,50,50,1,0,-8.919759750366211,0.0,0.0,0.0,0.2222222222222222,0.0,0,0,4,120,-1,-1,-1,0.0
stage1a_single_agent_miniscule,1,7531,71,1,50,50,1,0,-4.729508876800537,0.0,0.0,0.0,0.2222222222222222,0.0,0,0,4,120,-1,-1,-1,0.0
stage1a_single_agent_miniscule,1,7651,72,1,50,50,1,0,-4.797551155090332,0.0,0.0,0.0,0.1111111111111111,0.0,0,0,4,120,-1,-1,-1,0.0
stage1a_single_agent_miniscule,1,7771,73,1,50,50,1,0,-7.828629493713379,0.0,0.0,0.0,0.1111111111111111,0.0,0,0,4,120,-1,-1,-1,0.0
stage1a_single_agent_miniscule,1,7891,74,1,50,50,1,0,-6.2589263916015625,0.0,0.0,0.0,0.2222222222222222,0.0,0,0,4,120,-1,-1,-1,0.0
stage1a_single_agent_miniscule,1,8011,75,1,50,50,1,0,-6.310007095336914,0.0,0.0,0.0,0.3333333333333333,0.0,0,0,4,120,-1,-1,-1,0.0
stage1a_single_agent_miniscule,1,8131,76,1,50,50,1,0,-1.7398909330368042,0.0,0.0,0.0,0.2222222222222222,0.0,0,0,4,120,-1,-1,-1,0.0
stage1a_single_agent_miniscule,1,8251,77,1,50,50,1,0,-4.579521656036377,0.0,0.0,0.0,0.1111111111111111,0.0,0,0,4,120,-1,-1,-1,0.0
stage1a_single_agent_miniscule,1,8371,78,1,50,50,1,0,-4.7481865882873535,0.0,0.0,0.0,0.3333333333333333,0.0,0,0,4,120,-1,-1,-1,0.0
stage1a_single_agent_miniscule,1,8491,79,1,50,50,1,0,-4.670322895050049,0.0,0.0,0.0,0.1111111111111111,0.0,0,0,4,120,-1,-1,-1,0.0
stage1a_single_agent_miniscule,1,8611,80,1,50,50,1,0,-6.06905460357666,0.0,0.0,0.0,0.3333333333333333,0.0,0,0,4,120,-1,-1,-1,0.0
stage1a_single_agent_miniscule,1,8731,81,1,50,50,1,0,-3.4493207931518555,0.0,0.0,0.0,0.2222222222222222,0.0,0,0,4,120,-1,-1,-1,0.0
stage1a_single_agent_miniscule,1,8851,82,1,50,50,1,0,-3.1584298610687256,0.0,0.0,0.0,0.1111111111111111,0.0,0,0,4,120,-1,-1,-1,0.0
stage1a_single_agent_miniscule,1,8971,83,1,50,50,1,0,-3.0487730503082275,0.0,0.0,0.0,0.1111111111111111,0.0,0,0,4,120,-1,-1,-1,0.0
stage1a_single_agent_miniscule,1,9091,84,1,50,50,1,0,-4.36978006362915,0.0,0.0,0.0,0.1111111111111111,0.0,0,0,4,120,-1,-1,-1,0.0
stage1a_single_agent_miniscule,1,9211,85,1,50,50,1,0,-4.389440059661865,0.0,0.0,0.0,0.1111111111111111,0.0,0,0,4,120,-1,-1,-1,0.0
stage1a_single_agent_miniscule,1,9331,86,1,50,50,1,0,-2.5792226791381836,0.0,0.0,0.0,0.1111111111111111,0.0,0,0,4,120,-1,-1,-1,0.0
stage1a_single_agent_miniscule,1,9451,87,1,50,50,1,0,-3.029998540878296,0.0,0.0,0.0,0.1111111111111111,0.0,0,0,4,120,-1,-1,-1,0.0
stage1a_single_agent_miniscule,1,9571,88,1,50,50,1,0,-2.709217071533203,0.0,0.0,0.0,0.1111111111111111,0.0,0,0,4,120,-1,-1,-1,0.0
stage1a_single_agent_miniscule,1,9691,89,1,50,50,1,0,-1.28999924659729,0.0,0.0,0.0,0.1111111111111111,0.0,0,0,4,120,-1,-1,-1,0.0
stage1a_single_agent_miniscule,1,9811,90,1,50,50,1,0,-1.1899991035461426,0.0,0.0,0.0,0.1111111111111111,0.0,0,0,4,120,-1,-1,-1,0.0
stage1a_single_agent_miniscule,1,9931,91,1,50,50,1,0,-1.2399991750717163,0.0,0.0,0.0,0.1111111111111111,0.0,0,0,4,120,-1,-1,-1,0.0
stage1a_single_agent_miniscule,1,10051,92,1,50,50,1,0,-1.2199991941452026,0.0,0.0,0.0,0.1111111111111111,0.0,0,0,4,120,-1,-1,-1,0.0
stage1a_single_agent_miniscule,1,10055,93,1,50,50,1,0,143.9499969482422,4.0,4.0,4.0,0.1111111111111111,0.0,0,0,0,4,1,1,0,1.0
stage1a_single_agent_miniscule,1,10175,94,1,50,50,1,0,-1.199999213218689,0.0,0.0,0.0,0.1111111111111111,0.0,0,0,4,120,-1,-1,-1,0.0
stage1a_single_agent_miniscule,1,10295,95,1,50,50,1,0,-1.3299990892410278,0.0,0.0,0.0,0.1111111111111111,0.0,0,0,4,120,-1,-1,-1,0.0
stage1a_single_agent_miniscule,1,10415,96,1,50,50,1,0,-2.66999888420105,0.0,0.0,0.0,0.1111111111111111,0.0,0,0,4,120,-1,-1,-1,0.0
stage1a_single_agent_miniscule,1,10535,97,1,50,50,1,0,-1.2799991369247437,0.0,0.0,0.0,0.1111111111111111,0.0,0,0,4,120,-1,-1,-1,0.0
stage1a_single_agent_miniscule,1,10655,98,1,50,50,1,0,-1.4199990034103394,0.0,0.0,0.0,0.1111111111111111,0.0,0,0,4,120,-1,-1,-1,0.0
stage1a_single_agent_miniscule,1,10775,99,1,50,50,1,0,-2.849998712539673,0.0,0.0,0.0,0.1111111111111111,0.0,0,0,4,120,-1,-1,-1,0.0
stage1a_single_agent_miniscule,1,10895,100,1,50,50,1,0,-1.2499991655349731,0.0,0.0,0.0,0.1111111111111111,0.0,0,0,4,120,-1,-1,-1,0.0
stage1a_single_agent_miniscule,1,11015,101,1,50,50,1,0,-1.2199991941452026,0.0,0.0,0.0,0.1111111111111111,0.0,0,0,4,120,-1,-1,-1,0.0
stage1a_single_agent_miniscule,1,11135,102,1,50,50,1,0,-1.2199991941452026,0.0,0.0,0.0,0.1111111111111111,0.0,0,0,4,120,-1,-1,-1,0.0
stage1a_single_agent_miniscule,1,11255,103,1,50,50,1,0,-1.199999213218689,0.0,0.0,0.0,0.1111111111111111,0.0,0,0,4,120,-1,-1,-1,0.0
stage1a_single_agent_miniscule,1,11375,104,1,50,50,1,0,-1.2199991941452026,0.0,0.0,0.0,0.1111111111111111,0.0,0,0,4,120,-1,-1,-1,0.0
stage1a_single_agent_miniscule,1,11495,105,1,50,50,1,0,-2.729998826980591,0.0,0.0,0.0,0.1111111111111111,0.0,0,0,4,120,-1,-1,-1,0.0
stage1a_single_agent_miniscule,1,11499,106,1,50,50,1,0,143.95999145507812,4.0,4.0,4.0,0.1111111111111111,0.0,0,0,0,4,1,1,0,1.0
stage1a_single_agent_miniscule,1,11619,107,1,50,50,1,0,-2.8599987030029297,0.0,0.0,0.0,0.2222222222222222,0.0,0,0,4,120,-1,-1,-1,0.0
stage1a_single_agent_miniscule,1,11739,108,1,50,50,1,0,-1.2099990844726562,0.0,0.0,0.0,0.1111111111111111,0.0,0,0,4,120,-1,-1,-1,0.0
stage1a_single_agent_miniscule,1,11859,109,1,50,50,1,0,-1.199999213218689,0.0,0.0,0.0,0.1111111111111111,0.0,0,0,4,120,-1,-1,-1,0.0
stage1a_single_agent_miniscule,1,11979,110,1,50,50,1,0,-2.5599493980407715,0.0,0.0,0.0,0.3333333333333333,0.0,0,0,4,120,-1,-1,-1,0.0
stage1a_single_agent_miniscule,1,12099,111,1,50,50,1,0,-1.199999213218689,0.0,0.0,0.0,0.1111111111111111,0.0,0,0,4,120,-1,-1,-1,0.0
stage1a_single_agent_miniscule,1,12219,112,1,50,50,1,0,-1.199999213218689,0.0,0.0,0.0,0.1111111111111111,0.0,0,0,4,120,-1,-1,-1,0.0
stage1a_single_agent_miniscule,1,12339,113,1,50,50,1,0,-2.709327459335327,0.0,0.0,0.0,0.1111111111111111,0.0,0,0,4,120,-1,-1,-1,0.0
stage1a_single_agent_miniscule,1,12459,114,1,50,50,1,0,-1.2099992036819458,0.0,0.0,0.0,0.1111111111111111,0.0,0,0,4,120,-1,-1,-1,0.0
stage1a_single_agent_miniscule,1,12579,115,1,50,50,1,0,-1.199999213218689,0.0,0.0,0.0,0.1111111111111111,0.0,0,0,4,120,-1,-1,-1,0.0
stage1a_single_agent_miniscule,1,12699,116,1,50,50,1,0,-1.199999213218689,0.0,0.0,0.0,0.1111111111111111,0.0,0,0,4,120,-1,-1,-1,0.0
stage1a_single_agent_miniscule,1,12819,117,1,50,50,1,0,-1.2199991941452026,0.0,0.0,0.0,0.1111111111111111,0.0,0,0,4,120,-1,-1,-1,0.0
stage1a_single_agent_miniscule,1,12939,118,1,50,50,1,0,-1.199999213218689,0.0,0.0,0.0,0.1111111111111111,0.0,0,0,4,120,-1,-1,-1,0.0
stage1a_single_agent_miniscule,1,13059,119,1,50,50,1,0,-1.199999213218689,0.0,0.0,0.0,0.1111111111111111,0.0,0,0,4,120,-1,-1,-1,0.0
stage1a_single_agent_miniscule,1,13179,120,1,50,50,1,0,-1.199999213218689,0.0,0.0,0.0,0.1111111111111111,0.0,0,0,4,120,-1,-1,-1,0.0
stage1a_single_agent_miniscule,1,13299,121,1,50,50,1,0,-2.729998826980591,0.0,0.0,0.0,0.1111111111111111,0.0,0,0,4,120,-1,-1,-1,0.0
stage1a_single_agent_miniscule,1,13419,122,1,50,50,1,0,-1.199999213218689,0.0,0.0,0.0,0.1111111111111111,0.0,0,0,4,120,-1,-1,-1,0.0
stage1a_single_agent_miniscule,1,13539,123,1,50,50,1,0,-1.199999213218689,0.0,0.0,0.0,0.1111111111111111,0.0,0,0,4,120,-1,-1,-1,0.0
stage1a_single_agent_miniscule,1,13659,124,1,50,50,1,0,-1.199999213218689,0.0,0.0,0.0,0.1111111111111111,0.0,0,0,4,120,-1,-1,-1,0.0
stage1a_single_agent_miniscule,1,13779,125,1,50,50,1,0,-1.199999213218689,0.0,0.0,0.0,0.1111111111111111,0.0,0,0,4,120,-1,-1,-1,0.0
stage1a_single_agent_miniscule,1,13899,126,1,50,50,1,0,-1.199999213218689,0.0,0.0,0.0,0.1111111111111111,0.0,0,0,4,120,-1,-1,-1,0.0
stage1a_single_agent_miniscule,1,14019,127,1,50,50,1,0,-1.199999213218689,0.0,0.0,0.0,0.1111111111111111,0.0,0,0,4,120,-1,-1,-1,0.0
stage1a_single_agent_miniscule,1,14139,128,1,50,50,1,0,-1.199999213218689,0.0,0.0,0.0,0.1111111111111111,0.0,0,0,4,120,-1,-1,-1,0.0
stage1a_single_agent_miniscule,1,14259,129,1,50,50,1,0,-1.199999213218689,0.0,0.0,0.0,0.1111111111111111,0.0,0,0,4,120,-1,-1,-1,0.0
stage1a_single_agent_miniscule,1,14379,130,1,50,50,1,0,-1.199999213218689,0.0,0.0,0.0,0.1111111111111111,0.0,0,0,4,120,-1,-1,-1,0.0
stage1a_single_agent_miniscule,1,14499,131,1,50,50,1,0,-1.2199991941452026,0.0,0.0,0.0,0.1111111111111111,0.0,0,0,4,120,-1,-1,-1,0.0
stage1a_single_agent_miniscule,1,14619,132,1,50,50,1,0,-1.199999213218689,0.0,0.0,0.0,0.1111111111111111,0.0,0,0,4,120,-1,-1,-1,0.0
stage1a_single_agent_miniscule,1,14739,133,1,50,50,1,0,-1.199999213218689,0.0,0.0,0.0,0.1111111111111111,0.0,0,0,4,120,-1,-1,-1,0.0
stage1a_single_agent_miniscule,1,14859,134,1,50,50,1,0,-1.199999213218689,0.0,0.0,0.0,0.1111111111111111,0.0,0,0,4,120,-1,-1,-1,0.0
stage1a_single_agent_miniscule,1,14979,135,1,50,50,1,0,-1.199999213218689,0.0,0.0,0.0,0.1111111111111111,0.0,0,0,4,120,-1,-1,-1,0.0
stage1a_single_agent_miniscule,1,15099,136,1,50,50,1,0,-1.199999213218689,0.0,0.0,0.0,0.1111111111111111,0.0,0,0,4,120,-1,-1,-1,0.0
stage1a_single_agent_miniscule,1,15219,137,1,50,50,1,0,-1.199999213218689,0.0,0.0,0.0,0.1111111111111111,0.0,0,0,4,120,-1,-1,-1,0.0
stage1a_single_agent_miniscule,1,15339,138,1,50,50,1,0,-1.199999213218689,0.0,0.0,0.0,0.1111111111111111,0.0,0,0,4,120,-1,-1,-1,0.0
stage1a_single_agent_miniscule,1,15459,139,1,50,50,1,0,-1.199999213218689,0.0,0.0,0.0,0.1111111111111111,0.0,0,0,4,120,-1,-1,-1,0.0
stage1a_single_agent_miniscule,1,15579,140,1,50,50,1,0,-1.199999213218689,0.0,0.0,0.0,0.1111111111111111,0.0,0,0,4,120,-1,-1,-1,0.0
stage1a_single_agent_miniscule,1,15699,141,1,50,50,1,0,-1.2099992036819458,0.0,0.0,0.0,0.1111111111111111,0.0,0,0,4,120,-1,-1,-1,0.0
stage1a_single_agent_miniscule,1,15819,142,1,50,50,1,0,-1.2299991846084595,0.0,0.0,0.0,0.1111111111111111,0.0,0,0,4,120,-1,-1,-1,0.0
stage1a_single_agent_miniscule,1,15939,143,1,50,50,1,0,-1.199999213218689,0.0,0.0,0.0,0.1111111111111111,0.0,0,0,4,120,-1,-1,-1,0.0
stage1a_single_agent_miniscule,1,16059,144,1,50,50,1,0,-1.199999213218689,0.0,0.0,0.0,0.1111111111111111,0.0,0,0,4,120,-1,-1,-1,0.0
stage1a_single_agent_miniscule,1,16179,145,1,50,50,1,0,-1.199999213218689,0.0,0.0,0.0,0.1111111111111111,0.0,0,0,4,120,-1,-1,-1,0.0
stage1a_single_agent_miniscule,1,16299,146,1,50,50,1,0,-1.199999213218689,0.0,0.0,0.0,0.1111111111111111,0.0,0,0,4,120,-1,-1,-1,0.0
stage1a_single_agent_miniscule,1,16419,147,1,50,50,1,0,-1.199999213218689,0.0,0.0,0.0,0.1111111111111111,0.0,0,0,4,120,-1,-1,-1,0.0
stage1a_single_agent_miniscule,1,16539,148,1,50,50,1,0,-2.7399988174438477,0.0,0.0,0.0,0.1111111111111111,0.0,0,0,4,120,-1,-1,-1,0.0
stage1a_single_agent_miniscule,1,16659,149,1,50,50,1,0,-1.199999213218689,0.0,0.0,0.0,0.1111111111111111,0.0,0,0,4,120,-1,-1,-1,0.0
stage1a_single_agent_miniscule,1,16779,150,1,50,50,1,0,-1.199999213218689,0.0,0.0,0.0,0.1111111111111111,0.0,0,0,4,120,-1,-1,-1,0.0
stage1a_single_agent_miniscule,1,16899,151,1,50,50,1,0,-1.2199991941452026,0.0,0.0,0.0,0.1111111111111111,0.0,0,0,4,120,-1,-1,-1,0.0
stage1a_single_agent_miniscule,1,17019,152,1,50,50,1,0,-1.2199991941452026,0.0,0.0,0.0,0.1111111111111111,0.0,0,0,4,120,-1,-1,-1,0.0
stage1a_single_agent_miniscule,1,17139,153,1,50,50,1,0,-1.199999213218689,0.0,0.0,0.0,0.1111111111111111,0.0,0,0,4,120,-1,-1,-1,0.0
stage1a_single_agent_miniscule,1,17259,154,1,50,50,1,0,-1.199999213218689,0.0,0.0,0.0,0.1111111111111111,0.0,0,0,4,120,-1,-1,-1,0.0
stage1a_single_agent_miniscule,1,17379,155,1,50,50,1,0,-1.199999213218689,0.0,0.0,0.0,0.1111111111111111,0.0,0,0,4,120,-1,-1,-1,0.0
stage1a_single_agent_miniscule,1,17499,156,1,50,50,1,0,-1.199999213218689,0.0,0.0,0.0,0.1111111111111111,0.0,0,0,4,120,-1,-1,-1,0.0
stage1a_single_agent_miniscule,1,17619,157,1,50,50,1,0,-1.2099992036819458,0.0,0.0,0.0,0.1111111111111111,0.0,0,0,4,120,-1,-1,-1,0.0
stage1a_single_agent_miniscule,1,17739,158,1,50,50,1,0,-1.199999213218689,0.0,0.0,0.0,0.1111111111111111,0.0,0,0,4,120,-1,-1,-1,0.0
stage1a_single_agent_miniscule,1,17859,159,1,50,50,1,0,-1.199999213218689,0.0,0.0,0.0,0.1111111111111111,0.0,0,0,4,120,-1,-1,-1,0.0
stage1a_single_agent_miniscule,1,17979,160,1,50,50,1,0,-1.199999213218689,0.0,0.0,0.0,0.1111111111111111,0.0,0,0,4,120,-1,-1,-1,0.0
stage1a_single_agent_miniscule,1,18099,161,1,50,50,1,0,-1.199999213218689,0.0,0.0,0.0,0.1111111111111111,0.0,0,0,4,120,-1,-1,-1,0.0
stage1a_single_agent_miniscule,1,18219,162,1,50,50,1,0,-1.2099992036819458,0.0,0.0,0.0,0.1111111111111111,0.0,0,0,4,120,-1,-1,-1,0.0
stage1a_single_agent_miniscule,1,18339,163,1,50,50,1,0,-1.199999213218689,0.0,0.0,0.0,0.1111111111111111,0.0,0,0,4,120,-1,-1,-1,0.0
stage1a_single_agent_miniscule,1,18459,164,1,50,50,1,0,-1.199999213218689,0.0,0.0,0.0,0.1111111111111111,0.0,0,0,4,120,-1,-1,-1,0.0
stage1a_single_agent_miniscule,1,18579,165,1,50,50,1,0,-1.199999213218689,0.0,0.0,0.0,0.1111111111111111,0.0,0,0,4,120,-1,-1,-1,0.0
stage1a_single_agent_miniscule,1,18699,166,1,50,50,1,0,-1.199999213218689,0.0,0.0,0.0,0.1111111111111111,0.0,0,0,4,120,-1,-1,-1,0.0
stage1a_single_agent_miniscule,1,18819,167,1,50,50,1,0,-1.199999213218689,0.0,0.0,0.0,0.1111111111111111,0.0,0,0,4,120,-1,-1,-1,0.0
stage1a_single_agent_miniscule,1,18939,168,1,50,50,1,0,-1.2099992036819458,0.0,0.0,0.0,0.1111111111111111,0.0,0,0,4,120,-1,-1,-1,0.0
stage1a_single_agent_miniscule,1,19059,169,1,50,50,1,0,-1.199999213218689,0.0,0.0,0.0,0.1111111111111111,0.0,0,0,4,120,-1,-1,-1,0.0
stage1a_single_agent_miniscule,1,19179,170,1,50,50,1,0,-1.199999213218689,0.0,0.0,0.0,0.1111111111111111,0.0,0,0,4,120,-1,-1,-1,0.0
stage1a_single_agent_miniscule,1,19299,171,1,50,50,1,0,-1.199999213218689,0.0,0.0,0.0,0.1111111111111111,0.0,0,0,4,120,-1,-1,-1,0.0
stage1a_single_agent_miniscule,1,19419,172,1,50,50,1,0,-1.199999213218689,0.0,0.0,0.0,0.1111111111111111,0.0,0,0,4,120,-1,-1,-1,0.0
stage1a_single_agent_miniscule,1,19423,173,1,50,50,1,0,143.95999145507812,4.0,4.0,4.0,0.1111111111111111,0.0,0,0,0,4,1,1,0,1.0
stage1a_single_agent_miniscule,1,19543,174,1,50,50,1,0,-1.199999213218689,0.0,0.0,0.0,0.1111111111111111,0.0,0,0,4,120,-1,-1,-1,0.0
stage1a_single_agent_miniscule,1,19663,175,1,50,50,1,0,-1.199999213218689,0.0,0.0,0.0,0.1111111111111111,0.0,0,0,4,120,-1,-1,-1,0.0
stage1a_single_agent_miniscule,1,19783,176,1,50,50,1,0,-1.199999213218689,0.0,0.0,0.0,0.1111111111111111,0.0,0,0,4,120,-1,-1,-1,0.0
stage1a_single_agent_miniscule,1,19903,177,1,50,50,1,0,-1.199999213218689,0.0,0.0,0.0,0.1111111111111111,0.0,0,0,4,120,-1,-1,-1,0.0
stage1a_single_agent_miniscule,1,20023,178,1,50,50,1,0,-1.199999213218689,0.0,0.0,0.0,0.1111111111111111,0.0,0,0,4,120,-1,-1,-1,0.0
stage1a_single_agent_miniscule,1,20143,179,1,50,50,1,0,-1.199999213218689,0.0,0.0,0.0,0.1111111111111111,0.0,0,0,4,120,-1,-1,-1,0.0
stage1a_single_agent_miniscule,1,20263,180,1,50,50,1,0,-1.199999213218689,0.0,0.0,0.0,0.1111111111111111,0.0,0,0,4,120,-1,-1,-1,0.0
stage1a_single_agent_miniscule,1,20383,181,1,50,50,1,0,-1.199999213218689,0.0,0.0,0.0,0.1111111111111111,0.0,0,0,4,120,-1,-1,-1,0.0
stage1a_single_agent_miniscule,1,20503,182,1,50,50,1,0,-1.199999213218689,0.0,0.0,0.0,0.1111111111111111,0.0,0,0,4,120,-1,-1,-1,0.0
stage1a_single_agent_miniscule,1,20623,183,1,50,50,1,0,-1.199999213218689,0.0,0.0,0.0,0.1111111111111111,0.0,0,0,4,120,-1,-1,-1,0.0
stage1a_single_agent_miniscule,1,20743,184,1,50,50,1,0,-1.199999213218689,0.0,0.0,0.0,0.1111111111111111,0.0,0,0,4,120,-1,-1,-1,0.0
stage1a_single_agent_miniscule,1,20863,185,1,50,50,1,0,-1.199999213218689,0.0,0.0,0.0,0.1111111111111111,0.0,0,0,4,120,-1,-1,-1,0.0
stage1a_single_agent_miniscule,1,20983,186,1,50,50,1,0,-1.199999213218689,0.0,0.0,0.0,0.1111111111111111,0.0,0,0,4,120,-1,-1,-1,0.0
stage1a_single_agent_miniscule,1,21103,187,1,50,50,1,0,-1.199999213218689,0.0,0.0,0.0,0.1111111111111111,0.0,0,0,4,120,-1,-1,-1,0.0
stage1a_single_agent_miniscule,1,21223,188,1,50,50,1,0,-1.199999213218689,0.0,0.0,0.0,0.1111111111111111,0.0,0,0,4,120,-1,-1,-1,0.0
stage1a_single_agent_miniscule,1,21343,189,1,50,50,1,0,-1.199999213218689,0.0,0.0,0.0,0.1111111111111111,0.0,0,0,4,120,-1,-1,-1,0.0
stage1a_single_agent_miniscule,1,21463,190,1,50,50,1,0,-1.199999213218689,0.0,0.0,0.0,0.1111111111111111,0.0,0,0,4,120,-1,-1,-1,0.0
stage1a_single_agent_miniscule,1,21583,191,1,50,50,1,0,-1.199999213218689,0.0,0.0,0.0,0.1111111111111111,0.0,0,0,4,120,-1,-1,-1,0.0
stage1a_single_agent_miniscule,1,21703,192,1,50,50,1,0,-1.199999213218689,0.0,0.0,0.0,0.1111111111111111,0.0,0,0,4,120,-1,-1,-1,0.0
stage1a_single_agent_miniscule,1,21823,193,1,50,50,1,0,-1.199999213218689,0.0,0.0,0.0,0.1111111111111111,0.0,0,0,4,120,-1,-1,-1,0.0
stage1a_single_agent_miniscule,1,21943,194,1,50,50,1,0,-1.199999213218689,0.0,0.0,0.0,0.1111111111111111,0.0,0,0,4,120,-1,-1,-1,0.0
stage1a_single_agent_miniscule,1,22063,195,1,50,50,1,0,-1.199999213218689,0.0,0.0,0.0,0.1111111111111111,0.0,0,0,4,120,-1,-1,-1,0.0
stage1a_single_agent_miniscule,1,22183,196,1,50,50,1,0,-1.199999213218689,0.0,0.0,0.0,0.1111111111111111,0.0,0,0,4,120,-1,-1,-1,0.0
stage1a_single_agent_miniscule,1,22303,197,1,50,50,1,0,-1.199999213218689,0.0,0.0,0.0,0.1111111111111111,0.0,0,0,4,120,-1,-1,-1,0.0
stage1a_single_agent_miniscule,1,22423,198,1,50,50,1,0,-1.199999213218689,0.0,0.0,0.0,0.1111111111111111,0.0,0,0,4,120,-1,-1,-1,0.0
stage1a_single_agent_miniscule,1,22543,199,1,50,50,1,0,-1.199999213218689,0.0,0.0,0.0,0.1111111111111111,0.0,0,0,4,120,-1,-1,-1,0.0
stage1a_single_agent_miniscule,1,22663,200,1,50,50,1,0,-1.199999213218689,0.0,0.0,0.0,0.1111111111111111,0.0,0,0,4,120,-1,-1,-1,0.0
stage1a_single_agent_miniscule,1,22783,201,1,50,50,1,0,-1.199999213218689,0.0,0.0,0.0,0.1111111111111111,0.0,0,0,4,120,-1,-1,-1,0.0
stage1a_single_agent_miniscule,1,22903,202,1,50,50,1,0,-1.199999213218689,0.0,0.0,0.0,0.1111111111111111,0.0,0,0,4,120,-1,-1,-1,0.0
stage1a_single_agent_miniscule,1,23023,203,1,50,50,1,0,-2.719998836517334,0.0,0.0,0.0,0.1111111111111111,0.0,0,0,4,120,-1,-1,-1,0.0
stage1a_single_agent_miniscule,1,23143,204,1,50,50,1,0,-1.199999213218689,0.0,0.0,0.0,0.1111111111111111,0.0,0,0,4,120,-1,-1,-1,0.0
stage1a_single_agent_miniscule,1,23263,205,1,50,50,1,0,-2.709998846054077,0.0,0.0,0.0,0.1111111111111111,0.0,0,0,4,120,-1,-1,-1,0.0
stage1a_single_agent_miniscule,1,23383,206,1,50,50,1,0,-1.199999213218689,0.0,0.0,0.0,0.1111111111111111,0.0,0,0,4,120,-1,-1,-1,0.0
stage1a_single_agent_miniscule,1,23503,207,1,50,50,1,0,-1.199999213218689,0.0,0.0,0.0,0.1111111111111111,0.0,0,0,4,120,-1,-1,-1,0.0
stage1a_single_agent_miniscule,1,23507,208,1,50,50,1,0,143.95999145507812,4.0,4.0,4.0,0.1111111111111111,0.0,0,0,0,4,1,1,0,1.0
stage1a_single_agent_miniscule,1,23627,209,1,50,50,1,0,-1.199999213218689,0.0,0.0,0.0,0.1111111111111111,0.0,0,0,4,120,-1,-1,-1,0.0
stage1a_single_agent_miniscule,1,23747,210,1,50,50,1,0,-1.199999213218689,0.0,0.0,0.0,0.1111111111111111,0.0,0,0,4,120,-1,-1,-1,0.0
stage1a_single_agent_miniscule,1,23867,211,1,50,50,1,0,-1.199999213218689,0.0,0.0,0.0,0.1111111111111111,0.0,0,0,4,120,-1,-1,-1,0.0
stage1a_single_agent_miniscule,1,23987,212,1,50,50,1,0,-1.199999213218689,0.0,0.0,0.0,0.1111111111111111,0.0,0,0,4,120,-1,-1,-1,0.0
stage1a_single_agent_miniscule,1,24107,213,1,50,50,1,0,-1.199999213218689,0.0,0.0,0.0,0.1111111111111111,0.0,0,0,4,120,-1,-1,-1,0.0
stage1a_single_agent_miniscule,1,24227,214,1,50,50,1,0,-1.199999213218689,0.0,0.0,0.0,0.1111111111111111,0.0,0,0,4,120,-1,-1,-1,0.0
stage1a_single_agent_miniscule,1,24347,215,1,50,50,1,0,-1.199999213218689,0.0,0.0,0.0,0.1111111111111111,0.0,0,0,4,120,-1,-1,-1,0.0
stage1a_single_agent_miniscule,1,24467,216,1,50,50,1,0,-1.199999213218689,0.0,0.0,0.0,0.1111111111111111,0.0,0,0,4,120,-1,-1,-1,0.0
stage1a_single_agent_miniscule,1,24587,217,1,50,50,1,0,-1.199999213218689,0.0,0.0,0.0,0.1111111111111111,0.0,0,0,4,120,-1,-1,-1,0.0
stage1a_single_agent_miniscule,1,24707,218,1,50,50,1,0,-1.199999213218689,0.0,0.0,0.0,0.1111111111111111,0.0,0,0,4,120,-1,-1,-1,0.0
stage1a_single_agent_miniscule,1,24827,219,1,50,50,1,0,-1.199999213218689,0.0,0.0,0.0,0.1111111111111111,0.0,0,0,4,120,-1,-1,-1,0.0
stage1a_single_agent_miniscule,1,24947,220,1,50,50,1,0,-1.199999213218689,0.0,0.0,0.0,0.1111111111111111,0.0,0,0,4,120,-1,-1,-1,0.0
stage1a_single_agent_miniscule,1,25067,221,1,50,50,1,0,-1.199999213218689,0.0,0.0,0.0,0.1111111111111111,0.0,0,0,4,120,-1,-1,-1,0.0
stage1a_single_agent_miniscule,1,25187,222,1,50,50,1,0,-1.199999213218689,0.0,0.0,0.0,0.1111111111111111,0.0,0,0,4,120,-1,-1,-1,0.0
stage1a_single_agent_miniscule,1,25307,223,1,50,50,1,0,-1.199999213218689,0.0,0.0,0.0,0.1111111111111111,0.0,0,0,4,120,-1,-1,-1,0.0
stage1a_single_agent_miniscule,1,25427,224,1,50,50,1,0,-1.199999213218689,0.0,0.0,0.0,0.1111111111111111,0.0,0,0,4,120,-1,-1,-1,0.0
stage1a_single_agent_miniscule,1,25547,225,1,50,50,1,0,-1.199999213218689,0.0,0.0,0.0,0.1111111111111111,0.0,0,0,4,120,-1,-1,-1,0.0
stage1a_single_agent_miniscule,1,25667,226,1,50,50,1,0,-1.199999213218689,0.0,0.0,0.0,0.1111111111111111,0.0,0,0,4,120,-1,-1,-1,0.0
stage1a_single_agent_miniscule,1,25787,227,1,50,50,1,0,-1.199999213218689,0.0,0.0,0.0,0.1111111111111111,0.0,0,0,4,120,-1,-1,-1,0.0
stage1a_single_agent_miniscule,1,25907,228,1,50,50,1,0,-1.2099992036819458,0.0,0.0,0.0,0.1111111111111111,0.0,0,0,4,120,-1,-1,-1,0.0
stage1a_single_agent_miniscule,1,26027,229,1,50,50,1,0,-1.199999213218689,0.0,0.0,0.0,0.1111111111111111,0.0,0,0,4,120,-1,-1,-1,0.0
stage1a_single_agent_miniscule,1,26147,230,1,50,50,1,0,-1.199999213218689,0.0,0.0,0.0,0.1111111111111111,0.0,0,0,4,120,-1,-1,-1,0.0
stage1a_single_agent_miniscule,1,26267,231,1,50,50,1,0,-1.199999213218689,0.0,0.0,0.0,0.1111111111111111,0.0,0,0,4,120,-1,-1,-1,0.0
stage1a_single_agent_miniscule,1,26387,232,1,50,50,1,0,-1.199999213218689,0.0,0.0,0.0,0.1111111111111111,0.0,0,0,4,120,-1,-1,-1,0.0
stage1a_single_agent_miniscule,1,26507,233,1,50,50,1,0,-1.199999213218689,0.0,0.0,0.0,0.1111111111111111,0.0,0,0,4,120,-1,-1,-1,0.0
stage1a_single_agent_miniscule,1,26627,234,1,50,50,1,0,-1.199999213218689,0.0,0.0,0.0,0.1111111111111111,0.0,0,0,4,120,-1,-1,-1,0.0
stage1a_single_agent_miniscule,1,26747,235,1,50,50,1,0,-1.199999213218689,0.0,0.0,0.0,0.1111111111111111,0.0,0,0,4,120,-1,-1,-1,0.0
stage1a_single_agent_miniscule,1,26867,236,1,50,50,1,0,-1.2099992036819458,0.0,0.0,0.0,0.1111111111111111,0.0,0,0,4,120,-1,-1,-1,0.0
stage1a_single_agent_miniscule,1,26987,237,1,50,50,1,0,-1.199999213218689,0.0,0.0,0.0,0.1111111111111111,0.0,0,0,4,120,-1,-1,-1,0.0
stage1a_single_agent_miniscule,1,27107,238,1,50,50,1,0,-1.2099992036819458,0.0,0.0,0.0,0.1111111111111111,0.0,0,0,4,120,-1,-1,-1,0.0
stage1a_single_agent_miniscule,1,27227,239,1,50,50,1,0,-1.199999213218689,0.0,0.0,0.0,0.1111111111111111,0.0,0,0,4,120,-1,-1,-1,0.0
stage1a_single_agent_miniscule,1,27231,240,1,50,50,1,0,143.95999145507812,4.0,4.0,4.0,0.1111111111111111,0.0,0,0,0,4,1,1,0,1.0
stage1a_single_agent_miniscule,1,27351,241,1,50,50,1,0,-1.2199991941452026,0.0,0.0,0.0,0.1111111111111111,0.0,0,0,4,120,-1,-1,-1,0.0
stage1a_single_agent_miniscule,1,27471,242,1,50,50,1,0,-1.199999213218689,0.0,0.0,0.0,0.1111111111111111,0.0,0,0,4,120,-1,-1,-1,0.0
stage1a_single_agent_miniscule,1,27591,243,1,50,50,1,0,-1.199999213218689,0.0,0.0,0.0,0.1111111111111111,0.0,0,0,4,120,-1,-1,-1,0.0
stage1a_single_agent_miniscule,1,27711,244,1,50,50,1,0,-1.199999213218689,0.0,0.0,0.0,0.1111111111111111,0.0,0,0,4,120,-1,-1,-1,0.0
stage1a_single_agent_miniscule,1,27831,245,1,50,50,1,0,-1.199999213218689,0.0,0.0,0.0,0.1111111111111111,0.0,0,0,4,120,-1,-1,-1,0.0
stage1a_single_agent_miniscule,1,27951,246,1,50,50,1,0,-1.199999213218689,0.0,0.0,0.0,0.1111111111111111,0.0,0,0,4,120,-1,-1,-1,0.0
stage1a_single_agent_miniscule,1,28071,247,1,50,50,1,0,-1.199999213218689,0.0,0.0,0.0,0.1111111111111111,0.0,0,0,4,120,-1,-1,-1,0.0
stage1a_single_agent_miniscule,1,28191,248,1,50,50,1,0,-1.199999213218689,0.0,0.0,0.0,0.1111111111111111,0.0,0,0,4,120,-1,-1,-1,0.0
stage1a_single_agent_miniscule,1,28311,249,1,50,50,1,0,-1.199999213218689,0.0,0.0,0.0,0.1111111111111111,0.0,0,0,4,120,-1,-1,-1,0.0
stage1a_single_agent_miniscule,1,28431,250,1,50,50,1,0,-1.199999213218689,0.0,0.0,0.0,0.1111111111111111,0.0,0,0,4,120,-1,-1,-1,0.0
stage1a_single_agent_miniscule,1,28551,251,1,50,50,1,0,-1.199999213218689,0.0,0.0,0.0,0.1111111111111111,0.0,0,0,4,120,-1,-1,-1,0.0
stage1a_single_agent_miniscule,1,28671,252,1,50,50,1,0,-1.199999213218689,0.0,0.0,0.0,0.1111111111111111,0.0,0,0,4,120,-1,-1,-1,0.0
stage1a_single_agent_miniscule,1,28791,253,1,50,50,1,0,-1.199999213218689,0.0,0.0,0.0,0.1111111111111111,0.0,0,0,4,120,-1,-1,-1,0.0
stage1a_single_agent_miniscule,1,28911,254,1,50,50,1,0,-1.199999213218689,0.0,0.0,0.0,0.1111111111111111,0.0,0,0,4,120,-1,-1,-1,0.0
stage1a_single_agent_miniscule,1,29031,255,1,50,50,1,0,-1.199999213218689,0.0,0.0,0.0,0.1111111111111111,0.0,0,0,4,120,-1,-1,-1,0.0
stage1a_single_agent_miniscule,1,29151,256,1,50,50,1,0,-1.199999213218689,0.0,0.0,0.0,0.1111111111111111,0.0,0,0,4,120,-1,-1,-1,0.0
stage1a_single_agent_miniscule,1,29271,257,1,50,50,1,0,-1.199999213218689,0.0,0.0,0.0,0.1111111111111111,0.0,0,0,4,120,-1,-1,-1,0.0
stage1a_single_agent_miniscule,1,29391,258,1,50,50,1,0,-1.199999213218689,0.0,0.0,0.0,0.1111111111111111,0.0,0,0,4,120,-1,-1,-1,0.0
stage1a_single_agent_miniscule,1,29511,259,1,50,50,1,0,-1.199999213218689,0.0,0.0,0.0,0.1111111111111111,0.0,0,0,4,120,-1,-1,-1,0.0
stage1a_single_agent_miniscule,1,29631,260,1,50,50,1,0,-1.199999213218689,0.0,0.0,0.0,0.1111111111111111,0.0,0,0,4,120,-1,-1,-1,0.0
stage1a_single_agent_miniscule,1,29751,261,1,50,50,1,0,-1.199999213218689,0.0,0.0,0.0,0.1111111111111111,0.0,0,0,4,120,-1,-1,-1,0.0
stage1a_single_agent_miniscule,1,29871,262,1,50,50,1,0,-1.199999213218689,0.0,0.0,0.0,0.1111111111111111,0.0,0,0,4,120,-1,-1,-1,0.0
stage1a_single_agent_miniscule,1,29991,263,1,50,50,1,0,-1.199999213218689,0.0,0.0,0.0,0.1111111111111111,0.0,0,0,4,120,-1,-1,-1,0.0
stage1b_single_agent_tiny,2,30120,264,1,75,75,1,0,-1.199999213218689,0.0,0.0,0.0,0.0625,0.0,0,0,4,120,-1,-1,-1,0.0
stage1b_single_agent_tiny,2,30240,265,1,75,75,1,0,-1.199999213218689,0.0,0.0,0.0,0.0625,0.0,0,0,4,120,-1,-1,-1,0.0
stage1b_single_agent_tiny,2,30360,266,1,75,75,1,0,-1.199999213218689,0.0,0.0,0.0,0.0625,0.0,0,0,4,120,-1,-1,-1,0.0
stage1b_single_agent_tiny,2,30480,267,1,75,75,1,0,-1.199999213218689,0.0,0.0,0.0,0.0625,0.0,0,0,4,120,-1,-1,-1,0.0
stage1b_single_agent_tiny,2,30600,268,1,75,75,1,0,-1.199999213218689,0.0,0.0,0.0,0.0625,0.0,0,0,4,120,-1,-1,-1,0.0
stage1b_single_agent_tiny,2,30720,269,1,75,75,1,0,-1.199999213218689,0.0,0.0,0.0,0.0625,0.0,0,0,4,120,-1,-1,-1,0.0
stage1b_single_agent_tiny,2,30840,270,1,75,75,1,0,-1.199999213218689,0.0,0.0,0.0,0.0625,0.0,0,0,4,120,-1,-1,-1,0.0
stage1b_single_agent_tiny,2,30960,271,1,75,75,1,0,-1.199999213218689,0.0,0.0,0.0,0.0625,0.0,0,0,4,120,-1,-1,-1,0.0
stage1b_single_agent_tiny,2,31080,272,1,75,75,1,0,-1.199999213218689,0.0,0.0,0.0,0.0625,0.0,0,0,4,120,-1,-1,-1,0.0
stage1b_single_agent_tiny,2,31200,273,1,75,75,1,0,-1.2199991941452026,0.0,0.0,0.0,0.0625,0.0,0,0,4,120,-1,-1,-1,0.0
stage1b_single_agent_tiny,2,31320,274,1,75,75,1,0,-1.199999213218689,0.0,0.0,0.0,0.0625,0.0,0,0,4,120,-1,-1,-1,0.0
stage1b_single_agent_tiny,2,31440,275,1,75,75,1,0,-1.2199991941452026,0.0,0.0,0.0,0.0625,0.0,0,0,4,120,-1,-1,-1,0.0
stage1b_single_agent_tiny,2,31560,276,1,75,75,1,0,-1.199999213218689,0.0,0.0,0.0,0.0625,0.0,0,0,4,120,-1,-1,-1,0.0
stage1b_single_agent_tiny,2,31680,277,1,75,75,1,0,-1.199999213218689,0.0,0.0,0.0,0.0625,0.0,0,0,4,120,-1,-1,-1,0.0
stage1b_single_agent_tiny,2,31800,278,1,75,75,1,0,-1.199999213218689,0.0,0.0,0.0,0.0625,0.0,0,0,4,120,-1,-1,-1,0.0
stage1b_single_agent_tiny,2,31920,279,1,75,75,1,0,-1.199999213218689,0.0,0.0,0.0,0.0625,0.0,0,0,4,120,-1,-1,-1,0.0
stage1b_single_agent_tiny,2,32040,280,1,75,75,1,0,-1.199999213218689,0.0,0.0,0.0,0.0625,0.0,0,0,4,120,-1,-1,-1,0.0
stage1b_single_agent_tiny,2,32160,281,1,75,75,1,0,-1.199999213218689,0.0,0.0,0.0,0.0625,0.0,0,0,4,120,-1,-1,-1,0.0
stage1b_single_agent_tiny,2,32280,282,1,75,75,1,0,-1.199999213218689,0.0,0.0,0.0,0.0625,0.0,0,0,4,120,-1,-1,-1,0.0
stage1b_single_agent_tiny,2,32400,283,1,75,75,1,0,-1.2100917100906372,0.0,0.0,0.0,0.0625,0.0,0,0,4,120,-1,-1,-1,0.0
stage1b_single_agent_tiny,2,32520,284,1,75,75,1,0,-1.199999213218689,0.0,0.0,0.0,0.0625,0.0,0,0,4,120,-1,-1,-1,0.0
stage1b_single_agent_tiny,2,32640,285,1,75,75,1,0,-1.2197850942611694,0.0,0.0,0.0,0.0625,0.0,0,0,4,120,-1,-1,-1,0.0
stage1b_single_agent_tiny,2,32760,286,1,75,75,1,0,-1.2199991941452026,0.0,0.0,0.0,0.0625,0.0,0,0,4,120,-1,-1,-1,0.0
stage1b_single_agent_tiny,2,32880,287,1,75,75,1,0,-1.199999213218689,0.0,0.0,0.0,0.0625,0.0,0,0,4,120,-1,-1,-1,0.0
stage1b_single_agent_tiny,2,33000,288,1,75,75,1,0,-1.2199991941452026,0.0,0.0,0.0,0.0625,0.0,0,0,4,120,-1,-1,-1,0.0
stage1b_single_agent_tiny,2,33120,289,1,75,75,1,0,-1.2099992036819458,0.0,0.0,0.0,0.0625,0.0,0,0,4,120,-1,-1,-1,0.0
stage1b_single_agent_tiny,2,33240,290,1,75,75,1,0,-1.2199991941452026,0.0,0.0,0.0,0.0625,0.0,0,0,4,120,-1,-1,-1,0.0
stage1b_single_agent_tiny,2,33360,291,1,75,75,1,0,-1.2099992036819458,0.0,0.0,0.0,0.0625,0.0,0,0,4,120,-1,-1,-1,0.0
stage1b_single_agent_tiny,2,33480,292,1,75,75,1,0,-1.199999213218689,0.0,0.0,0.0,0.0625,0.0,0,0,4,120,-1,-1,-1,0.0
stage1b_single_agent_tiny,2,33600,293,1,75,75,1,0,-1.199999213218689,0.0,0.0,0.0,0.0625,0.0,0,0,4,120,-1,-1,-1,0.0
stage1b_single_agent_tiny,2,33720,294,1,75,75,1,0,-1.2099992036819458,0.0,0.0,0.0,0.0625,0.0,0,0,4,120,-1,-1,-1,0.0
stage1b_single_agent_tiny,2,33840,295,1,75,75,1,0,-1.2095677852630615,0.0,0.0,0.0,0.0625,0.0,0,0,4,120,-1,-1,-1,0.0
stage1b_single_agent_tiny,2,33960,296,1,75,75,1,0,-1.1905584335327148,0.0,0.0,0.0,0.125,0.0,0,0,4,120,-1,-1,-1,0.0
stage1b_single_agent_tiny,2,34080,297,1,75,75,1,0,-1.2699991464614868,0.0,0.0,0.0,0.0625,0.0,0,0,4,120,-1,-1,-1,0.0
stage1b_single_agent_tiny,2,34200,298,1,75,75,1,0,-1.2099992036819458,0.0,0.0,0.0,0.0625,0.0,0,0,4,120,-1,-1,-1,0.0
stage1b_single_agent_tiny,2,34320,299,1,75,75,1,0,-1.2099992036819458,0.0,0.0,0.0,0.0625,0.0,0,0,4,120,-1,-1,-1,0.0
stage1b_single_agent_tiny,2,34440,300,1,75,75,1,0,-1.199999213218689,0.0,0.0,0.0,0.0625,0.0,0,0,4,120,-1,-1,-1,0.0
stage1b_single_agent_tiny,2,34560,301,1,75,75,1,0,-1.2099992036819458,0.0,0.0,0.0,0.0625,0.0,0,0,4,120,-1,-1,-1,0.0
stage1b_single_agent_tiny,2,34680,302,1,75,75,1,0,-1.2099992036819458,0.0,0.0,0.0,0.0625,0.0,0,0,4,120,-1,-1,-1,0.0
stage1b_single_agent_tiny,2,34800,303,1,75,75,1,0,-1.2099992036819458,0.0,0.0,0.0,0.125,0.0,0,0,4,120,-1,-1,-1,0.0
stage1b_single_agent_tiny,2,34920,304,1,75,75,1,0,-1.199999213218689,0.0,0.0,0.0,0.0625,0.0,0,0,4,120,-1,-1,-1,0.0
stage1b_single_agent_tiny,2,35040,305,1,75,75,1,0,-1.2099992036819458,0.0,0.0,0.0,0.0625,0.0,0,0,4,120,-1,-1,-1,0.0
stage1b_single_agent_tiny,2,35160,306,1,75,75,1,0,-1.199999213218689,0.0,0.0,0.0,0.0625,0.0,0,0,4,120,-1,-1,-1,0.0
stage1b_single_agent_tiny,2,35280,307,1,75,75,1,0,-1.2099992036819458,0.0,0.0,0.0,0.0625,0.0,0,0,4,120,-1,-1,-1,0.0
stage1b_single_agent_tiny,2,35400,308,1,75,75,1,0,-1.199999213218689,0.0,0.0,0.0,0.0625,0.0,0,0,4,120,-1,-1,-1,0.0
stage1b_single_agent_tiny,2,35520,309,1,75,75,1,0,-1.199999213218689,0.0,0.0,0.0,0.0625,0.0,0,0,4,120,-1,-1,-1,0.0
stage1b_single_agent_tiny,2,35640,310,1,75,75,1,0,-1.199999213218689,0.0,0.0,0.0,0.0625,0.0,0,0,4,120,-1,-1,-1,0.0
stage1b_single_agent_tiny,2,35760,311,1,75,75,1,0,-1.199999213218689,0.0,0.0,0.0,0.0625,0.0,0,0,4,120,-1,-1,-1,0.0
stage1b_single_agent_tiny,2,35880,312,1,75,75,1,0,-1.199999213218689,0.0,0.0,0.0,0.0625,0.0,0,0,4,120,-1,-1,-1,0.0
stage1b_single_agent_tiny,2,36000,313,1,75,75,1,0,-1.2099992036819458,0.0,0.0,0.0,0.0625,0.0,0,0,4,120,-1,-1,-1,0.0
stage1b_single_agent_tiny,2,36120,314,1,75,75,1,0,-1.199999213218689,0.0,0.0,0.0,0.0625,0.0,0,0,4,120,-1,-1,-1,0.0
stage1b_single_agent_tiny,2,36240,315,1,75,75,1,0,-1.2099992036819458,0.0,0.0,0.0,0.0625,0.0,0,0,4,120,-1,-1,-1,0.0
stage1b_single_agent_tiny,2,36360,316,1,75,75,1,0,-1.199999213218689,0.0,0.0,0.0,0.0625,0.0,0,0,4,120,-1,-1,-1,0.0
stage1b_single_agent_tiny,2,36480,317,1,75,75,1,0,-1.2099992036819458,0.0,0.0,0.0,0.0625,0.0,0,0,4,120,-1,-1,-1,0.0
stage1b_single_agent_tiny,2,36600,318,1,75,75,1,0,-1.199999213218689,0.0,0.0,0.0,0.0625,0.0,0,0,4,120,-1,-1,-1,0.0
stage1b_single_agent_tiny,2,36720,319,1,75,75,1,0,-1.199999213218689,0.0,0.0,0.0,0.0625,0.0,0,0,4,120,-1,-1,-1,0.0
stage1b_single_agent_tiny,2,36840,320,1,75,75,1,0,-1.199999213218689,0.0,0.0,0.0,0.0625,0.0,0,0,4,120,-1,-1,-1,0.0
stage1b_single_agent_tiny,2,36960,321,1,75,75,1,0,-1.199999213218689,0.0,0.0,0.0,0.0625,0.0,0,0,4,120,-1,-1,-1,0.0
stage1b_single_agent_tiny,2,37080,322,1,75,75,1,0,-1.199999213218689,0.0,0.0,0.0,0.0625,0.0,0,0,4,120,-1,-1,-1,0.0
stage1b_single_agent_tiny,2,37200,323,1,75,75,1,0,-1.199999213218689,0.0,0.0,0.0,0.0625,0.0,0,0,4,120,-1,-1,-1,0.0
stage1b_single_agent_tiny,2,37320,324,1,75,75,1,0,-1.199999213218689,0.0,0.0,0.0,0.0625,0.0,0,0,4,120,-1,-1,-1,0.0
stage1b_single_agent_tiny,2,37440,325,1,75,75,1,0,-1.199999213218689,0.0,0.0,0.0,0.0625,0.0,0,0,4,120,-1,-1,-1,0.0
stage1b_single_agent_tiny,2,37560,326,1,75,75,1,0,-1.199999213218689,0.0,0.0,0.0,0.0625,0.0,0,0,4,120,-1,-1,-1,0.0
stage1b_single_agent_tiny,2,37680,327,1,75,75,1,0,-1.199999213218689,0.0,0.0,0.0,0.0625,0.0,0,0,4,120,-1,-1,-1,0.0
stage1b_single_agent_tiny,2,37800,328,1,75,75,1,0,-1.199999213218689,0.0,0.0,0.0,0.0625,0.0,0,0,4,120,-1,-1,-1,0.0
stage1b_single_agent_tiny,2,37920,329,1,75,75,1,0,-1.199999213218689,0.0,0.0,0.0,0.0625,0.0,0,0,4,120,-1,-1,-1,0.0
stage1b_single_agent_tiny,2,38040,330,1,75,75,1,0,-1.199999213218689,0.0,0.0,0.0,0.0625,0.0,0,0,4,120,-1,-1,-1,0.0
stage1b_single_agent_tiny,2,38160,331,1,75,75,1,0,-1.199999213218689,0.0,0.0,0.0,0.0625,0.0,0,0,4,120,-1,-1,-1,0.0
stage1b_single_agent_tiny,2,38280,332,1,75,75,1,0,-1.199999213218689,0.0,0.0,0.0,0.0625,0.0,0,0,4,120,-1,-1,-1,0.0
stage1b_single_agent_tiny,2,38400,333,1,75,75,1,0,-1.199999213218689,0.0,0.0,0.0,0.0625,0.0,0,0,4,120,-1,-1,-1,0.0
stage1b_single_agent_tiny,2,38520,334,1,75,75,1,0,-1.199999213218689,0.0,0.0,0.0,0.0625,0.0,0,0,4,120,-1,-1,-1,0.0
stage1b_single_agent_tiny,2,38640,335,1,75,75,1,0,-1.199999213218689,0.0,0.0,0.0,0.0625,0.0,0,0,4,120,-1,-1,-1,0.0
stage1b_single_agent_tiny,2,38760,336,1,75,75,1,0,-1.199999213218689,0.0,0.0,0.0,0.0625,0.0,0,0,4,120,-1,-1,-1,0.0
stage1b_single_agent_tiny,2,38880,337,1,75,75,1,0,-1.199999213218689,0.0,0.0,0.0,0.0625,0.0,0,0,4,120,-1,-1,-1,0.0
stage1b_single_agent_tiny,2,39000,338,1,75,75,1,0,-1.199999213218689,0.0,0.0,0.0,0.0625,0.0,0,0,4,120,-1,-1,-1,0.0
stage1b_single_agent_tiny,2,39120,339,1,75,75,1,0,-1.199999213218689,0.0,0.0,0.0,0.0625,0.0,0,0,4,120,-1,-1,-1,0.0
stage1b_single_agent_tiny,2,39240,340,1,75,75,1,0,-1.199999213218689,0.0,0.0,0.0,0.0625,0.0,0,0,4,120,-1,-1,-1,0.0
stage1b_single_agent_tiny,2,39360,341,1,75,75,1,0,-1.199999213218689,0.0,0.0,0.0,0.0625,0.0,0,0,4,120,-1,-1,-1,0.0
stage1b_single_agent_tiny,2,39480,342,1,75,75,1,0,-1.199999213218689,0.0,0.0,0.0,0.0625,0.0,0,0,4,120,-1,-1,-1,0.0
stage1b_single_agent_tiny,2,39600,343,1,75,75,1,0,-1.199999213218689,0.0,0.0,0.0,0.0625,0.0,0,0,4,120,-1,-1,-1,0.0
stage1b_single_agent_tiny,2,39720,344,1,75,75,1,0,-1.199999213218689,0.0,0.0,0.0,0.0625,0.0,0,0,4,120,-1,-1,-1,0.0
stage1b_single_agent_tiny,2,39840,345,1,75,75,1,0,-1.199999213218689,0.0,0.0,0.0,0.0625,0.0,0,0,4,120,-1,-1,-1,0.0
stage1b_single_agent_tiny,2,39960,346,1,75,75,1,0,-1.199999213218689,0.0,0.0,0.0,0.0625,0.0,0,0,4,120,-1,-1,-1,0.0
stage1b_single_agent_tiny,2,40080,347,1,75,75,1,0,-1.199999213218689,0.0,0.0,0.0,0.0625,0.0,0,0,4,120,-1,-1,-1,0.0
stage1b_single_agent_tiny,2,40200,348,1,75,75,1,0,-1.199999213218689,0.0,0.0,0.0,0.0625,0.0,0,0,4,120,-1,-1,-1,0.0
stage1b_single_agent_tiny,2,40320,349,1,75,75,1,0,-1.199999213218689,0.0,0.0,0.0,0.0625,0.0,0,0,4,120,-1,-1,-1,0.0
stage1b_single_agent_tiny,2,40440,350,1,75,75,1,0,-1.199999213218689,0.0,0.0,0.0,0.0625,0.0,0,0,4,120,-1,-1,-1,0.0
stage1b_single_agent_tiny,2,40560,351,1,75,75,1,0,-1.199999213218689,0.0,0.0,0.0,0.0625,0.0,0,0,4,120,-1,-1,-1,0.0
stage1b_single_agent_tiny,2,40680,352,1,75,75,1,0,-1.2299991846084595,0.0,0.0,0.0,0.0625,0.0,0,0,4,120,-1,-1,-1,0.0
stage1b_single_agent_tiny,2,40800,353,1,75,75,1,0,-1.199999213218689,0.0,0.0,0.0,0.0625,0.0,0,0,4,120,-1,-1,-1,0.0
stage1b_single_agent_tiny,2,40920,354,1,75,75,1,0,-1.199999213218689,0.0,0.0,0.0,0.0625,0.0,0,0,4,120,-1,-1,-1,0.0
stage1b_single_agent_tiny,2,41040,355,1,75,75,1,0,-1.199999213218689,0.0,0.0,0.0,0.0625,0.0,0,0,4,120,-1,-1,-1,0.0
stage1b_single_agent_tiny,2,41160,356,1,75,75,1,0,-1.199999213218689,0.0,0.0,0.0,0.0625,0.0,0,0,4,120,-1,-1,-1,0.0
stage1b_single_agent_tiny,2,41280,357,1,75,75,1,0,-1.199999213218689,0.0,0.0,0.0,0.0625,0.0,0,0,4,120,-1,-1,-1,0.0
stage1b_single_agent_tiny,2,41400,358,1,75,75,1,0,-1.199999213218689,0.0,0.0,0.0,0.0625,0.0,0,0,4,120,-1,-1,-1,0.0
stage1b_single_agent_tiny,2,41520,359,1,75,75,1,0,-1.199999213218689,0.0,0.0,0.0,0.0625,0.0,0,0,4,120,-1,-1,-1,0.0
stage1b_single_agent_tiny,2,41640,360,1,75,75,1,0,-1.199999213218689,0.0,0.0,0.0,0.0625,0.0,0,0,4,120,-1,-1,-1,0.0
stage1b_single_agent_tiny,2,41760,361,1,75,75,1,0,-1.199999213218689,0.0,0.0,0.0,0.0625,0.0,0,0,4,120,-1,-1,-1,0.0
stage1b_single_agent_tiny,2,41880,362,1,75,75,1,0,-1.199999213218689,0.0,0.0,0.0,0.0625,0.0,0,0,4,120,-1,-1,-1,0.0
stage1b_single_agent_tiny,2,42000,363,1,75,75,1,0,-1.199999213218689,0.0,0.0,0.0,0.0625,0.0,0,0,4,120,-1,-1,-1,0.0
stage1b_single_agent_tiny,2,42120,364,1,75,75,1,0,-1.199999213218689,0.0,0.0,0.0,0.0625,0.0,0,0,4,120,-1,-1,-1,0.0
stage1b_single_agent_tiny,2,42240,365,1,75,75,1,0,-1.199999213218689,0.0,0.0,0.0,0.0625,0.0,0,0,4,120,-1,-1,-1,0.0
stage1b_single_agent_tiny,2,42360,366,1,75,75,1,0,-1.199999213218689,0.0,0.0,0.0,0.0625,0.0,0,0,4,120,-1,-1,-1,0.0
stage1b_single_agent_tiny,2,42480,367,1,75,75,1,0,-1.199999213218689,0.0,0.0,0.0,0.0625,0.0,0,0,4,120,-1,-1,-1,0.0
stage1b_single_agent_tiny,2,42600,368,1,75,75,1,0,-1.199999213218689,0.0,0.0,0.0,0.0625,0.0,0,0,4,120,-1,-1,-1,0.0
stage1b_single_agent_tiny,2,42720,369,1,75,75,1,0,-1.199999213218689,0.0,0.0,0.0,0.0625,0.0,0,0,4,120,-1,-1,-1,0.0
stage1b_single_agent_tiny,2,42840,370,1,75,75,1,0,-1.199999213218689,0.0,0.0,0.0,0.0625,0.0,0,0,4,120,-1,-1,-1,0.0
stage1b_single_agent_tiny,2,42960,371,1,75,75,1,0,-1.199999213218689,0.0,0.0,0.0,0.0625,0.0,0,0,4,120,-1,-1,-1,0.0
stage1b_single_agent_tiny,2,43080,372,1,75,75,1,0,-1.199999213218689,0.0,0.0,0.0,0.0625,0.0,0,0,4,120,-1,-1,-1,0.0
stage1b_single_agent_tiny,2,43200,373,1,75,75,1,0,-1.199999213218689,0.0,0.0,0.0,0.0625,0.0,0,0,4,120,-1,-1,-1,0.0
stage1b_single_agent_tiny,2,43320,374,1,75,75,1,0,-1.199999213218689,0.0,0.0,0.0,0.0625,0.0,0,0,4,120,-1,-1,-1,0.0
stage1b_single_agent_tiny,2,43440,375,1,75,75,1,0,-1.199999213218689,0.0,0.0,0.0,0.0625,0.0,0,0,4,120,-1,-1,-1,0.0
stage1b_single_agent_tiny,2,43560,376,1,75,75,1,0,-1.199999213218689,0.0,0.0,0.0,0.0625,0.0,0,0,4,120,-1,-1,-1,0.0
stage1b_single_agent_tiny,2,43680,377,1,75,75,1,0,-1.199999213218689,0.0,0.0,0.0,0.0625,0.0,0,0,4,120,-1,-1,-1,0.0
stage1b_single_agent_tiny,2,43800,378,1,75,75,1,0,-1.199999213218689,0.0,0.0,0.0,0.0625,0.0,0,0,4,120,-1,-1,-1,0.0
stage1b_single_agent_tiny,2,43920,379,1,75,75,1,0,-1.199999213218689,0.0,0.0,0.0,0.0625,0.0,0,0,4,120,-1,-1,-1,0.0
stage1b_single_agent_tiny,2,44040,380,1,75,75,1,0,-1.199999213218689,0.0,0.0,0.0,0.0625,0.0,0,0,4,120,-1,-1,-1,0.0
stage1b_single_agent_tiny,2,44160,381,1,75,75,1,0,-1.199999213218689,0.0,0.0,0.0,0.0625,0.0,0,0,4,120,-1,-1,-1,0.0
stage1b_single_agent_tiny,2,44280,382,1,75,75,1,0,-1.199999213218689,0.0,0.0,0.0,0.0625,0.0,0,0,4,120,-1,-1,-1,0.0
stage1b_single_agent_tiny,2,44400,383,1,75,75,1,0,-1.199999213218689,0.0,0.0,0.0,0.0625,0.0,0,0,4,120,-1,-1,-1,0.0
stage1b_single_agent_tiny,2,44520,384,1,75,75,1,0,-1.199999213218689,0.0,0.0,0.0,0.0625,0.0,0,0,4,120,-1,-1,-1,0.0
stage1b_single_agent_tiny,2,44640,385,1,75,75,1,0,-1.2201340198516846,0.0,0.0,0.0,0.0625,0.0,0,0,4,120,-1,-1,-1,0.0
stage1b_single_agent_tiny,2,44760,386,1,75,75,1,0,-1.2199991941452026,0.0,0.0,0.0,0.0625,0.0,0,0,4,120,-1,-1,-1,0.0
stage1b_single_agent_tiny,2,44880,387,1,75,75,1,0,-1.199999213218689,0.0,0.0,0.0,0.0625,0.0,0,0,4,120,-1,-1,-1,0.0
stage1b_single_agent_tiny,2,45000,388,1,75,75,1,0,-1.199999213218689,0.0,0.0,0.0,0.0625,0.0,0,0,4,120,-1,-1,-1,0.0
stage1b_single_agent_tiny,2,45120,389,1,75,75,1,0,-1.199999213218689,0.0,0.0,0.0,0.0625,0.0,0,0,4,120,-1,-1,-1,0.0
stage1b_single_agent_tiny,2,45240,390,1,75,75,1,0,-2.709998846054077,0.0,0.0,0.0,0.0625,0.0,0,0,4,120,-1,-1,-1,0.0
stage1b_single_agent_tiny,2,45360,391,1,75,75,1,0,-1.199999213218689,0.0,0.0,0.0,0.0625,0.0,0,0,4,120,-1,-1,-1,0.0
stage1b_single_agent_tiny,2,45480,392,1,75,75,1,0,-1.199999213218689,0.0,0.0,0.0,0.0625,0.0,0,0,4,120,-1,-1,-1,0.0
stage1b_single_agent_tiny,2,45600,393,1,75,75,1,0,-1.199999213218689,0.0,0.0,0.0,0.0625,0.0,0,0,4,120,-1,-1,-1,0.0
stage1b_single_agent_tiny,2,45720,394,1,75,75,1,0,-1.199999213218689,0.0,0.0,0.0,0.0625,0.0,0,0,4,120,-1,-1,-1,0.0
stage1b_single_agent_tiny,2,45840,395,1,75,75,1,0,-1.199999213218689,0.0,0.0,0.0,0.0625,0.0,0,0,4,120,-1,-1,-1,0.0
stage1b_single_agent_tiny,2,45960,396,1,75,75,1,0,-1.199999213218689,0.0,0.0,0.0,0.0625,0.0,0,0,4,120,-1,-1,-1,0.0
stage1b_single_agent_tiny,2,46080,397,1,75,75,1,0,-1.199999213218689,0.0,0.0,0.0,0.0625,0.0,0,0,4,120,-1,-1,-1,0.0
stage1b_single_agent_tiny,2,46200,398,1,75,75,1,0,-1.2099992036819458,0.0,0.0,0.0,0.0625,0.0,0,0,4,120,-1,-1,-1,0.0
stage1b_single_agent_tiny,2,46320,399,1,75,75,1,0,-1.2099992036819458,0.0,0.0,0.0,0.0625,0.0,0,0,4,120,-1,-1,-1,0.0
stage1b_single_agent_tiny,2,46440,400,1,75,75,1,0,-1.199999213218689,0.0,0.0,0.0,0.0625,0.0,0,0,4,120,-1,-1,-1,0.0
stage1b_single_agent_tiny,2,46560,401,1,75,75,1,0,-1.199999213218689,0.0,0.0,0.0,0.0625,0.0,0,0,4,120,-1,-1,-1,0.0
stage1b_single_agent_tiny,2,46680,402,1,75,75,1,0,-1.199999213218689,0.0,0.0,0.0,0.0625,0.0,0,0,4,120,-1,-1,-1,0.0
stage1b_single_agent_tiny,2,46800,403,1,75,75,1,0,-1.199999213218689,0.0,0.0,0.0,0.0625,0.0,0,0,4,120,-1,-1,-1,0.0
stage1b_single_agent_tiny,2,46920,404,1,75,75,1,0,-1.199999213218689,0.0,0.0,0.0,0.0625,0.0,0,0,4,120,-1,-1,-1,0.0
stage1b_single_agent_tiny,2,47040,405,1,75,75,1,0,-1.199999213218689,0.0,0.0,0.0,0.0625,0.0,0,0,4,120,-1,-1,-1,0.0
stage1b_single_agent_tiny,2,47160,406,1,75,75,1,0,-1.199999213218689,0.0,0.0,0.0,0.0625,0.0,0,0,4,120,-1,-1,-1,0.0
stage1b_single_agent_tiny,2,47280,407,1,75,75,1,0,-1.199999213218689,0.0,0.0,0.0,0.0625,0.0,0,0,4,120,-1,-1,-1,0.0
stage1b_single_agent_tiny,2,47400,408,1,75,75,1,0,-1.199999213218689,0.0,0.0,0.0,0.0625,0.0,0,0,4,120,-1,-1,-1,0.0
stage1b_single_agent_tiny,2,47520,409,1,75,75,1,0,-1.2099992036819458,0.0,0.0,0.0,0.0625,0.0,0,0,4,120,-1,-1,-1,0.0
stage1b_single_agent_tiny,2,47640,410,1,75,75,1,0,-1.199999213218689,0.0,0.0,0.0,0.0625,0.0,0,0,4,120,-1,-1,-1,0.0
stage1b_single_agent_tiny,2,47760,411,1,75,75,1,0,-1.199999213218689,0.0,0.0,0.0,0.0625,0.0,0,0,4,120,-1,-1,-1,0.0
stage1b_single_agent_tiny,2,47880,412,1,75,75,1,0,-1.199999213218689,0.0,0.0,0.0,0.0625,0.0,0,0,4,120,-1,-1,-1,0.0
stage1b_single_agent_tiny,2,48000,413,1,75,75,1,0,-1.199999213218689,0.0,0.0,0.0,0.0625,0.0,0,0,4,120,-1,-1,-1,0.0
stage1b_single_agent_tiny,2,48120,414,1,75,75,1,0,-1.199999213218689,0.0,0.0,0.0,0.0625,0.0,0,0,4,120,-1,-1,-1,0.0
stage1b_single_agent_tiny,2,48240,415,1,75,75,1,0,-1.199999213218689,0.0,0.0,0.0,0.0625,0.0,0,0,4,120,-1,-1,-1,0.0
stage1b_single_agent_tiny,2,48360,416,1,75,75,1,0,-1.199999213218689,0.0,0.0,0.0,0.0625,0.0,0,0,4,120,-1,-1,-1,0.0
stage1b_single_agent_tiny,2,48480,417,1,75,75,1,0,-1.199999213218689,0.0,0.0,0.0,0.0625,0.0,0,0,4,120,-1,-1,-1,0.0
stage1b_single_agent_tiny,2,48600,418,1,75,75,1,0,-1.199999213218689,0.0,0.0,0.0,0.0625,0.0,0,0,4,120,-1,-1,-1,0.0
stage1b_single_agent_tiny,2,48720,419,1,75,75,1,0,-1.199999213218689,0.0,0.0,0.0,0.0625,0.0,0,0,4,120,-1,-1,-1,0.0
stage1b_single_agent_tiny,2,48840,420,1,75,75,1,0,-2.719265937805176,0.0,0.0,0.0,0.0625,0.0,0,0,4,120,-1,-1,-1,0.0
stage1b_single_agent_tiny,2,48960,421,1,75,75,1,0,-1.199999213218689,0.0,0.0,0.0,0.0625,0.0,0,0,4,120,-1,-1,-1,0.0
stage1b_single_agent_tiny,2,49080,422,1,75,75,1,0,-1.2099992036819458,0.0,0.0,0.0,0.0625,0.0,0,0,4,120,-1,-1,-1,0.0
stage1b_single_agent_tiny,2,49200,423,1,75,75,1,0,-1.199999213218689,0.0,0.0,0.0,0.0625,0.0,0,0,4,120,-1,-1,-1,0.0
stage1b_single_agent_tiny,2,49320,424,1,75,75,1,0,-1.199999213218689,0.0,0.0,0.0,0.0625,0.0,0,0,4,120,-1,-1,-1,0.0
stage1b_single_agent_tiny,2,49440,425,1,75,75,1,0,-1.199999213218689,0.0,0.0,0.0,0.0625,0.0,0,0,4,120,-1,-1,-1,0.0
stage1b_single_agent_tiny,2,49560,426,1,75,75,1,0,-1.199999213218689,0.0,0.0,0.0,0.0625,0.0,0,0,4,120,-1,-1,-1,0.0
stage1b_single_agent_tiny,2,49680,427,1,75,75,1,0,-1.199999213218689,0.0,0.0,0.0,0.0625,0.0,0,0,4,120,-1,-1,-1,0.0
stage1b_single_agent_tiny,2,49800,428,1,75,75,1,0,-1.199999213218689,0.0,0.0,0.0,0.0625,0.0,0,0,4,120,-1,-1,-1,0.0
stage1b_single_agent_tiny,2,49920,429,1,75,75,1,0,-1.199999213218689,0.0,0.0,0.0,0.0625,0.0,0,0,4,120,-1,-1,-1,0.0
stage1b_single_agent_tiny,2,50040,430,1,75,75,1,0,-1.199999213218689,0.0,0.0,0.0,0.0625,0.0,0,0,4,120,-1,-1,-1,0.0
stage1b_single_agent_tiny,2,50160,431,1,75,75,1,0,-1.199999213218689,0.0,0.0,0.0,0.0625,0.0,0,0,4,120,-1,-1,-1,0.0
stage1b_single_agent_tiny,2,50280,432,1,75,75,1,0,-1.199999213218689,0.0,0.0,0.0,0.0625,0.0,0,0,4,120,-1,-1,-1,0.0
stage1b_single_agent_tiny,2,50400,433,1,75,75,1,0,-1.199999213218689,0.0,0.0,0.0,0.0625,0.0,0,0,4,120,-1,-1,-1,0.0
stage1b_single_agent_tiny,2,50520,434,1,75,75,1,0,-1.199999213218689,0.0,0.0,0.0,0.0625,0.0,0,0,4,120,-1,-1,-1,0.0
stage1b_single_agent_tiny,2,50640,435,1,75,75,1,0,-1.199999213218689,0.0,0.0,0.0,0.0625,0.0,0,0,4,120,-1,-1,-1,0.0
stage1b_single_agent_tiny,2,50760,436,1,75,75,1,0,-1.199999213218689,0.0,0.0,0.0,0.0625,0.0,0,0,4,120,-1,-1,-1,0.0
stage1b_single_agent_tiny,2,50880,437,1,75,75,1,0,-1.199999213218689,0.0,0.0,0.0,0.0625,0.0,0,0,4,120,-1,-1,-1,0.0
stage1b_single_agent_tiny,2,51000,438,1,75,75,1,0,-1.199999213218689,0.0,0.0,0.0,0.0625,0.0,0,0,4,120,-1,-1,-1,0.0
stage1b_single_agent_tiny,2,51120,439,1,75,75,1,0,-1.199999213218689,0.0,0.0,0.0,0.0625,0.0,0,0,4,120,-1,-1,-1,0.0
stage1b_single_agent_tiny,2,51240,440,1,75,75,1,0,-1.199999213218689,0.0,0.0,0.0,0.0625,0.0,0,0,4,120,-1,-1,-1,0.0
stage1b_single_agent_tiny,2,51360,441,1,75,75,1,0,-1.199999213218689,0.0,0.0,0.0,0.0625,0.0,0,0,4,120,-1,-1,-1,0.0
stage1b_single_agent_tiny,2,51480,442,1,75,75,1,0,-1.199999213218689,0.0,0.0,0.0,0.0625,0.0,0,0,4,120,-1,-1,-1,0.0
stage1b_single_agent_tiny,2,51600,443,1,75,75,1,0,-1.199999213218689,0.0,0.0,0.0,0.0625,0.0,0,0,4,120,-1,-1,-1,0.0
stage1b_single_agent_tiny,2,51720,444,1,75,75,1,0,-1.199999213218689,0.0,0.0,0.0,0.0625,0.0,0,0,4,120,-1,-1,-1,0.0
stage1b_single_agent_tiny,2,51840,445,1,75,75,1,0,-1.199999213218689,0.0,0.0,0.0,0.0625,0.0,0,0,4,120,-1,-1,-1,0.0
stage1b_single_agent_tiny,2,51960,446,1,75,75,1,0,-1.199999213218689,0.0,0.0,0.0,0.0625,0.0,0,0,4,120,-1,-1,-1,0.0
stage1b_single_agent_tiny,2,52080,447,1,75,75,1,0,-1.199999213218689,0.0,0.0,0.0,0.0625,0.0,0,0,4,120,-1,-1,-1,0.0
stage1b_single_agent_tiny,2,52200,448,1,75,75,1,0,-1.199999213218689,0.0,0.0,0.0,0.0625,0.0,0,0,4,120,-1,-1,-1,0.0
stage1b_single_agent_tiny,2,52320,449,1,75,75,1,0,-1.199999213218689,0.0,0.0,0.0,0.0625,0.0,0,0,4,120,-1,-1,-1,0.0
stage1b_single_agent_tiny,2,52440,450,1,75,75,1,0,-1.199999213218689,0.0,0.0,0.0,0.0625,0.0,0,0,4,120,-1,-1,-1,0.0
stage1b_single_agent_tiny,2,52560,451,1,75,75,1,0,-1.199999213218689,0.0,0.0,0.0,0.0625,0.0,0,0,4,120,-1,-1,-1,0.0
stage1b_single_agent_tiny,2,52680,452,1,75,75,1,0,-1.199999213218689,0.0,0.0,0.0,0.0625,0.0,0,0,4,120,-1,-1,-1,0.0
stage1b_single_agent_tiny,2,52800,453,1,75,75,1,0,-1.199999213218689,0.0,0.0,0.0,0.0625,0.0,0,0,4,120,-1,-1,-1,0.0
stage1b_single_agent_tiny,2,52920,454,1,75,75,1,0,-1.199999213218689,0.0,0.0,0.0,0.0625,0.0,0,0,4,120,-1,-1,-1,0.0
stage1b_single_agent_tiny,2,53040,455,1,75,75,1,0,-1.199999213218689,0.0,0.0,0.0,0.0625,0.0,0,0,4,120,-1,-1,-1,0.0
stage1b_single_agent_tiny,2,53160,456,1,75,75,1,0,-1.199999213218689,0.0,0.0,0.0,0.0625,0.0,0,0,4,120,-1,-1,-1,0.0
stage1b_single_agent_tiny,2,53280,457,1,75,75,1,0,-1.199999213218689,0.0,0.0,0.0,0.0625,0.0,0,0,4,120,-1,-1,-1,0.0
stage1b_single_agent_tiny,2,53400,458,1,75,75,1,0,-1.199999213218689,0.0,0.0,0.0,0.0625,0.0,0,0,4,120,-1,-1,-1,0.0
stage1b_single_agent_tiny,2,53520,459,1,75,75,1,0,-1.199999213218689,0.0,0.0,0.0,0.0625,0.0,0,0,4,120,-1,-1,-1,0.0
stage1b_single_agent_tiny,2,53640,460,1,75,75,1,0,-1.199999213218689,0.0,0.0,0.0,0.0625,0.0,0,0,4,120,-1,-1,-1,0.0
stage1b_single_agent_tiny,2,53760,461,1,75,75,1,0,-1.199999213218689,0.0,0.0,0.0,0.0625,0.0,0,0,4,120,-1,-1,-1,0.0
stage1b_single_agent_tiny,2,53880,462,1,75,75,1,0,-1.199999213218689,0.0,0.0,0.0,0.0625,0.0,0,0,4,120,-1,-1,-1,0.0
stage1b_single_agent_tiny,2,54000,463,1,75,75,1,0,-1.199999213218689,0.0,0.0,0.0,0.0625,0.0,0,0,4,120,-1,-1,-1,0.0
stage1b_single_agent_tiny,2,54120,464,1,75,75,1,0,-1.199999213218689,0.0,0.0,0.0,0.0625,0.0,0,0,4,120,-1,-1,-1,0.0
stage1b_single_agent_tiny,2,54240,465,1,75,75,1,0,-1.199999213218689,0.0,0.0,0.0,0.0625,0.0,0,0,4,120,-1,-1,-1,0.0
stage1b_single_agent_tiny,2,54360,466,1,75,75,1,0,-1.199999213218689,0.0,0.0,0.0,0.0625,0.0,0,0,4,120,-1,-1,-1,0.0
stage1b_single_agent_tiny,2,54480,467,1,75,75,1,0,-1.199999213218689,0.0,0.0,0.0,0.0625,0.0,0,0,4,120,-1,-1,-1,0.0
stage1b_single_agent_tiny,2,54600,468,1,75,75,1,0,-1.199999213218689,0.0,0.0,0.0,0.0625,0.0,0,0,4,120,-1,-1,-1,0.0
stage1b_single_agent_tiny,2,54720,469,1,75,75,1,0,-1.199999213218689,0.0,0.0,0.0,0.0625,0.0,0,0,4,120,-1,-1,-1,0.0
stage1b_single_agent_tiny,2,54840,470,1,75,75,1,0,-1.199999213218689,0.0,0.0,0.0,0.0625,0.0,0,0,4,120,-1,-1,-1,0.0
stage1b_single_agent_tiny,2,54960,471,1,75,75,1,0,-1.199999213218689,0.0,0.0,0.0,0.0625,0.0,0,0,4,120,-1,-1,-1,0.0
stage1b_single_agent_tiny,2,55080,472,1,75,75,1,0,-1.199999213218689,0.0,0.0,0.0,0.0625,0.0,0,0,4,120,-1,-1,-1,0.0
stage1b_single_agent_tiny,2,55200,473,1,75,75,1,0,-1.199999213218689,0.0,0.0,0.0,0.0625,0.0,0,0,4,120,-1,-1,-1,0.0
stage1b_single_agent_tiny,2,55320,474,1,75,75,1,0,-1.199999213218689,0.0,0.0,0.0,0.0625,0.0,0,0,4,120,-1,-1,-1,0.0
stage1b_single_agent_tiny,2,55440,475,1,75,75,1,0,-1.199999213218689,0.0,0.0,0.0,0.0625,0.0,0,0,4,120,-1,-1,-1,0.0
stage1b_single_agent_tiny,2,55560,476,1,75,75,1,0,-1.199999213218689,0.0,0.0,0.0,0.0625,0.0,0,0,4,120,-1,-1,-1,0.0
stage1b_single_agent_tiny,2,55680,477,1,75,75,1,0,-1.199999213218689,0.0,0.0,0.0,0.0625,0.0,0,0,4,120,-1,-1,-1,0.0
stage1b_single_agent_tiny,2,55800,478,1,75,75,1,0,-1.199999213218689,0.0,0.0,0.0,0.0625,0.0,0,0,4,120,-1,-1,-1,0.0
stage1b_single_agent_tiny,2,55920,479,1,75,75,1,0,-1.199999213218689,0.0,0.0,0.0,0.0625,0.0,0,0,4,120,-1,-1,-1,0.0
stage1b_single_agent_tiny,2,56040,480,1,75,75,1,0,-1.199999213218689,0.0,0.0,0.0,0.0625,0.0,0,0,4,120,-1,-1,-1,0.0
stage1b_single_agent_tiny,2,56160,481,1,75,75,1,0,-1.199999213218689,0.0,0.0,0.0,0.0625,0.0,0,0,4,120,-1,-1,-1,0.0
stage1b_single_agent_tiny,2,56280,482,1,75,75,1,0,-1.199999213218689,0.0,0.0,0.0,0.0625,0.0,0,0,4,120,-1,-1,-1,0.0
stage1b_single_agent_tiny,2,56400,483,1,75,75,1,0,-1.199999213218689,0.0,0.0,0.0,0.0625,0.0,0,0,4,120,-1,-1,-1,0.0
stage1b_single_agent_tiny,2,56520,484,1,75,75,1,0,-1.199999213218689,0.0,0.0,0.0,0.0625,0.0,0,0,4,120,-1,-1,-1,0.0
stage1b_single_agent_tiny,2,56640,485,1,75,75,1,0,-1.199999213218689,0.0,0.0,0.0,0.0625,0.0,0,0,4,120,-1,-1,-1,0.0
stage1b_single_agent_tiny,2,56760,486,1,75,75,1,0,-1.199999213218689,0.0,0.0,0.0,0.0625,0.0,0,0,4,120,-1,-1,-1,0.0
stage1b_single_agent_tiny,2,56880,487,1,75,75,1,0,-1.199999213218689,0.0,0.0,0.0,0.0625,0.0,0,0,4,120,-1,-1,-1,0.0
stage1b_single_agent_tiny,2,57000,488,1,75,75,1,0,-1.199999213218689,0.0,0.0,0.0,0.0625,0.0,0,0,4,120,-1,-1,-1,0.0
stage1b_single_agent_tiny,2,57120,489,1,75,75,1,0,-1.199999213218689,0.0,0.0,0.0,0.0625,0.0,0,0,4,120,-1,-1,-1,0.0
stage1b_single_agent_tiny,2,57240,490,1,75,75,1,0,-1.199999213218689,0.0,0.0,0.0,0.0625,0.0,0,0,4,120,-1,-1,-1,0.0
stage1b_single_agent_tiny,2,57360,491,1,75,75,1,0,-1.199999213218689,0.0,0.0,0.0,0.0625,0.0,0,0,4,120,-1,-1,-1,0.0
stage1b_single_agent_tiny,2,57480,492,1,75,75,1,0,-1.199999213218689,0.0,0.0,0.0,0.0625,0.0,0,0,4,120,-1,-1,-1,0.0
stage1b_single_agent_tiny,2,57600,493,1,75,75,1,0,-1.199999213218689,0.0,0.0,0.0,0.0625,0.0,0,0,4,120,-1,-1,-1,0.0
stage1b_single_agent_tiny,2,57720,494,1,75,75,1,0,-1.199999213218689,0.0,0.0,0.0,0.0625,0.0,0,0,4,120,-1,-1,-1,0.0
stage1b_single_agent_tiny,2,57840,495,1,75,75,1,0,-1.199999213218689,0.0,0.0,0.0,0.0625,0.0,0,0,4,120,-1,-1,-1,0.0
stage1b_single_agent_tiny,2,57960,496,1,75,75,1,0,-1.199999213218689,0.0,0.0,0.0,0.0625,0.0,0,0,4,120,-1,-1,-1,0.0
stage1b_single_agent_tiny,2,58080,497,1,75,75,1,0,-1.199999213218689,0.0,0.0,0.0,0.0625,0.0,0,0,4,120,-1,-1,-1,0.0
stage1b_single_agent_tiny,2,58200,498,1,75,75,1,0,-1.199999213218689,0.0,0.0,0.0,0.0625,0.0,0,0,4,120,-1,-1,-1,0.0
stage1b_single_agent_tiny,2,58320,499,1,75,75,1,0,-1.199999213218689,0.0,0.0,0.0,0.0625,0.0,0,0,4,120,-1,-1,-1,0.0
stage1b_single_agent_tiny,2,58440,500,1,75,75,1,0,-1.199999213218689,0.0,0.0,0.0,0.0625,0.0,0,0,4,120,-1,-1,-1,0.0
stage1b_single_agent_tiny,2,58560,501,1,75,75,1,0,-1.199999213218689,0.0,0.0,0.0,0.0625,0.0,0,0,4,120,-1,-1,-1,0.0
stage1b_single_agent_tiny,2,58680,502,1,75,75,1,0,-1.199999213218689,0.0,0.0,0.0,0.0625,0.0,0,0,4,120,-1,-1,-1,0.0
stage1b_single_agent_tiny,2,58800,503,1,75,75,1,0,-1.199999213218689,0.0,0.0,0.0,0.0625,0.0,0,0,4,120,-1,-1,-1,0.0
stage1b_single_agent_tiny,2,58920,504,1,75,75,1,0,-1.199999213218689,0.0,0.0,0.0,0.0625,0.0,0,0,4,120,-1,-1,-1,0.0
stage1b_single_agent_tiny,2,59040,505,1,75,75,1,0,-2.7192509174346924,0.0,0.0,0.0,0.0625,0.0,0,0,4,120,-1,-1,-1,0.0
stage1b_single_agent_tiny,2,59160,506,1,75,75,1,0,-1.199999213218689,0.0,0.0,0.0,0.0625,0.0,0,0,4,120,-1,-1,-1,0.0
stage1b_single_agent_tiny,2,59280,507,1,75,75,1,0,-1.199999213218689,0.0,0.0,0.0,0.0625,0.0,0,0,4,120,-1,-1,-1,0.0
stage1b_single_agent_tiny,2,59400,508,1,75,75,1,0,-1.199999213218689,0.0,0.0,0.0,0.0625,0.0,0,0,4,120,-1,-1,-1,0.0
stage1b_single_agent_tiny,2,59520,509,1,75,75,1,0,-1.199999213218689,0.0,0.0,0.0,0.0625,0.0,0,0,4,120,-1,-1,-1,0.0
stage1b_single_agent_tiny,2,59640,510,1,75,75,1,0,-1.199999213218689,0.0,0.0,0.0,0.0625,0.0,0,0,4,120,-1,-1,-1,0.0
stage1b_single_agent_tiny,2,59760,511,1,75,75,1,0,-1.199999213218689,0.0,0.0,0.0,0.0625,0.0,0,0,4,120,-1,-1,-1,0.0
stage1b_single_agent_tiny,2,59880,512,1,75,75,1,0,-1.199999213218689,0.0,0.0,0.0,0.0625,0.0,0,0,4,120,-1,-1,-1,0.0
stage1b_single_agent_tiny,2,60000,513,1,75,75,1,0,-1.199999213218689,0.0,0.0,0.0,0.0625,0.0,0,0,4,120,-1,-1,-1,0.0
stage1c_single_agent_small,3,60140,514,1,100,100,1,0,-1.3999990224838257,0.0,0.0,0.0,0.04,0.0,0,0,4,140,-1,-1,-1,0.0
stage1c_single_agent_small,3,60280,515,1,100,100,1,0,-1.3999990224838257,0.0,0.0,0.0,0.04,0.0,0,0,4,140,-1,-1,-1,0.0
stage1c_single_agent_small,3,60420,516,1,100,100,1,0,-1.3999990224838257,0.0,0.0,0.0,0.04,0.0,0,0,4,140,-1,-1,-1,0.0
stage1c_single_agent_small,3,60560,517,1,100,100,1,0,-1.3999990224838257,0.0,0.0,0.0,0.04,0.0,0,0,4,140,-1,-1,-1,0.0
stage1c_single_agent_small,3,60700,518,1,100,100,1,0,-1.4199411869049072,0.0,0.0,0.0,0.04,0.0,0,0,4,140,-1,-1,-1,0.0
stage1c_single_agent_small,3,60840,519,1,100,100,1,0,-1.3999990224838257,0.0,0.0,0.0,0.04,0.0,0,0,4,140,-1,-1,-1,0.0
stage1c_single_agent_small,3,60980,520,1,100,100,1,0,-1.3999990224838257,0.0,0.0,0.0,0.04,0.0,0,0,4,140,-1,-1,-1,0.0
stage1c_single_agent_small,3,61120,521,1,100,100,1,0,-1.3999990224838257,0.0,0.0,0.0,0.04,0.0,0,0,4,140,-1,-1,-1,0.0
stage1c_single_agent_small,3,61260,522,1,100,100,1,0,-1.3999990224838257,0.0,0.0,0.0,0.04,0.0,0,0,4,140,-1,-1,-1,0.0
stage1c_single_agent_small,3,61400,523,1,100,100,1,0,-1.4101676940917969,0.0,0.0,0.0,0.04,0.0,0,0,4,140,-1,-1,-1,0.0
stage1c_single_agent_small,3,61540,524,1,100,100,1,0,-1.3999990224838257,0.0,0.0,0.0,0.04,0.0,0,0,4,140,-1,-1,-1,0.0
stage1c_single_agent_small,3,61680,525,1,100,100,1,0,-1.3999990224838257,0.0,0.0,0.0,0.04,0.0,0,0,4,140,-1,-1,-1,0.0
stage1c_single_agent_small,3,61820,526,1,100,100,1,0,-1.3999990224838257,0.0,0.0,0.0,0.04,0.0,0,0,4,140,-1,-1,-1,0.0
stage1c_single_agent_small,3,61960,527,1,100,100,1,0,-1.3999990224838257,0.0,0.0,0.0,0.04,0.0,0,0,4,140,-1,-1,-1,0.0
stage1c_single_agent_small,3,62100,528,1,100,100,1,0,-1.3999990224838257,0.0,0.0,0.0,0.04,0.0,0,0,4,140,-1,-1,-1,0.0
stage1c_single_agent_small,3,62240,529,1,100,100,1,0,-1.3999990224838257,0.0,0.0,0.0,0.04,0.0,0,0,4,140,-1,-1,-1,0.0
stage1c_single_agent_small,3,62380,530,1,100,100,1,0,-1.3999990224838257,0.0,0.0,0.0,0.04,0.0,0,0,4,140,-1,-1,-1,0.0
stage1c_single_agent_small,3,62520,531,1,100,100,1,0,-1.3999990224838257,0.0,0.0,0.0,0.04,0.0,0,0,4,140,-1,-1,-1,0.0
stage1c_single_agent_small,3,62660,532,1,100,100,1,0,-1.4194389581680298,0.0,0.0,0.0,0.04,0.0,0,0,4,140,-1,-1,-1,0.0
stage1c_single_agent_small,3,62800,533,1,100,100,1,0,-1.3999990224838257,0.0,0.0,0.0,0.04,0.0,0,0,4,140,-1,-1,-1,0.0
stage1c_single_agent_small,3,62940,534,1,100,100,1,0,-1.3999990224838257,0.0,0.0,0.0,0.04,0.0,0,0,4,140,-1,-1,-1,0.0
stage1c_single_agent_small,3,63080,535,1,100,100,1,0,-1.3999990224838257,0.0,0.0,0.0,0.04,0.0,0,0,4,140,-1,-1,-1,0.0
stage1c_single_agent_small,3,63220,536,1,100,100,1,0,-1.4299989938735962,0.0,0.0,0.0,0.04,0.0,0,0,4,140,-1,-1,-1,0.0
stage1c_single_agent_small,3,63360,537,1,100,100,1,0,-1.4499989748001099,0.0,0.0,0.0,0.04,0.0,0,0,4,140,-1,-1,-1,0.0
stage1c_single_agent_small,3,63500,538,1,100,100,1,0,-1.420418381690979,0.0,0.0,0.0,0.04,0.0,0,0,4,140,-1,-1,-1,0.0
stage1c_single_agent_small,3,63640,539,1,100,100,1,0,-1.439998984336853,0.0,0.0,0.0,0.04,0.0,0,0,4,140,-1,-1,-1,0.0
stage1c_single_agent_small,3,63780,540,1,100,100,1,0,-1.3999990224838257,0.0,0.0,0.0,0.04,0.0,0,0,4,140,-1,-1,-1,0.0
stage1c_single_agent_small,3,63920,541,1,100,100,1,0,-1.4204070568084717,0.0,0.0,0.0,0.04,0.0,0,0,4,140,-1,-1,-1,0.0
stage1c_single_agent_small,3,64060,542,1,100,100,1,0,-1.4204907417297363,0.0,0.0,0.0,0.04,0.0,0,0,4,140,-1,-1,-1,0.0
stage1c_single_agent_small,3,64200,543,1,100,100,1,0,-1.4199990034103394,0.0,0.0,0.0,0.04,0.0,0,0,4,140,-1,-1,-1,0.0
stage1c_single_agent_small,3,64340,544,1,100,100,1,0,-1.4596278667449951,0.0,0.0,0.0,0.04,0.0,0,0,4,140,-1,-1,-1,0.0
stage1c_single_agent_small,3,64480,545,1,100,100,1,0,-1.4799988269805908,0.0,0.0,0.0,0.04,0.0,0,0,4,140,-1,-1,-1,0.0
stage1c_single_agent_small,3,64620,546,1,100,100,1,0,-1.3999990224838257,0.0,0.0,0.0,0.04,0.0,0,0,4,140,-1,-1,-1,0.0
stage1c_single_agent_small,3,64760,547,1,100,100,1,0,-1.3999990224838257,0.0,0.0,0.0,0.04,0.0,0,0,4,140,-1,-1,-1,0.0
stage1c_single_agent_small,3,64900,548,1,100,100,1,0,-1.4195103645324707,0.0,0.0,0.0,0.04,0.0,0,0,4,140,-1,-1,-1,0.0
stage1c_single_agent_small,3,65040,549,1,100,100,1,0,-1.3999990224838257,0.0,0.0,0.0,0.04,0.0,0,0,4,140,-1,-1,-1,0.0
stage1c_single_agent_small,3,65180,550,1,100,100,1,0,-1.4699989557266235,0.0,0.0,0.0,0.04,0.0,0,0,4,140,-1,-1,-1,0.0
stage1c_single_agent_small,3,65320,551,1,100,100,1,0,-1.4599989652633667,0.0,0.0,0.0,0.04,0.0,0,0,4,140,-1,-1,-1,0.0
stage1c_single_agent_small,3,65460,552,1,100,100,1,0,-1.470246434211731,0.0,0.0,0.0,0.04,0.0,0,0,4,140,-1,-1,-1,0.0
stage1c_single_agent_small,3,65600,553,1,100,100,1,0,-4.46000862121582,0.0,0.0,0.0,0.04,0.0,0,0,4,140,-1,-1,-1,0.0
stage1c_single_agent_small,3,65740,554,1,100,100,1,0,-1.439998984336853,0.0,0.0,0.0,0.04,0.0,0,0,4,140,-1,-1,-1,0.0
stage1c_single_agent_small,3,65745,555,1,100,100,1,0,22.42983055114746,4.0,4.0,0.0,0.04,0.8,1,0,0,5,1,-1,-1,0.0
stage1c_single_agent_small,3,65885,556,1,100,100,1,0,-1.4599990844726562,0.0,0.0,0.0,0.04,0.0,0,0,4,140,-1,-1,-1,0.0
stage1c_single_agent_small,3,66025,557,1,100,100,1,0,-1.5201992988586426,0.0,0.0,0.0,0.08,0.0,0,0,4,140,-1,-1,-1,0.0
stage1c_single_agent_small,3,66165,558,1,100,100,1,0,-1.5199989080429077,0.0,0.0,0.0,0.04,0.0,0,0,4,140,-1,-1,-1,0.0
stage1c_single_agent_small,3,66305,559,1,100,100,1,0,-1.499998927116394,0.0,0.0,0.0,0.08,0.0,0,0,4,140,-1,-1,-1,0.0
stage1c_single_agent_small,3,66445,560,1,100,100,1,0,-2.9799985885620117,0.0,0.0,0.0,0.04,0.0,0,0,4,140,-1,-1,-1,0.0
stage1c_single_agent_small,3,66585,561,1,100,100,1,0,-1.4203829765319824,0.0,0.0,0.0,0.04,0.0,0,0,4,140,-1,-1,-1,0.0
stage1c_single_agent_small,3,66725,562,1,100,100,1,0,-1.3999990224838257,0.0,0.0,0.0,0.04,0.0,0,0,4,140,-1,-1,-1,0.0
stage1c_single_agent_small,3,66865,563,1,100,100,1,0,-1.3999990224838257,0.0,0.0,0.0,0.04,0.0,0,0,4,140,-1,-1,-1,0.0
stage1c_single_agent_small,3,67005,564,1,100,100,1,0,-1.439998984336853,0.0,0.0,0.0,0.04,0.0,0,0,4,140,-1,-1,-1,0.0
stage1c_single_agent_small,3,67145,565,1,100,100,1,0,-1.3605328798294067,0.0,0.0,0.0,0.04,0.0,0,0,4,140,-1,-1,-1,0.0
stage1c_single_agent_small,3,67285,566,1,100,100,1,0,-1.4824578762054443,0.0,0.0,0.0,0.08,0.0,0,0,4,140,-1,-1,-1,0.0
stage1c_single_agent_small,3,67425,567,1,100,100,1,0,-1.4299989938735962,0.0,0.0,0.0,0.08,0.0,0,0,4,140,-1,-1,-1,0.0
stage1c_single_agent_small,3,67565,568,1,100,100,1,0,-1.559998869895935,0.0,0.0,0.0,0.04,0.0,0,0,4,140,-1,-1,-1,0.0
stage1c_single_agent_small,3,67705,569,1,100,100,1,0,-1.4599989652633667,0.0,0.0,0.0,0.04,0.0,0,0,4,140,-1,-1,-1,0.0
stage1c_single_agent_small,3,67845,570,1,100,100,1,0,-1.4499989748001099,0.0,0.0,0.0,0.04,0.0,0,0,4,140,-1,-1,-1,0.0
stage1c_single_agent_small,3,67985,571,1,100,100,1,0,-1.499998927116394,0.0,0.0,0.0,0.04,0.0,0,0,4,140,-1,-1,-1,0.0
stage1c_single_agent_small,3,68125,572,1,100,100,1,0,-1.429955244064331,0.0,0.0,0.0,0.04,0.0,0,0,4,140,-1,-1,-1,0.0
stage1c_single_agent_small,3,68265,573,1,100,100,1,0,-1.4099990129470825,0.0,0.0,0.0,0.04,0.0,0,0,4,140,-1,-1,-1,0.0
stage1c_single_agent_small,3,68405,574,1,100,100,1,0,-1.390444278717041,0.0,0.0,0.0,0.08,0.0,0,0,4,140,-1,-1,-1,0.0
stage1c_single_agent_small,3,68545,575,1,100,100,1,0,-1.4299989938735962,0.0,0.0,0.0,0.04,0.0,0,0,4,140,-1,-1,-1,0.0
stage1c_single_agent_small,3,68685,576,1,100,100,1,0,-1.3999990224838257,0.0,0.0,0.0,0.04,0.0,0,0,4,140,-1,-1,-1,0.0
stage1c_single_agent_small,3,68825,577,1,100,100,1,0,-1.4499989748001099,0.0,0.0,0.0,0.04,0.0,0,0,4,140,-1,-1,-1,0.0
stage1c_single_agent_small,3,68965,578,1,100,100,1,0,-2.919339179992676,0.0,0.0,0.0,0.04,0.0,0,0,4,140,-1,-1,-1,0.0
stage1c_single_agent_small,3,69105,579,1,100,100,1,0,-1.4099990129470825,0.0,0.0,0.0,0.04,0.0,0,0,4,140,-1,-1,-1,0.0
stage1c_single_agent_small,3,69245,580,1,100,100,1,0,-1.440531849861145,0.0,0.0,0.0,0.04,0.0,0,0,4,140,-1,-1,-1,0.0
stage1c_single_agent_small,3,69385,581,1,100,100,1,0,-1.3999990224838257,0.0,0.0,0.0,0.04,0.0,0,0,4,140,-1,-1,-1,0.0
stage1c_single_agent_small,3,69525,582,1,100,100,1,0,-1.3999990224838257,0.0,0.0,0.0,0.08,0.0,0,0,4,140,-1,-1,-1,0.0
stage1c_single_agent_small,3,69665,583,1,100,100,1,0,-1.3999990224838257,0.0,0.0,0.0,0.04,0.0,0,0,4,140,-1,-1,-1,0.0
stage1c_single_agent_small,3,69805,584,1,100,100,1,0,-1.4199990034103394,0.0,0.0,0.0,0.04,0.0,0,0,4,140,-1,-1,-1,0.0
stage1c_single_agent_small,3,69945,585,1,100,100,1,0,-1.4099990129470825,0.0,0.0,0.0,0.04,0.0,0,0,4,140,-1,-1,-1,0.0
stage1c_single_agent_small,3,70085,586,1,100,100,1,0,-1.2399991750717163,0.0,0.0,0.0,0.08,0.0,0,0,4,140,-1,-1,-1,0.0
stage1c_single_agent_small,3,70225,587,1,100,100,1,0,-1.4199990034103394,0.0,0.0,0.0,0.04,0.0,0,0,4,140,-1,-1,-1,0.0
stage1c_single_agent_small,3,70365,588,1,100,100,1,0,-1.4799989461898804,0.0,0.0,0.0,0.04,0.0,0,0,4,140,-1,-1,-1,0.0
stage1c_single_agent_small,3,70505,589,1,100,100,1,0,-1.4405174255371094,0.0,0.0,0.0,0.04,0.0,0,0,4,140,-1,-1,-1,0.0
stage1c_single_agent_small,3,70645,590,1,100,100,1,0,-1.4199990034103394,0.0,0.0,0.0,0.04,0.0,0,0,4,140,-1,-1,-1,0.0
stage1c_single_agent_small,3,70785,591,1,100,100,1,0,-1.4799989461898804,0.0,0.0,0.0,0.04,0.0,0,0,4,140,-1,-1,-1,0.0
stage1c_single_agent_small,3,70925,592,1,100,100,1,0,-1.4203181266784668,0.0,0.0,0.0,0.04,0.0,0,0,4,140,-1,-1,-1,0.0
stage1c_single_agent_small,3,71065,593,1,100,100,1,0,-1.4499989748001099,0.0,0.0,0.0,0.04,0.0,0,0,4,140,-1,-1,-1,0.0
stage1c_single_agent_small,3,71205,594,1,100,100,1,0,-1.4299989938735962,0.0,0.0,0.0,0.04,0.0,0,0,4,140,-1,-1,-1,0.0
stage1c_single_agent_small,3,71345,595,1,100,100,1,0,-1.3999990224838257,0.0,0.0,0.0,0.04,0.0,0,0,4,140,-1,-1,-1,0.0
stage1c_single_agent_small,3,71485,596,1,100,100,1,0,-1.4299989938735962,0.0,0.0,0.0,0.04,0.0,0,0,4,140,-1,-1,-1,0.0
stage1c_single_agent_small,3,71625,597,1,100,100,1,0,-1.4199990034103394,0.0,0.0,0.0,0.04,0.0,0,0,4,140,-1,-1,-1,0.0
stage1c_single_agent_small,3,71765,598,1,100,100,1,0,-1.4308887720108032,0.0,0.0,0.0,0.04,0.0,0,0,4,140,-1,-1,-1,0.0
stage1c_single_agent_small,3,71905,599,1,100,100,1,0,-1.4299989938735962,0.0,0.0,0.0,0.04,0.0,0,0,4,140,-1,-1,-1,0.0
stage1c_single_agent_small,3,72045,600,1,100,100,1,0,-1.4599989652633667,0.0,0.0,0.0,0.04,0.0,0,0,4,140,-1,-1,-1,0.0
stage1c_single_agent_small,3,72185,601,1,100,100,1,0,-1.4400465488433838,0.0,0.0,0.0,0.04,0.0,0,0,4,140,-1,-1,-1,0.0
stage1c_single_agent_small,3,72325,602,1,100,100,1,0,-1.4099990129470825,0.0,0.0,0.0,0.08,0.0,0,0,4,140,-1,-1,-1,0.0
stage1c_single_agent_small,3,72465,603,1,100,100,1,0,-1.4099990129470825,0.0,0.0,0.0,0.04,0.0,0,0,4,140,-1,-1,-1,0.0
stage1c_single_agent_small,3,72605,604,1,100,100,1,0,-1.4317002296447754,0.0,0.0,0.0,0.04,0.0,0,0,4,140,-1,-1,-1,0.0
stage1c_single_agent_small,3,72745,605,1,100,100,1,0,-1.4203534126281738,0.0,0.0,0.0,0.04,0.0,0,0,4,140,-1,-1,-1,0.0
stage1c_single_agent_small,3,72885,606,1,100,100,1,0,-2.919315814971924,0.0,0.0,0.0,0.04,0.0,0,0,4,140,-1,-1,-1,0.0
stage1c_single_agent_small,3,73025,607,1,100,100,1,0,-1.4199990034103394,0.0,0.0,0.0,0.04,0.0,0,0,4,140,-1,-1,-1,0.0
stage1c_single_agent_small,3,73165,608,1,100,100,1,0,-1.3905794620513916,0.0,0.0,0.0,0.08,0.0,0,0,4,140,-1,-1,-1,0.0
stage1c_single_agent_small,3,73305,609,1,100,100,1,0,-1.4118130207061768,0.0,0.0,0.0,0.04,0.0,0,0,4,140,-1,-1,-1,0.0
stage1c_single_agent_small,3,73445,610,1,100,100,1,0,-1.4199990034103394,0.0,0.0,0.0,0.04,0.0,0,0,4,140,-1,-1,-1,0.0
stage1c_single_agent_small,3,73585,611,1,100,100,1,0,-1.4199990034103394,0.0,0.0,0.0,0.08,0.0,0,0,4,140,-1,-1,-1,0.0
stage1c_single_agent_small,3,73725,612,1,100,100,1,0,-1.4096589088439941,0.0,0.0,0.0,0.04,0.0,0,0,4,140,-1,-1,-1,0.0
stage1c_single_agent_small,3,73865,613,1,100,100,1,0,-1.4005610942840576,0.0,0.0,0.0,0.08,0.0,0,0,4,140,-1,-1,-1,0.0
stage1c_single_agent_small,3,74005,614,1,100,100,1,0,-1.4099990129470825,0.0,0.0,0.0,0.04,0.0,0,0,4,140,-1,-1,-1,0.0
stage1c_single_agent_small,3,74145,615,1,100,100,1,0,-1.4199990034103394,0.0,0.0,0.0,0.08,0.0,0,0,4,140,-1,-1,-1,0.0
stage1c_single_agent_small,3,74285,616,1,100,100,1,0,-1.419622778892517,0.0,0.0,0.0,0.04,0.0,0,0,4,140,-1,-1,-1,0.0
stage1c_single_agent_small,3,74425,617,1,100,100,1,0,-1.4199990034103394,0.0,0.0,0.0,0.04,0.0,0,0,4,140,-1,-1,-1,0.0
stage1c_single_agent_small,3,74565,618,1,100,100,1,0,-1.4099990129470825,0.0,0.0,0.0,0.04,0.0,0,0,4,140,-1,-1,-1,0.0
stage1c_single_agent_small,3,74705,619,1,100,100,1,0,-1.4199990034103394,0.0,0.0,0.0,0.04,0.0,0,0,4,140,-1,-1,-1,0.0
stage1c_single_agent_small,3,74845,620,1,100,100,1,0,-1.4199990034103394,0.0,0.0,0.0,0.04,0.0,0,0,4,140,-1,-1,-1,0.0
stage1c_single_agent_small,3,74985,621,1,100,100,1,0,-1.3994998931884766,0.0,0.0,0.0,0.08,0.0,0,0,4,140,-1,-1,-1,0.0
stage1c_single_agent_small,3,75125,622,1,100,100,1,0,-1.4099990129470825,0.0,0.0,0.0,0.04,0.0,0,0,4,140,-1,-1,-1,0.0
stage1c_single_agent_small,3,75265,623,1,100,100,1,0,-1.25999915599823,0.0,0.0,0.0,0.04,0.0,0,0,4,140,-1,-1,-1,0.0
stage1c_single_agent_small,3,75405,624,1,100,100,1,0,-1.4099990129470825,0.0,0.0,0.0,0.04,0.0,0,0,4,140,-1,-1,-1,0.0
stage1c_single_agent_small,3,75545,625,1,100,100,1,0,-1.4099990129470825,0.0,0.0,0.0,0.04,0.0,0,0,4,140,-1,-1,-1,0.0
stage1c_single_agent_small,3,75685,626,1,100,100,1,0,-1.4105479717254639,0.0,0.0,0.0,0.04,0.0,0,0,4,140,-1,-1,-1,0.0
stage1c_single_agent_small,3,75825,627,1,100,100,1,0,-1.4099990129470825,0.0,0.0,0.0,0.04,0.0,0,0,4,140,-1,-1,-1,0.0
stage1c_single_agent_small,3,75965,628,1,100,100,1,0,-1.3999990224838257,0.0,0.0,0.0,0.04,0.0,0,0,4,140,-1,-1,-1,0.0
stage1c_single_agent_small,3,76105,629,1,100,100,1,0,-1.4099990129470825,0.0,0.0,0.0,0.04,0.0,0,0,4,140,-1,-1,-1,0.0
stage1c_single_agent_small,3,76245,630,1,100,100,1,0,-1.4198240041732788,0.0,0.0,0.0,0.04,0.0,0,0,4,140,-1,-1,-1,0.0
stage1c_single_agent_small,3,76385,631,1,100,100,1,0,-1.4199990034103394,0.0,0.0,0.0,0.04,0.0,0,0,4,140,-1,-1,-1,0.0
stage1c_single_agent_small,3,76525,632,1,100,100,1,0,-1.4199990034103394,0.0,0.0,0.0,0.04,0.0,0,0,4,140,-1,-1,-1,0.0
stage1c_single_agent_small,3,76665,633,1,100,100,1,0,-1.3999990224838257,0.0,0.0,0.0,0.04,0.0,0,0,4,140,-1,-1,-1,0.0
stage1c_single_agent_small,3,76805,634,1,100,100,1,0,-1.4101423025131226,0.0,0.0,0.0,0.04,0.0,0,0,4,140,-1,-1,-1,0.0
stage1c_single_agent_small,3,76945,635,1,100,100,1,0,-1.4199990034103394,0.0,0.0,0.0,0.04,0.0,0,0,4,140,-1,-1,-1,0.0
stage1c_single_agent_small,3,77085,636,1,100,100,1,0,-1.4104363918304443,0.0,0.0,0.0,0.04,0.0,0,0,4,140,-1,-1,-1,0.0
stage1c_single_agent_small,3,77225,637,1,100,100,1,0,-1.4099990129470825,0.0,0.0,0.0,0.04,0.0,0,0,4,140,-1,-1,-1,0.0
stage1c_single_agent_small,3,77365,638,1,100,100,1,0,-2.9098899364471436,0.0,0.0,0.0,0.04,0.0,0,0,4,140,-1,-1,-1,0.0
stage1c_single_agent_small,3,77505,639,1,100,100,1,0,-1.4099990129470825,0.0,0.0,0.0,0.04,0.0,0,0,4,140,-1,-1,-1,0.0
stage1c_single_agent_small,3,77645,640,1,100,100,1,0,-1.4199990034103394,0.0,0.0,0.0,0.04,0.0,0,0,4,140,-1,-1,-1,0.0
stage1c_single_agent_small,3,77785,641,1,100,100,1,0,-1.3999990224838257,0.0,0.0,0.0,0.04,0.0,0,0,4,140,-1,-1,-1,0.0
stage1c_single_agent_small,3,77925,642,1,100,100,1,0,-1.4099990129470825,0.0,0.0,0.0,0.04,0.0,0,0,4,140,-1,-1,-1,0.0
stage1c_single_agent_small,3,78065,643,1,100,100,1,0,-1.4099990129470825,0.0,0.0,0.0,0.04,0.0,0,0,4,140,-1,-1,-1,0.0
stage1c_single_agent_small,3,78205,644,1,100,100,1,0,-1.25999915599823,0.0,0.0,0.0,0.04,0.0,0,0,4,140,-1,-1,-1,0.0
stage1c_single_agent_small,3,78345,645,1,100,100,1,0,-1.4099990129470825,0.0,0.0,0.0,0.04,0.0,0,0,4,140,-1,-1,-1,0.0
stage1c_single_agent_small,3,78485,646,1,100,100,1,0,-1.4099990129470825,0.0,0.0,0.0,0.04,0.0,0,0,4,140,-1,-1,-1,0.0
stage1c_single_agent_small,3,78625,647,1,100,100,1,0,-1.4099990129470825,0.0,0.0,0.0,0.04,0.0,0,0,4,140,-1,-1,-1,0.0
stage1c_single_agent_small,3,78765,648,1,100,100,1,0,-1.409436583518982,0.0,0.0,0.0,0.04,0.0,0,0,4,140,-1,-1,-1,0.0
stage1c_single_agent_small,3,78905,649,1,100,100,1,0,-1.4099990129470825,0.0,0.0,0.0,0.04,0.0,0,0,4,140,-1,-1,-1,0.0
stage1c_single_agent_small,3,79045,650,1,100,100,1,0,-1.4094465970993042,0.0,0.0,0.0,0.04,0.0,0,0,4,140,-1,-1,-1,0.0
stage1c_single_agent_small,3,79185,651,1,100,100,1,0,-1.4099990129470825,0.0,0.0,0.0,0.04,0.0,0,0,4,140,-1,-1,-1,0.0
stage1c_single_agent_small,3,79325,652,1,100,100,1,0,-1.3899990320205688,0.0,0.0,0.0,0.08,0.0,0,0,4,140,-1,-1,-1,0.0
stage1c_single_agent_small,3,79465,653,1,100,100,1,0,-1.4099990129470825,0.0,0.0,0.0,0.04,0.0,0,0,4,140,-1,-1,-1,0.0
stage1c_single_agent_small,3,79605,654,1,100,100,1,0,-1.4099990129470825,0.0,0.0,0.0,0.04,0.0,0,0,4,140,-1,-1,-1,0.0
stage1c_single_agent_small,3,79745,655,1,100,100,1,0,-1.4099990129470825,0.0,0.0,0.0,0.04,0.0,0,0,4,140,-1,-1,-1,0.0
stage1c_single_agent_small,3,79885,656,1,100,100,1,0,-1.4099990129470825,0.0,0.0,0.0,0.04,0.0,0,0,4,140,-1,-1,-1,0.0
stage1c_single_agent_small,3,80025,657,1,100,100,1,0,-1.4099990129470825,0.0,0.0,0.0,0.04,0.0,0,0,4,140,-1,-1,-1,0.0
stage1c_single_agent_small,3,80165,658,1,100,100,1,0,-1.4099990129470825,0.0,0.0,0.0,0.04,0.0,0,0,4,140,-1,-1,-1,0.0
stage1c_single_agent_small,3,80305,659,1,100,100,1,0,-1.3898468017578125,0.0,0.0,0.0,0.08,0.0,0,0,4,140,-1,-1,-1,0.0
stage1c_single_agent_small,3,80445,660,1,100,100,1,0,-1.4099990129470825,0.0,0.0,0.0,0.04,0.0,0,0,4,140,-1,-1,-1,0.0
stage1c_single_agent_small,3,80585,661,1,100,100,1,0,-1.4099990129470825,0.0,0.0,0.0,0.04,0.0,0,0,4,140,-1,-1,-1,0.0
stage1c_single_agent_small,3,80725,662,1,100,100,1,0,-1.4099990129470825,0.0,0.0,0.0,0.04,0.0,0,0,4,140,-1,-1,-1,0.0
stage1c_single_agent_small,3,80865,663,1,100,100,1,0,-1.4099990129470825,0.0,0.0,0.0,0.04,0.0,0,0,4,140,-1,-1,-1,0.0
stage1c_single_agent_small,3,81005,664,1,100,100,1,0,-1.3999990224838257,0.0,0.0,0.0,0.04,0.0,0,0,4,140,-1,-1,-1,0.0
stage1c_single_agent_small,3,81145,665,1,100,100,1,0,-1.4099990129470825,0.0,0.0,0.0,0.04,0.0,0,0,4,140,-1,-1,-1,0.0
stage1c_single_agent_small,3,81285,666,1,100,100,1,0,-1.4099990129470825,0.0,0.0,0.0,0.04,0.0,0,0,4,140,-1,-1,-1,0.0
stage1c_single_agent_small,3,81425,667,1,100,100,1,0,-1.4099990129470825,0.0,0.0,0.0,0.04,0.0,0,0,4,140,-1,-1,-1,0.0
stage1c_single_agent_small,3,81565,668,1,100,100,1,0,-1.4099990129470825,0.0,0.0,0.0,0.04,0.0,0,0,4,140,-1,-1,-1,0.0
stage1c_single_agent_small,3,81705,669,1,100,100,1,0,-1.4102650880813599,0.0,0.0,0.0,0.04,0.0,0,0,4,140,-1,-1,-1,0.0
stage1c_single_agent_small,3,81845,670,1,100,100,1,0,-1.3999990224838257,0.0,0.0,0.0,0.04,0.0,0,0,4,140,-1,-1,-1,0.0
stage1c_single_agent_small,3,81985,671,1,100,100,1,0,-1.3999990224838257,0.0,0.0,0.0,0.04,0.0,0,0,4,140,-1,-1,-1,0.0
stage1c_single_agent_small,3,82125,672,1,100,100,1,0,-1.3999990224838257,0.0,0.0,0.0,0.04,0.0,0,0,4,140,-1,-1,-1,0.0
stage1c_single_agent_small,3,82265,673,1,100,100,1,0,-1.3999990224838257,0.0,0.0,0.0,0.04,0.0,0,0,4,140,-1,-1,-1,0.0
stage1c_single_agent_small,3,82405,674,1,100,100,1,0,-1.4099990129470825,0.0,0.0,0.0,0.04,0.0,0,0,4,140,-1,-1,-1,0.0
stage1c_single_agent_small,3,82545,675,1,100,100,1,0,-1.3999990224838257,0.0,0.0,0.0,0.04,0.0,0,0,4,140,-1,-1,-1,0.0
stage1c_single_agent_small,3,82685,676,1,100,100,1,0,-1.4099990129470825,0.0,0.0,0.0,0.04,0.0,0,0,4,140,-1,-1,-1,0.0
stage1c_single_agent_small,3,82825,677,1,100,100,1,0,-1.3999990224838257,0.0,0.0,0.0,0.04,0.0,0,0,4,140,-1,-1,-1,0.0
stage1c_single_agent_small,3,82965,678,1,100,100,1,0,-1.3999990224838257,0.0,0.0,0.0,0.04,0.0,0,0,4,140,-1,-1,-1,0.0
stage1c_single_agent_small,3,83105,679,1,100,100,1,0,-1.3999990224838257,0.0,0.0,0.0,0.04,0.0,0,0,4,140,-1,-1,-1,0.0
stage1c_single_agent_small,3,83245,680,1,100,100,1,0,-1.3999990224838257,0.0,0.0,0.0,0.04,0.0,0,0,4,140,-1,-1,-1,0.0
stage1c_single_agent_small,3,83385,681,1,100,100,1,0,-1.3999990224838257,0.0,0.0,0.0,0.04,0.0,0,0,4,140,-1,-1,-1,0.0
stage1c_single_agent_small,3,83525,682,1,100,100,1,0,-1.3999990224838257,0.0,0.0,0.0,0.04,0.0,0,0,4,140,-1,-1,-1,0.0
stage1c_single_agent_small,3,83665,683,1,100,100,1,0,-1.4099990129470825,0.0,0.0,0.0,0.04,0.0,0,0,4,140,-1,-1,-1,0.0
stage1c_single_agent_small,3,83805,684,1,100,100,1,0,-1.3904134035110474,0.0,0.0,0.0,0.08,0.0,0,0,4,140,-1,-1,-1,0.0
stage1c_single_agent_small,3,83945,685,1,100,100,1,0,-1.4099990129470825,0.0,0.0,0.0,0.04,0.0,0,0,4,140,-1,-1,-1,0.0
stage1c_single_agent_small,3,84085,686,1,100,100,1,0,-1.4099990129470825,0.0,0.0,0.0,0.04,0.0,0,0,4,140,-1,-1,-1,0.0
stage1c_single_agent_small,3,84225,687,1,100,100,1,0,-1.3999990224838257,0.0,0.0,0.0,0.04,0.0,0,0,4,140,-1,-1,-1,0.0
stage1c_single_agent_small,3,84365,688,1,100,100,1,0,-1.3999990224838257,0.0,0.0,0.0,0.04,0.0,0,0,4,140,-1,-1,-1,0.0
stage1c_single_agent_small,3,84505,689,1,100,100,1,0,-1.3999990224838257,0.0,0.0,0.0,0.04,0.0,0,0,4,140,-1,-1,-1,0.0
stage1c_single_agent_small,3,84645,690,1,100,100,1,0,-1.3999990224838257,0.0,0.0,0.0,0.04,0.0,0,0,4,140,-1,-1,-1,0.0
stage1c_single_agent_small,3,84785,691,1,100,100,1,0,-1.3999990224838257,0.0,0.0,0.0,0.04,0.0,0,0,4,140,-1,-1,-1,0.0
stage1c_single_agent_small,3,84925,692,1,100,100,1,0,-1.3999990224838257,0.0,0.0,0.0,0.04,0.0,0,0,4,140,-1,-1,-1,0.0
stage1c_single_agent_small,3,85065,693,1,100,100,1,0,-1.3999990224838257,0.0,0.0,0.0,0.04,0.0,0,0,4,140,-1,-1,-1,0.0
stage1c_single_agent_small,3,85205,694,1,100,100,1,0,-1.3999990224838257,0.0,0.0,0.0,0.04,0.0,0,0,4,140,-1,-1,-1,0.0
stage1c_single_agent_small,3,85345,695,1,100,100,1,0,-1.3999990224838257,0.0,0.0,0.0,0.04,0.0,0,0,4,140,-1,-1,-1,0.0
stage1c_single_agent_small,3,85485,696,1,100,100,1,0,-1.3999990224838257,0.0,0.0,0.0,0.04,0.0,0,0,4,140,-1,-1,-1,0.0
stage1c_single_agent_small,3,85625,697,1,100,100,1,0,-1.3999990224838257,0.0,0.0,0.0,0.04,0.0,0,0,4,140,-1,-1,-1,0.0
stage1c_single_agent_small,3,85765,698,1,100,100,1,0,-1.3999990224838257,0.0,0.0,0.0,0.04,0.0,0,0,4,140,-1,-1,-1,0.0
stage1c_single_agent_small,3,85905,699,1,100,100,1,0,-1.3999990224838257,0.0,0.0,0.0,0.04,0.0,0,0,4,140,-1,-1,-1,0.0
stage1c_single_agent_small,3,86045,700,1,100,100,1,0,-1.3999990224838257,0.0,0.0,0.0,0.04,0.0,0,0,4,140,-1,-1,-1,0.0
stage1c_single_agent_small,3,86185,701,1,100,100,1,0,-1.4099990129470825,0.0,0.0,0.0,0.04,0.0,0,0,4,140,-1,-1,-1,0.0
stage1c_single_agent_small,3,86325,702,1,100,100,1,0,-1.3999990224838257,0.0,0.0,0.0,0.04,0.0,0,0,4,140,-1,-1,-1,0.0
stage1c_single_agent_small,3,86465,703,1,100,100,1,0,-1.3999990224838257,0.0,0.0,0.0,0.04,0.0,0,0,4,140,-1,-1,-1,0.0
stage1c_single_agent_small,3,86605,704,1,100,100,1,0,-1.3999990224838257,0.0,0.0,0.0,0.04,0.0,0,0,4,140,-1,-1,-1,0.0
stage1c_single_agent_small,3,86745,705,1,100,100,1,0,-1.3999990224838257,0.0,0.0,0.0,0.04,0.0,0,0,4,140,-1,-1,-1,0.0
stage1c_single_agent_small,3,86885,706,1,100,100,1,0,-1.4099990129470825,0.0,0.0,0.0,0.04,0.0,0,0,4,140,-1,-1,-1,0.0
stage1c_single_agent_small,3,87025,707,1,100,100,1,0,-1.3999990224838257,0.0,0.0,0.0,0.04,0.0,0,0,4,140,-1,-1,-1,0.0
stage1c_single_agent_small,3,87165,708,1,100,100,1,0,-1.3999990224838257,0.0,0.0,0.0,0.04,0.0,0,0,4,140,-1,-1,-1,0.0
stage1c_single_agent_small,3,87305,709,1,100,100,1,0,-1.3999990224838257,0.0,0.0,0.0,0.04,0.0,0,0,4,140,-1,-1,-1,0.0
stage1c_single_agent_small,3,87445,710,1,100,100,1,0,-1.3999990224838257,0.0,0.0,0.0,0.04,0.0,0,0,4,140,-1,-1,-1,0.0
stage1c_single_agent_small,3,87585,711,1,100,100,1,0,-1.3999990224838257,0.0,0.0,0.0,0.04,0.0,0,0,4,140,-1,-1,-1,0.0
stage1c_single_agent_small,3,87725,712,1,100,100,1,0,-1.3999990224838257,0.0,0.0,0.0,0.04,0.0,0,0,4,140,-1,-1,-1,0.0
stage1c_single_agent_small,3,87865,713,1,100,100,1,0,-1.3999990224838257,0.0,0.0,0.0,0.04,0.0,0,0,4,140,-1,-1,-1,0.0
stage1c_single_agent_small,3,88005,714,1,100,100,1,0,-1.3999990224838257,0.0,0.0,0.0,0.04,0.0,0,0,4,140,-1,-1,-1,0.0
stage1c_single_agent_small,3,88145,715,1,100,100,1,0,-1.3999990224838257,0.0,0.0,0.0,0.04,0.0,0,0,4,140,-1,-1,-1,0.0
stage1c_single_agent_small,3,88285,716,1,100,100,1,0,-1.3999990224838257,0.0,0.0,0.0,0.04,0.0,0,0,4,140,-1,-1,-1,0.0
stage1c_single_agent_small,3,88425,717,1,100,100,1,0,-1.3999990224838257,0.0,0.0,0.0,0.04,0.0,0,0,4,140,-1,-1,-1,0.0
stage1c_single_agent_small,3,88565,718,1,100,100,1,0,-1.3999990224838257,0.0,0.0,0.0,0.04,0.0,0,0,4,140,-1,-1,-1,0.0
stage1c_single_agent_small,3,88705,719,1,100,100,1,0,-1.3999990224838257,0.0,0.0,0.0,0.04,0.0,0,0,4,140,-1,-1,-1,0.0
stage1c_single_agent_small,3,88845,720,1,100,100,1,0,-1.3999990224838257,0.0,0.0,0.0,0.04,0.0,0,0,4,140,-1,-1,-1,0.0
stage1c_single_agent_small,3,88985,721,1,100,100,1,0,-1.3999990224838257,0.0,0.0,0.0,0.04,0.0,0,0,4,140,-1,-1,-1,0.0
stage1c_single_agent_small,3,89125,722,1,100,100,1,0,-1.3999990224838257,0.0,0.0,0.0,0.04,0.0,0,0,4,140,-1,-1,-1,0.0
stage1c_single_agent_small,3,89265,723,1,100,100,1,0,-1.3999990224838257,0.0,0.0,0.0,0.04,0.0,0,0,4,140,-1,-1,-1,0.0
stage1c_single_agent_small,3,89405,724,1,100,100,1,0,-1.3999990224838257,0.0,0.0,0.0,0.04,0.0,0,0,4,140,-1,-1,-1,0.0
stage1c_single_agent_small,3,89545,725,1,100,100,1,0,-1.3999990224838257,0.0,0.0,0.0,0.04,0.0,0,0,4,140,-1,-1,-1,0.0
stage1c_single_agent_small,3,89685,726,1,100,100,1,0,-1.3999990224838257,0.0,0.0,0.0,0.04,0.0,0,0,4,140,-1,-1,-1,0.0
stage1c_single_agent_small,3,89825,727,1,100,100,1,0,-1.3999990224838257,0.0,0.0,0.0,0.04,0.0,0,0,4,140,-1,-1,-1,0.0
stage1c_single_agent_small,3,89965,728,1,100,100,1,0,-1.3999990224838257,0.0,0.0,0.0,0.04,0.0,0,0,4,140,-1,-1,-1,0.0
stage1d_single_agent_delivery_obstacles,4,90320,729,1,420,320,1,2,-3.1999974250793457,0.0,0.0,0.0,0.003968253968253968,0.0,0,0,4,320,-1,-1,-1,0.0
stage1d_single_agent_delivery_obstacles,4,90640,730,1,420,320,1,2,-3.1999974250793457,0.0,0.0,0.0,0.003968253968253968,0.0,0,0,4,320,-1,-1,-1,0.0
stage1d_single_agent_delivery_obstacles,4,90960,731,1,420,320,1,2,-3.2099974155426025,0.0,0.0,0.0,0.003968253968253968,0.0,0,0,4,320,-1,-1,-1,0.0
stage1d_single_agent_delivery_obstacles,4,91280,732,1,420,320,1,2,-3.1999974250793457,0.0,0.0,0.0,0.003968253968253968,0.0,0,0,4,320,-1,-1,-1,0.0
stage1d_single_agent_delivery_obstacles,4,91600,733,1,420,320,1,2,-3.2099974155426025,0.0,0.0,0.0,0.003968253968253968,0.0,0,0,4,320,-1,-1,-1,0.0
stage1d_single_agent_delivery_obstacles,4,91920,734,1,420,320,1,2,-3.1999974250793457,0.0,0.0,0.0,0.003968253968253968,0.0,0,0,4,320,-1,-1,-1,0.0
stage1d_single_agent_delivery_obstacles,4,92240,735,1,420,320,1,2,-3.1999974250793457,0.0,0.0,0.0,0.003968253968253968,0.0,0,0,4,320,-1,-1,-1,0.0
stage1d_single_agent_delivery_obstacles,4,92560,736,1,420,320,1,2,-3.209591865539551,0.0,0.0,0.0,0.003968253968253968,0.0,0,0,4,320,-1,-1,-1,0.0
stage1d_single_agent_delivery_obstacles,4,92880,737,1,420,320,1,2,-3.2099974155426025,0.0,0.0,0.0,0.003968253968253968,0.0,0,0,4,320,-1,-1,-1,0.0
stage1d_single_agent_delivery_obstacles,4,93200,738,1,420,320,1,2,-3.229997396469116,0.0,0.0,0.0,0.003968253968253968,0.0,0,0,4,320,-1,-1,-1,0.0
stage1d_single_agent_delivery_obstacles,4,93520,739,1,420,320,1,2,-3.2099974155426025,0.0,0.0,0.0,0.003968253968253968,0.0,0,0,4,320,-1,-1,-1,0.0
stage1d_single_agent_delivery_obstacles,4,93840,740,1,420,320,1,2,-3.2194442749023438,0.0,0.0,0.0,0.003968253968253968,0.0,0,0,4,320,-1,-1,-1,0.0
stage1d_single_agent_delivery_obstacles,4,94160,741,1,420,320,1,2,-3.1999974250793457,0.0,0.0,0.0,0.003968253968253968,0.0,0,0,4,320,-1,-1,-1,0.0
stage1d_single_agent_delivery_obstacles,4,94480,742,1,420,320,1,2,-3.229997396469116,0.0,0.0,0.0,0.007936507936507936,0.0,0,0,4,320,-1,-1,-1,0.0
stage1d_single_agent_delivery_obstacles,4,94800,743,1,420,320,1,2,-3.1999974250793457,0.0,0.0,0.0,0.003968253968253968,0.0,0,0,4,320,-1,-1,-1,0.0
stage1d_single_agent_delivery_obstacles,4,95120,744,1,420,320,1,2,-3.1999974250793457,0.0,0.0,0.0,0.003968253968253968,0.0,0,0,4,320,-1,-1,-1,0.0
stage1d_single_agent_delivery_obstacles,4,95440,745,1,420,320,1,2,-3.2402119636535645,0.0,0.0,0.0,0.003968253968253968,0.0,0,0,4,320,-1,-1,-1,0.0
stage1d_single_agent_delivery_obstacles,4,95449,746,1,420,320,1,2,22.39120101928711,4.0,4.0,0.0,0.007936507936507936,0.0,0,0,0,9,5,-1,-1,0.0
stage1d_single_agent_delivery_obstacles,4,95769,747,1,420,320,1,2,-3.229997396469116,0.0,0.0,0.0,0.007936507936507936,0.0,0,0,4,320,-1,-1,-1,0.0
stage1d_single_agent_delivery_obstacles,4,96089,748,1,420,320,1,2,-3.3199973106384277,0.0,0.0,0.0,0.007936507936507936,0.0,0,0,4,320,-1,-1,-1,0.0
stage1d_single_agent_delivery_obstacles,4,96409,749,1,420,320,1,2,-3.359997272491455,0.0,0.0,0.0,0.003968253968253968,0.0,0,0,4,320,-1,-1,-1,0.0
stage1d_single_agent_delivery_obstacles,4,96729,750,1,420,320,1,2,-3.229997396469116,0.0,0.0,0.0,0.003968253968253968,0.0,0,0,4,320,-1,-1,-1,0.0
stage1d_single_agent_delivery_obstacles,4,97049,751,1,420,320,1,2,-3.2799973487854004,0.0,0.0,0.0,0.007936507936507936,0.0,0,0,4,320,-1,-1,-1,0.0
stage1d_single_agent_delivery_obstacles,4,97369,752,1,420,320,1,2,-3.239997386932373,0.0,0.0,0.0,0.003968253968253968,0.0,0,0,4,320,-1,-1,-1,0.0
stage1d_single_agent_delivery_obstacles,4,97689,753,1,420,320,1,2,-3.239997386932373,0.0,0.0,0.0,0.003968253968253968,0.0,0,0,4,320,-1,-1,-1,0.0
stage1d_single_agent_delivery_obstacles,4,98009,754,1,420,320,1,2,-3.2099974155426025,0.0,0.0,0.0,0.003968253968253968,0.0,0,0,4,320,-1,-1,-1,0.0
stage1d_single_agent_delivery_obstacles,4,98329,755,1,420,320,1,2,-3.2099974155426025,0.0,0.0,0.0,0.003968253968253968,0.0,0,0,4,320,-1,-1,-1,0.0
stage1d_single_agent_delivery_obstacles,4,98649,756,1,420,320,1,2,-3.2199974060058594,0.0,0.0,0.0,0.007936507936507936,0.0,0,0,4,320,-1,-1,-1,0.0
stage1d_single_agent_delivery_obstacles,4,98969,757,1,420,320,1,2,-4.750014781951904,0.0,0.0,0.0,0.003968253968253968,0.0,0,0,4,320,-1,-1,-1,0.0
stage1d_single_agent_delivery_obstacles,4,99289,758,1,420,320,1,2,-3.24999737739563,0.0,0.0,0.0,0.003968253968253968,0.0,0,0,4,320,-1,-1,-1,0.0
stage1d_single_agent_delivery_obstacles,4,99609,759,1,420,320,1,2,-3.2199974060058594,0.0,0.0,0.0,0.003968253968253968,0.0,0,0,4,320,-1,-1,-1,0.0
stage1d_single_agent_delivery_obstacles,4,99929,760,1,420,320,1,2,-3.1999974250793457,0.0,0.0,0.0,0.007936507936507936,0.0,0,0,4,320,-1,-1,-1,0.0
stage1d_single_agent_delivery_obstacles,4,100249,761,1,420,320,1,2,-3.1999974250793457,0.0,0.0,0.0,0.003968253968253968,0.0,0,0,4,320,-1,-1,-1,0.0
stage1d_single_agent_delivery_obstacles,4,100569,762,1,420,320,1,2,-3.229997396469116,0.0,0.0,0.0,0.003968253968253968,0.0,0,0,4,320,-1,-1,-1,0.0
stage1d_single_agent_delivery_obstacles,4,100889,763,1,420,320,1,2,-3.269508123397827,0.0,0.0,0.0,0.003968253968253968,0.0,0,0,4,320,-1,-1,-1,0.0
stage1d_single_agent_delivery_obstacles,4,101209,764,1,420,320,1,2,-3.2899973392486572,0.0,0.0,0.0,0.003968253968253968,0.0,0,0,4,320,-1,-1,-1,0.0
stage1d_single_agent_delivery_obstacles,4,101529,765,1,420,320,1,2,-3.2799973487854004,0.0,0.0,0.0,0.003968253968253968,0.0,0,0,4,320,-1,-1,-1,0.0
stage1d_single_agent_delivery_obstacles,4,101849,766,1,420,320,1,2,-3.229997396469116,0.0,0.0,0.0,0.003968253968253968,0.0,0,0,4,320,-1,-1,-1,0.0
stage1d_single_agent_delivery_obstacles,4,102169,767,1,420,320,1,2,-3.2203927040100098,0.0,0.0,0.0,0.007936507936507936,0.0,0,0,4,320,-1,-1,-1,0.0
stage1d_single_agent_delivery_obstacles,4,102489,768,1,420,320,1,2,-3.1999974250793457,0.0,0.0,0.0,0.003968253968253968,0.0,0,0,4,320,-1,-1,-1,0.0
stage1d_single_agent_delivery_obstacles,4,102809,769,1,420,320,1,2,-3.2099974155426025,0.0,0.0,0.0,0.007936507936507936,0.0,0,0,4,320,-1,-1,-1,0.0
stage1d_single_agent_delivery_obstacles,4,103129,770,1,420,320,1,2,-3.2699973583221436,0.0,0.0,0.0,0.003968253968253968,0.0,0,0,4,320,-1,-1,-1,0.0
stage1d_single_agent_delivery_obstacles,4,103449,771,1,420,320,1,2,-3.3399972915649414,0.0,0.0,0.0,0.007936507936507936,0.0,0,0,4,320,-1,-1,-1,0.0
stage1d_single_agent_delivery_obstacles,4,103769,772,1,420,320,1,2,-3.2199974060058594,0.0,0.0,0.0,0.007936507936507936,0.0,0,0,4,320,-1,-1,-1,0.0
stage1d_single_agent_delivery_obstacles,4,104089,773,1,420,320,1,2,-3.229997396469116,0.0,0.0,0.0,0.003968253968253968,0.0,0,0,4,320,-1,-1,-1,0.0
stage1d_single_agent_delivery_obstacles,4,104409,774,1,420,320,1,2,-3.24999737739563,0.0,0.0,0.0,0.007936507936507936,0.0,0,0,4,320,-1,-1,-1,0.0
stage1d_single_agent_delivery_obstacles,4,104729,775,1,420,320,1,2,-3.2199974060058594,0.0,0.0,0.0,0.003968253968253968,0.0,0,0,4,320,-1,-1,-1,0.0
stage1d_single_agent_delivery_obstacles,4,105049,776,1,420,320,1,2,-3.05952525138855,0.0,0.0,0.0,0.003968253968253968,0.0,0,0,4,320,-1,-1,-1,0.0
stage1d_single_agent_delivery_obstacles,4,105369,777,1,420,320,1,2,-3.229276180267334,0.0,0.0,0.0,0.007936507936507936,0.0,0,0,4,320,-1,-1,-1,0.0
stage1d_single_agent_delivery_obstacles,4,105689,778,1,420,320,1,2,-3.2199974060058594,0.0,0.0,0.0,0.003968253968253968,0.0,0,0,4,320,-1,-1,-1,0.0
stage1d_single_agent_delivery_obstacles,4,106009,779,1,420,320,1,2,-4.7200140953063965,0.0,0.0,0.0,0.003968253968253968,0.0,0,0,4,320,-1,-1,-1,0.0
stage1d_single_agent_delivery_obstacles,4,106329,780,1,420,320,1,2,-3.2199974060058594,0.0,0.0,0.0,0.007936507936507936,0.0,0,0,4,320,-1,-1,-1,0.0
stage1d_single_agent_delivery_obstacles,4,106649,781,1,420,320,1,2,-3.1400363445281982,0.0,0.0,0.0,0.007936507936507936,0.0,0,0,4,320,-1,-1,-1,0.0
stage1d_single_agent_delivery_obstacles,4,106969,782,1,420,320,1,2,-3.2975568771362305,0.0,0.0,0.0,0.023809523809523808,0.0,0,0,4,320,-1,-1,-1,0.0
stage1d_single_agent_delivery_obstacles,4,107289,783,1,420,320,1,2,-3.2957522869110107,0.0,0.0,0.0,0.03571428571428571,0.0,0,0,4,320,-1,-1,-1,0.0
stage1d_single_agent_delivery_obstacles,4,107609,784,1,420,320,1,2,-3.2199974060058594,0.0,0.0,0.0,0.003968253968253968,0.0,0,0,4,320,-1,-1,-1,0.0
stage1d_single_agent_delivery_obstacles,4,107929,785,1,420,320,1,2,-3.212183952331543,0.0,0.0,0.0,0.011904761904761904,0.0,0,0,4,320,-1,-1,-1,0.0
stage1d_single_agent_delivery_obstacles,4,108249,786,1,420,320,1,2,-3.2099974155426025,0.0,0.0,0.0,0.003968253968253968,0.0,0,0,4,320,-1,-1,-1,0.0
stage1d_single_agent_delivery_obstacles,4,108569,787,1,420,320,1,2,-3.2099974155426025,0.0,0.0,0.0,0.003968253968253968,0.0,0,0,4,320,-1,-1,-1,0.0
stage1d_single_agent_delivery_obstacles,4,108889,788,1,420,320,1,2,-3.229997396469116,0.0,0.0,0.0,0.003968253968253968,0.0,0,0,4,320,-1,-1,-1,0.0
stage1d_single_agent_delivery_obstacles,4,109209,789,1,420,320,1,2,-3.2099974155426025,0.0,0.0,0.0,0.003968253968253968,0.0,0,0,4,320,-1,-1,-1,0.0
stage1d_single_agent_delivery_obstacles,4,109529,790,1,420,320,1,2,-3.1999974250793457,0.0,0.0,0.0,0.003968253968253968,0.0,0,0,4,320,-1,-1,-1,0.0
stage1d_single_agent_delivery_obstacles,4,109849,791,1,420,320,1,2,-3.1999974250793457,0.0,0.0,0.0,0.003968253968253968,0.0,0,0,4,320,-1,-1,-1,0.0
stage1d_single_agent_delivery_obstacles,4,110169,792,1,420,320,1,2,-4.7200140953063965,0.0,0.0,0.0,0.007936507936507936,0.0,0,0,4,320,-1,-1,-1,0.0
stage1d_single_agent_delivery_obstacles,4,110489,793,1,420,320,1,2,-3.1999974250793457,0.0,0.0,0.0,0.015873015873015872,0.0,0,0,4,320,-1,-1,-1,0.0
stage1d_single_agent_delivery_obstacles,4,110809,794,1,420,320,1,2,-3.2099974155426025,0.0,0.0,0.0,0.01984126984126984,0.0,0,0,4,320,-1,-1,-1,0.0
stage1d_single_agent_delivery_obstacles,4,111129,795,1,420,320,1,2,-3.239997386932373,0.0,0.0,0.0,0.05555555555555555,0.0,0,0,4,320,-1,-1,-1,0.0
stage1d_single_agent_delivery_obstacles,4,111449,796,1,420,320,1,2,-4.68635892868042,0.0,0.0,0.0,0.03968253968253968,0.0,0,0,4,320,-1,-1,-1,0.0
stage1d_single_agent_delivery_obstacles,4,111769,797,1,420,320,1,2,-6.2600507736206055,0.0,0.0,0.0,0.007936507936507936,0.0,0,0,4,320,-1,-1,-1,0.0
stage1d_single_agent_delivery_obstacles,4,112089,798,1,420,320,1,2,-20.11552619934082,0.0,0.0,0.0,0.09126984126984126,0.0,0,0,4,320,-1,-1,-1,0.0
stage1d_single_agent_delivery_obstacles,4,112409,799,1,420,320,1,2,-4.870017051696777,0.0,0.0,0.0,0.04365079365079365,0.0,0,0,4,320,-1,-1,-1,0.0
stage1d_single_agent_delivery_obstacles,4,112729,800,1,420,320,1,2,-3.289997100830078,0.0,0.0,0.0,0.007936507936507936,0.0,0,0,4,320,-1,-1,-1,0.0
stage1d_single_agent_delivery_obstacles,4,113049,801,1,420,320,1,2,-4.880016803741455,0.0,0.0,0.0,0.007936507936507936,0.0,0,0,4,320,-1,-1,-1,0.0
stage1d_single_agent_delivery_obstacles,4,113369,802,1,420,320,1,2,-38.14085006713867,0.0,0.0,0.0,0.11904761904761904,0.0,0,0,4,320,-1,-1,-1,0.0
stage1d_single_agent_delivery_obstacles,4,113689,803,1,420,320,1,2,-6.380053520202637,0.0,0.0,0.0,0.01984126984126984,0.0,0,0,4,320,-1,-1,-1,0.0
stage1d_single_agent_delivery_obstacles,4,114009,804,1,420,320,1,2,-24.640073776245117,0.0,0.0,0.0,0.09126984126984126,0.0,0,0,4,320,-1,-1,-1,0.0
stage1d_single_agent_delivery_obstacles,4,114329,805,1,420,320,1,2,-23.110063552856445,0.0,0.0,0.0,0.15873015873015872,0.0,0,0,4,320,-1,-1,-1,0.0
stage1d_single_agent_delivery_obstacles,4,114404,806,1,420,320,1,2,21.892934799194336,4.0,4.0,0.0,0.08333333333333333,0.0,0,0,0,75,45,-1,-1,0.0
stage1d_single_agent_delivery_obstacles,4,114724,807,1,420,320,1,2,-16.270048141479492,0.0,0.0,0.0,0.23412698412698413,0.0,0,0,4,320,-1,-1,-1,0.0
stage1d_single_agent_delivery_obstacles,4,115044,808,1,420,320,1,2,-19.710073471069336,0.0,0.0,0.0,0.1865079365079365,0.0,0,0,4,320,-1,-1,-1,0.0
stage1d_single_agent_delivery_obstacles,4,115364,809,1,420,320,1,2,-30.662960052490234,0.0,0.0,0.0,0.1349206349206349,0.0,0,0,4,320,-1,-1,-1,0.0
stage1d_single_agent_delivery_obstacles,4,115626,810,1,420,320,1,2,8.903082847595215,4.0,4.0,0.0,0.10714285714285714,0.00590590663424885,1,0,0,262,190,-1,-1,0.0
stage1d_single_agent_delivery_obstacles,4,115946,811,1,420,320,1,2,-4.920019149780273,0.0,0.0,0.0,0.011904761904761904,0.0,0,0,4,320,-1,-1,-1,0.0
stage1d_single_agent_delivery_obstacles,4,116266,812,1,420,320,1,2,-6.521770000457764,0.0,0.0,0.0,0.05555555555555555,0.0,0,0,4,320,-1,-1,-1,0.0
stage1d_single_agent_delivery_obstacles,4,116586,813,1,420,320,1,2,-9.89004898071289,0.0,0.0,0.0,0.05555555555555555,0.0,0,0,4,320,-1,-1,-1,0.0
stage1d_single_agent_delivery_obstacles,4,116906,814,1,420,320,1,2,-3.113703727722168,0.0,0.0,0.0,0.01984126984126984,0.0,0,0,4,320,-1,-1,-1,0.0
stage1d_single_agent_delivery_obstacles,4,117226,815,1,420,320,1,2,-5.900001525878906,0.0,0.0,0.0,0.007936507936507936,0.0,0,0,4,320,-1,-1,-1,0.0
stage1d_single_agent_delivery_obstacles,4,117546,816,1,420,320,1,2,-1.9638978242874146,0.0,0.0,0.0,0.011904761904761904,0.0,0,0,4,320,-1,-1,-1,0.0
stage1d_single_agent_delivery_obstacles,4,117866,817,1,420,320,1,2,-3.5799970626831055,0.0,0.0,0.0,0.003968253968253968,0.0,0,0,4,320,-1,-1,-1,0.0
stage1d_single_agent_delivery_obstacles,4,118186,818,1,420,320,1,2,-3.3799972534179688,0.0,0.0,0.0,0.003968253968253968,0.0,0,0,4,320,-1,-1,-1,0.0
stage1d_single_agent_delivery_obstacles,4,118506,819,1,420,320,1,2,-3.2199974060058594,0.0,0.0,0.0,0.003968253968253968,0.0,0,0,4,320,-1,-1,-1,0.0
stage1d_single_agent_delivery_obstacles,4,118826,820,1,420,320,1,2,-1.4397553205490112,0.0,0.0,0.0,0.003968253968253968,0.0,0,0,4,320,-1,-1,-1,0.0
stage1d_single_agent_delivery_obstacles,4,119146,821,1,420,320,1,2,-3.4499971866607666,0.0,0.0,0.0,0.003968253968253968,0.0,0,0,4,320,-1,-1,-1,0.0
stage1d_single_agent_delivery_obstacles,4,119466,822,1,420,320,1,2,-3.299997329711914,0.0,0.0,0.0,0.003968253968253968,0.0,0,0,4,320,-1,-1,-1,0.0
stage1d_single_agent_delivery_obstacles,4,119786,823,1,420,320,1,2,-3.2199974060058594,0.0,0.0,0.0,0.003968253968253968,0.0,0,0,4,320,-1,-1,-1,0.0
stage1d_single_agent_delivery_obstacles,4,120106,824,1,420,320,1,2,-3.2199974060058594,0.0,0.0,0.0,0.003968253968253968,0.0,0,0,4,320,-1,-1,-1,0.0
stage1d_single_agent_delivery_obstacles,4,120426,825,1,420,320,1,2,-1.2699978351593018,0.0,0.0,0.0,0.003968253968253968,0.0,0,0,4,320,-1,-1,-1,0.0
stage1d_single_agent_delivery_obstacles,4,120746,826,1,420,320,1,2,-3.239997386932373,0.0,0.0,0.0,0.003968253968253968,0.0,0,0,4,320,-1,-1,-1,0.0
stage1d_single_agent_delivery_obstacles,4,121066,827,1,420,320,1,2,-1.3503090143203735,0.0,0.0,0.0,0.003968253968253968,0.0,0,0,4,320,-1,-1,-1,0.0
stage1d_single_agent_delivery_obstacles,4,121386,828,1,420,320,1,2,-1.2499979734420776,0.0,0.0,0.0,0.003968253968253968,0.0,0,0,4,320,-1,-1,-1,0.0
stage1d_single_agent_delivery_obstacles,4,121706,829,1,420,320,1,2,-3.779996871948242,0.0,0.0,0.0,0.003968253968253968,0.0,0,0,4,320,-1,-1,-1,0.0
stage1d_single_agent_delivery_obstacles,4,122026,830,1,420,320,1,2,-3.1999974250793457,0.0,0.0,0.0,0.003968253968253968,0.0,0,0,4,320,-1,-1,-1,0.0
stage1d_single_agent_delivery_obstacles,4,122346,831,1,420,320,1,2,-3.1999974250793457,0.0,0.0,0.0,0.003968253968253968,0.0,0,0,4,320,-1,-1,-1,0.0
stage1d_single_agent_delivery_obstacles,4,122666,832,1,420,320,1,2,-3.2599973678588867,0.0,0.0,0.0,0.003968253968253968,0.0,0,0,4,320,-1,-1,-1,0.0
stage1d_single_agent_delivery_obstacles,4,122986,833,1,420,320,1,2,-3.1999974250793457,0.0,0.0,0.0,0.003968253968253968,0.0,0,0,4,320,-1,-1,-1,0.0
stage1d_single_agent_delivery_obstacles,4,123306,834,1,420,320,1,2,-1.2499979734420776,0.0,0.0,0.0,0.003968253968253968,0.0,0,0,4,320,-1,-1,-1,0.0
stage1d_single_agent_delivery_obstacles,4,123626,835,1,420,320,1,2,-1.249997854232788,0.0,0.0,0.0,0.003968253968253968,0.0,0,0,4,320,-1,-1,-1,0.0
stage1d_single_agent_delivery_obstacles,4,123946,836,1,420,320,1,2,-3.1999974250793457,0.0,0.0,0.0,0.003968253968253968,0.0,0,0,4,320,-1,-1,-1,0.0
stage1d_single_agent_delivery_obstacles,4,124266,837,1,420,320,1,2,-3.1999974250793457,0.0,0.0,0.0,0.003968253968253968,0.0,0,0,4,320,-1,-1,-1,0.0
stage1d_single_agent_delivery_obstacles,4,124586,838,1,420,320,1,2,-3.1999974250793457,0.0,0.0,0.0,0.003968253968253968,0.0,0,0,4,320,-1,-1,-1,0.0
stage1d_single_agent_delivery_obstacles,4,124906,839,1,420,320,1,2,-3.1999974250793457,0.0,0.0,0.0,0.003968253968253968,0.0,0,0,4,320,-1,-1,-1,0.0
stage1d_single_agent_delivery_obstacles,4,125226,840,1,420,320,1,2,-3.1999974250793457,0.0,0.0,0.0,0.003968253968253968,0.0,0,0,4,320,-1,-1,-1,0.0
stage1d_single_agent_delivery_obstacles,4,125546,841,1,420,320,1,2,-1.249997854232788,0.0,0.0,0.0,0.003968253968253968,0.0,0,0,4,320,-1,-1,-1,0.0
stage1d_single_agent_delivery_obstacles,4,125866,842,1,420,320,1,2,-1.3999977111816406,0.0,0.0,0.0,0.003968253968253968,0.0,0,0,4,320,-1,-1,-1,0.0
stage1d_single_agent_delivery_obstacles,4,126186,843,1,420,320,1,2,-3.1999974250793457,0.0,0.0,0.0,0.003968253968253968,0.0,0,0,4,320,-1,-1,-1,0.0
stage1d_single_agent_delivery_obstacles,4,126506,844,1,420,320,1,2,-3.1999974250793457,0.0,0.0,0.0,0.003968253968253968,0.0,0,0,4,320,-1,-1,-1,0.0
stage1d_single_agent_delivery_obstacles,4,126826,845,1,420,320,1,2,-3.1999974250793457,0.0,0.0,0.0,0.003968253968253968,0.0,0,0,4,320,-1,-1,-1,0.0
stage1d_single_agent_delivery_obstacles,4,127146,846,1,420,320,1,2,-3.1999974250793457,0.0,0.0,0.0,0.003968253968253968,0.0,0,0,4,320,-1,-1,-1,0.0
stage1d_single_agent_delivery_obstacles,4,127466,847,1,420,320,1,2,-1.249997854232788,0.0,0.0,0.0,0.003968253968253968,0.0,0,0,4,320,-1,-1,-1,0.0
stage1d_single_agent_delivery_obstacles,4,127786,848,1,420,320,1,2,-3.239997386932373,0.0,0.0,0.0,0.003968253968253968,0.0,0,0,4,320,-1,-1,-1,0.0
stage1d_single_agent_delivery_obstacles,4,128106,849,1,420,320,1,2,-3.1999974250793457,0.0,0.0,0.0,0.003968253968253968,0.0,0,0,4,320,-1,-1,-1,0.0
stage1d_single_agent_delivery_obstacles,4,128426,850,1,420,320,1,2,-3.239997386932373,0.0,0.0,0.0,0.003968253968253968,0.0,0,0,4,320,-1,-1,-1,0.0
stage1d_single_agent_delivery_obstacles,4,128746,851,1,420,320,1,2,-3.1999974250793457,0.0,0.0,0.0,0.003968253968253968,0.0,0,0,4,320,-1,-1,-1,0.0
stage1d_single_agent_delivery_obstacles,4,129066,852,1,420,320,1,2,-3.2199974060058594,0.0,0.0,0.0,0.003968253968253968,0.0,0,0,4,320,-1,-1,-1,0.0
stage1d_single_agent_delivery_obstacles,4,129386,853,1,420,320,1,2,-1.2699978351593018,0.0,0.0,0.0,0.003968253968253968,0.0,0,0,4,320,-1,-1,-1,0.0
stage1d_single_agent_delivery_obstacles,4,129706,854,1,420,320,1,2,-1.2499979734420776,0.0,0.0,0.0,0.003968253968253968,0.0,0,0,4,320,-1,-1,-1,0.0
stage1d_single_agent_delivery_obstacles,4,130026,855,1,420,320,1,2,-1.2499979734420776,0.0,0.0,0.0,0.003968253968253968,0.0,0,0,4,320,-1,-1,-1,0.0
stage1d_single_agent_delivery_obstacles,4,130346,856,1,420,320,1,2,-3.1999974250793457,0.0,0.0,0.0,0.003968253968253968,0.0,0,0,4,320,-1,-1,-1,0.0
stage1d_single_agent_delivery_obstacles,4,130666,857,1,420,320,1,2,-1.4599977731704712,0.0,0.0,0.0,0.003968253968253968,0.0,0,0,4,320,-1,-1,-1,0.0
stage1d_single_agent_delivery_obstacles,4,130986,858,1,420,320,1,2,-1.2499979734420776,0.0,0.0,0.0,0.003968253968253968,0.0,0,0,4,320,-1,-1,-1,0.0
stage1d_single_agent_delivery_obstacles,4,131306,859,1,420,320,1,2,-1.249997854232788,0.0,0.0,0.0,0.003968253968253968,0.0,0,0,4,320,-1,-1,-1,0.0
stage1d_single_agent_delivery_obstacles,4,131626,860,1,420,320,1,2,-3.1999974250793457,0.0,0.0,0.0,0.003968253968253968,0.0,0,0,4,320,-1,-1,-1,0.0
stage1d_single_agent_delivery_obstacles,4,131946,861,1,420,320,1,2,-1.2499979734420776,0.0,0.0,0.0,0.003968253968253968,0.0,0,0,4,320,-1,-1,-1,0.0
stage1d_single_agent_delivery_obstacles,4,132266,862,1,420,320,1,2,-3.1999974250793457,0.0,0.0,0.0,0.003968253968253968,0.0,0,0,4,320,-1,-1,-1,0.0
stage1d_single_agent_delivery_obstacles,4,132586,863,1,420,320,1,2,-1.3999977111816406,0.0,0.0,0.0,0.003968253968253968,0.0,0,0,4,320,-1,-1,-1,0.0
stage1d_single_agent_delivery_obstacles,4,132906,864,1,420,320,1,2,-3.1999974250793457,0.0,0.0,0.0,0.003968253968253968,0.0,0,0,4,320,-1,-1,-1,0.0
stage1d_single_agent_delivery_obstacles,4,133226,865,1,420,320,1,2,-3.1999974250793457,0.0,0.0,0.0,0.003968253968253968,0.0,0,0,4,320,-1,-1,-1,0.0
stage1d_single_agent_delivery_obstacles,4,133546,866,1,420,320,1,2,-3.2799973487854004,0.0,0.0,0.0,0.003968253968253968,0.0,0,0,4,320,-1,-1,-1,0.0
stage1d_single_agent_delivery_obstacles,4,133866,867,1,420,320,1,2,-3.1999974250793457,0.0,0.0,0.0,0.003968253968253968,0.0,0,0,4,320,-1,-1,-1,0.0
stage1d_single_agent_delivery_obstacles,4,134186,868,1,420,320,1,2,-3.1999974250793457,0.0,0.0,0.0,0.003968253968253968,0.0,0,0,4,320,-1,-1,-1,0.0
stage1d_single_agent_delivery_obstacles,4,134506,869,1,420,320,1,2,-3.1999974250793457,0.0,0.0,0.0,0.003968253968253968,0.0,0,0,4,320,-1,-1,-1,0.0
stage1d_single_agent_delivery_obstacles,4,134826,870,1,420,320,1,2,-3.2199974060058594,0.0,0.0,0.0,0.003968253968253968,0.0,0,0,4,320,-1,-1,-1,0.0
stage1d_single_agent_delivery_obstacles,4,135146,871,1,420,320,1,2,-3.1999974250793457,0.0,0.0,0.0,0.003968253968253968,0.0,0,0,4,320,-1,-1,-1,0.0
stage1d_single_agent_delivery_obstacles,4,135466,872,1,420,320,1,2,-3.1999974250793457,0.0,0.0,0.0,0.003968253968253968,0.0,0,0,4,320,-1,-1,-1,0.0
stage1d_single_agent_delivery_obstacles,4,135786,873,1,420,320,1,2,-3.1999974250793457,0.0,0.0,0.0,0.003968253968253968,0.0,0,0,4,320,-1,-1,-1,0.0
stage1d_single_agent_delivery_obstacles,4,136106,874,1,420,320,1,2,-3.1999974250793457,0.0,0.0,0.0,0.003968253968253968,0.0,0,0,4,320,-1,-1,-1,0.0
stage1d_single_agent_delivery_obstacles,4,136426,875,1,420,320,1,2,-1.3999977111816406,0.0,0.0,0.0,0.003968253968253968,0.0,0,0,4,320,-1,-1,-1,0.0
stage1d_single_agent_delivery_obstacles,4,136746,876,1,420,320,1,2,-3.1999974250793457,0.0,0.0,0.0,0.003968253968253968,0.0,0,0,4,320,-1,-1,-1,0.0
stage1d_single_agent_delivery_obstacles,4,137066,877,1,420,320,1,2,-3.1999974250793457,0.0,0.0,0.0,0.003968253968253968,0.0,0,0,4,320,-1,-1,-1,0.0
stage1d_single_agent_delivery_obstacles,4,137386,878,1,420,320,1,2,-3.1999974250793457,0.0,0.0,0.0,0.003968253968253968,0.0,0,0,4,320,-1,-1,-1,0.0
stage1d_single_agent_delivery_obstacles,4,137706,879,1,420,320,1,2,-1.2499979734420776,0.0,0.0,0.0,0.003968253968253968,0.0,0,0,4,320,-1,-1,-1,0.0
stage1d_single_agent_delivery_obstacles,4,138026,880,1,420,320,1,2,-1.3999977111816406,0.0,0.0,0.0,0.003968253968253968,0.0,0,0,4,320,-1,-1,-1,0.0
stage1d_single_agent_delivery_obstacles,4,138346,881,1,420,320,1,2,-3.1999974250793457,0.0,0.0,0.0,0.003968253968253968,0.0,0,0,4,320,-1,-1,-1,0.0
stage1d_single_agent_delivery_obstacles,4,138666,882,1,420,320,1,2,-1.3999977111816406,0.0,0.0,0.0,0.003968253968253968,0.0,0,0,4,320,-1,-1,-1,0.0
stage1d_single_agent_delivery_obstacles,4,138986,883,1,420,320,1,2,-1.2499979734420776,0.0,0.0,0.0,0.003968253968253968,0.0,0,0,4,320,-1,-1,-1,0.0
stage1d_single_agent_delivery_obstacles,4,139306,884,1,420,320,1,2,-1.2499979734420776,0.0,0.0,0.0,0.003968253968253968,0.0,0,0,4,320,-1,-1,-1,0.0
stage1d_single_agent_delivery_obstacles,4,139626,885,1,420,320,1,2,-1.3999977111816406,0.0,0.0,0.0,0.003968253968253968,0.0,0,0,4,320,-1,-1,-1,0.0
stage1d_single_agent_delivery_obstacles,4,139946,886,1,420,320,1,2,-3.1999974250793457,0.0,0.0,0.0,0.003968253968253968,0.0,0,0,4,320,-1,-1,-1,0.0
stage1d_single_agent_delivery_obstacles,4,140266,887,1,420,320,1,2,-3.2199974060058594,0.0,0.0,0.0,0.003968253968253968,0.0,0,0,4,320,-1,-1,-1,0.0
stage1d_single_agent_delivery_obstacles,4,140586,888,1,420,320,1,2,-1.2499979734420776,0.0,0.0,0.0,0.003968253968253968,0.0,0,0,4,320,-1,-1,-1,0.0
stage1d_single_agent_delivery_obstacles,4,140906,889,1,420,320,1,2,-1.4105216264724731,0.0,0.0,0.0,0.003968253968253968,0.0,0,0,4,320,-1,-1,-1,0.0
stage1d_single_agent_delivery_obstacles,4,141226,890,1,420,320,1,2,-3.1999974250793457,0.0,0.0,0.0,0.003968253968253968,0.0,0,0,4,320,-1,-1,-1,0.0
stage1d_single_agent_delivery_obstacles,4,141546,891,1,420,320,1,2,-3.1999974250793457,0.0,0.0,0.0,0.003968253968253968,0.0,0,0,4,320,-1,-1,-1,0.0
stage1d_single_agent_delivery_obstacles,4,141866,892,1,420,320,1,2,-3.1999974250793457,0.0,0.0,0.0,0.003968253968253968,0.0,0,0,4,320,-1,-1,-1,0.0
stage1d_single_agent_delivery_obstacles,4,142186,893,1,420,320,1,2,-3.1999974250793457,0.0,0.0,0.0,0.003968253968253968,0.0,0,0,4,320,-1,-1,-1,0.0
stage1d_single_agent_delivery_obstacles,4,142506,894,1,420,320,1,2,-1.2699979543685913,0.0,0.0,0.0,0.003968253968253968,0.0,0,0,4,320,-1,-1,-1,0.0
stage1d_single_agent_delivery_obstacles,4,142826,895,1,420,320,1,2,-1.249997854232788,0.0,0.0,0.0,0.003968253968253968,0.0,0,0,4,320,-1,-1,-1,0.0
stage1d_single_agent_delivery_obstacles,4,143146,896,1,420,320,1,2,-1.249997854232788,0.0,0.0,0.0,0.003968253968253968,0.0,0,0,4,320,-1,-1,-1,0.0
stage1d_single_agent_delivery_obstacles,4,143466,897,1,420,320,1,2,-3.1999974250793457,0.0,0.0,0.0,0.003968253968253968,0.0,0,0,4,320,-1,-1,-1,0.0
stage1d_single_agent_delivery_obstacles,4,143786,898,1,420,320,1,2,-3.1999974250793457,0.0,0.0,0.0,0.003968253968253968,0.0,0,0,4,320,-1,-1,-1,0.0
stage1d_single_agent_delivery_obstacles,4,144106,899,1,420,320,1,2,-1.3999978303909302,0.0,0.0,0.0,0.003968253968253968,0.0,0,0,4,320,-1,-1,-1,0.0
stage1d_single_agent_delivery_obstacles,4,144426,900,1,420,320,1,2,-3.1999974250793457,0.0,0.0,0.0,0.003968253968253968,0.0,0,0,4,320,-1,-1,-1,0.0
stage1d_single_agent_delivery_obstacles,4,144746,901,1,420,320,1,2,-1.2499979734420776,0.0,0.0,0.0,0.003968253968253968,0.0,0,0,4,320,-1,-1,-1,0.0
stage1d_single_agent_delivery_obstacles,4,145066,902,1,420,320,1,2,-3.2799973487854004,0.0,0.0,0.0,0.003968253968253968,0.0,0,0,4,320,-1,-1,-1,0.0
stage1d_single_agent_delivery_obstacles,4,145386,903,1,420,320,1,2,-3.1999974250793457,0.0,0.0,0.0,0.003968253968253968,0.0,0,0,4,320,-1,-1,-1,0.0
stage1d_single_agent_delivery_obstacles,4,145706,904,1,420,320,1,2,-1.3999978303909302,0.0,0.0,0.0,0.003968253968253968,0.0,0,0,4,320,-1,-1,-1,0.0
stage1d_single_agent_delivery_obstacles,4,146026,905,1,420,320,1,2,-3.1999974250793457,0.0,0.0,0.0,0.003968253968253968,0.0,0,0,4,320,-1,-1,-1,0.0
stage1d_single_agent_delivery_obstacles,4,146346,906,1,420,320,1,2,-3.1999974250793457,0.0,0.0,0.0,0.003968253968253968,0.0,0,0,4,320,-1,-1,-1,0.0
stage1d_single_agent_delivery_obstacles,4,146666,907,1,420,320,1,2,-3.1999974250793457,0.0,0.0,0.0,0.003968253968253968,0.0,0,0,4,320,-1,-1,-1,0.0
stage1d_single_agent_delivery_obstacles,4,146986,908,1,420,320,1,2,-3.1999974250793457,0.0,0.0,0.0,0.003968253968253968,0.0,0,0,4,320,-1,-1,-1,0.0
stage1d_single_agent_delivery_obstacles,4,147306,909,1,420,320,1,2,-1.249997854232788,0.0,0.0,0.0,0.003968253968253968,0.0,0,0,4,320,-1,-1,-1,0.0
stage1d_single_agent_delivery_obstacles,4,147626,910,1,420,320,1,2,-1.249997854232788,0.0,0.0,0.0,0.003968253968253968,0.0,0,0,4,320,-1,-1,-1,0.0
stage1d_single_agent_delivery_obstacles,4,147946,911,1,420,320,1,2,-1.3999977111816406,0.0,0.0,0.0,0.003968253968253968,0.0,0,0,4,320,-1,-1,-1,0.0
stage1d_single_agent_delivery_obstacles,4,148266,912,1,420,320,1,2,-3.1999974250793457,0.0,0.0,0.0,0.003968253968253968,0.0,0,0,4,320,-1,-1,-1,0.0
stage1d_single_agent_delivery_obstacles,4,148586,913,1,420,320,1,2,-1.3999977111816406,0.0,0.0,0.0,0.003968253968253968,0.0,0,0,4,320,-1,-1,-1,0.0
stage1d_single_agent_delivery_obstacles,4,148906,914,1,420,320,1,2,-1.249997854232788,0.0,0.0,0.0,0.003968253968253968,0.0,0,0,4,320,-1,-1,-1,0.0
stage1d_single_agent_delivery_obstacles,4,149226,915,1,420,320,1,2,-3.1999974250793457,0.0,0.0,0.0,0.003968253968253968,0.0,0,0,4,320,-1,-1,-1,0.0
stage1d_single_agent_delivery_obstacles,4,149546,916,1,420,320,1,2,-1.249997854232788,0.0,0.0,0.0,0.003968253968253968,0.0,0,0,4,320,-1,-1,-1,0.0
stage1d_single_agent_delivery_obstacles,4,149866,917,1,420,320,1,2,-1.249997854232788,0.0,0.0,0.0,0.003968253968253968,0.0,0,0,4,320,-1,-1,-1,0.0
stage2a_small_swarm_medium,5,151260,918,3,700,500,2,4,-3.3827085494995117,0.0,0.0,0.0,0.004761904761904762,0.0,0,0,8,420,-1,-1,-1,0.0
stage2a_small_swarm_medium,5,152520,919,3,700,500,2,4,-4.206667423248291,0.0,0.0,0.0,0.004761904761904762,0.0,0,0,8,420,-1,-1,-1,0.0
stage2a_small_swarm_medium,5,153780,920,3,700,500,2,4,-4.226668834686279,0.0,0.0,0.0,0.007936507936507936,0.0,0,0,8,420,-1,-1,-1,0.0
stage2a_small_swarm_medium,5,155040,921,3,700,500,2,4,-3.4511327743530273,0.0,0.0,0.0,0.014285714285714285,0.0,0,0,8,420,-1,-1,-1,0.0
stage2a_small_swarm_medium,5,156300,922,3,700,500,2,4,-4.280003070831299,0.0,0.0,0.0,0.007936507936507936,0.0,0,0,8,420,-1,-1,-1,0.0
stage2a_small_swarm_medium,5,157560,923,3,700,500,2,4,-3.7933337688446045,0.0,0.0,0.0,0.009523809523809525,0.0,0,0,8,420,-1,-1,-1,0.0
stage2a_small_swarm_medium,5,158820,924,3,700,500,2,4,-3.4996349811553955,0.0,0.0,0.0,0.009523809523809525,0.0,0,0,8,420,-1,-1,-1,0.0
stage2a_small_swarm_medium,5,160080,925,3,700,500,2,4,-3.4685895442962646,0.0,0.0,0.0,0.011111111111111112,0.0,0,0,8,420,-1,-1,-1,0.0
stage2a_small_swarm_medium,5,161340,926,3,700,500,2,4,-3.723350763320923,0.0,0.0,0.0,0.014285714285714285,0.0,0,0,8,420,-1,-1,-1,0.0
stage2a_small_swarm_medium,5,162600,927,3,700,500,2,4,-2.6069633960723877,0.0,0.0,0.0,0.006349206349206349,0.0,0,0,8,420,-1,-1,-1,0.0
stage2a_small_swarm_medium,5,163860,928,3,700,500,2,4,-3.4643805027008057,0.0,0.0,0.0,0.012698412698412698,0.0,0,0,8,420,-1,-1,-1,0.0
stage2a_small_swarm_medium,5,165120,929,3,700,500,2,4,-3.920741319656372,0.0,0.0,0.0,0.015873015873015872,0.0,0,0,8,420,-1,-1,-1,0.0
stage2a_small_swarm_medium,5,166380,930,3,700,500,2,4,-5.7800374031066895,0.0,0.0,0.0,0.012698412698412698,0.0,0,0,8,420,-1,-1,-1,0.0
stage2a_small_swarm_medium,5,167640,931,3,700,500,2,4,-4.28666877746582,0.0,0.0,0.0,0.012698412698412698,0.0,0,0,8,420,-1,-1,-1,0.0
stage2a_small_swarm_medium,5,168900,932,3,700,500,2,4,-5.330013751983643,0.0,0.0,0.0,0.020634920634920634,0.0,0,0,8,420,-1,-1,-1,0.0
stage2a_small_swarm_medium,5,170160,933,3,700,500,2,4,-4.4164605140686035,0.0,0.0,0.0,0.006349206349206349,0.0,0,0,8,420,-1,-1,-1,0.0
stage2a_small_swarm_medium,5,171420,934,3,700,500,2,4,-3.6567652225494385,0.0,0.0,0.0,0.007936507936507936,0.0,0,0,8,420,-1,-1,-1,0.0
stage2a_small_swarm_medium,5,172680,935,3,700,500,2,4,-2.5368611812591553,0.0,0.0,0.0,0.004761904761904762,0.0,0,0,8,420,-1,-1,-1,0.0
stage2a_small_swarm_medium,5,173940,936,3,700,500,2,4,-3.407006025314331,0.0,0.0,0.0,0.004761904761904762,0.0,0,0,8,420,-1,-1,-1,0.0
stage2a_small_swarm_medium,5,175200,937,3,700,500,2,4,-3.923992395401001,0.0,0.0,0.0,0.006349206349206349,0.0,0,0,8,420,-1,-1,-1,0.0
stage2a_small_swarm_medium,5,176460,938,3,700,500,2,4,-3.359999895095825,0.0,0.0,0.0,0.006349206349206349,0.0,0,0,8,420,-1,-1,-1,0.0
stage2a_small_swarm_medium,5,177720,939,3,700,500,2,4,-4.716673374176025,0.0,0.0,0.0,0.006349206349206349,0.0,0,0,8,420,-1,-1,-1,0.0
stage2a_small_swarm_medium,5,178980,940,3,700,500,2,4,-3.359999895095825,0.0,0.0,0.0,0.004761904761904762,0.0,0,0,8,420,-1,-1,-1,0.0
stage2a_small_swarm_medium,5,180240,941,3,700,500,2,4,-3.4166667461395264,0.0,0.0,0.0,0.006349206349206349,0.0,0,0,8,420,-1,-1,-1,0.0
stage2a_small_swarm_medium,5,181500,942,3,700,500,2,4,-4.203334808349609,0.0,0.0,0.0,0.004761904761904762,0.0,0,0,8,420,-1,-1,-1,0.0
stage2a_small_swarm_medium,5,182760,943,3,700,500,2,4,-3.3566665649414062,0.0,0.0,0.0,0.004761904761904762,0.0,0,0,8,420,-1,-1,-1,0.0
stage2a_small_swarm_medium,5,184020,944,3,700,500,2,4,-2.5353946685791016,0.0,0.0,0.0,0.004761904761904762,0.0,0,0,8,420,-1,-1,-1,0.0
stage2a_small_swarm_medium,5,185280,945,3,700,500,2,4,-4.293335437774658,0.0,0.0,0.0,0.012698412698412698,0.0,0,0,8,420,-1,-1,-1,0.0
stage2a_small_swarm_medium,5,186540,946,3,700,500,2,4,-2.055414915084839,0.0,0.0,0.0,0.020634920634920634,0.0,0,0,8,420,-1,-1,-1,0.0
stage2a_small_swarm_medium,5,187800,947,3,700,500,2,4,-3.9500653743743896,0.0,0.0,0.0,0.014285714285714285,0.0,0,0,8,420,-1,-1,-1,0.0
stage2a_small_swarm_medium,5,189060,948,3,700,500,2,4,-4.196563243865967,0.0,0.0,0.0,0.04285714285714286,0.0,0,0,8,420,-1,-1,-1,0.0
stage2a_small_swarm_medium,5,190320,949,3,700,500,2,4,4.633141040802002,4.0,4.0,0.0,0.007936507936507936,0.0,0,0,4,420,229,-1,-1,0.0
stage2a_small_swarm_medium,5,191580,950,3,700,500,2,4,-3.502530336380005,0.0,0.0,0.0,0.012698412698412698,0.0,0,0,8,420,-1,-1,-1,0.0
stage2a_small_swarm_medium,5,192840,951,3,700,500,2,4,-3.2421915531158447,0.0,0.0,0.0,0.023809523809523808,0.0,0,0,8,420,-1,-1,-1,0.0
stage2a_small_swarm_medium,5,194100,952,3,700,500,2,4,-3.3927154541015625,0.0,0.0,0.0,0.009523809523809525,0.0,0,0,8,420,-1,-1,-1,0.0
stage2a_small_swarm_medium,5,195360,953,3,700,500,2,4,-3.4166667461395264,0.0,0.0,0.0,0.004761904761904762,0.0,0,0,8,420,-1,-1,-1,0.0
stage2a_small_swarm_medium,5,196620,954,3,700,500,2,4,-2.593245029449463,0.0,0.0,0.0,0.007936507936507936,0.0,0,0,8,420,-1,-1,-1,0.0
stage2a_small_swarm_medium,5,197880,955,3,700,500,2,4,-4.216668128967285,0.0,0.0,0.0,0.006349206349206349,0.0,0,0,8,420,-1,-1,-1,0.0
stage2a_small_swarm_medium,5,199140,956,3,700,500,2,4,-3.4708070755004883,0.0,0.0,0.0,0.009523809523809525,0.0,0,0,8,420,-1,-1,-1,0.0
stage2a_small_swarm_medium,5,200400,957,3,700,500,2,4,-3.8622915744781494,0.0,0.0,0.0,0.012698412698412698,0.0,0,0,8,420,-1,-1,-1,0.0
stage2a_small_swarm_medium,5,201660,958,3,700,500,2,4,-3.895733594894409,0.0,0.0,0.0,0.006349206349206349,0.0,0,0,8,420,-1,-1,-1,0.0
stage2a_small_swarm_medium,5,202920,959,3,700,500,2,4,-4.776679515838623,0.0,0.0,0.0,0.007936507936507936,0.0,0,0,8,420,-1,-1,-1,0.0
stage2a_small_swarm_medium,5,204180,960,3,700,500,2,4,-3.3803212642669678,0.0,0.0,0.0,0.012698412698412698,0.0,0,0,8,420,-1,-1,-1,0.0
stage2a_small_swarm_medium,5,205440,961,3,700,500,2,4,-3.322437286376953,0.0,0.0,0.0,0.020634920634920634,0.0,0,0,8,420,-1,-1,-1,0.0
stage2a_small_swarm_medium,5,206700,962,3,700,500,2,4,-4.246668338775635,0.0,0.0,0.0,0.006349206349206349,0.0,0,0,8,420,-1,-1,-1,0.0
stage2a_small_swarm_medium,5,207960,963,3,700,500,2,4,-2.582183599472046,0.0,0.0,0.0,0.012698412698412698,0.0,0,0,8,420,-1,-1,-1,0.0
stage2a_small_swarm_medium,5,209220,964,3,700,500,2,4,-4.226668834686279,0.0,0.0,0.0,0.012698412698412698,0.0,0,0,8,420,-1,-1,-1,0.0
stage2b_small_swarm_large,6,211950,965,3,950,700,3,8,-5.73521089553833,0.0,0.0,0.0,0.005,0.0,0,0,12,650,-1,-1,-1,0.0
stage2b_small_swarm_large,6,213900,966,3,950,700,3,8,-5.277843475341797,0.0,0.0,0.0,0.005,0.0,0,0,12,650,-1,-1,-1,0.0
stage2b_small_swarm_large,6,215850,967,3,950,700,3,8,-73.57453918457031,0.0,0.0,0.0,0.21916666666666668,0.0,0,0,12,650,-1,-1,-1,0.0
stage2b_small_swarm_large,6,217800,968,3,950,700,3,8,-10.627742767333984,7.0,7.0,0.0,0.17583333333333334,0.004180448065774563,3,1,9,650,14,-1,-1,0.0
stage2b_small_swarm_large,6,219750,969,3,950,700,3,8,-23.20393943786621,4.0,4.0,0.0,0.205,0.0,0,0,8,650,123,-1,-1,0.0
stage2b_small_swarm_large,6,221700,970,3,950,700,3,8,-20.401647567749023,8.0,8.0,0.0,0.2791666666666667,0.0,0,1,8,650,394,-1,-1,0.0
stage2b_small_swarm_large,6,223650,971,3,950,700,3,8,-26.953649520874023,4.0,4.0,0.0,0.23416666666666666,0.0,0,1,12,650,91,-1,-1,0.0
stage2b_small_swarm_large,6,225600,972,3,950,700,3,8,-38.47177505493164,3.0,3.0,0.0,0.2025,0.0,1,0,9,650,176,-1,-1,0.0
stage2b_small_swarm_large,6,227550,973,3,950,700,3,8,-13.476330757141113,0.0,0.0,0.0,0.14,0.0,0,0,12,650,-1,-1,-1,0.0
stage2b_small_swarm_large,6,229500,974,3,950,700,3,8,-6.650055408477783,0.0,0.0,0.0,0.005833333333333334,0.0,0,0,12,650,-1,-1,-1,0.0
stage2b_small_swarm_large,6,231450,975,3,950,700,3,8,1.3829402923583984,6.0,6.0,0.0,0.11083333333333334,0.0,0,1,10,650,382,-1,-1,0.0
stage2b_small_swarm_large,6,233400,976,3,950,700,3,8,-7.187567234039307,0.0,0.0,0.0,0.006666666666666667,0.0,0,0,12,650,-1,-1,-1,0.0
stage2b_small_swarm_large,6,235350,977,3,950,700,3,8,-6.602555751800537,0.0,0.0,0.0,0.005,0.0,0,0,12,650,-1,-1,-1,0.0
stage2b_small_swarm_large,6,237300,978,3,950,700,3,8,-4.671694278717041,0.0,0.0,0.0,0.0225,0.0,0,0,12,650,-1,-1,-1,0.0
stage2b_small_swarm_large,6,239250,979,3,950,700,3,8,-25.880651473999023,0.0,0.0,0.0,0.035,0.0,0,0,12,650,-1,-1,-1,0.0
stage2b_small_swarm_large,6,241200,980,3,950,700,3,8,-6.65422248840332,0.0,0.0,0.0,0.02,0.0,0,0,12,650,-1,-1,-1,0.0
stage2b_small_swarm_large,6,243150,981,3,950,700,3,8,-4.06070613861084,0.0,0.0,0.0,0.010833333333333334,0.0,0,0,12,650,-1,-1,-1,0.0
stage2b_small_swarm_large,6,245100,982,3,950,700,3,8,-6.191898345947266,0.0,0.0,0.0,0.004166666666666667,0.0,0,0,12,650,-1,-1,-1,0.0
stage2b_small_swarm_large,6,247050,983,3,950,700,3,8,-5.360395908355713,0.0,0.0,0.0,0.03833333333333333,0.0,0,0,12,650,-1,-1,-1,0.0
stage2b_small_swarm_large,6,249000,984,3,950,700,3,8,-6.625888824462891,0.0,0.0,0.0,0.008333333333333333,0.0,0,0,12,650,-1,-1,-1,0.0
stage2b_small_swarm_large,6,250950,985,3,950,700,3,8,-4.051048755645752,0.0,0.0,0.0,0.008333333333333333,0.0,0,0,12,650,-1,-1,-1,0.0
stage2b_small_swarm_large,6,252900,986,3,950,700,3,8,-4.032980442047119,0.0,0.0,0.0,0.006666666666666667,0.0,0,0,12,650,-1,-1,-1,0.0
stage2b_small_swarm_large,6,254850,987,3,950,700,3,8,-3.96382212638855,0.0,0.0,0.0,0.005833333333333334,0.0,0,0,12,650,-1,-1,-1,0.0
stage2b_small_swarm_large,6,256800,988,3,950,700,3,8,-7.545071125030518,0.0,0.0,0.0,0.004166666666666667,0.0,0,0,12,650,-1,-1,-1,0.0
stage2b_small_swarm_large,6,258750,989,3,950,700,3,8,-5.2106547355651855,0.0,0.0,0.0,0.0033333333333333335,0.0,0,0,12,650,-1,-1,-1,0.0
stage2b_small_swarm_large,6,260700,990,3,950,700,3,8,-6.527554035186768,0.0,0.0,0.0,0.0033333333333333335,0.0,0,0,12,650,-1,-1,-1,0.0
stage2b_small_swarm_large,6,262650,991,3,950,700,3,8,-6.504220485687256,0.0,0.0,0.0,0.0033333333333333335,0.0,0,0,12,650,-1,-1,-1,0.0
stage2b_small_swarm_large,6,264600,992,3,950,700,3,8,-5.220747470855713,0.0,0.0,0.0,0.004166666666666667,0.0,0,0,12,650,-1,-1,-1,0.0
stage2b_small_swarm_large,6,266550,993,3,950,700,3,8,-3.9066810607910156,0.0,0.0,0.0,0.0025,0.0,0,0,12,650,-1,-1,-1,0.0
stage2b_small_swarm_large,6,268500,994,3,950,700,3,8,-5.261754989624023,0.0,0.0,0.0,0.004166666666666667,0.0,0,0,12,650,-1,-1,-1,0.0
stage2b_small_swarm_large,6,270450,995,3,950,700,3,8,-5.257534027099609,0.0,0.0,0.0,0.0033333333333333335,0.0,0,0,12,650,-1,-1,-1,0.0
stage2b_small_swarm_large,6,272400,996,3,950,700,3,8,-6.503387451171875,0.0,0.0,0.0,0.0025,0.0,0,0,12,650,-1,-1,-1,0.0
stage2b_small_swarm_large,6,274350,997,3,950,700,3,8,-2.599994659423828,0.0,0.0,0.0,0.0025,0.0,0,0,12,650,-1,-1,-1,0.0
stage2b_small_swarm_large,6,276300,998,3,950,700,3,8,-3.9066810607910156,0.0,0.0,0.0,0.0025,0.0,0,0,12,650,-1,-1,-1,0.0
stage2b_small_swarm_large,6,278250,999,3,950,700,3,8,-5.206700801849365,0.0,0.0,0.0,0.0025,0.0,0,0,12,650,-1,-1,-1,0.0
stage2b_small_swarm_large,6,280200,1000,3,950,700,3,8,-6.525886535644531,0.0,0.0,0.0,0.005,0.0,0,0,12,650,-1,-1,-1,0.0
stage2b_small_swarm_large,6,282150,1001,3,950,700,3,8,-5.204200744628906,0.0,0.0,0.0,0.0033333333333333335,0.0,0,0,12,650,-1,-1,-1,0.0
stage2b_small_swarm_large,6,284100,1002,3,950,700,3,8,-6.503387451171875,0.0,0.0,0.0,0.0025,0.0,0,0,12,650,-1,-1,-1,0.0
stage2b_small_swarm_large,6,286050,1003,3,950,700,3,8,-2.6176109313964844,0.0,0.0,0.0,0.0033333333333333335,0.0,0,0,12,650,-1,-1,-1,0.0
stage2b_small_swarm_large,6,288000,1004,3,950,700,3,8,-5.207804203033447,0.0,0.0,0.0,0.004166666666666667,0.0,0,0,12,650,-1,-1,-1,0.0
stage2b_small_swarm_large,6,289950,1005,3,950,700,3,8,-5.172542095184326,0.0,0.0,0.0,0.004166666666666667,0.0,0,0,12,650,-1,-1,-1,0.0
stage2b_small_swarm_large,6,291900,1006,3,950,700,3,8,-6.500053882598877,0.0,0.0,0.0,0.0025,0.0,0,0,12,650,-1,-1,-1,0.0
stage2b_small_swarm_large,6,293850,1007,3,950,700,3,8,-6.504220485687256,0.0,0.0,0.0,0.0033333333333333335,0.0,0,0,12,650,-1,-1,-1,0.0
stage2b_small_swarm_large,6,295800,1008,3,950,700,3,8,-3.9100143909454346,0.0,0.0,0.0,0.0025,0.0,0,0,12,650,-1,-1,-1,0.0
stage2b_small_swarm_large,6,297750,1009,3,950,700,3,8,-5.206700801849365,0.0,0.0,0.0,0.0025,0.0,0,0,12,650,-1,-1,-1,0.0
stage2b_small_swarm_large,6,299700,1010,3,950,700,3,8,-5.211429119110107,0.0,0.0,0.0,0.0033333333333333335,0.0,0,0,12,650,-1,-1,-1,0.0
stage3a_full_swarm_large,7,304320,1011,6,950,700,3,8,-7.45932149887085,0.0,0.0,0.0,0.009166666666666667,0.0,0,0,12,720,-1,-1,-1,0.0
stage3a_full_swarm_large,7,308640,1012,6,950,700,3,8,-7.2042365074157715,0.0,0.0,0.0,0.005833333333333334,0.0,0,0,12,720,-1,-1,-1,0.0
stage3a_full_swarm_large,7,312960,1013,6,950,700,3,8,-7.207569599151611,0.0,0.0,0.0,0.005833333333333334,0.0,0,0,12,720,-1,-1,-1,0.0
stage3a_full_swarm_large,7,317280,1014,6,950,700,3,8,-5.753377914428711,0.0,0.0,0.0,0.005,0.0,0,0,12,720,-1,-1,-1,0.0
stage3a_full_swarm_large,7,321600,1015,6,950,700,3,8,-5.760368347167969,0.0,0.0,0.0,0.006666666666666667,0.0,0,0,12,720,-1,-1,-1,0.0
stage3a_full_swarm_large,7,325920,1016,6,950,700,3,8,-6.771554470062256,0.0,0.0,0.0,0.0075,0.0,0,0,12,720,-1,-1,-1,0.0
stage3a_full_swarm_large,7,330240,1017,6,950,700,3,8,-6.656612396240234,0.0,0.0,0.0,0.021666666666666667,0.0,0,0,12,720,-1,-1,-1,0.0
stage3a_full_swarm_large,7,334560,1018,6,950,700,3,8,-6.444068431854248,0.0,0.0,0.0,0.013333333333333334,0.0,0,0,12,720,-1,-1,-1,0.0
stage3a_full_swarm_large,7,338880,1019,6,950,700,3,8,-7.236265182495117,0.0,0.0,0.0,0.04083333333333333,0.0,0,0,12,720,-1,-1,-1,0.0
stage3a_full_swarm_large,7,343200,1020,6,950,700,3,8,-8.996172904968262,0.0,0.0,0.0,0.06166666666666667,0.0,0,0,12,720,-1,-1,-1,0.0
stage3a_full_swarm_large,7,347520,1021,6,950,700,3,8,-7.434241771697998,0.0,0.0,0.0,0.0225,0.0,0,0,12,720,-1,-1,-1,0.0
stage3a_full_swarm_large,7,351840,1022,6,950,700,3,8,-7.270904064178467,0.0,0.0,0.0,0.0075,0.0,0,0,12,720,-1,-1,-1,0.0
stage3a_full_swarm_large,7,356160,1023,6,950,700,3,8,-6.6103901863098145,0.0,0.0,0.0,0.014166666666666666,0.0,0,0,12,720,-1,-1,-1,0.0
stage3a_full_swarm_large,7,360480,1024,6,950,700,3,8,-6.1002516746521,0.0,0.0,0.0,0.029166666666666667,0.0,0,0,12,720,-1,-1,-1,0.0
stage3a_full_swarm_large,7,364800,1025,6,950,700,3,8,-7.507577419281006,0.0,0.0,0.0,0.0125,0.0,0,0,12,720,-1,-1,-1,0.0
stage3a_full_swarm_large,7,369120,1026,6,950,700,3,8,-6.554605484008789,0.0,0.0,0.0,0.010833333333333334,0.0,0,0,12,720,-1,-1,-1,0.0
stage3a_full_swarm_large,7,373440,1027,6,950,700,3,8,-6.877815246582031,0.0,0.0,0.0,0.03666666666666667,0.0,0,0,12,720,-1,-1,-1,0.0
stage3a_full_swarm_large,7,377760,1028,6,950,700,3,8,-2.8800151348114014,7.0,7.0,0.0,0.165,0.00797142359747172,1,1,9,720,175,-1,-1,0.0
stage3a_full_swarm_large,7,382080,1029,6,950,700,3,8,-10.925360679626465,0.0,0.0,0.0,0.1425,0.0,0,0,12,720,-1,-1,-1,0.0
stage3a_full_swarm_large,7,386400,1030,6,950,700,3,8,-6.462106227874756,1.0,1.0,0.0,0.1125,0.0009313890290084399,1,0,11,720,261,-1,-1,0.0
stage3a_full_swarm_large,7,390720,1031,6,950,700,3,8,-7.609785079956055,0.0,0.0,0.0,0.030833333333333334,0.0,0,0,12,720,-1,-1,-1,0.0
stage3a_full_swarm_large,7,395040,1032,6,950,700,3,8,-6.612129211425781,0.0,0.0,0.0,0.019166666666666665,0.0,0,0,12,720,-1,-1,-1,0.0
stage3a_full_swarm_large,7,399360,1033,6,950,700,3,8,-5.424046993255615,0.0,0.0,0.0,0.015,0.0,0,0,12,720,-1,-1,-1,0.0
stage3a_full_swarm_large,7,403680,1034,6,950,700,3,8,-7.2100701332092285,0.0,0.0,0.0,0.006666666666666667,0.0,0,0,12,720,-1,-1,-1,0.0
stage3a_full_swarm_large,7,408000,1035,6,950,700,3,8,-4.370389461517334,0.0,0.0,0.0,0.005,0.0,0,0,12,720,-1,-1,-1,0.0
stage3a_full_swarm_large,7,412320,1036,6,950,700,3,8,-6.5854363441467285,0.0,0.0,0.0,0.014166666666666666,0.0,0,0,12,720,-1,-1,-1,0.0
stage3a_full_swarm_large,7,416640,1037,6,950,700,3,8,-4.407288074493408,0.0,0.0,0.0,0.010833333333333334,0.0,0,0,12,720,-1,-1,-1,0.0
stage3b_full_swarm_final,8,424800,1038,6,1400,950,3,18,-8.918429374694824,0.0,0.0,0.0,0.010169491525423728,0.0,0,0,12,800,-1,-1,-1,0.0
stage3b_full_swarm_final,8,429600,1039,6,1400,950,3,18,-8.658428192138672,0.0,0.0,0.0,0.011864406779661017,0.0,0,0,12,800,-1,-1,-1,0.0
stage3b_full_swarm_final,8,434400,1040,6,1400,950,3,18,-8.760502815246582,0.0,0.0,0.0,0.01440677966101695,0.0,0,0,12,800,-1,-1,-1,0.0
stage3b_full_swarm_final,8,439200,1041,6,1400,950,3,18,-10.980114936828613,0.0,0.0,0.0,0.03983050847457627,0.0,0,0,12,800,-1,-1,-1,0.0
stage3b_full_swarm_final,8,444000,1042,6,1400,950,3,18,-8.91677188873291,0.0,0.0,0.0,0.015254237288135594,0.0,0,0,12,800,-1,-1,-1,0.0
stage3b_full_swarm_final,8,448800,1043,6,1400,950,3,18,-7.811750888824463,0.0,0.0,0.0,0.007627118644067797,0.0,0,0,12,800,-1,-1,-1,0.0
stage3b_full_swarm_final,8,453600,1044,6,1400,950,3,18,-8.252589225769043,0.0,0.0,0.0,0.009745762711864408,0.0,0,0,12,800,-1,-1,-1,0.0
stage3b_full_swarm_final,8,458400,1045,6,1400,950,3,18,-7.742279529571533,0.0,0.0,0.0,0.02288135593220339,0.0,0,0,12,800,-1,-1,-1,0.0
stage3b_full_swarm_final,8,463200,1046,6,1400,950,3,18,-8.047589302062988,0.0,0.0,0.0,0.0038135593220338985,0.0,0,0,12,800,-1,-1,-1,0.0
stage3b_full_swarm_final,8,468000,1047,6,1400,950,3,18,-7.577126979827881,0.0,0.0,0.0,0.007627118644067797,0.0,0,0,12,800,-1,-1,-1,0.0
stage3b_full_swarm_final,8,472800,1048,6,1400,950,3,18,-6.693771839141846,1.0,1.0,0.0,0.025,0.0,0,0,11,800,85,-1,-1,0.0
stage3b_full_swarm_final,8,477600,1049,6,1400,950,3,18,-11.230008125305176,0.0,0.0,0.0,0.053813559322033896,0.0,0,0,12,800,-1,-1,-1,0.0
stage3b_full_swarm_final,8,482400,1050,6,1400,950,3,18,-71.63534545898438,0.0,0.0,0.0,0.04364406779661017,0.0,0,0,12,800,-1,-1,-1,0.0
stage3b_full_swarm_final,8,487200,1051,6,1400,950,3,18,-11.310935974121094,0.0,0.0,0.0,0.013135593220338982,0.0,0,0,12,800,-1,-1,-1,0.0
stage3b_full_swarm_final,8,492000,1052,6,1400,950,3,18,-9.328436851501465,0.0,0.0,0.0,0.005932203389830509,0.0,0,0,12,800,-1,-1,-1,0.0
stage3b_full_swarm_final,8,496800,1053,6,1400,950,3,18,-8.276761054992676,0.0,0.0,0.0,0.00423728813559322,0.0,0,0,12,800,-1,-1,-1,0.0
stage3b_full_swarm_final,8,501600,1054,6,1400,950,3,18,-7.5332865715026855,0.0,0.0,0.0,0.009322033898305085,0.0,0,0,12,800,-1,-1,-1,0.0
stage3b_full_swarm_final,8,506400,1055,6,1400,950,3,18,-5.121739864349365,4.0,4.0,0.0,0.03516949152542373,0.0,0,1,12,800,21,-1,-1,0.0
stage3b_full_swarm_final,8,511200,1056,6,1400,950,3,18,-15.119315147399902,0.0,0.0,0.0,0.08771186440677967,0.0,0,0,12,800,-1,-1,-1,0.0
stage3b_full_swarm_final,8,516000,1057,6,1400,950,3,18,-9.846794128417969,0.0,0.0,0.0,0.015254237288135594,0.0,0,0,12,800,-1,-1,-1,0.0
stage3b_full_swarm_final,8,520800,1058,6,1400,950,3,18,-8.38426399230957,0.0,0.0,0.0,0.022457627118644068,0.0,0,0,12,800,-1,-1,-1,0.0
stage3b_full_swarm_final,8,525600,1059,6,1400,950,3,18,-8.334261894226074,0.0,0.0,0.0,0.008050847457627118,0.0,0,0,12,800,-1,-1,-1,0.0
stage3b_full_swarm_final,8,530400,1060,6,1400,950,3,18,-6.514698028564453,0.0,0.0,0.0,0.007627118644067797,0.0,0,0,12,800,-1,-1,-1,0.0
stage3b_full_swarm_final,8,535200,1061,6,1400,950,3,18,-8.087590217590332,0.0,0.0,0.0,0.007203389830508475,0.0,0,0,12,800,-1,-1,-1,0.0
stage3b_full_swarm_final,8,540000,1062,6,1400,950,3,18,-8.038421630859375,0.0,0.0,0.0,0.00423728813559322,0.0,0,0,12,800,-1,-1,-1,0.0
stage3b_full_swarm_final,8,544800,1063,6,1400,950,3,18,-6.97064733505249,0.0,0.0,0.0,0.012711864406779662,0.0,0,0,12,800,-1,-1,-1,0.0
stage3b_full_swarm_final,8,549600,1064,6,1400,950,3,18,-8.15259075164795,0.0,0.0,0.0,0.01228813559322034,0.0,0,0,12,800,-1,-1,-1,0.0
stage3b_full_swarm_final,8,554400,1065,6,1400,950,3,18,-8.309849739074707,0.0,0.0,0.0,0.057203389830508475,0.0,0,0,12,800,-1,-1,-1,0.0
stage3b_full_swarm_final,8,559200,1066,6,1400,950,3,18,-22.283140182495117,4.0,4.0,0.0,0.09194915254237288,0.0,0,1,12,800,5,-1,-1,0.0
stage3b_full_swarm_final,8,564000,1067,6,1400,950,3,18,-5.844066143035889,0.0,0.0,0.0,0.013135593220338982,0.0,0,0,12,800,-1,-1,-1,0.0
stage3b_full_swarm_final,8,568800,1068,6,1400,950,3,18,-8.098319053649902,0.0,0.0,0.0,0.008050847457627118,0.0,0,0,12,800,-1,-1,-1,0.0
stage3b_full_swarm_final,8,573600,1069,6,1400,950,3,18,-7.357573986053467,0.0,0.0,0.0,0.007203389830508475,0.0,0,0,12,800,-1,-1,-1,0.0
stage3b_full_swarm_final,8,578400,1070,6,1400,950,3,18,-8.056755065917969,0.0,0.0,0.0,0.005084745762711864,0.0,0,0,12,800,-1,-1,-1,0.0
stage3b_full_swarm_final,8,583200,1071,6,1400,950,3,18,-14.784462928771973,0.0,0.0,0.0,0.06779661016949153,0.0,0,0,12,800,-1,-1,-1,0.0
stage3b_full_swarm_final,8,588000,1072,6,1400,950,3,18,-8.87707233428955,0.0,0.0,0.0,0.034322033898305085,0.0,0,0,12,800,-1,-1,-1,0.0
stage3b_full_swarm_final,8,592800,1073,6,1400,950,3,18,-6.576979160308838,0.0,0.0,0.0,0.012711864406779662,0.0,0,0,12,800,-1,-1,-1,0.0
stage3b_full_swarm_final,8,597600,1074,6,1400,950,3,18,-8.868441581726074,0.0,0.0,0.0,0.013559322033898305,0.0,0,0,12,800,-1,-1,-1,0.0
