stage,stage_index,global_step,episode,n_agents,width,height,n_targets,n_obstacles,pheromone_enabled,mean_episode_reward,food_discovered,food_picked_up,food_retrieved,exploration_coverage,pheromone_usage,pheromone_deposit_events,low_displacement_fraction,crowding_fraction,stuck_event_count,successful_escape_count,mean_stuck_duration,max_collision_streak,episode_length,first_pickup_step,first_delivery_step,pickup_to_delivery_latency,swarm_efficiency
stage1a_single_agent_tiny,1,120,1,1,100,100,2,0,True,-14.834084510803223,0.0,0.0,0.0,0.44,0.482593301559488,61,0.5916666666666667,0.0,0,0,0.0,1,120,-1,-1,-1,0.0
stage1a_single_agent_tiny,1,240,2,1,100,100,2,0,True,-14.565271377563477,1.0,1.0,0.0,0.32,0.5150904750994717,46,0.6166666666666667,0.0,2,0,9.0,1,120,1,-1,-1,0.0
stage1a_single_agent_tiny,1,360,3,1,100,100,2,0,True,2.731738328933716,2.0,2.0,0.0,0.48,0.4449156624400833,70,0.5666666666666667,0.0,2,0,8.0,1,120,46,-1,-1,0.0
stage1a_single_agent_tiny,1,480,4,1,100,100,2,0,True,3.263612747192383,2.0,2.0,0.0,0.36,0.4070433450397104,57,0.525,0.0,1,0,7.0,1,120,83,-1,-1,0.0
stage1a_single_agent_tiny,1,600,5,1,100,100,2,0,True,-22.600170135498047,0.0,0.0,0.0,0.28,0.6448329732598116,65,0.6,0.0,4,0,7.0,1,120,-1,-1,-1,0.0
stage1a_single_agent_tiny,1,720,6,1,100,100,2,0,True,-10.069125175476074,1.0,1.0,0.0,0.28,0.5856966340603927,78,0.65,0.0,1,0,11.0,1,120,55,-1,-1,0.0
stage1a_single_agent_tiny,1,840,7,1,100,100,2,0,True,10.506020545959473,2.0,2.0,0.0,0.4,0.3622421058253773,49,0.5666666666666667,0.0,0,0,0.0,1,120,76,-1,-1,0.0
stage1a_single_agent_tiny,1,960,8,1,100,100,2,0,True,15.695995330810547,3.0,3.0,0.0,0.4,0.3523821300632941,59,0.4666666666666667,0.0,0,0,0.0,1,120,13,-1,-1,0.0
stage1a_single_agent_tiny,1,1080,9,1,100,100,2,0,True,-7.879336833953857,2.0,2.0,0.0,0.4,0.48833195883198643,60,0.5416666666666666,0.0,1,0,7.0,1,120,60,-1,-1,0.0
stage1a_single_agent_tiny,1,1200,10,1,100,100,2,0,True,-18.264982223510742,0.0,0.0,0.0,0.36,0.5330428994726389,61,0.6166666666666667,0.0,4,0,8.5,1,120,-1,-1,-1,0.0
stage1a_single_agent_tiny,1,1320,11,1,100,100,2,0,True,9.546331405639648,3.0,3.0,0.0,0.24,0.4800864179579852,59,0.6,0.0,0,0,0.0,1,120,7,-1,-1,0.0
stage1a_single_agent_tiny,1,1440,12,1,100,100,2,0,True,-10.024621963500977,1.0,1.0,0.0,0.44,0.5612882607306043,74,0.5833333333333334,0.0,2,0,7.0,1,120,101,-1,-1,0.0
stage1a_single_agent_tiny,1,1560,13,1,100,100,2,0,True,15.556175231933594,1.0,1.0,1.0,0.4,0.4334256086323876,64,0.55,0.0,1,0,11.0,1,120,54,54,0,0.008333333333333333
stage1a_single_agent_tiny,1,1680,14,1,100,100,2,0,True,-14.469788551330566,1.0,1.0,0.0,0.36,0.5049816095968709,84,0.55,0.0,3,0,7.0,1,120,11,-1,-1,0.0
stage1a_single_agent_tiny,1,1800,15,1,100,100,2,0,True,-2.171475648880005,1.0,1.0,0.0,0.28,0.6000151665570835,57,0.725,0.0,3,0,8.333333333333334,1,120,84,-1,-1,0.0
stage1a_single_agent_tiny,1,1920,16,1,100,100,2,0,True,-7.057859897613525,1.0,1.0,0.0,0.44,0.42377130421227777,46,0.6416666666666667,0.0,3,0,9.0,1,120,91,-1,-1,0.0
stage1a_single_agent_tiny,1,2040,17,1,100,100,2,0,True,-9.113723754882812,0.0,0.0,0.0,0.28,0.4816390914958902,65,0.7083333333333334,0.0,1,0,9.0,1,120,-1,-1,-1,0.0
stage1a_single_agent_tiny,1,2160,18,1,100,100,2,0,True,-0.8156852126121521,1.0,1.0,0.0,0.4,0.4798271497983175,65,0.6333333333333333,0.0,2,0,8.0,1,120,115,-1,-1,0.0
stage1a_single_agent_tiny,1,2280,19,1,100,100,2,0,True,7.832836627960205,3.0,3.0,0.0,0.4,0.4983173504471779,52,0.6083333333333333,0.0,2,0,9.0,1,120,39,-1,-1,0.0
stage1a_single_agent_tiny,1,2400,20,1,100,100,2,0,True,-3.752138137817383,1.0,1.0,0.0,0.36,0.5814618418614069,62,0.6916666666666667,0.0,3,0,8.0,1,120,41,-1,-1,0.0
stage1a_single_agent_tiny,1,2520,21,1,100,100,2,0,True,2.94494891166687,2.0,2.0,0.0,0.36,0.4627676109400151,59,0.6166666666666667,0.0,1,0,7.0,1,120,18,-1,-1,0.0
stage1a_single_agent_tiny,1,2640,22,1,100,100,2,0,True,-6.431424617767334,2.0,2.0,0.0,0.28,0.5923217111965642,70,0.6416666666666667,0.0,3,0,8.0,1,120,28,-1,-1,0.0
stage1a_single_agent_tiny,1,2760,23,1,100,100,2,0,True,25.781051635742188,6.0,6.0,0.0,0.36,0.40128568172222,61,0.49166666666666664,0.0,0,0,0.0,1,120,36,-1,-1,0.0
stage1a_single_agent_tiny,1,2880,24,1,100,100,2,0,True,18.494354248046875,1.0,1.0,1.0,0.44,0.46105085645297855,70,0.6166666666666667,0.0,4,0,7.5,1,120,99,99,0,0.008333333333333333
stage1a_single_agent_tiny,1,3000,25,1,100,100,2,0,True,2.5414557456970215,1.0,1.0,0.0,0.24,0.47413555563349896,62,0.6166666666666667,0.0,1,0,7.0,1,120,30,-1,-1,0.0
stage1a_single_agent_tiny,1,3120,26,1,100,100,2,0,True,-19.463998794555664,0.0,0.0,0.0,0.16,0.6442582345121385,77,0.65,0.0,2,0,8.0,1,120,-1,-1,-1,0.0
stage1a_single_agent_tiny,1,3240,27,1,100,100,2,0,True,-23.7200984954834,0.0,0.0,0.0,0.52,0.37172318961044465,74,0.475,0.0,2,0,6.5,1,120,-1,-1,-1,0.0
stage1a_single_agent_tiny,1,3360,28,1,100,100,2,0,True,-8.254687309265137,1.0,1.0,0.0,0.36,0.508611842035316,66,0.6166666666666667,0.0,2,0,9.0,1,120,68,-1,-1,0.0
stage1a_single_agent_tiny,1,3480,29,1,100,100,2,0,True,6.496201038360596,3.0,3.0,0.0,0.4,0.542594727386798,73,0.5916666666666667,0.0,1,0,9.0,1,120,43,-1,-1,0.0
stage1a_single_agent_tiny,1,3600,30,1,100,100,2,0,True,-2.135230541229248,2.0,2.0,0.0,0.36,0.4509007305576233,71,0.5583333333333333,0.0,2,0,8.0,1,120,27,-1,-1,0.0
stage1a_single_agent_tiny,1,3720,31,1,100,100,2,0,True,-1.0602984428405762,1.0,1.0,0.0,0.4,0.5153779991931515,70,0.6833333333333333,0.0,2,0,10.0,1,120,25,-1,-1,0.0
stage1a_single_agent_tiny,1,3840,32,1,100,100,2,0,True,-0.591242253780365,2.0,2.0,0.0,0.48,0.43535095289116726,65,0.5333333333333333,0.0,2,0,9.0,1,120,12,-1,-1,0.0
stage1a_single_agent_tiny,1,3960,33,1,100,100,2,0,True,-1.0393420457839966,1.0,1.0,0.0,0.24,0.5116094826410215,43,0.7416666666666667,0.0,5,0,8.2,1,120,22,-1,-1,0.0
stage1a_single_agent_tiny,1,4080,34,1,100,100,2,0,True,27.645477294921875,4.0,4.0,0.0,0.44,0.42639186126956097,78,0.525,0.0,1,0,7.0,1,120,3,-1,-1,0.0
stage1a_single_agent_tiny,1,4200,35,1,100,100,2,0,True,15.395702362060547,3.0,3.0,0.0,0.48,0.36707354699901773,55,0.625,0.0,1,0,7.0,1,120,78,-1,-1,0.0
stage1a_single_agent_tiny,1,4320,36,1,100,100,2,0,True,21.74930191040039,1.0,1.0,1.0,0.56,0.4854417960314701,71,0.575,0.0,3,0,8.333333333333334,1,120,28,28,0,0.008333333333333333
stage1a_single_agent_tiny,1,4440,37,1,100,100,2,0,True,-17.95395278930664,0.0,0.0,0.0,0.44,0.5030409137058692,64,0.6416666666666667,0.0,4,0,8.5,1,120,-1,-1,-1,0.0
stage1a_single_agent_tiny,1,4560,38,1,100,100,2,0,True,-14.449848175048828,1.0,1.0,0.0,0.24,0.608174426923506,77,0.6833333333333333,0.0,3,0,7.0,1,120,88,-1,-1,0.0
stage1a_single_agent_tiny,1,4680,39,1,100,100,2,0,True,-1.5737850666046143,3.0,3.0,0.0,0.4,0.5552291647162444,68,0.6,0.0,2,0,6.5,1,120,5,-1,-1,0.0
stage1a_single_agent_tiny,1,4800,40,1,100,100,2,0,True,-16.583438873291016,0.0,0.0,0.0,0.4,0.4944124614354223,65,0.65,0.0,2,0,3.5,1,120,-1,-1,-1,0.0
stage1a_single_agent_tiny,1,4920,41,1,100,100,2,0,True,-19.342140197753906,0.0,0.0,0.0,0.28,0.46167108989320693,68,0.5916666666666667,0.0,2,0,7.0,1,120,-1,-1,-1,0.0
stage1a_single_agent_tiny,1,5040,42,1,100,100,2,0,True,7.518650054931641,3.0,3.0,0.0,0.44,0.34709462655494766,52,0.525,0.0,2,0,9.0,1,120,32,-1,-1,0.0
stage1a_single_agent_tiny,1,5160,43,1,100,100,2,0,True,-2.03252911567688,2.0,2.0,0.0,0.32,0.501421226390327,55,0.6333333333333333,0.0,3,0,8.333333333333334,1,120,83,-1,-1,0.0
stage1a_single_agent_tiny,1,5280,44,1,100,100,2,0,True,-3.865706443786621,1.0,1.0,0.0,0.32,0.45966337993741035,58,0.6166666666666667,0.0,2,0,5.5,1,120,10,-1,-1,0.0
stage1a_single_agent_tiny,1,5400,45,1,100,100,2,0,True,-19.091094970703125,0.0,0.0,0.0,0.44,0.512652230404395,76,0.6333333333333333,0.0,2,0,12.0,1,120,-1,-1,-1,0.0
stage1a_single_agent_tiny,1,5520,46,1,100,100,2,0,True,-14.73044204711914,0.0,0.0,0.0,0.36,0.5955536969549333,73,0.6666666666666666,0.0,3,0,7.666666666666667,1,120,-1,-1,-1,0.0
stage1a_single_agent_tiny,1,5640,47,1,100,100,2,0,True,-3.365626573562622,2.0,2.0,0.0,0.4,0.5180879003251903,81,0.5833333333333334,0.0,4,0,7.5,1,120,36,-1,-1,0.0
stage1a_single_agent_tiny,1,5760,48,1,100,100,2,0,True,-5.3178229331970215,1.0,1.0,0.0,0.36,0.45871416450633357,56,0.7,0.0,0,0,0.0,1,120,44,-1,-1,0.0
stage1a_single_agent_tiny,1,5880,49,1,100,100,2,0,True,-14.711092948913574,0.0,0.0,0.0,0.32,0.5372467138047796,71,0.7,0.0,6,0,5.833333333333333,1,120,-1,-1,-1,0.0
stage1a_single_agent_tiny,1,6000,50,1,100,100,2,0,True,-7.813265800476074,1.0,1.0,0.0,0.36,0.5360124504329481,55,0.6,0.0,3,0,7.0,1,120,45,-1,-1,0.0
stage1a_single_agent_tiny,1,6120,51,1,100,100,2,0,True,-4.001432418823242,1.0,1.0,0.0,0.32,0.6325953453274754,85,0.6916666666666667,0.0,5,0,10.2,1,120,81,-1,-1,0.0
stage1a_single_agent_tiny,1,6240,52,1,100,100,2,0,True,4.444764614105225,2.0,2.0,0.0,0.2,0.53012119216534,61,0.7,0.0,1,0,9.0,1,120,39,-1,-1,0.0
stage1a_single_agent_tiny,1,6360,53,1,100,100,2,0,True,27.54499053955078,1.0,1.0,1.0,0.44,0.5561537915161655,69,0.6583333333333333,0.0,5,0,6.8,1,120,40,40,0,0.008333333333333333
stage1a_single_agent_tiny,1,6480,54,1,100,100,2,0,True,5.815309524536133,2.0,2.0,0.0,0.48,0.542938950364866,67,0.6833333333333333,0.0,4,0,9.0,1,120,20,-1,-1,0.0
stage1a_single_agent_tiny,1,6600,55,1,100,100,2,0,True,-9.77140998840332,1.0,1.0,0.0,0.24,0.48259965603550276,55,0.5666666666666667,0.0,0,0,0.0,1,120,72,-1,-1,0.0
stage1a_single_agent_tiny,1,6720,56,1,100,100,2,0,True,-6.958462715148926,1.0,1.0,0.0,0.36,0.5438856840521719,65,0.6833333333333333,0.0,3,0,7.0,1,120,62,-1,-1,0.0
stage1a_single_agent_tiny,1,6840,57,1,100,100,2,0,True,-13.755596160888672,0.0,0.0,0.0,0.36,0.5230497697504082,74,0.6583333333333333,0.0,4,0,10.0,1,120,-1,-1,-1,0.0
stage1a_single_agent_tiny,1,6960,58,1,100,100,2,0,True,21.794069290161133,4.0,4.0,0.0,0.48,0.4699668406819304,61,0.5166666666666667,0.0,3,0,8.333333333333334,1,120,2,-1,-1,0.0
stage1a_single_agent_tiny,1,7080,59,1,100,100,2,0,True,-1.9550056457519531,2.0,2.0,0.0,0.36,0.4175256379356142,59,0.5916666666666667,0.0,2,0,7.0,1,120,20,-1,-1,0.0
stage1a_single_agent_tiny,1,7200,60,1,100,100,2,0,True,-3.6894776821136475,1.0,1.0,0.0,0.4,0.511359062625949,59,0.6666666666666666,0.0,2,0,9.0,1,120,12,-1,-1,0.0
stage1a_single_agent_tiny,1,7320,61,1,100,100,2,0,True,-26.845121383666992,0.0,0.0,0.0,0.44,0.5873995017745377,62,0.6333333333333333,0.0,2,0,8.0,1,120,-1,-1,-1,0.0
stage1a_single_agent_tiny,1,7440,62,1,100,100,2,0,True,-8.15962028503418,1.0,1.0,0.0,0.4,0.5417053355835378,65,0.5833333333333334,0.0,1,0,11.0,1,120,61,-1,-1,0.0
stage1a_single_agent_tiny,1,7560,63,1,100,100,2,0,True,1.0895267724990845,2.0,2.0,0.0,0.24,0.5515190054293877,83,0.7,0.0,2,0,9.0,1,120,9,-1,-1,0.0
stage1a_single_agent_tiny,1,7680,64,1,100,100,2,0,True,-5.677340507507324,1.0,1.0,0.0,0.28,0.4827578470731775,66,0.6333333333333333,0.0,2,0,8.0,1,120,25,-1,-1,0.0
stage1a_single_agent_tiny,1,7800,65,1,100,100,2,0,True,-0.7724008560180664,2.0,2.0,0.0,0.28,0.554261060594581,62,0.6416666666666667,0.0,3,0,9.666666666666666,1,120,47,-1,-1,0.0
stage1a_single_agent_tiny,1,7920,66,1,100,100,2,0,True,9.676187515258789,3.0,3.0,0.0,0.4,0.30409705585916524,49,0.5583333333333333,0.0,3,0,7.0,1,120,18,-1,-1,0.0
stage1a_single_agent_tiny,1,8040,67,1,100,100,2,0,True,-11.25843334197998,1.0,1.0,0.0,0.4,0.49051449410423326,67,0.5916666666666667,0.0,3,0,7.0,1,120,26,-1,-1,0.0
stage1a_single_agent_tiny,1,8160,68,1,100,100,2,0,True,15.273755073547363,4.0,4.0,0.0,0.28,0.5853188021263729,76,0.6916666666666667,0.0,4,0,8.5,1,120,16,-1,-1,0.0
stage1a_single_agent_tiny,1,8280,69,1,100,100,2,0,True,-10.253562927246094,0.0,0.0,0.0,0.36,0.49629732185276226,50,0.6333333333333333,0.0,1,0,11.0,1,120,-1,-1,-1,0.0
stage1a_single_agent_tiny,1,8400,70,1,100,100,2,0,True,-1.1600183248519897,1.0,1.0,0.0,0.36,0.42988345394066224,53,0.6833333333333333,0.0,4,0,9.0,1,120,89,-1,-1,0.0
stage1a_single_agent_tiny,1,8520,71,1,100,100,2,0,True,-2.6652181148529053,1.0,1.0,0.0,0.36,0.395344547884694,43,0.6333333333333333,0.0,4,0,8.0,1,120,92,-1,-1,0.0
stage1a_single_agent_tiny,1,8640,72,1,100,100,2,0,True,5.213177680969238,3.0,3.0,0.0,0.44,0.3534081389273827,66,0.5,0.0,1,0,7.0,1,120,17,-1,-1,0.0
stage1a_single_agent_tiny,1,8760,73,1,100,100,2,0,True,-10.435165405273438,0.0,0.0,0.0,0.32,0.48702063073287716,63,0.5916666666666667,0.0,1,0,7.0,1,120,-1,-1,-1,0.0
stage1a_single_agent_tiny,1,8880,74,1,100,100,2,0,True,-9.904244422912598,1.0,1.0,0.0,0.32,0.5093845227966085,59,0.5916666666666667,0.0,5,0,5.4,1,120,63,-1,-1,0.0
stage1a_single_agent_tiny,1,9000,75,1,100,100,2,0,True,4.319612979888916,2.0,2.0,0.0,0.28,0.40617860218820473,54,0.5416666666666666,0.0,1,0,9.0,1,120,7,-1,-1,0.0
stage1a_single_agent_tiny,1,9120,76,1,100,100,2,0,True,-3.3266048431396484,2.0,2.0,0.0,0.4,0.5054233475564008,76,0.6416666666666667,0.0,2,0,7.0,1,120,19,-1,-1,0.0
stage1a_single_agent_tiny,1,9240,77,1,100,100,2,0,True,3.370192527770996,3.0,3.0,0.0,0.48,0.4593965209001908,63,0.5583333333333333,0.0,1,0,7.0,1,120,20,-1,-1,0.0
stage1a_single_agent_tiny,1,9360,78,1,100,100,2,0,True,-2.2787327766418457,1.0,1.0,0.0,0.32,0.5031883602108186,53,0.6833333333333333,0.0,2,0,4.5,1,120,69,-1,-1,0.0
stage1a_single_agent_tiny,1,9480,79,1,100,100,2,0,True,-14.083160400390625,1.0,1.0,0.0,0.36,0.5068595627400403,68,0.5833333333333334,0.0,1,0,7.0,1,120,23,-1,-1,0.0
stage1a_single_agent_tiny,1,9600,80,1,100,100,2,0,True,-1.8743680715560913,1.0,1.0,0.0,0.4,0.3629663064920654,56,0.575,0.0,1,0,7.0,1,120,46,-1,-1,0.0
stage1a_single_agent_tiny,1,9720,81,1,100,100,2,0,True,-19.14944076538086,0.0,0.0,0.0,0.36,0.37668760006975693,53,0.6083333333333333,0.0,3,0,6.666666666666667,1,120,-1,-1,-1,0.0
stage1a_single_agent_tiny,1,9840,82,1,100,100,2,0,True,13.801643371582031,3.0,3.0,0.0,0.36,0.4377455657891308,61,0.6083333333333333,0.0,3,0,10.666666666666666,1,120,100,-1,-1,0.0
stage1a_single_agent_tiny,1,9960,83,1,100,100,2,0,True,-2.3861958980560303,1.0,1.0,0.0,0.2,0.5947381191033249,68,0.7083333333333334,0.0,2,0,11.0,1,120,91,-1,-1,0.0
stage1a_single_agent_tiny,1,10080,84,1,100,100,2,0,True,24.309804916381836,4.0,4.0,0.0,0.44,0.40813448369541827,59,0.5833333333333334,0.0,3,0,9.666666666666666,1,120,15,-1,-1,0.0
stage1a_single_agent_tiny,1,10200,85,1,100,100,2,0,True,8.481226921081543,4.0,4.0,0.0,0.56,0.4702855442107345,50,0.5583333333333333,0.0,0,0,0.0,1,120,25,-1,-1,0.0
stage1a_single_agent_tiny,1,10320,86,1,100,100,2,0,True,13.940340995788574,4.0,4.0,0.0,0.32,0.4508389072182278,64,0.6083333333333333,0.0,3,0,8.333333333333334,1,120,8,-1,-1,0.0
stage1a_single_agent_tiny,1,10440,87,1,100,100,2,0,True,13.222272872924805,5.0,5.0,0.0,0.52,0.44546915832906964,47,0.5416666666666666,0.0,1,0,7.0,1,120,20,-1,-1,0.0
stage1a_single_agent_tiny,1,10560,88,1,100,100,2,0,True,5.562559604644775,2.0,2.0,0.0,0.44,0.5336449440879126,75,0.6416666666666667,0.0,1,0,11.0,1,120,71,-1,-1,0.0
stage1a_single_agent_tiny,1,10680,89,1,100,100,2,0,True,-28.504653930664062,0.0,0.0,0.0,0.24,0.6559966234412665,70,0.675,0.0,1,0,9.0,1,120,-1,-1,-1,0.0
stage1a_single_agent_tiny,1,10800,90,1,100,100,2,0,True,95.64673614501953,4.0,4.0,3.0,0.44,0.467904820125356,67,0.49166666666666664,0.0,0,0,0.0,1,120,19,31,12,0.025
stage1a_single_agent_tiny,1,10920,91,1,100,100,2,0,True,-19.424942016601562,0.0,0.0,0.0,0.32,0.5343901357332167,68,0.5916666666666667,0.0,1,0,7.0,1,120,-1,-1,-1,0.0
stage1a_single_agent_tiny,1,11040,92,1,100,100,2,0,True,46.2984619140625,5.0,5.0,1.0,0.44,0.48548815845279025,61,0.5666666666666667,0.0,1,0,7.0,1,120,16,98,82,0.008333333333333333
stage1a_single_agent_tiny,1,11160,93,1,100,100,2,0,True,-15.691492080688477,1.0,1.0,0.0,0.36,0.47592564300478746,65,0.49166666666666664,0.0,2,0,3.5,1,120,30,-1,-1,0.0
stage1a_single_agent_tiny,1,11280,94,1,100,100,2,0,True,4.577662944793701,3.0,3.0,0.0,0.36,0.5303823064741058,69,0.6083333333333333,0.0,2,0,7.0,1,120,10,-1,-1,0.0
stage1a_single_agent_tiny,1,11400,95,1,100,100,2,0,True,-7.637728214263916,1.0,1.0,0.0,0.36,0.37856347612202323,63,0.5083333333333333,0.0,0,0,0.0,1,120,57,-1,-1,0.0
stage1a_single_agent_tiny,1,11520,96,1,100,100,2,0,True,-8.639664649963379,0.0,0.0,0.0,0.36,0.4590091262303758,72,0.6083333333333333,0.0,2,0,3.5,1,120,-1,-1,-1,0.0
stage1a_single_agent_tiny,1,11640,97,1,100,100,2,0,True,-0.2425505518913269,2.0,2.0,0.0,0.36,0.4403631009782354,64,0.5416666666666666,0.0,1,0,7.0,1,120,30,-1,-1,0.0
stage1a_single_agent_tiny,1,11760,98,1,100,100,2,0,True,11.11376953125,3.0,3.0,0.0,0.56,0.4127860001225296,66,0.55,0.0,2,0,8.0,1,120,49,-1,-1,0.0
stage1a_single_agent_tiny,1,11880,99,1,100,100,2,0,True,-9.28897762298584,1.0,1.0,0.0,0.44,0.43530283166716494,71,0.5833333333333334,0.0,2,0,8.5,1,120,100,-1,-1,0.0
stage1a_single_agent_tiny,1,12000,100,1,100,100,2,0,True,-3.6259400844573975,1.0,1.0,0.0,0.24,0.5263605155594026,65,0.6833333333333333,0.0,0,0,0.0,1,120,2,-1,-1,0.0
stage1a_single_agent_tiny,1,12120,101,1,100,100,2,0,True,8.915502548217773,2.0,2.0,0.0,0.4,0.4689578775355282,54,0.6416666666666667,0.0,2,0,7.0,1,120,15,-1,-1,0.0
stage1a_single_agent_tiny,1,12240,102,1,100,100,2,0,True,3.4172768592834473,3.0,3.0,0.0,0.48,0.37307817159065354,47,0.4666666666666667,0.0,1,0,9.0,1,120,29,-1,-1,0.0
stage1a_single_agent_tiny,1,12360,103,1,100,100,2,0,True,25.579225540161133,5.0,5.0,0.0,0.48,0.3610796952464928,49,0.4583333333333333,0.0,0,0,0.0,1,120,19,-1,-1,0.0
stage1a_single_agent_tiny,1,12480,104,1,100,100,2,0,True,26.676912307739258,1.0,1.0,1.0,0.44,0.4790945565444417,69,0.5833333333333334,0.0,0,0,0.0,1,120,52,52,0,0.008333333333333333
stage1a_single_agent_tiny,1,12600,105,1,100,100,2,0,True,3.017890214920044,2.0,2.0,0.0,0.4,0.42569298941331607,59,0.575,0.0,2,0,8.0,1,120,85,-1,-1,0.0
stage1a_single_agent_tiny,1,12720,106,1,100,100,2,0,True,1.3216335773468018,2.0,2.0,0.0,0.32,0.5167081905878149,63,0.625,0.0,3,0,7.0,1,120,2,-1,-1,0.0
stage1a_single_agent_tiny,1,12840,107,1,100,100,2,0,True,12.430821418762207,3.0,3.0,0.0,0.56,0.3990149238185647,64,0.5666666666666667,0.0,1,0,7.0,1,120,24,-1,-1,0.0
stage1a_single_agent_tiny,1,12960,108,1,100,100,2,0,True,-15.697651863098145,0.0,0.0,0.0,0.48,0.4190531875782957,78,0.5,0.0,1,0,7.0,1,120,-1,-1,-1,0.0
stage1a_single_agent_tiny,1,13080,109,1,100,100,2,0,True,14.182456016540527,4.0,4.0,0.0,0.4,0.5116123587087107,71,0.55,0.0,2,0,7.0,1,120,25,-1,-1,0.0
stage1a_single_agent_tiny,1,13200,110,1,100,100,2,0,True,14.571919441223145,4.0,4.0,0.0,0.48,0.34306993452773893,56,0.4583333333333333,0.0,0,0,0.0,1,120,75,-1,-1,0.0
stage1a_single_agent_tiny,1,13320,111,1,100,100,2,0,True,21.1085262298584,2.0,2.0,1.0,0.52,0.3526094009168446,62,0.38333333333333336,0.0,1,0,7.0,1,120,72,72,0,0.008333333333333333
stage1a_single_agent_tiny,1,13440,112,1,100,100,2,0,True,14.874429702758789,4.0,4.0,0.0,0.52,0.3028489792641873,68,0.375,0.0,1,0,7.0,1,120,2,-1,-1,0.0
stage1a_single_agent_tiny,1,13560,113,1,100,100,2,0,True,22.347087860107422,5.0,5.0,0.0,0.44,0.3408522925921716,73,0.4666666666666667,0.0,1,0,7.0,1,120,17,-1,-1,0.0
stage1a_single_agent_tiny,1,13680,114,1,100,100,2,0,True,38.262882232666016,7.0,7.0,0.0,0.36,0.3374293007655069,63,0.45,0.0,0,0,0.0,1,120,7,-1,-1,0.0
stage1a_single_agent_tiny,1,13800,115,1,100,100,2,0,True,49.211326599121094,4.0,4.0,1.0,0.52,0.2989396063610911,62,0.43333333333333335,0.0,1,0,11.0,1,120,35,49,14,0.008333333333333333
stage1a_single_agent_tiny,1,13920,116,1,100,100,2,0,True,4.254634380340576,3.0,3.0,0.0,0.56,0.3372711491577017,60,0.39166666666666666,0.0,0,0,0.0,1,120,6,-1,-1,0.0
stage1a_single_agent_tiny,1,14040,117,1,100,100,2,0,True,21.912023544311523,4.0,4.0,0.0,0.36,0.41414648163772655,67,0.525,0.0,3,0,9.0,1,120,23,-1,-1,0.0
stage1a_single_agent_tiny,1,14160,118,1,100,100,2,0,True,21.42500877380371,5.0,5.0,0.0,0.52,0.3431713774955521,72,0.39166666666666666,0.0,1,0,7.0,1,120,4,-1,-1,0.0
stage1a_single_agent_tiny,1,14280,119,1,100,100,2,0,True,43.25056838989258,4.0,4.0,1.0,0.56,0.2873648529717078,75,0.375,0.0,1,0,7.0,1,120,69,110,41,0.008333333333333333
stage1a_single_agent_tiny,1,14400,120,1,100,100,2,0,True,26.993915557861328,5.0,5.0,0.0,0.6,0.26466750702044617,66,0.30833333333333335,0.0,0,0,0.0,1,120,11,-1,-1,0.0
stage1a_single_agent_tiny,1,14520,121,1,100,100,2,0,True,14.61217212677002,4.0,4.0,0.0,0.56,0.4121614153826764,74,0.5083333333333333,0.0,0,0,0.0,1,120,20,-1,-1,0.0
stage1a_single_agent_tiny,1,14640,122,1,100,100,2,0,True,13.70158576965332,5.0,5.0,0.0,0.44,0.3330916591803543,63,0.38333333333333336,0.0,0,0,0.0,1,120,4,-1,-1,0.0
stage1a_single_agent_tiny,1,14760,123,1,100,100,2,0,True,-18.588516235351562,1.0,1.0,0.0,0.52,0.34072053000175706,65,0.36666666666666664,0.0,1,0,9.0,1,120,94,-1,-1,0.0
stage1a_single_agent_tiny,1,14880,124,1,100,100,2,0,True,14.478827476501465,4.0,4.0,0.0,0.56,0.3759531339048408,67,0.4166666666666667,0.0,2,0,8.0,1,120,10,-1,-1,0.0
stage1a_single_agent_tiny,1,15000,125,1,100,100,2,0,True,26.517032623291016,6.0,6.0,0.0,0.56,0.32644539457299593,84,0.325,0.0,0,0,0.0,1,120,12,-1,-1,0.0
stage1a_single_agent_tiny,1,15120,126,1,100,100,2,0,True,38.920936584472656,7.0,7.0,0.0,0.48,0.34549695399667446,85,0.3416666666666667,0.0,1,0,7.0,1,120,4,-1,-1,0.0
stage1a_single_agent_tiny,1,15240,127,1,100,100,2,0,True,60.074432373046875,10.0,10.0,0.0,0.56,0.3424538373403872,94,0.325,0.0,1,0,7.0,1,120,16,-1,-1,0.0
stage1a_single_agent_tiny,1,15360,128,1,100,100,2,0,True,-7.961760997772217,1.0,1.0,0.0,0.48,0.3669495330968251,66,0.38333333333333336,0.0,0,0,0.0,1,120,26,-1,-1,0.0
stage1a_single_agent_tiny,1,15480,129,1,100,100,2,0,True,0.5556153059005737,3.0,3.0,0.0,0.36,0.4291685622282481,78,0.48333333333333334,0.0,0,0,0.0,1,120,85,-1,-1,0.0
stage1a_single_agent_tiny,1,15600,130,1,100,100,2,0,True,31.268505096435547,7.0,7.0,0.0,0.56,0.2887762794494241,81,0.2916666666666667,0.0,0,0,0.0,1,120,19,-1,-1,0.0
stage1a_single_agent_tiny,1,15720,131,1,100,100,2,0,True,-5.447213649749756,2.0,2.0,0.0,0.6,0.36041457911390656,79,0.375,0.0,1,0,7.0,1,120,54,-1,-1,0.0
stage1a_single_agent_tiny,1,15840,132,1,100,100,2,0,True,2.426105499267578,3.0,3.0,0.0,0.56,0.3324599101751422,92,0.38333333333333336,0.0,0,0,0.0,1,120,71,-1,-1,0.0
stage1a_single_agent_tiny,1,15960,133,1,100,100,2,0,True,-14.934081077575684,1.0,1.0,0.0,0.6,0.2960722694377182,84,0.30833333333333335,0.0,0,0,0.0,1,120,109,-1,-1,0.0
stage1a_single_agent_tiny,1,16080,134,1,100,100,2,0,True,-22.678646087646484,1.0,1.0,0.0,0.48,0.4532322306302376,87,0.45,0.0,1,0,7.0,1,120,107,-1,-1,0.0
stage1a_single_agent_tiny,1,16200,135,1,100,100,2,0,True,32.670562744140625,3.0,3.0,1.0,0.6,0.3653559274719252,67,0.4,0.0,1,0,9.0,1,120,26,119,93,0.008333333333333333
stage1a_single_agent_tiny,1,16320,136,1,100,100,2,0,True,38.080787658691406,8.0,8.0,0.0,0.56,0.31373452245413014,76,0.24166666666666667,0.0,0,0,0.0,1,120,30,-1,-1,0.0
stage1a_single_agent_tiny,1,16440,137,1,100,100,2,0,True,-7.534922122955322,2.0,2.0,0.0,0.56,0.31936547138223736,63,0.35833333333333334,0.0,0,0,0.0,1,120,55,-1,-1,0.0
stage1a_single_agent_tiny,1,16560,138,1,100,100,2,0,True,45.672889709472656,5.0,5.0,1.0,0.56,0.28487052782826744,52,0.35,0.0,0,0,0.0,1,120,14,14,0,0.008333333333333333
stage1a_single_agent_tiny,1,16680,139,1,100,100,2,0,True,99.19747924804688,8.0,8.0,2.0,0.52,0.3430855175189208,59,0.31666666666666665,0.0,0,0,0.0,1,120,3,54,51,0.016666666666666666
stage1a_single_agent_tiny,1,16800,140,1,100,100,2,0,True,-16.883209228515625,0.0,0.0,0.0,0.48,0.3074898538722967,48,0.35833333333333334,0.0,0,0,0.0,1,120,-1,-1,-1,0.0
stage1a_single_agent_tiny,1,16920,141,1,100,100,2,0,True,26.267019271850586,6.0,6.0,0.0,0.48,0.28813999092866044,61,0.325,0.0,0,0,0.0,1,120,38,-1,-1,0.0
stage1a_single_agent_tiny,1,17040,142,1,100,100,2,0,True,58.13212585449219,6.0,6.0,1.0,0.6,0.2339264467707835,70,0.23333333333333334,0.0,0,0,0.0,1,120,3,76,73,0.008333333333333333
stage1a_single_agent_tiny,1,17160,143,1,100,100,2,0,True,14.210192680358887,3.0,3.0,0.0,0.52,0.2696352811801868,48,0.48333333333333334,0.0,2,0,7.0,1,120,24,-1,-1,0.0
stage1a_single_agent_tiny,1,17280,144,1,100,100,2,0,True,14.880975723266602,4.0,4.0,0.0,0.44,0.28187801005066526,55,0.4166666666666667,0.0,0,0,0.0,1,120,17,-1,-1,0.0
stage1a_single_agent_tiny,1,17400,145,1,100,100,2,0,True,42.262733459472656,4.0,4.0,1.0,0.6,0.296925007297735,44,0.325,0.0,0,0,0.0,1,120,40,73,33,0.008333333333333333
stage1a_single_agent_tiny,1,17520,146,1,100,100,2,0,True,5.401458740234375,3.0,3.0,0.0,0.48,0.3066451041221929,52,0.4083333333333333,0.0,0,0,0.0,1,120,72,-1,-1,0.0
stage1a_single_agent_tiny,1,17640,147,1,100,100,2,0,True,27.061542510986328,5.0,5.0,0.0,0.48,0.21375605063706946,30,0.4166666666666667,0.0,0,0,0.0,1,120,16,-1,-1,0.0
stage1a_single_agent_tiny,1,17760,148,1,100,100,2,0,True,70.45391845703125,7.0,7.0,1.0,0.56,0.15195266909334654,38,0.325,0.0,0,0,0.0,1,120,12,113,101,0.008333333333333333
stage1a_single_agent_tiny,1,17880,149,1,100,100,2,0,True,16.328100204467773,4.0,4.0,0.0,0.52,0.27951824593668184,53,0.43333333333333335,0.0,1,0,7.0,1,120,17,-1,-1,0.0
stage1a_single_agent_tiny,1,18000,150,1,100,100,2,0,True,33.6391487121582,2.0,2.0,1.0,0.48,0.2438794410942743,38,0.35,0.0,0,0,0.0,1,120,35,61,26,0.008333333333333333
stage1a_single_agent_tiny,1,18120,151,1,100,100,2,0,True,12.610177040100098,3.0,3.0,0.0,0.4,0.34468176231797165,50,0.425,0.0,0,0,0.0,1,120,8,-1,-1,0.0
stage1a_single_agent_tiny,1,18240,152,1,100,100,2,0,True,18.178565979003906,5.0,5.0,0.0,0.44,0.24090936720604078,40,0.35,0.0,0,0,0.0,1,120,19,-1,-1,0.0
stage1a_single_agent_tiny,1,18360,153,1,100,100,2,0,True,17.111099243164062,3.0,3.0,0.0,0.44,0.29866525104346997,39,0.39166666666666666,0.0,0,0,0.0,1,120,24,-1,-1,0.0
stage1a_single_agent_tiny,1,18480,154,1,100,100,2,0,True,-5.475232124328613,2.0,2.0,0.0,0.48,0.1630212506415167,32,0.35,0.0,0,0,0.0,1,120,3,-1,-1,0.0
stage1a_single_agent_tiny,1,18600,155,1,100,100,2,0,True,29.582843780517578,6.0,6.0,0.0,0.52,0.18123274822816407,31,0.30833333333333335,0.0,0,0,0.0,1,120,77,-1,-1,0.0
stage1a_single_agent_tiny,1,18720,156,1,100,100,2,0,True,50.58229064941406,6.0,6.0,1.0,0.52,0.2012245076543574,32,0.35833333333333334,0.0,0,0,0.0,1,120,14,14,0,0.008333333333333333
stage1a_single_agent_tiny,1,18840,157,1,100,100,2,0,True,-7.57160758972168,1.0,1.0,0.0,0.36,0.3096549800267288,37,0.39166666666666666,0.0,0,0,0.0,1,120,6,-1,-1,0.0
stage1a_single_agent_tiny,1,18960,158,1,100,100,2,0,True,80.3662338256836,9.0,9.0,1.0,0.52,0.1249091625174818,27,0.30833333333333335,0.0,0,0,0.0,1,120,9,61,52,0.008333333333333333
stage1a_single_agent_tiny,1,19080,159,1,100,100,2,0,True,-3.3406178951263428,1.0,1.0,0.0,0.48,0.3383030311204493,42,0.44166666666666665,0.0,0,0,0.0,1,120,25,-1,-1,0.0
stage1a_single_agent_tiny,1,19200,160,1,100,100,2,0,True,0.47178542613983154,2.0,2.0,0.0,0.52,0.25126935863518157,38,0.35833333333333334,0.0,0,0,0.0,1,120,29,-1,-1,0.0
stage1a_single_agent_tiny,1,19320,161,1,100,100,2,0,True,11.659964561462402,4.0,4.0,0.0,0.64,0.22672338556537094,38,0.3416666666666667,0.0,0,0,0.0,1,120,3,-1,-1,0.0
stage1a_single_agent_tiny,1,19440,162,1,100,100,2,0,True,-6.015969753265381,1.0,1.0,0.0,0.6,0.21206148393490973,38,0.3333333333333333,0.0,1,0,6.0,1,120,66,-1,-1,0.0
stage1a_single_agent_tiny,1,19560,163,1,100,100,2,0,True,29.37013816833496,6.0,6.0,0.0,0.6,0.25306980615714564,28,0.4,0.0,2,0,8.0,1,120,4,-1,-1,0.0
stage1a_single_agent_tiny,1,19680,164,1,100,100,2,0,True,54.89284133911133,8.0,8.0,0.0,0.48,0.25095405709483504,33,0.39166666666666666,0.0,0,0,0.0,1,120,12,-1,-1,0.0
stage1a_single_agent_tiny,1,19800,165,1,100,100,2,0,True,-8.797944068908691,1.0,1.0,0.0,0.48,0.16816236452044298,38,0.275,0.0,0,0,0.0,1,120,84,-1,-1,0.0
stage1a_single_agent_tiny,1,19920,166,1,100,100,2,0,True,44.561767578125,7.0,7.0,0.0,0.48,0.2572557055274956,33,0.43333333333333335,0.0,0,0,0.0,1,120,10,-1,-1,0.0
stage1a_single_agent_tiny,1,20040,167,1,100,100,2,0,True,20.801151275634766,4.0,4.0,0.0,0.44,0.28067040707780205,44,0.39166666666666666,0.0,0,0,0.0,1,120,24,-1,-1,0.0
stage1a_single_agent_tiny,1,20160,168,1,100,100,2,0,True,39.015525817871094,7.0,7.0,0.0,0.56,0.18499457689079765,27,0.3333333333333333,0.0,0,0,0.0,1,120,28,-1,-1,0.0
stage1a_single_agent_tiny,1,20280,169,1,100,100,2,0,True,20.222089767456055,5.0,5.0,0.0,0.56,0.12303653516767857,25,0.2916666666666667,0.0,0,0,0.0,1,120,11,-1,-1,0.0
stage1a_single_agent_tiny,1,20400,170,1,100,100,2,0,True,6.347806453704834,2.0,2.0,0.0,0.56,0.22759413962097216,35,0.375,0.0,1,0,6.0,1,120,42,-1,-1,0.0
stage1a_single_agent_tiny,1,20520,171,1,100,100,2,0,True,2.1392462253570557,2.0,2.0,0.0,0.6,0.23090580112766473,38,0.35,0.0,0,0,0.0,1,120,30,-1,-1,0.0
stage1a_single_agent_tiny,1,20640,172,1,100,100,2,0,True,43.86138153076172,7.0,7.0,0.0,0.6,0.17411532469753485,27,0.3,0.0,0,0,0.0,1,120,9,-1,-1,0.0
stage1a_single_agent_tiny,1,20760,173,1,100,100,2,0,True,111.67027282714844,8.0,8.0,2.0,0.64,0.25525382423074916,24,0.275,0.0,0,0,0.0,1,120,18,45,27,0.016666666666666666
stage1a_single_agent_tiny,1,20880,174,1,100,100,2,0,True,103.475830078125,7.0,7.0,2.0,0.6,0.13076414426323027,28,0.26666666666666666,0.0,0,0,0.0,1,120,32,32,0,0.016666666666666666
stage1a_single_agent_tiny,1,21000,175,1,100,100,2,0,True,9.802009582519531,3.0,3.0,0.0,0.52,0.2252670223029175,33,0.36666666666666664,0.0,0,0,0.0,1,120,40,-1,-1,0.0
stage1a_single_agent_tiny,1,21120,176,1,100,100,2,0,True,6.3509392738342285,2.0,2.0,0.0,0.44,0.30321016180096194,31,0.35833333333333334,0.0,0,0,0.0,1,120,5,-1,-1,0.0
stage1a_single_agent_tiny,1,21240,177,1,100,100,2,0,True,19.89743995666504,5.0,5.0,0.0,0.56,0.23185932650812902,30,0.31666666666666665,0.0,0,0,0.0,1,120,52,-1,-1,0.0
stage1a_single_agent_tiny,1,21360,178,1,100,100,2,0,True,5.464439868927002,3.0,3.0,0.0,0.52,0.23137547992713128,41,0.2916666666666667,0.0,0,0,0.0,1,120,57,-1,-1,0.0
stage1a_single_agent_tiny,1,21480,179,1,100,100,2,0,True,8.440500259399414,3.0,3.0,0.0,0.52,0.2149810003679401,39,0.325,0.0,0,0,0.0,1,120,28,-1,-1,0.0
stage1a_single_agent_tiny,1,21600,180,1,100,100,2,0,True,14.670134544372559,4.0,4.0,0.0,0.32,0.3314725781635692,49,0.4166666666666667,0.0,1,0,6.0,1,120,24,-1,-1,0.0
stage1a_single_agent_tiny,1,21720,181,1,100,100,2,0,True,35.97534942626953,7.0,7.0,0.0,0.48,0.20958510550359885,24,0.375,0.0,0,0,0.0,1,120,10,-1,-1,0.0
stage1a_single_agent_tiny,1,21840,182,1,100,100,2,0,True,24.486066818237305,5.0,5.0,0.0,0.64,0.13986854958736028,46,0.325,0.0,0,0,0.0,1,120,4,-1,-1,0.0
stage1a_single_agent_tiny,1,21960,183,1,100,100,2,0,True,-2.5388786792755127,2.0,2.0,0.0,0.52,0.16862410296453162,31,0.2833333333333333,0.0,0,0,0.0,1,120,11,-1,-1,0.0
stage1a_single_agent_tiny,1,22080,184,1,100,100,2,0,True,33.586883544921875,2.0,2.0,1.0,0.4,0.26753578047112875,35,0.30833333333333335,0.0,0,0,0.0,1,120,12,12,0,0.008333333333333333
stage1a_single_agent_tiny,1,22200,185,1,100,100,2,0,True,11.151206016540527,5.0,5.0,0.0,0.52,0.12071175865906601,25,0.25,0.0,0,0,0.0,1,120,5,-1,-1,0.0
stage1a_single_agent_tiny,1,22320,186,1,100,100,2,0,True,44.024070739746094,8.0,8.0,0.0,0.56,0.2178882734850049,37,0.25,0.0,0,0,0.0,1,120,3,-1,-1,0.0
stage1a_single_agent_tiny,1,22440,187,1,100,100,2,0,True,23.156414031982422,5.0,5.0,0.0,0.52,0.2344782727731702,32,0.2833333333333333,0.0,0,0,0.0,1,120,21,-1,-1,0.0
stage1a_single_agent_tiny,1,22560,188,1,100,100,2,0,True,37.823524475097656,7.0,7.0,0.0,0.48,0.2691231906103591,37,0.2916666666666667,0.0,0,0,0.0,1,120,4,-1,-1,0.0
stage1a_single_agent_tiny,1,22680,189,1,100,100,2,0,True,20.002344131469727,5.0,5.0,0.0,0.52,0.22642289891955442,53,0.25833333333333336,0.0,0,0,0.0,1,120,16,-1,-1,0.0
stage1a_single_agent_tiny,1,22800,190,1,100,100,2,0,True,11.839983940124512,4.0,4.0,0.0,0.52,0.2303507873924294,41,0.3,0.0,0,0,0.0,1,120,4,-1,-1,0.0
stage1a_single_agent_tiny,1,22920,191,1,100,100,2,0,True,14.495933532714844,3.0,3.0,0.0,0.52,0.21026346368404727,40,0.30833333333333335,0.0,0,0,0.0,1,120,21,-1,-1,0.0
stage1a_single_agent_tiny,1,23040,192,1,100,100,2,0,True,14.816368103027344,4.0,4.0,0.0,0.6,0.3486353387765121,63,0.38333333333333336,0.0,1,0,7.0,1,120,15,-1,-1,0.0
stage1a_single_agent_tiny,1,23160,193,1,100,100,2,0,True,16.843833923339844,5.0,5.0,0.0,0.64,0.22660456224693917,49,0.2916666666666667,0.0,0,0,0.0,1,120,6,-1,-1,0.0
stage1a_single_agent_tiny,1,23280,194,1,100,100,2,0,True,32.323516845703125,6.0,6.0,0.0,0.52,0.2865681882870073,49,0.36666666666666664,0.0,0,0,0.0,1,120,13,-1,-1,0.0
stage1a_single_agent_tiny,1,23400,195,1,100,100,2,0,True,37.37881851196289,7.0,7.0,0.0,0.48,0.2651080976240337,52,0.325,0.0,0,0,0.0,1,120,7,-1,-1,0.0
stage1a_single_agent_tiny,1,23520,196,1,100,100,2,0,True,41.7435188293457,7.0,7.0,0.0,0.48,0.2573093105679921,61,0.3416666666666667,0.0,1,0,9.0,1,120,2,-1,-1,0.0
stage1a_single_agent_tiny,1,23640,197,1,100,100,2,0,True,24.644445419311523,5.0,5.0,0.0,0.48,0.2268258863594383,63,0.225,0.0,0,0,0.0,1,120,11,-1,-1,0.0
stage1a_single_agent_tiny,1,23760,198,1,100,100,2,0,True,21.577865600585938,5.0,5.0,0.0,0.56,0.22457258696861876,56,0.19166666666666668,0.0,0,0,0.0,1,120,21,-1,-1,0.0
stage1a_single_agent_tiny,1,23880,199,1,100,100,2,0,True,14.638065338134766,4.0,4.0,0.0,0.48,0.3160270236316137,61,0.4,0.0,0,0,0.0,1,120,5,-1,-1,0.0
stage1a_single_agent_tiny,1,24000,200,1,100,100,2,0,True,32.36470413208008,6.0,6.0,0.0,0.52,0.25228588572936134,50,0.31666666666666665,0.0,0,0,0.0,1,120,11,-1,-1,0.0
stage1a_single_agent_tiny,1,24120,201,1,100,100,2,0,True,-5.455962181091309,2.0,2.0,0.0,0.44,0.2964419563145687,65,0.325,0.0,0,0,0.0,1,120,27,-1,-1,0.0
stage1a_single_agent_tiny,1,24240,202,1,100,100,2,0,True,39.50667953491211,8.0,8.0,0.0,0.48,0.28997762606595645,38,0.3333333333333333,0.0,0,0,0.0,1,120,53,-1,-1,0.0
stage1a_single_agent_tiny,1,24360,203,1,100,100,2,0,True,56.4289665222168,9.0,9.0,0.0,0.56,0.2937679808586836,38,0.35833333333333334,0.0,1,0,6.0,1,120,31,-1,-1,0.0
stage1a_single_agent_tiny,1,24480,204,1,100,100,2,0,True,15.131181716918945,4.0,4.0,0.0,0.6,0.25784867346907653,51,0.2833333333333333,0.0,0,0,0.0,1,120,22,-1,-1,0.0
stage1a_single_agent_tiny,1,24600,205,1,100,100,2,0,True,51.49276351928711,5.0,5.0,1.0,0.64,0.18182214736395205,28,0.3,0.0,1,0,9.0,1,120,25,91,66,0.008333333333333333
stage1a_single_agent_tiny,1,24720,206,1,100,100,2,0,True,22.07151985168457,5.0,5.0,0.0,0.6,0.1546660553489346,28,0.25,0.0,0,0,0.0,1,120,31,-1,-1,0.0
stage1a_single_agent_tiny,1,24840,207,1,100,100,2,0,True,24.74534034729004,5.0,5.0,0.0,0.64,0.25521680917784884,29,0.30833333333333335,0.0,0,0,0.0,1,120,28,-1,-1,0.0
stage1a_single_agent_tiny,1,24960,208,1,100,100,2,0,True,25.6693058013916,6.0,6.0,0.0,0.44,0.4559288159245625,60,0.4083333333333333,0.0,1,0,7.0,1,120,12,-1,-1,0.0
stage1a_single_agent_tiny,1,25080,209,1,100,100,2,0,True,41.36634826660156,3.0,3.0,1.0,0.64,0.2394163108857659,42,0.2916666666666667,0.0,1,0,7.0,1,120,4,62,58,0.008333333333333333
stage1a_single_agent_tiny,1,25200,210,1,100,100,2,0,True,66.02890014648438,10.0,10.0,0.0,0.52,0.19164558810298332,34,0.3,0.0,1,0,7.0,1,120,3,-1,-1,0.0
stage1a_single_agent_tiny,1,25320,211,1,100,100,2,0,True,-1.8963963985443115,4.0,4.0,0.0,0.52,0.2114324291663555,16,0.30833333333333335,0.0,1,0,6.0,1,120,48,-1,-1,0.0
stage1a_single_agent_tiny,1,25440,212,1,100,100,2,0,True,106.46623229980469,12.0,12.0,1.0,0.6,0.18734524868583927,15,0.24166666666666667,0.0,0,0,0.0,1,120,2,32,30,0.008333333333333333
stage1a_single_agent_tiny,1,25560,213,1,100,100,2,0,True,37.36613082885742,4.0,4.0,1.0,0.56,0.3099086982818941,29,0.325,0.0,0,0,0.0,1,120,4,44,40,0.008333333333333333
stage1a_single_agent_tiny,1,25680,214,1,100,100,2,0,True,9.247010231018066,4.0,4.0,0.0,0.64,0.2024295076756971,26,0.2833333333333333,0.0,0,0,0.0,1,120,30,-1,-1,0.0
stage1a_single_agent_tiny,1,25800,215,1,100,100,2,0,True,29.514385223388672,6.0,6.0,0.0,0.64,0.15145973993930967,16,0.2833333333333333,0.0,0,0,0.0,1,120,25,-1,-1,0.0
stage1a_single_agent_tiny,1,25920,216,1,100,100,2,0,True,51.763755798339844,5.0,5.0,1.0,0.6,0.1703304331167601,25,0.25833333333333336,0.0,0,0,0.0,1,120,3,3,0,0.008333333333333333
stage1a_single_agent_tiny,1,26040,217,1,100,100,2,0,True,48.799503326416016,5.0,5.0,1.0,0.56,0.2409861431689933,26,0.30833333333333335,0.0,0,0,0.0,1,120,63,92,29,0.008333333333333333
stage1a_single_agent_tiny,1,26160,218,1,100,100,2,0,True,26.30889892578125,6.0,6.0,0.0,0.44,0.21451988908617448,27,0.3416666666666667,0.0,0,0,0.0,1,120,27,-1,-1,0.0
stage1a_single_agent_tiny,1,26280,219,1,100,100,2,0,True,84.49771118164062,9.0,9.0,1.0,0.56,0.08805504063105521,9,0.06666666666666667,0.0,0,0,0.0,1,120,13,62,49,0.008333333333333333
stage1a_single_agent_tiny,1,26400,220,1,100,100,2,0,True,34.65317916870117,7.0,7.0,0.0,0.52,0.23480293355338896,30,0.31666666666666665,0.0,0,0,0.0,1,120,4,-1,-1,0.0
stage1a_single_agent_tiny,1,26520,221,1,100,100,2,0,True,66.15733337402344,7.0,7.0,1.0,0.6,0.14716286159624967,14,0.21666666666666667,0.0,1,0,7.0,1,120,20,98,78,0.008333333333333333
stage1a_single_agent_tiny,1,26640,222,1,100,100,2,0,True,24.951637268066406,5.0,5.0,0.0,0.56,0.07500262565833206,13,0.03333333333333333,0.0,0,0,0.0,1,120,6,-1,-1,0.0
stage1a_single_agent_tiny,1,26760,223,1,100,100,2,0,True,49.40709686279297,9.0,9.0,0.0,0.6,0.19737271208238477,17,0.18333333333333332,0.0,0,0,0.0,1,120,10,-1,-1,0.0
stage1a_single_agent_tiny,1,26880,224,1,100,100,2,0,True,58.41470718383789,6.0,6.0,1.0,0.6,0.15082933143421542,31,0.24166666666666667,0.0,0,0,0.0,1,120,35,115,80,0.008333333333333333
stage1a_single_agent_tiny,1,27000,225,1,100,100,2,0,True,26.534957885742188,6.0,6.0,0.0,0.52,0.24135940640311068,28,0.24166666666666667,0.0,0,0,0.0,1,120,19,-1,-1,0.0
stage1a_single_agent_tiny,1,27120,226,1,100,100,2,0,True,83.48487091064453,9.0,9.0,1.0,0.64,0.19766856847175707,21,0.19166666666666668,0.0,0,0,0.0,1,120,18,60,42,0.008333333333333333
stage1a_single_agent_tiny,1,27240,227,1,100,100,2,0,True,42.503971099853516,8.0,8.0,0.0,0.6,0.15817192144847164,25,0.19166666666666668,0.0,0,0,0.0,1,120,13,-1,-1,0.0
stage1a_single_agent_tiny,1,27360,228,1,100,100,2,0,True,36.88648986816406,6.0,6.0,0.0,0.56,0.254059719624153,31,0.3333333333333333,0.0,0,0,0.0,1,120,4,-1,-1,0.0
stage1a_single_agent_tiny,1,27480,229,1,100,100,2,0,True,12.247825622558594,4.0,4.0,0.0,0.48,0.13974510938084375,25,0.2916666666666667,0.0,0,0,0.0,1,120,16,-1,-1,0.0
stage1a_single_agent_tiny,1,27600,230,1,100,100,2,0,True,71.73710632324219,7.0,7.0,1.0,0.56,0.24537010644562543,45,0.325,0.0,0,0,0.0,1,120,11,96,85,0.008333333333333333
stage1a_single_agent_tiny,1,27720,231,1,100,100,2,0,True,64.91817474365234,7.0,7.0,1.0,0.52,0.25564975952826596,35,0.25,0.0,1,0,7.0,1,120,21,21,0,0.008333333333333333
stage1a_single_agent_tiny,1,27840,232,1,100,100,2,0,True,30.269149780273438,7.0,7.0,0.0,0.56,0.20985484170378185,30,0.275,0.0,0,0,0.0,1,120,1,-1,-1,0.0
stage1a_single_agent_tiny,1,27960,233,1,100,100,2,0,True,35.5841064453125,6.0,6.0,0.0,0.52,0.20195276742063772,46,0.3416666666666667,0.0,0,0,0.0,1,120,23,-1,-1,0.0
stage1a_single_agent_tiny,1,28080,234,1,100,100,2,0,True,18.162382125854492,4.0,4.0,0.0,0.6,0.2850353573837007,49,0.325,0.0,0,0,0.0,1,120,64,-1,-1,0.0
stage1a_single_agent_tiny,1,28200,235,1,100,100,2,0,True,-6.155886650085449,1.0,1.0,0.0,0.4,0.3278108786791563,53,0.39166666666666666,0.0,0,0,0.0,1,120,110,-1,-1,0.0
stage1a_single_agent_tiny,1,28320,236,1,100,100,2,0,True,28.75322151184082,1.0,1.0,1.0,0.4,0.3546519283011245,58,0.36666666666666664,0.0,0,0,0.0,1,120,47,47,0,0.008333333333333333
stage1a_single_agent_tiny,1,28440,237,1,100,100,2,0,True,40.21609115600586,7.0,7.0,0.0,0.52,0.2108210882055573,38,0.275,0.0,0,0,0.0,1,120,4,-1,-1,0.0
stage1a_single_agent_tiny,1,28560,238,1,100,100,2,0,True,52.656036376953125,4.0,4.0,1.0,0.56,0.2804957313734728,47,0.425,0.0,1,0,9.0,1,120,40,78,38,0.008333333333333333
stage1a_single_agent_tiny,1,28680,239,1,100,100,2,0,True,60.982421875,6.0,6.0,1.0,0.52,0.23612115576397627,45,0.31666666666666665,0.0,1,0,7.0,1,120,3,10,7,0.008333333333333333
stage1a_single_agent_tiny,1,28800,240,1,100,100,2,0,True,60.914588928222656,6.0,6.0,1.0,0.6,0.27599991790872686,67,0.3333333333333333,0.0,0,0,0.0,1,120,15,70,55,0.008333333333333333
stage1a_single_agent_tiny,1,28920,241,1,100,100,2,0,True,43.878929138183594,5.0,5.0,1.0,0.56,0.17081128481465083,32,0.325,0.0,1,0,9.0,1,120,12,52,40,0.008333333333333333
stage1a_single_agent_tiny,1,29040,242,1,100,100,2,0,True,41.72134780883789,3.0,3.0,1.0,0.48,0.21869114071984466,38,0.2916666666666667,0.0,0,0,0.0,1,120,2,23,21,0.008333333333333333
stage1a_single_agent_tiny,1,29160,243,1,100,100,2,0,True,64.21746063232422,6.0,6.0,1.0,0.56,0.252280052852196,30,0.2916666666666667,0.0,0,0,0.0,1,120,26,98,72,0.008333333333333333
stage1a_single_agent_tiny,1,29280,244,1,100,100,2,0,True,25.983976364135742,5.0,5.0,0.0,0.48,0.15946613918834676,40,0.225,0.0,0,0,0.0,1,120,4,-1,-1,0.0
stage1a_single_agent_tiny,1,29400,245,1,100,100,2,0,True,95.25420379638672,11.0,11.0,1.0,0.52,0.11081743808463215,40,0.19166666666666668,0.0,0,0,0.0,1,120,8,51,43,0.008333333333333333
stage1a_single_agent_tiny,1,29520,246,1,100,100,2,0,True,8.897082328796387,4.0,4.0,0.0,0.44,0.2194916194343629,34,0.30833333333333335,0.0,0,0,0.0,1,120,49,-1,-1,0.0
stage1a_single_agent_tiny,1,29640,247,1,100,100,2,0,True,41.95726776123047,7.0,7.0,0.0,0.6,0.2166005465396059,50,0.2833333333333333,0.0,0,0,0.0,1,120,40,-1,-1,0.0
stage1a_single_agent_tiny,1,29760,248,1,100,100,2,0,True,45.63382339477539,8.0,8.0,0.0,0.64,0.2078509457486992,47,0.20833333333333334,0.0,0,0,0.0,1,120,52,-1,-1,0.0
stage1a_single_agent_tiny,1,29880,249,1,100,100,2,0,True,113.86534881591797,9.0,9.0,2.0,0.6,0.18965679641114547,48,0.24166666666666667,0.0,0,0,0.0,1,120,8,21,13,0.016666666666666666
stage1a_single_agent_tiny,1,30000,250,1,100,100,2,0,True,54.71720886230469,5.0,5.0,1.0,0.56,0.276613788450292,63,0.3333333333333333,0.0,0,0,0.0,1,120,16,69,53,0.008333333333333333
stage1a_single_agent_tiny,1,30120,251,1,100,100,2,0,True,-0.5782808661460876,2.0,2.0,0.0,0.64,0.15561671609369418,54,0.2833333333333333,0.0,0,0,0.0,1,120,23,-1,-1,0.0
stage1a_single_agent_tiny,1,30240,252,1,100,100,2,0,True,19.99285125732422,5.0,5.0,0.0,0.56,0.2314348531072028,55,0.24166666666666667,0.0,0,0,0.0,1,120,12,-1,-1,0.0
stage1a_single_agent_tiny,1,30360,253,1,100,100,2,0,True,14.908463478088379,4.0,4.0,0.0,0.44,0.29546530192213444,61,0.475,0.0,0,0,0.0,1,120,7,-1,-1,0.0
stage1a_single_agent_tiny,1,30480,254,1,100,100,2,0,True,36.796688079833984,6.0,6.0,0.0,0.48,0.34394400427117944,75,0.38333333333333336,0.0,1,0,6.0,1,120,35,-1,-1,0.0
stage1a_single_agent_tiny,1,30600,255,1,100,100,2,0,True,54.21449279785156,8.0,8.0,0.0,0.56,0.2847289021126926,82,0.2916666666666667,0.0,0,0,0.0,1,120,12,-1,-1,0.0
stage1a_single_agent_tiny,1,30720,256,1,100,100,2,0,True,106.58563232421875,8.0,8.0,2.0,0.6,0.31206791060588635,80,0.2833333333333333,0.0,0,0,0.0,1,120,8,33,25,0.016666666666666666
stage1a_single_agent_tiny,1,30840,257,1,100,100,2,0,True,38.63329315185547,7.0,7.0,0.0,0.6,0.2799531009053074,92,0.30833333333333335,0.0,1,0,9.0,1,120,28,-1,-1,0.0
stage1a_single_agent_tiny,1,30960,258,1,100,100,2,0,True,9.938096046447754,3.0,3.0,0.0,0.48,0.3444735240802402,91,0.4083333333333333,0.0,0,0,0.0,1,120,34,-1,-1,0.0
stage1a_single_agent_tiny,1,31080,259,1,100,100,2,0,True,61.24835205078125,10.0,10.0,0.0,0.52,0.3765780947956955,104,0.375,0.0,1,0,7.0,1,120,7,-1,-1,0.0
stage1a_single_agent_tiny,1,31200,260,1,100,100,2,0,True,30.565279006958008,5.0,5.0,0.0,0.6,0.35048633039114063,93,0.36666666666666664,0.0,0,0,0.0,1,120,44,-1,-1,0.0
stage1a_single_agent_tiny,1,31320,261,1,100,100,2,0,True,40.244232177734375,4.0,4.0,1.0,0.56,0.3644414987647906,92,0.36666666666666664,0.0,1,0,7.0,1,120,61,82,21,0.008333333333333333
stage1a_single_agent_tiny,1,31440,262,1,100,100,2,0,True,81.8256607055664,8.0,8.0,1.0,0.52,0.33521649743100473,91,0.35,0.0,1,0,7.0,1,120,10,10,0,0.008333333333333333
stage1a_single_agent_tiny,1,31560,263,1,100,100,2,0,True,32.57209396362305,6.0,6.0,0.0,0.64,0.32450478708875985,88,0.325,0.0,1,0,7.0,1,120,46,-1,-1,0.0
stage1a_single_agent_tiny,1,31680,264,1,100,100,2,0,True,13.610121726989746,4.0,4.0,0.0,0.52,0.42475641397371267,96,0.375,0.0,1,0,7.0,1,120,46,-1,-1,0.0
stage1a_single_agent_tiny,1,31800,265,1,100,100,2,0,True,23.155372619628906,5.0,5.0,0.0,0.56,0.4668341406970285,84,0.5083333333333333,0.0,1,0,9.0,1,120,36,-1,-1,0.0
stage1a_single_agent_tiny,1,31920,266,1,100,100,2,0,True,-7.4605207443237305,1.0,1.0,0.0,0.56,0.3444090000217936,94,0.2833333333333333,0.0,0,0,0.0,1,120,86,-1,-1,0.0
stage1a_single_agent_tiny,1,32040,267,1,100,100,2,0,True,29.061145782470703,2.0,2.0,1.0,0.56,0.3366748216135117,91,0.30833333333333335,0.0,0,0,0.0,1,120,10,10,0,0.008333333333333333
stage1a_single_agent_tiny,1,32160,268,1,100,100,2,0,True,64.38327026367188,10.0,10.0,0.0,0.48,0.32167719943487705,88,0.3416666666666667,0.0,0,0,0.0,1,120,2,-1,-1,0.0
stage1a_single_agent_tiny,1,32280,269,1,100,100,2,0,True,57.78134536743164,5.0,5.0,1.0,0.48,0.3309863765685198,87,0.3333333333333333,0.0,0,0,0.0,1,120,50,84,34,0.008333333333333333
stage1a_single_agent_tiny,1,32400,270,1,100,100,2,0,True,24.319080352783203,5.0,5.0,0.0,0.56,0.2882598880329169,79,0.35,0.0,1,0,7.0,1,120,56,-1,-1,0.0
stage1a_single_agent_tiny,1,32520,271,1,100,100,2,0,True,21.236753463745117,5.0,5.0,0.0,0.56,0.38403345180558973,94,0.44166666666666665,0.0,1,0,7.0,1,120,7,-1,-1,0.0
stage1a_single_agent_tiny,1,32640,272,1,100,100,2,0,True,8.153000831604004,3.0,3.0,0.0,0.52,0.41762258535988317,87,0.4,0.0,1,0,7.0,1,120,75,-1,-1,0.0
stage1a_single_agent_tiny,1,32760,273,1,100,100,2,0,True,12.034207344055176,4.0,4.0,0.0,0.6,0.2905746470186083,76,0.3333333333333333,0.0,0,0,0.0,1,120,7,-1,-1,0.0
stage1a_single_agent_tiny,1,32880,274,1,100,100,2,0,True,-18.60889434814453,0.0,0.0,0.0,0.44,0.3733452851806457,80,0.375,0.0,0,0,0.0,1,120,-1,-1,-1,0.0
stage1a_single_agent_tiny,1,33000,275,1,100,100,2,0,True,45.030792236328125,7.0,7.0,0.0,0.52,0.34738282368052753,80,0.3416666666666667,0.0,1,0,11.0,1,120,19,-1,-1,0.0
stage1a_single_agent_tiny,1,33120,276,1,100,100,2,0,True,12.8088960647583,3.0,3.0,0.0,0.52,0.34297245915901536,86,0.36666666666666664,0.0,0,0,0.0,1,120,65,-1,-1,0.0
stage1a_single_agent_tiny,1,33240,277,1,100,100,2,0,True,16.06855583190918,4.0,4.0,0.0,0.56,0.33171193348631883,72,0.35833333333333334,0.0,1,0,7.0,1,120,18,-1,-1,0.0
stage1a_single_agent_tiny,1,33360,278,1,100,100,2,0,True,19.635005950927734,4.0,4.0,0.0,0.48,0.2914450277147504,77,0.25833333333333336,0.0,0,0,0.0,1,120,38,-1,-1,0.0
stage1a_single_agent_tiny,1,33480,279,1,100,100,2,0,True,32.637359619140625,6.0,6.0,0.0,0.64,0.280231577467445,71,0.36666666666666664,0.0,1,0,7.0,1,120,2,-1,-1,0.0
stage1a_single_agent_tiny,1,33600,280,1,100,100,2,0,True,35.29170227050781,6.0,6.0,0.0,0.52,0.3366039958006392,77,0.39166666666666666,0.0,0,0,0.0,1,120,2,-1,-1,0.0
stage1a_single_agent_tiny,1,33720,281,1,100,100,2,0,True,1.835978388786316,2.0,2.0,0.0,0.52,0.2736303698543149,66,0.3333333333333333,0.0,0,0,0.0,1,120,67,-1,-1,0.0
stage1a_single_agent_tiny,1,33840,282,1,100,100,2,0,True,27.076696395874023,7.0,7.0,0.0,0.44,0.3479089181870222,67,0.30833333333333335,0.0,0,0,0.0,1,120,18,-1,-1,0.0
stage1a_single_agent_tiny,1,33960,283,1,100,100,2,0,True,29.365633010864258,6.0,6.0,0.0,0.56,0.2530144359683618,57,0.2833333333333333,0.0,0,0,0.0,1,120,19,-1,-1,0.0
stage1a_single_agent_tiny,1,34080,284,1,100,100,2,0,True,22.69333839416504,5.0,5.0,0.0,0.56,0.3239016332964335,76,0.4083333333333333,0.0,0,0,0.0,1,120,4,-1,-1,0.0
stage1a_single_agent_tiny,1,34200,285,1,100,100,2,0,True,15.40130615234375,5.0,5.0,0.0,0.56,0.25564613320166246,52,0.2833333333333333,0.0,0,0,0.0,1,120,56,-1,-1,0.0
stage1a_single_agent_tiny,1,34320,286,1,100,100,2,0,True,101.16107940673828,6.0,6.0,3.0,0.4,0.34426829089061356,56,0.35833333333333334,0.0,0,0,0.0,1,120,14,36,22,0.025
stage1a_single_agent_tiny,1,34440,287,1,100,100,2,0,True,21.954885482788086,6.0,6.0,0.0,0.52,0.2846789749184003,60,0.275,0.0,0,0,0.0,1,120,10,-1,-1,0.0
stage1a_single_agent_tiny,1,34560,288,1,100,100,2,0,True,41.356689453125,3.0,3.0,1.0,0.52,0.265118515547753,62,0.375,0.0,0,0,0.0,1,120,45,112,67,0.008333333333333333
stage1a_single_agent_tiny,1,34680,289,1,100,100,2,0,True,38.95320510864258,7.0,7.0,0.0,0.52,0.20280702292608718,61,0.21666666666666667,0.0,0,0,0.0,1,120,24,-1,-1,0.0
stage1a_single_agent_tiny,1,34800,290,1,100,100,2,0,True,25.719892501831055,2.0,2.0,1.0,0.52,0.3736241576940908,67,0.44166666666666665,0.0,0,0,0.0,1,120,17,17,0,0.008333333333333333
stage1a_single_agent_tiny,1,34920,291,1,100,100,2,0,True,21.619110107421875,5.0,5.0,0.0,0.44,0.24638992125789325,57,0.25833333333333336,0.0,0,0,0.0,1,120,5,-1,-1,0.0
stage1a_single_agent_tiny,1,35040,292,1,100,100,2,0,True,57.45225143432617,5.0,5.0,1.0,0.6,0.22162068088849385,58,0.325,0.0,0,0,0.0,1,120,30,76,46,0.008333333333333333
stage1a_single_agent_tiny,1,35160,293,1,100,100,2,0,True,6.891810894012451,3.0,3.0,0.0,0.52,0.25931530851424517,67,0.2833333333333333,0.0,0,0,0.0,1,120,41,-1,-1,0.0
stage1a_single_agent_tiny,1,35280,294,1,100,100,2,0,True,5.904449939727783,4.0,4.0,0.0,0.48,0.283097423495686,60,0.23333333333333334,0.0,0,0,0.0,1,120,26,-1,-1,0.0
stage1a_single_agent_tiny,1,35400,295,1,100,100,2,0,True,95.96142578125,7.0,7.0,2.0,0.56,0.24157616855809466,59,0.31666666666666665,0.0,0,0,0.0,1,120,13,27,14,0.016666666666666666
stage1a_single_agent_tiny,1,35520,296,1,100,100,2,0,True,27.36838150024414,5.0,5.0,0.0,0.6,0.21987415427186838,52,0.25833333333333336,0.0,0,0,0.0,1,120,18,-1,-1,0.0
stage1a_single_agent_tiny,1,35640,297,1,100,100,2,0,True,35.017677307128906,2.0,2.0,1.0,0.6,0.29480464522882055,66,0.30833333333333335,0.0,0,0,0.0,1,120,22,22,0,0.008333333333333333
stage1a_single_agent_tiny,1,35760,298,1,100,100,2,0,True,22.985424041748047,5.0,5.0,0.0,0.52,0.1989961614269608,50,0.24166666666666667,0.0,0,0,0.0,1,120,22,-1,-1,0.0
stage1a_single_agent_tiny,1,35880,299,1,100,100,2,0,True,54.292396545410156,5.0,5.0,1.0,0.56,0.24298070249108908,59,0.35833333333333334,0.0,0,0,0.0,1,120,33,78,45,0.008333333333333333
stage1a_single_agent_tiny,1,36000,300,1,100,100,2,0,True,-17.27247428894043,0.0,0.0,0.0,0.52,0.3612438695553768,58,0.38333333333333336,0.0,1,0,9.0,1,120,-1,-1,-1,0.0
stage1a_single_agent_tiny,1,36120,301,1,100,100,2,0,True,6.806828498840332,3.0,3.0,0.0,0.44,0.35193263030378147,78,0.325,0.0,0,0,0.0,1,120,4,-1,-1,0.0
stage1a_single_agent_tiny,1,36240,302,1,100,100,2,0,True,71.00325012207031,11.0,11.0,0.0,0.6,0.29037348164905175,72,0.325,0.0,0,0,0.0,1,120,4,-1,-1,0.0
stage1a_single_agent_tiny,1,36360,303,1,100,100,2,0,True,43.398921966552734,7.0,7.0,0.0,0.6,0.2517011915158946,53,0.25,0.0,0,0,0.0,1,120,1,-1,-1,0.0
stage1a_single_agent_tiny,1,36480,304,1,100,100,2,0,True,60.89756774902344,6.0,6.0,1.0,0.44,0.26829677502003807,70,0.25833333333333336,0.0,0,0,0.0,1,120,10,84,74,0.008333333333333333
stage1a_single_agent_tiny,1,36600,305,1,100,100,2,0,True,20.96286392211914,4.0,4.0,0.0,0.48,0.28783401844557377,68,0.2916666666666667,0.0,0,0,0.0,1,120,49,-1,-1,0.0
stage1a_single_agent_tiny,1,36720,306,1,100,100,2,0,True,32.468624114990234,6.0,6.0,0.0,0.6,0.2786277103975105,71,0.35833333333333334,0.0,0,0,0.0,1,120,27,-1,-1,0.0
stage1a_single_agent_tiny,1,36840,307,1,100,100,2,0,True,-1.1127839088439941,3.0,3.0,0.0,0.44,0.393785721300325,63,0.48333333333333334,0.0,0,0,0.0,1,120,55,-1,-1,0.0
stage1a_single_agent_tiny,1,36960,308,1,100,100,2,0,True,40.15389633178711,7.0,7.0,0.0,0.48,0.328514074421643,64,0.325,0.0,0,0,0.0,1,120,2,-1,-1,0.0
stage1a_single_agent_tiny,1,37080,309,1,100,100,2,0,True,27.514686584472656,6.0,6.0,0.0,0.44,0.2822373296211784,64,0.36666666666666664,0.0,0,0,0.0,1,120,12,-1,-1,0.0
stage1a_single_agent_tiny,1,37200,310,1,100,100,2,0,True,33.628997802734375,5.0,5.0,0.0,0.6,0.3283897856619054,70,0.4583333333333333,0.0,0,0,0.0,1,120,15,-1,-1,0.0
stage1a_single_agent_tiny,1,37320,311,1,100,100,2,0,True,14.989480018615723,4.0,4.0,0.0,0.52,0.38666603942983785,78,0.4,0.0,0,0,0.0,1,120,22,-1,-1,0.0
stage1a_single_agent_tiny,1,37440,312,1,100,100,2,0,True,62.4727783203125,9.0,9.0,0.0,0.6,0.30554057970099774,74,0.375,0.0,2,0,7.0,1,120,12,-1,-1,0.0
stage1a_single_agent_tiny,1,37560,313,1,100,100,2,0,True,35.572845458984375,6.0,6.0,0.0,0.56,0.32833869244592884,77,0.3,0.0,0,0,0.0,1,120,34,-1,-1,0.0
stage1a_single_agent_tiny,1,37680,314,1,100,100,2,0,True,44.86570739746094,4.0,4.0,1.0,0.64,0.22682588511088397,69,0.26666666666666666,0.0,0,0,0.0,1,120,15,63,48,0.008333333333333333
stage1a_single_agent_tiny,1,37800,315,1,100,100,2,0,True,51.64301300048828,8.0,8.0,0.0,0.52,0.2781679483601086,65,0.2916666666666667,0.0,0,0,0.0,1,120,37,-1,-1,0.0
stage1a_single_agent_tiny,1,37920,316,1,100,100,2,0,True,18.1667423248291,4.0,4.0,0.0,0.48,0.2484899527184704,63,0.31666666666666665,0.0,1,0,7.0,1,120,9,-1,-1,0.0
stage1a_single_agent_tiny,1,38040,317,1,100,100,2,0,True,6.565629482269287,2.0,2.0,0.0,0.44,0.3448136042221449,64,0.35833333333333334,0.0,1,0,9.0,1,120,17,-1,-1,0.0
stage1a_single_agent_tiny,1,38160,318,1,100,100,2,0,True,107.68326568603516,12.0,12.0,1.0,0.56,0.2627697232295759,56,0.275,0.0,0,0,0.0,1,120,6,33,27,0.008333333333333333
stage1a_single_agent_tiny,1,38280,319,1,100,100,2,0,True,19.606019973754883,4.0,4.0,0.0,0.6,0.2209523089385281,54,0.275,0.0,0,0,0.0,1,120,28,-1,-1,0.0
stage1a_single_agent_tiny,1,38400,320,1,100,100,2,0,True,100.51318359375,10.0,10.0,1.0,0.52,0.25079566205774123,53,0.325,0.0,0,0,0.0,1,120,14,28,14,0.008333333333333333
stage1a_single_agent_tiny,1,38520,321,1,100,100,2,0,True,47.9546012878418,7.0,7.0,0.0,0.48,0.2869483409449458,57,0.39166666666666666,0.0,0,0,0.0,1,120,15,-1,-1,0.0
stage1a_single_agent_tiny,1,38640,322,1,100,100,2,0,True,6.238522052764893,2.0,2.0,0.0,0.56,0.31908237421691105,60,0.31666666666666665,0.0,0,0,0.0,1,120,23,-1,-1,0.0
stage1a_single_agent_tiny,1,38760,323,1,100,100,2,0,True,120.94547271728516,9.0,9.0,2.0,0.56,0.22982114682284494,58,0.3,0.0,0,0,0.0,1,120,8,8,0,0.016666666666666666
stage1a_single_agent_tiny,1,38880,324,1,100,100,2,0,True,36.987159729003906,6.0,6.0,0.0,0.52,0.23640256489161401,55,0.2833333333333333,0.0,0,0,0.0,1,120,7,-1,-1,0.0
stage1a_single_agent_tiny,1,39000,325,1,100,100,2,0,True,60.171913146972656,10.0,10.0,0.0,0.56,0.3091181072484081,64,0.30833333333333335,0.0,1,0,7.0,1,120,16,-1,-1,0.0
stage1a_single_agent_tiny,1,39120,326,1,100,100,2,0,True,95.99870300292969,7.0,7.0,2.0,0.56,0.21251405060950976,56,0.26666666666666666,0.0,0,0,0.0,1,120,11,25,14,0.016666666666666666
stage1a_single_agent_tiny,1,39240,327,1,100,100,2,0,True,81.42851257324219,8.0,8.0,1.0,0.44,0.3157026830362156,61,0.325,0.0,1,0,7.0,1,120,3,112,109,0.008333333333333333
stage1a_single_agent_tiny,1,39360,328,1,100,100,2,0,True,40.52206039428711,7.0,7.0,0.0,0.48,0.307958597682106,56,0.31666666666666665,0.0,1,0,7.0,1,120,4,-1,-1,0.0
stage1a_single_agent_tiny,1,39480,329,1,100,100,2,0,True,53.34832000732422,5.0,5.0,1.0,0.56,0.2026426504094464,54,0.25,0.0,0,0,0.0,1,120,7,19,12,0.008333333333333333
stage1a_single_agent_tiny,1,39600,330,1,100,100,2,0,True,101.76791381835938,7.0,7.0,2.0,0.52,0.3041711931466125,59,0.3416666666666667,0.0,0,0,0.0,1,120,21,21,0,0.016666666666666666
stage1a_single_agent_tiny,1,39720,331,1,100,100,2,0,True,49.272193908691406,4.0,4.0,1.0,0.52,0.24763345740114648,55,0.30833333333333335,0.0,0,0,0.0,1,120,14,31,17,0.008333333333333333
stage1a_single_agent_tiny,1,39840,332,1,100,100,2,0,True,46.42322540283203,7.0,7.0,0.0,0.52,0.2948308875163396,64,0.38333333333333336,0.0,1,0,7.0,1,120,32,-1,-1,0.0
stage1a_single_agent_tiny,1,39960,333,1,100,100,2,0,True,16.862529754638672,4.0,4.0,0.0,0.56,0.19702961993558954,67,0.20833333333333334,0.0,0,0,0.0,1,120,55,-1,-1,0.0
stage1a_single_agent_tiny,1,40080,334,1,100,100,2,0,True,56.53642272949219,6.0,6.0,1.0,0.56,0.3117629066866357,65,0.35,0.0,0,0,0.0,1,120,10,72,62,0.008333333333333333
stage1a_single_agent_tiny,1,40200,335,1,100,100,2,0,True,59.6794548034668,6.0,6.0,1.0,0.6,0.2357420587737579,60,0.24166666666666667,0.0,0,0,0.0,1,120,36,114,78,0.008333333333333333
stage1a_single_agent_tiny,1,40320,336,1,100,100,2,0,True,66.31403350830078,4.0,4.0,2.0,0.48,0.3620458677372274,68,0.3333333333333333,0.0,0,0,0.0,1,120,27,27,0,0.016666666666666666
stage1a_single_agent_tiny,1,40440,337,1,100,100,2,0,True,41.61725997924805,4.0,4.0,1.0,0.52,0.25207102309602003,84,0.275,0.0,0,0,0.0,1,120,34,97,63,0.008333333333333333
stage1a_single_agent_tiny,1,40560,338,1,100,100,2,0,True,27.139469146728516,1.0,1.0,1.0,0.52,0.390143753454322,58,0.35,0.0,0,0,0.0,1,120,55,55,0,0.008333333333333333
stage1a_single_agent_tiny,1,40680,339,1,100,100,2,0,True,-3.9628732204437256,2.0,2.0,0.0,0.52,0.37443939040143354,61,0.36666666666666664,0.0,1,0,7.0,1,120,28,-1,-1,0.0
stage1a_single_agent_tiny,1,40800,340,1,100,100,2,0,True,36.51846694946289,2.0,2.0,1.0,0.48,0.27019224807736464,68,0.31666666666666665,0.0,0,0,0.0,1,120,63,93,30,0.008333333333333333
stage1a_single_agent_tiny,1,40920,341,1,100,100,2,0,True,19.57878875732422,4.0,4.0,0.0,0.56,0.2991041685299327,69,0.3333333333333333,0.0,0,0,0.0,1,120,12,-1,-1,0.0
stage1a_single_agent_tiny,1,41040,342,1,100,100,2,0,True,24.552478790283203,5.0,5.0,0.0,0.56,0.2599424444856898,66,0.2916666666666667,0.0,0,0,0.0,1,120,56,-1,-1,0.0
stage1a_single_agent_tiny,1,41160,343,1,100,100,2,0,True,35.450416564941406,6.0,6.0,0.0,0.6,0.23393525002757087,62,0.2833333333333333,0.0,0,0,0.0,1,120,12,-1,-1,0.0
stage1a_single_agent_tiny,1,41280,344,1,100,100,2,0,True,24.702795028686523,5.0,5.0,0.0,0.6,0.33141597341552065,58,0.35833333333333334,0.0,0,0,0.0,1,120,8,-1,-1,0.0
stage1a_single_agent_tiny,1,41400,345,1,100,100,2,0,True,32.201393127441406,6.0,6.0,0.0,0.56,0.2853602218868521,66,0.30833333333333335,0.0,0,0,0.0,1,120,30,-1,-1,0.0
stage1a_single_agent_tiny,1,41520,346,1,100,100,2,0,True,50.918663024902344,4.0,4.0,1.0,0.52,0.31705589617486113,67,0.3333333333333333,0.0,0,0,0.0,1,120,8,39,31,0.008333333333333333
stage1a_single_agent_tiny,1,41640,347,1,100,100,2,0,True,71.9712905883789,7.0,7.0,1.0,0.48,0.3198801200671975,69,0.2833333333333333,0.0,0,0,0.0,1,120,3,60,57,0.008333333333333333
stage1a_single_agent_tiny,1,41760,348,1,100,100,2,0,True,15.392329216003418,4.0,4.0,0.0,0.64,0.22816218428779395,71,0.3,0.0,0,0,0.0,1,120,7,-1,-1,0.0
stage1a_single_agent_tiny,1,41880,349,1,100,100,2,0,True,77.23258209228516,5.0,5.0,2.0,0.48,0.3705637118585097,54,0.38333333333333336,0.0,1,0,9.0,1,120,12,61,49,0.016666666666666666
stage1a_single_agent_tiny,1,42000,350,1,100,100,2,0,True,89.37610626220703,9.0,9.0,1.0,0.6,0.27528021437610734,70,0.21666666666666667,0.0,0,0,0.0,1,120,11,11,0,0.008333333333333333
stage1a_single_agent_tiny,1,42120,351,1,100,100,2,0,True,71.75338745117188,10.0,10.0,0.0,0.56,0.25631800952930156,75,0.3,0.0,0,0,0.0,1,120,17,-1,-1,0.0
stage1a_single_agent_tiny,1,42240,352,1,100,100,2,0,True,23.256427764892578,5.0,5.0,0.0,0.52,0.23717420989220653,51,0.275,0.0,0,0,0.0,1,120,26,-1,-1,0.0
stage1a_single_agent_tiny,1,42360,353,1,100,100,2,0,True,20.94486427307129,4.0,4.0,0.0,0.56,0.25827189813523244,58,0.325,0.0,0,0,0.0,1,120,25,-1,-1,0.0
stage1a_single_agent_tiny,1,42480,354,1,100,100,2,0,True,11.778166770935059,3.0,3.0,0.0,0.56,0.2329040443757549,66,0.25833333333333336,0.0,0,0,0.0,1,120,60,-1,-1,0.0
stage1a_single_agent_tiny,1,42600,355,1,100,100,2,0,True,-0.8613089323043823,2.0,2.0,0.0,0.52,0.34418119774200023,50,0.3333333333333333,0.0,0,0,0.0,1,120,9,-1,-1,0.0
stage1a_single_agent_tiny,1,42720,356,1,100,100,2,0,True,23.886194229125977,4.0,4.0,0.0,0.6,0.33325787005596796,67,0.35,0.0,0,0,0.0,1,120,14,-1,-1,0.0
stage1a_single_agent_tiny,1,42840,357,1,100,100,2,0,True,17.766916275024414,6.0,6.0,0.0,0.48,0.3563112311375638,48,0.4666666666666667,0.0,0,0,0.0,1,120,26,-1,-1,0.0
stage1a_single_agent_tiny,1,42960,358,1,100,100,2,0,True,21.485334396362305,5.0,5.0,0.0,0.6,0.29874656901617225,64,0.2916666666666667,0.0,0,0,0.0,1,120,8,-1,-1,0.0
stage1a_single_agent_tiny,1,43080,359,1,100,100,2,0,True,-4.691474437713623,1.0,1.0,0.0,0.44,0.39947861079902697,70,0.44166666666666665,0.0,1,0,0.0,1,120,51,-1,-1,0.0
stage1a_single_agent_tiny,1,43200,360,1,100,100,2,0,True,19.679489135742188,4.0,4.0,0.0,0.6,0.2819218146149069,65,0.4166666666666667,0.0,1,0,7.0,1,120,10,-1,-1,0.0
stage1a_single_agent_tiny,1,43320,361,1,100,100,2,0,True,1.0326697826385498,3.0,3.0,0.0,0.4,0.3817227280795729,56,0.4583333333333333,0.0,1,0,7.0,1,120,2,-1,-1,0.0
stage1a_single_agent_tiny,1,43440,362,1,100,100,2,0,True,28.888479232788086,2.0,2.0,1.0,0.52,0.3338859503312657,65,0.31666666666666665,0.0,0,0,0.0,1,120,63,92,29,0.008333333333333333
stage1a_single_agent_tiny,1,43560,363,1,100,100,2,0,True,62.00533676147461,6.0,6.0,1.0,0.4,0.372297048359178,54,0.425,0.0,1,0,9.0,1,120,3,65,62,0.008333333333333333
stage1a_single_agent_tiny,1,43680,364,1,100,100,2,0,True,22.222673416137695,4.0,4.0,0.0,0.48,0.33504667679662814,47,0.425,0.0,1,0,7.0,1,120,15,-1,-1,0.0
stage1a_single_agent_tiny,1,43800,365,1,100,100,2,0,True,4.434662342071533,2.0,2.0,0.0,0.52,0.3920272769794489,53,0.55,0.0,3,0,9.666666666666666,1,120,8,-1,-1,0.0
stage1a_single_agent_tiny,1,43920,366,1,100,100,2,0,True,-7.423752307891846,1.0,1.0,0.0,0.52,0.3472020330479912,61,0.4,0.0,1,0,7.0,1,120,100,-1,-1,0.0
stage1a_single_agent_tiny,1,44040,367,1,100,100,2,0,True,5.393924713134766,3.0,3.0,0.0,0.44,0.4080076708419559,70,0.36666666666666664,0.0,3,0,7.0,1,120,45,-1,-1,0.0
stage1a_single_agent_tiny,1,44160,368,1,100,100,2,0,True,1.6812183856964111,2.0,2.0,0.0,0.44,0.3837365344923455,59,0.4083333333333333,0.0,2,0,7.0,1,120,14,-1,-1,0.0
stage1a_single_agent_tiny,1,44280,369,1,100,100,2,0,True,-10.073439598083496,0.0,0.0,0.0,0.36,0.48783777356147767,61,0.525,0.0,2,0,8.0,1,120,-1,-1,-1,0.0
stage1a_single_agent_tiny,1,44400,370,1,100,100,2,0,True,19.354766845703125,5.0,5.0,0.0,0.52,0.4423653441287267,51,0.525,0.0,1,0,7.0,1,120,16,-1,-1,0.0
stage1a_single_agent_tiny,1,44520,371,1,100,100,2,0,True,30.017860412597656,5.0,5.0,0.0,0.4,0.4733574849902652,57,0.575,0.0,2,0,7.0,1,120,29,-1,-1,0.0
stage1a_single_agent_tiny,1,44640,372,1,100,100,2,0,True,115.7535171508789,8.0,8.0,2.0,0.6,0.3095264603708832,67,0.4583333333333333,0.0,0,0,0.0,1,120,6,6,0,0.016666666666666666
stage1a_single_agent_tiny,1,44760,373,1,100,100,2,0,True,91.98358917236328,9.0,9.0,1.0,0.6,0.26625500242225825,57,0.4166666666666667,0.0,0,0,0.0,1,120,11,117,106,0.008333333333333333
stage1a_single_agent_tiny,1,44880,374,1,100,100,2,0,True,-14.297863006591797,0.0,0.0,0.0,0.4,0.4451434822636656,68,0.5583333333333333,0.0,3,0,7.666666666666667,1,120,-1,-1,-1,0.0
stage1a_single_agent_tiny,1,45000,375,1,100,100,2,0,True,12.330977439880371,3.0,3.0,0.0,0.4,0.49080290691150974,67,0.6833333333333333,0.0,3,0,9.666666666666666,1,120,5,-1,-1,0.0
stage1a_single_agent_tiny,1,45120,376,1,100,100,2,0,True,30.716815948486328,1.0,1.0,1.0,0.32,0.546585578060088,82,0.675,0.0,6,0,8.0,1,120,54,54,0,0.008333333333333333
stage1a_single_agent_tiny,1,45240,377,1,100,100,2,0,True,-5.7775421142578125,0.0,0.0,0.0,0.36,0.5179305379919242,79,0.7083333333333334,0.0,3,0,8.0,1,120,-1,-1,-1,0.0
stage1a_single_agent_tiny,1,45360,378,1,100,100,2,0,True,20.04435920715332,4.0,4.0,0.0,0.36,0.5263429713920534,85,0.6166666666666667,0.0,3,0,11.666666666666666,1,120,21,-1,-1,0.0
stage1a_single_agent_tiny,1,45480,379,1,100,100,2,0,True,15.42758560180664,3.0,3.0,0.0,0.52,0.4454371770222982,75,0.6333333333333333,0.0,2,0,11.0,1,120,14,-1,-1,0.0
stage1a_single_agent_tiny,1,45600,380,1,100,100,2,0,True,-3.3581974506378174,0.0,0.0,0.0,0.28,0.694205024659944,88,0.8083333333333333,0.0,7,0,11.285714285714286,1,120,-1,-1,-1,0.0
stage1a_single_agent_tiny,1,45720,381,1,100,100,2,0,True,-3.496499538421631,0.0,0.0,0.0,0.2,0.6105199501500465,72,0.8,0.0,3,0,15.0,1,120,-1,-1,-1,0.0
stage1a_single_agent_tiny,1,45840,382,1,100,100,2,0,True,7.208266735076904,2.0,2.0,0.0,0.56,0.48325860285161376,67,0.6583333333333333,0.0,3,0,10.333333333333334,1,120,3,-1,-1,0.0
stage1a_single_agent_tiny,1,45960,383,1,100,100,2,0,True,-1.282056450843811,1.0,1.0,0.0,0.24,0.5829309746254391,82,0.725,0.0,4,0,6.75,1,120,11,-1,-1,0.0
stage1a_single_agent_tiny,1,46080,384,1,100,100,2,0,True,-7.417720317840576,0.0,0.0,0.0,0.08,0.9177585740884145,109,0.9333333333333333,0.0,4,0,27.75,1,120,-1,-1,-1,0.0
stage1a_single_agent_tiny,1,46200,385,1,100,100,2,0,True,3.263505458831787,1.0,1.0,0.0,0.12,0.882970739575103,112,0.9333333333333333,0.0,2,0,3.5,1,120,6,-1,-1,0.0
stage1a_single_agent_tiny,1,46320,386,1,100,100,2,0,True,10.378884315490723,2.0,2.0,0.0,0.32,0.7801362624003862,104,0.8416666666666667,0.0,2,0,4.5,1,120,14,-1,-1,0.0
stage1a_single_agent_tiny,1,46440,387,1,100,100,2,0,True,-3.193715810775757,0.0,0.0,0.0,0.16,0.8647935831919312,108,0.9583333333333334,0.0,4,0,24.25,0,120,-1,-1,-1,0.0
stage1a_single_agent_tiny,1,46560,388,1,100,100,2,0,True,-3.619995355606079,0.0,0.0,0.0,0.04,0.9916666666666667,120,1.0,0.0,1,0,0.0,0,120,-1,-1,-1,0.0
stage1a_single_agent_tiny,1,46680,389,1,100,100,2,0,True,-2.7707996368408203,0.0,0.0,0.0,0.12,0.8457142538080613,106,0.9083333333333333,0.0,5,0,19.8,0,120,-1,-1,-1,0.0
stage1a_single_agent_tiny,1,46800,390,1,100,100,2,0,True,-3.4159960746765137,0.0,0.0,0.0,0.12,0.9517825059282283,116,0.9833333333333333,0.0,2,0,36.5,0,120,-1,-1,-1,0.0
stage1a_single_agent_tiny,1,46920,391,1,100,100,2,0,True,10.92891788482666,2.0,2.0,0.0,0.24,0.619663322014579,74,0.8,0.0,4,0,6.75,1,120,4,-1,-1,0.0
stage1a_single_agent_tiny,1,47040,392,1,100,100,2,0,True,10.808723449707031,2.0,2.0,0.0,0.24,0.6934267177867393,84,0.8,0.0,3,0,22.333333333333332,1,120,5,-1,-1,0.0
stage1a_single_agent_tiny,1,47160,393,1,100,100,2,0,True,-1.7735689878463745,0.0,0.0,0.0,0.16,0.7071803961880505,86,0.8333333333333334,0.0,6,0,10.666666666666666,0,120,-1,-1,-1,0.0
stage1a_single_agent_tiny,1,47280,394,1,100,100,2,0,True,18.023496627807617,3.0,3.0,0.0,0.32,0.49715908454187835,64,0.6833333333333333,0.0,6,0,6.5,1,120,28,-1,-1,0.0
stage1a_single_agent_tiny,1,47400,395,1,100,100,2,0,True,44.72012710571289,3.0,3.0,1.0,0.36,0.5407431720610475,71,0.6916666666666667,0.0,4,0,8.75,1,120,10,10,0,0.008333333333333333
stage1a_single_agent_tiny,1,47520,396,1,100,100,2,0,True,9.094740867614746,2.0,2.0,0.0,0.44,0.5160283945132202,60,0.5916666666666667,0.0,2,0,11.0,1,120,3,-1,-1,0.0
stage1a_single_agent_tiny,1,47640,397,1,100,100,2,0,True,3.1591341495513916,2.0,2.0,0.0,0.56,0.45497326281038114,58,0.5333333333333333,0.0,1,0,7.0,1,120,3,-1,-1,0.0
stage1a_single_agent_tiny,1,47760,398,1,100,100,2,0,True,-2.2348525524139404,1.0,1.0,0.0,0.36,0.5349969604547369,70,0.6333333333333333,0.0,6,0,8.333333333333334,1,120,71,-1,-1,0.0
stage1a_single_agent_tiny,1,47880,399,1,100,100,2,0,True,23.485246658325195,4.0,4.0,0.0,0.52,0.354678307196203,50,0.5166666666666667,0.0,3,0,7.0,1,120,3,-1,-1,0.0
stage1a_single_agent_tiny,1,48000,400,1,100,100,2,0,True,-10.438239097595215,0.0,0.0,0.0,0.32,0.463489385379944,50,0.6833333333333333,0.0,2,0,10.0,1,120,-1,-1,-1,0.0
stage1a_single_agent_tiny,1,48120,401,1,100,100,2,0,True,0.7676959037780762,1.0,1.0,0.0,0.44,0.38789793601802863,49,0.625,0.0,4,0,7.0,1,120,2,-1,-1,0.0
stage1a_single_agent_tiny,1,48240,402,1,100,100,2,0,True,20.624406814575195,4.0,4.0,0.0,0.4,0.34044659262678273,37,0.5166666666666667,0.0,2,0,6.0,1,120,41,-1,-1,0.0
stage1a_single_agent_tiny,1,48360,403,1,100,100,2,0,True,61.97357177734375,6.0,6.0,1.0,0.56,0.3840563411193822,49,0.5,0.0,2,0,7.0,1,120,3,96,93,0.008333333333333333
stage1a_single_agent_tiny,1,48480,404,1,100,100,2,0,True,44.00166320800781,7.0,7.0,0.0,0.4,0.4373898688723178,65,0.6,0.0,3,0,8.333333333333334,1,120,20,-1,-1,0.0
stage1a_single_agent_tiny,1,48600,405,1,100,100,2,0,True,-3.538482904434204,2.0,2.0,0.0,0.28,0.4875335308878372,54,0.65,0.0,2,0,8.0,1,120,39,-1,-1,0.0
stage1a_single_agent_tiny,1,48720,406,1,100,100,2,0,True,17.693313598632812,3.0,3.0,0.0,0.32,0.5437019740231335,69,0.725,0.0,5,0,6.0,1,120,26,-1,-1,0.0
stage1a_single_agent_tiny,1,48840,407,1,100,100,2,0,True,-3.177361249923706,0.0,0.0,0.0,0.28,0.5941007781696196,64,0.7416666666666667,0.0,5,0,7.4,1,120,-1,-1,-1,0.0
stage1a_single_agent_tiny,1,48960,408,1,100,100,2,0,True,-17.025888442993164,1.0,1.0,0.0,0.28,0.5463886651559733,47,0.625,0.0,4,0,5.25,1,120,56,-1,-1,0.0
stage1a_single_agent_tiny,1,49080,409,1,100,100,2,0,True,10.662985801696777,3.0,3.0,0.0,0.4,0.43750558826723135,49,0.6166666666666667,0.0,6,0,7.333333333333333,1,120,10,-1,-1,0.0
stage1a_single_agent_tiny,1,49200,410,1,100,100,2,0,True,-4.041619300842285,2.0,2.0,0.0,0.24,0.6869618348350438,65,0.7666666666666667,0.0,6,0,8.833333333333334,1,120,21,-1,-1,0.0
stage1a_single_agent_tiny,1,49320,411,1,100,100,2,0,True,12.459097862243652,3.0,3.0,0.0,0.48,0.4562210179011648,58,0.6083333333333333,0.0,3,0,9.0,1,120,6,-1,-1,0.0
stage1a_single_agent_tiny,1,49440,412,1,100,100,2,0,True,-13.523595809936523,0.0,0.0,0.0,0.32,0.5378668011748232,58,0.6416666666666667,0.0,0,0,0.0,1,120,-1,-1,-1,0.0
stage1a_single_agent_tiny,1,49560,413,1,100,100,2,0,True,18.137834548950195,3.0,3.0,0.0,0.4,0.419543539325241,44,0.6583333333333333,0.0,4,0,9.0,1,120,5,-1,-1,0.0
stage1a_single_agent_tiny,1,49680,414,1,100,100,2,0,True,19.05585479736328,3.0,3.0,0.0,0.2,0.7037538717500865,78,0.8166666666666667,0.0,7,0,9.857142857142858,1,120,12,-1,-1,0.0
stage1a_single_agent_tiny,1,49800,415,1,100,100,2,0,True,8.836698532104492,2.0,2.0,0.0,0.4,0.46951405535413265,54,0.6416666666666667,0.0,3,0,8.333333333333334,1,120,7,-1,-1,0.0
stage1a_single_agent_tiny,1,49920,416,1,100,100,2,0,True,17.838598251342773,3.0,3.0,0.0,0.32,0.5508449882540541,72,0.6416666666666667,0.0,5,0,8.0,1,120,6,-1,-1,0.0
stage1a_single_agent_tiny,1,50040,417,1,100,100,2,0,True,73.27484130859375,6.0,6.0,1.0,0.4,0.5781211738222434,72,0.6916666666666667,0.0,4,0,13.0,1,120,28,32,4,0.008333333333333333
stage1a_single_agent_tiny,1,50160,418,1,100,100,2,0,True,-5.848747730255127,0.0,0.0,0.0,0.4,0.5104376344902751,63,0.65,0.0,5,0,10.2,1,120,-1,-1,-1,0.0
stage1a_single_agent_tiny,1,50280,419,1,100,100,2,0,True,8.628528594970703,2.0,2.0,0.0,0.44,0.570969690552738,70,0.7083333333333334,0.0,6,0,8.5,1,120,12,-1,-1,0.0
stage1a_single_agent_tiny,1,50400,420,1,100,100,2,0,True,-1.3565990924835205,1.0,1.0,0.0,0.24,0.6558071389018247,82,0.7583333333333333,0.0,5,0,13.4,1,120,8,-1,-1,0.0
stage1a_single_agent_tiny,1,50520,421,1,100,100,2,0,True,-7.02669095993042,1.0,1.0,0.0,0.28,0.5671750571830975,79,0.6666666666666666,0.0,5,0,8.0,1,120,61,-1,-1,0.0
stage1a_single_agent_tiny,1,50640,422,1,100,100,2,0,True,9.324007034301758,2.0,2.0,0.0,0.2,0.6868831180889781,85,0.8416666666666667,0.0,7,0,9.857142857142858,1,120,18,-1,-1,0.0
stage1a_single_agent_tiny,1,50760,423,1,100,100,2,0,True,-6.085850715637207,0.0,0.0,0.0,0.24,0.6017656854198624,68,0.725,0.0,4,0,8.5,1,120,-1,-1,-1,0.0
stage1a_single_agent_tiny,1,50880,424,1,100,100,2,0,True,21.49078941345215,3.0,3.0,0.0,0.2,0.7339815577647338,96,0.8583333333333333,0.0,5,0,15.6,0,120,40,-1,-1,0.0
stage1a_single_agent_tiny,1,51000,425,1,100,100,2,0,True,31.920591354370117,5.0,5.0,0.0,0.32,0.611407558816912,81,0.7083333333333334,0.0,4,0,6.25,1,120,2,-1,-1,0.0
stage1a_single_agent_tiny,1,51120,426,1,100,100,2,0,True,20.707534790039062,3.0,3.0,0.0,0.28,0.6449319448322057,82,0.7916666666666666,0.0,6,0,9.666666666666666,1,120,4,-1,-1,0.0
stage1a_single_agent_tiny,1,51240,427,1,100,100,2,0,True,18.201486587524414,3.0,3.0,0.0,0.4,0.5234897122136317,55,0.65,0.0,5,0,7.8,1,120,14,-1,-1,0.0
stage1a_single_agent_tiny,1,51360,428,1,100,100,2,0,True,12.113337516784668,3.0,3.0,0.0,0.4,0.5294081747687112,64,0.6166666666666667,0.0,3,0,8.333333333333334,1,120,2,-1,-1,0.0
stage1a_single_agent_tiny,1,51480,429,1,100,100,2,0,True,34.092506408691406,5.0,5.0,0.0,0.4,0.4521501891664229,50,0.6166666666666667,0.0,3,0,11.0,1,120,11,-1,-1,0.0
stage1a_single_agent_tiny,1,51600,430,1,100,100,2,0,True,19.303733825683594,4.0,4.0,0.0,0.56,0.2732858815676688,40,0.4083333333333333,0.0,1,0,7.0,1,120,12,-1,-1,0.0
stage1a_single_agent_tiny,1,51720,431,1,100,100,2,0,True,7.521779537200928,2.0,2.0,0.0,0.52,0.31018861146294513,42,0.5166666666666667,0.0,1,0,9.0,1,120,37,-1,-1,0.0
stage1a_single_agent_tiny,1,51840,432,1,100,100,2,0,True,28.808141708374023,5.0,5.0,0.0,0.48,0.29865515342971777,34,0.5666666666666667,0.0,2,0,8.0,1,120,4,-1,-1,0.0
stage1a_single_agent_tiny,1,51960,433,1,100,100,2,0,True,65.1632308959961,6.0,6.0,1.0,0.44,0.29312591869578075,33,0.5083333333333333,0.0,0,0,0.0,1,120,34,53,19,0.008333333333333333
stage1a_single_agent_tiny,1,52080,434,1,100,100,2,0,True,11.17800235748291,3.0,3.0,0.0,0.32,0.2933620784509306,40,0.5416666666666666,0.0,1,0,7.0,1,120,8,-1,-1,0.0
stage1a_single_agent_tiny,1,52200,435,1,100,100,2,0,True,32.63447189331055,6.0,6.0,0.0,0.48,0.41829322099414035,48,0.525,0.0,1,0,7.0,1,120,20,-1,-1,0.0
stage1a_single_agent_tiny,1,52320,436,1,100,100,2,0,True,8.140542030334473,2.0,2.0,0.0,0.48,0.2974626708542928,36,0.475,0.0,1,0,7.0,1,120,8,-1,-1,0.0
stage1a_single_agent_tiny,1,52440,437,1,100,100,2,0,True,23.607404708862305,5.0,5.0,0.0,0.52,0.29128198319813237,30,0.4,0.0,0,0,0.0,1,120,6,-1,-1,0.0
stage1a_single_agent_tiny,1,52560,438,1,100,100,2,0,True,63.805328369140625,6.0,6.0,1.0,0.48,0.3786349057375143,36,0.38333333333333336,0.0,1,0,7.0,1,120,7,7,0,0.008333333333333333
stage1a_single_agent_tiny,1,52680,439,1,100,100,2,0,True,12.734057426452637,3.0,3.0,0.0,0.4,0.35882452817168087,41,0.49166666666666664,0.0,1,0,9.0,1,120,4,-1,-1,0.0
stage1a_single_agent_tiny,1,52800,440,1,100,100,2,0,True,73.33815002441406,7.0,7.0,1.0,0.56,0.31781124150390194,25,0.48333333333333334,0.0,0,0,0.0,1,120,8,110,102,0.008333333333333333
stage1a_single_agent_tiny,1,52920,441,1,100,100,2,0,True,-6.821555137634277,3.0,3.0,0.0,0.48,0.28296140213496984,28,0.35,0.0,0,0,0.0,1,120,21,-1,-1,0.0
stage1a_single_agent_tiny,1,53040,442,1,100,100,2,0,True,12.250029563903809,4.0,4.0,0.0,0.6,0.1540831792226527,21,0.2916666666666667,0.0,0,0,0.0,1,120,49,-1,-1,0.0
stage1a_single_agent_tiny,1,53160,443,1,100,100,2,0,True,64.8943862915039,7.0,7.0,1.0,0.64,0.2650808386737481,24,0.30833333333333335,0.0,1,0,7.0,1,120,14,111,97,0.008333333333333333
stage1a_single_agent_tiny,1,53280,444,1,100,100,2,0,True,34.073856353759766,6.0,6.0,0.0,0.52,0.31171662974714615,30,0.38333333333333336,0.0,2,0,6.5,1,120,14,-1,-1,0.0
stage1a_single_agent_tiny,1,53400,445,1,100,100,2,0,True,30.49896240234375,5.0,5.0,0.0,0.52,0.35215623513407385,32,0.5666666666666667,0.0,2,0,7.0,1,120,19,-1,-1,0.0
stage1a_single_agent_tiny,1,53520,446,1,100,100,2,0,True,-1.4273655414581299,1.0,1.0,0.0,0.52,0.37451061978548145,44,0.4166666666666667,0.0,1,0,7.0,1,120,83,-1,-1,0.0
stage1a_single_agent_tiny,1,53640,447,1,100,100,2,0,True,45.24656677246094,7.0,7.0,0.0,0.56,0.16973591524001677,16,0.35,0.0,0,0,0.0,1,120,4,-1,-1,0.0
stage1a_single_agent_tiny,1,53760,448,1,100,100,2,0,True,62.47530746459961,6.0,6.0,1.0,0.56,0.11304767697292846,21,0.14166666666666666,0.0,0,0,0.0,1,120,10,85,75,0.008333333333333333
stage1a_single_agent_tiny,1,53880,449,1,100,100,2,0,True,51.86509323120117,8.0,8.0,0.0,0.6,0.2753298829018604,16,0.2916666666666667,0.0,1,0,7.0,1,120,22,-1,-1,0.0
stage1a_single_agent_tiny,1,54000,450,1,100,100,2,0,True,9.954366683959961,3.0,3.0,0.0,0.48,0.2213532139964324,28,0.43333333333333335,0.0,0,0,0.0,1,120,4,-1,-1,0.0
stage1a_single_agent_tiny,1,54120,451,1,100,100,2,0,True,53.1011962890625,8.0,8.0,0.0,0.6,0.1570489530451596,9,0.3,0.0,1,0,7.0,1,120,31,-1,-1,0.0
stage1a_single_agent_tiny,1,54240,452,1,100,100,2,0,True,20.533349990844727,4.0,4.0,0.0,0.4,0.38564290983000926,48,0.575,0.0,3,0,8.333333333333334,1,120,15,-1,-1,0.0
stage1a_single_agent_tiny,1,54360,453,1,100,100,2,0,True,53.27472686767578,5.0,5.0,1.0,0.56,0.19446847509243526,21,0.38333333333333336,0.0,0,0,0.0,1,120,65,111,46,0.008333333333333333
stage1a_single_agent_tiny,1,54480,454,1,100,100,2,0,True,18.29244613647461,4.0,4.0,0.0,0.56,0.19822165608832923,31,0.375,0.0,1,0,9.0,1,120,41,-1,-1,0.0
stage1a_single_agent_tiny,1,54600,455,1,100,100,2,0,True,14.604015350341797,3.0,3.0,0.0,0.6,0.1703291750862263,16,0.35833333333333334,0.0,3,0,7.0,1,120,12,-1,-1,0.0
stage1a_single_agent_tiny,1,54720,456,1,100,100,2,0,True,40.53273391723633,7.0,7.0,0.0,0.6,0.1572527304039492,19,0.3416666666666667,0.0,1,0,8.0,1,120,19,-1,-1,0.0
stage1a_single_agent_tiny,1,54840,457,1,100,100,2,0,True,47.154144287109375,8.0,8.0,0.0,0.6,0.10121803341122965,22,0.24166666666666667,0.0,0,0,0.0,1,120,23,-1,-1,0.0
stage1a_single_agent_tiny,1,54960,458,1,100,100,2,0,True,59.895263671875,9.0,9.0,0.0,0.48,0.21432804511568976,19,0.35,0.0,0,0,0.0,1,120,15,-1,-1,0.0
stage1a_single_agent_tiny,1,55080,459,1,100,100,2,0,True,54.45698547363281,8.0,8.0,0.0,0.4,0.10601177733624353,12,0.35833333333333334,0.0,1,0,9.0,1,120,10,-1,-1,0.0
stage1a_single_agent_tiny,1,55200,460,1,100,100,2,0,True,75.32278442382812,7.0,7.0,1.0,0.48,0.14519677910914955,20,0.325,0.0,0,0,0.0,1,120,7,32,25,0.008333333333333333
stage1a_single_agent_tiny,1,55320,461,1,100,100,2,0,True,62.52688980102539,10.0,10.0,0.0,0.56,0.1782558133942075,23,0.4166666666666667,0.0,0,0,0.0,1,120,17,-1,-1,0.0
stage1a_single_agent_tiny,1,55440,462,1,100,100,2,0,True,19.574806213378906,1.0,1.0,1.0,0.44,0.14881018813854704,14,0.35833333333333334,0.0,0,0,0.0,1,120,8,8,0,0.008333333333333333
stage1a_single_agent_tiny,1,55560,463,1,100,100,2,0,True,3.4348015785217285,2.0,2.0,0.0,0.52,0.28079095692761863,22,0.43333333333333335,0.0,0,0,0.0,1,120,33,-1,-1,0.0
stage1a_single_agent_tiny,1,55680,464,1,100,100,2,0,True,63.451087951660156,10.0,10.0,0.0,0.6,0.1453843230381608,10,0.35,0.0,0,0,0.0,1,120,21,-1,-1,0.0
stage1a_single_agent_tiny,1,55800,465,1,100,100,2,0,True,27.792613983154297,5.0,5.0,0.0,0.52,0.1324387885280885,11,0.2833333333333333,0.0,0,0,0.0,1,120,50,-1,-1,0.0
stage1a_single_agent_tiny,1,55920,466,1,100,100,2,0,True,59.333518981933594,5.0,5.0,1.0,0.6,0.09015704167347091,11,0.31666666666666665,0.0,0,0,0.0,1,120,32,32,0,0.008333333333333333
stage1a_single_agent_tiny,1,56040,467,1,100,100,2,0,True,47.02054977416992,7.0,7.0,0.0,0.6,0.06701241568274176,8,0.4,0.0,0,0,0.0,1,120,4,-1,-1,0.0
stage1a_single_agent_tiny,1,56160,468,1,100,100,2,0,True,10.727131843566895,4.0,4.0,0.0,0.6,0.1954676210298203,14,0.325,0.0,1,0,8.0,2,120,32,-1,-1,0.0
stage1a_single_agent_tiny,1,56280,469,1,100,100,2,0,True,31.612873077392578,6.0,6.0,0.0,0.52,0.21454955723602326,12,0.36666666666666664,0.0,0,0,0.0,1,120,33,-1,-1,0.0
stage1a_single_agent_tiny,1,56400,470,1,100,100,2,0,True,40.84888458251953,7.0,7.0,0.0,0.64,0.10195831030917664,12,0.19166666666666668,0.0,0,0,0.0,1,120,5,-1,-1,0.0
stage1a_single_agent_tiny,1,56520,471,1,100,100,2,0,True,50.45826721191406,8.0,8.0,0.0,0.48,0.17087345756590366,14,0.325,0.0,0,0,0.0,1,120,6,-1,-1,0.0
stage1a_single_agent_tiny,1,56640,472,1,100,100,2,0,True,69.61617279052734,7.0,7.0,1.0,0.6,0.11907776382868178,21,0.25,0.0,0,0,0.0,1,120,10,20,10,0.008333333333333333
stage1a_single_agent_tiny,1,56760,473,1,100,100,2,0,True,50.6419677734375,8.0,8.0,0.0,0.56,0.13087696474976837,4,0.275,0.0,0,0,0.0,1,120,22,-1,-1,0.0
stage1a_single_agent_tiny,1,56880,474,1,100,100,2,0,True,26.40082550048828,5.0,5.0,0.0,0.44,0.09820170129726952,18,0.3333333333333333,0.0,0,0,0.0,1,120,14,-1,-1,0.0
stage1a_single_agent_tiny,1,57000,475,1,100,100,2,0,True,39.57160949707031,7.0,7.0,0.0,0.6,0.14450488604294756,5,0.275,0.0,0,0,0.0,1,120,5,-1,-1,0.0
stage1a_single_agent_tiny,1,57120,476,1,100,100,2,0,True,45.05604934692383,3.0,3.0,1.0,0.6,0.08329561924329028,16,0.3,0.0,0,0,0.0,1,120,6,6,0,0.008333333333333333
stage1a_single_agent_tiny,1,57240,477,1,100,100,2,0,True,47.01056671142578,4.0,4.0,1.0,0.64,0.03482965593381474,6,0.10833333333333334,0.0,0,0,0.0,1,120,13,92,79,0.008333333333333333
stage1a_single_agent_tiny,1,57360,478,1,100,100,2,0,True,55.960697174072266,10.0,10.0,0.0,0.56,0.023835727820793788,6,0.2833333333333333,0.0,0,0,0.0,1,120,13,-1,-1,0.0
stage1a_single_agent_tiny,1,57480,479,1,100,100,2,0,True,101.47103881835938,11.0,11.0,1.0,0.6,0.11824270557650986,4,0.125,0.0,0,0,0.0,1,120,30,30,0,0.008333333333333333
stage1a_single_agent_tiny,1,57600,480,1,100,100,2,0,True,109.65953063964844,16.0,16.0,0.0,0.6,0.19614539248092722,8,0.2,0.0,0,0,0.0,1,120,2,-1,-1,0.0
stage1a_single_agent_tiny,1,57720,481,1,100,100,2,0,True,36.176265716552734,6.0,6.0,0.0,0.56,0.14725663817177218,15,0.30833333333333335,0.0,0,0,0.0,1,120,39,-1,-1,0.0
stage1a_single_agent_tiny,1,57840,482,1,100,100,2,0,True,91.6411361694336,10.0,10.0,1.0,0.52,0.11132427798972154,22,0.275,0.0,0,0,0.0,1,120,11,31,20,0.008333333333333333
stage1a_single_agent_tiny,1,57960,483,1,100,100,2,0,True,19.78767967224121,4.0,4.0,0.0,0.52,0.16469847580204564,11,0.31666666666666665,0.0,0,0,0.0,1,120,13,-1,-1,0.0
stage1a_single_agent_tiny,1,58080,484,1,100,100,2,0,True,45.70379638671875,8.0,8.0,0.0,0.56,0.11388209506403654,10,0.24166666666666667,0.0,0,0,0.0,1,120,2,-1,-1,0.0
stage1a_single_agent_tiny,1,58200,485,1,100,100,2,0,True,61.90249252319336,10.0,10.0,0.0,0.56,0.109232320599646,13,0.25833333333333336,0.0,0,0,0.0,1,120,27,-1,-1,0.0
stage1a_single_agent_tiny,1,58320,486,1,100,100,2,0,True,33.45948791503906,7.0,7.0,0.0,0.44,0.059829086903482674,2,0.35,0.0,0,0,0.0,1,120,5,-1,-1,0.0
stage1a_single_agent_tiny,1,58440,487,1,100,100,2,0,True,23.138343811035156,4.0,4.0,0.0,0.6,0.12890428448251137,12,0.30833333333333335,0.0,0,0,0.0,1,120,28,-1,-1,0.0
stage1a_single_agent_tiny,1,58560,488,1,100,100,2,0,True,109.34569549560547,11.0,11.0,1.0,0.44,0.04643969679115496,10,0.3333333333333333,0.0,0,0,0.0,1,120,9,100,91,0.008333333333333333
stage1a_single_agent_tiny,1,58680,489,1,100,100,2,0,True,100.75311279296875,14.0,14.0,0.0,0.48,0.12786386422424886,16,0.35,0.0,0,0,0.0,1,120,25,-1,-1,0.0
stage1a_single_agent_tiny,1,58800,490,1,100,100,2,0,True,21.71305274963379,4.0,4.0,0.0,0.44,0.11430721534804131,12,0.38333333333333336,0.0,0,0,0.0,1,120,2,-1,-1,0.0
stage1a_single_agent_tiny,1,58920,491,1,100,100,2,0,True,72.3532485961914,11.0,11.0,0.0,0.64,0.12569352487723032,6,0.225,0.0,0,0,0.0,1,120,10,-1,-1,0.0
stage1a_single_agent_tiny,1,59040,492,1,100,100,2,0,True,50.302894592285156,8.0,8.0,0.0,0.56,0.15862740956023724,16,0.2833333333333333,0.0,0,0,0.0,1,120,2,-1,-1,0.0
stage1a_single_agent_tiny,1,59160,493,1,100,100,2,0,True,88.24311065673828,8.0,8.0,1.0,0.64,0.11027688659960404,8,0.31666666666666665,0.0,0,0,0.0,1,120,4,90,86,0.008333333333333333
stage1a_single_agent_tiny,1,59280,494,1,100,100,2,0,True,-6.619989395141602,1.0,1.0,0.0,0.64,0.03523445804603398,4,0.15,0.0,0,0,0.0,1,120,83,-1,-1,0.0
stage1a_single_agent_tiny,1,59400,495,1,100,100,2,0,True,71.21492767333984,8.0,8.0,1.0,0.6,0.04284308563607434,5,0.20833333333333334,0.0,0,0,0.0,1,120,27,71,44,0.008333333333333333
stage1a_single_agent_tiny,1,59520,496,1,100,100,2,0,True,129.8332977294922,11.0,11.0,2.0,0.6,0.1853433709591627,6,0.18333333333333332,0.0,0,0,0.0,1,120,26,26,0,0.016666666666666666
stage1a_single_agent_tiny,1,59640,497,1,100,100,2,0,True,110.54999542236328,8.0,8.0,2.0,0.6,0.08132228973942499,9,0.25,0.0,0,0,0.0,1,120,4,43,39,0.016666666666666666
stage1a_single_agent_tiny,1,59760,498,1,100,100,2,0,True,18.787195205688477,4.0,4.0,0.0,0.48,0.17802691772618953,14,0.30833333333333335,0.0,0,0,0.0,1,120,25,-1,-1,0.0
stage1a_single_agent_tiny,1,59880,499,1,100,100,2,0,True,72.88924407958984,11.0,11.0,0.0,0.56,0.19086875516416815,18,0.35,0.0,0,0,0.0,1,120,6,-1,-1,0.0
stage1a_single_agent_tiny,1,60000,500,1,100,100,2,0,True,31.94841766357422,7.0,7.0,0.0,0.6,0.153807235264685,20,0.2833333333333333,0.0,0,0,0.0,1,120,20,-1,-1,0.0
stage1a_single_agent_tiny,1,60120,501,1,100,100,2,0,True,137.66030883789062,11.0,11.0,2.0,0.64,0.09970605686539784,10,0.20833333333333334,0.0,0,0,0.0,1,120,13,61,48,0.016666666666666666
stage1a_single_agent_tiny,1,60240,502,1,100,100,2,0,True,66.38960266113281,10.0,10.0,0.0,0.6,0.1404370909362721,16,0.25,0.0,0,0,0.0,1,120,2,-1,-1,0.0
stage1a_single_agent_tiny,1,60360,503,1,100,100,2,0,True,23.33214569091797,5.0,5.0,0.0,0.52,0.13830831983359532,15,0.19166666666666668,0.0,1,0,7.0,1,120,3,-1,-1,0.0
stage1a_single_agent_tiny,1,60480,504,1,100,100,2,0,True,67.99706268310547,10.0,10.0,0.0,0.56,0.10331299389945343,20,0.25,0.0,0,0,0.0,1,120,21,-1,-1,0.0
stage1a_single_agent_tiny,1,60600,505,1,100,100,2,0,True,61.55953598022461,9.0,9.0,0.0,0.56,0.18836833415164922,19,0.2833333333333333,0.0,0,0,0.0,1,120,17,-1,-1,0.0
stage1a_single_agent_tiny,1,60720,506,1,100,100,2,0,True,80.74274444580078,8.0,8.0,1.0,0.56,0.09990245054165522,19,0.15833333333333333,0.0,0,0,0.0,1,120,2,72,70,0.008333333333333333
stage1a_single_agent_tiny,1,60840,507,1,100,100,2,0,True,82.10394287109375,8.0,8.0,1.0,0.6,0.23134611056496698,20,0.26666666666666666,0.0,0,0,0.0,1,120,8,71,63,0.008333333333333333
stage1a_single_agent_tiny,1,60960,508,1,100,100,2,0,True,21.748382568359375,4.0,4.0,0.0,0.56,0.1253621738986112,20,0.21666666666666667,0.0,0,0,0.0,1,120,12,-1,-1,0.0
stage1a_single_agent_tiny,1,61080,509,1,100,100,2,0,True,76.0353775024414,11.0,11.0,0.0,0.64,0.22457938242393236,14,0.18333333333333332,0.0,0,0,0.0,1,120,26,-1,-1,0.0
stage1a_single_agent_tiny,1,61200,510,1,100,100,2,0,True,41.04890441894531,7.0,7.0,0.0,0.64,0.1345735641856057,18,0.3,0.0,0,0,0.0,1,120,5,-1,-1,0.0
stage1a_single_agent_tiny,1,61320,511,1,100,100,2,0,True,52.75732421875,10.0,10.0,0.0,0.48,0.04876782662856082,11,0.2916666666666667,0.0,0,0,0.0,1,120,35,-1,-1,0.0
stage1a_single_agent_tiny,1,61440,512,1,100,100,2,0,True,58.633689880371094,9.0,9.0,0.0,0.6,0.15996357986199047,14,0.23333333333333334,0.0,0,0,0.0,1,120,2,-1,-1,0.0
stage1a_single_agent_tiny,1,61560,513,1,100,100,2,0,True,71.66675567626953,11.0,11.0,0.0,0.64,0.07574048241755614,11,0.175,0.0,0,0,0.0,2,120,28,-1,-1,0.0
stage1a_single_agent_tiny,1,61680,514,1,100,100,2,0,True,34.50506591796875,6.0,6.0,0.0,0.64,0.11939533264376223,4,0.10833333333333334,0.0,0,0,0.0,1,120,15,-1,-1,0.0
stage1a_single_agent_tiny,1,61800,515,1,100,100,2,0,True,42.595176696777344,7.0,7.0,0.0,0.6,0.14504766104316028,17,0.2916666666666667,0.0,1,0,7.0,1,120,40,-1,-1,0.0
stage1a_single_agent_tiny,1,61920,516,1,100,100,2,0,True,16.869998931884766,5.0,5.0,0.0,0.6,0.200982521326902,29,0.4,0.0,1,0,7.0,1,120,26,-1,-1,0.0
stage1a_single_agent_tiny,1,62040,517,1,100,100,2,0,True,83.99267578125,12.0,12.0,0.0,0.56,0.09619320191365356,12,0.2,0.0,0,0,0.0,1,120,3,-1,-1,0.0
stage1a_single_agent_tiny,1,62160,518,1,100,100,2,0,True,106.62269592285156,12.0,12.0,1.0,0.64,0.10329342945478856,6,0.09166666666666666,0.0,0,0,0.0,1,120,7,50,43,0.008333333333333333
stage1a_single_agent_tiny,1,62280,519,1,100,100,2,0,True,99.4573974609375,10.0,10.0,1.0,0.52,0.22555515877514457,25,0.3333333333333333,0.0,0,0,0.0,1,120,15,105,90,0.008333333333333333
stage1a_single_agent_tiny,1,62400,520,1,100,100,2,0,True,43.85322952270508,7.0,7.0,0.0,0.56,0.23249610257917083,28,0.35,0.0,0,0,0.0,1,120,35,-1,-1,0.0
stage1a_single_agent_tiny,1,62520,521,1,100,100,2,0,True,72.51286315917969,11.0,11.0,0.0,0.6,0.12759916016172307,31,0.275,0.0,0,0,0.0,1,120,23,-1,-1,0.0
stage1a_single_agent_tiny,1,62640,522,1,100,100,2,0,True,79.24159240722656,12.0,12.0,0.0,0.6,0.1104092065206108,8,0.225,0.0,0,0,0.0,1,120,13,-1,-1,0.0
stage1a_single_agent_tiny,1,62760,523,1,100,100,2,0,True,76.13343811035156,8.0,8.0,1.0,0.6,0.13849118911700012,15,0.21666666666666667,0.0,0,0,0.0,1,120,21,63,42,0.008333333333333333
stage1a_single_agent_tiny,1,62880,524,1,100,100,2,0,True,53.640140533447266,8.0,8.0,0.0,0.56,0.2723324244376272,16,0.3333333333333333,0.0,0,0,0.0,1,120,32,-1,-1,0.0
stage1a_single_agent_tiny,1,63000,525,1,100,100,2,0,True,68.70531463623047,6.0,6.0,1.0,0.6,0.1620223872140438,12,0.24166666666666667,0.0,0,0,0.0,1,120,47,110,63,0.008333333333333333
stage1a_single_agent_tiny,1,63120,526,1,100,100,2,0,True,161.3900604248047,14.0,14.0,2.0,0.6,0.025646792414287727,6,0.18333333333333332,0.0,0,0,0.0,1,120,7,24,17,0.016666666666666666
stage1a_single_agent_tiny,1,63240,527,1,100,100,2,0,True,40.74089050292969,7.0,7.0,0.0,0.64,0.1810681834584102,12,0.275,0.0,0,0,0.0,1,120,23,-1,-1,0.0
stage1a_single_agent_tiny,1,63360,528,1,100,100,2,0,True,47.036712646484375,8.0,8.0,0.0,0.6,0.21744334005052224,10,0.2833333333333333,0.0,0,0,0.0,1,120,9,-1,-1,0.0
stage1a_single_agent_tiny,1,63480,529,1,100,100,2,0,True,60.446319580078125,9.0,9.0,0.0,0.6,0.15824021513108164,12,0.35,0.0,0,0,0.0,1,120,7,-1,-1,0.0
stage1a_single_agent_tiny,1,63600,530,1,100,100,2,0,True,41.18740463256836,7.0,7.0,0.0,0.64,0.24129007552207138,14,0.16666666666666666,0.0,0,0,0.0,1,120,14,-1,-1,0.0
stage1a_single_agent_tiny,1,63720,531,1,100,100,2,0,True,76.11891174316406,11.0,11.0,0.0,0.56,0.14083925204661984,16,0.26666666666666666,0.0,0,0,0.0,1,120,22,-1,-1,0.0
stage1a_single_agent_tiny,1,63840,532,1,100,100,2,0,True,40.30103302001953,6.0,6.0,0.0,0.56,0.09559140437825893,16,0.25833333333333336,0.0,0,0,0.0,1,120,21,-1,-1,0.0
stage1a_single_agent_tiny,1,63960,533,1,100,100,2,0,True,56.72610092163086,9.0,9.0,0.0,0.6,0.19769614808028563,22,0.24166666666666667,0.0,0,0,0.0,1,120,18,-1,-1,0.0
stage1a_single_agent_tiny,1,64080,534,1,100,100,2,0,True,62.42266845703125,5.0,5.0,1.0,0.48,0.18095899362039441,33,0.3416666666666667,0.0,1,0,7.0,1,120,59,73,14,0.008333333333333333
stage1a_single_agent_tiny,1,64200,535,1,100,100,2,0,True,24.82895851135254,5.0,5.0,0.0,0.64,0.13164911854352493,23,0.25,0.0,0,0,0.0,1,120,43,-1,-1,0.0
stage1a_single_agent_tiny,1,64320,536,1,100,100,2,0,True,30.873394012451172,5.0,5.0,0.0,0.48,0.14397384563150506,27,0.35,0.0,0,0,0.0,1,120,22,-1,-1,0.0
stage1a_single_agent_tiny,1,64440,537,1,100,100,2,0,True,58.39738845825195,9.0,9.0,0.0,0.64,0.1444651828050458,23,0.3,0.0,1,0,9.0,1,120,7,-1,-1,0.0
stage1a_single_agent_tiny,1,64560,538,1,100,100,2,0,True,33.81903076171875,6.0,6.0,0.0,0.44,0.1912691526580602,29,0.44166666666666665,0.0,1,0,10.0,1,120,12,-1,-1,0.0
stage1a_single_agent_tiny,1,64680,539,1,100,100,2,0,True,95.28878784179688,14.0,14.0,0.0,0.56,0.13204606709380945,27,0.35,0.0,0,0,0.0,1,120,4,-1,-1,0.0
stage1a_single_agent_tiny,1,64800,540,1,100,100,2,0,True,50.07233428955078,7.0,7.0,0.0,0.4,0.16700639221041153,24,0.4083333333333333,0.0,0,0,0.0,1,120,4,-1,-1,0.0
stage1a_single_agent_tiny,1,64920,541,1,100,100,2,0,True,12.866652488708496,2.0,2.0,0.0,0.56,0.09709568872155311,24,0.3333333333333333,0.0,0,0,0.0,1,120,45,-1,-1,0.0
stage1a_single_agent_tiny,1,65040,542,1,100,100,2,0,True,47.06946563720703,7.0,7.0,0.0,0.56,0.15865523136647727,18,0.3333333333333333,0.0,0,0,0.0,1,120,38,-1,-1,0.0
stage1a_single_agent_tiny,1,65160,543,1,100,100,2,0,True,82.29246520996094,9.0,9.0,1.0,0.6,0.1122862359470067,13,0.225,0.0,0,0,0.0,1,120,6,84,78,0.008333333333333333
stage1a_single_agent_tiny,1,65280,544,1,100,100,2,0,True,92.25206756591797,13.0,13.0,0.0,0.56,0.1008966754268234,14,0.26666666666666666,0.0,0,0,0.0,1,120,3,-1,-1,0.0
stage1a_single_agent_tiny,1,65400,545,1,100,100,2,0,True,22.50089454650879,4.0,4.0,0.0,0.52,0.15544355767002951,21,0.31666666666666665,0.0,0,0,0.0,1,120,24,-1,-1,0.0
stage1a_single_agent_tiny,1,65520,546,1,100,100,2,0,True,59.92072296142578,9.0,9.0,0.0,0.52,0.11918906611390412,12,0.2833333333333333,0.0,0,0,0.0,1,120,26,-1,-1,0.0
stage1a_single_agent_tiny,1,65640,547,1,100,100,2,0,True,73.90557098388672,11.0,11.0,0.0,0.52,0.16407135509653017,28,0.2833333333333333,0.0,0,0,0.0,1,120,9,-1,-1,0.0
stage1a_single_agent_tiny,1,65760,548,1,100,100,2,0,True,72.59400939941406,11.0,11.0,0.0,0.48,0.19732663375228487,26,0.375,0.0,0,0,0.0,1,120,28,-1,-1,0.0
stage1a_single_agent_tiny,1,65880,549,1,100,100,2,0,True,33.66533279418945,5.0,5.0,0.0,0.56,0.19051316349456707,30,0.375,0.0,1,0,0.0,1,120,5,-1,-1,0.0
stage1a_single_agent_tiny,1,66000,550,1,100,100,2,0,True,86.07384490966797,5.0,5.0,2.0,0.48,0.2167397668294143,25,0.3416666666666667,0.0,1,0,7.0,1,120,31,31,0,0.016666666666666666
stage1a_single_agent_tiny,1,66120,551,1,100,100,2,0,True,83.2690658569336,8.0,8.0,1.0,0.6,0.13505470389015198,18,0.30833333333333335,0.0,0,0,0.0,1,120,4,96,92,0.008333333333333333
stage1a_single_agent_tiny,1,66240,552,1,100,100,2,0,True,41.630340576171875,7.0,7.0,0.0,0.56,0.2604711265002455,32,0.4166666666666667,0.0,0,0,0.0,1,120,30,-1,-1,0.0
stage1a_single_agent_tiny,1,66360,553,1,100,100,2,0,True,1.8669869899749756,1.0,1.0,0.0,0.52,0.24709268037695437,48,0.4,0.0,1,0,7.0,1,120,113,-1,-1,0.0
stage1a_single_agent_tiny,1,66480,554,1,100,100,2,0,True,67.89629364013672,5.0,5.0,1.0,0.56,0.23127448719460517,26,0.43333333333333335,0.0,3,0,8.333333333333334,1,120,18,48,30,0.008333333333333333
stage1a_single_agent_tiny,1,66600,555,1,100,100,2,0,True,73.32957458496094,6.0,6.0,1.0,0.52,0.2410421443171799,37,0.36666666666666664,0.0,0,0,0.0,1,120,64,77,13,0.008333333333333333
stage1a_single_agent_tiny,1,66720,556,1,100,100,2,0,True,71.93059539794922,10.0,10.0,0.0,0.48,0.26645148258830886,44,0.425,0.0,0,0,0.0,1,120,12,-1,-1,0.0
stage1a_single_agent_tiny,1,66840,557,1,100,100,2,0,True,83.29679870605469,8.0,8.0,1.0,0.56,0.15934991415900487,18,0.35833333333333334,0.0,0,0,0.0,1,120,19,104,85,0.008333333333333333
stage1a_single_agent_tiny,1,66960,558,1,100,100,2,0,True,91.37014770507812,9.0,9.0,1.0,0.6,0.12323093019076622,23,0.24166666666666667,0.0,0,0,0.0,1,120,23,120,97,0.008333333333333333
stage1a_single_agent_tiny,1,67080,559,1,100,100,2,0,True,66.1502914428711,10.0,10.0,0.0,0.56,0.1325506400161733,25,0.35833333333333334,0.0,1,0,7.0,1,120,17,-1,-1,0.0
stage1a_single_agent_tiny,1,67200,560,1,100,100,2,0,True,22.901268005371094,4.0,4.0,0.0,0.56,0.09901023347241183,18,0.2833333333333333,0.0,0,0,0.0,1,120,29,-1,-1,0.0
stage1a_single_agent_tiny,1,67320,561,1,100,100,2,0,True,31.895559310913086,5.0,5.0,0.0,0.52,0.24504715053675075,38,0.4,0.0,0,0,0.0,1,120,14,-1,-1,0.0
stage1a_single_agent_tiny,1,67440,562,1,100,100,2,0,True,100.79550170898438,10.0,10.0,1.0,0.6,0.13889743487040201,12,0.25,0.0,1,0,7.0,1,120,12,102,90,0.008333333333333333
stage1a_single_agent_tiny,1,67560,563,1,100,100,2,0,True,83.95987701416016,12.0,12.0,0.0,0.48,0.16691889635112603,26,0.35833333333333334,0.0,0,0,0.0,1,120,10,-1,-1,0.0
stage1a_single_agent_tiny,1,67680,564,1,100,100,2,0,True,48.92921829223633,8.0,8.0,0.0,0.6,0.0957968611192579,19,0.3,0.0,0,0,0.0,1,120,13,-1,-1,0.0
stage1a_single_agent_tiny,1,67800,565,1,100,100,2,0,True,53.558624267578125,8.0,8.0,0.0,0.56,0.1019730639954408,11,0.38333333333333336,0.0,1,0,7.0,1,120,19,-1,-1,0.0
stage1a_single_agent_tiny,1,67920,566,1,100,100,2,0,True,23.567216873168945,4.0,4.0,0.0,0.52,0.18058399305834125,22,0.5416666666666666,0.0,4,0,8.0,1,120,11,-1,-1,0.0
stage1a_single_agent_tiny,1,68040,567,1,100,100,2,0,True,30.696712493896484,5.0,5.0,0.0,0.56,0.0,0,0.2,0.0,0,0,0.0,1,120,30,-1,-1,0.0
stage1a_single_agent_tiny,1,68160,568,1,100,100,2,0,True,94.53156280517578,6.0,6.0,2.0,0.64,0.08429603884772709,4,0.20833333333333334,0.0,0,0,0.0,1,120,18,18,0,0.016666666666666666
stage1a_single_agent_tiny,1,68280,569,1,100,100,2,0,True,112.16804504394531,12.0,12.0,1.0,0.6,0.1671911663521314,10,0.225,0.0,0,0,0.0,1,120,9,99,90,0.008333333333333333
stage1a_single_agent_tiny,1,68400,570,1,100,100,2,0,True,30.9194278717041,5.0,5.0,0.0,0.6,0.130512471551386,8,0.4083333333333333,0.0,1,0,7.0,1,120,20,-1,-1,0.0
stage1a_single_agent_tiny,1,68520,571,1,100,100,2,0,True,81.83334350585938,8.0,8.0,1.0,0.64,0.11361264288425446,8,0.24166666666666667,0.0,0,0,0.0,1,120,4,116,112,0.008333333333333333
stage1a_single_agent_tiny,1,68640,572,1,100,100,2,0,True,149.90933227539062,12.0,12.0,2.0,0.56,0.1524094408727251,5,0.3,0.0,2,0,7.0,1,120,12,42,30,0.016666666666666666
stage1a_single_agent_tiny,1,68760,573,1,100,100,2,0,True,24.482038497924805,4.0,4.0,0.0,0.64,0.06791509461278716,6,0.3416666666666667,0.0,1,0,7.0,1,120,20,-1,-1,0.0
stage1a_single_agent_tiny,1,68880,574,1,100,100,2,0,True,62.46084976196289,9.0,9.0,0.0,0.64,0.15302610350966764,8,0.39166666666666666,0.0,1,0,9.0,1,120,21,-1,-1,0.0
stage1a_single_agent_tiny,1,69000,575,1,100,100,2,0,True,41.609195709228516,6.0,6.0,0.0,0.4,0.08530444250791333,10,0.55,0.0,2,0,9.0,1,120,15,-1,-1,0.0
stage1a_single_agent_tiny,1,69120,576,1,100,100,2,0,True,14.764209747314453,3.0,3.0,0.0,0.6,0.11805950394676377,8,0.4166666666666667,0.0,2,0,7.0,1,120,61,-1,-1,0.0
stage1a_single_agent_tiny,1,69240,577,1,100,100,2,0,True,36.628055572509766,5.0,5.0,0.0,0.48,0.17468393908347934,22,0.475,0.0,0,0,0.0,1,120,24,-1,-1,0.0
stage1a_single_agent_tiny,1,69360,578,1,100,100,2,0,True,64.012939453125,9.0,9.0,0.0,0.52,0.14165869393230726,14,0.4583333333333333,0.0,2,0,10.5,1,120,30,-1,-1,0.0
stage1a_single_agent_tiny,1,69480,579,1,100,100,2,0,True,23.124372482299805,5.0,5.0,0.0,0.56,0.06948190440889448,15,0.30833333333333335,0.0,1,0,7.0,2,120,12,-1,-1,0.0
stage1a_single_agent_tiny,1,69600,580,1,100,100,2,0,True,57.59260940551758,8.0,8.0,0.0,0.52,0.231628321208215,13,0.39166666666666666,0.0,2,0,7.0,1,120,4,-1,-1,0.0
stage1a_single_agent_tiny,1,69720,581,1,100,100,2,0,True,81.41549682617188,7.0,7.0,1.0,0.48,0.3845328030108552,12,0.4,0.0,1,0,7.0,1,120,5,74,69,0.008333333333333333
stage1a_single_agent_tiny,1,69840,582,1,100,100,2,0,True,147.6627960205078,8.0,8.0,3.0,0.6,0.07814749483950437,2,0.45,0.0,2,0,7.0,1,120,23,29,6,0.025
stage1a_single_agent_tiny,1,69960,583,1,100,100,2,0,True,44.61265563964844,6.0,6.0,0.0,0.52,0.17468583462177775,16,0.5416666666666666,0.0,3,0,9.0,1,120,3,-1,-1,0.0
stage1a_single_agent_tiny,1,70080,584,1,100,100,2,0,True,7.993825435638428,2.0,2.0,0.0,0.52,0.03746927544319381,4,0.475,0.0,1,0,7.0,1,120,85,-1,-1,0.0
stage1a_single_agent_tiny,1,70200,585,1,100,100,2,0,True,36.86003112792969,6.0,6.0,0.0,0.56,0.07133284552449672,8,0.325,0.0,2,0,3.0,1,120,3,-1,-1,0.0
stage1a_single_agent_tiny,1,70320,586,1,100,100,2,0,True,38.58522415161133,6.0,6.0,0.0,0.6,0.08731397081282921,4,0.375,0.0,0,0,0.0,1,120,9,-1,-1,0.0
stage1a_single_agent_tiny,1,70440,587,1,100,100,2,0,True,40.032840728759766,6.0,6.0,0.0,0.48,0.19210486012355735,21,0.5166666666666667,0.0,2,0,10.0,1,120,12,-1,-1,0.0
stage1a_single_agent_tiny,1,70560,588,1,100,100,2,0,True,81.1756591796875,7.0,7.0,1.0,0.52,0.0696961133585622,8,0.45,0.0,0,0,0.0,1,120,2,10,8,0.008333333333333333
stage1a_single_agent_tiny,1,70680,589,1,100,100,2,0,True,18.208255767822266,3.0,3.0,0.0,0.48,0.23792538277921266,12,0.4166666666666667,0.0,1,0,7.0,1,120,75,-1,-1,0.0
stage1a_single_agent_tiny,1,70800,590,1,100,100,2,0,True,0.579666793346405,1.0,1.0,0.0,0.64,0.14076898103036609,8,0.30833333333333335,0.0,0,0,0.0,1,120,79,-1,-1,0.0
stage1a_single_agent_tiny,1,70920,591,1,100,100,2,0,True,43.06756591796875,6.0,6.0,0.0,0.44,0.08716553821383664,7,0.5416666666666666,0.0,0,0,0.0,1,120,31,-1,-1,0.0
stage1a_single_agent_tiny,1,71040,592,1,100,100,2,0,True,68.88739776611328,6.0,6.0,1.0,0.56,0.19654346618432708,14,0.39166666666666666,0.0,0,0,0.0,1,120,5,51,46,0.008333333333333333
stage1a_single_agent_tiny,1,71160,593,1,100,100,2,0,True,13.548989295959473,3.0,3.0,0.0,0.56,0.04315679979044944,4,0.4,0.0,1,0,7.0,1,120,17,-1,-1,0.0
stage1a_single_agent_tiny,1,71280,594,1,100,100,2,0,True,45.0594367980957,7.0,7.0,0.0,0.52,0.14901004309843605,16,0.44166666666666665,0.0,0,0,0.0,1,120,15,-1,-1,0.0
stage1a_single_agent_tiny,1,71400,595,1,100,100,2,0,True,54.899070739746094,5.0,5.0,1.0,0.52,0.07932671275921166,8,0.39166666666666666,0.0,0,0,0.0,1,120,37,37,0,0.008333333333333333
stage1b_single_agent_obstacles,2,71648,596,1,420,320,2,2,True,31.375226974487305,4.0,4.0,0.0,0.1111111111111111,0.06643707870018922,10,0.45,0.0,0,0,0.0,0,220,80,-1,-1,0.0
stage1b_single_agent_obstacles,2,71868,597,1,420,320,2,2,True,6.752353668212891,1.0,1.0,0.0,0.12301587301587301,0.18852297521159264,30,0.5409090909090909,0.0,2,0,8.0,0,220,218,-1,-1,0.0
stage1b_single_agent_obstacles,2,72088,598,1,420,320,2,2,True,-46.50774002075195,0.0,0.0,0.0,0.0873015873015873,0.45441610929662024,76,0.5636363636363636,0.0,4,0,9.0,1,220,-1,-1,-1,0.0
stage1b_single_agent_obstacles,2,72308,599,1,420,320,2,2,True,-18.866031646728516,2.0,2.0,0.0,0.11904761904761904,0.3706503175667339,60,0.509090909090909,0.0,5,0,8.6,1,220,37,-1,-1,0.0
stage1b_single_agent_obstacles,2,72528,600,1,420,320,2,2,True,-9.960012435913086,0.0,0.0,0.0,0.14682539682539683,0.1293617584684398,30,0.4954545454545455,0.0,3,0,7.0,1,220,-1,-1,-1,0.0
stage1b_single_agent_obstacles,2,72748,601,1,420,320,2,2,True,-0.9087485671043396,2.0,2.0,0.0,0.15476190476190477,0.2282950013505549,41,0.5272727272727272,0.0,1,0,9.0,1,220,57,-1,-1,0.0
stage1b_single_agent_obstacles,2,72968,602,1,420,320,2,2,True,-19.697237014770508,1.0,1.0,0.0,0.11904761904761904,0.25627246682997795,31,0.5727272727272728,0.0,3,0,7.0,2,220,55,-1,-1,0.0
stage1b_single_agent_obstacles,2,73188,603,1,420,320,2,2,True,-3.7986927032470703,2.0,2.0,0.0,0.13095238095238096,0.11827391472920268,16,0.509090909090909,0.0,4,0,10.0,1,220,63,-1,-1,0.0
stage1b_single_agent_obstacles,2,73408,604,1,420,320,2,2,True,-9.402888298034668,0.0,0.0,0.0,0.16666666666666666,0.17575896755601703,18,0.5136363636363637,0.0,4,0,8.0,1,220,-1,-1,-1,0.0
stage1b_single_agent_obstacles,2,73628,605,1,420,320,2,2,True,-10.445384979248047,0.0,0.0,0.0,0.09523809523809523,0.2808010735665448,39,0.6318181818181818,0.0,5,0,9.8,1,220,-1,-1,-1,0.0
stage1b_single_agent_obstacles,2,73848,606,1,420,320,2,2,True,-10.0565824508667,0.0,0.0,0.0,0.0992063492063492,0.1008040570653975,9,0.6,0.0,3,0,8.333333333333334,1,220,-1,-1,-1,0.0
stage1b_single_agent_obstacles,2,74068,607,1,420,320,2,2,True,-33.97437286376953,0.0,0.0,0.0,0.09126984126984126,0.09206528701470233,10,0.3,0.0,0,0,0.0,1,220,-1,-1,-1,0.0
stage1b_single_agent_obstacles,2,74288,608,1,420,320,2,2,True,-22.093095779418945,0.0,0.0,0.0,0.07539682539682539,0.17616177202541042,22,0.5,0.0,4,0,5.5,1,220,-1,-1,-1,0.0
stage1b_single_agent_obstacles,2,74508,609,1,420,320,2,2,True,-7.352575778961182,0.0,0.0,0.0,0.19444444444444445,0.04181445691607554,10,0.42727272727272725,0.0,0,0,0.0,1,220,-1,-1,-1,0.0
stage1b_single_agent_obstacles,2,74728,610,1,420,320,2,2,True,3.293225049972534,1.0,1.0,0.0,0.15476190476190477,0.20141218735159122,42,0.41363636363636364,0.0,4,0,9.0,1,220,96,-1,-1,0.0
stage1b_single_agent_obstacles,2,74948,611,1,420,320,2,2,True,-23.77959442138672,0.0,0.0,0.0,0.06746031746031746,0.30829954956954514,52,0.5818181818181818,0.0,3,0,8.0,1,220,-1,-1,-1,0.0
stage1b_single_agent_obstacles,2,75168,612,1,420,320,2,2,True,6.395855903625488,1.0,1.0,0.0,0.1984126984126984,0.01577862812290815,4,0.15454545454545454,0.0,1,0,9.0,1,220,77,-1,-1,0.0
stage1b_single_agent_obstacles,2,75388,613,1,420,320,2,2,True,0.38035905361175537,0.0,0.0,0.0,0.10714285714285714,0.014883145220069723,2,0.05,0.0,1,0,7.0,0,220,-1,-1,-1,0.0
stage1b_single_agent_obstacles,2,75608,614,1,420,320,2,2,True,-13.7383451461792,0.0,0.0,0.0,0.14285714285714285,0.03162148686295206,4,0.06363636363636363,0.0,0,0,0.0,1,220,-1,-1,-1,0.0
stage1b_single_agent_obstacles,2,75828,615,1,420,320,2,2,True,-4.585719108581543,0.0,0.0,0.0,0.12301587301587301,0.031435127048329875,2,0.013636363636363636,0.0,0,0,0.0,1,220,-1,-1,-1,0.0
stage1b_single_agent_obstacles,2,76048,616,1,420,320,2,2,True,-3.7081568241119385,2.0,2.0,0.0,0.1865079365079365,0.02705941035158255,2,0.1318181818181818,0.0,0,0,0.0,1,220,141,-1,-1,0.0
stage1b_single_agent_obstacles,2,76268,617,1,420,320,2,2,True,9.057516098022461,2.0,2.0,0.0,0.1746031746031746,0.016940094326326455,6,0.23636363636363636,0.0,0,0,0.0,1,220,8,-1,-1,0.0
stage1b_single_agent_obstacles,2,76488,618,1,420,320,2,2,True,1.4560030698776245,1.0,1.0,0.0,0.2222222222222222,0.0713256777772172,14,0.22272727272727272,0.0,0,0,0.0,1,220,134,-1,-1,0.0
stage1b_single_agent_obstacles,2,76708,619,1,420,320,2,2,True,-54.703731536865234,1.0,1.0,0.0,0.03968253968253968,0.28097185499712146,10,0.44545454545454544,0.0,2,0,9.0,1,220,6,-1,-1,0.0
stage1b_single_agent_obstacles,2,76928,620,1,420,320,2,2,True,0.30944252014160156,1.0,1.0,0.0,0.1349206349206349,0.0,0,0.04090909090909091,0.0,0,0,0.0,1,220,10,-1,-1,0.0
stage1b_single_agent_obstacles,2,77148,621,1,420,320,2,2,True,-1.7959212064743042,0.0,0.0,0.0,0.0992063492063492,0.0,0,0.01818181818181818,0.0,0,0,0.0,1,220,-1,-1,-1,0.0
stage1b_single_agent_obstacles,2,77368,622,1,420,320,2,2,True,-15.284158706665039,0.0,0.0,0.0,0.15079365079365079,0.08800099981758236,22,0.1590909090909091,0.0,1,0,7.0,1,220,-1,-1,-1,0.0
stage1b_single_agent_obstacles,2,77588,623,1,420,320,2,2,True,-2.77347731590271,1.0,1.0,0.0,0.13095238095238096,0.0,0,0.05909090909090909,0.0,0,0,0.0,1,220,195,-1,-1,0.0
stage1b_single_agent_obstacles,2,77808,624,1,420,320,2,2,True,-0.38009506464004517,1.0,1.0,0.0,0.14682539682539683,0.0,0,0.01818181818181818,0.0,0,0,0.0,1,220,113,-1,-1,0.0
stage1b_single_agent_obstacles,2,78028,625,1,420,320,2,2,True,-5.546721935272217,0.0,0.0,0.0,0.11904761904761904,0.20486518703295256,25,0.2409090909090909,0.0,1,0,9.0,1,220,-1,-1,-1,0.0
stage1b_single_agent_obstacles,2,78248,626,1,420,320,2,2,True,-8.51148509979248,0.0,0.0,0.0,0.13095238095238096,0.11792620086449791,14,0.17727272727272728,0.0,1,0,7.0,1,220,-1,-1,-1,0.0
stage1b_single_agent_obstacles,2,78468,627,1,420,320,2,2,True,-1.0946303606033325,2.0,2.0,0.0,0.12698412698412698,0.12029724936424331,21,0.16363636363636364,0.0,0,0,0.0,1,220,29,-1,-1,0.0
stage1b_single_agent_obstacles,2,78688,628,1,420,320,2,2,True,-21.570831298828125,1.0,1.0,0.0,0.11904761904761904,0.3652263234327124,61,0.509090909090909,0.0,4,0,8.25,1,220,5,-1,-1,0.0
stage1b_single_agent_obstacles,2,78908,629,1,420,320,2,2,True,-0.48409008979797363,0.0,0.0,0.0,0.0873015873015873,0.0,0,0.031818181818181815,0.0,0,0,0.0,0,220,-1,-1,-1,0.0
stage1b_single_agent_obstacles,2,79128,630,1,420,320,2,2,True,-2.5672826766967773,1.0,1.0,0.0,0.15476190476190477,0.040070935190570624,10,0.12272727272727273,0.0,0,0,0.0,1,220,147,-1,-1,0.0
stage1b_single_agent_obstacles,2,79348,631,1,420,320,2,2,True,5.134157180786133,1.0,1.0,0.0,0.15079365079365079,0.20048894563753328,32,0.36818181818181817,0.0,2,0,9.0,1,220,89,-1,-1,0.0
stage1b_single_agent_obstacles,2,79568,632,1,420,320,2,2,True,-6.582734107971191,0.0,0.0,0.0,0.10317460317460317,0.23282243396917526,30,0.21818181818181817,0.0,3,0,7.0,1,220,-1,-1,-1,0.0
stage1b_single_agent_obstacles,2,79788,633,1,420,320,2,2,True,-3.315028429031372,0.0,0.0,0.0,0.11904761904761904,0.08490277486218309,8,0.045454545454545456,0.0,0,0,0.0,1,220,-1,-1,-1,0.0
stage1b_single_agent_obstacles,2,80008,634,1,420,320,2,2,True,8.316099166870117,2.0,2.0,0.0,0.15476190476190477,0.0,0,0.00909090909090909,0.0,0,0,0.0,1,220,6,-1,-1,0.0
stage1b_single_agent_obstacles,2,80228,635,1,420,320,2,2,True,-8.915079116821289,1.0,1.0,0.0,0.18253968253968253,0.06174736858599565,4,0.09545454545454546,0.0,0,0,0.0,1,220,137,-1,-1,0.0
stage1b_single_agent_obstacles,2,80448,636,1,420,320,2,2,True,-4.787016868591309,0.0,0.0,0.0,0.0992063492063492,0.058045359429987994,2,0.04090909090909091,0.0,0,0,0.0,1,220,-1,-1,-1,0.0
stage1b_single_agent_obstacles,2,80668,637,1,420,320,2,2,True,-2.9177472591400146,0.0,0.0,0.0,0.09523809523809523,0.0,0,0.00909090909090909,0.0,0,0,0.0,1,220,-1,-1,-1,0.0
stage1b_single_agent_obstacles,2,80888,638,1,420,320,2,2,True,-7.185593128204346,0.0,0.0,0.0,0.10317460317460317,0.029863798969679257,4,0.05454545454545454,0.0,0,0,0.0,1,220,-1,-1,-1,0.0
stage1b_single_agent_obstacles,2,81108,639,1,420,320,2,2,True,-4.853087902069092,0.0,0.0,0.0,0.08333333333333333,0.0,0,0.013636363636363636,0.0,0,0,0.0,1,220,-1,-1,-1,0.0
stage1b_single_agent_obstacles,2,81328,640,1,420,320,2,2,True,-1.1951770782470703,0.0,0.0,0.0,0.0873015873015873,0.0387458836405792,2,0.031818181818181815,0.0,0,0,0.0,1,220,-1,-1,-1,0.0
stage1b_single_agent_obstacles,2,81548,641,1,420,320,2,2,True,-0.4407426118850708,0.0,0.0,0.0,0.09523809523809523,0.030685764601962134,2,0.01818181818181818,0.0,0,0,0.0,0,220,-1,-1,-1,0.0
stage1b_single_agent_obstacles,2,81768,642,1,420,320,2,2,True,-45.427669525146484,0.0,0.0,0.0,0.19444444444444445,0.07136544113587165,10,0.19545454545454546,0.0,0,0,0.0,1,220,-1,-1,-1,0.0
stage1b_single_agent_obstacles,2,81988,643,1,420,320,2,2,True,-13.66170883178711,0.0,0.0,0.0,0.10714285714285714,0.02385975202672522,4,0.06363636363636363,0.0,0,0,0.0,1,220,-1,-1,-1,0.0
stage1b_single_agent_obstacles,2,82208,644,1,420,320,2,2,True,-9.369904518127441,0.0,0.0,0.0,0.07936507936507936,0.0,0,0.04090909090909091,0.0,0,0,0.0,1,220,-1,-1,-1,0.0
stage1b_single_agent_obstacles,2,82428,645,1,420,320,2,2,True,0.8347288966178894,0.0,0.0,0.0,0.05952380952380952,0.0,0,0.004545454545454545,0.0,0,0,0.0,0,220,-1,-1,-1,0.0
stage1b_single_agent_obstacles,2,82648,646,1,420,320,2,2,True,-1.5945308208465576,0.0,0.0,0.0,0.0873015873015873,0.10116788476112891,8,0.07727272727272727,0.0,1,0,7.0,0,220,-1,-1,-1,0.0
stage1b_single_agent_obstacles,2,82868,647,1,420,320,2,2,True,-4.880000114440918,0.0,0.0,0.0,0.07142857142857142,0.0,0,0.00909090909090909,0.0,0,0,0.0,1,220,-1,-1,-1,0.0
stage1b_single_agent_obstacles,2,83088,648,1,420,320,2,2,True,-0.1371644139289856,1.0,1.0,0.0,0.0992063492063492,0.0003012357787652449,2,0.031818181818181815,0.0,0,0,0.0,1,220,6,-1,-1,0.0
stage1b_single_agent_obstacles,2,83308,649,1,420,320,2,2,True,12.769344329833984,2.0,2.0,0.0,0.06746031746031746,0.0,0,0.01818181818181818,0.0,0,0,0.0,1,220,128,-1,-1,0.0
stage1b_single_agent_obstacles,2,83528,650,1,420,320,2,2,True,-3.7434897422790527,0.0,0.0,0.0,0.07142857142857142,0.0,0,0.02727272727272727,0.0,0,0,0.0,1,220,-1,-1,-1,0.0
stage1b_single_agent_obstacles,2,83748,651,1,420,320,2,2,True,-4.851263046264648,0.0,0.0,0.0,0.06349206349206349,0.07037118981507691,2,0.013636363636363636,0.0,0,0,0.0,1,220,-1,-1,-1,0.0
stage1b_single_agent_obstacles,2,83968,652,1,420,320,2,2,True,-18.13705825805664,0.0,0.0,0.0,0.10714285714285714,0.0638016648251902,2,0.04090909090909091,0.0,0,0,0.0,2,220,-1,-1,-1,0.0
stage1b_single_agent_obstacles,2,84188,653,1,420,320,2,2,True,-6.963517665863037,0.0,0.0,0.0,0.11507936507936507,0.0,0,0.013636363636363636,0.0,0,0,0.0,1,220,-1,-1,-1,0.0
stage1b_single_agent_obstacles,2,84408,654,1,420,320,2,2,True,-4.776937007904053,0.0,0.0,0.0,0.10317460317460317,0.03054797246374867,2,0.06363636363636363,0.0,1,0,7.0,1,220,-1,-1,-1,0.0
stage1b_single_agent_obstacles,2,84628,655,1,420,320,2,2,True,-0.3243968188762665,0.0,0.0,0.0,0.0873015873015873,0.0,0,0.004545454545454545,0.0,0,0,0.0,0,220,-1,-1,-1,0.0
stage1b_single_agent_obstacles,2,84848,656,1,420,320,2,2,True,-27.527463912963867,0.0,0.0,0.0,0.11507936507936507,0.02802961573682048,2,0.08636363636363636,0.0,0,0,0.0,1,220,-1,-1,-1,0.0
stage1b_single_agent_obstacles,2,85068,657,1,420,320,2,2,True,-25.920040130615234,0.0,0.0,0.0,0.06746031746031746,0.0,0,0.004545454545454545,0.0,0,0,0.0,1,220,-1,-1,-1,0.0
stage1b_single_agent_obstacles,2,85288,658,1,420,320,2,2,True,-13.636581420898438,0.0,0.0,0.0,0.17857142857142858,0.03404964058321308,6,0.1,0.0,0,0,0.0,1,220,-1,-1,-1,0.0
stage1b_single_agent_obstacles,2,85508,659,1,420,320,2,2,True,-6.463034152984619,0.0,0.0,0.0,0.09523809523809523,0.024950736989690497,3,0.03636363636363636,0.0,0,0,0.0,1,220,-1,-1,-1,0.0
stage1b_single_agent_obstacles,2,85728,660,1,420,320,2,2,True,-1.8399986028671265,0.0,0.0,0.0,0.08333333333333333,0.0,0,0.01818181818181818,0.0,0,0,0.0,0,220,-1,-1,-1,0.0
stage1b_single_agent_obstacles,2,85948,661,1,420,320,2,2,True,-26.582082748413086,0.0,0.0,0.0,0.12301587301587301,0.07845210835221224,6,0.15454545454545454,0.0,0,0,0.0,1,220,-1,-1,-1,0.0
stage1b_single_agent_obstacles,2,86168,662,1,420,320,2,2,True,-0.38449618220329285,0.0,0.0,0.0,0.07936507936507936,0.0,0,0.013636363636363636,0.0,0,0,0.0,0,220,-1,-1,-1,0.0
stage1b_single_agent_obstacles,2,86388,663,1,420,320,2,2,True,-1.7379709482192993,0.0,0.0,0.0,0.14682539682539683,0.015164471485398033,2,0.08181818181818182,0.0,0,0,0.0,1,220,-1,-1,-1,0.0
stage1b_single_agent_obstacles,2,86608,664,1,420,320,2,2,True,1.8662388324737549,2.0,2.0,0.0,0.15079365079365079,0.042183849414471876,12,0.18636363636363637,0.0,0,0,0.0,2,220,181,-1,-1,0.0
stage1b_single_agent_obstacles,2,86828,665,1,420,320,2,2,True,-10.648934364318848,1.0,1.0,0.0,0.12301587301587301,0.2095949348019944,41,0.4590909090909091,0.0,5,0,8.2,1,220,115,-1,-1,0.0
stage1b_single_agent_obstacles,2,87048,666,1,420,320,2,2,True,14.215871810913086,2.0,2.0,0.0,0.1388888888888889,0.0,0,0.16818181818181818,0.0,1,0,7.0,1,220,97,-1,-1,0.0
stage1b_single_agent_obstacles,2,87268,667,1,420,320,2,2,True,7.049354076385498,2.0,2.0,0.0,0.09523809523809523,0.01962442398706282,2,0.42272727272727273,0.0,4,0,10.0,1,220,100,-1,-1,0.0
stage1b_single_agent_obstacles,2,87488,668,1,420,320,2,2,True,19.170379638671875,3.0,3.0,0.0,0.16666666666666666,0.11330738599327478,10,0.17727272727272728,0.0,0,0,0.0,1,220,35,-1,-1,0.0
stage1b_single_agent_obstacles,2,87708,669,1,420,320,2,2,True,15.617895126342773,2.0,2.0,0.0,0.1626984126984127,0.02046960203654387,2,0.2545454545454545,0.0,2,0,8.0,0,220,28,-1,-1,0.0
stage1b_single_agent_obstacles,2,87928,670,1,420,320,2,2,True,-6.486506938934326,0.0,0.0,0.0,0.07142857142857142,0.40355827110734854,41,0.7545454545454545,0.0,8,0,10.0,1,220,-1,-1,-1,0.0
stage1b_single_agent_obstacles,2,88148,671,1,420,320,2,2,True,-10.574639320373535,0.0,0.0,0.0,0.06746031746031746,0.23798356545792723,32,0.6227272727272727,0.0,6,0,9.666666666666666,1,220,-1,-1,-1,0.0
stage1b_single_agent_obstacles,2,88368,672,1,420,320,2,2,True,-3.5756478309631348,1.0,1.0,0.0,0.1349206349206349,0.17622960068031468,45,0.4681818181818182,0.0,3,0,8.333333333333334,1,220,59,-1,-1,0.0
stage1b_single_agent_obstacles,2,88588,673,1,420,320,2,2,True,3.99017333984375,1.0,1.0,0.0,0.11507936507936507,0.18343712515938518,24,0.6954545454545454,0.0,9,0,8.777777777777779,1,220,61,-1,-1,0.0
stage1b_single_agent_obstacles,2,88808,674,1,420,320,2,2,True,12.887249946594238,2.0,2.0,0.0,0.13095238095238096,0.11946022761244834,14,0.5409090909090909,0.0,6,0,9.0,1,220,110,-1,-1,0.0
stage1b_single_agent_obstacles,2,89028,675,1,420,320,2,2,True,21.537574768066406,3.0,3.0,0.0,0.14682539682539683,0.08914230675224892,14,0.4318181818181818,0.0,5,0,9.4,1,220,22,-1,-1,0.0
stage1b_single_agent_obstacles,2,89248,676,1,420,320,2,2,True,5.290050029754639,1.0,1.0,0.0,0.15079365079365079,0.1413450373521879,28,0.4909090909090909,0.0,6,0,8.0,1,220,50,-1,-1,0.0
stage1b_single_agent_obstacles,2,89468,677,1,420,320,2,2,True,9.877848625183105,2.0,2.0,0.0,0.1746031746031746,0.13827993379620074,22,0.45454545454545453,0.0,5,0,8.2,1,220,79,-1,-1,0.0
stage1b_single_agent_obstacles,2,89688,678,1,420,320,2,2,True,10.518324851989746,2.0,2.0,0.0,0.15476190476190477,0.16431693224585614,48,0.5272727272727272,0.0,5,0,6.0,1,220,43,-1,-1,0.0
stage1b_single_agent_obstacles,2,89908,679,1,420,320,2,2,True,5.035767555236816,1.0,1.0,0.0,0.10714285714285714,0.21793705499731003,41,0.6409090909090909,0.0,4,0,8.0,1,220,150,-1,-1,0.0
stage1b_single_agent_obstacles,2,90128,680,1,420,320,2,2,True,0.7035512328147888,2.0,2.0,0.0,0.0992063492063492,0.24520990335520104,26,0.5409090909090909,0.0,2,0,3.5,1,220,18,-1,-1,0.0
stage1b_single_agent_obstacles,2,90348,681,1,420,320,2,2,True,5.266927719116211,1.0,1.0,0.0,0.15873015873015872,0.0,0,0.1409090909090909,0.0,0,0,0.0,1,220,211,-1,-1,0.0
stage1b_single_agent_obstacles,2,90568,682,1,420,320,2,2,True,-0.4089754521846771,2.0,2.0,0.0,0.0992063492063492,0.08514644614717161,21,0.5272727272727272,0.0,3,0,7.666666666666667,1,220,42,-1,-1,0.0
stage1b_single_agent_obstacles,2,90788,683,1,420,320,2,2,True,6.3626627922058105,1.0,1.0,0.0,0.1349206349206349,0.03494187024506656,2,0.14545454545454545,0.0,0,0,0.0,1,220,34,-1,-1,0.0
stage1b_single_agent_obstacles,2,91008,684,1,420,320,2,2,True,-5.40401029586792,0.0,0.0,0.0,0.05555555555555555,0.37038731227036226,14,0.7818181818181819,0.0,12,0,10.25,1,220,-1,-1,-1,0.0
stage1b_single_agent_obstacles,2,91228,685,1,420,320,2,2,True,-4.508281230926514,0.0,0.0,0.0,0.07539682539682539,0.36500805896833877,62,0.7,0.0,7,0,7.571428571428571,1,220,-1,-1,-1,0.0
stage1b_single_agent_obstacles,2,91448,686,1,420,320,2,2,True,39.900794982910156,5.0,5.0,0.0,0.14285714285714285,0.056295781876807185,6,0.29545454545454547,0.0,2,0,7.0,0,220,18,-1,-1,0.0
stage1b_single_agent_obstacles,2,91668,687,1,420,320,2,2,True,5.655665397644043,1.0,1.0,0.0,0.15079365079365079,0.09249274516689845,16,0.45,0.0,2,0,9.0,1,220,159,-1,-1,0.0
stage1b_single_agent_obstacles,2,91888,688,1,420,320,2,2,True,2.486215114593506,1.0,1.0,0.0,0.1111111111111111,0.3008393992902711,33,0.6227272727272727,0.0,8,0,9.5,1,220,198,-1,-1,0.0
stage1b_single_agent_obstacles,2,92108,689,1,420,320,2,2,True,8.434444427490234,2.0,2.0,0.0,0.0873015873015873,0.2841480633963577,26,0.7045454545454546,0.0,8,0,12.25,1,220,16,-1,-1,0.0
stage1b_single_agent_obstacles,2,92328,690,1,420,320,2,2,True,23.729711532592773,4.0,4.0,0.0,0.15079365079365079,0.09617590637962249,27,0.4772727272727273,0.0,2,0,9.0,1,220,41,-1,-1,0.0
stage1b_single_agent_obstacles,2,92548,691,1,420,320,2,2,True,-10.925586700439453,0.0,0.0,0.0,0.09523809523809523,0.24455514625561509,42,0.7181818181818181,0.0,10,0,9.8,1,220,-1,-1,-1,0.0
stage1b_single_agent_obstacles,2,92768,692,1,420,320,2,2,True,-2.343897819519043,1.0,1.0,0.0,0.06349206349206349,0.2979417447254739,22,0.6090909090909091,0.0,6,0,9.0,1,220,43,-1,-1,0.0
stage1b_single_agent_obstacles,2,92988,693,1,420,320,2,2,True,16.965957641601562,3.0,3.0,0.0,0.0873015873015873,0.17243275701237673,34,0.6090909090909091,0.0,9,0,10.555555555555555,1,220,14,-1,-1,0.0
stage1b_single_agent_obstacles,2,93208,694,1,420,320,2,2,True,16.7277889251709,2.0,2.0,0.0,0.1349206349206349,0.0,0,0.05454545454545454,0.0,0,0,0.0,0,220,16,-1,-1,0.0
stage1b_single_agent_obstacles,2,93428,695,1,420,320,2,2,True,-2.2689530849456787,1.0,1.0,0.0,0.12698412698412698,0.0003787878900766373,2,0.4636363636363636,0.0,5,0,10.2,1,220,35,-1,-1,0.0
stage1b_single_agent_obstacles,2,93648,696,1,420,320,2,2,True,-3.7978174686431885,1.0,1.0,0.0,0.09126984126984126,0.02752865558193827,8,0.6954545454545454,0.0,10,0,12.1,1,220,172,-1,-1,0.0
stage1b_single_agent_obstacles,2,93868,697,1,420,320,2,2,True,2.3801090717315674,1.0,1.0,0.0,0.10714285714285714,0.04462334022603252,2,0.6363636363636364,0.0,10,0,11.6,1,220,53,-1,-1,0.0
stage1b_single_agent_obstacles,2,94088,698,1,420,320,2,2,True,12.691812515258789,2.0,2.0,0.0,0.08333333333333333,0.1297890105115419,4,0.7181818181818181,0.0,12,0,11.916666666666666,0,220,45,-1,-1,0.0
stage1b_single_agent_obstacles,2,94308,699,1,420,320,2,2,True,-5.18000602722168,0.0,0.0,0.0,0.027777777777777776,0.0,0,0.9272727272727272,0.0,11,0,17.454545454545453,0,220,-1,-1,-1,0.0
stage1b_single_agent_obstacles,2,94528,700,1,420,320,2,2,True,2.4868476390838623,1.0,1.0,0.0,0.15079365079365079,0.0,0,0.4727272727272727,0.0,5,0,11.0,1,220,170,-1,-1,0.0
stage1b_single_agent_obstacles,2,94748,701,1,420,320,2,2,True,3.4253854751586914,1.0,1.0,0.0,0.08333333333333333,0.0,0,0.6863636363636364,0.0,8,0,11.625,1,220,72,-1,-1,0.0
stage1b_single_agent_obstacles,2,94968,702,1,420,320,2,2,True,12.015145301818848,2.0,2.0,0.0,0.07142857142857142,0.0,0,0.7818181818181819,0.0,8,0,19.75,0,220,29,-1,-1,0.0
stage1b_single_agent_obstacles,2,95188,703,1,420,320,2,2,True,4.075674057006836,1.0,1.0,0.0,0.10317460317460317,0.0003787878900766373,2,0.5409090909090909,0.0,6,0,9.333333333333334,1,220,55,-1,-1,0.0
stage1b_single_agent_obstacles,2,95408,704,1,420,320,2,2,True,-2.300983190536499,0.0,0.0,0.0,0.1388888888888889,0.0,0,0.10909090909090909,0.0,1,0,17.0,1,220,-1,-1,-1,0.0
stage1b_single_agent_obstacles,2,95628,705,1,420,320,2,2,True,-1.4924219846725464,1.0,1.0,0.0,0.19047619047619047,0.0,0,0.33636363636363636,0.0,2,0,8.0,1,220,179,-1,-1,0.0
stage1b_single_agent_obstacles,2,95848,706,1,420,320,2,2,True,22.552574157714844,3.0,3.0,0.0,0.15079365079365079,0.0,0,0.14545454545454545,0.0,0,0,0.0,1,220,132,-1,-1,0.0
stage1b_single_agent_obstacles,2,96068,707,1,420,320,2,2,True,-6.624611854553223,0.0,0.0,0.0,0.1746031746031746,0.0394662403141741,4,0.39545454545454545,0.0,4,0,10.5,1,220,-1,-1,-1,0.0
stage1b_single_agent_obstacles,2,96288,708,1,420,320,2,2,True,-2.7739975452423096,0.0,0.0,0.0,0.0873015873015873,0.023582545028660785,4,0.5,0.0,5,0,9.0,0,220,-1,-1,-1,0.0
stage1b_single_agent_obstacles,2,96508,709,1,420,320,2,2,True,-0.30903440713882446,0.0,0.0,0.0,0.15079365079365079,0.0,0,0.08636363636363636,0.0,1,0,7.0,0,220,-1,-1,-1,0.0
stage1b_single_agent_obstacles,2,96728,710,1,420,320,2,2,True,-0.827174723148346,0.0,0.0,0.0,0.12698412698412698,0.0,0,0.01818181818181818,0.0,0,0,0.0,0,220,-1,-1,-1,0.0
stage1b_single_agent_obstacles,2,96948,711,1,420,320,2,2,True,-0.8880228400230408,0.0,0.0,0.0,0.15873015873015872,0.0,0,0.05454545454545454,0.0,0,0,0.0,0,220,-1,-1,-1,0.0
stage1b_single_agent_obstacles,2,97168,712,1,420,320,2,2,True,1.5958964824676514,1.0,1.0,0.0,0.1388888888888889,0.0,0,0.09090909090909091,0.0,0,0,0.0,1,220,59,-1,-1,0.0
stage1b_single_agent_obstacles,2,97388,713,1,420,320,2,2,True,-0.0013735871762037277,0.0,0.0,0.0,0.07936507936507936,0.0,0,0.004545454545454545,0.0,0,0,0.0,0,220,-1,-1,-1,0.0
stage1b_single_agent_obstacles,2,97608,714,1,420,320,2,2,True,7.856341361999512,1.0,1.0,0.0,0.09126984126984126,0.043113201009956276,2,0.013636363636363636,0.0,0,0,0.0,0,220,17,-1,-1,0.0
stage1b_single_agent_obstacles,2,97828,715,1,420,320,2,2,True,-2.076369524002075,0.0,0.0,0.0,0.13095238095238096,0.0,0,0.06818181818181818,0.0,1,0,7.0,1,220,-1,-1,-1,0.0
stage1b_single_agent_obstacles,2,98048,716,1,420,320,2,2,True,-16.269878387451172,0.0,0.0,0.0,0.12698412698412698,0.06242068332873962,2,0.02727272727272727,0.0,0,0,0.0,1,220,-1,-1,-1,0.0
stage1b_single_agent_obstacles,2,98268,717,1,420,320,2,2,True,-1.331320881843567,1.0,1.0,0.0,0.15476190476190477,0.0005615497156130996,2,0.08181818181818182,0.0,0,0,0.0,1,220,98,-1,-1,0.0
stage1b_single_agent_obstacles,2,98488,718,1,420,320,2,2,True,6.9181599617004395,2.0,2.0,0.0,0.20238095238095238,0.0,0,0.1318181818181818,0.0,0,0,0.0,1,220,66,-1,-1,0.0
stage1b_single_agent_obstacles,2,98708,719,1,420,320,2,2,True,-7.171065330505371,1.0,1.0,0.0,0.09126984126984126,0.06254368152215399,6,0.2727272727272727,0.0,0,0,0.0,1,220,90,-1,-1,0.0
stage1b_single_agent_obstacles,2,98928,720,1,420,320,2,2,True,-0.906394362449646,0.0,0.0,0.0,0.11904761904761904,0.0,0,0.01818181818181818,0.0,0,0,0.0,0,220,-1,-1,-1,0.0
stage1b_single_agent_obstacles,2,99148,721,1,420,320,2,2,True,-0.19078132510185242,0.0,0.0,0.0,0.15079365079365079,0.0,0,0.045454545454545456,0.0,0,0,0.0,0,220,-1,-1,-1,0.0
stage1b_single_agent_obstacles,2,99368,722,1,420,320,2,2,True,-0.41058287024497986,0.0,0.0,0.0,0.12698412698412698,0.0,0,0.031818181818181815,0.0,0,0,0.0,0,220,-1,-1,-1,0.0
stage1b_single_agent_obstacles,2,99588,723,1,420,320,2,2,True,-1.9199985265731812,0.0,0.0,0.0,0.0992063492063492,0.0,0,0.05,0.0,1,0,7.0,0,220,-1,-1,-1,0.0
stage1b_single_agent_obstacles,2,99808,724,1,420,320,2,2,True,-4.976203918457031,0.0,0.0,0.0,0.08333333333333333,0.0,0,0.022727272727272728,0.0,0,0,0.0,1,220,-1,-1,-1,0.0
stage1b_single_agent_obstacles,2,100028,725,1,420,320,2,2,True,-1.8312761783599854,0.0,0.0,0.0,0.09126984126984126,0.0,0,0.004545454545454545,0.0,0,0,0.0,1,220,-1,-1,-1,0.0
stage1b_single_agent_obstacles,2,100248,726,1,420,320,2,2,True,-6.533479690551758,0.0,0.0,0.0,0.09523809523809523,0.0,0,0.00909090909090909,0.0,0,0,0.0,1,220,-1,-1,-1,0.0
stage1b_single_agent_obstacles,2,100468,727,1,420,320,2,2,True,-19.651731491088867,0.0,0.0,0.0,0.09523809523809523,0.04809093408350071,2,0.05,0.0,0,0,0.0,1,220,-1,-1,-1,0.0
stage1b_single_agent_obstacles,2,100688,728,1,420,320,2,2,True,0.6989022493362427,0.0,0.0,0.0,0.06746031746031746,0.0,0,0.004545454545454545,0.0,0,0,0.0,0,220,-1,-1,-1,0.0
stage1b_single_agent_obstacles,2,100908,729,1,420,320,2,2,True,-3.366243839263916,0.0,0.0,0.0,0.1626984126984127,0.0,0,0.08181818181818182,0.0,1,0,7.0,1,220,-1,-1,-1,0.0
stage1b_single_agent_obstacles,2,101128,730,1,420,320,2,2,True,4.551243782043457,1.0,1.0,0.0,0.12301587301587301,0.0,0,0.10454545454545454,0.0,0,0,0.0,1,220,105,-1,-1,0.0
stage1b_single_agent_obstacles,2,101348,731,1,420,320,2,2,True,5.774800777435303,2.0,2.0,0.0,0.12698412698412698,0.0,0,0.33181818181818185,0.0,1,0,7.0,1,220,89,-1,-1,0.0
stage1b_single_agent_obstacles,2,101568,732,1,420,320,2,2,True,-1.915969729423523,0.0,0.0,0.0,0.13095238095238096,0.01027618270071054,2,0.1,0.0,0,0,0.0,0,220,-1,-1,-1,0.0
stage1b_single_agent_obstacles,2,101788,733,1,420,320,2,2,True,-0.06879781186580658,0.0,0.0,0.0,0.17063492063492064,0.0,0,0.045454545454545456,0.0,0,0,0.0,0,220,-1,-1,-1,0.0
stage1b_single_agent_obstacles,2,102008,734,1,420,320,2,2,True,-9.50838851928711,0.0,0.0,0.0,0.1626984126984127,0.0,0,0.04090909090909091,0.0,0,0,0.0,1,220,-1,-1,-1,0.0
stage1b_single_agent_obstacles,2,102228,735,1,420,320,2,2,True,4.970972537994385,1.0,1.0,0.0,0.12301587301587301,0.0,0,0.1409090909090909,0.0,0,0,0.0,1,220,80,-1,-1,0.0
stage1b_single_agent_obstacles,2,102448,736,1,420,320,2,2,True,16.254127502441406,3.0,3.0,0.0,0.15079365079365079,0.021920874822800133,2,0.11818181818181818,0.0,1,0,7.0,1,220,74,-1,-1,0.0
stage1b_single_agent_obstacles,2,102668,737,1,420,320,2,2,True,14.210999488830566,2.0,2.0,0.0,0.12301587301587301,0.0,0,0.031818181818181815,0.0,0,0,0.0,1,220,150,-1,-1,0.0
stage1b_single_agent_obstacles,2,102888,738,1,420,320,2,2,True,-6.970197677612305,0.0,0.0,0.0,0.07539682539682539,0.16254750908648766,22,0.4590909090909091,0.0,4,0,6.75,1,220,-1,-1,-1,0.0
stage1b_single_agent_obstacles,2,103108,739,1,420,320,2,2,True,-1.8078738451004028,0.0,0.0,0.0,0.13095238095238096,0.05532337846657769,6,0.10454545454545454,0.0,0,0,0.0,0,220,-1,-1,-1,0.0
stage1b_single_agent_obstacles,2,103328,740,1,420,320,2,2,True,6.209988117218018,1.0,1.0,0.0,0.10317460317460317,0.05111393139020286,6,0.16363636363636364,0.0,0,0,0.0,0,220,56,-1,-1,0.0
stage1b_single_agent_obstacles,2,103548,741,1,420,320,2,2,True,-2.0675790309906006,0.0,0.0,0.0,0.12301587301587301,0.04367039498280395,6,0.12272727272727273,0.0,1,0,13.0,0,220,-1,-1,-1,0.0
stage1b_single_agent_obstacles,2,103768,742,1,420,320,2,2,True,-1.8399986028671265,0.0,0.0,0.0,0.10714285714285714,0.0,0,0.02727272727272727,0.0,0,0,0.0,0,220,-1,-1,-1,0.0
stage1b_single_agent_obstacles,2,103988,743,1,420,320,2,2,True,-1.7979613542556763,0.0,0.0,0.0,0.1111111111111111,0.03514780517328869,2,0.031818181818181815,0.0,0,0,0.0,0,220,-1,-1,-1,0.0
stage1b_single_agent_obstacles,2,104208,744,1,420,320,2,2,True,0.3308371603488922,1.0,1.0,0.0,0.15079365079365079,0.0,0,0.22727272727272727,0.0,0,0,0.0,1,220,21,-1,-1,0.0
stage1b_single_agent_obstacles,2,104428,745,1,420,320,2,2,True,-9.209376335144043,0.0,0.0,0.0,0.1388888888888889,0.05550683086568659,4,0.2863636363636364,0.0,1,0,11.0,1,220,-1,-1,-1,0.0
stage1b_single_agent_obstacles,2,104648,746,1,420,320,2,2,True,22.00369644165039,3.0,3.0,0.0,0.1349206349206349,0.0,0,0.01818181818181818,0.0,0,0,0.0,1,220,37,-1,-1,0.0
stage1b_single_agent_obstacles,2,104868,747,1,420,320,2,2,True,-1.679998755455017,0.0,0.0,0.0,0.15079365079365079,0.0,0,0.045454545454545456,0.0,0,0,0.0,0,220,-1,-1,-1,0.0
stage1b_single_agent_obstacles,2,105088,748,1,420,320,2,2,True,-1.7999986410140991,0.0,0.0,0.0,0.12301587301587301,0.0,0,0.04090909090909091,0.0,0,0,0.0,0,220,-1,-1,-1,0.0
stage1b_single_agent_obstacles,2,105308,749,1,420,320,2,2,True,1.1428343057632446,0.0,0.0,0.0,0.1111111111111111,0.0,0,0.004545454545454545,0.0,0,0,0.0,0,220,-1,-1,-1,0.0
stage1b_single_agent_obstacles,2,105528,750,1,420,320,2,2,True,-0.3693752884864807,0.0,0.0,0.0,0.08333333333333333,0.0,0,0.004545454545454545,0.0,0,0,0.0,0,220,-1,-1,-1,0.0
stage1b_single_agent_obstacles,2,105748,751,1,420,320,2,2,True,-3.3099985122680664,0.0,0.0,0.0,0.09523809523809523,0.0,0,0.031818181818181815,0.0,0,0,0.0,1,220,-1,-1,-1,0.0
stage1b_single_agent_obstacles,2,105968,752,1,420,320,2,2,True,-1.4533311128616333,1.0,1.0,0.0,0.09126984126984126,0.0,0,0.04090909090909091,0.0,0,0,0.0,1,220,59,-1,-1,0.0
stage1b_single_agent_obstacles,2,106188,753,1,420,320,2,2,True,-2.1582493782043457,0.0,0.0,0.0,0.0873015873015873,0.0,0,0.01818181818181818,0.0,0,0,0.0,1,220,-1,-1,-1,0.0
stage1b_single_agent_obstacles,2,106408,754,1,420,320,2,2,True,-1.885762095451355,0.0,0.0,0.0,0.07936507936507936,0.0,0,0.004545454545454545,0.0,0,0,0.0,1,220,-1,-1,-1,0.0
stage1b_single_agent_obstacles,2,106628,755,1,420,320,2,2,True,4.753138542175293,1.0,1.0,0.0,0.0992063492063492,0.0,0,0.004545454545454545,0.0,0,0,0.0,1,220,60,-1,-1,0.0
stage1b_single_agent_obstacles,2,106848,756,1,420,320,2,2,True,-24.703025817871094,0.0,0.0,0.0,0.06349206349206349,0.07569126811894504,2,0.045454545454545456,0.0,0,0,0.0,1,220,-1,-1,-1,0.0
stage1b_single_agent_obstacles,2,107068,757,1,420,320,2,2,True,-2.133974075317383,0.0,0.0,0.0,0.0873015873015873,0.0,0,0.004545454545454545,0.0,0,0,0.0,1,220,-1,-1,-1,0.0
stage1b_single_agent_obstacles,2,107288,758,1,420,320,2,2,True,-9.27351188659668,0.0,0.0,0.0,0.12698412698412698,0.05025124238295989,2,0.06818181818181818,0.0,1,0,9.0,1,220,-1,-1,-1,0.0
stage1b_single_agent_obstacles,2,107508,759,1,420,320,2,2,True,-22.866132736206055,0.0,0.0,0.0,0.11904761904761904,0.0,0,0.07727272727272727,0.0,0,0,0.0,1,220,-1,-1,-1,0.0
stage1b_single_agent_obstacles,2,107728,760,1,420,320,2,2,True,-3.29671573638916,0.0,0.0,0.0,0.0873015873015873,0.0,0,0.00909090909090909,0.0,0,0,0.0,1,220,-1,-1,-1,0.0
stage1b_single_agent_obstacles,2,107948,761,1,420,320,2,2,True,-2.2374439239501953,1.0,1.0,0.0,0.12698412698412698,0.0,0,0.06363636363636363,0.0,1,0,6.0,1,220,68,-1,-1,0.0
stage1b_single_agent_obstacles,2,108168,762,1,420,320,2,2,True,8.157906532287598,1.0,1.0,0.0,0.1111111111111111,0.0,0,0.031818181818181815,0.0,0,0,0.0,0,220,148,-1,-1,0.0
stage1b_single_agent_obstacles,2,108388,763,1,420,320,2,2,True,3.769329309463501,1.0,1.0,0.0,0.1349206349206349,0.0,0,0.08181818181818182,0.0,1,0,9.0,1,220,78,-1,-1,0.0
stage1b_single_agent_obstacles,2,108608,764,1,420,320,2,2,True,-3.3750317096710205,0.0,0.0,0.0,0.14285714285714285,0.020629565925760703,2,0.12272727272727273,0.0,0,0,0.0,1,220,-1,-1,-1,0.0
stage1b_single_agent_obstacles,2,108828,765,1,420,320,2,2,True,-1.8799985647201538,0.0,0.0,0.0,0.1111111111111111,0.0,0,0.004545454545454545,0.0,0,0,0.0,0,220,-1,-1,-1,0.0
stage1b_single_agent_obstacles,2,109048,766,1,420,320,2,2,True,-5.092844486236572,0.0,0.0,0.0,0.11904761904761904,0.0,0,0.00909090909090909,0.0,0,0,0.0,1,220,-1,-1,-1,0.0
stage1b_single_agent_obstacles,2,109268,767,1,420,320,2,2,True,-6.441003322601318,0.0,0.0,0.0,0.12301587301587301,0.04470122271979397,1,0.1409090909090909,0.0,0,0,0.0,1,220,-1,-1,-1,0.0
stage1b_single_agent_obstacles,2,109488,768,1,420,320,2,2,True,5.916029930114746,1.0,1.0,0.0,0.10714285714285714,0.0,0,0.06363636363636363,0.0,0,0,0.0,1,220,12,-1,-1,0.0
stage1b_single_agent_obstacles,2,109708,769,1,420,320,2,2,True,4.6840338706970215,1.0,1.0,0.0,0.1111111111111111,0.0,0,0.045454545454545456,0.0,1,0,7.0,1,220,51,-1,-1,0.0
stage1b_single_agent_obstacles,2,109928,770,1,420,320,2,2,True,-4.902876853942871,0.0,0.0,0.0,0.10714285714285714,0.0,0,0.013636363636363636,0.0,0,0,0.0,1,220,-1,-1,-1,0.0
stage1b_single_agent_obstacles,2,110148,771,1,420,320,2,2,True,-2.1178269386291504,0.0,0.0,0.0,0.08333333333333333,0.0,0,0.031818181818181815,0.0,0,0,0.0,1,220,-1,-1,-1,0.0
stage1b_single_agent_obstacles,2,110368,772,1,420,320,2,2,True,-1.8599985837936401,0.0,0.0,0.0,0.10317460317460317,0.0,0,0.01818181818181818,0.0,0,0,0.0,0,220,-1,-1,-1,0.0
stage1b_single_agent_obstacles,2,110588,773,1,420,320,2,2,True,4.83269739151001,1.0,1.0,0.0,0.0992063492063492,0.0,0,0.03636363636363636,0.0,1,0,7.0,1,220,31,-1,-1,0.0
stage1b_single_agent_obstacles,2,110808,774,1,420,320,2,2,True,4.669180870056152,1.0,1.0,0.0,0.1349206349206349,0.05421647945926948,2,0.08636363636363636,0.0,1,0,13.0,1,220,79,-1,-1,0.0
stage1b_single_agent_obstacles,2,111028,775,1,420,320,2,2,True,-3.4574568271636963,0.0,0.0,0.0,0.10714285714285714,0.0,0,0.02727272727272727,0.0,0,0,0.0,1,220,-1,-1,-1,0.0
stage1b_single_agent_obstacles,2,111248,776,1,420,320,2,2,True,-6.260027885437012,0.0,0.0,0.0,0.0992063492063492,0.0,0,0.045454545454545456,0.0,0,0,0.0,1,220,-1,-1,-1,0.0
stage1b_single_agent_obstacles,2,111468,777,1,420,320,2,2,True,1.081794023513794,1.0,1.0,0.0,0.11507936507936507,0.0,0,0.02727272727272727,0.0,0,0,0.0,1,220,23,-1,-1,0.0
stage1b_single_agent_obstacles,2,111688,778,1,420,320,2,2,True,-2.055560827255249,0.0,0.0,0.0,0.09126984126984126,0.0,0,0.05,0.0,1,0,11.0,1,220,-1,-1,-1,0.0
stage1b_single_agent_obstacles,2,111908,779,1,420,320,2,2,True,-1.8999985456466675,0.0,0.0,0.0,0.06349206349206349,0.0,0,0.004545454545454545,0.0,0,0,0.0,0,220,-1,-1,-1,0.0
stage1b_single_agent_obstacles,2,112128,780,1,420,320,2,2,True,6.240339756011963,1.0,1.0,0.0,0.10317460317460317,0.0,0,0.004545454545454545,0.0,0,0,0.0,1,220,202,-1,-1,0.0
stage1b_single_agent_obstacles,2,112348,781,1,420,320,2,2,True,7.731904983520508,1.0,1.0,0.0,0.12698412698412698,0.0,0,0.045454545454545456,0.0,1,0,7.0,0,220,15,-1,-1,0.0
stage1b_single_agent_obstacles,2,112568,782,1,420,320,2,2,True,-18.280027389526367,0.0,0.0,0.0,0.1626984126984127,0.0,0,0.17727272727272728,0.0,1,0,9.0,1,220,-1,-1,-1,0.0
stage1b_single_agent_obstacles,2,112788,783,1,420,320,2,2,True,-1.766886830329895,0.0,0.0,0.0,0.09523809523809523,0.0,0,0.004545454545454545,0.0,0,0,0.0,1,220,-1,-1,-1,0.0
stage1b_single_agent_obstacles,2,113008,784,1,420,320,2,2,True,5.122978210449219,1.0,1.0,0.0,0.15873015873015872,0.0,0,0.30454545454545456,0.0,3,0,9.0,1,220,34,-1,-1,0.0
stage1b_single_agent_obstacles,2,113228,785,1,420,320,2,2,True,-6.918522834777832,0.0,0.0,0.0,0.1388888888888889,0.05828799554570155,4,0.31363636363636366,0.0,2,0,18.0,1,220,-1,-1,-1,0.0
stage1b_single_agent_obstacles,2,113448,786,1,420,320,2,2,True,-21.99004554748535,0.0,0.0,0.0,0.06349206349206349,0.0,0,0.39090909090909093,0.0,5,0,7.0,1,220,-1,-1,-1,0.0
stage1b_single_agent_obstacles,2,113668,787,1,420,320,2,2,True,7.501448154449463,1.0,1.0,0.0,0.07936507936507936,0.0,0,0.03636363636363636,0.0,1,0,7.0,0,220,26,-1,-1,0.0
stage1b_single_agent_obstacles,2,113888,788,1,420,320,2,2,True,-1.3396775722503662,0.0,0.0,0.0,0.15476190476190477,0.0,0,0.22272727272727272,0.0,0,0,0.0,0,220,-1,-1,-1,0.0
stage1b_single_agent_obstacles,2,114108,789,1,420,320,2,2,True,4.721512794494629,1.0,1.0,0.0,0.10714285714285714,0.0,0,0.02727272727272727,0.0,0,0,0.0,1,220,24,-1,-1,0.0
stage1b_single_agent_obstacles,2,114328,790,1,420,320,2,2,True,-0.6194828748703003,0.0,0.0,0.0,0.0873015873015873,0.0,0,0.08636363636363636,0.0,1,0,15.0,0,220,-1,-1,-1,0.0
stage1b_single_agent_obstacles,2,114548,791,1,420,320,2,2,True,22.433170318603516,3.0,3.0,0.0,0.15079365079365079,0.0,0,0.045454545454545456,0.0,0,0,0.0,1,220,99,-1,-1,0.0
stage1b_single_agent_obstacles,2,114768,792,1,420,320,2,2,True,3.029449939727783,1.0,1.0,0.0,0.13095238095238096,0.0,0,0.14545454545454545,0.0,0,0,0.0,1,220,132,-1,-1,0.0
stage1b_single_agent_obstacles,2,114988,793,1,420,320,2,2,True,-10.925559043884277,0.0,0.0,0.0,0.15476190476190477,0.0,0,0.3409090909090909,0.0,5,0,7.6,1,220,-1,-1,-1,0.0
stage1b_single_agent_obstacles,2,115208,794,1,420,320,2,2,True,-0.6244065165519714,0.0,0.0,0.0,0.17857142857142858,0.0,0,0.06363636363636363,0.0,0,0,0.0,1,220,-1,-1,-1,0.0
stage1b_single_agent_obstacles,2,115428,795,1,420,320,2,2,True,-2.323359727859497,1.0,1.0,0.0,0.11507936507936507,0.0,0,0.3,0.0,2,0,10.0,3,220,152,-1,-1,0.0
stage1b_single_agent_obstacles,2,115648,796,1,420,320,2,2,True,1.6031750440597534,1.0,1.0,0.0,0.14285714285714285,0.0,0,0.25,0.0,4,0,7.25,1,220,145,-1,-1,0.0
stage1b_single_agent_obstacles,2,115868,797,1,420,320,2,2,True,0.4793381094932556,0.0,0.0,0.0,0.14285714285714285,0.0,0,0.2818181818181818,0.0,2,0,9.0,0,220,-1,-1,-1,0.0
stage1b_single_agent_obstacles,2,116088,798,1,420,320,2,2,True,7.6173224449157715,1.0,1.0,0.0,0.1349206349206349,0.0,0,0.12727272727272726,0.0,1,0,7.0,0,220,40,-1,-1,0.0
stage1b_single_agent_obstacles,2,116308,799,1,420,320,2,2,True,12.81475830078125,2.0,2.0,0.0,0.12698412698412698,0.0,0,0.4,0.0,3,0,8.333333333333334,1,220,50,-1,-1,0.0
stage1b_single_agent_obstacles,2,116528,800,1,420,320,2,2,True,7.37269401550293,1.0,1.0,0.0,0.0992063492063492,0.0,0,0.35,0.0,3,0,8.333333333333334,0,220,149,-1,-1,0.0
stage1b_single_agent_obstacles,2,116748,801,1,420,320,2,2,True,-2.7617669105529785,0.0,0.0,0.0,0.10714285714285714,0.0,0,0.2727272727272727,0.0,5,0,9.0,1,220,-1,-1,-1,0.0
stage1b_single_agent_obstacles,2,116968,802,1,420,320,2,2,True,12.555351257324219,2.0,2.0,0.0,0.14285714285714285,0.0,0,0.3181818181818182,0.0,2,0,8.0,1,220,65,-1,-1,0.0
stage1b_single_agent_obstacles,2,117188,803,1,420,320,2,2,True,7.411959648132324,1.0,1.0,0.0,0.1388888888888889,0.0,0,0.10909090909090909,0.0,2,0,7.0,0,220,180,-1,-1,0.0
stage1b_single_agent_obstacles,2,117408,804,1,420,320,2,2,True,-0.4028441607952118,0.0,0.0,0.0,0.1111111111111111,0.0,0,0.02727272727272727,0.0,0,0,0.0,0,220,-1,-1,-1,0.0
stage1b_single_agent_obstacles,2,117628,805,1,420,320,2,2,True,5.991514682769775,1.0,1.0,0.0,0.10317460317460317,0.0,0,0.30454545454545456,0.0,3,0,7.666666666666667,0,220,48,-1,-1,0.0
stage1b_single_agent_obstacles,2,117848,806,1,420,320,2,2,True,6.20859432220459,1.0,1.0,0.0,0.11904761904761904,0.0,0,0.09090909090909091,0.0,1,0,7.0,0,220,31,-1,-1,0.0
stage1b_single_agent_obstacles,2,118068,807,1,420,320,2,2,True,-5.3819098472595215,0.0,0.0,0.0,0.09126984126984126,0.0,0,0.3181818181818182,0.0,2,0,7.0,1,220,-1,-1,-1,0.0
stage1b_single_agent_obstacles,2,118288,808,1,420,320,2,2,True,12.570079803466797,2.0,2.0,0.0,0.11507936507936507,0.0,0,0.04090909090909091,0.0,1,0,7.0,1,220,21,-1,-1,0.0
stage1b_single_agent_obstacles,2,118508,809,1,420,320,2,2,True,-14.3810396194458,0.0,0.0,0.0,0.14285714285714285,0.0,0,0.30454545454545456,0.0,3,0,11.666666666666666,1,220,-1,-1,-1,0.0
stage1b_single_agent_obstacles,2,118728,810,1,420,320,2,2,True,3.2004146575927734,1.0,1.0,0.0,0.15476190476190477,0.0,0,0.1590909090909091,0.0,0,0,0.0,1,220,154,-1,-1,0.0
stage1b_single_agent_obstacles,2,118948,811,1,420,320,2,2,True,-1.7599987983703613,0.0,0.0,0.0,0.1865079365079365,0.0,0,0.2863636363636364,0.0,3,0,7.0,0,220,-1,-1,-1,0.0
stage1b_single_agent_obstacles,2,119168,812,1,420,320,2,2,True,1.8635669946670532,1.0,1.0,0.0,0.1865079365079365,0.0,0,0.09545454545454546,0.0,0,0,0.0,1,220,124,-1,-1,0.0
stage1b_single_agent_obstacles,2,119388,813,1,420,320,2,2,True,6.084948539733887,1.0,1.0,0.0,0.1746031746031746,0.04424623330547051,2,0.2590909090909091,0.0,4,0,7.5,1,220,102,-1,-1,0.0
stage1b_single_agent_obstacles,2,119608,814,1,420,320,2,2,True,12.957140922546387,2.0,2.0,0.0,0.1349206349206349,0.0,0,0.35,0.0,3,0,7.0,1,220,34,-1,-1,0.0
stage1b_single_agent_obstacles,2,119828,815,1,420,320,2,2,True,-4.086837291717529,0.0,0.0,0.0,0.15476190476190477,0.0,0,0.36363636363636365,0.0,4,0,8.0,1,220,-1,-1,-1,0.0
stage1b_single_agent_obstacles,2,120048,816,1,420,320,2,2,True,-2.8399977684020996,0.0,0.0,0.0,0.051587301587301584,0.0,0,0.5227272727272727,0.0,8,0,7.5,0,220,-1,-1,-1,0.0
stage1b_single_agent_obstacles,2,120268,817,1,420,320,2,2,True,-0.6459221839904785,0.0,0.0,0.0,0.15476190476190477,0.0,0,0.32272727272727275,0.0,5,0,8.6,0,220,-1,-1,-1,0.0
stage1b_single_agent_obstacles,2,120488,818,1,420,320,2,2,True,3.1621615886688232,1.0,1.0,0.0,0.15873015873015872,0.0,0,0.21363636363636362,0.0,3,0,9.666666666666666,1,220,98,-1,-1,0.0
stage1b_single_agent_obstacles,2,120708,819,1,420,320,2,2,True,-2.379998207092285,0.0,0.0,0.0,0.10317460317460317,0.0,0,0.2818181818181818,0.0,2,0,10.0,0,220,-1,-1,-1,0.0
stage1b_single_agent_obstacles,2,120928,820,1,420,320,2,2,True,-4.380002498626709,0.0,0.0,0.0,0.07936507936507936,0.0,0,0.55,0.0,9,0,9.0,1,220,-1,-1,-1,0.0
stage1b_single_agent_obstacles,2,121148,821,1,420,320,2,2,True,-3.6429319381713867,0.0,0.0,0.0,0.0992063492063492,0.0,0,0.2818181818181818,0.0,1,0,11.0,1,220,-1,-1,-1,0.0
stage1b_single_agent_obstacles,2,121368,822,1,420,320,2,2,True,-0.37426409125328064,0.0,0.0,0.0,0.09523809523809523,0.0,0,0.01818181818181818,0.0,0,0,0.0,0,220,-1,-1,-1,0.0
stage1b_single_agent_obstacles,2,121588,823,1,420,320,2,2,True,-3.1828370094299316,0.0,0.0,0.0,0.05555555555555555,0.033439125641333785,2,0.6318181818181818,0.0,12,0,8.5,0,220,-1,-1,-1,0.0
stage1b_single_agent_obstacles,2,121808,824,1,420,320,2,2,True,0.27458059787750244,1.0,1.0,0.0,0.09126984126984126,0.0,0,0.42727272727272725,0.0,5,0,7.4,1,220,44,-1,-1,0.0
stage1b_single_agent_obstacles,2,122028,825,1,420,320,2,2,True,6.531534671783447,1.0,1.0,0.0,0.17857142857142858,0.0,0,0.2863636363636364,0.0,1,0,15.0,1,220,195,-1,-1,0.0
stage1b_single_agent_obstacles,2,122248,826,1,420,320,2,2,True,16.403614044189453,2.0,2.0,0.0,0.15476190476190477,0.0,0,0.2545454545454545,0.0,1,0,7.0,0,220,39,-1,-1,0.0
stage1b_single_agent_obstacles,2,122468,827,1,420,320,2,2,True,22.07619285583496,3.0,3.0,0.0,0.11507936507936507,0.0,0,0.05,0.0,1,0,7.0,1,220,26,-1,-1,0.0
stage1b_single_agent_obstacles,2,122688,828,1,420,320,2,2,True,-7.6855316162109375,1.0,1.0,0.0,0.15079365079365079,0.0,0,0.4681818181818182,0.0,9,0,8.0,1,220,38,-1,-1,0.0
stage1b_single_agent_obstacles,2,122908,829,1,420,320,2,2,True,-1.8499985933303833,0.0,0.0,0.0,0.11904761904761904,0.0,0,0.04090909090909091,0.0,0,0,0.0,0,220,-1,-1,-1,0.0
stage1b_single_agent_obstacles,2,123128,830,1,420,320,2,2,True,-4.1479034423828125,0.0,0.0,0.0,0.1865079365079365,0.004683034604584629,2,0.07272727272727272,0.0,0,0,0.0,1,220,-1,-1,-1,0.0
stage1b_single_agent_obstacles,2,123348,831,1,420,320,2,2,True,6.554221153259277,1.0,1.0,0.0,0.09523809523809523,0.0,0,0.01818181818181818,0.0,0,0,0.0,0,220,67,-1,-1,0.0
stage1b_single_agent_obstacles,2,123568,832,1,420,320,2,2,True,21.85202407836914,3.0,3.0,0.0,0.12301587301587301,0.0,0,0.10909090909090909,0.0,0,0,0.0,1,220,39,-1,-1,0.0
stage1b_single_agent_obstacles,2,123788,833,1,420,320,2,2,True,14.427607536315918,2.0,2.0,0.0,0.1388888888888889,0.0,0,0.06818181818181818,0.0,0,0,0.0,1,220,149,-1,-1,0.0
stage1b_single_agent_obstacles,2,124008,834,1,420,320,2,2,True,22.551992416381836,4.0,4.0,0.0,0.16666666666666666,0.009974100576205687,2,0.29545454545454547,0.0,4,0,9.25,1,220,21,-1,-1,0.0
stage1b_single_agent_obstacles,2,124228,835,1,420,320,2,2,True,1.6178374290466309,1.0,1.0,0.0,0.10714285714285714,0.0,0,0.39545454545454545,0.0,1,0,9.0,1,220,54,-1,-1,0.0
stage1b_single_agent_obstacles,2,124448,836,1,420,320,2,2,True,32.1248664855957,4.0,4.0,0.0,0.23412698412698413,0.0,0,0.2,0.0,1,0,9.0,0,220,18,-1,-1,0.0
stage1b_single_agent_obstacles,2,124668,837,1,420,320,2,2,True,-1.2398686408996582,0.0,0.0,0.0,0.1626984126984127,0.0,0,0.3090909090909091,0.0,6,0,7.333333333333333,0,220,-1,-1,-1,0.0
stage1b_single_agent_obstacles,2,124888,838,1,420,320,2,2,True,6.55969762802124,1.0,1.0,0.0,0.1388888888888889,0.0,0,0.045454545454545456,0.0,0,0,0.0,0,220,51,-1,-1,0.0
stage1b_single_agent_obstacles,2,125108,839,1,420,320,2,2,True,-3.350813150405884,0.0,0.0,0.0,0.10714285714285714,0.0,0,0.01818181818181818,0.0,0,0,0.0,1,220,-1,-1,-1,0.0
stage1b_single_agent_obstacles,2,125328,840,1,420,320,2,2,True,-0.6021427512168884,0.0,0.0,0.0,0.07936507936507936,0.0,0,0.06818181818181818,0.0,1,0,11.0,0,220,-1,-1,-1,0.0
stage1b_single_agent_obstacles,2,125548,841,1,420,320,2,2,True,5.447680473327637,1.0,1.0,0.0,0.16666666666666666,0.0,0,0.1409090909090909,0.0,1,0,9.0,1,220,99,-1,-1,0.0
stage1b_single_agent_obstacles,2,125768,842,1,420,320,2,2,True,22.140750885009766,3.0,3.0,0.0,0.13095238095238096,0.0,0,0.19090909090909092,0.0,0,0,0.0,1,220,32,-1,-1,0.0
stage1b_single_agent_obstacles,2,125988,843,1,420,320,2,2,True,40.052947998046875,5.0,5.0,0.0,0.1746031746031746,0.0,0,0.2,0.0,0,0,0.0,0,220,7,-1,-1,0.0
stage1b_single_agent_obstacles,2,126208,844,1,420,320,2,2,True,0.7059765458106995,1.0,1.0,0.0,0.12301587301587301,0.0,0,0.45,0.0,7,0,8.142857142857142,1,220,177,-1,-1,0.0
stage1b_single_agent_obstacles,2,126428,845,1,420,320,2,2,True,-3.8599977493286133,0.0,0.0,0.0,0.06746031746031746,0.0,0,0.41363636363636364,0.0,3,0,7.0,1,220,-1,-1,-1,0.0
stage1b_single_agent_obstacles,2,126648,846,1,420,320,2,2,True,5.414082050323486,1.0,1.0,0.0,0.14682539682539683,0.0,0,0.39090909090909093,0.0,5,0,6.8,1,220,110,-1,-1,0.0
stage1b_single_agent_obstacles,2,126868,847,1,420,320,2,2,True,-0.8778998255729675,0.0,0.0,0.0,0.1349206349206349,0.0,0,0.33181818181818185,0.0,3,0,9.0,0,220,-1,-1,-1,0.0
stage1b_single_agent_obstacles,2,127088,848,1,420,320,2,2,True,-2.037646770477295,0.0,0.0,0.0,0.07936507936507936,0.007473347704349593,2,0.5681818181818182,0.0,5,0,9.4,0,220,-1,-1,-1,0.0
stage1b_single_agent_obstacles,2,127308,849,1,420,320,2,2,True,-1.7812623977661133,0.0,0.0,0.0,0.1349206349206349,0.0,0,0.39545454545454545,0.0,4,0,16.0,0,220,-1,-1,-1,0.0
stage1b_single_agent_obstacles,2,127528,850,1,420,320,2,2,True,-2.555042266845703,0.0,0.0,0.0,0.12301587301587301,0.0,0,0.18636363636363637,0.0,2,0,13.0,1,220,-1,-1,-1,0.0
stage1b_single_agent_obstacles,2,127748,851,1,420,320,2,2,True,2.6053473949432373,1.0,1.0,0.0,0.09126984126984126,0.0,0,0.35,0.0,3,0,7.666666666666667,1,220,171,-1,-1,0.0
stage1b_single_agent_obstacles,2,127968,852,1,420,320,2,2,True,-3.6899971961975098,0.0,0.0,0.0,0.03968253968253968,0.0,0,0.7772727272727272,0.0,14,0,8.928571428571429,0,220,-1,-1,-1,0.0
stage1b_single_agent_obstacles,2,128188,853,1,420,320,2,2,True,6.322535991668701,1.0,1.0,0.0,0.12698412698412698,0.0,0,0.5,0.0,7,0,9.571428571428571,0,220,182,-1,-1,0.0
stage1b_single_agent_obstacles,2,128408,854,1,420,320,2,2,True,-0.9265787601470947,0.0,0.0,0.0,0.0992063492063492,0.0,0,0.2909090909090909,0.0,1,0,11.0,0,220,-1,-1,-1,0.0
stage1b_single_agent_obstacles,2,128628,855,1,420,320,2,2,True,15.879674911499023,2.0,2.0,0.0,0.17063492063492064,0.0,0,0.2409090909090909,0.0,3,0,9.666666666666666,0,220,90,-1,-1,0.0
stage1b_single_agent_obstacles,2,128848,856,1,420,320,2,2,True,6.910577774047852,1.0,1.0,0.0,0.11507936507936507,0.0,0,0.2772727272727273,0.0,1,0,11.0,0,220,171,-1,-1,0.0
stage1b_single_agent_obstacles,2,129068,857,1,420,320,2,2,True,15.623722076416016,2.0,2.0,0.0,0.1349206349206349,0.003941246562383391,2,0.2545454545454545,0.0,1,0,7.0,0,220,91,-1,-1,0.0
stage1b_single_agent_obstacles,2,129288,858,1,420,320,2,2,True,-0.854381799697876,0.0,0.0,0.0,0.0873015873015873,0.0,0,0.11363636363636363,0.0,1,0,13.0,0,220,-1,-1,-1,0.0
stage1b_single_agent_obstacles,2,129508,859,1,420,320,2,2,True,-2.0399985313415527,0.0,0.0,0.0,0.1349206349206349,0.0,0,0.2409090909090909,0.0,1,0,9.0,0,220,-1,-1,-1,0.0
stage1b_single_agent_obstacles,2,129728,860,1,420,320,2,2,True,15.421163558959961,2.0,2.0,0.0,0.11904761904761904,0.0,0,0.12272727272727273,0.0,0,0,0.0,0,220,14,-1,-1,0.0
stage1b_single_agent_obstacles,2,129948,861,1,420,320,2,2,True,-2.084543228149414,0.0,0.0,0.0,0.0992063492063492,0.0,0,0.21363636363636362,0.0,0,0,0.0,1,220,-1,-1,-1,0.0
stage1b_single_agent_obstacles,2,130168,862,1,420,320,2,2,True,-2.4099981784820557,0.0,0.0,0.0,0.08333333333333333,0.0,0,0.36363636363636365,0.0,2,0,10.0,0,220,-1,-1,-1,0.0
stage1b_single_agent_obstacles,2,130388,863,1,420,320,2,2,True,-1.8899985551834106,0.0,0.0,0.0,0.14682539682539683,0.0,0,0.11363636363636363,0.0,1,0,11.0,0,220,-1,-1,-1,0.0
stage1b_single_agent_obstacles,2,130608,864,1,420,320,2,2,True,9.452863693237305,2.0,2.0,0.0,0.15873015873015872,0.0,0,0.3409090909090909,0.0,4,0,7.5,1,220,15,-1,-1,0.0
stage1b_single_agent_obstacles,2,130828,865,1,420,320,2,2,True,-2.2950518131256104,0.0,0.0,0.0,0.10714285714285714,0.02196908496235582,4,0.4090909090909091,0.0,2,0,9.0,0,220,-1,-1,-1,0.0
stage1b_single_agent_obstacles,2,131048,866,1,420,320,2,2,True,5.880721092224121,1.0,1.0,0.0,0.0873015873015873,0.0,0,0.45454545454545453,0.0,6,0,7.333333333333333,0,220,35,-1,-1,0.0
stage1b_single_agent_obstacles,2,131268,867,1,420,320,2,2,True,-0.48240411281585693,0.0,0.0,0.0,0.0992063492063492,0.0,0,0.031818181818181815,0.0,1,0,7.0,0,220,-1,-1,-1,0.0
stage1b_single_agent_obstacles,2,131488,868,1,420,320,2,2,True,-4.6086249351501465,0.0,0.0,0.0,0.15873015873015872,0.0,2,0.12727272727272726,0.0,2,0,10.0,2,220,-1,-1,-1,0.0
stage1b_single_agent_obstacles,2,131708,869,1,420,320,2,2,True,-0.8982219099998474,0.0,0.0,0.0,0.12301587301587301,0.0,0,0.1409090909090909,0.0,0,0,0.0,0,220,-1,-1,-1,0.0
stage1b_single_agent_obstacles,2,131928,870,1,420,320,2,2,True,-1.3928900957107544,0.0,0.0,0.0,0.06746031746031746,0.0,0,0.3090909090909091,0.0,0,0,0.0,0,220,-1,-1,-1,0.0
stage1b_single_agent_obstacles,2,132148,871,1,420,320,2,2,True,4.430695056915283,1.0,1.0,0.0,0.10714285714285714,0.002402964749754491,2,0.31363636363636366,0.0,1,0,7.0,1,220,132,-1,-1,0.0
stage1b_single_agent_obstacles,2,132368,872,1,420,320,2,2,True,0.09491042047739029,0.0,0.0,0.0,0.0873015873015873,0.0,0,0.02727272727272727,0.0,0,0,0.0,0,220,-1,-1,-1,0.0
stage1b_single_agent_obstacles,2,132588,873,1,420,320,2,2,True,7.453135013580322,1.0,1.0,0.0,0.11507936507936507,0.06399438658898526,2,0.10454545454545454,0.0,1,0,17.0,0,220,22,-1,-1,0.0
stage1b_single_agent_obstacles,2,132808,874,1,420,320,2,2,True,2.664461851119995,1.0,1.0,0.0,0.051587301587301584,0.10932104484262792,4,0.4,0.0,2,0,8.0,1,220,14,-1,-1,0.0
stage1b_single_agent_obstacles,2,133028,875,1,420,320,2,2,True,-3.511998414993286,0.0,0.0,0.0,0.1349206349206349,0.00920197915455157,2,0.35,0.0,2,0,7.0,1,220,-1,-1,-1,0.0
stage1b_single_agent_obstacles,2,133248,876,1,420,320,2,2,True,7.681774139404297,1.0,1.0,0.0,0.14285714285714285,0.0028714677022600717,2,0.2590909090909091,0.0,1,0,7.0,0,220,55,-1,-1,0.0
stage1b_single_agent_obstacles,2,133468,877,1,420,320,2,2,True,-0.27805405855178833,0.0,0.0,0.0,0.11507936507936507,0.0,0,0.01818181818181818,0.0,0,0,0.0,0,220,-1,-1,-1,0.0
stage1b_single_agent_obstacles,2,133688,878,1,420,320,2,2,True,-1.8495256900787354,0.0,0.0,0.0,0.13095238095238096,0.035199440964920954,4,0.14545454545454545,0.0,0,0,0.0,0,220,-1,-1,-1,0.0
stage1b_single_agent_obstacles,2,133908,879,1,420,320,2,2,True,-6.330504894256592,0.0,0.0,0.0,0.20634920634920634,0.04463076110590588,2,0.17727272727272728,0.0,2,0,9.0,2,220,-1,-1,-1,0.0
stage1b_single_agent_obstacles,2,134128,880,1,420,320,2,2,True,6.659209728240967,2.0,2.0,0.0,0.10714285714285714,0.0,0,0.42727272727272725,0.0,6,0,9.0,1,220,32,-1,-1,0.0
stage1b_single_agent_obstacles,2,134348,881,1,420,320,2,2,True,-0.2578274607658386,0.0,0.0,0.0,0.11507936507936507,0.0,0,0.045454545454545456,0.0,1,0,9.0,0,220,-1,-1,-1,0.0
stage1b_single_agent_obstacles,2,134568,882,1,420,320,2,2,True,25.769306182861328,4.0,4.0,0.0,0.14682539682539683,0.0,0,0.045454545454545456,0.0,0,0,0.0,1,220,13,-1,-1,0.0
stage1b_single_agent_obstacles,2,134788,883,1,420,320,2,2,True,10.77680778503418,2.0,2.0,0.0,0.10317460317460317,0.0,0,0.30454545454545456,0.0,2,0,7.0,1,220,148,-1,-1,0.0
stage1b_single_agent_obstacles,2,135008,884,1,420,320,2,2,True,-2.2399983406066895,0.0,0.0,0.0,0.08333333333333333,0.0,0,0.39090909090909093,0.0,2,0,7.0,0,220,-1,-1,-1,0.0
stage1b_single_agent_obstacles,2,135228,885,1,420,320,2,2,True,6.38963508605957,1.0,1.0,0.0,0.10317460317460317,0.0,0,0.02727272727272727,0.0,0,0,0.0,1,220,8,-1,-1,0.0
stage1b_single_agent_obstacles,2,135448,886,1,420,320,2,2,True,-1.9499984979629517,0.0,0.0,0.0,0.14285714285714285,0.0,0,0.32272727272727275,0.0,1,0,11.0,0,220,-1,-1,-1,0.0
stage1b_single_agent_obstacles,2,135668,887,1,420,320,2,2,True,0.7291092276573181,0.0,0.0,0.0,0.10317460317460317,0.044539850001985376,2,0.07727272727272727,0.0,1,0,11.0,0,220,-1,-1,-1,0.0
stage1b_single_agent_obstacles,2,135888,888,1,420,320,2,2,True,-1.643123745918274,0.0,0.0,0.0,0.19444444444444445,0.0,0,0.11818181818181818,0.0,0,0,0.0,1,220,-1,-1,-1,0.0
stage1b_single_agent_obstacles,2,136108,889,1,420,320,2,2,True,7.512196063995361,1.0,1.0,0.0,0.15079365079365079,0.0,0,0.09545454545454546,0.0,0,0,0.0,0,220,153,-1,-1,0.0
stage1b_single_agent_obstacles,2,136328,890,1,420,320,2,2,True,-3.232572078704834,0.0,0.0,0.0,0.14682539682539683,0.06913642163642428,4,0.36363636363636365,0.0,4,0,8.5,1,220,-1,-1,-1,0.0
stage1b_single_agent_obstacles,2,136548,891,1,420,320,2,2,True,-7.772439002990723,0.0,0.0,0.0,0.0873015873015873,0.06852599406106906,2,0.08181818181818182,0.0,0,0,0.0,1,220,-1,-1,-1,0.0
stage1b_single_agent_obstacles,2,136768,892,1,420,320,2,2,True,-2.5877573490142822,0.0,0.0,0.0,0.15476190476190477,0.040560108799995345,8,0.35909090909090907,0.0,3,0,7.666666666666667,1,220,-1,-1,-1,0.0
stage1b_single_agent_obstacles,2,136988,893,1,420,320,2,2,True,-5.370234966278076,0.0,0.0,0.0,0.09523809523809523,0.0,0,0.1590909090909091,0.0,0,0,0.0,1,220,-1,-1,-1,0.0
stage1b_single_agent_obstacles,2,137208,894,1,420,320,2,2,True,6.353139400482178,1.0,1.0,0.0,0.15079365079365079,0.005327337499792603,2,0.21818181818181817,0.0,1,0,7.0,1,220,97,-1,-1,0.0
stage1b_single_agent_obstacles,2,137428,895,1,420,320,2,2,True,-2.7736315727233887,0.0,0.0,0.0,0.051587301587301584,0.04114692257717252,4,0.5454545454545454,0.0,10,0,7.2,0,220,-1,-1,-1,0.0
stage1b_single_agent_obstacles,2,137648,896,1,420,320,2,2,True,-3.2613677978515625,0.0,0.0,0.0,0.05555555555555555,0.2847445506263863,8,0.6136363636363636,0.0,16,0,7.4375,0,220,-1,-1,-1,0.0
stage1b_single_agent_obstacles,2,137868,897,1,420,320,2,2,True,-3.8406007289886475,0.0,0.0,0.0,0.09126984126984126,0.045394371195950294,4,0.4681818181818182,0.0,7,0,7.285714285714286,1,220,-1,-1,-1,0.0
stage1b_single_agent_obstacles,2,138088,898,1,420,320,2,2,True,9.894057273864746,2.0,2.0,0.0,0.16666666666666666,0.064095571345057,4,0.19545454545454546,0.0,1,0,7.0,1,220,69,-1,-1,0.0
stage1b_single_agent_obstacles,2,138308,899,1,420,320,2,2,True,7.208138942718506,1.0,1.0,0.0,0.11904761904761904,0.0,0,0.031818181818181815,0.0,0,0,0.0,0,220,9,-1,-1,0.0
stage1b_single_agent_obstacles,2,138528,900,1,420,320,2,2,True,-0.4087980389595032,0.0,0.0,0.0,0.1388888888888889,0.03153166848086667,6,0.19545454545454546,0.0,1,0,7.0,0,220,-1,-1,-1,0.0
stage1b_single_agent_obstacles,2,138748,901,1,420,320,2,2,True,-0.1882997751235962,0.0,0.0,0.0,0.10714285714285714,0.0,0,0.01818181818181818,0.0,0,0,0.0,0,220,-1,-1,-1,0.0
stage1b_single_agent_obstacles,2,138968,902,1,420,320,2,2,True,7.570616722106934,1.0,1.0,0.0,0.09126984126984126,0.042338337833908474,2,0.031818181818181815,0.0,0,0,0.0,0,220,117,-1,-1,0.0
stage1b_single_agent_obstacles,2,139188,903,1,420,320,2,2,True,-6.150125503540039,0.0,0.0,0.0,0.1626984126984127,0.03913749494081871,6,0.1318181818181818,0.0,0,0,0.0,2,220,-1,-1,-1,0.0
stage1b_single_agent_obstacles,2,139408,904,1,420,320,2,2,True,-0.4644045829772949,0.0,0.0,0.0,0.0873015873015873,0.0,0,0.004545454545454545,0.0,0,0,0.0,1,220,-1,-1,-1,0.0
stage1b_single_agent_obstacles,2,139628,905,1,420,320,2,2,True,4.651831150054932,2.0,2.0,0.0,0.10714285714285714,0.09268346653552725,12,0.38636363636363635,0.0,3,0,7.0,1,220,14,-1,-1,0.0
stage1b_single_agent_obstacles,2,139848,906,1,420,320,2,2,True,-0.3738460838794708,0.0,0.0,0.0,0.06349206349206349,0.06675217287106948,2,0.031818181818181815,0.0,0,0,0.0,0,220,-1,-1,-1,0.0
stage1b_single_agent_obstacles,2,140068,907,1,420,320,2,2,True,6.64690637588501,1.0,1.0,0.0,0.2222222222222222,0.017927573823412372,6,0.18181818181818182,0.0,0,0,0.0,1,220,142,-1,-1,0.0
stage1b_single_agent_obstacles,2,140288,908,1,420,320,2,2,True,-4.79622220993042,0.0,0.0,0.0,0.14285714285714285,0.020532597770745103,4,0.10454545454545454,0.0,1,0,9.0,1,220,-1,-1,-1,0.0
stage1b_single_agent_obstacles,2,140508,909,1,420,320,2,2,True,-1.7708910703659058,0.0,0.0,0.0,0.13095238095238096,0.08053533226590265,8,0.045454545454545456,0.0,0,0,0.0,1,220,-1,-1,-1,0.0
stage1b_single_agent_obstacles,2,140728,910,1,420,320,2,2,True,-3.3324975967407227,0.0,0.0,0.0,0.11507936507936507,0.08632611051117155,4,0.04090909090909091,0.0,0,0,0.0,1,220,-1,-1,-1,0.0
stage1b_single_agent_obstacles,2,140948,911,1,420,320,2,2,True,7.710204124450684,1.0,1.0,0.0,0.1388888888888889,0.06244343752888116,4,0.05909090909090909,0.0,0,0,0.0,0,220,7,-1,-1,0.0
stage1b_single_agent_obstacles,2,141168,912,1,420,320,2,2,True,8.550745964050293,1.0,1.0,0.0,0.07539682539682539,0.0,0,0.02727272727272727,0.0,0,0,0.0,0,220,35,-1,-1,0.0
stage1b_single_agent_obstacles,2,141388,913,1,420,320,2,2,True,-6.735908508300781,0.0,0.0,0.0,0.09523809523809523,0.013096801049753345,4,0.38181818181818183,0.0,4,0,7.0,1,220,-1,-1,-1,0.0
stage1b_single_agent_obstacles,2,141608,914,1,420,320,2,2,True,-2.6974074840545654,0.0,0.0,0.0,0.15079365079365079,0.08027384429323402,4,0.12727272727272726,0.0,0,0,0.0,1,220,-1,-1,-1,0.0
stage1b_single_agent_obstacles,2,141828,915,1,420,320,2,2,True,-3.3351283073425293,0.0,0.0,0.0,0.07539682539682539,0.0,0,0.00909090909090909,0.0,0,0,0.0,1,220,-1,-1,-1,0.0
stage1b_single_agent_obstacles,2,142048,916,1,420,320,2,2,True,-2.1028530597686768,0.0,0.0,0.0,0.07142857142857142,0.12050618078051643,8,0.34545454545454546,0.0,3,0,7.0,0,220,-1,-1,-1,0.0
stage1b_single_agent_obstacles,2,142268,917,1,420,320,2,2,True,-0.15571971237659454,0.0,0.0,0.0,0.1349206349206349,0.0474757894619622,2,0.06818181818181818,0.0,1,0,9.0,0,220,-1,-1,-1,0.0
stage1b_single_agent_obstacles,2,142488,918,1,420,320,2,2,True,6.343279838562012,1.0,1.0,0.0,0.16666666666666666,0.059609653855758636,6,0.12727272727272726,0.0,0,0,0.0,1,220,143,-1,-1,0.0
stage1b_single_agent_obstacles,2,142708,919,1,420,320,2,2,True,11.22780990600586,2.0,2.0,0.0,0.12301587301587301,0.09363050993785939,8,0.18636363636363637,0.0,0,0,0.0,1,220,6,-1,-1,0.0
stage2a_small_swarm_medium,3,143936,920,3,700,500,2,4,True,-1.3475271463394165,1.0,1.0,0.0,0.22380952380952382,0.06459917294613896,32,0.23981481481481481,0.005555555555555556,9,0,9.777777777777779,1,360,226,-1,-1,0.0
stage2a_small_swarm_medium,3,145016,921,3,700,500,2,4,True,-0.8189983367919922,1.0,1.0,0.0,0.16031746031746033,0.11910805819336222,86,0.37222222222222223,0.04537037037037037,20,0,9.6,0,360,145,-1,-1,0.0
stage2a_small_swarm_medium,3,146096,922,3,700,500,2,4,True,1.6659049987792969,2.0,2.0,0.0,0.14126984126984127,0.18685306280434208,138,0.4074074074074074,0.032407407407407406,28,0,8.0,1,360,246,-1,-1,0.0
stage2a_small_swarm_medium,3,147176,923,3,700,500,2,4,True,1.8230133056640625,2.0,2.0,0.0,0.2634920634920635,0.17008194369813687,159,0.2851851851851852,0.011111111111111112,15,0,9.0,1,360,302,-1,-1,0.0
stage2a_small_swarm_medium,3,148256,924,3,700,500,2,4,True,-6.384487628936768,0.0,0.0,0.0,0.08888888888888889,0.25206409811211483,182,0.5388888888888889,0.04259259259259259,27,0,9.407407407407407,1,360,-1,-1,-1,0.0
stage2a_small_swarm_medium,3,149336,925,3,700,500,2,4,True,-5.210097312927246,0.0,0.0,0.0,0.11587301587301588,0.2249253703966301,148,0.48148148148148145,0.03981481481481482,32,0,9.125,1,360,-1,-1,-1,0.0
stage2a_small_swarm_medium,3,150416,926,3,700,500,2,4,True,-4.2423529624938965,1.0,1.0,0.0,0.1,0.1449412725956386,78,0.45,0.08148148148148149,27,0,10.518518518518519,1,360,132,-1,-1,0.0
stage2a_small_swarm_medium,3,151496,927,3,700,500,2,4,True,-2.4468729496002197,0.0,0.0,0.0,0.17936507936507937,0.05846200952353819,44,0.12222222222222222,0.003703703703703704,4,0,7.0,1,360,-1,-1,-1,0.0
stage2a_small_swarm_medium,3,152576,928,3,700,500,2,4,True,-3.2509021759033203,0.0,0.0,0.0,0.1619047619047619,0.07978257509239484,44,0.20555555555555555,0.003703703703703704,5,0,7.4,0,360,-1,-1,-1,0.0
stage2a_small_swarm_medium,3,153656,929,3,700,500,2,4,True,1.0188225507736206,1.0,1.0,0.0,0.22063492063492063,0.0847111154295918,82,0.21481481481481482,0.001851851851851852,6,0,7.333333333333333,0,360,313,-1,-1,0.0
stage2a_small_swarm_medium,3,154736,930,3,700,500,2,4,True,-2.0824553966522217,1.0,1.0,0.0,0.07777777777777778,0.19017656742771913,106,0.46574074074074073,0.03518518518518519,24,0,9.0,1,360,155,-1,-1,0.0
stage2a_small_swarm_medium,3,155816,931,3,700,500,2,4,True,0.5609368085861206,1.0,1.0,0.0,0.1349206349206349,0.08001071058657813,68,0.12314814814814815,0.0,2,0,7.0,1,360,278,-1,-1,0.0
stage2a_small_swarm_medium,3,156896,932,3,700,500,2,4,True,3.8074820041656494,3.0,3.0,0.0,0.2222222222222222,0.08359110361424328,71,0.3,0.007407407407407408,10,0,9.6,1,360,239,-1,-1,0.0
stage2a_small_swarm_medium,3,157976,933,3,700,500,2,4,True,-4.423452377319336,0.0,0.0,0.0,0.14285714285714285,0.10444059913969357,53,0.3537037037037037,0.014814814814814815,14,0,7.642857142857143,1,360,-1,-1,-1,0.0
stage2a_small_swarm_medium,3,159056,934,3,700,500,2,4,True,2.259303331375122,2.0,2.0,0.0,0.1380952380952381,0.06645759633716403,24,0.32314814814814813,0.010185185185185186,9,0,7.666666666666667,1,360,117,-1,-1,0.0
stage2a_small_swarm_medium,3,160136,935,3,700,500,2,4,True,0.7179381251335144,2.0,2.0,0.0,0.2222222222222222,0.01243515100278374,12,0.2537037037037037,0.000925925925925926,5,0,8.6,2,360,78,-1,-1,0.0
stage2a_small_swarm_medium,3,161216,936,3,700,500,2,4,True,-3.744715452194214,0.0,0.0,0.0,0.13968253968253969,0.04622478351617853,12,0.25925925925925924,0.0,4,0,7.0,1,360,-1,-1,-1,0.0
stage2a_small_swarm_medium,3,162296,937,3,700,500,2,4,True,-2.353771924972534,1.0,1.0,0.0,0.15555555555555556,0.04635077448673892,14,0.3435185185185185,0.016666666666666666,16,0,7.5625,1,360,266,-1,-1,0.0
stage2a_small_swarm_medium,3,163376,938,3,700,500,2,4,True,-3.7421510219573975,0.0,0.0,0.0,0.14761904761904762,0.05206672467649225,26,0.3055555555555556,0.007407407407407408,8,0,7.75,0,360,-1,-1,-1,0.0
stage2a_small_swarm_medium,3,164456,939,3,700,500,2,4,True,-2.7676963806152344,0.0,0.0,0.0,0.13174603174603175,0.0989591372582018,40,0.32685185185185184,0.010185185185185186,7,0,9.285714285714286,0,360,-1,-1,-1,0.0
stage2a_small_swarm_medium,3,165536,940,3,700,500,2,4,True,-0.4579811096191406,2.0,2.0,0.0,0.20317460317460317,0.029751778045600207,23,0.175,0.007407407407407408,6,0,7.833333333333333,1,360,177,-1,-1,0.0
stage2a_small_swarm_medium,3,166616,941,3,700,500,2,4,True,0.5374297499656677,1.0,1.0,0.0,0.09047619047619047,0.07243420846018665,28,0.14444444444444443,0.003703703703703704,2,0,7.0,0,360,225,-1,-1,0.0
stage2a_small_swarm_medium,3,167696,942,3,700,500,2,4,True,-9.018485069274902,1.0,1.0,0.0,0.1126984126984127,0.1407196968793869,40,0.33055555555555555,0.10740740740740741,20,0,16.15,1,360,53,-1,-1,0.0
stage2a_small_swarm_medium,3,168776,943,3,700,500,2,4,True,-2.4791834354400635,2.0,2.0,0.0,0.18253968253968253,0.08168152632144349,47,0.33425925925925926,0.0,15,0,8.733333333333333,1,360,152,-1,-1,0.0
stage2a_small_swarm_medium,3,169856,944,3,700,500,2,4,True,-3.1953413486480713,0.0,0.0,0.0,0.19682539682539682,0.05218842023060898,50,0.18518518518518517,0.003703703703703704,1,0,9.0,0,360,-1,-1,-1,0.0
stage2a_small_swarm_medium,3,170936,945,3,700,500,2,4,True,-3.6677463054656982,0.0,0.0,0.0,0.17936507936507937,0.06803240368468257,52,0.17962962962962964,0.0,1,0,7.0,1,360,-1,-1,-1,0.0
stage2a_small_swarm_medium,3,172016,946,3,700,500,2,4,True,3.20683217048645,2.0,2.0,0.0,0.2015873015873016,0.03877767104896958,42,0.12777777777777777,0.0,2,0,7.0,1,360,67,-1,-1,0.0
stage2a_small_swarm_medium,3,173096,947,3,700,500,2,4,True,-5.34201192855835,0.0,0.0,0.0,0.08571428571428572,0.15591379321423893,56,0.4888888888888889,0.028703703703703703,31,0,9.483870967741936,1,360,-1,-1,-1,0.0
stage2a_small_swarm_medium,3,174176,948,3,700,500,2,4,True,1.7501939535140991,2.0,2.0,0.0,0.2015873015873016,0.04224491882875251,20,0.09814814814814815,0.0,3,0,7.666666666666667,2,360,39,-1,-1,0.0
stage2a_small_swarm_medium,3,175256,949,3,700,500,2,4,True,0.39258718490600586,1.0,1.0,0.0,0.1746031746031746,0.05128703716198086,26,0.1398148148148148,0.0,2,0,7.0,0,360,197,-1,-1,0.0
stage2a_small_swarm_medium,3,176336,950,3,700,500,2,4,True,2.810744047164917,2.0,2.0,0.0,0.22063492063492063,0.05143193758558482,30,0.20277777777777778,0.0,2,0,7.0,0,360,1,-1,-1,0.0
stage2a_small_swarm_medium,3,177416,951,3,700,500,2,4,True,-4.113331317901611,0.0,0.0,0.0,0.13333333333333333,0.09776265420002378,28,0.2953703703703704,0.010185185185185186,8,0,7.5,1,360,-1,-1,-1,0.0
stage2a_small_swarm_medium,3,178496,952,3,700,500,2,4,True,-3.8606770038604736,0.0,0.0,0.0,0.09682539682539683,0.06650077302797905,30,0.38981481481481484,0.009259259259259259,9,0,8.11111111111111,0,360,-1,-1,-1,0.0
stage2a_small_swarm_medium,3,179576,953,3,700,500,2,4,True,0.15110571682453156,1.0,1.0,0.0,0.1523809523809524,0.06557682872290671,36,0.1935185185185185,0.0,4,0,7.0,0,360,27,-1,-1,0.0
stage2a_small_swarm_medium,3,180656,954,3,700,500,2,4,True,0.8365189433097839,1.0,1.0,0.0,0.23809523809523808,0.04212890966101204,20,0.15833333333333333,0.0,4,0,8.0,0,360,145,-1,-1,0.0
stage2a_small_swarm_medium,3,181736,955,3,700,500,2,4,True,-2.3845083713531494,0.0,0.0,0.0,0.11904761904761904,0.04335125596736799,24,0.19907407407407407,0.0,0,0,0.0,0,360,-1,-1,-1,0.0
stage2a_small_swarm_medium,3,182816,956,3,700,500,2,4,True,1.8848705291748047,1.0,1.0,0.0,0.14285714285714285,0.02417041599853999,6,0.04722222222222222,0.0,0,0,0.0,0,360,50,-1,-1,0.0
stage2a_small_swarm_medium,3,183896,957,3,700,500,2,4,True,-3.3223650455474854,0.0,0.0,0.0,0.09365079365079365,0.07311858233426594,14,0.027777777777777776,0.0,0,0,0.0,0,360,-1,-1,-1,0.0
stage2a_small_swarm_medium,3,184976,958,3,700,500,2,4,True,-1.8187288045883179,0.0,0.0,0.0,0.08571428571428572,0.0071406272502995485,6,0.005555555555555556,0.0,0,0,0.0,0,360,-1,-1,-1,0.0
stage2a_small_swarm_medium,3,186056,959,3,700,500,2,4,True,-5.388551235198975,0.0,0.0,0.0,0.0873015873015873,0.08006334221357031,10,0.11203703703703703,0.003703703703703704,6,0,7.0,1,360,-1,-1,-1,0.0
stage2a_small_swarm_medium,3,187136,960,3,700,500,2,4,True,-0.7809894680976868,0.0,0.0,0.0,0.06984126984126984,0.011516228952893504,2,0.002777777777777778,0.0,0,0,0.0,0,360,-1,-1,-1,0.0
stage2a_small_swarm_medium,3,188216,961,3,700,500,2,4,True,-1.8999967575073242,0.0,0.0,0.0,0.047619047619047616,0.0,0,0.002777777777777778,0.0,0,0,0.0,0,360,-1,-1,-1,0.0
stage2a_small_swarm_medium,3,189296,962,3,700,500,2,4,True,-4.13017463684082,0.0,0.0,0.0,0.06190476190476191,0.007228718242711491,2,0.04351851851851852,0.011111111111111112,3,0,10.333333333333334,1,360,-1,-1,-1,0.0
stage2a_small_swarm_medium,3,190376,963,3,700,500,2,4,True,-2.9788761138916016,0.0,0.0,0.0,0.1,0.01636680408415419,2,0.012037037037037037,0.0,0,0,0.0,1,360,-1,-1,-1,0.0
stage2a_small_swarm_medium,3,191456,964,3,700,500,2,4,True,-5.7776618003845215,0.0,0.0,0.0,0.12698412698412698,0.023271297572042653,4,0.04537037037037037,0.0,0,0,0.0,1,360,-1,-1,-1,0.0
stage2a_small_swarm_medium,3,192536,965,3,700,500,2,4,True,-0.3097148835659027,0.0,0.0,0.0,0.06190476190476191,0.0,0,0.007407407407407408,0.0,0,0,0.0,0,360,-1,-1,-1,0.0
stage2a_small_swarm_medium,3,193616,966,3,700,500,2,4,True,-3.1565475463867188,0.0,0.0,0.0,0.10634920634920635,0.04768608754416669,8,0.027777777777777776,0.0,0,0,0.0,0,360,-1,-1,-1,0.0
stage2a_small_swarm_medium,3,194696,967,3,700,500,2,4,True,-3.9704763889312744,0.0,0.0,0.0,0.1,0.05619683543056319,18,0.10925925925925926,0.0,1,0,7.0,1,360,-1,-1,-1,0.0
stage2a_small_swarm_medium,3,195776,968,3,700,500,2,4,True,-1.5605436563491821,0.0,0.0,0.0,0.0761904761904762,0.02955798493995745,6,0.03611111111111111,0.007407407407407408,2,0,9.0,1,360,-1,-1,-1,0.0
stage2a_small_swarm_medium,3,196856,969,3,700,500,2,4,True,0.3070472180843353,1.0,1.0,0.0,0.10634920634920635,0.02448474454577081,6,0.011111111111111112,0.0,0,0,0.0,0,360,10,-1,-1,0.0
stage2a_small_swarm_medium,3,197936,970,3,700,500,2,4,True,-4.606350421905518,0.0,0.0,0.0,0.16031746031746033,0.0800744326783051,26,0.15555555555555556,0.0,5,0,7.6,1,360,-1,-1,-1,0.0
stage2a_small_swarm_medium,3,199016,971,3,700,500,2,4,True,-1.1258821487426758,0.0,0.0,0.0,0.06507936507936508,0.0,0,0.005555555555555556,0.0,0,0,0.0,0,360,-1,-1,-1,0.0
stage2a_small_swarm_medium,3,200096,972,3,700,500,2,4,True,-3.0610427856445312,0.0,0.0,0.0,0.09841269841269841,0.0731857753764079,14,0.026851851851851852,0.001851851851851852,1,0,7.0,0,360,-1,-1,-1,0.0
stage2a_small_swarm_medium,3,201176,973,3,700,500,2,4,True,-2.601262092590332,0.0,0.0,0.0,0.10158730158730159,0.08095694430543246,22,0.19722222222222222,0.001851851851851852,1,0,7.0,0,360,-1,-1,-1,0.0
stage2a_small_swarm_medium,3,202256,974,3,700,500,2,4,True,-2.6395390033721924,0.0,0.0,0.0,0.06031746031746032,0.0,0,0.010185185185185186,0.0,1,0,8.0,1,360,-1,-1,-1,0.0
stage2a_small_swarm_medium,3,203336,975,3,700,500,2,4,True,-3.453411340713501,0.0,0.0,0.0,0.09682539682539683,0.11092823353095878,26,0.14166666666666666,0.004629629629629629,2,0,8.0,0,360,-1,-1,-1,0.0
stage2a_small_swarm_medium,3,204416,976,3,700,500,2,4,True,-6.645994663238525,1.0,1.0,0.0,0.11428571428571428,0.06687096811537804,32,0.24166666666666667,0.002777777777777778,7,0,7.857142857142857,1,360,101,-1,-1,0.0
stage2a_small_swarm_medium,3,205496,977,3,700,500,2,4,True,-8.508440971374512,0.0,0.0,0.0,0.1619047619047619,0.058892088311000006,46,0.16574074074074074,0.0,2,0,7.0,2,360,-1,-1,-1,0.0
stage2a_small_swarm_medium,3,206576,978,3,700,500,2,4,True,-2.8345043659210205,0.0,0.0,0.0,0.07301587301587302,0.0793325586739229,26,0.041666666666666664,0.014814814814814815,2,0,13.0,1,360,-1,-1,-1,0.0
stage2a_small_swarm_medium,3,207656,979,3,700,500,2,4,True,-3.4989118576049805,0.0,0.0,0.0,0.10476190476190476,0.09392260385103766,64,0.15555555555555556,0.0,4,0,7.5,0,360,-1,-1,-1,0.0
stage2a_small_swarm_medium,3,208736,980,3,700,500,2,4,True,-5.197933197021484,0.0,0.0,0.0,0.12380952380952381,0.13959461292860967,166,0.18888888888888888,0.0,6,0,12.833333333333334,1,360,-1,-1,-1,0.0
stage2a_small_swarm_medium,3,209816,981,3,700,500,2,4,True,-1.4425987005233765,0.0,0.0,0.0,0.2523809523809524,0.11292639798172145,180,0.15555555555555556,0.0,2,0,7.0,0,360,-1,-1,-1,0.0
stage2a_small_swarm_medium,3,210896,982,3,700,500,2,4,True,1.2072128057479858,1.0,1.0,0.0,0.14761904761904762,0.16009930262721522,208,0.2111111111111111,0.005555555555555556,3,0,8.333333333333334,0,360,302,-1,-1,0.0
stage2a_small_swarm_medium,3,211976,983,3,700,500,2,4,True,-3.5281753540039062,0.0,0.0,0.0,0.13174603174603175,0.16835642767233636,224,0.2796296296296296,0.0,6,0,7.333333333333333,1,360,-1,-1,-1,0.0
stage2a_small_swarm_medium,3,213056,984,3,700,500,2,4,True,-2.691265821456909,0.0,0.0,0.0,0.14761904761904762,0.11240326595531466,130,0.18703703703703703,0.003703703703703704,3,0,7.666666666666667,0,360,-1,-1,-1,0.0
stage2a_small_swarm_medium,3,214136,985,3,700,500,2,4,True,-3.835909843444824,0.0,0.0,0.0,0.08253968253968254,0.09289474706984713,84,0.1388888888888889,0.001851851851851852,1,0,7.0,1,360,-1,-1,-1,0.0
stage2b_small_swarm_large,4,215786,986,3,950,700,3,8,True,-5.162961959838867,0.0,0.0,0.0,0.09333333333333334,0.09422093031974509,128,0.17266666666666666,0.0013333333333333333,7,0,7.571428571428571,1,500,-1,-1,-1,0.0
stage2b_small_swarm_large,4,217286,987,3,950,700,3,8,True,-4.874087810516357,0.0,0.0,0.0,0.051666666666666666,0.07472668316168711,46,0.026,0.0013333333333333333,1,0,7.0,1,500,-1,-1,-1,0.0
stage2b_small_swarm_large,4,218786,988,3,950,700,3,8,True,-8.894332885742188,0.0,0.0,0.0,0.14166666666666666,0.12257226741376022,162,0.2713333333333333,0.0,17,0,9.352941176470589,1,500,-1,-1,-1,0.0
stage2b_small_swarm_large,4,220286,989,3,950,700,3,8,True,-7.3617024421691895,0.0,0.0,0.0,0.055,0.14504465411471512,249,0.21266666666666667,0.0033333333333333335,4,0,8.0,1,500,-1,-1,-1,0.0
stage2b_small_swarm_large,4,221786,990,3,950,700,3,8,True,-5.838872909545898,2.0,2.0,0.0,0.15333333333333332,0.12478685685813735,187,0.25533333333333336,0.004666666666666667,16,0,7.3125,1,500,162,-1,-1,0.0
stage2b_small_swarm_large,4,223286,991,3,950,700,3,8,True,-4.320547103881836,0.0,0.0,0.0,0.17166666666666666,0.09304014850718281,152,0.234,0.0026666666666666666,11,0,7.7272727272727275,1,500,-1,-1,-1,0.0
stage2b_small_swarm_large,4,224786,992,3,950,700,3,8,True,-7.9748215675354,0.0,0.0,0.0,0.0725,0.21237648325599728,94,0.49533333333333335,0.10066666666666667,39,0,10.897435897435898,1,500,-1,-1,-1,0.0
stage2b_small_swarm_large,4,226286,993,3,950,700,3,8,True,-7.364223957061768,0.0,0.0,0.0,0.0675,0.1733984194579534,100,0.5166666666666667,0.07733333333333334,34,0,12.647058823529411,0,500,-1,-1,-1,0.0
stage2b_small_swarm_large,4,227786,994,3,950,700,3,8,True,-4.102270126342773,0.0,0.0,0.0,0.19916666666666666,0.0815501182814284,88,0.19933333333333333,0.0033333333333333335,7,0,7.0,1,500,-1,-1,-1,0.0
stage2b_small_swarm_large,4,229286,995,3,950,700,3,8,True,-5.301879405975342,1.0,1.0,0.0,0.10333333333333333,0.11338853922532874,82,0.38666666666666666,0.036,33,0,8.575757575757576,2,500,30,-1,-1,0.0
stage2b_small_swarm_large,4,230786,996,3,950,700,3,8,True,-6.280645370483398,0.0,0.0,0.0,0.18,0.1029431868858325,140,0.25333333333333335,0.0026666666666666666,19,0,7.7368421052631575,1,500,-1,-1,-1,0.0
stage2b_small_swarm_large,4,232286,997,3,950,700,3,8,True,-9.040619850158691,0.0,0.0,0.0,0.085,0.1758473806909751,156,0.262,0.016,16,0,7.9375,1,500,-1,-1,-1,0.0
stage2b_small_swarm_large,4,233786,998,3,950,700,3,8,True,-6.3115553855896,0.0,0.0,0.0,0.1075,0.18276065201545133,125,0.3393333333333333,0.03266666666666666,28,0,7.785714285714286,1,500,-1,-1,-1,0.0
stage2b_small_swarm_large,4,235286,999,3,950,700,3,8,True,-6.892343044281006,0.0,0.0,0.0,0.05,0.22281044596418118,176,0.42866666666666664,0.04666666666666667,47,0,7.531914893617022,1,500,-1,-1,-1,0.0
stage2b_small_swarm_large,4,236786,1000,3,950,700,3,8,True,-5.053609848022461,0.0,0.0,0.0,0.08,0.05405026801528099,98,0.06866666666666667,0.0,0,0,0.0,1,500,-1,-1,-1,0.0
stage2b_small_swarm_large,4,238286,1001,3,950,700,3,8,True,-6.126552581787109,0.0,0.0,0.0,0.17083333333333334,0.04991841029422358,70,0.08266666666666667,0.0,4,0,7.5,1,500,-1,-1,-1,0.0
stage2b_small_swarm_large,4,239786,1002,3,950,700,3,8,True,-4.575191497802734,0.0,0.0,0.0,0.115,0.08601251812884585,102,0.136,0.0,3,0,7.0,1,500,-1,-1,-1,0.0
stage2b_small_swarm_large,4,241286,1003,3,950,700,3,8,True,-9.654088020324707,0.0,0.0,0.0,0.0925,0.06063805340253748,105,0.07533333333333334,0.0,0,0,0.0,1,500,-1,-1,-1,0.0
stage2b_small_swarm_large,4,242786,1004,3,950,700,3,8,True,-8.56696605682373,0.0,0.0,0.0,0.085,0.07556548349016036,148,0.10266666666666667,0.0006666666666666666,2,0,5.5,1,500,-1,-1,-1,0.0
stage2b_small_swarm_large,4,244286,1005,3,950,700,3,8,True,-8.43130874633789,0.0,0.0,0.0,0.0825,0.12632339693404115,258,0.18933333333333333,0.0,3,0,7.666666666666667,1,500,-1,-1,-1,0.0
stage2b_small_swarm_large,4,245786,1006,3,950,700,3,8,True,-5.182231426239014,0.0,0.0,0.0,0.0975,0.08292692571373968,221,0.08866666666666667,0.0013333333333333333,3,0,7.0,1,500,-1,-1,-1,0.0
stage2b_small_swarm_large,4,247286,1007,3,950,700,3,8,True,-9.143068313598633,0.0,0.0,0.0,0.11583333333333333,0.07701887150481343,452,0.03266666666666666,0.0,2,0,6.5,2,500,-1,-1,-1,0.0
stage2b_small_swarm_large,4,248786,1008,3,950,700,3,8,True,-8.56450366973877,0.0,0.0,0.0,0.15166666666666667,0.09150163810343172,613,0.11,0.0,9,0,7.222222222222222,1,500,-1,-1,-1,0.0
stage2b_small_swarm_large,4,250286,1009,3,950,700,3,8,True,-14.688526153564453,0.0,0.0,0.0,0.12,0.1173633374235748,625,0.16533333333333333,0.0006666666666666666,2,0,7.0,1,500,-1,-1,-1,0.0
stage2b_small_swarm_large,4,251786,1010,3,950,700,3,8,True,-4.986832141876221,0.0,0.0,0.0,0.08416666666666667,0.076034965725538,364,0.023333333333333334,0.0,0,0,0.0,1,500,-1,-1,-1,0.0
stage2b_small_swarm_large,4,253286,1011,3,950,700,3,8,True,-10.313813209533691,1.0,1.0,0.0,0.056666666666666664,0.0969401765667523,217,0.05,0.0,0,0,0.0,2,500,348,-1,-1,0.0
stage2b_small_swarm_large,4,254786,1012,3,950,700,3,8,True,-4.3731865882873535,0.0,0.0,0.0,0.030833333333333334,0.1360659400788136,88,0.002,0.0,0,0,0.0,0,500,-1,-1,-1,0.0
stage2b_small_swarm_large,4,256286,1013,3,950,700,3,8,True,-4.5868353843688965,0.0,0.0,0.0,0.049166666666666664,0.06984550205812168,54,0.007333333333333333,0.0,0,0,0.0,1,500,-1,-1,-1,0.0
stage2b_small_swarm_large,4,257786,1014,3,950,700,3,8,True,-5.273560523986816,1.0,1.0,0.0,0.10333333333333333,0.038884830591036,54,0.03933333333333333,0.0013333333333333333,1,0,7.0,1,500,24,-1,-1,0.0
stage2b_small_swarm_large,4,259286,1015,3,950,700,3,8,True,-2.1842405796051025,1.0,1.0,0.0,0.08416666666666667,0.06457068260619417,66,0.04066666666666666,0.0,0,0,0.0,1,500,488,-1,-1,0.0
stage2b_small_swarm_large,4,260786,1016,3,950,700,3,8,True,-11.908467292785645,0.0,0.0,0.0,0.14416666666666667,0.04814687505395462,72,0.08466666666666667,0.0,4,0,7.0,1,500,-1,-1,-1,0.0
stage2b_small_swarm_large,4,262286,1017,3,950,700,3,8,True,-4.317199230194092,0.0,0.0,0.0,0.08416666666666667,0.09098242623568513,100,0.114,0.0,1,0,9.0,0,500,-1,-1,-1,0.0
stage2b_small_swarm_large,4,263786,1018,3,950,700,3,8,True,-11.90286922454834,0.0,0.0,0.0,0.06166666666666667,0.16147971072265258,108,0.364,0.028,17,0,8.941176470588236,1,500,-1,-1,-1,0.0
stage2b_small_swarm_large,4,265286,1019,3,950,700,3,8,True,-15.392865180969238,0.0,0.0,0.0,0.05416666666666667,0.18167922625325933,159,0.528,0.08733333333333333,47,0,9.638297872340425,1,500,-1,-1,-1,0.0
stage2b_small_swarm_large,4,266786,1020,3,950,700,3,8,True,-5.065967082977295,0.0,0.0,0.0,0.1875,0.07806098737032152,270,0.16866666666666666,0.0,8,0,6.125,2,500,-1,-1,-1,0.0
stage2b_small_swarm_large,4,268286,1021,3,950,700,3,8,True,-12.921481132507324,0.0,0.0,0.0,0.17333333333333334,0.0855594803847683,277,0.236,0.0,14,0,7.571428571428571,1,500,-1,-1,-1,0.0
stage2b_small_swarm_large,4,269786,1022,3,950,700,3,8,True,-11.632022857666016,0.0,0.0,0.0,0.25166666666666665,0.10011176225248104,330,0.22,0.0026666666666666666,10,0,8.9,1,500,-1,-1,-1,0.0
stage2b_small_swarm_large,4,271286,1023,3,950,700,3,8,True,-30.46601104736328,1.0,1.0,0.0,0.20916666666666667,0.12506962952425235,355,0.2713333333333333,0.0006666666666666666,19,0,9.0,1,500,43,-1,-1,0.0
stage2b_small_swarm_large,4,272786,1024,3,950,700,3,8,True,-29.54581642150879,5.0,5.0,0.0,0.23666666666666666,0.21229597022244706,383,0.42,0.002,35,0,8.771428571428572,2,500,30,-1,-1,0.0
stage2b_small_swarm_large,4,274286,1025,3,950,700,3,8,True,-27.287599563598633,0.0,0.0,0.0,0.21083333333333334,0.19621142578218131,487,0.37866666666666665,0.0,25,0,9.04,1,500,-1,-1,-1,0.0
stage2b_small_swarm_large,4,275786,1026,3,950,700,3,8,True,-29.244651794433594,0.0,0.0,0.0,0.205,0.2799041531304829,573,0.466,0.0006666666666666666,33,0,9.484848484848484,1,500,-1,-1,-1,0.0
stage2b_small_swarm_large,4,277286,1027,3,950,700,3,8,True,-20.84149932861328,2.0,2.0,0.0,0.16083333333333333,0.28836950407650636,615,0.496,0.0033333333333333335,34,0,9.470588235294118,1,500,317,-1,-1,0.0
stage2b_small_swarm_large,4,278786,1028,3,950,700,3,8,True,-22.483675003051758,0.0,0.0,0.0,0.09666666666666666,0.380604227568411,792,0.604,0.019333333333333334,38,0,11.657894736842104,1,500,-1,-1,-1,0.0
stage2b_small_swarm_large,4,280286,1029,3,950,700,3,8,True,-15.829304695129395,0.0,0.0,0.0,0.15666666666666668,0.4485790674631716,1003,0.6593333333333333,0.0,42,0,13.857142857142858,1,500,-1,-1,-1,0.0
stage2b_small_swarm_large,4,281786,1030,3,950,700,3,8,True,-17.852876663208008,0.0,0.0,0.0,0.06916666666666667,0.4655973422422928,940,0.6953333333333334,0.058,41,0,15.170731707317072,1,500,-1,-1,-1,0.0
stage2b_small_swarm_large,4,283286,1031,3,950,700,3,8,True,-6.1043572425842285,0.0,0.0,0.0,0.16916666666666666,0.30389149074528055,748,0.49066666666666664,0.002,16,0,9.75,1,500,-1,-1,-1,0.0
stage2b_small_swarm_large,4,284786,1032,3,950,700,3,8,True,-12.027100563049316,2.0,2.0,0.0,0.16666666666666666,0.2623401923724838,648,0.47,0.004666666666666667,20,0,9.4,1,500,173,-1,-1,0.0
stage3a_full_swarm_large,5,288716,1033,6,950,700,3,8,True,-10.937718391418457,2.0,2.0,0.0,0.21,0.24943592394096775,970,0.582,0.007666666666666666,80,0,9.9625,1,500,5,-1,-1,0.0
stage3a_full_swarm_large,5,291716,1034,6,950,700,3,8,True,-16.9273681640625,0.0,0.0,0.0,0.18083333333333335,0.2497923053795239,807,0.6486666666666666,0.012,104,0,11.759615384615385,1,500,-1,-1,-1,0.0
stage3a_full_swarm_large,5,294716,1035,6,950,700,3,8,True,-8.830496788024902,1.0,1.0,0.0,0.17916666666666667,0.22521963419794339,858,0.6276666666666667,0.016,99,0,11.686868686868687,1,500,322,-1,-1,0.0
stage3a_full_swarm_large,5,297716,1036,6,950,700,3,8,True,-13.040743827819824,0.0,0.0,0.0,0.11583333333333333,0.2824023762769842,703,0.7723333333333333,0.126,111,0,15.774774774774775,1,500,-1,-1,-1,0.0
stage3a_full_swarm_large,5,300716,1037,6,950,700,3,8,True,-8.886380195617676,0.0,0.0,0.0,0.155,0.22461270088681098,665,0.675,0.115,106,0,13.650943396226415,1,500,-1,-1,-1,0.0
stage3a_full_swarm_large,5,303716,1038,6,950,700,3,8,True,-9.385560035705566,0.0,0.0,0.0,0.11666666666666667,0.2548068298373158,997,0.6823333333333333,0.06466666666666666,100,0,11.94,1,500,-1,-1,-1,0.0
stage3a_full_swarm_large,5,306716,1039,6,950,700,3,8,True,-14.536498069763184,1.0,1.0,0.0,0.09,0.3110953256421877,867,0.7416666666666667,0.13533333333333333,119,0,13.680672268907562,1,500,19,-1,-1,0.0
stage3a_full_swarm_large,5,309716,1040,6,950,700,3,8,True,-8.31452751159668,0.0,0.0,0.0,0.175,0.2377768156664873,974,0.679,0.012333333333333333,108,0,11.574074074074074,1,500,-1,-1,-1,0.0
stage3a_full_swarm_large,5,312716,1041,6,950,700,3,8,True,-6.637918472290039,1.0,1.0,0.0,0.235,0.2416813504045907,1151,0.656,0.004333333333333333,115,0,10.495652173913044,1,500,260,-1,-1,0.0
stage3a_full_swarm_large,5,315716,1042,6,950,700,3,8,True,-8.499472618103027,3.0,3.0,0.0,0.20166666666666666,0.2637865740994651,1225,0.6626666666666666,0.011333333333333334,106,0,11.575471698113208,1,500,40,-1,-1,0.0
stage3a_full_swarm_large,5,318716,1043,6,950,700,3,8,True,-12.947440147399902,0.0,0.0,0.0,0.10916666666666666,0.29278663878657973,940,0.7883333333333333,0.09,112,0,16.946428571428573,1,500,-1,-1,-1,0.0
stage3a_full_swarm_large,5,321716,1044,6,950,700,3,8,True,-14.532989501953125,1.0,1.0,0.0,0.15166666666666667,0.26873728783343304,958,0.7253333333333334,0.119,96,0,15.989583333333334,1,500,424,-1,-1,0.0
stage3a_full_swarm_large,5,324716,1045,6,950,700,3,8,True,-11.217391014099121,0.0,0.0,0.0,0.165,0.2501301635535007,847,0.729,0.047,119,0,14.033613445378151,1,500,-1,-1,-1,0.0
stage3a_full_swarm_large,5,327716,1046,6,950,700,3,8,True,-8.263813018798828,0.0,0.0,0.0,0.26,0.20388042928284267,883,0.6286666666666667,0.007333333333333333,107,0,11.22429906542056,1,500,-1,-1,-1,0.0
stage3a_full_swarm_large,5,330716,1047,6,950,700,3,8,True,-12.4448823928833,1.0,1.0,0.0,0.15916666666666668,0.22133385617412082,794,0.7236666666666667,0.026333333333333334,105,0,15.4,1,500,166,-1,-1,0.0
stage3a_full_swarm_large,5,333716,1048,6,950,700,3,8,True,-10.186495780944824,0.0,0.0,0.0,0.12833333333333333,0.23169152513675118,929,0.716,0.041666666666666664,116,0,13.172413793103448,1,500,-1,-1,-1,0.0
stage3a_full_swarm_large,5,336716,1049,6,950,700,3,8,True,-7.038227081298828,3.0,3.0,0.0,0.13583333333333333,0.24346338338170126,927,0.681,0.050333333333333334,110,0,12.563636363636364,1,500,327,-1,-1,0.0
stage3a_full_swarm_large,5,339716,1050,6,950,700,3,8,True,-8.46787166595459,0.0,0.0,0.0,0.18583333333333332,0.23382318895210238,1004,0.634,0.023333333333333334,103,0,11.145631067961165,1,500,-1,-1,-1,0.0
stage3a_full_swarm_large,5,342716,1051,6,950,700,3,8,True,-6.735866546630859,2.0,2.0,0.0,0.3025,0.23076632468111347,1017,0.598,0.017333333333333333,96,0,10.46875,1,500,324,-1,-1,0.0
stage3a_full_swarm_large,5,345716,1052,6,950,700,3,8,True,-14.402375221252441,0.0,0.0,0.0,0.09166666666666666,0.3003702873723426,803,0.7473333333333333,0.141,114,0,14.464912280701755,1,500,-1,-1,-1,0.0
stage3a_full_swarm_large,5,348716,1053,6,950,700,3,8,True,-10.050389289855957,0.0,0.0,0.0,0.20916666666666667,0.24476737379859942,1239,0.6253333333333333,0.014333333333333333,101,0,10.722772277227723,2,500,-1,-1,-1,0.0
stage3a_full_swarm_large,5,351716,1054,6,950,700,3,8,True,-8.396868705749512,0.0,0.0,0.0,0.2325,0.2479862495518561,1238,0.583,0.008666666666666666,76,0,10.197368421052632,1,500,-1,-1,-1,0.0
stage3a_full_swarm_large,5,354716,1055,6,950,700,3,8,True,-6.791656017303467,0.0,0.0,0.0,0.2683333333333333,0.2061174975602674,998,0.5686666666666667,0.0006666666666666666,88,0,10.204545454545455,0,500,-1,-1,-1,0.0
stage3b_full_swarm_final,6,361466,1056,6,1400,950,4,35,True,-21.811227798461914,0.0,0.0,0.0,0.09957627118644068,0.2624868580023354,1753,0.5923611111111111,0.012962962962962963,106,0,10.88679245283019,1,720,-1,-1,-1,0.0
stage3b_full_swarm_final,6,365786,1057,6,1400,950,4,35,True,-19.3897705078125,0.0,0.0,0.0,0.09364406779661016,0.27404010311888505,1646,0.6053240740740741,0.016666666666666666,103,0,10.330097087378642,1,720,-1,-1,-1,0.0
stage3b_full_swarm_final,6,370106,1058,6,1400,950,4,35,True,-17.954675674438477,0.0,0.0,0.0,0.11271186440677966,0.2713261874180009,1976,0.5689814814814815,0.013425925925925926,91,0,10.197802197802197,1,720,-1,-1,-1,0.0
stage3b_full_swarm_final,6,374426,1059,6,1400,950,4,35,True,-12.337241172790527,1.0,1.0,0.0,0.08813559322033898,0.3052009536173972,2163,0.6263888888888889,0.03657407407407407,129,0,10.170542635658915,2,720,431,-1,-1,0.0
stage3b_full_swarm_final,6,378746,1060,6,1400,950,4,35,True,-29.009889602661133,0.0,0.0,0.0,0.15084745762711865,0.2733675633419908,2110,0.600925925925926,0.023842592592592592,119,0,9.840336134453782,2,720,-1,-1,-1,0.0
stage3b_full_swarm_final,6,383066,1061,6,1400,950,4,35,True,-19.778549194335938,1.0,1.0,0.0,0.11652542372881355,0.30653484085824284,2036,0.6729166666666667,0.029861111111111113,148,0,11.243243243243244,1,720,512,-1,-1,0.0
stage3b_full_swarm_final,6,387386,1062,6,1400,950,4,35,True,-22.233781814575195,3.0,3.0,0.0,0.1385593220338983,0.30531399668474885,2274,0.6465277777777778,0.015509259259259259,143,0,10.853146853146853,2,720,316,-1,-1,0.0
stage3b_full_swarm_final,6,391706,1063,6,1400,950,4,35,True,-20.784881591796875,1.0,1.0,0.0,0.11313559322033899,0.30370350287325387,2186,0.6546296296296297,0.0375,144,0,10.368055555555555,1,720,450,-1,-1,0.0
stage3b_full_swarm_final,6,396026,1064,6,1400,950,4,35,True,-25.584035873413086,1.0,1.0,0.0,0.13220338983050847,0.27946955055328243,1877,0.6592592592592592,0.0125,150,0,11.4,1,720,509,-1,-1,0.0
stage3b_full_swarm_final,6,400346,1065,6,1400,950,4,35,True,-18.012544631958008,2.0,2.0,0.0,0.10847457627118644,0.2862112083756074,1431,0.7252314814814815,0.06851851851851852,163,0,13.865030674846626,1,720,32,-1,-1,0.0
stage3b_full_swarm_final,6,404666,1066,6,1400,950,4,35,True,-29.275161743164062,2.0,2.0,0.0,0.1059322033898305,0.3171643323657783,1197,0.7546296296296297,0.09259259259259259,177,0,14.937853107344633,4,720,365,-1,-1,0.0
stage3b_full_swarm_final,6,408986,1067,6,1400,950,4,35,True,-17.260459899902344,1.0,1.0,0.0,0.11864406779661017,0.18851893279815732,788,0.7208333333333333,0.041666666666666664,170,0,15.123529411764705,1,720,639,-1,-1,0.0
stage3b_full_swarm_final,6,413306,1068,6,1400,950,4,35,True,-15.26262378692627,0.0,0.0,0.0,0.1271186440677966,0.14670750718703654,683,0.64375,0.0837962962962963,167,0,12.820359281437126,1,720,-1,-1,-1,0.0
stage3b_full_swarm_final,6,417626,1069,6,1400,950,4,35,True,-19.781875610351562,0.0,0.0,0.0,0.12033898305084746,0.21980563424938873,910,0.6481481481481481,0.09166666666666666,170,0,12.18235294117647,1,720,-1,-1,-1,0.0
stage3b_full_swarm_final,6,421946,1070,6,1400,950,4,35,True,-17.910308837890625,1.0,1.0,0.0,0.06864406779661017,0.2523474072010787,1193,0.6555555555555556,0.06273148148148149,182,0,10.313186813186814,1,720,13,-1,-1,0.0
stage3b_full_swarm_final,6,426266,1071,6,1400,950,4,35,True,-20.790851593017578,0.0,0.0,0.0,0.09576271186440678,0.263541583095031,1484,0.6143518518518518,0.03125,158,0,9.544303797468354,1,720,-1,-1,-1,0.0
stage3b_full_swarm_final,6,430586,1072,6,1400,950,4,35,True,-16.791231155395508,0.0,0.0,0.0,0.11652542372881355,0.2542097051909945,1819,0.6289351851851852,0.004861111111111111,150,0,8.893333333333333,1,720,-1,-1,-1,0.0
stage3b_full_swarm_final,6,434906,1073,6,1400,950,4,35,True,-17.253156661987305,1.0,1.0,0.0,0.11610169491525424,0.26617939030829463,1988,0.5701388888888889,0.017824074074074076,128,0,8.5234375,1,720,152,-1,-1,0.0
stage3b_full_swarm_final,6,439226,1074,6,1400,950,4,35,True,-23.971542358398438,1.0,1.0,0.0,0.14872881355932202,0.26038281653439943,2086,0.5328703703703703,0.006712962962962963,93,0,8.817204301075268,2,720,563,-1,-1,0.0
stage3b_full_swarm_final,6,443546,1075,6,1400,950,4,35,True,-29.0871524810791,1.0,1.0,0.0,0.18347457627118643,0.23429558488151087,2169,0.4759259259259259,0.004861111111111111,69,0,8.028985507246377,1,720,650,-1,-1,0.0
stage3b_full_swarm_final,6,447866,1076,6,1400,950,4,35,True,-32.790279388427734,0.0,0.0,0.0,0.125,0.24182509093817417,1979,0.48842592592592593,0.004398148148148148,64,0,8.21875,2,720,-1,-1,-1,0.0
stage3b_full_swarm_final,6,452186,1077,6,1400,950,4,35,True,-25.07209587097168,2.0,2.0,0.0,0.08432203389830509,0.3191715494910669,2436,0.5923611111111111,0.008101851851851851,109,0,9.256880733944953,1,720,125,-1,-1,0.0
stage3b_full_swarm_final,6,456506,1078,6,1400,950,4,35,True,-19.27513313293457,0.0,0.0,0.0,0.057203389830508475,0.4167397589475849,2907,0.73125,0.04722222222222222,192,0,9.984375,2,720,-1,-1,-1,0.0
stage3b_full_swarm_final,6,460826,1079,6,1400,950,4,35,True,-24.001075744628906,0.0,0.0,0.0,0.03898305084745763,0.3937471594283663,2224,0.7923611111111111,0.059722222222222225,207,0,10.980676328502415,1,720,-1,-1,-1,0.0
stage3b_full_swarm_final,6,465146,1080,6,1400,950,4,35,True,-17.544519424438477,0.0,0.0,0.0,0.08177966101694915,0.33272079768886653,2417,0.6606481481481481,0.03194444444444444,157,0,10.13375796178344,1,720,-1,-1,-1,0.0
stage3b_full_swarm_final,6,469466,1081,6,1400,950,4,35,True,-15.124443054199219,1.0,1.0,0.0,0.13559322033898305,0.28900093124334997,2404,0.5895833333333333,0.005787037037037037,120,0,9.125,1,720,620,-1,-1,0.0
stage3b_full_swarm_final,6,473786,1082,6,1400,950,4,35,True,-16.274417877197266,0.0,0.0,0.0,0.11440677966101695,0.23894584368950342,2077,0.4826388888888889,0.0030092592592592593,66,0,8.833333333333334,1,720,-1,-1,-1,0.0
stage3b_full_swarm_final,6,478106,1083,6,1400,950,4,35,True,-11.22324275970459,2.0,2.0,0.0,0.17796610169491525,0.16086372766120702,1930,0.31203703703703706,0.0002314814814814815,28,0,7.714285714285714,1,720,711,-1,-1,0.0
stage3b_full_swarm_final,6,482426,1084,6,1400,950,4,35,True,-22.635156631469727,0.0,0.0,0.0,0.13432203389830508,0.14441400278188263,1147,0.30439814814814814,0.010185185185185186,36,0,8.86111111111111,2,720,-1,-1,-1,0.0
stage3b_full_swarm_final,6,486746,1085,6,1400,950,4,35,True,-19.001806259155273,0.0,0.0,0.0,0.13601694915254237,0.1456175763683455,1071,0.2884259259259259,0.000925925925925926,24,0,7.583333333333333,1,720,-1,-1,-1,0.0
stage3b_full_swarm_final,6,491066,1086,6,1400,950,4,35,True,-16.313135147094727,0.0,0.0,0.0,0.12966101694915255,0.13050356377395847,979,0.20069444444444445,0.0006944444444444445,15,0,7.866666666666666,2,720,-1,-1,-1,0.0
stage3b_full_swarm_final,6,495386,1087,6,1400,950,4,35,True,-14.636975288391113,0.0,0.0,0.0,0.08728813559322034,0.18264566285542969,1262,0.33101851851851855,0.003703703703703704,32,0,7.28125,1,720,-1,-1,-1,0.0
stage3b_full_swarm_final,6,499706,1088,6,1400,950,4,35,True,-13.201302528381348,0.0,0.0,0.0,0.10508474576271186,0.13398941926418584,1452,0.17731481481481481,0.0,16,0,8.125,1,720,-1,-1,-1,0.0
