episode,global_step,epsilon,mean_episode_reward,food_discovered,food_picked_up,food_retrieved,food_delivered,exploration_coverage,coverage_reward_total,pheromone_usage,pheromone_deposit_events,episode_length,collisions,reward_step_component,reward_pickup_component,reward_delivery_component,reward_collision_component,reward_exploration_component,reward_new_cell_component,reward_food_approach_component,reward_food_detected_component,reward_pheromone_follow_component,reward_pheromone_usage_component,reward_pheromone_deposit_component,reward_pheromone_component,swarm_efficiency
1,600,0.9952579166666666,-223.09228515625,2,2,0,0,0.2074898785425101,3.980000000000003,0.48415846378039634,1820,600,1319,-35.99999999999985,20.0,0.0,-1319.0,3.980000000000003,3.980000000000003,0.027786604563395254,0.49999999999999994,1.0422480663657185,0.0,-9.099999999999952,-8.057751933634233,0.0
2,1200,0.9905079166666667,-314.9106140136719,0,0,0,0,0.12651821862348178,2.3800000000000012,0.5511265330131331,1848,600,1848,-35.99999999999985,0.0,0.0,-1848.0,2.3800000000000012,2.3800000000000012,-0.09565593465169271,0.2,1.2983806443773205,0.0,-9.239999999999943,-7.941619355622623,0.0
3,1800,0.9857579166666667,-272.9441833496094,1,1,0,0,0.18421052631578946,3.5200000000000022,0.5174271119955747,1802,600,1608,-35.99999999999985,10.0,0.0,-1608.0,3.5200000000000022,3.5200000000000022,0.2957182591756182,0.44999999999999996,1.0840300703421237,0.0,-9.009999999999938,-7.925969929657814,0.0
4,2400,0.9810079166666666,-366.4587097167969,2,2,0,0,0.12955465587044535,2.4400000000000017,0.5760503050289684,1766,600,2178,-35.99999999999985,20.0,0.0,-2178.0,2.4400000000000017,2.4400000000000017,0.22152719624837247,0.6,0.8239167943596837,0.0,-8.829999999999947,-8.006083205640262,0.0
5,3000,0.9762579166666667,-459.9794616699219,1,1,0,0,0.12854251012145748,2.4200000000000017,0.643106913347955,1768,600,2728,-35.99999999999985,10.0,0.0,-2728.0,2.4200000000000017,2.4200000000000017,0.07898417536417639,0.1,0.3766221382375807,0.0,-8.83999999999994,-8.463377861762359,0.0
6,3600,0.9715079166666667,-475.3756103515625,0,0,0,0,0.07186234817813765,1.3000000000000007,0.6614559467662912,1821,600,2809,-35.99999999999985,0.0,0.0,-2809.0,1.3000000000000007,1.3000000000000007,-0.06971112442016593,0.15000000000000002,0.48463003244250996,0.0,-9.104999999999942,-8.620369967557432,0.0
7,4200,0.9667579166666667,-217.035400390625,0,0,0,0,0.21963562753036436,4.219999999999998,0.45394413520164867,1906,600,1263,-35.99999999999985,0.0,0.0,-1263.0,4.219999999999998,4.219999999999998,0.015979431152343754,0.44999999999999996,1.6349507142556827,0.0,-9.529999999999966,-7.895049285744283,0.0
8,4800,0.9620079166666666,-319.3875427246094,1,1,0,0,0.152834008097166,2.900000000000002,0.5547358796294752,1870,600,1885,-35.99999999999985,10.0,0.0,-1885.0,2.900000000000002,2.900000000000002,0.03702863820393882,0.15000000000000002,0.9431835014512762,0.0,-9.349999999999948,-8.406816498548672,0.0
9,5400,0.9572579166666667,-459.4043884277344,0,0,0,0,0.10728744939271255,2.000000000000001,0.5600885663465791,1866,600,2714,-35.99999999999985,0.0,0.0,-2714.0,2.000000000000001,2.000000000000001,0.13482329305013002,0.25,0.5317852368950844,0.0,-9.329999999999943,-8.798214763104859,0.0
10,6000,0.9525079166666667,-304.4591979980469,0,0,0,0,0.1771255060728745,3.3800000000000026,0.5226722808314419,1857,600,1786,-35.99999999999985,0.0,0.0,-1786.0,3.3800000000000026,3.3800000000000026,0.01907139078776045,0.3,0.8363489651447163,0.0,-9.284999999999952,-8.448651034855235,0.0
11,6600,0.9477579166666666,-429.1678466796875,1,1,0,0,0.1062753036437247,1.9800000000000013,0.6184533633268924,1748,600,2543,-35.99999999999985,10.0,0.0,-2543.0,1.9800000000000013,1.9800000000000013,0.16275578562418616,0.05,0.5510156864672899,0.0,-8.739999999999938,-8.188984313532648,0.0
12,7200,0.9430079166666667,-345.244384765625,0,0,0,0,0.1214574898785425,2.2800000000000016,0.5682192384150242,1755,600,2030,-35.99999999999985,0.0,0.0,-2030.0,2.2800000000000016,2.2800000000000016,-0.0715821685791016,0.3,0.8073656113352625,0.0,-8.774999999999942,-7.967634388664679,0.0
13,7800,0.9382579166666667,-200.49176025390625,1,1,0,0,0.2236842105263158,4.299999999999998,0.45954960822771285,1809,600,1174,-35.99999999999985,10.0,0.0,-1174.0,4.299999999999998,4.299999999999998,0.11269873555501296,0.49999999999999994,1.1839446597453207,0.0,-9.044999999999938,-7.861055340254617,0.0
14,8400,0.9335079166666667,-414.0763854980469,0,0,0,0,0.1062753036437247,1.9800000000000013,0.6179263384789131,1806,600,2442,-35.99999999999985,0.0,0.0,-2442.0,1.9800000000000013,1.9800000000000013,-0.1211142069498698,0.05,0.6733762474358084,0.0,-9.02999999999994,-8.356623752564133,0.0
15,9000,0.9287579166666666,-339.1895751953125,1,1,0,0,0.13765182186234817,2.600000000000002,0.5558409309802989,1750,600,2004,-35.99999999999985,10.0,0.0,-2004.0,2.600000000000002,2.600000000000002,0.05411963017781593,0.3,0.6659676955640318,0.0,-8.749999999999932,-8.084032304435901,0.0
16,9600,0.9240079166666667,-192.1005401611328,0,0,0,0,0.16194331983805668,3.0800000000000023,0.4719416740420193,1774,600,1113,-35.99999999999985,0.0,0.0,-1113.0,3.0800000000000023,3.0800000000000023,0.19309678141276043,0.6,1.3970564669882877,0.0,-8.869999999999932,-7.4729435330116445,0.0
17,10200,0.9192579166666667,-387.3499755859375,0,0,0,0,0.11639676113360324,2.1800000000000015,0.5822041035335537,1793,600,2282,-35.99999999999985,0.0,0.0,-2282.0,2.1800000000000015,2.1800000000000015,-0.0014038391113281282,0.1,0.5962244088202715,0.0,-8.964999999999947,-8.368775591179675,0.0
18,10800,0.9145079166666666,-328.1977233886719,0,0,0,0,0.1214574898785425,2.2800000000000016,0.5407062927458739,1752,600,1928,-35.99999999999985,0.0,0.0,-1928.0,2.2800000000000016,2.2800000000000016,0.08511319986979171,0.5499999999999999,0.6647564553469418,0.0,-8.759999999999938,-8.095243544652996,0.0
19,11400,0.9097579166666667,-142.03883361816406,2,2,0,0,0.1680161943319838,3.200000000000002,0.4327960472357436,1837,600,832,-35.99999999999985,20.0,0.0,-832.0,3.200000000000002,3.200000000000002,0.16378474426269532,0.25,1.3401928828284144,0.0,-9.184999999999937,-7.844807117171522,0.0
20,12000,0.9050079166666667,-317.88232421875,2,2,0,0,0.12651821862348178,2.3800000000000017,0.5479438498296804,1784,600,1886,-35.99999999999985,20.0,0.0,-1886.0,2.3800000000000017,2.3800000000000017,0.2986994845072431,0.3,0.6539139568805693,0.0,-8.919999999999938,-8.266086043119369,0.0
21,12600,0.9002579166666667,-379.4117736816406,0,0,0,0,0.1396761133603239,2.660000000000002,0.565588073115804,1804,600,2235,-35.99999999999985,0.0,0.0,-2235.0,2.660000000000002,2.660000000000002,-0.2095827713012695,0.3,0.8069236434437332,0.0,-9.019999999999934,-8.2130763565562,0.0
22,13200,0.8955079166666666,-237.81199645996094,0,0,0,0,0.19230769230769232,3.680000000000003,0.48918330543529825,1804,600,1387,-35.99999999999985,0.0,0.0,-1387.0,3.680000000000003,3.680000000000003,0.17035844930013003,0.35,0.9514569404069334,0.0,-9.01999999999994,-8.068543059593006,0.0
23,13800,0.8907579166666667,-191.39805603027344,2,2,0,0,0.19129554655870445,3.660000000000003,0.4621775420330071,1840,600,1129,-35.99999999999985,20.0,0.0,-1129.0,3.660000000000003,3.660000000000003,0.26250849533081055,0.49999999999999994,1.3920140213985,0.0,-9.199999999999955,-7.8079859786014545,0.0
24,14400,0.8860079166666667,-284.0319519042969,1,1,0,0,0.17813765182186234,3.4000000000000026,0.5227735070586641,1836,600,1674,-35.99999999999985,10.0,0.0,-1674.0,3.4000000000000026,3.4000000000000026,0.21894467163085934,0.3,1.0738684798241596,0.0,-9.179999999999954,-8.106131520175794,0.0
25,15000,0.8812579166666666,-223.4780731201172,3,3,0,0,0.1811740890688259,3.4600000000000026,0.48731928199625846,1764,600,1332,-35.99999999999985,30.0,0.0,-1332.0,3.4600000000000026,3.4600000000000026,0.4807791328430178,0.7000000000000002,1.314251477848738,0.0,-8.819999999999938,-7.5057485221512,0.0
26,15600,0.8765079166666667,-236.0069122314453,1,1,0,0,0.19736842105263158,3.780000000000003,0.49460492104568404,1754,600,1387,-35.99999999999985,10.0,0.0,-1387.0,3.780000000000003,3.780000000000003,0.21236325327555344,0.65,1.087395389643498,0.0,-8.769999999999946,-7.6826046103564485,0.0
27,16200,0.8717579166666667,-463.0167236328125,0,0,0,0,0.0840080971659919,1.5400000000000011,0.6363987435546814,1807,600,2735,-35.99999999999985,0.0,0.0,-2735.0,1.5400000000000011,1.5400000000000011,0.0,0.0,0.4081880499701947,0.0,-9.034999999999945,-8.62681195002975,0.0
28,16800,0.8670079166666667,-163.7355194091797,0,0,0,0,0.2145748987854251,4.12,0.429570229998814,1821,600,944,-35.99999999999985,0.0,0.0,-944.0,4.12,4.12,0.042664189656575424,0.9000000000000001,1.6307626117765899,0.0,-9.104999999999945,-7.474237388223355,0.0
29,17400,0.8622579166666666,-195.1790313720703,0,0,0,0,0.17813765182186234,3.4200000000000026,0.4559075617321893,1814,600,1131,-35.99999999999985,0.0,0.0,-1131.0,3.4200000000000026,3.4200000000000026,-0.02671753438313802,0.1,1.505349401710555,0.0,-9.069999999999942,-7.564650598289386,0.0
30,18000,0.8575079166666667,-172.5648193359375,0,0,0,0,0.20445344129554655,3.920000000000003,0.40789111838535363,1844,600,996,-35.99999999999985,0.0,0.0,-996.0,3.920000000000003,3.920000000000003,-0.005027058919270828,0.15000000000000002,1.769534430275672,0.0,-9.219999999999951,-7.450465569724279,0.0
31,18600,0.8527579166666667,-267.3136291503906,2,2,0,0,0.17510121457489877,3.3400000000000025,0.48672966490823855,1797,600,1584,-35.99999999999985,20.0,0.0,-1584.0,3.3400000000000025,3.3400000000000025,0.34879869588216145,0.35,1.0699177498742944,0.0,-8.98499999999995,-7.915082250125655,0.0
32,19200,0.8480079166666666,-352.9390869140625,0,0,0,0,0.11740890688259109,2.2000000000000015,0.5639134645301722,1731,600,2076,-35.99999999999985,0.0,0.0,-2076.0,2.2000000000000015,2.2000000000000015,-0.0326007130940754,0.35,0.5089790761470794,0.0,-8.654999999999946,-8.146020923852866,0.0
33,19800,0.8432579166666667,-461.1454772949219,0,0,0,0,0.0931174089068826,1.720000000000001,0.6302629263667364,1809,600,2724,-35.99999999999985,0.0,0.0,-2724.0,1.720000000000001,1.720000000000001,0.007805104573567709,0.1,0.3579306874796748,0.0,-9.044999999999956,-8.687069312520281,0.0
34,20400,0.8385079166666667,-260.9072570800781,0,0,0,0,0.16093117408906882,3.0600000000000023,0.48226101797369164,1816,600,1525,-35.99999999999985,0.0,0.0,-1525.0,3.0600000000000023,3.0600000000000023,0.02896643066406252,0.65,0.9020720901712777,0.0,-9.079999999999941,-8.177927909828664,0.0
35,21000,0.8337579166666667,-389.1318359375,1,1,0,0,0.1194331983805668,2.2400000000000015,0.583401330336896,1786,600,2303,-35.99999999999985,10.0,0.0,-2303.0,2.2400000000000015,2.2400000000000015,0.09951630401611328,0.3,0.5080505968071519,0.0,-8.92999999999994,-8.421949403192787,0.0
36,21600,0.8290079166666666,-232.69480895996094,1,1,0,0,0.19635627530364372,3.760000000000003,0.4496716475852574,1754,600,1367,-35.99999999999985,10.0,0.0,-1367.0,3.760000000000003,3.760000000000003,0.12748094177246083,0.35,1.3685111907287506,0.0,-8.76999999999994,-7.401488809271188,0.0
37,22200,0.8242579166666667,-246.78955078125,0,0,0,0,0.1862348178137652,3.5600000000000027,0.47112026924573003,1787,600,1441,-35.99999999999985,0.0,0.0,-1441.0,3.5600000000000027,3.5600000000000027,-0.05730212402343753,0.6,1.0996422074781729,0.0,-8.934999999999954,-7.835357792521782,0.0
38,22800,0.8195079166666667,-411.82421875,0,0,0,0,0.09210526315789473,1.700000000000001,0.6263682504554324,1846,600,2428,-35.99999999999985,0.0,0.0,-2428.0,1.700000000000001,1.700000000000001,-0.0343538055419922,0.2,0.42943803119938817,0.0,-9.229999999999944,-8.800561968800555,0.0
39,23400,0.8147579166666666,-237.9047088623047,0,0,0,0,0.22267206477732793,4.279999999999998,0.46875096487406864,1873,600,1388,-35.99999999999985,0.0,0.0,-1388.0,4.279999999999998,4.279999999999998,0.015772003173828063,0.44999999999999996,1.193345762640238,0.0,-9.364999999999945,-8.171654237359707,0.0
40,24000,0.8100079166666667,-263.64215087890625,0,0,0,0,0.16093117408906882,3.0600000000000023,0.5045623196916698,1795,600,1541,-35.99999999999985,0.0,0.0,-1541.0,3.0600000000000023,3.0600000000000023,-0.14883278401692704,0.5499999999999999,0.6669894978683442,0.0,-8.974999999999943,-8.308010502131598,0.0
41,24600,0.8052579166666667,-138.13084411621094,1,1,0,0,0.23076923076923078,4.439999999999995,0.42413926126065943,1876,600,800,-35.99999999999985,10.0,0.0,-800.0,4.439999999999995,4.439999999999995,0.1205763676961264,0.39999999999999997,1.63530811317265,0.0,-9.37999999999994,-7.74469188682729,0.0
42,25200,0.8005079166666667,-377.5111389160156,3,3,0,0,0.12854251012145748,2.4200000000000017,0.5792531755421159,1705,600,2254,-35.99999999999985,30.0,0.0,-2254.0,2.4200000000000017,2.4200000000000017,0.30668734868367514,0.3,0.43997422154992816,0.0,-8.524999999999936,-8.085025778450008,0.0
43,25800,0.7957579166666666,-70.77762603759766,1,1,0,0,0.2560728744939271,4.939999999999984,0.3827262481057793,1792,600,397,-35.99999999999985,10.0,0.0,-397.0,4.939999999999984,4.939999999999984,0.12334587732950858,0.49999999999999994,1.7310689653130238,0.0,-8.959999999999944,-7.22893103468692,0.0
44,26400,0.7910079166666667,-237.9299774169922,0,0,0,0,0.16194331983805668,3.0800000000000023,0.4716615509575705,1950,600,1386,-35.99999999999985,0.0,0.0,-1386.0,3.0800000000000023,3.0800000000000023,-0.09224276733398441,0.25,0.9363543437048789,0.0,-9.749999999999947,-8.813645656295067,0.0
45,27000,0.7862579166666667,-174.2809295654297,0,0,0,0,0.24696356275303644,4.759999999999993,0.4058724757660578,1833,600,1007,-35.99999999999985,0.0,0.0,-1007.0,4.759999999999993,4.759999999999993,-0.06661625162760411,0.44999999999999996,1.3388486122526226,0.0,-9.16499999999995,-7.826151387747327,0.0
46,27600,0.7815079166666666,-502.5202941894531,0,0,0,0,0.06680161943319839,1.2000000000000006,0.6530846845734454,1722,600,2972,-35.99999999999985,0.0,0.0,-2972.0,1.2000000000000006,1.2000000000000006,0.040450119018554706,0.0,0.2635559264430776,0.0,-8.609999999999927,-8.34644407355685,0.0
47,28200,0.7767579166666667,-269.9200439453125,1,1,0,0,0.1862348178137652,3.5600000000000027,0.5027959268997477,1844,600,1590,-35.99999999999985,10.0,0.0,-1590.0,3.5600000000000027,3.5600000000000027,0.12323418935139954,0.7000000000000001,1.3218721048976294,0.0,-9.219999999999954,-7.898127895102325,0.0
48,28800,0.7720079166666667,-356.69384765625,0,0,0,0,0.14068825910931174,2.660000000000002,0.5744912443717476,1882,600,2098,-35.99999999999985,0.0,0.0,-2098.0,2.660000000000002,2.660000000000002,-0.022484700520833224,0.05,0.5677408232074231,0.0,-9.409999999999942,-8.842259176792519,0.0
49,29400,0.7672579166666667,-297.2215881347656,0,0,0,0,0.13562753036437247,2.560000000000002,0.5238175687852425,1904,600,1742,-35.99999999999985,0.0,0.0,-1742.0,2.560000000000002,2.560000000000002,-0.06421655273437506,0.7000000000000001,1.0015447784028944,0.0,-9.519999999999953,-8.518455221597058,0.0
50,30000,0.7625079166666666,-297.41796875,0,0,0,0,0.18421052631578946,3.5200000000000027,0.5117427085097248,1740,600,1744,-35.99999999999985,0.0,0.0,-1744.0,3.5200000000000027,3.5200000000000027,-0.0677782185872396,0.1,0.6455960790440438,0.0,-8.699999999999934,-8.05440392095589,0.0
51,30600,0.7577579166666667,-354.656982421875,2,2,0,0,0.1396761133603239,2.640000000000002,0.551832320904909,1817,600,2107,-35.99999999999985,20.0,0.0,-2107.0,2.640000000000002,2.640000000000002,0.19416795094807965,0.49999999999999994,0.8173767864145335,0.0,-9.084999999999955,-8.267623213585422,0.0
52,31200,0.7530079166666667,-357.9151306152344,0,0,0,0,0.11538461538461539,2.1600000000000015,0.5584804354610484,1687,600,2106,-35.99999999999985,0.0,0.0,-2106.0,2.1600000000000015,2.1600000000000015,0.051530334472656314,0.05,0.6886022064462304,0.0,-8.434999999999933,-7.746397793553703,0.0
53,31800,0.7482579166666667,-430.9962463378906,1,1,0,0,0.11639676113360324,2.1800000000000015,0.5829877147969171,1791,600,2554,-35.99999999999985,10.0,0.0,-2554.0,2.1800000000000015,2.1800000000000015,-0.03641766103108719,0.3,0.5452609883621335,0.0,-8.954999999999938,-8.409739011637804,0.0
54,32400,0.7435079166666667,-255.59498596191406,2,2,0,0,0.16700404858299595,3.180000000000002,0.4660803073722976,1826,600,1514,-35.99999999999985,20.0,0.0,-1514.0,3.180000000000002,3.180000000000002,0.5383389536539709,0.44999999999999996,1.396425375225954,0.0,-9.129999999999958,-7.733574624774004,0.0
55,33000,0.7387579166666667,-377.5498352050781,1,1,0,0,0.1548582995951417,2.940000000000002,0.5384278398369983,1838,600,2235,-35.99999999999985,10.0,0.0,-2235.0,2.940000000000002,2.940000000000002,0.6050893758138022,0.5499999999999999,0.8025414674822243,0.0,-9.189999999999948,-8.387458532517723,0.0
56,33600,0.7340079166666666,-216.93231201171875,0,0,0,0,0.18421052631578946,3.5200000000000027,0.47385841772941706,1818,600,1262,-35.99999999999985,0.0,0.0,-1262.0,3.5200000000000027,3.5200000000000027,-0.0032144877115885054,0.7000000000000001,1.2820274678827264,0.0,-9.089999999999945,-7.807972532117218,0.0
57,34200,0.7292579166666667,-436.0042419433594,1,1,0,0,0.1548582995951417,2.940000000000002,0.577764912423356,1814,600,2585,-35.99999999999985,10.0,0.0,-2585.0,2.940000000000002,2.940000000000002,0.12465920766194653,0.39999999999999997,0.5908855628035964,0.0,-9.069999999999943,-8.479114437196348,0.0
58,34800,0.7245079166666667,-328.7699279785156,1,1,0,0,0.1700404858299595,3.2400000000000024,0.5490627680534655,1927,600,1941,-35.99999999999985,10.0,0.0,-1941.0,3.2400000000000024,3.2400000000000024,0.07397819773356111,0.15000000000000002,0.5583034063875676,0.0,-9.634999999999952,-9.076696593612384,0.0
59,35400,0.7197579166666668,-284.1572265625,0,0,0,0,0.18421052631578946,3.5200000000000027,0.5127615853844245,1755,600,1665,-35.99999999999985,0.0,0.0,-1665.0,3.5200000000000027,3.5200000000000027,-0.0036897277832031337,0.6,0.7193490996211768,0.0,-8.774999999999947,-8.05565090037877,0.0
60,36000,0.7150079166666667,-322.1737976074219,3,3,0,0,0.15384615384615385,2.920000000000002,0.5520012210323169,1836,600,1922,-35.99999999999985,30.0,0.0,-1922.0,2.920000000000002,2.920000000000002,0.3467045987447104,0.1,0.7758369675558058,0.0,-9.17999999999995,-8.404163032444144,0.0
61,36600,0.7102579166666667,-324.2302551269531,0,0,0,0,0.1417004048582996,2.680000000000002,0.5242335486817077,1867,600,1904,-35.99999999999985,0.0,0.0,-1904.0,2.680000000000002,2.680000000000002,0.2914418614705403,0.25,0.7382993145659568,0.0,-9.334999999999946,-8.596700685433989,0.0
62,37200,0.7055079166666667,-311.6899108886719,1,1,0,0,0.14979757085020243,2.840000000000002,0.5450567647928417,1802,600,1839,-35.99999999999985,10.0,0.0,-1839.0,2.840000000000002,2.840000000000002,0.05325912094116206,0.3,0.68288684271276,0.0,-9.009999999999934,-8.327113157287174,0.0
63,37800,0.7007579166666666,-468.463134765625,1,1,0,0,0.08502024291497975,1.560000000000001,0.651122904562443,1792,600,2778,-35.99999999999985,10.0,0.0,-2778.0,1.560000000000001,1.560000000000001,-0.04708041508992515,0.25,0.4316095857694746,0.0,-8.959999999999942,-8.528390414230469,0.0
64,38400,0.6960079166666666,-373.4289245605469,1,1,0,0,0.13663967611336034,2.580000000000002,0.580737540058043,1877,600,2209,-35.99999999999985,10.0,0.0,-2209.0,2.580000000000002,2.580000000000002,0.2711606877644857,0.35,0.6195966461696663,0.0,-9.384999999999955,-8.765403353830289,0.0
65,39000,0.6912579166666667,-217.62042236328125,0,0,0,0,0.1194331983805668,2.2600000000000016,0.504568174755259,1809,600,1264,-35.99999999999985,0.0,0.0,-1264.0,2.2600000000000016,2.2600000000000016,-0.12068087259928381,0.3,0.8867173778917639,0.0,-9.044999999999947,-8.158282622108183,0.0
66,39600,0.6865079166666667,-155.6707305908203,0,0,0,0,0.18724696356275303,3.5800000000000027,0.44141040428106665,1810,600,895,-35.99999999999985,0.0,0.0,-895.0,3.5800000000000027,3.5800000000000027,0.056683451334635364,1.0000000000000002,1.3910227066185326,0.0,-9.049999999999946,-7.6589772933814135,0.0
67,40200,0.6817579166666667,-302.9093933105469,2,2,0,0,0.07591093117408906,1.3800000000000008,0.5576262940880324,1858,600,1795,-35.99999999999985,20.0,0.0,-1795.0,1.3800000000000008,1.3800000000000008,0.12306236521403006,0.2,1.135224487564992,0.0,-9.289999999999946,-8.154775512434954,0.0
68,40800,0.6770079166666667,-371.2156982421875,0,0,0,0,0.11639676113360324,2.1800000000000015,0.5537205978673916,1897,600,2185,-35.99999999999985,0.0,0.0,-2185.0,2.1800000000000015,2.1800000000000015,-0.012112574259440118,0.5499999999999999,0.4825496365316213,0.0,-9.484999999999944,-9.002450363468324,0.0
69,41400,0.6722579166666667,-427.5146789550781,0,0,0,0,0.10121457489878542,1.8800000000000012,0.6171884162487469,1901,600,2522,-35.99999999999985,0.0,0.0,-2522.0,1.8800000000000012,1.8800000000000012,0.11071567281087244,0.15000000000000002,0.2875048629194497,0.0,-9.504999999999953,-9.217495137080503,0.0
70,42000,0.6675079166666666,-196.68849182128906,1,1,0,0,0.12449392712550607,2.3400000000000016,0.48010985776666437,1847,600,1149,-35.99999999999985,10.0,0.0,-1149.0,2.3400000000000016,2.3400000000000016,-0.0122664782206219,0.8000000000000002,0.979984178971499,0.0,-9.234999999999955,-8.255015821028456,0.0
71,42600,0.6627579166666667,-368.9525451660156,0,0,0,0,0.12449392712550607,2.3400000000000016,0.5574162397714745,1788,600,2173,-35.99999999999985,0.0,0.0,-2173.0,2.3400000000000016,2.3400000000000016,-0.1525545247395834,0.1,1.9454302106425156,0.0,-8.939999999999948,-6.994569789357432,0.0
72,43200,0.6580079166666667,-391.5118103027344,1,1,0,0,0.15688259109311742,2.980000000000002,0.5793563272071172,1937,600,2317,-35.99999999999985,10.0,0.0,-2317.0,2.980000000000002,2.980000000000002,-0.14005650711059572,0.25,0.5351556662097572,0.0,-9.684999999999956,-9.149844333790199,0.0
73,43800,0.6532579166666668,-447.9024963378906,0,0,0,0,0.08097165991902834,1.4800000000000009,0.6342502824424365,1823,600,2644,-35.99999999999985,0.0,0.0,-2644.0,1.4800000000000009,1.4800000000000009,-0.09769859822591148,0.05,0.28003137113526466,0.0,-9.114999999999954,-8.83496862886469,0.0
74,44400,0.6485079166666667,-311.5863952636719,1,1,0,0,0.1082995951417004,2.0200000000000014,0.5385102208872883,1764,600,1838,-35.99999999999985,10.0,0.0,-1838.0,2.0200000000000014,2.0200000000000014,0.28631050109863276,0.39999999999999997,0.6012051348388198,0.0,-8.819999999999947,-8.218794865161128,0.0
75,45000,0.6437579166666667,-519.31494140625,0,0,0,0,0.058704453441295545,1.0400000000000005,0.6880212745816485,2029,600,3071,-35.99999999999985,0.0,0.0,-3071.0,1.0400000000000005,1.0400000000000005,-0.037899068196614566,0.05,0.22080941347405317,0.0,-10.144999999999948,-9.924190586525896,0.0
76,45600,0.6390079166666667,-447.7061767578125,1,1,0,0,0.1214574898785425,2.2800000000000016,0.6006378169304339,1843,600,2654,-35.99999999999985,10.0,0.0,-2654.0,2.2800000000000016,2.2800000000000016,0.14969937006632483,0.25,0.31024038112722335,0.0,-9.214999999999938,-8.904759618872715,0.0
77,46200,0.6342579166666666,-394.6531066894531,0,0,0,0,0.10728744939271255,2.0000000000000013,0.620360839317024,1863,600,2325,-35.99999999999985,0.0,0.0,-2325.0,2.0000000000000013,2.0000000000000013,0.010149658203124988,0.05,0.3453744191676378,0.0,-9.314999999999948,-8.96962558083231,0.0
78,46800,0.6295079166666666,-441.1705017089844,0,0,0,0,0.06882591093117409,1.2400000000000007,0.6323250965573001,1713,600,2604,-35.99999999999985,0.0,0.0,-2604.0,1.2400000000000007,1.2400000000000007,-0.048237131754557315,0.05,0.31145973466336735,0.0,-8.564999999999939,-8.253540265336571,0.0
79,47400,0.6247579166666667,-422.8150939941406,0,0,0,0,0.10323886639676114,1.9200000000000013,0.5979268751983181,1822,600,2494,-35.99999999999985,0.0,0.0,-2494.0,1.9200000000000013,1.9200000000000013,-0.1294332529703776,0.15000000000000002,0.2883984231948853,0.0,-9.109999999999944,-8.821601576805058,0.0
80,48000,0.6200079166666667,-415.6273498535156,1,1,0,0,0.08704453441295547,1.600000000000001,0.6029574637508631,1834,600,2461,-35.99999999999985,10.0,0.0,-2461.0,1.600000000000001,1.600000000000001,-0.1209349212646484,0.3,0.6364308807626363,0.0,-9.16999999999995,-8.533569119237313,0.0
81,48600,0.6152579166666667,-531.4150390625,0,0,0,0,0.05263157894736842,0.9200000000000004,0.6295894700818462,1504,600,3146,-35.99999999999985,0.0,0.0,-3146.0,0.9200000000000004,0.9200000000000004,-0.0002587076822916671,0.0,0.1269173978967592,0.0,-7.519999999999928,-7.393082602103169,0.0
82,49200,0.6105079166666667,-281.3379211425781,0,0,0,0,0.12651821862348178,2.3800000000000017,0.5617559474751518,1814,600,1646,-35.99999999999985,0.0,0.0,-1646.0,2.3800000000000017,2.3800000000000017,-0.15403412882486978,0.05,0.7684272620826956,0.0,-9.06999999999995,-8.301572737917255,0.0
83,49800,0.6057579166666667,-448.9043273925781,0,0,0,0,0.05668016194331984,1.0000000000000004,0.6036451341320935,1725,600,2650,-35.99999999999985,0.0,0.0,-2650.0,1.0000000000000004,1.0000000000000004,0.027895640055338546,0.1,0.08337445199489593,0.0,-8.624999999999938,-8.541625548005042,0.0
84,50400,0.6010079166666666,-322.8713684082031,0,0,0,0,0.09412955465587045,1.740000000000001,0.5010369096398224,1796,600,1895,-35.99999999999985,0.0,0.0,-1895.0,1.740000000000001,1.740000000000001,-0.028638122558593774,0.0,1.0460878660529846,0.0,-8.97999999999996,-7.933912133946975,0.0
85,51000,0.5962579166666667,-411.4280700683594,0,0,0,0,0.09109311740890688,1.680000000000001,0.6225051430822512,1742,600,2426,-35.99999999999985,0.0,0.0,-2426.0,1.680000000000001,1.680000000000001,-0.2519206720987954,0.15000000000000002,0.5749977411702276,0.0,-8.709999999999946,-8.135002258829719,0.0
86,51600,0.5915079166666667,-393.3267517089844,0,0,0,0,0.1396761133603239,2.640000000000002,0.5840397794397884,1806,600,2318,-35.99999999999985,0.0,0.0,-2318.0,2.640000000000002,2.640000000000002,-0.2016189575195313,0.15000000000000002,0.48936066971160475,0.0,-9.029999999999955,-8.54063933028835,0.0
87,52200,0.5867579166666668,-546.2685546875,0,0,0,0,0.058704453441295545,1.0400000000000005,0.6916324677565232,1909,600,3233,-35.99999999999985,0.0,0.0,-3233.0,1.0400000000000005,1.0400000000000005,-0.15892733764648434,0.0,0.07169772399589419,0.0,-9.544999999999954,-9.473302276004059,0.0
88,52800,0.5820079166666667,-536.2924194335938,1,1,0,0,0.04554655870445344,0.7800000000000004,0.6391247709430172,1779,600,3184,-35.99999999999985,10.0,0.0,-3184.0,0.7800000000000004,0.7800000000000004,0.1467667770385742,0.1,0.13166906548663973,0.0,-8.894999999999957,-8.763330934513316,0.0
89,53400,0.5772579166666667,-479.8807067871094,0,0,0,0,0.058704453441295545,1.0400000000000005,0.6220386622730358,1909,600,2835,-35.99999999999985,0.0,0.0,-2835.0,1.0400000000000005,1.0400000000000005,0.03525250244140624,0.2,0.0,0.0,-9.54499999999995,-9.54499999999995,0.0
90,54000,0.5725079166666667,-325.2845764160156,1,1,0,0,0.09817813765182186,1.8200000000000012,0.5630373983253149,1882,600,1919,-35.99999999999985,10.0,0.0,-1919.0,1.8200000000000012,1.8200000000000012,0.09644676335652676,0.3,0.49397605255711813,0.0,-9.409999999999954,-8.916023947442836,0.0
91,54600,0.5677579166666666,-453.9352722167969,0,0,0,0,0.09615384615384616,1.7800000000000011,0.5807748950501426,1658,600,2682,-35.99999999999985,0.0,0.0,-2682.0,1.7800000000000011,1.7800000000000011,0.29441022237141923,0.25,0.36715865269303327,0.0,-8.289999999999933,-7.9228413473069,0.0
92,55200,0.5630079166666666,-382.7193603515625,1,1,0,0,0.14271255060728744,2.700000000000002,0.5460172131553958,1663,600,2266,-35.99999999999985,10.0,0.0,-2266.0,2.700000000000002,2.700000000000002,0.1493157755533855,0.2,0.9585764291044324,0.0,-8.314999999999937,-7.356423570895505,0.0
93,55800,0.5582579166666667,-389.3702392578125,0,0,0,0,0.08906882591093117,1.640000000000001,0.5982875297260842,1785,600,2294,-35.99999999999985,0.0,0.0,-2294.0,1.640000000000001,1.640000000000001,0.11235058593750005,0.2,0.7618024491704999,0.0,-8.924999999999942,-8.163197550829443,0.0
94,56400,0.5535079166666668,-454.5350646972656,1,1,0,0,0.12044534412955465,2.2600000000000016,0.6039476791229794,1984,600,2694,-35.99999999999985,10.0,0.0,-2694.0,2.2600000000000016,2.2600000000000016,0.011860581715901649,0.05,0.40053596053272483,0.0,-9.919999999999952,-9.519464039467227,0.0
95,57000,0.5487579166666667,-377.8558349609375,0,0,0,0,0.14979757085020243,2.840000000000002,0.543926006174863,1862,600,2225,-35.99999999999985,0.0,0.0,-2225.0,2.840000000000002,2.840000000000002,-0.15676154581705726,0.2,0.2994507201388478,0.0,-9.309999999999944,-9.010549279861095,0.0
96,57600,0.5440079166666667,-227.5504913330078,0,0,0,0,0.23076923076923078,4.439999999999993,0.45588827245911584,1769,600,1327,-35.99999999999985,0.0,0.0,-1327.0,4.439999999999993,4.439999999999993,0.2003386840820313,0.9500000000000003,0.9549504186585546,0.0,-8.84499999999995,-7.890049581341395,0.0
97,58200,0.5392579166666667,-376.562255859375,1,1,0,0,0.0860323886639676,1.580000000000001,0.5749385547756618,1776,600,2227,-35.99999999999985,10.0,0.0,-2227.0,1.580000000000001,1.580000000000001,0.11757220967610672,0.0,0.8157687865756451,0.0,-8.879999999999937,-8.064231213424291,0.0
98,58800,0.5345079166666666,-360.0495300292969,0,0,0,0,0.12044534412955465,2.2600000000000016,0.565064731854905,1758,600,2119,-35.99999999999985,0.0,0.0,-2119.0,2.2600000000000016,2.2600000000000016,0.0525530904134114,0.7500000000000001,0.4361842133011669,0.0,-8.789999999999955,-8.353815786698787,0.0
99,59400,0.5297579166666667,-416.0872802734375,0,0,0,0,0.13157894736842105,2.4800000000000018,0.5442396796570957,1774,600,2455,-35.99999999999985,0.0,0.0,-2455.0,2.4800000000000018,2.4800000000000018,0.0383582153320312,0.2,0.6371154705807569,0.0,-8.869999999999958,-8.232884529419202,0.0
100,60000,0.5250079166666667,-302.4225158691406,1,1,0,0,0.15688259109311742,2.980000000000002,0.5134412472522834,1848,600,1784,-35.99999999999985,10.0,0.0,-1784.0,2.980000000000002,2.980000000000002,0.10665972137451166,0.6000000000000001,1.0238115697726606,0.0,-9.239999999999947,-8.216188430227286,0.0
101,60600,0.5202579166666668,-340.4701232910156,0,0,0,0,0.13663967611336034,2.580000000000002,0.5812743851323952,1932,600,2001,-35.99999999999985,0.0,0.0,-2001.0,2.580000000000002,2.580000000000002,-0.1687682266235352,0.49999999999999994,0.9344396927207708,0.0,-9.659999999999972,-8.725560307279201,0.0
102,61200,0.5155079166666667,-569.8720703125,0,0,0,0,0.03744939271255061,0.6200000000000002,0.6163980967460277,1807,600,3375,-35.99999999999985,0.0,0.0,-3375.0,0.6200000000000002,0.6200000000000002,0.15321126810709637,0.05,0.0,0.0,-9.03499999999994,-9.03499999999994,0.0
103,61800,0.5107579166666667,-412.5275573730469,0,0,0,0,0.11437246963562753,2.1400000000000015,0.5819852603147431,1750,600,2433,-35.99999999999985,0.0,0.0,-2433.0,2.1400000000000015,2.1400000000000015,-0.14826750183105478,0.3,0.30222601957619183,0.0,-8.749999999999947,-8.447773980423754,0.0
104,62400,0.5060079166666667,-179.88232421875,1,1,0,0,0.16295546558704455,3.1000000000000023,0.454148789092174,1746,600,1049,-35.99999999999985,10.0,0.0,-1049.0,3.1000000000000023,3.1000000000000023,-0.2064406229654948,0.1,1.4435233945492651,0.0,-8.729999999999936,-7.286476605450671,0.0
105,63000,0.5012579166666667,-334.52978515625,0,0,0,0,0.12044534412955465,2.2600000000000016,0.5181659949260777,2020,600,1965,-35.99999999999985,0.0,0.0,-1965.0,2.2600000000000016,2.2600000000000016,-0.02832428995768231,0.6,1.098619282124564,0.0,-10.099999999999968,-9.001380717875403,0.0
106,63600,0.4965079166666667,-265.59375,0,0,0,0,0.1325910931174089,2.5000000000000018,0.5214141617401765,1608,600,1553,-35.99999999999985,0.0,0.0,-1553.0,2.5000000000000018,2.5000000000000018,-0.05196774291992186,0.3,0.735039103142917,0.0,-8.039999999999937,-7.30496089685702,0.0
107,64200,0.4917579166666667,-95.17823028564453,1,1,0,0,0.2651821862348178,5.119999999999986,0.36248248811710965,1839,600,543,-35.99999999999985,10.0,0.0,-543.0,5.119999999999986,5.119999999999986,-0.044352790832519695,0.49999999999999994,1.5518481729459013,0.0,-9.194999999999947,-7.643151827054046,0.0
108,64800,0.48700791666666676,-339.7456359863281,0,0,0,0,0.1082995951417004,2.0200000000000014,0.5082950491679852,1778,600,1997,-35.99999999999985,0.0,0.0,-1997.0,2.0200000000000014,2.0200000000000014,0.07559035237630207,0.6,0.7299895395711063,0.0,-8.889999999999942,-8.160010460428836,0.0
109,65400,0.48225791666666673,-269.9798278808594,1,1,0,0,0.15384615384615385,2.940000000000002,0.5286349003014685,1924,600,1589,-35.99999999999985,10.0,0.0,-1589.0,2.940000000000002,2.940000000000002,0.09015228144327801,0.8000000000000002,0.9141634402144703,0.0,-9.619999999999944,-8.705836559785475,0.0
110,66000,0.4775079166666667,-321.7788391113281,0,0,0,0,0.08097165991902834,1.4800000000000009,0.5870914639340805,1800,600,1888,-35.99999999999985,0.0,0.0,-1888.0,1.4800000000000009,1.4800000000000009,0.15713539632161463,0.35,0.348090996555984,0.0,-8.99999999999995,-8.651909003443967,0.0
111,66600,0.47275791666666667,-364.5894470214844,0,0,0,0,0.1346153846153846,2.540000000000002,0.5686863297782029,1898,600,2145,-35.99999999999985,0.0,0.0,-2145.0,2.540000000000002,2.540000000000002,-0.007521626790364713,0.25,0.17853066600859163,0.0,-9.489999999999956,-9.311469333991365,0.0
112,67200,0.46800791666666675,-399.7013854980469,0,0,0,0,0.14068825910931174,2.660000000000002,0.5454729610817028,1674,600,2357,-35.99999999999985,0.0,0.0,-2357.0,2.660000000000002,2.660000000000002,-0.06195441691080722,0.2,0.3717181400069967,0.0,-8.369999999999925,-7.998281859992928,0.0
113,67800,0.4632579166666667,-314.47412109375,0,0,0,0,0.14979757085020243,2.840000000000002,0.5149751695111788,1637,600,1847,-35.99999999999985,0.0,0.0,-1847.0,2.840000000000002,2.840000000000002,0.009920730590820267,0.7000000000000001,0.7967482840642331,0.0,-8.184999999999933,-7.3882517159356995,0.0
114,68400,0.4585079166666667,-472.0667419433594,0,0,0,0,0.12044534412955465,2.2600000000000016,0.5759182510782234,1890,600,2790,-35.99999999999985,0.0,0.0,-2790.0,2.2600000000000016,2.2600000000000016,-0.015532491048177097,0.25,0.5688311386853456,0.0,-9.449999999999958,-8.881168861314613,0.0
115,69000,0.45375791666666665,-170.0820770263672,0,0,0,0,0.25,4.819999999999989,0.41634459557377945,1703,600,983,-35.99999999999985,0.0,0.0,-983.0,4.819999999999989,4.819999999999989,0.10750490315755212,0.8000000000000002,1.2971003132220358,0.0,-8.514999999999935,-7.2178996867778995,0.0
116,69600,0.44900791666666673,-241.25343322753906,0,0,0,0,0.152834008097166,2.900000000000002,0.511079733551378,1693,600,1407,-35.99999999999985,0.0,0.0,-1407.0,2.900000000000002,2.900000000000002,-0.10077961222330728,0.15000000000000002,0.9956440613977614,0.0,-8.464999999999941,-7.46935593860218,0.0
117,70200,0.4442579166666667,-66.0562744140625,0,0,0,0,0.17611336032388664,3.3600000000000025,0.47761274807169685,1688,600,356,-35.99999999999985,0.0,0.0,-356.0,3.3600000000000025,3.3600000000000025,-0.32191780090332023,0.15000000000000002,0.9140940309036519,0.0,-8.43999999999994,-7.525905969096289,0.0
118,70800,0.43950791666666666,-378.2835388183594,0,0,0,0,0.05161943319838057,0.9000000000000005,0.5227195699177617,1784,600,2226,-35.99999999999985,0.0,0.0,-2226.0,0.9000000000000005,0.9000000000000005,-0.09762149047851565,0.0,0.42564294263720526,0.0,-8.91999999999994,-8.494357057362734,0.0
119,71400,0.43475791666666663,-379.8014221191406,1,1,0,0,0.1082995951417004,2.0200000000000014,0.5113804410628007,1683,600,2247,-35.99999999999985,10.0,0.0,-2247.0,2.0200000000000014,2.0200000000000014,-0.05898035430908204,0.1,0.5531889722496269,0.0,-8.414999999999937,-7.86181102775031,0.0
120,72000,0.4300079166666667,-246.4426727294922,0,0,0,0,0.13663967611336034,2.580000000000002,0.48677639583517807,1656,600,1439,-35.99999999999985,0.0,0.0,-1439.0,2.580000000000002,2.580000000000002,0.13273586018880193,0.9500000000000003,0.9646513502346352,0.0,-8.279999999999934,-7.315348649765299,0.0
121,72600,0.4252579166666667,-217.67083740234375,2,2,0,0,0.2145748987854251,4.12,0.442525952722224,1830,600,1287,-35.99999999999985,20.0,0.0,-1287.0,4.12,4.12,0.3398847198486327,0.25,1.4167138354294009,0.0,-9.14999999999994,-7.733286164570539,0.0
122,73200,0.42050791666666665,-272.1915588378906,0,0,0,0,0.15384615384615385,2.920000000000002,0.5024751182632139,1943,600,1591,-35.99999999999985,0.0,0.0,-1591.0,2.920000000000002,2.920000000000002,-0.08595001220703127,0.1,0.638124571410008,0.0,-9.71499999999996,-9.076875428589952,0.0
123,73800,0.4157579166666666,-254.9049835205078,0,0,0,0,0.12753036437246965,2.4000000000000012,0.5188800069868659,1763,600,1488,-35.99999999999985,0.0,0.0,-1488.0,2.4000000000000012,2.4000000000000012,0.06907390340169284,0.6,0.32251701101660735,0.0,-8.814999999999946,-8.492482988983339,0.0
124,74400,0.4110079166666667,-287.95928955078125,0,0,0,0,0.1082995951417004,2.0200000000000014,0.5490079236872164,1859,600,1685,-35.99999999999985,0.0,0.0,-1685.0,2.0200000000000014,2.0200000000000014,-0.060675303141276005,0.35,0.23573056563735006,0.0,-9.294999999999964,-9.059269434362614,0.0
125,75000,0.4062579166666668,-214.2636260986328,0,0,0,0,0.10222672064777327,1.9000000000000012,0.5344090185761,1786,600,1243,-35.99999999999985,0.0,0.0,-1243.0,1.9000000000000012,1.9000000000000012,-0.12460142517089848,0.1,0.4773723679035901,0.0,-8.929999999999946,-8.452627632096357,0.0
126,75600,0.40150791666666674,-384.5972595214844,0,0,0,0,0.0708502024291498,1.2800000000000005,0.6221148924060335,2000,600,2263,-35.99999999999985,0.0,0.0,-2263.0,1.2800000000000005,1.2800000000000005,-0.02705428822835289,0.05,0.12572849415242673,0.0,-9.999999999999964,-9.874271505847538,0.0
127,76200,0.3967579166666667,-283.18572998046875,1,1,0,0,0.10526315789473684,1.9600000000000013,0.5646181614598996,1851,600,1667,-35.99999999999985,10.0,0.0,-1667.0,1.9600000000000013,1.9600000000000013,0.15083995310465484,0.44999999999999996,0.5869583358988167,0.0,-9.25499999999997,-8.668041664101153,0.0
128,76800,0.3920079166666668,-162.5534210205078,1,1,0,0,0.10425101214574899,1.9400000000000013,0.49587004889187586,1906,600,943,-35.99999999999985,10.0,0.0,-943.0,1.9400000000000013,1.9400000000000013,-0.1099170748392741,0.9500000000000003,0.43384499679319577,0.0,-9.52999999999997,-9.096155003206773,0.0
129,77400,0.38725791666666676,-375.6944885253906,0,0,0,0,0.05263157894736842,0.9200000000000005,0.6002710938885948,2113,600,2209,-35.99999999999985,0.0,0.0,-2209.0,0.9200000000000005,0.9200000000000005,-0.005496164957682279,0.25,0.24632214557379484,0.0,-10.56499999999998,-10.318677854426186,0.0
130,78000,0.3825079166666667,-334.1610107421875,1,1,0,0,0.1062753036437247,1.9800000000000013,0.5675302239046626,1864,600,1972,-35.99999999999985,10.0,0.0,-1972.0,1.9800000000000013,1.9800000000000013,-0.021696417490641256,0.3,0.10351825095713138,0.0,-9.319999999999961,-9.21648174904283,0.0
131,78600,0.3777579166666667,-344.3970642089844,0,0,0,0,0.07995951417004049,1.4600000000000009,0.5554492671405833,1643,600,2024,-35.99999999999985,0.0,0.0,-2024.0,1.4600000000000009,1.4600000000000009,-0.09137042744954424,0.1,0.37080422267317775,0.0,-8.214999999999918,-7.844195777326741,0.0
132,79200,0.3730079166666668,-338.8975524902344,0,0,0,0,0.11234817813765183,2.1000000000000014,0.5507238965784845,1673,600,1992,-35.99999999999985,0.0,0.0,-1992.0,2.1000000000000014,2.1000000000000014,-0.051843739827473964,0.7500000000000001,0.1911458299309015,0.0,-8.364999999999931,-8.17385417006903,0.0
133,79800,0.36825791666666674,-352.4280090332031,1,1,0,0,0.1791497975708502,3.4200000000000026,0.4371517238596263,1749,600,2084,-35.99999999999985,10.0,0.0,-2084.0,3.4200000000000026,3.4200000000000026,0.18503010813395204,0.3,0.2793307583034038,0.0,-8.744999999999932,-8.465669241696528,0.0
134,80400,0.3635079166666667,-217.8253936767578,0,0,0,0,0.07591093117408906,1.3800000000000008,0.510433088811066,1833,600,1265,-35.99999999999985,0.0,0.0,-1265.0,1.3800000000000008,1.3800000000000008,-0.06622071329752598,1.4000000000000006,0.503662572428584,0.0,-9.164999999999939,-8.661337427571354,0.0
135,81000,0.3587579166666667,-380.95556640625,1,1,0,0,0.09008097165991903,1.660000000000001,0.5621499615403527,1878,600,2253,-35.99999999999985,10.0,0.0,-2253.0,1.660000000000001,1.660000000000001,0.04758412170410157,0.25,0.7066306753456596,0.0,-9.389999999999963,-8.683369324654304,0.0
136,81600,0.35400791666666676,-162.095703125,1,1,0,0,0.22672064777327935,4.359999999999998,0.4729202030991858,1895,600,943,-35.99999999999985,10.0,0.0,-943.0,4.359999999999998,4.359999999999998,0.10956190363566058,0.7000000000000002,0.7334645289648325,0.0,-9.474999999999977,-8.741535471035144,0.0
137,82200,0.3492579166666667,-306.1365051269531,1,1,0,0,0.17105263157894737,3.2600000000000025,0.5412386957221235,1882,600,1806,-35.99999999999985,10.0,0.0,-1806.0,3.2600000000000025,3.2600000000000025,0.2518476816813149,0.49999999999999994,0.587103880662471,0.0,-9.409999999999966,-8.822896119337495,0.0
138,82800,0.3445079166666667,-231.247802734375,0,0,0,0,0.1508097165991903,2.860000000000002,0.5002349275481861,2053,600,1345,-35.99999999999985,0.0,0.0,-1345.0,2.860000000000002,2.860000000000002,0.05738549804687507,0.6,0.2657320978492498,0.0,-10.264999999999956,-9.999267902150706,0.0
139,83400,0.33975791666666666,-318.28155517578125,1,1,0,0,0.1417004048582996,2.680000000000002,0.5314338970851613,2003,600,1877,-35.99999999999985,10.0,0.0,-1877.0,2.680000000000002,2.680000000000002,0.008898671468098963,0.0,0.6438191701378673,0.0,-10.014999999999961,-9.371180829862094,0.0
140,84000,0.33500791666666674,-386.7153625488281,0,0,0,0,0.16396761133603238,3.1200000000000023,0.5176908807638554,1613,600,2280,-35.99999999999985,0.0,0.0,-2280.0,3.1200000000000023,3.1200000000000023,-0.051388458251953116,0.15000000000000002,0.5617581776529552,0.0,-8.064999999999946,-7.503241822346991,0.0
141,84600,0.3302579166666667,-205.5264892578125,0,0,0,0,0.15890688259109312,3.0200000000000022,0.4693648980709986,1677,600,1193,-35.99999999999985,0.0,0.0,-1193.0,3.0200000000000022,3.0200000000000022,-0.009275410970052045,0.3,0.9177564986050132,0.0,-8.38499999999994,-7.467243501394926,0.0
142,85200,0.3255079166666667,-402.1236267089844,1,1,0,0,0.14271255060728744,2.700000000000002,0.5473411141361754,1801,600,2381,-35.99999999999985,10.0,0.0,-2381.0,2.700000000000002,2.700000000000002,0.1186091194152833,0.15000000000000002,0.3055213201045989,0.0,-9.004999999999956,-8.699478679895357,0.0
143,85800,0.32075791666666664,-388.158935546875,1,1,0,0,0.1325910931174089,2.5000000000000013,0.5365927289094462,1851,600,2297,-35.99999999999985,10.0,0.0,-2297.0,2.5000000000000013,2.5000000000000013,0.2331716842651368,0.05,0.5280316006019711,0.0,-9.254999999999958,-8.726968399397988,0.0
144,86400,0.3160079166666667,-197.9203643798828,0,0,0,0,0.20850202429149797,4.000000000000003,0.4606899904930146,1905,600,1147,-35.99999999999985,0.0,0.0,-1147.0,4.000000000000003,4.000000000000003,-0.3292192891438803,0.39999999999999997,0.9355547621939331,0.0,-9.52499999999996,-8.589445237806027,0.0
145,87000,0.3112579166666667,-79.02783966064453,1,1,0,0,0.19433198380566802,3.720000000000003,0.45205540694691687,1894,600,443,-35.99999999999985,10.0,0.0,-443.0,3.720000000000003,3.720000000000003,-0.03201152801513682,0.25,0.36474135909229516,0.0,-9.469999999999951,-9.105258640907655,0.0
146,87600,0.30650791666666666,-342.6771545410156,1,1,0,0,0.14676113360323886,2.780000000000002,0.5290042609586251,2015,600,2024,-35.99999999999985,10.0,0.0,-2024.0,2.780000000000002,2.780000000000002,-0.008070494333903007,0.49999999999999994,0.747420886550099,0.0,-10.074999999999962,-9.327579113449863,0.0
147,88200,0.3017579166666666,-79.15233612060547,1,1,0,0,0.15182186234817813,2.880000000000002,0.4879036296959384,1958,600,443,-35.99999999999985,10.0,0.0,-443.0,2.880000000000002,2.880000000000002,0.09645588175455733,0.15000000000000002,0.7497857757657768,0.0,-9.789999999999962,-9.040214224234186,0.0
148,88800,0.2970079166666667,-332.2147216796875,1,1,0,0,0.11336032388663968,2.1400000000000015,0.5097521224902124,1882,600,1961,-35.99999999999985,10.0,0.0,-1961.0,2.1400000000000015,2.1400000000000015,0.20696119817097983,0.05,0.7312598977982999,0.0,-9.40999999999994,-8.67874010220164,0.0
149,89400,0.2922579166666667,-193.9389190673828,0,0,0,0,0.21862348178137653,4.199999999999998,0.44118413177457927,1936,600,1123,-35.99999999999985,0.0,0.0,-1123.0,4.199999999999998,4.199999999999998,-0.18336563110351572,0.05,0.9829249100200829,0.0,-9.679999999999945,-8.697075089979862,0.0
150,90000,0.28750791666666675,-393.4354553222656,1,1,0,0,0.1325910931174089,2.5000000000000013,0.5638227454108549,1770,600,2329,-35.99999999999985,10.0,0.0,-2329.0,2.5000000000000013,2.5000000000000013,0.1260720850626628,0.3,0.3227869154512883,0.0,-8.849999999999943,-8.527213084548654,0.0
151,90600,0.2827579166666667,-216.57908630371094,0,0,0,0,0.19939271255060728,3.820000000000003,0.4769765683665334,1976,600,1259,-35.99999999999985,0.0,0.0,-1259.0,3.820000000000003,3.820000000000003,-0.23557453918457064,0.9000000000000002,0.9233425013814122,0.0,-9.879999999999965,-8.956657498618553,0.0
152,91200,0.2780079166666668,-122.6347885131836,0,0,0,0,0.07793522267206478,1.4200000000000008,0.4998421639392553,1688,600,695,-35.99999999999985,0.0,0.0,-695.0,1.4200000000000008,1.4200000000000008,0.08061253865559893,1.0500000000000003,1.0825866093300278,0.0,-8.439999999999932,-7.357413390669905,0.0
153,91800,0.27325791666666677,-118.68246459960938,0,0,0,0,0.2682186234817814,5.179999999999983,0.42060399660780806,1814,600,674,-35.99999999999985,0.0,0.0,-674.0,5.179999999999983,5.179999999999983,0.031097478230794173,0.7000000000000001,1.064377041701227,0.0,-9.069999999999949,-8.005622958298721,0.0
154,92400,0.26850791666666673,-239.5896759033203,0,0,0,0,0.201417004048583,3.860000000000003,0.4874396642244554,2061,600,1396,-35.99999999999985,0.0,0.0,-1396.0,3.860000000000003,3.860000000000003,-0.11424750773111973,0.49999999999999994,0.5257374920323491,0.0,-10.304999999999978,-9.77926250796763,0.0
155,93000,0.2637579166666667,-277.7580871582031,0,0,0,0,0.17408906882591094,3.3200000000000025,0.45068558162021666,1776,600,1626,-35.99999999999985,0.0,0.0,-1626.0,3.3200000000000025,3.3200000000000025,-0.19852462768554688,0.7000000000000001,0.5146654833108186,0.0,-8.879999999999963,-8.365334516689146,0.0
156,93600,0.2590079166666668,-25.9888973236084,1,1,0,0,0.2550607287449393,4.919999999999987,0.38833948083721526,1820,600,129,-35.99999999999985,10.0,0.0,-129.0,4.919999999999987,4.919999999999987,0.06129267374674492,1.7500000000000009,1.4353324821218847,0.0,-9.099999999999959,-7.664667517878074,0.0
157,94200,0.25425791666666675,-215.00489807128906,1,1,0,0,0.2742914979757085,5.2999999999999785,0.460320934115112,1860,600,1261,-35.99999999999985,10.0,0.0,-1261.0,5.2999999999999785,5.2999999999999785,-0.17422761281331378,0.3,0.8466639639437197,0.0,-9.29999999999994,-8.453336036056221,0.0
158,94800,0.24950791666666672,-161.25079345703125,1,1,0,0,0.22267206477732793,4.2799999999999985,0.4331936813089043,1765,600,939,-35.99999999999985,10.0,0.0,-939.0,4.2799999999999985,4.2799999999999985,-0.039448432922363295,0.39999999999999997,1.680338363908231,0.0,-8.824999999999953,-7.144661636091723,0.0
159,95400,0.24475791666666669,-185.743408203125,1,1,0,0,0.1811740890688259,3.4600000000000026,0.4589644097100972,1848,600,1084,-35.99999999999985,10.0,0.0,-1084.0,3.4600000000000026,3.4600000000000026,0.1723124465942383,0.05,1.1006919383257627,0.0,-9.239999999999956,-8.139308061674193,0.0
160,96000,0.24000791666666677,-334.7715148925781,0,0,0,0,0.1811740890688259,3.4600000000000026,0.47583362939774,1799,600,1968,-35.99999999999985,0.0,0.0,-1968.0,3.4600000000000026,3.4600000000000026,-0.07004206339518232,0.3,0.6833899227529766,0.0,-8.994999999999951,-8.311610077246975,0.0
161,96600,0.23525791666666673,-36.499908447265625,0,0,0,0,0.28846153846153844,5.579999999999975,0.4147845829882175,1880,600,181,-35.99999999999985,0.0,0.0,-181.0,5.579999999999975,5.579999999999975,0.11812259928385424,0.49999999999999994,1.2025818839692501,0.0,-9.399999999999961,-8.197418116030711,0.0
162,97200,0.2305079166666667,-250.5901641845703,1,1,0,0,0.19635627530364372,3.7600000000000025,0.4553951270615006,1778,600,1474,-35.99999999999985,10.0,0.0,-1474.0,3.7600000000000025,3.7600000000000025,0.17830015309651673,0.39999999999999997,1.0167309176595882,0.0,-8.889999999999958,-7.87326908234037,0.0
163,97800,0.22575791666666667,-5.888057231903076,1,1,0,0,0.291497975708502,5.639999999999974,0.39113400832833983,1876,600,8,-35.99999999999985,10.0,0.0,-8.0,5.639999999999974,5.639999999999974,-0.05736960856119788,0.9000000000000001,1.569126761388034,0.0,-9.379999999999967,-7.810873238611933,0.0
164,98400,0.22100791666666675,-153.4359588623047,0,0,0,0,0.21153846153846154,4.060000000000001,0.42505002177953427,1847,600,881,-35.99999999999985,0.0,0.0,-881.0,4.060000000000001,4.060000000000001,-0.12523518371582032,0.25,1.4369707044214008,0.0,-9.234999999999978,-7.798029295578577,0.0
165,99000,0.21625791666666672,-200.73284912109375,1,1,0,0,0.18421052631578946,3.5200000000000027,0.4412333115856584,1737,600,1175,-35.99999999999985,10.0,0.0,-1175.0,3.5200000000000027,3.5200000000000027,0.27638070424397776,0.7000000000000001,0.7942682131379843,0.0,-8.684999999999933,-7.890731786861949,0.0
166,99600,0.21150791666666668,-286.8802795410156,1,1,0,0,0.19331983805668015,3.700000000000003,0.5122407906371518,1922,600,1691,-35.99999999999985,10.0,0.0,-1691.0,3.700000000000003,3.700000000000003,0.224680836995443,0.35,1.0588725809007884,0.0,-9.609999999999982,-8.551127419099194,0.0
167,100200,0.20675791666666665,-25.877296447753906,1,1,0,0,0.24392712550607287,4.69999999999999,0.4023953196429244,1613,600,128,-35.99999999999985,10.0,0.0,-128.0,4.69999999999999,4.69999999999999,-0.11400838724772151,0.7500000000000001,1.4652066286560146,0.0,-8.064999999999943,-6.599793371343928,0.0
168,100800,0.20200791666666673,-297.6099548339844,0,0,0,0,0.0840080971659919,1.5400000000000007,0.5472220099896125,1922,600,1742,-35.99999999999985,0.0,0.0,-1742.0,1.5400000000000007,1.5400000000000007,0.020875996907552045,0.15000000000000002,0.24879926562309268,0.0,-9.60999999999995,-9.361200734376856,0.0
169,101400,0.1972579166666667,-247.95263671875,1,1,0,0,0.2257085020242915,4.339999999999995,0.40276614680657485,1767,600,1459,-35.99999999999985,10.0,0.0,-1459.0,4.339999999999995,4.339999999999995,0.22645630264282232,0.7500000000000001,0.8074514607153835,0.0,-8.834999999999937,-8.027548539284552,0.0
170,102000,0.19250791666666667,-365.2518615722656,0,0,0,0,0.13360323886639677,2.520000000000002,0.5074998405461358,1820,600,2150,-35.99999999999985,0.0,0.0,-2150.0,2.520000000000002,2.520000000000002,-0.012702850341796915,0.3,0.7930149311944843,0.0,-9.099999999999952,-8.306985068805467,0.0
171,102600,0.18775791666666664,-109.60448455810547,0,0,0,0,0.1791497975708502,3.420000000000002,0.4626366126195353,1743,600,618,-35.99999999999985,0.0,0.0,-618.0,3.420000000000002,3.420000000000002,-0.1148238525390625,0.8500000000000002,0.9353166466578837,0.0,-8.714999999999954,-7.77968335334207,0.0
172,103200,0.18300791666666671,-90.14655303955078,2,2,0,0,0.23279352226720648,4.479999999999995,0.4506960874709977,1714,600,523,-35.99999999999985,20.0,0.0,-523.0,4.479999999999995,4.479999999999995,0.35590042368571,0.65,1.2045085730217397,0.0,-8.569999999999954,-7.365491426978214,0.0
173,103800,0.17825791666666668,-160.35040283203125,1,1,0,0,0.2560728744939271,4.939999999999985,0.459307787967385,1889,600,933,-35.99999999999985,10.0,0.0,-933.0,4.939999999999985,4.939999999999985,0.08181939570109059,0.5499999999999999,0.7734276664070785,0.0,-9.444999999999958,-8.671572333592879,0.0
174,104400,0.17350791666666665,-181.72979736328125,0,0,0,0,0.19129554655870445,3.660000000000003,0.3976490592363634,1872,600,1050,-35.99999999999985,0.0,0.0,-1050.0,3.660000000000003,3.660000000000003,-0.19018904113769516,0.8500000000000002,0.6638464035093783,0.0,-9.359999999999955,-8.696153596490577,0.0
175,105000,0.16875791666666673,-206.752685546875,1,1,0,0,0.21153846153846154,4.060000000000001,0.4721474851729201,2071,600,1209,-35.99999999999985,10.0,0.0,-1209.0,4.060000000000001,4.060000000000001,0.12487589263916038,0.2,0.45699845105409614,0.0,-10.354999999999958,-9.898001548945862,0.0
176,105600,0.1640079166666668,-154.97544860839844,1,1,0,0,0.22874493927125505,4.399999999999994,0.4491094970543418,1778,600,901,-35.99999999999985,10.0,0.0,-901.0,4.399999999999994,4.399999999999994,0.16986056645711253,0.7500000000000001,0.719267509058118,0.0,-8.889999999999967,-8.170732490941848,0.0
177,106200,0.15925791666666678,-193.11570739746094,1,1,0,0,0.18319838056680163,3.5000000000000027,0.47909674949229364,1672,600,1129,-35.99999999999985,10.0,0.0,-1129.0,3.5000000000000027,3.5000000000000027,-0.036936742146809934,0.5499999999999999,0.6551427745074033,0.0,-8.359999999999935,-7.704857225492532,0.0
178,106800,0.15450791666666674,-192.0155029296875,1,1,0,0,0.1325910931174089,2.5000000000000013,0.5058616322442847,1604,600,1121,-35.99999999999985,10.0,0.0,-1121.0,2.5000000000000013,2.5000000000000013,-0.06099865214029948,0.1,0.39189141601324057,0.0,-8.019999999999936,-7.628108583986695,0.0
179,107400,0.1497579166666667,-166.3482208251953,1,1,0,0,0.23481781376518218,4.5199999999999925,0.332855542440197,1717,600,970,-35.99999999999985,10.0,0.0,-970.0,4.5199999999999925,4.5199999999999925,0.09308963394165053,0.9000000000000002,0.9862895166501402,0.0,-8.58499999999995,-7.598710483349809,0.0
180,108000,0.1450079166666668,-52.61565017700195,0,0,0,0,0.25303643724696356,4.8799999999999875,0.40327226459785986,1768,600,277,-35.99999999999985,0.0,0.0,-277.0,4.8799999999999875,4.8799999999999875,-0.35274464416503926,0.3,1.3184792813658717,0.0,-8.839999999999954,-7.521520718634082,0.0
181,108600,0.14025791666666676,-201.67124938964844,1,1,0,0,0.2651821862348178,5.119999999999989,0.3746719173484518,1922,600,1182,-35.99999999999985,10.0,0.0,-1182.0,5.119999999999989,5.119999999999989,0.10525769042968745,0.6,1.7594221686199298,0.0,-9.609999999999955,-7.850577831380026,0.0
182,109200,0.13550791666666673,-140.25535583496094,0,0,0,0,0.23380566801619435,4.499999999999992,0.3751615042010639,1554,600,804,-35.99999999999985,0.0,0.0,-804.0,4.499999999999992,4.499999999999992,-0.05225862630208329,0.39999999999999997,1.3923274146392948,0.0,-7.769999999999932,-6.377672585360637,0.0
183,109800,0.1307579166666667,-167.5181427001953,0,0,0,0,0.152834008097166,2.900000000000002,0.4266779579241564,1590,600,965,-35.99999999999985,0.0,0.0,-965.0,2.900000000000002,2.900000000000002,0.009203816731770842,0.15000000000000002,0.7841203346103431,0.0,-7.94999999999992,-7.165879665389577,0.0
184,110400,0.12600791666666677,-207.3350372314453,0,0,0,0,0.2793522267206478,5.399999999999981,0.4057365562878355,1729,600,1207,-35.99999999999985,0.0,0.0,-1207.0,5.399999999999981,5.399999999999981,-0.014876220703124981,0.49999999999999994,1.7531660708226262,0.0,-8.644999999999952,-6.891833929177325,0.0
185,111000,0.12125791666666674,-106.29940032958984,0,0,0,0,0.22267206477732793,4.279999999999997,0.4149983438319355,1599,600,599,-35.99999999999985,0.0,0.0,-599.0,4.279999999999997,4.279999999999997,-0.14525651550292978,0.0,1.0648011361062524,0.0,-7.9949999999999415,-6.930198863893689,0.0
186,111600,0.11650791666666671,-95.07369232177734,1,1,0,0,0.3066801619433198,5.939999999999968,0.2956945698980982,1802,600,545,-35.99999999999985,10.0,0.0,-545.0,5.939999999999968,5.939999999999968,0.07150074132283528,1.5500000000000007,2.0079543201997865,0.0,-9.009999999999952,-7.002045679800165,0.0
187,112200,0.11175791666666668,-92.32384490966797,1,1,0,0,0.36538461538461536,7.099999999999952,0.34983299804823925,1802,600,529,-35.99999999999985,10.0,0.0,-529.0,7.099999999999952,7.099999999999952,0.2285455945332854,1.1000000000000003,1.6390089630894364,0.0,-9.009999999999952,-7.370991036910516,0.0
188,112800,0.10700791666666676,-181.0924530029297,0,0,0,0,0.17105263157894737,3.260000000000002,0.4869177381607409,1750,600,1046,-35.99999999999985,0.0,0.0,-1046.0,3.260000000000002,3.260000000000002,-0.04942948404947913,0.8000000000000002,0.1863119673728943,0.0,-8.74999999999996,-8.563688032627065,0.0
189,113400,0.10225791666666673,-81.82233428955078,1,1,0,0,0.3319838056680162,6.4399999999999675,0.37524050603228615,1674,600,465,-35.99999999999985,10.0,0.0,-465.0,6.4399999999999675,6.4399999999999675,0.09410050710042313,0.8000000000000003,1.103215691037476,0.0,-8.369999999999958,-7.266784308962483,0.0
190,114000,0.0975079166666667,-92.00090789794922,0,0,0,0,0.2236842105263158,4.299999999999997,0.43675240425444734,1605,600,513,-35.99999999999985,0.0,0.0,-513.0,4.299999999999997,4.299999999999997,-0.024300725301106864,0.25,0.4956443761009723,0.0,-8.024999999999933,-7.529355623898961,0.0
191,114600,0.09275791666666666,-98.22888946533203,0,0,0,0,0.23178137651821862,4.4599999999999955,0.4007896653874195,1595,600,551,-35.99999999999985,0.0,0.0,-551.0,4.4599999999999955,4.4599999999999955,-0.14759225463867204,0.0,1.289848537333309,0.0,-7.974999999999941,-6.6851514626666315,0.0
192,115200,0.08800791666666674,-104.22229766845703,0,0,0,0,0.25,4.8199999999999905,0.40717005213158297,1693,600,587,-35.99999999999985,0.0,0.0,-587.0,4.8199999999999905,4.8199999999999905,0.17611584981282552,0.25,0.8859695785492657,0.0,-8.464999999999945,-7.579030421450679,0.0
193,115800,0.08325791666666671,-25.272077560424805,1,1,0,0,0.2854251012145749,5.51999999999998,0.3751897293363921,1692,600,125,-35.99999999999985,10.0,0.0,-125.0,5.51999999999998,5.51999999999998,0.15174542744954428,0.5499999999999999,1.6059728115051985,0.0,-8.459999999999946,-6.854027188494747,0.0
194,116400,0.07850791666666668,-156.88079833984375,1,1,0,0,0.21761133603238866,4.18,0.4686556715283142,2045,600,910,-35.99999999999985,10.0,0.0,-910.0,4.18,4.18,0.08129447428385413,0.2,0.48167672133073197,0.0,-10.224999999999982,-9.74332327866925,0.0
195,117000,0.07375791666666665,-233.3567657470703,1,1,0,0,0.25,4.819999999999987,0.44372063872773043,1816,600,1372,-35.99999999999985,10.0,0.0,-1372.0,4.819999999999987,4.819999999999987,-0.005966674804687511,1.2000000000000004,0.928402946703136,0.0,-9.07999999999996,-8.151597053296824,0.0
196,117600,0.06900791666666672,-152.05003356933594,1,1,0,0,0.19635627530364372,3.760000000000003,0.42552570036221976,1663,600,883,-35.99999999999985,10.0,0.0,-883.0,3.760000000000003,3.760000000000003,0.17490323003133137,0.05,1.032265515625477,0.0,-8.314999999999948,-7.282734484374471,0.0
197,118200,0.06425791666666669,-166.3551025390625,1,1,0,0,0.24595141700404857,4.739999999999989,0.422032956223597,1524,600,970,-35.99999999999985,10.0,0.0,-970.0,4.739999999999989,4.739999999999989,-0.15774029286702476,0.44999999999999996,0.4580704303085804,0.0,-7.619999999999941,-7.1619295696913605,0.0
198,118800,0.05950791666666666,-123.89923095703125,2,2,0,0,0.19433198380566802,3.720000000000003,0.5032827269999365,1866,600,723,-35.99999999999985,20.0,0.0,-723.0,3.720000000000003,3.720000000000003,0.31479986445109065,0.35,0.5508021953701971,0.0,-9.329999999999963,-8.779197804629765,0.0
199,119400,0.05475791666666663,-8.219502449035645,0,0,0,0,0.2722672064777328,5.259999999999979,0.42857618978838824,1657,600,12,-35.99999999999985,0.0,0.0,-12.0,5.259999999999979,5.259999999999979,-0.029426534016927026,0.5499999999999999,1.1875150981731715,0.0,-8.284999999999958,-7.097484901826786,0.0
200,120000,0.05000791666666671,-154.7556915283203,2,2,0,0,0.25303643724696356,4.879999999999985,0.4041077076982118,1651,600,911,-35.99999999999985,20.0,0.0,-911.0,4.879999999999985,4.879999999999985,0.178451914469401,0.49999999999999994,1.163736136704683,0.0,-8.254999999999946,-7.0912638632952625,0.0
201,120526,0.05,-120.30496978759766,4,4,0,0,0.34615384615384615,6.71999999999997,0.3519383760295616,1388,526,732,-31.55999999999971,40.0,0.0,-732.0,6.71999999999997,6.71999999999997,0.4828469607035317,0.6,0.8684657352603969,0.0,-6.939999999999952,-6.071534264739555,0.0
202,121126,0.05,-22.71714973449707,0,0,0,0,0.3684210526315789,7.159999999999961,0.34665332003176447,1637,600,102,-35.99999999999985,0.0,0.0,-102.0,7.159999999999961,7.159999999999961,0.045347127278645774,0.9000000000000002,1.7768385389819736,0.0,-8.184999999999945,-6.408161461017972,0.0
203,121726,0.05,-166.2301483154297,3,3,0,0,0.3866396761133603,7.5199999999999525,0.3475965981614152,1463,600,995,-35.99999999999985,30.0,0.0,-995.0,7.5199999999999525,7.5199999999999525,0.6118280766805017,0.9500000000000003,1.8535207313764839,0.0,-7.31499999999995,-5.461479268623465,0.0
204,122326,0.05,-122.6916732788086,2,2,0,0,0.3917004048582996,7.619999999999959,0.31113736055883945,1618,600,724,-35.99999999999985,20.0,0.0,-724.0,7.619999999999959,7.619999999999959,0.2827975006103518,0.8500000000000002,3.188129334077241,0.0,-8.089999999999936,-4.901870665922695,0.0
205,122926,0.05,-45.65113830566406,1,1,0,0,0.37550607287449395,7.299999999999958,0.26841503073865575,1657,600,252,-35.99999999999985,10.0,0.0,-252.0,7.299999999999958,7.299999999999958,0.235164264678955,1.2000000000000004,3.6427127372100943,0.0,-8.28499999999995,-4.642287262789856,0.0
206,123526,0.05,-111.0062255859375,2,2,0,0,0.35020242914979755,6.799999999999957,0.2842638407278961,1605,600,654,-35.99999999999985,20.0,0.0,-654.0,6.799999999999957,6.799999999999957,0.5893399759928392,1.4500000000000006,3.1485315094515687,0.0,-8.024999999999933,-4.876468490548364,0.0
207,124126,0.05,-8.592672348022461,3,3,0,0,0.4048582995951417,7.879999999999953,0.2649375851515651,1595,600,50,-35.99999999999985,30.0,0.0,-50.0,7.879999999999953,7.879999999999953,0.39230617396036815,1.1500000000000004,2.9967481559514995,0.0,-7.974999999999942,-4.978251844048442,0.0
208,124726,0.05,-196.65374755859375,3,3,0,0,0.2975708502024291,5.759999999999973,0.3226442245473057,1484,600,1175,-35.99999999999985,30.0,0.0,-1175.0,5.759999999999973,5.759999999999973,0.47294661585489894,0.5499999999999999,1.716418993212282,0.0,-7.4199999999999395,-5.703581006787657,0.0
209,125326,0.05,-62.74641799926758,0,0,0,0,0.2874493927125506,5.559999999999973,0.35220211462066797,1786,600,339,-35.99999999999985,0.0,0.0,-339.0,5.559999999999973,5.559999999999973,-0.06369608052571603,0.44999999999999996,1.5054625171422966,0.0,-8.929999999999959,-7.424537482857662,0.0
210,125926,0.05,-24.892385482788086,1,1,0,0,0.18016194331983806,3.4400000000000026,0.449928382386101,1765,600,119,-35.99999999999985,10.0,0.0,-119.0,3.4400000000000026,3.4400000000000026,0.03296957015991218,0.25,0.7478937064530331,0.0,-8.82499999999996,-8.077106293546928,0.0
211,126526,0.05,-61.78049087524414,2,2,0,0,0.28846153846153844,5.579999999999976,0.39339476321086597,1638,600,354,-35.99999999999985,20.0,0.0,-354.0,5.579999999999976,5.579999999999976,0.26803508122762043,0.6,1.060064046755433,0.0,-8.189999999999953,-7.12993595324452,0.0
212,127126,0.05,-92.28221893310547,0,0,0,0,0.24898785425101214,4.799999999999987,0.4359295458682997,1616,600,516,-35.99999999999985,0.0,0.0,-516.0,4.799999999999987,4.799999999999987,-0.18517419433593765,0.6,1.1732775896787644,0.0,-8.079999999999936,-6.906722410321172,0.0
213,127726,0.05,-222.91636657714844,0,0,0,0,0.2236842105263158,4.299999999999997,0.3776448730318306,1619,600,1300,-35.99999999999985,0.0,0.0,-1300.0,4.299999999999997,4.299999999999997,0.057053344726562455,0.7000000000000001,1.544691613465547,0.0,-8.094999999999933,-6.550308386534386,0.0
214,128326,0.05,-41.29280471801758,3,3,0,0,0.36639676113360325,7.119999999999958,0.2940816544129525,1776,600,245,-35.99999999999985,30.0,0.0,-245.0,7.119999999999958,7.119999999999958,0.6066207199096679,0.9000000000000002,3.496451031630859,0.0,-8.879999999999958,-5.3835489683691,0.0
215,128681,0.05,-33.22783279418945,4,4,0,0,0.2783400809716599,5.379999999999984,0.2977800361417915,935,355,222,-21.29999999999993,40.0,0.0,-222.0,5.379999999999984,5.379999999999984,0.8773687451680505,0.6,1.750486868214793,0.0,-4.674999999999986,-2.9245131317851927,0.0
216,129281,0.05,-114.69873809814453,1,1,0,0,0.33299595141700405,6.459999999999968,0.31777596477652775,1602,600,664,-35.99999999999985,10.0,0.0,-664.0,6.459999999999968,6.459999999999968,0.1804496002197267,0.39999999999999997,2.778331686370074,0.0,-8.009999999999948,-5.231668313629874,0.0
217,129881,0.05,-0.4348630905151367,3,3,0,0,0.2813765182186235,5.439999999999979,0.29614200614807484,1540,600,0,-35.99999999999985,30.0,0.0,0.0,5.439999999999979,5.439999999999979,0.848286602020265,1.800000000000001,3.002669437928125,0.0,-7.699999999999939,-4.697330562071814,0.0
218,130481,0.05,-13.277558326721191,2,2,0,0,0.4625506072874494,9.01999999999994,0.25518595925110277,1546,600,70,-35.99999999999985,20.0,0.0,-70.0,9.01999999999994,9.01999999999994,0.49338229624430346,1.1000000000000003,3.4513952010869975,0.0,-7.729999999999956,-4.2786047989129585,0.0
219,131081,0.05,-4.031719207763672,1,1,0,0,0.31275303643724695,6.059999999999974,0.3227571598375895,1691,600,0,-35.99999999999985,10.0,0.0,0.0,6.059999999999974,6.059999999999974,0.13397091674804706,0.9500000000000003,3.120832709572277,0.0,-8.454999999999956,-5.334167290427679,0.0
220,131681,0.05,-2.539240598678589,2,2,0,0,0.3016194331983806,5.839999999999971,0.32571505956162583,1595,600,0,-35.99999999999985,20.0,0.0,0.0,5.839999999999971,5.839999999999971,0.28067892456054727,0.25,2.368985292522703,0.0,-7.974999999999948,-5.606014707477245,0.0
221,132281,0.05,-44.68466567993164,1,1,0,0,0.3208502024291498,6.219999999999966,0.32738823746699686,1492,600,244,-35.99999999999985,10.0,0.0,-244.0,6.219999999999966,6.219999999999966,0.2678496869405112,1.1000000000000003,1.7640076323878022,0.0,-7.459999999999939,-5.695992367612137,0.0
222,132881,0.05,-4.56207799911499,1,1,0,0,0.2894736842105263,5.599999999999977,0.35963526667075507,1520,600,2,-35.99999999999985,10.0,0.0,-2.0,5.599999999999977,5.599999999999977,0.2648482437133785,1.0000000000000002,1.3628220819309351,0.0,-7.5999999999999455,-6.23717791806901,0.0
223,133132,0.05,-34.562110900878906,4,4,0,0,0.16295546558704455,3.100000000000002,0.34594613656259476,697,251,233,-15.060000000000036,40.0,0.0,-233.0,3.100000000000002,3.100000000000002,0.37311992899576857,0.3,0.39914362370967865,0.0,-3.484999999999992,-3.0858563762903133,0.0
224,133732,0.05,-69.51581573486328,2,2,0,0,0.27125506072874495,5.2399999999999824,0.33881139216098943,1513,600,401,-35.99999999999985,20.0,0.0,-401.0,5.2399999999999824,5.2399999999999824,0.11468045934041343,0.39999999999999997,1.7160434201359749,0.0,-7.564999999999944,-5.8489565798639696,0.0
225,134332,0.05,-4.906055927276611,3,3,0,0,0.3117408906882591,6.03999999999997,0.3222517724641754,1570,600,25,-35.99999999999985,30.0,0.0,-25.0,6.03999999999997,6.03999999999997,0.5567371826171877,0.39999999999999997,2.417041413411498,0.0,-7.84999999999994,-5.432958586588442,0.0
226,134932,0.05,-4.1393537521362305,1,1,0,0,0.32388663967611336,6.279999999999966,0.3782696770186238,1619,600,0,-35.99999999999985,10.0,0.0,0.0,6.279999999999966,6.279999999999966,-0.02591423288981123,0.8500000000000002,2.154895730428397,0.0,-8.094999999999946,-5.940104269571549,0.0
227,135532,0.05,-129.7747039794922,1,1,0,0,0.3805668016194332,7.399999999999952,0.3198501129965411,1808,600,754,-35.99999999999985,10.0,0.0,-754.0,7.399999999999952,7.399999999999952,0.17431915918985982,0.65,2.168277325630189,0.0,-9.03999999999995,-6.87172267436976,0.0
228,136132,0.05,-3.3521270751953125,2,2,0,0,0.2408906882591093,4.639999999999994,0.4674237577072361,1506,600,3,-35.99999999999985,20.0,0.0,-3.0,4.639999999999994,4.639999999999994,0.20398199717203785,0.1,1.4733886219561099,0.0,-7.529999999999943,-6.056611378043834,0.0
229,136732,0.05,-249.11753845214844,0,0,0,0,0.18724696356275303,3.5800000000000023,0.5038983255820091,1706,600,1455,-35.99999999999985,0.0,0.0,-1455.0,3.5800000000000023,3.5800000000000023,-0.000989827473958379,0.3,0.9522910165227949,0.0,-8.529999999999973,-7.577708983477178,0.0
230,137332,0.05,-88.17806243896484,0,0,0,0,0.14271255060728744,2.700000000000002,0.4413051784477123,1456,600,490,-35.99999999999985,0.0,0.0,-490.0,2.700000000000002,2.700000000000002,0.2513714141845703,0.25,1.0129383590072394,0.0,-7.2799999999999425,-6.267061640992703,0.0
231,137932,0.05,-7.313755035400391,0,0,0,0,0.21963562753036436,4.219999999999998,0.4462034010838479,1451,600,6,-35.99999999999985,0.0,0.0,-6.0,4.219999999999998,4.219999999999998,-0.19119833882649742,0.0,1.3438649666402485,0.0,-7.254999999999955,-5.911135033359706,0.0
232,138532,0.05,-6.383235931396484,0,0,0,0,0.19736842105263158,3.780000000000003,0.4945195434317349,1528,600,0,-35.99999999999985,0.0,0.0,0.0,3.780000000000003,3.780000000000003,-0.1254733072916666,0.49999999999999994,1.1861828973144295,0.0,-7.63999999999997,-6.453817102685541,0.0
233,139132,0.05,-36.144386291503906,0,0,0,0,0.18319838056680163,3.500000000000002,0.5082325588008987,1576,600,178,-35.99999999999985,0.0,0.0,-178.0,3.500000000000002,3.500000000000002,-0.4525040944417319,0.25,1.716309377085417,0.0,-7.879999999999951,-6.163690622914534,0.0
234,139732,0.05,-211.9145050048828,0,0,0,0,0.14473684210526316,2.740000000000002,0.546948842840211,1787,600,1230,-35.99999999999985,0.0,0.0,-1230.0,2.740000000000002,2.740000000000002,-0.16663271840413416,0.1,0.7783229986508378,0.0,-8.934999999999942,-8.156677001349104,0.0
235,140332,0.05,-12.627039909362793,0,0,0,0,0.2236842105263158,4.299999999999999,0.45603635963650757,1663,600,38,-35.99999999999985,0.0,0.0,-38.0,4.299999999999999,4.299999999999999,0.03616948445638023,0.65,1.5666681369580329,0.0,-8.314999999999964,-6.7483318630419316,0.0
236,140932,0.05,-0.44891324639320374,3,3,0,0,0.43016194331983804,8.379999999999942,0.2738263199374422,1761,600,0,-35.99999999999985,30.0,0.0,0.0,8.379999999999942,8.379999999999942,0.3629611244201661,0.35,3.0187065601861094,0.0,-8.804999999999962,-5.7862934398138535,0.0
237,141532,0.05,-70.90605163574219,2,2,0,0,0.2125506072874494,4.080000000000001,0.3224364161209087,1450,600,410,-35.99999999999985,20.0,0.0,-410.0,4.080000000000001,4.080000000000001,0.2212348556518555,1.2500000000000004,2.2631242521107198,0.0,-7.249999999999942,-4.986875747889222,0.0
238,141802,0.05,-33.407039642333984,4,4,0,0,0.14473684210526316,2.740000000000002,0.2825734454672065,634,270,226,-16.20000000000004,40.0,0.0,-226.0,2.740000000000002,2.740000000000002,0.5951298281351733,0.39999999999999997,1.1924650979787106,0.0,-3.1699999999999906,-1.97753490202128,0.0
239,142402,0.05,-1.9322746992111206,2,2,0,0,0.3360323886639676,6.51999999999997,0.26753409641143255,1282,600,0,-35.99999999999985,20.0,0.0,0.0,6.51999999999997,6.51999999999997,0.4044549942016597,0.7500000000000001,3.1419904056563954,0.0,-6.409999999999945,-3.2680095943435497,0.0
240,143002,0.05,-74.9840316772461,3,3,0,0,0.3775303643724696,7.339999999999963,0.2540743231732631,1419,600,449,-35.99999999999985,30.0,0.0,-449.0,7.339999999999963,7.339999999999963,0.524925561269124,0.7000000000000001,3.626552910581232,0.0,-7.094999999999942,-3.46844708941871,0.0
241,143602,0.05,-59.14205551147461,2,2,0,0,0.3410931174089069,6.619999999999957,0.262050163285789,1595,600,342,-35.99999999999985,20.0,0.0,-342.0,6.619999999999957,6.619999999999957,0.5172728474934893,0.7000000000000001,3.2855673647113135,0.0,-7.974999999999947,-4.689432635288634,0.0
242,144202,0.05,-51.770755767822266,1,1,0,0,0.3016194331983806,5.839999999999973,0.27563866442573876,1488,600,287,-35.99999999999985,10.0,0.0,-287.0,5.839999999999973,5.839999999999973,-0.031832074483235724,1.3500000000000005,2.6569852497428665,0.0,-7.439999999999935,-4.783014750257069,0.0
243,144802,0.05,-34.035099029541016,1,1,0,0,0.2601214574898785,5.019999999999985,0.3236089990461268,1697,600,178,-35.99999999999985,10.0,0.0,-178.0,5.019999999999985,5.019999999999985,0.2745299975077312,0.35,2.6298422416113314,0.0,-8.484999999999966,-5.855157758388634,0.0
244,145402,0.05,-100.8032455444336,1,1,0,0,0.2854251012145749,5.5199999999999765,0.35804543168633246,1465,600,579,-35.99999999999985,10.0,0.0,-579.0,5.5199999999999765,5.5199999999999765,-0.21324675114949565,0.35,1.8502640537917614,0.0,-7.324999999999946,-5.474735946208185,0.0
245,145536,0.05,5.050967216491699,4,4,0,0,0.15890688259109312,3.020000000000002,0.22310777845203444,377,134,4,-8.039999999999978,40.0,0.0,-4.0,3.020000000000002,3.020000000000002,0.5632287648518879,0.25,0.39758729271590715,0.0,-1.884999999999999,-1.4874127072840917,0.0
246,146136,0.05,-100.25208282470703,2,2,0,0,0.3107287449392713,6.0199999999999685,0.3068639759171856,1512,600,587,-35.99999999999985,20.0,0.0,-587.0,6.0199999999999685,6.0199999999999685,0.4214062207539877,0.6,2.008325756639243,0.0,-7.559999999999947,-5.551674243360704,0.0
247,146736,0.05,-34.62870407104492,2,2,0,0,0.2834008097165992,5.479999999999982,0.3615436797644765,1551,600,192,-35.99999999999985,20.0,0.0,-192.0,5.479999999999982,5.479999999999982,0.3562018572489419,0.65,1.4965966262435535,0.0,-7.754999999999953,-6.2584033737563995,0.0
248,147336,0.05,-132.95762634277344,2,2,0,0,0.2540485829959514,4.899999999999986,0.37806951658224636,1483,600,781,-35.99999999999985,20.0,0.0,-781.0,4.899999999999986,4.899999999999986,0.26308821487426765,0.3,1.2067641626670962,0.0,-7.41499999999994,-6.208235837332843,0.0
249,147936,0.05,-29.212081909179688,2,2,0,0,0.3360323886639676,6.519999999999968,0.3362930220019916,1546,600,161,-35.99999999999985,20.0,0.0,-161.0,6.519999999999968,6.519999999999968,0.41503634516398147,0.7500000000000001,1.7725838576629753,0.0,-7.7299999999999445,-5.957416142336969,0.0
250,148536,0.05,-91.16342163085938,3,3,0,0,0.2722672064777328,5.259999999999981,0.3013890549568896,1908,600,540,-35.99999999999985,30.0,0.0,-540.0,5.259999999999981,5.259999999999981,0.2160043907165529,0.7500000000000001,2.336325055584312,0.0,-9.539999999999957,-7.203674944415645,0.0
251,149136,0.05,-2.9465725421905518,2,2,0,0,0.2935222672064777,5.679999999999971,0.3772639149808917,1477,600,3,-35.99999999999985,20.0,0.0,-3.0,5.679999999999971,5.679999999999971,0.5677871373494467,0.7000000000000001,1.757937322184444,0.0,-7.384999999999955,-5.627062677815511,0.0
252,149736,0.05,-72.40862274169922,0,0,0,0,0.22064777327935223,4.239999999999998,0.40273773153902664,1560,600,396,-35.99999999999985,0.0,0.0,-396.0,4.239999999999998,4.239999999999998,0.1396562652587891,0.2,0.7696537403762337,0.0,-7.799999999999938,-7.030346259623704,0.0
253,150336,0.05,-78.96217346191406,1,1,0,0,0.2145748987854251,4.120000000000001,0.4114329224775186,1758,600,445,-35.99999999999985,10.0,0.0,-445.0,4.120000000000001,4.120000000000001,0.45845756276448596,0.6,0.8395807139994577,0.0,-8.78999999999997,-7.950419286000513,0.0
254,150936,0.05,-87.09796905517578,2,2,0,0,0.22469635627530365,4.319999999999996,0.33427400685904207,1524,600,508,-35.99999999999985,20.0,0.0,-508.0,4.319999999999996,4.319999999999996,0.23632039388020798,1.8500000000000012,2.6270362396538256,0.0,-7.619999999999945,-4.99296376034612,0.0
255,151536,0.05,-8.52639102935791,1,1,0,0,0.34210526315789475,6.639999999999971,0.38855253740102247,1772,600,26,-35.99999999999985,10.0,0.0,-26.0,6.639999999999971,6.639999999999971,0.0465161323547364,0.35,2.665250784270465,0.0,-8.859999999999948,-6.194749215729483,0.0
256,152136,0.05,-81.1484603881836,1,1,0,0,0.36639676113360325,7.119999999999955,0.3334612981788329,1580,600,463,-35.99999999999985,10.0,0.0,-463.0,7.119999999999955,7.119999999999955,0.009768923441569093,0.49999999999999994,2.379458251520992,0.0,-7.89999999999993,-5.520541748478938,0.0
257,152736,0.05,-5.904901027679443,1,1,0,0,0.20242914979757085,3.880000000000003,0.4115144930355746,1744,600,8,-35.99999999999985,10.0,0.0,-8.0,3.880000000000003,3.880000000000003,0.3824777806599934,0.6,2.428237503021955,0.0,-8.719999999999967,-6.291762496978012,0.0
258,153336,0.05,-164.257080078125,1,1,0,0,0.22672064777327935,4.359999999999997,0.3926009130349282,1541,600,959,-35.99999999999985,10.0,0.0,-959.0,4.359999999999997,4.359999999999997,0.19157261784871418,0.7500000000000001,1.864778094738722,0.0,-7.704999999999948,-5.840221905261226,0.0
259,153936,0.05,-24.995790481567383,2,2,0,0,0.14068825910931174,2.660000000000002,0.4976864335120869,1331,600,131,-35.99999999999985,20.0,0.0,-131.0,2.660000000000002,2.660000000000002,-0.034101699829101516,0.0,1.05468524929136,0.0,-6.654999999999951,-5.600314750708591,0.0
260,154536,0.05,-112.62967681884766,1,1,0,0,0.14676113360323886,2.780000000000002,0.47807672418067854,1583,600,646,-35.99999999999985,10.0,0.0,-646.0,2.780000000000002,2.780000000000002,0.1522982788085938,0.35,0.8547652506083248,0.0,-7.914999999999934,-7.0602347493916096,0.0
261,155136,0.05,-144.05479431152344,0,0,0,0,0.0931174089068826,1.720000000000001,0.5335066099130523,1835,600,821,-35.99999999999985,0.0,0.0,-821.0,1.720000000000001,1.720000000000001,-0.21729636637369784,0.05,0.29338389851152896,0.0,-9.17499999999995,-8.88161610148842,0.0
262,155736,0.05,-127.3858413696289,0,0,0,0,0.10020242914979757,1.860000000000001,0.4967982723042627,1761,600,722,-35.99999999999985,0.0,0.0,-722.0,1.860000000000001,1.860000000000001,-0.06264255777994786,0.6,0.0928714647889137,0.0,-8.804999999999954,-8.71212853521104,0.0
263,156336,0.05,-6.708419322967529,0,0,0,0,0.2236842105263158,4.299999999999997,0.47036499977549984,1486,600,2,-35.99999999999985,0.0,0.0,-2.0,4.299999999999997,4.299999999999997,-0.10081873575846353,0.3,0.6804493602365252,0.0,-7.429999999999967,-6.7495506397634415,0.0
264,156936,0.05,-45.736846923828125,1,1,0,0,0.16093117408906882,3.0600000000000023,0.5215900228253546,1632,600,244,-35.99999999999985,10.0,0.0,-244.0,3.0600000000000023,3.0600000000000023,0.17304998397827154,0.05,0.45578903496265405,0.0,-8.159999999999945,-7.704210965037291,0.0
265,157536,0.05,-27.07370948791504,1,1,0,0,0.24595141700404857,4.739999999999988,0.41017457540615904,1625,600,135,-35.99999999999985,10.0,0.0,-135.0,4.739999999999988,4.739999999999988,-0.05435796356201162,0.7500000000000001,1.2470016320049757,0.0,-8.12499999999995,-6.877998367994975,0.0
266,158136,0.05,-20.389936447143555,2,2,0,0,0.18218623481781376,3.4800000000000026,0.4812801186388727,1622,600,103,-35.99999999999985,20.0,0.0,-103.0,3.4800000000000026,3.4800000000000026,0.13371237945556644,0.39999999999999997,0.7568787222728135,0.0,-8.109999999999948,-7.353121277727134,0.0
267,158736,0.05,-104.59822845458984,1,1,0,0,0.1791497975708502,3.420000000000002,0.44054000923214415,1493,600,598,-35.99999999999985,10.0,0.0,-598.0,3.420000000000002,3.420000000000002,-0.011177040100097641,0.1,0.36970801848918194,0.0,-7.46499999999995,-7.095291981510768,0.0
268,159336,0.05,-8.590776443481445,0,0,0,0,0.3299595141700405,6.399999999999965,0.4070954716126208,1510,600,16,-35.99999999999985,0.0,0.0,-16.0,6.399999999999965,6.399999999999965,-0.1848409678141277,0.6,1.1903298828005788,0.0,-7.54999999999996,-6.359670117199381,0.0
269,159936,0.05,-40.669010162353516,1,1,0,0,0.27125506072874495,5.23999999999998,0.41094758940718346,1586,600,217,-35.99999999999985,10.0,0.0,-217.0,5.23999999999998,5.23999999999998,0.10333608118693034,0.49999999999999994,1.0725415540952237,0.0,-7.92999999999994,-6.857458445904717,0.0
270,160536,0.05,-13.068230628967285,1,1,0,0,0.3856275303643725,7.499999999999953,0.3344838645342032,1602,600,55,-35.99999999999985,10.0,0.0,-55.0,7.499999999999953,7.499999999999953,-0.005607056935628308,0.9500000000000003,2.1563255731947724,0.0,-8.009999999999952,-5.8536744268051795,0.0
271,161136,0.05,-56.79527282714844,2,2,0,0,0.3107287449392713,6.019999999999975,0.40927351933234607,1675,600,324,-35.99999999999985,20.0,0.0,-324.0,6.019999999999975,6.019999999999975,0.20513518778483067,0.39999999999999997,0.9780350794270635,0.0,-8.374999999999961,-7.396964920572898,0.0
272,161736,0.05,-189.52642822265625,1,1,0,0,0.23380566801619435,4.499999999999992,0.4301706867471674,1655,600,1109,-35.99999999999985,10.0,0.0,-1109.0,4.499999999999992,4.499999999999992,0.16132315317789714,0.2,1.2586658919230107,0.0,-8.274999999999947,-7.016334108076936,0.0
273,162292,0.05,-13.826735496520996,4,4,0,0,0.4240890688259109,8.259999999999959,0.3180200283191439,1445,556,94,-33.35999999999975,40.0,0.0,-94.0,8.259999999999959,8.259999999999959,0.5562072842915846,0.5499999999999999,2.2584544403851035,0.0,-7.22499999999996,-4.966545559614856,0.0
274,162892,0.05,-4.679372310638428,1,1,0,0,0.3006072874493927,5.819999999999978,0.3660360848549479,1651,600,2,-35.99999999999985,10.0,0.0,-2.0,5.819999999999978,5.819999999999978,0.30583385848999045,0.44999999999999996,1.6030398788116873,0.0,-8.25499999999996,-6.651960121188273,0.0
275,163492,0.05,-114.53022003173828,0,0,0,0,0.2611336032388664,5.039999999999985,0.38249607825700677,1508,600,650,-35.99999999999985,0.0,0.0,-650.0,5.039999999999985,5.039999999999985,0.0435544637044272,0.39999999999999997,0.8757465341873469,0.0,-7.539999999999935,-6.664253465812588,0.0
276,164092,0.05,-3.8157293796539307,2,2,0,0,0.3188259109311741,6.179999999999972,0.3395564145604456,1738,600,8,-35.99999999999985,20.0,0.0,-8.0,6.179999999999972,6.179999999999972,0.20571825663248705,0.35,3.060031152488663,0.0,-8.68999999999997,-5.629968847511306,0.0
277,164692,0.05,-62.90333557128906,1,1,0,0,0.31275303643724695,6.059999999999964,0.3593202351337095,1562,600,352,-35.99999999999985,10.0,0.0,-352.0,6.059999999999964,6.059999999999964,0.006585498809814488,0.65,1.6738427162321747,0.0,-7.809999999999935,-6.13615728376776,0.0
278,165292,0.05,-111.32199096679688,1,1,0,0,0.28643724696356276,5.539999999999979,0.39688099727092774,1770,600,640,-35.99999999999985,10.0,0.0,-640.0,5.539999999999979,5.539999999999979,0.1006328913370768,0.35,0.9277975787222388,0.0,-8.849999999999953,-7.9222024212777145,0.0
279,165892,0.05,-41.54981231689453,1,1,0,0,0.26417004048583,5.099999999999983,0.401863309618198,1645,600,222,-35.99999999999985,10.0,0.0,-222.0,5.099999999999983,5.099999999999983,0.24260988362630204,0.25,1.3336587324365972,0.0,-8.224999999999948,-6.891341267563351,0.0
280,166492,0.05,-9.094970703125,1,1,0,0,0.39068825910931176,7.599999999999955,0.3148803424613935,1502,600,32,-35.99999999999985,10.0,0.0,-32.0,7.599999999999955,7.599999999999955,0.113833157857259,0.9000000000000002,2.3264361754059792,0.0,-7.509999999999943,-5.183563824593964,0.0
281,167092,0.05,-96.14665985107422,1,1,0,0,0.3168016194331984,6.139999999999968,0.3344759756770105,1404,600,552,-35.99999999999985,10.0,0.0,-552.0,6.139999999999968,6.139999999999968,-0.18846129862467434,0.15000000000000002,2.03967426834628,0.0,-7.019999999999945,-4.980325731653665,0.0
282,167692,0.05,-58.32297897338867,1,1,0,0,0.21862348178137653,4.199999999999998,0.3595894839999568,1451,600,324,-35.99999999999985,10.0,0.0,-324.0,4.199999999999998,4.199999999999998,0.5075749727884927,0.8500000000000002,1.7596797015331682,0.0,-7.254999999999943,-5.495320298466774,0.0
283,168292,0.05,-107.05847930908203,3,3,0,0,0.2611336032388664,5.039999999999985,0.371197944437477,1344,600,637,-35.99999999999985,30.0,0.0,-637.0,5.039999999999985,5.039999999999985,0.36756084950764967,0.1,1.8634239864349365,0.0,-6.719999999999946,-4.856576013565009,0.0
284,168892,0.05,-113.664794921875,0,0,0,0,0.18421052631578946,3.5200000000000027,0.43035975716326597,2056,600,640,-35.99999999999985,0.0,0.0,-640.0,3.5200000000000027,3.5200000000000027,0.05085837300618493,0.0,0.7226456448622047,0.0,-10.279999999999976,-9.557354355137772,0.0
285,169492,0.05,-7.062753200531006,1,1,0,0,0.24190283400809717,4.659999999999992,0.4191904451118252,1604,600,14,-35.99999999999985,10.0,0.0,-14.0,4.659999999999992,4.659999999999992,-0.13380991617838534,0.15000000000000002,0.9674439271911978,0.0,-8.01999999999995,-7.052556072808752,0.0
286,170092,0.05,-15.869589805603027,1,1,0,0,0.2722672064777328,5.259999999999985,0.3684509721186785,1586,600,68,-35.99999999999985,10.0,0.0,-68.0,5.259999999999985,5.259999999999985,0.00700737126668293,0.15000000000000002,1.295371185913683,0.0,-7.929999999999954,-6.6346288140862715,0.0
287,170692,0.05,-107.40597534179688,3,3,0,0,0.2388663967611336,4.599999999999991,0.3241270433391118,1472,600,639,-35.99999999999985,30.0,0.0,-639.0,4.599999999999991,4.599999999999991,0.6599978917439778,0.35,2.3156398091465236,0.0,-7.359999999999931,-5.044360190853407,0.0
288,171292,0.05,-165.2659912109375,2,2,0,0,0.2722672064777328,5.25999999999998,0.3978247181718406,1657,600,975,-35.99999999999985,20.0,0.0,-975.0,5.25999999999998,5.25999999999998,0.4170357487996423,0.35,1.6640158275514843,0.0,-8.284999999999936,-6.620984172448452,0.0
289,171892,0.05,-25.31498146057129,3,3,0,0,0.3714574898785425,7.219999999999966,0.29616967520328114,1593,600,148,-35.99999999999985,30.0,0.0,-148.0,7.219999999999966,7.219999999999966,0.33423933537801104,0.15000000000000002,2.370925365274306,0.0,-7.964999999999945,-5.594074634725638,0.0
290,172492,0.05,-111.154541015625,2,2,0,0,0.3674089068825911,7.139999999999963,0.2957819607217162,1585,600,655,-35.99999999999985,20.0,0.0,-655.0,7.139999999999963,7.139999999999963,0.5416043955485028,1.0000000000000002,3.3156931164208796,0.0,-7.924999999999951,-4.609306883579071,0.0
291,173092,0.05,-147.8164825439453,1,1,0,0,0.3248987854251012,6.299999999999963,0.32901900818009583,1394,600,863,-35.99999999999985,10.0,0.0,-863.0,6.299999999999963,6.299999999999963,0.15124347432454438,0.44999999999999996,2.1704839094169452,0.0,-6.969999999999946,-4.799516090583,0.0
292,173692,0.05,-2.064180374145508,2,2,0,0,0.4109311740890688,7.999999999999948,0.28909004823240037,1706,600,0,-35.99999999999985,20.0,0.0,0.0,7.999999999999948,7.999999999999948,0.45461727142334013,0.6,3.0903877375647415,0.0,-8.529999999999976,-5.439612262435235,0.0
293,174292,0.05,-181.8631591796875,2,2,0,0,0.1862348178137652,3.5600000000000027,0.34482288406011424,1582,600,1073,-35.99999999999985,20.0,0.0,-1073.0,3.5600000000000027,3.5600000000000027,0.3193738352457683,0.5499999999999999,1.3039458288252352,0.0,-7.9099999999999255,-6.606054171174691,0.0
294,174892,0.05,-90.64254760742188,2,2,0,0,0.20647773279352227,3.960000000000003,0.36557887161074587,1459,600,527,-35.99999999999985,20.0,0.0,-527.0,3.960000000000003,3.960000000000003,0.024421075185139952,0.3,2.157197906202637,0.0,-7.294999999999946,-5.137802093797308,0.0
295,175492,0.05,-42.13880920410156,2,2,0,0,0.28846153846153844,5.5799999999999805,0.39177399430963206,1670,600,236,-35.99999999999985,20.0,0.0,-236.0,5.5799999999999805,5.5799999999999805,0.19797975540161145,0.1,1.6390794905461366,0.0,-8.349999999999959,-6.710920509453822,0.0
296,176092,0.05,-4.521435260772705,2,2,0,0,0.3269230769230769,6.3399999999999705,0.3074655729724327,1500,600,14,-35.99999999999985,20.0,0.0,-14.0,6.3399999999999705,6.3399999999999705,0.31218996810913063,0.49999999999999994,3.219294583378361,0.0,-7.499999999999972,-4.280705416621611,0.0
297,176692,0.05,-67.82515716552734,2,2,0,0,0.38360323886639675,7.459999999999955,0.30523251620584535,1627,600,393,-35.99999999999985,20.0,0.0,-393.0,7.459999999999955,7.459999999999955,0.3237663116455079,0.49999999999999994,1.9002871363610025,0.0,-8.134999999999943,-6.23471286363894,0.0
298,177292,0.05,-153.59776306152344,1,1,0,0,0.24190283400809717,4.65999999999999,0.41031064434283404,1748,600,893,-35.99999999999985,10.0,0.0,-893.0,4.65999999999999,4.65999999999999,0.29500373077392555,0.49999999999999994,0.7008825559169053,0.0,-8.739999999999952,-8.039117444083047,0.0
299,177892,0.05,-121.8992919921875,0,0,0,0,0.19635627530364372,3.760000000000003,0.39739307135792235,1670,600,694,-35.99999999999985,0.0,0.0,-694.0,3.760000000000003,3.760000000000003,-0.02621485392252614,0.9500000000000004,2.2723754788935184,0.0,-8.349999999999948,-6.077624521106429,0.0
300,178492,0.05,-52.99595642089844,1,1,0,0,0.18724696356275303,3.5800000000000027,0.46675118704287644,1825,600,288,-35.99999999999985,10.0,0.0,-288.0,3.5800000000000027,3.5800000000000027,-0.007898025512695386,0.2,1.377026256658137,0.0,-9.124999999999977,-7.74797374334184,0.0
301,179092,0.05,-7.5233917236328125,1,1,0,0,0.2216599190283401,4.259999999999997,0.4273272426165527,1697,600,17,-35.99999999999985,10.0,0.0,-17.0,4.259999999999997,4.259999999999997,0.07323050181070961,0.25,1.761456917524338,0.0,-8.484999999999955,-6.723543082475617,0.0
302,179692,0.05,-85.32164764404297,0,0,0,0,0.1791497975708502,3.420000000000002,0.4484317550325876,1873,600,471,-35.99999999999985,0.0,0.0,-471.0,3.420000000000002,3.420000000000002,-0.09773666381835938,0.0,1.1136878207512202,0.0,-9.364999999999988,-8.251312179248767,0.0
303,180292,0.05,-166.7935028076172,2,2,0,0,0.29959514170040485,5.799999999999974,0.3086119104990535,1687,600,985,-35.99999999999985,20.0,0.0,-985.0,5.799999999999974,5.799999999999974,0.19590364074707034,0.39999999999999997,2.28131184786558,0.0,-8.43499999999994,-6.15368815213436,0.0
304,180892,0.05,-94.12664031982422,1,1,0,0,0.2925101214574899,5.659999999999979,0.348758144054882,1580,600,538,-35.99999999999985,10.0,0.0,-538.0,5.659999999999979,5.659999999999979,0.05588995742797852,0.39999999999999997,1.025888904221356,0.0,-7.89999999999995,-6.874111095778594,0.0
305,181492,0.05,-60.25224304199219,2,2,0,0,0.21356275303643724,4.1000000000000005,0.4157531267584757,1736,600,343,-35.99999999999985,20.0,0.0,-343.0,4.1000000000000005,4.1000000000000005,0.09570306523640947,0.3,1.6708488106727604,0.0,-8.679999999999959,-7.0091511893271985,0.0
306,182092,0.05,-52.47331237792969,1,1,0,0,0.23178137651821862,4.459999999999995,0.44008071160874446,1729,600,287,-35.99999999999985,10.0,0.0,-287.0,4.459999999999995,4.459999999999995,0.16957435226440432,1.0500000000000003,1.1251807773951445,0.0,-8.64499999999996,-7.519819222604816,0.0
307,182692,0.05,-185.68556213378906,0,0,0,0,0.2074898785425101,3.980000000000003,0.47016084257371804,1955,600,1073,-35.99999999999985,0.0,0.0,-1073.0,3.980000000000003,3.980000000000003,-0.05087187703450523,0.1,0.6355155013874176,0.0,-9.774999999999972,-9.139484498612553,0.0
308,183292,0.05,-62.442626953125,1,1,0,0,0.3390688259109312,6.579999999999961,0.3082496411873258,1477,600,350,-35.99999999999985,10.0,0.0,-350.0,6.579999999999961,6.579999999999961,-0.047254704793294314,0.5499999999999999,1.6470858726650472,0.0,-7.384999999999948,-5.737914127334901,0.0
309,183892,0.05,-44.627716064453125,3,3,0,0,0.3431174089068826,6.659999999999966,0.2661951229235435,1624,600,264,-35.99999999999985,30.0,0.0,-264.0,6.659999999999966,6.659999999999966,0.5145211346944172,0.6,2.5791936817020193,0.0,-8.119999999999953,-5.540806318297934,0.0
310,184492,0.05,0.2672898769378662,3,3,0,0,0.3937246963562753,7.659999999999952,0.19015552860134954,1584,600,0,-35.99999999999985,30.0,0.0,0.0,7.659999999999952,7.659999999999952,0.8143541806538894,1.4000000000000006,5.649506023409774,0.0,-7.919999999999961,-2.2704939765901866,0.0
311,185092,0.05,-5.251790523529053,1,1,0,0,0.40384615384615385,7.859999999999948,0.24313627684356307,1732,600,9,-35.99999999999985,10.0,0.0,-9.0,7.859999999999948,7.859999999999948,0.1495218264261882,0.65,3.489823099449277,0.0,-8.659999999999973,-5.170176900550697,0.0
312,185692,0.05,-4.038471221923828,2,2,0,0,0.31376518218623484,6.079999999999972,0.2478643682596562,1695,600,12,-35.99999999999985,20.0,0.0,-12.0,6.079999999999972,6.079999999999972,0.7586420466105139,0.44999999999999996,4.955631809639743,0.0,-8.474999999999968,-3.5193681903602245,0.0
313,186292,0.05,-62.206172943115234,1,1,0,0,0.3896761133603239,7.579999999999948,0.2831799448495359,1660,600,350,-35.99999999999985,10.0,0.0,-350.0,7.579999999999948,7.579999999999948,-0.049404593149821124,0.35,3.182753535155208,0.0,-8.29999999999996,-5.117246464844752,0.0
314,186892,0.05,-2.5345985889434814,2,2,0,0,0.33299595141700405,6.459999999999969,0.2492451685021903,1353,600,3,-35.99999999999985,20.0,0.0,-3.0,6.459999999999969,6.459999999999969,0.11180850219726557,0.6,3.385729438103735,0.0,-6.764999999999956,-3.379270561896221,0.0
315,186994,0.05,6.127538681030273,4,4,0,0,0.15182186234817813,2.8800000000000017,0.1944869778633005,252,102,0,-6.1199999999999894,40.0,0.0,0.0,2.8800000000000017,2.8800000000000017,0.4297559305826823,0.25,0.5854898625891655,0.0,-1.2599999999999993,-0.6745101374108339,0.0
316,187594,0.05,-0.4102168083190918,3,3,0,0,0.29453441295546556,5.6999999999999815,0.29699598854818354,1742,600,0,-35.99999999999985,30.0,0.0,0.0,5.6999999999999815,5.6999999999999815,0.8232239964803055,1.6500000000000008,4.075587521530687,0.0,-8.709999999999955,-4.634412478469268,0.0
317,188194,0.05,-114.0062255859375,3,3,0,0,0.2823886639676113,5.45999999999998,0.32954638122557905,1677,600,679,-35.99999999999985,30.0,0.0,-679.0,5.45999999999998,5.45999999999998,1.1835882771809896,0.5499999999999999,2.1562134904973203,0.0,-8.38499999999996,-6.2287865095026405,0.0
318,188794,0.05,-47.47547912597656,2,2,0,0,0.38360323886639675,7.459999999999953,0.2284614322813771,1603,600,274,-35.99999999999985,20.0,0.0,-274.0,7.459999999999953,7.459999999999953,0.26717672220865885,0.9000000000000002,4.534931128341709,0.0,-8.014999999999958,-3.480068871658249,0.0
319,189394,0.05,-36.06745147705078,2,2,0,0,0.36538461538461536,7.099999999999958,0.24910052111596287,1535,600,205,-35.99999999999985,20.0,0.0,-205.0,7.099999999999958,7.099999999999958,0.3869917729695638,1.0000000000000004,3.7836128257401267,0.0,-7.674999999999964,-3.8913871742598376,0.0
320,189994,0.05,-78.79129791259766,2,2,0,0,0.298582995951417,5.7799999999999745,0.32522256749778333,1454,600,458,-35.99999999999985,20.0,0.0,-458.0,5.7799999999999745,5.7799999999999745,0.22462009048461942,1.1500000000000004,1.3671633053245018,0.0,-7.269999999999946,-5.902836694675445,0.0
321,190594,0.05,-217.74249267578125,3,3,0,0,0.2692307692307692,5.199999999999979,0.33147108254297364,1453,600,1301,-35.99999999999985,30.0,0.0,-1301.0,5.199999999999979,5.199999999999979,0.5887035344441731,0.44999999999999996,1.5737662491202355,0.0,-7.264999999999936,-5.6912337508797,0.0
322,191194,0.05,-42.02973556518555,1,1,0,0,0.3208502024291498,6.219999999999967,0.23267714648619905,1582,600,230,-35.99999999999985,10.0,0.0,-230.0,6.219999999999967,6.219999999999967,-0.1664003054300944,0.8000000000000002,4.87790575210936,0.0,-7.909999999999952,-3.0320942478905923,0.0
323,191794,0.05,-33.37591552734375,3,3,0,0,0.3532388663967611,6.859999999999963,0.2374336645372467,1461,600,199,-35.99999999999985,30.0,0.0,-199.0,6.859999999999963,6.859999999999963,0.5338310012817374,0.7500000000000001,3.9057308885687956,0.0,-7.304999999999952,-3.399269111431156,0.0
324,192394,0.05,-34.35269546508789,1,1,0,0,0.3319838056680162,6.439999999999962,0.3577430563642216,1613,600,181,-35.99999999999985,10.0,0.0,-181.0,6.439999999999962,6.439999999999962,0.06600064468383773,0.5499999999999999,1.8928578824177384,0.0,-8.064999999999962,-6.172142117582224,0.0
325,192994,0.05,-107.4274673461914,2,2,0,0,0.33805668016194335,6.559999999999968,0.3601328582815606,1566,600,629,-35.99999999999985,20.0,0.0,-629.0,6.559999999999968,6.559999999999968,0.19151894760131835,0.1,1.4136370385438202,0.0,-7.829999999999926,-6.416362961456106,0.0
326,193594,0.05,-238.2618865966797,0,0,0,0,0.24595141700404857,4.7399999999999896,0.440383053164187,1626,600,1391,-35.99999999999985,0.0,0.0,-1391.0,4.7399999999999896,4.7399999999999896,0.18103362019856764,0.3,0.33962227240204806,0.0,-8.129999999999933,-7.790377727597885,0.0
327,194194,0.05,-96.6772232055664,1,1,0,0,0.27631578947368424,5.339999999999979,0.40466829257503073,1554,600,553,-35.99999999999985,10.0,0.0,-553.0,5.339999999999979,5.339999999999979,0.1443381106058756,0.65,0.5716912995278834,0.0,-7.769999999999932,-7.198308700472048,0.0
328,194794,0.05,-75.50301361083984,1,1,0,0,0.2520242914979757,4.859999999999987,0.340465849334028,1534,600,426,-35.99999999999985,10.0,0.0,-426.0,4.859999999999987,4.859999999999987,0.012226055145263606,0.1,1.6809663380496207,0.0,-7.669999999999954,-5.989033661950333,0.0
329,195394,0.05,-165.1128692626953,1,1,0,0,0.21153846153846154,4.060000000000001,0.39157671472632904,2005,600,960,-35.99999999999985,10.0,0.0,-960.0,4.060000000000001,4.060000000000001,0.022172369639078805,0.1,1.1700829202681782,0.0,-10.024999999999984,-8.854917079731806,0.0
330,195994,0.05,-125.68758392333984,0,0,0,0,0.29453441295546556,5.6999999999999735,0.379551171933684,1593,600,717,-35.99999999999985,0.0,0.0,-717.0,5.6999999999999735,5.6999999999999735,0.010741719563802033,0.3,0.8296439060010016,0.0,-7.9649999999999395,-7.135356093998938,0.0
331,196594,0.05,-91.50749969482422,2,2,0,0,0.42611336032388664,8.299999999999946,0.2742858423101199,1658,600,538,-35.99999999999985,20.0,0.0,-538.0,8.299999999999946,8.299999999999946,0.21019839096069343,1.1000000000000003,3.6365375382453213,0.0,-8.289999999999964,-4.653462461754643,0.0
332,197194,0.05,-83.51028442382812,0,0,0,0,0.3441295546558704,6.679999999999962,0.30578525229992615,1708,600,468,-35.99999999999985,0.0,0.0,-468.0,6.679999999999962,6.679999999999962,-0.1034959564208983,1.2500000000000004,3.6520059691183273,0.0,-8.539999999999962,-4.887994030881634,0.0
333,197794,0.05,-9.079346656799316,0,0,0,0,0.3633603238866397,7.059999999999959,0.2903964398641175,1506,600,23,-35.99999999999985,0.0,0.0,-23.0,7.059999999999959,7.059999999999959,0.1998721364339194,1.5500000000000007,3.244137657657266,0.0,-7.52999999999995,-4.285862342342684,0.0
334,198394,0.05,-100.90023040771484,2,2,0,0,0.3481781376518219,6.759999999999957,0.3251602022835787,1560,600,592,-35.99999999999985,20.0,0.0,-592.0,6.759999999999957,6.759999999999957,0.28973941930135066,0.39999999999999997,2.9503008266771222,0.0,-7.799999999999944,-4.849699173322822,0.0
335,198994,0.05,-30.945215225219727,3,3,0,0,0.3917004048582996,7.619999999999958,0.2873639739090868,1530,600,184,-35.99999999999985,30.0,0.0,-184.0,7.619999999999958,7.619999999999958,0.4730151176452633,1.4500000000000006,2.4357690921798323,0.0,-7.649999999999949,-5.214230907820117,0.0
336,199594,0.05,-129.60057067871094,3,3,0,0,0.4959514170040486,9.67999999999993,0.297806629018196,1984,600,776,-35.99999999999985,30.0,0.0,-776.0,9.67999999999993,9.67999999999993,0.5884013799031573,0.7000000000000001,3.3492344831116516,0.0,-9.919999999999987,-6.570765516888336,0.0
337,200194,0.05,-123.73828125,3,3,0,0,0.347165991902834,6.7399999999999665,0.30545347493876357,1626,600,738,-35.99999999999985,30.0,0.0,-738.0,6.7399999999999665,6.7399999999999665,0.23771674728393524,0.7000000000000001,2.023592252209783,0.0,-8.129999999999953,-6.10640774779017,0.0
338,200794,0.05,-270.9965515136719,0,0,0,0,0.31781376518218624,6.159999999999962,0.3416082565893157,1658,600,1590,-35.99999999999985,0.0,0.0,-1590.0,6.159999999999962,6.159999999999962,-0.30345124816894553,0.44999999999999996,2.007368677854537,0.0,-8.289999999999921,-6.2826313221453844,0.0
339,201394,0.05,-4.448180675506592,1,1,0,0,0.30364372469635625,5.879999999999976,0.35958084321672185,1508,600,2,-35.99999999999985,10.0,0.0,-2.0,5.879999999999976,5.879999999999976,0.06470922597249348,0.5499999999999999,2.356302107702939,0.0,-7.539999999999959,-5.183697892297021,0.0
340,201994,0.05,-114.06549072265625,1,1,0,0,0.3309716599190283,6.419999999999965,0.303984126925445,1535,600,659,-35.99999999999985,10.0,0.0,-659.0,6.419999999999965,6.419999999999965,-0.15395348103841122,0.7000000000000001,1.3169101338833573,0.0,-7.674999999999951,-6.358089866116593,0.0
341,202594,0.05,-58.04176712036133,0,0,0,0,0.2925101214574899,5.659999999999973,0.41957315468896317,1947,600,310,-35.99999999999985,0.0,0.0,-310.0,5.659999999999973,5.659999999999973,-0.004106628417968699,0.6,1.2286173689737911,0.0,-9.734999999999967,-8.506382631026176,0.0
342,203194,0.05,-153.63638305664062,1,1,0,0,0.35728744939271256,6.939999999999959,0.3095517132565955,1563,600,897,-35.99999999999985,10.0,0.0,-897.0,6.939999999999959,6.939999999999959,0.20443855285644524,0.7500000000000001,1.1024419796280562,0.0,-7.814999999999925,-6.712558020371869,0.0
343,203794,0.05,-32.825618743896484,3,3,0,0,0.4342105263157895,8.459999999999948,0.318456312304184,1816,600,193,-35.99999999999985,30.0,0.0,-193.0,8.459999999999948,8.459999999999948,0.41125464884440105,0.6,1.6551213138923033,0.0,-9.079999999999968,-7.4248786861076645,0.0
344,204394,0.05,-92.8470230102539,1,1,0,0,0.44129554655870445,8.599999999999941,0.27334254589846146,1487,600,537,-35.99999999999985,10.0,0.0,-537.0,8.599999999999941,8.599999999999941,0.29983971659342445,1.1500000000000004,3.302720315493644,0.0,-7.434999999999946,-4.132279684506303,0.0
345,204994,0.05,-224.3926239013672,1,1,0,0,0.3157894736842105,6.119999999999968,0.34779862862498295,1706,600,1320,-35.99999999999985,10.0,0.0,-1320.0,6.119999999999968,6.119999999999968,-0.060155028025309025,0.7000000000000001,1.4163343253731733,0.0,-8.529999999999928,-7.1136656746267555,0.0
346,205594,0.05,-106.12545013427734,1,1,0,0,0.3097165991902834,5.9999999999999645,0.27888693193780556,1705,600,611,-35.99999999999985,10.0,0.0,-611.0,5.9999999999999645,5.9999999999999645,0.17075726954142267,0.65,1.9524064018204808,0.0,-8.524999999999933,-6.572593598179452,0.0
347,206194,0.05,-113.21551513671875,3,3,0,0,0.3016194331983806,5.839999999999975,0.2802080686148353,1684,600,674,-35.99999999999985,30.0,0.0,-674.0,5.839999999999975,5.839999999999975,0.5603921114603676,0.2,2.5287921298295255,0.0,-8.419999999999945,-5.891207870170419,0.0
348,206513,0.05,-1.6723318099975586,4,4,0,0,0.28846153846153844,5.5799999999999885,0.29653055587059485,934,319,34,-19.139999999999976,40.0,0.0,-34.0,5.5799999999999885,5.5799999999999885,0.6069766578674316,0.35,1.238985949549824,0.0,-4.669999999999984,-3.43101405045016,0.0
349,207113,0.05,-7.342291355133057,0,0,0,0,0.31983805668016196,6.199999999999973,0.3718980474980021,1857,600,8,-35.99999999999985,0.0,0.0,-8.0,6.199999999999973,6.199999999999973,-0.0008540852864584829,0.7500000000000001,2.282201108741574,0.0,-9.284999999999973,-7.002798891258399,0.0
350,207713,0.05,-60.99308776855469,1,1,0,0,0.31983805668016196,6.199999999999969,0.31653966985686566,1605,600,341,-35.99999999999985,10.0,0.0,-341.0,6.199999999999969,6.199999999999969,0.1730590235392252,0.6,2.0940012625604867,0.0,-8.024999999999942,-5.930998737439455,0.0
351,208313,0.05,-5.5623393058776855,1,1,0,0,0.3451417004048583,6.699999999999952,0.34205351268562983,1831,600,8,-35.99999999999985,10.0,0.0,-8.0,6.699999999999952,6.699999999999952,-0.1881238034566243,0.2,3.069140287125483,0.0,-9.154999999999959,-6.085859712874475,0.0
352,208913,0.05,-0.7407026886940002,3,3,0,0,0.3491902834008097,6.779999999999957,0.28721038671590376,1626,600,1,-35.99999999999985,30.0,0.0,-1.0,6.779999999999957,6.779999999999957,0.331964080810547,0.44999999999999996,3.123949333894998,0.0,-8.129999999999965,-5.006050666104967,0.0
353,209199,0.05,-21.580907821655273,4,4,0,0,0.23076923076923078,4.439999999999997,0.27803359580259346,670,286,155,-17.160000000000018,40.0,0.0,-155.0,4.439999999999997,4.439999999999997,0.6166010348002116,0.3,0.6680244494229554,0.0,-3.34999999999999,-2.6819755505770346,0.0
354,209799,0.05,-8.468518257141113,1,1,0,0,0.27125506072874495,5.239999999999981,0.39602946260213184,1707,600,23,-35.99999999999985,10.0,0.0,-23.0,5.239999999999981,5.239999999999981,0.13342993418375654,0.1,1.2506727390177543,0.0,-8.53499999999997,-7.284327260982216,0.0
355,210399,0.05,-315.0095520019531,2,2,0,0,0.22469635627530365,4.319999999999996,0.4329362733828505,1866,600,1870,-35.99999999999985,20.0,0.0,-1870.0,4.319999999999996,4.319999999999996,0.18314292780558253,0.25,0.5284316696226597,0.0,-9.329999999999956,-8.801568330377297,0.0
356,210999,0.05,-96.7371826171875,1,1,0,0,0.37449392712550605,7.279999999999955,0.33255978858205104,1597,600,556,-35.99999999999985,10.0,0.0,-556.0,7.279999999999955,7.279999999999955,-0.029068667093912797,0.44999999999999996,1.8620364540070296,0.0,-7.984999999999943,-6.1229635459929135,0.0
357,211599,0.05,-122.3070068359375,1,1,0,0,0.24595141700404857,4.739999999999991,0.41320143828184275,1828,600,705,-35.99999999999985,10.0,0.0,-705.0,4.739999999999991,4.739999999999991,0.18030629475911447,0.39999999999999997,0.97939681828022,0.0,-9.139999999999972,-8.160603181719752,0.0
358,212199,0.05,-34.52067184448242,1,1,0,0,0.43724696356275305,8.519999999999953,0.28537447091850887,1664,600,186,-35.99999999999985,10.0,0.0,-186.0,8.519999999999953,8.519999999999953,0.415249819437663,0.8500000000000002,3.410774538957047,0.0,-8.31999999999995,-4.909225461042904,0.0
359,212799,0.05,-99.4960708618164,3,3,0,0,0.28643724696356276,5.5399999999999805,0.3002033847272186,1722,600,593,-35.99999999999985,30.0,0.0,-593.0,5.5399999999999805,5.5399999999999805,0.6720635401407875,1.0000000000000002,3.4245068426895897,0.0,-8.609999999999951,-5.185493157310361,0.0
360,213399,0.05,-154.36964416503906,0,0,0,0,0.2560728744939271,4.939999999999984,0.3354889002135961,1436,600,891,-35.99999999999985,0.0,0.0,-891.0,4.939999999999984,4.939999999999984,0.2010911712646486,0.7000000000000001,2.1208101020101457,0.0,-7.179999999999946,-5.059189897989801,0.0
361,213999,0.05,-65.2358169555664,3,3,0,0,0.2732793522267207,5.2799999999999825,0.3079704135751349,1776,600,386,-35.99999999999985,30.0,0.0,-386.0,5.2799999999999825,5.2799999999999825,0.8003779563903813,0.35,3.036199453622102,0.0,-8.879999999999962,-5.84380054637786,0.0
362,214599,0.05,-73.23689270019531,3,3,0,0,0.3582995951417004,6.959999999999957,0.26966756555297056,1601,600,438,-35.99999999999985,30.0,0.0,-438.0,6.959999999999957,6.959999999999957,0.3248078651428222,1.4500000000000006,3.850134003907441,0.0,-8.00499999999994,-4.154865996092499,0.0
363,215199,0.05,-77.60527801513672,2,2,0,0,0.4757085020242915,9.279999999999934,0.32395670572470003,1735,600,454,-35.99999999999985,20.0,0.0,-454.0,9.279999999999934,9.279999999999934,0.616702332814535,0.65,2.4966293995315203,0.0,-8.674999999999953,-6.1783706004684324,0.0
364,215655,0.05,-53.88051986694336,4,4,0,0,0.25101214574898784,4.839999999999988,0.3768906657057802,1445,456,336,-27.3599999999998,40.0,0.0,-336.0,4.839999999999988,4.839999999999988,0.1847020606994627,0.49999999999999994,1.7774551992164918,0.0,-7.224999999999963,-5.447544800783471,0.0
365,216255,0.05,-192.3032989501953,2,2,0,0,0.2236842105263158,4.299999999999996,0.4191672895995483,1816,600,1135,-35.99999999999985,20.0,0.0,-1135.0,4.299999999999996,4.299999999999996,0.5193075167338058,0.44999999999999996,0.9932623438350855,0.0,-9.079999999999943,-8.086737656164857,0.0
366,216855,0.05,-36.09957504272461,1,1,0,0,0.3714574898785425,7.219999999999958,0.2845782669109111,1646,600,193,-35.99999999999985,10.0,0.0,-193.0,7.219999999999958,7.219999999999958,0.05698704783121744,0.8000000000000002,2.5556545672472573,0.0,-8.229999999999961,-5.674345432752704,0.0
367,217455,0.05,-187.7381134033203,1,1,0,0,0.2550607287449393,4.919999999999987,0.3793066694122414,1621,600,1099,-35.99999999999985,10.0,0.0,-1099.0,4.919999999999987,4.919999999999987,0.17072072347005177,0.3,1.2902348918560889,0.0,-8.104999999999961,-6.814765108143872,0.0
368,218055,0.05,-165.64859008789062,3,3,0,0,0.2631578947368421,5.079999999999982,0.4027021700121461,1731,600,986,-35.99999999999985,30.0,0.0,-986.0,5.079999999999982,5.079999999999982,-0.019740605672200543,0.44999999999999996,1.255353282317519,0.0,-8.654999999999953,-7.399646717682434,0.0
369,218655,0.05,-109.4556655883789,2,2,0,0,0.27530364372469635,5.339999999999981,0.3402269453184838,1482,600,641,-35.99999999999985,20.0,0.0,-641.0,5.339999999999981,5.339999999999981,0.34929067230224603,0.44999999999999996,1.5380162401311097,0.0,-7.409999999999943,-5.871983759868834,0.0
370,219255,0.05,-63.14480972290039,2,2,0,0,0.3269230769230769,6.339999999999971,0.4086645964101303,1685,600,363,-35.99999999999985,20.0,0.0,-363.0,6.339999999999971,6.339999999999971,0.2969189376831056,0.5,1.4196436070837082,0.0,-8.424999999999967,-7.005356392916259,0.0
371,219855,0.05,-120.82684326171875,0,0,0,0,0.2388663967611336,4.59999999999999,0.4521108981708433,1778,600,687,-35.99999999999985,0.0,0.0,-687.0,4.59999999999999,4.59999999999999,0.03343904622395828,0.8000000000000002,1.496886595487595,0.0,-8.889999999999956,-7.393113404512361,0.0
372,220455,0.05,-150.301513671875,0,0,0,0,0.305668016194332,5.919999999999976,0.3986847349389104,1759,600,865,-35.99999999999985,0.0,0.0,-865.0,5.919999999999976,5.919999999999976,0.2125829264322919,0.44999999999999996,1.4046311260387303,0.0,-8.794999999999952,-7.390368873961222,0.0
373,221055,0.05,-12.76775074005127,2,2,0,0,0.2732793522267207,5.279999999999977,0.43358945638503227,1717,600,59,-35.99999999999985,20.0,0.0,-59.0,5.279999999999977,5.279999999999977,0.2710184275309246,0.35,1.0775816402211789,0.0,-8.584999999999962,-7.507418359778783,0.0
374,221655,0.05,-210.28102111816406,1,1,0,0,0.1680161943319838,3.200000000000002,0.4762526712609098,2073,600,1229,-35.99999999999985,10.0,0.0,-1229.0,3.200000000000002,3.200000000000002,-0.06295044581095373,0.25,0.2982291331887245,0.0,-10.364999999999966,-10.066770866811241,0.0
375,222255,0.05,-102.96926879882812,1,1,0,0,0.22874493927125505,4.399999999999995,0.428574239955059,1702,600,589,-35.99999999999985,10.0,0.0,-589.0,4.399999999999995,4.399999999999995,0.03694652557373057,0.2,1.0594523554109037,0.0,-8.509999999999955,-7.450547644589052,0.0
376,222855,0.05,-54.4243278503418,0,0,0,0,0.32388663967611336,6.279999999999969,0.3794754733821901,1774,600,290,-35.99999999999985,0.0,0.0,-290.0,6.279999999999969,6.279999999999969,-0.05229885864257827,0.65,1.446131416093558,0.0,-8.869999999999958,-7.4238685839064,0.0
377,223455,0.05,-271.13751220703125,0,0,0,0,0.19635627530364372,3.760000000000003,0.34558093727204126,1701,600,1587,-35.99999999999985,0.0,0.0,-1587.0,3.760000000000003,3.760000000000003,-0.23701575724283844,0.3,0.8630421119928358,0.0,-8.50499999999993,-7.641957888007094,0.0
378,224055,0.05,-122.71736907958984,1,1,0,0,0.3006072874493927,5.819999999999974,0.3301609249328855,1652,600,711,-35.99999999999985,10.0,0.0,-711.0,5.819999999999974,5.819999999999974,0.1478456700642904,0.44999999999999996,2.538057632334531,0.0,-8.259999999999945,-5.721942367665413,0.0
379,224655,0.05,-127.38220977783203,0,0,0,0,0.2783400809716599,5.379999999999977,0.3690956925917595,1701,600,728,-35.99999999999985,0.0,0.0,-728.0,5.379999999999977,5.379999999999977,-0.05668968709309884,0.8000000000000002,2.0902522110007706,0.0,-8.50499999999996,-6.41474778899919,0.0
380,225255,0.05,-132.1568603515625,1,1,0,0,0.26417004048583,5.099999999999986,0.3701064543936324,1551,600,766,-35.99999999999985,10.0,0.0,-766.0,5.099999999999986,5.099999999999986,-0.12331446838378912,0.1,1.7371757024154062,0.0,-7.754999999999942,-6.017824297584536,0.0
381,225855,0.05,-170.3809051513672,0,0,0,0,0.20040485829959515,3.840000000000003,0.42920333269044125,1611,600,983,-35.99999999999985,0.0,0.0,-983.0,3.840000000000003,3.840000000000003,-0.1018965148925782,0.25,0.7825650590658187,0.0,-8.054999999999943,-7.272434940934124,0.0
382,226455,0.05,-98.88931274414062,0,0,0,0,0.19129554655870445,3.6600000000000024,0.4309758340111066,1940,600,552,-35.99999999999985,0.0,0.0,-552.0,3.6600000000000024,3.6600000000000024,-0.18495870971679698,0.15000000000000002,0.7427728275954724,0.0,-9.699999999999987,-8.957227172404515,0.0
383,227055,0.05,-16.750452041625977,1,1,0,0,0.2793522267206478,5.399999999999979,0.4000111731411663,1658,600,73,-35.99999999999985,10.0,0.0,-73.0,5.399999999999979,5.399999999999979,0.21330787404378249,0.49999999999999994,0.6744363579154018,0.0,-8.289999999999958,-7.615563642084556,0.0
384,227406,0.05,3.137643575668335,4,4,0,0,0.20647773279352227,3.960000000000003,0.3737468100487617,1139,351,0,-21.059999999999935,40.0,0.0,0.0,3.960000000000003,3.960000000000003,0.505504637400309,0.3,0.8154071629140525,0.0,-5.694999999999983,-4.879592837085931,0.0
385,228006,0.05,-2.768056869506836,2,2,0,0,0.3623481781376518,7.039999999999958,0.3410105174073801,1772,600,1,-35.99999999999985,20.0,0.0,-1.0,7.039999999999958,7.039999999999958,-0.0757468872070312,0.25,2.037535796323791,0.0,-8.859999999999967,-6.8224642036761765,0.0
386,228606,0.05,-5.7969651222229,1,1,0,0,0.32186234817813764,6.239999999999973,0.36881016973453773,1773,600,9,-35.99999999999985,10.0,0.0,-9.0,6.239999999999973,6.239999999999973,0.14821206410725915,0.8500000000000002,1.8451734955608847,0.0,-8.864999999999958,-7.019826504439073,0.0
387,229206,0.05,-16.993730545043945,1,1,0,0,0.2854251012145749,5.519999999999981,0.40887548700765664,1622,600,75,-35.99999999999985,10.0,0.0,-75.0,5.519999999999981,5.519999999999981,0.018600990295410146,0.44999999999999996,1.1590733205713333,0.0,-8.109999999999959,-6.950926679428625,0.0
388,229806,0.05,-98.00276947021484,2,2,0,0,0.27631578947368424,5.33999999999998,0.38363567456168113,1886,600,571,-35.99999999999985,20.0,0.0,-571.0,5.33999999999998,5.33999999999998,0.7642224566141764,0.7500000000000001,1.561396300848574,0.0,-9.429999999999955,-7.8686036991513815,0.0
389,230406,0.05,-135.4527130126953,1,1,0,0,0.23582995951417005,4.539999999999995,0.3721176288608856,1693,600,785,-35.99999999999985,10.0,0.0,-785.0,4.539999999999995,4.539999999999995,0.24101136525472,0.35,1.6176808373630045,0.0,-8.46499999999993,-6.847319162636926,0.0
390,231006,0.05,-73.8317642211914,3,3,0,0,0.2874493927125506,5.559999999999974,0.39010343393749075,2035,600,435,-35.99999999999985,30.0,0.0,-435.0,5.559999999999974,5.559999999999974,0.3846864560445152,0.6500000000000001,1.5917723918706184,0.0,-10.174999999999969,-8.58322760812935,0.0
391,231606,0.05,-17.153709411621094,1,1,0,0,0.29554655870445345,5.719999999999977,0.3754652736355476,1794,600,77,-35.99999999999985,10.0,0.0,-77.0,5.719999999999977,5.719999999999977,0.5021411234537763,1.3000000000000005,1.5256629109382633,0.0,-8.969999999999965,-7.444337089061702,0.0
392,232206,0.05,-8.10339069366455,2,2,0,0,0.3026315789473684,5.859999999999975,0.31598192037924794,1823,600,33,-35.99999999999985,20.0,0.0,-33.0,5.859999999999975,5.859999999999975,0.46540116119384756,1.0500000000000003,2.1193370763212434,0.0,-9.114999999999975,-6.995662923678732,0.0
393,232806,0.05,-22.51131248474121,0,0,0,0,0.35931174089068824,6.979999999999959,0.33075697326048814,1810,600,101,-35.99999999999985,0.0,0.0,-101.0,6.979999999999959,6.979999999999959,0.31311258443196643,0.44999999999999996,3.238994451826438,0.0,-9.049999999999958,-5.8110055481735206,0.0
394,233406,0.05,-207.28834533691406,2,2,0,0,0.2965587044534413,5.7399999999999745,0.34107774406112085,1457,600,1229,-35.99999999999985,20.0,0.0,-1229.0,5.7399999999999745,5.7399999999999745,0.5982543474833166,0.7000000000000001,1.5190634001418952,0.0,-7.284999999999935,-5.7659365998580405,0.0
395,234006,0.05,-24.770788192749023,1,1,0,0,0.3228744939271255,6.259999999999973,0.28067534976045455,1642,600,125,-35.99999999999985,10.0,0.0,-125.0,6.259999999999973,6.259999999999973,0.06774004236857101,1.2000000000000004,3.057631841897965,0.0,-8.209999999999962,-5.152368158101996,0.0
396,234606,0.05,-67.12083435058594,2,2,0,0,0.4382591093117409,8.539999999999948,0.29581538319682293,1642,600,392,-35.99999999999985,20.0,0.0,-392.0,8.539999999999948,8.539999999999948,0.4034700419108074,0.9000000000000002,3.6423782953899333,0.0,-8.209999999999953,-4.567621704610019,0.0
397,235206,0.05,-100.79724884033203,2,2,0,0,0.2965587044534413,5.73999999999997,0.30089271676643375,1412,600,591,-35.99999999999985,20.0,0.0,-591.0,5.73999999999997,5.73999999999997,0.4305245323181154,0.3,2.807159546669573,0.0,-7.0599999999999365,-4.252840453330363,0.0
398,235806,0.05,-99.6095962524414,3,3,0,0,0.4352226720647773,8.47999999999994,0.32458495578028507,1790,600,595,-35.99999999999985,30.0,0.0,-595.0,8.47999999999994,8.47999999999994,0.3509524243672688,0.44999999999999996,3.011878207800909,0.0,-8.949999999999951,-5.938121792199042,0.0
399,236406,0.05,-3.233600378036499,2,2,0,0,0.3714574898785425,7.219999999999965,0.2874229669692593,1604,600,6,-35.99999999999985,20.0,0.0,-6.0,7.219999999999965,7.219999999999965,0.14183286031087225,0.65,2.606662242715246,0.0,-8.019999999999968,-5.413337757284721,0.0
400,237006,0.05,-37.069393157958984,2,2,0,0,0.35020242914979755,6.799999999999966,0.3104938291086405,1657,600,208,-35.99999999999985,20.0,0.0,-208.0,6.799999999999966,6.799999999999966,0.4474593264261879,0.6,2.0212290639057757,0.0,-8.284999999999956,-6.26377093609418,0.0
401,237606,0.05,-133.06297302246094,0,0,0,0,0.3107287449392713,6.01999999999997,0.30955250423275477,1792,600,763,-35.99999999999985,0.0,0.0,-763.0,6.01999999999997,6.01999999999997,0.007507502237955781,0.6,2.9565640912391244,0.0,-8.959999999999965,-6.00343590876084,0.0
402,238206,0.05,-223.31288146972656,2,2,0,0,0.31983805668016196,6.19999999999997,0.3707331589358202,1789,600,1323,-35.99999999999985,20.0,0.0,-1323.0,6.19999999999997,6.19999999999997,0.22649455006917316,0.39999999999999997,1.2430783360451456,0.0,-8.944999999999954,-7.701921663954808,0.0
403,238806,0.05,-266.5695495605469,1,1,0,0,0.24696356275303644,4.759999999999988,0.32016957285922315,1403,600,1574,-35.99999999999985,10.0,0.0,-1574.0,4.759999999999988,4.759999999999988,0.15213879013061526,0.44999999999999996,2.237467749975622,0.0,-7.014999999999922,-4.777532250024301,0.0
404,239406,0.05,-16.62212371826172,2,2,0,0,0.3491902834008097,6.77999999999996,0.2636909002411671,1743,600,87,-35.99999999999985,20.0,0.0,-87.0,6.77999999999996,6.77999999999996,0.4000048370361328,0.8500000000000002,3.9523647724091973,0.0,-8.714999999999959,-4.762635227590762,0.0
405,240006,0.05,-150.11056518554688,2,2,0,0,0.25809716599190285,4.979999999999985,0.3650677311759824,1609,600,884,-35.99999999999985,20.0,0.0,-884.0,4.979999999999985,4.979999999999985,0.13007358042399098,0.7000000000000001,1.573812900669873,0.0,-8.044999999999947,-6.4711870993300735,0.0
406,240606,0.05,-217.3473663330078,3,3,0,0,0.24595141700404857,4.739999999999988,0.4349010225228064,1988,600,1294,-35.99999999999985,30.0,0.0,-1294.0,4.739999999999988,4.739999999999988,0.5476534372965495,0.15000000000000002,0.42105604201555263,0.0,-9.939999999999973,-9.51894395798442,0.0
407,240873,0.05,-22.430625915527344,4,4,0,0,0.21356275303643724,4.1000000000000005,0.2612837017668233,683,267,161,-16.020000000000042,40.0,0.0,-161.0,4.1000000000000005,4.1000000000000005,0.7130149358113606,0.35,0.6882596747763458,0.0,-3.41499999999999,-2.726740325223644,0.0
408,241473,0.05,-107.0946273803711,2,2,0,0,0.35526315789473684,6.899999999999965,0.3408255974381367,1643,600,628,-35.99999999999985,20.0,0.0,-628.0,6.899999999999965,6.899999999999965,0.2752513529459635,0.65,1.8217191367037586,0.0,-8.214999999999948,-6.39328086329619,0.0
409,241947,0.05,-29.716476440429688,4,4,0,0,0.2975708502024291,5.759999999999972,0.3355068111807537,1348,474,192,-28.439999999999777,40.0,0.0,-192.0,5.759999999999972,5.759999999999972,0.7752876536051437,0.7000000000000002,1.6457735803909592,0.0,-6.739999999999967,-5.094226419609008,0.0
410,242547,0.05,-256.2830505371094,0,0,0,0,0.16295546558704455,3.1000000000000023,0.41000137034754314,1811,600,1497,-35.99999999999985,0.0,0.0,-1497.0,3.1000000000000023,3.1000000000000023,-0.11852363077799478,0.35,1.0298680083453655,0.0,-9.054999999999941,-8.025131991654575,0.0
411,243147,0.05,-116.57208251953125,2,2,0,0,0.28441295546558704,5.499999999999979,0.3668799326244415,1502,600,683,-35.99999999999985,20.0,0.0,-683.0,5.499999999999979,5.499999999999979,0.3940607096354165,0.25,0.9341688835434614,0.0,-7.50999999999994,-6.575831116456479,0.0
412,243747,0.05,-211.67381286621094,0,0,0,0,0.22064777327935223,4.239999999999998,0.37290864096939913,1281,600,1233,-35.99999999999985,0.0,0.0,-1233.0,4.239999999999998,4.239999999999998,-0.028884348551432373,0.2,0.9541151063516741,0.0,-6.404999999999943,-5.4508848936482694,0.0
413,244347,0.05,-243.46604919433594,1,1,0,0,0.23279352226720648,4.479999999999992,0.38987749111529413,1549,600,1433,-35.99999999999985,10.0,0.0,-1433.0,4.479999999999992,4.479999999999992,0.2333756726582843,0.3,0.9388802098855378,0.0,-7.74499999999993,-6.806119790114392,0.0
414,244947,0.05,-242.48504638671875,2,2,0,0,0.20242914979757085,3.880000000000003,0.3576838646699091,1734,600,1436,-35.99999999999985,20.0,0.0,-1436.0,3.880000000000003,3.880000000000003,0.12650055821736667,0.2,1.5581702797673642,0.0,-8.669999999999938,-7.111829720232573,0.0
415,245547,0.05,-137.70701599121094,0,0,0,0,0.3006072874493927,5.819999999999971,0.4290822785907464,1631,600,789,-35.99999999999985,0.0,0.0,-789.0,5.819999999999971,5.819999999999971,-0.114364491780599,0.25,0.9586793790757657,0.0,-8.154999999999939,-7.1963206209241735,0.0
416,246147,0.05,-262.0752258300781,0,0,0,0,0.1346153846153846,2.540000000000002,0.4376673110699711,1374,600,1533,-35.99999999999985,0.0,0.0,-1533.0,2.540000000000002,2.540000000000002,-0.10067576090494801,0.35,0.6324724217690528,0.0,-6.8699999999999335,-6.237527578230881,0.0
417,246747,0.05,-251.98472595214844,0,0,0,0,0.23076923076923078,4.439999999999995,0.4111308632194252,1761,600,1473,-35.99999999999985,0.0,0.0,-1473.0,4.439999999999995,4.439999999999995,0.10211503092447916,0.25,1.1079445351660253,0.0,-8.804999999999964,-7.697055464833939,0.0
418,247347,0.05,-138.47967529296875,3,3,0,0,0.30364372469635625,5.879999999999969,0.40560419791005387,1842,600,823,-35.99999999999985,30.0,0.0,-823.0,5.879999999999969,5.879999999999969,0.24041443379720057,0.2,1.0137119981646536,0.0,-9.20999999999996,-8.196288001835306,0.0
419,247947,0.05,-232.92364501953125,1,1,0,0,0.2631578947368421,5.079999999999982,0.37363281835759865,1597,600,1371,-35.99999999999985,10.0,0.0,-1371.0,5.079999999999982,5.079999999999982,0.3646049779256182,0.5499999999999999,1.4530007881298652,0.0,-7.984999999999928,-6.531999211870064,0.0
420,248547,0.05,-20.879384994506836,2,2,0,0,0.16396761133603238,3.1200000000000023,0.46676388114734435,1674,600,106,-35.99999999999985,20.0,0.0,-106.0,3.1200000000000023,3.1200000000000023,0.502878875732422,0.5499999999999999,0.9210840752720831,0.0,-8.369999999999958,-7.448915924727875,0.0
421,249147,0.05,-82.93035888671875,1,1,0,0,0.2742914979757085,5.29999999999998,0.335677010324301,1590,600,471,-35.99999999999985,10.0,0.0,-471.0,5.29999999999998,5.29999999999998,-0.0840298385620118,0.35,1.8035693278815597,0.0,-7.949999999999943,-6.146430672118384,0.0
422,249747,0.05,-156.5896453857422,2,2,0,0,0.25101214574898784,4.839999999999988,0.319881915295191,1690,600,922,-35.99999999999985,20.0,0.0,-922.0,4.839999999999988,4.839999999999988,0.37684238688151045,0.2,1.4985643746703863,0.0,-8.449999999999937,-6.951435625329551,0.0
423,250347,0.05,-130.1543731689453,2,2,0,0,0.23582995951417005,4.539999999999992,0.3571219710591686,1613,600,764,-35.99999999999985,20.0,0.0,-764.0,4.539999999999992,4.539999999999992,0.24814096323649096,0.6,1.7527391666080803,0.0,-8.06499999999995,-6.3122608333918695,0.0
424,250947,0.05,-379.1179504394531,1,1,0,0,0.1659919028340081,3.1600000000000024,0.44709048867709894,1748,600,2244,-35.99999999999985,10.0,0.0,-2244.0,3.1600000000000024,3.1600000000000024,-0.01753320948282876,0.05,0.8492499095387758,0.0,-8.739999999999936,-7.890750090461161,0.0
425,251547,0.05,-79.6017837524414,1,1,0,0,0.291497975708502,5.639999999999973,0.3818760720903811,1703,600,451,-35.99999999999985,10.0,0.0,-451.0,5.639999999999973,5.639999999999973,0.01598577753702796,0.39999999999999997,1.849587470032275,0.0,-8.514999999999961,-6.6654125299676865,0.0
426,252147,0.05,-84.5489273071289,3,3,0,0,0.2601214574898785,5.019999999999985,0.41664071480694265,1532,600,500,-35.99999999999985,30.0,0.0,-500.0,5.019999999999985,5.019999999999985,0.24772115071614537,0.2,0.8999628889560697,0.0,-7.6599999999999415,-6.7600371110438715,0.0
427,252747,0.05,-183.04632568359375,2,2,0,0,0.3319838056680162,6.439999999999969,0.3916498286325967,1524,600,1083,-35.99999999999985,20.0,0.0,-1083.0,6.439999999999969,6.439999999999969,0.34675987243652345,0.65,0.9068288437323643,0.0,-7.619999999999938,-6.713171156267574,0.0
428,253347,0.05,-103.72115325927734,1,1,0,0,0.3228744939271255,6.259999999999967,0.35284819202232437,1457,600,597,-35.99999999999985,10.0,0.0,-597.0,6.259999999999967,6.259999999999967,0.27957359441121443,0.35,1.0694871602207423,0.0,-7.284999999999943,-6.215512839779201,0.0
429,253947,0.05,-245.08006286621094,0,0,0,0,0.17105263157894737,3.2600000000000025,0.44601766139305254,1464,600,1431,-35.99999999999985,0.0,0.0,-1431.0,3.2600000000000025,3.2600000000000025,0.023818875630696665,0.15000000000000002,0.40890127167105683,0.0,-7.319999999999944,-6.911098728328888,0.0
430,254547,0.05,-173.9417724609375,0,0,0,0,0.31275303643724695,6.059999999999966,0.36674050715432616,1481,600,1008,-35.99999999999985,0.0,0.0,-1008.0,6.059999999999966,6.059999999999966,0.04084192911783867,0.15000000000000002,1.5052932233456529,0.0,-7.404999999999945,-5.899706776654292,0.0
431,255147,0.05,-151.03895568847656,1,1,0,0,0.2257085020242915,4.339999999999995,0.4095141244304412,1455,600,879,-35.99999999999985,10.0,0.0,-879.0,4.339999999999995,4.339999999999995,0.30443810017903633,0.44999999999999996,0.947342935837805,0.0,-7.274999999999932,-6.327657064162127,0.0
432,255747,0.05,-72.2020492553711,1,1,0,0,0.2682186234817814,5.179999999999986,0.4412185586958205,1729,600,405,-35.99999999999985,10.0,0.0,-405.0,5.179999999999986,5.179999999999986,0.10641352589925135,0.05,1.0968015640228983,0.0,-8.644999999999952,-7.548198435977053,0.0
433,256347,0.05,-200.5048065185547,1,1,0,0,0.1194331983805668,2.2400000000000015,0.500443271856582,1502,600,1172,-35.99999999999985,10.0,0.0,-1172.0,2.2400000000000015,2.2400000000000015,-0.06952436828613275,0.05,0.26630783401429653,0.0,-7.509999999999942,-7.243692165985646,0.0
434,256947,0.05,-186.4380340576172,0,0,0,0,0.12246963562753037,2.3000000000000016,0.49045318358138806,1728,600,1077,-35.99999999999985,0.0,0.0,-1077.0,2.3000000000000016,2.3000000000000016,0.04143671162923174,0.15000000000000002,0.5264094496518373,0.0,-8.639999999999954,-8.113590550348118,0.0
435,257547,0.05,-197.4117431640625,1,1,0,0,0.201417004048583,3.860000000000003,0.4231853193666757,1751,600,1155,-35.99999999999985,10.0,0.0,-1155.0,3.860000000000003,3.860000000000003,0.24765325800577803,0.49999999999999994,0.6808903323858975,0.0,-8.754999999999967,-8.074109667614069,0.0
436,258147,0.05,-14.17276382446289,1,1,0,0,0.26619433198380565,5.139999999999983,0.4483079268258815,1638,600,57,-35.99999999999985,10.0,0.0,-57.0,5.139999999999983,5.139999999999983,0.052057197570800615,0.2,0.7614077146723867,0.0,-8.189999999999955,-7.428592285327569,0.0
437,258747,0.05,-360.822021484375,0,0,0,0,0.0708502024291498,1.2800000000000007,0.5046170593343817,1481,600,2123,-35.99999999999985,0.0,0.0,-2123.0,1.2800000000000007,1.2800000000000007,0.019910715738932338,0.1,0.08397260516881942,0.0,-7.404999999999943,-7.321027394831124,0.0
438,259347,0.05,-134.15850830078125,2,2,0,0,0.20647773279352227,3.9600000000000026,0.4752280363606972,1768,600,785,-35.99999999999985,20.0,0.0,-785.0,3.9600000000000026,3.9600000000000026,0.02908508936564119,0.15000000000000002,0.7526334822177885,0.0,-8.839999999999948,-8.08736651778216,0.0
439,259947,0.05,-32.751434326171875,3,3,0,0,0.21052631578947367,4.040000000000002,0.4360008350652788,1522,600,188,-35.99999999999985,30.0,0.0,-188.0,4.040000000000002,4.040000000000002,0.421606808980306,0.2,0.4398152673477306,0.0,-7.609999999999947,-7.170184732652216,0.0
440,260547,0.05,-121.7386703491211,1,1,0,0,0.21963562753036436,4.219999999999999,0.394873077844006,1809,600,701,-35.99999999999985,10.0,0.0,-701.0,4.219999999999999,4.219999999999999,0.2889838485717775,0.2,0.9067236048728224,0.0,-9.04499999999997,-8.138276395127146,0.0
441,261147,0.05,-229.39166259765625,1,1,0,0,0.2651821862348178,5.119999999999981,0.4435376535630591,1964,600,1347,-35.99999999999985,10.0,0.0,-1347.0,5.119999999999981,5.119999999999981,0.23533583831787117,0.39999999999999997,0.7196946220099926,0.0,-9.819999999999952,-9.10030537798996,0.0
442,261527,0.05,-2.183927536010742,4,4,0,0,0.23987854251012145,4.619999999999994,0.34914798832517896,1141,380,31,-22.799999999999898,40.0,0.0,-31.0,4.619999999999994,4.619999999999994,0.4867329966227213,0.15000000000000002,1.1447668453305966,0.0,-5.704999999999979,-4.560233154669382,0.0
443,262127,0.05,-101.93846893310547,3,3,0,0,0.38461538461538464,7.479999999999956,0.3531005790440475,1640,600,608,-35.99999999999985,30.0,0.0,-608.0,7.479999999999956,7.479999999999956,0.6845445251464845,0.6,1.8059173946455118,0.0,-8.199999999999948,-6.394082605354436,0.0
444,262727,0.05,-53.62709426879883,1,1,0,0,0.35526315789473684,6.89999999999996,0.35653825008719453,1701,600,296,-35.99999999999985,10.0,0.0,-296.0,6.89999999999996,6.89999999999996,0.04700213623046904,0.7000000000000001,1.0958624525181948,0.0,-8.504999999999955,-7.40913754748176,0.0
445,263327,0.05,-173.08436584472656,3,3,0,0,0.3107287449392713,6.0199999999999685,0.35728795117966206,1567,600,1034,-35.99999999999985,30.0,0.0,-1034.0,6.0199999999999685,6.0199999999999685,0.5625277112325028,0.5499999999999999,2.1969448579754682,0.0,-7.834999999999944,-5.638055142024475,0.0
446,263927,0.05,-119.53816986083984,2,2,0,0,0.32388663967611336,6.2799999999999745,0.36484965640989275,1743,600,701,-35.99999999999985,20.0,0.0,-701.0,6.2799999999999745,6.2799999999999745,0.1807750790913898,0.39999999999999997,1.6266710576741021,0.0,-8.714999999999957,-7.088328942325855,0.0
447,264527,0.05,-73.52973175048828,2,2,0,0,0.27125506072874495,5.239999999999982,0.42017489582444084,1826,600,424,-35.99999999999985,20.0,0.0,-424.0,5.239999999999982,5.239999999999982,0.8238620541890467,0.49999999999999994,1.3888620241312306,0.0,-9.129999999999976,-7.741137975868745,0.0
448,265127,0.05,-173.6713104248047,1,1,0,0,0.22874493927125505,4.399999999999995,0.4203091524157773,1805,600,1013,-35.99999999999985,10.0,0.0,-1013.0,4.399999999999995,4.399999999999995,0.1275438512166342,0.35,1.1215353855304424,0.0,-9.024999999999954,-7.903464614469511,0.0
449,265727,0.05,-232.3282012939453,3,3,0,0,0.3431174089068826,6.679999999999962,0.30456456007882177,1531,600,1389,-35.99999999999985,30.0,0.0,-1389.0,6.679999999999962,6.679999999999962,0.34084324518839537,0.15000000000000002,1.5170549544319514,0.0,-7.6549999999999265,-6.137945045567975,0.0
450,266327,0.05,-19.60611915588379,2,2,0,0,0.31781376518218624,6.159999999999973,0.34731667706408187,1677,600,102,-35.99999999999985,20.0,0.0,-102.0,6.159999999999973,6.159999999999973,0.49329608154296883,0.3,1.794875621725805,0.0,-8.384999999999959,-6.590124378274154,0.0
451,266927,0.05,-157.20350646972656,2,2,0,0,0.2257085020242915,4.339999999999995,0.40863471296775167,1568,600,925,-35.99999999999985,20.0,0.0,-925.0,4.339999999999995,4.339999999999995,0.2310139198303223,0.1,0.9503994340449569,0.0,-7.839999999999943,-6.889600565954986,0.0
452,267527,0.05,-138.63768005371094,0,0,0,0,0.21963562753036436,4.219999999999998,0.45140262336454823,1615,600,793,-35.99999999999985,0.0,0.0,-793.0,4.219999999999998,4.219999999999998,-0.05388312276204432,0.25,0.8349763347208502,0.0,-8.07499999999995,-7.240023665279099,0.0
453,268127,0.05,-4.766711711883545,2,2,0,0,0.2560728744939271,4.9399999999999835,0.43103764916984405,1446,600,11,-35.99999999999985,20.0,0.0,-11.0,4.9399999999999835,4.9399999999999835,0.03776843007405606,0.15000000000000002,0.5022497463226319,0.0,-7.229999999999938,-6.727750253677306,0.0
454,268727,0.05,-86.6976547241211,0,0,0,0,0.21052631578947367,4.040000000000002,0.47868602131733495,1784,600,480,-35.99999999999985,0.0,0.0,-480.0,4.040000000000002,4.040000000000002,0.11333585103352861,0.05,0.5316384344547984,0.0,-8.91999999999996,-8.388361565545162,0.0
455,269327,0.05,-26.951940536499023,2,2,0,0,0.21963562753036436,4.219999999999999,0.4109417467147998,1782,600,144,-35.99999999999985,20.0,0.0,-144.0,4.219999999999999,4.219999999999999,0.4489378827412927,0.6,1.929402349367737,0.0,-8.909999999999973,-6.9805976506322365,0.0
456,269927,0.05,-3.1776390075683594,2,2,0,0,0.22469635627530365,4.319999999999997,0.4148935812032545,1636,600,1,-35.99999999999985,20.0,0.0,-1.0,4.319999999999997,4.319999999999997,0.2148377304077148,0.1,1.47947204567492,0.0,-8.179999999999952,-6.700527954325032,0.0
457,270527,0.05,-156.2964630126953,2,2,0,0,0.2773279352226721,5.359999999999979,0.4091352099682748,2007,600,919,-35.99999999999985,20.0,0.0,-919.0,5.359999999999979,5.359999999999979,0.3154871991475425,0.35,1.2330165911838413,0.0,-10.034999999999952,-8.801983408816112,0.0
458,271127,0.05,-162.8279571533203,2,2,0,0,0.2479757085020243,4.779999999999986,0.363817293916339,1969,600,959,-35.99999999999985,20.0,0.0,-959.0,4.779999999999986,4.779999999999986,0.602332674662272,0.3,2.195573882516474,0.0,-9.844999999999963,-7.64942611748349,0.0
459,271727,0.05,-94.65532684326172,2,2,0,0,0.2651821862348178,5.119999999999986,0.3775649003341297,1986,600,550,-35.99999999999985,20.0,0.0,-550.0,5.119999999999986,5.119999999999986,0.28394040679931665,0.44999999999999996,2.145406528227032,0.0,-9.929999999999973,-7.784593471772942,0.0
460,272327,0.05,-127.51519012451172,1,1,0,0,0.2560728744939271,4.939999999999986,0.3718449961460081,1710,600,739,-35.99999999999985,10.0,0.0,-739.0,4.939999999999986,4.939999999999986,0.1745647468566892,0.8500000000000001,2.4966147953365,0.0,-8.54999999999997,-6.053385204663471,0.0
461,272927,0.05,-141.95199584960938,1,1,0,0,0.30870445344129555,5.979999999999973,0.29977973972029254,1770,600,827,-35.99999999999985,10.0,0.0,-827.0,5.979999999999973,5.979999999999973,0.09585727691650389,0.15000000000000002,3.914261674471197,0.0,-8.849999999999962,-4.9357383255287655,0.0
462,273527,0.05,-162.8473358154297,2,2,0,0,0.3299595141700405,6.399999999999962,0.3353608575953493,1729,600,962,-35.99999999999985,20.0,0.0,-962.0,6.399999999999962,6.399999999999962,0.3136965599060059,0.5499999999999999,2.2974864209443324,0.0,-8.644999999999959,-6.347513579055626,0.0
463,274127,0.05,-204.66905212402344,2,2,0,0,0.31275303643724695,6.059999999999969,0.4072653437433069,2106,600,1210,-35.99999999999985,20.0,0.0,-1210.0,6.059999999999969,6.059999999999969,0.18071456146240233,0.2,2.078861621171237,0.0,-10.529999999999967,-8.45113837882873,0.0
464,274649,0.05,-117.11458587646484,4,4,0,0,0.4149797570850202,8.079999999999949,0.2804067474965962,1547,522,716,-31.319999999999716,40.0,0.0,-716.0,8.079999999999949,8.079999999999949,0.5642987492879231,0.65,3.073848016709088,0.0,-7.734999999999946,-4.661151983290859,0.0
465,275249,0.05,-239.86695861816406,1,1,0,0,0.409919028340081,7.979999999999938,0.36443374703116005,1670,600,1416,-35.99999999999985,10.0,0.0,-1416.0,7.979999999999938,7.979999999999938,0.013393422444661412,0.8000000000000002,2.3568644725251944,0.0,-8.349999999999936,-5.993135527474742,0.0
466,275849,0.05,-129.8811798095703,2,2,0,0,0.4200404858299595,8.179999999999943,0.29636036919898795,1517,600,768,-35.99999999999985,20.0,0.0,-768.0,8.179999999999943,8.179999999999943,0.37743910725911456,1.0500000000000003,2.690441667437553,0.0,-7.584999999999933,-4.89455833256238,0.0
467,276449,0.05,-8.22288990020752,2,2,0,0,0.4686234817813765,9.139999999999937,0.23968603708402142,1623,600,39,-35.99999999999985,20.0,0.0,-39.0,9.139999999999937,9.139999999999937,0.30705344136555984,0.49999999999999994,3.8305906510166823,0.0,-8.114999999999961,-4.284409348983279,0.0
468,277049,0.05,-57.49659729003906,2,2,0,0,0.28441295546558704,5.499999999999978,0.3060709039899989,1666,600,330,-35.99999999999985,20.0,0.0,-330.0,5.499999999999978,5.499999999999978,0.31926714324951144,0.9000000000000002,2.631851785518229,0.0,-8.329999999999965,-5.698148214481735,0.0
469,277649,0.05,-26.586328506469727,2,2,0,0,0.41700404858299595,8.119999999999948,0.2298447871621546,1610,600,150,-35.99999999999985,20.0,0.0,-150.0,8.119999999999948,8.119999999999948,0.4287127647399905,1.6000000000000008,4.383477304175029,0.0,-8.04999999999994,-3.666522695824911,0.0
470,278249,0.05,-71.64327239990234,2,2,0,0,0.3633603238866397,7.059999999999961,0.2554560085975795,1560,600,418,-35.99999999999985,20.0,0.0,-418.0,7.059999999999961,7.059999999999961,0.25799848683675103,1.3000000000000005,3.322772890124469,0.0,-7.799999999999946,-4.477227109875477,0.0
471,278409,0.05,5.656649112701416,4,4,0,0,0.2074898785425101,3.9800000000000026,0.19372357747397473,488,160,0,-9.59999999999999,40.0,0.0,0.0,3.9800000000000026,3.9800000000000026,0.6631955045064294,0.35,0.9867108593881129,0.0,-2.439999999999996,-1.453289140611883,0.0
472,279009,0.05,-72.03596496582031,3,3,0,0,0.39068825910931176,7.599999999999959,0.3200015450013153,1779,600,429,-35.99999999999985,30.0,0.0,-429.0,7.599999999999959,7.599999999999959,0.4941911697387698,0.6,2.985859251245854,0.0,-8.894999999999962,-5.909140748754108,0.0
473,279609,0.05,-149.24496459960938,2,2,0,0,0.42105263157894735,8.199999999999937,0.2711691278753601,1591,600,886,-35.99999999999985,20.0,0.0,-886.0,8.199999999999937,8.199999999999937,0.4888336766560872,1.5500000000000007,4.246909678280355,0.0,-7.954999999999946,-3.708090321719591,0.0
474,280209,0.05,-59.94088363647461,2,2,0,0,0.32793522267206476,6.359999999999963,0.2921444756285039,1691,600,347,-35.99999999999985,20.0,0.0,-347.0,6.359999999999963,6.359999999999963,0.4654988212585448,1.3500000000000005,3.6341108127683412,0.0,-8.454999999999945,-4.820889187231604,0.0
475,280809,0.05,-102.62435150146484,1,1,0,0,0.4311740890688259,8.399999999999945,0.2703436087267175,1626,600,595,-35.99999999999985,10.0,0.0,-595.0,8.399999999999945,8.399999999999945,0.2891673088073729,1.800000000000001,2.8952271981909843,0.0,-8.129999999999946,-5.234772801808962,0.0
476,281409,0.05,-133.59072875976562,1,1,0,0,0.3603238866396761,6.9999999999999565,0.3448053915354467,1663,600,777,-35.99999999999985,10.0,0.0,-777.0,6.9999999999999565,6.9999999999999565,-0.03428437805175787,0.65,2.1554400967620326,0.0,-8.31499999999994,-6.159559903237908,0.0
477,282009,0.05,-27.247438430786133,2,2,0,0,0.35526315789473684,6.899999999999964,0.33866264358601456,1838,600,149,-35.99999999999985,20.0,0.0,-149.0,6.899999999999964,6.899999999999964,0.1981335169474285,0.44999999999999996,3.1572784449253226,0.0,-9.18999999999997,-6.032721555074646,0.0
478,282609,0.05,-17.629850387573242,1,1,0,0,0.42611336032388664,8.299999999999942,0.3050249167669649,1615,600,85,-35.99999999999985,10.0,0.0,-85.0,8.299999999999942,8.299999999999942,0.40775147628784186,1.5500000000000007,3.0382244129106404,0.0,-8.074999999999942,-5.036775587089302,0.0
479,283209,0.05,-24.845659255981445,0,0,0,0,0.2165991902834008,4.159999999999999,0.4611528879936345,1733,600,110,-35.99999999999985,0.0,0.0,-110.0,4.159999999999999,4.159999999999999,0.1037933756510417,0.25,1.077421415783465,0.0,-8.664999999999965,-7.587578584216501,0.0
480,283809,0.05,-4.455165386199951,1,1,0,0,0.37449392712550605,7.279999999999954,0.3539813379776832,1617,600,2,-35.99999999999985,10.0,0.0,-2.0,7.279999999999954,7.279999999999954,0.009697453816731653,0.25,1.8144258714839818,0.0,-8.084999999999953,-6.270574128515971,0.0
481,284409,0.05,-341.03662109375,1,1,0,0,0.1548582995951417,2.9400000000000017,0.3685789787027332,1156,600,2018,-35.99999999999985,10.0,0.0,-2018.0,2.9400000000000017,2.9400000000000017,0.15552130635579434,0.35,0.12083972420543432,0.0,-5.779999999999947,-5.6591602757945125,0.0
482,285009,0.05,-150.5654296875,2,2,0,0,0.27631578947368424,5.339999999999978,0.3985384982519787,1394,600,887,-35.99999999999985,20.0,0.0,-887.0,5.339999999999978,5.339999999999978,0.17738447825113915,0.44999999999999996,0.611611990481615,0.0,-6.969999999999941,-6.358388009518326,0.0
483,285609,0.05,-230.92535400390625,0,0,0,0,0.21052631578947367,4.040000000000002,0.4329852699084909,1819,600,1346,-35.99999999999985,0.0,0.0,-1346.0,4.040000000000002,4.040000000000002,0.0014258015950521057,0.1,1.4066334369778632,0.0,-9.094999999999974,-7.688366563022111,0.0
484,286209,0.05,-13.901336669921875,2,2,0,0,0.3765182186234818,7.319999999999955,0.31865591978706814,1515,600,72,-35.99999999999985,20.0,0.0,-72.0,7.319999999999955,7.319999999999955,0.5275060043334961,1.1000000000000003,3.2195635814219723,0.0,-7.5749999999999575,-4.355436418577986,0.0
485,286809,0.05,-164.5522003173828,2,2,0,0,0.27530364372469635,5.31999999999998,0.40691309847062157,1710,600,971,-35.99999999999985,20.0,0.0,-971.0,5.31999999999998,5.31999999999998,0.7552785263061521,0.7000000000000001,1.4645206694304942,0.0,-8.549999999999942,-7.085479330569448,0.0
486,287409,0.05,-175.28761291503906,2,2,0,0,0.2631578947368421,5.079999999999981,0.41889497456840113,1900,600,1033,-35.99999999999985,20.0,0.0,-1033.0,5.079999999999981,5.079999999999981,0.29504466501871734,0.3,1.1022983481036503,0.0,-9.499999999999982,-8.397701651896332,0.0
487,288009,0.05,-123.06057739257812,2,2,0,0,0.40384615384615385,7.8599999999999515,0.32220417467719625,1743,600,726,-35.99999999999985,20.0,0.0,-726.0,7.8599999999999515,7.8599999999999515,0.4532306696573895,0.15000000000000002,3.8893551160488276,0.0,-8.714999999999955,-4.825644883951128,0.0
488,288609,0.05,-69.33332061767578,3,3,0,0,0.23279352226720648,4.479999999999994,0.44057066316279814,1691,600,408,-35.99999999999985,30.0,0.0,-408.0,4.479999999999994,4.479999999999994,0.2519760271708168,0.25,1.4742816726118313,0.0,-8.454999999999963,-6.980718327388131,0.0
489,288855,0.05,4.5911335945129395,4,4,0,0,0.20040485829959515,3.8400000000000025,0.3149092092187556,666,246,0,-14.760000000000034,40.0,0.0,0.0,3.8400000000000025,3.8400000000000025,0.5595233942667643,0.3,0.937350310496986,0.0,-3.329999999999991,-2.3926496895030054,0.0
490,289455,0.05,-181.6759490966797,2,2,0,0,0.3006072874493927,5.81999999999997,0.3929885082622463,1981,600,1073,-35.99999999999985,20.0,0.0,-1073.0,5.81999999999997,5.81999999999997,0.3571568934122721,0.65,2.0245060233771794,0.0,-9.904999999999985,-7.880493976622805,0.0
491,290055,0.05,-94.189697265625,3,3,0,0,0.3228744939271255,6.259999999999963,0.30397090167340746,1567,600,561,-35.99999999999985,30.0,0.0,-561.0,6.259999999999963,6.259999999999963,0.5891077588399252,0.35,2.4982213118299845,0.0,-7.83499999999993,-5.336778688169945,0.0
492,290655,0.05,-97.8023452758789,3,3,0,0,0.3006072874493927,5.819999999999972,0.3800225872281509,2017,600,580,-35.99999999999985,30.0,0.0,-580.0,5.819999999999972,5.819999999999972,0.5317976926167803,1.2500000000000004,1.6694193166214977,0.0,-10.084999999999978,-8.41558068337848,0.0
493,291255,0.05,-140.88734436035156,3,3,0,0,0.2560728744939271,4.939999999999985,0.4012898760541025,1768,600,839,-35.99999999999985,30.0,0.0,-839.0,4.939999999999985,4.939999999999985,0.543640111287435,0.25,2.7853401728533194,0.0,-8.839999999999954,-6.054659827146635,0.0
494,291855,0.05,-138.1962432861328,1,1,0,0,0.3815789473684211,7.419999999999953,0.3865640627813587,1882,600,803,-35.99999999999985,10.0,0.0,-803.0,7.419999999999953,7.419999999999953,0.009377572377522786,0.6,1.205075810495764,0.0,-9.40999999999997,-8.204924189504206,0.0
495,292455,0.05,-51.20706558227539,1,1,0,0,0.22064777327935223,4.239999999999999,0.44056179006485363,1783,600,278,-35.99999999999985,10.0,0.0,-278.0,4.239999999999999,4.239999999999999,-0.0004596595764160337,0.3,1.132985543757677,0.0,-8.91499999999997,-7.782014456242294,0.0
496,293055,0.05,-219.8518524169922,0,0,0,0,0.19433198380566802,3.720000000000003,0.46068271850513864,1948,600,1278,-35.99999999999985,0.0,0.0,-1278.0,3.720000000000003,3.720000000000003,-0.32123889668782557,0.5499999999999999,0.685412396863103,0.0,-9.73999999999997,-9.054587603136866,0.0
497,293655,0.05,-123.05899047851562,1,1,0,0,0.16902834008097167,3.220000000000002,0.4281412975346676,1741,600,710,-35.99999999999985,10.0,0.0,-710.0,3.220000000000002,3.220000000000002,0.16207831192016608,1.4500000000000006,1.5216244248300783,0.0,-8.704999999999956,-7.183375575169878,0.0
498,294255,0.05,-119.22216033935547,1,1,0,0,0.13866396761133604,2.620000000000002,0.5154517144839419,1707,600,684,-35.99999999999985,10.0,0.0,-684.0,2.620000000000002,2.620000000000002,0.016769390106201165,0.3,0.26643944531679153,0.0,-8.53499999999995,-8.268560554683159,0.0
499,294855,0.05,-133.26966857910156,3,3,0,0,0.291497975708502,5.639999999999975,0.4085860943713245,1902,600,792,-35.99999999999985,30.0,0.0,-792.0,5.639999999999975,5.639999999999975,0.6643719774882,0.44999999999999996,1.1397304598428308,0.0,-9.509999999999968,-8.370269540157137,0.0
500,295455,0.05,-106.61797332763672,1,1,0,0,0.20242914979757085,3.880000000000003,0.5197098637478402,1998,600,609,-35.99999999999985,10.0,0.0,-609.0,3.880000000000003,3.880000000000003,0.12827906545003243,0.3,0.9748790418729183,0.0,-9.989999999999968,-9.01512095812705,0.0
501,296055,0.05,-101.79376983642578,2,2,0,0,0.2560728744939271,4.939999999999984,0.44125142895794456,1539,600,593,-35.99999999999985,20.0,0.0,-593.0,4.939999999999984,4.939999999999984,0.11285877736409514,0.2,0.6813056002557277,0.0,-7.69499999999994,-7.013694399744212,0.0
502,296655,0.05,-123.87957000732422,1,1,0,0,0.19129554655870445,3.6600000000000024,0.4256808916136085,1626,600,715,-35.99999999999985,10.0,0.0,-715.0,3.6600000000000024,3.6600000000000024,0.3308247578938801,0.5499999999999999,1.3130736549384894,0.0,-8.129999999999946,-6.816926345061456,0.0
503,297255,0.05,-101.91785430908203,2,2,0,0,0.3350202429149798,6.499999999999971,0.39251031807420483,1780,600,595,-35.99999999999985,20.0,0.0,-595.0,6.499999999999971,6.499999999999971,0.4375443598429361,0.35,1.1063474790193135,0.0,-8.89999999999996,-7.793652520980646,0.0
504,297855,0.05,-94.76445770263672,2,2,0,0,0.19433198380566802,3.7200000000000024,0.43625220774130063,1813,600,549,-35.99999999999985,20.0,0.0,-549.0,3.7200000000000024,3.7200000000000024,0.1071145451863607,0.49999999999999994,1.1535623313859105,0.0,-9.064999999999968,-7.911437668614057,0.0
505,298455,0.05,-25.137109756469727,1,1,0,0,0.4159919028340081,8.099999999999943,0.3271676784672309,1598,600,128,-35.99999999999985,10.0,0.0,-128.0,8.099999999999943,8.099999999999943,0.06808162434895827,0.8000000000000002,2.1993385943770405,0.0,-7.989999999999937,-5.790661405622897,0.0
506,299055,0.05,-25.267690658569336,3,3,0,0,0.3582995951417004,6.9599999999999635,0.33604767243136136,1503,600,147,-35.99999999999985,30.0,0.0,-147.0,6.9599999999999635,6.9599999999999635,0.3105598284403483,0.15000000000000002,1.4883893654868,0.0,-7.5149999999999535,-6.026610634513154,0.0
507,299655,0.05,-191.87452697753906,0,0,0,0,0.21862348178137653,4.199999999999998,0.4104217878438148,1620,600,1113,-35.99999999999985,0.0,0.0,-1113.0,4.199999999999998,4.199999999999998,0.16958070882161452,0.25,1.2362086124718195,0.0,-8.099999999999943,-6.863791387528123,0.0
508,300255,0.05,-2.58988356590271,2,2,0,0,0.3076923076923077,5.959999999999975,0.33793087887952017,1460,600,2,-35.99999999999985,20.0,0.0,-2.0,5.959999999999975,5.959999999999975,0.3867984695434575,0.7000000000000001,2.7140017912723113,0.0,-7.2999999999999545,-4.585998208727643,0.0
509,300855,0.05,-183.5325164794922,2,2,0,0,0.38360323886639675,7.459999999999945,0.3392704016508408,1405,600,1088,-35.99999999999985,20.0,0.0,-1088.0,7.459999999999945,7.459999999999945,0.2163383102416992,0.3,1.8547722111269835,0.0,-7.024999999999941,-5.170227788872957,0.0
510,301455,0.05,-36.17506790161133,1,1,0,0,0.3431174089068826,6.65999999999996,0.3138804095240711,1756,600,192,-35.99999999999985,10.0,0.0,-192.0,6.65999999999996,6.65999999999996,0.33182078679402666,0.39999999999999997,2.3377770039439194,0.0,-8.779999999999967,-6.4422229960560475,0.0
511,302055,0.05,-44.85929870605469,2,2,0,0,0.42611336032388664,8.299999999999946,0.32369177832956164,1581,600,257,-35.99999999999985,20.0,0.0,-257.0,8.299999999999946,8.299999999999946,0.15290829340616846,0.6,2.6963713871687642,0.0,-7.9049999999999345,-5.20862861283117,0.0
512,302655,0.05,-103.44295501708984,1,1,0,0,0.44534412955465585,8.679999999999946,0.27702304684690415,1517,600,600,-35.99999999999985,10.0,0.0,-600.0,8.679999999999946,8.679999999999946,0.20357949956258156,0.65,3.393729152530432,0.0,-7.584999999999945,-4.191270847469513,0.0
513,303255,0.05,-19.605321884155273,1,1,0,0,0.2854251012145749,5.5199999999999765,0.3032056535259391,1417,600,94,-35.99999999999985,10.0,0.0,-94.0,5.5199999999999765,5.5199999999999765,0.13539976247151686,0.65,3.1477419374138123,0.0,-7.084999999999954,-3.9372580625861415,0.0
514,303855,0.05,-2.2836058139801025,2,2,0,0,0.39979757085020245,7.779999999999946,0.34056595175739657,1504,600,1,-35.99999999999985,20.0,0.0,-1.0,7.779999999999946,7.779999999999946,0.31952867380777994,0.5499999999999999,2.1689546821732075,0.0,-7.519999999999954,-5.351045317826747,0.0
515,304455,0.05,-97.30884552001953,1,1,0,0,0.31275303643724695,6.059999999999974,0.33246439261967076,1595,600,559,-35.99999999999985,10.0,0.0,-559.0,6.059999999999974,6.059999999999974,0.2876078414916993,0.49999999999999994,2.274483401365578,0.0,-7.974999999999941,-5.700516598634363,0.0
516,305055,0.05,-87.58670043945312,1,1,0,0,0.2793522267206478,5.399999999999981,0.32454204633123784,1703,600,499,-35.99999999999985,10.0,0.0,-499.0,5.399999999999981,5.399999999999981,0.20139111328125014,0.35,2.0448678777739384,0.0,-8.514999999999969,-6.47013212222603,0.0
517,305655,0.05,-137.79464721679688,0,0,0,0,0.30870445344129555,5.97999999999997,0.3752522578802544,1701,600,790,-35.99999999999985,0.0,0.0,-790.0,5.97999999999997,5.97999999999997,-0.09394368489583338,0.6,1.2525722289271655,0.0,-8.504999999999942,-7.252427771072776,0.0
518,306255,0.05,-133.36207580566406,2,2,0,0,0.242914979757085,4.67999999999999,0.46448321394813114,1416,600,783,-35.99999999999985,20.0,0.0,-783.0,4.67999999999999,4.67999999999999,0.17364462280273438,0.25,0.8052842232584951,0.0,-7.079999999999951,-6.274715776741456,0.0
519,306855,0.05,-17.17429542541504,1,1,0,0,0.32186234817813764,6.239999999999968,0.38305880328190844,1695,600,77,-35.99999999999985,10.0,0.0,-77.0,6.239999999999968,6.239999999999968,0.06039108530680336,0.44999999999999996,1.678925287337042,0.0,-8.474999999999955,-6.7960747126629135,0.0
520,307455,0.05,-148.10296630859375,2,2,0,0,0.24190283400809717,4.659999999999994,0.4271739986714157,1287,600,872,-35.99999999999985,20.0,0.0,-872.0,4.659999999999994,4.659999999999994,0.10875859578450517,0.25,0.799684518277645,0.0,-6.434999999999953,-5.635315481722309,0.0
521,308055,0.05,-83.93649291992188,0,0,0,0,0.2388663967611336,4.599999999999992,0.45302625280870823,1540,600,466,-35.99999999999985,0.0,0.0,-466.0,4.599999999999992,4.599999999999992,0.03477568562825531,0.7499999999999999,0.6976360606541857,0.0,-7.69999999999995,-7.002363939345765,0.0
522,308655,0.05,-4.771158695220947,1,1,0,0,0.24392712550607287,4.69999999999999,0.40988391187890044,1454,600,2,-35.99999999999985,10.0,0.0,-2.0,4.69999999999999,4.69999999999999,-0.010742248535156238,0.3,1.6539669810282056,0.0,-7.269999999999955,-5.616033018971749,0.0
523,309255,0.05,-265.115234375,2,2,0,0,0.24898785425101214,4.799999999999987,0.42412260316822437,1780,600,1572,-35.99999999999985,20.0,0.0,-1572.0,4.799999999999987,4.799999999999987,0.43886300404866546,0.44999999999999996,0.5241846205294133,0.0,-8.899999999999952,-8.37581537947054,0.0
524,309855,0.05,-149.10975646972656,2,2,0,0,0.37550607287449395,7.299999999999953,0.3788712294143705,1375,600,881,-35.99999999999985,20.0,0.0,-881.0,7.299999999999953,7.299999999999953,0.22736814498901353,0.35,1.339450684189796,0.0,-6.874999999999936,-5.53554931581014,0.0
525,310455,0.05,-58.377960205078125,1,1,0,0,0.42813765182186236,8.33999999999994,0.3201602594851688,1580,600,329,-35.99999999999985,10.0,0.0,-329.0,8.33999999999994,8.33999999999994,0.10257667541503893,0.8500000000000002,3.339910369366406,0.0,-7.899999999999951,-4.560089630633545,0.0
526,311055,0.05,-53.28220748901367,2,2,0,0,0.32186234817813764,6.2399999999999665,0.39111404201074845,1638,600,304,-35.99999999999985,20.0,0.0,-304.0,6.2399999999999665,6.2399999999999665,0.28131785456339514,0.8000000000000002,1.1757275039702653,0.0,-8.189999999999948,-7.014272496029683,0.0
527,311655,0.05,-157.10243225097656,1,1,0,0,0.32793522267206476,6.359999999999959,0.35488711477309054,1366,600,918,-35.99999999999985,10.0,0.0,-918.0,6.359999999999959,6.359999999999959,-0.043480712890625085,0.7000000000000001,1.2001429710164675,0.0,-6.829999999999936,-5.629857028983468,0.0
528,312255,0.05,-123.36456298828125,1,1,0,0,0.402834008097166,7.839999999999952,0.3328485457033942,1630,600,716,-35.99999999999985,10.0,0.0,-716.0,7.839999999999952,7.839999999999952,0.028098241170247354,0.39999999999999997,1.6963990528089925,0.0,-8.149999999999954,-6.453600947190962,0.0
529,312855,0.05,-194.4652099609375,3,3,0,0,0.28846153846153844,5.5799999999999725,0.3191432760587081,1240,600,1163,-35.99999999999985,30.0,0.0,-1163.0,5.5799999999999725,5.5799999999999725,0.47820241546630843,0.35,2.0015794926881787,0.0,-6.199999999999946,-4.198420507311767,0.0
530,313455,0.05,-114.33544158935547,2,2,0,0,0.3765182186234818,7.319999999999951,0.26291938829984346,1371,600,674,-35.99999999999985,20.0,0.0,-674.0,7.319999999999951,7.319999999999951,0.27919467417399085,0.9500000000000003,2.2929988333722573,0.0,-6.854999999999944,-4.562001166627686,0.0
531,314055,0.05,-21.15774154663086,2,2,0,0,0.4493927125506073,8.759999999999938,0.28213229058390427,1595,600,116,-35.99999999999985,20.0,0.0,-116.0,8.759999999999938,8.759999999999938,0.499820364634196,1.1000000000000003,2.6687513429950926,0.0,-7.974999999999963,-5.30624865700487,0.0
532,314655,0.05,-125.33260345458984,2,2,0,0,0.30870445344129555,5.97999999999997,0.30283318499471434,1407,600,738,-35.99999999999985,20.0,0.0,-738.0,5.97999999999997,5.97999999999997,0.42439672851562477,0.5499999999999999,2.085439375312999,0.0,-7.034999999999941,-4.949560624686942,0.0
533,314849,0.05,5.224341869354248,4,4,0,0,0.19635627530364372,3.760000000000003,0.3154657054077926,430,194,0,-11.640000000000008,40.0,0.0,0.0,3.760000000000003,3.760000000000003,0.6135604413350423,0.35,0.41252933353185656,0.0,-2.1499999999999955,-1.737470666468139,0.0
534,315449,0.05,-226.90757751464844,2,2,0,0,0.2874493927125506,5.559999999999977,0.3172212153401455,1540,600,1346,-35.99999999999985,20.0,0.0,-1346.0,5.559999999999977,5.559999999999977,0.1966520398457845,0.3,2.200199610181152,0.0,-7.699999999999939,-5.4998003898187875,0.0
535,316049,0.05,-26.882108688354492,3,3,0,0,0.3734817813765182,7.259999999999958,0.2778579882672461,1362,600,160,-35.99999999999985,30.0,0.0,-160.0,7.259999999999958,7.259999999999958,0.2890477879842125,0.8500000000000001,3.118479304136707,0.0,-6.809999999999942,-3.6915206958632347,0.0
536,316649,0.05,-166.08775329589844,3,3,0,0,0.39878542510121456,7.759999999999941,0.25306580383759053,1291,600,996,-35.99999999999985,30.0,0.0,-996.0,7.759999999999941,7.759999999999941,0.3340567728678383,0.8000000000000002,3.035654112249613,0.0,-6.454999999999943,-3.4193458877503304,0.0
537,317249,0.05,-72.32685089111328,3,3,0,0,0.39473684210526316,7.679999999999958,0.2604173924224031,1533,600,433,-35.99999999999985,30.0,0.0,-433.0,7.679999999999958,7.679999999999958,0.20692357508341486,1.0000000000000002,3.817115197749812,0.0,-7.664999999999952,-3.84788480225014,0.0
538,317849,0.05,-21.063220977783203,0,0,0,0,0.33299595141700405,6.459999999999961,0.3237778112354378,1529,600,92,-35.99999999999985,0.0,0.0,-92.0,6.459999999999961,6.459999999999961,-0.13528676350911448,0.3,2.6410481161996726,0.0,-7.64499999999994,-5.0039518838002675,0.0
539,318449,0.05,-86.04913330078125,0,0,0,0,0.39271255060728744,7.639999999999939,0.27458127354348105,1836,600,482,-35.99999999999985,0.0,0.0,-482.0,7.639999999999939,7.639999999999939,0.07090714518229177,0.39999999999999997,2.7757952165789894,0.0,-9.179999999999959,-6.404204783420969,0.0
540,319049,0.05,-82.58992767333984,3,3,0,0,0.36133603238866396,7.01999999999996,0.3179624313010087,1457,600,493,-35.99999999999985,30.0,0.0,-493.0,7.01999999999996,7.01999999999996,0.7379872360229492,0.65,2.3378620115295066,0.0,-7.28499999999994,-4.947137988470433,0.0
541,319307,0.05,4.629092693328857,4,4,0,0,0.27530364372469635,5.319999999999989,0.25133237355086835,562,258,1,-15.48000000000004,40.0,0.0,-1.0,5.319999999999989,5.319999999999989,0.6763874015808105,0.35,0.718171619474888,0.0,-2.8099999999999916,-2.0918283805251034,0.0
542,319907,0.05,-264.4814758300781,2,2,0,0,0.25809716599190285,4.979999999999985,0.38624780699112715,1364,600,1571,-35.99999999999985,20.0,0.0,-1571.0,4.979999999999985,4.979999999999985,0.26005467987060554,0.6500000000000001,1.0455421001091596,0.0,-6.81999999999994,-5.7744578998907805,0.0
543,320507,0.05,-45.48257064819336,1,1,0,0,0.3431174089068826,6.659999999999967,0.3726290283800012,1590,600,248,-35.99999999999985,10.0,0.0,-248.0,6.659999999999967,6.659999999999967,0.06887652842203765,0.7000000000000001,1.6257640950009227,0.0,-7.94999999999995,-6.3242359049990275,0.0
544,321107,0.05,-21.060462951660156,1,1,0,0,0.39473684210526316,7.679999999999952,0.3038083419532955,1488,600,104,-35.99999999999985,10.0,0.0,-104.0,7.679999999999952,7.679999999999952,0.272631306966146,0.8000000000000002,2.324703045934438,0.0,-7.439999999999947,-5.115296954065509,0.0
545,321707,0.05,-115.90316772460938,3,3,0,0,0.3360323886639676,6.519999999999965,0.38671501718344287,1707,600,690,-35.99999999999985,30.0,0.0,-690.0,6.519999999999965,6.519999999999965,0.3901765416463219,0.7000000000000001,1.5066684166621422,0.0,-8.534999999999961,-7.028331583337819,0.0
546,322307,0.05,-141.27281188964844,0,0,0,0,0.3006072874493927,5.8199999999999745,0.38913904067347177,1358,600,812,-35.99999999999985,0.0,0.0,-812.0,5.8199999999999745,5.8199999999999745,-0.20766623942057255,0.49999999999999994,1.0414662170782685,0.0,-6.789999999999945,-5.748533782921676,0.0
547,322907,0.05,-215.33287048339844,1,1,0,0,0.20445344129554655,3.9200000000000026,0.3968351259800531,1512,600,1265,-35.99999999999985,10.0,0.0,-1265.0,3.9200000000000026,3.9200000000000026,0.2165957781473799,0.44999999999999996,1.980404332615435,0.0,-7.559999999999924,-5.579595667384489,0.0
548,323507,0.05,-151.69796752929688,1,1,0,0,0.29554655870445345,5.719999999999973,0.3205471647457954,1523,600,884,-35.99999999999985,10.0,0.0,-884.0,5.719999999999973,5.719999999999973,0.17606636301676434,0.2,1.3332944609038533,0.0,-7.614999999999942,-6.281705539096088,0.0
549,324107,0.05,-89.70247650146484,0,0,0,0,0.25809716599190285,4.979999999999985,0.3485529888333662,1715,600,502,-35.99999999999985,0.0,0.0,-502.0,4.979999999999985,4.979999999999985,-0.016843139648437592,1.7500000000000007,1.6489289655536412,0.0,-8.574999999999957,-6.9260710344463154,0.0
550,324707,0.05,-88.55461883544922,1,1,0,0,0.26214574898785425,5.059999999999982,0.43429585847936525,1708,600,503,-35.99999999999985,10.0,0.0,-503.0,5.059999999999982,5.059999999999982,-0.19442352294921889,0.3,1.0477410880476234,0.0,-8.539999999999967,-7.4922589119523435,0.0
551,325307,0.05,-192.71458435058594,3,3,0,0,0.3107287449392713,6.019999999999973,0.37039267887878746,1639,600,1151,-35.99999999999985,30.0,0.0,-1151.0,6.019999999999973,6.019999999999973,0.32624672698974605,0.6,1.9614147953689096,0.0,-8.194999999999931,-6.233585204631021,0.0
552,325907,0.05,-80.07162475585938,3,3,0,0,0.3360323886639676,6.519999999999968,0.3061498706332996,1610,600,476,-35.99999999999985,30.0,0.0,-476.0,6.519999999999968,6.519999999999968,0.5254885889689126,0.49999999999999994,2.0753672568965706,0.0,-8.049999999999942,-5.9746327431033714,0.0
553,326507,0.05,-90.4238052368164,1,1,0,0,0.25809716599190285,4.979999999999988,0.3468979445546413,1804,600,514,-35.99999999999985,10.0,0.0,-514.0,4.979999999999988,4.979999999999988,-0.047576985677083364,0.49999999999999994,1.0465267596021297,0.0,-9.019999999999984,-7.973473240397854,0.0
554,327107,0.05,-0.15158088505268097,3,3,0,0,0.3825910931174089,7.439999999999952,0.29969880429398066,1443,600,0,-35.99999999999985,30.0,0.0,0.0,7.439999999999952,7.439999999999952,0.6258037490844731,0.9000000000000001,3.339833489879966,0.0,-7.214999999999949,-3.8751665101199833,0.0
555,327707,0.05,-174.6276397705078,0,0,0,0,0.24392712550607287,4.699999999999989,0.3870868010334622,1564,600,1011,-35.99999999999985,0.0,0.0,-1011.0,4.699999999999989,4.699999999999989,-0.0036056823730469343,0.9000000000000002,1.460017948821187,0.0,-7.819999999999944,-6.359982051178758,0.0
556,328307,0.05,-67.38328552246094,3,3,0,0,0.3562753036437247,6.919999999999966,0.28413388275670715,1279,600,405,-35.99999999999985,30.0,0.0,-405.0,6.919999999999966,6.919999999999966,0.6101928876241052,0.49999999999999994,5.064994683489205,0.0,-6.394999999999947,-1.330005316510742,0.0
557,328907,0.05,-110.17352294921875,0,0,0,0,0.23380566801619435,4.499999999999992,0.4229336474597544,1626,600,623,-35.99999999999985,0.0,0.0,-623.0,4.499999999999992,4.499999999999992,0.013220392862955638,0.39999999999999997,1.177412647353485,0.0,-8.129999999999951,-6.952587352646466,0.0
558,329507,0.05,-2.326382637023926,2,2,0,0,0.3805668016194332,7.399999999999956,0.3093186681318507,1535,600,1,-35.99999999999985,20.0,0.0,-1.0,7.399999999999956,7.399999999999956,0.386823860168457,0.6000000000000001,2.3300149233452974,0.0,-7.674999999999948,-5.344985076654651,0.0
559,330107,0.05,-41.12605667114258,0,0,0,0,0.1902834008097166,3.640000000000003,0.4087125196180892,1570,600,209,-35.99999999999985,0.0,0.0,-209.0,3.640000000000003,3.640000000000003,-0.3108118336995439,0.9500000000000003,1.8144143374823039,0.0,-7.8499999999999535,-6.03558566251765,0.0
560,330707,0.05,-208.2489471435547,0,0,0,0,0.2925101214574899,5.659999999999974,0.362302610479908,1625,600,1213,-35.99999999999985,0.0,0.0,-1213.0,5.659999999999974,5.659999999999974,-0.19404529825846362,0.44999999999999996,1.7190050025098027,0.0,-8.124999999999932,-6.405994997490129,0.0
561,331307,0.05,-10.78692626953125,2,2,0,0,0.37044534412955465,7.199999999999962,0.3090420537518124,1677,600,51,-35.99999999999985,20.0,0.0,-51.0,7.199999999999962,7.199999999999962,0.34513599522908545,0.35,2.7684692742303003,0.0,-8.384999999999952,-5.6165307257696515,0.0
562,331907,0.05,-154.86903381347656,1,1,0,0,0.3299595141700405,6.399999999999969,0.29412868334085535,1641,600,905,-35.99999999999985,10.0,0.0,-905.0,6.399999999999969,6.399999999999969,0.06011096700032559,0.6,2.9302942737378164,0.0,-8.204999999999945,-5.274705726262129,0.0
563,332507,0.05,-22.39337730407715,3,3,0,0,0.46356275303643724,9.039999999999932,0.2575654546565056,1657,600,134,-35.99999999999985,30.0,0.0,-134.0,9.039999999999932,9.039999999999932,0.6073065439860018,0.8500000000000001,3.4273697072267515,0.0,-8.28499999999997,-4.8576302927732185,0.0
564,333107,0.05,-107.28865814208984,3,3,0,0,0.43623481781376516,8.499999999999941,0.307881411190857,1781,600,641,-35.99999999999985,30.0,0.0,-641.0,8.499999999999941,8.499999999999941,0.5834829597473147,0.39999999999999997,2.690506090326234,0.0,-8.904999999999959,-6.214493909673724,0.0
565,333707,0.05,-83.09944915771484,3,3,0,0,0.4251012145748988,8.27999999999994,0.30663057878447747,1662,600,497,-35.99999999999985,30.0,0.0,-497.0,8.27999999999994,8.27999999999994,0.3623649393717448,0.8500000000000002,3.220708636189809,0.0,-8.309999999999942,-5.089291363810133,0.0
566,334307,0.05,-167.7635040283203,3,3,0,0,0.3319838056680162,6.439999999999967,0.3603809959516366,1493,600,1002,-35.99999999999985,30.0,0.0,-1002.0,6.439999999999967,6.439999999999967,0.652847025553385,0.6,1.1918546857684853,0.0,-7.4649999999999554,-6.273145314231471,0.0
567,334907,0.05,-40.72867965698242,2,2,0,0,0.402834008097166,7.8399999999999554,0.27204559470194606,1585,600,233,-35.99999999999985,20.0,0.0,-233.0,7.8399999999999554,7.8399999999999554,0.39038084538777656,0.9500000000000003,3.3724622116098204,0.0,-7.924999999999949,-4.552537788390129,0.0
568,335507,0.05,-136.0927276611328,2,2,0,0,0.1882591093117409,3.6000000000000028,0.3984960094361587,1950,600,797,-35.99999999999985,20.0,0.0,-797.0,3.6000000000000028,3.6000000000000028,0.2912125244140624,1.1000000000000003,1.204910359885544,0.0,-9.74999999999997,-8.545089640114426,0.0
569,336107,0.05,-129.5163116455078,1,1,0,0,0.32388663967611336,6.279999999999965,0.3255438430541431,1538,600,753,-35.99999999999985,10.0,0.0,-753.0,6.279999999999965,6.279999999999965,0.01871816889444986,0.2,3.093815389685332,0.0,-7.689999999999947,-4.596184610314615,0.0
570,336707,0.05,-99.48367309570312,1,1,0,0,0.17408906882591094,3.3200000000000025,0.41856124921046206,1855,600,566,-35.99999999999985,10.0,0.0,-566.0,3.3200000000000025,3.3200000000000025,0.07090972900390635,0.2,0.785178260039538,0.0,-9.27499999999998,-8.489821739960442,0.0
571,337307,0.05,-41.14114761352539,1,1,0,0,0.3168016194331984,6.139999999999966,0.3406239849097457,1675,600,222,-35.99999999999985,10.0,0.0,-222.0,6.139999999999966,6.139999999999966,0.11569221623738618,0.8000000000000002,2.4723704933188873,0.0,-8.374999999999968,-5.90262950668108,0.0
572,337907,0.05,-68.07758331298828,2,2,0,0,0.2692307692307692,5.199999999999982,0.3977818122080094,1486,600,393,-35.99999999999985,20.0,0.0,-393.0,5.199999999999982,5.199999999999982,0.8432895011901852,0.7000000000000001,1.221141114849598,0.0,-7.429999999999953,-6.208858885150354,0.0
573,338507,0.05,-3.7960262298583984,2,2,0,0,0.201417004048583,3.860000000000003,0.47755038361404634,1756,600,3,-35.99999999999985,20.0,0.0,-3.0,3.860000000000003,3.860000000000003,0.4780874621073403,0.3,0.36586963288485996,0.0,-8.779999999999971,-8.414130367115112,0.0
574,339107,0.05,-10.195199012756348,1,1,0,0,0.21963562753036436,4.22,0.43173045921655206,1668,600,33,-35.99999999999985,10.0,0.0,-33.0,4.22,4.22,0.26629439036051467,0.5499999999999999,1.1322369003295898,0.0,-8.339999999999952,-7.2077630996703625,0.0
575,339707,0.05,-141.32284545898438,1,1,0,0,0.30870445344129555,5.979999999999969,0.3478191526881225,1274,600,825,-35.99999999999985,10.0,0.0,-825.0,5.979999999999969,5.979999999999969,0.1185260759989421,0.5499999999999999,2.785002177685963,0.0,-6.369999999999955,-3.584997822313992,0.0
576,340307,0.05,-0.5069124698638916,3,3,0,0,0.3937246963562753,7.659999999999961,0.33852771558582184,1697,600,0,-35.99999999999985,30.0,0.0,0.0,7.659999999999961,7.659999999999961,0.48956421788533516,0.65,2.6440876260772335,0.0,-8.48499999999997,-5.840912373922736,0.0
577,340907,0.05,-3.7779910564422607,2,2,0,0,0.3117408906882591,6.039999999999971,0.3243367685987889,1822,600,8,-35.99999999999985,20.0,0.0,-8.0,6.039999999999971,6.039999999999971,0.37286240641276036,0.9000000000000002,3.129393832627685,0.0,-9.109999999999978,-5.980606167372294,0.0
578,341507,0.05,-108.87264251708984,2,2,0,0,0.36133603238866396,7.019999999999958,0.33509226394044367,1449,600,640,-35.99999999999985,20.0,0.0,-640.0,7.019999999999958,7.019999999999958,0.43130419031779027,0.9500000000000003,1.607931453064084,0.0,-7.244999999999942,-5.637068546935859,0.0
579,342107,0.05,-13.69417953491211,1,1,0,0,0.3340080971659919,6.4799999999999605,0.3139354673109483,1706,600,58,-35.99999999999985,10.0,0.0,-58.0,6.4799999999999605,6.4799999999999605,0.11850102869669596,0.65,3.116544945873322,0.0,-8.52999999999996,-5.413455054126638,0.0
580,342707,0.05,-228.1713409423828,0,0,0,0,0.12955465587044535,2.4400000000000017,0.4493147978215631,1432,600,1329,-35.99999999999985,0.0,0.0,-1329.0,2.4400000000000017,2.4400000000000017,-0.11572391255696618,0.15000000000000002,0.6605907671526072,0.0,-7.159999999999944,-6.499409232847337,0.0
581,343307,0.05,-66.12259674072266,1,1,0,0,0.21963562753036436,4.219999999999998,0.49765567900355867,1852,600,367,-35.99999999999985,10.0,0.0,-367.0,4.219999999999998,4.219999999999998,-0.09962317657470712,0.3,1.1053580955415963,0.0,-9.259999999999977,-8.15464190445838,0.0
582,343907,0.05,-4.866151332855225,2,2,0,0,0.24190283400809717,4.659999999999992,0.43291774883475437,1687,600,12,-35.99999999999985,20.0,0.0,-12.0,4.659999999999992,4.659999999999992,0.3356802342732745,0.9500000000000003,1.2925414997711773,0.0,-8.434999999999963,-7.142458500228786,0.0
583,344242,0.05,-4.394501209259033,4,4,0,0,0.3734817813765182,7.25999999999997,0.24672956618533093,813,335,52,-20.099999999999955,40.0,0.0,-52.0,7.25999999999997,7.25999999999997,0.513462860107422,0.3,1.724569503888488,0.0,-4.064999999999988,-2.3404304961115,0.0
584,344842,0.05,-139.88555908203125,3,3,0,0,0.2935222672064777,5.679999999999973,0.41948191156860654,1604,600,833,-35.99999999999985,30.0,0.0,-833.0,5.679999999999973,5.679999999999973,0.5502087554931643,0.6,0.8780912892892957,0.0,-8.019999999999948,-7.141908710710652,0.0
585,345442,0.05,-3.08896541595459,3,3,0,0,0.3481781376518219,6.759999999999958,0.42169687353688157,1754,600,13,-35.99999999999985,30.0,0.0,-13.0,6.759999999999958,6.759999999999958,0.40390389760335266,0.39999999999999997,1.6724116390943526,0.0,-8.769999999999968,-7.097588360905615,0.0
586,345869,0.05,-7.630266189575195,4,4,0,0,0.26720647773279355,5.15999999999998,0.3954372034165347,1101,427,62,-25.619999999999838,40.0,0.0,-62.0,5.15999999999998,5.15999999999998,0.6324818369547524,0.7500000000000001,0.8009235212579368,0.0,-5.504999999999978,-4.704076478742041,0.0
587,346469,0.05,-251.3484344482422,2,2,0,0,0.201417004048583,3.860000000000003,0.46641288101544587,1433,600,1490,-35.99999999999985,20.0,0.0,-1490.0,3.860000000000003,3.860000000000003,0.2615777435302734,0.5499999999999999,0.40538831938058145,0.0,-7.164999999999945,-6.759611680619363,0.0
588,347069,0.05,-2.4145236015319824,3,3,0,0,0.3491902834008097,6.779999999999956,0.4244338239054681,1775,600,9,-35.99999999999985,30.0,0.0,-9.0,6.779999999999956,6.779999999999956,0.5281797943115234,0.25,1.8298692128062242,0.0,-8.874999999999972,-7.045130787193747,0.0
589,347669,0.05,-20.156660079956055,3,3,0,0,0.2560728744939271,4.939999999999989,0.40764805167024154,1653,600,115,-35.99999999999985,30.0,0.0,-115.0,4.939999999999989,4.939999999999989,0.6661284383138021,0.39999999999999997,2.319157374305653,0.0,-8.264999999999954,-5.9458426256943016,0.0
590,348029,0.05,-57.55784225463867,4,4,0,0,0.2165991902834008,4.160000000000001,0.356621154178841,1032,360,365,-21.599999999999923,40.0,0.0,-365.0,4.160000000000001,4.160000000000001,0.6345956306457519,0.49999999999999994,1.1186041662096975,0.0,-5.1599999999999815,-4.041395833790284,0.0
591,348629,0.05,-73.19268798828125,1,1,0,0,0.24696356275303644,4.759999999999987,0.42420796384791576,1807,600,411,-35.99999999999985,10.0,0.0,-411.0,4.759999999999987,4.759999999999987,0.007834290822346976,0.1,2.0128687222301958,0.0,-9.034999999999968,-7.022131277769772,0.0
592,349229,0.05,-40.80565643310547,2,2,0,0,0.23987854251012145,4.619999999999991,0.4435117008094879,1560,600,227,-35.99999999999985,20.0,0.0,-227.0,4.619999999999991,4.619999999999991,0.1749405212402344,0.05,1.1207964181713759,0.0,-7.7999999999999465,-6.67920358182857,0.0
593,349829,0.05,-222.9580535888672,0,0,0,0,0.27125506072874495,5.239999999999987,0.4703315564673782,1497,600,1302,-35.99999999999985,0.0,0.0,-1302.0,5.239999999999987,5.239999999999987,0.21314291381835934,1.4000000000000008,0.8860506105422972,0.0,-7.48499999999995,-6.598949389457653,0.0
594,350429,0.05,-7.684157848358154,3,3,0,0,0.39979757085020245,7.7799999999999505,0.30199826927811957,1453,600,44,-35.99999999999985,30.0,0.0,-44.0,7.7799999999999505,7.7799999999999505,0.7477334785461427,0.49999999999999994,2.132356900528538,0.0,-7.264999999999954,-5.132643099471416,0.0
595,351029,0.05,-12.006739616394043,3,3,0,0,0.4534412955465587,8.83999999999993,0.23358052137581883,1603,600,73,-35.99999999999985,30.0,0.0,-73.0,8.83999999999993,8.83999999999993,0.5664910214742026,0.7500000000000001,4.818187210634348,0.0,-8.01499999999996,-3.1968127893656115,0.0
596,351629,0.05,-202.7873992919922,3,3,0,0,0.33805668016194335,6.5599999999999605,0.31629902877631444,1260,600,1215,-35.99999999999985,30.0,0.0,-1215.0,6.5599999999999605,6.5599999999999605,0.5772717908223467,0.9500000000000003,2.490516997911036,0.0,-6.299999999999952,-3.809483002088916,0.0
597,352152,0.05,-49.28898239135742,4,4,0,0,0.4109311740890688,7.999999999999954,0.25764911026921333,1465,523,309,-31.379999999999715,40.0,0.0,-309.0,7.999999999999954,7.999999999999954,0.7819660046895347,0.5499999999999999,2.639390696017073,0.0,-7.324999999999962,-4.685609303982889,0.0
598,352752,0.05,-5.800626277923584,3,3,0,0,0.4797570850202429,9.359999999999934,0.2619448199097032,1564,600,35,-35.99999999999985,30.0,0.0,-35.0,9.359999999999934,9.359999999999934,0.7585119641621912,0.9500000000000003,2.94778179919347,0.0,-7.81999999999995,-4.872218200806479,0.0
599,353352,0.05,-128.031494140625,2,2,0,0,0.3815789473684211,7.419999999999956,0.29779863722667665,1705,600,755,-35.99999999999985,20.0,0.0,-755.0,7.419999999999956,7.419999999999956,0.3343795115152994,0.7000000000000001,2.8830500579997898,0.0,-8.524999999999947,-5.641949942000157,0.0
600,353952,0.05,-102.61077880859375,1,1,0,0,0.3248987854251012,6.29999999999996,0.3064206781135565,1541,600,591,-35.99999999999985,10.0,0.0,-591.0,6.29999999999996,6.29999999999996,0.17596905771891316,0.6,1.965131978255231,0.0,-7.704999999999952,-5.739868021744721,0.0
601,354552,0.05,-6.379160404205322,1,1,0,0,0.3259109311740891,6.3199999999999665,0.24852567104815942,1704,600,15,-35.99999999999985,10.0,0.0,-15.0,6.3199999999999665,6.3199999999999665,0.23984740829467777,0.25,4.43530593562871,0.0,-8.519999999999971,-4.084694064371261,0.0
602,355101,0.05,-62.12074661254883,4,4,0,0,0.3977732793522267,7.739999999999946,0.24169590122558007,1286,549,386,-32.939999999999735,40.0,0.0,-386.0,7.739999999999946,7.739999999999946,0.3558108914693195,0.7500000000000001,3.7998216844769193,0.0,-6.429999999999947,-2.630178315523028,0.0
603,355701,0.05,-72.9802474975586,2,2,0,0,0.4058704453441296,7.899999999999959,0.29066608742441735,1729,600,425,-35.99999999999985,20.0,0.0,-425.0,7.899999999999959,7.899999999999959,0.21463220214843767,0.35,3.3002787764556683,0.0,-8.644999999999964,-5.344721223544296,0.0
604,356301,0.05,-252.094970703125,2,2,0,0,0.347165991902834,6.739999999999958,0.3238021722272,1410,600,1500,-35.99999999999985,20.0,0.0,-1500.0,6.739999999999958,6.739999999999958,0.4202845573425284,0.5499999999999999,2.7739797690650447,0.0,-7.049999999999941,-4.276020230934897,0.0
605,356901,0.05,-108.76046752929688,3,3,0,0,0.38360323886639675,7.459999999999948,0.31479274647400923,1573,600,649,-35.99999999999985,30.0,0.0,-649.0,7.459999999999948,7.459999999999948,0.292512545267741,0.2,2.3506150174140945,0.0,-7.864999999999954,-5.5143849825858595,0.0
606,357501,0.05,-117.9571762084961,1,1,0,0,0.43623481781376516,8.499999999999945,0.23230500133307136,1482,600,687,-35.99999999999985,10.0,0.0,-687.0,8.499999999999945,8.499999999999945,0.29118965657552054,0.8000000000000002,3.0757591848727306,0.0,-7.409999999999928,-4.334240815127197,0.0
607,358101,0.05,-0.7229321599006653,3,3,0,0,0.4018218623481781,7.839999999999954,0.30337430736835813,1617,600,2,-35.99999999999985,30.0,0.0,-2.0,7.839999999999954,7.839999999999954,0.21528920873006183,0.8500000000000002,2.842223632447423,0.0,-8.084999999999958,-5.242776367552535,0.0
608,358701,0.05,-243.58740234375,1,1,0,0,0.3117408906882591,6.039999999999968,0.36800600783496823,1521,600,1436,-35.99999999999985,10.0,0.0,-1436.0,6.039999999999968,6.039999999999968,0.05270925903320309,0.25,1.7419721395522363,0.0,-7.604999999999947,-5.863027860447711,0.0
609,359301,0.05,-37.10341262817383,2,2,0,0,0.4645748987854251,9.059999999999949,0.2993232357856727,1470,600,212,-35.99999999999985,20.0,0.0,-212.0,9.059999999999949,9.059999999999949,0.2711251932779948,0.5499999999999999,2.8484794550389063,0.0,-7.349999999999947,-4.501520544961041,0.0
610,359901,0.05,-151.5731964111328,1,1,0,0,0.3410931174089069,6.619999999999963,0.3449425047738704,1706,600,884,-35.99999999999985,10.0,0.0,-884.0,6.619999999999963,6.619999999999963,-0.008636116027831995,0.5499999999999999,1.9308449202217155,0.0,-8.52999999999995,-6.599155079778234,0.0
611,360501,0.05,-108.446533203125,2,2,0,0,0.22773279352226722,4.3799999999999955,0.3684679745670292,1547,600,634,-35.99999999999985,20.0,0.0,-634.0,4.3799999999999955,4.3799999999999955,0.10853970845540381,0.7500000000000001,1.8177814865112303,0.0,-7.734999999999938,-5.917218513488708,0.0
612,361101,0.05,-6.474756717681885,0,0,0,0,0.28846153846153844,5.579999999999976,0.35336382188578785,1658,600,2,-35.99999999999985,0.0,0.0,-2.0,5.579999999999976,5.579999999999976,-0.02471201578776042,0.35,1.5362666910281404,0.0,-8.289999999999955,-6.753733308971814,0.0
613,361701,0.05,-250.2584228515625,1,1,0,0,0.16902834008097167,3.2200000000000024,0.40297725015951275,1737,600,1471,-35.99999999999985,10.0,0.0,-1471.0,3.2200000000000024,3.2200000000000024,-0.016310671488444044,0.05,0.8866508679650724,0.0,-8.684999999999919,-7.798349132034846,0.0
614,362301,0.05,-246.0376434326172,1,1,0,0,0.2479757085020243,4.779999999999989,0.40063220179396414,1478,600,1449,-35.99999999999985,10.0,0.0,-1449.0,4.779999999999989,4.779999999999989,0.09871004231770839,0.15000000000000002,1.1388719528540971,0.0,-7.389999999999936,-6.251128047145839,0.0
615,362901,0.05,-84.65398406982422,1,1,0,0,0.2651821862348178,5.119999999999983,0.39872303952265714,1747,600,480,-35.99999999999985,10.0,0.0,-480.0,5.119999999999983,5.119999999999983,0.18148460896809898,0.3,1.2100908932089807,0.0,-8.734999999999953,-7.524909106790973,0.0
616,363501,0.05,-41.73214340209961,0,0,0,0,0.3168016194331984,6.139999999999969,0.37761126616933327,1740,600,215,-35.99999999999985,0.0,0.0,-215.0,6.139999999999969,6.139999999999969,0.19625070699056033,0.7500000000000001,2.220896518416703,0.0,-8.699999999999969,-6.479103481583266,0.0
617,364101,0.05,-8.797625541687012,1,1,0,0,0.1882591093117409,3.6000000000000023,0.4537944389399733,1537,600,24,-35.99999999999985,10.0,0.0,-24.0,3.6000000000000023,3.6000000000000023,0.12515381622314456,0.2,0.974298551604152,0.0,-7.684999999999943,-6.710701448395791,0.0
618,364701,0.05,-61.349853515625,3,3,0,0,0.3815789473684211,7.41999999999996,0.3425724698835337,1720,600,364,-35.99999999999985,30.0,0.0,-364.0,7.41999999999996,7.41999999999996,0.2087212880452474,0.6,2.2720622071344407,0.0,-8.599999999999966,-6.327937792865525,0.0
619,365301,0.05,-116.3779296875,2,2,0,0,0.31983805668016196,6.199999999999971,0.37743125523560994,1450,600,683,-35.99999999999985,20.0,0.0,-683.0,6.199999999999971,6.199999999999971,0.2204567489624024,0.39999999999999997,1.1632536288723347,0.0,-7.249999999999945,-6.08674637112761,0.0
620,365694,0.05,-14.871344566345215,4,4,0,0,0.3168016194331984,6.13999999999998,0.3241157106004166,1127,393,110,-23.57999999999988,40.0,0.0,-110.0,6.13999999999998,6.13999999999998,0.6667563781738283,0.8000000000000002,2.3801597030460835,0.0,-5.634999999999975,-3.2548402969538914,0.0
621,366294,0.05,-185.0213165283203,1,1,0,0,0.37550607287449395,7.299999999999952,0.3358283273677565,1567,600,1086,-35.99999999999985,10.0,0.0,-1086.0,7.299999999999952,7.299999999999952,0.009126098632812421,0.7500000000000001,1.649711540155113,0.0,-7.834999999999937,-6.1852884598448234,0.0
622,366894,0.05,-174.49688720703125,1,1,0,0,0.28441295546558704,5.4999999999999805,0.2856921727487578,1640,600,1021,-35.99999999999985,10.0,0.0,-1021.0,5.4999999999999805,5.4999999999999805,0.3505628242492677,0.25,2.1215202517434952,0.0,-8.199999999999926,-6.078479748256431,0.0
623,367494,0.05,-105.4939956665039,2,2,0,0,0.3775303643724696,7.339999999999959,0.28179100329156626,1414,600,621,-35.99999999999985,20.0,0.0,-621.0,7.339999999999959,7.339999999999959,0.21841899871826184,0.65,2.8991976604191585,0.0,-7.069999999999955,-4.1708023395807965,0.0
624,368094,0.05,-162.04661560058594,2,2,0,0,0.18522267206477733,3.5400000000000023,0.465470797295978,1491,600,954,-35.99999999999985,20.0,0.0,-954.0,3.5400000000000023,3.5400000000000023,0.4620487353006998,0.65,0.5249522727727891,0.0,-7.454999999999935,-6.930047727227146,0.0
625,368694,0.05,-138.67816162109375,1,1,0,0,0.2742914979757085,5.299999999999982,0.30038291210934,1849,600,804,-35.99999999999985,10.0,0.0,-804.0,5.299999999999982,5.299999999999982,0.166641362508138,0.2,1.512118350919336,0.0,-9.244999999999969,-7.732881649080633,0.0
626,369294,0.05,-234.03192138671875,2,2,0,0,0.31983805668016196,6.199999999999973,0.34853501027918055,1477,600,1389,-35.99999999999985,20.0,0.0,-1389.0,6.199999999999973,6.199999999999973,0.33770721435546863,0.35,1.3072176627069712,0.0,-7.384999999999933,-6.0777823372929625,0.0
627,369894,0.05,-62.60990905761719,1,1,0,0,0.4493927125506073,8.759999999999938,0.30207282459670554,1526,600,354,-35.99999999999985,10.0,0.0,-354.0,8.759999999999938,8.759999999999938,0.002320101420084584,0.25,2.958538241805509,0.0,-7.62999999999995,-4.671461758194441,0.0
628,370494,0.05,-145.6566619873047,2,2,0,0,0.4058704453441296,7.899999999999943,0.32373849824513146,1771,600,862,-35.99999999999985,20.0,0.0,-862.0,7.899999999999943,7.899999999999943,0.49198496500651046,1.2000000000000004,3.324305499438197,0.0,-8.854999999999965,-5.5306945005617685,0.0
629,370716,0.05,4.951642990112305,4,4,0,0,0.2651821862348178,5.119999999999992,0.23034064699605514,729,222,1,-13.320000000000022,40.0,0.0,-1.0,5.119999999999992,5.119999999999992,0.48575748570760124,0.5499999999999999,1.5190931993164123,0.0,-3.644999999999993,-2.1259068006835804,0.0
630,371316,0.05,-46.00767517089844,3,3,0,0,0.3562753036437247,6.93999999999996,0.30196565601728154,1515,600,273,-35.99999999999985,30.0,0.0,-273.0,6.93999999999996,6.93999999999996,0.5040813547770184,0.6,2.484848849158733,0.0,-7.574999999999942,-5.0901511508412085,0.0
631,371916,0.05,-186.20849609375,1,1,0,0,0.298582995951417,5.779999999999972,0.3868668097924011,1518,600,1091,-35.99999999999985,10.0,0.0,-1091.0,5.779999999999972,5.779999999999972,-0.0005333429972330973,0.44999999999999996,1.1127507410198452,0.0,-7.589999999999941,-6.4772492589800965,0.0
632,372516,0.05,-215.01708984375,2,2,0,0,0.15384615384615385,2.920000000000002,0.42126332158931795,1344,600,1271,-35.99999999999985,20.0,0.0,-1271.0,2.920000000000002,2.920000000000002,-0.06305392074584963,0.05,0.7121365619078277,0.0,-6.719999999999949,-6.007863438092121,0.0
633,373116,0.05,-136.86524963378906,0,0,0,0,0.22267206477732793,4.279999999999998,0.4273606771970582,1497,600,783,-35.99999999999985,0.0,0.0,-783.0,4.279999999999998,4.279999999999998,0.07392479960123689,0.5499999999999999,0.39006400376558303,0.0,-7.484999999999934,-7.094935996234351,0.0
634,373716,0.05,-171.97206115722656,1,1,0,0,0.18319838056680163,3.500000000000002,0.36206589416380863,1121,600,1005,-35.99999999999985,10.0,0.0,-1005.0,3.500000000000002,3.500000000000002,0.09745346959431996,0.25,0.9267833788320419,0.0,-5.6049999999999525,-4.678216621167911,0.0
635,374316,0.05,-89.72472381591797,1,1,0,0,0.15890688259109312,3.020000000000002,0.45395544894595835,1512,600,509,-35.99999999999985,10.0,0.0,-509.0,3.020000000000002,3.020000000000002,0.33048851903279647,0.25,0.6134242106974125,0.0,-7.559999999999944,-6.946575789302531,0.0
636,374916,0.05,-291.1055603027344,0,0,0,0,0.0860323886639676,1.580000000000001,0.4485712796606822,1347,600,1706,-35.99999999999985,0.0,0.0,-1706.0,1.580000000000001,1.580000000000001,0.02527978515624999,0.0,0.5021271357173099,0.0,-6.734999999999943,-6.2328728642826325,0.0
637,375516,0.05,-244.3863983154297,3,3,0,0,0.2236842105263158,4.299999999999996,0.40145893453080334,2023,600,1456,-35.99999999999985,30.0,0.0,-1456.0,4.299999999999996,4.299999999999996,0.019012411753336508,0.25,1.2342235790379343,0.0,-10.114999999999965,-8.88077642096203,0.0
638,376116,0.05,-135.61061096191406,0,0,0,0,0.12753036437246965,2.4000000000000017,0.47871616733342914,1523,600,773,-35.99999999999985,0.0,0.0,-773.0,2.4000000000000017,2.4000000000000017,-0.005547932942708332,0.1,0.4589243730157614,0.0,-7.614999999999938,-7.156075626984177,0.0
639,376716,0.05,-108.8551254272461,1,1,0,0,0.1720647773279352,3.2800000000000025,0.5256338950959778,1698,600,623,-35.99999999999985,10.0,0.0,-623.0,3.2800000000000025,3.2800000000000025,0.10606824239095058,0.5499999999999999,0.42387293860316283,0.0,-8.48999999999995,-8.066127061396788,0.0
640,377316,0.05,-102.9820785522461,2,2,0,0,0.1680161943319838,3.2000000000000024,0.4672627745002117,1421,600,599,-35.99999999999985,20.0,0.0,-599.0,3.2000000000000024,3.2000000000000024,-0.06130586115519191,0.15000000000000002,0.9263489322736859,0.0,-7.10499999999994,-6.178651067726254,0.0
641,377916,0.05,-72.5627212524414,1,1,0,0,0.23785425101214575,4.579999999999995,0.4750292742618655,1559,600,407,-35.99999999999985,10.0,0.0,-407.0,4.579999999999995,4.579999999999995,0.07537807337443035,0.35,0.41367196150124075,0.0,-7.7949999999999475,-7.381328038498706,0.0
642,378516,0.05,-172.59466552734375,2,2,0,0,0.17813765182186234,3.400000000000002,0.40593099565309887,1542,600,1016,-35.99999999999985,20.0,0.0,-1016.0,3.400000000000002,3.400000000000002,0.13043732961018886,0.0,0.6149596573831513,0.0,-7.709999999999939,-7.095040342616787,0.0
643,379116,0.05,-190.9874725341797,0,0,0,0,0.19331983805668015,3.700000000000003,0.4422852631240433,1660,600,1107,-35.99999999999985,0.0,0.0,-1107.0,3.700000000000003,3.700000000000003,-0.04075145975748697,0.6,1.1208812758326534,0.0,-8.299999999999946,-7.179118724167292,0.0
644,379716,0.05,-108.2381591796875,1,1,0,0,0.21761133603238866,4.179999999999999,0.42523556202490814,1623,600,621,-35.99999999999985,10.0,0.0,-621.0,4.179999999999999,4.179999999999999,0.012299039204915388,0.25,1.2448322820011526,0.0,-8.11499999999995,-6.870167717998798,0.0
645,380316,0.05,-148.5650634765625,1,1,0,0,0.33805668016194335,6.559999999999959,0.3354734306800189,1466,600,868,-35.99999999999985,10.0,0.0,-868.0,6.559999999999959,6.559999999999959,0.335024358113607,0.7000000000000001,2.345033332854507,0.0,-7.329999999999946,-4.984966667145439,0.0
646,380741,0.05,-34.98027420043945,4,4,0,0,0.39878542510121456,7.759999999999959,0.26080088687965336,1133,425,230,-25.49999999999984,40.0,0.0,-230.0,7.759999999999959,7.759999999999959,0.7848938407897947,0.65,2.0884859363548456,0.0,-5.66499999999998,-3.576514063645134,0.0
647,381341,0.05,-123.0767822265625,0,0,0,0,0.3856275303643725,7.4999999999999565,0.36622635480414223,1600,600,704,-35.99999999999985,0.0,0.0,-704.0,7.4999999999999565,7.4999999999999565,-0.1443430582682291,0.7500000000000001,1.434722153657349,0.0,-7.999999999999938,-6.565277846342589,0.0
648,381941,0.05,-10.258606910705566,3,3,0,0,0.4564777327935223,8.899999999999942,0.31127642071655526,1636,600,60,-35.99999999999985,30.0,0.0,-60.0,8.899999999999942,8.899999999999942,0.43917554219563815,0.49999999999999994,2.7892777745984487,0.0,-8.17999999999995,-5.390722225401501,0.0
649,382541,0.05,-143.8673553466797,3,3,0,0,0.2682186234817814,5.179999999999982,0.415654444338854,1505,600,856,-35.99999999999985,30.0,0.0,-856.0,5.179999999999982,5.179999999999982,0.28454186121622704,0.2,0.6569025331037122,0.0,-7.524999999999944,-6.8680974668962325,0.0
650,383141,0.05,-111.5137939453125,2,2,0,0,0.30465587044534415,5.899999999999965,0.39837247189141634,1653,600,653,-35.99999999999985,20.0,0.0,-653.0,5.899999999999965,5.899999999999965,0.4104904390970864,0.44999999999999996,1.4225707944855102,0.0,-8.264999999999938,-6.842429205514428,0.0
651,383741,0.05,-47.918975830078125,1,1,0,0,0.3350202429149798,6.499999999999964,0.33493619424151905,1786,600,263,-35.99999999999985,10.0,0.0,-263.0,6.499999999999964,6.499999999999964,0.02191882451375313,0.9000000000000002,2.9942068684101093,0.0,-8.929999999999964,-5.935793131589855,0.0
652,384341,0.05,-193.8955841064453,3,3,0,0,0.2550607287449393,4.919999999999986,0.3611348465322468,1736,600,1156,-35.99999999999985,30.0,0.0,-1156.0,4.919999999999986,4.919999999999986,0.5460524241129555,0.65,1.1946440053358671,0.0,-8.679999999999932,-7.485355994664065,0.0
653,384941,0.05,-146.7376251220703,2,2,0,0,0.28036437246963564,5.419999999999977,0.41398823821390884,1711,600,864,-35.99999999999985,20.0,0.0,-864.0,5.419999999999977,5.419999999999977,0.7092774988810224,0.35,1.6507837870437658,0.0,-8.554999999999952,-6.904216212956186,0.0
654,385541,0.05,-161.70066833496094,2,2,0,0,0.2722672064777328,5.25999999999998,0.4154902668613633,1930,600,952,-35.99999999999985,20.0,0.0,-952.0,5.25999999999998,5.25999999999998,0.2520464223225914,0.49999999999999994,1.4367172904312617,0.0,-9.64999999999997,-8.213282709568709,0.0
655,386141,0.05,-111.6525650024414,0,0,0,0,0.23380566801619435,4.499999999999993,0.47623905968163155,1861,600,631,-35.99999999999985,0.0,0.0,-631.0,4.499999999999993,4.499999999999993,0.1384988505045574,0.39999999999999997,1.3538507752586149,0.0,-9.304999999999959,-7.951149224741344,0.0
656,386429,0.05,-40.87342834472656,4,4,0,0,0.18927125506072875,3.6200000000000028,0.35655241579023045,733,288,270,-17.280000000000015,40.0,0.0,-270.0,3.6200000000000028,3.6200000000000028,0.9871442019144694,0.44999999999999996,0.6472217823565007,0.0,-3.6649999999999885,-3.017778217643488,0.0
657,387029,0.05,-118.9914779663086,0,0,0,0,0.23481781376518218,4.5199999999999925,0.39468960296498456,1593,600,676,-35.99999999999985,0.0,0.0,-676.0,4.5199999999999925,4.5199999999999925,-0.1256167577107747,0.25,1.3730664905905718,0.0,-7.9649999999999554,-6.591933509409383,0.0
658,387629,0.05,-84.3231430053711,2,2,0,0,0.3623481781376518,7.039999999999957,0.3498667752790384,1537,600,492,-35.99999999999985,20.0,0.0,-492.0,7.039999999999957,7.039999999999957,0.027507647196451906,0.6,2.0788338482379918,0.0,-7.684999999999951,-5.606166151761959,0.0
659,387932,0.05,1.6279276609420776,4,4,0,0,0.2388663967611336,4.599999999999993,0.3588977818850149,806,303,14,-18.179999999999996,40.0,0.0,-14.0,4.599999999999993,4.599999999999993,0.5049570655822753,0.25,0.6226764967292547,0.0,-4.029999999999991,-3.4073235032707365,0.0
660,388532,0.05,-146.68650817871094,1,1,0,0,0.3248987854251012,6.29999999999997,0.3368165355011661,1913,600,853,-35.99999999999985,10.0,0.0,-853.0,6.29999999999997,6.29999999999997,0.2453193639119466,0.7000000000000001,1.2029201941564673,0.0,-9.564999999999959,-8.362079805843491,0.0
661,389132,0.05,-84.35041046142578,2,2,0,0,0.22672064777327935,4.359999999999996,0.3475972740454017,1568,600,488,-35.99999999999985,20.0,0.0,-488.0,4.359999999999996,4.359999999999996,0.029930372873942006,0.2,1.1487045236304398,0.0,-7.839999999999938,-6.691295476369498,0.0
662,389732,0.05,-122.93773651123047,3,3,0,0,0.32894736842105265,6.379999999999964,0.34801266244313517,1694,600,732,-35.99999999999985,30.0,0.0,-732.0,6.379999999999964,6.379999999999964,0.5139894282023117,0.49999999999999994,1.4509397383220501,0.0,-8.469999999999947,-7.019060261677897,0.0
663,390332,0.05,-146.8831329345703,0,0,0,0,0.19433198380566802,3.720000000000003,0.36019176457498464,1793,600,842,-35.99999999999985,0.0,0.0,-842.0,3.720000000000003,3.720000000000003,-0.013440612792968761,0.9000000000000002,1.0632512924820183,0.0,-8.964999999999943,-7.901748707517925,0.0
664,390932,0.05,-36.728939056396484,1,1,0,0,0.3410931174089069,6.619999999999964,0.3641590781539223,1567,600,195,-35.99999999999985,10.0,0.0,-195.0,6.619999999999964,6.619999999999964,0.14527688598632826,0.6,1.0961842358484863,0.0,-7.8349999999999556,-6.738815764151469,0.0
665,391532,0.05,-121.41536712646484,1,1,0,0,0.32186234817813764,6.239999999999967,0.34985416952167725,1889,600,701,-35.99999999999985,10.0,0.0,-701.0,6.239999999999967,6.239999999999967,0.20161287943522135,0.39999999999999997,1.1139507155120374,0.0,-9.444999999999968,-8.33104928448793,0.0
666,392132,0.05,-84.5811996459961,1,1,0,0,0.242914979757085,4.679999999999991,0.38779383989857813,1353,600,481,-35.99999999999985,10.0,0.0,-481.0,4.679999999999991,4.679999999999991,0.21034039815266925,0.39999999999999997,0.9881719058286402,0.0,-6.764999999999945,-5.776828094171305,0.0
667,392732,0.05,-105.64635467529297,1,1,0,0,0.2823886639676113,5.4599999999999795,0.3093519712318933,1766,600,608,-35.99999999999985,10.0,0.0,-608.0,5.4599999999999795,5.4599999999999795,0.1248330866495768,0.25,3.1196659037657075,0.0,-8.829999999999952,-5.710334096234245,0.0
668,393332,0.05,-225.29322814941406,1,1,0,0,0.2631578947368421,5.079999999999982,0.3813375868047216,1710,600,1325,-35.99999999999985,10.0,0.0,-1325.0,5.079999999999982,5.079999999999982,-0.08306492360432947,0.39999999999999997,2.3962278310954583,0.0,-8.549999999999947,-6.153772168904489,0.0
669,393932,0.05,-56.96799087524414,2,2,0,0,0.22672064777327935,4.359999999999995,0.4036835946463382,1543,600,325,-35.99999999999985,20.0,0.0,-325.0,4.359999999999995,4.359999999999995,0.17509756978352864,0.3,2.0726601502345874,0.0,-7.714999999999943,-5.642339849765356,0.0
670,394532,0.05,-157.11228942871094,1,1,0,0,0.14068825910931174,2.660000000000002,0.49232892921685156,1758,600,911,-35.99999999999985,10.0,0.0,-911.0,2.660000000000002,2.660000000000002,-0.2017260093688966,0.15000000000000002,0.5108448765054344,0.0,-8.789999999999951,-8.279155123494517,0.0
671,395132,0.05,-212.4203338623047,1,1,0,0,0.19230769230769232,3.700000000000003,0.46742066969076407,1797,600,1244,-35.99999999999985,10.0,0.0,-1244.0,3.700000000000003,3.700000000000003,0.16481251525878904,0.15000000000000002,0.4524243646860123,0.0,-8.984999999999966,-8.532575635313954,0.0
672,395732,0.05,-171.72857666015625,1,1,0,0,0.12348178137651822,2.3200000000000016,0.4259754783932698,1839,600,998,-35.99999999999985,10.0,0.0,-998.0,2.3200000000000016,2.3200000000000016,0.14006372578938792,0.1,0.2670901519060135,0.0,-9.194999999999967,-8.927909848093954,0.0
673,396332,0.05,-95.813232421875,0,0,0,0,0.15991902834008098,3.0400000000000023,0.46330050758703795,1591,600,535,-35.99999999999985,0.0,0.0,-535.0,3.0400000000000023,3.0400000000000023,-0.19028376261393248,0.7000000000000001,0.5287190533429384,0.0,-7.954999999999943,-7.4262809466570046,0.0
674,396932,0.05,-41.304019927978516,1,1,0,0,0.11234817813765183,2.100000000000001,0.5419802787857528,1578,600,217,-35.99999999999985,10.0,0.0,-217.0,2.100000000000001,2.100000000000001,0.049016866048177093,0.3,0.6160160670429466,0.0,-7.889999999999956,-7.27398393295701,0.0
675,397532,0.05,-188.01905822753906,2,2,0,0,0.10425101214574899,1.9400000000000013,0.4872649079017275,1784,600,1106,-35.99999999999985,20.0,0.0,-1106.0,1.9400000000000013,1.9400000000000013,0.10757330576578783,0.05,0.7121176921343433,0.0,-8.919999999999952,-8.207882307865608,0.0
676,398132,0.05,-306.252197265625,0,0,0,0,0.1659919028340081,3.1600000000000024,0.40070025162201395,1319,600,1799,-35.99999999999985,0.0,0.0,-1799.0,3.1600000000000024,3.1600000000000024,0.01833906046549476,0.25,0.6579074996709825,0.0,-6.594999999999936,-5.937092500328953,0.0
677,398732,0.05,-260.2216796875,0,0,0,0,0.13663967611336034,2.580000000000002,0.39283891098733875,1728,600,1521,-35.99999999999985,0.0,0.0,-1521.0,2.580000000000002,2.580000000000002,0.04533119710286458,0.05,1.6382159002125265,0.0,-8.639999999999956,-7.00178409978743,0.0
678,399332,0.05,-34.34944152832031,2,2,0,0,0.2773279352226721,5.359999999999986,0.41928208326599103,1561,600,189,-35.99999999999985,20.0,0.0,-189.0,5.359999999999986,5.359999999999986,0.4096159311930341,0.35,0.5886884104460478,0.0,-7.804999999999941,-7.216311589553893,0.0
679,399932,0.05,-96.2049331665039,2,2,0,0,0.2631578947368421,5.0799999999999805,0.39670834452298653,1589,600,561,-35.99999999999985,20.0,0.0,-561.0,5.0799999999999805,5.0799999999999805,0.3232843666076665,0.7500000000000001,1.5624531110655515,0.0,-7.94499999999994,-6.382546888934389,0.0
