stage,stage_index,global_step,episode,n_agents,width,height,n_targets,n_obstacles,mean_episode_reward,food_discovered,food_picked_up,food_retrieved,exploration_coverage,pheromone_usage,pheromone_deposit_events,food_source_respawns,food_units_remaining,episode_length,first_pickup_step,first_delivery_step,pickup_to_delivery_latency,swarm_efficiency
stage1a_single_agent_tiny,1,106,1,1,50,50,1,0,126.93701934814453,4.0,4.0,4.0,0.4444444444444444,0.0,0,0,0,106,91,91,0,0.03773584905660377
stage1a_single_agent_tiny,1,123,2,1,50,50,1,0,147.275634765625,4.0,4.0,4.0,0.2222222222222222,0.0,0,0,0,17,14,14,0,0.23529411764705882
stage1a_single_agent_tiny,1,212,3,1,50,50,1,0,137.532470703125,4.0,4.0,4.0,0.4444444444444444,0.0,0,0,0,89,86,86,0,0.0449438202247191
stage1a_single_agent_tiny,1,216,4,1,50,50,1,0,148.94000244140625,4.0,4.0,4.0,0.1111111111111111,0.0,0,0,0,4,1,1,0,1.0
stage1a_single_agent_tiny,1,249,5,1,50,50,1,0,142.69769287109375,4.0,4.0,4.0,0.3333333333333333,0.0,0,0,0,33,25,25,0,0.12121212121212122
stage1a_single_agent_tiny,1,281,6,1,50,50,1,0,145.70486450195312,4.0,4.0,4.0,0.2222222222222222,0.0,0,0,0,32,29,29,0,0.125
stage1a_single_agent_tiny,1,314,7,1,50,50,1,0,144.3399200439453,4.0,4.0,4.0,0.3333333333333333,0.0,0,0,0,33,30,30,0,0.12121212121212122
stage1a_single_agent_tiny,1,412,8,1,50,50,1,0,128.54071044921875,4.0,4.0,4.0,0.4444444444444444,0.0,0,0,0,98,95,95,0,0.04081632653061224
stage1a_single_agent_tiny,1,525,9,1,50,50,1,0,122.04410552978516,4.0,4.0,4.0,0.4444444444444444,0.0,0,0,0,113,108,108,0,0.035398230088495575
stage1a_single_agent_tiny,1,645,10,1,50,50,1,0,52.382015228271484,2.0,2.0,2.0,0.4444444444444444,0.0,0,0,2,120,43,43,0,0.016666666666666666
stage1a_single_agent_tiny,1,689,11,1,50,50,1,0,145.68759155273438,4.0,4.0,4.0,0.3333333333333333,0.0,0,0,0,44,41,41,0,0.09090909090909091
stage1a_single_agent_tiny,1,809,12,1,50,50,1,0,-30.96917152404785,0.0,0.0,0.0,0.4444444444444444,0.0,0,0,4,120,-1,-1,-1,0.0
stage1a_single_agent_tiny,1,918,13,1,50,50,1,0,134.68821716308594,4.0,4.0,4.0,0.4444444444444444,0.0,0,0,0,109,105,105,0,0.03669724770642202
stage1a_single_agent_tiny,1,1038,14,1,50,50,1,0,20.3499813079834,1.0,1.0,1.0,0.4444444444444444,0.0,0,0,3,120,24,24,0,0.008333333333333333
stage1a_single_agent_tiny,1,1063,15,1,50,50,1,0,148.66000366210938,4.0,4.0,4.0,0.3333333333333333,0.0,0,0,0,25,22,22,0,0.16
stage1a_single_agent_tiny,1,1067,16,1,50,50,1,0,151.94998168945312,4.0,4.0,4.0,0.1111111111111111,0.0,0,0,0,4,1,1,0,1.0
stage1a_single_agent_tiny,1,1183,17,1,50,50,1,0,120.62547302246094,4.0,4.0,4.0,0.4444444444444444,0.0,0,0,0,116,52,52,0,0.034482758620689655
stage1a_single_agent_tiny,1,1303,18,1,50,50,1,0,-25.251245498657227,0.0,0.0,0.0,0.4444444444444444,0.0,0,0,4,120,-1,-1,-1,0.0
stage1a_single_agent_tiny,1,1423,19,1,50,50,1,0,-23.788227081298828,0.0,0.0,0.0,0.4444444444444444,0.0,0,0,4,120,-1,-1,-1,0.0
stage1a_single_agent_tiny,1,1481,20,1,50,50,1,0,139.32034301757812,4.0,4.0,4.0,0.3333333333333333,0.0,0,0,0,58,55,55,0,0.06896551724137931
stage1a_single_agent_tiny,1,1506,21,1,50,50,1,0,144.16574096679688,4.0,4.0,4.0,0.2222222222222222,0.0,0,0,0,25,19,19,0,0.16
stage1a_single_agent_tiny,1,1626,22,1,50,50,1,0,-31.156152725219727,0.0,0.0,0.0,0.3333333333333333,0.0,0,0,4,120,-1,-1,-1,0.0
stage1a_single_agent_tiny,1,1693,23,1,50,50,1,0,139.37356567382812,4.0,4.0,4.0,0.4444444444444444,0.0,0,0,0,67,64,64,0,0.05970149253731343
stage1a_single_agent_tiny,1,1697,24,1,50,50,1,0,150.439208984375,4.0,4.0,4.0,0.1111111111111111,0.0,0,0,0,4,1,1,0,1.0
stage1a_single_agent_tiny,1,1807,25,1,50,50,1,0,125.18733215332031,4.0,4.0,4.0,0.4444444444444444,0.0,0,0,0,110,52,52,0,0.03636363636363636
stage1a_single_agent_tiny,1,1811,26,1,50,50,1,0,150.44000244140625,4.0,4.0,4.0,0.1111111111111111,0.0,0,0,0,4,1,1,0,1.0
stage1a_single_agent_tiny,1,1931,27,1,50,50,1,0,84.4959487915039,3.0,3.0,3.0,0.4444444444444444,0.0,0,0,1,120,29,29,0,0.025
stage1a_single_agent_tiny,1,1986,28,1,50,50,1,0,137.86282348632812,4.0,4.0,4.0,0.3333333333333333,0.0,0,0,0,55,52,52,0,0.07272727272727272
stage1a_single_agent_tiny,1,2106,29,1,50,50,1,0,-27.085947036743164,0.0,0.0,0.0,0.4444444444444444,0.0,0,0,4,120,-1,-1,-1,0.0
stage1a_single_agent_tiny,1,2187,30,1,50,50,1,0,133.16554260253906,4.0,4.0,4.0,0.4444444444444444,0.0,0,0,0,81,77,77,0,0.04938271604938271
stage1a_single_agent_tiny,1,2307,31,1,50,50,1,0,-29.658206939697266,0.0,0.0,0.0,0.4444444444444444,0.0,0,0,4,120,-1,-1,-1,0.0
stage1a_single_agent_tiny,1,2388,32,1,50,50,1,0,132.99374389648438,4.0,4.0,4.0,0.4444444444444444,0.0,0,0,0,81,61,61,0,0.04938271604938271
stage1a_single_agent_tiny,1,2472,33,1,50,50,1,0,122.593505859375,4.0,4.0,4.0,0.4444444444444444,0.0,0,0,0,84,78,78,0,0.047619047619047616
stage1a_single_agent_tiny,1,2592,34,1,50,50,1,0,-22.610027313232422,0.0,0.0,0.0,0.3333333333333333,0.0,0,0,4,120,-1,-1,-1,0.0
stage1a_single_agent_tiny,1,2649,35,1,50,50,1,0,131.72357177734375,4.0,4.0,4.0,0.4444444444444444,0.0,0,0,0,57,54,54,0,0.07017543859649122
stage1a_single_agent_tiny,1,2769,36,1,50,50,1,0,50.445560455322266,2.0,2.0,2.0,0.4444444444444444,0.0,0,0,2,120,92,92,0,0.016666666666666666
stage1a_single_agent_tiny,1,2794,37,1,50,50,1,0,148.67803955078125,4.0,4.0,4.0,0.3333333333333333,0.0,0,0,0,25,22,22,0,0.16
stage1a_single_agent_tiny,1,2798,38,1,50,50,1,0,150.43922424316406,4.0,4.0,4.0,0.1111111111111111,0.0,0,0,0,4,1,1,0,1.0
stage1a_single_agent_tiny,1,2889,39,1,50,50,1,0,122.65132904052734,4.0,4.0,4.0,0.4444444444444444,0.0,0,0,0,91,88,88,0,0.04395604395604396
stage1a_single_agent_tiny,1,2979,40,1,50,50,1,0,136.0299072265625,4.0,4.0,4.0,0.4444444444444444,0.0,0,0,0,90,87,87,0,0.044444444444444446
stage1a_single_agent_tiny,1,3099,41,1,50,50,1,0,-28.151418685913086,0.0,0.0,0.0,0.4444444444444444,0.0,0,0,4,120,-1,-1,-1,0.0
stage1a_single_agent_tiny,1,3219,42,1,50,50,1,0,34.39716339111328,2.0,2.0,2.0,0.4444444444444444,0.0,0,0,2,120,93,93,0,0.016666666666666666
stage1a_single_agent_tiny,1,3339,43,1,50,50,1,0,8.54769515991211,1.0,1.0,1.0,0.4444444444444444,0.0,0,0,3,120,14,14,0,0.008333333333333333
stage1a_single_agent_tiny,1,3459,44,1,50,50,1,0,41.42783737182617,2.0,2.0,2.0,0.4444444444444444,0.0,0,0,2,120,109,109,0,0.016666666666666666
stage1a_single_agent_tiny,1,3494,45,1,50,50,1,0,144.1822052001953,4.0,4.0,4.0,0.3333333333333333,0.0,0,0,0,35,32,32,0,0.11428571428571428
stage1a_single_agent_tiny,1,3498,46,1,50,50,1,0,148.94000244140625,4.0,4.0,4.0,0.1111111111111111,0.0,0,0,0,4,1,1,0,1.0
stage1a_single_agent_tiny,1,3555,47,1,50,50,1,0,143.86605834960938,4.0,4.0,4.0,0.4444444444444444,0.0,0,0,0,57,54,54,0,0.07017543859649122
stage1a_single_agent_tiny,1,3675,48,1,50,50,1,0,-36.89107894897461,0.0,0.0,0.0,0.4444444444444444,0.0,0,0,4,120,-1,-1,-1,0.0
stage1a_single_agent_tiny,1,3795,49,1,50,50,1,0,85.84535217285156,3.0,3.0,3.0,0.4444444444444444,0.0,0,0,1,120,118,118,0,0.025
stage1a_single_agent_tiny,1,3860,50,1,50,50,1,0,132.0439910888672,4.0,4.0,4.0,0.3333333333333333,0.0,0,0,0,65,62,62,0,0.06153846153846154
stage1a_single_agent_tiny,1,3920,51,1,50,50,1,0,136.17124938964844,4.0,4.0,4.0,0.4444444444444444,0.0,0,0,0,60,52,52,0,0.06666666666666667
stage1a_single_agent_tiny,1,3924,52,1,50,50,1,0,148.94000244140625,4.0,4.0,4.0,0.1111111111111111,0.0,0,0,0,4,1,1,0,1.0
stage1a_single_agent_tiny,1,4044,53,1,50,50,1,0,58.06297302246094,2.0,2.0,2.0,0.4444444444444444,0.0,0,0,2,120,7,7,0,0.016666666666666666
stage1a_single_agent_tiny,1,4164,54,1,50,50,1,0,9.581618309020996,1.0,1.0,1.0,0.4444444444444444,0.0,0,0,3,120,51,51,0,0.008333333333333333
stage1a_single_agent_tiny,1,4284,55,1,50,50,1,0,-25.149457931518555,0.0,0.0,0.0,0.4444444444444444,0.0,0,0,4,120,-1,-1,-1,0.0
stage1a_single_agent_tiny,1,4404,56,1,50,50,1,0,18.735885620117188,1.0,1.0,1.0,0.4444444444444444,0.0,0,0,3,120,55,55,0,0.008333333333333333
stage1a_single_agent_tiny,1,4524,57,1,50,50,1,0,19.051843643188477,1.0,1.0,1.0,0.4444444444444444,0.0,0,0,3,120,120,120,0,0.008333333333333333
stage1a_single_agent_tiny,1,4644,58,1,50,50,1,0,13.931737899780273,1.0,1.0,1.0,0.4444444444444444,0.0,0,0,3,120,72,72,0,0.008333333333333333
stage1a_single_agent_tiny,1,4745,59,1,50,50,1,0,127.2850341796875,4.0,4.0,4.0,0.4444444444444444,0.0,0,0,0,101,34,34,0,0.039603960396039604
stage1a_single_agent_tiny,1,4865,60,1,50,50,1,0,-22.21723747253418,0.0,0.0,0.0,0.4444444444444444,0.0,0,0,4,120,-1,-1,-1,0.0
stage1a_single_agent_tiny,1,4985,61,1,50,50,1,0,-15.964795112609863,0.0,0.0,0.0,0.4444444444444444,0.0,0,0,4,120,-1,-1,-1,0.0
stage1a_single_agent_tiny,1,5064,62,1,50,50,1,0,134.39181518554688,4.0,4.0,4.0,0.4444444444444444,0.0,0,0,0,79,60,60,0,0.05063291139240506
stage1a_single_agent_tiny,1,5099,63,1,50,50,1,0,142.83319091796875,4.0,4.0,4.0,0.4444444444444444,0.0,0,0,0,35,32,32,0,0.11428571428571428
stage1a_single_agent_tiny,1,5124,64,1,50,50,1,0,139.65431213378906,4.0,4.0,4.0,0.2222222222222222,0.0,0,0,0,25,15,15,0,0.16
stage1a_single_agent_tiny,1,5244,65,1,50,50,1,0,-26.92513656616211,0.0,0.0,0.0,0.4444444444444444,0.0,0,0,4,120,-1,-1,-1,0.0
stage1a_single_agent_tiny,1,5303,66,1,50,50,1,0,139.315673828125,4.0,4.0,4.0,0.4444444444444444,0.0,0,0,0,59,56,56,0,0.06779661016949153
stage1a_single_agent_tiny,1,5423,67,1,50,50,1,0,-35.64436340332031,0.0,0.0,0.0,0.4444444444444444,0.0,0,0,4,120,-1,-1,-1,0.0
stage1a_single_agent_tiny,1,5523,68,1,50,50,1,0,126.82145690917969,4.0,4.0,4.0,0.3333333333333333,0.0,0,0,0,100,78,78,0,0.04
stage1a_single_agent_tiny,1,5566,69,1,50,50,1,0,142.41452026367188,4.0,4.0,4.0,0.3333333333333333,0.0,0,0,0,43,40,40,0,0.09302325581395349
stage1a_single_agent_tiny,1,5686,70,1,50,50,1,0,46.65026092529297,2.0,2.0,2.0,0.4444444444444444,0.0,0,0,2,120,115,115,0,0.016666666666666666
stage1a_single_agent_tiny,1,5751,71,1,50,50,1,0,136.510009765625,4.0,4.0,4.0,0.3333333333333333,0.0,0,0,0,65,61,61,0,0.06153846153846154
stage1a_single_agent_tiny,1,5813,72,1,50,50,1,0,139.251953125,4.0,4.0,4.0,0.3333333333333333,0.0,0,0,0,62,46,46,0,0.06451612903225806
stage1a_single_agent_tiny,1,5933,73,1,50,50,1,0,-30.094762802124023,0.0,0.0,0.0,0.4444444444444444,0.0,0,0,4,120,-1,-1,-1,0.0
stage1a_single_agent_tiny,1,5963,74,1,50,50,1,0,145.79730224609375,4.0,4.0,4.0,0.4444444444444444,0.0,0,0,0,30,8,8,0,0.13333333333333333
stage1a_single_agent_tiny,1,6083,75,1,50,50,1,0,-27.941349029541016,0.0,0.0,0.0,0.4444444444444444,0.0,0,0,4,120,-1,-1,-1,0.0
stage1a_single_agent_tiny,1,6203,76,1,50,50,1,0,-33.66044235229492,0.0,0.0,0.0,0.4444444444444444,0.0,0,0,4,120,-1,-1,-1,0.0
stage1a_single_agent_tiny,1,6323,77,1,50,50,1,0,-33.97666931152344,0.0,0.0,0.0,0.4444444444444444,0.0,0,0,4,120,-1,-1,-1,0.0
stage1a_single_agent_tiny,1,6382,78,1,50,50,1,0,142.32730102539062,4.0,4.0,4.0,0.3333333333333333,0.0,0,0,0,59,56,56,0,0.06779661016949153
stage1a_single_agent_tiny,1,6468,79,1,50,50,1,0,134.2530059814453,4.0,4.0,4.0,0.3333333333333333,0.0,0,0,0,86,82,82,0,0.046511627906976744
stage1a_single_agent_tiny,1,6588,80,1,50,50,1,0,-22.001323699951172,0.0,0.0,0.0,0.3333333333333333,0.0,0,0,4,120,-1,-1,-1,0.0
stage1a_single_agent_tiny,1,6708,81,1,50,50,1,0,-26.604066848754883,0.0,0.0,0.0,0.4444444444444444,0.0,0,0,4,120,-1,-1,-1,0.0
stage1a_single_agent_tiny,1,6828,82,1,50,50,1,0,-15.805594444274902,0.0,0.0,0.0,0.4444444444444444,0.0,0,0,4,120,-1,-1,-1,0.0
stage1a_single_agent_tiny,1,6853,83,1,50,50,1,0,144.3169708251953,4.0,4.0,4.0,0.3333333333333333,0.0,0,0,0,25,21,21,0,0.16
stage1a_single_agent_tiny,1,6890,84,1,50,50,1,0,141.01998901367188,4.0,4.0,4.0,0.4444444444444444,0.0,0,0,0,37,34,34,0,0.10810810810810811
stage1a_single_agent_tiny,1,6964,85,1,50,50,1,0,136.2506103515625,4.0,4.0,4.0,0.4444444444444444,0.0,0,0,0,74,1,1,0,0.05405405405405406
stage1a_single_agent_tiny,1,7038,86,1,50,50,1,0,130.1007537841797,4.0,4.0,4.0,0.4444444444444444,0.0,0,0,0,74,41,41,0,0.05405405405405406
stage1a_single_agent_tiny,1,7100,87,1,50,50,1,0,139.4501953125,4.0,4.0,4.0,0.4444444444444444,0.0,0,0,0,62,59,59,0,0.06451612903225806
stage1a_single_agent_tiny,1,7216,88,1,50,50,1,0,131.30743408203125,4.0,4.0,4.0,0.4444444444444444,0.0,0,0,0,116,113,113,0,0.034482758620689655
stage1a_single_agent_tiny,1,7241,89,1,50,50,1,0,145.65426635742188,4.0,4.0,4.0,0.2222222222222222,0.0,0,0,0,25,7,7,0,0.16
stage1a_single_agent_tiny,1,7361,90,1,50,50,1,0,49.1988410949707,2.0,2.0,2.0,0.4444444444444444,0.0,0,0,2,120,107,107,0,0.016666666666666666
stage1a_single_agent_tiny,1,7438,91,1,50,50,1,0,134.86312866210938,4.0,4.0,4.0,0.4444444444444444,0.0,0,0,0,77,74,74,0,0.05194805194805195
stage1a_single_agent_tiny,1,7495,92,1,50,50,1,0,145.37559509277344,4.0,4.0,4.0,0.4444444444444444,0.0,0,0,0,57,54,54,0,0.07017543859649122
stage1a_single_agent_tiny,1,7615,93,1,50,50,1,0,-32.90605163574219,0.0,0.0,0.0,0.4444444444444444,0.0,0,0,4,120,-1,-1,-1,0.0
stage1a_single_agent_tiny,1,7647,94,1,50,50,1,0,147.22604370117188,4.0,4.0,4.0,0.3333333333333333,0.0,0,0,0,32,29,29,0,0.125
stage1a_single_agent_tiny,1,7732,95,1,50,50,1,0,135.96121215820312,4.0,4.0,4.0,0.4444444444444444,0.0,0,0,0,85,1,1,0,0.047058823529411764
stage1a_single_agent_tiny,1,7825,96,1,50,50,1,0,134.93246459960938,4.0,4.0,4.0,0.4444444444444444,0.0,0,0,0,93,87,87,0,0.043010752688172046
stage1a_single_agent_tiny,1,7945,97,1,50,50,1,0,75.2183837890625,3.0,3.0,3.0,0.4444444444444444,0.0,0,0,1,120,96,96,0,0.025
stage1a_single_agent_tiny,1,8027,98,1,50,50,1,0,140.51914978027344,4.0,4.0,4.0,0.4444444444444444,0.0,0,0,0,82,17,17,0,0.04878048780487805
stage1a_single_agent_tiny,1,8147,99,1,50,50,1,0,84.04116821289062,3.0,3.0,3.0,0.4444444444444444,0.0,0,0,1,120,52,52,0,0.025
stage1a_single_agent_tiny,1,8267,100,1,50,50,1,0,-31.45553970336914,0.0,0.0,0.0,0.4444444444444444,0.0,0,0,4,120,-1,-1,-1,0.0
stage1a_single_agent_tiny,1,8387,101,1,50,50,1,0,5.194576263427734,1.0,1.0,1.0,0.4444444444444444,0.0,0,0,3,120,98,98,0,0.008333333333333333
stage1a_single_agent_tiny,1,8418,102,1,50,50,1,0,145.55331420898438,4.0,4.0,4.0,0.2222222222222222,0.0,0,0,0,31,28,28,0,0.12903225806451613
stage1a_single_agent_tiny,1,8452,103,1,50,50,1,0,148.537353515625,4.0,4.0,4.0,0.3333333333333333,0.0,0,0,0,34,31,31,0,0.11764705882352941
stage1a_single_agent_tiny,1,8516,104,1,50,50,1,0,137.86431884765625,4.0,4.0,4.0,0.3333333333333333,0.0,0,0,0,64,61,61,0,0.0625
stage1a_single_agent_tiny,1,8570,105,1,50,50,1,0,136.65541076660156,4.0,4.0,4.0,0.2222222222222222,0.0,0,0,0,54,50,50,0,0.07407407407407407
stage1a_single_agent_tiny,1,8626,106,1,50,50,1,0,140.85748291015625,4.0,4.0,4.0,0.3333333333333333,0.0,0,0,0,56,53,53,0,0.07142857142857142
stage1a_single_agent_tiny,1,8746,107,1,50,50,1,0,21.541780471801758,1.0,1.0,1.0,0.4444444444444444,0.0,0,0,3,120,86,86,0,0.008333333333333333
stage1a_single_agent_tiny,1,8791,108,1,50,50,1,0,142.8651580810547,4.0,4.0,4.0,0.4444444444444444,0.0,0,0,0,45,39,39,0,0.08888888888888889
stage1a_single_agent_tiny,1,8911,109,1,50,50,1,0,15.750923156738281,1.0,1.0,1.0,0.4444444444444444,0.0,0,0,3,120,31,31,0,0.008333333333333333
stage1a_single_agent_tiny,1,9020,110,1,50,50,1,0,135.41998291015625,4.0,4.0,4.0,0.4444444444444444,0.0,0,0,0,109,58,58,0,0.03669724770642202
stage1a_single_agent_tiny,1,9035,111,1,50,50,1,0,145.79124450683594,4.0,4.0,4.0,0.2222222222222222,0.0,0,0,0,15,12,12,0,0.26666666666666666
stage1a_single_agent_tiny,1,9155,112,1,50,50,1,0,-31.12491226196289,0.0,0.0,0.0,0.4444444444444444,0.0,0,0,4,120,-1,-1,-1,0.0
stage1a_single_agent_tiny,1,9223,113,1,50,50,1,0,128.99508666992188,4.0,4.0,4.0,0.4444444444444444,0.0,0,0,0,68,62,62,0,0.058823529411764705
stage1a_single_agent_tiny,1,9343,114,1,50,50,1,0,-26.626922607421875,0.0,0.0,0.0,0.4444444444444444,0.0,0,0,4,120,-1,-1,-1,0.0
stage1a_single_agent_tiny,1,9463,115,1,50,50,1,0,-29.789175033569336,0.0,0.0,0.0,0.4444444444444444,0.0,0,0,4,120,-1,-1,-1,0.0
stage1a_single_agent_tiny,1,9503,116,1,50,50,1,0,144.24752807617188,4.0,4.0,4.0,0.3333333333333333,0.0,0,0,0,40,37,37,0,0.1
stage1a_single_agent_tiny,1,9571,117,1,50,50,1,0,139.21292114257812,4.0,4.0,4.0,0.4444444444444444,0.0,0,0,0,68,38,38,0,0.058823529411764705
stage1a_single_agent_tiny,1,9582,118,1,50,50,1,0,148.88763427734375,4.0,4.0,4.0,0.3333333333333333,0.0,0,0,0,11,8,8,0,0.36363636363636365
stage1a_single_agent_tiny,1,9702,119,1,50,50,1,0,46.613765716552734,2.0,2.0,2.0,0.4444444444444444,0.0,0,0,2,120,58,58,0,0.016666666666666666
stage1a_single_agent_tiny,1,9792,120,1,50,50,1,0,130.05223083496094,4.0,4.0,4.0,0.4444444444444444,0.0,0,0,0,90,38,38,0,0.044444444444444446
stage1a_single_agent_tiny,1,9832,121,1,50,50,1,0,142.63876342773438,4.0,4.0,4.0,0.4444444444444444,0.0,0,0,0,40,37,37,0,0.1
stage1a_single_agent_tiny,1,9859,122,1,50,50,1,0,144.46682739257812,4.0,4.0,4.0,0.3333333333333333,0.0,0,0,0,27,22,22,0,0.14814814814814814
stage1a_single_agent_tiny,1,9979,123,1,50,50,1,0,-23.629119873046875,0.0,0.0,0.0,0.4444444444444444,0.0,0,0,4,120,-1,-1,-1,0.0
stage1a_single_agent_tiny,1,10099,124,1,50,50,1,0,-31.27621078491211,0.0,0.0,0.0,0.4444444444444444,0.0,0,0,4,120,-1,-1,-1,0.0
stage1a_single_agent_tiny,1,10219,125,1,50,50,1,0,3.8591761589050293,1.0,1.0,1.0,0.4444444444444444,0.0,0,0,3,120,14,14,0,0.008333333333333333
stage1a_single_agent_tiny,1,10300,126,1,50,50,1,0,130.32022094726562,4.0,4.0,4.0,0.4444444444444444,0.0,0,0,0,81,78,78,0,0.04938271604938271
stage1a_single_agent_tiny,1,10420,127,1,50,50,1,0,-27.65763282775879,0.0,0.0,0.0,0.4444444444444444,0.0,0,0,4,120,-1,-1,-1,0.0
stage1a_single_agent_tiny,1,10516,128,1,50,50,1,0,133.113525390625,4.0,4.0,4.0,0.4444444444444444,0.0,0,0,0,96,93,93,0,0.041666666666666664
stage1a_single_agent_tiny,1,10635,129,1,50,50,1,0,135.49606323242188,4.0,4.0,4.0,0.4444444444444444,0.0,0,0,0,119,115,115,0,0.03361344537815126
stage1a_single_agent_tiny,1,10712,130,1,50,50,1,0,131.7113037109375,4.0,4.0,4.0,0.3333333333333333,0.0,0,0,0,77,74,74,0,0.05194805194805195
stage1a_single_agent_tiny,1,10832,131,1,50,50,1,0,16.899904251098633,1.0,1.0,1.0,0.4444444444444444,0.0,0,0,3,120,4,4,0,0.008333333333333333
stage1a_single_agent_tiny,1,10891,132,1,50,50,1,0,139.37867736816406,4.0,4.0,4.0,0.4444444444444444,0.0,0,0,0,59,56,56,0,0.06779661016949153
stage1a_single_agent_tiny,1,10983,133,1,50,50,1,0,131.65310668945312,4.0,4.0,4.0,0.2222222222222222,0.0,0,0,0,92,88,88,0,0.043478260869565216
stage1a_single_agent_tiny,1,11018,134,1,50,50,1,0,142.50999450683594,4.0,4.0,4.0,0.3333333333333333,0.0,0,0,0,35,32,32,0,0.11428571428571428
stage1a_single_agent_tiny,1,11138,135,1,50,50,1,0,88.87870025634766,3.0,3.0,3.0,0.4444444444444444,0.0,0,0,1,120,1,1,0,0.025
stage1a_single_agent_tiny,1,11146,136,1,50,50,1,0,151.91998291015625,4.0,4.0,4.0,0.2222222222222222,0.0,0,0,0,8,5,5,0,0.5
stage1a_single_agent_tiny,1,11150,137,1,50,50,1,0,150.4499969482422,4.0,4.0,4.0,0.1111111111111111,0.0,0,0,0,4,1,1,0,1.0
stage1a_single_agent_tiny,1,11178,138,1,50,50,1,0,142.76092529296875,4.0,4.0,4.0,0.2222222222222222,0.0,0,0,0,28,16,16,0,0.14285714285714285
stage1a_single_agent_tiny,1,11298,139,1,50,50,1,0,-20.78376579284668,0.0,0.0,0.0,0.4444444444444444,0.0,0,0,4,120,-1,-1,-1,0.0
stage1a_single_agent_tiny,1,11343,140,1,50,50,1,0,140.92764282226562,4.0,4.0,4.0,0.3333333333333333,0.0,0,0,0,45,42,42,0,0.08888888888888889
stage1a_single_agent_tiny,1,11376,141,1,50,50,1,0,147.22242736816406,4.0,4.0,4.0,0.4444444444444444,0.0,0,0,0,33,11,11,0,0.12121212121212122
stage1a_single_agent_tiny,1,11473,142,1,50,50,1,0,126.88549041748047,4.0,4.0,4.0,0.2222222222222222,0.0,0,0,0,97,94,94,0,0.041237113402061855
stage1a_single_agent_tiny,1,11519,143,1,50,50,1,0,141.01498413085938,4.0,4.0,4.0,0.3333333333333333,0.0,0,0,0,46,40,40,0,0.08695652173913043
stage1a_single_agent_tiny,1,11603,144,1,50,50,1,0,130.54457092285156,4.0,4.0,4.0,0.3333333333333333,0.0,0,0,0,84,48,48,0,0.047619047619047616
stage1a_single_agent_tiny,1,11677,145,1,50,50,1,0,140.45999145507812,4.0,4.0,4.0,0.4444444444444444,0.0,0,0,0,74,71,71,0,0.05405405405405406
stage1a_single_agent_tiny,1,11691,146,1,50,50,1,0,147.30999755859375,4.0,4.0,4.0,0.2222222222222222,0.0,0,0,0,14,11,11,0,0.2857142857142857
stage1a_single_agent_tiny,1,11808,147,1,50,50,1,0,123.78623962402344,4.0,4.0,4.0,0.4444444444444444,0.0,0,0,0,117,114,114,0,0.03418803418803419
stage1a_single_agent_tiny,1,11928,148,1,50,50,1,0,15.873817443847656,1.0,1.0,1.0,0.4444444444444444,0.0,0,0,3,120,57,57,0,0.008333333333333333
stage1a_single_agent_tiny,1,11987,149,1,50,50,1,0,133.3720703125,4.0,4.0,4.0,0.4444444444444444,0.0,0,0,0,59,56,56,0,0.06779661016949153
stage1a_single_agent_tiny,1,12000,150,1,50,50,1,0,150.34783935546875,4.0,4.0,4.0,0.2222222222222222,0.0,0,0,0,13,10,10,0,0.3076923076923077
stage1a_single_agent_tiny,1,12008,151,1,50,50,1,0,148.9150390625,4.0,4.0,4.0,0.2222222222222222,0.0,0,0,0,8,5,5,0,0.5
stage1a_single_agent_tiny,1,12022,152,1,50,50,1,0,144.32797241210938,4.0,4.0,4.0,0.3333333333333333,0.0,0,0,0,14,11,11,0,0.2857142857142857
stage1a_single_agent_tiny,1,12062,153,1,50,50,1,0,144.1337890625,4.0,4.0,4.0,0.4444444444444444,0.0,0,0,0,40,20,20,0,0.1
stage1a_single_agent_tiny,1,12131,154,1,50,50,1,0,139.3328857421875,4.0,4.0,4.0,0.4444444444444444,0.0,0,0,0,69,65,65,0,0.057971014492753624
stage1a_single_agent_tiny,1,12189,155,1,50,50,1,0,140.845458984375,4.0,4.0,4.0,0.4444444444444444,0.0,0,0,0,58,40,40,0,0.06896551724137931
stage1a_single_agent_tiny,1,12242,156,1,50,50,1,0,140.9222869873047,4.0,4.0,4.0,0.3333333333333333,0.0,0,0,0,53,50,50,0,0.07547169811320754
stage1a_single_agent_tiny,1,12362,157,1,50,50,1,0,-24.92469024658203,0.0,0.0,0.0,0.4444444444444444,0.0,0,0,4,120,-1,-1,-1,0.0
stage1a_single_agent_tiny,1,12392,158,1,50,50,1,0,148.7849884033203,4.0,4.0,4.0,0.4444444444444444,0.0,0,0,0,30,27,27,0,0.13333333333333333
stage1a_single_agent_tiny,1,12476,159,1,50,50,1,0,122.62837982177734,4.0,4.0,4.0,0.3333333333333333,0.0,0,0,0,84,81,81,0,0.047619047619047616
stage1a_single_agent_tiny,1,12501,160,1,50,50,1,0,144.15733337402344,4.0,4.0,4.0,0.2222222222222222,0.0,0,0,0,25,12,12,0,0.16
stage1a_single_agent_tiny,1,12529,161,1,50,50,1,0,141.1243896484375,4.0,4.0,4.0,0.2222222222222222,0.0,0,0,0,28,23,23,0,0.14285714285714285
stage1a_single_agent_tiny,1,12577,162,1,50,50,1,0,139.4958038330078,4.0,4.0,4.0,0.3333333333333333,0.0,0,0,0,48,45,45,0,0.08333333333333333
stage1a_single_agent_tiny,1,12613,163,1,50,50,1,0,141.0281524658203,4.0,4.0,4.0,0.3333333333333333,0.0,0,0,0,36,33,33,0,0.1111111111111111
stage1a_single_agent_tiny,1,12733,164,1,50,50,1,0,-34.268314361572266,0.0,0.0,0.0,0.3333333333333333,0.0,0,0,4,120,-1,-1,-1,0.0
stage1a_single_agent_tiny,1,12749,165,1,50,50,1,0,147.33734130859375,4.0,4.0,4.0,0.3333333333333333,0.0,0,0,0,16,13,13,0,0.25
stage1a_single_agent_tiny,1,12868,166,1,50,50,1,0,120.6319808959961,4.0,4.0,4.0,0.4444444444444444,0.0,0,0,0,119,116,116,0,0.03361344537815126
stage1a_single_agent_tiny,1,12872,167,1,50,50,1,0,148.93890380859375,4.0,4.0,4.0,0.1111111111111111,0.0,0,0,0,4,1,1,0,1.0
stage1a_single_agent_tiny,1,12915,168,1,50,50,1,0,139.55465698242188,4.0,4.0,4.0,0.3333333333333333,0.0,0,0,0,43,5,5,0,0.09302325581395349
stage1a_single_agent_tiny,1,13035,169,1,50,50,1,0,-41.56019592285156,0.0,0.0,0.0,0.4444444444444444,0.0,0,0,4,120,-1,-1,-1,0.0
stage1a_single_agent_tiny,1,13155,170,1,50,50,1,0,-41.27687454223633,0.0,0.0,0.0,0.4444444444444444,0.0,0,0,4,120,-1,-1,-1,0.0
stage1a_single_agent_tiny,1,13273,171,1,50,50,1,0,125.52810668945312,4.0,4.0,4.0,0.4444444444444444,0.0,0,0,0,118,115,115,0,0.03389830508474576
stage1a_single_agent_tiny,1,13387,172,1,50,50,1,0,128.26248168945312,4.0,4.0,4.0,0.4444444444444444,0.0,0,0,0,114,110,110,0,0.03508771929824561
stage1a_single_agent_tiny,1,13507,173,1,50,50,1,0,53.52779006958008,2.0,2.0,2.0,0.3333333333333333,0.0,0,0,2,120,1,1,0,0.016666666666666666
stage1a_single_agent_tiny,1,13620,174,1,50,50,1,0,133.05499267578125,4.0,4.0,4.0,0.3333333333333333,0.0,0,0,0,113,110,110,0,0.035398230088495575
stage1a_single_agent_tiny,1,13722,175,1,50,50,1,0,132.9480438232422,4.0,4.0,4.0,0.4444444444444444,0.0,0,0,0,102,80,80,0,0.0392156862745098
stage1a_single_agent_tiny,1,13842,176,1,50,50,1,0,-33.08002471923828,0.0,0.0,0.0,0.3333333333333333,0.0,0,0,4,120,-1,-1,-1,0.0
stage1a_single_agent_tiny,1,13962,177,1,50,50,1,0,-23.839651107788086,0.0,0.0,0.0,0.3333333333333333,0.0,0,0,4,120,-1,-1,-1,0.0
stage1a_single_agent_tiny,1,14082,178,1,50,50,1,0,-25.140844345092773,0.0,0.0,0.0,0.4444444444444444,0.0,0,0,4,120,-1,-1,-1,0.0
stage1a_single_agent_tiny,1,14113,179,1,50,50,1,0,148.677978515625,4.0,4.0,4.0,0.3333333333333333,0.0,0,0,0,31,28,28,0,0.12903225806451613
stage1a_single_agent_tiny,1,14199,180,1,50,50,1,0,134.86627197265625,4.0,4.0,4.0,0.4444444444444444,0.0,0,0,0,86,83,83,0,0.046511627906976744
stage1a_single_agent_tiny,1,14203,181,1,50,50,1,0,148.9388885498047,4.0,4.0,4.0,0.1111111111111111,0.0,0,0,0,4,1,1,0,1.0
stage1a_single_agent_tiny,1,14268,182,1,50,50,1,0,139.29379272460938,4.0,4.0,4.0,0.3333333333333333,0.0,0,0,0,65,62,62,0,0.06153846153846154
stage1a_single_agent_tiny,1,14388,183,1,50,50,1,0,43.48536682128906,2.0,2.0,2.0,0.4444444444444444,0.0,0,0,2,120,1,1,0,0.016666666666666666
stage1a_single_agent_tiny,1,14508,184,1,50,50,1,0,14.013490676879883,1.0,1.0,1.0,0.4444444444444444,0.0,0,0,3,120,46,46,0,0.008333333333333333
stage1a_single_agent_tiny,1,14625,185,1,50,50,1,0,128.18032836914062,4.0,4.0,4.0,0.4444444444444444,0.0,0,0,0,117,114,114,0,0.03418803418803419
stage1a_single_agent_tiny,1,14649,186,1,50,50,1,0,148.74716186523438,4.0,4.0,4.0,0.3333333333333333,0.0,0,0,0,24,21,21,0,0.16666666666666666
stage1a_single_agent_tiny,1,14769,187,1,50,50,1,0,18.758235931396484,1.0,1.0,1.0,0.4444444444444444,0.0,0,0,3,120,72,72,0,0.008333333333333333
stage1a_single_agent_tiny,1,14788,188,1,50,50,1,0,148.76766967773438,4.0,4.0,4.0,0.3333333333333333,0.0,0,0,0,19,16,16,0,0.21052631578947367
stage1a_single_agent_tiny,1,14907,189,1,50,50,1,0,125.28897857666016,4.0,4.0,4.0,0.4444444444444444,0.0,0,0,0,119,116,116,0,0.03361344537815126
stage1a_single_agent_tiny,1,15027,190,1,50,50,1,0,-20.802602767944336,0.0,0.0,0.0,0.4444444444444444,0.0,0,0,4,120,-1,-1,-1,0.0
stage1a_single_agent_tiny,1,15099,191,1,50,50,1,0,146.87252807617188,4.0,4.0,4.0,0.3333333333333333,0.0,0,0,0,72,69,69,0,0.05555555555555555
stage1a_single_agent_tiny,1,15147,192,1,50,50,1,0,144.00360107421875,4.0,4.0,4.0,0.4444444444444444,0.0,0,0,0,48,45,45,0,0.08333333333333333
stage1a_single_agent_tiny,1,15245,193,1,50,50,1,0,138.80728149414062,4.0,4.0,4.0,0.4444444444444444,0.0,0,0,0,98,95,95,0,0.04081632653061224
stage1a_single_agent_tiny,1,15269,194,1,50,50,1,0,141.31011962890625,4.0,4.0,4.0,0.3333333333333333,0.0,0,0,0,24,21,21,0,0.16666666666666666
stage1a_single_agent_tiny,1,15293,195,1,50,50,1,0,145.70620727539062,4.0,4.0,4.0,0.3333333333333333,0.0,0,0,0,24,21,21,0,0.16666666666666666
stage1a_single_agent_tiny,1,15297,196,1,50,50,1,0,150.43923950195312,4.0,4.0,4.0,0.1111111111111111,0.0,0,0,0,4,1,1,0,1.0
stage1a_single_agent_tiny,1,15388,197,1,50,50,1,0,131.9870147705078,4.0,4.0,4.0,0.4444444444444444,0.0,0,0,0,91,88,88,0,0.04395604395604396
stage1a_single_agent_tiny,1,15508,198,1,50,50,1,0,-0.4564290940761566,1.0,1.0,1.0,0.4444444444444444,0.0,0,0,3,120,105,105,0,0.008333333333333333
stage1a_single_agent_tiny,1,15537,199,1,50,50,1,0,145.61000061035156,4.0,4.0,4.0,0.3333333333333333,0.0,0,0,0,29,13,13,0,0.13793103448275862
stage1a_single_agent_tiny,1,15580,200,1,50,50,1,0,139.5926971435547,4.0,4.0,4.0,0.4444444444444444,0.0,0,0,0,43,23,23,0,0.09302325581395349
stage1a_single_agent_tiny,1,15617,201,1,50,50,1,0,147.19754028320312,4.0,4.0,4.0,0.4444444444444444,0.0,0,0,0,37,34,34,0,0.10810810810810811
stage1a_single_agent_tiny,1,15626,202,1,50,50,1,0,148.89999389648438,4.0,4.0,4.0,0.2222222222222222,0.0,0,0,0,9,6,6,0,0.4444444444444444
stage1a_single_agent_tiny,1,15632,203,1,50,50,1,0,151.92999267578125,4.0,4.0,4.0,0.1111111111111111,0.0,0,0,0,6,1,1,0,0.6666666666666666
stage1a_single_agent_tiny,1,15715,204,1,50,50,1,0,134.6634521484375,4.0,4.0,4.0,0.4444444444444444,0.0,0,0,0,83,80,80,0,0.04819277108433735
stage1a_single_agent_tiny,1,15751,205,1,50,50,1,0,138.32177734375,4.0,4.0,4.0,0.3333333333333333,0.0,0,0,0,36,33,33,0,0.1111111111111111
stage1a_single_agent_tiny,1,15798,206,1,50,50,1,0,137.98165893554688,4.0,4.0,4.0,0.2222222222222222,0.0,0,0,0,47,42,42,0,0.0851063829787234
stage1a_single_agent_tiny,1,15849,207,1,50,50,1,0,138.1143798828125,4.0,4.0,4.0,0.4444444444444444,0.0,0,0,0,51,48,48,0,0.0784313725490196
stage1a_single_agent_tiny,1,15967,208,1,50,50,1,0,120.669189453125,4.0,4.0,4.0,0.4444444444444444,0.0,0,0,0,118,115,115,0,0.03389830508474576
stage1a_single_agent_tiny,1,16037,209,1,50,50,1,0,133.13949584960938,4.0,4.0,4.0,0.3333333333333333,0.0,0,0,0,70,43,43,0,0.05714285714285714
stage1a_single_agent_tiny,1,16086,210,1,50,50,1,0,138.12144470214844,4.0,4.0,4.0,0.4444444444444444,0.0,0,0,0,49,41,41,0,0.08163265306122448
stage1a_single_agent_tiny,1,16180,211,1,50,50,1,0,124.29740905761719,4.0,4.0,4.0,0.4444444444444444,0.0,0,0,0,94,91,91,0,0.0425531914893617
stage1a_single_agent_tiny,1,16226,212,1,50,50,1,0,144.04393005371094,4.0,4.0,4.0,0.4444444444444444,0.0,0,0,0,46,39,39,0,0.08695652173913043
stage1a_single_agent_tiny,1,16230,213,1,50,50,1,0,150.44000244140625,4.0,4.0,4.0,0.1111111111111111,0.0,0,0,0,4,1,1,0,1.0
stage1a_single_agent_tiny,1,16298,214,1,50,50,1,0,137.8543243408203,4.0,4.0,4.0,0.4444444444444444,0.0,0,0,0,68,49,49,0,0.058823529411764705
stage1a_single_agent_tiny,1,16302,215,1,50,50,1,0,148.94000244140625,4.0,4.0,4.0,0.1111111111111111,0.0,0,0,0,4,1,1,0,1.0
stage1a_single_agent_tiny,1,16422,216,1,50,50,1,0,-19.074113845825195,0.0,0.0,0.0,0.4444444444444444,0.0,0,0,4,120,-1,-1,-1,0.0
stage1a_single_agent_tiny,1,16443,217,1,50,50,1,0,142.8819580078125,4.0,4.0,4.0,0.3333333333333333,0.0,0,0,0,21,18,18,0,0.19047619047619047
stage1a_single_agent_tiny,1,16563,218,1,50,50,1,0,81.4898452758789,3.0,3.0,3.0,0.4444444444444444,0.0,0,0,1,120,1,1,0,0.025
stage1a_single_agent_tiny,1,16609,219,1,50,50,1,0,138.0079345703125,4.0,4.0,4.0,0.3333333333333333,0.0,0,0,0,46,43,43,0,0.08695652173913043
stage1a_single_agent_tiny,1,16729,220,1,50,50,1,0,-26.499147415161133,0.0,0.0,0.0,0.4444444444444444,0.0,0,0,4,120,-1,-1,-1,0.0
stage1a_single_agent_tiny,1,16845,221,1,50,50,1,0,121.19560241699219,4.0,4.0,4.0,0.4444444444444444,0.0,0,0,0,116,86,86,0,0.034482758620689655
stage1a_single_agent_tiny,1,16892,222,1,50,50,1,0,138.32525634765625,4.0,4.0,4.0,0.4444444444444444,0.0,0,0,0,47,44,44,0,0.0851063829787234
stage1a_single_agent_tiny,1,16917,223,1,50,50,1,0,148.80496215820312,4.0,4.0,4.0,0.2222222222222222,0.0,0,0,0,25,22,22,0,0.16
stage1a_single_agent_tiny,1,16960,224,1,50,50,1,0,142.55697631835938,4.0,4.0,4.0,0.3333333333333333,0.0,0,0,0,43,40,40,0,0.09302325581395349
stage1a_single_agent_tiny,1,16984,225,1,50,50,1,0,142.67523193359375,4.0,4.0,4.0,0.2222222222222222,0.0,0,0,0,24,21,21,0,0.16666666666666666
stage1a_single_agent_tiny,1,17018,226,1,50,50,1,0,142.87869262695312,4.0,4.0,4.0,0.3333333333333333,0.0,0,0,0,34,31,31,0,0.11764705882352941
stage1a_single_agent_tiny,1,17043,227,1,50,50,1,0,141.1599884033203,4.0,4.0,4.0,0.2222222222222222,0.0,0,0,0,25,19,19,0,0.16
stage1a_single_agent_tiny,1,17080,228,1,50,50,1,0,142.47999572753906,4.0,4.0,4.0,0.3333333333333333,0.0,0,0,0,37,34,34,0,0.10810810810810811
stage1a_single_agent_tiny,1,17200,229,1,50,50,1,0,86.92665100097656,3.0,3.0,3.0,0.4444444444444444,0.0,0,0,1,120,21,21,0,0.025
stage1a_single_agent_tiny,1,17211,230,1,50,50,1,0,151.88999938964844,4.0,4.0,4.0,0.3333333333333333,0.0,0,0,0,11,8,8,0,0.36363636363636365
stage1a_single_agent_tiny,1,17215,231,1,50,50,1,0,151.94998168945312,4.0,4.0,4.0,0.1111111111111111,0.0,0,0,0,4,1,1,0,1.0
stage1a_single_agent_tiny,1,17233,232,1,50,50,1,0,145.80880737304688,4.0,4.0,4.0,0.3333333333333333,0.0,0,0,0,18,15,15,0,0.2222222222222222
stage1a_single_agent_tiny,1,17237,233,1,50,50,1,0,150.4399871826172,4.0,4.0,4.0,0.1111111111111111,0.0,0,0,0,4,1,1,0,1.0
stage1a_single_agent_tiny,1,17258,234,1,50,50,1,0,147.2278594970703,4.0,4.0,4.0,0.3333333333333333,0.0,0,0,0,21,18,18,0,0.19047619047619047
stage1a_single_agent_tiny,1,17284,235,1,50,50,1,0,147.13999938964844,4.0,4.0,4.0,0.2222222222222222,0.0,0,0,0,26,23,23,0,0.15384615384615385
stage1a_single_agent_tiny,1,17344,236,1,50,50,1,0,139.33499145507812,4.0,4.0,4.0,0.4444444444444444,0.0,0,0,0,60,57,57,0,0.06666666666666667
stage1a_single_agent_tiny,1,17378,237,1,50,50,1,0,141.24551391601562,4.0,4.0,4.0,0.4444444444444444,0.0,0,0,0,34,31,31,0,0.11764705882352941
stage1a_single_agent_tiny,1,17498,238,1,50,50,1,0,-1.9693732261657715,1.0,1.0,1.0,0.4444444444444444,0.0,0,0,3,120,67,67,0,0.008333333333333333
stage1a_single_agent_tiny,1,17520,239,1,50,50,1,0,144.38699340820312,4.0,4.0,4.0,0.3333333333333333,0.0,0,0,0,22,19,19,0,0.18181818181818182
stage1a_single_agent_tiny,1,17640,240,1,50,50,1,0,-27.075820922851562,0.0,0.0,0.0,0.4444444444444444,0.0,0,0,4,120,-1,-1,-1,0.0
stage1a_single_agent_tiny,1,17708,241,1,50,50,1,0,136.34378051757812,4.0,4.0,4.0,0.3333333333333333,0.0,0,0,0,68,16,16,0,0.058823529411764705
stage1a_single_agent_tiny,1,17733,242,1,50,50,1,0,144.34759521484375,4.0,4.0,4.0,0.3333333333333333,0.0,0,0,0,25,22,22,0,0.16
stage1a_single_agent_tiny,1,17810,243,1,50,50,1,0,131.60794067382812,4.0,4.0,4.0,0.4444444444444444,0.0,0,0,0,77,4,4,0,0.05194805194805195
stage1a_single_agent_tiny,1,17888,244,1,50,50,1,0,127.3435287475586,4.0,4.0,4.0,0.4444444444444444,0.0,0,0,0,78,75,75,0,0.05128205128205128
stage1a_single_agent_tiny,1,17927,245,1,50,50,1,0,132.29515075683594,4.0,4.0,4.0,0.4444444444444444,0.0,0,0,0,39,35,35,0,0.10256410256410256
stage1a_single_agent_tiny,1,17980,246,1,50,50,1,0,135.26400756835938,4.0,4.0,4.0,0.4444444444444444,0.0,0,0,0,53,50,50,0,0.07547169811320754
stage1a_single_agent_tiny,1,18030,247,1,50,50,1,0,139.5900421142578,4.0,4.0,4.0,0.3333333333333333,0.0,0,0,0,50,30,30,0,0.08
stage1a_single_agent_tiny,1,18035,248,1,50,50,1,0,147.71998596191406,4.0,4.0,4.0,0.1111111111111111,0.0,0,0,0,5,1,1,0,0.8
stage1a_single_agent_tiny,1,18087,249,1,50,50,1,0,132.24411010742188,4.0,4.0,4.0,0.3333333333333333,0.0,0,0,0,52,16,16,0,0.07692307692307693
stage1a_single_agent_tiny,1,18091,250,1,50,50,1,0,148.9388885498047,4.0,4.0,4.0,0.1111111111111111,0.0,0,0,0,4,1,1,0,1.0
stage1a_single_agent_tiny,1,18104,251,1,50,50,1,0,147.34535217285156,4.0,4.0,4.0,0.2222222222222222,0.0,0,0,0,13,10,10,0,0.3076923076923077
stage1a_single_agent_tiny,1,18129,252,1,50,50,1,0,145.84527587890625,4.0,4.0,4.0,0.4444444444444444,0.0,0,0,0,25,22,22,0,0.16
stage1a_single_agent_tiny,1,18166,253,1,50,50,1,0,130.6367950439453,4.0,4.0,4.0,0.3333333333333333,0.0,0,0,0,37,33,33,0,0.10810810810810811
stage1a_single_agent_tiny,1,18219,254,1,50,50,1,0,133.391357421875,4.0,4.0,4.0,0.2222222222222222,0.0,0,0,0,53,33,33,0,0.07547169811320754
stage1a_single_agent_tiny,1,18339,255,1,50,50,1,0,38.667823791503906,2.0,2.0,2.0,0.4444444444444444,0.0,0,0,2,120,103,103,0,0.016666666666666666
stage1a_single_agent_tiny,1,18348,256,1,50,50,1,0,148.89999389648438,4.0,4.0,4.0,0.3333333333333333,0.0,0,0,0,9,6,6,0,0.4444444444444444
stage1a_single_agent_tiny,1,18385,257,1,50,50,1,0,141.1609649658203,4.0,4.0,4.0,0.4444444444444444,0.0,0,0,0,37,27,27,0,0.10810810810810811
stage1a_single_agent_tiny,1,18505,258,1,50,50,1,0,-41.354827880859375,0.0,0.0,0.0,0.4444444444444444,0.0,0,0,4,120,-1,-1,-1,0.0
stage1a_single_agent_tiny,1,18579,259,1,50,50,1,0,134.80386352539062,4.0,4.0,4.0,0.4444444444444444,0.0,0,0,0,74,71,71,0,0.05405405405405406
stage1a_single_agent_tiny,1,18699,260,1,50,50,1,0,67.92398834228516,3.0,3.0,3.0,0.4444444444444444,0.0,0,0,1,120,25,25,0,0.025
stage1a_single_agent_tiny,1,18721,261,1,50,50,1,0,142.9163818359375,4.0,4.0,4.0,0.3333333333333333,0.0,0,0,0,22,19,19,0,0.18181818181818182
stage1a_single_agent_tiny,1,18740,262,1,50,50,1,0,142.93667602539062,4.0,4.0,4.0,0.3333333333333333,0.0,0,0,0,19,16,16,0,0.21052631578947367
stage1a_single_agent_tiny,1,18788,263,1,50,50,1,0,133.66685485839844,4.0,4.0,4.0,0.3333333333333333,0.0,0,0,0,48,42,42,0,0.08333333333333333
stage1a_single_agent_tiny,1,18894,264,1,50,50,1,0,119.38590240478516,4.0,4.0,4.0,0.4444444444444444,0.0,0,0,0,106,103,103,0,0.03773584905660377
stage1a_single_agent_tiny,1,18925,265,1,50,50,1,0,141.30543518066406,4.0,4.0,4.0,0.4444444444444444,0.0,0,0,0,31,28,28,0,0.12903225806451613
stage1a_single_agent_tiny,1,18929,266,1,50,50,1,0,148.94000244140625,4.0,4.0,4.0,0.1111111111111111,0.0,0,0,0,4,1,1,0,1.0
stage1a_single_agent_tiny,1,19049,267,1,50,50,1,0,43.43458938598633,2.0,2.0,2.0,0.4444444444444444,0.0,0,0,2,120,42,42,0,0.016666666666666666
stage1a_single_agent_tiny,1,19092,268,1,50,50,1,0,136.6041259765625,4.0,4.0,4.0,0.4444444444444444,0.0,0,0,0,43,38,38,0,0.09302325581395349
stage1a_single_agent_tiny,1,19157,269,1,50,50,1,0,133.6341094970703,4.0,4.0,4.0,0.4444444444444444,0.0,0,0,0,65,33,33,0,0.06153846153846154
stage1a_single_agent_tiny,1,19161,270,1,50,50,1,0,150.439208984375,4.0,4.0,4.0,0.1111111111111111,0.0,0,0,0,4,1,1,0,1.0
stage1a_single_agent_tiny,1,19203,271,1,50,50,1,0,136.67657470703125,4.0,4.0,4.0,0.4444444444444444,0.0,0,0,0,42,39,39,0,0.09523809523809523
stage1a_single_agent_tiny,1,19269,272,1,50,50,1,0,129.07691955566406,4.0,4.0,4.0,0.4444444444444444,0.0,0,0,0,66,63,63,0,0.06060606060606061
stage1a_single_agent_tiny,1,19285,273,1,50,50,1,0,146.00753784179688,4.0,4.0,4.0,0.3333333333333333,0.0,0,0,0,16,13,13,0,0.25
stage1a_single_agent_tiny,1,19360,274,1,50,50,1,0,129.08334350585938,4.0,4.0,4.0,0.4444444444444444,0.0,0,0,0,75,72,72,0,0.05333333333333334
stage1a_single_agent_tiny,1,19441,275,1,50,50,1,0,120.07872772216797,4.0,4.0,4.0,0.4444444444444444,0.0,0,0,0,81,78,78,0,0.04938271604938271
stage1a_single_agent_tiny,1,19481,276,1,50,50,1,0,140.9199981689453,4.0,4.0,4.0,0.3333333333333333,0.0,0,0,0,40,36,36,0,0.1
stage1a_single_agent_tiny,1,19510,277,1,50,50,1,0,139.7957763671875,4.0,4.0,4.0,0.3333333333333333,0.0,0,0,0,29,25,25,0,0.13793103448275862
stage1a_single_agent_tiny,1,19630,278,1,50,50,1,0,31.158893585205078,2.0,2.0,2.0,0.4444444444444444,0.0,0,0,2,120,29,29,0,0.016666666666666666
stage1a_single_agent_tiny,1,19663,279,1,50,50,1,0,142.79776000976562,4.0,4.0,4.0,0.4444444444444444,0.0,0,0,0,33,30,30,0,0.12121212121212122
stage1a_single_agent_tiny,1,19678,280,1,50,50,1,0,144.34747314453125,4.0,4.0,4.0,0.3333333333333333,0.0,0,0,0,15,12,12,0,0.26666666666666666
stage1a_single_agent_tiny,1,19682,281,1,50,50,1,0,148.93893432617188,4.0,4.0,4.0,0.1111111111111111,0.0,0,0,0,4,1,1,0,1.0
stage1a_single_agent_tiny,1,19755,282,1,50,50,1,0,126.04331970214844,4.0,4.0,4.0,0.4444444444444444,0.0,0,0,0,73,36,36,0,0.0547945205479452
stage1a_single_agent_tiny,1,19759,283,1,50,50,1,0,150.58999633789062,4.0,4.0,4.0,0.1111111111111111,0.0,0,0,0,4,1,1,0,1.0
stage1a_single_agent_tiny,1,19784,284,1,50,50,1,0,141.34500122070312,4.0,4.0,4.0,0.3333333333333333,0.0,0,0,0,25,22,22,0,0.16
stage1a_single_agent_tiny,1,19788,285,1,50,50,1,0,148.95889282226562,4.0,4.0,4.0,0.1111111111111111,0.0,0,0,0,4,1,1,0,1.0
stage1a_single_agent_tiny,1,19834,286,1,50,50,1,0,132.24349975585938,4.0,4.0,4.0,0.4444444444444444,0.0,0,0,0,46,39,39,0,0.08695652173913043
stage1a_single_agent_tiny,1,19902,287,1,50,50,1,0,124.57888793945312,4.0,4.0,4.0,0.4444444444444444,0.0,0,0,0,68,65,65,0,0.058823529411764705
stage1a_single_agent_tiny,1,20022,288,1,50,50,1,0,-55.3282356262207,0.0,0.0,0.0,0.4444444444444444,0.0,0,0,4,120,-1,-1,-1,0.0
stage1a_single_agent_tiny,1,20124,289,1,50,50,1,0,114.75605773925781,4.0,4.0,4.0,0.4444444444444444,0.0,0,0,0,102,71,71,0,0.0392156862745098
stage1a_single_agent_tiny,1,20154,290,1,50,50,1,0,145.80474853515625,4.0,4.0,4.0,0.4444444444444444,0.0,0,0,0,30,27,27,0,0.13333333333333333
stage1a_single_agent_tiny,1,20158,291,1,50,50,1,0,148.94000244140625,4.0,4.0,4.0,0.1111111111111111,0.0,0,0,0,4,1,1,0,1.0
stage1a_single_agent_tiny,1,20264,292,1,50,50,1,0,120.65027618408203,4.0,4.0,4.0,0.4444444444444444,0.0,0,0,0,106,103,103,0,0.03773584905660377
stage1a_single_agent_tiny,1,20279,293,1,50,50,1,0,142.83544921875,4.0,4.0,4.0,0.2222222222222222,0.0,0,0,0,15,11,11,0,0.26666666666666666
stage1a_single_agent_tiny,1,20398,294,1,50,50,1,0,101.74307250976562,4.0,4.0,4.0,0.4444444444444444,0.0,0,0,0,119,113,113,0,0.03361344537815126
stage1a_single_agent_tiny,1,20410,295,1,50,50,1,0,148.87750244140625,4.0,4.0,4.0,0.3333333333333333,0.0,0,0,0,12,9,9,0,0.3333333333333333
stage1a_single_agent_tiny,1,20494,296,1,50,50,1,0,118.10366821289062,4.0,4.0,4.0,0.3333333333333333,0.0,0,0,0,84,81,81,0,0.047619047619047616
stage1a_single_agent_tiny,1,20573,297,1,50,50,1,0,121.55400085449219,4.0,4.0,4.0,0.3333333333333333,0.0,0,0,0,79,76,76,0,0.05063291139240506
stage1a_single_agent_tiny,1,20652,298,1,50,50,1,0,121.22798156738281,4.0,4.0,4.0,0.4444444444444444,0.0,0,0,0,79,76,76,0,0.05063291139240506
stage1a_single_agent_tiny,1,20663,299,1,50,50,1,0,145.8850555419922,4.0,4.0,4.0,0.2222222222222222,0.0,0,0,0,11,6,6,0,0.36363636363636365
stage1a_single_agent_tiny,1,20714,300,1,50,50,1,0,133.45565795898438,4.0,4.0,4.0,0.4444444444444444,0.0,0,0,0,51,23,23,0,0.0784313725490196
stage1a_single_agent_tiny,1,20754,301,1,50,50,1,0,139.78814697265625,4.0,4.0,4.0,0.3333333333333333,0.0,0,0,0,40,37,37,0,0.1
stage1a_single_agent_tiny,1,20825,302,1,50,50,1,0,130.39993286132812,4.0,4.0,4.0,0.4444444444444444,0.0,0,0,0,71,68,68,0,0.056338028169014086
stage1a_single_agent_tiny,1,20877,303,1,50,50,1,0,131.97845458984375,4.0,4.0,4.0,0.3333333333333333,0.0,0,0,0,52,47,47,0,0.07692307692307693
stage1a_single_agent_tiny,1,20909,304,1,50,50,1,0,142.60293579101562,4.0,4.0,4.0,0.3333333333333333,0.0,0,0,0,32,27,27,0,0.125
stage1a_single_agent_tiny,1,21029,305,1,50,50,1,0,50.77606201171875,2.0,2.0,2.0,0.4444444444444444,0.0,0,0,2,120,116,116,0,0.016666666666666666
stage1a_single_agent_tiny,1,21149,306,1,50,50,1,0,85.75430297851562,3.0,3.0,3.0,0.4444444444444444,0.0,0,0,1,120,64,64,0,0.025
stage1a_single_agent_tiny,1,21175,307,1,50,50,1,0,144.17779541015625,4.0,4.0,4.0,0.3333333333333333,0.0,0,0,0,26,23,23,0,0.15384615384615385
stage1a_single_agent_tiny,1,21179,308,1,50,50,1,0,148.94906616210938,4.0,4.0,4.0,0.1111111111111111,0.0,0,0,0,4,1,1,0,1.0
stage1a_single_agent_tiny,1,21238,309,1,50,50,1,0,124.70597076416016,4.0,4.0,4.0,0.4444444444444444,0.0,0,0,0,59,21,21,0,0.06779661016949153
stage1a_single_agent_tiny,1,21271,310,1,50,50,1,0,138.2017822265625,4.0,4.0,4.0,0.3333333333333333,0.0,0,0,0,33,30,30,0,0.12121212121212122
stage1a_single_agent_tiny,1,21350,311,1,50,50,1,0,122.73384857177734,4.0,4.0,4.0,0.3333333333333333,0.0,0,0,0,79,50,50,0,0.05063291139240506
stage1a_single_agent_tiny,1,21470,312,1,50,50,1,0,72.43592834472656,3.0,3.0,3.0,0.4444444444444444,0.0,0,0,1,120,72,72,0,0.025
stage1a_single_agent_tiny,1,21565,313,1,50,50,1,0,115.27999114990234,4.0,4.0,4.0,0.4444444444444444,0.0,0,0,0,95,91,91,0,0.042105263157894736
stage1a_single_agent_tiny,1,21685,314,1,50,50,1,0,-22.256946563720703,0.0,0.0,0.0,0.4444444444444444,0.0,0,0,4,120,-1,-1,-1,0.0
stage1a_single_agent_tiny,1,21783,315,1,50,50,1,0,115.35110473632812,4.0,4.0,4.0,0.4444444444444444,0.0,0,0,0,98,95,95,0,0.04081632653061224
stage1a_single_agent_tiny,1,21831,316,1,50,50,1,0,136.66433715820312,4.0,4.0,4.0,0.3333333333333333,0.0,0,0,0,48,45,45,0,0.08333333333333333
stage1a_single_agent_tiny,1,21835,317,1,50,50,1,0,148.93890380859375,4.0,4.0,4.0,0.1111111111111111,0.0,0,0,0,4,1,1,0,1.0
stage1a_single_agent_tiny,1,21846,318,1,50,50,1,0,150.3699951171875,4.0,4.0,4.0,0.2222222222222222,0.0,0,0,0,11,6,6,0,0.36363636363636365
stage1a_single_agent_tiny,1,21865,319,1,50,50,1,0,145.7986297607422,4.0,4.0,4.0,0.3333333333333333,0.0,0,0,0,19,16,16,0,0.21052631578947367
stage1a_single_agent_tiny,1,21922,320,1,50,50,1,0,135.015869140625,4.0,4.0,4.0,0.4444444444444444,0.0,0,0,0,57,29,29,0,0.07017543859649122
stage1a_single_agent_tiny,1,21987,321,1,50,50,1,0,133.2924041748047,4.0,4.0,4.0,0.4444444444444444,0.0,0,0,0,65,4,4,0,0.06153846153846154
stage1a_single_agent_tiny,1,22015,322,1,50,50,1,0,142.787841796875,4.0,4.0,4.0,0.3333333333333333,0.0,0,0,0,28,25,25,0,0.14285714285714285
stage1a_single_agent_tiny,1,22019,323,1,50,50,1,0,150.44000244140625,4.0,4.0,4.0,0.1111111111111111,0.0,0,0,0,4,1,1,0,1.0
stage1a_single_agent_tiny,1,22077,324,1,50,50,1,0,137.6832733154297,4.0,4.0,4.0,0.3333333333333333,0.0,0,0,0,58,55,55,0,0.06896551724137931
stage1a_single_agent_tiny,1,22098,325,1,50,50,1,0,146.04470825195312,4.0,4.0,4.0,0.3333333333333333,0.0,0,0,0,21,18,18,0,0.19047619047619047
stage1a_single_agent_tiny,1,22129,326,1,50,50,1,0,139.74658203125,4.0,4.0,4.0,0.2222222222222222,0.0,0,0,0,31,28,28,0,0.12903225806451613
stage1a_single_agent_tiny,1,22189,327,1,50,50,1,0,140.82272338867188,4.0,4.0,4.0,0.3333333333333333,0.0,0,0,0,60,57,57,0,0.06666666666666667
stage1a_single_agent_tiny,1,22216,328,1,50,50,1,0,141.1406707763672,4.0,4.0,4.0,0.2222222222222222,0.0,0,0,0,27,24,24,0,0.14814814814814814
stage1a_single_agent_tiny,1,22237,329,1,50,50,1,0,142.7681884765625,4.0,4.0,4.0,0.3333333333333333,0.0,0,0,0,21,18,18,0,0.19047619047619047
stage1a_single_agent_tiny,1,22289,330,1,50,50,1,0,131.95455932617188,4.0,4.0,4.0,0.3333333333333333,0.0,0,0,0,52,44,44,0,0.07692307692307693
stage1a_single_agent_tiny,1,22335,331,1,50,50,1,0,132.07960510253906,4.0,4.0,4.0,0.4444444444444444,0.0,0,0,0,46,16,16,0,0.08695652173913043
stage1a_single_agent_tiny,1,22421,332,1,50,50,1,0,130.5225830078125,4.0,4.0,4.0,0.4444444444444444,0.0,0,0,0,86,1,1,0,0.046511627906976744
stage1a_single_agent_tiny,1,22541,333,1,50,50,1,0,-0.5928032398223877,1.0,1.0,1.0,0.4444444444444444,0.0,0,0,3,120,112,112,0,0.008333333333333333
stage1a_single_agent_tiny,1,22579,334,1,50,50,1,0,139.9250030517578,4.0,4.0,4.0,0.3333333333333333,0.0,0,0,0,38,34,34,0,0.10526315789473684
stage1a_single_agent_tiny,1,22586,335,1,50,50,1,0,150.43490600585938,4.0,4.0,4.0,0.2222222222222222,0.0,0,0,0,7,4,4,0,0.5714285714285714
stage1a_single_agent_tiny,1,22600,336,1,50,50,1,0,146.02706909179688,4.0,4.0,4.0,0.3333333333333333,0.0,0,0,0,14,11,11,0,0.2857142857142857
stage1a_single_agent_tiny,1,22628,337,1,50,50,1,0,138.45559692382812,4.0,4.0,4.0,0.3333333333333333,0.0,0,0,0,28,25,25,0,0.14285714285714285
stage1a_single_agent_tiny,1,22632,338,1,50,50,1,0,150.439208984375,4.0,4.0,4.0,0.1111111111111111,0.0,0,0,0,4,1,1,0,1.0
stage1a_single_agent_tiny,1,22658,339,1,50,50,1,0,141.34616088867188,4.0,4.0,4.0,0.3333333333333333,0.0,0,0,0,26,23,23,0,0.15384615384615385
stage1a_single_agent_tiny,1,22691,340,1,50,50,1,0,139.72012329101562,4.0,4.0,4.0,0.4444444444444444,0.0,0,0,0,33,29,29,0,0.12121212121212122
stage1a_single_agent_tiny,1,22710,341,1,50,50,1,0,144.43756103515625,4.0,4.0,4.0,0.3333333333333333,0.0,0,0,0,19,15,15,0,0.21052631578947367
stage1a_single_agent_tiny,1,22796,342,1,50,50,1,0,113.70000457763672,4.0,4.0,4.0,0.4444444444444444,0.0,0,0,0,86,81,81,0,0.046511627906976744
stage1a_single_agent_tiny,1,22894,343,1,50,50,1,0,116.5644760131836,4.0,4.0,4.0,0.4444444444444444,0.0,0,0,0,98,76,76,0,0.04081632653061224
stage1a_single_agent_tiny,1,22961,344,1,50,50,1,0,119.77429962158203,4.0,4.0,4.0,0.4444444444444444,0.0,0,0,0,67,64,64,0,0.05970149253731343
stage1a_single_agent_tiny,1,22992,345,1,50,50,1,0,136.6277618408203,4.0,4.0,4.0,0.3333333333333333,0.0,0,0,0,31,26,26,0,0.12903225806451613
stage1a_single_agent_tiny,1,23101,346,1,50,50,1,0,108.9462890625,4.0,4.0,4.0,0.4444444444444444,0.0,0,0,0,109,104,104,0,0.03669724770642202
stage1a_single_agent_tiny,1,23116,347,1,50,50,1,0,147.37779235839844,4.0,4.0,4.0,0.3333333333333333,0.0,0,0,0,15,11,11,0,0.26666666666666666
stage1a_single_agent_tiny,1,23222,348,1,50,50,1,0,116.77546691894531,4.0,4.0,4.0,0.4444444444444444,0.0,0,0,0,106,63,63,0,0.03773584905660377
stage1a_single_agent_tiny,1,23257,349,1,50,50,1,0,136.71157836914062,4.0,4.0,4.0,0.3333333333333333,0.0,0,0,0,35,32,32,0,0.11428571428571428
stage1a_single_agent_tiny,1,23289,350,1,50,50,1,0,138.2574920654297,4.0,4.0,4.0,0.3333333333333333,0.0,0,0,0,32,29,29,0,0.125
stage1a_single_agent_tiny,1,23312,351,1,50,50,1,0,147.20999145507812,4.0,4.0,4.0,0.3333333333333333,0.0,0,0,0,23,20,20,0,0.17391304347826086
stage1a_single_agent_tiny,1,23316,352,1,50,50,1,0,148.94894409179688,4.0,4.0,4.0,0.1111111111111111,0.0,0,0,0,4,1,1,0,1.0
stage1a_single_agent_tiny,1,23352,353,1,50,50,1,0,132.63681030273438,4.0,4.0,4.0,0.3333333333333333,0.0,0,0,0,36,33,33,0,0.1111111111111111
stage1a_single_agent_tiny,1,23417,354,1,50,50,1,0,118.5253677368164,4.0,4.0,4.0,0.4444444444444444,0.0,0,0,0,65,62,62,0,0.06153846153846154
stage1a_single_agent_tiny,1,23471,355,1,50,50,1,0,133.48526000976562,4.0,4.0,4.0,0.4444444444444444,0.0,0,0,0,54,51,51,0,0.07407407407407407
stage1a_single_agent_tiny,1,23502,356,1,50,50,1,0,138.4156494140625,4.0,4.0,4.0,0.2222222222222222,0.0,0,0,0,31,1,1,0,0.12903225806451613
stage1a_single_agent_tiny,1,23518,357,1,50,50,1,0,147.2899932861328,4.0,4.0,4.0,0.3333333333333333,0.0,0,0,0,16,13,13,0,0.25
stage1a_single_agent_tiny,1,23522,358,1,50,50,1,0,149.08999633789062,4.0,4.0,4.0,0.1111111111111111,0.0,0,0,0,4,1,1,0,1.0
stage1a_single_agent_tiny,1,23590,359,1,50,50,1,0,127.3838882446289,4.0,4.0,4.0,0.4444444444444444,0.0,0,0,0,68,37,37,0,0.058823529411764705
stage1a_single_agent_tiny,1,23610,360,1,50,50,1,0,145.88999938964844,4.0,4.0,4.0,0.3333333333333333,0.0,0,0,0,20,17,17,0,0.2
stage1a_single_agent_tiny,1,23729,361,1,50,50,1,0,108.83802032470703,4.0,4.0,4.0,0.4444444444444444,0.0,0,0,0,119,116,116,0,0.03361344537815126
stage1a_single_agent_tiny,1,23759,362,1,50,50,1,0,139.7609405517578,4.0,4.0,4.0,0.3333333333333333,0.0,0,0,0,30,19,19,0,0.13333333333333333
stage1a_single_agent_tiny,1,23763,363,1,50,50,1,0,147.43896484375,4.0,4.0,4.0,0.1111111111111111,0.0,0,0,0,4,1,1,0,1.0
stage1a_single_agent_tiny,1,23767,364,1,50,50,1,0,148.9399871826172,4.0,4.0,4.0,0.1111111111111111,0.0,0,0,0,4,1,1,0,1.0
stage1a_single_agent_tiny,1,23854,365,1,50,50,1,0,106.10572814941406,4.0,4.0,4.0,0.4444444444444444,0.0,0,0,0,87,80,80,0,0.04597701149425287
stage1a_single_agent_tiny,1,23892,366,1,50,50,1,0,147.1624298095703,4.0,4.0,4.0,0.4444444444444444,0.0,0,0,0,38,35,35,0,0.10526315789473684
stage1a_single_agent_tiny,1,23901,367,1,50,50,1,0,150.3982696533203,4.0,4.0,4.0,0.2222222222222222,0.0,0,0,0,9,5,5,0,0.4444444444444444
stage1a_single_agent_tiny,1,23905,368,1,50,50,1,0,148.93922424316406,4.0,4.0,4.0,0.1111111111111111,0.0,0,0,0,4,1,1,0,1.0
stage1a_single_agent_tiny,1,23947,369,1,50,50,1,0,143.92999267578125,4.0,4.0,4.0,0.4444444444444444,0.0,0,0,0,42,39,39,0,0.09523809523809523
stage1a_single_agent_tiny,1,23998,370,1,50,50,1,0,127.91448211669922,4.0,4.0,4.0,0.4444444444444444,0.0,0,0,0,51,47,47,0,0.0784313725490196
stage1a_single_agent_tiny,1,24030,371,1,50,50,1,0,141.3897705078125,4.0,4.0,4.0,0.3333333333333333,0.0,0,0,0,32,21,21,0,0.125
stage1a_single_agent_tiny,1,24060,372,1,50,50,1,0,144.23052978515625,4.0,4.0,4.0,0.3333333333333333,0.0,0,0,0,30,10,10,0,0.13333333333333333
stage1a_single_agent_tiny,1,24091,373,1,50,50,1,0,141.23300170898438,4.0,4.0,4.0,0.3333333333333333,0.0,0,0,0,31,12,12,0,0.12903225806451613
stage1a_single_agent_tiny,1,24154,374,1,50,50,1,0,131.93399047851562,4.0,4.0,4.0,0.3333333333333333,0.0,0,0,0,63,54,54,0,0.06349206349206349
stage1a_single_agent_tiny,1,24216,375,1,50,50,1,0,128.95587158203125,4.0,4.0,4.0,0.3333333333333333,0.0,0,0,0,62,45,45,0,0.06451612903225806
stage1a_single_agent_tiny,1,24236,376,1,50,50,1,0,142.91744995117188,4.0,4.0,4.0,0.3333333333333333,0.0,0,0,0,20,17,17,0,0.2
stage1a_single_agent_tiny,1,24264,377,1,50,50,1,0,145.82472229003906,4.0,4.0,4.0,0.4444444444444444,0.0,0,0,0,28,24,24,0,0.14285714285714285
stage1a_single_agent_tiny,1,24297,378,1,50,50,1,0,138.52593994140625,4.0,4.0,4.0,0.4444444444444444,0.0,0,0,0,33,30,30,0,0.12121212121212122
stage1a_single_agent_tiny,1,24301,379,1,50,50,1,0,148.93882751464844,4.0,4.0,4.0,0.1111111111111111,0.0,0,0,0,4,1,1,0,1.0
stage1a_single_agent_tiny,1,24356,380,1,50,50,1,0,129.20535278320312,4.0,4.0,4.0,0.4444444444444444,0.0,0,0,0,55,52,52,0,0.07272727272727272
stage1a_single_agent_tiny,1,24386,381,1,50,50,1,0,136.89501953125,4.0,4.0,4.0,0.2222222222222222,0.0,0,0,0,30,11,11,0,0.13333333333333333
stage1a_single_agent_tiny,1,24469,382,1,50,50,1,0,121.63457489013672,4.0,4.0,4.0,0.4444444444444444,0.0,0,0,0,83,80,80,0,0.04819277108433735
stage1a_single_agent_tiny,1,24480,383,1,50,50,1,0,148.8699951171875,4.0,4.0,4.0,0.2222222222222222,0.0,0,0,0,11,7,7,0,0.36363636363636365
stage1a_single_agent_tiny,1,24538,384,1,50,50,1,0,132.19155883789062,4.0,4.0,4.0,0.4444444444444444,0.0,0,0,0,58,39,39,0,0.06896551724137931
stage1a_single_agent_tiny,1,24542,385,1,50,50,1,0,151.94998168945312,4.0,4.0,4.0,0.1111111111111111,0.0,0,0,0,4,1,1,0,1.0
stage1a_single_agent_tiny,1,24590,386,1,50,50,1,0,132.0713653564453,4.0,4.0,4.0,0.4444444444444444,0.0,0,0,0,48,14,14,0,0.08333333333333333
stage1a_single_agent_tiny,1,24675,387,1,50,50,1,0,114.96517181396484,4.0,4.0,4.0,0.3333333333333333,0.0,0,0,0,85,82,82,0,0.047058823529411764
stage1a_single_agent_tiny,1,24679,388,1,50,50,1,0,148.94000244140625,4.0,4.0,4.0,0.1111111111111111,0.0,0,0,0,4,1,1,0,1.0
stage1a_single_agent_tiny,1,24693,389,1,50,50,1,0,145.86886596679688,4.0,4.0,4.0,0.3333333333333333,0.0,0,0,0,14,11,11,0,0.2857142857142857
stage1a_single_agent_tiny,1,24697,390,1,50,50,1,0,150.43922424316406,4.0,4.0,4.0,0.1111111111111111,0.0,0,0,0,4,1,1,0,1.0
stage1a_single_agent_tiny,1,24705,391,1,50,50,1,0,148.93780517578125,4.0,4.0,4.0,0.2222222222222222,0.0,0,0,0,8,5,5,0,0.5
stage1a_single_agent_tiny,1,24746,392,1,50,50,1,0,139.75485229492188,4.0,4.0,4.0,0.3333333333333333,0.0,0,0,0,41,38,38,0,0.0975609756097561
stage1a_single_agent_tiny,1,24759,393,1,50,50,1,0,147.3352813720703,4.0,4.0,4.0,0.2222222222222222,0.0,0,0,0,13,10,10,0,0.3076923076923077
stage1a_single_agent_tiny,1,24825,394,1,50,50,1,0,132.10589599609375,4.0,4.0,4.0,0.4444444444444444,0.0,0,0,0,66,11,11,0,0.06060606060606061
stage1a_single_agent_tiny,1,24839,395,1,50,50,1,0,144.36868286132812,4.0,4.0,4.0,0.3333333333333333,0.0,0,0,0,14,11,11,0,0.2857142857142857
stage1a_single_agent_tiny,1,24915,396,1,50,50,1,0,131.88465881347656,4.0,4.0,4.0,0.4444444444444444,0.0,0,0,0,76,73,73,0,0.05263157894736842
stage1a_single_agent_tiny,1,24952,397,1,50,50,1,0,133.79449462890625,4.0,4.0,4.0,0.4444444444444444,0.0,0,0,0,37,34,34,0,0.10810810810810811
stage1a_single_agent_tiny,1,24956,398,1,50,50,1,0,151.94998168945312,4.0,4.0,4.0,0.1111111111111111,0.0,0,0,0,4,1,1,0,1.0
stage1a_single_agent_tiny,1,24992,399,1,50,50,1,0,138.00592041015625,4.0,4.0,4.0,0.3333333333333333,0.0,0,0,0,36,31,31,0,0.1111111111111111
stage1a_single_agent_tiny,1,24996,400,1,50,50,1,0,150.44921875,4.0,4.0,4.0,0.1111111111111111,0.0,0,0,0,4,1,1,0,1.0
stage1a_single_agent_tiny,1,25028,401,1,50,50,1,0,136.90638732910156,4.0,4.0,4.0,0.4444444444444444,0.0,0,0,0,32,19,19,0,0.125
stage1a_single_agent_tiny,1,25132,402,1,50,50,1,0,121.05686950683594,4.0,4.0,4.0,0.4444444444444444,0.0,0,0,0,104,101,101,0,0.038461538461538464
stage1a_single_agent_tiny,1,25145,403,1,50,50,1,0,147.5,4.0,4.0,4.0,0.3333333333333333,0.0,0,0,0,13,10,10,0,0.3076923076923077
stage1a_single_agent_tiny,1,25154,404,1,50,50,1,0,151.8699951171875,4.0,4.0,4.0,0.1111111111111111,0.0,0,0,0,9,1,1,0,0.4444444444444444
stage1a_single_agent_tiny,1,25198,405,1,50,50,1,0,132.11093139648438,4.0,4.0,4.0,0.4444444444444444,0.0,0,0,0,44,40,40,0,0.09090909090909091
stage1a_single_agent_tiny,1,25202,406,1,50,50,1,0,150.58999633789062,4.0,4.0,4.0,0.1111111111111111,0.0,0,0,0,4,1,1,0,1.0
stage1a_single_agent_tiny,1,25206,407,1,50,50,1,0,148.93881225585938,4.0,4.0,4.0,0.1111111111111111,0.0,0,0,0,4,1,1,0,1.0
stage1a_single_agent_tiny,1,25218,408,1,50,50,1,0,147.40792846679688,4.0,4.0,4.0,0.3333333333333333,0.0,0,0,0,12,9,9,0,0.3333333333333333
stage1a_single_agent_tiny,1,25222,409,1,50,50,1,0,148.93890380859375,4.0,4.0,4.0,0.1111111111111111,0.0,0,0,0,4,1,1,0,1.0
stage1a_single_agent_tiny,1,25231,410,1,50,50,1,0,148.92721557617188,4.0,4.0,4.0,0.3333333333333333,0.0,0,0,0,9,6,6,0,0.4444444444444444
stage1a_single_agent_tiny,1,25260,411,1,50,50,1,0,138.3940887451172,4.0,4.0,4.0,0.3333333333333333,0.0,0,0,0,29,26,26,0,0.13793103448275862
stage1a_single_agent_tiny,1,25299,412,1,50,50,1,0,136.61264038085938,4.0,4.0,4.0,0.3333333333333333,0.0,0,0,0,39,36,36,0,0.10256410256410256
stage1a_single_agent_tiny,1,25382,413,1,50,50,1,0,112.42280578613281,4.0,4.0,4.0,0.4444444444444444,0.0,0,0,0,83,20,20,0,0.04819277108433735
stage1a_single_agent_tiny,1,25386,414,1,50,50,1,0,151.94998168945312,4.0,4.0,4.0,0.1111111111111111,0.0,0,0,0,4,1,1,0,1.0
stage1a_single_agent_tiny,1,25506,415,1,50,50,1,0,-53.73801803588867,0.0,0.0,0.0,0.4444444444444444,0.0,0,0,4,120,-1,-1,-1,0.0
stage1a_single_agent_tiny,1,25553,416,1,50,50,1,0,136.54940795898438,4.0,4.0,4.0,0.4444444444444444,0.0,0,0,0,47,44,44,0,0.0851063829787234
stage1a_single_agent_tiny,1,25673,417,1,50,50,1,0,-41.59102249145508,0.0,0.0,0.0,0.4444444444444444,0.0,0,0,4,120,-1,-1,-1,0.0
stage1a_single_agent_tiny,1,25684,418,1,50,50,1,0,149.0381317138672,4.0,4.0,4.0,0.3333333333333333,0.0,0,0,0,11,8,8,0,0.36363636363636365
stage1a_single_agent_tiny,1,25688,419,1,50,50,1,0,148.94000244140625,4.0,4.0,4.0,0.1111111111111111,0.0,0,0,0,4,1,1,0,1.0
stage1a_single_agent_tiny,1,25710,420,1,50,50,1,0,142.70692443847656,4.0,4.0,4.0,0.3333333333333333,0.0,0,0,0,22,18,18,0,0.18181818181818182
stage1a_single_agent_tiny,1,25764,421,1,50,50,1,0,138.26416015625,4.0,4.0,4.0,0.3333333333333333,0.0,0,0,0,54,38,38,0,0.07407407407407407
stage1a_single_agent_tiny,1,25768,422,1,50,50,1,0,151.94998168945312,4.0,4.0,4.0,0.1111111111111111,0.0,0,0,0,4,1,1,0,1.0
stage1a_single_agent_tiny,1,25791,423,1,50,50,1,0,142.8466796875,4.0,4.0,4.0,0.3333333333333333,0.0,0,0,0,23,20,20,0,0.17391304347826086
stage1a_single_agent_tiny,1,25858,424,1,50,50,1,0,130.74276733398438,4.0,4.0,4.0,0.4444444444444444,0.0,0,0,0,67,26,26,0,0.05970149253731343
stage1a_single_agent_tiny,1,25913,425,1,50,50,1,0,132.0751953125,4.0,4.0,4.0,0.4444444444444444,0.0,0,0,0,55,52,52,0,0.07272727272727272
stage1a_single_agent_tiny,1,25917,426,1,50,50,1,0,151.94998168945312,4.0,4.0,4.0,0.1111111111111111,0.0,0,0,0,4,1,1,0,1.0
stage1a_single_agent_tiny,1,25971,427,1,50,50,1,0,131.93551635742188,4.0,4.0,4.0,0.4444444444444444,0.0,0,0,0,54,51,51,0,0.07407407407407407
stage1a_single_agent_tiny,1,26017,428,1,50,50,1,0,139.66366577148438,4.0,4.0,4.0,0.3333333333333333,0.0,0,0,0,46,43,43,0,0.08695652173913043
stage1a_single_agent_tiny,1,26046,429,1,50,50,1,0,145.90521240234375,4.0,4.0,4.0,0.3333333333333333,0.0,0,0,0,29,26,26,0,0.13793103448275862
stage1a_single_agent_tiny,1,26050,430,1,50,50,1,0,148.94923400878906,4.0,4.0,4.0,0.1111111111111111,0.0,0,0,0,4,1,1,0,1.0
stage1a_single_agent_tiny,1,26070,431,1,50,50,1,0,139.89999389648438,4.0,4.0,4.0,0.3333333333333333,0.0,0,0,0,20,17,17,0,0.2
stage1a_single_agent_tiny,1,26136,432,1,50,50,1,0,130.5563201904297,4.0,4.0,4.0,0.4444444444444444,0.0,0,0,0,66,62,62,0,0.06060606060606061
stage1a_single_agent_tiny,1,26146,433,1,50,50,1,0,148.8699951171875,4.0,4.0,4.0,0.2222222222222222,0.0,0,0,0,10,7,7,0,0.4
stage1a_single_agent_tiny,1,26204,434,1,50,50,1,0,129.17593383789062,4.0,4.0,4.0,0.4444444444444444,0.0,0,0,0,58,31,31,0,0.06896551724137931
stage1a_single_agent_tiny,1,26222,435,1,50,50,1,0,147.27999877929688,4.0,4.0,4.0,0.3333333333333333,0.0,0,0,0,18,15,15,0,0.2222222222222222
stage1a_single_agent_tiny,1,26245,436,1,50,50,1,0,144.37342834472656,4.0,4.0,4.0,0.3333333333333333,0.0,0,0,0,23,20,20,0,0.17391304347826086
stage1a_single_agent_tiny,1,26278,437,1,50,50,1,0,141.55349731445312,4.0,4.0,4.0,0.4444444444444444,0.0,0,0,0,33,28,28,0,0.12121212121212122
stage1a_single_agent_tiny,1,26282,438,1,50,50,1,0,148.94000244140625,4.0,4.0,4.0,0.1111111111111111,0.0,0,0,0,4,1,1,0,1.0
stage1a_single_agent_tiny,1,26307,439,1,50,50,1,0,142.68856811523438,4.0,4.0,4.0,0.3333333333333333,0.0,0,0,0,25,21,21,0,0.16
stage1a_single_agent_tiny,1,26320,440,1,50,50,1,0,142.8199920654297,4.0,4.0,4.0,0.2222222222222222,0.0,0,0,0,13,9,9,0,0.3076923076923077
stage1a_single_agent_tiny,1,26379,441,1,50,50,1,0,135.00755310058594,4.0,4.0,4.0,0.3333333333333333,0.0,0,0,0,59,56,56,0,0.06779661016949153
stage1a_single_agent_tiny,1,26423,442,1,50,50,1,0,135.1053924560547,4.0,4.0,4.0,0.4444444444444444,0.0,0,0,0,44,38,38,0,0.09090909090909091
stage1a_single_agent_tiny,1,26442,443,1,50,50,1,0,145.93728637695312,4.0,4.0,4.0,0.3333333333333333,0.0,0,0,0,19,16,16,0,0.21052631578947367
stage1a_single_agent_tiny,1,26562,444,1,50,50,1,0,40.44364929199219,2.0,2.0,2.0,0.4444444444444444,0.0,0,0,2,120,100,100,0,0.016666666666666666
stage1a_single_agent_tiny,1,26682,445,1,50,50,1,0,-51.056053161621094,0.0,0.0,0.0,0.4444444444444444,0.0,0,0,4,120,-1,-1,-1,0.0
stage1a_single_agent_tiny,1,26713,446,1,50,50,1,0,139.56997680664062,4.0,4.0,4.0,0.2222222222222222,0.0,0,0,0,31,28,28,0,0.12903225806451613
stage1a_single_agent_tiny,1,26733,447,1,50,50,1,0,144.22000122070312,4.0,4.0,4.0,0.2222222222222222,0.0,0,0,0,20,17,17,0,0.2
stage1a_single_agent_tiny,1,26773,448,1,50,50,1,0,139.78424072265625,4.0,4.0,4.0,0.4444444444444444,0.0,0,0,0,40,37,37,0,0.1
stage1a_single_agent_tiny,1,26872,449,1,50,50,1,0,112.27615356445312,4.0,4.0,4.0,0.4444444444444444,0.0,0,0,0,99,96,96,0,0.04040404040404041
stage1a_single_agent_tiny,1,26907,450,1,50,50,1,0,141.21653747558594,4.0,4.0,4.0,0.3333333333333333,0.0,0,0,0,35,22,22,0,0.11428571428571428
stage1a_single_agent_tiny,1,26921,451,1,50,50,1,0,145.8580322265625,4.0,4.0,4.0,0.3333333333333333,0.0,0,0,0,14,11,11,0,0.2857142857142857
stage1a_single_agent_tiny,1,27035,452,1,50,50,1,0,113.22428894042969,4.0,4.0,4.0,0.4444444444444444,0.0,0,0,0,114,106,106,0,0.03508771929824561
stage1a_single_agent_tiny,1,27063,453,1,50,50,1,0,136.80517578125,4.0,4.0,4.0,0.4444444444444444,0.0,0,0,0,28,25,25,0,0.14285714285714285
stage1a_single_agent_tiny,1,27067,454,1,50,50,1,0,147.43899536132812,4.0,4.0,4.0,0.1111111111111111,0.0,0,0,0,4,1,1,0,1.0
stage1a_single_agent_tiny,1,27116,455,1,50,50,1,0,133.36724853515625,4.0,4.0,4.0,0.4444444444444444,0.0,0,0,0,49,16,16,0,0.08163265306122448
stage1a_single_agent_tiny,1,27181,456,1,50,50,1,0,115.46720123291016,4.0,4.0,4.0,0.4444444444444444,0.0,0,0,0,65,62,62,0,0.06153846153846154
stage1a_single_agent_tiny,1,27221,457,1,50,50,1,0,136.64727783203125,4.0,4.0,4.0,0.4444444444444444,0.0,0,0,0,40,37,37,0,0.1
stage1a_single_agent_tiny,1,27245,458,1,50,50,1,0,142.85464477539062,4.0,4.0,4.0,0.3333333333333333,0.0,0,0,0,24,21,21,0,0.16666666666666666
stage1a_single_agent_tiny,1,27268,459,1,50,50,1,0,142.99713134765625,4.0,4.0,4.0,0.3333333333333333,0.0,0,0,0,23,19,19,0,0.17391304347826086
stage1a_single_agent_tiny,1,27285,460,1,50,50,1,0,145.8082275390625,4.0,4.0,4.0,0.3333333333333333,0.0,0,0,0,17,14,14,0,0.23529411764705882
stage1a_single_agent_tiny,1,27289,461,1,50,50,1,0,148.93890380859375,4.0,4.0,4.0,0.1111111111111111,0.0,0,0,0,4,1,1,0,1.0
stage1a_single_agent_tiny,1,27362,462,1,50,50,1,0,122.8153076171875,4.0,4.0,4.0,0.4444444444444444,0.0,0,0,0,73,69,69,0,0.0547945205479452
stage1a_single_agent_tiny,1,27425,463,1,50,50,1,0,131.98507690429688,4.0,4.0,4.0,0.4444444444444444,0.0,0,0,0,63,51,51,0,0.06349206349206349
stage1a_single_agent_tiny,1,27474,464,1,50,50,1,0,133.81788635253906,4.0,4.0,4.0,0.4444444444444444,0.0,0,0,0,49,45,45,0,0.08163265306122448
stage1a_single_agent_tiny,1,27504,465,1,50,50,1,0,144.11456298828125,4.0,4.0,4.0,0.3333333333333333,0.0,0,0,0,30,26,26,0,0.13333333333333333
stage1a_single_agent_tiny,1,27520,466,1,50,50,1,0,147.3280029296875,4.0,4.0,4.0,0.3333333333333333,0.0,0,0,0,16,13,13,0,0.25
stage1a_single_agent_tiny,1,27524,467,1,50,50,1,0,148.95895385742188,4.0,4.0,4.0,0.1111111111111111,0.0,0,0,0,4,1,1,0,1.0
stage1a_single_agent_tiny,1,27591,468,1,50,50,1,0,127.22440338134766,4.0,4.0,4.0,0.3333333333333333,0.0,0,0,0,67,64,64,0,0.05970149253731343
stage1a_single_agent_tiny,1,27628,469,1,50,50,1,0,135.33535766601562,4.0,4.0,4.0,0.3333333333333333,0.0,0,0,0,37,32,32,0,0.10810810810810811
stage1a_single_agent_tiny,1,27648,470,1,50,50,1,0,142.8960723876953,4.0,4.0,4.0,0.2222222222222222,0.0,0,0,0,20,17,17,0,0.2
stage1a_single_agent_tiny,1,27768,471,1,50,50,1,0,72.39263916015625,3.0,3.0,3.0,0.4444444444444444,0.0,0,0,1,120,1,1,0,0.025
stage1a_single_agent_tiny,1,27784,472,1,50,50,1,0,145.83799743652344,4.0,4.0,4.0,0.3333333333333333,0.0,0,0,0,16,13,13,0,0.25
stage1a_single_agent_tiny,1,27831,473,1,50,50,1,0,133.55911254882812,4.0,4.0,4.0,0.4444444444444444,0.0,0,0,0,47,44,44,0,0.0851063829787234
stage1a_single_agent_tiny,1,27859,474,1,50,50,1,0,135.31692504882812,4.0,4.0,4.0,0.4444444444444444,0.0,0,0,0,28,25,25,0,0.14285714285714285
stage1a_single_agent_tiny,1,27887,475,1,50,50,1,0,144.28598022460938,4.0,4.0,4.0,0.3333333333333333,0.0,0,0,0,28,25,25,0,0.14285714285714285
stage1a_single_agent_tiny,1,27944,476,1,50,50,1,0,125.90623474121094,4.0,4.0,4.0,0.4444444444444444,0.0,0,0,0,57,54,54,0,0.07017543859649122
stage1a_single_agent_tiny,1,28064,477,1,50,50,1,0,5.57375431060791,1.0,1.0,1.0,0.4444444444444444,0.0,0,0,3,120,66,66,0,0.008333333333333333
stage1a_single_agent_tiny,1,28134,478,1,50,50,1,0,125.89598846435547,4.0,4.0,4.0,0.4444444444444444,0.0,0,0,0,70,21,21,0,0.05714285714285714
stage1a_single_agent_tiny,1,28138,479,1,50,50,1,0,149.0992431640625,4.0,4.0,4.0,0.1111111111111111,0.0,0,0,0,4,1,1,0,1.0
stage1a_single_agent_tiny,1,28253,480,1,50,50,1,0,115.30744934082031,4.0,4.0,4.0,0.4444444444444444,0.0,0,0,0,115,112,112,0,0.034782608695652174
stage1a_single_agent_tiny,1,28263,481,1,50,50,1,0,147.42538452148438,4.0,4.0,4.0,0.2222222222222222,0.0,0,0,0,10,7,7,0,0.4
stage1a_single_agent_tiny,1,28299,482,1,50,50,1,0,134.0055389404297,4.0,4.0,4.0,0.3333333333333333,0.0,0,0,0,36,17,17,0,0.1111111111111111
stage1a_single_agent_tiny,1,28336,483,1,50,50,1,0,138.285888671875,4.0,4.0,4.0,0.2222222222222222,0.0,0,0,0,37,34,34,0,0.10810810810810811
stage1a_single_agent_tiny,1,28340,484,1,50,50,1,0,148.94000244140625,4.0,4.0,4.0,0.1111111111111111,0.0,0,0,0,4,1,1,0,1.0
stage1a_single_agent_tiny,1,28411,485,1,50,50,1,0,129.02000427246094,4.0,4.0,4.0,0.4444444444444444,0.0,0,0,0,71,67,67,0,0.056338028169014086
stage1a_single_agent_tiny,1,28422,486,1,50,50,1,0,148.92794799804688,4.0,4.0,4.0,0.3333333333333333,0.0,0,0,0,11,8,8,0,0.36363636363636365
stage1a_single_agent_tiny,1,28478,487,1,50,50,1,0,126.39128875732422,4.0,4.0,4.0,0.4444444444444444,0.0,0,0,0,56,25,25,0,0.07142857142857142
stage1a_single_agent_tiny,1,28543,488,1,50,50,1,0,133.48663330078125,4.0,4.0,4.0,0.4444444444444444,0.0,0,0,0,65,62,62,0,0.06153846153846154
stage1a_single_agent_tiny,1,28576,489,1,50,50,1,0,139.71127319335938,4.0,4.0,4.0,0.3333333333333333,0.0,0,0,0,33,30,30,0,0.12121212121212122
stage1a_single_agent_tiny,1,28580,490,1,50,50,1,0,148.94000244140625,4.0,4.0,4.0,0.1111111111111111,0.0,0,0,0,4,1,1,0,1.0
stage1a_single_agent_tiny,1,28634,491,1,50,50,1,0,132.2393035888672,4.0,4.0,4.0,0.4444444444444444,0.0,0,0,0,54,28,28,0,0.07407407407407407
stage1a_single_agent_tiny,1,28686,492,1,50,50,1,0,134.0280303955078,4.0,4.0,4.0,0.4444444444444444,0.0,0,0,0,52,26,26,0,0.07692307692307693
stage1a_single_agent_tiny,1,28727,493,1,50,50,1,0,133.88119506835938,4.0,4.0,4.0,0.4444444444444444,0.0,0,0,0,41,12,12,0,0.0975609756097561
stage1a_single_agent_tiny,1,28820,494,1,50,50,1,0,106.30229949951172,4.0,4.0,4.0,0.4444444444444444,0.0,0,0,0,93,90,90,0,0.043010752688172046
stage1a_single_agent_tiny,1,28838,495,1,50,50,1,0,144.44766235351562,4.0,4.0,4.0,0.3333333333333333,0.0,0,0,0,18,15,15,0,0.2222222222222222
stage1a_single_agent_tiny,1,28842,496,1,50,50,1,0,148.93910217285156,4.0,4.0,4.0,0.1111111111111111,0.0,0,0,0,4,1,1,0,1.0
stage1a_single_agent_tiny,1,28901,497,1,50,50,1,0,124.69583129882812,4.0,4.0,4.0,0.4444444444444444,0.0,0,0,0,59,56,56,0,0.06779661016949153
stage1a_single_agent_tiny,1,28957,498,1,50,50,1,0,130.63003540039062,4.0,4.0,4.0,0.4444444444444444,0.0,0,0,0,56,53,53,0,0.07142857142857142
stage1a_single_agent_tiny,1,29038,499,1,50,50,1,0,125.91950225830078,4.0,4.0,4.0,0.4444444444444444,0.0,0,0,0,81,29,29,0,0.04938271604938271
stage1a_single_agent_tiny,1,29047,500,1,50,50,1,0,148.95716857910156,4.0,4.0,4.0,0.3333333333333333,0.0,0,0,0,9,5,5,0,0.4444444444444444
stage1a_single_agent_tiny,1,29109,501,1,50,50,1,0,121.49781036376953,4.0,4.0,4.0,0.4444444444444444,0.0,0,0,0,62,58,58,0,0.06451612903225806
stage1a_single_agent_tiny,1,29117,502,1,50,50,1,0,151.88998413085938,4.0,4.0,4.0,0.1111111111111111,0.0,0,0,0,8,1,1,0,0.5
stage1a_single_agent_tiny,1,29132,503,1,50,50,1,0,144.34780883789062,4.0,4.0,4.0,0.3333333333333333,0.0,0,0,0,15,10,10,0,0.26666666666666666
stage1a_single_agent_tiny,1,29195,504,1,50,50,1,0,124.64734649658203,4.0,4.0,4.0,0.4444444444444444,0.0,0,0,0,63,60,60,0,0.06349206349206349
stage1a_single_agent_tiny,1,29228,505,1,50,50,1,0,138.27520751953125,4.0,4.0,4.0,0.4444444444444444,0.0,0,0,0,33,30,30,0,0.12121212121212122
stage1a_single_agent_tiny,1,29304,506,1,50,50,1,0,125.83007049560547,4.0,4.0,4.0,0.4444444444444444,0.0,0,0,0,76,9,9,0,0.05263157894736842
stage1a_single_agent_tiny,1,29419,507,1,50,50,1,0,103.38790130615234,4.0,4.0,4.0,0.4444444444444444,0.0,0,0,0,115,112,112,0,0.034782608695652174
stage1a_single_agent_tiny,1,29539,508,1,50,50,1,0,-24.621461868286133,1.0,1.0,1.0,0.4444444444444444,0.0,0,0,3,120,91,91,0,0.008333333333333333
stage1a_single_agent_tiny,1,29551,509,1,50,50,1,0,144.3758544921875,4.0,4.0,4.0,0.2222222222222222,0.0,0,0,0,12,9,9,0,0.3333333333333333
stage1a_single_agent_tiny,1,29597,510,1,50,50,1,0,133.73501586914062,4.0,4.0,4.0,0.4444444444444444,0.0,0,0,0,46,43,43,0,0.08695652173913043
stage1a_single_agent_tiny,1,29633,511,1,50,50,1,0,138.20565795898438,4.0,4.0,4.0,0.3333333333333333,0.0,0,0,0,36,33,33,0,0.1111111111111111
stage1a_single_agent_tiny,1,29753,512,1,50,50,1,0,17.86009407043457,2.0,2.0,2.0,0.4444444444444444,0.0,0,0,2,120,47,47,0,0.016666666666666666
stage1a_single_agent_tiny,1,29813,513,1,50,50,1,0,127.35559844970703,4.0,4.0,4.0,0.3333333333333333,0.0,0,0,0,60,57,57,0,0.06666666666666667
stage1a_single_agent_tiny,1,29885,514,1,50,50,1,0,115.38269805908203,4.0,4.0,4.0,0.4444444444444444,0.0,0,0,0,72,1,1,0,0.05555555555555555
stage1a_single_agent_tiny,1,29988,515,1,50,50,1,0,101.57160186767578,4.0,4.0,4.0,0.4444444444444444,0.0,0,0,0,103,12,12,0,0.038834951456310676
stage1a_single_agent_tiny,1,30020,516,1,50,50,1,0,141.21270751953125,4.0,4.0,4.0,0.3333333333333333,0.0,0,0,0,32,29,29,0,0.125
stage1a_single_agent_tiny,1,30080,517,1,50,50,1,0,123.01942443847656,4.0,4.0,4.0,0.4444444444444444,0.0,0,0,0,60,24,24,0,0.06666666666666667
stage1a_single_agent_tiny,1,30200,518,1,50,50,1,0,69.57677459716797,3.0,3.0,3.0,0.4444444444444444,0.0,0,0,1,120,71,71,0,0.025
stage1a_single_agent_tiny,1,30216,519,1,50,50,1,0,142.99664306640625,4.0,4.0,4.0,0.3333333333333333,0.0,0,0,0,16,13,13,0,0.25
stage1a_single_agent_tiny,1,30293,520,1,50,50,1,0,125.8383560180664,4.0,4.0,4.0,0.4444444444444444,0.0,0,0,0,77,74,74,0,0.05194805194805195
stage1a_single_agent_tiny,1,30310,521,1,50,50,1,0,147.4923095703125,4.0,4.0,4.0,0.3333333333333333,0.0,0,0,0,17,12,12,0,0.23529411764705882
stage1a_single_agent_tiny,1,30354,522,1,50,50,1,0,135.12884521484375,4.0,4.0,4.0,0.4444444444444444,0.0,0,0,0,44,41,41,0,0.09090909090909091
stage1a_single_agent_tiny,1,30380,523,1,50,50,1,0,138.35623168945312,4.0,4.0,4.0,0.3333333333333333,0.0,0,0,0,26,21,21,0,0.15384615384615385
stage1a_single_agent_tiny,1,30436,524,1,50,50,1,0,127.73417663574219,4.0,4.0,4.0,0.3333333333333333,0.0,0,0,0,56,52,52,0,0.07142857142857142
stage1a_single_agent_tiny,1,30447,525,1,50,50,1,0,145.92822265625,4.0,4.0,4.0,0.3333333333333333,0.0,0,0,0,11,8,8,0,0.36363636363636365
stage1a_single_agent_tiny,1,30471,526,1,50,50,1,0,144.39459228515625,4.0,4.0,4.0,0.4444444444444444,0.0,0,0,0,24,20,20,0,0.16666666666666666
stage1a_single_agent_tiny,1,30500,527,1,50,50,1,0,139.79556274414062,4.0,4.0,4.0,0.3333333333333333,0.0,0,0,0,29,26,26,0,0.13793103448275862
stage1a_single_agent_tiny,1,30551,528,1,50,50,1,0,127.52593231201172,4.0,4.0,4.0,0.4444444444444444,0.0,0,0,0,51,48,48,0,0.0784313725490196
stage1a_single_agent_tiny,1,30562,529,1,50,50,1,0,147.4056396484375,4.0,4.0,4.0,0.2222222222222222,0.0,0,0,0,11,8,8,0,0.36363636363636365
stage1a_single_agent_tiny,1,30682,530,1,50,50,1,0,68.00503540039062,3.0,3.0,3.0,0.4444444444444444,0.0,0,0,1,120,77,77,0,0.025
stage1a_single_agent_tiny,1,30690,531,1,50,50,1,0,150.437255859375,4.0,4.0,4.0,0.2222222222222222,0.0,0,0,0,8,5,5,0,0.5
stage1a_single_agent_tiny,1,30695,532,1,50,50,1,0,147.5800018310547,4.0,4.0,4.0,0.1111111111111111,0.0,0,0,0,5,1,1,0,0.8
stage1a_single_agent_tiny,1,30724,533,1,50,50,1,0,145.81591796875,4.0,4.0,4.0,0.4444444444444444,0.0,0,0,0,29,26,26,0,0.13793103448275862
stage1a_single_agent_tiny,1,30793,534,1,50,50,1,0,127.36126708984375,4.0,4.0,4.0,0.4444444444444444,0.0,0,0,0,69,66,66,0,0.057971014492753624
stage1a_single_agent_tiny,1,30820,535,1,50,50,1,0,141.34469604492188,4.0,4.0,4.0,0.3333333333333333,0.0,0,0,0,27,24,24,0,0.14814814814814814
stage1a_single_agent_tiny,1,30842,536,1,50,50,1,0,138.57595825195312,4.0,4.0,4.0,0.3333333333333333,0.0,0,0,0,22,19,19,0,0.18181818181818182
stage1a_single_agent_tiny,1,30846,537,1,50,50,1,0,150.4399871826172,4.0,4.0,4.0,0.1111111111111111,0.0,0,0,0,4,1,1,0,1.0
stage1a_single_agent_tiny,1,30862,538,1,50,50,1,0,142.85830688476562,4.0,4.0,4.0,0.3333333333333333,0.0,0,0,0,16,12,12,0,0.25
stage1a_single_agent_tiny,1,30960,539,1,50,50,1,0,115.05494689941406,4.0,4.0,4.0,0.3333333333333333,0.0,0,0,0,98,95,95,0,0.04081632653061224
stage1a_single_agent_tiny,1,31019,540,1,50,50,1,0,124.72714233398438,4.0,4.0,4.0,0.4444444444444444,0.0,0,0,0,59,54,54,0,0.06779661016949153
stage1a_single_agent_tiny,1,31052,541,1,50,50,1,0,139.7333526611328,4.0,4.0,4.0,0.3333333333333333,0.0,0,0,0,33,12,12,0,0.12121212121212122
stage1a_single_agent_tiny,1,31105,542,1,50,50,1,0,129.09536743164062,4.0,4.0,4.0,0.3333333333333333,0.0,0,0,0,53,49,49,0,0.07547169811320754
stage1a_single_agent_tiny,1,31161,543,1,50,50,1,0,127.60501861572266,4.0,4.0,4.0,0.4444444444444444,0.0,0,0,0,56,53,53,0,0.07142857142857142
stage1a_single_agent_tiny,1,31169,544,1,50,50,1,0,148.937744140625,4.0,4.0,4.0,0.3333333333333333,0.0,0,0,0,8,5,5,0,0.5
stage1a_single_agent_tiny,1,31213,545,1,50,50,1,0,130.58572387695312,4.0,4.0,4.0,0.4444444444444444,0.0,0,0,0,44,40,40,0,0.09090909090909091
stage1a_single_agent_tiny,1,31320,546,1,50,50,1,0,104.7132568359375,4.0,4.0,4.0,0.4444444444444444,0.0,0,0,0,107,71,71,0,0.037383177570093455
stage1a_single_agent_tiny,1,31440,547,1,50,50,1,0,63.27458953857422,3.0,3.0,3.0,0.4444444444444444,0.0,0,0,1,120,67,67,0,0.025
stage1a_single_agent_tiny,1,31515,548,1,50,50,1,0,131.63323974609375,4.0,4.0,4.0,0.4444444444444444,0.0,0,0,0,75,27,27,0,0.05333333333333334
stage1a_single_agent_tiny,1,31568,549,1,50,50,1,0,133.6598663330078,4.0,4.0,4.0,0.4444444444444444,0.0,0,0,0,53,7,7,0,0.07547169811320754
stage1a_single_agent_tiny,1,31581,550,1,50,50,1,0,145.89736938476562,4.0,4.0,4.0,0.3333333333333333,0.0,0,0,0,13,9,9,0,0.3076923076923077
stage1a_single_agent_tiny,1,31625,551,1,50,50,1,0,139.76669311523438,4.0,4.0,4.0,0.4444444444444444,0.0,0,0,0,44,41,41,0,0.09090909090909091
stage1a_single_agent_tiny,1,31644,552,1,50,50,1,0,142.739990234375,4.0,4.0,4.0,0.2222222222222222,0.0,0,0,0,19,16,16,0,0.21052631578947367
stage1a_single_agent_tiny,1,31688,553,1,50,50,1,0,132.26730346679688,4.0,4.0,4.0,0.4444444444444444,0.0,0,0,0,44,41,41,0,0.09090909090909091
stage1a_single_agent_tiny,1,31713,554,1,50,50,1,0,144.29150390625,4.0,4.0,4.0,0.1111111111111111,0.0,0,0,0,25,1,1,0,0.16
stage1a_single_agent_tiny,1,31755,555,1,50,50,1,0,135.12661743164062,4.0,4.0,4.0,0.4444444444444444,0.0,0,0,0,42,39,39,0,0.09523809523809523
stage1a_single_agent_tiny,1,31803,556,1,50,50,1,0,135.16195678710938,4.0,4.0,4.0,0.3333333333333333,0.0,0,0,0,48,24,24,0,0.08333333333333333
stage1a_single_agent_tiny,1,31814,557,1,50,50,1,0,148.92758178710938,4.0,4.0,4.0,0.3333333333333333,0.0,0,0,0,11,8,8,0,0.36363636363636365
stage1a_single_agent_tiny,1,31888,558,1,50,50,1,0,118.50882720947266,4.0,4.0,4.0,0.4444444444444444,0.0,0,0,0,74,40,40,0,0.05405405405405406
stage1a_single_agent_tiny,1,31926,559,1,50,50,1,0,141.17388916015625,4.0,4.0,4.0,0.3333333333333333,0.0,0,0,0,38,34,34,0,0.10526315789473684
stage1a_single_agent_tiny,1,31959,560,1,50,50,1,0,141.41127014160156,4.0,4.0,4.0,0.4444444444444444,0.0,0,0,0,33,29,29,0,0.12121212121212122
stage1a_single_agent_tiny,1,32021,561,1,50,50,1,0,126.0048599243164,4.0,4.0,4.0,0.4444444444444444,0.0,0,0,0,62,59,59,0,0.06451612903225806
stage1a_single_agent_tiny,1,32107,562,1,50,50,1,0,122.88180541992188,4.0,4.0,4.0,0.4444444444444444,0.0,0,0,0,86,63,63,0,0.046511627906976744
stage1a_single_agent_tiny,1,32127,563,1,50,50,1,0,146.0706787109375,4.0,4.0,4.0,0.2222222222222222,0.0,0,0,0,20,15,15,0,0.2
stage1a_single_agent_tiny,1,32163,564,1,50,50,1,0,136.7821502685547,4.0,4.0,4.0,0.4444444444444444,0.0,0,0,0,36,32,32,0,0.1111111111111111
stage1a_single_agent_tiny,1,32197,565,1,50,50,1,0,144.26559448242188,4.0,4.0,4.0,0.4444444444444444,0.0,0,0,0,34,31,31,0,0.11764705882352941
stage1a_single_agent_tiny,1,32209,566,1,50,50,1,0,147.41830444335938,4.0,4.0,4.0,0.3333333333333333,0.0,0,0,0,12,9,9,0,0.3333333333333333
stage1a_single_agent_tiny,1,32213,567,1,50,50,1,0,149.08999633789062,4.0,4.0,4.0,0.1111111111111111,0.0,0,0,0,4,1,1,0,1.0
stage1a_single_agent_tiny,1,32256,568,1,50,50,1,0,138.0916290283203,4.0,4.0,4.0,0.4444444444444444,0.0,0,0,0,43,39,39,0,0.09302325581395349
stage1a_single_agent_tiny,1,32296,569,1,50,50,1,0,137.08123779296875,4.0,4.0,4.0,0.4444444444444444,0.0,0,0,0,40,12,12,0,0.1
stage1a_single_agent_tiny,1,32300,570,1,50,50,1,0,150.4399871826172,4.0,4.0,4.0,0.1111111111111111,0.0,0,0,0,4,1,1,0,1.0
stage1a_single_agent_tiny,1,32338,571,1,50,50,1,0,139.86492919921875,4.0,4.0,4.0,0.4444444444444444,0.0,0,0,0,38,35,35,0,0.10526315789473684
stage1a_single_agent_tiny,1,32402,572,1,50,50,1,0,130.50698852539062,4.0,4.0,4.0,0.3333333333333333,0.0,0,0,0,64,61,61,0,0.0625
stage1a_single_agent_tiny,1,32437,573,1,50,50,1,0,142.82156372070312,4.0,4.0,4.0,0.4444444444444444,0.0,0,0,0,35,5,5,0,0.11428571428571428
stage1a_single_agent_tiny,1,32472,574,1,50,50,1,0,133.5614013671875,4.0,4.0,4.0,0.3333333333333333,0.0,0,0,0,35,32,32,0,0.11428571428571428
stage1a_single_agent_tiny,1,32522,575,1,50,50,1,0,128.96975708007812,4.0,4.0,4.0,0.4444444444444444,0.0,0,0,0,50,44,44,0,0.08
stage1a_single_agent_tiny,1,32642,576,1,50,50,1,0,20.989870071411133,2.0,2.0,2.0,0.4444444444444444,0.0,0,0,2,120,103,103,0,0.016666666666666666
stage1a_single_agent_tiny,1,32697,577,1,50,50,1,0,132.57620239257812,4.0,4.0,4.0,0.4444444444444444,0.0,0,0,0,55,23,23,0,0.07272727272727272
stage1a_single_agent_tiny,1,32709,578,1,50,50,1,0,147.40557861328125,4.0,4.0,4.0,0.2222222222222222,0.0,0,0,0,12,8,8,0,0.3333333333333333
stage1a_single_agent_tiny,1,32786,579,1,50,50,1,0,118.46804809570312,4.0,4.0,4.0,0.4444444444444444,0.0,0,0,0,77,38,38,0,0.05194805194805195
stage1a_single_agent_tiny,1,32796,580,1,50,50,1,0,148.90805053710938,4.0,4.0,4.0,0.2222222222222222,0.0,0,0,0,10,7,7,0,0.4
stage1a_single_agent_tiny,1,32815,581,1,50,50,1,0,145.78445434570312,4.0,4.0,4.0,0.3333333333333333,0.0,0,0,0,19,15,15,0,0.21052631578947367
stage1a_single_agent_tiny,1,32841,582,1,50,50,1,0,144.36798095703125,4.0,4.0,4.0,0.4444444444444444,0.0,0,0,0,26,23,23,0,0.15384615384615385
stage1a_single_agent_tiny,1,32854,583,1,50,50,1,0,145.88755798339844,4.0,4.0,4.0,0.3333333333333333,0.0,0,0,0,13,10,10,0,0.3076923076923077
stage1a_single_agent_tiny,1,32939,584,1,50,50,1,0,117.46350860595703,4.0,4.0,4.0,0.4444444444444444,0.0,0,0,0,85,19,19,0,0.047058823529411764
stage1a_single_agent_tiny,1,32961,585,1,50,50,1,0,142.9373779296875,4.0,4.0,4.0,0.3333333333333333,0.0,0,0,0,22,19,19,0,0.18181818181818182
stage1a_single_agent_tiny,1,32979,586,1,50,50,1,0,147.46441650390625,4.0,4.0,4.0,0.3333333333333333,0.0,0,0,0,18,15,15,0,0.2222222222222222
stage1a_single_agent_tiny,1,33002,587,1,50,50,1,0,146.21371459960938,4.0,4.0,4.0,0.4444444444444444,0.0,0,0,0,23,20,20,0,0.17391304347826086
stage1a_single_agent_tiny,1,33006,588,1,50,50,1,0,148.94894409179688,4.0,4.0,4.0,0.1111111111111111,0.0,0,0,0,4,1,1,0,1.0
stage1a_single_agent_tiny,1,33035,589,1,50,50,1,0,141.20718383789062,4.0,4.0,4.0,0.4444444444444444,0.0,0,0,0,29,25,25,0,0.13793103448275862
stage1a_single_agent_tiny,1,33044,590,1,50,50,1,0,147.39999389648438,4.0,4.0,4.0,0.2222222222222222,0.0,0,0,0,9,5,5,0,0.4444444444444444
stage1a_single_agent_tiny,1,33157,591,1,50,50,1,0,107.76911926269531,4.0,4.0,4.0,0.4444444444444444,0.0,0,0,0,113,64,64,0,0.035398230088495575
stage1a_single_agent_tiny,1,33186,592,1,50,50,1,0,138.48484802246094,4.0,4.0,4.0,0.4444444444444444,0.0,0,0,0,29,26,26,0,0.13793103448275862
stage1a_single_agent_tiny,1,33240,593,1,50,50,1,0,126.41411590576172,4.0,4.0,4.0,0.4444444444444444,0.0,0,0,0,54,16,16,0,0.07407407407407407
stage1a_single_agent_tiny,1,33244,594,1,50,50,1,0,148.94000244140625,4.0,4.0,4.0,0.1111111111111111,0.0,0,0,0,4,1,1,0,1.0
stage1a_single_agent_tiny,1,33269,595,1,50,50,1,0,139.98248291015625,4.0,4.0,4.0,0.3333333333333333,0.0,0,0,0,25,22,22,0,0.16
stage1a_single_agent_tiny,1,33303,596,1,50,50,1,0,144.41650390625,4.0,4.0,4.0,0.4444444444444444,0.0,0,0,0,34,31,31,0,0.11764705882352941
stage1a_single_agent_tiny,1,33307,597,1,50,50,1,0,148.9499969482422,4.0,4.0,4.0,0.1111111111111111,0.0,0,0,0,4,1,1,0,1.0
stage1a_single_agent_tiny,1,33330,598,1,50,50,1,0,145.73422241210938,4.0,4.0,4.0,0.3333333333333333,0.0,0,0,0,23,18,18,0,0.17391304347826086
stage1a_single_agent_tiny,1,33372,599,1,50,50,1,0,132.222412109375,4.0,4.0,4.0,0.3333333333333333,0.0,0,0,0,42,37,37,0,0.09523809523809523
stage1a_single_agent_tiny,1,33396,600,1,50,50,1,0,141.50169372558594,4.0,4.0,4.0,0.3333333333333333,0.0,0,0,0,24,21,21,0,0.16666666666666666
stage1a_single_agent_tiny,1,33516,601,1,50,50,1,0,33.10533905029297,2.0,2.0,2.0,0.3333333333333333,0.0,0,0,2,120,40,40,0,0.016666666666666666
stage1a_single_agent_tiny,1,33537,602,1,50,50,1,0,141.3800048828125,4.0,4.0,4.0,0.3333333333333333,0.0,0,0,0,21,18,18,0,0.19047619047619047
stage1a_single_agent_tiny,1,33541,603,1,50,50,1,0,149.08999633789062,4.0,4.0,4.0,0.1111111111111111,0.0,0,0,0,4,1,1,0,1.0
stage1a_single_agent_tiny,1,33567,604,1,50,50,1,0,142.84878540039062,4.0,4.0,4.0,0.3333333333333333,0.0,0,0,0,26,23,23,0,0.15384615384615385
stage1a_single_agent_tiny,1,33611,605,1,50,50,1,0,142.7036895751953,4.0,4.0,4.0,0.3333333333333333,0.0,0,0,0,44,1,1,0,0.09090909090909091
stage1a_single_agent_tiny,1,33647,606,1,50,50,1,0,142.86505126953125,4.0,4.0,4.0,0.4444444444444444,0.0,0,0,0,36,33,33,0,0.1111111111111111
stage1a_single_agent_tiny,1,33651,607,1,50,50,1,0,149.0992431640625,4.0,4.0,4.0,0.1111111111111111,0.0,0,0,0,4,1,1,0,1.0
stage1a_single_agent_tiny,1,33655,608,1,50,50,1,0,150.44998168945312,4.0,4.0,4.0,0.1111111111111111,0.0,0,0,0,4,1,1,0,1.0
stage1a_single_agent_tiny,1,33695,609,1,50,50,1,0,134.00637817382812,4.0,4.0,4.0,0.4444444444444444,0.0,0,0,0,40,36,36,0,0.1
stage1a_single_agent_tiny,1,33712,610,1,50,50,1,0,150.28997802734375,4.0,4.0,4.0,0.3333333333333333,0.0,0,0,0,17,14,14,0,0.23529411764705882
stage1a_single_agent_tiny,1,33740,611,1,50,50,1,0,138.13522338867188,4.0,4.0,4.0,0.2222222222222222,0.0,0,0,0,28,13,13,0,0.14285714285714285
stage1a_single_agent_tiny,1,33760,612,1,50,50,1,0,144.42779541015625,4.0,4.0,4.0,0.3333333333333333,0.0,0,0,0,20,17,17,0,0.2
stage1a_single_agent_tiny,1,33764,613,1,50,50,1,0,150.58999633789062,4.0,4.0,4.0,0.1111111111111111,0.0,0,0,0,4,1,1,0,1.0
stage1a_single_agent_tiny,1,33787,614,1,50,50,1,0,138.2171173095703,4.0,4.0,4.0,0.3333333333333333,0.0,0,0,0,23,19,19,0,0.17391304347826086
stage1a_single_agent_tiny,1,33803,615,1,50,50,1,0,147.36727905273438,4.0,4.0,4.0,0.3333333333333333,0.0,0,0,0,16,10,10,0,0.25
stage1a_single_agent_tiny,1,33852,616,1,50,50,1,0,139.66387939453125,4.0,4.0,4.0,0.4444444444444444,0.0,0,0,0,49,44,44,0,0.08163265306122448
stage1a_single_agent_tiny,1,33888,617,1,50,50,1,0,141.48484802246094,4.0,4.0,4.0,0.4444444444444444,0.0,0,0,0,36,33,33,0,0.1111111111111111
stage1a_single_agent_tiny,1,33913,618,1,50,50,1,0,144.3145751953125,4.0,4.0,4.0,0.3333333333333333,0.0,0,0,0,25,22,22,0,0.16
stage1a_single_agent_tiny,1,33937,619,1,50,50,1,0,147.16000366210938,4.0,4.0,4.0,0.2222222222222222,0.0,0,0,0,24,16,16,0,0.16666666666666666
stage1a_single_agent_tiny,1,33951,620,1,50,50,1,0,144.52828979492188,4.0,4.0,4.0,0.3333333333333333,0.0,0,0,0,14,10,10,0,0.2857142857142857
stage1a_single_agent_tiny,1,33973,621,1,50,50,1,0,141.39471435546875,4.0,4.0,4.0,0.3333333333333333,0.0,0,0,0,22,19,19,0,0.18181818181818182
stage1a_single_agent_tiny,1,34052,622,1,50,50,1,0,136.22637939453125,4.0,4.0,4.0,0.4444444444444444,0.0,0,0,0,79,74,74,0,0.05063291139240506
stage1a_single_agent_tiny,1,34069,623,1,50,50,1,0,145.97671508789062,4.0,4.0,4.0,0.3333333333333333,0.0,0,0,0,17,8,8,0,0.23529411764705882
stage1a_single_agent_tiny,1,34189,624,1,50,50,1,0,59.13935852050781,3.0,3.0,3.0,0.4444444444444444,0.0,0,0,1,120,1,1,0,0.025
stage1a_single_agent_tiny,1,34202,625,1,50,50,1,0,145.90829467773438,4.0,4.0,4.0,0.3333333333333333,0.0,0,0,0,13,10,10,0,0.3076923076923077
stage1a_single_agent_tiny,1,34206,626,1,50,50,1,0,150.44000244140625,4.0,4.0,4.0,0.1111111111111111,0.0,0,0,0,4,1,1,0,1.0
stage1a_single_agent_tiny,1,34246,627,1,50,50,1,0,135.1551513671875,4.0,4.0,4.0,0.4444444444444444,0.0,0,0,0,40,37,37,0,0.1
stage1a_single_agent_tiny,1,34288,628,1,50,50,1,0,133.64712524414062,4.0,4.0,4.0,0.4444444444444444,0.0,0,0,0,42,39,39,0,0.09523809523809523
stage1a_single_agent_tiny,1,34357,629,1,50,50,1,0,124.32561492919922,4.0,4.0,4.0,0.3333333333333333,0.0,0,0,0,69,66,66,0,0.057971014492753624
stage1a_single_agent_tiny,1,34420,630,1,50,50,1,0,127.82540130615234,4.0,4.0,4.0,0.4444444444444444,0.0,0,0,0,63,58,58,0,0.06349206349206349
stage1a_single_agent_tiny,1,34501,631,1,50,50,1,0,119.86451721191406,4.0,4.0,4.0,0.4444444444444444,0.0,0,0,0,81,78,78,0,0.04938271604938271
stage1a_single_agent_tiny,1,34516,632,1,50,50,1,0,147.30999755859375,4.0,4.0,4.0,0.2222222222222222,0.0,0,0,0,15,12,12,0,0.26666666666666666
stage1a_single_agent_tiny,1,34545,633,1,50,50,1,0,144.27183532714844,4.0,4.0,4.0,0.3333333333333333,0.0,0,0,0,29,26,26,0,0.13793103448275862
stage1a_single_agent_tiny,1,34665,634,1,50,50,1,0,90.94036865234375,4.0,4.0,4.0,0.4444444444444444,0.0,0,0,0,120,1,1,0,0.03333333333333333
stage1a_single_agent_tiny,1,34683,635,1,50,50,1,0,142.99520874023438,4.0,4.0,4.0,0.3333333333333333,0.0,0,0,0,18,15,15,0,0.2222222222222222
stage1a_single_agent_tiny,1,34705,636,1,50,50,1,0,142.90509033203125,4.0,4.0,4.0,0.2222222222222222,0.0,0,0,0,22,19,19,0,0.18181818181818182
stage1a_single_agent_tiny,1,34754,637,1,50,50,1,0,142.71343994140625,4.0,4.0,4.0,0.4444444444444444,0.0,0,0,0,49,46,46,0,0.08163265306122448
stage1a_single_agent_tiny,1,34758,638,1,50,50,1,0,150.44000244140625,4.0,4.0,4.0,0.1111111111111111,0.0,0,0,0,4,1,1,0,1.0
stage1a_single_agent_tiny,1,34798,639,1,50,50,1,0,136.68411254882812,4.0,4.0,4.0,0.4444444444444444,0.0,0,0,0,40,37,37,0,0.1
stage1a_single_agent_tiny,1,34918,640,1,50,50,1,0,69.79625701904297,3.0,3.0,3.0,0.4444444444444444,0.0,0,0,1,120,1,1,0,0.025
stage1a_single_agent_tiny,1,34927,641,1,50,50,1,0,148.95712280273438,4.0,4.0,4.0,0.3333333333333333,0.0,0,0,0,9,5,5,0,0.4444444444444444
stage1a_single_agent_tiny,1,35011,642,1,50,50,1,0,118.45318603515625,4.0,4.0,4.0,0.4444444444444444,0.0,0,0,0,84,18,18,0,0.047619047619047616
stage1a_single_agent_tiny,1,35085,643,1,50,50,1,0,113.76480102539062,4.0,4.0,4.0,0.4444444444444444,0.0,0,0,0,74,1,1,0,0.05405405405405406
stage1a_single_agent_tiny,1,35205,644,1,50,50,1,0,-50.11342239379883,0.0,0.0,0.0,0.4444444444444444,0.0,0,0,4,120,-1,-1,-1,0.0
stage1a_single_agent_tiny,1,35239,645,1,50,50,1,0,136.8826904296875,4.0,4.0,4.0,0.4444444444444444,0.0,0,0,0,34,8,8,0,0.11764705882352941
stage1a_single_agent_tiny,1,35281,646,1,50,50,1,0,130.91006469726562,4.0,4.0,4.0,0.4444444444444444,0.0,0,0,0,42,14,14,0,0.09523809523809523
stage1a_single_agent_tiny,1,35401,647,1,50,50,1,0,62.11674499511719,3.0,3.0,3.0,0.4444444444444444,0.0,0,0,1,120,43,43,0,0.025
stage1a_single_agent_tiny,1,35468,648,1,50,50,1,0,127.80660247802734,4.0,4.0,4.0,0.4444444444444444,0.0,0,0,0,67,35,35,0,0.05970149253731343
stage1a_single_agent_tiny,1,35569,649,1,50,50,1,0,109.48823547363281,4.0,4.0,4.0,0.4444444444444444,0.0,0,0,0,101,1,1,0,0.039603960396039604
stage1a_single_agent_tiny,1,35598,650,1,50,50,1,0,144.3145751953125,4.0,4.0,4.0,0.3333333333333333,0.0,0,0,0,29,25,25,0,0.13793103448275862
stage1a_single_agent_tiny,1,35618,651,1,50,50,1,0,143.00668334960938,4.0,4.0,4.0,0.4444444444444444,0.0,0,0,0,20,17,17,0,0.2
stage1a_single_agent_tiny,1,35684,652,1,50,50,1,0,123.25428009033203,4.0,4.0,4.0,0.4444444444444444,0.0,0,0,0,66,34,34,0,0.06060606060606061
stage1a_single_agent_tiny,1,35703,653,1,50,50,1,0,142.95458984375,4.0,4.0,4.0,0.2222222222222222,0.0,0,0,0,19,1,1,0,0.21052631578947367
stage1a_single_agent_tiny,1,35758,654,1,50,50,1,0,124.73995208740234,4.0,4.0,4.0,0.4444444444444444,0.0,0,0,0,55,28,28,0,0.07272727272727272
stage1a_single_agent_tiny,1,35803,655,1,50,50,1,0,136.87060546875,4.0,4.0,4.0,0.4444444444444444,0.0,0,0,0,45,21,21,0,0.08888888888888889
stage1a_single_agent_tiny,1,35828,656,1,50,50,1,0,143.104248046875,4.0,4.0,4.0,0.4444444444444444,0.0,0,0,0,25,1,1,0,0.16
stage1a_single_agent_tiny,1,35860,657,1,50,50,1,0,135.54563903808594,4.0,4.0,4.0,0.4444444444444444,0.0,0,0,0,32,29,29,0,0.125
stage1a_single_agent_tiny,1,35878,658,1,50,50,1,0,145.80718994140625,4.0,4.0,4.0,0.3333333333333333,0.0,0,0,0,18,5,5,0,0.2222222222222222
stage1a_single_agent_tiny,1,35891,659,1,50,50,1,0,146.0672607421875,4.0,4.0,4.0,0.3333333333333333,0.0,0,0,0,13,10,10,0,0.3076923076923077
stage1a_single_agent_tiny,1,35969,660,1,50,50,1,0,122.9693374633789,4.0,4.0,4.0,0.4444444444444444,0.0,0,0,0,78,46,46,0,0.05128205128205128
stage1a_single_agent_tiny,1,35988,661,1,50,50,1,0,142.97592163085938,4.0,4.0,4.0,0.3333333333333333,0.0,0,0,0,19,16,16,0,0.21052631578947367
stage1a_single_agent_tiny,1,36022,662,1,50,50,1,0,136.82528686523438,4.0,4.0,4.0,0.4444444444444444,0.0,0,0,0,34,31,31,0,0.11764705882352941
stage1a_single_agent_tiny,1,36074,663,1,50,50,1,0,133.7371826171875,4.0,4.0,4.0,0.4444444444444444,0.0,0,0,0,52,22,22,0,0.07692307692307693
stage1a_single_agent_tiny,1,36123,664,1,50,50,1,0,130.83970642089844,4.0,4.0,4.0,0.4444444444444444,0.0,0,0,0,49,46,46,0,0.08163265306122448
stage1a_single_agent_tiny,1,36144,665,1,50,50,1,0,142.97625732421875,4.0,4.0,4.0,0.3333333333333333,0.0,0,0,0,21,16,16,0,0.19047619047619047
stage1a_single_agent_tiny,1,36148,666,1,50,50,1,0,148.95883178710938,4.0,4.0,4.0,0.1111111111111111,0.0,0,0,0,4,1,1,0,1.0
stage1a_single_agent_tiny,1,36170,667,1,50,50,1,0,141.27288818359375,4.0,4.0,4.0,0.3333333333333333,0.0,0,0,0,22,19,19,0,0.18181818181818182
stage1a_single_agent_tiny,1,36199,668,1,50,50,1,0,139.868408203125,4.0,4.0,4.0,0.3333333333333333,0.0,0,0,0,29,26,26,0,0.13793103448275862
stage1a_single_agent_tiny,1,36268,669,1,50,50,1,0,123.22464752197266,4.0,4.0,4.0,0.4444444444444444,0.0,0,0,0,69,16,16,0,0.057971014492753624
stage1a_single_agent_tiny,1,36296,670,1,50,50,1,0,144.39047241210938,4.0,4.0,4.0,0.3333333333333333,0.0,0,0,0,28,5,5,0,0.14285714285714285
stage1a_single_agent_tiny,1,36313,671,1,50,50,1,0,143.01611328125,4.0,4.0,4.0,0.3333333333333333,0.0,0,0,0,17,14,14,0,0.23529411764705882
stage1a_single_agent_tiny,1,36336,672,1,50,50,1,0,142.96458435058594,4.0,4.0,4.0,0.4444444444444444,0.0,0,0,0,23,19,19,0,0.17391304347826086
stage1a_single_agent_tiny,1,36379,673,1,50,50,1,0,130.90219116210938,4.0,4.0,4.0,0.4444444444444444,0.0,0,0,0,43,12,12,0,0.09302325581395349
stage1a_single_agent_tiny,1,36383,674,1,50,50,1,0,151.94998168945312,4.0,4.0,4.0,0.1111111111111111,0.0,0,0,0,4,1,1,0,1.0
stage1a_single_agent_tiny,1,36394,675,1,50,50,1,0,148.90716552734375,4.0,4.0,4.0,0.2222222222222222,0.0,0,0,0,11,5,5,0,0.36363636363636365
stage1a_single_agent_tiny,1,36403,676,1,50,50,1,0,147.4580078125,4.0,4.0,4.0,0.3333333333333333,0.0,0,0,0,9,6,6,0,0.4444444444444444
stage1a_single_agent_tiny,1,36457,677,1,50,50,1,0,129.301025390625,4.0,4.0,4.0,0.4444444444444444,0.0,0,0,0,54,28,28,0,0.07407407407407407
stage1a_single_agent_tiny,1,36527,678,1,50,50,1,0,124.77460479736328,4.0,4.0,4.0,0.4444444444444444,0.0,0,0,0,70,43,43,0,0.05714285714285714
stage1a_single_agent_tiny,1,36586,679,1,50,50,1,0,124.7984619140625,4.0,4.0,4.0,0.4444444444444444,0.0,0,0,0,59,34,34,0,0.06779661016949153
stage1a_single_agent_tiny,1,36660,680,1,50,50,1,0,124.712646484375,4.0,4.0,4.0,0.4444444444444444,0.0,0,0,0,74,46,46,0,0.05405405405405406
stage1a_single_agent_tiny,1,36711,681,1,50,50,1,0,130.9363250732422,4.0,4.0,4.0,0.4444444444444444,0.0,0,0,0,51,27,27,0,0.0784313725490196
stage1a_single_agent_tiny,1,36772,682,1,50,50,1,0,124.65097045898438,4.0,4.0,4.0,0.4444444444444444,0.0,0,0,0,61,8,8,0,0.06557377049180328
stage1a_single_agent_tiny,1,36781,683,1,50,50,1,0,148.93832397460938,4.0,4.0,4.0,0.3333333333333333,0.0,0,0,0,9,5,5,0,0.4444444444444444
stage1a_single_agent_tiny,1,36846,684,1,50,50,1,0,123.26193237304688,4.0,4.0,4.0,0.4444444444444444,0.0,0,0,0,65,37,37,0,0.06153846153846154
stage1a_single_agent_tiny,1,36868,685,1,50,50,1,0,142.94515991210938,4.0,4.0,4.0,0.4444444444444444,0.0,0,0,0,22,1,1,0,0.18181818181818182
stage1a_single_agent_tiny,1,36897,686,1,50,50,1,0,139.9942626953125,4.0,4.0,4.0,0.3333333333333333,0.0,0,0,0,29,26,26,0,0.13793103448275862
stage1a_single_agent_tiny,1,36940,687,1,50,50,1,0,135.48574829101562,4.0,4.0,4.0,0.3333333333333333,0.0,0,0,0,43,1,1,0,0.09302325581395349
stage1a_single_agent_tiny,1,36982,688,1,50,50,1,0,139.72108459472656,4.0,4.0,4.0,0.4444444444444444,0.0,0,0,0,42,5,5,0,0.09523809523809523
stage1a_single_agent_tiny,1,37048,689,1,50,50,1,0,126.42280578613281,4.0,4.0,4.0,0.4444444444444444,0.0,0,0,0,66,15,15,0,0.06060606060606061
stage1a_single_agent_tiny,1,37103,690,1,50,50,1,0,132.29177856445312,4.0,4.0,4.0,0.4444444444444444,0.0,0,0,0,55,28,28,0,0.07272727272727272
stage1a_single_agent_tiny,1,37136,691,1,50,50,1,0,138.45326232910156,4.0,4.0,4.0,0.3333333333333333,0.0,0,0,0,33,30,30,0,0.12121212121212122
stage1a_single_agent_tiny,1,37159,692,1,50,50,1,0,144.4137725830078,4.0,4.0,4.0,0.3333333333333333,0.0,0,0,0,23,1,1,0,0.17391304347826086
stage1a_single_agent_tiny,1,37192,693,1,50,50,1,0,136.867919921875,4.0,4.0,4.0,0.4444444444444444,0.0,0,0,0,33,30,30,0,0.12121212121212122
stage1a_single_agent_tiny,1,37246,694,1,50,50,1,0,130.71957397460938,4.0,4.0,4.0,0.4444444444444444,0.0,0,0,0,54,30,30,0,0.07407407407407407
stage1a_single_agent_tiny,1,37259,695,1,50,50,1,0,147.3948974609375,4.0,4.0,4.0,0.2222222222222222,0.0,0,0,0,13,8,8,0,0.3076923076923077
stage1a_single_agent_tiny,1,37288,696,1,50,50,1,0,139.85330200195312,4.0,4.0,4.0,0.4444444444444444,0.0,0,0,0,29,26,26,0,0.13793103448275862
stage1a_single_agent_tiny,1,37408,697,1,50,50,1,0,60.83894348144531,3.0,3.0,3.0,0.4444444444444444,0.0,0,0,1,120,55,55,0,0.025
stage1a_single_agent_tiny,1,37436,698,1,50,50,1,0,138.40670776367188,4.0,4.0,4.0,0.4444444444444444,0.0,0,0,0,28,24,24,0,0.14285714285714285
stage1a_single_agent_tiny,1,37463,699,1,50,50,1,0,140.20425415039062,4.0,4.0,4.0,0.4444444444444444,0.0,0,0,0,27,1,1,0,0.14814814814814814
stage1a_single_agent_tiny,1,37522,700,1,50,50,1,0,127.86420440673828,4.0,4.0,4.0,0.4444444444444444,0.0,0,0,0,59,32,32,0,0.06779661016949153
stage1a_single_agent_tiny,1,37556,701,1,50,50,1,0,138.34072875976562,4.0,4.0,4.0,0.4444444444444444,0.0,0,0,0,34,8,8,0,0.11764705882352941
stage1a_single_agent_tiny,1,37577,702,1,50,50,1,0,145.97634887695312,4.0,4.0,4.0,0.3333333333333333,0.0,0,0,0,21,18,18,0,0.19047619047619047
stage1a_single_agent_tiny,1,37610,703,1,50,50,1,0,138.3433837890625,4.0,4.0,4.0,0.4444444444444444,0.0,0,0,0,33,1,1,0,0.12121212121212122
stage1a_single_agent_tiny,1,37695,704,1,50,50,1,0,121.73120880126953,4.0,4.0,4.0,0.4444444444444444,0.0,0,0,0,85,31,31,0,0.047058823529411764
stage1a_single_agent_tiny,1,37774,705,1,50,50,1,0,118.63185119628906,4.0,4.0,4.0,0.4444444444444444,0.0,0,0,0,79,15,15,0,0.05063291139240506
stage1a_single_agent_tiny,1,37802,706,1,50,50,1,0,135.41671752929688,4.0,4.0,4.0,0.3333333333333333,0.0,0,0,0,28,25,25,0,0.14285714285714285
stage1a_single_agent_tiny,1,37882,707,1,50,50,1,0,117.3045425415039,4.0,4.0,4.0,0.4444444444444444,0.0,0,0,0,80,55,55,0,0.05
stage1a_single_agent_tiny,1,37925,708,1,50,50,1,0,133.88006591796875,4.0,4.0,4.0,0.4444444444444444,0.0,0,0,0,43,17,17,0,0.09302325581395349
stage1a_single_agent_tiny,1,37929,709,1,50,50,1,0,148.95892333984375,4.0,4.0,4.0,0.1111111111111111,0.0,0,0,0,4,1,1,0,1.0
stage1a_single_agent_tiny,1,37979,710,1,50,50,1,0,127.79733276367188,4.0,4.0,4.0,0.4444444444444444,0.0,0,0,0,50,22,22,0,0.08
stage1a_single_agent_tiny,1,38088,711,1,50,50,1,0,112.47393035888672,4.0,4.0,4.0,0.4444444444444444,0.0,0,0,0,109,33,33,0,0.03669724770642202
stage1a_single_agent_tiny,1,38101,712,1,50,50,1,0,147.39498901367188,4.0,4.0,4.0,0.2222222222222222,0.0,0,0,0,13,8,8,0,0.3076923076923077
stage1a_single_agent_tiny,1,38122,713,1,50,50,1,0,144.61422729492188,4.0,4.0,4.0,0.3333333333333333,0.0,0,0,0,21,18,18,0,0.19047619047619047
stage1a_single_agent_tiny,1,38126,714,1,50,50,1,0,149.10922241210938,4.0,4.0,4.0,0.1111111111111111,0.0,0,0,0,4,1,1,0,1.0
stage1a_single_agent_tiny,1,38135,715,1,50,50,1,0,148.95724487304688,4.0,4.0,4.0,0.3333333333333333,0.0,0,0,0,9,5,5,0,0.4444444444444444
stage1a_single_agent_tiny,1,38144,716,1,50,50,1,0,148.957275390625,4.0,4.0,4.0,0.3333333333333333,0.0,0,0,0,9,5,5,0,0.4444444444444444
stage1a_single_agent_tiny,1,38192,717,1,50,50,1,0,129.38137817382812,4.0,4.0,4.0,0.4444444444444444,0.0,0,0,0,48,21,21,0,0.08333333333333333
stage1a_single_agent_tiny,1,38218,718,1,50,50,1,0,141.4153289794922,4.0,4.0,4.0,0.3333333333333333,0.0,0,0,0,26,23,23,0,0.15384615384615385
stage1a_single_agent_tiny,1,38273,719,1,50,50,1,0,132.23951721191406,4.0,4.0,4.0,0.4444444444444444,0.0,0,0,0,55,29,29,0,0.07272727272727272
stage1a_single_agent_tiny,1,38301,720,1,50,50,1,0,144.5238037109375,4.0,4.0,4.0,0.4444444444444444,0.0,0,0,0,28,25,25,0,0.14285714285714285
stage1a_single_agent_tiny,1,38381,721,1,50,50,1,0,121.67330932617188,4.0,4.0,4.0,0.4444444444444444,0.0,0,0,0,80,1,1,0,0.05
stage1a_single_agent_tiny,1,38437,722,1,50,50,1,0,126.2928695678711,4.0,4.0,4.0,0.4444444444444444,0.0,0,0,0,56,30,30,0,0.07142857142857142
stage1a_single_agent_tiny,1,38477,723,1,50,50,1,0,130.75914001464844,4.0,4.0,4.0,0.4444444444444444,0.0,0,0,0,40,37,37,0,0.1
stage1a_single_agent_tiny,1,38597,724,1,50,50,1,0,61.01670455932617,3.0,3.0,3.0,0.4444444444444444,0.0,0,0,1,120,20,20,0,0.025
stage1a_single_agent_tiny,1,38606,725,1,50,50,1,0,147.4580078125,4.0,4.0,4.0,0.3333333333333333,0.0,0,0,0,9,6,6,0,0.4444444444444444
stage1a_single_agent_tiny,1,38658,726,1,50,50,1,0,126.29039001464844,4.0,4.0,4.0,0.4444444444444444,0.0,0,0,0,52,28,28,0,0.07692307692307693
stage1a_single_agent_tiny,1,38662,727,1,50,50,1,0,148.95877075195312,4.0,4.0,4.0,0.1111111111111111,0.0,0,0,0,4,1,1,0,1.0
stage1a_single_agent_tiny,1,38754,728,1,50,50,1,0,110.90412902832031,4.0,4.0,4.0,0.4444444444444444,0.0,0,0,0,92,33,33,0,0.043478260869565216
stage1a_single_agent_tiny,1,38807,729,1,50,50,1,0,130.87767028808594,4.0,4.0,4.0,0.4444444444444444,0.0,0,0,0,53,30,30,0,0.07547169811320754
stage1a_single_agent_tiny,1,38878,730,1,50,50,1,0,123.18681335449219,4.0,4.0,4.0,0.4444444444444444,0.0,0,0,0,71,14,14,0,0.056338028169014086
stage1a_single_agent_tiny,1,38986,731,1,50,50,1,0,106.388671875,4.0,4.0,4.0,0.4444444444444444,0.0,0,0,0,108,1,1,0,0.037037037037037035
stage1a_single_agent_tiny,1,39018,732,1,50,50,1,0,139.84722900390625,4.0,4.0,4.0,0.4444444444444444,0.0,0,0,0,32,29,29,0,0.125
stage1a_single_agent_tiny,1,39121,733,1,50,50,1,0,106.24173736572266,4.0,4.0,4.0,0.4444444444444444,0.0,0,0,0,103,59,59,0,0.038834951456310676
stage1a_single_agent_tiny,1,39129,734,1,50,50,1,0,150.44708251953125,4.0,4.0,4.0,0.2222222222222222,0.0,0,0,0,8,5,5,0,0.5
stage1a_single_agent_tiny,1,39140,735,1,50,50,1,0,150.38998413085938,4.0,4.0,4.0,0.3333333333333333,0.0,0,0,0,11,8,8,0,0.36363636363636365
stage1a_single_agent_tiny,1,39144,736,1,50,50,1,0,149.25,4.0,4.0,4.0,0.1111111111111111,0.0,0,0,0,4,1,1,0,1.0
stage1a_single_agent_tiny,1,39174,737,1,50,50,1,0,138.63616943359375,4.0,4.0,4.0,0.3333333333333333,0.0,0,0,0,30,27,27,0,0.13333333333333333
stage1a_single_agent_tiny,1,39185,738,1,50,50,1,0,147.41558837890625,4.0,4.0,4.0,0.2222222222222222,0.0,0,0,0,11,8,8,0,0.36363636363636365
stage1a_single_agent_tiny,1,39221,739,1,50,50,1,0,135.36178588867188,4.0,4.0,4.0,0.4444444444444444,0.0,0,0,0,36,8,8,0,0.1111111111111111
stage1a_single_agent_tiny,1,39341,740,1,50,50,1,0,-13.532063484191895,1.0,1.0,1.0,0.4444444444444444,0.0,0,0,3,120,52,52,0,0.008333333333333333
stage1a_single_agent_tiny,1,39351,741,1,50,50,1,0,148.9473876953125,4.0,4.0,4.0,0.3333333333333333,0.0,0,0,0,10,7,7,0,0.4
stage1a_single_agent_tiny,1,39371,742,1,50,50,1,0,144.47433471679688,4.0,4.0,4.0,0.3333333333333333,0.0,0,0,0,20,17,17,0,0.2
stage1a_single_agent_tiny,1,39395,743,1,50,50,1,0,144.4134063720703,4.0,4.0,4.0,0.3333333333333333,0.0,0,0,0,24,21,21,0,0.16666666666666666
stage1a_single_agent_tiny,1,39452,744,1,50,50,1,0,130.83303833007812,4.0,4.0,4.0,0.4444444444444444,0.0,0,0,0,57,29,29,0,0.07017543859649122
stage1a_single_agent_tiny,1,39487,745,1,50,50,1,0,133.75250244140625,4.0,4.0,4.0,0.3333333333333333,0.0,0,0,0,35,32,32,0,0.11428571428571428
stage1a_single_agent_tiny,1,39538,746,1,50,50,1,0,132.34283447265625,4.0,4.0,4.0,0.4444444444444444,0.0,0,0,0,51,30,30,0,0.0784313725490196
stage1a_single_agent_tiny,1,39551,747,1,50,50,1,0,145.88687133789062,4.0,4.0,4.0,0.3333333333333333,0.0,0,0,0,13,9,9,0,0.3076923076923077
stage1a_single_agent_tiny,1,39614,748,1,50,50,1,0,124.60843658447266,4.0,4.0,4.0,0.4444444444444444,0.0,0,0,0,63,60,60,0,0.06349206349206349
stage1a_single_agent_tiny,1,39627,749,1,50,50,1,0,147.41842651367188,4.0,4.0,4.0,0.3333333333333333,0.0,0,0,0,13,10,10,0,0.3076923076923077
stage1a_single_agent_tiny,1,39709,750,1,50,50,1,0,117.27253723144531,4.0,4.0,4.0,0.4444444444444444,0.0,0,0,0,82,31,31,0,0.04878048780487805
stage1a_single_agent_tiny,1,39728,751,1,50,50,1,0,141.4862518310547,4.0,4.0,4.0,0.3333333333333333,0.0,0,0,0,19,16,16,0,0.21052631578947367
stage1a_single_agent_tiny,1,39784,752,1,50,50,1,0,126.2506332397461,4.0,4.0,4.0,0.4444444444444444,0.0,0,0,0,56,53,53,0,0.07142857142857142
stage1a_single_agent_tiny,1,39813,753,1,50,50,1,0,138.3936004638672,4.0,4.0,4.0,0.4444444444444444,0.0,0,0,0,29,15,15,0,0.13793103448275862
stage1a_single_agent_tiny,1,39859,754,1,50,50,1,0,139.84835815429688,4.0,4.0,4.0,0.4444444444444444,0.0,0,0,0,46,43,43,0,0.08695652173913043
stage1a_single_agent_tiny,1,39880,755,1,50,50,1,0,142.96490478515625,4.0,4.0,4.0,0.3333333333333333,0.0,0,0,0,21,1,1,0,0.19047619047619047
stage1a_single_agent_tiny,1,39897,756,1,50,50,1,0,147.34454345703125,4.0,4.0,4.0,0.3333333333333333,0.0,0,0,0,17,12,12,0,0.23529411764705882
stage1a_single_agent_tiny,1,39957,757,1,50,50,1,0,126.38506317138672,4.0,4.0,4.0,0.4444444444444444,0.0,0,0,0,60,35,35,0,0.06666666666666667
stage1a_single_agent_tiny,1,40014,758,1,50,50,1,0,129.35922241210938,4.0,4.0,4.0,0.4444444444444444,0.0,0,0,0,57,31,31,0,0.07017543859649122
stage1a_single_agent_tiny,1,40033,759,1,50,50,1,0,145.96588134765625,4.0,4.0,4.0,0.3333333333333333,0.0,0,0,0,19,16,16,0,0.21052631578947367
stage1a_single_agent_tiny,1,40053,760,1,50,50,1,0,141.50698852539062,4.0,4.0,4.0,0.4444444444444444,0.0,0,0,0,20,17,17,0,0.2
stage1a_single_agent_tiny,1,40064,761,1,50,50,1,0,147.43789672851562,4.0,4.0,4.0,0.3333333333333333,0.0,0,0,0,11,8,8,0,0.36363636363636365
stage1a_single_agent_tiny,1,40087,762,1,50,50,1,0,144.414306640625,4.0,4.0,4.0,0.3333333333333333,0.0,0,0,0,23,19,19,0,0.17391304347826086
stage1a_single_agent_tiny,1,40116,763,1,50,50,1,0,141.2823486328125,4.0,4.0,4.0,0.2222222222222222,0.0,0,0,0,29,25,25,0,0.13793103448275862
stage1a_single_agent_tiny,1,40160,764,1,50,50,1,0,131.02963256835938,4.0,4.0,4.0,0.4444444444444444,0.0,0,0,0,44,17,17,0,0.09090909090909091
stage1a_single_agent_tiny,1,40169,765,1,50,50,1,0,147.4582977294922,4.0,4.0,4.0,0.3333333333333333,0.0,0,0,0,9,6,6,0,0.4444444444444444
stage1a_single_agent_tiny,1,40214,766,1,50,50,1,0,132.3791046142578,4.0,4.0,4.0,0.4444444444444444,0.0,0,0,0,45,1,1,0,0.08888888888888889
stage1a_single_agent_tiny,1,40226,767,1,50,50,1,0,147.41769409179688,4.0,4.0,4.0,0.3333333333333333,0.0,0,0,0,12,9,9,0,0.3333333333333333
stage1a_single_agent_tiny,1,40292,768,1,50,50,1,0,120.12091827392578,4.0,4.0,4.0,0.4444444444444444,0.0,0,0,0,66,33,33,0,0.06060606060606061
stage1a_single_agent_tiny,1,40349,769,1,50,50,1,0,126.2987289428711,4.0,4.0,4.0,0.4444444444444444,0.0,0,0,0,57,29,29,0,0.07017543859649122
stage1a_single_agent_tiny,1,40402,770,1,50,50,1,0,130.89903259277344,4.0,4.0,4.0,0.4444444444444444,0.0,0,0,0,53,32,32,0,0.07547169811320754
stage1a_single_agent_tiny,1,40437,771,1,50,50,1,0,138.26644897460938,4.0,4.0,4.0,0.4444444444444444,0.0,0,0,0,35,17,17,0,0.11428571428571428
stage1a_single_agent_tiny,1,40533,772,1,50,50,1,0,116.81362915039062,4.0,4.0,4.0,0.4444444444444444,0.0,0,0,0,96,44,44,0,0.041666666666666664
stage1a_single_agent_tiny,1,40588,773,1,50,50,1,0,129.20846557617188,4.0,4.0,4.0,0.4444444444444444,0.0,0,0,0,55,43,43,0,0.07272727272727272
stage1a_single_agent_tiny,1,40607,774,1,50,50,1,0,144.41998291015625,4.0,4.0,4.0,0.3333333333333333,0.0,0,0,0,19,16,16,0,0.21052631578947367
stage1a_single_agent_tiny,1,40727,775,1,50,50,1,0,62.31095886230469,3.0,3.0,3.0,0.4444444444444444,0.0,0,0,1,120,1,1,0,0.025
stage1a_single_agent_tiny,1,40763,776,1,50,50,1,0,142.76873779296875,4.0,4.0,4.0,0.4444444444444444,0.0,0,0,0,36,33,33,0,0.1111111111111111
stage1a_single_agent_tiny,1,40791,777,1,50,50,1,0,143.03546142578125,4.0,4.0,4.0,0.4444444444444444,0.0,0,0,0,28,25,25,0,0.14285714285714285
stage1a_single_agent_tiny,1,40819,778,1,50,50,1,0,138.416748046875,4.0,4.0,4.0,0.4444444444444444,0.0,0,0,0,28,25,25,0,0.14285714285714285
stage1a_single_agent_tiny,1,40859,779,1,50,50,1,0,137.031005859375,4.0,4.0,4.0,0.3333333333333333,0.0,0,0,0,40,12,12,0,0.1
stage1a_single_agent_tiny,1,40871,780,1,50,50,1,0,146.00025939941406,4.0,4.0,4.0,0.1111111111111111,0.0,0,0,0,12,1,1,0,0.3333333333333333
stage1a_single_agent_tiny,1,40911,781,1,50,50,1,0,135.38946533203125,4.0,4.0,4.0,0.4444444444444444,0.0,0,0,0,40,12,12,0,0.1
stage1a_single_agent_tiny,1,40965,782,1,50,50,1,0,130.75999450683594,4.0,4.0,4.0,0.4444444444444444,0.0,0,0,0,54,30,30,0,0.07407407407407407
stage1a_single_agent_tiny,1,40990,783,1,50,50,1,0,147.1899871826172,4.0,4.0,4.0,0.3333333333333333,0.0,0,0,0,25,9,9,0,0.16
stage1a_single_agent_tiny,1,41032,784,1,50,50,1,0,135.36965942382812,4.0,4.0,4.0,0.3333333333333333,0.0,0,0,0,42,14,14,0,0.09523809523809523
stage1a_single_agent_tiny,1,41047,785,1,50,50,1,0,142.84060668945312,4.0,4.0,4.0,0.2222222222222222,0.0,0,0,0,15,12,12,0,0.26666666666666666
stage1a_single_agent_tiny,1,41076,786,1,50,50,1,0,141.36929321289062,4.0,4.0,4.0,0.3333333333333333,0.0,0,0,0,29,26,26,0,0.13793103448275862
stage1a_single_agent_tiny,1,41089,787,1,50,50,1,0,145.91790771484375,4.0,4.0,4.0,0.3333333333333333,0.0,0,0,0,13,10,10,0,0.3076923076923077
stage1a_single_agent_tiny,1,41209,788,1,50,50,1,0,28.867259979248047,2.0,2.0,2.0,0.4444444444444444,0.0,0,0,2,120,38,38,0,0.016666666666666666
stage1a_single_agent_tiny,1,41235,789,1,50,50,1,0,141.39483642578125,4.0,4.0,4.0,0.3333333333333333,0.0,0,0,0,26,22,22,0,0.15384615384615385
stage1a_single_agent_tiny,1,41244,790,1,50,50,1,0,147.45834350585938,4.0,4.0,4.0,0.3333333333333333,0.0,0,0,0,9,6,6,0,0.4444444444444444
stage1a_single_agent_tiny,1,41268,791,1,50,50,1,0,142.95379638671875,4.0,4.0,4.0,0.4444444444444444,0.0,0,0,0,24,1,1,0,0.16666666666666666
stage1a_single_agent_tiny,1,41281,792,1,50,50,1,0,146.067138671875,4.0,4.0,4.0,0.3333333333333333,0.0,0,0,0,13,10,10,0,0.3076923076923077
stage1a_single_agent_tiny,1,41331,793,1,50,50,1,0,133.77999877929688,4.0,4.0,4.0,0.4444444444444444,0.0,0,0,0,50,25,25,0,0.08
stage1a_single_agent_tiny,1,41345,794,1,50,50,1,0,144.5565185546875,4.0,4.0,4.0,0.3333333333333333,0.0,0,0,0,14,11,11,0,0.2857142857142857
stage1a_single_agent_tiny,1,41356,795,1,50,50,1,0,147.40530395507812,4.0,4.0,4.0,0.2222222222222222,0.0,0,0,0,11,8,8,0,0.36363636363636365
stage1a_single_agent_tiny,1,41365,796,1,50,50,1,0,148.88999938964844,4.0,4.0,4.0,0.2222222222222222,0.0,0,0,0,9,5,5,0,0.4444444444444444
stage1a_single_agent_tiny,1,41443,797,1,50,50,1,0,124.51058197021484,4.0,4.0,4.0,0.4444444444444444,0.0,0,0,0,78,74,74,0,0.05128205128205128
stage1a_single_agent_tiny,1,41459,798,1,50,50,1,0,147.333740234375,4.0,4.0,4.0,0.3333333333333333,0.0,0,0,0,16,13,13,0,0.25
stage1a_single_agent_tiny,1,41490,799,1,50,50,1,0,141.49554443359375,4.0,4.0,4.0,0.4444444444444444,0.0,0,0,0,31,27,27,0,0.12903225806451613
stage1a_single_agent_tiny,1,41506,800,1,50,50,1,0,144.49612426757812,4.0,4.0,4.0,0.3333333333333333,0.0,0,0,0,16,13,13,0,0.25
stage1a_single_agent_tiny,1,41556,801,1,50,50,1,0,136.74749755859375,4.0,4.0,4.0,0.4444444444444444,0.0,0,0,0,50,27,27,0,0.08
stage1a_single_agent_tiny,1,41580,802,1,50,50,1,0,142.91554260253906,4.0,4.0,4.0,0.3333333333333333,0.0,0,0,0,24,15,15,0,0.16666666666666666
stage1a_single_agent_tiny,1,41640,803,1,50,50,1,0,126.2127456665039,4.0,4.0,4.0,0.4444444444444444,0.0,0,0,0,60,41,41,0,0.06666666666666667
stage1a_single_agent_tiny,1,41668,804,1,50,50,1,0,141.36654663085938,4.0,4.0,4.0,0.4444444444444444,0.0,0,0,0,28,25,25,0,0.14285714285714285
stage1a_single_agent_tiny,1,41697,805,1,50,50,1,0,136.87939453125,4.0,4.0,4.0,0.3333333333333333,0.0,0,0,0,29,5,5,0,0.13793103448275862
stage1a_single_agent_tiny,1,41717,806,1,50,50,1,0,142.79449462890625,4.0,4.0,4.0,0.3333333333333333,0.0,0,0,0,20,16,16,0,0.2
stage1a_single_agent_tiny,1,41765,807,1,50,50,1,0,132.44927978515625,4.0,4.0,4.0,0.4444444444444444,0.0,0,0,0,48,20,20,0,0.08333333333333333
stage1a_single_agent_tiny,1,41790,808,1,50,50,1,0,142.98611450195312,4.0,4.0,4.0,0.3333333333333333,0.0,0,0,0,25,21,21,0,0.16
stage1a_single_agent_tiny,1,41876,809,1,50,50,1,0,120.08174133300781,4.0,4.0,4.0,0.4444444444444444,0.0,0,0,0,86,60,60,0,0.046511627906976744
stage1a_single_agent_tiny,1,41906,810,1,50,50,1,0,136.84521484375,4.0,4.0,4.0,0.4444444444444444,0.0,0,0,0,30,16,16,0,0.13333333333333333
stage1a_single_agent_tiny,1,41942,811,1,50,50,1,0,139.7398681640625,4.0,4.0,4.0,0.3333333333333333,0.0,0,0,0,36,31,31,0,0.1111111111111111
stage1a_single_agent_tiny,1,41965,812,1,50,50,1,0,145.9241943359375,4.0,4.0,4.0,0.4444444444444444,0.0,0,0,0,23,19,19,0,0.17391304347826086
stage1a_single_agent_tiny,1,41986,813,1,50,50,1,0,144.40145874023438,4.0,4.0,4.0,0.3333333333333333,0.0,0,0,0,21,18,18,0,0.19047619047619047
stage1a_single_agent_tiny,1,42024,814,1,50,50,1,0,138.04495239257812,4.0,4.0,4.0,0.4444444444444444,0.0,0,0,0,38,5,5,0,0.10526315789473684
stage1a_single_agent_tiny,1,42054,815,1,50,50,1,0,141.25999450683594,4.0,4.0,4.0,0.3333333333333333,0.0,0,0,0,30,26,26,0,0.13333333333333333
stage1a_single_agent_tiny,1,42098,816,1,50,50,1,0,136.76412963867188,4.0,4.0,4.0,0.4444444444444444,0.0,0,0,0,44,41,41,0,0.09090909090909091
stage1a_single_agent_tiny,1,42108,817,1,50,50,1,0,147.42459106445312,4.0,4.0,4.0,0.2222222222222222,0.0,0,0,0,10,4,4,0,0.4
stage1a_single_agent_tiny,1,42122,818,1,50,50,1,0,147.33999633789062,4.0,4.0,4.0,0.2222222222222222,0.0,0,0,0,14,5,5,0,0.2857142857142857
stage1a_single_agent_tiny,1,42164,819,1,50,50,1,0,135.3263702392578,4.0,4.0,4.0,0.4444444444444444,0.0,0,0,0,42,36,36,0,0.09523809523809523
stage1a_single_agent_tiny,1,42168,820,1,50,50,1,0,147.448974609375,4.0,4.0,4.0,0.1111111111111111,0.0,0,0,0,4,1,1,0,1.0
stage1a_single_agent_tiny,1,42184,821,1,50,50,1,0,144.50701904296875,4.0,4.0,4.0,0.3333333333333333,0.0,0,0,0,16,13,13,0,0.25
stage1a_single_agent_tiny,1,42188,822,1,50,50,1,0,148.95999145507812,4.0,4.0,4.0,0.1111111111111111,0.0,0,0,0,4,1,1,0,1.0
stage1a_single_agent_tiny,1,42204,823,1,50,50,1,0,145.8300018310547,4.0,4.0,4.0,0.3333333333333333,0.0,0,0,0,16,10,10,0,0.25
stage1a_single_agent_tiny,1,42249,824,1,50,50,1,0,141.11509704589844,4.0,4.0,4.0,0.4444444444444444,0.0,0,0,0,45,42,42,0,0.08888888888888889
stage1a_single_agent_tiny,1,42273,825,1,50,50,1,0,141.3733367919922,4.0,4.0,4.0,0.3333333333333333,0.0,0,0,0,24,21,21,0,0.16666666666666666
stage1a_single_agent_tiny,1,42316,826,1,50,50,1,0,130.6662139892578,4.0,4.0,4.0,0.3333333333333333,0.0,0,0,0,43,39,39,0,0.09302325581395349
stage1a_single_agent_tiny,1,42333,827,1,50,50,1,0,141.49569702148438,4.0,4.0,4.0,0.4444444444444444,0.0,0,0,0,17,14,14,0,0.23529411764705882
stage1a_single_agent_tiny,1,42351,828,1,50,50,1,0,144.32186889648438,4.0,4.0,4.0,0.3333333333333333,0.0,0,0,0,18,15,15,0,0.2222222222222222
stage1a_single_agent_tiny,1,42367,829,1,50,50,1,0,146.00543212890625,4.0,4.0,4.0,0.3333333333333333,0.0,0,0,0,16,13,13,0,0.25
stage1a_single_agent_tiny,1,42371,830,1,50,50,1,0,151.94998168945312,4.0,4.0,4.0,0.1111111111111111,0.0,0,0,0,4,1,1,0,1.0
stage1a_single_agent_tiny,1,42408,831,1,50,50,1,0,136.88385009765625,4.0,4.0,4.0,0.4444444444444444,0.0,0,0,0,37,33,33,0,0.10810810810810811
stage1a_single_agent_tiny,1,42444,832,1,50,50,1,0,138.24468994140625,4.0,4.0,4.0,0.4444444444444444,0.0,0,0,0,36,16,16,0,0.1111111111111111
stage1a_single_agent_tiny,1,42470,833,1,50,50,1,0,141.4040069580078,4.0,4.0,4.0,0.4444444444444444,0.0,0,0,0,26,15,15,0,0.15384615384615385
stage1a_single_agent_tiny,1,42489,834,1,50,50,1,0,145.77975463867188,4.0,4.0,4.0,0.4444444444444444,0.0,0,0,0,19,16,16,0,0.21052631578947367
stage1a_single_agent_tiny,1,42511,835,1,50,50,1,0,144.5945587158203,4.0,4.0,4.0,0.4444444444444444,0.0,0,0,0,22,19,19,0,0.18181818181818182
stage1a_single_agent_tiny,1,42525,836,1,50,50,1,0,144.3513641357422,4.0,4.0,4.0,0.2222222222222222,0.0,0,0,0,14,10,10,0,0.2857142857142857
stage1a_single_agent_tiny,1,42577,837,1,50,50,1,0,129.33499145507812,4.0,4.0,4.0,0.3333333333333333,0.0,0,0,0,52,49,49,0,0.07692307692307693
stage1a_single_agent_tiny,1,42589,838,1,50,50,1,0,145.8699951171875,4.0,4.0,4.0,0.3333333333333333,0.0,0,0,0,12,8,8,0,0.3333333333333333
stage1a_single_agent_tiny,1,42601,839,1,50,50,1,0,150.53514099121094,4.0,4.0,4.0,0.2222222222222222,0.0,0,0,0,12,8,8,0,0.3333333333333333
stage1a_single_agent_tiny,1,42616,840,1,50,50,1,0,142.83123779296875,4.0,4.0,4.0,0.3333333333333333,0.0,0,0,0,15,11,11,0,0.26666666666666666
stage1a_single_agent_tiny,1,42620,841,1,50,50,1,0,148.95889282226562,4.0,4.0,4.0,0.1111111111111111,0.0,0,0,0,4,1,1,0,1.0
stage1a_single_agent_tiny,1,42639,842,1,50,50,1,0,141.46505737304688,4.0,4.0,4.0,0.3333333333333333,0.0,0,0,0,19,16,16,0,0.21052631578947367
stage1a_single_agent_tiny,1,42659,843,1,50,50,1,0,142.76998901367188,4.0,4.0,4.0,0.3333333333333333,0.0,0,0,0,20,17,17,0,0.2
stage1a_single_agent_tiny,1,42686,844,1,50,50,1,0,139.8416290283203,4.0,4.0,4.0,0.3333333333333333,0.0,0,0,0,27,10,10,0,0.14814814814814814
stage1a_single_agent_tiny,1,42723,845,1,50,50,1,0,141.25216674804688,4.0,4.0,4.0,0.4444444444444444,0.0,0,0,0,37,6,6,0,0.10810810810810811
stage1a_single_agent_tiny,1,42780,846,1,50,50,1,0,132.19285583496094,4.0,4.0,4.0,0.4444444444444444,0.0,0,0,0,57,8,8,0,0.07017543859649122
stage1a_single_agent_tiny,1,42833,847,1,50,50,1,0,126.17256164550781,4.0,4.0,4.0,0.3333333333333333,0.0,0,0,0,53,50,50,0,0.07547169811320754
stage1a_single_agent_tiny,1,42874,848,1,50,50,1,0,135.23715209960938,4.0,4.0,4.0,0.4444444444444444,0.0,0,0,0,41,8,8,0,0.0975609756097561
stage1a_single_agent_tiny,1,42890,849,1,50,50,1,0,142.84185791015625,4.0,4.0,4.0,0.3333333333333333,0.0,0,0,0,16,13,13,0,0.25
stage1a_single_agent_tiny,1,42898,850,1,50,50,1,0,148.92999267578125,4.0,4.0,4.0,0.2222222222222222,0.0,0,0,0,8,4,4,0,0.5
stage1a_single_agent_tiny,1,42940,851,1,50,50,1,0,135.34970092773438,4.0,4.0,4.0,0.4444444444444444,0.0,0,0,0,42,7,7,0,0.09523809523809523
stage1a_single_agent_tiny,1,42954,852,1,50,50,1,0,145.8681640625,4.0,4.0,4.0,0.3333333333333333,0.0,0,0,0,14,11,11,0,0.2857142857142857
stage1a_single_agent_tiny,1,42983,853,1,50,50,1,0,142.84671020507812,4.0,4.0,4.0,0.2222222222222222,0.0,0,0,0,29,16,16,0,0.13793103448275862
stage1a_single_agent_tiny,1,42999,854,1,50,50,1,0,145.834716796875,4.0,4.0,4.0,0.3333333333333333,0.0,0,0,0,16,11,11,0,0.25
stage1a_single_agent_tiny,1,43045,855,1,50,50,1,0,135.27468872070312,4.0,4.0,4.0,0.4444444444444444,0.0,0,0,0,46,43,43,0,0.08695652173913043
stage1a_single_agent_tiny,1,43068,856,1,50,50,1,0,139.74136352539062,4.0,4.0,4.0,0.3333333333333333,0.0,0,0,0,23,20,20,0,0.17391304347826086
stage1a_single_agent_tiny,1,43082,857,1,50,50,1,0,148.83999633789062,4.0,4.0,4.0,0.2222222222222222,0.0,0,0,0,14,11,11,0,0.2857142857142857
stage1a_single_agent_tiny,1,43093,858,1,50,50,1,0,147.43722534179688,4.0,4.0,4.0,0.3333333333333333,0.0,0,0,0,11,8,8,0,0.36363636363636365
stage1a_single_agent_tiny,1,43133,859,1,50,50,1,0,139.69256591796875,4.0,4.0,4.0,0.4444444444444444,0.0,0,0,0,40,31,31,0,0.1
stage1a_single_agent_tiny,1,43158,860,1,50,50,1,0,141.2005615234375,4.0,4.0,4.0,0.4444444444444444,0.0,0,0,0,25,21,21,0,0.16
stage1a_single_agent_tiny,1,43201,861,1,50,50,1,0,132.16732788085938,4.0,4.0,4.0,0.4444444444444444,0.0,0,0,0,43,39,39,0,0.09302325581395349
stage1a_single_agent_tiny,1,43237,862,1,50,50,1,0,138.21697998046875,4.0,4.0,4.0,0.4444444444444444,0.0,0,0,0,36,15,15,0,0.1111111111111111
stage1a_single_agent_tiny,1,43260,863,1,50,50,1,0,145.94131469726562,4.0,4.0,4.0,0.4444444444444444,0.0,0,0,0,23,20,20,0,0.17391304347826086
stage1a_single_agent_tiny,1,43273,864,1,50,50,1,0,146.03732299804688,4.0,4.0,4.0,0.3333333333333333,0.0,0,0,0,13,10,10,0,0.3076923076923077
stage1a_single_agent_tiny,1,43292,865,1,50,50,1,0,147.30426025390625,4.0,4.0,4.0,0.3333333333333333,0.0,0,0,0,19,14,14,0,0.21052631578947367
stage1a_single_agent_tiny,1,43311,866,1,50,50,1,0,141.30255126953125,4.0,4.0,4.0,0.2222222222222222,0.0,0,0,0,19,14,14,0,0.21052631578947367
stage1a_single_agent_tiny,1,43364,867,1,50,50,1,0,132.1698760986328,4.0,4.0,4.0,0.4444444444444444,0.0,0,0,0,53,46,46,0,0.07547169811320754
stage1a_single_agent_tiny,1,43427,868,1,50,50,1,0,129.04901123046875,4.0,4.0,4.0,0.4444444444444444,0.0,0,0,0,63,1,1,0,0.06349206349206349
stage1a_single_agent_tiny,1,43444,869,1,50,50,1,0,143.15570068359375,4.0,4.0,4.0,0.3333333333333333,0.0,0,0,0,17,14,14,0,0.23529411764705882
stage1a_single_agent_tiny,1,43461,870,1,50,50,1,0,142.8419189453125,4.0,4.0,4.0,0.3333333333333333,0.0,0,0,0,17,14,14,0,0.23529411764705882
stage1a_single_agent_tiny,1,43465,871,1,50,50,1,0,147.59999084472656,4.0,4.0,4.0,0.1111111111111111,0.0,0,0,0,4,1,1,0,1.0
stage1a_single_agent_tiny,1,43509,872,1,50,50,1,0,130.62928771972656,4.0,4.0,4.0,0.3333333333333333,0.0,0,0,0,44,17,17,0,0.09090909090909091
stage1a_single_agent_tiny,1,43518,873,1,50,50,1,0,147.45828247070312,4.0,4.0,4.0,0.3333333333333333,0.0,0,0,0,9,6,6,0,0.4444444444444444
stage1a_single_agent_tiny,1,43559,874,1,50,50,1,0,135.3925018310547,4.0,4.0,4.0,0.4444444444444444,0.0,0,0,0,41,16,16,0,0.0975609756097561
stage1a_single_agent_tiny,1,43563,875,1,50,50,1,0,148.95889282226562,4.0,4.0,4.0,0.1111111111111111,0.0,0,0,0,4,1,1,0,1.0
stage1a_single_agent_tiny,1,43576,876,1,50,50,1,0,147.41787719726562,4.0,4.0,4.0,0.3333333333333333,0.0,0,0,0,13,9,9,0,0.3076923076923077
stage1a_single_agent_tiny,1,43595,877,1,50,50,1,0,145.99325561523438,4.0,4.0,4.0,0.4444444444444444,0.0,0,0,0,19,15,15,0,0.21052631578947367
stage1a_single_agent_tiny,1,43599,878,1,50,50,1,0,148.95892333984375,4.0,4.0,4.0,0.1111111111111111,0.0,0,0,0,4,1,1,0,1.0
stage1a_single_agent_tiny,1,43613,879,1,50,50,1,0,145.87998962402344,4.0,4.0,4.0,0.3333333333333333,0.0,0,0,0,14,11,11,0,0.2857142857142857
stage1a_single_agent_tiny,1,43629,880,1,50,50,1,0,145.84585571289062,4.0,4.0,4.0,0.3333333333333333,0.0,0,0,0,16,12,12,0,0.25
stage1a_single_agent_tiny,1,43650,881,1,50,50,1,0,142.90167236328125,4.0,4.0,4.0,0.3333333333333333,0.0,0,0,0,21,15,15,0,0.19047619047619047
stage1a_single_agent_tiny,1,43669,882,1,50,50,1,0,145.98477172851562,4.0,4.0,4.0,0.3333333333333333,0.0,0,0,0,19,12,12,0,0.21052631578947367
stage1a_single_agent_tiny,1,43688,883,1,50,50,1,0,144.44036865234375,4.0,4.0,4.0,0.3333333333333333,0.0,0,0,0,19,8,8,0,0.21052631578947367
stage1a_single_agent_tiny,1,43692,884,1,50,50,1,0,147.45907592773438,4.0,4.0,4.0,0.1111111111111111,0.0,0,0,0,4,1,1,0,1.0
stage1a_single_agent_tiny,1,43731,885,1,50,50,1,0,135.39010620117188,4.0,4.0,4.0,0.4444444444444444,0.0,0,0,0,39,13,13,0,0.10256410256410256
stage1a_single_agent_tiny,1,43747,886,1,50,50,1,0,142.99607849121094,4.0,4.0,4.0,0.3333333333333333,0.0,0,0,0,16,13,13,0,0.25
stage1a_single_agent_tiny,1,43751,887,1,50,50,1,0,148.9590606689453,4.0,4.0,4.0,0.1111111111111111,0.0,0,0,0,4,1,1,0,1.0
stage1a_single_agent_tiny,1,43769,888,1,50,50,1,0,142.986572265625,4.0,4.0,4.0,0.3333333333333333,0.0,0,0,0,18,15,15,0,0.2222222222222222
stage1a_single_agent_tiny,1,43827,889,1,50,50,1,0,124.73834991455078,4.0,4.0,4.0,0.4444444444444444,0.0,0,0,0,58,8,8,0,0.06896551724137931
stage1a_single_agent_tiny,1,43846,890,1,50,50,1,0,144.44642639160156,4.0,4.0,4.0,0.2222222222222222,0.0,0,0,0,19,16,16,0,0.21052631578947367
stage1a_single_agent_tiny,1,43906,891,1,50,50,1,0,124.62565612792969,4.0,4.0,4.0,0.4444444444444444,0.0,0,0,0,60,9,9,0,0.06666666666666667
stage1a_single_agent_tiny,1,43922,892,1,50,50,1,0,145.99490356445312,4.0,4.0,4.0,0.3333333333333333,0.0,0,0,0,16,13,13,0,0.25
stage1a_single_agent_tiny,1,43932,893,1,50,50,1,0,147.37998962402344,4.0,4.0,4.0,0.2222222222222222,0.0,0,0,0,10,5,5,0,0.4
stage1a_single_agent_tiny,1,43961,894,1,50,50,1,0,139.8585205078125,4.0,4.0,4.0,0.3333333333333333,0.0,0,0,0,29,24,24,0,0.13793103448275862
stage1a_single_agent_tiny,1,43983,895,1,50,50,1,0,145.9029541015625,4.0,4.0,4.0,0.3333333333333333,0.0,0,0,0,22,7,7,0,0.18181818181818182
stage1a_single_agent_tiny,1,43993,896,1,50,50,1,0,148.941162109375,4.0,4.0,4.0,0.3333333333333333,0.0,0,0,0,10,6,7,1,0.4
stage1a_single_agent_tiny,1,44018,897,1,50,50,1,0,141.37210083007812,4.0,4.0,4.0,0.2222222222222222,0.0,0,0,0,25,17,17,0,0.16
stage1a_single_agent_tiny,1,44029,898,1,50,50,1,0,148.88998413085938,4.0,4.0,4.0,0.2222222222222222,0.0,0,0,0,11,7,7,0,0.36363636363636365
stage1a_single_agent_tiny,1,44038,899,1,50,50,1,0,148.93759155273438,4.0,4.0,4.0,0.2222222222222222,0.0,0,0,0,9,5,5,0,0.4444444444444444
stage1a_single_agent_tiny,1,44076,900,1,50,50,1,0,132.38856506347656,4.0,4.0,4.0,0.4444444444444444,0.0,0,0,0,38,13,13,0,0.10526315789473684
stage1a_single_agent_tiny,1,44126,901,1,50,50,1,0,126.26020050048828,4.0,4.0,4.0,0.4444444444444444,0.0,0,0,0,50,46,46,0,0.08
stage1a_single_agent_tiny,1,44161,902,1,50,50,1,0,142.7517547607422,4.0,4.0,4.0,0.4444444444444444,0.0,0,0,0,35,1,1,0,0.11428571428571428
stage1a_single_agent_tiny,1,44169,903,1,50,50,1,0,150.42999267578125,4.0,4.0,4.0,0.2222222222222222,0.0,0,0,0,8,5,5,0,0.5
stage1a_single_agent_tiny,1,44183,904,1,50,50,1,0,146.05538940429688,4.0,4.0,4.0,0.3333333333333333,0.0,0,0,0,14,11,11,0,0.2857142857142857
stage1a_single_agent_tiny,1,44223,905,1,50,50,1,0,132.36819458007812,4.0,4.0,4.0,0.3333333333333333,0.0,0,0,0,40,37,37,0,0.1
stage1a_single_agent_tiny,1,44239,906,1,50,50,1,0,144.4959716796875,4.0,4.0,4.0,0.3333333333333333,0.0,0,0,0,16,13,13,0,0.25
stage1a_single_agent_tiny,1,44267,907,1,50,50,1,0,138.63021850585938,4.0,4.0,4.0,0.3333333333333333,0.0,0,0,0,28,25,25,0,0.14285714285714285
stage1a_single_agent_tiny,1,44315,908,1,50,50,1,0,126.30682373046875,4.0,4.0,4.0,0.4444444444444444,0.0,0,0,0,48,11,11,0,0.08333333333333333
stage1a_single_agent_tiny,1,44329,909,1,50,50,1,0,146.03775024414062,4.0,4.0,4.0,0.3333333333333333,0.0,0,0,0,14,11,11,0,0.2857142857142857
stage1a_single_agent_tiny,1,44333,910,1,50,50,1,0,148.94891357421875,4.0,4.0,4.0,0.1111111111111111,0.0,0,0,0,4,1,1,0,1.0
stage1a_single_agent_tiny,1,44367,911,1,50,50,1,0,137.0886688232422,4.0,4.0,4.0,0.4444444444444444,0.0,0,0,0,34,31,31,0,0.11764705882352941
stage1a_single_agent_tiny,1,44410,912,1,50,50,1,0,130.67129516601562,4.0,4.0,4.0,0.3333333333333333,0.0,0,0,0,43,40,40,0,0.09302325581395349
stage1a_single_agent_tiny,1,44425,913,1,50,50,1,0,141.35198974609375,4.0,4.0,4.0,0.3333333333333333,0.0,0,0,0,15,12,12,0,0.26666666666666666
stage1a_single_agent_tiny,1,44456,914,1,50,50,1,0,138.32015991210938,4.0,4.0,4.0,0.4444444444444444,0.0,0,0,0,31,10,10,0,0.12903225806451613
stage1a_single_agent_tiny,1,44479,915,1,50,50,1,0,144.42123413085938,4.0,4.0,4.0,0.4444444444444444,0.0,0,0,0,23,20,20,0,0.17391304347826086
stage1a_single_agent_tiny,1,44530,916,1,50,50,1,0,124.75399780273438,4.0,4.0,4.0,0.3333333333333333,0.0,0,0,0,51,48,48,0,0.0784313725490196
stage1a_single_agent_tiny,1,44545,917,1,50,50,1,0,147.37429809570312,4.0,4.0,4.0,0.3333333333333333,0.0,0,0,0,15,12,12,0,0.26666666666666666
stage1a_single_agent_tiny,1,44555,918,1,50,50,1,0,148.93850708007812,4.0,4.0,4.0,0.3333333333333333,0.0,0,0,0,10,7,7,0,0.4
stage1a_single_agent_tiny,1,44574,919,1,50,50,1,0,142.95501708984375,4.0,4.0,4.0,0.2222222222222222,0.0,0,0,0,19,14,14,0,0.21052631578947367
stage1a_single_agent_tiny,1,44590,920,1,50,50,1,0,145.9951629638672,4.0,4.0,4.0,0.3333333333333333,0.0,0,0,0,16,13,13,0,0.25
stage1a_single_agent_tiny,1,44614,921,1,50,50,1,0,141.40504455566406,4.0,4.0,4.0,0.4444444444444444,0.0,0,0,0,24,21,21,0,0.16666666666666666
stage1a_single_agent_tiny,1,44629,922,1,50,50,1,0,143.02560424804688,4.0,4.0,4.0,0.3333333333333333,0.0,0,0,0,15,12,12,0,0.26666666666666666
stage1a_single_agent_tiny,1,44633,923,1,50,50,1,0,150.44000244140625,4.0,4.0,4.0,0.1111111111111111,0.0,0,0,0,4,1,1,0,1.0
stage1a_single_agent_tiny,1,44650,924,1,50,50,1,0,144.35205078125,4.0,4.0,4.0,0.3333333333333333,0.0,0,0,0,17,13,13,0,0.23529411764705882
stage1a_single_agent_tiny,1,44671,925,1,50,50,1,0,142.90966796875,4.0,4.0,4.0,0.3333333333333333,0.0,0,0,0,21,14,14,0,0.19047619047619047
stage1a_single_agent_tiny,1,44714,926,1,50,50,1,0,133.70523071289062,4.0,4.0,4.0,0.3333333333333333,0.0,0,0,0,43,5,5,0,0.09302325581395349
stage1a_single_agent_tiny,1,44718,927,1,50,50,1,0,148.95883178710938,4.0,4.0,4.0,0.1111111111111111,0.0,0,0,0,4,1,1,0,1.0
stage1a_single_agent_tiny,1,44733,928,1,50,50,1,0,144.51153564453125,4.0,4.0,4.0,0.3333333333333333,0.0,0,0,0,15,12,12,0,0.26666666666666666
stage1a_single_agent_tiny,1,44758,929,1,50,50,1,0,141.54736328125,4.0,4.0,4.0,0.3333333333333333,0.0,0,0,0,25,6,6,0,0.16
stage1a_single_agent_tiny,1,44769,930,1,50,50,1,0,148.8699951171875,4.0,4.0,4.0,0.2222222222222222,0.0,0,0,0,11,6,6,0,0.36363636363636365
stage1a_single_agent_tiny,1,44803,931,1,50,50,1,0,136.80804443359375,4.0,4.0,4.0,0.4444444444444444,0.0,0,0,0,34,14,14,0,0.11764705882352941
stage1a_single_agent_tiny,1,44818,932,1,50,50,1,0,144.38198852539062,4.0,4.0,4.0,0.3333333333333333,0.0,0,0,0,15,11,11,0,0.26666666666666666
stage1a_single_agent_tiny,1,44822,933,1,50,50,1,0,148.95907592773438,4.0,4.0,4.0,0.1111111111111111,0.0,0,0,0,4,1,1,0,1.0
stage1a_single_agent_tiny,1,44857,934,1,50,50,1,0,138.30679321289062,4.0,4.0,4.0,0.4444444444444444,0.0,0,0,0,35,10,10,0,0.11428571428571428
stage1a_single_agent_tiny,1,44907,935,1,50,50,1,0,126.26513671875,4.0,4.0,4.0,0.4444444444444444,0.0,0,0,0,50,15,15,0,0.08
stage1a_single_agent_tiny,1,44925,936,1,50,50,1,0,144.34487915039062,4.0,4.0,4.0,0.3333333333333333,0.0,0,0,0,18,15,15,0,0.2222222222222222
stage1a_single_agent_tiny,1,44935,937,1,50,50,1,0,150.41766357421875,4.0,4.0,4.0,0.2222222222222222,0.0,0,0,0,10,5,5,0,0.4
stage1a_single_agent_tiny,1,44950,938,1,50,50,1,0,146.17703247070312,4.0,4.0,4.0,0.3333333333333333,0.0,0,0,0,15,12,12,0,0.26666666666666666
stage1a_single_agent_tiny,1,44954,939,1,50,50,1,0,148.9590606689453,4.0,4.0,4.0,0.1111111111111111,0.0,0,0,0,4,1,1,0,1.0
stage1a_single_agent_tiny,1,44989,940,1,50,50,1,0,135.2688446044922,4.0,4.0,4.0,0.3333333333333333,0.0,0,0,0,35,30,30,0,0.11428571428571428
stage1a_single_agent_tiny,1,45008,941,1,50,50,1,0,142.95999145507812,4.0,4.0,4.0,0.3333333333333333,0.0,0,0,0,19,16,16,0,0.21052631578947367
stage1a_single_agent_tiny,1,45019,942,1,50,50,1,0,148.89002990722656,4.0,4.0,4.0,0.2222222222222222,0.0,0,0,0,11,8,8,0,0.36363636363636365
stage1a_single_agent_tiny,1,45034,943,1,50,50,1,0,143.00796508789062,4.0,4.0,4.0,0.3333333333333333,0.0,0,0,0,15,11,11,0,0.26666666666666666
stage1a_single_agent_tiny,1,45042,944,1,50,50,1,0,148.94564819335938,4.0,4.0,4.0,0.2222222222222222,0.0,0,0,0,8,4,4,0,0.5
stage1a_single_agent_tiny,1,45051,945,1,50,50,1,0,148.95773315429688,4.0,4.0,4.0,0.3333333333333333,0.0,0,0,0,9,5,5,0,0.4444444444444444
stage1a_single_agent_tiny,1,45071,946,1,50,50,1,0,141.46078491210938,4.0,4.0,4.0,0.3333333333333333,0.0,0,0,0,20,12,12,0,0.2
stage1a_single_agent_tiny,1,45172,947,1,50,50,1,0,105.11614990234375,4.0,4.0,4.0,0.4444444444444444,0.0,0,0,0,101,40,40,0,0.039603960396039604
stage1a_single_agent_tiny,1,45176,948,1,50,50,1,0,150.44998168945312,4.0,4.0,4.0,0.1111111111111111,0.0,0,0,0,4,1,1,0,1.0
stage1a_single_agent_tiny,1,45228,949,1,50,50,1,0,129.22787475585938,4.0,4.0,4.0,0.3333333333333333,0.0,0,0,0,52,28,28,0,0.07692307692307693
stage1a_single_agent_tiny,1,45243,950,1,50,50,1,0,147.5452880859375,4.0,4.0,4.0,0.3333333333333333,0.0,0,0,0,15,12,12,0,0.26666666666666666
stage1a_single_agent_tiny,1,45259,951,1,50,50,1,0,148.84426879882812,4.0,4.0,4.0,0.3333333333333333,0.0,0,0,0,16,13,13,0,0.25
stage1a_single_agent_tiny,1,45278,952,1,50,50,1,0,144.46392822265625,4.0,4.0,4.0,0.3333333333333333,0.0,0,0,0,19,14,14,0,0.21052631578947367
stage1a_single_agent_tiny,1,45293,953,1,50,50,1,0,144.3714141845703,4.0,4.0,4.0,0.3333333333333333,0.0,0,0,0,15,12,12,0,0.26666666666666666
stage1a_single_agent_tiny,1,45297,954,1,50,50,1,0,148.95892333984375,4.0,4.0,4.0,0.1111111111111111,0.0,0,0,0,4,1,1,0,1.0
stage1a_single_agent_tiny,1,45314,955,1,50,50,1,0,142.85194396972656,4.0,4.0,4.0,0.3333333333333333,0.0,0,0,0,17,14,14,0,0.23529411764705882
stage1a_single_agent_tiny,1,45337,956,1,50,50,1,0,141.297607421875,4.0,4.0,4.0,0.3333333333333333,0.0,0,0,0,23,19,19,0,0.17391304347826086
stage1a_single_agent_tiny,1,45341,957,1,50,50,1,0,147.45904541015625,4.0,4.0,4.0,0.1111111111111111,0.0,0,0,0,4,1,1,0,1.0
stage1a_single_agent_tiny,1,45365,958,1,50,50,1,0,138.3950653076172,4.0,4.0,4.0,0.3333333333333333,0.0,0,0,0,24,12,12,0,0.16666666666666666
stage1a_single_agent_tiny,1,45383,959,1,50,50,1,0,144.48709106445312,4.0,4.0,4.0,0.3333333333333333,0.0,0,0,0,18,10,10,0,0.2222222222222222
stage1a_single_agent_tiny,1,45399,960,1,50,50,1,0,144.64666748046875,4.0,4.0,4.0,0.3333333333333333,0.0,0,0,0,16,13,13,0,0.25
stage1a_single_agent_tiny,1,45414,961,1,50,50,1,0,145.87286376953125,4.0,4.0,4.0,0.3333333333333333,0.0,0,0,0,15,12,12,0,0.26666666666666666
stage1a_single_agent_tiny,1,45436,962,1,50,50,1,0,142.90704345703125,4.0,4.0,4.0,0.2222222222222222,0.0,0,0,0,22,1,1,0,0.18181818181818182
stage1a_single_agent_tiny,1,45451,963,1,50,50,1,0,144.33334350585938,4.0,4.0,4.0,0.2222222222222222,0.0,0,0,0,15,12,12,0,0.26666666666666666
stage1a_single_agent_tiny,1,45466,964,1,50,50,1,0,143.0161895751953,4.0,4.0,4.0,0.3333333333333333,0.0,0,0,0,15,12,12,0,0.26666666666666666
stage1a_single_agent_tiny,1,45484,965,1,50,50,1,0,145.93345642089844,4.0,4.0,4.0,0.3333333333333333,0.0,0,0,0,18,15,15,0,0.2222222222222222
stage1a_single_agent_tiny,1,45498,966,1,50,50,1,0,145.8599853515625,4.0,4.0,4.0,0.3333333333333333,0.0,0,0,0,14,11,11,0,0.2857142857142857
stage1a_single_agent_tiny,1,45516,967,1,50,50,1,0,143.00479125976562,4.0,4.0,4.0,0.3333333333333333,0.0,0,0,0,18,15,15,0,0.2222222222222222
stage1a_single_agent_tiny,1,45524,968,1,50,50,1,0,150.42999267578125,4.0,4.0,4.0,0.2222222222222222,0.0,0,0,0,8,5,5,0,0.5
stage1a_single_agent_tiny,1,45583,969,1,50,50,1,0,124.67926788330078,4.0,4.0,4.0,0.3333333333333333,0.0,0,0,0,59,35,35,0,0.06779661016949153
stage1a_single_agent_tiny,1,45604,970,1,50,50,1,0,142.9319610595703,4.0,4.0,4.0,0.3333333333333333,0.0,0,0,0,21,17,17,0,0.19047619047619047
stage1a_single_agent_tiny,1,45614,971,1,50,50,1,0,147.41998291015625,4.0,4.0,4.0,0.3333333333333333,0.0,0,0,0,10,6,6,0,0.4
stage1a_single_agent_tiny,1,45626,972,1,50,50,1,0,147.4099884033203,4.0,4.0,4.0,0.3333333333333333,0.0,0,0,0,12,9,9,0,0.3333333333333333
stage1a_single_agent_tiny,1,45631,973,1,50,50,1,0,147.4482421875,4.0,4.0,4.0,0.1111111111111111,0.0,0,0,0,5,1,1,0,0.8
stage1a_single_agent_tiny,1,45646,974,1,50,50,1,0,144.5145263671875,4.0,4.0,4.0,0.3333333333333333,0.0,0,0,0,15,11,11,0,0.26666666666666666
stage1a_single_agent_tiny,1,45702,975,1,50,50,1,0,123.16265869140625,4.0,4.0,4.0,0.3333333333333333,0.0,0,0,0,56,52,52,0,0.07142857142857142
stage1a_single_agent_tiny,1,45733,976,1,50,50,1,0,139.83009338378906,4.0,4.0,4.0,0.3333333333333333,0.0,0,0,0,31,28,28,0,0.12903225806451613
stage1a_single_agent_tiny,1,45749,977,1,50,50,1,0,142.86190795898438,4.0,4.0,4.0,0.3333333333333333,0.0,0,0,0,16,13,13,0,0.25
stage1a_single_agent_tiny,1,45767,978,1,50,50,1,0,142.98577880859375,4.0,4.0,4.0,0.3333333333333333,0.0,0,0,0,18,14,14,0,0.2222222222222222
stage1a_single_agent_tiny,1,45795,979,1,50,50,1,0,141.35873413085938,4.0,4.0,4.0,0.3333333333333333,0.0,0,0,0,28,24,24,0,0.14285714285714285
stage1a_single_agent_tiny,1,45810,980,1,50,50,1,0,145.8874969482422,4.0,4.0,4.0,0.3333333333333333,0.0,0,0,0,15,8,8,0,0.26666666666666666
stage1a_single_agent_tiny,1,45826,981,1,50,50,1,0,144.4907684326172,4.0,4.0,4.0,0.3333333333333333,0.0,0,0,0,16,13,13,0,0.25
stage1a_single_agent_tiny,1,45830,982,1,50,50,1,0,148.94000244140625,4.0,4.0,4.0,0.1111111111111111,0.0,0,0,0,4,1,1,0,1.0
stage1a_single_agent_tiny,1,45844,983,1,50,50,1,0,145.89739990234375,4.0,4.0,4.0,0.3333333333333333,0.0,0,0,0,14,11,11,0,0.2857142857142857
stage1a_single_agent_tiny,1,45875,984,1,50,50,1,0,138.31686401367188,4.0,4.0,4.0,0.3333333333333333,0.0,0,0,0,31,28,28,0,0.12903225806451613
stage1a_single_agent_tiny,1,45892,985,1,50,50,1,0,145.96127319335938,4.0,4.0,4.0,0.2222222222222222,0.0,0,0,0,17,14,14,0,0.23529411764705882
stage1a_single_agent_tiny,1,45896,986,1,50,50,1,0,148.95889282226562,4.0,4.0,4.0,0.1111111111111111,0.0,0,0,0,4,1,1,0,1.0
stage1a_single_agent_tiny,1,45911,987,1,50,50,1,0,147.3745880126953,4.0,4.0,4.0,0.3333333333333333,0.0,0,0,0,15,12,12,0,0.26666666666666666
stage1a_single_agent_tiny,1,45930,988,1,50,50,1,0,141.32135009765625,4.0,4.0,4.0,0.2222222222222222,0.0,0,0,0,19,16,16,0,0.21052631578947367
stage1a_single_agent_tiny,1,45938,989,1,50,50,1,0,150.42999267578125,4.0,4.0,4.0,0.2222222222222222,0.0,0,0,0,8,5,5,0,0.5
stage1a_single_agent_tiny,1,45952,990,1,50,50,1,0,145.88067626953125,4.0,4.0,4.0,0.3333333333333333,0.0,0,0,0,14,11,11,0,0.2857142857142857
stage1a_single_agent_tiny,1,45975,991,1,50,50,1,0,142.92288208007812,4.0,4.0,4.0,0.3333333333333333,0.0,0,0,0,23,11,11,0,0.17391304347826086
stage1a_single_agent_tiny,1,45984,992,1,50,50,1,0,148.91000366210938,4.0,4.0,4.0,0.2222222222222222,0.0,0,0,0,9,5,5,0,0.4444444444444444
stage1a_single_agent_tiny,1,46001,993,1,50,50,1,0,144.33299255371094,4.0,4.0,4.0,0.3333333333333333,0.0,0,0,0,17,13,13,0,0.23529411764705882
stage1a_single_agent_tiny,1,46005,994,1,50,50,1,0,150.44998168945312,4.0,4.0,4.0,0.1111111111111111,0.0,0,0,0,4,1,1,0,1.0
stage1a_single_agent_tiny,1,46020,995,1,50,50,1,0,148.8746795654297,4.0,4.0,4.0,0.3333333333333333,0.0,0,0,0,15,12,12,0,0.26666666666666666
stage1a_single_agent_tiny,1,46058,996,1,50,50,1,0,135.20999145507812,4.0,4.0,4.0,0.4444444444444444,0.0,0,0,0,38,33,33,0,0.10526315789473684
stage1a_single_agent_tiny,1,46067,997,1,50,50,1,0,149.08999633789062,4.0,4.0,4.0,0.3333333333333333,0.0,0,0,0,9,5,5,0,0.4444444444444444
stage1a_single_agent_tiny,1,46080,998,1,50,50,1,0,144.5366668701172,4.0,4.0,4.0,0.3333333333333333,0.0,0,0,0,13,10,10,0,0.3076923076923077
stage1a_single_agent_tiny,1,46096,999,1,50,50,1,0,146.0141143798828,4.0,4.0,4.0,0.3333333333333333,0.0,0,0,0,16,13,13,0,0.25
stage1a_single_agent_tiny,1,46100,1000,1,50,50,1,0,148.9499969482422,4.0,4.0,4.0,0.1111111111111111,0.0,0,0,0,4,1,1,0,1.0
stage1a_single_agent_tiny,1,46135,1001,1,50,50,1,0,135.6099395751953,4.0,4.0,4.0,0.4444444444444444,0.0,0,0,0,35,14,14,0,0.11428571428571428
stage1a_single_agent_tiny,1,46150,1002,1,50,50,1,0,144.516845703125,4.0,4.0,4.0,0.3333333333333333,0.0,0,0,0,15,11,11,0,0.26666666666666666
stage1a_single_agent_tiny,1,46180,1003,1,50,50,1,0,135.33786010742188,4.0,4.0,4.0,0.3333333333333333,0.0,0,0,0,30,27,27,0,0.13333333333333333
stage1a_single_agent_tiny,1,46189,1004,1,50,50,1,0,147.4399871826172,4.0,4.0,4.0,0.3333333333333333,0.0,0,0,0,9,6,6,0,0.4444444444444444
stage1a_single_agent_tiny,1,46203,1005,1,50,50,1,0,148.86756896972656,4.0,4.0,4.0,0.3333333333333333,0.0,0,0,0,14,8,8,0,0.2857142857142857
stage1a_single_agent_tiny,1,46207,1006,1,50,50,1,0,148.94000244140625,4.0,4.0,4.0,0.1111111111111111,0.0,0,0,0,4,1,1,0,1.0
stage1a_single_agent_tiny,1,46244,1007,1,50,50,1,0,133.7779541015625,4.0,4.0,4.0,0.4444444444444444,0.0,0,0,0,37,13,13,0,0.10810810810810811
stage1a_single_agent_tiny,1,46248,1008,1,50,50,1,0,148.9590606689453,4.0,4.0,4.0,0.1111111111111111,0.0,0,0,0,4,1,1,0,1.0
stage1a_single_agent_tiny,1,46257,1009,1,50,50,1,0,148.9375,4.0,4.0,4.0,0.2222222222222222,0.0,0,0,0,9,5,5,0,0.4444444444444444
stage1a_single_agent_tiny,1,46278,1010,1,50,50,1,0,145.9099578857422,4.0,4.0,4.0,0.3333333333333333,0.0,0,0,0,21,18,18,0,0.19047619047619047
stage1a_single_agent_tiny,1,46298,1011,1,50,50,1,0,144.46212768554688,4.0,4.0,4.0,0.3333333333333333,0.0,0,0,0,20,16,16,0,0.2
stage1a_single_agent_tiny,1,46302,1012,1,50,50,1,0,148.94888305664062,4.0,4.0,4.0,0.1111111111111111,0.0,0,0,0,4,1,1,0,1.0
stage1a_single_agent_tiny,1,46324,1013,1,50,50,1,0,141.57330322265625,4.0,4.0,4.0,0.3333333333333333,0.0,0,0,0,22,19,19,0,0.18181818181818182
stage1a_single_agent_tiny,1,46341,1014,1,50,50,1,0,142.82049560546875,4.0,4.0,4.0,0.2222222222222222,0.0,0,0,0,17,14,14,0,0.23529411764705882
stage1a_single_agent_tiny,1,46356,1015,1,50,50,1,0,144.37142944335938,4.0,4.0,4.0,0.3333333333333333,0.0,0,0,0,15,12,12,0,0.26666666666666666
stage1a_single_agent_tiny,1,46360,1016,1,50,50,1,0,148.95904541015625,4.0,4.0,4.0,0.1111111111111111,0.0,0,0,0,4,1,1,0,1.0
stage1a_single_agent_tiny,1,46379,1017,1,50,50,1,0,144.5032958984375,4.0,4.0,4.0,0.4444444444444444,0.0,0,0,0,19,15,15,0,0.21052631578947367
stage1a_single_agent_tiny,1,46399,1018,1,50,50,1,0,142.9306640625,4.0,4.0,4.0,0.2222222222222222,0.0,0,0,0,20,15,15,0,0.2
stage1a_single_agent_tiny,1,46419,1019,1,50,50,1,0,144.44082641601562,4.0,4.0,4.0,0.2222222222222222,0.0,0,0,0,20,16,16,0,0.2
stage1a_single_agent_tiny,1,46438,1020,1,50,50,1,0,144.31613159179688,4.0,4.0,4.0,0.2222222222222222,0.0,0,0,0,19,16,16,0,0.21052631578947367
stage1a_single_agent_tiny,1,46442,1021,1,50,50,1,0,148.9588623046875,4.0,4.0,4.0,0.1111111111111111,0.0,0,0,0,4,1,1,0,1.0
stage1a_single_agent_tiny,1,46458,1022,1,50,50,1,0,144.65499877929688,4.0,4.0,4.0,0.3333333333333333,0.0,0,0,0,16,13,13,0,0.25
stage1a_single_agent_tiny,1,46468,1023,1,50,50,1,0,147.4099884033203,4.0,4.0,4.0,0.2222222222222222,0.0,0,0,0,10,7,7,0,0.4
stage1a_single_agent_tiny,1,46485,1024,1,50,50,1,0,144.49984741210938,4.0,4.0,4.0,0.3333333333333333,0.0,0,0,0,17,10,10,0,0.23529411764705882
stage1a_single_agent_tiny,1,46501,1025,1,50,50,1,0,146.00714111328125,4.0,4.0,4.0,0.3333333333333333,0.0,0,0,0,16,13,13,0,0.25
stage1a_single_agent_tiny,1,46530,1026,1,50,50,1,0,139.8671417236328,4.0,4.0,4.0,0.3333333333333333,0.0,0,0,0,29,26,26,0,0.13793103448275862
stage1a_single_agent_tiny,1,46550,1027,1,50,50,1,0,142.9558868408203,4.0,4.0,4.0,0.3333333333333333,0.0,0,0,0,20,14,14,0,0.2
stage1a_single_agent_tiny,1,46565,1028,1,50,50,1,0,148.87478637695312,4.0,4.0,4.0,0.3333333333333333,0.0,0,0,0,15,12,12,0,0.26666666666666666
stage1a_single_agent_tiny,1,46569,1029,1,50,50,1,0,148.94000244140625,4.0,4.0,4.0,0.1111111111111111,0.0,0,0,0,4,1,1,0,1.0
stage1a_single_agent_tiny,1,46580,1030,1,50,50,1,0,147.5872039794922,4.0,4.0,4.0,0.3333333333333333,0.0,0,0,0,11,8,8,0,0.36363636363636365
stage1a_single_agent_tiny,1,46584,1031,1,50,50,1,0,148.94000244140625,4.0,4.0,4.0,0.1111111111111111,0.0,0,0,0,4,1,1,0,1.0
stage1a_single_agent_tiny,1,46601,1032,1,50,50,1,0,145.95974731445312,4.0,4.0,4.0,0.2222222222222222,0.0,0,0,0,17,9,9,0,0.23529411764705882
stage1a_single_agent_tiny,1,46610,1033,1,50,50,1,0,148.95777893066406,4.0,4.0,4.0,0.3333333333333333,0.0,0,0,0,9,5,5,0,0.4444444444444444
stage1a_single_agent_tiny,1,46628,1034,1,50,50,1,0,144.31704711914062,4.0,4.0,4.0,0.2222222222222222,0.0,0,0,0,18,14,14,0,0.2222222222222222
stage1a_single_agent_tiny,1,46632,1035,1,50,50,1,0,150.44998168945312,4.0,4.0,4.0,0.1111111111111111,0.0,0,0,0,4,1,1,0,1.0
stage1a_single_agent_tiny,1,46648,1036,1,50,50,1,0,142.99578857421875,4.0,4.0,4.0,0.3333333333333333,0.0,0,0,0,16,13,13,0,0.25
stage1a_single_agent_tiny,1,46662,1037,1,50,50,1,0,147.52999877929688,4.0,4.0,4.0,0.3333333333333333,0.0,0,0,0,14,11,11,0,0.2857142857142857
stage1a_single_agent_tiny,1,46681,1038,1,50,50,1,0,144.35305786132812,4.0,4.0,4.0,0.4444444444444444,0.0,0,0,0,19,15,15,0,0.21052631578947367
stage1a_single_agent_tiny,1,46690,1039,1,50,50,1,0,148.9578857421875,4.0,4.0,4.0,0.3333333333333333,0.0,0,0,0,9,6,6,0,0.4444444444444444
stage1a_single_agent_tiny,1,46706,1040,1,50,50,1,0,145.98162841796875,4.0,4.0,4.0,0.2222222222222222,0.0,0,0,0,16,8,8,0,0.25
stage1a_single_agent_tiny,1,46724,1041,1,50,50,1,0,144.62196350097656,4.0,4.0,4.0,0.3333333333333333,0.0,0,0,0,18,15,15,0,0.2222222222222222
stage1a_single_agent_tiny,1,46728,1042,1,50,50,1,0,148.95904541015625,4.0,4.0,4.0,0.1111111111111111,0.0,0,0,0,4,1,1,0,1.0
stage1a_single_agent_tiny,1,46743,1043,1,50,50,1,0,145.88479614257812,4.0,4.0,4.0,0.3333333333333333,0.0,0,0,0,15,12,12,0,0.26666666666666666
stage1a_single_agent_tiny,1,46794,1044,1,50,50,1,0,127.8558578491211,4.0,4.0,4.0,0.4444444444444444,0.0,0,0,0,51,48,48,0,0.0784313725490196
stage1a_single_agent_tiny,1,46817,1045,1,50,50,1,0,138.242431640625,4.0,4.0,4.0,0.2222222222222222,0.0,0,0,0,23,19,19,0,0.17391304347826086
stage1a_single_agent_tiny,1,46829,1046,1,50,50,1,0,147.42791748046875,4.0,4.0,4.0,0.3333333333333333,0.0,0,0,0,12,9,9,0,0.3333333333333333
stage1a_single_agent_tiny,1,46869,1047,1,50,50,1,0,133.67919921875,4.0,4.0,4.0,0.3333333333333333,0.0,0,0,0,40,11,11,0,0.1
stage1a_single_agent_tiny,1,46912,1048,1,50,50,1,0,136.84994506835938,4.0,4.0,4.0,0.4444444444444444,0.0,0,0,0,43,9,9,0,0.09302325581395349
stage1a_single_agent_tiny,1,46916,1049,1,50,50,1,0,148.95904541015625,4.0,4.0,4.0,0.1111111111111111,0.0,0,0,0,4,1,1,0,1.0
stage1a_single_agent_tiny,1,46934,1050,1,50,50,1,0,144.4945068359375,4.0,4.0,4.0,0.3333333333333333,0.0,0,0,0,18,15,15,0,0.2222222222222222
stage1a_single_agent_tiny,1,46960,1051,1,50,50,1,0,141.37673950195312,4.0,4.0,4.0,0.3333333333333333,0.0,0,0,0,26,22,22,0,0.15384615384615385
stage1a_single_agent_tiny,1,46978,1052,1,50,50,1,0,146.0152587890625,4.0,4.0,4.0,0.4444444444444444,0.0,0,0,0,18,15,15,0,0.2222222222222222
stage1a_single_agent_tiny,1,46987,1053,1,50,50,1,0,148.9582061767578,4.0,4.0,4.0,0.3333333333333333,0.0,0,0,0,9,6,6,0,0.4444444444444444
stage1a_single_agent_tiny,1,47010,1054,1,50,50,1,0,142.78030395507812,4.0,4.0,4.0,0.4444444444444444,0.0,0,0,0,23,20,20,0,0.17391304347826086
stage1a_single_agent_tiny,1,47029,1055,1,50,50,1,0,145.99478149414062,4.0,4.0,4.0,0.3333333333333333,0.0,0,0,0,19,12,12,0,0.21052631578947367
stage1a_single_agent_tiny,1,47056,1056,1,50,50,1,0,140.00079345703125,4.0,4.0,4.0,0.2222222222222222,0.0,0,0,0,27,16,16,0,0.14814814814814814
stage1a_single_agent_tiny,1,47068,1057,1,50,50,1,0,147.3699951171875,4.0,4.0,4.0,0.3333333333333333,0.0,0,0,0,12,8,8,0,0.3333333333333333
stage1a_single_agent_tiny,1,47077,1058,1,50,50,1,0,148.958251953125,4.0,4.0,4.0,0.3333333333333333,0.0,0,0,0,9,6,6,0,0.4444444444444444
stage1a_single_agent_tiny,1,47089,1059,1,50,50,1,0,147.39999389648438,4.0,4.0,4.0,0.2222222222222222,0.0,0,0,0,12,7,7,0,0.3333333333333333
stage1a_single_agent_tiny,1,47107,1060,1,50,50,1,0,142.82139587402344,4.0,4.0,4.0,0.3333333333333333,0.0,0,0,0,18,15,15,0,0.2222222222222222
stage1a_single_agent_tiny,1,47119,1061,1,50,50,1,0,147.55734252929688,4.0,4.0,4.0,0.3333333333333333,0.0,0,0,0,12,9,9,0,0.3333333333333333
stage1a_single_agent_tiny,1,47133,1062,1,50,50,1,0,145.83999633789062,4.0,4.0,4.0,0.2222222222222222,0.0,0,0,0,14,1,1,0,0.2857142857142857
stage1a_single_agent_tiny,1,47151,1063,1,50,50,1,0,144.32688903808594,4.0,4.0,4.0,0.2222222222222222,0.0,0,0,0,18,14,14,0,0.2222222222222222
stage1a_single_agent_tiny,1,47171,1064,1,50,50,1,0,142.93634033203125,4.0,4.0,4.0,0.2222222222222222,0.0,0,0,0,20,16,16,0,0.2
stage1a_single_agent_tiny,1,47220,1065,1,50,50,1,0,126.25214385986328,4.0,4.0,4.0,0.2222222222222222,0.0,0,0,0,49,1,1,0,0.08163265306122448
stage1a_single_agent_tiny,1,47229,1066,1,50,50,1,0,148.92999267578125,4.0,4.0,4.0,0.3333333333333333,0.0,0,0,0,9,5,5,0,0.4444444444444444
stage1a_single_agent_tiny,1,47233,1067,1,50,50,1,0,148.95875549316406,4.0,4.0,4.0,0.1111111111111111,0.0,0,0,0,4,1,1,0,1.0
stage1a_single_agent_tiny,1,47250,1068,1,50,50,1,0,145.97174072265625,4.0,4.0,4.0,0.2222222222222222,0.0,0,0,0,17,12,12,0,0.23529411764705882
stage1a_single_agent_tiny,1,47276,1069,1,50,50,1,0,138.1917266845703,4.0,4.0,4.0,0.2222222222222222,0.0,0,0,0,26,23,23,0,0.15384615384615385
stage1a_single_agent_tiny,1,47292,1070,1,50,50,1,0,145.87777709960938,4.0,4.0,4.0,0.3333333333333333,0.0,0,0,0,16,9,9,0,0.25
stage1a_single_agent_tiny,1,47335,1071,1,50,50,1,0,135.29376220703125,4.0,4.0,4.0,0.3333333333333333,0.0,0,0,0,43,15,15,0,0.09302325581395349
stage1a_single_agent_tiny,1,47353,1072,1,50,50,1,0,147.3131561279297,4.0,4.0,4.0,0.3333333333333333,0.0,0,0,0,18,15,15,0,0.2222222222222222
stage1a_single_agent_tiny,1,47373,1073,1,50,50,1,0,139.78143310546875,4.0,4.0,4.0,0.2222222222222222,0.0,0,0,0,20,17,17,0,0.2
stage1a_single_agent_tiny,1,47394,1074,1,50,50,1,0,142.931396484375,4.0,4.0,4.0,0.3333333333333333,0.0,0,0,0,21,12,12,0,0.19047619047619047
stage1a_single_agent_tiny,1,47398,1075,1,50,50,1,0,148.94000244140625,4.0,4.0,4.0,0.1111111111111111,0.0,0,0,0,4,1,1,0,1.0
stage1a_single_agent_tiny,1,47411,1076,1,50,50,1,0,145.88998413085938,4.0,4.0,4.0,0.3333333333333333,0.0,0,0,0,13,10,10,0,0.3076923076923077
stage1a_single_agent_tiny,1,47430,1077,1,50,50,1,0,141.44430541992188,4.0,4.0,4.0,0.2222222222222222,0.0,0,0,0,19,16,16,0,0.21052631578947367
stage1a_single_agent_tiny,1,47446,1078,1,50,50,1,0,144.50567626953125,4.0,4.0,4.0,0.3333333333333333,0.0,0,0,0,16,13,13,0,0.25
stage1a_single_agent_tiny,1,47467,1079,1,50,50,1,0,142.9406280517578,4.0,4.0,4.0,0.2222222222222222,0.0,0,0,0,21,1,1,0,0.19047619047619047
stage1a_single_agent_tiny,1,47483,1080,1,50,50,1,0,143.00193786621094,4.0,4.0,4.0,0.3333333333333333,0.0,0,0,0,16,12,12,0,0.25
stage1a_single_agent_tiny,1,47511,1081,1,50,50,1,0,138.4913330078125,4.0,4.0,4.0,0.3333333333333333,0.0,0,0,0,28,16,16,0,0.14285714285714285
stage1a_single_agent_tiny,1,47539,1082,1,50,50,1,0,144.35491943359375,4.0,4.0,4.0,0.4444444444444444,0.0,0,0,0,28,11,11,0,0.14285714285714285
stage1a_single_agent_tiny,1,47561,1083,1,50,50,1,0,142.93142700195312,4.0,4.0,4.0,0.3333333333333333,0.0,0,0,0,22,14,14,0,0.18181818181818182
stage1a_single_agent_tiny,1,47574,1084,1,50,50,1,0,147.49969482421875,4.0,4.0,4.0,0.2222222222222222,0.0,0,0,0,13,7,7,0,0.3076923076923077
stage1a_single_agent_tiny,1,47589,1085,1,50,50,1,0,144.4907684326172,4.0,4.0,4.0,0.3333333333333333,0.0,0,0,0,15,12,12,0,0.26666666666666666
stage1a_single_agent_tiny,1,47593,1086,1,50,50,1,0,148.95892333984375,4.0,4.0,4.0,0.1111111111111111,0.0,0,0,0,4,1,1,0,1.0
stage1a_single_agent_tiny,1,47615,1087,1,50,50,1,0,140.07176208496094,4.0,4.0,4.0,0.3333333333333333,0.0,0,0,0,22,13,13,0,0.18181818181818182
stage1a_single_agent_tiny,1,47629,1088,1,50,50,1,0,145.880615234375,4.0,4.0,4.0,0.3333333333333333,0.0,0,0,0,14,11,11,0,0.2857142857142857
stage1a_single_agent_tiny,1,47645,1089,1,50,50,1,0,143.0068359375,4.0,4.0,4.0,0.3333333333333333,0.0,0,0,0,16,13,13,0,0.25
stage1a_single_agent_tiny,1,47659,1090,1,50,50,1,0,147.5251922607422,4.0,4.0,4.0,0.2222222222222222,0.0,0,0,0,14,11,11,0,0.2857142857142857
stage1a_single_agent_tiny,1,47667,1091,1,50,50,1,0,148.93592834472656,4.0,4.0,4.0,0.2222222222222222,0.0,0,0,0,8,4,4,0,0.5
stage1a_single_agent_tiny,1,47681,1092,1,50,50,1,0,146.03729248046875,4.0,4.0,4.0,0.3333333333333333,0.0,0,0,0,14,11,11,0,0.2857142857142857
stage1a_single_agent_tiny,1,47685,1093,1,50,50,1,0,148.95883178710938,4.0,4.0,4.0,0.1111111111111111,0.0,0,0,0,4,1,1,0,1.0
stage1a_single_agent_tiny,1,47700,1094,1,50,50,1,0,142.86012268066406,4.0,4.0,4.0,0.2222222222222222,0.0,0,0,0,15,12,12,0,0.26666666666666666
stage1a_single_agent_tiny,1,47717,1095,1,50,50,1,0,145.8163299560547,4.0,4.0,4.0,0.2222222222222222,0.0,0,0,0,17,13,13,0,0.23529411764705882
stage1a_single_agent_tiny,1,47734,1096,1,50,50,1,0,145.98123168945312,4.0,4.0,4.0,0.3333333333333333,0.0,0,0,0,17,7,7,0,0.23529411764705882
stage1a_single_agent_tiny,1,47750,1097,1,50,50,1,0,145.8499755859375,4.0,4.0,4.0,0.3333333333333333,0.0,0,0,0,16,11,11,0,0.25
stage1a_single_agent_tiny,1,47754,1098,1,50,50,1,0,148.9499969482422,4.0,4.0,4.0,0.1111111111111111,0.0,0,0,0,4,1,1,0,1.0
stage1a_single_agent_tiny,1,47774,1099,1,50,50,1,0,142.97528076171875,4.0,4.0,4.0,0.4444444444444444,0.0,0,0,0,20,17,17,0,0.2
stage1a_single_agent_tiny,1,47781,1100,1,50,50,1,0,147.5594024658203,4.0,4.0,4.0,0.1111111111111111,0.0,0,0,0,7,1,1,0,0.5714285714285714
stage1a_single_agent_tiny,1,47799,1101,1,50,50,1,0,145.9642333984375,4.0,4.0,4.0,0.3333333333333333,0.0,0,0,0,18,15,15,0,0.2222222222222222
stage1a_single_agent_tiny,1,47803,1102,1,50,50,1,0,148.95889282226562,4.0,4.0,4.0,0.1111111111111111,0.0,0,0,0,4,1,1,0,1.0
stage1a_single_agent_tiny,1,47821,1103,1,50,50,1,0,142.93975830078125,4.0,4.0,4.0,0.3333333333333333,0.0,0,0,0,18,11,11,0,0.2222222222222222
stage1a_single_agent_tiny,1,47853,1104,1,50,50,1,0,135.2621307373047,4.0,4.0,4.0,0.2222222222222222,0.0,0,0,0,32,27,27,0,0.125
stage1a_single_agent_tiny,1,47875,1105,1,50,50,1,0,145.90000915527344,4.0,4.0,4.0,0.3333333333333333,0.0,0,0,0,22,19,19,0,0.18181818181818182
stage1a_single_agent_tiny,1,47889,1106,1,50,50,1,0,145.88262939453125,4.0,4.0,4.0,0.3333333333333333,0.0,0,0,0,14,10,10,0,0.2857142857142857
stage1a_single_agent_tiny,1,47907,1107,1,50,50,1,0,141.4193115234375,4.0,4.0,4.0,0.2222222222222222,0.0,0,0,0,18,8,8,0,0.2222222222222222
stage1a_single_agent_tiny,1,47922,1108,1,50,50,1,0,146.00494384765625,4.0,4.0,4.0,0.2222222222222222,0.0,0,0,0,15,11,11,0,0.26666666666666666
stage1a_single_agent_tiny,1,47936,1109,1,50,50,1,0,145.98948669433594,4.0,4.0,4.0,0.3333333333333333,0.0,0,0,0,14,11,11,0,0.2857142857142857
stage1a_single_agent_tiny,1,47956,1110,1,50,50,1,0,144.46994018554688,4.0,4.0,4.0,0.3333333333333333,0.0,0,0,0,20,13,13,0,0.2
stage1a_single_agent_tiny,1,47972,1111,1,50,50,1,0,147.51040649414062,4.0,4.0,4.0,0.3333333333333333,0.0,0,0,0,16,5,5,0,0.25
stage1a_single_agent_tiny,1,47986,1112,1,50,50,1,0,147.34999084472656,4.0,4.0,4.0,0.2222222222222222,0.0,0,0,0,14,11,11,0,0.2857142857142857
stage1a_single_agent_tiny,1,48001,1113,1,50,50,1,0,142.88150024414062,4.0,4.0,4.0,0.3333333333333333,0.0,0,0,0,15,11,11,0,0.26666666666666666
stage1a_single_agent_tiny,1,48031,1114,1,50,50,1,0,141.34231567382812,4.0,4.0,4.0,0.3333333333333333,0.0,0,0,0,30,27,27,0,0.13333333333333333
stage1a_single_agent_tiny,1,48046,1115,1,50,50,1,0,144.34217834472656,4.0,4.0,4.0,0.2222222222222222,0.0,0,0,0,15,12,12,0,0.26666666666666666
stage1a_single_agent_tiny,1,48062,1116,1,50,50,1,0,144.46939086914062,4.0,4.0,4.0,0.2222222222222222,0.0,0,0,0,16,8,8,0,0.25
stage1a_single_agent_tiny,1,48073,1117,1,50,50,1,0,147.5399932861328,4.0,4.0,4.0,0.3333333333333333,0.0,0,0,0,11,8,8,0,0.36363636363636365
stage1a_single_agent_tiny,1,48094,1118,1,50,50,1,0,142.94134521484375,4.0,4.0,4.0,0.3333333333333333,0.0,0,0,0,21,13,13,0,0.19047619047619047
stage1a_single_agent_tiny,1,48114,1119,1,50,50,1,0,144.4629669189453,4.0,4.0,4.0,0.3333333333333333,0.0,0,0,0,20,12,12,0,0.2
stage1a_single_agent_tiny,1,48131,1120,1,50,50,1,0,145.86366271972656,4.0,4.0,4.0,0.3333333333333333,0.0,0,0,0,17,14,14,0,0.23529411764705882
stage1a_single_agent_tiny,1,48162,1121,1,50,50,1,0,141.36752319335938,4.0,4.0,4.0,0.4444444444444444,0.0,0,0,0,31,14,14,0,0.12903225806451613
stage1a_single_agent_tiny,1,48181,1122,1,50,50,1,0,145.95401000976562,4.0,4.0,4.0,0.2222222222222222,0.0,0,0,0,19,10,10,0,0.21052631578947367
stage1a_single_agent_tiny,1,48192,1123,1,50,50,1,0,147.41998291015625,4.0,4.0,4.0,0.3333333333333333,0.0,0,0,0,11,8,8,0,0.36363636363636365
stage1a_single_agent_tiny,1,48217,1124,1,50,50,1,0,141.38424682617188,4.0,4.0,4.0,0.2222222222222222,0.0,0,0,0,25,15,15,0,0.16
stage1a_single_agent_tiny,1,48234,1125,1,50,50,1,0,147.6547393798828,4.0,4.0,4.0,0.3333333333333333,0.0,0,0,0,17,14,14,0,0.23529411764705882
stage1a_single_agent_tiny,1,48248,1126,1,50,50,1,0,144.52639770507812,4.0,4.0,4.0,0.3333333333333333,0.0,0,0,0,14,11,11,0,0.2857142857142857
stage1a_single_agent_tiny,1,48268,1127,1,50,50,1,0,144.46450805664062,4.0,4.0,4.0,0.3333333333333333,0.0,0,0,0,20,15,15,0,0.2
stage1a_single_agent_tiny,1,48316,1128,1,50,50,1,0,130.82455444335938,4.0,4.0,4.0,0.3333333333333333,0.0,0,0,0,48,43,43,0,0.08333333333333333
stage1a_single_agent_tiny,1,48348,1129,1,50,50,1,0,136.84097290039062,4.0,4.0,4.0,0.3333333333333333,0.0,0,0,0,32,14,14,0,0.125
stage1a_single_agent_tiny,1,48352,1130,1,50,50,1,0,148.95892333984375,4.0,4.0,4.0,0.1111111111111111,0.0,0,0,0,4,1,1,0,1.0
stage1a_single_agent_tiny,1,48367,1131,1,50,50,1,0,146.0198974609375,4.0,4.0,4.0,0.3333333333333333,0.0,0,0,0,15,8,8,0,0.26666666666666666
stage1a_single_agent_tiny,1,48382,1132,1,50,50,1,0,142.88079833984375,4.0,4.0,4.0,0.3333333333333333,0.0,0,0,0,15,12,12,0,0.26666666666666666
stage1a_single_agent_tiny,1,48406,1133,1,50,50,1,0,142.95367431640625,4.0,4.0,4.0,0.4444444444444444,0.0,0,0,0,24,21,21,0,0.16666666666666666
stage1a_single_agent_tiny,1,48425,1134,1,50,50,1,0,144.3250732421875,4.0,4.0,4.0,0.3333333333333333,0.0,0,0,0,19,16,16,0,0.21052631578947367
stage1a_single_agent_tiny,1,48445,1135,1,50,50,1,0,144.4595184326172,4.0,4.0,4.0,0.3333333333333333,0.0,0,0,0,20,14,14,0,0.2
stage1a_single_agent_tiny,1,48462,1136,1,50,50,1,0,144.63961791992188,4.0,4.0,4.0,0.3333333333333333,0.0,0,0,0,17,13,13,0,0.23529411764705882
stage1a_single_agent_tiny,1,48479,1137,1,50,50,1,0,145.98684692382812,4.0,4.0,4.0,0.2222222222222222,0.0,0,0,0,17,12,12,0,0.23529411764705882
stage1a_single_agent_tiny,1,48483,1138,1,50,50,1,0,147.4499969482422,4.0,4.0,4.0,0.1111111111111111,0.0,0,0,0,4,1,1,0,1.0
stage1a_single_agent_tiny,1,48499,1139,1,50,50,1,0,143.171630859375,4.0,4.0,4.0,0.3333333333333333,0.0,0,0,0,16,13,13,0,0.25
stage1a_single_agent_tiny,1,48525,1140,1,50,50,1,0,138.41058349609375,4.0,4.0,4.0,0.3333333333333333,0.0,0,0,0,26,17,17,0,0.15384615384615385
stage1a_single_agent_tiny,1,48542,1141,1,50,50,1,0,147.34396362304688,4.0,4.0,4.0,0.3333333333333333,0.0,0,0,0,17,12,12,0,0.23529411764705882
stage1a_single_agent_tiny,1,48573,1142,1,50,50,1,0,141.35000610351562,4.0,4.0,4.0,0.4444444444444444,0.0,0,0,0,31,12,12,0,0.12903225806451613
stage1a_single_agent_tiny,1,48587,1143,1,50,50,1,0,144.36383056640625,4.0,4.0,4.0,0.2222222222222222,0.0,0,0,0,14,10,10,0,0.2857142857142857
stage1a_single_agent_tiny,1,48605,1144,1,50,50,1,0,144.4903564453125,4.0,4.0,4.0,0.3333333333333333,0.0,0,0,0,18,11,11,0,0.2222222222222222
stage1a_single_agent_tiny,1,48615,1145,1,50,50,1,0,148.9099884033203,4.0,4.0,4.0,0.2222222222222222,0.0,0,0,0,10,7,7,0,0.4
stage1a_single_agent_tiny,1,48631,1146,1,50,50,1,0,147.35406494140625,4.0,4.0,4.0,0.3333333333333333,0.0,0,0,0,16,12,12,0,0.25
stage1a_single_agent_tiny,1,48635,1147,1,50,50,1,0,148.95907592773438,4.0,4.0,4.0,0.1111111111111111,0.0,0,0,0,4,1,1,0,1.0
stage1a_single_agent_tiny,1,48668,1148,1,50,50,1,0,136.8287811279297,4.0,4.0,4.0,0.4444444444444444,0.0,0,0,0,33,12,12,0,0.12121212121212122
stage1a_single_agent_tiny,1,48685,1149,1,50,50,1,0,141.45462036132812,4.0,4.0,4.0,0.3333333333333333,0.0,0,0,0,17,11,11,0,0.23529411764705882
stage1a_single_agent_tiny,1,48689,1150,1,50,50,1,0,148.94879150390625,4.0,4.0,4.0,0.1111111111111111,0.0,0,0,0,4,1,1,0,1.0
stage1a_single_agent_tiny,1,48707,1151,1,50,50,1,0,147.31439208984375,4.0,4.0,4.0,0.3333333333333333,0.0,0,0,0,18,15,15,0,0.2222222222222222
stage1a_single_agent_tiny,1,48755,1152,1,50,50,1,0,132.27894592285156,4.0,4.0,4.0,0.3333333333333333,0.0,0,0,0,48,9,9,0,0.08333333333333333
stage1a_single_agent_tiny,1,48775,1153,1,50,50,1,0,144.43255615234375,4.0,4.0,4.0,0.3333333333333333,0.0,0,0,0,20,15,15,0,0.2
stage1a_single_agent_tiny,1,48794,1154,1,50,50,1,0,144.34707641601562,4.0,4.0,4.0,0.3333333333333333,0.0,0,0,0,19,11,11,0,0.21052631578947367
stage1a_single_agent_tiny,1,48813,1155,1,50,50,1,0,145.822509765625,4.0,4.0,4.0,0.4444444444444444,0.0,0,0,0,19,15,15,0,0.21052631578947367
stage1a_single_agent_tiny,1,48831,1156,1,50,50,1,0,141.2904510498047,4.0,4.0,4.0,0.2222222222222222,0.0,0,0,0,18,14,14,0,0.2222222222222222
stage1a_single_agent_tiny,1,48844,1157,1,50,50,1,0,144.54693603515625,4.0,4.0,4.0,0.3333333333333333,0.0,0,0,0,13,10,10,0,0.3076923076923077
stage1a_single_agent_tiny,1,48859,1158,1,50,50,1,0,145.8636016845703,4.0,4.0,4.0,0.2222222222222222,0.0,0,0,0,15,12,12,0,0.26666666666666666
stage1a_single_agent_tiny,1,48879,1159,1,50,50,1,0,145.99282836914062,4.0,4.0,4.0,0.4444444444444444,0.0,0,0,0,20,15,15,0,0.2
stage1a_single_agent_tiny,1,48893,1160,1,50,50,1,0,145.8599853515625,4.0,4.0,4.0,0.3333333333333333,0.0,0,0,0,14,11,11,0,0.2857142857142857
stage1a_single_agent_tiny,1,48907,1161,1,50,50,1,0,146.0474853515625,4.0,4.0,4.0,0.3333333333333333,0.0,0,0,0,14,11,11,0,0.2857142857142857
stage1a_single_agent_tiny,1,48926,1162,1,50,50,1,0,142.95529174804688,4.0,4.0,4.0,0.2222222222222222,0.0,0,0,0,19,16,16,0,0.21052631578947367
stage1a_single_agent_tiny,1,48941,1163,1,50,50,1,0,146.15536499023438,4.0,4.0,4.0,0.3333333333333333,0.0,0,0,0,15,12,12,0,0.26666666666666666
stage1a_single_agent_tiny,1,48955,1164,1,50,50,1,0,142.8302001953125,4.0,4.0,4.0,0.2222222222222222,0.0,0,0,0,14,10,10,0,0.2857142857142857
stage1a_single_agent_tiny,1,48976,1165,1,50,50,1,0,141.46572875976562,4.0,4.0,4.0,0.3333333333333333,0.0,0,0,0,21,15,15,0,0.19047619047619047
stage1a_single_agent_tiny,1,48981,1166,1,50,50,1,0,148.93923950195312,4.0,4.0,4.0,0.1111111111111111,0.0,0,0,0,5,1,1,0,0.8
stage1a_single_agent_tiny,1,48994,1167,1,50,50,1,0,145.90066528320312,4.0,4.0,4.0,0.3333333333333333,0.0,0,0,0,13,10,10,0,0.3076923076923077
stage1a_single_agent_tiny,1,48998,1168,1,50,50,1,0,150.44998168945312,4.0,4.0,4.0,0.1111111111111111,0.0,0,0,0,4,1,1,0,1.0
stage1a_single_agent_tiny,1,49011,1169,1,50,50,1,0,147.54751586914062,4.0,4.0,4.0,0.3333333333333333,0.0,0,0,0,13,10,10,0,0.3076923076923077
stage1a_single_agent_tiny,1,49015,1170,1,50,50,1,0,150.44998168945312,4.0,4.0,4.0,0.1111111111111111,0.0,0,0,0,4,1,1,0,1.0
stage1a_single_agent_tiny,1,49037,1171,1,50,50,1,0,144.39700317382812,4.0,4.0,4.0,0.3333333333333333,0.0,0,0,0,22,16,16,0,0.18181818181818182
stage1a_single_agent_tiny,1,49053,1172,1,50,50,1,0,145.80999755859375,4.0,4.0,4.0,0.3333333333333333,0.0,0,0,0,16,13,13,0,0.25
stage1a_single_agent_tiny,1,49057,1173,1,50,50,1,0,148.95892333984375,4.0,4.0,4.0,0.1111111111111111,0.0,0,0,0,4,1,1,0,1.0
stage1a_single_agent_tiny,1,49074,1174,1,50,50,1,0,142.84197998046875,4.0,4.0,4.0,0.3333333333333333,0.0,0,0,0,17,14,14,0,0.23529411764705882
stage1a_single_agent_tiny,1,49089,1175,1,50,50,1,0,144.53701782226562,4.0,4.0,4.0,0.3333333333333333,0.0,0,0,0,15,12,12,0,0.26666666666666666
stage1a_single_agent_tiny,1,49103,1176,1,50,50,1,0,147.55557250976562,4.0,4.0,4.0,0.3333333333333333,0.0,0,0,0,14,11,11,0,0.2857142857142857
stage1a_single_agent_tiny,1,49117,1177,1,50,50,1,0,144.38082885742188,4.0,4.0,4.0,0.3333333333333333,0.0,0,0,0,14,11,11,0,0.2857142857142857
stage1a_single_agent_tiny,1,49141,1178,1,50,50,1,0,146.0814208984375,4.0,4.0,4.0,0.4444444444444444,0.0,0,0,0,24,21,21,0,0.16666666666666666
stage1a_single_agent_tiny,1,49164,1179,1,50,50,1,0,139.91278076171875,4.0,4.0,4.0,0.3333333333333333,0.0,0,0,0,23,14,14,0,0.17391304347826086
stage1a_single_agent_tiny,1,49186,1180,1,50,50,1,0,144.39178466796875,4.0,4.0,4.0,0.3333333333333333,0.0,0,0,0,22,16,16,0,0.18181818181818182
stage1a_single_agent_tiny,1,49223,1181,1,50,50,1,0,136.85122680664062,4.0,4.0,4.0,0.2222222222222222,0.0,0,0,0,37,33,33,0,0.10810810810810811
stage1a_single_agent_tiny,1,49240,1182,1,50,50,1,0,142.83193969726562,4.0,4.0,4.0,0.3333333333333333,0.0,0,0,0,17,14,14,0,0.23529411764705882
stage1a_single_agent_tiny,1,49244,1183,1,50,50,1,0,148.95883178710938,4.0,4.0,4.0,0.1111111111111111,0.0,0,0,0,4,1,1,0,1.0
stage1a_single_agent_tiny,1,49260,1184,1,50,50,1,0,144.35299682617188,4.0,4.0,4.0,0.3333333333333333,0.0,0,0,0,16,13,13,0,0.25
stage1a_single_agent_tiny,1,49275,1185,1,50,50,1,0,144.35226440429688,4.0,4.0,4.0,0.3333333333333333,0.0,0,0,0,15,12,12,0,0.26666666666666666
stage1a_single_agent_tiny,1,49279,1186,1,50,50,1,0,148.9499969482422,4.0,4.0,4.0,0.1111111111111111,0.0,0,0,0,4,1,1,0,1.0
stage1a_single_agent_tiny,1,49302,1187,1,50,50,1,0,147.53219604492188,4.0,4.0,4.0,0.3333333333333333,0.0,0,0,0,23,15,15,0,0.17391304347826086
stage1a_single_agent_tiny,1,49311,1188,1,50,50,1,0,147.4199981689453,4.0,4.0,4.0,0.3333333333333333,0.0,0,0,0,9,6,6,0,0.4444444444444444
stage1a_single_agent_tiny,1,49321,1189,1,50,50,1,0,147.41543579101562,4.0,4.0,4.0,0.2222222222222222,0.0,0,0,0,10,7,7,0,0.4
stage1a_single_agent_tiny,1,49337,1190,1,50,50,1,0,147.3172607421875,4.0,4.0,4.0,0.2222222222222222,0.0,0,0,0,16,13,13,0,0.25
stage1a_single_agent_tiny,1,49355,1191,1,50,50,1,0,145.9208526611328,4.0,4.0,4.0,0.2222222222222222,0.0,0,0,0,18,1,1,0,0.2222222222222222
stage1a_single_agent_tiny,1,49375,1192,1,50,50,1,0,143.09207153320312,4.0,4.0,4.0,0.2222222222222222,0.0,0,0,0,20,16,16,0,0.2
stage1a_single_agent_tiny,1,49407,1193,1,50,50,1,0,136.83370971679688,4.0,4.0,4.0,0.3333333333333333,0.0,0,0,0,32,22,22,0,0.125
stage1a_single_agent_tiny,1,49423,1194,1,50,50,1,0,144.50582885742188,4.0,4.0,4.0,0.3333333333333333,0.0,0,0,0,16,13,13,0,0.25
stage1a_single_agent_tiny,1,49433,1195,1,50,50,1,0,146.04998779296875,4.0,4.0,4.0,0.2222222222222222,0.0,0,0,0,10,7,7,0,0.4
stage1a_single_agent_tiny,1,49474,1196,1,50,50,1,0,136.8746337890625,4.0,4.0,4.0,0.4444444444444444,0.0,0,0,0,41,17,17,0,0.0975609756097561
stage1a_single_agent_tiny,1,49486,1197,1,50,50,1,0,147.40773010253906,4.0,4.0,4.0,0.3333333333333333,0.0,0,0,0,12,9,9,0,0.3333333333333333
stage1a_single_agent_tiny,1,49490,1198,1,50,50,1,0,148.9590606689453,4.0,4.0,4.0,0.1111111111111111,0.0,0,0,0,4,1,1,0,1.0
stage1a_single_agent_tiny,1,49506,1199,1,50,50,1,0,145.87423706054688,4.0,4.0,4.0,0.3333333333333333,0.0,0,0,0,16,12,12,0,0.25
stage1a_single_agent_tiny,1,49522,1200,1,50,50,1,0,144.47503662109375,4.0,4.0,4.0,0.2222222222222222,0.0,0,0,0,16,7,7,0,0.25
stage1a_single_agent_tiny,1,49534,1201,1,50,50,1,0,147.41763305664062,4.0,4.0,4.0,0.3333333333333333,0.0,0,0,0,12,9,9,0,0.3333333333333333
stage1a_single_agent_tiny,1,49572,1202,1,50,50,1,0,135.2672119140625,4.0,4.0,4.0,0.3333333333333333,0.0,0,0,0,38,28,28,0,0.10526315789473684
stage1a_single_agent_tiny,1,49585,1203,1,50,50,1,0,147.41781616210938,4.0,4.0,4.0,0.3333333333333333,0.0,0,0,0,13,9,9,0,0.3076923076923077
stage1a_single_agent_tiny,1,49604,1204,1,50,50,1,0,144.47262573242188,4.0,4.0,4.0,0.3333333333333333,0.0,0,0,0,19,15,15,0,0.21052631578947367
stage1a_single_agent_tiny,1,49625,1205,1,50,50,1,0,144.2974090576172,4.0,4.0,4.0,0.3333333333333333,0.0,0,0,0,21,12,12,0,0.19047619047619047
stage1a_single_agent_tiny,1,49642,1206,1,50,50,1,0,144.45091247558594,4.0,4.0,4.0,0.2222222222222222,0.0,0,0,0,17,6,6,0,0.23529411764705882
stage1a_single_agent_tiny,1,49660,1207,1,50,50,1,0,141.33311462402344,4.0,4.0,4.0,0.3333333333333333,0.0,0,0,0,18,14,14,0,0.2222222222222222
stage1a_single_agent_tiny,1,49703,1208,1,50,50,1,0,138.42739868164062,4.0,4.0,4.0,0.3333333333333333,0.0,0,0,0,43,39,39,0,0.09302325581395349
stage1a_single_agent_tiny,1,49739,1209,1,50,50,1,0,133.80926513671875,4.0,4.0,4.0,0.4444444444444444,0.0,0,0,0,36,31,31,0,0.1111111111111111
stage1a_single_agent_tiny,1,49749,1210,1,50,50,1,0,151.87820434570312,4.0,4.0,4.0,0.1111111111111111,0.0,0,0,0,10,1,1,0,0.4
stage1a_single_agent_tiny,1,49767,1211,1,50,50,1,0,145.9601593017578,4.0,4.0,4.0,0.3333333333333333,0.0,0,0,0,18,11,11,0,0.2222222222222222
stage1a_single_agent_tiny,1,49784,1212,1,50,50,1,0,142.8602294921875,4.0,4.0,4.0,0.3333333333333333,0.0,0,0,0,17,14,14,0,0.23529411764705882
stage1a_single_agent_tiny,1,49798,1213,1,50,50,1,0,145.89202880859375,4.0,4.0,4.0,0.3333333333333333,0.0,0,0,0,14,11,11,0,0.2857142857142857
stage1a_single_agent_tiny,1,49825,1214,1,50,50,1,0,138.3837890625,4.0,4.0,4.0,0.2222222222222222,0.0,0,0,0,27,17,17,0,0.14814814814814814
stage1a_single_agent_tiny,1,49840,1215,1,50,50,1,0,147.384033203125,4.0,4.0,4.0,0.3333333333333333,0.0,0,0,0,15,12,12,0,0.26666666666666666
stage1a_single_agent_tiny,1,49862,1216,1,50,50,1,0,144.4415283203125,4.0,4.0,4.0,0.3333333333333333,0.0,0,0,0,22,16,16,0,0.18181818181818182
stage1a_single_agent_tiny,1,49881,1217,1,50,50,1,0,142.8473663330078,4.0,4.0,4.0,0.3333333333333333,0.0,0,0,0,19,16,16,0,0.21052631578947367
stage1a_single_agent_tiny,1,49897,1218,1,50,50,1,0,142.8714599609375,4.0,4.0,4.0,0.3333333333333333,0.0,0,0,0,16,12,12,0,0.25
stage1a_single_agent_tiny,1,49914,1219,1,50,50,1,0,145.83999633789062,4.0,4.0,4.0,0.3333333333333333,0.0,0,0,0,17,14,14,0,0.23529411764705882
stage1a_single_agent_tiny,1,49926,1220,1,50,50,1,0,147.57748413085938,4.0,4.0,4.0,0.3333333333333333,0.0,0,0,0,12,9,9,0,0.3333333333333333
stage1a_single_agent_tiny,1,49945,1221,1,50,50,1,0,141.44467163085938,4.0,4.0,4.0,0.2222222222222222,0.0,0,0,0,19,15,15,0,0.21052631578947367
stage1a_single_agent_tiny,1,49960,1222,1,50,50,1,0,144.382080078125,4.0,4.0,4.0,0.3333333333333333,0.0,0,0,0,15,11,11,0,0.26666666666666666
stage1a_single_agent_tiny,1,49999,1223,1,50,50,1,0,135.44180297851562,4.0,4.0,4.0,0.4444444444444444,0.0,0,0,0,39,34,34,0,0.10256410256410256
stage1b_single_agent_obstacles,2,50220,1224,1,420,320,3,2,15.268478393554688,2.0,2.0,0.0,0.14682539682539683,0.0,0,0,10,220,25,-1,-1,0.0
stage1b_single_agent_obstacles,2,50440,1225,1,420,320,3,2,22.014667510986328,4.0,4.0,0.0,0.23412698412698413,0.015902063254774973,4,1,12,220,168,-1,-1,0.0
stage1b_single_agent_obstacles,2,50660,1226,1,420,320,3,2,84.03050994873047,4.0,4.0,3.0,0.21031746031746032,0.013808873973638666,1,1,12,220,162,162,0,0.013636363636363636
stage1b_single_agent_obstacles,2,50880,1227,1,420,320,3,2,33.94450759887695,8.0,8.0,0.0,0.20238095238095238,0.025241255269131877,1,2,12,220,155,-1,-1,0.0
stage1b_single_agent_obstacles,2,51100,1228,1,420,320,3,2,-9.160026550292969,0.0,0.0,0.0,0.1349206349206349,0.0,0,0,12,220,-1,-1,-1,0.0
stage1b_single_agent_obstacles,2,51320,1229,1,420,320,3,2,62.219703674316406,10.0,10.0,0.0,0.21031746031746032,0.015837808943946253,7,1,6,220,9,-1,-1,0.0
stage1b_single_agent_obstacles,2,51540,1230,1,420,320,3,2,-7.880039215087891,0.0,0.0,0.0,0.07936507936507936,0.0,0,0,12,220,-1,-1,-1,0.0
stage1b_single_agent_obstacles,2,51760,1231,1,420,320,3,2,-77.0899429321289,0.0,0.0,0.0,0.05555555555555555,0.0,0,0,12,220,-1,-1,-1,0.0
stage1b_single_agent_obstacles,2,51980,1232,1,420,320,3,2,17.774072647094727,5.0,5.0,0.0,0.15476190476190477,0.008339465489949693,4,0,7,220,59,-1,-1,0.0
stage1b_single_agent_obstacles,2,52200,1233,1,420,320,3,2,36.99003982543945,8.0,8.0,0.0,0.19047619047619047,0.020649747211824766,7,2,12,220,132,-1,-1,0.0
stage1b_single_agent_obstacles,2,52420,1234,1,420,320,3,2,36.098392486572266,6.0,6.0,0.0,0.20238095238095238,0.013768159259449351,3,1,10,220,105,-1,-1,0.0
stage1b_single_agent_obstacles,2,52640,1235,1,420,320,3,2,-6.191585540771484,0.0,0.0,0.0,0.0992063492063492,0.0,0,0,12,220,-1,-1,-1,0.0
stage1b_single_agent_obstacles,2,52860,1236,1,420,320,3,2,17.811866760253906,3.0,3.0,0.0,0.15079365079365079,0.0,1,0,9,220,26,-1,-1,0.0
stage1b_single_agent_obstacles,2,53080,1237,1,420,320,3,2,49.11329650878906,8.0,8.0,0.0,0.20634920634920634,0.02097596964925866,7,1,8,220,80,-1,-1,0.0
stage1b_single_agent_obstacles,2,53300,1238,1,420,320,3,2,-0.868660569190979,4.0,4.0,0.0,0.20634920634920634,0.01854191439395601,2,1,12,220,168,-1,-1,0.0
stage1b_single_agent_obstacles,2,53520,1239,1,420,320,3,2,-3.279998302459717,0.0,0.0,0.0,0.0873015873015873,0.0,0,0,12,220,-1,-1,-1,0.0
stage1b_single_agent_obstacles,2,53740,1240,1,420,320,3,2,3.7369589805603027,4.0,4.0,0.0,0.13095238095238096,0.039261702321131124,2,1,12,220,77,-1,-1,0.0
stage1b_single_agent_obstacles,2,53960,1241,1,420,320,3,2,19.09935760498047,4.0,4.0,0.0,0.15079365079365079,0.02848031417551366,4,1,12,220,38,-1,-1,0.0
stage1b_single_agent_obstacles,2,54180,1242,1,420,320,3,2,59.41407012939453,10.0,10.0,0.0,0.18253968253968253,0.03858713469129394,9,2,10,220,62,-1,-1,0.0
stage1b_single_agent_obstacles,2,54400,1243,1,420,320,3,2,24.021495819091797,6.0,6.0,0.0,0.18253968253968253,0.020722489012405275,3,1,10,220,68,-1,-1,0.0
stage1b_single_agent_obstacles,2,54620,1244,1,420,320,3,2,5.674957752227783,2.0,2.0,0.0,0.20238095238095238,0.00818365907127207,2,0,10,220,3,-1,-1,0.0
stage1b_single_agent_obstacles,2,54840,1245,1,420,320,3,2,-9.895768165588379,2.0,2.0,0.0,0.10317460317460317,0.0,0,0,10,220,71,-1,-1,0.0
stage1b_single_agent_obstacles,2,55060,1246,1,420,320,3,2,56.00120544433594,9.0,9.0,0.0,0.21031746031746032,0.012942403055388818,9,1,7,220,99,-1,-1,0.0
stage1b_single_agent_obstacles,2,55280,1247,1,420,320,3,2,10.90379810333252,4.0,4.0,0.0,0.12698412698412698,0.020317544762722472,3,1,12,220,26,-1,-1,0.0
stage1b_single_agent_obstacles,2,55500,1248,1,420,320,3,2,71.54875946044922,10.0,10.0,0.0,0.1865079365079365,0.05746388420970602,4,2,10,220,68,-1,-1,0.0
stage1b_single_agent_obstacles,2,55720,1249,1,420,320,3,2,3.574659824371338,4.0,4.0,0.0,0.16666666666666666,0.005395369570363652,3,1,12,220,59,-1,-1,0.0
stage1b_single_agent_obstacles,2,55940,1250,1,420,320,3,2,26.273521423339844,4.0,4.0,0.0,0.20634920634920634,0.0011592454234646125,1,1,12,220,29,-1,-1,0.0
stage1b_single_agent_obstacles,2,56160,1251,1,420,320,3,2,16.505664825439453,6.0,6.0,0.0,0.12698412698412698,0.0,3,1,10,220,130,-1,-1,0.0
stage1b_single_agent_obstacles,2,56380,1252,1,420,320,3,2,3.486051082611084,1.0,1.0,0.0,0.0873015873015873,0.011239739778366956,1,0,11,220,27,-1,-1,0.0
stage1b_single_agent_obstacles,2,56600,1253,1,420,320,3,2,13.809185028076172,4.0,4.0,0.0,0.11507936507936507,0.0020378591408106413,3,1,12,220,170,-1,-1,0.0
stage1b_single_agent_obstacles,2,56820,1254,1,420,320,3,2,-14.912449836730957,0.0,0.0,0.0,0.17857142857142858,0.0,0,0,12,220,-1,-1,-1,0.0
stage1b_single_agent_obstacles,2,57040,1255,1,420,320,3,2,43.97991943359375,8.0,8.0,0.0,0.13095238095238096,0.04989695500963452,8,2,12,220,31,-1,-1,0.0
stage1b_single_agent_obstacles,2,57260,1256,1,420,320,3,2,8.150684356689453,4.0,4.0,0.0,0.16666666666666666,0.02046581597533077,2,1,12,220,31,-1,-1,0.0
stage1b_single_agent_obstacles,2,57480,1257,1,420,320,3,2,-7.670019149780273,0.0,0.0,0.0,0.11904761904761904,0.0,0,0,12,220,-1,-1,-1,0.0
stage1b_single_agent_obstacles,2,57700,1258,1,420,320,3,2,-11.550369262695312,1.0,1.0,0.0,0.1349206349206349,0.011313940720124678,1,0,11,220,153,-1,-1,0.0
stage1b_single_agent_obstacles,2,57920,1259,1,420,320,3,2,-3.389998197555542,0.0,0.0,0.0,0.07142857142857142,0.0,0,0,12,220,-1,-1,-1,0.0
stage1b_single_agent_obstacles,2,58140,1260,1,420,320,3,2,15.579826354980469,3.0,3.0,0.0,0.23015873015873015,0.0,0,0,9,220,124,-1,-1,0.0
stage1b_single_agent_obstacles,2,58360,1261,1,420,320,3,2,41.93608093261719,9.0,9.0,0.0,0.16666666666666666,0.020884581326126035,6,2,11,220,31,-1,-1,0.0
stage1b_single_agent_obstacles,2,58580,1262,1,420,320,3,2,66.45030975341797,12.0,12.0,0.0,0.15873015873015872,0.05498246694174172,7,3,12,220,32,-1,-1,0.0
