stage,stage_index,stage_attempt,global_step,episode,n_agents,width,height,n_targets,n_obstacles,mean_episode_reward,food_discovered,food_picked_up,food_retrieved,exploration_coverage,pheromone_usage,pheromone_deposit_events,food_source_respawns,food_units_remaining,episode_length,first_pickup_step,first_delivery_step,pickup_to_delivery_latency,delivery_conversion,carrying_stall_events,carrying_stall_fraction,carrying_low_progress_fraction,carrying_low_displacement_fraction,carrying_penalty_total,non_carrying_nest_loiter_fraction,non_carrying_nest_crowding_fraction,non_carrying_nest_penalty_total,swarm_efficiency
stage1a_single_agent_miniscule,1,1,80,1,1,50,50,1,0,189.72000122070312,4.0,4.0,4.0,0.4444444444444444,0.0,0,0,0,80,75,75,0,1.0,0,0.0,0.0,0.0,0.0,0.0,0.0,0.0,0.05
stage1a_single_agent_miniscule,1,1,200,2,1,50,50,1,0,-3.1767678260803223,0.0,0.0,0.0,0.4444444444444444,0.0,0,0,4,120,-1,-1,-1,0.0,0,0.0,0.0,0.0,0.0,0.0,0.0,0.0,0.0
stage1a_single_agent_miniscule,1,1,320,3,1,50,50,1,0,-2.5882508754730225,0.0,0.0,0.0,0.3333333333333333,0.0,0,0,4,120,-1,-1,-1,0.0,0,0.0,0.0,0.0,0.0,0.0,0.0,0.0,0.0
stage1a_single_agent_miniscule,1,1,375,4,1,50,50,1,0,190.75994873046875,4.0,4.0,4.0,0.3333333333333333,0.0,0,0,0,55,52,52,0,1.0,0,0.0,0.0,0.0,0.0,0.0,0.0,0.0,0.07272727272727272
stage1a_single_agent_miniscule,1,1,379,5,1,50,50,1,0,192.01199340820312,4.0,4.0,4.0,0.1111111111111111,0.0,0,0,0,4,1,1,0,1.0,0,0.0,0.0,0.0,0.0,0.0,0.0,0.0,1.0
stage1a_single_agent_miniscule,1,1,458,6,1,50,50,1,0,190.30718994140625,4.0,4.0,4.0,0.4444444444444444,0.0,0,0,0,79,76,76,0,1.0,0,0.0,0.0,0.0,0.0,0.0,0.0,0.0,0.05063291139240506
stage1a_single_agent_miniscule,1,1,462,7,1,50,50,1,0,191.96200561523438,4.0,4.0,4.0,0.1111111111111111,0.0,0,0,0,4,1,1,0,1.0,0,0.0,0.0,0.0,0.0,0.0,0.0,0.0,1.0
stage1a_single_agent_miniscule,1,1,564,8,1,50,50,1,0,188.96151733398438,4.0,4.0,4.0,0.4444444444444444,0.0,0,0,0,102,99,99,0,1.0,0,0.0,0.0,0.0,0.0,0.0,0.0,0.0,0.0392156862745098
stage1a_single_agent_miniscule,1,1,568,9,1,50,50,1,0,191.46200561523438,4.0,4.0,4.0,0.1111111111111111,0.0,0,0,0,4,1,1,0,1.0,0,0.0,0.0,0.0,0.0,0.0,0.0,0.0,1.0
stage1a_single_agent_miniscule,1,1,603,10,1,50,50,1,0,190.88870239257812,4.0,4.0,4.0,0.2222222222222222,0.0,0,0,0,35,30,30,0,1.0,0,0.0,0.0,0.0,0.0,0.0,0.0,0.0,0.11428571428571428
stage1a_single_agent_miniscule,1,1,657,11,1,50,50,1,0,190.75616455078125,4.0,4.0,4.0,0.4444444444444444,0.0,0,0,0,54,51,51,0,1.0,0,0.0,0.0,0.0,0.0,0.0,0.0,0.0,0.07407407407407407
stage1a_single_agent_miniscule,1,1,696,12,1,50,50,1,0,190.65902709960938,4.0,4.0,4.0,0.3333333333333333,0.0,0,0,0,39,36,36,0,1.0,0,0.0,0.0,0.0,0.0,0.0,0.0,0.0,0.10256410256410256
stage1a_single_agent_miniscule,1,1,816,13,1,50,50,1,0,-4.186931133270264,0.0,0.0,0.0,0.4444444444444444,0.0,0,0,4,120,-1,-1,-1,0.0,0,0.0,0.0,0.0,0.0,0.0,0.0,0.0,0.0
stage1a_single_agent_miniscule,1,1,847,14,1,50,50,1,0,190.7701416015625,4.0,4.0,4.0,0.3333333333333333,0.0,0,0,0,31,28,28,0,1.0,0,0.0,0.0,0.0,0.0,0.0,0.0,0.0,0.12903225806451613
stage1a_single_agent_miniscule,1,1,943,15,1,50,50,1,0,189.891357421875,4.0,4.0,4.0,0.3333333333333333,0.0,0,0,0,96,93,93,0,1.0,0,0.0,0.0,0.0,0.0,0.0,0.0,0.0,0.041666666666666664
stage1a_single_agent_miniscule,1,1,1044,16,1,50,50,1,0,190.84036254882812,4.0,4.0,4.0,0.4444444444444444,0.0,0,0,0,101,98,98,0,1.0,0,0.0,0.0,0.0,0.0,0.0,0.0,0.0,0.039603960396039604
stage1a_single_agent_miniscule,1,1,1064,17,1,50,50,1,0,191.28872680664062,4.0,4.0,4.0,0.2222222222222222,0.0,0,0,0,20,1,1,0,1.0,0,0.0,0.0,0.0,0.0,0.0,0.0,0.0,0.2
stage1a_single_agent_miniscule,1,1,1098,18,1,50,50,1,0,190.43438720703125,4.0,4.0,4.0,0.3333333333333333,0.0,0,0,0,34,31,31,0,1.0,0,0.0,0.0,0.0,0.0,0.0,0.0,0.0,0.11764705882352941
stage1a_single_agent_miniscule,1,1,1102,19,1,50,50,1,0,191.7220001220703,4.0,4.0,4.0,0.1111111111111111,0.0,0,0,0,4,1,1,0,1.0,0,0.0,0.0,0.0,0.0,0.0,0.0,0.0,1.0
stage1a_single_agent_miniscule,1,1,1222,20,1,50,50,1,0,92.30735778808594,2.0,2.0,2.0,0.4444444444444444,0.0,0,0,2,120,80,80,0,1.0,0,0.0,0.0,0.0,0.0,0.0,0.0,0.0,0.016666666666666666
stage1a_single_agent_miniscule,1,1,1342,21,1,50,50,1,0,-4.860007286071777,0.0,0.0,0.0,0.3333333333333333,0.0,0,0,4,120,-1,-1,-1,0.0,0,0.0,0.0,0.0,0.0,0.0,0.0,0.0,0.0
stage1a_single_agent_miniscule,1,1,1462,22,1,50,50,1,0,-2.628793478012085,0.0,0.0,0.0,0.4444444444444444,0.0,0,0,4,120,-1,-1,-1,0.0,0,0.0,0.0,0.0,0.0,0.0,0.0,0.0,0.0
stage1a_single_agent_miniscule,1,1,1581,23,1,50,50,1,0,189.64730834960938,4.0,4.0,4.0,0.4444444444444444,0.0,0,0,0,119,116,116,0,1.0,0,0.0,0.0,0.0,0.0,0.0,0.0,0.0,0.03361344537815126
stage1a_single_agent_miniscule,1,1,1624,24,1,50,50,1,0,189.31744384765625,4.0,4.0,4.0,0.3333333333333333,0.0,0,0,0,43,40,40,0,1.0,0,0.0,0.0,0.0,0.0,0.0,0.0,0.0,0.09302325581395349
stage1a_single_agent_miniscule,1,1,1744,25,1,50,50,1,0,43.71660232543945,1.0,1.0,1.0,0.3333333333333333,0.0,0,0,3,120,91,91,0,1.0,0,0.0,0.0,0.0,0.0,0.0,0.0,0.0,0.008333333333333333
stage1a_single_agent_miniscule,1,1,1862,26,1,50,50,1,0,188.83657836914062,4.0,4.0,4.0,0.4444444444444444,0.0,0,0,0,118,114,114,0,1.0,0,0.0,0.0,0.0,0.0,0.0,0.0,0.0,0.03389830508474576
stage1a_single_agent_miniscule,1,1,1912,27,1,50,50,1,0,191.06478881835938,4.0,4.0,4.0,0.3333333333333333,0.0,0,0,0,50,47,47,0,1.0,0,0.0,0.0,0.0,0.0,0.0,0.0,0.0,0.08
stage1a_single_agent_miniscule,1,1,1926,28,1,50,50,1,0,191.39199829101562,4.0,4.0,4.0,0.3333333333333333,0.0,0,0,0,14,11,11,0,1.0,0,0.0,0.0,0.0,0.0,0.0,0.0,0.0,0.2857142857142857
stage1a_single_agent_miniscule,1,1,1930,29,1,50,50,1,0,192.01199340820312,4.0,4.0,4.0,0.1111111111111111,0.0,0,0,0,4,1,1,0,1.0,0,0.0,0.0,0.0,0.0,0.0,0.0,0.0,1.0
stage1a_single_agent_miniscule,1,1,1953,30,1,50,50,1,0,191.28811645507812,4.0,4.0,4.0,0.2222222222222222,0.0,0,0,0,23,18,18,0,1.0,0,0.0,0.0,0.0,0.0,0.0,0.0,0.0,0.17391304347826086
stage1a_single_agent_miniscule,1,1,2073,31,1,50,50,1,0,-3.249770402908325,0.0,0.0,0.0,0.3333333333333333,0.0,0,0,4,120,-1,-1,-1,0.0,0,0.0,0.0,0.0,0.0,0.0,0.0,0.0,0.0
stage1a_single_agent_miniscule,1,1,2149,32,1,50,50,1,0,190.07794189453125,4.0,4.0,4.0,0.4444444444444444,0.0,0,0,0,76,73,73,0,1.0,0,0.0,0.0,0.0,0.0,0.0,0.0,0.0,0.05263157894736842
stage1a_single_agent_miniscule,1,1,2221,33,1,50,50,1,0,189.35467529296875,4.0,4.0,4.0,0.3333333333333333,0.0,0,0,0,72,68,68,0,1.0,0,0.0,0.0,0.0,0.0,0.0,0.0,0.0,0.05555555555555555
stage1a_single_agent_miniscule,1,1,2341,34,1,50,50,1,0,91.0347900390625,2.0,2.0,2.0,0.4444444444444444,0.0,0,0,2,120,83,83,0,1.0,0,0.0,0.0,0.0,0.0,0.0,0.0,0.0,0.016666666666666666
stage1a_single_agent_miniscule,1,1,2448,35,1,50,50,1,0,189.51834106445312,4.0,4.0,4.0,0.3333333333333333,0.0,0,0,0,107,104,104,0,1.0,0,0.0,0.0,0.0,0.0,0.0,0.0,0.0,0.037383177570093455
stage1a_single_agent_miniscule,1,1,2509,36,1,50,50,1,0,189.8681640625,4.0,4.0,4.0,0.4444444444444444,0.0,0,0,0,61,29,29,0,1.0,0,0.0,0.0,0.0,0.0,0.0,0.0,0.0,0.06557377049180328
stage1a_single_agent_miniscule,1,1,2582,37,1,50,50,1,0,190.55722045898438,4.0,4.0,4.0,0.4444444444444444,0.0,0,0,0,73,68,68,0,1.0,0,0.0,0.0,0.0,0.0,0.0,0.0,0.0,0.0547945205479452
stage1a_single_agent_miniscule,1,1,2702,38,1,50,50,1,0,-3.9996395111083984,0.0,0.0,0.0,0.4444444444444444,0.0,0,0,4,120,-1,-1,-1,0.0,0,0.0,0.0,0.0,0.0,0.0,0.0,0.0,0.0
stage1a_single_agent_miniscule,1,1,2780,39,1,50,50,1,0,189.74307250976562,4.0,4.0,4.0,0.3333333333333333,0.0,0,0,0,78,75,75,0,1.0,0,0.0,0.0,0.0,0.0,0.0,0.0,0.0,0.05128205128205128
stage1a_single_agent_miniscule,1,1,2900,40,1,50,50,1,0,-2.770390748977661,0.0,0.0,0.0,0.3333333333333333,0.0,0,0,4,120,-1,-1,-1,0.0,0,0.0,0.0,0.0,0.0,0.0,0.0,0.0,0.0
stage1a_single_agent_miniscule,1,1,3020,41,1,50,50,1,0,-3.20681095123291,0.0,0.0,0.0,0.4444444444444444,0.0,0,0,4,120,-1,-1,-1,0.0,0,0.0,0.0,0.0,0.0,0.0,0.0,0.0,0.0
stage1a_single_agent_miniscule,1,1,3113,42,1,50,50,1,0,188.8953857421875,4.0,4.0,4.0,0.4444444444444444,0.0,0,0,0,93,90,90,0,1.0,0,0.0,0.0,0.0,0.0,0.0,0.0,0.0,0.043010752688172046
stage1a_single_agent_miniscule,1,1,3117,43,1,50,50,1,0,191.96200561523438,4.0,4.0,4.0,0.1111111111111111,0.0,0,0,0,4,1,1,0,1.0,0,0.0,0.0,0.0,0.0,0.0,0.0,0.0,1.0
stage1a_single_agent_miniscule,1,1,3223,44,1,50,50,1,0,189.82867431640625,4.0,4.0,4.0,0.4444444444444444,0.0,0,0,0,106,103,103,0,1.0,0,0.0,0.0,0.0,0.0,0.0,0.0,0.0,0.03773584905660377
stage1a_single_agent_miniscule,1,1,3268,45,1,50,50,1,0,190.55242919921875,4.0,4.0,4.0,0.3333333333333333,0.0,0,0,0,45,42,42,0,1.0,0,0.0,0.0,0.0,0.0,0.0,0.0,0.0,0.08888888888888889
stage1a_single_agent_miniscule,1,1,3272,46,1,50,50,1,0,191.7099609375,4.0,4.0,4.0,0.1111111111111111,0.0,0,0,0,4,1,1,0,1.0,0,0.0,0.0,0.0,0.0,0.0,0.0,0.0,1.0
stage1a_single_agent_miniscule,1,1,3344,47,1,50,50,1,0,189.07467651367188,4.0,4.0,4.0,0.4444444444444444,0.0,0,0,0,72,66,66,0,1.0,0,0.0,0.0,0.0,0.0,0.0,0.0,0.0,0.05555555555555555
stage1a_single_agent_miniscule,1,1,3464,48,1,50,50,1,0,-3.681366205215454,0.0,0.0,0.0,0.4444444444444444,0.0,0,0,4,120,-1,-1,-1,0.0,0,0.0,0.0,0.0,0.0,0.0,0.0,0.0,0.0
stage1a_single_agent_miniscule,1,1,3544,49,1,50,50,1,0,190.34771728515625,4.0,4.0,4.0,0.4444444444444444,0.0,0,0,0,80,77,77,0,1.0,0,0.0,0.0,0.0,0.0,0.0,0.0,0.0,0.05
stage1a_single_agent_miniscule,1,1,3664,50,1,50,50,1,0,-2.337177276611328,0.0,0.0,0.0,0.3333333333333333,0.0,0,0,4,120,-1,-1,-1,0.0,0,0.0,0.0,0.0,0.0,0.0,0.0,0.0,0.0
stage1a_single_agent_miniscule,1,1,3726,51,1,50,50,1,0,189.89678955078125,4.0,4.0,4.0,0.3333333333333333,0.0,0,0,0,62,59,59,0,1.0,0,0.0,0.0,0.0,0.0,0.0,0.0,0.0,0.06451612903225806
stage1a_single_agent_miniscule,1,1,3755,52,1,50,50,1,0,191.225341796875,4.0,4.0,4.0,0.3333333333333333,0.0,0,0,0,29,26,26,0,1.0,0,0.0,0.0,0.0,0.0,0.0,0.0,0.0,0.13793103448275862
stage1a_single_agent_miniscule,1,1,3875,53,1,50,50,1,0,-1.9844642877578735,0.0,0.0,0.0,0.4444444444444444,0.0,0,0,4,120,-1,-1,-1,0.0,0,0.0,0.0,0.0,0.0,0.0,0.0,0.0,0.0
stage1a_single_agent_miniscule,1,1,3995,54,1,50,50,1,0,-3.7376065254211426,0.0,0.0,0.0,0.3333333333333333,0.0,0,0,4,120,-1,-1,-1,0.0,0,0.0,0.0,0.0,0.0,0.0,0.0,0.0,0.0
stage1a_single_agent_miniscule,1,1,4099,55,1,50,50,1,0,187.73043823242188,4.0,4.0,4.0,0.4444444444444444,0.0,0,0,0,104,101,101,0,1.0,0,0.0,0.0,0.0,0.0,0.0,0.0,0.0,0.038461538461538464
stage1a_single_agent_miniscule,1,1,4219,56,1,50,50,1,0,-3.6684517860412598,0.0,0.0,0.0,0.4444444444444444,0.0,0,0,4,120,-1,-1,-1,0.0,0,0.0,0.0,0.0,0.0,0.0,0.0,0.0,0.0
stage1a_single_agent_miniscule,1,1,4339,57,1,50,50,1,0,139.22938537597656,3.0,3.0,3.0,0.4444444444444444,0.0,0,0,1,120,53,53,0,1.0,0,0.0,0.0,0.0,0.0,0.0,0.0,0.0,0.025
stage1a_single_agent_miniscule,1,1,4458,58,1,50,50,1,0,188.66317749023438,4.0,4.0,4.0,0.4444444444444444,0.0,0,0,0,119,116,116,0,1.0,0,0.0,0.0,0.0,0.0,0.0,0.0,0.0,0.03361344537815126
stage1a_single_agent_miniscule,1,1,4578,59,1,50,50,1,0,92.26995086669922,2.0,2.0,2.0,0.4444444444444444,0.0,0,0,2,120,117,117,0,1.0,0,0.0,0.0,0.0,0.0,0.0,0.0,0.0,0.016666666666666666
stage1a_single_agent_miniscule,1,1,4691,60,1,50,50,1,0,189.20806884765625,4.0,4.0,4.0,0.4444444444444444,0.0,0,0,0,113,110,110,0,1.0,0,0.0,0.0,0.0,0.0,0.0,0.0,0.0,0.035398230088495575
stage1a_single_agent_miniscule,1,1,4733,61,1,50,50,1,0,190.69497680664062,4.0,4.0,4.0,0.4444444444444444,0.0,0,0,0,42,39,39,0,1.0,0,0.0,0.0,0.0,0.0,0.0,0.0,0.0,0.09523809523809523
stage1a_single_agent_miniscule,1,1,4853,62,1,50,50,1,0,-2.2201883792877197,0.0,0.0,0.0,0.4444444444444444,0.0,0,0,4,120,-1,-1,-1,0.0,0,0.0,0.0,0.0,0.0,0.0,0.0,0.0,0.0
stage1a_single_agent_miniscule,1,1,4973,63,1,50,50,1,0,-2.867795944213867,0.0,0.0,0.0,0.3333333333333333,0.0,0,0,4,120,-1,-1,-1,0.0,0,0.0,0.0,0.0,0.0,0.0,0.0,0.0,0.0
stage1a_single_agent_miniscule,1,1,5035,64,1,50,50,1,0,189.4326171875,4.0,4.0,4.0,0.4444444444444444,0.0,0,0,0,62,54,54,0,1.0,0,0.0,0.0,0.0,0.0,0.0,0.0,0.0,0.06451612903225806
stage1a_single_agent_miniscule,1,1,5086,65,1,50,50,1,0,190.24801635742188,4.0,4.0,4.0,0.3333333333333333,0.0,0,0,0,51,48,48,0,1.0,0,0.0,0.0,0.0,0.0,0.0,0.0,0.0,0.0784313725490196
stage1a_single_agent_miniscule,1,1,5161,66,1,50,50,1,0,189.47817993164062,4.0,4.0,4.0,0.2222222222222222,0.0,0,0,0,75,63,63,0,1.0,0,0.0,0.0,0.0,0.0,0.0,0.0,0.0,0.05333333333333334
stage1a_single_agent_miniscule,1,1,5281,67,1,50,50,1,0,-2.3276360034942627,0.0,0.0,0.0,0.4444444444444444,0.0,0,0,4,120,-1,-1,-1,0.0,0,0.0,0.0,0.0,0.0,0.0,0.0,0.0,0.0
stage1a_single_agent_miniscule,1,1,5401,68,1,50,50,1,0,-3.173069953918457,0.0,0.0,0.0,0.4444444444444444,0.0,0,0,4,120,-1,-1,-1,0.0,0,0.0,0.0,0.0,0.0,0.0,0.0,0.0,0.0
stage1a_single_agent_miniscule,1,1,5417,69,1,50,50,1,0,191.37200927734375,4.0,4.0,4.0,0.3333333333333333,0.0,0,0,0,16,13,13,0,1.0,0,0.0,0.0,0.0,0.0,0.0,0.0,0.0,0.25
stage1a_single_agent_miniscule,1,1,5487,70,1,50,50,1,0,190.18527221679688,4.0,4.0,4.0,0.4444444444444444,0.0,0,0,0,70,66,66,0,1.0,0,0.0,0.0,0.0,0.0,0.0,0.0,0.0,0.05714285714285714
stage1a_single_agent_miniscule,1,1,5576,71,1,50,50,1,0,189.60699462890625,4.0,4.0,4.0,0.4444444444444444,0.0,0,0,0,89,86,86,0,1.0,0,0.0,0.0,0.0,0.0,0.0,0.0,0.0,0.0449438202247191
stage1a_single_agent_miniscule,1,1,5696,72,1,50,50,1,0,-2.848341226577759,0.0,0.0,0.0,0.4444444444444444,0.0,0,0,4,120,-1,-1,-1,0.0,0,0.0,0.0,0.0,0.0,0.0,0.0,0.0,0.0
stage1a_single_agent_miniscule,1,1,5816,73,1,50,50,1,0,-3.135969877243042,0.0,0.0,0.0,0.4444444444444444,0.0,0,0,4,120,-1,-1,-1,0.0,0,0.0,0.0,0.0,0.0,0.0,0.0,0.0,0.0
stage1a_single_agent_miniscule,1,1,5863,74,1,50,50,1,0,189.578125,4.0,4.0,4.0,0.3333333333333333,0.0,0,0,0,47,44,44,0,1.0,0,0.0,0.0,0.0,0.0,0.0,0.0,0.0,0.0851063829787234
stage1a_single_agent_miniscule,1,1,5983,75,1,50,50,1,0,-2.474430799484253,0.0,0.0,0.0,0.4444444444444444,0.0,0,0,4,120,-1,-1,-1,0.0,0,0.0,0.0,0.0,0.0,0.0,0.0,0.0,0.0
stage1a_single_agent_miniscule,1,1,6103,76,1,50,50,1,0,-3.06980299949646,0.0,0.0,0.0,0.4444444444444444,0.0,0,0,4,120,-1,-1,-1,0.0,0,0.0,0.0,0.0,0.0,0.0,0.0,0.0,0.0
stage1a_single_agent_miniscule,1,1,6223,77,1,50,50,1,0,45.879608154296875,1.0,1.0,1.0,0.4444444444444444,0.0,0,0,3,120,108,108,0,1.0,0,0.0,0.0,0.0,0.0,0.0,0.0,0.0,0.008333333333333333
stage1a_single_agent_miniscule,1,1,6293,78,1,50,50,1,0,189.6432342529297,4.0,4.0,4.0,0.4444444444444444,0.0,0,0,0,70,67,67,0,1.0,0,0.0,0.0,0.0,0.0,0.0,0.0,0.0,0.05714285714285714
stage1a_single_agent_miniscule,1,1,6404,79,1,50,50,1,0,187.55703735351562,4.0,4.0,4.0,0.4444444444444444,0.0,0,0,0,111,108,108,0,1.0,0,0.0,0.0,0.0,0.0,0.0,0.0,0.0,0.036036036036036036
stage1a_single_agent_miniscule,1,1,6524,80,1,50,50,1,0,92.92996978759766,2.0,2.0,2.0,0.3333333333333333,0.0,0,0,2,120,86,86,0,1.0,0,0.0,0.0,0.0,0.0,0.0,0.0,0.0,0.016666666666666666
stage1a_single_agent_miniscule,1,1,6612,81,1,50,50,1,0,188.69387817382812,4.0,4.0,4.0,0.4444444444444444,0.0,0,0,0,88,67,67,0,1.0,0,0.0,0.0,0.0,0.0,0.0,0.0,0.0,0.045454545454545456
stage1a_single_agent_miniscule,1,1,6715,82,1,50,50,1,0,189.86737060546875,4.0,4.0,4.0,0.4444444444444444,0.0,0,0,0,103,100,100,0,1.0,0,0.0,0.0,0.0,0.0,0.0,0.0,0.0,0.038834951456310676
stage1a_single_agent_miniscule,1,1,6817,83,1,50,50,1,0,188.84463500976562,4.0,4.0,4.0,0.4444444444444444,0.0,0,0,0,102,99,99,0,1.0,0,0.0,0.0,0.0,0.0,0.0,0.0,0.0,0.0392156862745098
stage1a_single_agent_miniscule,1,1,6852,84,1,50,50,1,0,191.17715454101562,4.0,4.0,4.0,0.2222222222222222,0.0,0,0,0,35,32,32,0,1.0,0,0.0,0.0,0.0,0.0,0.0,0.0,0.0,0.11428571428571428
stage1a_single_agent_miniscule,1,1,6865,85,1,50,50,1,0,191.41632080078125,4.0,4.0,4.0,0.3333333333333333,0.0,0,0,0,13,10,10,0,1.0,0,0.0,0.0,0.0,0.0,0.0,0.0,0.0,0.3076923076923077
stage1a_single_agent_miniscule,1,1,6932,86,1,50,50,1,0,189.62353515625,4.0,4.0,4.0,0.4444444444444444,0.0,0,0,0,67,61,61,0,1.0,0,0.0,0.0,0.0,0.0,0.0,0.0,0.0,0.05970149253731343
stage1a_single_agent_miniscule,1,1,7017,87,1,50,50,1,0,188.47866821289062,4.0,4.0,4.0,0.4444444444444444,0.0,0,0,0,85,82,82,0,1.0,0,0.0,0.0,0.0,0.0,0.0,0.0,0.0,0.047058823529411764
stage1a_single_agent_miniscule,1,1,7137,88,1,50,50,1,0,-4.186784267425537,0.0,0.0,0.0,0.3333333333333333,0.0,0,0,4,120,-1,-1,-1,0.0,0,0.0,0.0,0.0,0.0,0.0,0.0,0.0,0.0
stage1a_single_agent_miniscule,1,1,7203,89,1,50,50,1,0,189.67648315429688,4.0,4.0,4.0,0.4444444444444444,0.0,0,0,0,66,63,63,0,1.0,0,0.0,0.0,0.0,0.0,0.0,0.0,0.0,0.06060606060606061
stage1a_single_agent_miniscule,1,1,7274,90,1,50,50,1,0,188.297119140625,4.0,4.0,4.0,0.3333333333333333,0.0,0,0,0,71,68,68,0,1.0,0,0.0,0.0,0.0,0.0,0.0,0.0,0.0,0.056338028169014086
stage1a_single_agent_miniscule,1,1,7295,91,1,50,50,1,0,190.8509521484375,4.0,4.0,4.0,0.3333333333333333,0.0,0,0,0,21,18,18,0,1.0,0,0.0,0.0,0.0,0.0,0.0,0.0,0.0,0.19047619047619047
stage1a_single_agent_miniscule,1,1,7350,92,1,50,50,1,0,189.76022338867188,4.0,4.0,4.0,0.4444444444444444,0.0,0,0,0,55,52,52,0,1.0,0,0.0,0.0,0.0,0.0,0.0,0.0,0.0,0.07272727272727272
stage1a_single_agent_miniscule,1,1,7359,93,1,50,50,1,0,191.70199584960938,4.0,4.0,4.0,0.3333333333333333,0.0,0,0,0,9,6,6,0,1.0,0,0.0,0.0,0.0,0.0,0.0,0.0,0.0,0.4444444444444444
stage1a_single_agent_miniscule,1,1,7363,94,1,50,50,1,0,191.71200561523438,4.0,4.0,4.0,0.1111111111111111,0.0,0,0,0,4,1,1,0,1.0,0,0.0,0.0,0.0,0.0,0.0,0.0,0.0,1.0
stage1a_single_agent_miniscule,1,1,7378,95,1,50,50,1,0,190.88253784179688,4.0,4.0,4.0,0.3333333333333333,0.0,0,0,0,15,12,12,0,1.0,0,0.0,0.0,0.0,0.0,0.0,0.0,0.0,0.26666666666666666
stage1a_single_agent_miniscule,1,1,7413,96,1,50,50,1,0,190.3302001953125,4.0,4.0,4.0,0.3333333333333333,0.0,0,0,0,35,32,32,0,1.0,0,0.0,0.0,0.0,0.0,0.0,0.0,0.0,0.11428571428571428
stage1a_single_agent_miniscule,1,1,7533,97,1,50,50,1,0,90.97002410888672,2.0,2.0,2.0,0.4444444444444444,0.0,0,0,2,120,15,15,0,1.0,0,0.0,0.0,0.0,0.0,0.0,0.0,0.0,0.016666666666666666
stage1a_single_agent_miniscule,1,1,7570,98,1,50,50,1,0,190.85598754882812,4.0,4.0,4.0,0.2222222222222222,0.0,0,0,0,37,32,32,0,1.0,0,0.0,0.0,0.0,0.0,0.0,0.0,0.0,0.10810810810810811
stage1a_single_agent_miniscule,1,1,7636,99,1,50,50,1,0,188.91433715820312,4.0,4.0,4.0,0.4444444444444444,0.0,0,0,0,66,63,63,0,1.0,0,0.0,0.0,0.0,0.0,0.0,0.0,0.0,0.06060606060606061
stage1a_single_agent_miniscule,1,1,7681,100,1,50,50,1,0,190.4093017578125,4.0,4.0,4.0,0.4444444444444444,0.0,0,0,0,45,41,41,0,1.0,0,0.0,0.0,0.0,0.0,0.0,0.0,0.0,0.08888888888888889
stage1a_single_agent_miniscule,1,1,7703,101,1,50,50,1,0,191.06883239746094,4.0,4.0,4.0,0.3333333333333333,0.0,0,0,0,22,15,15,0,1.0,0,0.0,0.0,0.0,0.0,0.0,0.0,0.0,0.18181818181818182
stage1a_single_agent_miniscule,1,1,7805,102,1,50,50,1,0,186.78262329101562,4.0,4.0,4.0,0.4444444444444444,0.0,0,0,0,102,11,11,0,1.0,0,0.0,0.0,0.0,0.0,0.0,0.0,0.0,0.0392156862745098
stage1a_single_agent_miniscule,1,1,7851,103,1,50,50,1,0,190.58773803710938,4.0,4.0,4.0,0.2222222222222222,0.0,0,0,0,46,43,43,0,1.0,0,0.0,0.0,0.0,0.0,0.0,0.0,0.0,0.08695652173913043
stage1a_single_agent_miniscule,1,1,7958,104,1,50,50,1,0,188.25314331054688,4.0,4.0,4.0,0.4444444444444444,0.0,0,0,0,107,104,104,0,1.0,0,0.0,0.0,0.0,0.0,0.0,0.0,0.0,0.037383177570093455
stage1a_single_agent_miniscule,1,1,8047,105,1,50,50,1,0,188.96786499023438,4.0,4.0,4.0,0.4444444444444444,0.0,0,0,0,89,81,81,0,1.0,0,0.0,0.0,0.0,0.0,0.0,0.0,0.0,0.0449438202247191
stage1a_single_agent_miniscule,1,1,8095,106,1,50,50,1,0,190.2239990234375,4.0,4.0,4.0,0.3333333333333333,0.0,0,0,0,48,44,44,0,1.0,0,0.0,0.0,0.0,0.0,0.0,0.0,0.0,0.08333333333333333
stage1a_single_agent_miniscule,1,1,8215,107,1,50,50,1,0,-4.539133071899414,0.0,0.0,0.0,0.2222222222222222,0.0,0,0,4,120,-1,-1,-1,0.0,0,0.0,0.0,0.0,0.0,0.0,0.0,0.0,0.0
stage1a_single_agent_miniscule,1,1,8325,108,1,50,50,1,0,187.49838256835938,4.0,4.0,4.0,0.4444444444444444,0.0,0,0,0,110,94,94,0,1.0,0,0.0,0.0,0.0,0.0,0.0,0.0,0.0,0.03636363636363636
stage1a_single_agent_miniscule,1,1,8382,109,1,50,50,1,0,189.95620727539062,4.0,4.0,4.0,0.3333333333333333,0.0,0,0,0,57,54,54,0,1.0,0,0.0,0.0,0.0,0.0,0.0,0.0,0.0,0.07017543859649122
stage1a_single_agent_miniscule,1,1,8468,110,1,50,50,1,0,188.88705444335938,4.0,4.0,4.0,0.4444444444444444,0.0,0,0,0,86,83,83,0,1.0,0,0.0,0.0,0.0,0.0,0.0,0.0,0.0,0.046511627906976744
stage1a_single_agent_miniscule,1,1,8588,111,1,50,50,1,0,-3.5946812629699707,0.0,0.0,0.0,0.4444444444444444,0.0,0,0,4,120,-1,-1,-1,0.0,0,0.0,0.0,0.0,0.0,0.0,0.0,0.0,0.0
stage1a_single_agent_miniscule,1,1,8674,112,1,50,50,1,0,189.34799194335938,4.0,4.0,4.0,0.3333333333333333,0.0,0,0,0,86,80,80,0,1.0,0,0.0,0.0,0.0,0.0,0.0,0.0,0.0,0.046511627906976744
stage1a_single_agent_miniscule,1,1,8685,113,1,50,50,1,0,191.23048400878906,4.0,4.0,4.0,0.3333333333333333,0.0,0,0,0,11,8,8,0,1.0,0,0.0,0.0,0.0,0.0,0.0,0.0,0.0,0.36363636363636365
stage1a_single_agent_miniscule,1,1,8748,114,1,50,50,1,0,189.93714904785156,4.0,4.0,4.0,0.4444444444444444,0.0,0,0,0,63,55,55,0,1.0,0,0.0,0.0,0.0,0.0,0.0,0.0,0.0,0.06349206349206349
stage1a_single_agent_miniscule,1,1,8826,115,1,50,50,1,0,189.7752685546875,4.0,4.0,4.0,0.3333333333333333,0.0,0,0,0,78,75,75,0,1.0,0,0.0,0.0,0.0,0.0,0.0,0.0,0.0,0.05128205128205128
stage1a_single_agent_miniscule,1,1,8946,116,1,50,50,1,0,88.8339614868164,2.0,2.0,2.0,0.4444444444444444,0.0,0,0,2,120,1,1,0,1.0,0,0.0,0.0,0.0,0.0,0.0,0.0,0.0,0.016666666666666666
stage1a_single_agent_miniscule,1,1,8983,117,1,50,50,1,0,190.767578125,4.0,4.0,4.0,0.4444444444444444,0.0,0,0,0,37,21,21,0,1.0,0,0.0,0.0,0.0,0.0,0.0,0.0,0.0,0.10810810810810811
stage1a_single_agent_miniscule,1,1,9073,118,1,50,50,1,0,188.623291015625,4.0,4.0,4.0,0.3333333333333333,0.0,0,0,0,90,87,87,0,1.0,0,0.0,0.0,0.0,0.0,0.0,0.0,0.0,0.044444444444444446
stage1a_single_agent_miniscule,1,1,9100,119,1,50,50,1,0,190.6186981201172,4.0,4.0,4.0,0.3333333333333333,0.0,0,0,0,27,21,21,0,1.0,0,0.0,0.0,0.0,0.0,0.0,0.0,0.0,0.14814814814814814
stage1a_single_agent_miniscule,1,1,9104,120,1,50,50,1,0,191.72201538085938,4.0,4.0,4.0,0.1111111111111111,0.0,0,0,0,4,1,1,0,1.0,0,0.0,0.0,0.0,0.0,0.0,0.0,0.0,1.0
stage1a_single_agent_miniscule,1,1,9168,121,1,50,50,1,0,189.68231201171875,4.0,4.0,4.0,0.4444444444444444,0.0,0,0,0,64,61,61,0,1.0,0,0.0,0.0,0.0,0.0,0.0,0.0,0.0,0.0625
stage1a_single_agent_miniscule,1,1,9288,122,1,50,50,1,0,-3.862990379333496,0.0,0.0,0.0,0.4444444444444444,0.0,0,0,4,120,-1,-1,-1,0.0,0,0.0,0.0,0.0,0.0,0.0,0.0,0.0,0.0
stage1a_single_agent_miniscule,1,1,9388,123,1,50,50,1,0,188.25103759765625,4.0,4.0,4.0,0.4444444444444444,0.0,0,0,0,100,97,97,0,1.0,0,0.0,0.0,0.0,0.0,0.0,0.0,0.0,0.04
stage1a_single_agent_miniscule,1,1,9401,124,1,50,50,1,0,191.42752075195312,4.0,4.0,4.0,0.3333333333333333,0.0,0,0,0,13,10,10,0,1.0,0,0.0,0.0,0.0,0.0,0.0,0.0,0.0,0.3076923076923077
stage1a_single_agent_miniscule,1,1,9411,125,1,50,50,1,0,191.41928100585938,4.0,4.0,4.0,0.2222222222222222,0.0,0,0,0,10,6,6,0,1.0,0,0.0,0.0,0.0,0.0,0.0,0.0,0.0,0.4
stage1a_single_agent_miniscule,1,1,9420,126,1,50,50,1,0,191.21551513671875,4.0,4.0,4.0,0.3333333333333333,0.0,0,0,0,9,6,6,0,1.0,0,0.0,0.0,0.0,0.0,0.0,0.0,0.0,0.4444444444444444
stage1a_single_agent_miniscule,1,1,9492,127,1,50,50,1,0,189.07504272460938,4.0,4.0,4.0,0.3333333333333333,0.0,0,0,0,72,68,68,0,1.0,0,0.0,0.0,0.0,0.0,0.0,0.0,0.0,0.05555555555555555
stage1a_single_agent_miniscule,1,1,9530,128,1,50,50,1,0,189.18710327148438,4.0,4.0,4.0,0.3333333333333333,0.0,0,0,0,38,35,35,0,1.0,0,0.0,0.0,0.0,0.0,0.0,0.0,0.0,0.10526315789473684
stage1a_single_agent_miniscule,1,1,9534,129,1,50,50,1,0,191.70986938476562,4.0,4.0,4.0,0.1111111111111111,0.0,0,0,0,4,1,1,0,1.0,0,0.0,0.0,0.0,0.0,0.0,0.0,0.0,1.0
stage1a_single_agent_miniscule,1,1,9570,130,1,50,50,1,0,189.96630859375,4.0,4.0,4.0,0.4444444444444444,0.0,0,0,0,36,33,33,0,1.0,0,0.0,0.0,0.0,0.0,0.0,0.0,0.0,0.1111111111111111
stage1a_single_agent_miniscule,1,1,9595,131,1,50,50,1,0,191.54461669921875,4.0,4.0,4.0,0.2222222222222222,0.0,0,0,0,25,22,22,0,1.0,0,0.0,0.0,0.0,0.0,0.0,0.0,0.0,0.16
stage1a_single_agent_miniscule,1,1,9612,132,1,50,50,1,0,191.42709350585938,4.0,4.0,4.0,0.3333333333333333,0.0,0,0,0,17,12,12,0,1.0,0,0.0,0.0,0.0,0.0,0.0,0.0,0.0,0.23529411764705882
stage1a_single_agent_miniscule,1,1,9732,133,1,50,50,1,0,-4.893319129943848,0.0,0.0,0.0,0.4444444444444444,0.0,0,0,4,120,-1,-1,-1,0.0,0,0.0,0.0,0.0,0.0,0.0,0.0,0.0,0.0
stage1a_single_agent_miniscule,1,1,9755,134,1,50,50,1,0,190.54400634765625,4.0,4.0,4.0,0.3333333333333333,0.0,0,0,0,23,20,20,0,1.0,0,0.0,0.0,0.0,0.0,0.0,0.0,0.0,0.17391304347826086
stage1a_single_agent_miniscule,1,1,9759,135,1,50,50,1,0,191.71026611328125,4.0,4.0,4.0,0.1111111111111111,0.0,0,0,0,4,1,1,0,1.0,0,0.0,0.0,0.0,0.0,0.0,0.0,0.0,1.0
stage1a_single_agent_miniscule,1,1,9797,136,1,50,50,1,0,189.9189453125,4.0,4.0,4.0,0.3333333333333333,0.0,0,0,0,38,35,35,0,1.0,0,0.0,0.0,0.0,0.0,0.0,0.0,0.0,0.10526315789473684
stage1a_single_agent_miniscule,1,1,9917,137,1,50,50,1,0,94.08897399902344,2.0,2.0,2.0,0.4444444444444444,0.0,0,0,2,120,1,1,0,1.0,0,0.0,0.0,0.0,0.0,0.0,0.0,0.0,0.016666666666666666
stage1a_single_agent_miniscule,1,1,9980,138,1,50,50,1,0,188.9818572998047,4.0,4.0,4.0,0.3333333333333333,0.0,0,0,0,63,37,37,0,1.0,0,0.0,0.0,0.0,0.0,0.0,0.0,0.0,0.06349206349206349
stage1a_single_agent_miniscule,1,1,10100,139,1,50,50,1,0,91.38272857666016,2.0,2.0,2.0,0.4444444444444444,0.0,0,0,2,120,15,15,0,1.0,0,0.0,0.0,0.0,0.0,0.0,0.0,0.0,0.016666666666666666
stage1a_single_agent_miniscule,1,1,10196,140,1,50,50,1,0,187.87261962890625,4.0,4.0,4.0,0.4444444444444444,0.0,0,0,0,96,93,93,0,1.0,0,0.0,0.0,0.0,0.0,0.0,0.0,0.0,0.041666666666666664
stage1a_single_agent_miniscule,1,1,10200,141,1,50,50,1,0,191.96200561523438,4.0,4.0,4.0,0.1111111111111111,0.0,0,0,0,4,1,1,0,1.0,0,0.0,0.0,0.0,0.0,0.0,0.0,0.0,1.0
stage1a_single_agent_miniscule,1,1,10209,142,1,50,50,1,0,191.7152099609375,4.0,4.0,4.0,0.3333333333333333,0.0,0,0,0,9,6,6,0,1.0,0,0.0,0.0,0.0,0.0,0.0,0.0,0.0,0.4444444444444444
stage1a_single_agent_miniscule,1,1,10323,143,1,50,50,1,0,186.0030517578125,4.0,4.0,4.0,0.4444444444444444,0.0,0,0,0,114,108,108,0,1.0,0,0.0,0.0,0.0,0.0,0.0,0.0,0.0,0.03508771929824561
stage1a_single_agent_miniscule,1,1,10434,144,1,50,50,1,0,187.32351684570312,4.0,4.0,4.0,0.4444444444444444,0.0,0,0,0,111,108,108,0,1.0,0,0.0,0.0,0.0,0.0,0.0,0.0,0.0,0.036036036036036036
stage1a_single_agent_miniscule,1,1,10554,145,1,50,50,1,0,137.73448181152344,3.0,3.0,3.0,0.4444444444444444,0.0,0,0,1,120,19,19,0,1.0,0,0.0,0.0,0.0,0.0,0.0,0.0,0.0,0.025
stage1a_single_agent_miniscule,1,1,10585,146,1,50,50,1,0,190.82232666015625,4.0,4.0,4.0,0.3333333333333333,0.0,0,0,0,31,28,28,0,1.0,0,0.0,0.0,0.0,0.0,0.0,0.0,0.0,0.12903225806451613
stage1a_single_agent_miniscule,1,1,10613,147,1,50,50,1,0,190.13404846191406,4.0,4.0,4.0,0.3333333333333333,0.0,0,0,0,28,25,25,0,1.0,0,0.0,0.0,0.0,0.0,0.0,0.0,0.0,0.14285714285714285
stage1a_single_agent_miniscule,1,1,10634,148,1,50,50,1,0,191.43881225585938,4.0,4.0,4.0,0.3333333333333333,0.0,0,0,0,21,18,18,0,1.0,0,0.0,0.0,0.0,0.0,0.0,0.0,0.0,0.19047619047619047
stage1a_single_agent_miniscule,1,1,10666,149,1,50,50,1,0,190.99929809570312,4.0,4.0,4.0,0.3333333333333333,0.0,0,0,0,32,1,1,0,1.0,0,0.0,0.0,0.0,0.0,0.0,0.0,0.0,0.125
stage1a_single_agent_miniscule,1,1,10694,150,1,50,50,1,0,190.11477661132812,4.0,4.0,4.0,0.3333333333333333,0.0,0,0,0,28,25,25,0,1.0,0,0.0,0.0,0.0,0.0,0.0,0.0,0.0,0.14285714285714285
stage1a_single_agent_miniscule,1,1,10814,151,1,50,50,1,0,-7.188826560974121,0.0,0.0,0.0,0.3333333333333333,0.0,0,0,4,120,-1,-1,-1,0.0,0,0.0,0.0,0.0,0.0,0.0,0.0,0.0,0.0
stage1a_single_agent_miniscule,1,1,10843,152,1,50,50,1,0,191.12908935546875,4.0,4.0,4.0,0.4444444444444444,0.0,0,0,0,29,26,26,0,1.0,0,0.0,0.0,0.0,0.0,0.0,0.0,0.0,0.13793103448275862
stage1a_single_agent_miniscule,1,1,10910,153,1,50,50,1,0,188.50970458984375,4.0,4.0,4.0,0.3333333333333333,0.0,0,0,0,67,25,25,0,1.0,0,0.0,0.0,0.0,0.0,0.0,0.0,0.0,0.05970149253731343
stage1a_single_agent_miniscule,1,1,10937,154,1,50,50,1,0,190.29885864257812,4.0,4.0,4.0,0.3333333333333333,0.0,0,0,0,27,24,24,0,1.0,0,0.0,0.0,0.0,0.0,0.0,0.0,0.0,0.14814814814814814
stage1a_single_agent_miniscule,1,1,10945,155,1,50,50,1,0,191.4532470703125,4.0,4.0,4.0,0.2222222222222222,0.0,0,0,0,8,5,5,0,1.0,0,0.0,0.0,0.0,0.0,0.0,0.0,0.0,0.5
stage1a_single_agent_miniscule,1,1,10996,156,1,50,50,1,0,188.85377502441406,4.0,4.0,4.0,0.4444444444444444,0.0,0,0,0,51,48,48,0,1.0,0,0.0,0.0,0.0,0.0,0.0,0.0,0.0,0.0784313725490196
stage1a_single_agent_miniscule,1,1,11039,157,1,50,50,1,0,188.67001342773438,4.0,4.0,4.0,0.3333333333333333,0.0,0,0,0,43,40,40,0,1.0,0,0.0,0.0,0.0,0.0,0.0,0.0,0.0,0.09302325581395349
stage1a_single_agent_miniscule,1,1,11069,158,1,50,50,1,0,190.44271850585938,4.0,4.0,4.0,0.3333333333333333,0.0,0,0,0,30,16,16,0,1.0,0,0.0,0.0,0.0,0.0,0.0,0.0,0.0,0.13333333333333333
stage1a_single_agent_miniscule,1,1,11087,159,1,50,50,1,0,190.615966796875,4.0,4.0,4.0,0.2222222222222222,0.0,0,0,0,18,15,15,0,1.0,0,0.0,0.0,0.0,0.0,0.0,0.0,0.0,0.2222222222222222
stage1a_single_agent_miniscule,1,1,11110,160,1,50,50,1,0,191.36300659179688,4.0,4.0,4.0,0.3333333333333333,0.0,0,0,0,23,20,20,0,1.0,0,0.0,0.0,0.0,0.0,0.0,0.0,0.0,0.17391304347826086
stage1a_single_agent_miniscule,1,1,11230,161,1,50,50,1,0,40.71168899536133,1.0,1.0,1.0,0.3333333333333333,0.0,0,0,3,120,21,21,0,1.0,0,0.0,0.0,0.0,0.0,0.0,0.0,0.0,0.008333333333333333
stage1a_single_agent_miniscule,1,1,11307,162,1,50,50,1,0,188.20269775390625,4.0,4.0,4.0,0.3333333333333333,0.0,0,0,0,77,74,74,0,1.0,0,0.0,0.0,0.0,0.0,0.0,0.0,0.0,0.05194805194805195
stage1a_single_agent_miniscule,1,1,11314,163,1,50,50,1,0,191.73492431640625,4.0,4.0,4.0,0.2222222222222222,0.0,0,0,0,7,4,4,0,1.0,0,0.0,0.0,0.0,0.0,0.0,0.0,0.0,0.5714285714285714
stage1a_single_agent_miniscule,1,1,11336,164,1,50,50,1,0,191.10122680664062,4.0,4.0,4.0,0.3333333333333333,0.0,0,0,0,22,18,18,0,1.0,0,0.0,0.0,0.0,0.0,0.0,0.0,0.0,0.18181818181818182
stage1a_single_agent_miniscule,1,1,11340,165,1,50,50,1,0,191.46017456054688,4.0,4.0,4.0,0.1111111111111111,0.0,0,0,0,4,1,1,0,1.0,0,0.0,0.0,0.0,0.0,0.0,0.0,0.0,1.0
stage1a_single_agent_miniscule,1,1,11368,166,1,50,50,1,0,190.77645874023438,4.0,4.0,4.0,0.2222222222222222,0.0,0,0,0,28,21,21,0,1.0,0,0.0,0.0,0.0,0.0,0.0,0.0,0.0,0.14285714285714285
stage1a_single_agent_miniscule,1,1,11460,167,1,50,50,1,0,188.4093017578125,4.0,4.0,4.0,0.3333333333333333,0.0,0,0,0,92,21,21,0,1.0,0,0.0,0.0,0.0,0.0,0.0,0.0,0.0,0.043478260869565216
stage1a_single_agent_miniscule,1,1,11580,168,1,50,50,1,0,89.19990539550781,2.0,2.0,2.0,0.3333333333333333,0.0,0,0,2,120,1,1,0,1.0,0,0.0,0.0,0.0,0.0,0.0,0.0,0.0,0.016666666666666666
stage1a_single_agent_miniscule,1,1,11614,169,1,50,50,1,0,190.01251220703125,4.0,4.0,4.0,0.4444444444444444,0.0,0,0,0,34,26,26,0,1.0,0,0.0,0.0,0.0,0.0,0.0,0.0,0.0,0.11764705882352941
stage1a_single_agent_miniscule,1,1,11672,170,1,50,50,1,0,190.65859985351562,4.0,4.0,4.0,0.4444444444444444,0.0,0,0,0,58,55,55,0,1.0,0,0.0,0.0,0.0,0.0,0.0,0.0,0.0,0.06896551724137931
stage1a_single_agent_miniscule,1,1,11719,171,1,50,50,1,0,189.5133056640625,4.0,4.0,4.0,0.3333333333333333,0.0,0,0,0,47,43,43,0,1.0,0,0.0,0.02127659574468085,0.0,-0.04,0.0,0.0,0.0,0.0851063829787234
stage1a_single_agent_miniscule,1,1,11764,172,1,50,50,1,0,190.30938720703125,4.0,4.0,4.0,0.2222222222222222,0.0,0,0,0,45,42,42,0,1.0,0,0.0,0.0,0.0,0.0,0.0,0.0,0.0,0.08888888888888889
stage1a_single_agent_miniscule,1,1,11768,173,1,50,50,1,0,191.47142028808594,4.0,4.0,4.0,0.1111111111111111,0.0,0,0,0,4,1,1,0,1.0,0,0.0,0.0,0.0,0.0,0.0,0.0,0.0,1.0
stage1a_single_agent_miniscule,1,1,11870,174,1,50,50,1,0,188.3291015625,4.0,4.0,4.0,0.4444444444444444,0.0,0,0,0,102,99,99,0,1.0,0,0.0,0.0,0.0,0.0,0.0,0.0,0.0,0.0392156862745098
stage1a_single_agent_miniscule,1,1,11887,175,1,50,50,1,0,190.93820190429688,4.0,4.0,4.0,0.3333333333333333,0.0,0,0,0,17,14,14,0,1.0,0,0.0,0.0,0.0,0.0,0.0,0.0,0.0,0.23529411764705882
stage1a_single_agent_miniscule,1,1,11921,176,1,50,50,1,0,191.46575927734375,4.0,4.0,4.0,0.3333333333333333,0.0,0,0,0,34,31,31,0,1.0,0,0.0,0.0,0.0,0.0,0.0,0.0,0.0,0.11764705882352941
stage1a_single_agent_miniscule,1,1,11939,177,1,50,50,1,0,190.7148895263672,4.0,4.0,4.0,0.3333333333333333,0.0,0,0,0,18,15,15,0,1.0,0,0.0,0.0,0.0,0.0,0.0,0.0,0.0,0.2222222222222222
stage1a_single_agent_miniscule,1,1,11974,178,1,50,50,1,0,190.88204956054688,4.0,4.0,4.0,0.2222222222222222,0.0,0,0,0,35,32,32,0,1.0,0,0.0,0.0,0.0,0.0,0.0,0.0,0.0,0.11428571428571428
stage1a_single_agent_miniscule,1,1,11984,179,1,50,50,1,0,191.67755126953125,4.0,4.0,4.0,0.2222222222222222,0.0,0,0,0,10,5,5,0,1.0,0,0.0,0.0,0.0,0.0,0.0,0.0,0.0,0.4
stage1a_single_agent_miniscule,1,1,12027,180,1,50,50,1,0,189.48892211914062,4.0,4.0,4.0,0.4444444444444444,0.0,0,0,0,43,40,40,0,1.0,0,0.0,0.0,0.0,0.0,0.0,0.0,0.0,0.09302325581395349
stage1a_single_agent_miniscule,1,1,12147,181,1,50,50,1,0,41.15422439575195,1.0,1.0,1.0,0.4444444444444444,0.0,0,0,3,120,85,85,0,1.0,0,0.0,0.0,0.0,0.0,0.0,0.0,0.0,0.008333333333333333
stage1a_single_agent_miniscule,1,1,12159,182,1,50,50,1,0,191.5478057861328,4.0,4.0,4.0,0.3333333333333333,0.0,0,0,0,12,9,9,0,1.0,0,0.0,0.0,0.0,0.0,0.0,0.0,0.0,0.3333333333333333
stage1a_single_agent_miniscule,1,1,12279,183,1,50,50,1,0,137.8172607421875,3.0,3.0,3.0,0.4444444444444444,0.0,0,0,1,120,1,1,0,1.0,0,0.0,0.0,0.0,0.0,0.0,0.0,0.0,0.025
stage1a_single_agent_miniscule,1,1,12312,184,1,50,50,1,0,190.30543518066406,4.0,4.0,4.0,0.3333333333333333,0.0,0,0,0,33,1,1,0,1.0,0,0.0,0.0,0.0,0.0,0.0,0.0,0.0,0.12121212121212122
stage1a_single_agent_miniscule,1,1,12378,185,1,50,50,1,0,188.30133056640625,4.0,4.0,4.0,0.4444444444444444,0.0,0,0,0,66,33,33,0,1.0,0,0.0,0.0,0.0,0.0,0.0,0.0,0.0,0.06060606060606061
stage1a_single_agent_miniscule,1,1,12435,186,1,50,50,1,0,189.98361206054688,4.0,4.0,4.0,0.4444444444444444,0.0,0,0,0,57,22,22,0,1.0,0,0.0,0.0,0.0,0.0,0.0,0.0,0.0,0.07017543859649122
stage1a_single_agent_miniscule,1,1,12460,187,1,50,50,1,0,190.8227081298828,4.0,4.0,4.0,0.3333333333333333,0.0,0,0,0,25,22,22,0,1.0,0,0.0,0.0,0.0,0.0,0.0,0.0,0.0,0.16
stage1a_single_agent_miniscule,1,1,12527,188,1,50,50,1,0,187.9654541015625,4.0,4.0,4.0,0.4444444444444444,0.0,0,0,0,67,40,40,0,1.0,0,0.0,0.0,0.0,0.0,0.0,0.0,0.0,0.05970149253731343
stage1a_single_agent_miniscule,1,1,12566,189,1,50,50,1,0,189.52163696289062,4.0,4.0,4.0,0.3333333333333333,0.0,0,0,0,39,17,17,0,1.0,0,0.0,0.0,0.0,0.0,0.0,0.0,0.0,0.10256410256410256
stage1a_single_agent_miniscule,1,1,12595,190,1,50,50,1,0,190.85215759277344,4.0,4.0,4.0,0.4444444444444444,0.0,0,0,0,29,1,1,0,1.0,0,0.0,0.0,0.0,0.0,0.0,0.0,0.0,0.13793103448275862
stage1a_single_agent_miniscule,1,1,12652,191,1,50,50,1,0,189.2189178466797,4.0,4.0,4.0,0.4444444444444444,0.0,0,0,0,57,29,29,0,1.0,0,0.0,0.0,0.0,0.0,0.0,0.0,0.0,0.07017543859649122
stage1a_single_agent_miniscule,1,1,12689,192,1,50,50,1,0,190.04595947265625,4.0,4.0,4.0,0.3333333333333333,0.0,0,0,0,37,33,33,0,1.0,0,0.0,0.0,0.0,0.0,0.0,0.0,0.0,0.10810810810810811
stage1a_single_agent_miniscule,1,1,12720,193,1,50,50,1,0,190.5775146484375,4.0,4.0,4.0,0.3333333333333333,0.0,0,0,0,31,28,28,0,1.0,0,0.0,0.0,0.0,0.0,0.0,0.0,0.0,0.12903225806451613
stage1a_single_agent_miniscule,1,1,12748,194,1,50,50,1,0,191.0455322265625,4.0,4.0,4.0,0.3333333333333333,0.0,0,0,0,28,8,8,0,1.0,0,0.0,0.0,0.0,0.0,0.0,0.0,0.0,0.14285714285714285
stage1a_single_agent_miniscule,1,1,12802,195,1,50,50,1,0,189.36398315429688,4.0,4.0,4.0,0.3333333333333333,0.0,0,0,0,54,47,47,0,1.0,0,0.0,0.0,0.0,0.0,0.0,0.0,0.0,0.07407407407407407
stage1a_single_agent_miniscule,1,1,12852,196,1,50,50,1,0,189.027587890625,4.0,4.0,4.0,0.4444444444444444,0.0,0,0,0,50,14,14,0,1.0,0,0.0,0.0,0.0,0.0,0.0,0.0,0.0,0.08
stage1a_single_agent_miniscule,1,1,12856,197,1,50,50,1,0,191.9610595703125,4.0,4.0,4.0,0.1111111111111111,0.0,0,0,0,4,1,1,0,1.0,0,0.0,0.0,0.0,0.0,0.0,0.0,0.0,1.0
stage1a_single_agent_miniscule,1,1,12867,198,1,50,50,1,0,191.66799926757812,4.0,4.0,4.0,0.3333333333333333,0.0,0,0,0,11,8,8,0,1.0,0,0.0,0.0,0.0,0.0,0.0,0.0,0.0,0.36363636363636365
stage1a_single_agent_miniscule,1,1,12887,199,1,50,50,1,0,190.91912841796875,4.0,4.0,4.0,0.3333333333333333,0.0,0,0,0,20,17,17,0,1.0,0,0.0,0.0,0.0,0.0,0.0,0.0,0.0,0.2
stage1a_single_agent_miniscule,1,1,12908,200,1,50,50,1,0,191.0364532470703,4.0,4.0,4.0,0.3333333333333333,0.0,0,0,0,21,18,18,0,1.0,0,0.0,0.0,0.0,0.0,0.0,0.0,0.0,0.19047619047619047
stage1a_single_agent_miniscule,1,1,12918,201,1,50,50,1,0,191.19039916992188,4.0,4.0,4.0,0.3333333333333333,0.0,0,0,0,10,6,7,1,1.0,0,0.0,0.1,0.0,-0.04,0.0,0.0,0.0,0.4
stage1a_single_agent_miniscule,1,1,12981,202,1,50,50,1,0,189.60922241210938,4.0,4.0,4.0,0.4444444444444444,0.0,0,0,0,63,24,24,0,1.0,0,0.0,0.0,0.0,0.0,0.0,0.0,0.0,0.06349206349206349
stage1a_single_agent_miniscule,1,1,13011,203,1,50,50,1,0,190.77670288085938,4.0,4.0,4.0,0.3333333333333333,0.0,0,0,0,30,27,27,0,1.0,0,0.0,0.0,0.0,0.0,0.0,0.0,0.0,0.13333333333333333
stage1a_single_agent_miniscule,1,1,13051,204,1,50,50,1,0,190.26364135742188,4.0,4.0,4.0,0.3333333333333333,0.0,0,0,0,40,11,11,0,1.0,0,0.0,0.0,0.0,0.0,0.0,0.0,0.0,0.1
stage1a_single_agent_miniscule,1,1,13073,205,1,50,50,1,0,190.53921508789062,4.0,4.0,4.0,0.2222222222222222,0.0,0,0,0,22,19,19,0,1.0,0,0.0,0.0,0.0,0.0,0.0,0.0,0.0,0.18181818181818182
stage1a_single_agent_miniscule,1,1,13089,206,1,50,50,1,0,191.34799194335938,4.0,4.0,4.0,0.2222222222222222,0.0,0,0,0,16,8,8,0,1.0,0,0.0,0.0,0.0,0.0,0.0,0.0,0.0,0.25
stage1a_single_agent_miniscule,1,1,13097,207,1,50,50,1,0,191.69400024414062,4.0,4.0,4.0,0.2222222222222222,0.0,0,0,0,8,4,4,0,1.0,0,0.0,0.0,0.0,0.0,0.0,0.0,0.0,0.5
stage1a_single_agent_miniscule,1,1,13124,208,1,50,50,1,0,190.6160888671875,4.0,4.0,4.0,0.3333333333333333,0.0,0,0,0,27,23,23,0,1.0,0,0.0,0.0,0.0,0.0,0.0,0.0,0.0,0.14814814814814814
stage1a_single_agent_miniscule,1,1,13173,209,1,50,50,1,0,189.96295166015625,4.0,4.0,4.0,0.4444444444444444,0.0,0,0,0,49,14,14,0,1.0,0,0.0,0.0,0.0,0.0,0.0,0.0,0.0,0.08163265306122448
stage1a_single_agent_miniscule,1,1,13237,210,1,50,50,1,0,188.02520751953125,4.0,4.0,4.0,0.4444444444444444,0.0,0,0,0,64,61,61,0,1.0,0,0.0,0.0,0.0,0.0,0.0,0.0,0.0,0.0625
stage1a_single_agent_miniscule,1,1,13278,211,1,50,50,1,0,189.74139404296875,4.0,4.0,4.0,0.4444444444444444,0.0,0,0,0,41,38,38,0,1.0,0,0.0,0.0,0.0,0.0,0.0,0.0,0.0,0.0975609756097561
stage1a_single_agent_miniscule,1,1,13308,212,1,50,50,1,0,190.8859405517578,4.0,4.0,4.0,0.3333333333333333,0.0,0,0,0,30,26,26,0,1.0,0,0.0,0.0,0.0,0.0,0.0,0.0,0.0,0.13333333333333333
stage1a_single_agent_miniscule,1,1,13312,213,1,50,50,1,0,191.71200561523438,4.0,4.0,4.0,0.1111111111111111,0.0,0,0,0,4,1,1,0,1.0,0,0.0,0.0,0.0,0.0,0.0,0.0,0.0,1.0
stage1a_single_agent_miniscule,1,1,13404,214,1,50,50,1,0,186.6566162109375,4.0,4.0,4.0,0.4444444444444444,0.0,0,0,0,92,89,89,0,1.0,0,0.0,0.0,0.0,0.0,0.0,0.0,0.0,0.043478260869565216
stage1a_single_agent_miniscule,1,1,13451,215,1,50,50,1,0,189.86172485351562,4.0,4.0,4.0,0.3333333333333333,0.0,0,0,0,47,44,44,0,1.0,0,0.0,0.0,0.0,0.0,0.0,0.0,0.0,0.0851063829787234
stage1a_single_agent_miniscule,1,1,13495,216,1,50,50,1,0,189.67288208007812,4.0,4.0,4.0,0.3333333333333333,0.0,0,0,0,44,1,1,0,1.0,0,0.0,0.0,0.0,0.0,0.0,0.0,0.0,0.09090909090909091
stage1a_single_agent_miniscule,1,1,13509,217,1,50,50,1,0,190.97561645507812,4.0,4.0,4.0,0.3333333333333333,0.0,0,0,0,14,10,10,0,1.0,0,0.0,0.0,0.0,0.0,0.0,0.0,0.0,0.2857142857142857
stage1a_single_agent_miniscule,1,1,13516,218,1,50,50,1,0,191.48492431640625,4.0,4.0,4.0,0.1111111111111111,0.0,0,0,0,7,1,1,0,1.0,0,0.0,0.0,0.0,0.0,0.0,0.0,0.0,0.5714285714285714
stage1a_single_agent_miniscule,1,1,13525,219,1,50,50,1,0,191.44537353515625,4.0,4.0,4.0,0.2222222222222222,0.0,0,0,0,9,5,5,0,1.0,0,0.0,0.0,0.0,0.0,0.0,0.0,0.0,0.4444444444444444
stage1a_single_agent_miniscule,1,1,13549,220,1,50,50,1,0,191.10745239257812,4.0,4.0,4.0,0.3333333333333333,0.0,0,0,0,24,21,21,0,1.0,0,0.0,0.0,0.0,0.0,0.0,0.0,0.0,0.16666666666666666
stage1a_single_agent_miniscule,1,1,13579,221,1,50,50,1,0,191.10206604003906,4.0,4.0,4.0,0.4444444444444444,0.0,0,0,0,30,25,25,0,1.0,0,0.0,0.0,0.0,0.0,0.0,0.0,0.0,0.13333333333333333
stage1a_single_agent_miniscule,1,1,13699,222,1,50,50,1,0,-2.610002279281616,0.0,0.0,0.0,0.4444444444444444,0.0,0,0,4,120,-1,-1,-1,0.0,0,0.0,0.0,0.0,0.0,0.0,0.0,0.0,0.0
stage1a_single_agent_miniscule,1,1,13719,223,1,50,50,1,0,190.896240234375,4.0,4.0,4.0,0.2222222222222222,0.0,0,0,0,20,17,17,0,1.0,0,0.0,0.0,0.0,0.0,0.0,0.0,0.0,0.2
stage1a_single_agent_miniscule,1,1,13761,224,1,50,50,1,0,188.629638671875,4.0,4.0,4.0,0.3333333333333333,0.0,0,0,0,42,38,38,0,1.0,0,0.0,0.0,0.0,0.0,0.0,0.0,0.0,0.09523809523809523
stage1a_single_agent_miniscule,1,1,13881,225,1,50,50,1,0,135.09825134277344,3.0,3.0,3.0,0.4444444444444444,0.0,0,0,1,120,108,108,0,1.0,0,0.0,0.0,0.0,0.0,0.0,0.0,0.0,0.025
stage1a_single_agent_miniscule,1,1,13903,226,1,50,50,1,0,190.119140625,4.0,4.0,4.0,0.3333333333333333,0.0,0,0,0,22,18,18,0,1.0,0,0.0,0.0,0.0,0.0,0.0,0.0,0.0,0.18181818181818182
stage1a_single_agent_miniscule,1,1,13962,227,1,50,50,1,0,187.68739318847656,4.0,4.0,4.0,0.4444444444444444,0.0,0,0,0,59,56,56,0,1.0,0,0.0,0.0,0.0,0.0,0.0,0.0,0.0,0.06779661016949153
stage1a_single_agent_miniscule,1,1,13966,228,1,50,50,1,0,191.45989990234375,4.0,4.0,4.0,0.1111111111111111,0.0,0,0,0,4,1,1,0,1.0,0,0.0,0.0,0.0,0.0,0.0,0.0,0.0,1.0
stage1a_single_agent_miniscule,1,1,14086,229,1,50,50,1,0,-5.417309761047363,0.0,0.0,0.0,0.4444444444444444,0.0,0,0,4,120,-1,-1,-1,0.0,0,0.0,0.0,0.0,0.0,0.0,0.0,0.0,0.0
stage1a_single_agent_miniscule,1,1,14098,230,1,50,50,1,0,191.66404724121094,4.0,4.0,4.0,0.2222222222222222,0.0,0,0,0,12,5,5,0,1.0,0,0.0,0.0,0.0,0.0,0.0,0.0,0.0,0.3333333333333333
stage1a_single_agent_miniscule,1,1,14121,231,1,50,50,1,0,189.95584106445312,4.0,4.0,4.0,0.3333333333333333,0.0,0,0,0,23,20,20,0,1.0,0,0.0,0.0,0.0,0.0,0.0,0.0,0.0,0.17391304347826086
stage1a_single_agent_miniscule,1,1,14144,232,1,50,50,1,0,191.07080078125,4.0,4.0,4.0,0.3333333333333333,0.0,0,0,0,23,1,1,0,1.0,0,0.0,0.0,0.0,0.0,0.0,0.0,0.0,0.17391304347826086
stage1a_single_agent_miniscule,1,1,14152,233,1,50,50,1,0,191.48634338378906,4.0,4.0,4.0,0.2222222222222222,0.0,0,0,0,8,5,5,0,1.0,0,0.0,0.0,0.0,0.0,0.0,0.0,0.0,0.5
stage1a_single_agent_miniscule,1,1,14180,234,1,50,50,1,0,191.3646240234375,4.0,4.0,4.0,0.4444444444444444,0.0,0,0,0,28,25,25,0,1.0,0,0.0,0.0,0.0,0.0,0.0,0.0,0.0,0.14285714285714285
stage1a_single_agent_miniscule,1,1,14300,235,1,50,50,1,0,-9.152660369873047,0.0,0.0,0.0,0.4444444444444444,0.0,0,0,4,120,-1,-1,-1,0.0,0,0.0,0.0,0.0,0.0,0.0,0.0,0.0,0.0
stage1a_single_agent_miniscule,1,1,14309,236,1,50,50,1,0,191.23541259765625,4.0,4.0,4.0,0.3333333333333333,0.0,0,0,0,9,6,6,0,1.0,0,0.0,0.0,0.0,0.0,0.0,0.0,0.0,0.4444444444444444
stage1a_single_agent_miniscule,1,1,14330,237,1,50,50,1,0,189.9101104736328,4.0,4.0,4.0,0.3333333333333333,0.0,0,0,0,21,17,17,0,1.0,0,0.0,0.0,0.0,0.0,0.0,0.0,0.0,0.19047619047619047
stage1a_single_agent_miniscule,1,1,14402,238,1,50,50,1,0,187.20498657226562,4.0,4.0,4.0,0.3333333333333333,0.0,0,0,0,72,67,67,0,1.0,0,0.0,0.0,0.0,0.0,0.0,0.0,0.0,0.05555555555555555
stage1a_single_agent_miniscule,1,1,14485,239,1,50,50,1,0,187.13967895507812,4.0,4.0,4.0,0.4444444444444444,0.0,0,0,0,83,32,32,0,1.0,0,0.0,0.0,0.0,0.0,0.0,0.0,0.0,0.04819277108433735
stage1a_single_agent_miniscule,1,1,14489,240,1,50,50,1,0,191.71145629882812,4.0,4.0,4.0,0.1111111111111111,0.0,0,0,0,4,1,1,0,1.0,0,0.0,0.0,0.0,0.0,0.0,0.0,0.0,1.0
stage1a_single_agent_miniscule,1,1,14605,241,1,50,50,1,0,182.93359375,4.0,4.0,4.0,0.2222222222222222,0.0,0,0,0,116,73,73,0,1.0,0,0.0,0.0,0.0,0.0,0.0,0.0,0.0,0.034482758620689655
stage1a_single_agent_miniscule,1,1,14631,242,1,50,50,1,0,190.05728149414062,4.0,4.0,4.0,0.3333333333333333,0.0,0,0,0,26,23,23,0,1.0,0,0.0,0.0,0.0,0.0,0.0,0.0,0.0,0.15384615384615385
stage1a_single_agent_miniscule,1,1,14751,243,1,50,50,1,0,-7.295590877532959,0.0,0.0,0.0,0.3333333333333333,0.0,0,0,4,120,-1,-1,-1,0.0,0,0.0,0.0,0.0,0.0,0.0,0.0,0.0,0.0
stage1a_single_agent_miniscule,1,1,14804,244,1,50,50,1,0,187.94308471679688,4.0,4.0,4.0,0.3333333333333333,0.0,0,0,0,53,49,49,0,1.0,0,0.0,0.0,0.0,0.0,0.0,0.0,0.0,0.07547169811320754
stage1a_single_agent_miniscule,1,1,14855,245,1,50,50,1,0,188.76364135742188,4.0,4.0,4.0,0.3333333333333333,0.0,0,0,0,51,33,33,0,1.0,0,0.0,0.0,0.0,0.0,0.0,0.0,0.0,0.0784313725490196
stage1a_single_agent_miniscule,1,1,14975,246,1,50,50,1,0,-7.4171833992004395,0.0,0.0,0.0,0.4444444444444444,0.0,0,0,4,120,-1,-1,-1,0.0,0,0.0,0.0,0.0,0.0,0.0,0.0,0.0,0.0
stage1a_single_agent_miniscule,1,1,14984,247,1,50,50,1,0,191.4741973876953,4.0,4.0,4.0,0.2222222222222222,0.0,0,0,0,9,5,5,0,1.0,0,0.0,0.0,0.0,0.0,0.0,0.0,0.0,0.4444444444444444
stage1a_single_agent_miniscule,1,1,14988,248,1,50,50,1,0,191.76199340820312,4.0,4.0,4.0,0.1111111111111111,0.0,0,0,0,4,1,1,0,1.0,0,0.0,0.0,0.0,0.0,0.0,0.0,0.0,1.0
stage1a_single_agent_miniscule,1,1,15069,249,1,50,50,1,0,185.75454711914062,4.0,4.0,4.0,0.3333333333333333,0.0,0,0,0,81,78,78,0,1.0,0,0.0,0.0,0.0,0.0,0.0,0.0,0.0,0.04938271604938271
stage1a_single_agent_miniscule,1,1,15084,250,1,50,50,1,0,190.662841796875,4.0,4.0,4.0,0.3333333333333333,0.0,0,0,0,15,12,12,0,1.0,0,0.0,0.0,0.0,0.0,0.0,0.0,0.0,0.26666666666666666
stage1a_single_agent_miniscule,1,1,15142,251,1,50,50,1,0,188.11550903320312,4.0,4.0,4.0,0.4444444444444444,0.0,0,0,0,58,55,55,0,1.0,0,0.0,0.0,0.0,0.0,0.0,0.0,0.0,0.06896551724137931
stage1a_single_agent_miniscule,1,1,15184,252,1,50,50,1,0,190.2391815185547,4.0,4.0,4.0,0.3333333333333333,0.0,0,0,0,42,39,39,0,1.0,0,0.0,0.0,0.0,0.0,0.0,0.0,0.0,0.09523809523809523
stage1a_single_agent_miniscule,1,1,15223,253,1,50,50,1,0,188.7654571533203,4.0,4.0,4.0,0.3333333333333333,0.0,0,0,0,39,35,35,0,1.0,0,0.0,0.0,0.0,0.0,0.0,0.0,0.0,0.10256410256410256
stage1a_single_agent_miniscule,1,1,15343,254,1,50,50,1,0,38.99674606323242,1.0,1.0,1.0,0.4444444444444444,0.0,0,0,3,120,29,29,0,1.0,0,0.0,0.0,0.0,0.0,0.0,0.0,0.0,0.008333333333333333
stage1a_single_agent_miniscule,1,1,15374,255,1,50,50,1,0,189.13963317871094,4.0,4.0,4.0,0.3333333333333333,0.0,0,0,0,31,27,27,0,1.0,0,0.0,0.0,0.0,0.0,0.0,0.0,0.0,0.12903225806451613
stage1a_single_agent_miniscule,1,1,15394,256,1,50,50,1,0,191.10000610351562,4.0,4.0,4.0,0.3333333333333333,0.0,0,0,0,20,17,17,0,1.0,0,0.0,0.0,0.0,0.0,0.0,0.0,0.0,0.2
stage1a_single_agent_miniscule,1,1,15417,257,1,50,50,1,0,190.93423461914062,4.0,4.0,4.0,0.4444444444444444,0.0,0,0,0,23,20,20,0,1.0,0,0.0,0.0,0.0,0.0,0.0,0.0,0.0,0.17391304347826086
stage1a_single_agent_miniscule,1,1,15447,258,1,50,50,1,0,189.75576782226562,4.0,4.0,4.0,0.3333333333333333,0.0,0,0,0,30,26,26,0,1.0,0,0.0,0.0,0.0,0.0,0.0,0.0,0.0,0.13333333333333333
stage1a_single_agent_miniscule,1,1,15549,259,1,50,50,1,0,185.1996612548828,4.0,4.0,4.0,0.2222222222222222,0.0,0,0,0,102,30,30,0,1.0,0,0.0,0.0,0.0,0.0,0.0,0.0,0.0,0.0392156862745098
stage1a_single_agent_miniscule,1,1,15569,260,1,50,50,1,0,190.60000610351562,4.0,4.0,4.0,0.3333333333333333,0.0,0,0,0,20,17,17,0,1.0,0,0.0,0.0,0.0,0.0,0.0,0.0,0.0,0.2
stage1a_single_agent_miniscule,1,1,15689,261,1,50,50,1,0,135.9978485107422,3.0,3.0,3.0,0.4444444444444444,0.0,0,0,1,120,1,1,0,1.0,0,0.0,0.0,0.0,0.0,0.0,0.0,0.0,0.025
stage1a_single_agent_miniscule,1,1,15711,262,1,50,50,1,0,190.83349609375,4.0,4.0,4.0,0.3333333333333333,0.0,0,0,0,22,17,17,0,1.0,0,0.0,0.0,0.0,0.0,0.0,0.0,0.0,0.18181818181818182
stage1a_single_agent_miniscule,1,1,15752,263,1,50,50,1,0,190.03012084960938,4.0,4.0,4.0,0.3333333333333333,0.0,0,0,0,41,38,38,0,1.0,0,0.0,0.0,0.0,0.0,0.0,0.0,0.0,0.0975609756097561
stage1a_single_agent_miniscule,1,1,15817,264,1,50,50,1,0,189.63143920898438,4.0,4.0,4.0,0.4444444444444444,0.0,0,0,0,65,33,33,0,1.0,0,0.0,0.0,0.0,0.0,0.0,0.0,0.0,0.06153846153846154
stage1a_single_agent_miniscule,1,1,15871,265,1,50,50,1,0,189.76698303222656,4.0,4.0,4.0,0.3333333333333333,0.0,0,0,0,54,50,50,0,1.0,0,0.0,0.0,0.0,0.0,0.0,0.0,0.0,0.07407407407407407
stage1a_single_agent_miniscule,1,1,15875,266,1,50,50,1,0,191.46990966796875,4.0,4.0,4.0,0.1111111111111111,0.0,0,0,0,4,1,1,0,1.0,0,0.0,0.0,0.0,0.0,0.0,0.0,0.0,1.0
stage1a_single_agent_miniscule,1,1,15886,267,1,50,50,1,0,190.956787109375,4.0,4.0,4.0,0.2222222222222222,0.0,0,0,0,11,7,7,0,1.0,0,0.0,0.0,0.0,0.0,0.0,0.0,0.0,0.36363636363636365
stage1a_single_agent_miniscule,1,1,15907,268,1,50,50,1,0,190.69888305664062,4.0,4.0,4.0,0.3333333333333333,0.0,0,0,0,21,15,15,0,1.0,0,0.0,0.0,0.0,0.0,0.0,0.0,0.0,0.19047619047619047
stage1a_single_agent_miniscule,1,1,15928,269,1,50,50,1,0,191.01806640625,4.0,4.0,4.0,0.3333333333333333,0.0,0,0,0,21,18,18,0,1.0,0,0.0,0.0,0.0,0.0,0.0,0.0,0.0,0.19047619047619047
stage1a_single_agent_miniscule,1,1,15932,270,1,50,50,1,0,191.71200561523438,4.0,4.0,4.0,0.1111111111111111,0.0,0,0,0,4,1,1,0,1.0,0,0.0,0.0,0.0,0.0,0.0,0.0,0.0,1.0
stage1a_single_agent_miniscule,1,1,15988,271,1,50,50,1,0,189.29212951660156,4.0,4.0,4.0,0.4444444444444444,0.0,0,0,0,56,26,26,0,1.0,0,0.0,0.0,0.0,0.0,0.0,0.0,0.0,0.07142857142857142
stage1a_single_agent_miniscule,1,1,16006,272,1,50,50,1,0,191.1161651611328,4.0,4.0,4.0,0.3333333333333333,0.0,0,0,0,18,14,14,0,1.0,0,0.0,0.0,0.0,0.0,0.0,0.0,0.0,0.2222222222222222
stage1a_single_agent_miniscule,1,1,16025,273,1,50,50,1,0,190.1665802001953,4.0,4.0,4.0,0.3333333333333333,0.0,0,0,0,19,15,15,0,1.0,0,0.0,0.0,0.0,0.0,0.0,0.0,0.0,0.21052631578947367
stage1a_single_agent_miniscule,1,1,16049,274,1,50,50,1,0,190.2318115234375,4.0,4.0,4.0,0.4444444444444444,0.0,0,0,0,24,20,20,0,1.0,0,0.0,0.0,0.0,0.0,0.0,0.0,0.0,0.16666666666666666
stage1a_single_agent_miniscule,1,1,16082,275,1,50,50,1,0,190.31887817382812,4.0,4.0,4.0,0.3333333333333333,0.0,0,0,0,33,5,5,0,1.0,0,0.0,0.0,0.0,0.0,0.0,0.0,0.0,0.12121212121212122
stage1a_single_agent_miniscule,1,1,16122,276,1,50,50,1,0,189.00924682617188,4.0,4.0,4.0,0.3333333333333333,0.0,0,0,0,40,37,37,0,1.0,0,0.0,0.0,0.0,0.0,0.0,0.0,0.0,0.1
stage1a_single_agent_miniscule,1,1,16152,277,1,50,50,1,0,190.7173309326172,4.0,4.0,4.0,0.4444444444444444,0.0,0,0,0,30,18,18,0,1.0,0,0.0,0.0,0.0,0.0,0.0,0.0,0.0,0.13333333333333333
stage1a_single_agent_miniscule,1,1,16183,278,1,50,50,1,0,190.26358032226562,4.0,4.0,4.0,0.3333333333333333,0.0,0,0,0,31,27,27,0,1.0,0,0.0,0.0,0.0,0.0,0.0,0.0,0.0,0.12903225806451613
stage1a_single_agent_miniscule,1,1,16192,279,1,50,50,1,0,190.93218994140625,4.0,4.0,4.0,0.2222222222222222,0.0,0,0,0,9,6,6,0,1.0,0,0.0,0.0,0.0,0.0,0.0,0.0,0.0,0.4444444444444444
stage1a_single_agent_miniscule,1,1,16223,280,1,50,50,1,0,189.26922607421875,4.0,4.0,4.0,0.3333333333333333,0.0,0,0,0,31,23,23,0,1.0,0,0.0,0.0,0.0,0.0,0.0,0.0,0.0,0.12903225806451613
stage1a_single_agent_miniscule,1,1,16252,281,1,50,50,1,0,190.86767578125,4.0,4.0,4.0,0.4444444444444444,0.0,0,0,0,29,26,26,0,1.0,0,0.0,0.0,0.0,0.0,0.0,0.0,0.0,0.13793103448275862
stage1a_single_agent_miniscule,1,1,16256,282,1,50,50,1,0,191.72991943359375,4.0,4.0,4.0,0.1111111111111111,0.0,0,0,0,4,1,1,0,1.0,0,0.0,0.0,0.0,0.0,0.0,0.0,0.0,1.0
stage1a_single_agent_miniscule,1,1,16290,283,1,50,50,1,0,190.76791381835938,4.0,4.0,4.0,0.3333333333333333,0.0,0,0,0,34,31,31,0,1.0,0,0.0,0.0,0.0,0.0,0.0,0.0,0.0,0.11764705882352941
stage1a_single_agent_miniscule,1,1,16294,284,1,50,50,1,0,191.73072814941406,4.0,4.0,4.0,0.1111111111111111,0.0,0,0,0,4,1,1,0,1.0,0,0.0,0.0,0.0,0.0,0.0,0.0,0.0,1.0
stage1a_single_agent_miniscule,1,1,16320,285,1,50,50,1,0,190.702392578125,4.0,4.0,4.0,0.4444444444444444,0.0,0,0,0,26,22,22,0,1.0,0,0.0,0.0,0.0,0.0,0.0,0.0,0.0,0.15384615384615385
stage1a_single_agent_miniscule,1,1,16379,286,1,50,50,1,0,190.00143432617188,4.0,4.0,4.0,0.4444444444444444,0.0,0,0,0,59,56,56,0,1.0,0,0.0,0.0,0.0,0.0,0.0,0.0,0.0,0.06779661016949153
stage1a_single_agent_miniscule,1,1,16393,287,1,50,50,1,0,191.23594665527344,4.0,4.0,4.0,0.3333333333333333,0.0,0,0,0,14,11,11,0,1.0,0,0.0,0.0,0.0,0.0,0.0,0.0,0.0,0.2857142857142857
stage1a_single_agent_miniscule,1,1,16442,288,1,50,50,1,0,189.8902587890625,4.0,4.0,4.0,0.4444444444444444,0.0,0,0,0,49,44,44,0,1.0,0,0.0,0.0,0.0,0.0,0.0,0.0,0.0,0.08163265306122448
stage1a_single_agent_miniscule,1,1,16456,289,1,50,50,1,0,191.43002319335938,4.0,4.0,4.0,0.2222222222222222,0.0,0,0,0,14,7,7,0,1.0,0,0.0,0.0,0.0,0.0,0.0,0.0,0.0,0.2857142857142857
stage1a_single_agent_miniscule,1,1,16486,290,1,50,50,1,0,190.33956909179688,4.0,4.0,4.0,0.3333333333333333,0.0,0,0,0,30,26,26,0,1.0,0,0.0,0.0,0.0,0.0,0.0,0.0,0.0,0.13333333333333333
stage1a_single_agent_miniscule,1,1,16495,291,1,50,50,1,0,191.48341369628906,4.0,4.0,4.0,0.2222222222222222,0.0,0,0,0,9,5,5,0,1.0,0,0.0,0.0,0.0,0.0,0.0,0.0,0.0,0.4444444444444444
stage1a_single_agent_miniscule,1,1,16507,292,1,50,50,1,0,191.48861694335938,4.0,4.0,4.0,0.3333333333333333,0.0,0,0,0,12,9,9,0,1.0,0,0.0,0.0,0.0,0.0,0.0,0.0,0.0,0.3333333333333333
stage1a_single_agent_miniscule,1,1,16627,293,1,50,50,1,0,-9.437216758728027,0.0,0.0,0.0,0.4444444444444444,0.0,0,0,4,120,-1,-1,-1,0.0,0,0.0,0.0,0.0,0.0,0.0,0.0,0.0,0.0
stage1a_single_agent_miniscule,1,1,16648,294,1,50,50,1,0,190.84475708007812,4.0,4.0,4.0,0.3333333333333333,0.0,0,0,0,21,18,18,0,1.0,0,0.0,0.0,0.0,0.0,0.0,0.0,0.0,0.19047619047619047
stage1a_single_agent_miniscule,1,1,16659,295,1,50,50,1,0,191.47171020507812,4.0,4.0,4.0,0.3333333333333333,0.0,0,0,0,11,8,8,0,1.0,0,0.0,0.0,0.0,0.0,0.0,0.0,0.0,0.36363636363636365
stage1a_single_agent_miniscule,1,1,16716,296,1,50,50,1,0,188.17398071289062,4.0,4.0,4.0,0.3333333333333333,0.0,0,0,0,57,9,9,0,1.0,0,0.0,0.0,0.0,0.0,0.0,0.0,0.0,0.07017543859649122
stage1a_single_agent_miniscule,1,1,16728,297,1,50,50,1,0,191.66598510742188,4.0,4.0,4.0,0.3333333333333333,0.0,0,0,0,12,6,6,0,1.0,0,0.0,0.0,0.0,0.0,0.0,0.0,0.0,0.3333333333333333
stage1a_single_agent_miniscule,1,1,16737,298,1,50,50,1,0,191.70413208007812,4.0,4.0,4.0,0.2222222222222222,0.0,0,0,0,9,6,6,0,1.0,0,0.0,0.0,0.0,0.0,0.0,0.0,0.0,0.4444444444444444
stage1a_single_agent_miniscule,1,1,16763,299,1,50,50,1,0,190.44741821289062,4.0,4.0,4.0,0.4444444444444444,0.0,0,0,0,26,23,23,0,1.0,0,0.0,0.0,0.0,0.0,0.0,0.0,0.0,0.15384615384615385
stage1a_single_agent_miniscule,1,1,16789,300,1,50,50,1,0,191.08763122558594,4.0,4.0,4.0,0.3333333333333333,0.0,0,0,0,26,15,15,0,1.0,0,0.0,0.0,0.0,0.0,0.0,0.0,0.0,0.15384615384615385
stage1a_single_agent_miniscule,1,1,16820,301,1,50,50,1,0,190.23800659179688,4.0,4.0,4.0,0.3333333333333333,0.0,0,0,0,31,28,28,0,1.0,0,0.0,0.0,0.0,0.0,0.0,0.0,0.0,0.12903225806451613
stage1a_single_agent_miniscule,1,1,16847,302,1,50,50,1,0,189.64358520507812,4.0,4.0,4.0,0.3333333333333333,0.0,0,0,0,27,9,9,0,1.0,0,0.0,0.0,0.0,0.0,0.0,0.0,0.0,0.14814814814814814
stage1a_single_agent_miniscule,1,1,16880,303,1,50,50,1,0,190.8530731201172,4.0,4.0,4.0,0.3333333333333333,0.0,0,0,0,33,11,11,0,1.0,0,0.0,0.0,0.0,0.0,0.0,0.0,0.0,0.12121212121212122
stage1a_single_agent_miniscule,1,1,16900,304,1,50,50,1,0,190.98745727539062,4.0,4.0,4.0,0.4444444444444444,0.0,0,0,0,20,15,15,0,1.0,0,0.0,0.0,0.0,0.0,0.0,0.0,0.0,0.2
stage1a_single_agent_miniscule,1,1,16909,305,1,50,50,1,0,191.5154266357422,4.0,4.0,4.0,0.3333333333333333,0.0,0,0,0,9,6,6,0,1.0,0,0.0,0.0,0.0,0.0,0.0,0.0,0.0,0.4444444444444444
stage1a_single_agent_miniscule,1,1,16932,306,1,50,50,1,0,190.14468383789062,4.0,4.0,4.0,0.3333333333333333,0.0,0,0,0,23,19,19,0,1.0,0,0.0,0.0,0.0,0.0,0.0,0.0,0.0,0.17391304347826086
stage1a_single_agent_miniscule,1,1,16941,307,1,50,50,1,0,191.46200561523438,4.0,4.0,4.0,0.3333333333333333,0.0,0,0,0,9,6,6,0,1.0,0,0.0,0.0,0.0,0.0,0.0,0.0,0.0,0.4444444444444444
stage1a_single_agent_miniscule,1,1,16950,308,1,50,50,1,0,191.50607299804688,4.0,4.0,4.0,0.3333333333333333,0.0,0,0,0,9,6,6,0,1.0,0,0.0,0.0,0.0,0.0,0.0,0.0,0.0,0.4444444444444444
stage1a_single_agent_miniscule,1,1,17010,309,1,50,50,1,0,187.97219848632812,4.0,4.0,4.0,0.3333333333333333,0.0,0,0,0,60,39,39,0,1.0,0,0.0,0.0,0.0,0.0,0.0,0.0,0.0,0.06666666666666667
stage1a_single_agent_miniscule,1,1,17037,310,1,50,50,1,0,190.37261962890625,4.0,4.0,4.0,0.3333333333333333,0.0,0,0,0,27,24,24,0,1.0,0,0.0,0.0,0.0,0.0,0.0,0.0,0.0,0.14814814814814814
stage1a_single_agent_miniscule,1,1,17054,311,1,50,50,1,0,190.7039337158203,4.0,4.0,4.0,0.2222222222222222,0.0,0,0,0,17,13,13,0,1.0,0,0.0,0.0,0.0,0.0,0.0,0.0,0.0,0.23529411764705882
stage1a_single_agent_miniscule,1,1,17077,312,1,50,50,1,0,189.93907165527344,4.0,4.0,4.0,0.3333333333333333,0.0,0,0,0,23,8,8,0,1.0,0,0.0,0.0,0.0,0.0,0.0,0.0,0.0,0.17391304347826086
stage1a_single_agent_miniscule,1,1,17107,313,1,50,50,1,0,190.9092254638672,4.0,4.0,4.0,0.4444444444444444,0.0,0,0,0,30,27,27,0,1.0,0,0.0,0.0,0.0,0.0,0.0,0.0,0.0,0.13333333333333333
stage1a_single_agent_miniscule,1,1,17130,314,1,50,50,1,0,191.4514617919922,4.0,4.0,4.0,0.4444444444444444,0.0,0,0,0,23,20,20,0,1.0,0,0.0,0.0,0.0,0.0,0.0,0.0,0.0,0.17391304347826086
stage1a_single_agent_miniscule,1,1,17134,315,1,50,50,1,0,191.47140502929688,4.0,4.0,4.0,0.1111111111111111,0.0,0,0,0,4,1,1,0,1.0,0,0.0,0.0,0.0,0.0,0.0,0.0,0.0,1.0
stage1a_single_agent_miniscule,1,1,17143,316,1,50,50,1,0,191.74200439453125,4.0,4.0,4.0,0.2222222222222222,0.0,0,0,0,9,5,5,0,1.0,0,0.0,0.0,0.0,0.0,0.0,0.0,0.0,0.4444444444444444
stage1a_single_agent_miniscule,1,1,17162,317,1,50,50,1,0,190.43255615234375,4.0,4.0,4.0,0.3333333333333333,0.0,0,0,0,19,16,16,0,1.0,0,0.0,0.0,0.0,0.0,0.0,0.0,0.0,0.21052631578947367
stage1a_single_agent_miniscule,1,1,17224,318,1,50,50,1,0,187.26837158203125,4.0,4.0,4.0,0.3333333333333333,0.0,0,0,0,62,46,46,0,1.0,0,0.0,0.0,0.0,0.0,0.0,0.0,0.0,0.06451612903225806
stage1a_single_agent_miniscule,1,1,17239,319,1,50,50,1,0,191.251708984375,4.0,4.0,4.0,0.3333333333333333,0.0,0,0,0,15,12,12,0,1.0,0,0.0,0.0,0.0,0.0,0.0,0.0,0.0,0.26666666666666666
stage1a_single_agent_miniscule,1,1,17359,320,1,50,50,1,0,87.68622589111328,2.0,2.0,2.0,0.4444444444444444,0.0,0,0,2,120,52,52,0,1.0,0,0.0,0.0,0.0,0.0,0.0,0.0,0.0,0.016666666666666666
stage1a_single_agent_miniscule,1,1,17378,321,1,50,50,1,0,190.37106323242188,4.0,4.0,4.0,0.2222222222222222,0.0,0,0,0,19,16,16,0,1.0,0,0.0,0.0,0.0,0.0,0.0,0.0,0.0,0.21052631578947367
stage1a_single_agent_miniscule,1,1,17398,322,1,50,50,1,0,190.68972778320312,4.0,4.0,4.0,0.3333333333333333,0.0,0,0,0,20,17,17,0,1.0,0,0.0,0.0,0.0,0.0,0.0,0.0,0.0,0.2
stage1a_single_agent_miniscule,1,1,17423,323,1,50,50,1,0,190.20294189453125,4.0,4.0,4.0,0.3333333333333333,0.0,0,0,0,25,12,12,0,1.0,0,0.0,0.0,0.0,0.0,0.0,0.0,0.0,0.16
stage1a_single_agent_miniscule,1,1,17456,324,1,50,50,1,0,189.40423583984375,4.0,4.0,4.0,0.4444444444444444,0.0,0,0,0,33,30,30,0,1.0,0,0.0,0.0,0.0,0.0,0.0,0.0,0.0,0.12121212121212122
stage1a_single_agent_miniscule,1,1,17484,325,1,50,50,1,0,190.64657592773438,4.0,4.0,4.0,0.3333333333333333,0.0,0,0,0,28,4,4,0,1.0,0,0.0,0.0,0.0,0.0,0.0,0.0,0.0,0.14285714285714285
stage1a_single_agent_miniscule,1,1,17515,326,1,50,50,1,0,190.92388916015625,4.0,4.0,4.0,0.4444444444444444,0.0,0,0,0,31,28,28,0,1.0,0,0.0,0.0,0.0,0.0,0.0,0.0,0.0,0.12903225806451613
stage1a_single_agent_miniscule,1,1,17632,327,1,50,50,1,0,184.57736206054688,4.0,4.0,4.0,0.4444444444444444,0.0,0,0,0,117,1,1,0,1.0,0,0.0,0.0,0.0,0.0,0.0,0.0,0.0,0.03418803418803419
stage1a_single_agent_miniscule,1,1,17640,328,1,50,50,1,0,191.69400024414062,4.0,4.0,4.0,0.2222222222222222,0.0,0,0,0,8,5,5,0,1.0,0,0.0,0.0,0.0,0.0,0.0,0.0,0.0,0.5
stage1a_single_agent_miniscule,1,1,17664,329,1,50,50,1,0,190.42796325683594,4.0,4.0,4.0,0.3333333333333333,0.0,0,0,0,24,20,20,0,1.0,0,0.0,0.0,0.0,0.0,0.0,0.0,0.0,0.16666666666666666
stage1a_single_agent_miniscule,1,1,17683,330,1,50,50,1,0,191.1796875,4.0,4.0,4.0,0.3333333333333333,0.0,0,0,0,19,12,12,0,1.0,0,0.0,0.0,0.0,0.0,0.0,0.0,0.0,0.21052631578947367
stage1a_single_agent_miniscule,1,1,17699,331,1,50,50,1,0,190.39837646484375,4.0,4.0,4.0,0.3333333333333333,0.0,0,0,0,16,12,13,1,1.0,0,0.0,0.0625,0.0,-0.04,0.0,0.0,0.0,0.25
stage1a_single_agent_miniscule,1,1,17753,332,1,50,50,1,0,188.65560913085938,4.0,4.0,4.0,0.3333333333333333,0.0,0,0,0,54,49,49,0,1.0,0,0.0,0.0,0.0,0.0,0.0,0.0,0.0,0.07407407407407407
stage1a_single_agent_miniscule,1,1,17782,333,1,50,50,1,0,189.61996459960938,4.0,4.0,4.0,0.2222222222222222,0.0,0,0,0,29,24,24,0,1.0,0,0.0,0.0,0.0,0.0,0.0,0.0,0.0,0.13793103448275862
stage1a_single_agent_miniscule,1,1,17799,334,1,50,50,1,0,190.44601440429688,4.0,4.0,4.0,0.3333333333333333,0.0,0,0,0,17,14,14,0,1.0,0,0.0,0.0,0.0,0.0,0.0,0.0,0.0,0.23529411764705882
stage1a_single_agent_miniscule,1,1,17832,335,1,50,50,1,0,189.80235290527344,4.0,4.0,4.0,0.3333333333333333,0.0,0,0,0,33,23,23,0,1.0,0,0.0,0.0,0.0,0.0,0.0,0.0,0.0,0.12121212121212122
stage1a_single_agent_miniscule,1,1,17853,336,1,50,50,1,0,190.93089294433594,4.0,4.0,4.0,0.3333333333333333,0.0,0,0,0,21,8,8,0,1.0,0,0.0,0.0,0.0,0.0,0.0,0.0,0.0,0.19047619047619047
stage1a_single_agent_miniscule,1,1,17875,337,1,50,50,1,0,190.75729370117188,4.0,4.0,4.0,0.3333333333333333,0.0,0,0,0,22,18,18,0,1.0,0,0.0,0.0,0.0,0.0,0.0,0.0,0.0,0.18181818181818182
stage1a_single_agent_miniscule,1,1,17901,338,1,50,50,1,0,190.67596435546875,4.0,4.0,4.0,0.3333333333333333,0.0,0,0,0,26,23,23,0,1.0,0,0.0,0.0,0.0,0.0,0.0,0.0,0.0,0.15384615384615385
stage1a_single_agent_miniscule,1,1,17912,339,1,50,50,1,0,190.95640563964844,4.0,4.0,4.0,0.2222222222222222,0.0,0,0,0,11,7,7,0,1.0,0,0.0,0.0,0.0,0.0,0.0,0.0,0.0,0.36363636363636365
stage1a_single_agent_miniscule,1,1,17935,340,1,50,50,1,0,190.46835327148438,4.0,4.0,4.0,0.3333333333333333,0.0,0,0,0,23,20,20,0,1.0,0,0.0,0.0,0.0,0.0,0.0,0.0,0.0,0.17391304347826086
stage1a_single_agent_miniscule,1,1,17980,341,1,50,50,1,0,189.62362670898438,4.0,4.0,4.0,0.3333333333333333,0.0,0,0,0,45,1,1,0,1.0,0,0.0,0.0,0.0,0.0,0.0,0.0,0.0,0.08888888888888889
stage1a_single_agent_miniscule,1,1,18022,342,1,50,50,1,0,188.9368133544922,4.0,4.0,4.0,0.3333333333333333,0.0,0,0,0,42,39,39,0,1.0,0,0.0,0.0,0.0,0.0,0.0,0.0,0.0,0.09523809523809523
stage1a_single_agent_miniscule,1,1,18044,343,1,50,50,1,0,190.91534423828125,4.0,4.0,4.0,0.3333333333333333,0.0,0,0,0,22,19,19,0,1.0,0,0.0,0.0,0.0,0.0,0.0,0.0,0.0,0.18181818181818182
stage1a_single_agent_miniscule,1,1,18059,344,1,50,50,1,0,190.95184326171875,4.0,4.0,4.0,0.3333333333333333,0.0,0,0,0,15,12,12,0,1.0,0,0.0,0.0,0.0,0.0,0.0,0.0,0.0,0.26666666666666666
stage1a_single_agent_miniscule,1,1,18139,345,1,50,50,1,0,188.23101806640625,4.0,4.0,4.0,0.4444444444444444,0.0,0,0,0,80,11,11,0,1.0,0,0.0,0.0,0.0,0.0,0.0,0.0,0.0,0.05
stage1a_single_agent_miniscule,1,1,18162,346,1,50,50,1,0,190.63607788085938,4.0,4.0,4.0,0.3333333333333333,0.0,0,0,0,23,8,8,0,1.0,0,0.0,0.0,0.0,0.0,0.0,0.0,0.0,0.17391304347826086
stage1a_single_agent_miniscule,1,1,18166,347,1,50,50,1,0,191.470458984375,4.0,4.0,4.0,0.1111111111111111,0.0,0,0,0,4,1,1,0,1.0,0,0.0,0.0,0.0,0.0,0.0,0.0,0.0,1.0
stage1a_single_agent_miniscule,1,1,18183,348,1,50,50,1,0,191.47738647460938,4.0,4.0,4.0,0.3333333333333333,0.0,0,0,0,17,14,14,0,1.0,0,0.0,0.0,0.0,0.0,0.0,0.0,0.0,0.23529411764705882
stage1a_single_agent_miniscule,1,1,18240,349,1,50,50,1,0,188.4097442626953,4.0,4.0,4.0,0.4444444444444444,0.0,0,0,0,57,53,53,0,1.0,0,0.0,0.0,0.0,0.0,0.0,0.0,0.0,0.07017543859649122
stage1a_single_agent_miniscule,1,1,18249,350,1,50,50,1,0,191.24510192871094,4.0,4.0,4.0,0.3333333333333333,0.0,0,0,0,9,6,6,0,1.0,0,0.0,0.0,0.0,0.0,0.0,0.0,0.0,0.4444444444444444
stage1a_single_agent_miniscule,1,1,18259,351,1,50,50,1,0,190.93980407714844,4.0,4.0,4.0,0.2222222222222222,0.0,0,0,0,10,6,6,0,1.0,0,0.0,0.0,0.0,0.0,0.0,0.0,0.0,0.4
stage1a_single_agent_miniscule,1,1,18278,352,1,50,50,1,0,190.90386962890625,4.0,4.0,4.0,0.3333333333333333,0.0,0,0,0,19,9,9,0,1.0,0,0.0,0.0,0.0,0.0,0.0,0.0,0.0,0.21052631578947367
stage1a_single_agent_miniscule,1,1,18357,353,1,50,50,1,0,186.350341796875,4.0,4.0,4.0,0.4444444444444444,0.0,0,0,0,79,1,1,0,1.0,0,0.0,0.0,0.0,0.0,0.0,0.0,0.0,0.05063291139240506
stage1a_single_agent_miniscule,1,1,18380,354,1,50,50,1,0,190.4679412841797,4.0,4.0,4.0,0.4444444444444444,0.0,0,0,0,23,19,19,0,1.0,0,0.0,0.0,0.0,0.0,0.0,0.0,0.0,0.17391304347826086
stage1a_single_agent_miniscule,1,1,18417,355,1,50,50,1,0,190.36378479003906,4.0,4.0,4.0,0.4444444444444444,0.0,0,0,0,37,32,32,0,1.0,0,0.0,0.0,0.0,0.0,0.0,0.0,0.0,0.10810810810810811
stage1a_single_agent_miniscule,1,1,18437,356,1,50,50,1,0,190.72994995117188,4.0,4.0,4.0,0.3333333333333333,0.0,0,0,0,20,15,15,0,1.0,0,0.0,0.0,0.0,0.0,0.0,0.0,0.0,0.2
stage1a_single_agent_miniscule,1,1,18477,357,1,50,50,1,0,190.3197021484375,4.0,4.0,4.0,0.4444444444444444,0.0,0,0,0,40,1,1,0,1.0,0,0.0,0.0,0.0,0.0,0.0,0.0,0.0,0.1
stage1a_single_agent_miniscule,1,1,18493,358,1,50,50,1,0,190.94027709960938,4.0,4.0,4.0,0.3333333333333333,0.0,0,0,0,16,13,13,0,1.0,0,0.0,0.0,0.0,0.0,0.0,0.0,0.0,0.25
stage1a_single_agent_miniscule,1,1,18562,359,1,50,50,1,0,186.0614471435547,4.0,4.0,4.0,0.3333333333333333,0.0,0,0,0,69,9,9,0,1.0,0,0.0,0.0,0.0,0.0,0.0,0.0,0.0,0.057971014492753624
stage1a_single_agent_miniscule,1,1,18660,360,1,50,50,1,0,186.65667724609375,4.0,4.0,4.0,0.4444444444444444,0.0,0,0,0,98,95,95,0,1.0,0,0.0,0.0,0.0,0.0,0.0,0.0,0.0,0.04081632653061224
stage1a_single_agent_miniscule,1,1,18681,361,1,50,50,1,0,190.45806884765625,4.0,4.0,4.0,0.3333333333333333,0.0,0,0,0,21,15,15,0,1.0,0,0.0,0.0,0.0,0.0,0.0,0.0,0.0,0.19047619047619047
stage1a_single_agent_miniscule,1,1,18801,362,1,50,50,1,0,-9.593143463134766,0.0,0.0,0.0,0.3333333333333333,0.0,0,0,4,120,-1,-1,-1,0.0,0,0.0,0.0,0.0,0.0,0.0,0.0,0.0,0.0
stage1a_single_agent_miniscule,1,1,18805,363,1,50,50,1,0,191.49017333984375,4.0,4.0,4.0,0.1111111111111111,0.0,0,0,0,4,1,1,0,1.0,0,0.0,0.0,0.0,0.0,0.0,0.0,0.0,1.0
stage1a_single_agent_miniscule,1,1,18809,364,1,50,50,1,0,191.48019409179688,4.0,4.0,4.0,0.1111111111111111,0.0,0,0,0,4,1,1,0,1.0,0,0.0,0.0,0.0,0.0,0.0,0.0,0.0,1.0
stage1a_single_agent_miniscule,1,1,18841,365,1,50,50,1,0,189.34619140625,4.0,4.0,4.0,0.3333333333333333,0.0,0,0,0,32,29,29,0,1.0,0,0.0,0.0,0.0,0.0,0.0,0.0,0.0,0.125
stage1a_single_agent_miniscule,1,1,18858,366,1,50,50,1,0,190.69712829589844,4.0,4.0,4.0,0.3333333333333333,0.0,0,0,0,17,14,14,0,1.0,0,0.0,0.0,0.0,0.0,0.0,0.0,0.0,0.23529411764705882
stage1a_single_agent_miniscule,1,1,18862,367,1,50,50,1,0,191.48997497558594,4.0,4.0,4.0,0.1111111111111111,0.0,0,0,0,4,1,1,0,1.0,0,0.0,0.0,0.0,0.0,0.0,0.0,0.0,1.0
stage1a_single_agent_miniscule,1,1,18873,368,1,50,50,1,0,191.19801330566406,4.0,4.0,4.0,0.3333333333333333,0.0,0,0,0,11,8,8,0,1.0,0,0.0,0.0,0.0,0.0,0.0,0.0,0.0,0.36363636363636365
stage1a_single_agent_miniscule,1,1,18882,369,1,50,50,1,0,191.4420166015625,4.0,4.0,4.0,0.2222222222222222,0.0,0,0,0,9,5,5,0,1.0,0,0.0,0.0,0.0,0.0,0.0,0.0,0.0,0.4444444444444444
stage1a_single_agent_miniscule,1,1,18933,370,1,50,50,1,0,189.08221435546875,4.0,4.0,4.0,0.4444444444444444,0.0,0,0,0,51,47,47,0,1.0,0,0.0,0.0,0.0,0.0,0.0,0.0,0.0,0.0784313725490196
stage1a_single_agent_miniscule,1,1,18968,371,1,50,50,1,0,189.5400390625,4.0,4.0,4.0,0.3333333333333333,0.0,0,0,0,35,32,32,0,1.0,0,0.0,0.0,0.0,0.0,0.0,0.0,0.0,0.11428571428571428
stage1a_single_agent_miniscule,1,1,18972,372,1,50,50,1,0,191.96200561523438,4.0,4.0,4.0,0.1111111111111111,0.0,0,0,0,4,1,1,0,1.0,0,0.0,0.0,0.0,0.0,0.0,0.0,0.0,1.0
stage1a_single_agent_miniscule,1,1,18982,373,1,50,50,1,0,191.46197509765625,4.0,4.0,4.0,0.3333333333333333,0.0,0,0,0,10,5,5,0,1.0,0,0.0,0.0,0.0,0.0,0.0,0.0,0.0,0.4
stage1a_single_agent_miniscule,1,1,19046,374,1,50,50,1,0,186.8663330078125,4.0,4.0,4.0,0.4444444444444444,0.0,0,0,0,64,54,54,0,1.0,0,0.0,0.0,0.0,0.0,0.0,0.0,0.0,0.0625
stage1a_single_agent_miniscule,1,1,19065,375,1,50,50,1,0,190.4846649169922,4.0,4.0,4.0,0.3333333333333333,0.0,0,0,0,19,16,16,0,1.0,0,0.0,0.0,0.0,0.0,0.0,0.0,0.0,0.21052631578947367
stage1a_single_agent_miniscule,1,1,19079,376,1,50,50,1,0,191.24456787109375,4.0,4.0,4.0,0.3333333333333333,0.0,0,0,0,14,11,11,0,1.0,0,0.0,0.0,0.0,0.0,0.0,0.0,0.0,0.2857142857142857
stage1a_single_agent_miniscule,1,1,19091,377,1,50,50,1,0,190.66485595703125,4.0,4.0,4.0,0.2222222222222222,0.0,0,0,0,12,9,9,0,1.0,0,0.0,0.0,0.0,0.0,0.0,0.0,0.0,0.3333333333333333
stage1a_single_agent_miniscule,1,1,19199,378,1,50,50,1,0,183.902099609375,4.0,4.0,4.0,0.4444444444444444,0.0,0,0,0,108,105,105,0,1.0,0,0.0,0.0,0.0,0.0,0.0,0.0,0.0,0.037037037037037035
stage1a_single_agent_miniscule,1,1,19216,379,1,50,50,1,0,191.73928833007812,4.0,4.0,4.0,0.3333333333333333,0.0,0,0,0,17,14,14,0,1.0,0,0.0,0.0,0.0,0.0,0.0,0.0,0.0,0.23529411764705882
stage1a_single_agent_miniscule,1,1,19220,380,1,50,50,1,0,191.71990966796875,4.0,4.0,4.0,0.1111111111111111,0.0,0,0,0,4,1,1,0,1.0,0,0.0,0.0,0.0,0.0,0.0,0.0,0.0,1.0
stage1a_single_agent_miniscule,1,1,19233,381,1,50,50,1,0,190.94400024414062,4.0,4.0,4.0,0.3333333333333333,0.0,0,0,0,13,10,10,0,1.0,0,0.0,0.0,0.0,0.0,0.0,0.0,0.0,0.3076923076923077
stage1a_single_agent_miniscule,1,1,19299,382,1,50,50,1,0,186.56298828125,4.0,4.0,4.0,0.3333333333333333,0.0,0,0,0,66,1,1,0,1.0,0,0.0,0.0,0.0,0.0,0.0,0.0,0.0,0.06060606060606061
stage1a_single_agent_miniscule,1,1,19322,383,1,50,50,1,0,190.92721557617188,4.0,4.0,4.0,0.3333333333333333,0.0,0,0,0,23,20,20,0,1.0,0,0.0,0.0,0.0,0.0,0.0,0.0,0.0,0.17391304347826086
stage1a_single_agent_miniscule,1,1,19371,384,1,50,50,1,0,188.78152465820312,4.0,4.0,4.0,0.3333333333333333,0.0,0,0,0,49,46,46,0,1.0,0,0.0,0.0,0.0,0.0,0.0,0.0,0.0,0.08163265306122448
stage1a_single_agent_miniscule,1,1,19390,385,1,50,50,1,0,191.19918823242188,4.0,4.0,4.0,0.4444444444444444,0.0,0,0,0,19,16,16,0,1.0,0,0.0,0.0,0.0,0.0,0.0,0.0,0.0,0.21052631578947367
stage1a_single_agent_miniscule,1,1,19408,386,1,50,50,1,0,191.2120819091797,4.0,4.0,4.0,0.3333333333333333,0.0,0,0,0,18,14,14,0,1.0,0,0.0,0.0,0.0,0.0,0.0,0.0,0.0,0.2222222222222222
stage1a_single_agent_miniscule,1,1,19418,387,1,50,50,1,0,191.45001220703125,4.0,4.0,4.0,0.2222222222222222,0.0,0,0,0,10,6,6,0,1.0,0,0.0,0.0,0.0,0.0,0.0,0.0,0.0,0.4
stage1a_single_agent_miniscule,1,1,19427,388,1,50,50,1,0,191.45199584960938,4.0,4.0,4.0,0.3333333333333333,0.0,0,0,0,9,5,5,0,1.0,0,0.0,0.0,0.0,0.0,0.0,0.0,0.0,0.4444444444444444
stage1a_single_agent_miniscule,1,1,19468,389,1,50,50,1,0,189.26705932617188,4.0,4.0,4.0,0.3333333333333333,0.0,0,0,0,41,34,34,0,1.0,0,0.0,0.0,0.0,0.0,0.0,0.0,0.0,0.0975609756097561
stage1a_single_agent_miniscule,1,1,19472,390,1,50,50,1,0,191.4820098876953,4.0,4.0,4.0,0.1111111111111111,0.0,0,0,0,4,1,1,0,1.0,0,0.0,0.0,0.0,0.0,0.0,0.0,0.0,1.0
stage1a_single_agent_miniscule,1,1,19498,391,1,50,50,1,0,190.43666076660156,4.0,4.0,4.0,0.3333333333333333,0.0,0,0,0,26,23,23,0,1.0,0,0.0,0.0,0.0,0.0,0.0,0.0,0.0,0.15384615384615385
stage1a_single_agent_miniscule,1,1,19517,392,1,50,50,1,0,190.39561462402344,4.0,4.0,4.0,0.3333333333333333,0.0,0,0,0,19,15,15,0,1.0,0,0.0,0.0,0.0,0.0,0.0,0.0,0.0,0.21052631578947367
stage1a_single_agent_miniscule,1,1,19559,393,1,50,50,1,0,188.33201599121094,4.0,4.0,4.0,0.3333333333333333,0.0,0,0,0,42,39,39,0,1.0,0,0.0,0.0,0.0,0.0,0.0,0.0,0.0,0.09523809523809523
stage1a_single_agent_miniscule,1,1,19569,394,1,50,50,1,0,191.45999145507812,4.0,4.0,4.0,0.3333333333333333,0.0,0,0,0,10,7,7,0,1.0,0,0.0,0.0,0.0,0.0,0.0,0.0,0.0,0.4
stage1a_single_agent_miniscule,1,1,19689,395,1,50,50,1,0,37.199432373046875,1.0,1.0,1.0,0.4444444444444444,0.0,0,0,3,120,104,104,0,1.0,0,0.0,0.0,0.0,0.0,0.0,0.0,0.0,0.008333333333333333
stage1a_single_agent_miniscule,1,1,19714,396,1,50,50,1,0,189.91909790039062,4.0,4.0,4.0,0.4444444444444444,0.0,0,0,0,25,22,22,0,1.0,0,0.0,0.0,0.0,0.0,0.0,0.0,0.0,0.16
stage1a_single_agent_miniscule,1,1,19727,397,1,50,50,1,0,191.21705627441406,4.0,4.0,4.0,0.3333333333333333,0.0,0,0,0,13,10,10,0,1.0,0,0.0,0.0,0.0,0.0,0.0,0.0,0.0,0.3076923076923077
stage1a_single_agent_miniscule,1,1,19754,398,1,50,50,1,0,190.37530517578125,4.0,4.0,4.0,0.3333333333333333,0.0,0,0,0,27,1,1,0,1.0,0,0.0,0.0,0.0,0.0,0.0,0.0,0.0,0.14814814814814814
stage1a_single_agent_miniscule,1,1,19763,399,1,50,50,1,0,191.48495483398438,4.0,4.0,4.0,0.3333333333333333,0.0,0,0,0,9,6,6,0,1.0,0,0.0,0.0,0.0,0.0,0.0,0.0,0.0,0.4444444444444444
stage1a_single_agent_miniscule,1,1,19767,400,1,50,50,1,0,191.71200561523438,4.0,4.0,4.0,0.1111111111111111,0.0,0,0,0,4,1,1,0,1.0,0,0.0,0.0,0.0,0.0,0.0,0.0,0.0,1.0
stage1a_single_agent_miniscule,1,1,19782,401,1,50,50,1,0,190.7606964111328,4.0,4.0,4.0,0.3333333333333333,0.0,0,0,0,15,12,12,0,1.0,0,0.0,0.0,0.0,0.0,0.0,0.0,0.0,0.26666666666666666
stage1a_single_agent_miniscule,1,1,19793,402,1,50,50,1,0,191.21263122558594,4.0,4.0,4.0,0.3333333333333333,0.0,0,0,0,11,7,7,0,1.0,0,0.0,0.0,0.0,0.0,0.0,0.0,0.0,0.36363636363636365
stage1a_single_agent_miniscule,1,1,19902,403,1,50,50,1,0,183.6028594970703,4.0,4.0,4.0,0.4444444444444444,0.0,0,0,0,109,1,1,0,1.0,0,0.0,0.0,0.0,0.0,0.0,0.0,0.0,0.03669724770642202
stage1a_single_agent_miniscule,1,1,19930,404,1,50,50,1,0,189.90325927734375,4.0,4.0,4.0,0.3333333333333333,0.0,0,0,0,28,19,19,0,1.0,0,0.0,0.0,0.0,0.0,0.0,0.0,0.0,0.14285714285714285
stage1a_single_agent_miniscule,1,1,19953,405,1,50,50,1,0,189.89932250976562,4.0,4.0,4.0,0.3333333333333333,0.0,0,0,0,23,20,20,0,1.0,0,0.0,0.0,0.0,0.0,0.0,0.0,0.0,0.17391304347826086
stage1a_single_agent_miniscule,1,1,20068,406,1,50,50,1,0,184.60716247558594,4.0,4.0,4.0,0.4444444444444444,0.0,0,0,0,115,1,1,0,1.0,0,0.0,0.0,0.0,0.0,0.0,0.0,0.0,0.034782608695652174
stage1a_single_agent_miniscule,1,1,20072,407,1,50,50,1,0,191.96200561523438,4.0,4.0,4.0,0.1111111111111111,0.0,0,0,0,4,1,1,0,1.0,0,0.0,0.0,0.0,0.0,0.0,0.0,0.0,1.0
stage1a_single_agent_miniscule,1,1,20086,408,1,50,50,1,0,190.91201782226562,4.0,4.0,4.0,0.3333333333333333,0.0,0,0,0,14,11,11,0,1.0,0,0.0,0.0,0.0,0.0,0.0,0.0,0.0,0.2857142857142857
stage1a_single_agent_miniscule,1,1,20090,409,1,50,50,1,0,191.48043823242188,4.0,4.0,4.0,0.1111111111111111,0.0,0,0,0,4,1,1,0,1.0,0,0.0,0.0,0.0,0.0,0.0,0.0,0.0,1.0
stage1a_single_agent_miniscule,1,1,20108,410,1,50,50,1,0,190.9358673095703,4.0,4.0,4.0,0.3333333333333333,0.0,0,0,0,18,5,5,0,1.0,0,0.0,0.0,0.0,0.0,0.0,0.0,0.0,0.2222222222222222
stage1a_single_agent_miniscule,1,1,20139,411,1,50,50,1,0,190.03799438476562,4.0,4.0,4.0,0.3333333333333333,0.0,0,0,0,31,28,28,0,1.0,0,0.0,0.0,0.0,0.0,0.0,0.0,0.0,0.12903225806451613
stage1a_single_agent_miniscule,1,1,20184,412,1,50,50,1,0,189.33444213867188,4.0,4.0,4.0,0.4444444444444444,0.0,0,0,0,45,42,42,0,1.0,0,0.0,0.0,0.0,0.0,0.0,0.0,0.0,0.08888888888888889
stage1a_single_agent_miniscule,1,1,20203,413,1,50,50,1,0,190.6624298095703,4.0,4.0,4.0,0.3333333333333333,0.0,0,0,0,19,15,15,0,1.0,0,0.0,0.0,0.0,0.0,0.0,0.0,0.0,0.21052631578947367
stage1a_single_agent_miniscule,1,1,20245,414,1,50,50,1,0,189.145751953125,4.0,4.0,4.0,0.4444444444444444,0.0,0,0,0,42,17,17,0,1.0,0,0.0,0.0,0.0,0.0,0.0,0.0,0.0,0.09523809523809523
stage1a_single_agent_miniscule,1,1,20260,415,1,50,50,1,0,191.49754333496094,4.0,4.0,4.0,0.4444444444444444,0.0,0,0,0,15,12,12,0,1.0,0,0.0,0.0,0.0,0.0,0.0,0.0,0.0,0.26666666666666666
stage1a_single_agent_miniscule,1,1,20274,416,1,50,50,1,0,190.70449829101562,4.0,4.0,4.0,0.3333333333333333,0.0,0,0,0,14,11,11,0,1.0,0,0.0,0.0,0.0,0.0,0.0,0.0,0.0,0.2857142857142857
stage1a_single_agent_miniscule,1,1,20326,417,1,50,50,1,0,187.94430541992188,4.0,4.0,4.0,0.3333333333333333,0.0,0,0,0,52,46,46,0,1.0,0,0.0,0.0,0.0,0.0,0.0,0.0,0.0,0.07692307692307693
stage1a_single_agent_miniscule,1,1,20346,418,1,50,50,1,0,190.41000366210938,4.0,4.0,4.0,0.3333333333333333,0.0,0,0,0,20,17,17,0,1.0,0,0.0,0.0,0.0,0.0,0.0,0.0,0.0,0.2
stage1a_single_agent_miniscule,1,1,20372,419,1,50,50,1,0,190.35772705078125,4.0,4.0,4.0,0.3333333333333333,0.0,0,0,0,26,22,22,0,1.0,0,0.0,0.0,0.0,0.0,0.0,0.0,0.0,0.15384615384615385
stage1a_single_agent_miniscule,1,1,20376,420,1,50,50,1,0,191.46127319335938,4.0,4.0,4.0,0.1111111111111111,0.0,0,0,0,4,1,1,0,1.0,0,0.0,0.0,0.0,0.0,0.0,0.0,0.0,1.0
stage1a_single_agent_miniscule,1,1,20401,421,1,50,50,1,0,190.42129516601562,4.0,4.0,4.0,0.4444444444444444,0.0,0,0,0,25,11,11,0,1.0,0,0.0,0.0,0.0,0.0,0.0,0.0,0.0,0.16
stage1a_single_agent_miniscule,1,1,20405,422,1,50,50,1,0,191.77102661132812,4.0,4.0,4.0,0.1111111111111111,0.0,0,0,0,4,1,1,0,1.0,0,0.0,0.0,0.0,0.0,0.0,0.0,0.0,1.0
stage1a_single_agent_miniscule,1,1,20442,423,1,50,50,1,0,189.41195678710938,4.0,4.0,4.0,0.4444444444444444,0.0,0,0,0,37,34,34,0,1.0,0,0.0,0.0,0.0,0.0,0.0,0.0,0.0,0.10810810810810811
stage1a_single_agent_miniscule,1,1,20455,424,1,50,50,1,0,190.9340057373047,4.0,4.0,4.0,0.3333333333333333,0.0,0,0,0,13,9,9,0,1.0,0,0.0,0.0,0.0,0.0,0.0,0.0,0.0,0.3076923076923077
stage1a_single_agent_miniscule,1,1,20475,425,1,50,50,1,0,190.64236450195312,4.0,4.0,4.0,0.3333333333333333,0.0,0,0,0,20,17,17,0,1.0,0,0.0,0.0,0.0,0.0,0.0,0.0,0.0,0.2
stage1a_single_agent_miniscule,1,1,20499,426,1,50,50,1,0,190.67886352539062,4.0,4.0,4.0,0.4444444444444444,0.0,0,0,0,24,1,1,0,1.0,0,0.0,0.0,0.0,0.0,0.0,0.0,0.0,0.16666666666666666
stage1a_single_agent_miniscule,1,1,20536,427,1,50,50,1,0,189.97671508789062,4.0,4.0,4.0,0.4444444444444444,0.0,0,0,0,37,15,15,0,1.0,0,0.0,0.0,0.0,0.0,0.0,0.0,0.0,0.10810810810810811
stage1a_single_agent_miniscule,1,1,20593,428,1,50,50,1,0,188.39291381835938,4.0,4.0,4.0,0.4444444444444444,0.0,0,0,0,57,54,54,0,1.0,0,0.0,0.0,0.0,0.0,0.0,0.0,0.0,0.07017543859649122
stage1a_single_agent_miniscule,1,1,20608,429,1,50,50,1,0,191.022705078125,4.0,4.0,4.0,0.3333333333333333,0.0,0,0,0,15,12,12,0,1.0,0,0.0,0.0,0.0,0.0,0.0,0.0,0.0,0.26666666666666666
stage1a_single_agent_miniscule,1,1,20612,430,1,50,50,1,0,191.4715576171875,4.0,4.0,4.0,0.1111111111111111,0.0,0,0,0,4,1,1,0,1.0,0,0.0,0.0,0.0,0.0,0.0,0.0,0.0,1.0
stage1a_single_agent_miniscule,1,1,20630,431,1,50,50,1,0,190.9091033935547,4.0,4.0,4.0,0.3333333333333333,0.0,0,0,0,18,15,15,0,1.0,0,0.0,0.0,0.0,0.0,0.0,0.0,0.0,0.2222222222222222
stage1a_single_agent_miniscule,1,1,20663,432,1,50,50,1,0,190.90745544433594,4.0,4.0,4.0,0.3333333333333333,0.0,0,0,0,33,10,10,0,1.0,0,0.0,0.0,0.0,0.0,0.0,0.0,0.0,0.12121212121212122
stage1a_single_agent_miniscule,1,1,20673,433,1,50,50,1,0,191.45999145507812,4.0,4.0,4.0,0.3333333333333333,0.0,0,0,0,10,6,6,0,1.0,0,0.0,0.0,0.0,0.0,0.0,0.0,0.0,0.4
stage1a_single_agent_miniscule,1,2,20856,434,1,50,50,1,0,-2.914616584777832,0.0,0.0,0.0,0.4444444444444444,0.0,0,0,4,120,-1,-1,-1,0.0,0,0.0,0.0,0.0,0.0,0.0,0.0,0.0,0.0
stage1a_single_agent_miniscule,1,2,20935,435,1,50,50,1,0,190.24032592773438,4.0,4.0,4.0,0.4444444444444444,0.0,0,0,0,79,76,76,0,1.0,0,0.0,0.0,0.0,0.0,0.0,0.0,0.0,0.05063291139240506
stage1a_single_agent_miniscule,1,2,21055,436,1,50,50,1,0,140.11106872558594,3.0,3.0,3.0,0.4444444444444444,0.0,0,0,1,120,85,85,0,1.0,0,0.0,0.0,0.0,0.0,0.0,0.0,0.0,0.025
stage1a_single_agent_miniscule,1,2,21104,437,1,50,50,1,0,191.26272583007812,4.0,4.0,4.0,0.3333333333333333,0.0,0,0,0,49,39,39,0,1.0,0,0.0,0.0,0.0,0.0,0.0,0.0,0.0,0.08163265306122448
stage1a_single_agent_miniscule,1,2,21177,438,1,50,50,1,0,190.29437255859375,4.0,4.0,4.0,0.3333333333333333,0.0,0,0,0,73,70,70,0,1.0,0,0.0,0.0,0.0,0.0,0.0,0.0,0.0,0.0547945205479452
stage1a_single_agent_miniscule,1,2,21236,439,1,50,50,1,0,190.634765625,4.0,4.0,4.0,0.3333333333333333,0.0,0,0,0,59,56,56,0,1.0,0,0.0,0.0,0.0,0.0,0.0,0.0,0.0,0.06779661016949153
stage1a_single_agent_miniscule,1,2,21356,440,1,50,50,1,0,-4.179041862487793,0.0,0.0,0.0,0.3333333333333333,0.0,0,0,4,120,-1,-1,-1,0.0,0,0.0,0.0,0.0,0.0,0.0,0.0,0.0,0.0
stage1a_single_agent_miniscule,1,2,21472,441,1,50,50,1,0,189.29324340820312,4.0,4.0,4.0,0.4444444444444444,0.0,0,0,0,116,113,113,0,1.0,0,0.0,0.0,0.0,0.0,0.0,0.0,0.0,0.034482758620689655
stage1a_single_agent_miniscule,1,2,21592,442,1,50,50,1,0,-4.551281452178955,0.0,0.0,0.0,0.3333333333333333,0.0,0,0,4,120,-1,-1,-1,0.0,0,0.0,0.0,0.0,0.0,0.0,0.0,0.0,0.0
stage1a_single_agent_miniscule,1,2,21712,443,1,50,50,1,0,-2.469219446182251,0.0,0.0,0.0,0.3333333333333333,0.0,0,0,4,120,-1,-1,-1,0.0,0,0.0,0.0,0.0,0.0,0.0,0.0,0.0,0.0
stage1a_single_agent_miniscule,1,2,21832,444,1,50,50,1,0,-2.3482606410980225,0.0,0.0,0.0,0.4444444444444444,0.0,0,0,4,120,-1,-1,-1,0.0,0,0.0,0.0,0.0,0.0,0.0,0.0,0.0,0.0
stage1a_single_agent_miniscule,1,2,21952,445,1,50,50,1,0,140.9495849609375,3.0,3.0,3.0,0.3333333333333333,0.0,0,0,1,120,101,101,0,1.0,0,0.0,0.0,0.0,0.0,0.0,0.0,0.0,0.025
stage1a_single_agent_miniscule,1,2,22072,446,1,50,50,1,0,-2.7555508613586426,0.0,0.0,0.0,0.4444444444444444,0.0,0,0,4,120,-1,-1,-1,0.0,0,0.0,0.0,0.0,0.0,0.0,0.0,0.0,0.0
stage1a_single_agent_miniscule,1,2,22192,447,1,50,50,1,0,-3.236006736755371,0.0,0.0,0.0,0.4444444444444444,0.0,0,0,4,120,-1,-1,-1,0.0,0,0.0,0.0,0.0,0.0,0.0,0.0,0.0,0.0
stage1a_single_agent_miniscule,1,2,22220,448,1,50,50,1,0,191.05508422851562,4.0,4.0,4.0,0.3333333333333333,0.0,0,0,0,28,25,25,0,1.0,0,0.0,0.0,0.0,0.0,0.0,0.0,0.0,0.14285714285714285
stage1a_single_agent_miniscule,1,2,22340,449,1,50,50,1,0,-3.641214370727539,0.0,0.0,0.0,0.3333333333333333,0.0,0,0,4,120,-1,-1,-1,0.0,0,0.0,0.0,0.0,0.0,0.0,0.0,0.0,0.0
stage1a_single_agent_miniscule,1,2,22358,450,1,50,50,1,0,191.343994140625,4.0,4.0,4.0,0.3333333333333333,0.0,0,0,0,18,15,15,0,1.0,0,0.0,0.0,0.0,0.0,0.0,0.0,0.0,0.2222222222222222
stage1a_single_agent_miniscule,1,2,22478,451,1,50,50,1,0,-2.6756796836853027,0.0,0.0,0.0,0.3333333333333333,0.0,0,0,4,120,-1,-1,-1,0.0,0,0.0,0.0,0.0,0.0,0.0,0.0,0.0,0.0
stage1a_single_agent_miniscule,1,2,22590,452,1,50,50,1,0,189.61624145507812,4.0,4.0,4.0,0.3333333333333333,0.0,0,0,0,112,109,109,0,1.0,0,0.0,0.0,0.0,0.0,0.0,0.0,0.0,0.03571428571428571
stage1a_single_agent_miniscule,1,2,22710,453,1,50,50,1,0,-3.1362123489379883,0.0,0.0,0.0,0.4444444444444444,0.0,0,0,4,120,-1,-1,-1,0.0,0,0.0,0.0,0.0,0.0,0.0,0.0,0.0,0.0
stage1a_single_agent_miniscule,1,2,22759,454,1,50,50,1,0,189.99200439453125,4.0,4.0,4.0,0.3333333333333333,0.0,0,0,0,49,46,46,0,1.0,0,0.0,0.0,0.0,0.0,0.0,0.0,0.0,0.08163265306122448
stage1a_single_agent_miniscule,1,2,22879,455,1,50,50,1,0,-2.6281650066375732,0.0,0.0,0.0,0.4444444444444444,0.0,0,0,4,120,-1,-1,-1,0.0,0,0.0,0.0,0.0,0.0,0.0,0.0,0.0,0.0
stage1a_single_agent_miniscule,1,2,22999,456,1,50,50,1,0,140.0271759033203,3.0,3.0,3.0,0.4444444444444444,0.0,0,0,1,120,24,24,0,1.0,0,0.0,0.0,0.0,0.0,0.0,0.0,0.0,0.025
stage1a_single_agent_miniscule,1,2,23117,457,1,50,50,1,0,188.59194946289062,4.0,4.0,4.0,0.4444444444444444,0.0,0,0,0,118,115,115,0,1.0,0,0.0,0.0,0.0,0.0,0.0,0.0,0.0,0.03389830508474576
stage1a_single_agent_miniscule,1,2,23237,458,1,50,50,1,0,-2.7117486000061035,0.0,0.0,0.0,0.4444444444444444,0.0,0,0,4,120,-1,-1,-1,0.0,0,0.0,0.0,0.0,0.0,0.0,0.0,0.0,0.0
stage1a_single_agent_miniscule,1,2,23357,459,1,50,50,1,0,45.59065246582031,1.0,1.0,1.0,0.4444444444444444,0.0,0,0,3,120,91,91,0,1.0,0,0.0,0.0,0.0,0.0,0.0,0.0,0.0,0.008333333333333333
stage1a_single_agent_miniscule,1,2,23477,460,1,50,50,1,0,-3.94944429397583,0.0,0.0,0.0,0.4444444444444444,0.0,0,0,4,120,-1,-1,-1,0.0,0,0.0,0.0,0.0,0.0,0.0,0.0,0.0,0.0
stage1a_single_agent_miniscule,1,2,23513,461,1,50,50,1,0,191.12042236328125,4.0,4.0,4.0,0.2222222222222222,0.0,0,0,0,36,33,33,0,1.0,0,0.0,0.0,0.0,0.0,0.0,0.0,0.0,0.1111111111111111
stage1a_single_agent_miniscule,1,2,23633,462,1,50,50,1,0,-4.015833854675293,0.0,0.0,0.0,0.2222222222222222,0.0,0,0,4,120,-1,-1,-1,0.0,0,0.0,0.0,0.0,0.0,0.0,0.0,0.0,0.0
stage1a_single_agent_miniscule,1,2,23656,463,1,50,50,1,0,191.7860107421875,4.0,4.0,4.0,0.3333333333333333,0.0,0,0,0,23,18,18,0,1.0,0,0.0,0.0,0.0,0.0,0.0,0.0,0.0,0.17391304347826086
stage1a_single_agent_miniscule,1,2,23749,464,1,50,50,1,0,189.62420654296875,4.0,4.0,4.0,0.4444444444444444,0.0,0,0,0,93,90,90,0,1.0,0,0.0,0.0,0.0,0.0,0.0,0.0,0.0,0.043010752688172046
stage1a_single_agent_miniscule,1,2,23823,465,1,50,50,1,0,190.2120361328125,4.0,4.0,4.0,0.4444444444444444,0.0,0,0,0,74,51,51,0,1.0,0,0.0,0.0,0.0,0.0,0.0,0.0,0.0,0.05405405405405406
stage1a_single_agent_miniscule,1,2,23917,466,1,50,50,1,0,189.70306396484375,4.0,4.0,4.0,0.4444444444444444,0.0,0,0,0,94,89,89,0,1.0,0,0.0,0.0,0.0,0.0,0.0,0.0,0.0,0.0425531914893617
stage1a_single_agent_miniscule,1,2,23988,467,1,50,50,1,0,188.9903564453125,4.0,4.0,4.0,0.3333333333333333,0.0,0,0,0,71,65,65,0,1.0,0,0.0,0.0,0.0,0.0,0.0,0.0,0.0,0.056338028169014086
stage1a_single_agent_miniscule,1,2,24024,468,1,50,50,1,0,189.8870849609375,4.0,4.0,4.0,0.2222222222222222,0.0,0,0,0,36,26,26,0,1.0,0,0.0,0.0,0.0,0.0,0.0,0.0,0.0,0.1111111111111111
stage1a_single_agent_miniscule,1,2,24114,469,1,50,50,1,0,190.41827392578125,4.0,4.0,4.0,0.4444444444444444,0.0,0,0,0,90,84,84,0,1.0,0,0.0,0.0,0.0,0.0,0.0,0.0,0.0,0.044444444444444446
stage1a_single_agent_miniscule,1,2,24211,470,1,50,50,1,0,189.42318725585938,4.0,4.0,4.0,0.4444444444444444,0.0,0,0,0,97,94,94,0,1.0,0,0.0,0.0,0.0,0.0,0.0,0.0,0.0,0.041237113402061855
stage1a_single_agent_miniscule,1,2,24331,471,1,50,50,1,0,-1.2124313116073608,0.0,0.0,0.0,0.3333333333333333,0.0,0,0,4,120,-1,-1,-1,0.0,0,0.0,0.0,0.0,0.0,0.0,0.0,0.0,0.0
stage1a_single_agent_miniscule,1,2,24451,472,1,50,50,1,0,-3.6865720748901367,0.0,0.0,0.0,0.3333333333333333,0.0,0,0,4,120,-1,-1,-1,0.0,0,0.0,0.0,0.0,0.0,0.0,0.0,0.0,0.0
stage1a_single_agent_miniscule,1,2,24571,473,1,50,50,1,0,-2.1132845878601074,0.0,0.0,0.0,0.4444444444444444,0.0,0,0,4,120,-1,-1,-1,0.0,0,0.0,0.0,0.0,0.0,0.0,0.0,0.0,0.0
stage1a_single_agent_miniscule,1,2,24691,474,1,50,50,1,0,140.19873046875,3.0,3.0,3.0,0.4444444444444444,0.0,0,0,1,120,105,105,0,1.0,0,0.0,0.0,0.0,0.0,0.0,0.0,0.0,0.025
stage1a_single_agent_miniscule,1,2,24811,475,1,50,50,1,0,140.3838348388672,3.0,3.0,3.0,0.4444444444444444,0.0,0,0,1,120,27,27,0,1.0,0,0.0,0.0,0.0,0.0,0.0,0.0,0.0,0.025
stage1a_single_agent_miniscule,1,2,24878,476,1,50,50,1,0,189.36764526367188,4.0,4.0,4.0,0.3333333333333333,0.0,0,0,0,67,64,64,0,1.0,0,0.0,0.0,0.0,0.0,0.0,0.0,0.0,0.05970149253731343
stage1a_single_agent_miniscule,1,2,24882,477,1,50,50,1,0,191.96200561523438,4.0,4.0,4.0,0.1111111111111111,0.0,0,0,0,4,1,1,0,1.0,0,0.0,0.0,0.0,0.0,0.0,0.0,0.0,1.0
stage1a_single_agent_miniscule,1,2,24901,478,1,50,50,1,0,190.82199096679688,4.0,4.0,4.0,0.3333333333333333,0.0,0,0,0,19,16,16,0,1.0,0,0.0,0.0,0.0,0.0,0.0,0.0,0.0,0.21052631578947367
stage1a_single_agent_miniscule,1,2,25021,479,1,50,50,1,0,-2.631706476211548,0.0,0.0,0.0,0.3333333333333333,0.0,0,0,4,120,-1,-1,-1,0.0,0,0.0,0.0,0.0,0.0,0.0,0.0,0.0,0.0
stage1a_single_agent_miniscule,1,2,25025,480,1,50,50,1,0,191.71029663085938,4.0,4.0,4.0,0.1111111111111111,0.0,0,0,0,4,1,1,0,1.0,0,0.0,0.0,0.0,0.0,0.0,0.0,0.0,1.0
stage1a_single_agent_miniscule,1,2,25145,481,1,50,50,1,0,44.378971099853516,1.0,1.0,1.0,0.4444444444444444,0.0,0,0,3,120,72,72,0,1.0,0,0.0,0.0,0.0,0.0,0.0,0.0,0.0,0.008333333333333333
stage1a_single_agent_miniscule,1,2,25212,482,1,50,50,1,0,190.15484619140625,4.0,4.0,4.0,0.4444444444444444,0.0,0,0,0,67,64,64,0,1.0,0,0.0,0.0,0.0,0.0,0.0,0.0,0.0,0.05970149253731343
stage1a_single_agent_miniscule,1,2,25319,483,1,50,50,1,0,188.93069458007812,4.0,4.0,4.0,0.4444444444444444,0.0,0,0,0,107,104,104,0,1.0,0,0.0,0.0,0.0,0.0,0.0,0.0,0.0,0.037383177570093455
stage1a_single_agent_miniscule,1,2,25323,484,1,50,50,1,0,191.71200561523438,4.0,4.0,4.0,0.1111111111111111,0.0,0,0,0,4,1,1,0,1.0,0,0.0,0.0,0.0,0.0,0.0,0.0,0.0,1.0
stage1a_single_agent_miniscule,1,2,25433,485,1,50,50,1,0,188.96075439453125,4.0,4.0,4.0,0.4444444444444444,0.0,0,0,0,110,107,107,0,1.0,0,0.0,0.0,0.0,0.0,0.0,0.0,0.0,0.03636363636363636
stage1a_single_agent_miniscule,1,2,25486,486,1,50,50,1,0,189.66424560546875,4.0,4.0,4.0,0.3333333333333333,0.0,0,0,0,53,8,8,0,1.0,0,0.0,0.0,0.0,0.0,0.0,0.0,0.0,0.07547169811320754
stage1a_single_agent_miniscule,1,2,25549,487,1,50,50,1,0,190.6572265625,4.0,4.0,4.0,0.3333333333333333,0.0,0,0,0,63,60,60,0,1.0,0,0.0,0.0,0.0,0.0,0.0,0.0,0.0,0.06349206349206349
stage1a_single_agent_miniscule,1,2,25669,488,1,50,50,1,0,140.74465942382812,3.0,3.0,3.0,0.4444444444444444,0.0,0,0,1,120,1,1,0,1.0,0,0.0,0.0,0.0,0.0,0.0,0.0,0.0,0.025
stage1a_single_agent_miniscule,1,2,25789,489,1,50,50,1,0,-3.906639814376831,0.0,0.0,0.0,0.3333333333333333,0.0,0,0,4,120,-1,-1,-1,0.0,0,0.0,0.0,0.0,0.0,0.0,0.0,0.0,0.0
stage1a_single_agent_miniscule,1,2,25842,490,1,50,50,1,0,188.82025146484375,4.0,4.0,4.0,0.4444444444444444,0.0,0,0,0,53,42,42,0,1.0,0,0.0,0.0,0.0,0.0,0.0,0.0,0.0,0.07547169811320754
stage1a_single_agent_miniscule,1,2,25962,491,1,50,50,1,0,-4.011102676391602,0.0,0.0,0.0,0.3333333333333333,0.0,0,0,4,120,-1,-1,-1,0.0,0,0.0,0.0,0.0,0.0,0.0,0.0,0.0,0.0
stage1a_single_agent_miniscule,1,2,26082,492,1,50,50,1,0,93.90567016601562,2.0,2.0,2.0,0.4444444444444444,0.0,0,0,2,120,71,71,0,1.0,0,0.0,0.0,0.0,0.0,0.0,0.0,0.0,0.016666666666666666
stage1a_single_agent_miniscule,1,2,26202,493,1,50,50,1,0,-1.883415937423706,0.0,0.0,0.0,0.3333333333333333,0.0,0,0,4,120,-1,-1,-1,0.0,0,0.0,0.0,0.0,0.0,0.0,0.0,0.0,0.0
stage1a_single_agent_miniscule,1,2,26322,494,1,50,50,1,0,-3.6201019287109375,0.0,0.0,0.0,0.4444444444444444,0.0,0,0,4,120,-1,-1,-1,0.0,0,0.0,0.0,0.0,0.0,0.0,0.0,0.0,0.0
stage1a_single_agent_miniscule,1,2,26395,495,1,50,50,1,0,190.02383422851562,4.0,4.0,4.0,0.4444444444444444,0.0,0,0,0,73,70,70,0,1.0,0,0.0,0.0,0.0,0.0,0.0,0.0,0.0,0.0547945205479452
stage1a_single_agent_miniscule,1,2,26515,496,1,50,50,1,0,-3.7184150218963623,0.0,0.0,0.0,0.3333333333333333,0.0,0,0,4,120,-1,-1,-1,0.0,0,0.0,0.0,0.0,0.0,0.0,0.0,0.0,0.0
stage1a_single_agent_miniscule,1,2,26560,497,1,50,50,1,0,190.690185546875,4.0,4.0,4.0,0.3333333333333333,0.0,0,0,0,45,42,42,0,1.0,0,0.0,0.0,0.0,0.0,0.0,0.0,0.0,0.08888888888888889
stage1a_single_agent_miniscule,1,2,26680,498,1,50,50,1,0,140.1405792236328,3.0,3.0,3.0,0.4444444444444444,0.0,0,0,1,120,48,48,0,1.0,0,0.0,0.0,0.0,0.0,0.0,0.0,0.0,0.025
stage1a_single_agent_miniscule,1,2,26709,499,1,50,50,1,0,190.46200561523438,4.0,4.0,4.0,0.3333333333333333,0.0,0,0,0,29,26,26,0,1.0,0,0.0,0.0,0.0,0.0,0.0,0.0,0.0,0.13793103448275862
stage1a_single_agent_miniscule,1,2,26716,500,1,50,50,1,0,191.67254638671875,4.0,4.0,4.0,0.1111111111111111,0.0,0,0,0,7,1,1,0,1.0,0,0.0,0.0,0.0,0.0,0.0,0.0,0.0,0.5714285714285714
stage1a_single_agent_miniscule,1,2,26739,501,1,50,50,1,0,190.54568481445312,4.0,4.0,4.0,0.3333333333333333,0.0,0,0,0,23,20,20,0,1.0,0,0.0,0.0,0.0,0.0,0.0,0.0,0.0,0.17391304347826086
stage1a_single_agent_miniscule,1,2,26859,502,1,50,50,1,0,-3.9359309673309326,0.0,0.0,0.0,0.4444444444444444,0.0,0,0,4,120,-1,-1,-1,0.0,0,0.0,0.0,0.0,0.0,0.0,0.0,0.0,0.0
stage1a_single_agent_miniscule,1,2,26979,503,1,50,50,1,0,-2.2226057052612305,0.0,0.0,0.0,0.4444444444444444,0.0,0,0,4,120,-1,-1,-1,0.0,0,0.0,0.0,0.0,0.0,0.0,0.0,0.0,0.0
stage1a_single_agent_miniscule,1,2,26999,504,1,50,50,1,0,191.30999755859375,4.0,4.0,4.0,0.2222222222222222,0.0,0,0,0,20,17,17,0,1.0,0,0.0,0.0,0.0,0.0,0.0,0.0,0.0,0.2
stage1a_single_agent_miniscule,1,2,27014,505,1,50,50,1,0,191.10833740234375,4.0,4.0,4.0,0.2222222222222222,0.0,0,0,0,15,12,12,0,1.0,0,0.0,0.0,0.0,0.0,0.0,0.0,0.0,0.26666666666666666
stage1a_single_agent_miniscule,1,2,27110,506,1,50,50,1,0,188.29266357421875,4.0,4.0,4.0,0.4444444444444444,0.0,0,0,0,96,92,92,0,1.0,0,0.0,0.010416666666666666,0.0,-0.04,0.0,0.0,0.0,0.041666666666666664
stage1a_single_agent_miniscule,1,2,27114,507,1,50,50,1,0,191.71966552734375,4.0,4.0,4.0,0.1111111111111111,0.0,0,0,0,4,1,1,0,1.0,0,0.0,0.0,0.0,0.0,0.0,0.0,0.0,1.0
stage1a_single_agent_miniscule,1,2,27131,508,1,50,50,1,0,190.60598754882812,4.0,4.0,4.0,0.3333333333333333,0.0,0,0,0,17,14,14,0,1.0,0,0.0,0.0,0.0,0.0,0.0,0.0,0.0,0.23529411764705882
stage1a_single_agent_miniscule,1,2,27135,509,1,50,50,1,0,191.46200561523438,4.0,4.0,4.0,0.1111111111111111,0.0,0,0,0,4,1,1,0,1.0,0,0.0,0.0,0.0,0.0,0.0,0.0,0.0,1.0
stage1a_single_agent_miniscule,1,2,27255,510,1,50,50,1,0,-3.1172797679901123,0.0,0.0,0.0,0.2222222222222222,0.0,0,0,4,120,-1,-1,-1,0.0,0,0.0,0.0,0.0,0.0,0.0,0.0,0.0,0.0
stage1a_single_agent_miniscule,1,2,27375,511,1,50,50,1,0,92.8697738647461,2.0,2.0,2.0,0.4444444444444444,0.0,0,0,2,120,107,107,0,1.0,0,0.0,0.0,0.0,0.0,0.0,0.0,0.0,0.016666666666666666
stage1a_single_agent_miniscule,1,2,27400,512,1,50,50,1,0,190.510009765625,4.0,4.0,4.0,0.3333333333333333,0.0,0,0,0,25,22,22,0,1.0,0,0.0,0.0,0.0,0.0,0.0,0.0,0.0,0.16
stage1a_single_agent_miniscule,1,2,27404,513,1,50,50,1,0,191.71200561523438,4.0,4.0,4.0,0.1111111111111111,0.0,0,0,0,4,1,1,0,1.0,0,0.0,0.0,0.0,0.0,0.0,0.0,0.0,1.0
stage1a_single_agent_miniscule,1,2,27438,514,1,50,50,1,0,190.97161865234375,4.0,4.0,4.0,0.3333333333333333,0.0,0,0,0,34,31,31,0,1.0,0,0.0,0.0,0.0,0.0,0.0,0.0,0.0,0.11764705882352941
stage1a_single_agent_miniscule,1,2,27546,515,1,50,50,1,0,187.67031860351562,4.0,4.0,4.0,0.3333333333333333,0.0,0,0,0,108,103,103,0,1.0,0,0.0,0.0,0.0,0.0,0.0,0.0,0.0,0.037037037037037035
stage1a_single_agent_miniscule,1,2,27592,516,1,50,50,1,0,189.5948944091797,4.0,4.0,4.0,0.3333333333333333,0.0,0,0,0,46,43,43,0,1.0,0,0.0,0.0,0.0,0.0,0.0,0.0,0.0,0.08695652173913043
stage1a_single_agent_miniscule,1,2,27712,517,1,50,50,1,0,-4.139133453369141,0.0,0.0,0.0,0.3333333333333333,0.0,0,0,4,120,-1,-1,-1,0.0,0,0.0,0.0,0.0,0.0,0.0,0.0,0.0,0.0
stage1a_single_agent_miniscule,1,2,27759,518,1,50,50,1,0,190.0484619140625,4.0,4.0,4.0,0.3333333333333333,0.0,0,0,0,47,43,43,0,1.0,0,0.0,0.0,0.0,0.0,0.0,0.0,0.0,0.0851063829787234
stage1a_single_agent_miniscule,1,2,27878,519,1,50,50,1,0,187.07424926757812,4.0,4.0,4.0,0.4444444444444444,0.0,0,0,0,119,113,113,0,1.0,0,0.0,0.0,0.0,0.0,0.0,0.0,0.0,0.03361344537815126
stage1a_single_agent_miniscule,1,2,27916,520,1,50,50,1,0,190.15631103515625,4.0,4.0,4.0,0.3333333333333333,0.0,0,0,0,38,35,35,0,1.0,0,0.0,0.0,0.0,0.0,0.0,0.0,0.0,0.10526315789473684
stage1a_single_agent_miniscule,1,2,27941,521,1,50,50,1,0,190.760009765625,4.0,4.0,4.0,0.3333333333333333,0.0,0,0,0,25,22,22,0,1.0,0,0.0,0.0,0.0,0.0,0.0,0.0,0.0,0.16
stage1a_single_agent_miniscule,1,2,27978,522,1,50,50,1,0,190.4140625,4.0,4.0,4.0,0.3333333333333333,0.0,0,0,0,37,34,34,0,1.0,0,0.0,0.0,0.0,0.0,0.0,0.0,0.0,0.10810810810810811
stage1a_single_agent_miniscule,1,2,28098,523,1,50,50,1,0,140.52862548828125,3.0,3.0,3.0,0.4444444444444444,0.0,0,0,1,120,105,105,0,1.0,0,0.0,0.0,0.0,0.0,0.0,0.0,0.0,0.025
stage1a_single_agent_miniscule,1,2,28218,524,1,50,50,1,0,-4.3507208824157715,0.0,0.0,0.0,0.4444444444444444,0.0,0,0,4,120,-1,-1,-1,0.0,0,0.0,0.0,0.0,0.0,0.0,0.0,0.0,0.0
stage1a_single_agent_miniscule,1,2,28332,525,1,50,50,1,0,187.84266662597656,4.0,4.0,4.0,0.3333333333333333,0.0,0,0,0,114,111,111,0,1.0,0,0.0,0.0,0.0,0.0,0.0,0.0,0.0,0.03508771929824561
stage1a_single_agent_miniscule,1,2,28447,526,1,50,50,1,0,188.14584350585938,4.0,4.0,4.0,0.3333333333333333,0.0,0,0,0,115,112,112,0,1.0,0,0.0,0.0,0.0,0.0,0.0,0.0,0.0,0.034782608695652174
stage1a_single_agent_miniscule,1,2,28529,527,1,50,50,1,0,187.46884155273438,4.0,4.0,4.0,0.4444444444444444,0.0,0,0,0,82,79,79,0,1.0,0,0.0,0.0,0.0,0.0,0.0,0.0,0.0,0.04878048780487805
stage1a_single_agent_miniscule,1,2,28533,528,1,50,50,1,0,191.46200561523438,4.0,4.0,4.0,0.1111111111111111,0.0,0,0,0,4,1,1,0,1.0,0,0.0,0.0,0.0,0.0,0.0,0.0,0.0,1.0
stage1a_single_agent_miniscule,1,2,28572,529,1,50,50,1,0,189.68075561523438,4.0,4.0,4.0,0.3333333333333333,0.0,0,0,0,39,36,36,0,1.0,0,0.0,0.0,0.0,0.0,0.0,0.0,0.0,0.10256410256410256
stage1a_single_agent_miniscule,1,2,28596,530,1,50,50,1,0,191.25323486328125,4.0,4.0,4.0,0.2222222222222222,0.0,0,0,0,24,19,19,0,1.0,0,0.0,0.0,0.0,0.0,0.0,0.0,0.0,0.16666666666666666
stage1a_single_agent_miniscule,1,2,28615,531,1,50,50,1,0,191.34310913085938,4.0,4.0,4.0,0.3333333333333333,0.0,0,0,0,19,16,16,0,1.0,0,0.0,0.0,0.0,0.0,0.0,0.0,0.0,0.21052631578947367
stage1a_single_agent_miniscule,1,2,28657,532,1,50,50,1,0,190.81695556640625,4.0,4.0,4.0,0.2222222222222222,0.0,0,0,0,42,37,37,0,1.0,0,0.0,0.0,0.0,0.0,0.0,0.0,0.0,0.09523809523809523
stage1a_single_agent_miniscule,1,2,28687,533,1,50,50,1,0,190.00140380859375,4.0,4.0,4.0,0.3333333333333333,0.0,0,0,0,30,27,27,0,1.0,0,0.0,0.0,0.0,0.0,0.0,0.0,0.0,0.13333333333333333
stage1a_single_agent_miniscule,1,2,28807,534,1,50,50,1,0,-3.6755340099334717,0.0,0.0,0.0,0.4444444444444444,0.0,0,0,4,120,-1,-1,-1,0.0,0,0.0,0.0,0.0,0.0,0.0,0.0,0.0,0.0
stage1a_single_agent_miniscule,1,2,28890,535,1,50,50,1,0,188.15579223632812,4.0,4.0,4.0,0.3333333333333333,0.0,0,0,0,83,69,69,0,1.0,0,0.0,0.0,0.0,0.0,0.0,0.0,0.0,0.04819277108433735
stage1a_single_agent_miniscule,1,2,29010,536,1,50,50,1,0,92.28046417236328,2.0,2.0,2.0,0.4444444444444444,0.0,0,0,2,120,84,84,0,1.0,0,0.0,0.0,0.0,0.0,0.0,0.0,0.0,0.016666666666666666
stage1a_single_agent_miniscule,1,2,29130,537,1,50,50,1,0,-2.980769634246826,0.0,0.0,0.0,0.4444444444444444,0.0,0,0,4,120,-1,-1,-1,0.0,0,0.0,0.0,0.0,0.0,0.0,0.0,0.0,0.0
stage1a_single_agent_miniscule,1,2,29164,538,1,50,50,1,0,190.67715454101562,4.0,4.0,4.0,0.3333333333333333,0.0,0,0,0,34,31,31,0,1.0,0,0.0,0.0,0.0,0.0,0.0,0.0,0.0,0.11764705882352941
stage1a_single_agent_miniscule,1,2,29190,539,1,50,50,1,0,191.00143432617188,4.0,4.0,4.0,0.2222222222222222,0.0,0,0,0,26,23,23,0,1.0,0,0.0,0.0,0.0,0.0,0.0,0.0,0.0,0.15384615384615385
stage1a_single_agent_miniscule,1,2,29256,540,1,50,50,1,0,189.91903686523438,4.0,4.0,4.0,0.4444444444444444,0.0,0,0,0,66,63,63,0,1.0,0,0.0,0.0,0.0,0.0,0.0,0.0,0.0,0.06060606060606061
stage1a_single_agent_miniscule,1,2,29291,541,1,50,50,1,0,190.93191528320312,4.0,4.0,4.0,0.3333333333333333,0.0,0,0,0,35,32,32,0,1.0,0,0.0,0.0,0.0,0.0,0.0,0.0,0.0,0.11428571428571428
stage1a_single_agent_miniscule,1,2,29353,542,1,50,50,1,0,190.25070190429688,4.0,4.0,4.0,0.3333333333333333,0.0,0,0,0,62,59,59,0,1.0,0,0.0,0.0,0.0,0.0,0.0,0.0,0.0,0.06451612903225806
stage1a_single_agent_miniscule,1,2,29473,543,1,50,50,1,0,-4.921314239501953,0.0,0.0,0.0,0.3333333333333333,0.0,0,0,4,120,-1,-1,-1,0.0,0,0.0,0.0,0.0,0.0,0.0,0.0,0.0,0.0
stage1a_single_agent_miniscule,1,2,29593,544,1,50,50,1,0,-4.087906360626221,0.0,0.0,0.0,0.1111111111111111,0.0,0,0,4,120,-1,-1,-1,0.0,0,0.0,0.0,0.0,0.0,0.0,0.0,0.0,0.0
stage1a_single_agent_miniscule,1,2,29608,545,1,50,50,1,0,190.8687286376953,4.0,4.0,4.0,0.2222222222222222,0.0,0,0,0,15,12,12,0,1.0,0,0.0,0.0,0.0,0.0,0.0,0.0,0.0,0.26666666666666666
stage1a_single_agent_miniscule,1,2,29673,546,1,50,50,1,0,189.623779296875,4.0,4.0,4.0,0.4444444444444444,0.0,0,0,0,65,62,62,0,1.0,0,0.0,0.0,0.0,0.0,0.0,0.0,0.0,0.06153846153846154
stage1a_single_agent_miniscule,1,2,29677,547,1,50,50,1,0,191.96109008789062,4.0,4.0,4.0,0.1111111111111111,0.0,0,0,0,4,1,1,0,1.0,0,0.0,0.0,0.0,0.0,0.0,0.0,0.0,1.0
stage1a_single_agent_miniscule,1,2,29725,548,1,50,50,1,0,188.86453247070312,4.0,4.0,4.0,0.3333333333333333,0.0,0,0,0,48,45,45,0,1.0,0,0.0,0.0,0.0,0.0,0.0,0.0,0.0,0.08333333333333333
stage1a_single_agent_miniscule,1,2,29729,549,1,50,50,1,0,191.96200561523438,4.0,4.0,4.0,0.1111111111111111,0.0,0,0,0,4,1,1,0,1.0,0,0.0,0.0,0.0,0.0,0.0,0.0,0.0,1.0
stage1a_single_agent_miniscule,1,2,29773,550,1,50,50,1,0,189.4219970703125,4.0,4.0,4.0,0.3333333333333333,0.0,0,0,0,44,41,41,0,1.0,0,0.0,0.0,0.0,0.0,0.0,0.0,0.0,0.09090909090909091
stage1a_single_agent_miniscule,1,2,29789,551,1,50,50,1,0,191.08798217773438,4.0,4.0,4.0,0.2222222222222222,0.0,0,0,0,16,9,9,0,1.0,0,0.0,0.0,0.0,0.0,0.0,0.0,0.0,0.25
stage1a_single_agent_miniscule,1,2,29868,552,1,50,50,1,0,188.97589111328125,4.0,4.0,4.0,0.3333333333333333,0.0,0,0,0,79,76,76,0,1.0,0,0.0,0.0,0.0,0.0,0.0,0.0,0.0,0.05063291139240506
stage1a_single_agent_miniscule,1,2,29872,553,1,50,50,1,0,191.9720001220703,4.0,4.0,4.0,0.1111111111111111,0.0,0,0,0,4,1,1,0,1.0,0,0.0,0.0,0.0,0.0,0.0,0.0,0.0,1.0
stage1a_single_agent_miniscule,1,2,29933,554,1,50,50,1,0,190.95010375976562,4.0,4.0,4.0,0.3333333333333333,0.0,0,0,0,61,56,56,0,1.0,0,0.0,0.0,0.0,0.0,0.0,0.0,0.0,0.06557377049180328
stage1a_single_agent_miniscule,1,2,29960,555,1,50,50,1,0,190.23599243164062,4.0,4.0,4.0,0.3333333333333333,0.0,0,0,0,27,24,24,0,1.0,0,0.0,0.0,0.0,0.0,0.0,0.0,0.0,0.14814814814814814
stage1a_single_agent_miniscule,1,2,30080,556,1,50,50,1,0,-5.026054382324219,0.0,0.0,0.0,0.4444444444444444,0.0,0,0,4,120,-1,-1,-1,0.0,0,0.0,0.0,0.0,0.0,0.0,0.0,0.0,0.0
stage1a_single_agent_miniscule,1,2,30100,557,1,50,50,1,0,190.8430938720703,4.0,4.0,4.0,0.3333333333333333,0.0,0,0,0,20,17,17,0,1.0,0,0.0,0.0,0.0,0.0,0.0,0.0,0.0,0.2
stage1a_single_agent_miniscule,1,2,30104,558,1,50,50,1,0,191.70950317382812,4.0,4.0,4.0,0.1111111111111111,0.0,0,0,0,4,1,1,0,1.0,0,0.0,0.0,0.0,0.0,0.0,0.0,0.0,1.0
stage1a_single_agent_miniscule,1,2,30147,559,1,50,50,1,0,190.73699951171875,4.0,4.0,4.0,0.3333333333333333,0.0,0,0,0,43,40,40,0,1.0,0,0.0,0.0,0.0,0.0,0.0,0.0,0.0,0.09302325581395349
stage1a_single_agent_miniscule,1,2,30267,560,1,50,50,1,0,-4.417740345001221,0.0,0.0,0.0,0.3333333333333333,0.0,0,0,4,120,-1,-1,-1,0.0,0,0.0,0.0,0.0,0.0,0.0,0.0,0.0,0.0
stage1a_single_agent_miniscule,1,2,30369,561,1,50,50,1,0,187.8614501953125,4.0,4.0,4.0,0.4444444444444444,0.0,0,0,0,102,99,99,0,1.0,0,0.0,0.0,0.0,0.0,0.0,0.0,0.0,0.0392156862745098
stage1a_single_agent_miniscule,1,2,30378,562,1,50,50,1,0,191.47572326660156,4.0,4.0,4.0,0.2222222222222222,0.0,0,0,0,9,5,5,0,1.0,0,0.0,0.0,0.0,0.0,0.0,0.0,0.0,0.4444444444444444
stage1a_single_agent_miniscule,1,2,30407,563,1,50,50,1,0,191.03033447265625,4.0,4.0,4.0,0.4444444444444444,0.0,0,0,0,29,25,25,0,1.0,0,0.0,0.0,0.0,0.0,0.0,0.0,0.0,0.13793103448275862
stage1a_single_agent_miniscule,1,2,30437,564,1,50,50,1,0,190.77108764648438,4.0,4.0,4.0,0.3333333333333333,0.0,0,0,0,30,25,25,0,1.0,0,0.0,0.0,0.0,0.0,0.0,0.0,0.0,0.13333333333333333
stage1a_single_agent_miniscule,1,2,30471,565,1,50,50,1,0,189.4320068359375,4.0,4.0,4.0,0.3333333333333333,0.0,0,0,0,34,31,31,0,1.0,0,0.0,0.0,0.0,0.0,0.0,0.0,0.0,0.11764705882352941
stage1a_single_agent_miniscule,1,2,30551,566,1,50,50,1,0,188.08145141601562,4.0,4.0,4.0,0.3333333333333333,0.0,0,0,0,80,77,77,0,1.0,0,0.0,0.0,0.0,0.0,0.0,0.0,0.0,0.05
stage1a_single_agent_miniscule,1,2,30570,567,1,50,50,1,0,190.83200073242188,4.0,4.0,4.0,0.3333333333333333,0.0,0,0,0,19,16,16,0,1.0,0,0.0,0.0,0.0,0.0,0.0,0.0,0.0,0.21052631578947367
stage1a_single_agent_miniscule,1,2,30614,568,1,50,50,1,0,188.93179321289062,4.0,4.0,4.0,0.3333333333333333,0.0,0,0,0,44,40,40,0,1.0,0,0.0,0.0,0.0,0.0,0.0,0.0,0.0,0.09090909090909091
stage1a_single_agent_miniscule,1,2,30734,569,1,50,50,1,0,139.89450073242188,3.0,3.0,3.0,0.4444444444444444,0.0,0,0,1,120,1,1,0,1.0,0,0.0,0.0,0.0,0.0,0.0,0.0,0.0,0.025
stage1a_single_agent_miniscule,1,2,30846,570,1,50,50,1,0,186.43695068359375,4.0,4.0,4.0,0.4444444444444444,0.0,0,0,0,112,109,109,0,1.0,0,0.0,0.0,0.0,0.0,0.0,0.0,0.0,0.03571428571428571
stage1a_single_agent_miniscule,1,2,30892,571,1,50,50,1,0,189.43075561523438,4.0,4.0,4.0,0.3333333333333333,0.0,0,0,0,46,43,43,0,1.0,0,0.0,0.0,0.0,0.0,0.0,0.0,0.0,0.08695652173913043
stage1a_single_agent_miniscule,1,2,30951,572,1,50,50,1,0,188.74993896484375,4.0,4.0,4.0,0.3333333333333333,0.0,0,0,0,59,38,38,0,1.0,0,0.0,0.0,0.0,0.0,0.0,0.0,0.0,0.06779661016949153
stage1a_single_agent_miniscule,1,2,30994,573,1,50,50,1,0,189.62318420410156,4.0,4.0,4.0,0.3333333333333333,0.0,0,0,0,43,40,40,0,1.0,0,0.0,0.0,0.0,0.0,0.0,0.0,0.0,0.09302325581395349
stage1a_single_agent_miniscule,1,2,31005,574,1,50,50,1,0,191.166748046875,4.0,4.0,4.0,0.2222222222222222,0.0,0,0,0,11,8,8,0,1.0,0,0.0,0.0,0.0,0.0,0.0,0.0,0.0,0.36363636363636365
stage1a_single_agent_miniscule,1,2,31039,575,1,50,50,1,0,191.03271484375,4.0,4.0,4.0,0.3333333333333333,0.0,0,0,0,34,31,31,0,1.0,0,0.0,0.0,0.0,0.0,0.0,0.0,0.0,0.11764705882352941
stage1a_single_agent_miniscule,1,2,31085,576,1,50,50,1,0,189.68728637695312,4.0,4.0,4.0,0.4444444444444444,0.0,0,0,0,46,43,43,0,1.0,0,0.0,0.0,0.0,0.0,0.0,0.0,0.0,0.08695652173913043
stage1a_single_agent_miniscule,1,2,31101,577,1,50,50,1,0,190.6580047607422,4.0,4.0,4.0,0.3333333333333333,0.0,0,0,0,16,13,13,0,1.0,0,0.0,0.0,0.0,0.0,0.0,0.0,0.0,0.25
stage1a_single_agent_miniscule,1,2,31107,578,1,50,50,1,0,191.44496154785156,4.0,4.0,4.0,0.1111111111111111,0.0,0,0,0,6,1,1,0,1.0,0,0.0,0.0,0.0,0.0,0.0,0.0,0.0,0.6666666666666666
stage1a_single_agent_miniscule,1,2,31164,579,1,50,50,1,0,189.52874755859375,4.0,4.0,4.0,0.3333333333333333,0.0,0,0,0,57,54,54,0,1.0,0,0.0,0.0,0.0,0.0,0.0,0.0,0.0,0.07017543859649122
stage1a_single_agent_miniscule,1,2,31196,580,1,50,50,1,0,190.02633666992188,4.0,4.0,4.0,0.4444444444444444,0.0,0,0,0,32,26,26,0,1.0,0,0.0,0.0,0.0,0.0,0.0,0.0,0.0,0.125
stage1a_single_agent_miniscule,1,2,31255,581,1,50,50,1,0,189.09060668945312,4.0,4.0,4.0,0.4444444444444444,0.0,0,0,0,59,19,19,0,1.0,0,0.0,0.0,0.0,0.0,0.0,0.0,0.0,0.06779661016949153
stage1a_single_agent_miniscule,1,2,31355,582,1,50,50,1,0,187.14178466796875,4.0,4.0,4.0,0.4444444444444444,0.0,0,0,0,100,97,97,0,1.0,0,0.0,0.0,0.0,0.0,0.0,0.0,0.0,0.04
stage1a_single_agent_miniscule,1,2,31384,583,1,50,50,1,0,190.32958984375,4.0,4.0,4.0,0.4444444444444444,0.0,0,0,0,29,26,26,0,1.0,0,0.0,0.0,0.0,0.0,0.0,0.0,0.0,0.13793103448275862
stage1a_single_agent_miniscule,1,2,31504,584,1,50,50,1,0,-6.733273029327393,0.0,0.0,0.0,0.4444444444444444,0.0,0,0,4,120,-1,-1,-1,0.0,0,0.0,0.0,0.0,0.0,0.0,0.0,0.0,0.0
stage1a_single_agent_miniscule,1,2,31530,585,1,50,50,1,0,190.592529296875,4.0,4.0,4.0,0.3333333333333333,0.0,0,0,0,26,23,23,0,1.0,0,0.0,0.0,0.0,0.0,0.0,0.0,0.0,0.15384615384615385
stage1a_single_agent_miniscule,1,2,31540,586,1,50,50,1,0,191.42999267578125,4.0,4.0,4.0,0.2222222222222222,0.0,0,0,0,10,7,7,0,1.0,0,0.0,0.0,0.0,0.0,0.0,0.0,0.0,0.4
stage1a_single_agent_miniscule,1,2,31573,587,1,50,50,1,0,189.93331909179688,4.0,4.0,4.0,0.3333333333333333,0.0,0,0,0,33,29,29,0,1.0,0,0.0,0.0,0.0,0.0,0.0,0.0,0.0,0.12121212121212122
stage1a_single_agent_miniscule,1,2,31633,588,1,50,50,1,0,188.214599609375,4.0,4.0,4.0,0.4444444444444444,0.0,0,0,0,60,57,57,0,1.0,0,0.0,0.0,0.0,0.0,0.0,0.0,0.0,0.06666666666666667
stage1a_single_agent_miniscule,1,2,31753,589,1,50,50,1,0,-6.664259433746338,0.0,0.0,0.0,0.4444444444444444,0.0,0,0,4,120,-1,-1,-1,0.0,0,0.0,0.0,0.0,0.0,0.0,0.0,0.0,0.0
stage1a_single_agent_miniscule,1,2,31767,590,1,50,50,1,0,190.90200805664062,4.0,4.0,4.0,0.2222222222222222,0.0,0,0,0,14,10,10,0,1.0,0,0.0,0.0,0.0,0.0,0.0,0.0,0.0,0.2857142857142857
stage1a_single_agent_miniscule,1,2,31790,591,1,50,50,1,0,190.92042541503906,4.0,4.0,4.0,0.3333333333333333,0.0,0,0,0,23,20,20,0,1.0,0,0.0,0.0,0.0,0.0,0.0,0.0,0.0,0.17391304347826086
stage1a_single_agent_miniscule,1,2,31810,592,1,50,50,1,0,191.1400146484375,4.0,4.0,4.0,0.3333333333333333,0.0,0,0,0,20,17,17,0,1.0,0,0.0,0.0,0.0,0.0,0.0,0.0,0.0,0.2
stage1a_single_agent_miniscule,1,2,31877,593,1,50,50,1,0,187.87896728515625,4.0,4.0,4.0,0.3333333333333333,0.0,0,0,0,67,64,64,0,1.0,0,0.0,0.0,0.0,0.0,0.0,0.0,0.0,0.05970149253731343
stage1a_single_agent_miniscule,1,2,31881,594,1,50,50,1,0,191.96200561523438,4.0,4.0,4.0,0.1111111111111111,0.0,0,0,0,4,1,1,0,1.0,0,0.0,0.0,0.0,0.0,0.0,0.0,0.0,1.0
stage1a_single_agent_miniscule,1,2,31906,595,1,50,50,1,0,190.54202270507812,4.0,4.0,4.0,0.3333333333333333,0.0,0,0,0,25,20,20,0,1.0,0,0.0,0.0,0.0,0.0,0.0,0.0,0.0,0.16
stage1a_single_agent_miniscule,1,2,32026,596,1,50,50,1,0,-6.720524787902832,0.0,0.0,0.0,0.3333333333333333,0.0,0,0,4,120,-1,-1,-1,0.0,0,0.0,0.0,0.0,0.0,0.0,0.0,0.0,0.0
stage1a_single_agent_miniscule,1,2,32146,597,1,50,50,1,0,90.88805389404297,2.0,2.0,2.0,0.3333333333333333,0.0,0,0,2,120,1,1,0,1.0,0,0.0,0.0,0.0,0.0,0.0,0.0,0.0,0.016666666666666666
stage1a_single_agent_miniscule,1,2,32160,598,1,50,50,1,0,191.11199951171875,4.0,4.0,4.0,0.2222222222222222,0.0,0,0,0,14,10,10,0,1.0,0,0.0,0.0,0.0,0.0,0.0,0.0,0.0,0.2857142857142857
stage1a_single_agent_miniscule,1,2,32280,599,1,50,50,1,0,137.00079345703125,3.0,3.0,3.0,0.3333333333333333,0.0,0,0,1,120,1,1,0,1.0,0,0.0,0.0,0.0,0.0,0.0,0.0,0.0,0.025
stage1a_single_agent_miniscule,1,2,32344,600,1,50,50,1,0,187.95352172851562,4.0,4.0,4.0,0.4444444444444444,0.0,0,0,0,64,56,56,0,1.0,0,0.0,0.0,0.0,0.0,0.0,0.0,0.0,0.0625
stage1a_single_agent_miniscule,1,2,32348,601,1,50,50,1,0,191.45989990234375,4.0,4.0,4.0,0.1111111111111111,0.0,0,0,0,4,1,1,0,1.0,0,0.0,0.0,0.0,0.0,0.0,0.0,0.0,1.0
stage1a_single_agent_miniscule,1,2,32365,602,1,50,50,1,0,190.34494018554688,4.0,4.0,4.0,0.2222222222222222,0.0,0,0,0,17,12,12,0,1.0,0,0.0,0.0,0.0,0.0,0.0,0.0,0.0,0.23529411764705882
stage1a_single_agent_miniscule,1,2,32379,603,1,50,50,1,0,191.15200805664062,4.0,4.0,4.0,0.3333333333333333,0.0,0,0,0,14,11,11,0,1.0,0,0.0,0.0,0.0,0.0,0.0,0.0,0.0,0.2857142857142857
stage1a_single_agent_miniscule,1,2,32468,604,1,50,50,1,0,188.38934326171875,4.0,4.0,4.0,0.3333333333333333,0.0,0,0,0,89,1,1,0,1.0,0,0.0,0.0,0.0,0.0,0.0,0.0,0.0,0.0449438202247191
stage1a_single_agent_miniscule,1,2,32507,605,1,50,50,1,0,190.81692504882812,4.0,4.0,4.0,0.3333333333333333,0.0,0,0,0,39,36,36,0,1.0,0,0.0,0.0,0.0,0.0,0.0,0.0,0.0,0.10256410256410256
stage1a_single_agent_miniscule,1,2,32529,606,1,50,50,1,0,190.3587646484375,4.0,4.0,4.0,0.3333333333333333,0.0,0,0,0,22,19,19,0,1.0,0,0.0,0.0,0.0,0.0,0.0,0.0,0.0,0.18181818181818182
stage1a_single_agent_miniscule,1,2,32592,607,1,50,50,1,0,188.78515625,4.0,4.0,4.0,0.4444444444444444,0.0,0,0,0,63,59,59,0,1.0,0,0.0,0.0,0.0,0.0,0.0,0.0,0.0,0.06349206349206349
stage1a_single_agent_miniscule,1,2,32596,608,1,50,50,1,0,191.7220001220703,4.0,4.0,4.0,0.1111111111111111,0.0,0,0,0,4,1,1,0,1.0,0,0.0,0.0,0.0,0.0,0.0,0.0,0.0,1.0
stage1a_single_agent_miniscule,1,2,32708,609,1,50,50,1,0,186.01028442382812,4.0,4.0,4.0,0.3333333333333333,0.0,0,0,0,112,109,109,0,1.0,0,0.0,0.0,0.0,0.0,0.0,0.0,0.0,0.03571428571428571
stage1a_single_agent_miniscule,1,2,32828,610,1,50,50,1,0,136.03994750976562,3.0,3.0,3.0,0.3333333333333333,0.0,0,0,1,120,36,36,0,1.0,0,0.0,0.0,0.0,0.0,0.0,0.0,0.0,0.025
stage1a_single_agent_miniscule,1,2,32887,611,1,50,50,1,0,188.98269653320312,4.0,4.0,4.0,0.3333333333333333,0.0,0,0,0,59,56,56,0,1.0,0,0.0,0.0,0.0,0.0,0.0,0.0,0.0,0.06779661016949153
stage1a_single_agent_miniscule,1,2,33007,612,1,50,50,1,0,38.36043930053711,1.0,1.0,1.0,0.4444444444444444,0.0,0,0,3,120,29,29,0,1.0,0,0.0,0.0,0.0,0.0,0.0,0.0,0.0,0.008333333333333333
stage1a_single_agent_miniscule,1,2,33066,613,1,50,50,1,0,188.77450561523438,4.0,4.0,4.0,0.3333333333333333,0.0,0,0,0,59,10,10,0,1.0,0,0.0,0.0,0.0,0.0,0.0,0.0,0.0,0.06779661016949153
stage1a_single_agent_miniscule,1,2,33113,614,1,50,50,1,0,188.42901611328125,4.0,4.0,4.0,0.3333333333333333,0.0,0,0,0,47,44,44,0,1.0,0,0.0,0.0,0.0,0.0,0.0,0.0,0.0,0.0851063829787234
stage1a_single_agent_miniscule,1,2,33122,615,1,50,50,1,0,191.22201538085938,4.0,4.0,4.0,0.3333333333333333,0.0,0,0,0,9,6,6,0,1.0,0,0.0,0.0,0.0,0.0,0.0,0.0,0.0,0.4444444444444444
stage1a_single_agent_miniscule,1,2,33126,616,1,50,50,1,0,191.70977783203125,4.0,4.0,4.0,0.1111111111111111,0.0,0,0,0,4,1,1,0,1.0,0,0.0,0.0,0.0,0.0,0.0,0.0,0.0,1.0
stage1a_single_agent_miniscule,1,2,33154,617,1,50,50,1,0,189.5151824951172,4.0,4.0,4.0,0.3333333333333333,0.0,0,0,0,28,25,25,0,1.0,0,0.0,0.0,0.0,0.0,0.0,0.0,0.0,0.14285714285714285
stage1a_single_agent_miniscule,1,2,33274,618,1,50,50,1,0,-6.259354591369629,0.0,0.0,0.0,0.3333333333333333,0.0,0,0,4,120,-1,-1,-1,0.0,0,0.0,0.0,0.0,0.0,0.0,0.0,0.0,0.0
stage1a_single_agent_miniscule,1,2,33305,619,1,50,50,1,0,190.76950073242188,4.0,4.0,4.0,0.3333333333333333,0.0,0,0,0,31,28,28,0,1.0,0,0.0,0.0,0.0,0.0,0.0,0.0,0.0,0.12903225806451613
stage1a_single_agent_miniscule,1,2,33355,620,1,50,50,1,0,189.39828491210938,4.0,4.0,4.0,0.4444444444444444,0.0,0,0,0,50,47,47,0,1.0,0,0.0,0.0,0.0,0.0,0.0,0.0,0.0,0.08
stage1a_single_agent_miniscule,1,2,33359,621,1,50,50,1,0,191.4720001220703,4.0,4.0,4.0,0.1111111111111111,0.0,0,0,0,4,1,1,0,1.0,0,0.0,0.0,0.0,0.0,0.0,0.0,0.0,1.0
stage1a_single_agent_miniscule,1,2,33381,622,1,50,50,1,0,190.4268798828125,4.0,4.0,4.0,0.3333333333333333,0.0,0,0,0,22,19,19,0,1.0,0,0.0,0.0,0.0,0.0,0.0,0.0,0.0,0.18181818181818182
stage1a_single_agent_miniscule,1,2,33433,623,1,50,50,1,0,189.19464111328125,4.0,4.0,4.0,0.2222222222222222,0.0,0,0,0,52,49,49,0,1.0,0,0.0,0.0,0.0,0.0,0.0,0.0,0.0,0.07692307692307693
stage1a_single_agent_miniscule,1,2,33454,624,1,50,50,1,0,191.42430114746094,4.0,4.0,4.0,0.3333333333333333,0.0,0,0,0,21,18,18,0,1.0,0,0.0,0.0,0.0,0.0,0.0,0.0,0.0,0.19047619047619047
stage1a_single_agent_miniscule,1,2,33464,625,1,50,50,1,0,191.47000122070312,4.0,4.0,4.0,0.3333333333333333,0.0,0,0,0,10,7,7,0,1.0,0,0.0,0.0,0.0,0.0,0.0,0.0,0.0,0.4
stage1a_single_agent_miniscule,1,2,33468,626,1,50,50,1,0,191.710693359375,4.0,4.0,4.0,0.1111111111111111,0.0,0,0,0,4,1,1,0,1.0,0,0.0,0.0,0.0,0.0,0.0,0.0,0.0,1.0
stage1a_single_agent_miniscule,1,2,33484,627,1,50,50,1,0,190.64801025390625,4.0,4.0,4.0,0.3333333333333333,0.0,0,0,0,16,13,13,0,1.0,0,0.0,0.0,0.0,0.0,0.0,0.0,0.0,0.25
stage1a_single_agent_miniscule,1,2,33488,628,1,50,50,1,0,191.46200561523438,4.0,4.0,4.0,0.1111111111111111,0.0,0,0,0,4,1,1,0,1.0,0,0.0,0.0,0.0,0.0,0.0,0.0,0.0,1.0
stage1a_single_agent_miniscule,1,2,33523,629,1,50,50,1,0,189.9847412109375,4.0,4.0,4.0,0.3333333333333333,0.0,0,0,0,35,20,20,0,1.0,0,0.0,0.0,0.0,0.0,0.0,0.0,0.0,0.11428571428571428
stage1a_single_agent_miniscule,1,2,33542,630,1,50,50,1,0,191.40150451660156,4.0,4.0,4.0,0.3333333333333333,0.0,0,0,0,19,16,16,0,1.0,0,0.0,0.0,0.0,0.0,0.0,0.0,0.0,0.21052631578947367
stage1a_single_agent_miniscule,1,2,33565,631,1,50,50,1,0,190.89389038085938,4.0,4.0,4.0,0.3333333333333333,0.0,0,0,0,23,5,5,0,1.0,0,0.0,0.0,0.0,0.0,0.0,0.0,0.0,0.17391304347826086
stage1a_single_agent_miniscule,1,2,33582,632,1,50,50,1,0,190.94601440429688,4.0,4.0,4.0,0.3333333333333333,0.0,0,0,0,17,14,14,0,1.0,0,0.0,0.0,0.0,0.0,0.0,0.0,0.0,0.23529411764705882
stage1a_single_agent_miniscule,1,2,33599,633,1,50,50,1,0,191.09466552734375,4.0,4.0,4.0,0.2222222222222222,0.0,0,0,0,17,14,14,0,1.0,0,0.0,0.0,0.0,0.0,0.0,0.0,0.0,0.23529411764705882
stage1a_single_agent_miniscule,1,2,33668,634,1,50,50,1,0,187.9044189453125,4.0,4.0,4.0,0.3333333333333333,0.0,0,0,0,69,60,60,0,1.0,0,0.0,0.0,0.0,0.0,0.0,0.0,0.0,0.057971014492753624
stage1a_single_agent_miniscule,1,2,33682,635,1,50,50,1,0,191.12020874023438,4.0,4.0,4.0,0.2222222222222222,0.0,0,0,0,14,6,6,0,1.0,0,0.0,0.0,0.0,0.0,0.0,0.0,0.0,0.2857142857142857
stage1a_single_agent_miniscule,1,2,33703,636,1,50,50,1,0,190.66815185546875,4.0,4.0,4.0,0.2222222222222222,0.0,0,0,0,21,14,14,0,1.0,0,0.0,0.0,0.0,0.0,0.0,0.0,0.0,0.19047619047619047
stage1a_single_agent_miniscule,1,2,33797,637,1,50,50,1,0,187.06796264648438,4.0,4.0,4.0,0.3333333333333333,0.0,0,0,0,94,91,91,0,1.0,0,0.0,0.0,0.0,0.0,0.0,0.0,0.0,0.0425531914893617
stage1a_single_agent_miniscule,1,2,33850,638,1,50,50,1,0,188.7041473388672,4.0,4.0,4.0,0.4444444444444444,0.0,0,0,0,53,39,39,0,1.0,0,0.0,0.0,0.0,0.0,0.0,0.0,0.0,0.07547169811320754
stage1a_single_agent_miniscule,1,2,33875,639,1,50,50,1,0,190.5279541015625,4.0,4.0,4.0,0.2222222222222222,0.0,0,0,0,25,21,21,0,1.0,0,0.0,0.0,0.0,0.0,0.0,0.0,0.0,0.16
stage1a_single_agent_miniscule,1,2,33890,640,1,50,50,1,0,190.94000244140625,4.0,4.0,4.0,0.3333333333333333,0.0,0,0,0,15,11,11,0,1.0,0,0.0,0.0,0.0,0.0,0.0,0.0,0.0,0.26666666666666666
stage1a_single_agent_miniscule,1,2,33915,641,1,50,50,1,0,190.15682983398438,4.0,4.0,4.0,0.2222222222222222,0.0,0,0,0,25,22,22,0,1.0,0,0.0,0.0,0.0,0.0,0.0,0.0,0.0,0.16
stage1a_single_agent_miniscule,1,2,33927,642,1,50,50,1,0,191.4860076904297,4.0,4.0,4.0,0.3333333333333333,0.0,0,0,0,12,9,9,0,1.0,0,0.0,0.0,0.0,0.0,0.0,0.0,0.0,0.3333333333333333
stage1a_single_agent_miniscule,1,2,33931,643,1,50,50,1,0,191.46200561523438,4.0,4.0,4.0,0.1111111111111111,0.0,0,0,0,4,1,1,0,1.0,0,0.0,0.0,0.0,0.0,0.0,0.0,0.0,1.0
stage1a_single_agent_miniscule,1,2,33973,644,1,50,50,1,0,189.97720336914062,4.0,4.0,4.0,0.4444444444444444,0.0,0,0,0,42,39,39,0,1.0,0,0.0,0.0,0.0,0.0,0.0,0.0,0.0,0.09523809523809523
stage1a_single_agent_miniscule,1,2,34001,645,1,50,50,1,0,189.99685668945312,4.0,4.0,4.0,0.3333333333333333,0.0,0,0,0,28,25,25,0,1.0,0,0.0,0.0,0.0,0.0,0.0,0.0,0.0,0.14285714285714285
stage1a_single_agent_miniscule,1,2,34028,646,1,50,50,1,0,190.60853576660156,4.0,4.0,4.0,0.4444444444444444,0.0,0,0,0,27,24,24,0,1.0,0,0.0,0.0,0.0,0.0,0.0,0.0,0.0,0.14814814814814814
stage1a_single_agent_miniscule,1,2,34148,647,1,50,50,1,0,-6.196436405181885,0.0,0.0,0.0,0.2222222222222222,0.0,0,0,4,120,-1,-1,-1,0.0,0,0.0,0.0,0.0,0.0,0.0,0.0,0.0,0.0
stage1a_single_agent_miniscule,1,2,34158,648,1,50,50,1,0,191.67178344726562,4.0,4.0,4.0,0.2222222222222222,0.0,0,0,0,10,5,5,0,1.0,0,0.0,0.0,0.0,0.0,0.0,0.0,0.0,0.4
stage1a_single_agent_miniscule,1,2,34278,649,1,50,50,1,0,137.94171142578125,3.0,3.0,3.0,0.4444444444444444,0.0,0,0,1,120,1,1,0,1.0,0,0.0,0.0,0.0,0.0,0.0,0.0,0.0,0.025
stage1a_single_agent_miniscule,1,2,34299,650,1,50,50,1,0,190.96731567382812,4.0,4.0,4.0,0.3333333333333333,0.0,0,0,0,21,18,18,0,1.0,0,0.0,0.0,0.0,0.0,0.0,0.0,0.0,0.19047619047619047
stage1a_single_agent_miniscule,1,2,34303,651,1,50,50,1,0,191.7220001220703,4.0,4.0,4.0,0.1111111111111111,0.0,0,0,0,4,1,1,0,1.0,0,0.0,0.0,0.0,0.0,0.0,0.0,0.0,1.0
stage1a_single_agent_miniscule,1,2,34344,652,1,50,50,1,0,190.16152954101562,4.0,4.0,4.0,0.3333333333333333,0.0,0,0,0,41,38,38,0,1.0,0,0.0,0.0,0.0,0.0,0.0,0.0,0.0,0.0975609756097561
stage1a_single_agent_miniscule,1,2,34407,653,1,50,50,1,0,188.02999877929688,4.0,4.0,4.0,0.4444444444444444,0.0,0,0,0,63,1,1,0,1.0,0,0.0,0.0,0.0,0.0,0.0,0.0,0.0,0.06349206349206349
stage1a_single_agent_miniscule,1,2,34429,654,1,50,50,1,0,190.60763549804688,4.0,4.0,4.0,0.3333333333333333,0.0,0,0,0,22,14,14,0,1.0,0,0.0,0.0,0.0,0.0,0.0,0.0,0.0,0.18181818181818182
stage1a_single_agent_miniscule,1,2,34472,655,1,50,50,1,0,189.18551635742188,4.0,4.0,4.0,0.3333333333333333,0.0,0,0,0,43,40,40,0,1.0,0,0.0,0.0,0.0,0.0,0.0,0.0,0.0,0.09302325581395349
stage1a_single_agent_miniscule,1,2,34476,656,1,50,50,1,0,191.9610595703125,4.0,4.0,4.0,0.1111111111111111,0.0,0,0,0,4,1,1,0,1.0,0,0.0,0.0,0.0,0.0,0.0,0.0,0.0,1.0
stage1a_single_agent_miniscule,1,2,34488,657,1,50,50,1,0,191.24600219726562,4.0,4.0,4.0,0.2222222222222222,0.0,0,0,0,12,8,8,0,1.0,0,0.0,0.0,0.0,0.0,0.0,0.0,0.0,0.3333333333333333
stage1a_single_agent_miniscule,1,2,34506,658,1,50,50,1,0,191.2012939453125,4.0,4.0,4.0,0.3333333333333333,0.0,0,0,0,18,15,15,0,1.0,0,0.0,0.0,0.0,0.0,0.0,0.0,0.0,0.2222222222222222
stage1a_single_agent_miniscule,1,2,34626,659,1,50,50,1,0,-7.925914287567139,0.0,0.0,0.0,0.1111111111111111,0.0,0,0,4,120,-1,-1,-1,0.0,0,0.0,0.0,0.0,0.0,0.0,0.0,0.0,0.0
stage1a_single_agent_miniscule,1,2,34634,660,1,50,50,1,0,191.74400329589844,4.0,4.0,4.0,0.2222222222222222,0.0,0,0,0,8,5,5,0,1.0,0,0.0,0.0,0.0,0.0,0.0,0.0,0.0,0.5
stage1a_single_agent_miniscule,1,2,34723,661,1,50,50,1,0,189.19619750976562,4.0,4.0,4.0,0.4444444444444444,0.0,0,0,0,89,12,12,0,1.0,0,0.0,0.0,0.0,0.0,0.0,0.0,0.0,0.0449438202247191
stage1a_single_agent_miniscule,1,2,34751,662,1,50,50,1,0,190.52243041992188,4.0,4.0,4.0,0.3333333333333333,0.0,0,0,0,28,24,24,0,1.0,0,0.0,0.0,0.0,0.0,0.0,0.0,0.0,0.14285714285714285
stage1a_single_agent_miniscule,1,2,34792,663,1,50,50,1,0,190.02951049804688,4.0,4.0,4.0,0.3333333333333333,0.0,0,0,0,41,38,38,0,1.0,0,0.0,0.0,0.0,0.0,0.0,0.0,0.0,0.0975609756097561
stage1a_single_agent_miniscule,1,2,34796,664,1,50,50,1,0,191.71115112304688,4.0,4.0,4.0,0.1111111111111111,0.0,0,0,0,4,1,1,0,1.0,0,0.0,0.0,0.0,0.0,0.0,0.0,0.0,1.0
stage1a_single_agent_miniscule,1,2,34916,665,1,50,50,1,0,-7.752878189086914,0.0,0.0,0.0,0.3333333333333333,0.0,0,0,4,120,-1,-1,-1,0.0,0,0.0,0.0,0.0,0.0,0.0,0.0,0.0,0.0
stage1a_single_agent_miniscule,1,2,34923,666,1,50,50,1,0,191.4759979248047,4.0,4.0,4.0,0.2222222222222222,0.0,0,0,0,7,4,4,0,1.0,0,0.0,0.0,0.0,0.0,0.0,0.0,0.0,0.5714285714285714
stage1a_single_agent_miniscule,1,2,34961,667,1,50,50,1,0,190.05084228515625,4.0,4.0,4.0,0.4444444444444444,0.0,0,0,0,38,35,35,0,1.0,0,0.0,0.0,0.0,0.0,0.0,0.0,0.0,0.10526315789473684
stage1a_single_agent_miniscule,1,2,35039,668,1,50,50,1,0,187.84056091308594,4.0,4.0,4.0,0.3333333333333333,0.0,0,0,0,78,13,13,0,1.0,0,0.0,0.0,0.0,0.0,0.0,0.0,0.0,0.05128205128205128
stage1a_single_agent_miniscule,1,2,35049,669,1,50,50,1,0,191.79000854492188,4.0,4.0,4.0,0.2222222222222222,0.0,0,0,0,10,6,6,0,1.0,0,0.0,0.0,0.0,0.0,0.0,0.0,0.0,0.4
stage1a_single_agent_miniscule,1,2,35071,670,1,50,50,1,0,190.08029174804688,4.0,4.0,4.0,0.3333333333333333,0.0,0,0,0,22,17,17,0,1.0,0,0.0,0.0,0.0,0.0,0.0,0.0,0.0,0.18181818181818182
stage1a_single_agent_miniscule,1,2,35172,671,1,50,50,1,0,186.4005584716797,4.0,4.0,4.0,0.4444444444444444,0.0,0,0,0,101,1,1,0,1.0,0,0.0,0.0,0.0,0.0,0.0,0.0,0.0,0.039603960396039604
stage1a_single_agent_miniscule,1,2,35292,672,1,50,50,1,0,-8.529297828674316,0.0,0.0,0.0,0.3333333333333333,0.0,0,0,4,120,-1,-1,-1,0.0,0,0.0,0.0,0.0,0.0,0.0,0.0,0.0,0.0
stage1a_single_agent_miniscule,1,2,35305,673,1,50,50,1,0,191.39608764648438,4.0,4.0,4.0,0.2222222222222222,0.0,0,0,0,13,7,7,0,1.0,0,0.0,0.0,0.0,0.0,0.0,0.0,0.0,0.3076923076923077
stage1a_single_agent_miniscule,1,2,35425,674,1,50,50,1,0,-7.824731826782227,0.0,0.0,0.0,0.3333333333333333,0.0,0,0,4,120,-1,-1,-1,0.0,0,0.0,0.0,0.0,0.0,0.0,0.0,0.0,0.0
stage1a_single_agent_miniscule,1,2,35437,675,1,50,50,1,0,191.55599975585938,4.0,4.0,4.0,0.3333333333333333,0.0,0,0,0,12,9,9,0,1.0,0,0.0,0.0,0.0,0.0,0.0,0.0,0.0,0.3333333333333333
stage1a_single_agent_miniscule,1,2,35441,676,1,50,50,1,0,191.76199340820312,4.0,4.0,4.0,0.1111111111111111,0.0,0,0,0,4,1,1,0,1.0,0,0.0,0.0,0.0,0.0,0.0,0.0,0.0,1.0
stage1a_single_agent_miniscule,1,2,35548,677,1,50,50,1,0,184.54766845703125,4.0,4.0,4.0,0.4444444444444444,0.0,0,0,0,107,11,11,0,1.0,0,0.0,0.0,0.0,0.0,0.0,0.0,0.0,0.037383177570093455
stage1a_single_agent_miniscule,1,2,35648,678,1,50,50,1,0,186.0347900390625,4.0,4.0,4.0,0.4444444444444444,0.0,0,0,0,100,75,75,0,1.0,0,0.0,0.0,0.0,0.0,0.0,0.0,0.0,0.04
stage1a_single_agent_miniscule,1,2,35691,679,1,50,50,1,0,189.39541625976562,4.0,4.0,4.0,0.4444444444444444,0.0,0,0,0,43,40,40,0,1.0,0,0.0,0.0,0.0,0.0,0.0,0.0,0.0,0.09302325581395349
stage1a_single_agent_miniscule,1,2,35772,680,1,50,50,1,0,186.19049072265625,4.0,4.0,4.0,0.4444444444444444,0.0,0,0,0,81,55,55,0,1.0,0,0.0,0.0,0.0,0.0,0.0,0.0,0.0,0.04938271604938271
stage1a_single_agent_miniscule,1,2,35805,681,1,50,50,1,0,190.16094970703125,4.0,4.0,4.0,0.4444444444444444,0.0,0,0,0,33,29,29,0,1.0,0,0.0,0.0,0.0,0.0,0.0,0.0,0.0,0.12121212121212122
stage1a_single_agent_miniscule,1,2,35835,682,1,50,50,1,0,190.01446533203125,4.0,4.0,4.0,0.3333333333333333,0.0,0,0,0,30,27,27,0,1.0,0,0.0,0.0,0.0,0.0,0.0,0.0,0.0,0.13333333333333333
stage1a_single_agent_miniscule,1,2,35839,683,1,50,50,1,0,191.76104736328125,4.0,4.0,4.0,0.1111111111111111,0.0,0,0,0,4,1,1,0,1.0,0,0.0,0.0,0.0,0.0,0.0,0.0,0.0,1.0
stage1a_single_agent_miniscule,1,2,35896,684,1,50,50,1,0,188.22885131835938,4.0,4.0,4.0,0.4444444444444444,0.0,0,0,0,57,32,32,0,1.0,0,0.0,0.0,0.0,0.0,0.0,0.0,0.0,0.07017543859649122
stage1a_single_agent_miniscule,1,2,35908,685,1,50,50,1,0,190.7259979248047,4.0,4.0,4.0,0.2222222222222222,0.0,0,0,0,12,9,9,0,1.0,0,0.0,0.0,0.0,0.0,0.0,0.0,0.0,0.3333333333333333
stage1a_single_agent_miniscule,1,2,35934,686,1,50,50,1,0,189.7584686279297,4.0,4.0,4.0,0.3333333333333333,0.0,0,0,0,26,23,23,0,1.0,0,0.0,0.0,0.0,0.0,0.0,0.0,0.0,0.15384615384615385
stage1a_single_agent_miniscule,1,2,35938,687,1,50,50,1,0,191.71115112304688,4.0,4.0,4.0,0.1111111111111111,0.0,0,0,0,4,1,1,0,1.0,0,0.0,0.0,0.0,0.0,0.0,0.0,0.0,1.0
stage1a_single_agent_miniscule,1,2,35971,688,1,50,50,1,0,190.58609008789062,4.0,4.0,4.0,0.4444444444444444,0.0,0,0,0,33,5,5,0,1.0,0,0.0,0.0,0.0,0.0,0.0,0.0,0.0,0.12121212121212122
stage1a_single_agent_miniscule,1,2,35996,689,1,50,50,1,0,189.97821044921875,4.0,4.0,4.0,0.4444444444444444,0.0,0,0,0,25,22,22,0,1.0,0,0.0,0.0,0.0,0.0,0.0,0.0,0.0,0.16
stage1a_single_agent_miniscule,1,2,36015,690,1,50,50,1,0,190.6345977783203,4.0,4.0,4.0,0.2222222222222222,0.0,0,0,0,19,15,15,0,1.0,0,0.0,0.0,0.0,0.0,0.0,0.0,0.0,0.21052631578947367
stage1a_single_agent_miniscule,1,2,36074,691,1,50,50,1,0,187.98629760742188,4.0,4.0,4.0,0.4444444444444444,0.0,0,0,0,59,35,35,0,1.0,0,0.0,0.0,0.0,0.0,0.0,0.0,0.0,0.06779661016949153
stage1a_single_agent_miniscule,1,2,36194,692,1,50,50,1,0,136.39804077148438,3.0,3.0,3.0,0.4444444444444444,0.0,0,0,1,120,50,50,0,1.0,0,0.0,0.0,0.0,0.0,0.0,0.0,0.0,0.025
stage1a_single_agent_miniscule,1,2,36224,693,1,50,50,1,0,189.81985473632812,4.0,4.0,4.0,0.3333333333333333,0.0,0,0,0,30,27,27,0,1.0,0,0.0,0.0,0.0,0.0,0.0,0.0,0.0,0.13333333333333333
stage1a_single_agent_miniscule,1,2,36236,694,1,50,50,1,0,191.65463256835938,4.0,4.0,4.0,0.2222222222222222,0.0,0,0,0,12,9,9,0,1.0,0,0.0,0.0,0.0,0.0,0.0,0.0,0.0,0.3333333333333333
stage1a_single_agent_miniscule,1,2,36290,695,1,50,50,1,0,189.0767822265625,4.0,4.0,4.0,0.3333333333333333,0.0,0,0,0,54,51,51,0,1.0,0,0.0,0.0,0.0,0.0,0.0,0.0,0.0,0.07407407407407407
stage1a_single_agent_miniscule,1,2,36308,696,1,50,50,1,0,190.83230590820312,4.0,4.0,4.0,0.2222222222222222,0.0,0,0,0,18,15,15,0,1.0,0,0.0,0.0,0.0,0.0,0.0,0.0,0.0,0.2222222222222222
stage1a_single_agent_miniscule,1,2,36428,697,1,50,50,1,0,89.59430694580078,2.0,2.0,2.0,0.4444444444444444,0.0,0,0,2,120,73,73,0,1.0,0,0.0,0.0,0.0,0.0,0.0,0.0,0.0,0.016666666666666666
stage1a_single_agent_miniscule,1,2,36449,698,1,50,50,1,0,190.8859100341797,4.0,4.0,4.0,0.3333333333333333,0.0,0,0,0,21,17,17,0,1.0,0,0.0,0.0,0.0,0.0,0.0,0.0,0.0,0.19047619047619047
stage1a_single_agent_miniscule,1,2,36453,699,1,50,50,1,0,191.4720001220703,4.0,4.0,4.0,0.1111111111111111,0.0,0,0,0,4,1,1,0,1.0,0,0.0,0.0,0.0,0.0,0.0,0.0,0.0,1.0
stage1a_single_agent_miniscule,1,2,36466,700,1,50,50,1,0,191.6761474609375,4.0,4.0,4.0,0.2222222222222222,0.0,0,0,0,13,10,10,0,1.0,0,0.0,0.0,0.0,0.0,0.0,0.0,0.0,0.3076923076923077
stage1a_single_agent_miniscule,1,2,36577,701,1,50,50,1,0,184.7024383544922,4.0,4.0,4.0,0.4444444444444444,0.0,0,0,0,111,35,35,0,1.0,0,0.0,0.0,0.0,0.0,0.0,0.0,0.0,0.036036036036036036
stage1a_single_agent_miniscule,1,2,36604,702,1,50,50,1,0,190.0862579345703,4.0,4.0,4.0,0.3333333333333333,0.0,0,0,0,27,24,24,0,1.0,0,0.0,0.0,0.0,0.0,0.0,0.0,0.0,0.14814814814814814
stage1a_single_agent_miniscule,1,2,36634,703,1,50,50,1,0,189.53782653808594,4.0,4.0,4.0,0.4444444444444444,0.0,0,0,0,30,27,27,0,1.0,0,0.0,0.0,0.0,0.0,0.0,0.0,0.0,0.13333333333333333
stage1a_single_agent_miniscule,1,2,36673,704,1,50,50,1,0,189.26438903808594,4.0,4.0,4.0,0.4444444444444444,0.0,0,0,0,39,12,12,0,1.0,0,0.0,0.0,0.0,0.0,0.0,0.0,0.0,0.10256410256410256
stage1a_single_agent_miniscule,1,2,36703,705,1,50,50,1,0,189.52040100097656,4.0,4.0,4.0,0.3333333333333333,0.0,0,0,0,30,27,27,0,1.0,0,0.0,0.0,0.0,0.0,0.0,0.0,0.0,0.13333333333333333
stage1a_single_agent_miniscule,1,2,36709,706,1,50,50,1,0,191.95799255371094,4.0,4.0,4.0,0.1111111111111111,0.0,0,0,0,6,1,1,0,1.0,0,0.0,0.0,0.0,0.0,0.0,0.0,0.0,0.6666666666666666
stage1a_single_agent_miniscule,1,2,36738,707,1,50,50,1,0,189.47274780273438,4.0,4.0,4.0,0.3333333333333333,0.0,0,0,0,29,25,25,0,1.0,0,0.0,0.0,0.0,0.0,0.0,0.0,0.0,0.13793103448275862
stage1a_single_agent_miniscule,1,2,36858,708,1,50,50,1,0,137.1758270263672,3.0,3.0,3.0,0.4444444444444444,0.0,0,0,1,120,55,55,0,1.0,0,0.0,0.0,0.0,0.0,0.0,0.0,0.0,0.025
stage1a_single_agent_miniscule,1,2,36871,709,1,50,50,1,0,191.24400329589844,4.0,4.0,4.0,0.3333333333333333,0.0,0,0,0,13,10,10,0,1.0,0,0.0,0.0,0.0,0.0,0.0,0.0,0.0,0.3076923076923077
stage1a_single_agent_miniscule,1,2,36926,710,1,50,50,1,0,188.27976989746094,4.0,4.0,4.0,0.4444444444444444,0.0,0,0,0,55,52,52,0,1.0,0,0.0,0.0,0.0,0.0,0.0,0.0,0.0,0.07272727272727272
stage1a_single_agent_miniscule,1,2,36965,711,1,50,50,1,0,189.38421630859375,4.0,4.0,4.0,0.3333333333333333,0.0,0,0,0,39,34,34,0,1.0,0,0.0,0.0,0.0,0.0,0.0,0.0,0.0,0.10256410256410256
stage1a_single_agent_miniscule,1,2,36990,712,1,50,50,1,0,190.6200408935547,4.0,4.0,4.0,0.3333333333333333,0.0,0,0,0,25,21,21,0,1.0,0,0.0,0.0,0.0,0.0,0.0,0.0,0.0,0.16
stage1a_single_agent_miniscule,1,2,37002,713,1,50,50,1,0,191.00599670410156,4.0,4.0,4.0,0.3333333333333333,0.0,0,0,0,12,9,9,0,1.0,0,0.0,0.0,0.0,0.0,0.0,0.0,0.0,0.3333333333333333
stage1a_single_agent_miniscule,1,2,37030,714,1,50,50,1,0,189.6315155029297,4.0,4.0,4.0,0.4444444444444444,0.0,0,0,0,28,25,25,0,1.0,0,0.0,0.0,0.0,0.0,0.0,0.0,0.0,0.14285714285714285
stage1a_single_agent_miniscule,1,2,37061,715,1,50,50,1,0,189.8369140625,4.0,4.0,4.0,0.4444444444444444,0.0,0,0,0,31,28,28,0,1.0,0,0.0,0.0,0.0,0.0,0.0,0.0,0.0,0.12903225806451613
stage1a_single_agent_miniscule,1,2,37101,716,1,50,50,1,0,189.9546356201172,4.0,4.0,4.0,0.3333333333333333,0.0,0,0,0,40,37,37,0,1.0,0,0.0,0.0,0.0,0.0,0.0,0.0,0.0,0.1
stage1a_single_agent_miniscule,1,2,37105,717,1,50,50,1,0,191.48056030273438,4.0,4.0,4.0,0.1111111111111111,0.0,0,0,0,4,1,1,0,1.0,0,0.0,0.0,0.0,0.0,0.0,0.0,0.0,1.0
stage1a_single_agent_miniscule,1,2,37150,718,1,50,50,1,0,188.6895751953125,4.0,4.0,4.0,0.4444444444444444,0.0,0,0,0,45,20,20,0,1.0,0,0.0,0.0,0.0,0.0,0.0,0.0,0.0,0.08888888888888889
stage1a_single_agent_miniscule,1,2,37177,719,1,50,50,1,0,190.08616638183594,4.0,4.0,4.0,0.3333333333333333,0.0,0,0,0,27,24,24,0,1.0,0,0.0,0.0,0.0,0.0,0.0,0.0,0.0,0.14814814814814814
stage1a_single_agent_miniscule,1,2,37243,720,1,50,50,1,0,187.16224670410156,4.0,4.0,4.0,0.4444444444444444,0.0,0,0,0,66,40,40,0,1.0,0,0.0,0.0,0.0,0.0,0.0,0.0,0.0,0.06060606060606061
stage1a_single_agent_miniscule,1,2,37269,721,1,50,50,1,0,189.77940368652344,4.0,4.0,4.0,0.3333333333333333,0.0,0,0,0,26,23,23,0,1.0,0,0.0,0.0,0.0,0.0,0.0,0.0,0.0,0.15384615384615385
stage1a_single_agent_miniscule,1,2,37315,722,1,50,50,1,0,189.39976501464844,4.0,4.0,4.0,0.4444444444444444,0.0,0,0,0,46,5,5,0,1.0,0,0.0,0.0,0.0,0.0,0.0,0.0,0.0,0.08695652173913043
stage1a_single_agent_miniscule,1,2,37335,723,1,50,50,1,0,190.66946411132812,4.0,4.0,4.0,0.3333333333333333,0.0,0,0,0,20,17,17,0,1.0,0,0.0,0.0,0.0,0.0,0.0,0.0,0.0,0.2
stage1a_single_agent_miniscule,1,2,37408,724,1,50,50,1,0,187.19320678710938,4.0,4.0,4.0,0.4444444444444444,0.0,0,0,0,73,1,1,0,1.0,0,0.0,0.0,0.0,0.0,0.0,0.0,0.0,0.0547945205479452
stage1a_single_agent_miniscule,1,2,37444,725,1,50,50,1,0,189.49977111816406,4.0,4.0,4.0,0.4444444444444444,0.0,0,0,0,36,9,9,0,1.0,0,0.0,0.0,0.0,0.0,0.0,0.0,0.0,0.1111111111111111
stage1a_single_agent_miniscule,1,2,37534,726,1,50,50,1,0,185.99635314941406,4.0,4.0,4.0,0.4444444444444444,0.0,0,0,0,90,66,66,0,1.0,0,0.0,0.0,0.0,0.0,0.0,0.0,0.0,0.044444444444444446
stage1a_single_agent_miniscule,1,2,37558,727,1,50,50,1,0,190.34230041503906,4.0,4.0,4.0,0.2222222222222222,0.0,0,0,0,24,20,20,0,1.0,0,0.0,0.0,0.0,0.0,0.0,0.0,0.0,0.16666666666666666
stage1a_single_agent_miniscule,1,2,37580,728,1,50,50,1,0,190.66737365722656,4.0,4.0,4.0,0.3333333333333333,0.0,0,0,0,22,7,7,0,1.0,0,0.0,0.0,0.0,0.0,0.0,0.0,0.0,0.18181818181818182
stage1a_single_agent_miniscule,1,2,37613,729,1,50,50,1,0,190.0350799560547,4.0,4.0,4.0,0.4444444444444444,0.0,0,0,0,33,8,8,0,1.0,0,0.0,0.0,0.0,0.0,0.0,0.0,0.0,0.12121212121212122
stage1a_single_agent_miniscule,1,2,37674,730,1,50,50,1,0,188.00038146972656,4.0,4.0,4.0,0.4444444444444444,0.0,0,0,0,61,7,7,0,1.0,0,0.0,0.0,0.0,0.0,0.0,0.0,0.0,0.06557377049180328
stage1a_single_agent_miniscule,1,2,37717,731,1,50,50,1,0,189.26283264160156,4.0,4.0,4.0,0.4444444444444444,0.0,0,0,0,43,40,40,0,1.0,0,0.0,0.0,0.0,0.0,0.0,0.0,0.0,0.09302325581395349
stage1a_single_agent_miniscule,1,2,37798,732,1,50,50,1,0,187.10369873046875,4.0,4.0,4.0,0.4444444444444444,0.0,0,0,0,81,28,28,0,1.0,0,0.0,0.0,0.0,0.0,0.0,0.0,0.0,0.04938271604938271
stage1a_single_agent_miniscule,1,2,37845,733,1,50,50,1,0,188.98780822753906,4.0,4.0,4.0,0.4444444444444444,0.0,0,0,0,47,44,44,0,1.0,0,0.0,0.0,0.0,0.0,0.0,0.0,0.0,0.0851063829787234
stage1a_single_agent_miniscule,1,2,37920,734,1,50,50,1,0,186.9432373046875,4.0,4.0,4.0,0.4444444444444444,0.0,0,0,0,75,26,26,0,1.0,0,0.0,0.0,0.0,0.0,0.0,0.0,0.0,0.05333333333333334
stage1a_single_agent_miniscule,1,2,37945,735,1,50,50,1,0,190.74847412109375,4.0,4.0,4.0,0.4444444444444444,0.0,0,0,0,25,1,1,0,1.0,0,0.0,0.0,0.0,0.0,0.0,0.0,0.0,0.16
stage1a_single_agent_miniscule,1,2,37975,736,1,50,50,1,0,189.4689178466797,4.0,4.0,4.0,0.3333333333333333,0.0,0,0,0,30,27,27,0,1.0,0,0.0,0.0,0.0,0.0,0.0,0.0,0.0,0.13333333333333333
stage1a_single_agent_miniscule,1,2,37998,737,1,50,50,1,0,191.48275756835938,4.0,4.0,4.0,0.4444444444444444,0.0,0,0,0,23,20,20,0,1.0,0,0.0,0.0,0.0,0.0,0.0,0.0,0.0,0.17391304347826086
stage1a_single_agent_miniscule,1,2,38020,738,1,50,50,1,0,190.45567321777344,4.0,4.0,4.0,0.4444444444444444,0.0,0,0,0,22,19,19,0,1.0,0,0.0,0.0,0.0,0.0,0.0,0.0,0.0,0.18181818181818182
stage1a_single_agent_miniscule,1,2,38071,739,1,50,50,1,0,188.63873291015625,4.0,4.0,4.0,0.4444444444444444,0.0,0,0,0,51,48,48,0,1.0,0,0.0,0.0,0.0,0.0,0.0,0.0,0.0,0.0784313725490196
stage1a_single_agent_miniscule,1,2,38089,740,1,50,50,1,0,189.9274444580078,4.0,4.0,4.0,0.2222222222222222,0.0,0,0,0,18,1,1,0,1.0,0,0.0,0.0,0.0,0.0,0.0,0.0,0.0,0.2222222222222222
stage1a_single_agent_miniscule,1,2,38141,741,1,50,50,1,0,188.35028076171875,4.0,4.0,4.0,0.4444444444444444,0.0,0,0,0,52,9,9,0,1.0,0,0.0,0.0,0.0,0.0,0.0,0.0,0.0,0.07692307692307693
stage1a_single_agent_miniscule,1,2,38157,742,1,50,50,1,0,190.5125274658203,4.0,4.0,4.0,0.3333333333333333,0.0,0,0,0,16,13,13,0,1.0,0,0.0,0.0,0.0,0.0,0.0,0.0,0.0,0.25
stage1a_single_agent_miniscule,1,2,38174,743,1,50,50,1,0,190.43850708007812,4.0,4.0,4.0,0.2222222222222222,0.0,0,0,0,17,1,1,0,1.0,0,0.0,0.0,0.0,0.0,0.0,0.0,0.0,0.23529411764705882
stage1a_single_agent_miniscule,1,2,38183,744,1,50,50,1,0,191.52200317382812,4.0,4.0,4.0,0.3333333333333333,0.0,0,0,0,9,6,6,0,1.0,0,0.0,0.0,0.0,0.0,0.0,0.0,0.0,0.4444444444444444
stage1a_single_agent_miniscule,1,2,38226,745,1,50,50,1,0,189.205078125,4.0,4.0,4.0,0.4444444444444444,0.0,0,0,0,43,1,1,0,1.0,0,0.0,0.0,0.0,0.0,0.0,0.0,0.0,0.09302325581395349
stage1a_single_agent_miniscule,1,2,38242,746,1,50,50,1,0,191.2003936767578,4.0,4.0,4.0,0.4444444444444444,0.0,0,0,0,16,5,5,0,1.0,0,0.0,0.0,0.0,0.0,0.0,0.0,0.0,0.25
stage1a_single_agent_miniscule,1,2,38284,747,1,50,50,1,0,188.7579803466797,4.0,4.0,4.0,0.4444444444444444,0.0,0,0,0,42,16,16,0,1.0,0,0.0,0.0,0.0,0.0,0.0,0.0,0.0,0.09523809523809523
stage1a_single_agent_miniscule,1,2,38313,748,1,50,50,1,0,189.76121520996094,4.0,4.0,4.0,0.3333333333333333,0.0,0,0,0,29,26,26,0,1.0,0,0.0,0.0,0.0,0.0,0.0,0.0,0.0,0.13793103448275862
stage1a_single_agent_miniscule,1,2,38356,749,1,50,50,1,0,189.7861785888672,4.0,4.0,4.0,0.4444444444444444,0.0,0,0,0,43,1,1,0,1.0,0,0.0,0.0,0.0,0.0,0.0,0.0,0.0,0.09302325581395349
stage1a_single_agent_miniscule,1,2,38371,750,1,50,50,1,0,190.9623260498047,4.0,4.0,4.0,0.3333333333333333,0.0,0,0,0,15,12,12,0,1.0,0,0.0,0.0,0.0,0.0,0.0,0.0,0.0,0.26666666666666666
stage1a_single_agent_miniscule,1,2,38384,751,1,50,50,1,0,191.24400329589844,4.0,4.0,4.0,0.2222222222222222,0.0,0,0,0,13,8,8,0,1.0,0,0.0,0.0,0.0,0.0,0.0,0.0,0.0,0.3076923076923077
stage1a_single_agent_miniscule,1,2,38435,752,1,50,50,1,0,187.6867218017578,4.0,4.0,4.0,0.4444444444444444,0.0,0,0,0,51,14,14,0,1.0,0,0.0,0.0,0.0,0.0,0.0,0.0,0.0,0.0784313725490196
stage1a_single_agent_miniscule,1,2,38469,753,1,50,50,1,0,189.79844665527344,4.0,4.0,4.0,0.4444444444444444,0.0,0,0,0,34,31,31,0,1.0,0,0.0,0.0,0.0,0.0,0.0,0.0,0.0,0.11764705882352941
stage1a_single_agent_miniscule,1,2,38564,754,1,50,50,1,0,186.345458984375,4.0,4.0,4.0,0.4444444444444444,0.0,0,0,0,95,45,45,0,1.0,0,0.0,0.0,0.0,0.0,0.0,0.0,0.0,0.042105263157894736
stage1a_single_agent_miniscule,1,2,38592,755,1,50,50,1,0,190.77737426757812,4.0,4.0,4.0,0.4444444444444444,0.0,0,0,0,28,25,25,0,1.0,0,0.0,0.0,0.0,0.0,0.0,0.0,0.0,0.14285714285714285
stage1a_single_agent_miniscule,1,2,38646,756,1,50,50,1,0,187.94520568847656,4.0,4.0,4.0,0.4444444444444444,0.0,0,0,0,54,27,27,0,1.0,0,0.0,0.0,0.0,0.0,0.0,0.0,0.0,0.07407407407407407
stage1a_single_agent_miniscule,1,2,38661,757,1,50,50,1,0,191.54000854492188,4.0,4.0,4.0,0.3333333333333333,0.0,0,0,0,15,12,12,0,1.0,0,0.0,0.0,0.0,0.0,0.0,0.0,0.0,0.26666666666666666
stage1a_single_agent_miniscule,1,2,38696,758,1,50,50,1,0,190.22146606445312,4.0,4.0,4.0,0.4444444444444444,0.0,0,0,0,35,7,7,0,1.0,0,0.0,0.0,0.0,0.0,0.0,0.0,0.0,0.11428571428571428
stage1a_single_agent_miniscule,1,2,38736,759,1,50,50,1,0,190.01004028320312,4.0,4.0,4.0,0.4444444444444444,0.0,0,0,0,40,12,12,0,1.0,0,0.0,0.0,0.0,0.0,0.0,0.0,0.0,0.1
stage1a_single_agent_miniscule,1,2,38856,760,1,50,50,1,0,88.4275894165039,2.0,2.0,2.0,0.4444444444444444,0.0,0,0,2,120,29,29,0,1.0,0,0.0,0.0,0.0,0.0,0.0,0.0,0.0,0.016666666666666666
stage1a_single_agent_miniscule,1,2,38887,761,1,50,50,1,0,189.40805053710938,4.0,4.0,4.0,0.3333333333333333,0.0,0,0,0,31,27,27,0,1.0,0,0.0,0.0,0.0,0.0,0.0,0.0,0.0,0.12903225806451613
stage1a_single_agent_miniscule,1,2,38954,762,1,50,50,1,0,187.19827270507812,4.0,4.0,4.0,0.4444444444444444,0.0,0,0,0,67,15,15,0,1.0,0,0.0,0.0,0.0,0.0,0.0,0.0,0.0,0.05970149253731343
stage1a_single_agent_miniscule,1,2,39074,763,1,50,50,1,0,136.23634338378906,3.0,3.0,3.0,0.4444444444444444,0.0,0,0,1,120,46,46,0,1.0,0,0.0,0.0,0.0,0.0,0.0,0.0,0.0,0.025
stage1a_single_agent_miniscule,1,2,39088,764,1,50,50,1,0,190.74461364746094,4.0,4.0,4.0,0.3333333333333333,0.0,0,0,0,14,11,11,0,1.0,0,0.0,0.0,0.0,0.0,0.0,0.0,0.0,0.2857142857142857
stage1a_single_agent_miniscule,1,2,39121,765,1,50,50,1,0,189.1551055908203,4.0,4.0,4.0,0.2222222222222222,0.0,0,0,0,33,30,30,0,1.0,0,0.0,0.0,0.0,0.0,0.0,0.0,0.0,0.12121212121212122
stage1a_single_agent_miniscule,1,2,39129,766,1,50,50,1,0,191.7860870361328,4.0,4.0,4.0,0.3333333333333333,0.0,0,0,0,8,5,5,0,1.0,0,0.0,0.0,0.0,0.0,0.0,0.0,0.0,0.5
stage1a_single_agent_miniscule,1,2,39167,767,1,50,50,1,0,189.72059631347656,4.0,4.0,4.0,0.4444444444444444,0.0,0,0,0,38,11,11,0,1.0,0,0.0,0.0,0.0,0.0,0.0,0.0,0.0,0.10526315789473684
stage1a_single_agent_miniscule,1,2,39219,768,1,50,50,1,0,189.26730346679688,4.0,4.0,4.0,0.4444444444444444,0.0,0,0,0,52,25,25,0,1.0,0,0.0,0.0,0.0,0.0,0.0,0.0,0.0,0.07692307692307693
stage1a_single_agent_miniscule,1,2,39233,769,1,50,50,1,0,190.99473571777344,4.0,4.0,4.0,0.3333333333333333,0.0,0,0,0,14,11,11,0,1.0,0,0.0,0.0,0.0,0.0,0.0,0.0,0.0,0.2857142857142857
stage1a_single_agent_miniscule,1,2,39237,770,1,50,50,1,0,191.71200561523438,4.0,4.0,4.0,0.1111111111111111,0.0,0,0,0,4,1,1,0,1.0,0,0.0,0.0,0.0,0.0,0.0,0.0,0.0,1.0
stage1a_single_agent_miniscule,1,2,39357,771,1,50,50,1,0,-8.33503246307373,0.0,0.0,0.0,0.4444444444444444,0.0,0,0,4,120,-1,-1,-1,0.0,0,0.0,0.0,0.0,0.0,0.0,0.0,0.0,0.0
stage1a_single_agent_miniscule,1,2,39369,772,1,50,50,1,0,191.24600219726562,4.0,4.0,4.0,0.2222222222222222,0.0,0,0,0,12,8,8,0,1.0,0,0.0,0.0,0.0,0.0,0.0,0.0,0.0,0.3333333333333333
stage1a_single_agent_miniscule,1,2,39412,773,1,50,50,1,0,189.02047729492188,4.0,4.0,4.0,0.4444444444444444,0.0,0,0,0,43,14,14,0,1.0,0,0.0,0.0,0.0,0.0,0.0,0.0,0.0,0.09302325581395349
stage1a_single_agent_miniscule,1,2,39455,774,1,50,50,1,0,188.98696899414062,4.0,4.0,4.0,0.4444444444444444,0.0,0,0,0,43,1,1,0,1.0,0,0.0,0.0,0.0,0.0,0.0,0.0,0.0,0.09302325581395349
stage1a_single_agent_miniscule,1,2,39513,775,1,50,50,1,0,187.7826690673828,4.0,4.0,4.0,0.4444444444444444,0.0,0,0,0,58,55,55,0,1.0,0,0.0,0.0,0.0,0.0,0.0,0.0,0.0,0.06896551724137931
stage1a_single_agent_miniscule,1,2,39576,776,1,50,50,1,0,188.0372772216797,4.0,4.0,4.0,0.4444444444444444,0.0,0,0,0,63,12,12,0,1.0,0,0.0,0.0,0.0,0.0,0.0,0.0,0.0,0.06349206349206349
stage1a_single_agent_miniscule,1,2,39590,777,1,50,50,1,0,191.0019989013672,4.0,4.0,4.0,0.3333333333333333,0.0,0,0,0,14,11,11,0,1.0,0,0.0,0.0,0.0,0.0,0.0,0.0,0.0,0.2857142857142857
stage1a_single_agent_miniscule,1,2,39636,778,1,50,50,1,0,189.2377166748047,4.0,4.0,4.0,0.4444444444444444,0.0,0,0,0,46,1,1,0,1.0,0,0.0,0.0,0.0,0.0,0.0,0.0,0.0,0.08695652173913043
stage1a_single_agent_miniscule,1,2,39720,779,1,50,50,1,0,187.7378387451172,4.0,4.0,4.0,0.4444444444444444,0.0,0,0,0,84,57,57,0,1.0,0,0.0,0.0,0.0,0.0,0.0,0.0,0.0,0.047619047619047616
stage1a_single_agent_miniscule,1,2,39742,780,1,50,50,1,0,189.96006774902344,4.0,4.0,4.0,0.2222222222222222,0.0,0,0,0,22,19,19,0,1.0,0,0.0,0.0,0.0,0.0,0.0,0.0,0.0,0.18181818181818182
stage1a_single_agent_miniscule,1,2,39786,781,1,50,50,1,0,189.1905517578125,4.0,4.0,4.0,0.4444444444444444,0.0,0,0,0,44,5,5,0,1.0,0,0.0,0.0,0.0,0.0,0.0,0.0,0.0,0.09090909090909091
stage1a_single_agent_miniscule,1,2,39790,782,1,50,50,1,0,191.49200439453125,4.0,4.0,4.0,0.1111111111111111,0.0,0,0,0,4,1,1,0,1.0,0,0.0,0.0,0.0,0.0,0.0,0.0,0.0,1.0
stage1a_single_agent_miniscule,1,2,39833,783,1,50,50,1,0,189.2047576904297,4.0,4.0,4.0,0.4444444444444444,0.0,0,0,0,43,39,39,0,1.0,0,0.0,0.0,0.0,0.0,0.0,0.0,0.0,0.09302325581395349
stage1a_single_agent_miniscule,1,2,39874,784,1,50,50,1,0,189.2085723876953,4.0,4.0,4.0,0.4444444444444444,0.0,0,0,0,41,38,38,0,1.0,0,0.0,0.0,0.0,0.0,0.0,0.0,0.0,0.0975609756097561
stage1a_single_agent_miniscule,1,2,39904,785,1,50,50,1,0,189.4896697998047,4.0,4.0,4.0,0.3333333333333333,0.0,0,0,0,30,27,27,0,1.0,0,0.0,0.0,0.0,0.0,0.0,0.0,0.0,0.13333333333333333
stage1a_single_agent_miniscule,1,2,39931,786,1,50,50,1,0,190.2821502685547,4.0,4.0,4.0,0.3333333333333333,0.0,0,0,0,27,23,23,0,1.0,0,0.0,0.0,0.0,0.0,0.0,0.0,0.0,0.14814814814814814
stage1a_single_agent_miniscule,1,2,39946,787,1,50,50,1,0,191.3100128173828,4.0,4.0,4.0,0.3333333333333333,0.0,0,0,0,15,12,12,0,1.0,0,0.0,0.0,0.0,0.0,0.0,0.0,0.0,0.26666666666666666
stage1a_single_agent_miniscule,1,2,40011,788,1,50,50,1,0,187.44773864746094,4.0,4.0,4.0,0.4444444444444444,0.0,0,0,0,65,40,40,0,1.0,0,0.0,0.0,0.0,0.0,0.0,0.0,0.0,0.06153846153846154
stage1a_single_agent_miniscule,1,2,40041,789,1,50,50,1,0,190.25564575195312,4.0,4.0,4.0,0.4444444444444444,0.0,0,0,0,30,26,26,0,1.0,0,0.0,0.0,0.0,0.0,0.0,0.0,0.0,0.13333333333333333
stage1a_single_agent_miniscule,1,2,40057,790,1,50,50,1,0,190.7305450439453,4.0,4.0,4.0,0.2222222222222222,0.0,0,0,0,16,11,11,0,1.0,0,0.0,0.0,0.0,0.0,0.0,0.0,0.0,0.25
stage1a_single_agent_miniscule,1,2,40069,791,1,50,50,1,0,191.25914001464844,4.0,4.0,4.0,0.3333333333333333,0.0,0,0,0,12,9,9,0,1.0,0,0.0,0.0,0.0,0.0,0.0,0.0,0.0,0.3333333333333333
stage1a_single_agent_miniscule,1,2,40093,792,1,50,50,1,0,190.54998779296875,4.0,4.0,4.0,0.4444444444444444,0.0,0,0,0,24,1,1,0,1.0,0,0.0,0.0,0.0,0.0,0.0,0.0,0.0,0.16666666666666666
stage1a_single_agent_miniscule,1,2,40138,793,1,50,50,1,0,189.57850646972656,4.0,4.0,4.0,0.4444444444444444,0.0,0,0,0,45,42,42,0,1.0,0,0.0,0.0,0.0,0.0,0.0,0.0,0.0,0.08888888888888889
stage1a_single_agent_miniscule,1,2,40149,794,1,50,50,1,0,191.23800659179688,4.0,4.0,4.0,0.2222222222222222,0.0,0,0,0,11,8,8,0,1.0,0,0.0,0.0,0.0,0.0,0.0,0.0,0.0,0.36363636363636365
stage1a_single_agent_miniscule,1,2,40164,795,1,50,50,1,0,190.46316528320312,4.0,4.0,4.0,0.3333333333333333,0.0,0,0,0,15,12,12,0,1.0,0,0.0,0.0,0.0,0.0,0.0,0.0,0.0,0.26666666666666666
stage1a_single_agent_miniscule,1,2,40168,796,1,50,50,1,0,191.77072143554688,4.0,4.0,4.0,0.1111111111111111,0.0,0,0,0,4,1,1,0,1.0,0,0.0,0.0,0.0,0.0,0.0,0.0,0.0,1.0
stage1a_single_agent_miniscule,1,2,40192,797,1,50,50,1,0,190.20310974121094,4.0,4.0,4.0,0.4444444444444444,0.0,0,0,0,24,15,15,0,1.0,0,0.0,0.0,0.0,0.0,0.0,0.0,0.0,0.16666666666666666
stage1a_single_agent_miniscule,1,2,40224,798,1,50,50,1,0,189.49424743652344,4.0,4.0,4.0,0.4444444444444444,0.0,0,0,0,32,29,29,0,1.0,0,0.0,0.0,0.0,0.0,0.0,0.0,0.0,0.125
stage1a_single_agent_miniscule,1,2,40257,799,1,50,50,1,0,190.0350341796875,4.0,4.0,4.0,0.4444444444444444,0.0,0,0,0,33,8,8,0,1.0,0,0.0,0.0,0.0,0.0,0.0,0.0,0.0,0.12121212121212122
stage1a_single_agent_miniscule,1,2,40261,800,1,50,50,1,0,191.2320098876953,4.0,4.0,4.0,0.1111111111111111,0.0,0,0,0,4,1,1,0,1.0,0,0.0,0.0,0.0,0.0,0.0,0.0,0.0,1.0
stage1a_single_agent_miniscule,1,2,40271,801,1,50,50,1,0,191.8100128173828,4.0,4.0,4.0,0.3333333333333333,0.0,0,0,0,10,7,7,0,1.0,0,0.0,0.0,0.0,0.0,0.0,0.0,0.0,0.4
stage1a_single_agent_miniscule,1,2,40293,802,1,50,50,1,0,190.48204040527344,4.0,4.0,4.0,0.4444444444444444,0.0,0,0,0,22,1,1,0,1.0,0,0.0,0.0,0.0,0.0,0.0,0.0,0.0,0.18181818181818182
stage1a_single_agent_miniscule,1,2,40362,803,1,50,50,1,0,186.96730041503906,4.0,4.0,4.0,0.4444444444444444,0.0,0,0,0,69,43,43,0,1.0,0,0.0,0.0,0.0,0.0,0.0,0.0,0.0,0.057971014492753624
stage1a_single_agent_miniscule,1,2,40373,804,1,50,50,1,0,191.24159240722656,4.0,4.0,4.0,0.3333333333333333,0.0,0,0,0,11,8,8,0,1.0,0,0.0,0.0,0.0,0.0,0.0,0.0,0.0,0.36363636363636365
stage1a_single_agent_miniscule,1,2,40451,805,1,50,50,1,0,187.7680206298828,4.0,4.0,4.0,0.4444444444444444,0.0,0,0,0,78,27,27,0,1.0,0,0.0,0.0,0.0,0.0,0.0,0.0,0.0,0.05128205128205128
stage1a_single_agent_miniscule,1,2,40463,806,1,50,50,1,0,191.22557067871094,4.0,4.0,4.0,0.2222222222222222,0.0,0,0,0,12,9,9,0,1.0,0,0.0,0.0,0.0,0.0,0.0,0.0,0.0,0.3333333333333333
stage1a_single_agent_miniscule,1,2,40482,807,1,50,50,1,0,190.69065856933594,4.0,4.0,4.0,0.3333333333333333,0.0,0,0,0,19,16,16,0,1.0,0,0.0,0.0,0.0,0.0,0.0,0.0,0.0,0.21052631578947367
stage1a_single_agent_miniscule,1,2,40502,808,1,50,50,1,0,190.7500457763672,4.0,4.0,4.0,0.4444444444444444,0.0,0,0,0,20,17,17,0,1.0,0,0.0,0.0,0.0,0.0,0.0,0.0,0.0,0.2
stage1a_single_agent_miniscule,1,2,40534,809,1,50,50,1,0,189.82464599609375,4.0,4.0,4.0,0.4444444444444444,0.0,0,0,0,32,29,29,0,1.0,0,0.0,0.0,0.0,0.0,0.0,0.0,0.0,0.125
stage1a_single_agent_miniscule,1,2,40619,810,1,50,50,1,0,186.52374267578125,4.0,4.0,4.0,0.4444444444444444,0.0,0,0,0,85,35,35,0,1.0,0,0.0,0.0,0.0,0.0,0.0,0.0,0.0,0.047058823529411764
stage1a_single_agent_miniscule,1,2,40656,811,1,50,50,1,0,190.01539611816406,4.0,4.0,4.0,0.4444444444444444,0.0,0,0,0,37,10,10,0,1.0,0,0.0,0.0,0.0,0.0,0.0,0.0,0.0,0.10810810810810811
stage1a_single_agent_miniscule,1,2,40691,812,1,50,50,1,0,190.30079650878906,4.0,4.0,4.0,0.4444444444444444,0.0,0,0,0,35,9,9,0,1.0,0,0.0,0.0,0.0,0.0,0.0,0.0,0.0,0.11428571428571428
stage1a_single_agent_miniscule,1,2,40705,813,1,50,50,1,0,190.71554565429688,4.0,4.0,4.0,0.3333333333333333,0.0,0,0,0,14,11,11,0,1.0,0,0.0,0.0,0.0,0.0,0.0,0.0,0.0,0.2857142857142857
stage1a_single_agent_miniscule,1,2,40749,814,1,50,50,1,0,189.57115173339844,4.0,4.0,4.0,0.4444444444444444,0.0,0,0,0,44,20,20,0,1.0,0,0.0,0.0,0.0,0.0,0.0,0.0,0.0,0.09090909090909091
stage1a_single_agent_miniscule,1,2,40848,815,1,50,50,1,0,186.56243896484375,4.0,4.0,4.0,0.4444444444444444,0.0,0,0,0,99,25,25,0,1.0,0,0.0,0.0,0.0,0.0,0.0,0.0,0.0,0.04040404040404041
stage1a_single_agent_miniscule,1,2,40880,816,1,50,50,1,0,190.04562377929688,4.0,4.0,4.0,0.4444444444444444,0.0,0,0,0,32,29,29,0,1.0,0,0.0,0.0,0.0,0.0,0.0,0.0,0.0,0.125
stage1a_single_agent_miniscule,1,2,40971,817,1,50,50,1,0,186.47195434570312,4.0,4.0,4.0,0.4444444444444444,0.0,0,0,0,91,65,65,0,1.0,0,0.0,0.0,0.0,0.0,0.0,0.0,0.0,0.04395604395604396
stage1a_single_agent_miniscule,1,2,40980,818,1,50,50,1,0,191.20220947265625,4.0,4.0,4.0,0.2222222222222222,0.0,0,0,0,9,5,5,0,1.0,0,0.0,0.0,0.0,0.0,0.0,0.0,0.0,0.4444444444444444
stage1a_single_agent_miniscule,1,2,41010,819,1,50,50,1,0,190.04049682617188,4.0,4.0,4.0,0.4444444444444444,0.0,0,0,0,30,5,5,0,1.0,0,0.0,0.0,0.0,0.0,0.0,0.0,0.0,0.13333333333333333
stage1a_single_agent_miniscule,1,2,41041,820,1,50,50,1,0,190.09654235839844,4.0,4.0,4.0,0.4444444444444444,0.0,0,0,0,31,28,28,0,1.0,0,0.0,0.0,0.0,0.0,0.0,0.0,0.0,0.12903225806451613
stage1a_single_agent_miniscule,1,2,41086,821,1,50,50,1,0,188.46084594726562,4.0,4.0,4.0,0.4444444444444444,0.0,0,0,0,45,19,19,0,1.0,0,0.0,0.0,0.0,0.0,0.0,0.0,0.0,0.08888888888888889
stage1a_single_agent_miniscule,1,2,41114,822,1,50,50,1,0,189.8338165283203,4.0,4.0,4.0,0.3333333333333333,0.0,0,0,0,28,24,24,0,1.0,0,0.0,0.0,0.0,0.0,0.0,0.0,0.0,0.14285714285714285
stage1a_single_agent_miniscule,1,2,41138,823,1,50,50,1,0,190.2309112548828,4.0,4.0,4.0,0.4444444444444444,0.0,0,0,0,24,21,21,0,1.0,0,0.0,0.0,0.0,0.0,0.0,0.0,0.0,0.16666666666666666
stage1a_single_agent_miniscule,1,2,41170,824,1,50,50,1,0,190.290771484375,4.0,4.0,4.0,0.4444444444444444,0.0,0,0,0,32,29,29,0,1.0,0,0.0,0.0,0.0,0.0,0.0,0.0,0.0,0.125
stage1a_single_agent_miniscule,1,2,41246,825,1,50,50,1,0,187.7650604248047,4.0,4.0,4.0,0.4444444444444444,0.0,0,0,0,76,53,53,0,1.0,0,0.0,0.0,0.0,0.0,0.0,0.0,0.0,0.05263157894736842
stage1a_single_agent_miniscule,1,2,41302,826,1,50,50,1,0,188.5360107421875,4.0,4.0,4.0,0.4444444444444444,0.0,0,0,0,56,30,30,0,1.0,0,0.0,0.0,0.0,0.0,0.0,0.0,0.0,0.07142857142857142
stage1a_single_agent_miniscule,1,2,41312,827,1,50,50,1,0,191.463623046875,4.0,4.0,4.0,0.3333333333333333,0.0,0,0,0,10,7,7,0,1.0,0,0.0,0.0,0.0,0.0,0.0,0.0,0.0,0.4
stage1a_single_agent_miniscule,1,2,41349,828,1,50,50,1,0,189.81777954101562,4.0,4.0,4.0,0.4444444444444444,0.0,0,0,0,37,34,34,0,1.0,0,0.0,0.0,0.0,0.0,0.0,0.0,0.0,0.10810810810810811
stage1a_single_agent_miniscule,1,2,41414,829,1,50,50,1,0,187.49322509765625,4.0,4.0,4.0,0.4444444444444444,0.0,0,0,0,65,1,1,0,1.0,0,0.0,0.0,0.0,0.0,0.0,0.0,0.0,0.06153846153846154
stage1a_single_agent_miniscule,1,2,41431,830,1,50,50,1,0,191.22679138183594,4.0,4.0,4.0,0.2222222222222222,0.0,0,0,0,17,14,14,0,1.0,0,0.0,0.0,0.0,0.0,0.0,0.0,0.0,0.23529411764705882
stage1a_single_agent_miniscule,1,2,41470,831,1,50,50,1,0,189.48406982421875,4.0,4.0,4.0,0.4444444444444444,0.0,0,0,0,39,14,14,0,1.0,0,0.0,0.0,0.0,0.0,0.0,0.0,0.0,0.10256410256410256
stage1b_single_agent_tiny,2,1,41592,832,1,75,75,1,0,45.38970947265625,1.0,1.0,1.0,0.4375,0.0,0,0,3,120,12,15,3,1.0,0,0.0,0.0,0.0,0.0,0.0,0.0,0.0,0.008333333333333333
stage1b_single_agent_tiny,2,1,41693,833,1,75,75,1,0,188.34034729003906,4.0,4.0,4.0,0.4375,0.0,0,0,0,101,15,15,0,1.0,1,0.13861386138613863,0.19801980198019803,0.09900990099009901,-1.0000000000000002,0.0,0.0,0.0,0.039603960396039604
stage1b_single_agent_tiny,2,1,41813,834,1,75,75,1,0,45.4244384765625,1.0,1.0,1.0,0.375,0.0,0,0,3,120,47,68,21,1.0,1,0.08333333333333333,0.15,0.09166666666666666,-0.9400000000000004,0.0,0.0,0.0,0.008333333333333333
stage1b_single_agent_tiny,2,1,41933,835,1,75,75,1,0,-8.438446998596191,1.0,1.0,0.0,0.375,0.0,0,0,3,120,97,-1,-1,0.0,2,0.075,0.175,0.09166666666666666,-1.0600000000000005,0.0,0.0,0.0,0.0
stage1b_single_agent_tiny,2,1,42053,836,1,75,75,1,0,-2.383058786392212,0.0,0.0,0.0,0.4375,0.0,0,0,4,120,-1,-1,-1,0.0,0,0.0,0.0,0.0,0.0,0.0,0.0,0.0,0.0
stage1b_single_agent_tiny,2,1,42173,837,1,75,75,1,0,44.90594482421875,1.0,1.0,1.0,0.375,0.0,0,0,3,120,9,17,8,1.0,1,0.008333333333333333,0.03333333333333333,0.016666666666666666,-0.2,0.0,0.0,0.0,0.008333333333333333
stage1b_single_agent_tiny,2,1,42293,838,1,75,75,1,0,-3.614230155944824,0.0,0.0,0.0,0.4375,0.0,0,0,4,120,-1,-1,-1,0.0,0,0.0,0.0,0.0,0.0,0.0,0.0,0.0,0.0
stage1b_single_agent_tiny,2,1,42413,839,1,75,75,1,0,141.48321533203125,3.0,3.0,3.0,0.5,0.0,0,0,1,120,60,66,6,1.0,0,0.0,0.025,0.025,-0.18,0.0,0.0,0.0,0.025
stage1b_single_agent_tiny,2,1,42462,840,1,75,75,1,0,190.72171020507812,4.0,4.0,4.0,0.1875,0.0,0,0,0,49,32,34,2,1.0,0,0.0,0.10204081632653061,0.02040816326530612,-0.22,0.0,0.0,0.0,0.08163265306122448
stage1b_single_agent_tiny,2,1,42494,841,1,75,75,1,0,190.59494018554688,4.0,4.0,4.0,0.1875,0.0,0,0,0,32,3,24,21,1.0,1,0.25,0.5,0.25,-0.8000000000000003,0.0,0.0,0.0,0.125
stage1b_single_agent_tiny,2,1,42573,842,1,75,75,1,0,190.125244140625,4.0,4.0,4.0,0.4375,0.0,0,0,0,79,6,8,2,1.0,0,0.0,0.0,0.0,0.0,0.0,0.0,0.0,0.05063291139240506
stage1b_single_agent_tiny,2,1,42666,843,1,75,75,1,0,190.68743896484375,4.0,4.0,4.0,0.3125,0.0,0,0,0,93,13,13,0,1.0,0,0.0,0.0,0.0,0.0,0.0,0.0,0.0,0.043010752688172046
stage1b_single_agent_tiny,2,1,42755,844,1,75,75,1,0,190.30145263671875,4.0,4.0,4.0,0.375,0.0,0,0,0,89,67,67,0,1.0,2,0.06741573033707865,0.14606741573033707,0.07865168539325842,-0.6600000000000001,0.0,0.0,0.0,0.0449438202247191
stage1b_single_agent_tiny,2,1,42798,845,1,75,75,1,0,188.6764373779297,4.0,4.0,4.0,0.125,0.0,0,0,0,43,7,40,33,1.0,3,0.20930232558139536,0.5813953488372093,0.37209302325581395,-1.3200000000000007,0.0,0.0,0.0,0.09302325581395349
stage1b_single_agent_tiny,2,1,42918,846,1,75,75,1,0,84.97573852539062,3.0,3.0,2.0,0.375,0.0,0,0,1,120,3,67,64,0.6666666666666666,8,0.4083333333333333,0.7166666666666667,0.35833333333333334,-4.300000000000001,0.0,0.0,0.0,0.016666666666666666
stage1b_single_agent_tiny,2,1,43038,847,1,75,75,1,0,-2.358525037765503,0.0,0.0,0.0,0.4375,0.0,0,0,4,120,-1,-1,-1,0.0,0,0.0,0.0,0.0,0.0,0.0,0.0,0.0,0.0
stage1b_single_agent_tiny,2,1,43158,848,1,75,75,1,0,42.9964599609375,1.0,1.0,1.0,0.375,0.0,0,0,3,120,12,49,37,1.0,3,0.09166666666666666,0.225,0.125,-1.3800000000000008,0.0,0.0,0.0,0.008333333333333333
stage1b_single_agent_tiny,2,1,43278,849,1,75,75,1,0,46.08225631713867,1.0,1.0,1.0,0.375,0.0,0,0,3,120,2,6,4,1.0,0,0.0,0.0,0.0,0.0,0.0,0.0,0.0,0.008333333333333333
stage1b_single_agent_tiny,2,1,43398,850,1,75,75,1,0,-5.799578666687012,1.0,1.0,0.0,0.4375,0.0,0,0,3,120,104,-1,-1,0.0,1,0.058333333333333334,0.10833333333333334,0.05,-0.6400000000000001,0.0,0.0,0.0,0.0
stage1b_single_agent_tiny,2,1,43518,851,1,75,75,1,0,-2.6904890537261963,0.0,0.0,0.0,0.25,0.0,0,0,4,120,-1,-1,-1,0.0,0,0.0,0.0,0.0,0.0,0.0,0.0,0.0,0.0
stage1b_single_agent_tiny,2,1,43533,852,1,75,75,1,0,191.85499572753906,4.0,4.0,4.0,0.1875,0.0,0,0,0,15,9,9,0,1.0,0,0.0,0.0,0.0,0.0,0.0,0.0,0.0,0.26666666666666666
stage1b_single_agent_tiny,2,1,43653,853,1,75,75,1,0,45.14113235473633,1.0,1.0,1.0,0.375,0.0,0,0,3,120,33,34,1,1.0,0,0.0,0.0,0.0,0.0,0.0,0.0,0.0,0.008333333333333333
stage1b_single_agent_tiny,2,1,43773,854,1,75,75,1,0,45.41984176635742,1.0,1.0,1.0,0.5,0.0,0,0,3,120,22,30,8,1.0,0,0.0,0.03333333333333333,0.016666666666666666,-0.2,0.0,0.0,0.0,0.008333333333333333
stage1b_single_agent_tiny,2,1,43885,855,1,75,75,1,0,187.62147521972656,4.0,4.0,4.0,0.375,0.0,0,0,0,112,1,49,48,1.0,3,0.20535714285714285,0.3482142857142857,0.23214285714285715,-2.0800000000000014,0.0,0.0,0.0,0.03571428571428571
stage1b_single_agent_tiny,2,1,44005,856,1,75,75,1,0,-3.6445863246917725,0.0,0.0,0.0,0.4375,0.0,0,0,4,120,-1,-1,-1,0.0,0,0.0,0.0,0.0,0.0,0.0,0.0,0.0,0.0
stage1b_single_agent_tiny,2,1,44125,857,1,75,75,1,0,46.55342483520508,1.0,1.0,1.0,0.25,0.0,0,0,3,120,63,63,0,1.0,0,0.0,0.0,0.0,0.0,0.0,0.0,0.0,0.008333333333333333
stage1b_single_agent_tiny,2,1,44245,858,1,75,75,1,0,-2.6593990325927734,0.0,0.0,0.0,0.25,0.0,0,0,4,120,-1,-1,-1,0.0,0,0.0,0.0,0.0,0.0,0.0,0.0,0.0,0.0
stage1b_single_agent_tiny,2,1,44326,859,1,75,75,1,0,189.8419952392578,4.0,4.0,4.0,0.25,0.0,0,0,0,81,41,72,31,1.0,2,0.1728395061728395,0.2962962962962963,0.16049382716049382,-1.2200000000000004,0.0,0.0,0.0,0.04938271604938271
stage1b_single_agent_tiny,2,1,44446,860,1,75,75,1,0,40.04436111450195,1.0,1.0,1.0,0.4375,0.0,0,0,3,120,10,111,101,1.0,4,0.4583333333333333,0.7166666666666667,0.24166666666666667,-4.020000000000002,0.0,0.0,0.0,0.008333333333333333
stage1b_single_agent_tiny,2,1,44462,861,1,75,75,1,0,191.599365234375,4.0,4.0,4.0,0.125,0.0,0,0,0,16,8,9,1,1.0,0,0.0,0.0,0.0,0.0,0.0,0.0,0.0,0.25
stage1b_single_agent_tiny,2,1,44475,862,1,75,75,1,0,191.3138885498047,4.0,4.0,4.0,0.125,0.0,0,0,0,13,2,6,4,1.0,0,0.0,0.07692307692307693,0.07692307692307693,-0.06,0.0,0.0,0.0,0.3076923076923077
stage1b_single_agent_tiny,2,1,44595,863,1,75,75,1,0,-2.4304566383361816,0.0,0.0,0.0,0.3125,0.0,0,0,4,120,-1,-1,-1,0.0,0,0.0,0.0,0.0,0.0,0.0,0.0,0.0,0.0
stage1b_single_agent_tiny,2,1,44715,864,1,75,75,1,0,92.62062072753906,2.0,2.0,2.0,0.3125,0.0,0,0,2,120,108,108,0,1.0,0,0.0,0.0,0.0,0.0,0.0,0.0,0.0,0.016666666666666666
stage1b_single_agent_tiny,2,1,44835,865,1,75,75,1,0,-10.792104721069336,1.0,1.0,0.0,0.3125,0.0,0,0,3,120,30,-1,-1,0.0,7,0.45,0.6333333333333333,0.31666666666666665,-3.8000000000000025,0.0,0.0,0.0,0.0
stage1b_single_agent_tiny,2,1,44955,866,1,75,75,1,0,44.45623016357422,1.0,1.0,1.0,0.4375,0.0,0,0,3,120,8,29,21,1.0,1,0.075,0.125,0.05,-0.72,0.0,0.0,0.0,0.008333333333333333
stage1b_single_agent_tiny,2,1,44983,867,1,75,75,1,0,190.35757446289062,4.0,4.0,4.0,0.1875,0.0,0,0,0,28,2,16,14,1.0,2,0.32142857142857145,0.6071428571428571,0.25,-0.8200000000000001,0.0,0.0,0.0,0.14285714285714285
stage1b_single_agent_tiny,2,1,45008,868,1,75,75,1,0,190.6148681640625,4.0,4.0,4.0,0.125,0.0,0,0,0,25,6,22,16,1.0,2,0.12,0.44,0.32,-0.6000000000000001,0.0,0.0,0.0,0.16
stage1b_single_agent_tiny,2,1,45066,869,1,75,75,1,0,190.1917724609375,4.0,4.0,4.0,0.3125,0.0,0,0,0,58,6,17,11,1.0,1,0.06896551724137931,0.13793103448275862,0.08620689655172414,-0.42000000000000004,0.0,0.0,0.0,0.06896551724137931
stage1b_single_agent_tiny,2,1,45186,870,1,75,75,1,0,40.35499954223633,1.0,1.0,1.0,0.375,0.0,0,0,3,120,12,109,97,1.0,5,0.2916666666666667,0.6083333333333333,0.325,-3.700000000000003,0.0,0.0,0.0,0.008333333333333333
stage1b_single_agent_tiny,2,1,45306,871,1,75,75,1,0,141.33717346191406,3.0,3.0,3.0,0.5,0.0,0,0,1,120,3,15,12,1.0,1,0.06666666666666667,0.09166666666666666,0.058333333333333334,-0.5800000000000001,0.0,0.0,0.0,0.025
stage1b_single_agent_tiny,2,1,45373,872,1,75,75,1,0,188.84132385253906,4.0,4.0,4.0,0.375,0.0,0,0,0,67,1,30,29,1.0,2,0.22388059701492538,0.34328358208955223,0.208955223880597,-1.2000000000000004,0.0,0.0,0.0,0.05970149253731343
stage1b_single_agent_tiny,2,1,45493,873,1,75,75,1,0,86.07079315185547,3.0,3.0,2.0,0.4375,0.0,0,0,1,120,8,51,43,0.6666666666666666,5,0.23333333333333334,0.44166666666666665,0.15833333333333333,-2.5000000000000018,0.0,0.0,0.0,0.016666666666666666
stage1b_single_agent_tiny,2,1,45613,874,1,75,75,1,0,41.8922004699707,1.0,1.0,1.0,0.375,0.0,0,0,3,120,12,95,83,1.0,5,0.38333333333333336,0.5666666666666667,0.2916666666666667,-3.4200000000000026,0.0,0.0,0.0,0.008333333333333333
stage1b_single_agent_tiny,2,1,45712,875,1,75,75,1,0,189.28562927246094,4.0,4.0,4.0,0.375,0.0,0,0,0,99,5,17,12,1.0,2,0.050505050505050504,0.13131313131313133,0.04040404040404041,-0.5999999999999999,0.0,0.0,0.0,0.04040404040404041
stage1b_single_agent_tiny,2,1,45832,876,1,75,75,1,0,-1.6451740264892578,0.0,0.0,0.0,0.375,0.0,0,0,4,120,-1,-1,-1,0.0,0,0.0,0.0,0.0,0.0,0.0,0.0,0.0,0.0
stage1b_single_agent_tiny,2,1,45875,877,1,75,75,1,0,190.2523956298828,4.0,4.0,4.0,0.1875,0.0,0,0,0,43,2,12,10,1.0,0,0.0,0.20930232558139536,0.18604651162790697,-0.52,0.0,0.0,0.0,0.09302325581395349
stage1b_single_agent_tiny,2,1,45917,878,1,75,75,1,0,191.54379272460938,4.0,4.0,4.0,0.1875,0.0,0,0,0,42,39,39,0,1.0,0,0.0,0.0,0.0,0.0,0.0,0.0,0.0,0.09523809523809523
stage1b_single_agent_tiny,2,1,46037,879,1,75,75,1,0,42.725765228271484,1.0,1.0,1.0,0.375,0.0,0,0,3,120,7,41,34,1.0,3,0.058333333333333334,0.18333333333333332,0.1,-1.1200000000000003,0.0,0.0,0.0,0.008333333333333333
stage1b_single_agent_tiny,2,1,46045,880,1,75,75,1,0,191.8629608154297,4.0,4.0,4.0,0.125,0.0,0,0,0,8,2,5,3,1.0,0,0.0,0.125,0.125,-0.06,0.0,0.0,0.0,0.5
stage1b_single_agent_tiny,2,1,46133,881,1,75,75,1,0,187.1474151611328,4.0,4.0,4.0,0.3125,0.0,0,0,0,88,8,16,8,1.0,7,0.20454545454545456,0.5909090909090909,0.26136363636363635,-2.540000000000002,0.0,0.0,0.0,0.045454545454545456
stage1b_single_agent_tiny,2,1,46158,882,1,75,75,1,0,190.98690795898438,4.0,4.0,4.0,0.1875,0.0,0,0,0,25,9,22,13,1.0,1,0.28,0.4,0.16,-0.48,0.0,0.0,0.0,0.16
stage1b_single_agent_tiny,2,1,46278,883,1,75,75,1,0,92.44063568115234,2.0,2.0,2.0,0.5625,0.0,0,0,2,120,5,23,18,1.0,2,0.14166666666666666,0.24166666666666667,0.125,-1.4600000000000009,0.0,0.0,0.0,0.016666666666666666
stage1b_single_agent_tiny,2,1,46398,884,1,75,75,1,0,92.36166381835938,2.0,2.0,2.0,0.5,0.0,0,0,2,120,8,17,9,1.0,3,0.05,0.14166666666666666,0.05,-0.8,0.0,0.0,0.0,0.016666666666666666
stage1b_single_agent_tiny,2,1,46518,885,1,75,75,1,0,43.84636306762695,1.0,1.0,1.0,0.375,0.0,0,0,3,120,2,37,35,1.0,2,0.05,0.2,0.11666666666666667,-1.2400000000000004,0.0,0.0,0.0,0.008333333333333333
stage1b_single_agent_tiny,2,1,46531,886,1,75,75,1,0,192.11732482910156,4.0,4.0,4.0,0.125,0.0,0,0,0,13,8,10,2,1.0,0,0.0,0.0,0.0,0.0,0.0,0.0,0.0,0.3076923076923077
stage1b_single_agent_tiny,2,1,46651,887,1,75,75,1,0,-2.4046244621276855,0.0,0.0,0.0,0.375,0.0,0,0,4,120,-1,-1,-1,0.0,0,0.0,0.0,0.0,0.0,0.0,0.0,0.0,0.0
stage1b_single_agent_tiny,2,1,46771,888,1,75,75,1,0,40.88934326171875,1.0,1.0,1.0,0.375,0.0,0,0,3,120,5,82,77,1.0,5,0.23333333333333334,0.5,0.23333333333333334,-2.960000000000002,0.0,0.0,0.0,0.008333333333333333
stage1b_single_agent_tiny,2,1,46891,889,1,75,75,1,0,45.028961181640625,1.0,1.0,1.0,0.5,0.0,0,0,3,120,23,34,11,1.0,1,0.016666666666666666,0.058333333333333334,0.025,-0.34,0.0,0.0,0.0,0.008333333333333333
stage1b_single_agent_tiny,2,1,47011,890,1,75,75,1,0,-3.193852663040161,0.0,0.0,0.0,0.25,0.0,0,0,4,120,-1,-1,-1,0.0,0,0.0,0.0,0.0,0.0,0.0,0.0,0.0,0.0
stage1b_single_agent_tiny,2,1,47131,891,1,75,75,1,0,139.23548889160156,3.0,3.0,3.0,0.5,0.0,0,0,1,120,5,47,42,1.0,3,0.225,0.3333333333333333,0.16666666666666666,-2.000000000000001,0.0,0.0,0.0,0.025
stage1b_single_agent_tiny,2,1,47251,892,1,75,75,1,0,87.71609497070312,3.0,3.0,2.0,0.375,0.0,0,0,1,120,2,38,36,0.6666666666666666,2,0.15,0.275,0.14166666666666666,-1.660000000000001,0.0,0.0,0.0,0.016666666666666666
stage1b_single_agent_tiny,2,1,47315,893,1,75,75,1,0,188.11148071289062,4.0,4.0,4.0,0.1875,0.0,0,0,0,64,11,61,50,1.0,3,0.359375,0.59375,0.25,-1.840000000000001,0.0,0.0,0.0,0.0625
stage1b_single_agent_tiny,2,1,47326,894,1,75,75,1,0,191.62811279296875,4.0,4.0,4.0,0.1875,0.0,0,0,0,11,7,8,1,1.0,0,0.0,0.09090909090909091,0.0,-0.04,0.0,0.0,0.0,0.36363636363636365
stage1b_single_agent_tiny,2,1,47446,895,1,75,75,1,0,44.59777069091797,1.0,1.0,1.0,0.375,0.0,0,0,3,120,38,75,37,1.0,1,0.15,0.25,0.14166666666666666,-1.540000000000001,0.0,0.0,0.0,0.008333333333333333
stage1b_single_agent_tiny,2,1,47507,896,1,75,75,1,0,187.62557983398438,4.0,4.0,4.0,0.0625,0.0,0,0,0,61,24,45,21,1.0,4,0.2786885245901639,0.4918032786885246,0.16393442622950818,-1.4000000000000006,0.0,0.0,0.0,0.06557377049180328
stage1b_single_agent_tiny,2,1,47627,897,1,75,75,1,0,-3.176831007003784,0.0,0.0,0.0,0.25,0.0,0,0,4,120,-1,-1,-1,0.0,0,0.0,0.0,0.0,0.0,0.0,0.0,0.0,0.0
stage1b_single_agent_tiny,2,1,47747,898,1,75,75,1,0,-2.430475950241089,0.0,0.0,0.0,0.375,0.0,0,0,4,120,-1,-1,-1,0.0,0,0.0,0.0,0.0,0.0,0.0,0.0,0.0,0.0
stage1b_single_agent_tiny,2,1,47867,899,1,75,75,1,0,43.50401306152344,1.0,1.0,1.0,0.5,0.0,0,0,3,120,15,33,18,1.0,2,0.041666666666666664,0.10833333333333334,0.058333333333333334,-0.6600000000000001,0.0,0.0,0.0,0.008333333333333333
stage1b_single_agent_tiny,2,1,47929,900,1,75,75,1,0,188.37945556640625,4.0,4.0,4.0,0.1875,0.0,0,0,0,62,1,6,5,1.0,3,0.5645161290322581,0.7580645161290323,0.41935483870967744,-2.4000000000000012,0.0,0.0,0.0,0.06451612903225806
stage1b_single_agent_tiny,2,1,47951,901,1,75,75,1,0,191.5091552734375,4.0,4.0,4.0,0.1875,0.0,0,0,0,22,16,19,3,1.0,0,0.0,0.0,0.0,0.0,0.0,0.0,0.0,0.18181818181818182
stage1b_single_agent_tiny,2,1,48071,902,1,75,75,1,0,93.94367218017578,2.0,2.0,2.0,0.25,0.0,0,0,2,120,35,38,3,1.0,1,0.025,0.075,0.03333333333333333,-0.44,0.0,0.0,0.0,0.016666666666666666
stage1b_single_agent_tiny,2,1,48104,903,1,75,75,1,0,189.87957763671875,4.0,4.0,4.0,0.1875,0.0,0,0,0,33,3,30,27,1.0,1,0.45454545454545453,0.6363636363636364,0.24242424242424243,-1.0000000000000002,0.0,0.0,0.0,0.12121212121212122
stage1b_single_agent_tiny,2,1,48224,904,1,75,75,1,0,44.58696746826172,1.0,1.0,1.0,0.375,0.0,0,0,3,120,48,75,27,1.0,3,0.03333333333333333,0.15833333333333333,0.10833333333333334,-1.0200000000000005,0.0,0.0,0.0,0.008333333333333333
stage1b_single_agent_tiny,2,1,48241,905,1,75,75,1,0,191.00302124023438,4.0,4.0,4.0,0.1875,0.0,0,0,0,17,2,14,12,1.0,1,0.5294117647058824,0.7058823529411765,0.29411764705882354,-0.5800000000000001,0.0,0.0,0.0,0.23529411764705882
stage1b_single_agent_tiny,2,1,48361,906,1,75,75,1,0,44.14141845703125,1.0,1.0,1.0,0.4375,0.0,0,0,3,120,54,99,45,1.0,3,0.13333333333333333,0.2833333333333333,0.15833333333333333,-1.740000000000001,0.0,0.0,0.0,0.008333333333333333
stage1b_single_agent_tiny,2,1,48400,907,1,75,75,1,0,190.87261962890625,4.0,4.0,4.0,0.1875,0.0,0,0,0,39,17,28,11,1.0,1,0.05128205128205128,0.1282051282051282,0.07692307692307693,-0.26,0.0,0.0,0.0,0.10256410256410256
stage1b_single_agent_tiny,2,1,48520,908,1,75,75,1,0,-4.16668176651001,0.0,0.0,0.0,0.25,0.0,0,0,4,120,-1,-1,-1,0.0,0,0.0,0.0,0.0,0.0,0.0,0.0,0.0,0.0
stage1b_single_agent_tiny,2,1,48640,909,1,75,75,1,0,-2.690200090408325,0.0,0.0,0.0,0.25,0.0,0,0,4,120,-1,-1,-1,0.0,0,0.0,0.0,0.0,0.0,0.0,0.0,0.0,0.0
stage1b_single_agent_tiny,2,1,48657,910,1,75,75,1,0,191.30075073242188,4.0,4.0,4.0,0.125,0.0,0,0,0,17,6,14,8,1.0,1,0.11764705882352941,0.35294117647058826,0.17647058823529413,-0.30000000000000004,0.0,0.0,0.0,0.23529411764705882
stage1b_single_agent_tiny,2,1,48745,911,1,75,75,1,0,190.5833740234375,4.0,4.0,4.0,0.4375,0.0,0,0,0,88,4,6,2,1.0,0,0.0,0.0,0.0,0.0,0.0,0.0,0.0,0.045454545454545456
stage1b_single_agent_tiny,2,1,48865,912,1,75,75,1,0,86.49996948242188,3.0,3.0,2.0,0.4375,0.0,0,0,1,120,6,15,9,0.6666666666666666,7,0.24166666666666667,0.5333333333333333,0.31666666666666665,-3.320000000000002,0.0,0.0,0.0,0.016666666666666666
stage1b_single_agent_tiny,2,1,48935,913,1,75,75,1,0,190.52865600585938,4.0,4.0,4.0,0.375,0.0,0,0,0,70,52,58,6,1.0,0,0.0,0.05714285714285714,0.05714285714285714,-0.24,0.0,0.0,0.0,0.05714285714285714
stage1b_single_agent_tiny,2,1,49055,914,1,75,75,1,0,-3.3975746631622314,0.0,0.0,0.0,0.25,0.0,0,0,4,120,-1,-1,-1,0.0,0,0.0,0.0,0.0,0.0,0.0,0.0,0.0,0.0
stage1b_single_agent_tiny,2,1,49175,915,1,75,75,1,0,-2.3438470363616943,0.0,0.0,0.0,0.5,0.0,0,0,4,120,-1,-1,-1,0.0,0,0.0,0.0,0.0,0.0,0.0,0.0,0.0,0.0
stage1b_single_agent_tiny,2,1,49295,916,1,75,75,1,0,-9.784090995788574,1.0,1.0,0.0,0.3125,0.0,0,0,3,120,42,-1,-1,0.0,7,0.43333333333333335,0.6083333333333333,0.25,-3.5200000000000027,0.0,0.0,0.0,0.0
stage1b_single_agent_tiny,2,1,49345,917,1,75,75,1,0,189.3731689453125,4.0,4.0,4.0,0.0625,0.0,0,0,0,50,16,47,31,1.0,2,0.26,0.48,0.3,-1.2600000000000005,0.0,0.0,0.0,0.08
stage1b_single_agent_tiny,2,1,49465,918,1,75,75,1,0,-2.396688222885132,0.0,0.0,0.0,0.3125,0.0,0,0,4,120,-1,-1,-1,0.0,0,0.0,0.0,0.0,0.0,0.0,0.0,0.0,0.0
stage1b_single_agent_tiny,2,1,49585,919,1,75,75,1,0,44.075252532958984,1.0,1.0,1.0,0.4375,0.0,0,0,3,120,17,24,7,1.0,0,0.0,0.016666666666666666,0.0,-0.08,0.0,0.0,0.0,0.008333333333333333
stage1b_single_agent_tiny,2,1,49705,920,1,75,75,1,0,188.938232421875,4.0,4.0,4.0,0.1875,0.0,0,0,0,120,93,103,10,1.0,2,0.075,0.15,0.08333333333333333,-0.9200000000000004,0.0,0.0,0.0,0.03333333333333333
stage1b_single_agent_tiny,2,1,49825,921,1,75,75,1,0,-2.418663263320923,0.0,0.0,0.0,0.3125,0.0,0,0,4,120,-1,-1,-1,0.0,0,0.0,0.0,0.0,0.0,0.0,0.0,0.0,0.0
stage1b_single_agent_tiny,2,1,49878,922,1,75,75,1,0,191.86080932617188,4.0,4.0,4.0,0.1875,0.0,0,0,0,53,50,50,0,1.0,0,0.0,0.0,0.0,0.0,0.0,0.0,0.0,0.07547169811320754
stage1b_single_agent_tiny,2,1,49927,923,1,75,75,1,0,190.22891235351562,4.0,4.0,4.0,0.25,0.0,0,0,0,49,32,46,14,1.0,2,0.061224489795918366,0.1836734693877551,0.061224489795918366,-0.42000000000000004,0.0,0.0,0.0,0.08163265306122448
stage1b_single_agent_tiny,2,1,49975,924,1,75,75,1,0,189.19989013671875,4.0,4.0,4.0,0.1875,0.0,0,0,0,48,11,45,34,1.0,2,0.2916666666666667,0.5208333333333334,0.2708333333333333,-1.2600000000000007,0.0,0.0,0.0,0.08333333333333333
stage1b_single_agent_tiny,2,1,50003,925,1,75,75,1,0,191.3153533935547,4.0,4.0,4.0,0.1875,0.0,0,0,0,28,9,25,16,1.0,1,0.35714285714285715,0.5,0.10714285714285714,-0.62,0.0,0.0,0.0,0.14285714285714285
stage1b_single_agent_tiny,2,1,50009,926,1,75,75,1,0,191.9720001220703,4.0,4.0,4.0,0.1875,0.0,0,0,0,6,3,3,0,1.0,0,0.0,0.0,0.0,0.0,0.0,0.0,0.0,0.6666666666666666
stage1b_single_agent_tiny,2,1,50129,927,1,75,75,1,0,45.87364959716797,1.0,1.0,1.0,0.375,0.0,0,0,3,120,10,13,3,1.0,0,0.0,0.0,0.0,0.0,0.0,0.0,0.0,0.008333333333333333
stage1b_single_agent_tiny,2,1,50198,928,1,75,75,1,0,187.5593719482422,4.0,4.0,4.0,0.1875,0.0,0,0,0,69,2,66,64,1.0,6,0.2608695652173913,0.7101449275362319,0.4492753623188406,-2.580000000000002,0.0,0.0,0.0,0.057971014492753624
stage1b_single_agent_tiny,2,1,50318,929,1,75,75,1,0,89.55384063720703,2.0,2.0,2.0,0.4375,0.0,0,0,2,120,42,42,0,1.0,3,0.225,0.35,0.15833333333333333,-2.060000000000001,0.0,0.0,0.0,0.016666666666666666
stage1b_single_agent_tiny,2,1,50438,930,1,75,75,1,0,-2.187407970428467,0.0,0.0,0.0,0.25,0.0,0,0,4,120,-1,-1,-1,0.0,0,0.0,0.0,0.0,0.0,0.0,0.0,0.0,0.0
stage1b_single_agent_tiny,2,1,50550,931,1,75,75,1,0,189.75318908691406,4.0,4.0,4.0,0.375,0.0,0,0,0,112,32,33,1,1.0,0,0.0,0.0,0.0,0.0,0.0,0.0,0.0,0.03571428571428571
stage1b_single_agent_tiny,2,1,50615,932,1,75,75,1,0,191.47756958007812,4.0,4.0,4.0,0.1875,0.0,0,0,0,65,45,49,4,1.0,0,0.0,0.0,0.0,0.0,0.0,0.0,0.0,0.06153846153846154
stage1b_single_agent_tiny,2,1,50735,933,1,75,75,1,0,44.31515121459961,1.0,1.0,1.0,0.375,0.0,0,0,3,120,26,58,32,1.0,3,0.08333333333333333,0.18333333333333332,0.05,-1.0000000000000002,0.0,0.0,0.0,0.008333333333333333
stage1b_single_agent_tiny,2,1,50855,934,1,75,75,1,0,92.24066925048828,2.0,2.0,2.0,0.375,0.0,0,0,2,120,6,36,30,1.0,1,0.15833333333333333,0.21666666666666667,0.14166666666666666,-1.3800000000000008,0.0,0.0,0.0,0.016666666666666666
stage1b_single_agent_tiny,2,1,50873,935,1,75,75,1,0,191.3444366455078,4.0,4.0,4.0,0.1875,0.0,0,0,0,18,3,15,12,1.0,1,0.16666666666666666,0.5,0.3333333333333333,-0.48000000000000004,0.0,0.0,0.0,0.2222222222222222
stage1b_single_agent_tiny,2,1,50961,936,1,75,75,1,0,187.76437377929688,4.0,4.0,4.0,0.375,0.0,0,0,0,88,2,65,63,1.0,6,0.25,0.5454545454545454,0.3068181818181818,-2.4600000000000013,0.0,0.0,0.0,0.045454545454545456
stage1b_single_agent_tiny,2,1,51081,937,1,75,75,1,0,-2.845209836959839,0.0,0.0,0.0,0.375,0.0,0,0,4,120,-1,-1,-1,0.0,0,0.0,0.0,0.0,0.0,0.0,0.0,0.0,0.0
stage1b_single_agent_tiny,2,1,51143,938,1,75,75,1,0,189.09413146972656,4.0,4.0,4.0,0.1875,0.0,0,0,0,62,20,35,15,1.0,1,0.04838709677419355,0.16129032258064516,0.03225806451612903,-0.44,0.0,0.0,0.0,0.06451612903225806
stage1b_single_agent_tiny,2,1,51263,939,1,75,75,1,0,45.2913703918457,1.0,1.0,1.0,0.25,0.0,0,0,3,120,4,29,25,1.0,3,0.075,0.16666666666666666,0.09166666666666666,-1.0200000000000005,0.0,0.0,0.0,0.008333333333333333
stage1b_single_agent_tiny,2,1,51289,940,1,75,75,1,0,191.47628784179688,4.0,4.0,4.0,0.1875,0.0,0,0,0,26,15,23,8,1.0,0,0.0,0.15384615384615385,0.11538461538461539,-0.22,0.0,0.0,0.0,0.15384615384615385
stage1b_single_agent_tiny,2,1,51409,941,1,75,75,1,0,-7.8411078453063965,1.0,1.0,0.0,0.25,0.0,0,0,3,120,73,-1,-1,0.0,3,0.26666666666666666,0.35833333333333334,0.16666666666666666,-2.1200000000000014,0.0,0.0,0.0,0.0
stage1b_single_agent_tiny,2,1,51529,942,1,75,75,1,0,38.6858024597168,1.0,1.0,1.0,0.1875,0.0,0,0,3,120,5,116,111,1.0,6,0.5666666666666667,0.8166666666666667,0.39166666666666666,-4.86,0.0,0.0,0.0,0.008333333333333333
stage1b_single_agent_tiny,2,1,51556,943,1,75,75,1,0,191.72010803222656,4.0,4.0,4.0,0.1875,0.0,0,0,0,27,22,22,0,1.0,0,0.0,0.0,0.0,0.0,0.0,0.0,0.0,0.14814814814814814
stage1b_single_agent_tiny,2,1,51617,944,1,75,75,1,0,191.36248779296875,4.0,4.0,4.0,0.25,0.0,0,0,0,61,47,47,0,1.0,1,0.01639344262295082,0.06557377049180328,0.03278688524590164,-0.2,0.0,0.0,0.0,0.06557377049180328
stage1b_single_agent_tiny,2,1,51654,945,1,75,75,1,0,192.07261657714844,4.0,4.0,4.0,0.1875,0.0,0,0,0,37,34,34,0,1.0,0,0.0,0.0,0.0,0.0,0.0,0.0,0.0,0.10810810810810811
stage1b_single_agent_tiny,2,1,51774,946,1,75,75,1,0,-12.039213180541992,1.0,1.0,0.0,0.1875,0.0,0,0,3,120,3,-1,-1,0.0,7,0.6166666666666667,0.8333333333333334,0.4166666666666667,-4.999999999999998,0.0,0.0,0.0,0.0
stage1b_single_agent_tiny,2,1,51889,947,1,75,75,1,0,189.93621826171875,4.0,4.0,4.0,0.3125,0.0,0,0,0,115,112,112,0,1.0,0,0.0,0.0,0.0,0.0,0.0,0.0,0.0,0.034782608695652174
stage1b_single_agent_tiny,2,1,52009,948,1,75,75,1,0,140.7151336669922,3.0,3.0,3.0,0.375,0.0,0,0,1,120,9,39,30,1.0,2,0.14166666666666666,0.21666666666666667,0.125,-1.3400000000000007,0.0,0.0,0.0,0.025
stage1b_single_agent_tiny,2,1,52019,949,1,75,75,1,0,191.93310546875,4.0,4.0,4.0,0.1875,0.0,0,0,0,10,7,7,0,1.0,0,0.0,0.0,0.0,0.0,0.0,0.0,0.0,0.4
stage1b_single_agent_tiny,2,1,52139,950,1,75,75,1,0,91.32769012451172,2.0,2.0,2.0,0.5,0.0,0,0,2,120,40,40,0,1.0,1,0.11666666666666667,0.19166666666666668,0.06666666666666667,-1.0800000000000005,0.0,0.0,0.0,0.016666666666666666
stage1b_single_agent_tiny,2,1,52259,951,1,75,75,1,0,-5.990845680236816,1.0,1.0,0.0,0.4375,0.0,0,0,3,120,116,-1,-1,0.0,0,0.0,0.025,0.016666666666666666,-0.16,0.0,0.0,0.0,0.0
stage1b_single_agent_tiny,2,1,52379,952,1,75,75,1,0,44.46718978881836,1.0,1.0,1.0,0.375,0.0,0,0,3,120,55,86,31,1.0,2,0.15,0.225,0.125,-1.3800000000000008,0.0,0.0,0.0,0.008333333333333333
stage1b_single_agent_tiny,2,1,52499,953,1,75,75,1,0,-3.1089835166931152,0.0,0.0,0.0,0.4375,0.0,0,0,4,120,-1,-1,-1,0.0,0,0.0,0.0,0.0,0.0,0.0,0.0,0.0,0.0
stage1b_single_agent_tiny,2,1,52520,954,1,75,75,1,0,191.53054809570312,4.0,4.0,4.0,0.1875,0.0,0,0,0,21,11,11,0,1.0,0,0.0,0.0,0.0,0.0,0.0,0.0,0.0,0.19047619047619047
stage1b_single_agent_tiny,2,1,52640,955,1,75,75,1,0,40.17103958129883,1.0,1.0,1.0,0.375,0.0,0,0,3,120,16,120,104,1.0,6,0.5583333333333333,0.7416666666666667,0.3416666666666667,-4.380000000000001,0.0,0.0,0.0,0.008333333333333333
stage1b_single_agent_tiny,2,1,52760,956,1,75,75,1,0,-8.12148380279541,1.0,1.0,0.0,0.375,0.0,0,0,3,120,83,-1,-1,0.0,4,0.08333333333333333,0.225,0.1,-1.3200000000000005,0.0,0.0,0.0,0.0
stage1b_single_agent_tiny,2,1,52875,957,1,75,75,1,0,186.6240997314453,4.0,4.0,4.0,0.4375,0.0,0,0,0,115,9,38,29,1.0,3,0.23478260869565218,0.41739130434782606,0.1391304347826087,-2.240000000000001,0.0,0.0,0.0,0.034782608695652174
stage1b_single_agent_tiny,2,1,52995,958,1,75,75,1,0,-1.6491360664367676,0.0,0.0,0.0,0.4375,0.0,0,0,4,120,-1,-1,-1,0.0,0,0.0,0.0,0.0,0.0,0.0,0.0,0.0,0.0
stage1b_single_agent_tiny,2,1,53115,959,1,75,75,1,0,44.12254333496094,1.0,1.0,1.0,0.5625,0.0,0,0,3,120,2,15,13,1.0,1,0.075,0.1,0.05,-0.6000000000000001,0.0,0.0,0.0,0.008333333333333333
stage1b_single_agent_tiny,2,1,53235,960,1,75,75,1,0,45.26866149902344,1.0,1.0,1.0,0.4375,0.0,0,0,3,120,24,36,12,1.0,1,0.008333333333333333,0.058333333333333334,0.025,-0.34,0.0,0.0,0.0,0.008333333333333333
stage1b_single_agent_tiny,2,1,53352,961,1,75,75,1,0,185.45396423339844,4.0,4.0,4.0,0.3125,0.0,0,0,0,117,11,112,101,1.0,6,0.47863247863247865,0.6923076923076923,0.28205128205128205,-3.900000000000003,0.0,0.0,0.0,0.03418803418803419
stage1b_single_agent_tiny,2,1,53470,962,1,75,75,1,0,188.55702209472656,4.0,4.0,4.0,0.5,0.0,0,0,0,118,105,105,0,1.0,1,0.025423728813559324,0.07627118644067797,0.025423728813559324,-0.42,0.0,0.0,0.0,0.03389830508474576
stage1b_single_agent_tiny,2,1,53541,963,1,75,75,1,0,190.97055053710938,4.0,4.0,4.0,0.25,0.0,0,0,0,71,25,25,0,1.0,0,0.0,0.0,0.0,0.0,0.0,0.0,0.0,0.056338028169014086
stage1b_single_agent_tiny,2,1,53661,964,1,75,75,1,0,140.1641082763672,3.0,3.0,3.0,0.5,0.0,0,0,1,120,2,2,0,1.0,1,0.05,0.08333333333333333,0.025,-0.45999999999999996,0.0,0.0,0.0,0.025
stage1b_single_agent_tiny,2,1,53781,965,1,75,75,1,0,91.44917297363281,2.0,2.0,2.0,0.375,0.0,0,0,2,120,7,54,47,1.0,4,0.1,0.275,0.11666666666666667,-1.6000000000000008,0.0,0.0,0.0,0.016666666666666666
stage1b_single_agent_tiny,2,1,53824,966,1,75,75,1,0,189.67138671875,4.0,4.0,4.0,0.25,0.0,0,0,0,43,3,37,34,1.0,3,0.32558139534883723,0.6511627906976745,0.2558139534883721,-1.3400000000000007,0.0,0.0,0.0,0.09302325581395349
stage1b_single_agent_tiny,2,1,53874,967,1,75,75,1,0,190.31150817871094,4.0,4.0,4.0,0.25,0.0,0,0,0,50,33,47,14,1.0,1,0.14,0.26,0.1,-0.6200000000000001,0.0,0.0,0.0,0.08
stage1b_single_agent_tiny,2,1,53909,968,1,75,75,1,0,191.24609375,4.0,4.0,4.0,0.3125,0.0,0,0,0,35,26,32,6,1.0,0,0.0,0.11428571428571428,0.0,-0.16,0.0,0.0,0.0,0.11428571428571428
stage1b_single_agent_tiny,2,1,54029,969,1,75,75,1,0,-3.872313976287842,0.0,0.0,0.0,0.3125,0.0,0,0,4,120,-1,-1,-1,0.0,0,0.0,0.0,0.0,0.0,0.0,0.0,0.0,0.0
stage1b_single_agent_tiny,2,1,54149,970,1,75,75,1,0,92.080322265625,2.0,2.0,2.0,0.3125,0.0,0,0,2,120,31,31,0,1.0,0,0.0,0.05,0.03333333333333333,-0.32,0.0,0.0,0.0,0.016666666666666666
stage1b_single_agent_tiny,2,1,54269,971,1,75,75,1,0,92.48906707763672,2.0,2.0,2.0,0.3125,0.0,0,0,2,120,9,31,22,1.0,1,0.1,0.15,0.05,-0.8400000000000001,0.0,0.0,0.0,0.016666666666666666
stage1b_single_agent_tiny,2,1,54389,972,1,75,75,1,0,-2.058518409729004,0.0,0.0,0.0,0.4375,0.0,0,0,4,120,-1,-1,-1,0.0,0,0.0,0.0,0.0,0.0,0.0,0.0,0.0,0.0
stage1b_single_agent_tiny,2,1,54438,973,1,75,75,1,0,188.11203002929688,4.0,4.0,4.0,0.1875,0.0,0,0,0,49,2,13,11,1.0,3,0.24489795918367346,0.673469387755102,0.2653061224489796,-1.580000000000001,0.0,0.0,0.0,0.08163265306122448
stage1b_single_agent_tiny,2,1,54558,974,1,75,75,1,0,42.918243408203125,1.0,1.0,1.0,0.25,0.0,0,0,3,120,12,17,5,1.0,0,0.0,0.016666666666666666,0.016666666666666666,-0.12,0.0,0.0,0.0,0.008333333333333333
stage1b_single_agent_tiny,2,1,54641,975,1,75,75,1,0,186.61790466308594,4.0,4.0,4.0,0.1875,0.0,0,0,0,83,26,26,0,1.0,4,0.2891566265060241,0.5180722891566265,0.1686746987951807,-2.0000000000000013,0.0,0.0,0.0,0.04819277108433735
stage1b_single_agent_tiny,2,1,54761,976,1,75,75,1,0,46.07240676879883,1.0,1.0,1.0,0.3125,0.0,0,0,3,120,93,102,9,1.0,1,0.025,0.05,0.008333333333333333,-0.26,0.0,0.0,0.0,0.008333333333333333
stage1b_single_agent_tiny,2,1,54809,977,1,75,75,1,0,189.9928741455078,4.0,4.0,4.0,0.25,0.0,0,0,0,48,23,23,0,1.0,2,0.2916666666666667,0.4166666666666667,0.20833333333333334,-1.0000000000000004,0.0,0.0,0.0,0.08333333333333333
stage1b_single_agent_tiny,2,1,54863,978,1,75,75,1,0,190.2802734375,4.0,4.0,4.0,0.3125,0.0,0,0,0,54,16,17,1,1.0,0,0.0,0.05555555555555555,0.018518518518518517,-0.14,0.0,0.0,0.0,0.07407407407407407
stage1b_single_agent_tiny,2,1,54906,979,1,75,75,1,0,190.52601623535156,4.0,4.0,4.0,0.25,0.0,0,0,0,43,3,15,12,1.0,2,0.09302325581395349,0.2558139534883721,0.06976744186046512,-0.5,0.0,0.0,0.0,0.09302325581395349
stage1b_single_agent_tiny,2,1,55026,980,1,75,75,1,0,85.33866119384766,3.0,3.0,2.0,0.375,0.0,0,0,1,120,9,11,2,0.6666666666666666,0,0.0,0.025,0.0,-0.12,0.0,0.0,0.0,0.016666666666666666
stage1b_single_agent_tiny,2,1,55146,981,1,75,75,1,0,44.31236267089844,1.0,1.0,1.0,0.4375,0.0,0,0,3,120,1,31,30,1.0,2,0.16666666666666666,0.21666666666666667,0.058333333333333334,-1.1800000000000004,0.0,0.0,0.0,0.008333333333333333
stage1b_single_agent_tiny,2,1,55184,982,1,75,75,1,0,190.92962646484375,4.0,4.0,4.0,0.3125,0.0,0,0,0,38,2,2,0,1.0,0,0.0,0.0,0.0,0.0,0.0,0.0,0.0,0.10526315789473684
stage1b_single_agent_tiny,2,1,55304,983,1,75,75,1,0,138.7598876953125,3.0,3.0,3.0,0.5,0.0,0,0,1,120,2,3,1,1.0,2,0.058333333333333334,0.14166666666666666,0.05,-0.8,0.0,0.0,0.0,0.025
stage1b_single_agent_tiny,2,1,55424,984,1,75,75,1,0,91.23265075683594,2.0,2.0,2.0,0.4375,0.0,0,0,2,120,5,7,2,1.0,1,0.016666666666666666,0.06666666666666667,0.0,-0.32,0.0,0.0,0.0,0.016666666666666666
stage1b_single_agent_tiny,2,1,55544,985,1,75,75,1,0,138.57139587402344,3.0,3.0,3.0,0.5,0.0,0,0,1,120,4,5,1,1.0,2,0.041666666666666664,0.1,0.016666666666666666,-0.5199999999999999,0.0,0.0,0.0,0.025
stage1b_single_agent_tiny,2,1,55664,986,1,75,75,1,0,43.4229850769043,1.0,1.0,1.0,0.5625,0.0,0,0,3,120,101,113,12,1.0,1,0.008333333333333333,0.058333333333333334,0.008333333333333333,-0.30000000000000004,0.0,0.0,0.0,0.008333333333333333
stage1b_single_agent_tiny,2,1,55711,987,1,75,75,1,0,190.47857666015625,4.0,4.0,4.0,0.4375,0.0,0,0,0,47,5,7,2,1.0,0,0.0,0.0,0.0,0.0,0.0,0.0,0.0,0.0851063829787234
stage1b_single_agent_tiny,2,1,55785,988,1,75,75,1,0,187.95191955566406,4.0,4.0,4.0,0.5,0.0,0,0,0,74,18,18,0,1.0,2,0.08108108108108109,0.21621621621621623,0.02702702702702703,-0.6800000000000002,0.0,0.0,0.0,0.05405405405405406
stage1b_single_agent_tiny,2,1,55862,989,1,75,75,1,0,188.87069702148438,4.0,4.0,4.0,0.5625,0.0,0,0,0,77,6,29,23,1.0,3,0.24675324675324675,0.4155844155844156,0.07792207792207792,-1.4000000000000006,0.0,0.0,0.0,0.05194805194805195
stage1b_single_agent_tiny,2,1,55982,990,1,75,75,1,0,133.81724548339844,4.0,4.0,3.0,0.5,0.0,0,0,0,120,26,27,1,0.75,3,0.1,0.23333333333333334,0.05,-1.2400000000000004,0.0,0.0,0.0,0.025
stage1b_single_agent_tiny,2,1,55988,991,1,75,75,1,0,192.00201416015625,4.0,4.0,4.0,0.125,0.0,0,0,0,6,2,2,0,1.0,0,0.0,0.0,0.0,0.0,0.0,0.0,0.0,0.6666666666666666
stage1b_single_agent_tiny,2,1,56108,992,1,75,75,1,0,91.5222396850586,2.0,2.0,2.0,0.5625,0.0,0,0,2,120,29,39,10,1.0,2,0.058333333333333334,0.14166666666666666,0.016666666666666666,-0.7200000000000001,0.0,0.0,0.0,0.016666666666666666
stage1b_single_agent_tiny,2,1,56228,993,1,75,75,1,0,135.0803680419922,4.0,4.0,3.0,0.5625,0.0,0,0,0,120,52,60,8,0.75,2,0.041666666666666664,0.1,0.008333333333333333,-0.4999999999999999,0.0,0.0,0.0,0.025
stage1b_single_agent_tiny,2,1,56322,994,1,75,75,1,0,185.60406494140625,4.0,4.0,4.0,0.375,0.0,0,0,0,94,3,50,47,1.0,4,0.3404255319148936,0.5319148936170213,0.1702127659574468,-2.320000000000001,0.0,0.0,0.0,0.0425531914893617
stage1b_single_agent_tiny,2,1,56430,995,1,75,75,1,0,187.05621337890625,4.0,4.0,4.0,0.5625,0.0,0,0,0,108,32,32,0,1.0,2,0.06481481481481481,0.19444444444444445,0.027777777777777776,-0.9000000000000001,0.0,0.0,0.0,0.037037037037037035
stage1b_single_agent_tiny,2,1,56550,996,1,75,75,1,0,-4.382812976837158,0.0,0.0,0.0,0.4375,0.0,0,0,4,120,-1,-1,-1,0.0,0,0.0,0.0,0.0,0.0,0.0,0.0,0.0,0.0
stage1b_single_agent_tiny,2,1,56670,997,1,75,75,1,0,90.87215423583984,2.0,2.0,2.0,0.5,0.0,0,0,2,120,2,16,14,1.0,1,0.05,0.075,0.008333333333333333,-0.37999999999999995,0.0,0.0,0.0,0.016666666666666666
stage1b_single_agent_tiny,2,1,56790,998,1,75,75,1,0,139.4375762939453,3.0,3.0,3.0,0.5,0.0,0,0,1,120,22,24,2,1.0,1,0.03333333333333333,0.058333333333333334,0.0,-0.28,0.0,0.0,0.0,0.025
stage1b_single_agent_tiny,2,1,56890,999,1,75,75,1,0,187.48214721679688,4.0,4.0,4.0,0.5,0.0,0,0,0,100,12,18,6,1.0,0,0.0,0.05,0.0,-0.2,0.0,0.0,0.0,0.04
stage1b_single_agent_tiny,2,1,56904,1000,1,75,75,1,0,191.4683837890625,4.0,4.0,4.0,0.1875,0.0,0,0,0,14,7,7,0,1.0,0,0.0,0.0,0.0,0.0,0.0,0.0,0.0,0.2857142857142857
stage1b_single_agent_tiny,2,1,57024,1001,1,75,75,1,0,87.2984390258789,3.0,3.0,2.0,0.5625,0.0,0,0,1,120,67,70,3,0.6666666666666666,0,0.0,0.025,0.0,-0.12,0.0,0.0,0.0,0.016666666666666666
stage1b_single_agent_tiny,2,1,57144,1002,1,75,75,1,0,135.1089630126953,4.0,4.0,3.0,0.5625,0.0,0,0,0,120,4,19,15,0.75,1,0.016666666666666666,0.19166666666666668,0.0,-0.9200000000000003,0.0,0.0,0.0,0.025
stage1b_single_agent_tiny,2,1,57264,1003,1,75,75,1,0,44.1557731628418,1.0,1.0,1.0,0.5625,0.0,0,0,3,120,2,6,4,1.0,0,0.0,0.025,0.008333333333333333,-0.14,0.0,0.0,0.0,0.008333333333333333
stage1b_single_agent_tiny,2,1,57368,1004,1,75,75,1,0,186.8519287109375,4.0,4.0,4.0,0.5625,0.0,0,0,0,104,17,28,11,1.0,3,0.07692307692307693,0.27884615384615385,0.009615384615384616,-1.1800000000000004,0.0,0.0,0.0,0.038461538461538464
stage1b_single_agent_tiny,2,1,57468,1005,1,75,75,1,0,186.45465087890625,4.0,4.0,4.0,0.5,0.0,0,0,0,100,2,24,22,1.0,1,0.02,0.17,0.03,-0.74,0.0,0.0,0.0,0.04
stage1b_single_agent_tiny,2,1,57588,1006,1,75,75,1,0,44.2227783203125,1.0,1.0,1.0,0.5,0.0,0,0,3,120,23,32,9,1.0,0,0.0,0.041666666666666664,0.0,-0.2,0.0,0.0,0.0,0.008333333333333333
stage1b_single_agent_tiny,2,1,57672,1007,1,75,75,1,0,187.59271240234375,4.0,4.0,4.0,0.5,0.0,0,0,0,84,34,51,17,1.0,2,0.047619047619047616,0.21428571428571427,0.0,-0.7200000000000001,0.0,0.0,0.0,0.047619047619047616
stage1b_single_agent_tiny,2,1,57792,1008,1,75,75,1,0,43.489925384521484,1.0,1.0,1.0,0.5625,0.0,0,0,3,120,49,58,9,1.0,0,0.0,0.041666666666666664,0.0,-0.2,0.0,0.0,0.0,0.008333333333333333
stage1b_single_agent_tiny,2,1,57912,1009,1,75,75,1,0,43.742149353027344,1.0,1.0,1.0,0.5,0.0,0,0,3,120,65,73,8,1.0,1,0.008333333333333333,0.041666666666666664,0.0,-0.2,0.0,0.0,0.0,0.008333333333333333
stage1b_single_agent_tiny,2,1,57997,1010,1,75,75,1,0,187.1866455078125,4.0,4.0,4.0,0.5,0.0,0,0,0,85,8,11,3,1.0,0,0.0,0.047058823529411764,0.0,-0.16,0.0,0.0,0.0,0.047058823529411764
stage1b_single_agent_tiny,2,1,58117,1011,1,75,75,1,0,91.5088882446289,2.0,2.0,2.0,0.5,0.0,0,0,2,120,55,67,12,1.0,1,0.058333333333333334,0.13333333333333333,0.0,-0.64,0.0,0.0,0.0,0.016666666666666666
stage1b_single_agent_tiny,2,1,58214,1012,1,75,75,1,0,187.62893676757812,4.0,4.0,4.0,0.5,0.0,0,0,0,97,20,21,1,1.0,0,0.0,0.020618556701030927,0.0,-0.08,0.0,0.0,0.0,0.041237113402061855
stage1b_single_agent_tiny,2,1,58316,1013,1,75,75,1,0,186.38986206054688,4.0,4.0,4.0,0.5,0.0,0,0,0,102,2,25,23,1.0,4,0.09803921568627451,0.37254901960784315,0.00980392156862745,-1.5400000000000007,0.0,0.0,0.0,0.0392156862745098
stage1b_single_agent_tiny,2,1,58436,1014,1,75,75,1,0,-3.182265281677246,0.0,0.0,0.0,0.5,0.0,0,0,4,120,-1,-1,-1,0.0,0,0.0,0.0,0.0,0.0,0.0,0.0,0.0,0.0
stage1b_single_agent_tiny,2,1,58499,1015,1,75,75,1,0,189.70169067382812,4.0,4.0,4.0,0.5625,0.0,0,0,0,63,4,4,0,1.0,0,0.0,0.06349206349206349,0.031746031746031744,-0.2,0.0,0.0,0.0,0.06349206349206349
stage1b_single_agent_tiny,2,1,58600,1016,1,75,75,1,0,186.23150634765625,4.0,4.0,4.0,0.5625,0.0,0,0,0,101,4,23,19,1.0,4,0.1188118811881188,0.3564356435643564,0.009900990099009901,-1.4600000000000006,0.0,0.0,0.0,0.039603960396039604
stage1b_single_agent_tiny,2,1,58609,1017,1,75,75,1,0,191.24761962890625,4.0,4.0,4.0,0.125,0.0,0,0,0,9,2,4,2,1.0,0,0.0,0.0,0.0,0.0,0.0,0.0,0.0,0.4444444444444444
stage1b_single_agent_tiny,2,1,58658,1018,1,75,75,1,0,189.240478515625,4.0,4.0,4.0,0.375,0.0,0,0,0,49,3,3,0,1.0,1,0.02040816326530612,0.1836734693877551,0.0,-0.36,0.0,0.0,0.0,0.08163265306122448
stage1b_single_agent_tiny,2,1,58778,1019,1,75,75,1,0,-3.269289970397949,0.0,0.0,0.0,0.5,0.0,0,0,4,120,-1,-1,-1,0.0,0,0.0,0.0,0.0,0.0,0.0,0.0,0.0,0.0
stage1b_single_agent_tiny,2,1,58860,1020,1,75,75,1,0,188.001220703125,4.0,4.0,4.0,0.5,0.0,0,0,0,82,32,32,0,1.0,1,0.024390243902439025,0.10975609756097561,0.0,-0.36,0.0,0.0,0.0,0.04878048780487805
stage1b_single_agent_tiny,2,1,58957,1021,1,75,75,1,0,186.98580932617188,4.0,4.0,4.0,0.5,0.0,0,0,0,97,10,23,13,1.0,4,0.14432989690721648,0.3402061855670103,0.0,-1.3200000000000005,0.0,0.0,0.0,0.041237113402061855
stage1b_single_agent_tiny,2,1,59066,1022,1,75,75,1,0,188.05517578125,4.0,4.0,4.0,0.5625,0.0,0,0,0,109,5,5,0,1.0,0,0.0,0.0,0.0,0.0,0.0,0.0,0.0,0.03669724770642202
stage1b_single_agent_tiny,2,1,59144,1023,1,75,75,1,0,188.10113525390625,4.0,4.0,4.0,0.5625,0.0,0,0,0,78,1,4,3,1.0,0,0.0,0.02564102564102564,0.0,-0.08,0.0,0.0,0.0,0.05128205128205128
stage1b_single_agent_tiny,2,1,59208,1024,1,75,75,1,0,188.11373901367188,4.0,4.0,4.0,0.5,0.0,0,0,0,64,1,4,3,1.0,1,0.03125,0.1875,0.0,-0.4799999999999999,0.0,0.0,0.0,0.0625
stage1b_single_agent_tiny,2,1,59305,1025,1,75,75,1,0,187.64553833007812,4.0,4.0,4.0,0.5,0.0,0,0,0,97,4,21,17,1.0,2,0.020618556701030927,0.2268041237113402,0.0,-0.8800000000000002,0.0,0.0,0.0,0.041237113402061855
stage1b_single_agent_tiny,2,1,59422,1026,1,75,75,1,0,186.21151733398438,4.0,4.0,4.0,0.5,0.0,0,0,0,117,28,41,13,1.0,4,0.05128205128205128,0.23076923076923078,0.0,-1.0800000000000003,0.0,0.0,0.0,0.03418803418803419
stage1b_single_agent_tiny,2,1,59535,1027,1,75,75,1,0,187.3458251953125,4.0,4.0,4.0,0.5,0.0,0,0,0,113,4,13,9,1.0,1,0.017699115044247787,0.07964601769911504,0.0,-0.36,0.0,0.0,0.0,0.035398230088495575
stage1b_single_agent_tiny,2,1,59612,1028,1,75,75,1,0,186.73507690429688,4.0,4.0,4.0,0.5,0.0,0,0,0,77,3,26,23,1.0,3,0.1038961038961039,0.42857142857142855,0.012987012987012988,-1.3400000000000005,0.0,0.0,0.0,0.05194805194805195
stage1b_single_agent_tiny,2,1,59732,1029,1,75,75,1,0,140.1591796875,3.0,3.0,3.0,0.5,0.0,0,0,1,120,18,19,1,1.0,0,0.0,0.0,0.0,0.0,0.0,0.0,0.0,0.025
stage1b_single_agent_tiny,2,1,59830,1030,1,75,75,1,0,186.60281372070312,4.0,4.0,4.0,0.5625,0.0,0,0,0,98,30,45,15,1.0,3,0.061224489795918366,0.32653061224489793,0.030612244897959183,-1.3400000000000005,0.0,0.0,0.0,0.04081632653061224
stage1b_single_agent_tiny,2,1,59888,1031,1,75,75,1,0,188.75079345703125,4.0,4.0,4.0,0.5,0.0,0,0,0,58,17,17,0,1.0,2,0.06896551724137931,0.25862068965517243,0.0,-0.6,0.0,0.0,0.0,0.06896551724137931
stage1b_single_agent_tiny,2,1,59994,1032,1,75,75,1,0,188.0645751953125,4.0,4.0,4.0,0.5625,0.0,0,0,0,106,2,2,0,1.0,0,0.0,0.11320754716981132,0.009433962264150943,-0.49999999999999994,0.0,0.0,0.0,0.03773584905660377
stage1b_single_agent_tiny,2,1,60114,1033,1,75,75,1,0,134.85842895507812,4.0,4.0,3.0,0.5,0.0,0,0,0,120,16,22,6,0.75,0,0.0,0.05,0.0,-0.24000000000000002,0.0,0.0,0.0,0.025
stage1b_single_agent_tiny,2,1,60234,1034,1,75,75,1,0,139.39776611328125,3.0,3.0,3.0,0.5625,0.0,0,0,1,120,29,42,13,1.0,2,0.041666666666666664,0.18333333333333332,0.008333333333333333,-0.9000000000000001,0.0,0.0,0.0,0.025
stage1b_single_agent_tiny,2,1,60354,1035,1,75,75,1,0,139.12229919433594,3.0,3.0,3.0,0.5,0.0,0,0,1,120,24,28,4,1.0,0,0.0,0.03333333333333333,0.008333333333333333,-0.18,0.0,0.0,0.0,0.025
stage1b_single_agent_tiny,2,1,60463,1036,1,75,75,1,0,187.640380859375,4.0,4.0,4.0,0.5625,0.0,0,0,0,109,4,5,1,1.0,1,0.009174311926605505,0.045871559633027525,0.0,-0.2,0.0,0.0,0.0,0.03669724770642202
stage1b_single_agent_tiny,2,1,60583,1037,1,75,75,1,0,91.5447769165039,2.0,2.0,2.0,0.5625,0.0,0,0,2,120,57,59,2,1.0,0,0.0,0.03333333333333333,0.0,-0.16,0.0,0.0,0.0,0.016666666666666666
stage1b_single_agent_tiny,2,1,60703,1038,1,75,75,1,0,139.15370178222656,3.0,3.0,3.0,0.5625,0.0,0,0,1,120,43,48,5,1.0,0,0.0,0.025,0.0,-0.12,0.0,0.0,0.0,0.025
stage1b_single_agent_tiny,2,1,60784,1039,1,75,75,1,0,188.70889282226562,4.0,4.0,4.0,0.5625,0.0,0,0,0,81,2,3,1,1.0,1,0.012345679012345678,0.07407407407407407,0.0,-0.24000000000000002,0.0,0.0,0.0,0.04938271604938271
stage1b_single_agent_tiny,2,1,60856,1040,1,75,75,1,0,187.77886962890625,4.0,4.0,4.0,0.5625,0.0,0,0,0,72,2,11,9,1.0,3,0.1527777777777778,0.3888888888888889,0.05555555555555555,-1.2000000000000004,0.0,0.0,0.0,0.05555555555555555
stage1b_single_agent_tiny,2,1,60936,1041,1,75,75,1,0,187.82305908203125,4.0,4.0,4.0,0.5625,0.0,0,0,0,80,5,18,13,1.0,2,0.175,0.3,0.05,-1.0400000000000003,0.0,0.0,0.0,0.05
stage1b_single_agent_tiny,2,1,61056,1042,1,75,75,1,0,134.21714782714844,4.0,4.0,3.0,0.5625,0.0,0,0,0,120,2,22,20,0.75,1,0.016666666666666666,0.11666666666666667,0.0,-0.5599999999999999,0.0,0.0,0.0,0.025
stage1b_single_agent_tiny,2,1,61176,1043,1,75,75,1,0,92.7843017578125,2.0,2.0,2.0,0.5625,0.0,0,0,2,120,28,33,5,1.0,1,0.008333333333333333,0.058333333333333334,0.025,-0.34,0.0,0.0,0.0,0.016666666666666666
stage1b_single_agent_tiny,2,1,61277,1044,1,75,75,1,0,188.87127685546875,4.0,4.0,4.0,0.5625,0.0,0,0,0,101,15,21,6,1.0,1,0.009900990099009901,0.06930693069306931,0.019801980198019802,-0.32,0.0,0.0,0.0,0.039603960396039604
stage1b_single_agent_tiny,2,1,61397,1045,1,75,75,1,0,44.88473892211914,1.0,1.0,1.0,0.5,0.0,0,0,3,120,103,114,11,1.0,2,0.016666666666666666,0.06666666666666667,0.0,-0.32,0.0,0.0,0.0,0.008333333333333333
stage1b_single_agent_tiny,2,1,61412,1046,1,75,75,1,0,190.88516235351562,4.0,4.0,4.0,0.1875,0.0,0,0,0,15,3,10,7,1.0,0,0.0,0.13333333333333333,0.0,-0.08,0.0,0.0,0.0,0.26666666666666666
stage1b_single_agent_tiny,2,1,61532,1047,1,75,75,1,0,140.8345489501953,3.0,3.0,3.0,0.5625,0.0,0,0,1,120,4,6,2,1.0,0,0.0,0.008333333333333333,0.0,-0.04,0.0,0.0,0.0,0.025
stage1b_single_agent_tiny,2,1,61625,1048,1,75,75,1,0,188.58761596679688,4.0,4.0,4.0,0.5625,0.0,0,0,0,93,2,9,7,1.0,1,0.021505376344086023,0.07526881720430108,0.010752688172043012,-0.3,0.0,0.0,0.0,0.043010752688172046
stage1b_single_agent_tiny,2,1,61745,1049,1,75,75,1,0,132.70501708984375,4.0,4.0,3.0,0.5625,0.0,0,0,0,120,2,33,31,0.75,5,0.2916666666666667,0.49166666666666664,0.05,-2.4800000000000013,0.0,0.0,0.0,0.025
stage1b_single_agent_tiny,2,1,61865,1050,1,75,75,1,0,140.84817504882812,3.0,3.0,3.0,0.4375,0.0,0,0,1,120,42,42,0,1.0,1,0.03333333333333333,0.08333333333333333,0.016666666666666666,-0.43999999999999995,0.0,0.0,0.0,0.025
stage1b_single_agent_tiny,2,1,61929,1051,1,75,75,1,0,190.12313842773438,4.0,4.0,4.0,0.4375,0.0,0,0,0,64,19,19,0,1.0,0,0.0,0.03125,0.0,-0.08,0.0,0.0,0.0,0.0625
stage1b_single_agent_tiny,2,1,62049,1052,1,75,75,1,0,44.548580169677734,1.0,1.0,1.0,0.5,0.0,0,0,3,120,3,12,9,1.0,0,0.0,0.041666666666666664,0.008333333333333333,-0.22,0.0,0.0,0.0,0.008333333333333333
stage1b_single_agent_tiny,2,1,62169,1053,1,75,75,1,0,-3.000131845474243,0.0,0.0,0.0,0.4375,0.0,0,0,4,120,-1,-1,-1,0.0,0,0.0,0.0,0.0,0.0,0.0,0.0,0.0,0.0
stage1b_single_agent_tiny,2,2,62221,1054,1,75,75,1,0,191.61416625976562,4.0,4.0,4.0,0.125,0.0,0,0,0,13,4,10,6,1.0,1,0.15384615384615385,0.38461538461538464,0.23076923076923078,-0.26,0.0,0.0,0.0,0.3076923076923077
stage1b_single_agent_tiny,2,2,62316,1055,1,75,75,1,0,188.3546905517578,4.0,4.0,4.0,0.1875,0.0,0,0,0,95,48,57,9,1.0,4,0.10526315789473684,0.30526315789473685,0.2,-1.540000000000001,0.0,0.0,0.0,0.042105263157894736
stage1b_single_agent_tiny,2,2,62436,1056,1,75,75,1,0,-8.207279205322266,1.0,1.0,0.0,0.375,0.0,0,0,3,120,98,-1,-1,0.0,1,0.125,0.175,0.075,-1.0200000000000005,0.0,0.0,0.0,0.0
stage1b_single_agent_tiny,2,2,62526,1057,1,75,75,1,0,190.57199096679688,4.0,4.0,4.0,0.5,0.0,0,0,0,90,81,81,0,1.0,0,0.0,0.044444444444444446,0.022222222222222223,-0.2,0.0,0.0,0.0,0.044444444444444446
stage1b_single_agent_tiny,2,2,62646,1058,1,75,75,1,0,41.2486686706543,1.0,1.0,1.0,0.375,0.0,0,0,3,120,3,105,102,1.0,8,0.325,0.6416666666666667,0.3,-3.800000000000003,0.0,0.0,0.0,0.008333333333333333
stage1b_single_agent_tiny,2,2,62670,1059,1,75,75,1,0,191.10400390625,4.0,4.0,4.0,0.125,0.0,0,0,0,24,9,21,12,1.0,1,0.3333333333333333,0.4583333333333333,0.3333333333333333,-0.6000000000000001,0.0,0.0,0.0,0.16666666666666666
stage1b_single_agent_tiny,2,2,62790,1060,1,75,75,1,0,92.7304458618164,2.0,2.0,2.0,0.3125,0.0,0,0,2,120,53,75,22,1.0,1,0.05,0.13333333333333333,0.06666666666666667,-0.8000000000000003,0.0,0.0,0.0,0.016666666666666666
stage1b_single_agent_tiny,2,2,62910,1061,1,75,75,1,0,93.69568634033203,2.0,2.0,2.0,0.375,0.0,0,0,2,120,53,60,7,1.0,0,0.0,0.025,0.025,-0.18,0.0,0.0,0.0,0.016666666666666666
stage1b_single_agent_tiny,2,2,63030,1062,1,75,75,1,0,-2.3896520137786865,0.0,0.0,0.0,0.375,0.0,0,0,4,120,-1,-1,-1,0.0,0,0.0,0.0,0.0,0.0,0.0,0.0,0.0,0.0
stage1b_single_agent_tiny,2,2,63150,1063,1,75,75,1,0,93.80818939208984,2.0,2.0,2.0,0.3125,0.0,0,0,2,120,119,119,0,1.0,0,0.0,0.0,0.0,0.0,0.0,0.0,0.0,0.016666666666666666
stage1b_single_agent_tiny,2,2,63218,1064,1,75,75,1,0,191.51144409179688,4.0,4.0,4.0,0.1875,0.0,0,0,0,68,65,65,0,1.0,0,0.0,0.0,0.0,0.0,0.0,0.0,0.0,0.058823529411764705
stage1b_single_agent_tiny,2,2,63338,1065,1,75,75,1,0,42.66966247558594,1.0,1.0,1.0,0.3125,0.0,0,0,3,120,2,59,57,1.0,5,0.13333333333333333,0.3416666666666667,0.23333333333333334,-2.2000000000000015,0.0,0.0,0.0,0.008333333333333333
stage1b_single_agent_tiny,2,2,63458,1066,1,75,75,1,0,-2.4234142303466797,0.0,0.0,0.0,0.375,0.0,0,0,4,120,-1,-1,-1,0.0,0,0.0,0.0,0.0,0.0,0.0,0.0,0.0,0.0
stage1b_single_agent_tiny,2,2,63578,1067,1,75,75,1,0,-4.338239669799805,0.0,0.0,0.0,0.4375,0.0,0,0,4,120,-1,-1,-1,0.0,0,0.0,0.0,0.0,0.0,0.0,0.0,0.0,0.0
stage1b_single_agent_tiny,2,2,63698,1068,1,75,75,1,0,137.0188446044922,4.0,4.0,3.0,0.4375,0.0,0,0,0,120,1,10,9,0.75,2,0.05,0.13333333333333333,0.075,-0.8200000000000003,0.0,0.0,0.0,0.025
stage1b_single_agent_tiny,2,2,63729,1069,1,75,75,1,0,191.18215942382812,4.0,4.0,4.0,0.25,0.0,0,0,0,31,28,28,0,1.0,0,0.0,0.0,0.0,0.0,0.0,0.0,0.0,0.12903225806451613
stage1b_single_agent_tiny,2,2,63849,1070,1,75,75,1,0,42.34674835205078,1.0,1.0,1.0,0.375,0.0,0,0,3,120,21,78,57,1.0,4,0.2,0.38333333333333336,0.175,-2.260000000000001,0.0,0.0,0.0,0.008333333333333333
stage1b_single_agent_tiny,2,2,63905,1071,1,75,75,1,0,191.37310791015625,4.0,4.0,4.0,0.25,0.0,0,0,0,56,11,12,1,1.0,0,0.0,0.0,0.0,0.0,0.0,0.0,0.0,0.07142857142857142
stage1b_single_agent_tiny,2,2,64025,1072,1,75,75,1,0,44.67696762084961,1.0,1.0,1.0,0.375,0.0,0,0,3,120,17,35,18,1.0,2,0.058333333333333334,0.10833333333333334,0.05,-0.6400000000000001,0.0,0.0,0.0,0.008333333333333333
stage1b_single_agent_tiny,2,2,64145,1073,1,75,75,1,0,45.17015075683594,1.0,1.0,1.0,0.375,0.0,0,0,3,120,2,14,12,1.0,1,0.025,0.075,0.03333333333333333,-0.44,0.0,0.0,0.0,0.008333333333333333
stage1b_single_agent_tiny,2,2,64265,1074,1,75,75,1,0,134.42054748535156,4.0,4.0,3.0,0.375,0.0,0,0,0,120,3,5,2,0.75,6,0.24166666666666667,0.4,0.21666666666666667,-2.4400000000000013,0.0,0.0,0.0,0.025
stage1b_single_agent_tiny,2,2,64385,1075,1,75,75,1,0,-1.1473679542541504,0.0,0.0,0.0,0.375,0.0,0,0,4,120,-1,-1,-1,0.0,0,0.0,0.0,0.0,0.0,0.0,0.0,0.0,0.0
stage1b_single_agent_tiny,2,2,64505,1076,1,75,75,1,0,42.85613250732422,1.0,1.0,1.0,0.4375,0.0,0,0,3,120,8,41,33,1.0,3,0.10833333333333334,0.20833333333333334,0.09166666666666666,-1.2200000000000006,0.0,0.0,0.0,0.008333333333333333
stage1b_single_agent_tiny,2,2,64625,1077,1,75,75,1,0,140.92013549804688,3.0,3.0,3.0,0.375,0.0,0,0,1,120,20,23,3,1.0,2,0.14166666666666666,0.24166666666666667,0.125,-1.4600000000000006,0.0,0.0,0.0,0.025
stage1b_single_agent_tiny,2,2,64745,1078,1,75,75,1,0,131.93521118164062,4.0,4.0,3.0,0.3125,0.0,0,0,0,120,3,31,28,0.75,12,0.44166666666666665,0.7666666666666667,0.375,-4.580000000000002,0.0,0.0,0.0,0.025
stage1b_single_agent_tiny,2,2,64865,1079,1,75,75,1,0,-2.62066388130188,0.0,0.0,0.0,0.375,0.0,0,0,4,120,-1,-1,-1,0.0,0,0.0,0.0,0.0,0.0,0.0,0.0,0.0,0.0
stage1b_single_agent_tiny,2,2,64985,1080,1,75,75,1,0,135.43128967285156,4.0,4.0,3.0,0.1875,0.0,0,0,0,120,7,20,13,0.75,5,0.2,0.35,0.18333333333333332,-2.1200000000000014,0.0,0.0,0.0,0.025
stage1b_single_agent_tiny,2,2,65093,1081,1,75,75,1,0,188.8955535888672,4.0,4.0,4.0,0.25,0.0,0,0,0,108,59,91,32,1.0,2,0.1574074074074074,0.2222222222222222,0.14814814814814814,-1.2800000000000005,0.0,0.0,0.0,0.037037037037037035
stage1b_single_agent_tiny,2,2,65213,1082,1,75,75,1,0,-2.839833974838257,0.0,0.0,0.0,0.375,0.0,0,0,4,120,-1,-1,-1,0.0,0,0.0,0.0,0.0,0.0,0.0,0.0,0.0,0.0
stage1b_single_agent_tiny,2,2,65333,1083,1,75,75,1,0,-11.021976470947266,1.0,1.0,0.0,0.125,0.0,0,0,3,120,24,-1,-1,0.0,8,0.31666666666666665,0.6416666666666667,0.39166666666666666,-4.020000000000003,0.0,0.0,0.0,0.0
stage1b_single_agent_tiny,2,2,65426,1084,1,75,75,1,0,189.40185546875,4.0,4.0,4.0,0.5,0.0,0,0,0,93,21,42,21,1.0,1,0.11827956989247312,0.17204301075268819,0.0967741935483871,-0.8200000000000001,0.0,0.0,0.0,0.043010752688172046
stage1b_single_agent_tiny,2,2,65546,1085,1,75,75,1,0,134.221923828125,4.0,4.0,3.0,0.3125,0.0,0,0,0,120,15,49,34,0.75,6,0.225,0.43333333333333335,0.225,-2.6200000000000014,0.0,0.0,0.0,0.025
stage1b_single_agent_tiny,2,2,65666,1086,1,75,75,1,0,-1.8400819301605225,0.0,0.0,0.0,0.5,0.0,0,0,4,120,-1,-1,-1,0.0,0,0.0,0.0,0.0,0.0,0.0,0.0,0.0,0.0
stage1b_single_agent_tiny,2,2,65719,1087,1,75,75,1,0,189.8641357421875,4.0,4.0,4.0,0.1875,0.0,0,0,0,53,9,41,32,1.0,3,0.1509433962264151,0.4528301886792453,0.3018867924528302,-1.2800000000000007,0.0,0.0,0.0,0.07547169811320754
stage1b_single_agent_tiny,2,2,65743,1088,1,75,75,1,0,191.32965087890625,4.0,4.0,4.0,0.125,0.0,0,0,0,24,17,21,4,1.0,0,0.0,0.125,0.08333333333333333,-0.16,0.0,0.0,0.0,0.16666666666666666
stage1b_single_agent_tiny,2,2,65814,1089,1,75,75,1,0,188.21432495117188,4.0,4.0,4.0,0.25,0.0,0,0,0,71,46,68,22,1.0,2,0.07042253521126761,0.2112676056338028,0.08450704225352113,-0.72,0.0,0.0,0.0,0.056338028169014086
stage1b_single_agent_tiny,2,2,65934,1090,1,75,75,1,0,-3.6198551654815674,0.0,0.0,0.0,0.5,0.0,0,0,4,120,-1,-1,-1,0.0,0,0.0,0.0,0.0,0.0,0.0,0.0,0.0,0.0
stage1b_single_agent_tiny,2,2,66054,1091,1,75,75,1,0,-12.898360252380371,1.0,1.0,0.0,0.3125,0.0,0,0,3,120,7,-1,-1,0.0,9,0.5083333333333333,0.8166666666666667,0.425,-4.939999999999999,0.0,0.0,0.0,0.0
stage1b_single_agent_tiny,2,2,66174,1092,1,75,75,1,0,92.75580596923828,2.0,2.0,2.0,0.5,0.0,0,0,2,120,12,24,12,1.0,1,0.008333333333333333,0.06666666666666667,0.05,-0.44,0.0,0.0,0.0,0.016666666666666666
stage1b_single_agent_tiny,2,2,66224,1093,1,75,75,1,0,190.96002197265625,4.0,4.0,4.0,0.25,0.0,0,0,0,50,47,47,0,1.0,0,0.0,0.0,0.0,0.0,0.0,0.0,0.0,0.08
stage1b_single_agent_tiny,2,2,66344,1094,1,75,75,1,0,-1.8605425357818604,0.0,0.0,0.0,0.375,0.0,0,0,4,120,-1,-1,-1,0.0,0,0.0,0.0,0.0,0.0,0.0,0.0,0.0,0.0
stage1b_single_agent_tiny,2,2,66464,1095,1,75,75,1,0,-3.8895559310913086,0.0,0.0,0.0,0.375,0.0,0,0,4,120,-1,-1,-1,0.0,0,0.0,0.0,0.0,0.0,0.0,0.0,0.0,0.0
stage1b_single_agent_tiny,2,2,66584,1096,1,75,75,1,0,-2.637197494506836,0.0,0.0,0.0,0.375,0.0,0,0,4,120,-1,-1,-1,0.0,0,0.0,0.0,0.0,0.0,0.0,0.0,0.0,0.0
stage1b_single_agent_tiny,2,2,66704,1097,1,75,75,1,0,88.75743103027344,3.0,3.0,2.0,0.5,0.0,0,0,1,120,54,54,0,0.6666666666666666,3,0.06666666666666667,0.19166666666666668,0.10833333333333334,-1.1800000000000006,0.0,0.0,0.0,0.016666666666666666
stage1b_single_agent_tiny,2,2,66824,1098,1,75,75,1,0,132.8404541015625,4.0,4.0,3.0,0.25,0.0,0,0,0,120,24,35,11,0.75,5,0.45,0.6083333333333333,0.31666666666666665,-3.680000000000003,0.0,0.0,0.0,0.025
stage1b_single_agent_tiny,2,2,66944,1099,1,75,75,1,0,-2.821329116821289,0.0,0.0,0.0,0.5,0.0,0,0,4,120,-1,-1,-1,0.0,0,0.0,0.0,0.0,0.0,0.0,0.0,0.0,0.0
stage1b_single_agent_tiny,2,2,67001,1100,1,75,75,1,0,190.10794067382812,4.0,4.0,4.0,0.3125,0.0,0,0,0,57,36,36,0,1.0,0,0.0,0.19298245614035087,0.10526315789473684,-0.56,0.0,0.0,0.0,0.07017543859649122
stage1b_single_agent_tiny,2,2,67121,1101,1,75,75,1,0,43.72771453857422,1.0,1.0,1.0,0.5,0.0,0,0,3,120,34,59,25,1.0,2,0.1,0.16666666666666666,0.06666666666666667,-0.9600000000000002,0.0,0.0,0.0,0.008333333333333333
stage1b_single_agent_tiny,2,2,67241,1102,1,75,75,1,0,93.6745376586914,2.0,2.0,2.0,0.4375,0.0,0,0,2,120,53,54,1,1.0,0,0.0,0.0,0.0,0.0,0.0,0.0,0.0,0.016666666666666666
stage1b_single_agent_tiny,2,2,67361,1103,1,75,75,1,0,37.13941192626953,2.0,2.0,1.0,0.4375,0.0,0,0,2,120,59,59,0,0.5,7,0.09166666666666666,0.39166666666666666,0.18333333333333332,-2.3200000000000016,0.0,0.0,0.0,0.008333333333333333
stage1b_single_agent_tiny,2,2,67481,1104,1,75,75,1,0,91.9281005859375,2.0,2.0,2.0,0.4375,0.0,0,0,2,120,6,34,28,1.0,2,0.13333333333333333,0.2,0.10833333333333334,-1.2200000000000006,0.0,0.0,0.0,0.016666666666666666
stage1b_single_agent_tiny,2,2,67596,1105,1,75,75,1,0,189.41165161132812,4.0,4.0,4.0,0.375,0.0,0,0,0,115,33,35,2,1.0,0,0.0,0.0,0.0,0.0,0.0,0.0,0.0,0.034782608695652174
stage1b_single_agent_tiny,2,2,67716,1106,1,75,75,1,0,90.71951293945312,2.0,2.0,2.0,0.5,0.0,0,0,2,120,28,78,50,1.0,4,0.11666666666666667,0.31666666666666665,0.15,-1.880000000000001,0.0,0.0,0.0,0.016666666666666666
stage1b_single_agent_tiny,2,2,67836,1107,1,75,75,1,0,92.50131225585938,2.0,2.0,2.0,0.5,0.0,0,0,2,120,6,15,9,1.0,0,0.0,0.041666666666666664,0.03333333333333333,-0.28,0.0,0.0,0.0,0.016666666666666666
stage1b_single_agent_tiny,2,2,67956,1108,1,75,75,1,0,92.3666763305664,2.0,2.0,2.0,0.5625,0.0,0,0,2,120,21,24,3,1.0,1,0.008333333333333333,0.05,0.008333333333333333,-0.26,0.0,0.0,0.0,0.016666666666666666
stage1b_single_agent_tiny,2,2,68006,1109,1,75,75,1,0,190.31790161132812,4.0,4.0,4.0,0.1875,0.0,0,0,0,50,43,47,4,1.0,0,0.0,0.04,0.04,-0.12,0.0,0.0,0.0,0.08
stage1b_single_agent_tiny,2,2,68126,1110,1,75,75,1,0,92.39219665527344,2.0,2.0,2.0,0.4375,0.0,0,0,2,120,2,11,9,1.0,2,0.08333333333333333,0.14166666666666666,0.058333333333333334,-0.8200000000000001,0.0,0.0,0.0,0.016666666666666666
stage1b_single_agent_tiny,2,2,68246,1111,1,75,75,1,0,44.729576110839844,1.0,1.0,1.0,0.5,0.0,0,0,3,120,87,89,2,1.0,0,0.0,0.0,0.0,0.0,0.0,0.0,0.0,0.008333333333333333
stage1b_single_agent_tiny,2,2,68258,1112,1,75,75,1,0,192.11788940429688,4.0,4.0,4.0,0.0625,0.0,0,0,0,12,8,9,1,1.0,0,0.0,0.0,0.0,0.0,0.0,0.0,0.0,0.3333333333333333
stage1b_single_agent_tiny,2,2,68281,1113,1,75,75,1,0,191.76388549804688,4.0,4.0,4.0,0.1875,0.0,0,0,0,23,20,20,0,1.0,0,0.0,0.0,0.0,0.0,0.0,0.0,0.0,0.17391304347826086
stage1b_single_agent_tiny,2,2,68401,1114,1,75,75,1,0,-2.0758469104766846,0.0,0.0,0.0,0.3125,0.0,0,0,4,120,-1,-1,-1,0.0,0,0.0,0.0,0.0,0.0,0.0,0.0,0.0,0.0
stage1b_single_agent_tiny,2,2,68521,1115,1,75,75,1,0,-1.5003738403320312,0.0,0.0,0.0,0.5,0.0,0,0,4,120,-1,-1,-1,0.0,0,0.0,0.0,0.0,0.0,0.0,0.0,0.0,0.0
stage1b_single_agent_tiny,2,2,68641,1116,1,75,75,1,0,91.2374267578125,2.0,2.0,2.0,0.4375,0.0,0,0,2,120,2,32,30,1.0,2,0.11666666666666667,0.21666666666666667,0.08333333333333333,-1.2400000000000004,0.0,0.0,0.0,0.016666666666666666
stage1b_single_agent_tiny,2,2,68721,1117,1,75,75,1,0,189.00921630859375,4.0,4.0,4.0,0.5,0.0,0,0,0,80,8,20,12,1.0,1,0.075,0.1375,0.0,-0.43999999999999995,0.0,0.0,0.0,0.05
stage1b_single_agent_tiny,2,2,68841,1118,1,75,75,1,0,37.89595413208008,2.0,2.0,1.0,0.4375,0.0,0,0,2,120,66,91,25,0.5,2,0.09166666666666666,0.24166666666666667,0.08333333333333333,-1.3600000000000005,0.0,0.0,0.0,0.008333333333333333
stage1b_single_agent_tiny,2,2,68961,1119,1,75,75,1,0,45.55615234375,1.0,1.0,1.0,0.4375,0.0,0,0,3,120,114,114,0,1.0,0,0.0,0.0,0.0,0.0,0.0,0.0,0.0,0.008333333333333333
stage1b_single_agent_tiny,2,2,68975,1120,1,75,75,1,0,191.07797241210938,4.0,4.0,4.0,0.1875,0.0,0,0,0,14,2,11,9,1.0,1,0.2857142857142857,0.5,0.14285714285714285,-0.32,0.0,0.0,0.0,0.2857142857142857
stage1b_single_agent_tiny,2,2,69095,1121,1,75,75,1,0,-3.462956190109253,0.0,0.0,0.0,0.5,0.0,0,0,4,120,-1,-1,-1,0.0,0,0.0,0.0,0.0,0.0,0.0,0.0,0.0,0.0
stage1b_single_agent_tiny,2,2,69215,1122,1,75,75,1,0,44.55329513549805,1.0,1.0,1.0,0.5625,0.0,0,0,3,120,79,79,0,1.0,0,0.0,0.0,0.0,0.0,0.0,0.0,0.0,0.008333333333333333
stage1b_single_agent_tiny,2,2,69335,1123,1,75,75,1,0,141.42413330078125,3.0,3.0,3.0,0.3125,0.0,0,0,1,120,114,114,0,1.0,0,0.0,0.0,0.0,0.0,0.0,0.0,0.0,0.025
stage1b_single_agent_tiny,2,2,69346,1124,1,75,75,1,0,191.6483917236328,4.0,4.0,4.0,0.125,0.0,0,0,0,11,7,7,0,1.0,0,0.0,0.0,0.0,0.0,0.0,0.0,0.0,0.36363636363636365
stage1b_single_agent_tiny,2,2,69466,1125,1,75,75,1,0,141.42160034179688,3.0,3.0,3.0,0.5625,0.0,0,0,1,120,9,18,9,1.0,1,0.016666666666666666,0.11666666666666667,0.041666666666666664,-0.6599999999999999,0.0,0.0,0.0,0.025
stage1b_single_agent_tiny,2,2,69569,1126,1,75,75,1,0,187.8605194091797,4.0,4.0,4.0,0.5625,0.0,0,0,0,103,2,10,8,1.0,4,0.0970873786407767,0.3106796116504854,0.0970873786407767,-1.4800000000000006,0.0,0.0,0.0,0.038834951456310676
stage1b_single_agent_tiny,2,2,69689,1127,1,75,75,1,0,189.28933715820312,4.0,4.0,4.0,0.5625,0.0,0,0,0,120,6,9,3,1.0,0,0.0,0.03333333333333333,0.008333333333333333,-0.18,0.0,0.0,0.0,0.03333333333333333
stage1b_single_agent_tiny,2,2,69809,1128,1,75,75,1,0,43.25260925292969,1.0,1.0,1.0,0.5,0.0,0,0,3,120,12,31,19,1.0,2,0.041666666666666664,0.11666666666666667,0.041666666666666664,-0.6599999999999999,0.0,0.0,0.0,0.008333333333333333
stage1b_single_agent_tiny,2,2,69892,1129,1,75,75,1,0,188.878173828125,4.0,4.0,4.0,0.5625,0.0,0,0,0,83,46,46,0,1.0,2,0.14457831325301204,0.27710843373493976,0.04819277108433735,-1.0000000000000002,0.0,0.0,0.0,0.04819277108433735
stage1b_single_agent_tiny,2,2,69922,1130,1,75,75,1,0,191.37930297851562,4.0,4.0,4.0,0.375,0.0,0,0,0,30,2,4,2,1.0,1,0.06666666666666667,0.16666666666666666,0.0,-0.2,0.0,0.0,0.0,0.13333333333333333
stage1b_single_agent_tiny,2,2,70042,1131,1,75,75,1,0,41.33802032470703,2.0,2.0,1.0,0.5625,0.0,0,0,2,120,14,17,3,0.5,0,0.0,0.025,0.008333333333333333,-0.14,0.0,0.0,0.0,0.008333333333333333
stage1b_single_agent_tiny,2,2,70068,1132,1,75,75,1,0,190.70999145507812,4.0,4.0,4.0,0.25,0.0,0,0,0,26,3,3,0,1.0,1,0.4230769230769231,0.6153846153846154,0.3076923076923077,-0.8000000000000003,0.0,0.0,0.0,0.15384615384615385
stage1b_single_agent_tiny,2,2,70167,1133,1,75,75,1,0,188.807861328125,4.0,4.0,4.0,0.5625,0.0,0,0,0,99,6,22,16,1.0,2,0.050505050505050504,0.1717171717171717,0.04040404040404041,-0.76,0.0,0.0,0.0,0.04040404040404041
stage1b_single_agent_tiny,2,2,70269,1134,1,75,75,1,0,188.8875732421875,4.0,4.0,4.0,0.5625,0.0,0,0,0,102,75,76,1,1.0,0,0.0,0.0,0.0,0.0,0.0,0.0,0.0,0.0392156862745098
stage1b_single_agent_tiny,2,2,70366,1135,1,75,75,1,0,188.19967651367188,4.0,4.0,4.0,0.5625,0.0,0,0,0,97,18,20,2,1.0,0,0.0,0.010309278350515464,0.0,-0.04,0.0,0.0,0.0,0.041237113402061855
stage1b_single_agent_tiny,2,2,70483,1136,1,75,75,1,0,188.99053955078125,4.0,4.0,4.0,0.5625,0.0,0,0,0,117,11,12,1,1.0,1,0.008547008547008548,0.06837606837606838,0.008547008547008548,-0.33999999999999997,0.0,0.0,0.0,0.03418803418803419
stage1b_single_agent_tiny,2,2,70555,1137,1,75,75,1,0,189.63534545898438,4.0,4.0,4.0,0.5625,0.0,0,0,0,72,4,4,0,1.0,1,0.05555555555555555,0.1388888888888889,0.027777777777777776,-0.44,0.0,0.0,0.0,0.05555555555555555
stage1b_single_agent_tiny,2,2,70667,1138,1,75,75,1,0,188.53280639648438,4.0,4.0,4.0,0.5625,0.0,0,0,0,112,4,5,1,1.0,1,0.03571428571428571,0.0625,0.008928571428571428,-0.30000000000000004,0.0,0.0,0.0,0.03571428571428571
stage1b_single_agent_tiny,2,2,70755,1139,1,75,75,1,0,188.33096313476562,4.0,4.0,4.0,0.5625,0.0,0,0,0,88,19,19,0,1.0,2,0.07954545454545454,0.23863636363636365,0.022727272727272728,-0.8800000000000002,0.0,0.0,0.0,0.045454545454545456
stage1b_single_agent_tiny,2,2,70799,1140,1,75,75,1,0,190.10997009277344,4.0,4.0,4.0,0.5,0.0,0,0,0,44,15,30,15,1.0,1,0.11363636363636363,0.20454545454545456,0.022727272727272728,-0.37999999999999995,0.0,0.0,0.0,0.09090909090909091
stage1b_single_agent_tiny,2,2,70896,1141,1,75,75,1,0,188.83834838867188,4.0,4.0,4.0,0.5625,0.0,0,0,0,97,4,12,8,1.0,1,0.020618556701030927,0.10309278350515463,0.0,-0.39999999999999997,0.0,0.0,0.0,0.041237113402061855
stage1b_single_agent_tiny,2,2,71016,1142,1,75,75,1,0,141.28875732421875,3.0,3.0,3.0,0.5625,0.0,0,0,1,120,29,30,1,1.0,1,0.05,0.08333333333333333,0.025,-0.46,0.0,0.0,0.0,0.025
stage1b_single_agent_tiny,2,2,71073,1143,1,75,75,1,0,189.36370849609375,4.0,4.0,4.0,0.5,0.0,0,0,0,57,6,7,1,1.0,4,0.10526315789473684,0.3157894736842105,0.07017543859649122,-0.8,0.0,0.0,0.0,0.07017543859649122
stage1b_single_agent_tiny,2,2,71193,1144,1,75,75,1,0,187.06210327148438,4.0,4.0,4.0,0.5625,0.0,0,0,0,120,36,46,10,1.0,3,0.075,0.225,0.041666666666666664,-1.1800000000000006,0.0,0.0,0.0,0.03333333333333333
stage1b_single_agent_tiny,2,2,71294,1145,1,75,75,1,0,188.94305419921875,4.0,4.0,4.0,0.5,0.0,0,0,0,101,11,14,3,1.0,1,0.06930693069306931,0.13861386138613863,0.009900990099009901,-0.58,0.0,0.0,0.0,0.039603960396039604
stage1b_single_agent_tiny,2,2,71382,1146,1,75,75,1,0,187.53164672851562,4.0,4.0,4.0,0.5,0.0,0,0,0,88,1,23,22,1.0,3,0.11363636363636363,0.29545454545454547,0.045454545454545456,-1.1200000000000003,0.0,0.0,0.0,0.045454545454545456
stage1b_single_agent_tiny,2,2,71458,1147,1,75,75,1,0,189.9619140625,4.0,4.0,4.0,0.5,0.0,0,0,0,76,28,30,2,1.0,0,0.0,0.013157894736842105,0.0,-0.04,0.0,0.0,0.0,0.05263157894736842
stage1b_single_agent_tiny,2,2,71578,1148,1,75,75,1,0,135.5924072265625,4.0,4.0,3.0,0.5625,0.0,0,0,0,120,33,45,12,0.75,3,0.05,0.2,0.008333333333333333,-0.9800000000000002,0.0,0.0,0.0,0.025
stage1b_single_agent_tiny,2,2,71653,1149,1,75,75,1,0,189.431640625,4.0,4.0,4.0,0.5625,0.0,0,0,0,75,14,14,0,1.0,1,0.06666666666666667,0.12,0.013333333333333334,-0.38,0.0,0.0,0.0,0.05333333333333334
stage1b_single_agent_tiny,2,2,71773,1150,1,75,75,1,0,188.27978515625,4.0,4.0,4.0,0.5625,0.0,0,0,0,120,16,18,2,1.0,0,0.0,0.041666666666666664,0.0,-0.2,0.0,0.0,0.0,0.03333333333333333
stage1b_single_agent_tiny,2,2,71837,1151,1,75,75,1,0,189.48928833007812,4.0,4.0,4.0,0.4375,0.0,0,0,0,64,37,37,0,1.0,1,0.046875,0.15625,0.015625,-0.42,0.0,0.0,0.0,0.0625
stage1b_single_agent_tiny,2,2,71957,1152,1,75,75,1,0,140.75782775878906,3.0,3.0,3.0,0.5625,0.0,0,0,1,120,7,10,3,1.0,0,0.0,0.016666666666666666,0.008333333333333333,-0.1,0.0,0.0,0.0,0.025
stage1b_single_agent_tiny,2,2,72077,1153,1,75,75,1,0,139.79515075683594,3.0,3.0,3.0,0.5625,0.0,0,0,1,120,50,58,8,1.0,2,0.03333333333333333,0.1,0.016666666666666666,-0.5199999999999999,0.0,0.0,0.0,0.025
stage1b_single_agent_tiny,2,2,72197,1154,1,75,75,1,0,43.5159797668457,1.0,1.0,1.0,0.5625,0.0,0,0,3,120,48,58,10,1.0,1,0.008333333333333333,0.041666666666666664,0.025,-0.26,0.0,0.0,0.0,0.008333333333333333
stage1b_single_agent_tiny,2,2,72258,1155,1,75,75,1,0,189.1296844482422,4.0,4.0,4.0,0.3125,0.0,0,0,0,61,41,41,0,1.0,0,0.0,0.03278688524590164,0.01639344262295082,-0.1,0.0,0.0,0.0,0.06557377049180328
stage1b_single_agent_tiny,2,2,72360,1156,1,75,75,1,0,188.15545654296875,4.0,4.0,4.0,0.5,0.0,0,0,0,102,11,28,17,1.0,2,0.058823529411764705,0.13725490196078433,0.049019607843137254,-0.66,0.0,0.0,0.0,0.0392156862745098
stage1b_single_agent_tiny,2,2,72463,1157,1,75,75,1,0,188.18634033203125,4.0,4.0,4.0,0.5625,0.0,0,0,0,103,5,6,1,1.0,3,0.06796116504854369,0.2524271844660194,0.038834951456310676,-1.1200000000000006,0.0,0.0,0.0,0.038834951456310676
stage1b_single_agent_tiny,2,2,72521,1158,1,75,75,1,0,189.98773193359375,4.0,4.0,4.0,0.5,0.0,0,0,0,58,25,32,7,1.0,2,0.05172413793103448,0.1724137931034483,0.034482758620689655,-0.44,0.0,0.0,0.0,0.06896551724137931
stage1b_single_agent_tiny,2,2,72641,1159,1,75,75,1,0,140.9842529296875,3.0,3.0,3.0,0.5625,0.0,0,0,1,120,6,12,6,1.0,1,0.008333333333333333,0.041666666666666664,0.0,-0.2,0.0,0.0,0.0,0.025
stage1b_single_agent_tiny,2,2,72761,1160,1,75,75,1,0,140.1731719970703,3.0,3.0,3.0,0.5625,0.0,0,0,1,120,4,6,2,1.0,1,0.05,0.075,0.016666666666666666,-0.39999999999999997,0.0,0.0,0.0,0.025
stage1b_single_agent_tiny,2,2,72875,1161,1,75,75,1,0,189.58023071289062,4.0,4.0,4.0,0.5625,0.0,0,0,0,114,36,38,2,1.0,0,0.0,0.008771929824561403,0.008771929824561403,-0.06,0.0,0.0,0.0,0.03508771929824561
stage1b_single_agent_tiny,2,2,72995,1162,1,75,75,1,0,91.77944946289062,2.0,2.0,2.0,0.5625,0.0,0,0,2,120,1,4,3,1.0,0,0.0,0.0,0.0,0.0,0.0,0.0,0.0,0.016666666666666666
stage1b_single_agent_tiny,2,2,73115,1163,1,75,75,1,0,88.65362548828125,3.0,3.0,2.0,0.5,0.0,0,0,1,120,8,9,1,0.6666666666666666,2,0.06666666666666667,0.175,0.06666666666666667,-1.0000000000000002,0.0,0.0,0.0,0.016666666666666666
stage1b_single_agent_tiny,2,2,73235,1164,1,75,75,1,0,40.89903259277344,2.0,2.0,1.0,0.5625,0.0,0,0,2,120,35,35,0,0.5,1,0.008333333333333333,0.03333333333333333,0.008333333333333333,-0.18,0.0,0.0,0.0,0.008333333333333333
stage1b_single_agent_tiny,2,2,73316,1165,1,75,75,1,0,189.75914001464844,4.0,4.0,4.0,0.5,0.0,0,0,0,81,49,49,0,1.0,1,0.012345679012345678,0.09876543209876543,0.024691358024691357,-0.36,0.0,0.0,0.0,0.04938271604938271
stage1b_single_agent_tiny,2,2,73435,1166,1,75,75,1,0,186.29522705078125,4.0,4.0,4.0,0.5,0.0,0,0,0,119,1,53,52,1.0,5,0.18487394957983194,0.33613445378151263,0.13445378151260504,-1.9200000000000013,0.0,0.0,0.0,0.03361344537815126
stage1b_single_agent_tiny,2,2,73520,1167,1,75,75,1,0,189.16851806640625,4.0,4.0,4.0,0.375,0.0,0,0,0,85,40,40,0,1.0,3,0.15294117647058825,0.25882352941176473,0.058823529411764705,-0.9800000000000004,0.0,0.0,0.0,0.047058823529411764
stage1b_single_agent_tiny,2,2,73640,1168,1,75,75,1,0,45.417301177978516,1.0,1.0,1.0,0.5,0.0,0,0,3,120,119,120,1,1.0,0,0.0,0.0,0.0,0.0,0.0,0.0,0.0,0.008333333333333333
stage1b_single_agent_tiny,2,2,73760,1169,1,75,75,1,0,45.38569641113281,1.0,1.0,1.0,0.5625,0.0,0,0,3,120,5,32,27,1.0,2,0.1,0.15833333333333333,0.058333333333333334,-0.9000000000000001,0.0,0.0,0.0,0.008333333333333333
stage1b_single_agent_tiny,2,2,73801,1170,1,75,75,1,0,191.16461181640625,4.0,4.0,4.0,0.3125,0.0,0,0,0,41,16,16,0,1.0,0,0.0,0.0,0.0,0.0,0.0,0.0,0.0,0.0975609756097561
stage1b_single_agent_tiny,2,2,73843,1171,1,75,75,1,0,190.05567932128906,4.0,4.0,4.0,0.125,0.0,0,0,0,42,14,18,4,1.0,3,0.21428571428571427,0.47619047619047616,0.2619047619047619,-1.0200000000000005,0.0,0.0,0.0,0.09523809523809523
stage1b_single_agent_tiny,2,2,73963,1172,1,75,75,1,0,139.08279418945312,3.0,3.0,3.0,0.5,0.0,0,0,1,120,8,9,1,1.0,5,0.20833333333333334,0.375,0.1,-2.0400000000000014,0.0,0.0,0.0,0.025
stage1b_single_agent_tiny,2,2,73978,1173,1,75,75,1,0,191.55401611328125,4.0,4.0,4.0,0.125,0.0,0,0,0,15,9,12,3,1.0,0,0.0,0.06666666666666667,0.0,-0.04,0.0,0.0,0.0,0.26666666666666666
stage1b_single_agent_tiny,2,2,74098,1174,1,75,75,1,0,43.41188049316406,1.0,1.0,1.0,0.4375,0.0,0,0,3,120,82,106,24,1.0,2,0.06666666666666667,0.14166666666666666,0.041666666666666664,-0.7800000000000002,0.0,0.0,0.0,0.008333333333333333
stage1b_single_agent_tiny,2,2,74218,1175,1,75,75,1,0,43.08917236328125,1.0,1.0,1.0,0.375,0.0,0,0,3,120,2,44,42,1.0,2,0.09166666666666666,0.25833333333333336,0.125,-1.540000000000001,0.0,0.0,0.0,0.008333333333333333
stage1b_single_agent_tiny,2,2,74254,1176,1,75,75,1,0,190.2345428466797,4.0,4.0,4.0,0.125,0.0,0,0,0,36,14,21,7,1.0,2,0.19444444444444445,0.4166666666666667,0.3333333333333333,-0.8400000000000001,0.0,0.0,0.0,0.1111111111111111
stage1b_single_agent_tiny,2,2,74274,1177,1,75,75,1,0,191.24041748046875,4.0,4.0,4.0,0.1875,0.0,0,0,0,20,11,11,0,1.0,1,0.15,0.3,0.15,-0.30000000000000004,0.0,0.0,0.0,0.2
stage1b_single_agent_tiny,2,2,74321,1178,1,75,75,1,0,191.54986572265625,4.0,4.0,4.0,0.3125,0.0,0,0,0,47,37,37,0,1.0,0,0.0,0.0,0.0,0.0,0.0,0.0,0.0,0.0851063829787234
stage1b_single_agent_tiny,2,2,74380,1179,1,75,75,1,0,189.0538330078125,4.0,4.0,4.0,0.375,0.0,0,0,0,59,4,5,1,1.0,2,0.15254237288135594,0.4067796610169492,0.13559322033898305,-1.1200000000000003,0.0,0.0,0.0,0.06779661016949153
stage1b_single_agent_tiny,2,2,74500,1180,1,75,75,1,0,87.44749450683594,3.0,3.0,2.0,0.375,0.0,0,0,1,120,32,32,0,0.6666666666666666,3,0.041666666666666664,0.18333333333333332,0.058333333333333334,-1.0200000000000005,0.0,0.0,0.0,0.016666666666666666
stage1b_single_agent_tiny,2,2,74620,1181,1,75,75,1,0,-1.1111212968826294,0.0,0.0,0.0,0.375,0.0,0,0,4,120,-1,-1,-1,0.0,0,0.0,0.0,0.0,0.0,0.0,0.0,0.0,0.0
stage1b_single_agent_tiny,2,2,74740,1182,1,75,75,1,0,43.646995544433594,1.0,1.0,1.0,0.5,0.0,0,0,3,120,8,47,39,1.0,3,0.19166666666666668,0.26666666666666666,0.075,-1.4600000000000006,0.0,0.0,0.0,0.008333333333333333
stage1b_single_agent_tiny,2,2,74860,1183,1,75,75,1,0,43.39067459106445,1.0,1.0,1.0,0.375,0.0,0,0,3,120,3,52,49,1.0,5,0.10833333333333334,0.2833333333333333,0.15833333333333333,-1.7400000000000009,0.0,0.0,0.0,0.008333333333333333
stage1b_single_agent_tiny,2,2,74980,1184,1,75,75,1,0,38.37084197998047,2.0,2.0,1.0,0.375,0.0,0,0,2,120,8,21,13,0.5,5,0.30833333333333335,0.4666666666666667,0.21666666666666667,-2.760000000000002,0.0,0.0,0.0,0.008333333333333333
stage1b_single_agent_tiny,2,2,75100,1185,1,75,75,1,0,-1.8389396667480469,0.0,0.0,0.0,0.3125,0.0,0,0,4,120,-1,-1,-1,0.0,0,0.0,0.0,0.0,0.0,0.0,0.0,0.0,0.0
stage1b_single_agent_tiny,2,2,75220,1186,1,75,75,1,0,141.8419952392578,3.0,3.0,3.0,0.3125,0.0,0,0,1,120,4,6,2,1.0,0,0.0,0.0,0.0,0.0,0.0,0.0,0.0,0.025
stage1b_single_agent_tiny,2,2,75340,1187,1,75,75,1,0,-2.548031806945801,0.0,0.0,0.0,0.5,0.0,0,0,4,120,-1,-1,-1,0.0,0,0.0,0.0,0.0,0.0,0.0,0.0,0.0,0.0
stage1b_single_agent_tiny,2,2,75460,1188,1,75,75,1,0,42.66252517700195,1.0,1.0,1.0,0.5,0.0,0,0,3,120,2,49,47,1.0,5,0.08333333333333333,0.26666666666666666,0.09166666666666666,-1.5000000000000007,0.0,0.0,0.0,0.008333333333333333
stage1b_single_agent_tiny,2,2,75580,1189,1,75,75,1,0,91.71310424804688,2.0,2.0,2.0,0.4375,0.0,0,0,2,120,9,31,22,1.0,3,0.05,0.16666666666666666,0.058333333333333334,-0.9400000000000004,0.0,0.0,0.0,0.016666666666666666
stage1b_single_agent_tiny,2,2,75654,1190,1,75,75,1,0,190.1544952392578,4.0,4.0,4.0,0.3125,0.0,0,0,0,74,71,71,0,1.0,0,0.0,0.0,0.0,0.0,0.0,0.0,0.0,0.05405405405405406
stage1b_single_agent_tiny,2,2,75774,1191,1,75,75,1,0,-1.5539917945861816,0.0,0.0,0.0,0.5,0.0,0,0,4,120,-1,-1,-1,0.0,0,0.0,0.0,0.0,0.0,0.0,0.0,0.0,0.0
stage1b_single_agent_tiny,2,2,75794,1192,1,75,75,1,0,191.57131958007812,4.0,4.0,4.0,0.1875,0.0,0,0,0,20,17,17,0,1.0,0,0.0,0.0,0.0,0.0,0.0,0.0,0.0,0.2
stage1b_single_agent_tiny,2,2,75914,1193,1,75,75,1,0,88.92839813232422,3.0,3.0,2.0,0.3125,0.0,0,0,1,120,49,49,0,0.6666666666666666,2,0.03333333333333333,0.08333333333333333,0.025,-0.4599999999999999,0.0,0.0,0.0,0.016666666666666666
stage1b_single_agent_tiny,2,2,76018,1194,1,75,75,1,0,187.74435424804688,4.0,4.0,4.0,0.5,0.0,0,0,0,104,3,33,30,1.0,2,0.125,0.22115384615384615,0.11538461538461539,-1.1600000000000006,0.0,0.0,0.0,0.038461538461538464
stage1b_single_agent_tiny,2,2,76057,1195,1,75,75,1,0,191.18167114257812,4.0,4.0,4.0,0.3125,0.0,0,0,0,39,18,18,0,1.0,1,0.20512820512820512,0.358974358974359,0.10256410256410256,-0.6399999999999999,0.0,0.0,0.0,0.10256410256410256
stage1b_single_agent_tiny,2,2,76097,1196,1,75,75,1,0,191.11761474609375,4.0,4.0,4.0,0.25,0.0,0,0,0,40,29,37,8,1.0,1,0.05,0.125,0.025,-0.22,0.0,0.0,0.0,0.1
stage1b_single_agent_tiny,2,2,76174,1197,1,75,75,1,0,189.85952758789062,4.0,4.0,4.0,0.3125,0.0,0,0,0,77,36,39,3,1.0,1,0.1038961038961039,0.15584415584415584,0.07792207792207792,-0.6000000000000001,0.0,0.0,0.0,0.05194805194805195
stage1b_single_agent_tiny,2,2,76294,1198,1,75,75,1,0,94.4054946899414,2.0,2.0,2.0,0.5625,0.0,0,0,2,120,58,58,0,1.0,0,0.0,0.0,0.0,0.0,0.0,0.0,0.0,0.016666666666666666
stage1b_single_agent_tiny,2,2,76414,1199,1,75,75,1,0,43.342201232910156,1.0,1.0,1.0,0.4375,0.0,0,0,3,120,4,20,16,1.0,2,0.041666666666666664,0.1,0.03333333333333333,-0.56,0.0,0.0,0.0,0.008333333333333333
stage1b_single_agent_tiny,2,2,76465,1200,1,75,75,1,0,191.44659423828125,4.0,4.0,4.0,0.25,0.0,0,0,0,51,48,48,0,1.0,0,0.0,0.0,0.0,0.0,0.0,0.0,0.0,0.0784313725490196
stage1b_single_agent_tiny,2,2,76474,1201,1,75,75,1,0,191.4052734375,4.0,4.0,4.0,0.125,0.0,0,0,0,9,2,6,4,1.0,0,0.0,0.1111111111111111,0.0,-0.04,0.0,0.0,0.0,0.4444444444444444
stage1b_single_agent_tiny,2,2,76518,1202,1,75,75,1,0,190.8221435546875,4.0,4.0,4.0,0.25,0.0,0,0,0,44,25,41,16,1.0,1,0.09090909090909091,0.22727272727272727,0.06818181818181818,-0.45999999999999996,0.0,0.0,0.0,0.09090909090909091
stage1b_single_agent_tiny,2,2,76578,1203,1,75,75,1,0,189.7530975341797,4.0,4.0,4.0,0.4375,0.0,0,0,0,60,27,39,12,1.0,2,0.11666666666666667,0.3,0.11666666666666667,-0.8600000000000001,0.0,0.0,0.0,0.06666666666666667
stage1b_single_agent_tiny,2,2,76586,1204,1,75,75,1,0,191.5892791748047,4.0,4.0,4.0,0.125,0.0,0,0,0,8,2,2,0,1.0,0,0.0,0.25,0.125,-0.1,0.0,0.0,0.0,0.5
stage1b_single_agent_tiny,2,2,76648,1205,1,75,75,1,0,190.55670166015625,4.0,4.0,4.0,0.25,0.0,0,0,0,62,3,5,2,1.0,0,0.0,0.0,0.0,0.0,0.0,0.0,0.0,0.06451612903225806
stage1b_single_agent_tiny,2,2,76768,1206,1,75,75,1,0,139.6737823486328,3.0,3.0,3.0,0.375,0.0,0,0,1,120,8,12,4,1.0,4,0.14166666666666666,0.25,0.125,-1.5000000000000009,0.0,0.0,0.0,0.025
stage1b_single_agent_tiny,2,2,76888,1207,1,75,75,1,0,91.93427276611328,2.0,2.0,2.0,0.5,0.0,0,0,2,120,35,35,0,1.0,1,0.075,0.1,0.041666666666666664,-0.5800000000000001,0.0,0.0,0.0,0.016666666666666666
stage1b_single_agent_tiny,2,2,77008,1208,1,75,75,1,0,-2.524629831314087,0.0,0.0,0.0,0.4375,0.0,0,0,4,120,-1,-1,-1,0.0,0,0.0,0.0,0.0,0.0,0.0,0.0,0.0,0.0
stage1b_single_agent_tiny,2,2,77029,1209,1,75,75,1,0,190.92849731445312,4.0,4.0,4.0,0.1875,0.0,0,0,0,21,5,5,0,1.0,2,0.2857142857142857,0.5714285714285714,0.38095238095238093,-0.6400000000000001,0.0,0.0,0.0,0.19047619047619047
stage1b_single_agent_tiny,2,2,77149,1210,1,75,75,1,0,44.45288848876953,1.0,1.0,1.0,0.375,0.0,0,0,3,120,27,44,17,1.0,1,0.08333333333333333,0.125,0.058333333333333334,-0.74,0.0,0.0,0.0,0.008333333333333333
stage1b_single_agent_tiny,2,2,77269,1211,1,75,75,1,0,91.30095672607422,2.0,2.0,2.0,0.3125,0.0,0,0,2,120,36,36,0,1.0,0,0.0,0.06666666666666667,0.016666666666666666,-0.36,0.0,0.0,0.0,0.016666666666666666
stage1b_single_agent_tiny,2,2,77389,1212,1,75,75,1,0,89.41732025146484,2.0,2.0,2.0,0.4375,0.0,0,0,2,120,8,58,50,1.0,5,0.225,0.4,0.16666666666666666,-2.3200000000000016,0.0,0.0,0.0,0.016666666666666666
stage1b_single_agent_tiny,2,2,77509,1213,1,75,75,1,0,92.86258697509766,2.0,2.0,2.0,0.5,0.0,0,0,2,120,4,6,2,1.0,0,0.0,0.0,0.0,0.0,0.0,0.0,0.0,0.016666666666666666
stage1b_single_agent_tiny,2,2,77517,1214,1,75,75,1,0,191.83091735839844,4.0,4.0,4.0,0.1875,0.0,0,0,0,8,2,4,2,1.0,0,0.0,0.25,0.0,-0.08,0.0,0.0,0.0,0.5
stage1b_single_agent_tiny,2,2,77637,1215,1,75,75,1,0,45.47894287109375,1.0,1.0,1.0,0.5,0.0,0,0,3,120,93,109,16,1.0,1,0.06666666666666667,0.1,0.008333333333333333,-0.49999999999999994,0.0,0.0,0.0,0.008333333333333333
stage1b_single_agent_tiny,2,2,77757,1216,1,75,75,1,0,44.7007942199707,1.0,1.0,1.0,0.4375,0.0,0,0,3,120,57,64,7,1.0,1,0.008333333333333333,0.041666666666666664,0.016666666666666666,-0.24,0.0,0.0,0.0,0.008333333333333333
stage1b_single_agent_tiny,2,2,77824,1217,1,75,75,1,0,190.82078552246094,4.0,4.0,4.0,0.375,0.0,0,0,0,67,38,38,0,1.0,0,0.0,0.0,0.0,0.0,0.0,0.0,0.0,0.05970149253731343
stage1b_single_agent_tiny,2,2,77943,1218,1,75,75,1,0,188.30816650390625,4.0,4.0,4.0,0.5,0.0,0,0,0,119,1,38,37,1.0,2,0.05042016806722689,0.18487394957983194,0.1092436974789916,-1.1400000000000006,0.0,0.0,0.0,0.03361344537815126
stage1b_single_agent_tiny,2,2,78063,1219,1,75,75,1,0,43.98086166381836,1.0,1.0,1.0,0.4375,0.0,0,0,3,120,2,30,28,1.0,3,0.09166666666666666,0.175,0.06666666666666667,-1.0000000000000004,0.0,0.0,0.0,0.008333333333333333
stage1b_single_agent_tiny,2,2,78093,1220,1,75,75,1,0,189.66220092773438,4.0,4.0,4.0,0.1875,0.0,0,0,0,30,4,27,23,1.0,3,0.2,0.5666666666666667,0.2,-0.8,0.0,0.0,0.0,0.13333333333333333
stage1b_single_agent_tiny,2,2,78188,1221,1,75,75,1,0,187.5396728515625,4.0,4.0,4.0,0.375,0.0,0,0,0,95,8,29,21,1.0,3,0.09473684210526316,0.3263157894736842,0.11578947368421053,-1.4600000000000009,0.0,0.0,0.0,0.042105263157894736
stage1b_single_agent_tiny,2,2,78308,1222,1,75,75,1,0,141.56455993652344,3.0,3.0,3.0,0.5625,0.0,0,0,1,120,33,39,6,1.0,0,0.0,0.025,0.0,-0.12,0.0,0.0,0.0,0.025
stage1b_single_agent_tiny,2,2,78428,1223,1,75,75,1,0,88.09814453125,3.0,3.0,2.0,0.4375,0.0,0,0,1,120,10,23,13,0.6666666666666666,2,0.26666666666666666,0.31666666666666665,0.14166666666666666,-1.860000000000001,0.0,0.0,0.0,0.016666666666666666
stage1b_single_agent_tiny,2,2,78548,1224,1,75,75,1,0,-3.4044060707092285,0.0,0.0,0.0,0.25,0.0,0,0,4,120,-1,-1,-1,0.0,0,0.0,0.0,0.0,0.0,0.0,0.0,0.0,0.0
stage1b_single_agent_tiny,2,2,78668,1225,1,75,75,1,0,43.72978973388672,1.0,1.0,1.0,0.5625,0.0,0,0,3,120,15,18,3,1.0,0,0.0,0.0,0.0,0.0,0.0,0.0,0.0,0.008333333333333333
stage1b_single_agent_tiny,2,2,78788,1226,1,75,75,1,0,-2.130823850631714,0.0,0.0,0.0,0.375,0.0,0,0,4,120,-1,-1,-1,0.0,0,0.0,0.0,0.0,0.0,0.0,0.0,0.0,0.0
stage1b_single_agent_tiny,2,2,78908,1227,1,75,75,1,0,45.28272247314453,1.0,1.0,1.0,0.4375,0.0,0,0,3,120,13,37,24,1.0,2,0.1,0.15833333333333333,0.08333333333333333,-0.9600000000000004,0.0,0.0,0.0,0.008333333333333333
stage1b_single_agent_tiny,2,2,79028,1228,1,75,75,1,0,-2.5464868545532227,0.0,0.0,0.0,0.5,0.0,0,0,4,120,-1,-1,-1,0.0,0,0.0,0.0,0.0,0.0,0.0,0.0,0.0,0.0
stage1b_single_agent_tiny,2,2,79148,1229,1,75,75,1,0,91.6428451538086,2.0,2.0,2.0,0.375,0.0,0,0,2,120,2,12,10,1.0,3,0.15,0.225,0.125,-1.3800000000000008,0.0,0.0,0.0,0.016666666666666666
stage1b_single_agent_tiny,2,2,79268,1230,1,75,75,1,0,93.51475524902344,2.0,2.0,2.0,0.4375,0.0,0,0,2,120,5,23,18,1.0,1,0.03333333333333333,0.10833333333333334,0.05,-0.6400000000000001,0.0,0.0,0.0,0.016666666666666666
stage1b_single_agent_tiny,2,2,79314,1231,1,75,75,1,0,190.42300415039062,4.0,4.0,4.0,0.3125,0.0,0,0,0,46,5,9,4,1.0,2,0.043478260869565216,0.2391304347826087,0.06521739130434782,-0.49999999999999994,0.0,0.0,0.0,0.08695652173913043
stage1b_single_agent_tiny,2,2,79434,1232,1,75,75,1,0,45.794437408447266,1.0,1.0,1.0,0.5,0.0,0,0,3,120,93,106,13,1.0,1,0.016666666666666666,0.058333333333333334,0.016666666666666666,-0.32,0.0,0.0,0.0,0.008333333333333333
stage1b_single_agent_tiny,2,2,79497,1233,1,75,75,1,0,190.66351318359375,4.0,4.0,4.0,0.375,0.0,0,0,0,63,4,5,1,1.0,1,0.047619047619047616,0.19047619047619047,0.09523809523809523,-0.6000000000000001,0.0,0.0,0.0,0.06349206349206349
stage1b_single_agent_tiny,2,2,79526,1234,1,75,75,1,0,191.1805419921875,4.0,4.0,4.0,0.25,0.0,0,0,0,29,10,10,0,1.0,2,0.1724137931034483,0.41379310344827586,0.10344827586206896,-0.5399999999999999,0.0,0.0,0.0,0.13793103448275862
stage1b_single_agent_tiny,2,2,79646,1235,1,75,75,1,0,88.75322723388672,3.0,3.0,2.0,0.5,0.0,0,0,1,120,13,23,10,0.6666666666666666,2,0.041666666666666664,0.11666666666666667,0.058333333333333334,-0.7,0.0,0.0,0.0,0.016666666666666666
stage1b_single_agent_tiny,2,2,79705,1236,1,75,75,1,0,188.90687561035156,4.0,4.0,4.0,0.5,0.0,0,0,0,59,6,28,22,1.0,2,0.3898305084745763,0.6101694915254238,0.15254237288135594,-1.620000000000001,0.0,0.0,0.0,0.06779661016949153
stage1b_single_agent_tiny,2,2,79825,1237,1,75,75,1,0,45.79288864135742,1.0,1.0,1.0,0.5625,0.0,0,0,3,120,57,76,19,1.0,2,0.041666666666666664,0.10833333333333334,0.008333333333333333,-0.5399999999999999,0.0,0.0,0.0,0.008333333333333333
stage1b_single_agent_tiny,2,2,79858,1238,1,75,75,1,0,191.11178588867188,4.0,4.0,4.0,0.25,0.0,0,0,0,33,19,19,0,1.0,1,0.09090909090909091,0.24242424242424243,0.09090909090909091,-0.38,0.0,0.0,0.0,0.12121212121212122
stage1b_single_agent_tiny,2,2,79950,1239,1,75,75,1,0,188.04434204101562,4.0,4.0,4.0,0.5,0.0,0,0,0,92,4,22,18,1.0,2,0.06521739130434782,0.25,0.03260869565217391,-0.9800000000000002,0.0,0.0,0.0,0.043478260869565216
stage1b_single_agent_tiny,2,2,80052,1240,1,75,75,1,0,188.56886291503906,4.0,4.0,4.0,0.5625,0.0,0,0,0,102,52,52,0,1.0,2,0.058823529411764705,0.17647058823529413,0.0,-0.7200000000000001,0.0,0.0,0.0,0.0392156862745098
stage1b_single_agent_tiny,2,2,80172,1241,1,75,75,1,0,93.80903625488281,2.0,2.0,2.0,0.5,0.0,0,0,2,120,37,38,1,1.0,1,0.016666666666666666,0.075,0.0,-0.36,0.0,0.0,0.0,0.016666666666666666
stage1b_single_agent_tiny,2,2,80292,1242,1,75,75,1,0,138.94065856933594,3.0,3.0,3.0,0.5625,0.0,0,0,1,120,4,26,22,1.0,2,0.08333333333333333,0.23333333333333334,0.041666666666666664,-1.2200000000000004,0.0,0.0,0.0,0.025
stage1b_single_agent_tiny,2,2,80384,1243,1,75,75,1,0,189.47381591796875,4.0,4.0,4.0,0.5625,0.0,0,0,0,92,4,8,4,1.0,0,0.0,0.06521739130434782,0.010869565217391304,-0.26,0.0,0.0,0.0,0.043478260869565216
stage1b_single_agent_tiny,2,2,80492,1244,1,75,75,1,0,188.51486206054688,4.0,4.0,4.0,0.5625,0.0,0,0,0,108,29,31,2,1.0,0,0.0,0.037037037037037035,0.0,-0.16,0.0,0.0,0.0,0.037037037037037035
stage1b_single_agent_tiny,2,2,80612,1245,1,75,75,1,0,140.05264282226562,3.0,3.0,3.0,0.5625,0.0,0,0,1,120,25,37,12,1.0,3,0.075,0.2,0.008333333333333333,-0.9800000000000003,0.0,0.0,0.0,0.025
stage1b_single_agent_tiny,2,2,80732,1246,1,75,75,1,0,139.11520385742188,3.0,3.0,3.0,0.5,0.0,0,0,1,120,9,27,18,1.0,3,0.125,0.24166666666666667,0.03333333333333333,-1.2400000000000004,0.0,0.0,0.0,0.025
stage1b_single_agent_tiny,2,2,80852,1247,1,75,75,1,0,44.595558166503906,1.0,1.0,1.0,0.5,0.0,0,0,3,120,90,100,10,1.0,1,0.008333333333333333,0.05,0.0,-0.24000000000000002,0.0,0.0,0.0,0.008333333333333333
stage1b_single_agent_tiny,2,2,80917,1248,1,75,75,1,0,187.35765075683594,4.0,4.0,4.0,0.5,0.0,0,0,0,65,2,32,30,1.0,3,0.18461538461538463,0.46153846153846156,0.015384615384615385,-1.2200000000000004,0.0,0.0,0.0,0.06153846153846154
stage1b_single_agent_tiny,2,2,81037,1249,1,75,75,1,0,-2.745595693588257,0.0,0.0,0.0,0.5,0.0,0,0,4,120,-1,-1,-1,0.0,0,0.0,0.0,0.0,0.0,0.0,0.0,0.0,0.0
stage1b_single_agent_tiny,2,2,81140,1250,1,75,75,1,0,189.05050659179688,4.0,4.0,4.0,0.5625,0.0,0,0,0,103,3,4,1,1.0,0,0.0,0.0,0.0,0.0,0.0,0.0,0.0,0.038834951456310676
stage1b_single_agent_tiny,2,2,81165,1251,1,75,75,1,0,190.82061767578125,4.0,4.0,4.0,0.375,0.0,0,0,0,25,3,3,0,1.0,0,0.0,0.32,0.04,-0.33999999999999997,0.0,0.0,0.0,0.16
stage1b_single_agent_tiny,2,2,81272,1252,1,75,75,1,0,189.22799682617188,4.0,4.0,4.0,0.5625,0.0,0,0,0,107,46,51,5,1.0,0,0.0,0.08411214953271028,0.018691588785046728,-0.39999999999999997,0.0,0.0,0.0,0.037383177570093455
stage1b_single_agent_tiny,2,2,81392,1253,1,75,75,1,0,87.35942840576172,3.0,3.0,2.0,0.5625,0.0,0,0,1,120,4,22,18,0.6666666666666666,2,0.041666666666666664,0.20833333333333334,0.008333333333333333,-1.0200000000000002,0.0,0.0,0.0,0.016666666666666666
stage1b_single_agent_tiny,2,2,81512,1254,1,75,75,1,0,86.6512680053711,3.0,3.0,2.0,0.5625,0.0,0,0,1,120,5,22,17,0.6666666666666666,3,0.041666666666666664,0.13333333333333333,0.016666666666666666,-0.68,0.0,0.0,0.0,0.016666666666666666
stage1b_single_agent_tiny,2,2,81632,1255,1,75,75,1,0,-3.2991271018981934,0.0,0.0,0.0,0.5,0.0,0,0,4,120,-1,-1,-1,0.0,0,0.0,0.0,0.0,0.0,0.0,0.0,0.0,0.0
stage1b_single_agent_tiny,2,2,81752,1256,1,75,75,1,0,138.86859130859375,3.0,3.0,3.0,0.5625,0.0,0,0,1,120,12,34,22,1.0,1,0.016666666666666666,0.175,0.016666666666666666,-0.8800000000000002,0.0,0.0,0.0,0.025
stage1b_single_agent_tiny,2,2,81811,1257,1,75,75,1,0,190.068603515625,4.0,4.0,4.0,0.5625,0.0,0,0,0,59,2,3,1,1.0,1,0.05084745762711865,0.15254237288135594,0.0,-0.36,0.0,0.0,0.0,0.06779661016949153
stage1b_single_agent_tiny,2,2,81931,1258,1,75,75,1,0,44.81931686401367,1.0,1.0,1.0,0.5625,0.0,0,0,3,120,25,35,10,1.0,1,0.025,0.058333333333333334,0.0,-0.28,0.0,0.0,0.0,0.008333333333333333
stage1b_single_agent_tiny,2,2,82005,1259,1,75,75,1,0,188.62026977539062,4.0,4.0,4.0,0.5,0.0,0,0,0,74,9,18,9,1.0,2,0.05405405405405406,0.16216216216216217,0.013513513513513514,-0.4999999999999999,0.0,0.0,0.0,0.05405405405405406
stage1b_single_agent_tiny,2,2,82091,1260,1,75,75,1,0,188.29507446289062,4.0,4.0,4.0,0.5625,0.0,0,0,0,86,42,42,0,1.0,2,0.046511627906976744,0.23255813953488372,0.023255813953488372,-0.8400000000000002,0.0,0.0,0.0,0.046511627906976744
stage1b_single_agent_tiny,2,2,82145,1261,1,75,75,1,0,187.93878173828125,4.0,4.0,4.0,0.5,0.0,0,0,0,54,4,5,1,1.0,3,0.12962962962962962,0.5185185185185185,0.018518518518518517,-1.1400000000000003,0.0,0.0,0.0,0.07407407407407407
stage1b_single_agent_tiny,2,2,82215,1262,1,75,75,1,0,189.5474090576172,4.0,4.0,4.0,0.5625,0.0,0,0,0,70,18,18,0,1.0,1,0.014285714285714285,0.11428571428571428,0.014285714285714285,-0.34,0.0,0.0,0.0,0.05714285714285714
stage1b_single_agent_tiny,2,2,82335,1263,1,75,75,1,0,91.9232406616211,2.0,2.0,2.0,0.5625,0.0,0,0,2,120,53,61,8,1.0,1,0.008333333333333333,0.10833333333333334,0.0,-0.5199999999999999,0.0,0.0,0.0,0.016666666666666666
stage1b_single_agent_tiny,2,2,82455,1264,1,75,75,1,0,40.256431579589844,2.0,2.0,1.0,0.5625,0.0,0,0,2,120,92,100,8,0.5,1,0.025,0.05,0.0,-0.24000000000000002,0.0,0.0,0.0,0.008333333333333333
stage1b_single_agent_tiny,2,2,82546,1265,1,75,75,1,0,187.50949096679688,4.0,4.0,4.0,0.5625,0.0,0,0,0,91,27,43,16,1.0,3,0.07692307692307693,0.3076923076923077,0.01098901098901099,-1.1400000000000003,0.0,0.0,0.0,0.04395604395604396
stage1b_single_agent_tiny,2,2,82666,1266,1,75,75,1,0,44.35311508178711,1.0,1.0,1.0,0.5625,0.0,0,0,3,120,72,77,5,1.0,0,0.0,0.025,0.0,-0.12,0.0,0.0,0.0,0.008333333333333333
stage1b_single_agent_tiny,2,2,82786,1267,1,75,75,1,0,92.10333251953125,2.0,2.0,2.0,0.4375,0.0,0,0,2,120,19,26,7,1.0,2,0.025,0.075,0.0,-0.36,0.0,0.0,0.0,0.016666666666666666
stage1b_single_agent_tiny,2,2,82815,1268,1,75,75,1,0,190.99234008789062,4.0,4.0,4.0,0.375,0.0,0,0,0,29,2,4,2,1.0,1,0.06896551724137931,0.1724137931034483,0.0,-0.2,0.0,0.0,0.0,0.13793103448275862
stage1b_single_agent_tiny,2,2,82935,1269,1,75,75,1,0,141.5487823486328,3.0,3.0,3.0,0.5625,0.0,0,0,1,120,2,3,1,1.0,0,0.0,0.0,0.0,0.0,0.0,0.0,0.0,0.025
stage1c_single_agent_small,3,1,83072,1270,1,100,100,1,0,187.62600708007812,4.0,4.0,4.0,0.6,0.0,0,0,0,128,17,25,8,1.0,1,0.0078125,0.0546875,0.0078125,-0.33999999999999997,0.0,0.0,0.0,0.03125
stage1c_single_agent_small,3,1,83187,1271,1,100,100,1,0,186.99032592773438,4.0,4.0,4.0,0.64,0.0,0,0,0,115,3,6,3,1.0,3,0.16521739130434782,0.30434782608695654,0.008695652173913044,-1.5999999999999996,0.0,0.0,0.0,0.034782608695652174
stage1c_single_agent_small,3,1,83327,1272,1,100,100,1,0,91.36580657958984,2.0,2.0,2.0,0.64,0.0,0,0,2,140,2,26,24,1.0,2,0.02142857142857143,0.09285714285714286,0.014285714285714285,-0.635,0.0,0.0,0.0,0.014285714285714285
stage1c_single_agent_small,3,1,83428,1273,1,100,100,1,0,186.37045288085938,4.0,4.0,4.0,0.64,0.0,0,0,0,101,7,26,19,1.0,5,0.2079207920792079,0.38613861386138615,0.039603960396039604,-1.8549999999999989,0.0,0.0,0.0,0.039603960396039604
stage1c_single_agent_small,3,1,83517,1274,1,100,100,1,0,189.08346557617188,4.0,4.0,4.0,0.44,0.0,0,0,0,89,10,14,4,1.0,0,0.0,0.0,0.0,0.0,0.0,0.0,0.0,0.0449438202247191
stage1c_single_agent_small,3,1,83657,1275,1,100,100,1,0,38.50302505493164,2.0,2.0,1.0,0.64,0.0,0,0,2,140,49,67,18,0.5,3,0.04285714285714286,0.12857142857142856,0.0,-0.8100000000000002,0.0,0.0,0.0,0.007142857142857143
stage1c_single_agent_small,3,1,83797,1276,1,100,100,1,0,-4.274540901184082,0.0,0.0,0.0,0.64,0.0,0,0,4,140,-1,-1,-1,0.0,0,0.0,0.0,0.0,0.0,0.0,0.0,0.0,0.0
stage1c_single_agent_small,3,1,83937,1277,1,100,100,1,0,-4.743572235107422,0.0,0.0,0.0,0.64,0.0,0,0,4,140,-1,-1,-1,0.0,0,0.0,0.0,0.0,0.0,0.0,0.0,0.0,0.0
stage1c_single_agent_small,3,1,84021,1278,1,100,100,1,0,185.63180541992188,4.0,4.0,4.0,0.56,0.0,0,0,0,84,4,6,2,1.0,5,0.23809523809523808,0.4523809523809524,0.047619047619047616,-1.8099999999999996,0.0,0.0,0.0,0.047619047619047616
stage1c_single_agent_small,3,1,84113,1279,1,100,100,1,0,187.24281311035156,4.0,4.0,4.0,0.6,0.0,0,0,0,92,23,23,0,1.0,5,0.11956521739130435,0.31521739130434784,0.010869565217391304,-1.33,0.0,0.0,0.0,0.043478260869565216
stage1c_single_agent_small,3,1,84240,1280,1,100,100,1,0,187.59947204589844,4.0,4.0,4.0,0.64,0.0,0,0,0,127,4,26,22,1.0,1,0.007874015748031496,0.07874015748031496,0.023622047244094488,-0.5249999999999999,0.0,0.0,0.0,0.031496062992125984
stage1c_single_agent_small,3,1,84380,1281,1,100,100,1,0,138.95245361328125,3.0,3.0,3.0,0.56,0.0,0,0,1,140,18,32,14,1.0,2,0.05714285714285714,0.12142857142857143,0.007142857142857143,-0.7900000000000001,0.0,0.0,0.0,0.02142857142857143
stage1c_single_agent_small,3,1,84520,1282,1,100,100,1,0,89.90412902832031,2.0,2.0,2.0,0.64,0.0,0,0,2,140,25,40,15,1.0,3,0.11428571428571428,0.17857142857142858,0.02857142857142857,-1.2249999999999999,0.0,0.0,0.0,0.014285714285714285
stage1c_single_agent_small,3,1,84660,1283,1,100,100,1,0,91.8133544921875,2.0,2.0,2.0,0.64,0.0,0,0,2,140,25,28,3,1.0,0,0.0,0.0,0.0,0.0,0.0,0.0,0.0,0.014285714285714285
stage1c_single_agent_small,3,1,84800,1284,1,100,100,1,0,92.85356903076172,2.0,2.0,2.0,0.64,0.0,0,0,2,140,22,24,2,1.0,2,0.02142857142857143,0.06428571428571428,0.014285714285714285,-0.45499999999999996,0.0,0.0,0.0,0.014285714285714285
stage1c_single_agent_small,3,1,84940,1285,1,100,100,1,0,137.9207763671875,3.0,3.0,3.0,0.64,0.0,0,0,1,140,39,55,16,1.0,2,0.07857142857142857,0.15714285714285714,0.02142857142857143,-1.0650000000000004,0.0,0.0,0.0,0.02142857142857143
stage1c_single_agent_small,3,1,85080,1286,1,100,100,1,0,91.2448959350586,2.0,2.0,2.0,0.64,0.0,0,0,2,140,48,69,21,1.0,2,0.03571428571428571,0.08571428571428572,0.007142857142857143,-0.565,0.0,0.0,0.0,0.014285714285714285
stage1c_single_agent_small,3,1,85217,1287,1,100,100,1,0,184.20724487304688,4.0,4.0,4.0,0.64,0.0,0,0,0,137,11,38,27,1.0,7,0.1897810218978102,0.3722627737226277,0.029197080291970802,-2.3949999999999982,0.0,0.0,0.0,0.029197080291970802
stage1c_single_agent_small,3,1,85349,1288,1,100,100,1,0,183.48316955566406,4.0,4.0,4.0,0.6,0.0,0,0,0,132,61,81,20,1.0,6,0.11363636363636363,0.2727272727272727,0.0,-1.6199999999999994,0.0,0.0,0.0,0.030303030303030304
stage1c_single_agent_small,3,1,85480,1289,1,100,100,1,0,184.17181396484375,4.0,4.0,4.0,0.64,0.0,0,0,0,131,3,34,31,1.0,5,0.10687022900763359,0.3282442748091603,0.04580152671755725,-2.084999999999999,0.0,0.0,0.0,0.030534351145038167
stage1c_single_agent_small,3,1,85620,1290,1,100,100,1,0,92.40110778808594,2.0,2.0,2.0,0.64,0.0,0,0,2,140,23,24,1,1.0,0,0.0,0.0,0.0,0.0,0.0,0.0,0.0,0.014285714285714285
stage1c_single_agent_small,3,1,85751,1291,1,100,100,1,0,188.24993896484375,4.0,4.0,4.0,0.56,0.0,0,0,0,131,26,28,2,1.0,0,0.0,0.015267175572519083,0.0,-0.09,0.0,0.0,0.0,0.030534351145038167
stage1c_single_agent_small,3,1,85856,1292,1,100,100,1,0,188.7053680419922,4.0,4.0,4.0,0.64,0.0,0,0,0,105,26,28,2,1.0,0,0.0,0.009523809523809525,0.0,-0.045,0.0,0.0,0.0,0.0380952380952381
stage1c_single_agent_small,3,1,85996,1293,1,100,100,1,0,44.251075744628906,1.0,1.0,1.0,0.56,0.0,0,0,3,140,1,16,15,1.0,1,0.02857142857142857,0.05714285714285714,0.0,-0.35999999999999993,0.0,0.0,0.0,0.007142857142857143
stage1c_single_agent_small,3,1,86136,1294,1,100,100,1,0,91.37483215332031,2.0,2.0,2.0,0.64,0.0,0,0,2,140,118,136,18,1.0,2,0.03571428571428571,0.08571428571428572,0.0,-0.5399999999999999,0.0,0.0,0.0,0.014285714285714285
stage1c_single_agent_small,3,1,86276,1295,1,100,100,1,0,139.55242919921875,3.0,3.0,3.0,0.64,0.0,0,0,1,140,3,5,2,1.0,1,0.014285714285714285,0.06428571428571428,0.0,-0.4049999999999999,0.0,0.0,0.0,0.02142857142857143
stage1c_single_agent_small,3,1,86385,1296,1,100,100,1,0,184.55088806152344,4.0,4.0,4.0,0.6,0.0,0,0,0,109,2,31,29,1.0,5,0.22018348623853212,0.4036697247706422,0.027522935779816515,-2.054999999999999,0.0,0.0,0.0,0.03669724770642202
stage1c_single_agent_small,3,1,86502,1297,1,100,100,1,0,185.6444091796875,4.0,4.0,4.0,0.48,0.0,0,0,0,117,20,41,21,1.0,4,0.28205128205128205,0.46153846153846156,0.0,-2.4299999999999984,0.0,0.0,0.0,0.03418803418803419
stage1c_single_agent_small,3,1,86642,1298,1,100,100,1,0,91.37455749511719,2.0,2.0,2.0,0.64,0.0,0,0,2,140,76,78,2,1.0,0,0.0,0.0,0.0,0.0,0.0,0.0,0.0,0.014285714285714285
stage1c_single_agent_small,3,1,86782,1299,1,100,100,1,0,42.04775619506836,1.0,1.0,1.0,0.64,0.0,0,0,3,140,5,27,22,1.0,1,0.014285714285714285,0.07142857142857142,0.007142857142857143,-0.4749999999999999,0.0,0.0,0.0,0.007142857142857143
stage1c_single_agent_small,3,1,86922,1300,1,100,100,1,0,43.9250602722168,1.0,1.0,1.0,0.64,0.0,0,0,3,140,3,14,11,1.0,1,0.02857142857142857,0.05714285714285714,0.0,-0.35999999999999993,0.0,0.0,0.0,0.007142857142857143
stage1c_single_agent_small,3,1,87062,1301,1,100,100,1,0,-3.921032428741455,0.0,0.0,0.0,0.64,0.0,0,0,4,140,-1,-1,-1,0.0,0,0.0,0.0,0.0,0.0,0.0,0.0,0.0,0.0
stage1c_single_agent_small,3,1,87144,1302,1,100,100,1,0,186.2142791748047,4.0,4.0,4.0,0.52,0.0,0,0,0,82,3,31,28,1.0,5,0.2682926829268293,0.524390243902439,0.012195121951219513,-1.9599999999999989,0.0,0.0,0.0,0.04878048780487805
stage1c_single_agent_small,3,1,87284,1303,1,100,100,1,0,43.71373748779297,1.0,1.0,1.0,0.64,0.0,0,0,3,140,18,19,1,1.0,0,0.0,0.0,0.0,0.0,0.0,0.0,0.0,0.007142857142857143
stage1c_single_agent_small,3,1,87424,1304,1,100,100,1,0,44.05896759033203,1.0,1.0,1.0,0.64,0.0,0,0,3,140,53,53,0,1.0,0,0.0,0.0,0.0,0.0,0.0,0.0,0.0,0.007142857142857143
stage1c_single_agent_small,3,1,87549,1305,1,100,100,1,0,185.32017517089844,4.0,4.0,4.0,0.6,0.0,0,0,0,125,34,50,16,1.0,4,0.184,0.296,0.0,-1.6649999999999994,0.0,0.0,0.0,0.032
stage1c_single_agent_small,3,1,87647,1306,1,100,100,1,0,186.88909912109375,4.0,4.0,4.0,0.56,0.0,0,0,0,98,25,42,17,1.0,4,0.15306122448979592,0.29591836734693877,0.0,-1.305,0.0,0.0,0.0,0.04081632653061224
stage1c_single_agent_small,3,1,87744,1307,1,100,100,1,0,188.47372436523438,4.0,4.0,4.0,0.4,0.0,0,0,0,97,20,22,2,1.0,0,0.0,0.0,0.0,0.0,0.0,0.0,0.0,0.041237113402061855
stage1c_single_agent_small,3,1,87884,1308,1,100,100,1,0,184.3345947265625,4.0,4.0,4.0,0.56,0.0,0,0,0,140,44,65,21,1.0,4,0.14285714285714285,0.34285714285714286,0.0,-2.159999999999999,0.0,0.0,0.0,0.02857142857142857
stage1c_single_agent_small,3,1,87993,1309,1,100,100,1,0,189.4996337890625,4.0,4.0,4.0,0.52,0.0,0,0,0,109,30,33,3,1.0,0,0.0,0.0,0.0,0.0,0.0,0.0,0.0,0.03669724770642202
stage1c_single_agent_small,3,1,88094,1310,1,100,100,1,0,185.8877410888672,4.0,4.0,4.0,0.56,0.0,0,0,0,101,5,25,20,1.0,3,0.19801980198019803,0.38613861386138615,0.009900990099009901,-1.7799999999999991,0.0,0.0,0.0,0.039603960396039604
stage1c_single_agent_small,3,1,88234,1311,1,100,100,1,0,-3.6810214519500732,0.0,0.0,0.0,0.48,0.0,0,0,4,140,-1,-1,-1,0.0,0,0.0,0.0,0.0,0.0,0.0,0.0,0.0,0.0
stage1c_single_agent_small,3,1,88374,1312,1,100,100,1,0,-3.335874080657959,0.0,0.0,0.0,0.52,0.0,0,0,4,140,-1,-1,-1,0.0,0,0.0,0.0,0.0,0.0,0.0,0.0,0.0,0.0
stage1c_single_agent_small,3,1,88514,1313,1,100,100,1,0,-3.546488046646118,0.0,0.0,0.0,0.56,0.0,0,0,4,140,-1,-1,-1,0.0,0,0.0,0.0,0.0,0.0,0.0,0.0,0.0,0.0
stage1c_single_agent_small,3,1,88654,1314,1,100,100,1,0,44.52189254760742,1.0,1.0,1.0,0.6,0.0,0,0,3,140,4,6,2,1.0,0,0.0,0.0,0.0,0.0,0.0,0.0,0.0,0.007142857142857143
stage1c_single_agent_small,3,1,88760,1315,1,100,100,1,0,189.0199432373047,4.0,4.0,4.0,0.52,0.0,0,0,0,106,27,31,4,1.0,0,0.0,0.018867924528301886,0.0,-0.09,0.0,0.0,0.0,0.03773584905660377
stage1c_single_agent_small,3,1,88871,1316,1,100,100,1,0,185.12420654296875,4.0,4.0,4.0,0.44,0.0,0,0,0,111,3,34,31,1.0,5,0.0990990990990991,0.46846846846846846,0.02702702702702703,-2.4149999999999983,0.0,0.0,0.0,0.036036036036036036
stage1c_single_agent_small,3,1,89011,1317,1,100,100,1,0,-4.159776210784912,0.0,0.0,0.0,0.56,0.0,0,0,4,140,-1,-1,-1,0.0,0,0.0,0.0,0.0,0.0,0.0,0.0,0.0,0.0
stage1c_single_agent_small,3,1,89151,1318,1,100,100,1,0,43.90475082397461,1.0,1.0,1.0,0.64,0.0,0,0,3,140,25,31,6,1.0,0,0.0,0.007142857142857143,0.0,-0.045,0.0,0.0,0.0,0.007142857142857143
stage1c_single_agent_small,3,1,89291,1319,1,100,100,1,0,-4.1786041259765625,0.0,0.0,0.0,0.6,0.0,0,0,4,140,-1,-1,-1,0.0,0,0.0,0.0,0.0,0.0,0.0,0.0,0.0,0.0
stage1c_single_agent_small,3,1,89431,1320,1,100,100,1,0,138.44203186035156,3.0,3.0,3.0,0.64,0.0,0,0,1,140,26,28,2,1.0,0,0.0,0.0,0.0,0.0,0.0,0.0,0.0,0.02142857142857143
stage1c_single_agent_small,3,1,89566,1321,1,100,100,1,0,184.3330841064453,4.0,4.0,4.0,0.56,0.0,0,0,0,135,41,58,17,1.0,4,0.1925925925925926,0.37037037037037035,0.0,-2.2499999999999987,0.0,0.0,0.0,0.02962962962962963
stage1c_single_agent_small,3,1,89706,1322,1,100,100,1,0,42.5103874206543,1.0,1.0,1.0,0.64,0.0,0,0,3,140,121,139,18,1.0,1,0.04285714285714286,0.07142857142857142,0.0,-0.4499999999999999,0.0,0.0,0.0,0.007142857142857143
stage1c_single_agent_small,3,1,89846,1323,1,100,100,1,0,91.2758560180664,2.0,2.0,2.0,0.6,0.0,0,0,2,140,48,51,3,1.0,0,0.0,0.04285714285714286,0.0,-0.26999999999999996,0.0,0.0,0.0,0.014285714285714285
stage1c_single_agent_small,3,1,89948,1324,1,100,100,1,0,188.59388732910156,4.0,4.0,4.0,0.56,0.0,0,0,0,102,4,26,22,1.0,1,0.0392156862745098,0.09803921568627451,0.00980392156862745,-0.4749999999999999,0.0,0.0,0.0,0.0392156862745098
stage1c_single_agent_small,3,1,90075,1325,1,100,100,1,0,186.82852172851562,4.0,4.0,4.0,0.64,0.0,0,0,0,127,28,28,0,1.0,1,0.07086614173228346,0.11811023622047244,0.007874015748031496,-0.7,0.0,0.0,0.0,0.031496062992125984
stage1c_single_agent_small,3,1,90215,1326,1,100,100,1,0,133.08038330078125,4.0,4.0,3.0,0.64,0.0,0,0,0,140,23,43,20,0.75,1,0.014285714285714285,0.07142857142857142,0.007142857142857143,-0.4749999999999999,0.0,0.0,0.0,0.02142857142857143
stage1c_single_agent_small,3,1,90355,1327,1,100,100,1,0,43.45338821411133,1.0,1.0,1.0,0.64,0.0,0,0,3,140,78,92,14,1.0,1,0.02142857142857143,0.05714285714285714,0.014285714285714285,-0.41,0.0,0.0,0.0,0.007142857142857143
stage1c_single_agent_small,3,1,90495,1328,1,100,100,1,0,42.82176208496094,1.0,1.0,1.0,0.64,0.0,0,0,3,140,3,20,17,1.0,1,0.014285714285714285,0.06428571428571428,0.0,-0.4049999999999999,0.0,0.0,0.0,0.007142857142857143
stage1c_single_agent_small,3,1,90635,1329,1,100,100,1,0,45.31562805175781,1.0,1.0,1.0,0.56,0.0,0,0,3,140,52,55,3,1.0,0,0.0,0.0,0.0,0.0,0.0,0.0,0.0,0.007142857142857143
stage1c_single_agent_small,3,1,90775,1330,1,100,100,1,0,43.031673431396484,1.0,1.0,1.0,0.6,0.0,0,0,3,140,1,9,8,1.0,0,0.0,0.014285714285714285,0.0,-0.09,0.0,0.0,0.0,0.007142857142857143
stage1c_single_agent_small,3,1,90911,1331,1,100,100,1,0,185.98696899414062,4.0,4.0,4.0,0.6,0.0,0,0,0,136,32,34,2,1.0,2,0.0661764705882353,0.17647058823529413,0.0661764705882353,-1.3050000000000002,0.0,0.0,0.0,0.029411764705882353
stage1c_single_agent_small,3,1,91051,1332,1,100,100,1,0,45.525569915771484,1.0,1.0,1.0,0.6,0.0,0,0,3,140,64,69,5,1.0,0,0.0,0.0,0.0,0.0,0.0,0.0,0.0,0.007142857142857143
stage1c_single_agent_small,3,1,91191,1333,1,100,100,1,0,45.65986251831055,1.0,1.0,1.0,0.56,0.0,0,0,3,140,108,125,17,1.0,1,0.03571428571428571,0.07857142857142857,0.02857142857142857,-0.5950000000000001,0.0,0.0,0.0,0.007142857142857143
stage1c_single_agent_small,3,1,91331,1334,1,100,100,1,0,90.84917449951172,2.0,2.0,2.0,0.44,0.0,0,0,2,140,13,14,1,1.0,2,0.18571428571428572,0.2357142857142857,0.08571428571428572,-1.785,0.0,0.0,0.0,0.014285714285714285
stage1c_single_agent_small,3,1,91348,1335,1,100,100,1,0,192.07672119140625,4.0,4.0,4.0,0.12,0.0,0,0,0,17,14,14,0,1.0,0,0.0,0.0,0.0,0.0,0.0,0.0,0.0,0.23529411764705882
stage1c_single_agent_small,3,1,91488,1336,1,100,100,1,0,-1.277230978012085,0.0,0.0,0.0,0.2,0.0,0,0,4,140,-1,-1,-1,0.0,0,0.0,0.0,0.0,0.0,0.0,0.0,0.0,0.0
stage1c_single_agent_small,3,1,91628,1337,1,100,100,1,0,-0.2691856622695923,0.0,0.0,0.0,0.16,0.0,0,0,4,140,-1,-1,-1,0.0,0,0.0,0.0,0.0,0.0,0.0,0.0,0.0,0.0
stage1c_single_agent_small,3,1,91768,1338,1,100,100,1,0,40.88700485229492,1.0,1.0,1.0,0.16,0.0,0,0,3,140,20,100,80,1.0,4,0.40714285714285714,0.5142857142857142,0.42142857142857143,-4.714999999999999,0.0,0.0,0.0,0.007142857142857143
stage1c_single_agent_small,3,1,91908,1339,1,100,100,1,0,-1.193359375,0.0,0.0,0.0,0.24,0.0,0,0,4,140,-1,-1,-1,0.0,0,0.0,0.0,0.0,0.0,0.0,0.0,0.0,0.0
stage1c_single_agent_small,3,1,92048,1340,1,100,100,1,0,-0.7950913906097412,0.0,0.0,0.0,0.08,0.0,0,0,4,140,-1,-1,-1,0.0,0,0.0,0.0,0.0,0.0,0.0,0.0,0.0,0.0
stage1c_single_agent_small,3,1,92188,1341,1,100,100,1,0,0.2640187740325928,0.0,0.0,0.0,0.16,0.0,0,0,4,140,-1,-1,-1,0.0,0,0.0,0.0,0.0,0.0,0.0,0.0,0.0,0.0
stage1c_single_agent_small,3,1,92328,1342,1,100,100,1,0,0.027686849236488342,0.0,0.0,0.0,0.28,0.0,0,0,4,140,-1,-1,-1,0.0,0,0.0,0.0,0.0,0.0,0.0,0.0,0.0,0.0
stage1c_single_agent_small,3,1,92468,1343,1,100,100,1,0,-12.701950073242188,1.0,1.0,0.0,0.24,0.0,0,0,3,140,6,-1,-1,0.0,10,0.5642857142857143,0.8214285714285714,0.5428571428571428,-7.075000000000005,0.0,0.0,0.0,0.0
stage1c_single_agent_small,3,1,92566,1344,1,100,100,1,0,191.28933715820312,4.0,4.0,4.0,0.16,0.0,0,0,0,98,95,95,0,1.0,0,0.0,0.0,0.0,0.0,0.0,0.0,0.0,0.04081632653061224
stage1c_single_agent_small,3,1,92706,1345,1,100,100,1,0,86.04098510742188,3.0,3.0,2.0,0.24,0.0,0,0,1,140,36,90,54,0.6666666666666666,7,0.14285714285714285,0.40714285714285714,0.22857142857142856,-3.364999999999998,0.0,0.0,0.0,0.014285714285714285
stage1c_single_agent_small,3,1,92763,1346,1,100,100,1,0,190.44259643554688,4.0,4.0,4.0,0.28,0.0,0,0,0,57,50,52,2,1.0,0,0.0,0.07017543859649122,0.03508771929824561,-0.23,0.0,0.0,0.0,0.07017543859649122
stage1c_single_agent_small,3,1,92903,1347,1,100,100,1,0,90.32032775878906,2.0,2.0,2.0,0.56,0.0,0,0,2,140,5,27,22,1.0,2,0.04285714285714286,0.10714285714285714,0.03571428571428571,-0.8000000000000003,0.0,0.0,0.0,0.014285714285714285
stage1c_single_agent_small,3,1,93043,1348,1,100,100,1,0,138.47491455078125,3.0,3.0,3.0,0.64,0.0,0,0,1,140,26,31,5,1.0,2,0.05714285714285714,0.10714285714285714,0.02142857142857143,-0.75,0.0,0.0,0.0,0.02142857142857143
stage1c_single_agent_small,3,1,93183,1349,1,100,100,1,0,140.1227569580078,3.0,3.0,3.0,0.6,0.0,0,0,1,140,77,80,3,1.0,2,0.06428571428571428,0.12857142857142856,0.02857142857142857,-0.91,0.0,0.0,0.0,0.02142857142857143
stage1c_single_agent_small,3,1,93323,1350,1,100,100,1,0,45.868614196777344,1.0,1.0,1.0,0.6,0.0,0,0,3,140,70,76,6,1.0,1,0.007142857142857143,0.02857142857142857,0.02142857142857143,-0.255,0.0,0.0,0.0,0.007142857142857143
stage1c_single_agent_small,3,1,93418,1351,1,100,100,1,0,188.25949096679688,4.0,4.0,4.0,0.56,0.0,0,0,0,95,25,40,15,1.0,3,0.08421052631578947,0.17894736842105263,0.021052631578947368,-0.815,0.0,0.0,0.0,0.042105263157894736
stage1c_single_agent_small,3,1,93558,1352,1,100,100,1,0,40.35572814941406,1.0,1.0,1.0,0.24,0.0,0,0,3,140,7,13,6,1.0,0,0.0,0.014285714285714285,0.007142857142857143,-0.115,0.0,0.0,0.0,0.007142857142857143
stage1c_single_agent_small,3,1,93691,1353,1,100,100,1,0,186.01791381835938,4.0,4.0,4.0,0.56,0.0,0,0,0,133,40,57,17,1.0,4,0.12030075187969924,0.2556390977443609,0.015037593984962405,-1.5799999999999994,0.0,0.0,0.0,0.03007518796992481
stage1c_single_agent_small,3,1,93831,1354,1,100,100,1,0,139.76284790039062,3.0,3.0,3.0,0.64,0.0,0,0,1,140,24,26,2,1.0,0,0.0,0.007142857142857143,0.0,-0.045,0.0,0.0,0.0,0.02142857142857143
stage1c_single_agent_small,3,1,93971,1355,1,100,100,1,0,139.05197143554688,3.0,3.0,3.0,0.64,0.0,0,0,1,140,60,74,14,1.0,5,0.06428571428571428,0.19285714285714287,0.02142857142857143,-1.29,0.0,0.0,0.0,0.02142857142857143
stage1c_single_agent_small,3,1,94020,1356,1,100,100,1,0,188.93844604492188,4.0,4.0,4.0,0.2,0.0,0,0,0,49,38,39,1,1.0,1,0.04081632653061224,0.14285714285714285,0.061224489795918366,-0.39,0.0,0.0,0.0,0.08163265306122448
stage1c_single_agent_small,3,1,94143,1357,1,100,100,1,0,188.54339599609375,4.0,4.0,4.0,0.48,0.0,0,0,0,123,4,5,1,1.0,3,0.13008130081300814,0.21138211382113822,0.06504065040650407,-1.37,0.0,0.0,0.0,0.032520325203252036
stage1c_single_agent_small,3,1,94283,1358,1,100,100,1,0,90.7713394165039,2.0,2.0,2.0,0.52,0.0,0,0,2,140,30,57,27,1.0,2,0.02142857142857143,0.17142857142857143,0.04285714285714286,-1.23,0.0,0.0,0.0,0.014285714285714285
stage1c_single_agent_small,3,1,94388,1359,1,100,100,1,0,188.32554626464844,4.0,4.0,4.0,0.64,0.0,0,0,0,105,4,9,5,1.0,3,0.05714285714285714,0.19047619047619047,0.05714285714285714,-1.0500000000000003,0.0,0.0,0.0,0.0380952380952381
stage1c_single_agent_small,3,1,94528,1360,1,100,100,1,0,140.770751953125,3.0,3.0,3.0,0.6,0.0,0,0,1,140,28,43,15,1.0,1,0.05714285714285714,0.08571428571428572,0.03571428571428571,-0.665,0.0,0.0,0.0,0.02142857142857143
stage1c_single_agent_small,3,1,94668,1361,1,100,100,1,0,85.01954650878906,3.0,3.0,2.0,0.44,0.0,0,0,1,140,13,38,25,0.6666666666666666,4,0.07142857142857142,0.21428571428571427,0.06428571428571428,-1.575,0.0,0.0,0.0,0.014285714285714285
stage1c_single_agent_small,3,1,94808,1362,1,100,100,1,0,44.704833984375,1.0,1.0,1.0,0.56,0.0,0,0,3,140,66,98,32,1.0,2,0.04285714285714286,0.12142857142857143,0.06428571428571428,-0.9900000000000002,0.0,0.0,0.0,0.007142857142857143
stage1c_single_agent_small,3,1,94948,1363,1,100,100,1,0,88.83837127685547,3.0,3.0,2.0,0.48,0.0,0,0,1,140,7,8,1,0.6666666666666666,2,0.03571428571428571,0.10714285714285714,0.014285714285714285,-0.7250000000000001,0.0,0.0,0.0,0.014285714285714285
stage1c_single_agent_small,3,1,95028,1364,1,100,100,1,0,188.68927001953125,4.0,4.0,4.0,0.4,0.0,0,0,0,80,9,11,2,1.0,2,0.0625,0.2,0.0875,-0.8950000000000001,0.0,0.0,0.0,0.05
stage1c_single_agent_small,3,1,95168,1365,1,100,100,1,0,134.22335815429688,4.0,4.0,3.0,0.4,0.0,0,0,0,140,27,31,4,0.75,2,0.12142857142857143,0.20714285714285716,0.12857142857142856,-1.7550000000000003,0.0,0.0,0.0,0.02142857142857143
stage1c_single_agent_small,3,1,95308,1366,1,100,100,1,0,84.90660095214844,3.0,3.0,2.0,0.44,0.0,0,0,1,140,8,60,52,0.6666666666666666,4,0.1,0.30714285714285716,0.07142857142857142,-2.1849999999999996,0.0,0.0,0.0,0.014285714285714285
stage1c_single_agent_small,3,1,95328,1367,1,100,100,1,0,191.1864013671875,4.0,4.0,4.0,0.12,0.0,0,0,0,20,9,17,8,1.0,1,0.05,0.2,0.05,-0.20500000000000002,0.0,0.0,0.0,0.2
stage1c_single_agent_small,3,1,95468,1368,1,100,100,1,0,40.97026443481445,2.0,2.0,1.0,0.52,0.0,0,0,2,140,53,53,0,0.5,1,0.02857142857142857,0.05,0.014285714285714285,-0.365,0.0,0.0,0.0,0.007142857142857143
stage1c_single_agent_small,3,1,95608,1369,1,100,100,1,0,-1.8175288438796997,0.0,0.0,0.0,0.32,0.0,0,0,4,140,-1,-1,-1,0.0,0,0.0,0.0,0.0,0.0,0.0,0.0,0.0,0.0
stage1c_single_agent_small,3,1,95744,1370,1,100,100,1,0,185.6290283203125,4.0,4.0,4.0,0.44,0.0,0,0,0,136,2,58,56,1.0,7,0.22794117647058823,0.4264705882352941,0.1323529411764706,-3.059999999999998,0.0,0.0,0.0,0.029411764705882353
stage1c_single_agent_small,3,1,95829,1371,1,100,100,1,0,188.69631958007812,4.0,4.0,4.0,0.4,0.0,0,0,0,85,14,14,0,1.0,2,0.023529411764705882,0.16470588235294117,0.047058823529411764,-0.7300000000000001,0.0,0.0,0.0,0.047058823529411764
stage1c_single_agent_small,3,1,95969,1372,1,100,100,1,0,137.22056579589844,3.0,3.0,3.0,0.44,0.0,0,0,1,140,12,30,18,1.0,3,0.02857142857142857,0.11428571428571428,0.05,-0.8950000000000002,0.0,0.0,0.0,0.02142857142857143
stage1c_single_agent_small,3,1,96109,1373,1,100,100,1,0,46.139774322509766,1.0,1.0,1.0,0.56,0.0,0,0,3,140,5,7,2,1.0,0,0.0,0.0,0.0,0.0,0.0,0.0,0.0,0.007142857142857143
stage1c_single_agent_small,3,1,96249,1374,1,100,100,1,0,89.90682983398438,3.0,3.0,2.0,0.44,0.0,0,0,1,140,27,29,2,0.6666666666666666,1,0.02857142857142857,0.05,0.007142857142857143,-0.33999999999999997,0.0,0.0,0.0,0.014285714285714285
stage1c_single_agent_small,3,1,96389,1375,1,100,100,1,0,90.56343841552734,2.0,2.0,2.0,0.4,0.0,0,0,2,140,61,63,2,1.0,4,0.19285714285714287,0.30714285714285716,0.09285714285714286,-2.259999999999999,0.0,0.0,0.0,0.014285714285714285
stage1c_single_agent_small,3,1,96529,1376,1,100,100,1,0,140.75457763671875,3.0,3.0,3.0,0.48,0.0,0,0,1,140,4,33,29,1.0,3,0.15714285714285714,0.22142857142857142,0.07142857142857142,-1.6449999999999996,0.0,0.0,0.0,0.02142857142857143
stage1c_single_agent_small,3,1,96599,1377,1,100,100,1,0,190.83511352539062,4.0,4.0,4.0,0.24,0.0,0,0,0,70,11,11,0,1.0,0,0.0,0.014285714285714285,0.014285714285714285,-0.07,0.0,0.0,0.0,0.05714285714285714
stage1c_single_agent_small,3,1,96645,1378,1,100,100,1,0,188.95651245117188,4.0,4.0,4.0,0.08,0.0,0,0,0,46,23,34,11,1.0,1,0.043478260869565216,0.2608695652173913,0.10869565217391304,-0.665,0.0,0.0,0.0,0.08695652173913043
stage1c_single_agent_small,3,1,96785,1379,1,100,100,1,0,-2.1025190353393555,0.0,0.0,0.0,0.52,0.0,0,0,4,140,-1,-1,-1,0.0,0,0.0,0.0,0.0,0.0,0.0,0.0,0.0,0.0
stage1c_single_agent_small,3,1,96925,1380,1,100,100,1,0,40.958580017089844,1.0,1.0,1.0,0.44,0.0,0,0,3,140,32,109,77,1.0,6,0.16428571428571428,0.36428571428571427,0.16428571428571428,-2.8699999999999983,0.0,0.0,0.0,0.007142857142857143
stage1c_single_agent_small,3,1,97065,1381,1,100,100,1,0,38.611446380615234,2.0,2.0,1.0,0.52,0.0,0,0,2,140,3,37,34,0.5,2,0.14285714285714285,0.2,0.05,-1.435,0.0,0.0,0.0,0.007142857142857143
stage1c_single_agent_small,3,1,97205,1382,1,100,100,1,0,86.16287994384766,3.0,3.0,2.0,0.48,0.0,0,0,1,140,6,23,17,0.6666666666666666,3,0.09285714285714286,0.20714285714285716,0.12142857142857143,-1.7300000000000004,0.0,0.0,0.0,0.014285714285714285
stage1c_single_agent_small,3,1,97345,1383,1,100,100,1,0,85.72877502441406,3.0,3.0,2.0,0.32,0.0,0,0,1,140,3,27,24,0.6666666666666666,4,0.2,0.32857142857142857,0.18571428571428572,-2.7199999999999984,0.0,0.0,0.0,0.014285714285714285
stage1c_single_agent_small,3,1,97485,1384,1,100,100,1,0,41.74958801269531,1.0,1.0,1.0,0.36,0.0,0,0,3,140,12,108,96,1.0,9,0.35714285714285715,0.55,0.30714285714285716,-4.539999999999997,0.0,0.0,0.0,0.007142857142857143
stage1c_single_agent_small,3,1,97625,1385,1,100,100,1,0,39.221614837646484,2.0,2.0,1.0,0.4,0.0,0,0,2,140,75,102,27,0.5,5,0.12857142857142856,0.30714285714285716,0.16428571428571428,-2.5099999999999993,0.0,0.0,0.0,0.007142857142857143
stage1c_single_agent_small,3,1,97765,1386,1,100,100,1,0,35.746360778808594,2.0,2.0,1.0,0.28,0.0,0,0,2,140,7,43,36,0.5,7,0.3357142857142857,0.5571428571428572,0.2357142857142857,-4.334999999999996,0.0,0.0,0.0,0.007142857142857143
stage1c_single_agent_small,3,1,97869,1387,1,100,100,1,0,190.42526245117188,4.0,4.0,4.0,0.4,0.0,0,0,0,104,16,17,1,1.0,0,0.0,0.028846153846153848,0.009615384615384616,-0.16,0.0,0.0,0.0,0.038461538461538464
stage1c_single_agent_small,3,1,98009,1388,1,100,100,1,0,41.76324462890625,1.0,1.0,1.0,0.32,0.0,0,0,3,140,59,139,80,1.0,4,0.2714285714285714,0.4142857142857143,0.21428571428571427,-3.359999999999997,0.0,0.0,0.0,0.007142857142857143
stage1c_single_agent_small,3,1,98149,1389,1,100,100,1,0,45.84090805053711,1.0,1.0,1.0,0.4,0.0,0,0,3,140,85,119,34,1.0,3,0.06428571428571428,0.16428571428571428,0.06428571428571428,-1.2600000000000002,0.0,0.0,0.0,0.007142857142857143
stage1c_single_agent_small,3,1,98289,1390,1,100,100,1,0,88.51033782958984,3.0,3.0,2.0,0.48,0.0,0,0,1,140,2,25,23,0.6666666666666666,2,0.07142857142857142,0.14285714285714285,0.06428571428571428,-1.1250000000000004,0.0,0.0,0.0,0.014285714285714285
stage1c_single_agent_small,3,1,98344,1391,1,100,100,1,0,192.0711669921875,4.0,4.0,4.0,0.24,0.0,0,0,0,55,11,11,0,1.0,0,0.0,0.0,0.0,0.0,0.0,0.0,0.0,0.07272727272727272
stage1c_single_agent_small,3,1,98484,1392,1,100,100,1,0,87.08422088623047,3.0,3.0,2.0,0.48,0.0,0,0,1,140,4,55,51,0.6666666666666666,5,0.22857142857142856,0.35,0.12857142857142856,-2.654999999999999,0.0,0.0,0.0,0.014285714285714285
stage1c_single_agent_small,3,1,98620,1393,1,100,100,1,0,188.13526916503906,4.0,4.0,4.0,0.52,0.0,0,0,0,136,18,20,2,1.0,1,0.022058823529411766,0.10294117647058823,0.03676470588235294,-0.7549999999999999,0.0,0.0,0.0,0.029411764705882353
stage1c_single_agent_small,3,1,98760,1394,1,100,100,1,0,88.07694244384766,3.0,3.0,2.0,0.52,0.0,0,0,1,140,37,73,36,0.6666666666666666,4,0.07142857142857142,0.2357142857142857,0.10714285714285714,-1.86,0.0,0.0,0.0,0.014285714285714285
stage1c_single_agent_small,3,1,98900,1395,1,100,100,1,0,87.43993377685547,3.0,3.0,2.0,0.44,0.0,0,0,1,140,53,114,61,0.6666666666666666,5,0.20714285714285716,0.35714285714285715,0.1,-2.5999999999999988,0.0,0.0,0.0,0.014285714285714285
stage1c_single_agent_small,3,1,99040,1396,1,100,100,1,0,136.731689453125,3.0,3.0,3.0,0.32,0.0,0,0,1,140,12,23,11,1.0,3,0.1,0.2357142857142857,0.09285714285714286,-1.8099999999999998,0.0,0.0,0.0,0.02142857142857143
stage1c_single_agent_small,3,1,99134,1397,1,100,100,1,0,189.37757873535156,4.0,4.0,4.0,0.52,0.0,0,0,0,94,1,4,3,1.0,3,0.1276595744680851,0.23404255319148937,0.06382978723404255,-1.14,0.0,0.0,0.0,0.0425531914893617
stage1c_single_agent_small,3,1,99274,1398,1,100,100,1,0,139.63172912597656,3.0,3.0,3.0,0.52,0.0,0,0,1,140,9,12,3,1.0,4,0.17142857142857143,0.24285714285714285,0.07857142857142857,-1.8049999999999997,0.0,0.0,0.0,0.02142857142857143
stage1c_single_agent_small,3,1,99414,1399,1,100,100,1,0,94.14971923828125,2.0,2.0,2.0,0.4,0.0,0,0,2,140,22,40,18,1.0,1,0.06428571428571428,0.1,0.014285714285714285,-0.6799999999999999,0.0,0.0,0.0,0.014285714285714285
stage1c_single_agent_small,3,1,99554,1400,1,100,100,1,0,139.17117309570312,3.0,3.0,3.0,0.6,0.0,0,0,1,140,17,39,22,1.0,6,0.15714285714285714,0.2785714285714286,0.08571428571428572,-2.0549999999999997,0.0,0.0,0.0,0.02142857142857143
stage1c_single_agent_small,3,1,99669,1401,1,100,100,1,0,186.1240997314453,4.0,4.0,4.0,0.6,0.0,0,0,0,115,4,22,18,1.0,6,0.25217391304347825,0.41739130434782606,0.08695652173913043,-2.409999999999999,0.0,0.0,0.0,0.034782608695652174
stage1c_single_agent_small,3,1,99809,1402,1,100,100,1,0,140.1195526123047,3.0,3.0,3.0,0.52,0.0,0,0,1,140,16,63,47,1.0,7,0.12142857142857143,0.30714285714285716,0.09285714285714286,-2.259999999999999,0.0,0.0,0.0,0.02142857142857143
stage1c_single_agent_small,3,1,99942,1403,1,100,100,1,0,187.9990234375,4.0,4.0,4.0,0.44,0.0,0,0,0,133,8,13,5,1.0,3,0.07518796992481203,0.15789473684210525,0.03007518796992481,-1.0450000000000002,0.0,0.0,0.0,0.03007518796992481
stage1c_single_agent_small,3,1,100082,1404,1,100,100,1,0,136.20269775390625,4.0,4.0,3.0,0.4,0.0,0,0,0,140,11,22,11,0.75,2,0.014285714285714285,0.14285714285714285,0.05,-1.0750000000000002,0.0,0.0,0.0,0.02142857142857143
stage1c_single_agent_small,3,1,100213,1405,1,100,100,1,0,188.68841552734375,4.0,4.0,4.0,0.44,0.0,0,0,0,131,12,14,2,1.0,1,0.007633587786259542,0.05343511450381679,0.022900763358778626,-0.39,0.0,0.0,0.0,0.030534351145038167
stage1c_single_agent_small,3,1,100327,1406,1,100,100,1,0,188.03619384765625,4.0,4.0,4.0,0.44,0.0,0,0,0,114,22,37,15,1.0,2,0.043859649122807015,0.14912280701754385,0.03508771929824561,-0.8650000000000002,0.0,0.0,0.0,0.03508771929824561
stage1c_single_agent_small,3,1,100431,1407,1,100,100,1,0,185.23316955566406,4.0,4.0,4.0,0.6,0.0,0,0,0,104,3,30,27,1.0,6,0.23076923076923078,0.46153846153846156,0.04807692307692308,-2.284999999999999,0.0,0.0,0.0,0.038461538461538464
stage1c_single_agent_small,3,1,100531,1408,1,100,100,1,0,188.28729248046875,4.0,4.0,4.0,0.56,0.0,0,0,0,100,49,49,0,1.0,1,0.1,0.16,0.0,-0.7200000000000001,0.0,0.0,0.0,0.04
stage1c_single_agent_small,3,1,100616,1409,1,100,100,1,0,187.32000732421875,4.0,4.0,4.0,0.56,0.0,0,0,0,85,15,22,7,1.0,3,0.047058823529411764,0.16470588235294117,0.03529411764705882,-0.7050000000000001,0.0,0.0,0.0,0.047058823529411764
stage1c_single_agent_small,3,1,100756,1410,1,100,100,1,0,136.90115356445312,4.0,4.0,3.0,0.6,0.0,0,0,0,140,18,32,14,0.75,2,0.05714285714285714,0.1,0.02142857142857143,-0.7050000000000001,0.0,0.0,0.0,0.02142857142857143
stage1c_single_agent_small,3,1,100896,1411,1,100,100,1,0,40.265743255615234,2.0,2.0,1.0,0.52,0.0,0,0,2,140,76,86,10,0.5,2,0.05714285714285714,0.10714285714285714,0.02142857142857143,-0.75,0.0,0.0,0.0,0.007142857142857143
stage1c_single_agent_small,3,1,101024,1412,1,100,100,1,0,189.42047119140625,4.0,4.0,4.0,0.48,0.0,0,0,0,128,12,15,3,1.0,1,0.0078125,0.046875,0.0234375,-0.34500000000000003,0.0,0.0,0.0,0.03125
stage1c_single_agent_small,3,1,101164,1413,1,100,100,1,0,41.321754455566406,2.0,2.0,1.0,0.6,0.0,0,0,2,140,116,118,2,0.5,0,0.0,0.03571428571428571,0.0,-0.22499999999999998,0.0,0.0,0.0,0.007142857142857143
stage1c_single_agent_small,3,1,101304,1414,1,100,100,1,0,138.7602081298828,3.0,3.0,3.0,0.56,0.0,0,0,1,140,38,63,25,1.0,2,0.08571428571428572,0.15714285714285714,0.007142857142857143,-1.0150000000000003,0.0,0.0,0.0,0.02142857142857143
stage1c_single_agent_small,3,1,101444,1415,1,100,100,1,0,139.08302307128906,3.0,3.0,3.0,0.64,0.0,0,0,1,140,37,60,23,1.0,3,0.12142857142857143,0.24285714285714285,0.05,-1.7049999999999996,0.0,0.0,0.0,0.02142857142857143
stage1c_single_agent_small,3,1,101584,1416,1,100,100,1,0,41.53523254394531,2.0,2.0,1.0,0.56,0.0,0,0,2,140,2,6,4,0.5,1,0.02142857142857143,0.05,0.0,-0.31499999999999995,0.0,0.0,0.0,0.007142857142857143
stage1c_single_agent_small,3,1,101662,1417,1,100,100,1,0,188.80508422851562,4.0,4.0,4.0,0.6,0.0,0,0,0,78,27,27,0,1.0,3,0.20512820512820512,0.32051282051282054,0.02564102564102564,-1.175,0.0,0.0,0.0,0.05128205128205128
stage1c_single_agent_small,3,1,101756,1418,1,100,100,1,0,188.2812042236328,4.0,4.0,4.0,0.4,0.0,0,0,0,94,11,16,5,1.0,0,0.0,0.07446808510638298,0.010638297872340425,-0.33999999999999997,0.0,0.0,0.0,0.0425531914893617
stage1c_single_agent_small,3,1,101896,1419,1,100,100,1,0,139.9639434814453,3.0,3.0,3.0,0.6,0.0,0,0,1,140,9,31,22,1.0,2,0.02857142857142857,0.07857142857142857,0.02142857142857143,-0.5700000000000001,0.0,0.0,0.0,0.02142857142857143
stage1c_single_agent_small,3,1,102036,1420,1,100,100,1,0,92.6208724975586,2.0,2.0,2.0,0.6,0.0,0,0,2,140,22,35,13,1.0,2,0.05,0.10714285714285714,0.0,-0.675,0.0,0.0,0.0,0.014285714285714285
stage1c_single_agent_small,3,1,102176,1421,1,100,100,1,0,-2.3516204357147217,0.0,0.0,0.0,0.6,0.0,0,0,4,140,-1,-1,-1,0.0,0,0.0,0.0,0.0,0.0,0.0,0.0,0.0,0.0
stage1c_single_agent_small,3,1,102316,1422,1,100,100,1,0,140.4131622314453,3.0,3.0,3.0,0.56,0.0,0,0,1,140,2,4,2,1.0,0,0.0,0.014285714285714285,0.0,-0.09,0.0,0.0,0.0,0.02142857142857143
stage1c_single_agent_small,3,1,102456,1423,1,100,100,1,0,92.6339340209961,2.0,2.0,2.0,0.52,0.0,0,0,2,140,48,51,3,1.0,0,0.0,0.0,0.0,0.0,0.0,0.0,0.0,0.014285714285714285
stage1c_single_agent_small,3,1,102596,1424,1,100,100,1,0,43.82160949707031,1.0,1.0,1.0,0.56,0.0,0,0,3,140,43,56,13,1.0,1,0.03571428571428571,0.06428571428571428,0.007142857142857143,-0.42999999999999994,0.0,0.0,0.0,0.007142857142857143
stage1c_single_agent_small,3,1,102736,1425,1,100,100,1,0,138.94972229003906,3.0,3.0,3.0,0.64,0.0,0,0,1,140,29,29,0,1.0,3,0.05,0.1357142857142857,0.02857142857142857,-0.9550000000000003,0.0,0.0,0.0,0.02142857142857143
stage1c_single_agent_small,3,1,102848,1426,1,100,100,1,0,189.1423797607422,4.0,4.0,4.0,0.6,0.0,0,0,0,112,20,31,11,1.0,1,0.044642857142857144,0.07142857142857142,0.026785714285714284,-0.435,0.0,0.0,0.0,0.03571428571428571
stage1c_single_agent_small,3,1,102988,1427,1,100,100,1,0,44.06396484375,1.0,1.0,1.0,0.6,0.0,0,0,3,140,41,72,31,1.0,2,0.05,0.14285714285714285,0.05714285714285714,-1.1000000000000003,0.0,0.0,0.0,0.007142857142857143
stage1c_single_agent_small,3,1,103128,1428,1,100,100,1,0,92.42572784423828,2.0,2.0,2.0,0.44,0.0,0,0,2,140,20,23,3,1.0,0,0.0,0.014285714285714285,0.0,-0.09,0.0,0.0,0.0,0.014285714285714285
stage1c_single_agent_small,3,1,103268,1429,1,100,100,1,0,134.5901641845703,4.0,4.0,3.0,0.56,0.0,0,0,0,140,62,81,19,0.75,3,0.08571428571428572,0.22857142857142856,0.014285714285714285,-1.4899999999999995,0.0,0.0,0.0,0.02142857142857143
stage1c_single_agent_small,3,1,103394,1430,1,100,100,1,0,186.71475219726562,4.0,4.0,4.0,0.6,0.0,0,0,0,126,37,55,18,1.0,4,0.1984126984126984,0.31746031746031744,0.015873015873015872,-1.8499999999999994,0.0,0.0,0.0,0.031746031746031744
stage1c_single_agent_small,3,1,103502,1431,1,100,100,1,0,185.6626434326172,4.0,4.0,4.0,0.52,0.0,0,0,0,108,15,34,19,1.0,5,0.23148148148148148,0.37962962962962965,0.07407407407407407,-2.0449999999999995,0.0,0.0,0.0,0.037037037037037035
stage1c_single_agent_small,3,1,103627,1432,1,100,100,1,0,186.36041259765625,4.0,4.0,4.0,0.48,0.0,0,0,0,125,3,23,20,1.0,5,0.104,0.272,0.072,-1.7549999999999994,0.0,0.0,0.0,0.032
stage1d_single_agent_carry_bootstrap,4,1,103721,1433,1,120,100,1,0,56.634822845458984,0.0,0.0,1.0,0.36666666666666664,0.0,0,0,0,41,-1,41,-1,1.0,4,0.3170731707317073,0.43902439024390244,0.04878048780487805,-1.5200000000000002,0.0,0.0,0.0,0.024390243902439025
stage1d_single_agent_carry_bootstrap,4,1,103728,1434,1,120,100,1,0,59.69118118286133,0.0,0.0,1.0,0.06666666666666667,0.0,0,0,0,7,-1,7,-1,1.0,1,0.2857142857142857,0.42857142857142855,0.2857142857142857,-0.32,0.0,0.0,0.0,0.14285714285714285
stage1d_single_agent_carry_bootstrap,4,1,103750,1435,1,120,100,1,0,57.71411895751953,0.0,0.0,1.0,0.23333333333333334,0.0,0,0,0,22,-1,22,-1,1.0,3,0.4090909090909091,0.5454545454545454,0.13636363636363635,-1.0799999999999998,0.0,0.0,0.0,0.045454545454545456
stage1d_single_agent_carry_bootstrap,4,1,103760,1436,1,120,100,1,0,59.57170104980469,0.0,0.0,1.0,0.16666666666666666,0.0,0,0,0,10,-1,10,-1,1.0,0,0.0,0.1,0.0,-0.08,0.0,0.0,0.0,0.1
stage1d_single_agent_carry_bootstrap,4,1,103766,1437,1,120,100,1,0,59.780487060546875,0.0,0.0,1.0,0.06666666666666667,0.0,0,0,0,6,-1,6,-1,1.0,1,0.16666666666666666,0.3333333333333333,0.3333333333333333,-0.24,0.0,0.0,0.0,0.16666666666666666
stage1d_single_agent_carry_bootstrap,4,1,103798,1438,1,120,100,1,0,58.172428131103516,0.0,0.0,1.0,0.4,0.0,0,0,0,32,-1,32,-1,1.0,2,0.34375,0.4375,0.03125,-1.16,0.0,0.0,0.0,0.03125
stage1d_single_agent_carry_bootstrap,4,1,103827,1439,1,120,100,1,0,56.58924102783203,0.0,0.0,1.0,0.2,0.0,0,0,0,29,-1,29,-1,1.0,5,0.3448275862068966,0.5172413793103449,0.2413793103448276,-1.48,0.0,0.0,0.0,0.034482758620689655
stage1d_single_agent_carry_bootstrap,4,1,103835,1440,1,120,100,1,0,59.7413330078125,0.0,0.0,1.0,0.1,0.0,0,0,0,8,-1,8,-1,1.0,1,0.25,0.375,0.25,-0.32,0.0,0.0,0.0,0.125
stage1d_single_agent_carry_bootstrap,4,1,103840,1441,1,120,100,1,0,59.94630432128906,0.0,0.0,1.0,0.1,0.0,0,0,0,5,-1,5,-1,1.0,0,0.0,0.2,0.0,-0.08,0.0,0.0,0.0,0.2
stage1d_single_agent_carry_bootstrap,4,1,103853,1442,1,120,100,1,0,59.45439910888672,0.0,0.0,1.0,0.2,0.0,0,0,0,13,-1,13,-1,1.0,1,0.15384615384615385,0.23076923076923078,0.0,-0.24,0.0,0.0,0.0,0.07692307692307693
stage1d_single_agent_carry_bootstrap,4,1,103880,1443,1,120,100,1,0,57.354251861572266,0.0,0.0,1.0,0.23333333333333334,0.0,0,0,0,27,-1,27,-1,1.0,3,0.4074074074074074,0.5555555555555556,0.1111111111111111,-1.32,0.0,0.0,0.0,0.037037037037037035
stage1d_single_agent_carry_bootstrap,4,1,103881,1444,1,120,100,1,0,59.99599838256836,0.0,0.0,1.0,0.03333333333333333,0.0,0,0,0,1,-1,1,-1,1.0,0,0.0,0.0,0.0,0.0,0.0,0.0,0.0,1.0
stage1d_single_agent_carry_bootstrap,4,1,103884,1445,1,120,100,1,0,60.02033996582031,0.0,0.0,1.0,0.06666666666666667,0.0,0,0,0,3,-1,3,-1,1.0,0,0.0,0.0,0.0,0.0,0.0,0.0,0.0,0.3333333333333333
stage1d_single_agent_carry_bootstrap,4,1,103910,1446,1,120,100,1,0,57.14262008666992,0.0,0.0,1.0,0.23333333333333334,0.0,0,0,0,26,-1,26,-1,1.0,3,0.19230769230769232,0.4230769230769231,0.07692307692307693,-0.9599999999999999,0.0,0.0,0.0,0.038461538461538464
stage1d_single_agent_carry_bootstrap,4,1,103931,1447,1,120,100,1,0,57.57211685180664,0.0,0.0,1.0,0.13333333333333333,0.0,0,0,0,21,-1,21,-1,1.0,3,0.2857142857142857,0.47619047619047616,0.047619047619047616,-0.8399999999999999,0.0,0.0,0.0,0.047619047619047616
stage1d_single_agent_carry_bootstrap,4,1,103957,1448,1,120,100,1,0,57.62489700317383,0.0,0.0,1.0,0.3333333333333333,0.0,0,0,0,26,-1,26,-1,1.0,4,0.3076923076923077,0.5,0.07692307692307693,-1.1199999999999999,0.0,0.0,0.0,0.038461538461538464
stage1d_single_agent_carry_bootstrap,4,1,103962,1449,1,120,100,1,0,59.79046630859375,0.0,0.0,1.0,0.06666666666666667,0.0,0,0,0,5,-1,5,-1,1.0,1,0.2,0.4,0.2,-0.2,0.0,0.0,0.0,0.2
stage1d_single_agent_carry_bootstrap,4,1,103989,1450,1,120,100,1,0,57.541690826416016,0.0,0.0,1.0,0.23333333333333334,0.0,0,0,0,27,-1,27,-1,1.0,4,0.37037037037037035,0.5185185185185185,0.07407407407407407,-1.2,0.0,0.0,0.0,0.037037037037037035
stage1d_single_agent_carry_bootstrap,4,1,104001,1451,1,120,100,1,0,59.44481658935547,0.0,0.0,1.0,0.23333333333333334,0.0,0,0,0,12,-1,12,-1,1.0,1,0.08333333333333333,0.25,0.0,-0.24,0.0,0.0,0.0,0.08333333333333333
stage1d_single_agent_carry_bootstrap,4,1,104025,1452,1,120,100,1,0,57.70424270629883,0.0,0.0,1.0,0.23333333333333334,0.0,0,0,0,24,-1,24,-1,1.0,2,0.375,0.5416666666666666,0.041666666666666664,-1.0799999999999998,0.0,0.0,0.0,0.041666666666666664
stage1d_single_agent_carry_bootstrap,4,1,104067,1453,1,120,100,1,0,56.058074951171875,0.0,0.0,1.0,0.36666666666666664,0.0,0,0,0,42,-1,42,-1,1.0,4,0.2857142857142857,0.4523809523809524,0.0,-1.5200000000000002,0.0,0.0,0.0,0.023809523809523808
stage1d_single_agent_carry_bootstrap,4,1,104089,1454,1,120,100,1,0,57.80018997192383,0.0,0.0,1.0,0.2,0.0,0,0,0,22,-1,22,-1,1.0,3,0.36363636363636365,0.5,0.045454545454545456,-0.9199999999999998,0.0,0.0,0.0,0.045454545454545456
stage1d_single_agent_carry_bootstrap,4,1,104109,1455,1,120,100,1,0,58.204708099365234,0.0,0.0,1.0,0.26666666666666666,0.0,0,0,0,20,-1,20,-1,1.0,2,0.25,0.4,0.0,-0.64,0.0,0.0,0.0,0.05
stage1d_single_agent_carry_bootstrap,4,1,104134,1456,1,120,100,1,0,58.13739776611328,0.0,0.0,1.0,0.3,0.0,0,0,0,25,-1,25,-1,1.0,3,0.28,0.44,0.12,-0.9999999999999999,0.0,0.0,0.0,0.04
stage1d_single_agent_carry_bootstrap,4,1,104156,1457,1,120,100,1,0,57.915985107421875,0.0,0.0,1.0,0.26666666666666666,0.0,0,0,0,22,-1,22,-1,1.0,2,0.3181818181818182,0.45454545454545453,0.09090909090909091,-0.8799999999999999,0.0,0.0,0.0,0.045454545454545456
stage1d_single_agent_carry_bootstrap,4,1,104183,1458,1,120,100,1,0,57.32038879394531,0.0,0.0,1.0,0.36666666666666664,0.0,0,0,0,27,-1,27,-1,1.0,4,0.2962962962962963,0.4444444444444444,0.037037037037037035,-0.9999999999999998,0.0,0.0,0.0,0.037037037037037035
stage1d_single_agent_carry_bootstrap,4,1,104200,1459,1,120,100,1,0,58.44336700439453,0.0,0.0,1.0,0.16666666666666666,0.0,0,0,0,17,-1,17,-1,1.0,1,0.35294117647058826,0.47058823529411764,0.11764705882352941,-0.72,0.0,0.0,0.0,0.058823529411764705
stage1d_single_agent_carry_bootstrap,4,1,104215,1460,1,120,100,1,0,58.917762756347656,0.0,0.0,1.0,0.23333333333333334,0.0,0,0,0,15,-1,15,-1,1.0,2,0.3333333333333333,0.5333333333333333,0.0,-0.64,0.0,0.0,0.0,0.06666666666666667
stage1d_single_agent_carry_bootstrap,4,1,104234,1461,1,120,100,1,0,57.734832763671875,0.0,0.0,1.0,0.16666666666666666,0.0,0,0,0,19,-1,19,-1,1.0,2,0.21052631578947367,0.42105263157894735,0.10526315789473684,-0.72,0.0,0.0,0.0,0.05263157894736842
stage1d_single_agent_carry_bootstrap,4,1,104257,1462,1,120,100,1,0,57.682373046875,0.0,0.0,1.0,0.23333333333333334,0.0,0,0,0,23,-1,23,-1,1.0,2,0.43478260869565216,0.5652173913043478,0.13043478260869565,-1.16,0.0,0.0,0.0,0.043478260869565216
stage1d_single_agent_carry_bootstrap,4,1,104263,1463,1,120,100,1,0,60.16240692138672,0.0,0.0,1.0,0.1,0.0,0,0,0,6,-1,6,-1,1.0,0,0.0,0.0,0.0,0.0,0.0,0.0,0.0,0.16666666666666666
stage1d_single_agent_carry_bootstrap,4,1,104290,1464,1,120,100,1,0,57.6223030090332,0.0,0.0,1.0,0.23333333333333334,0.0,0,0,0,27,-1,27,-1,1.0,4,0.25925925925925924,0.48148148148148145,0.1111111111111111,-1.16,0.0,0.0,0.0,0.037037037037037035
stage1d_single_agent_carry_bootstrap,4,1,104299,1465,1,120,100,1,0,59.82865905761719,0.0,0.0,1.0,0.1,0.0,0,0,0,9,-1,9,-1,1.0,1,0.1111111111111111,0.2222222222222222,0.1111111111111111,-0.2,0.0,0.0,0.0,0.1111111111111111
stage1d_single_agent_carry_bootstrap,4,1,104324,1466,1,120,100,1,0,57.057674407958984,0.0,0.0,1.0,0.2,0.0,0,0,0,25,-1,25,-1,1.0,4,0.28,0.48,0.08,-1.0399999999999998,0.0,0.0,0.0,0.04
stage1d_single_agent_carry_bootstrap,4,1,104349,1467,1,120,100,1,0,58.31689453125,0.0,0.0,1.0,0.36666666666666664,0.0,0,0,0,25,-1,25,-1,1.0,3,0.32,0.44,0.0,-0.8799999999999999,0.0,0.0,0.0,0.04
stage1d_single_agent_carry_bootstrap,4,1,104353,1468,1,120,100,1,0,59.776519775390625,0.0,0.0,1.0,0.03333333333333333,0.0,0,0,0,4,-1,4,-1,1.0,1,0.25,0.5,0.25,-0.2,0.0,0.0,0.0,0.25
stage1d_single_agent_carry_bootstrap,4,1,104372,1469,1,120,100,1,0,57.62838363647461,0.0,0.0,1.0,0.1,0.0,0,0,0,19,-1,19,-1,1.0,1,0.10526315789473684,0.42105263157894735,0.05263157894736842,-0.6799999999999999,0.0,0.0,0.0,0.05263157894736842
stage1d_single_agent_carry_bootstrap,4,1,104373,1470,1,120,100,1,0,59.99599838256836,0.0,0.0,1.0,0.03333333333333333,0.0,0,0,0,1,-1,1,-1,1.0,0,0.0,0.0,0.0,0.0,0.0,0.0,0.0,1.0
stage1d_single_agent_carry_bootstrap,4,1,104384,1471,1,120,100,1,0,59.52178955078125,0.0,0.0,1.0,0.13333333333333333,0.0,0,0,0,11,-1,11,-1,1.0,1,0.09090909090909091,0.18181818181818182,0.0,-0.16,0.0,0.0,0.0,0.09090909090909091
stage1d_single_agent_carry_bootstrap,4,1,104425,1472,1,120,100,1,0,55.910831451416016,0.0,0.0,1.0,0.4,0.0,0,0,0,41,-1,41,-1,1.0,4,0.3902439024390244,0.5365853658536586,0.024390243902439025,-1.8000000000000005,0.0,0.0,0.0,0.024390243902439025
stage1d_single_agent_carry_bootstrap,4,1,104443,1473,1,120,100,1,0,57.82396697998047,0.0,0.0,1.0,0.16666666666666666,0.0,0,0,0,18,-1,18,-1,1.0,3,0.2222222222222222,0.4444444444444444,0.0,-0.64,0.0,0.0,0.0,0.05555555555555555
stage1d_single_agent_carry_bootstrap,4,1,104460,1474,1,120,100,1,0,58.26035690307617,0.0,0.0,1.0,0.16666666666666666,0.0,0,0,0,17,-1,17,-1,1.0,2,0.4117647058823529,0.5882352941176471,0.058823529411764705,-0.8399999999999999,0.0,0.0,0.0,0.058823529411764705
stage1d_single_agent_carry_bootstrap,4,1,104477,1475,1,120,100,1,0,58.391502380371094,0.0,0.0,1.0,0.2,0.0,0,0,0,17,-1,17,-1,1.0,2,0.4117647058823529,0.5294117647058824,0.058823529411764705,-0.7599999999999999,0.0,0.0,0.0,0.058823529411764705
stage1d_single_agent_carry_bootstrap,4,1,104501,1476,1,120,100,1,0,57.81657791137695,0.0,0.0,1.0,0.23333333333333334,0.0,0,0,0,24,-1,24,-1,1.0,3,0.20833333333333334,0.375,0.0,-0.72,0.0,0.0,0.0,0.041666666666666664
stage1d_single_agent_carry_bootstrap,4,1,104528,1477,1,120,100,1,0,57.47826385498047,0.0,0.0,1.0,0.3,0.0,0,0,0,27,-1,27,-1,1.0,2,0.2962962962962963,0.4444444444444444,0.0,-0.9599999999999999,0.0,0.0,0.0,0.037037037037037035
stage1d_single_agent_carry_bootstrap,4,1,104541,1478,1,120,100,1,0,59.143802642822266,0.0,0.0,1.0,0.2,0.0,0,0,0,13,-1,13,-1,1.0,1,0.38461538461538464,0.46153846153846156,0.07692307692307693,-0.52,0.0,0.0,0.0,0.07692307692307693
stage1d_single_agent_carry_bootstrap,4,1,104562,1479,1,120,100,1,0,58.344356536865234,0.0,0.0,1.0,0.3,0.0,0,0,0,21,-1,21,-1,1.0,2,0.3333333333333333,0.47619047619047616,0.0,-0.7999999999999999,0.0,0.0,0.0,0.047619047619047616
stage1d_single_agent_carry_bootstrap,4,1,104564,1480,1,120,100,1,0,59.9989128112793,0.0,0.0,1.0,0.06666666666666667,0.0,0,0,0,2,-1,2,-1,1.0,0,0.0,0.0,0.0,0.0,0.0,0.0,0.0,0.5
stage1d_single_agent_carry_bootstrap,4,1,104584,1481,1,120,100,1,0,57.37406921386719,0.0,0.0,1.0,0.16666666666666666,0.0,0,0,0,20,-1,20,-1,1.0,2,0.45,0.6,0.05,-0.9999999999999998,0.0,0.0,0.0,0.05
stage1d_single_agent_carry_bootstrap,4,1,104610,1482,1,120,100,1,0,57.864463806152344,0.0,0.0,1.0,0.23333333333333334,0.0,0,0,0,26,-1,26,-1,1.0,3,0.15384615384615385,0.34615384615384615,0.0,-0.72,0.0,0.0,0.0,0.038461538461538464
stage1d_single_agent_carry_bootstrap,4,1,104618,1483,1,120,100,1,0,59.79524230957031,0.0,0.0,1.0,0.13333333333333333,0.0,0,0,0,8,-1,8,-1,1.0,0,0.0,0.0,0.0,0.0,0.0,0.0,0.0,0.125
stage1d_single_agent_carry_bootstrap,4,1,104623,1484,1,120,100,1,0,59.95305252075195,0.0,0.0,1.0,0.1,0.0,0,0,0,5,-1,5,-1,1.0,0,0.0,0.2,0.0,-0.08,0.0,0.0,0.0,0.2
stage1d_single_agent_carry_bootstrap,4,1,104649,1485,1,120,100,1,0,57.69343948364258,0.0,0.0,1.0,0.3,0.0,0,0,0,26,-1,26,-1,1.0,4,0.3076923076923077,0.5,0.038461538461538464,-1.0799999999999998,0.0,0.0,0.0,0.038461538461538464
stage1d_single_agent_carry_bootstrap,4,1,104673,1486,1,120,100,1,0,57.54136657714844,0.0,0.0,1.0,0.2,0.0,0,0,0,24,-1,24,-1,1.0,3,0.25,0.4583333333333333,0.041666666666666664,-0.9199999999999998,0.0,0.0,0.0,0.041666666666666664
stage1d_single_agent_carry_bootstrap,4,1,104680,1487,1,120,100,1,0,60.12018966674805,0.0,0.0,1.0,0.1,0.0,0,0,0,7,-1,7,-1,1.0,0,0.0,0.0,0.0,0.0,0.0,0.0,0.0,0.14285714285714285
stage1d_single_agent_carry_bootstrap,4,1,104699,1488,1,120,100,1,0,58.07319641113281,0.0,0.0,1.0,0.2,0.0,0,0,0,19,-1,19,-1,1.0,3,0.3157894736842105,0.47368421052631576,0.05263157894736842,-0.7599999999999999,0.0,0.0,0.0,0.05263157894736842
stage1d_single_agent_carry_bootstrap,4,1,104722,1489,1,120,100,1,0,58.055686950683594,0.0,0.0,1.0,0.23333333333333334,0.0,0,0,0,23,-1,23,-1,1.0,2,0.21739130434782608,0.391304347826087,0.043478260869565216,-0.7599999999999999,0.0,0.0,0.0,0.043478260869565216
stage1d_single_agent_carry_bootstrap,4,1,104736,1490,1,120,100,1,0,58.799049377441406,0.0,0.0,1.0,0.23333333333333334,0.0,0,0,0,14,-1,14,-1,1.0,1,0.5,0.6428571428571429,0.07142857142857142,-0.7599999999999999,0.0,0.0,0.0,0.07142857142857142
stage1d_single_agent_carry_bootstrap,4,1,104741,1491,1,120,100,1,0,60.06875228881836,0.0,0.0,1.0,0.06666666666666667,0.0,0,0,0,5,-1,5,-1,1.0,0,0.0,0.0,0.0,0.0,0.0,0.0,0.0,0.2
stage1d_single_agent_carry_bootstrap,4,1,104770,1492,1,120,100,1,0,57.20172119140625,0.0,0.0,1.0,0.3,0.0,0,0,0,29,-1,29,-1,1.0,3,0.2413793103448276,0.41379310344827586,0.0,-0.9599999999999999,0.0,0.0,0.0,0.034482758620689655
stage1d_single_agent_carry_bootstrap,4,1,104774,1493,1,120,100,1,0,60.05890655517578,0.0,0.0,1.0,0.1,0.0,0,0,0,4,-1,4,-1,1.0,0,0.0,0.0,0.0,0.0,0.0,0.0,0.0,0.25
stage1d_single_agent_carry_bootstrap,4,1,104799,1494,1,120,100,1,0,57.89459991455078,0.0,0.0,1.0,0.26666666666666666,0.0,0,0,0,25,-1,25,-1,1.0,3,0.32,0.48,0.04,-0.9999999999999998,0.0,0.0,0.0,0.04
stage1d_single_agent_carry_bootstrap,4,1,104821,1495,1,120,100,1,0,57.99447250366211,0.0,0.0,1.0,0.26666666666666666,0.0,0,0,0,22,-1,22,-1,1.0,3,0.2727272727272727,0.45454545454545453,0.045454545454545456,-0.8399999999999999,0.0,0.0,0.0,0.045454545454545456
stage1d_single_agent_carry_bootstrap,4,1,104826,1496,1,120,100,1,0,60.112911224365234,0.0,0.0,1.0,0.1,0.0,0,0,0,5,-1,5,-1,1.0,0,0.0,0.0,0.0,0.0,0.0,0.0,0.0,0.2
stage1d_single_agent_carry_bootstrap,4,1,104846,1497,1,120,100,1,0,58.67314529418945,0.0,0.0,1.0,0.23333333333333334,0.0,0,0,0,20,-1,20,-1,1.0,3,0.25,0.4,0.05,-0.6799999999999999,0.0,0.0,0.0,0.05
stage1d_single_agent_carry_bootstrap,4,1,104869,1498,1,120,100,1,0,57.226158142089844,0.0,0.0,1.0,0.16666666666666666,0.0,0,0,0,23,-1,23,-1,1.0,4,0.391304347826087,0.5652173913043478,0.08695652173913043,-1.1199999999999999,0.0,0.0,0.0,0.043478260869565216
stage1d_single_agent_carry_bootstrap,4,1,104872,1499,1,120,100,1,0,60.01075744628906,0.0,0.0,1.0,0.06666666666666667,0.0,0,0,0,3,-1,3,-1,1.0,0,0.0,0.0,0.0,0.0,0.0,0.0,0.0,0.3333333333333333
stage1d_single_agent_carry_bootstrap,4,1,104891,1500,1,120,100,1,0,58.50327682495117,0.0,0.0,1.0,0.26666666666666666,0.0,0,0,0,19,-1,19,-1,1.0,2,0.2631578947368421,0.42105263157894735,0.10526315789473684,-0.72,0.0,0.0,0.0,0.05263157894736842
stage1d_single_agent_carry_bootstrap,4,1,104917,1501,1,120,100,1,0,57.06531524658203,0.0,0.0,1.0,0.3333333333333333,0.0,0,0,0,26,-1,26,-1,1.0,3,0.6538461538461539,0.7692307692307693,0.038461538461538464,-1.6400000000000003,0.0,0.0,0.0,0.038461538461538464
stage1d_single_agent_carry_bootstrap,4,1,104922,1502,1,120,100,1,0,60.112571716308594,0.0,0.0,1.0,0.1,0.0,0,0,0,5,-1,5,-1,1.0,0,0.0,0.0,0.0,0.0,0.0,0.0,0.0,0.2
stage1d_single_agent_carry_bootstrap,4,1,104924,1503,1,120,100,1,0,59.99831008911133,0.0,0.0,1.0,0.06666666666666667,0.0,0,0,0,2,-1,2,-1,1.0,0,0.0,0.0,0.0,0.0,0.0,0.0,0.0,0.5
stage1d_single_agent_carry_bootstrap,4,1,104943,1504,1,120,100,1,0,58.05232238769531,0.0,0.0,1.0,0.13333333333333333,0.0,0,0,0,19,-1,19,-1,1.0,2,0.2631578947368421,0.42105263157894735,0.15789473684210525,-0.7599999999999999,0.0,0.0,0.0,0.05263157894736842
stage1d_single_agent_carry_bootstrap,4,1,104964,1505,1,120,100,1,0,57.81786346435547,0.0,0.0,1.0,0.2,0.0,0,0,0,21,-1,21,-1,1.0,3,0.38095238095238093,0.5238095238095238,0.09523809523809523,-0.9599999999999999,0.0,0.0,0.0,0.047619047619047616
stage1d_single_agent_carry_bootstrap,4,1,104975,1506,1,120,100,1,0,58.78765106201172,0.0,0.0,1.0,0.06666666666666667,0.0,0,0,0,11,-1,11,-1,1.0,1,0.36363636363636365,0.45454545454545453,0.09090909090909091,-0.44000000000000006,0.0,0.0,0.0,0.09090909090909091
stage1d_single_agent_carry_bootstrap,4,1,105002,1507,1,120,100,1,0,56.734642028808594,0.0,0.0,1.0,0.26666666666666666,0.0,0,0,0,27,-1,27,-1,1.0,2,0.2222222222222222,0.4074074074074074,0.0,-0.8799999999999999,0.0,0.0,0.0,0.037037037037037035
stage1d_single_agent_carry_bootstrap,4,1,105024,1508,1,120,100,1,0,57.7679557800293,0.0,0.0,1.0,0.23333333333333334,0.0,0,0,0,22,-1,22,-1,1.0,3,0.18181818181818182,0.4090909090909091,0.045454545454545456,-0.7599999999999999,0.0,0.0,0.0,0.045454545454545456
stage1d_single_agent_carry_bootstrap,4,1,105035,1509,1,120,100,1,0,58.36362838745117,0.0,0.0,1.0,0.06666666666666667,0.0,0,0,0,11,-1,11,-1,1.0,1,0.09090909090909091,0.45454545454545453,0.0,-0.4,0.0,0.0,0.0,0.09090909090909091
stage1d_single_agent_carry_bootstrap,4,1,105039,1510,1,120,100,1,0,60.048282623291016,0.0,0.0,1.0,0.06666666666666667,0.0,0,0,0,4,-1,4,-1,1.0,0,0.0,0.0,0.0,0.0,0.0,0.0,0.0,0.25
stage1d_single_agent_carry_bootstrap,4,1,105063,1511,1,120,100,1,0,58.03629684448242,0.0,0.0,1.0,0.26666666666666666,0.0,0,0,0,24,-1,24,-1,1.0,2,0.25,0.4166666666666667,0.0,-0.7999999999999999,0.0,0.0,0.0,0.041666666666666664
stage1d_single_agent_carry_bootstrap,4,1,105085,1512,1,120,100,1,0,57.52847671508789,0.0,0.0,1.0,0.23333333333333334,0.0,0,0,0,22,-1,22,-1,1.0,3,0.3181818181818182,0.5,0.045454545454545456,-0.9199999999999998,0.0,0.0,0.0,0.045454545454545456
stage1d_single_agent_carry_bootstrap,4,1,105104,1513,1,120,100,1,0,57.7689208984375,0.0,0.0,1.0,0.16666666666666666,0.0,0,0,0,19,-1,19,-1,1.0,3,0.3157894736842105,0.47368421052631576,0.0,-0.72,0.0,0.0,0.0,0.05263157894736842
stage1d_single_agent_carry_bootstrap,4,1,105112,1514,1,120,100,1,0,60.08448028564453,0.0,0.0,1.0,0.13333333333333333,0.0,0,0,0,8,-1,8,-1,1.0,0,0.0,0.125,0.0,-0.08,0.0,0.0,0.0,0.125
stage1d_single_agent_carry_bootstrap,4,1,105114,1515,1,120,100,1,0,60.00261306762695,0.0,0.0,1.0,0.06666666666666667,0.0,0,0,0,2,-1,2,-1,1.0,0,0.0,0.0,0.0,0.0,0.0,0.0,0.0,0.5
stage1d_single_agent_carry_bootstrap,4,1,105141,1516,1,120,100,1,0,57.51584243774414,0.0,0.0,1.0,0.3333333333333333,0.0,0,0,0,27,-1,27,-1,1.0,3,0.4444444444444444,0.5555555555555556,0.07407407407407407,-1.28,0.0,0.0,0.0,0.037037037037037035
stage1d_single_agent_carry_bootstrap,4,1,105157,1517,1,120,100,1,0,59.07040786743164,0.0,0.0,1.0,0.23333333333333334,0.0,0,0,0,16,-1,16,-1,1.0,1,0.375,0.4375,0.0,-0.56,0.0,0.0,0.0,0.0625
stage1d_single_agent_carry_bootstrap,4,1,105168,1518,1,120,100,1,0,59.4976921081543,0.0,0.0,1.0,0.16666666666666666,0.0,0,0,0,11,-1,11,-1,1.0,1,0.09090909090909091,0.18181818181818182,0.0,-0.16,0.0,0.0,0.0,0.09090909090909091
stage1d_single_agent_carry_bootstrap,4,1,105190,1519,1,120,100,1,0,57.74199676513672,0.0,0.0,1.0,0.23333333333333334,0.0,0,0,0,22,-1,22,-1,1.0,3,0.2727272727272727,0.45454545454545453,0.0,-0.7999999999999999,0.0,0.0,0.0,0.045454545454545456
stage1d_single_agent_carry_bootstrap,4,1,105216,1520,1,120,100,1,0,57.675357818603516,0.0,0.0,1.0,0.4,0.0,0,0,0,26,-1,26,-1,1.0,3,0.34615384615384615,0.5,0.038461538461538464,-1.0799999999999998,0.0,0.0,0.0,0.038461538461538464
stage1d_single_agent_carry_bootstrap,4,1,105234,1521,1,120,100,1,0,58.64326095581055,0.0,0.0,1.0,0.26666666666666666,0.0,0,0,0,18,-1,18,-1,1.0,1,0.3333333333333333,0.4444444444444444,0.0,-0.64,0.0,0.0,0.0,0.05555555555555555
stage1d_single_agent_carry_bootstrap,4,1,105254,1522,1,120,100,1,0,58.213016510009766,0.0,0.0,1.0,0.26666666666666666,0.0,0,0,0,20,-1,20,-1,1.0,3,0.2,0.4,0.05,-0.6799999999999999,0.0,0.0,0.0,0.05
stage1d_single_agent_carry_bootstrap,4,1,105279,1523,1,120,100,1,0,57.118621826171875,0.0,0.0,1.0,0.26666666666666666,0.0,0,0,0,25,-1,25,-1,1.0,3,0.2,0.44,0.0,-0.8799999999999999,0.0,0.0,0.0,0.04
stage1d_single_agent_carry_bootstrap,4,1,105310,1524,1,120,100,1,0,55.90338897705078,0.0,0.0,1.0,0.26666666666666666,0.0,0,0,0,31,-1,31,-1,1.0,3,0.45161290322580644,0.6129032258064516,0.03225806451612903,-1.5600000000000003,0.0,0.0,0.0,0.03225806451612903
stage1d_single_agent_carry_bootstrap,4,1,105323,1525,1,120,100,1,0,58.00425720214844,0.0,0.0,1.0,0.1,0.0,0,0,0,13,-1,13,-1,1.0,1,0.23076923076923078,0.46153846153846156,0.0,-0.48000000000000004,0.0,0.0,0.0,0.07692307692307693
stage1d_single_agent_carry_bootstrap,4,1,105344,1526,1,120,100,1,0,57.94265365600586,0.0,0.0,1.0,0.23333333333333334,0.0,0,0,0,21,-1,21,-1,1.0,2,0.3333333333333333,0.47619047619047616,0.0,-0.7999999999999999,0.0,0.0,0.0,0.047619047619047616
stage1d_single_agent_carry_bootstrap,4,1,105349,1527,1,120,100,1,0,59.94501876831055,0.0,0.0,1.0,0.06666666666666667,0.0,0,0,0,5,-1,5,-1,1.0,0,0.0,0.2,0.0,-0.08,0.0,0.0,0.0,0.2
stage1d_single_agent_carry_bootstrap,4,1,105366,1528,1,120,100,1,0,58.5911979675293,0.0,0.0,1.0,0.2,0.0,0,0,0,17,-1,17,-1,1.0,2,0.35294117647058826,0.47058823529411764,0.0,-0.64,0.0,0.0,0.0,0.058823529411764705
stage1d_single_agent_carry_bootstrap,4,1,105386,1529,1,120,100,1,0,57.19845199584961,0.0,0.0,1.0,0.13333333333333333,0.0,0,0,0,20,-1,20,-1,1.0,3,0.2,0.45,0.0,-0.72,0.0,0.0,0.0,0.05
stage1d_single_agent_carry_bootstrap,4,1,105410,1530,1,120,100,1,0,57.62892150878906,0.0,0.0,1.0,0.23333333333333334,0.0,0,0,0,24,-1,24,-1,1.0,4,0.25,0.4583333333333333,0.041666666666666664,-0.9199999999999998,0.0,0.0,0.0,0.041666666666666664
stage1d_single_agent_carry_bootstrap,4,1,105431,1531,1,120,100,1,0,58.029945373535156,0.0,0.0,1.0,0.26666666666666666,0.0,0,0,0,21,-1,21,-1,1.0,4,0.2857142857142857,0.47619047619047616,0.0,-0.7999999999999999,0.0,0.0,0.0,0.047619047619047616
stage1d_single_agent_carry_bootstrap,4,1,105447,1532,1,120,100,1,0,59.09697723388672,0.0,0.0,1.0,0.3,0.0,0,0,0,16,-1,16,-1,1.0,2,0.3125,0.4375,0.0,-0.56,0.0,0.0,0.0,0.0625
stage1d_single_agent_carry_bootstrap,4,1,105472,1533,1,120,100,1,0,57.140872955322266,0.0,0.0,1.0,0.26666666666666666,0.0,0,0,0,25,-1,25,-1,1.0,3,0.2,0.44,0.0,-0.8799999999999999,0.0,0.0,0.0,0.04
stage1d_single_agent_carry_bootstrap,4,1,105495,1534,1,120,100,1,0,57.56129837036133,0.0,0.0,1.0,0.23333333333333334,0.0,0,0,0,23,-1,23,-1,1.0,3,0.21739130434782608,0.43478260869565216,0.043478260869565216,-0.8399999999999999,0.0,0.0,0.0,0.043478260869565216
stage1d_single_agent_carry_bootstrap,4,1,105519,1535,1,120,100,1,0,58.122703552246094,0.0,0.0,1.0,0.3333333333333333,0.0,0,0,0,24,-1,24,-1,1.0,2,0.25,0.375,0.0,-0.72,0.0,0.0,0.0,0.041666666666666664
stage1d_single_agent_carry_bootstrap,4,1,105524,1536,1,120,100,1,0,59.64588928222656,0.0,0.0,1.0,0.06666666666666667,0.0,0,0,0,5,-1,5,-1,1.0,0,0.0,0.0,0.0,0.0,0.0,0.0,0.0,0.2
stage1d_single_agent_carry_bootstrap,4,1,105538,1537,1,120,100,1,0,57.69977951049805,0.0,0.0,1.0,0.06666666666666667,0.0,0,0,0,14,-1,14,-1,1.0,2,0.14285714285714285,0.5,0.14285714285714285,-0.64,0.0,0.0,0.0,0.07142857142857142
stage1d_single_agent_carry_bootstrap,4,1,105555,1538,1,120,100,1,0,58.095985412597656,0.0,0.0,1.0,0.16666666666666666,0.0,0,0,0,17,-1,17,-1,1.0,3,0.29411764705882354,0.47058823529411764,0.11764705882352941,-0.72,0.0,0.0,0.0,0.058823529411764705
stage1d_single_agent_carry_bootstrap,4,1,105600,1539,1,120,100,1,0,55.86954116821289,0.0,0.0,1.0,0.43333333333333335,0.0,0,0,0,45,-1,45,-1,1.0,5,0.3333333333333333,0.4888888888888889,0.0,-1.7600000000000005,0.0,0.0,0.0,0.022222222222222223
stage1d_single_agent_carry_bootstrap,4,1,105604,1540,1,120,100,1,0,60.037906646728516,0.0,0.0,1.0,0.06666666666666667,0.0,0,0,0,4,-1,4,-1,1.0,0,0.0,0.0,0.0,0.0,0.0,0.0,0.0,0.25
stage1d_single_agent_carry_bootstrap,4,1,105652,1541,1,120,100,1,0,55.21956253051758,0.0,0.0,1.0,0.36666666666666664,0.0,0,0,0,48,-1,48,-1,1.0,4,0.375,0.5625,0.020833333333333332,-2.2000000000000006,0.0,0.0,0.0,0.020833333333333332
stage1d_single_agent_carry_bootstrap,4,1,105674,1542,1,120,100,1,0,57.39057922363281,0.0,0.0,1.0,0.16666666666666666,0.0,0,0,0,22,-1,22,-1,1.0,2,0.13636363636363635,0.36363636363636365,0.045454545454545456,-0.6799999999999999,0.0,0.0,0.0,0.045454545454545456
stage1d_single_agent_carry_bootstrap,4,1,105681,1543,1,120,100,1,0,59.18989562988281,0.0,0.0,1.0,0.1,0.0,0,0,0,7,-1,7,-1,1.0,0,0.0,0.14285714285714285,0.0,-0.08,0.0,0.0,0.0,0.14285714285714285
stage1d_single_agent_carry_bootstrap,4,1,105703,1544,1,120,100,1,0,57.94706344604492,0.0,0.0,1.0,0.23333333333333334,0.0,0,0,0,22,-1,22,-1,1.0,3,0.3181818181818182,0.45454545454545453,0.0,-0.7999999999999999,0.0,0.0,0.0,0.045454545454545456
stage1d_single_agent_carry_bootstrap,4,1,105723,1545,1,120,100,1,0,58.685821533203125,0.0,0.0,1.0,0.4,0.0,0,0,0,20,-1,20,-1,1.0,1,0.45,0.55,0.0,-0.8799999999999999,0.0,0.0,0.0,0.05
stage1d_single_agent_carry_bootstrap,4,1,105728,1546,1,120,100,1,0,60.11283874511719,0.0,0.0,1.0,0.06666666666666667,0.0,0,0,0,5,-1,5,-1,1.0,0,0.0,0.0,0.0,0.0,0.0,0.0,0.0,0.2
stage1d_single_agent_carry_bootstrap,4,1,105742,1547,1,120,100,1,0,58.33000183105469,0.0,0.0,1.0,0.13333333333333333,0.0,0,0,0,14,-1,14,-1,1.0,2,0.14285714285714285,0.42857142857142855,0.07142857142857142,-0.52,0.0,0.0,0.0,0.07142857142857142
stage1d_single_agent_carry_bootstrap,4,1,105767,1548,1,120,100,1,0,57.080467224121094,0.0,0.0,1.0,0.2,0.0,0,0,0,25,-1,25,-1,1.0,2,0.16,0.4,0.08,-0.8799999999999999,0.0,0.0,0.0,0.04
stage1d_single_agent_carry_bootstrap,4,1,105788,1549,1,120,100,1,0,56.5384521484375,0.0,0.0,1.0,0.1,0.0,0,0,0,21,-1,21,-1,1.0,2,0.09523809523809523,0.42857142857142855,0.0,-0.72,0.0,0.0,0.0,0.047619047619047616
stage1d_single_agent_carry_bootstrap,4,1,105811,1550,1,120,100,1,0,58.37868881225586,0.0,0.0,1.0,0.3,0.0,0,0,0,23,-1,23,-1,1.0,2,0.30434782608695654,0.391304347826087,0.13043478260869565,-0.8399999999999999,0.0,0.0,0.0,0.043478260869565216
stage1d_single_agent_carry_bootstrap,4,1,105824,1551,1,120,100,1,0,58.89032745361328,0.0,0.0,1.0,0.16666666666666666,0.0,0,0,0,13,-1,13,-1,1.0,1,0.23076923076923078,0.38461538461538464,0.0,-0.4,0.0,0.0,0.0,0.07692307692307693
stage1d_single_agent_carry_bootstrap,4,1,105838,1552,1,120,100,1,0,59.08103942871094,0.0,0.0,1.0,0.23333333333333334,0.0,0,0,0,14,-1,14,-1,1.0,1,0.42857142857142855,0.5,0.0,-0.56,0.0,0.0,0.0,0.07142857142857142
stage1d_single_agent_carry_bootstrap,4,1,105857,1553,1,120,100,1,0,58.12181091308594,0.0,0.0,1.0,0.16666666666666666,0.0,0,0,0,19,-1,19,-1,1.0,3,0.3157894736842105,0.47368421052631576,0.05263157894736842,-0.7599999999999999,0.0,0.0,0.0,0.05263157894736842
stage1d_single_agent_carry_bootstrap,4,1,105873,1554,1,120,100,1,0,57.722145080566406,0.0,0.0,1.0,0.1,0.0,0,0,0,16,-1,16,-1,1.0,2,0.25,0.4375,0.125,-0.64,0.0,0.0,0.0,0.0625
stage1d_single_agent_carry_bootstrap,4,1,105901,1555,1,120,100,1,0,57.662837982177734,0.0,0.0,1.0,0.3,0.0,0,0,0,28,-1,28,-1,1.0,2,0.21428571428571427,0.39285714285714285,0.0,-0.8799999999999999,0.0,0.0,0.0,0.03571428571428571
stage1d_single_agent_carry_bootstrap,4,1,105931,1556,1,120,100,1,0,57.51837158203125,0.0,0.0,1.0,0.3333333333333333,0.0,0,0,0,30,-1,30,-1,1.0,3,0.23333333333333334,0.4,0.0,-0.9599999999999999,0.0,0.0,0.0,0.03333333333333333
stage1d_single_agent_carry_bootstrap,4,1,105951,1557,1,120,100,1,0,58.09743118286133,0.0,0.0,1.0,0.23333333333333334,0.0,0,0,0,20,-1,20,-1,1.0,3,0.3,0.45,0.05,-0.76,0.0,0.0,0.0,0.05
stage1d_single_agent_carry_bootstrap,4,1,105961,1558,1,120,100,1,0,58.839988708496094,0.0,0.0,1.0,0.06666666666666667,0.0,0,0,0,10,-1,10,-1,1.0,1,0.3,0.5,0.0,-0.4,0.0,0.0,0.0,0.1
stage1d_single_agent_carry_bootstrap,4,1,105975,1559,1,120,100,1,0,58.73030090332031,0.0,0.0,1.0,0.16666666666666666,0.0,0,0,0,14,-1,14,-1,1.0,2,0.2857142857142857,0.42857142857142855,0.07142857142857142,-0.52,0.0,0.0,0.0,0.07142857142857142
stage1d_single_agent_carry_bootstrap,4,1,105978,1560,1,120,100,1,0,60.020652770996094,0.0,0.0,1.0,0.06666666666666667,0.0,0,0,0,3,-1,3,-1,1.0,0,0.0,0.0,0.0,0.0,0.0,0.0,0.0,0.3333333333333333
stage1d_single_agent_carry_bootstrap,4,1,105986,1561,1,120,100,1,0,60.107608795166016,0.0,0.0,1.0,0.1,0.0,0,0,0,8,-1,8,-1,1.0,0,0.0,0.125,0.0,-0.08,0.0,0.0,0.0,0.125
stage1d_single_agent_carry_bootstrap,4,1,105992,1562,1,120,100,1,0,60.10996627807617,0.0,0.0,1.0,0.16666666666666666,0.0,0,0,0,6,-1,6,-1,1.0,0,0.0,0.0,0.0,0.0,0.0,0.0,0.0,0.16666666666666666
stage1d_single_agent_carry_bootstrap,4,1,105997,1563,1,120,100,1,0,59.801666259765625,0.0,0.0,1.0,0.06666666666666667,0.0,0,0,0,5,-1,5,-1,1.0,1,0.2,0.4,0.2,-0.2,0.0,0.0,0.0,0.2
stage1d_single_agent_carry_bootstrap,4,1,106015,1564,1,120,100,1,0,58.14546203613281,0.0,0.0,1.0,0.2,0.0,0,0,0,18,-1,18,-1,1.0,2,0.2777777777777778,0.4444444444444444,0.0,-0.64,0.0,0.0,0.0,0.05555555555555555
stage1d_single_agent_carry_bootstrap,4,1,106018,1565,1,120,100,1,0,60.019935607910156,0.0,0.0,1.0,0.06666666666666667,0.0,0,0,0,3,-1,3,-1,1.0,0,0.0,0.0,0.0,0.0,0.0,0.0,0.0,0.3333333333333333
stage1d_single_agent_carry_bootstrap,4,1,106042,1566,1,120,100,1,0,57.59031677246094,0.0,0.0,1.0,0.2,0.0,0,0,0,24,-1,24,-1,1.0,3,0.25,0.4583333333333333,0.041666666666666664,-0.9199999999999999,0.0,0.0,0.0,0.041666666666666664
stage1d_single_agent_carry_bootstrap,4,1,106062,1567,1,120,100,1,0,57.61420822143555,0.0,0.0,1.0,0.16666666666666666,0.0,0,0,0,20,-1,20,-1,1.0,3,0.3,0.5,0.0,-0.7999999999999999,0.0,0.0,0.0,0.05
stage1d_single_agent_carry_bootstrap,4,1,106084,1568,1,120,100,1,0,58.219627380371094,0.0,0.0,1.0,0.3333333333333333,0.0,0,0,0,22,-1,22,-1,1.0,2,0.4090909090909091,0.5,0.13636363636363635,-0.9999999999999998,0.0,0.0,0.0,0.045454545454545456
stage1d_single_agent_carry_bootstrap,4,1,106107,1569,1,120,100,1,0,56.963802337646484,0.0,0.0,1.0,0.16666666666666666,0.0,0,0,0,23,-1,23,-1,1.0,3,0.17391304347826086,0.391304347826087,0.0,-0.72,0.0,0.0,0.0,0.043478260869565216
stage1d_single_agent_carry_bootstrap,4,1,106111,1570,1,120,100,1,0,60.05573654174805,0.0,0.0,1.0,0.1,0.0,0,0,0,4,-1,4,-1,1.0,0,0.0,0.0,0.0,0.0,0.0,0.0,0.0,0.25
stage1d_single_agent_carry_bootstrap,4,1,106119,1571,1,120,100,1,0,60.251094818115234,0.0,0.0,1.0,0.16666666666666666,0.0,0,0,0,8,-1,8,-1,1.0,0,0.0,0.0,0.0,0.0,0.0,0.0,0.0,0.125
stage1d_single_agent_carry_bootstrap,4,1,106134,1572,1,120,100,1,0,58.92794418334961,0.0,0.0,1.0,0.2,0.0,0,0,0,15,-1,15,-1,1.0,1,0.5333333333333333,0.6,0.0,-0.72,0.0,0.0,0.0,0.06666666666666667
stage1d_single_agent_carry_bootstrap,4,1,106183,1573,1,120,100,1,0,55.360572814941406,0.0,0.0,1.0,0.36666666666666664,0.0,0,0,0,49,-1,49,-1,1.0,6,0.2857142857142857,0.46938775510204084,0.02040816326530612,-1.8800000000000006,0.0,0.0,0.0,0.02040816326530612
stage1d_single_agent_carry_bootstrap,4,1,106188,1574,1,120,100,1,0,60.09574508666992,0.0,0.0,1.0,0.06666666666666667,0.0,0,0,0,5,-1,5,-1,1.0,0,0.0,0.0,0.0,0.0,0.0,0.0,0.0,0.2
stage1d_single_agent_carry_bootstrap,4,1,106213,1575,1,120,100,1,0,56.94003677368164,0.0,0.0,1.0,0.2,0.0,0,0,0,25,-1,25,-1,1.0,2,0.2,0.4,0.0,-0.7999999999999999,0.0,0.0,0.0,0.04
stage1d_single_agent_carry_bootstrap,4,1,106233,1576,1,120,100,1,0,58.35516357421875,0.0,0.0,1.0,0.3,0.0,0,0,0,20,-1,20,-1,1.0,1,0.4,0.5,0.0,-0.7999999999999999,0.0,0.0,0.0,0.05
stage1d_single_agent_carry_bootstrap,4,1,106260,1577,1,120,100,1,0,58.08778381347656,0.0,0.0,1.0,0.3333333333333333,0.0,0,0,0,27,-1,27,-1,1.0,3,0.2222222222222222,0.37037037037037035,0.0,-0.7999999999999999,0.0,0.0,0.0,0.037037037037037035
stage1d_single_agent_carry_bootstrap,4,1,106295,1578,1,120,100,1,0,56.338096618652344,0.0,0.0,1.0,0.3333333333333333,0.0,0,0,0,35,-1,35,-1,1.0,5,0.2857142857142857,0.45714285714285713,0.0,-1.28,0.0,0.0,0.0,0.02857142857142857
stage1d_single_agent_carry_bootstrap,4,1,106304,1579,1,120,100,1,0,60.1031608581543,0.0,0.0,1.0,0.13333333333333333,0.0,0,0,0,9,-1,9,-1,1.0,0,0.0,0.1111111111111111,0.0,-0.08,0.0,0.0,0.0,0.1111111111111111
stage1d_single_agent_carry_bootstrap,4,1,106327,1580,1,120,100,1,0,58.072147369384766,0.0,0.0,1.0,0.3,0.0,0,0,0,23,-1,23,-1,1.0,3,0.2608695652173913,0.43478260869565216,0.0,-0.7999999999999999,0.0,0.0,0.0,0.043478260869565216
stage1d_single_agent_carry_bootstrap,4,1,106328,1581,1,120,100,1,0,59.99599838256836,0.0,0.0,1.0,0.03333333333333333,0.0,0,0,0,1,-1,1,-1,1.0,0,0.0,0.0,0.0,0.0,0.0,0.0,0.0,1.0
stage1d_single_agent_carry_bootstrap,4,1,106351,1582,1,120,100,1,0,58.36276626586914,0.0,0.0,1.0,0.26666666666666666,0.0,0,0,0,23,-1,23,-1,1.0,2,0.30434782608695654,0.43478260869565216,0.0,-0.7999999999999999,0.0,0.0,0.0,0.043478260869565216
stage1d_single_agent_carry_bootstrap,4,1,106387,1583,1,120,100,1,0,55.763404846191406,0.0,0.0,1.0,0.26666666666666666,0.0,0,0,0,36,-1,36,-1,1.0,3,0.2777777777777778,0.4722222222222222,0.027777777777777776,-1.4000000000000001,0.0,0.0,0.0,0.027777777777777776
stage1d_single_agent_carry_bootstrap,4,1,106401,1584,1,120,100,1,0,57.531558990478516,0.0,0.0,1.0,0.06666666666666667,0.0,0,0,0,14,-1,14,-1,1.0,1,0.2857142857142857,0.42857142857142855,0.0,-0.48000000000000004,0.0,0.0,0.0,0.07142857142857142
stage1d_single_agent_carry_bootstrap,4,1,106402,1585,1,120,100,1,0,59.99599838256836,0.0,0.0,1.0,0.03333333333333333,0.0,0,0,0,1,-1,1,-1,1.0,0,0.0,0.0,0.0,0.0,0.0,0.0,0.0,1.0
stage1d_single_agent_carry_bootstrap,4,1,106403,1586,1,120,100,1,0,59.99599838256836,0.0,0.0,1.0,0.03333333333333333,0.0,0,0,0,1,-1,1,-1,1.0,0,0.0,0.0,0.0,0.0,0.0,0.0,0.0,1.0
stage1d_single_agent_carry_bootstrap,4,1,106425,1587,1,120,100,1,0,57.98662567138672,0.0,0.0,1.0,0.3,0.0,0,0,0,22,-1,22,-1,1.0,4,0.2727272727272727,0.45454545454545453,0.045454545454545456,-0.84,0.0,0.0,0.0,0.045454545454545456
stage1d_single_agent_carry_bootstrap,4,1,106439,1588,1,120,100,1,0,59.80881881713867,0.0,0.0,1.0,0.26666666666666666,0.0,0,0,0,14,-1,14,-1,1.0,1,0.21428571428571427,0.2857142857142857,0.0,-0.32,0.0,0.0,0.0,0.07142857142857142
stage1d_single_agent_carry_bootstrap,4,1,106447,1589,1,120,100,1,0,59.88654708862305,0.0,0.0,1.0,0.1,0.0,0,0,0,8,-1,8,-1,1.0,1,0.125,0.25,0.125,-0.2,0.0,0.0,0.0,0.125
stage1d_single_agent_carry_bootstrap,4,1,106465,1590,1,120,100,1,0,57.048099517822266,0.0,0.0,1.0,0.1,0.0,0,0,0,18,-1,18,-1,1.0,2,0.1111111111111111,0.3888888888888889,0.0,-0.56,0.0,0.0,0.0,0.05555555555555555
stage1d_single_agent_carry_bootstrap,4,1,106486,1591,1,120,100,1,0,57.758323669433594,0.0,0.0,1.0,0.16666666666666666,0.0,0,0,0,21,-1,21,-1,1.0,2,0.19047619047619047,0.42857142857142855,0.0,-0.72,0.0,0.0,0.0,0.047619047619047616
stage1d_single_agent_carry_bootstrap,4,1,106499,1592,1,120,100,1,0,57.47285461425781,0.0,0.0,1.0,0.06666666666666667,0.0,0,0,0,13,-1,13,-1,1.0,1,0.15384615384615385,0.46153846153846156,0.0,-0.48000000000000004,0.0,0.0,0.0,0.07692307692307693
stage1d_single_agent_carry_bootstrap,4,1,106503,1593,1,120,100,1,0,59.88385009765625,0.0,0.0,1.0,0.06666666666666667,0.0,0,0,0,4,-1,4,-1,1.0,0,0.0,0.25,0.25,-0.12,0.0,0.0,0.0,0.25
stage1d_single_agent_carry_bootstrap,4,1,106525,1594,1,120,100,1,0,57.96974563598633,0.0,0.0,1.0,0.3,0.0,0,0,0,22,-1,22,-1,1.0,3,0.3181818181818182,0.5,0.0,-0.8799999999999999,0.0,0.0,0.0,0.045454545454545456
stage1d_single_agent_carry_bootstrap,4,1,106531,1595,1,120,100,1,0,59.917972564697266,0.0,0.0,1.0,0.06666666666666667,0.0,0,0,0,6,-1,6,-1,1.0,0,0.0,0.16666666666666666,0.16666666666666666,-0.12,0.0,0.0,0.0,0.16666666666666666
stage1d_single_agent_carry_bootstrap,4,1,106551,1596,1,120,100,1,0,58.01248550415039,0.0,0.0,1.0,0.23333333333333334,0.0,0,0,0,20,-1,20,-1,1.0,3,0.25,0.45,0.15,-0.84,0.0,0.0,0.0,0.05
stage1d_single_agent_carry_bootstrap,4,1,106574,1597,1,120,100,1,0,57.723243713378906,0.0,0.0,1.0,0.26666666666666666,0.0,0,0,0,23,-1,23,-1,1.0,3,0.43478260869565216,0.5652173913043478,0.043478260869565216,-1.0799999999999998,0.0,0.0,0.0,0.043478260869565216
stage1d_single_agent_carry_bootstrap,4,1,106603,1598,1,120,100,1,0,56.8009033203125,0.0,0.0,1.0,0.36666666666666664,0.0,0,0,0,29,-1,29,-1,1.0,3,0.3448275862068966,0.5172413793103449,0.0,-1.2,0.0,0.0,0.0,0.034482758620689655
stage1d_single_agent_carry_bootstrap,4,1,106618,1599,1,120,100,1,0,59.08677291870117,0.0,0.0,1.0,0.16666666666666666,0.0,0,0,0,15,-1,15,-1,1.0,2,0.26666666666666666,0.4,0.13333333333333333,-0.56,0.0,0.0,0.0,0.06666666666666667
stage1d_single_agent_carry_bootstrap,4,1,106644,1600,1,120,100,1,0,57.71177673339844,0.0,0.0,1.0,0.23333333333333334,0.0,0,0,0,26,-1,26,-1,1.0,4,0.19230769230769232,0.38461538461538464,0.0,-0.7999999999999999,0.0,0.0,0.0,0.038461538461538464
stage1d_single_agent_carry_bootstrap,4,1,106660,1601,1,120,100,1,0,58.952308654785156,0.0,0.0,1.0,0.2,0.0,0,0,0,16,-1,16,-1,1.0,2,0.125,0.3125,0.0,-0.4,0.0,0.0,0.0,0.0625
stage1d_single_agent_carry_bootstrap,4,1,106688,1602,1,120,100,1,0,58.04658126831055,0.0,0.0,1.0,0.36666666666666664,0.0,0,0,0,28,-1,28,-1,1.0,3,0.2857142857142857,0.39285714285714285,0.0,-0.8799999999999999,0.0,0.0,0.0,0.03571428571428571
stage1d_single_agent_carry_bootstrap,4,1,106712,1603,1,120,100,1,0,57.76708984375,0.0,0.0,1.0,0.3,0.0,0,0,0,24,-1,24,-1,1.0,3,0.375,0.5416666666666666,0.0,-1.0399999999999998,0.0,0.0,0.0,0.041666666666666664
stage1d_single_agent_carry_bootstrap,4,1,106729,1604,1,120,100,1,0,58.62360763549805,0.0,0.0,1.0,0.23333333333333334,0.0,0,0,0,17,-1,17,-1,1.0,2,0.29411764705882354,0.47058823529411764,0.0,-0.64,0.0,0.0,0.0,0.058823529411764705
stage1d_single_agent_carry_bootstrap,4,1,106754,1605,1,120,100,1,0,57.53468322753906,0.0,0.0,1.0,0.26666666666666666,0.0,0,0,0,25,-1,25,-1,1.0,4,0.28,0.44,0.0,-0.8799999999999999,0.0,0.0,0.0,0.04
stage1d_single_agent_carry_bootstrap,4,1,106779,1606,1,120,100,1,0,57.567325592041016,0.0,0.0,1.0,0.3,0.0,0,0,0,25,-1,25,-1,1.0,3,0.2,0.4,0.0,-0.7999999999999999,0.0,0.0,0.0,0.04
stage1d_single_agent_carry_bootstrap,4,1,106784,1607,1,120,100,1,0,60.02992248535156,0.0,0.0,1.0,0.06666666666666667,0.0,0,0,0,5,-1,5,-1,1.0,0,0.0,0.0,0.0,0.0,0.0,0.0,0.0,0.2
stage1d_single_agent_carry_bootstrap,4,1,106812,1608,1,120,100,1,0,56.91749572753906,0.0,0.0,1.0,0.3,0.0,0,0,0,28,-1,28,-1,1.0,3,0.2857142857142857,0.5,0.03571428571428571,-1.16,0.0,0.0,0.0,0.03571428571428571
stage1d_single_agent_carry_bootstrap,4,1,106824,1609,1,120,100,1,0,59.1400260925293,0.0,0.0,1.0,0.13333333333333333,0.0,0,0,0,12,-1,12,-1,1.0,1,0.08333333333333333,0.25,0.0,-0.24,0.0,0.0,0.0,0.08333333333333333
stage1d_single_agent_carry_bootstrap,4,1,106829,1610,1,120,100,1,0,59.794593811035156,0.0,0.0,1.0,0.06666666666666667,0.0,0,0,0,5,-1,5,-1,1.0,1,0.2,0.4,0.2,-0.2,0.0,0.0,0.0,0.2
stage1d_single_agent_carry_bootstrap,4,1,106832,1611,1,120,100,1,0,60.019325256347656,0.0,0.0,1.0,0.06666666666666667,0.0,0,0,0,3,-1,3,-1,1.0,0,0.0,0.0,0.0,0.0,0.0,0.0,0.0,0.3333333333333333
stage1d_single_agent_carry_bootstrap,4,1,106854,1612,1,120,100,1,0,57.72376251220703,0.0,0.0,1.0,0.2,0.0,0,0,0,22,-1,22,-1,1.0,3,0.22727272727272727,0.4090909090909091,0.0,-0.72,0.0,0.0,0.0,0.045454545454545456
stage1d_single_agent_carry_bootstrap,4,1,106881,1613,1,120,100,1,0,57.35077667236328,0.0,0.0,1.0,0.2,0.0,0,0,0,27,-1,27,-1,1.0,2,0.18518518518518517,0.37037037037037035,0.0,-0.7999999999999999,0.0,0.0,0.0,0.037037037037037035
stage1d_single_agent_carry_bootstrap,4,1,106909,1614,1,120,100,1,0,57.51649856567383,0.0,0.0,1.0,0.26666666666666666,0.0,0,0,0,28,-1,28,-1,1.0,4,0.25,0.42857142857142855,0.03571428571428571,-0.9999999999999998,0.0,0.0,0.0,0.03571428571428571
stage1d_single_agent_carry_bootstrap,4,1,106935,1615,1,120,100,1,0,57.04978561401367,0.0,0.0,1.0,0.2,0.0,0,0,0,26,-1,26,-1,1.0,4,0.23076923076923078,0.46153846153846156,0.038461538461538464,-0.9999999999999998,0.0,0.0,0.0,0.038461538461538464
stage1d_single_agent_carry_bootstrap,4,1,106960,1616,1,120,100,1,0,57.03879165649414,0.0,0.0,1.0,0.2,0.0,0,0,0,25,-1,25,-1,1.0,3,0.28,0.52,0.04,-1.0799999999999998,0.0,0.0,0.0,0.04
stage1d_single_agent_carry_bootstrap,4,1,106963,1617,1,120,100,1,0,59.72800064086914,0.0,0.0,1.0,0.03333333333333333,0.0,0,0,0,3,-1,3,-1,1.0,1,0.3333333333333333,0.6666666666666666,0.6666666666666666,-0.24,0.0,0.0,0.0,0.3333333333333333
stage1d_single_agent_carry_bootstrap,4,1,106980,1618,1,120,100,1,0,57.95297622680664,0.0,0.0,1.0,0.1,0.0,0,0,0,17,-1,17,-1,1.0,2,0.29411764705882354,0.47058823529411764,0.23529411764705882,-0.7999999999999999,0.0,0.0,0.0,0.058823529411764705
stage1d_single_agent_carry_bootstrap,4,1,106998,1619,1,120,100,1,0,57.61431884765625,0.0,0.0,1.0,0.16666666666666666,0.0,0,0,0,18,-1,18,-1,1.0,3,0.2777777777777778,0.5,0.0,-0.72,0.0,0.0,0.0,0.05555555555555555
stage1d_single_agent_carry_bootstrap,4,1,107010,1620,1,120,100,1,0,59.895633697509766,0.0,0.0,1.0,0.2,0.0,0,0,0,12,-1,12,-1,1.0,1,0.16666666666666666,0.25,0.08333333333333333,-0.28,0.0,0.0,0.0,0.08333333333333333
stage1d_single_agent_carry_bootstrap,4,1,107034,1621,1,120,100,1,0,57.497032165527344,0.0,0.0,1.0,0.26666666666666666,0.0,0,0,0,24,-1,24,-1,1.0,4,0.25,0.4166666666666667,0.041666666666666664,-0.8399999999999999,0.0,0.0,0.0,0.041666666666666664
stage1d_single_agent_carry_bootstrap,4,1,107052,1622,1,120,100,1,0,58.165767669677734,0.0,0.0,1.0,0.16666666666666666,0.0,0,0,0,18,-1,18,-1,1.0,2,0.2777777777777778,0.4444444444444444,0.05555555555555555,-0.6799999999999999,0.0,0.0,0.0,0.05555555555555555
stage1d_single_agent_carry_bootstrap,4,1,107076,1623,1,120,100,1,0,56.68669128417969,0.0,0.0,1.0,0.23333333333333334,0.0,0,0,0,24,-1,24,-1,1.0,3,0.25,0.5,0.0,-0.9599999999999999,0.0,0.0,0.0,0.041666666666666664
stage1d_single_agent_carry_bootstrap,4,1,107092,1624,1,120,100,1,0,58.12916564941406,0.0,0.0,1.0,0.16666666666666666,0.0,0,0,0,16,-1,16,-1,1.0,2,0.375,0.5,0.0625,-0.68,0.0,0.0,0.0,0.0625
stage1d_single_agent_carry_bootstrap,4,1,107114,1625,1,120,100,1,0,57.04168701171875,0.0,0.0,1.0,0.2,0.0,0,0,0,22,-1,22,-1,1.0,3,0.18181818181818182,0.4090909090909091,0.0,-0.72,0.0,0.0,0.0,0.045454545454545456
stage1d_single_agent_carry_bootstrap,4,1,107147,1626,1,120,100,1,0,55.783016204833984,0.0,0.0,1.0,0.26666666666666666,0.0,0,0,0,33,-1,33,-1,1.0,5,0.2727272727272727,0.48484848484848486,0.030303030303030304,-1.32,0.0,0.0,0.0,0.030303030303030304
stage1d_single_agent_carry_bootstrap,4,1,107154,1627,1,120,100,1,0,60.15421676635742,0.0,0.0,1.0,0.13333333333333333,0.0,0,0,0,7,-1,7,-1,1.0,0,0.0,0.0,0.0,0.0,0.0,0.0,0.0,0.14285714285714285
stage1d_single_agent_carry_bootstrap,4,1,107169,1628,1,120,100,1,0,57.76361846923828,0.0,0.0,1.0,0.1,0.0,0,0,0,15,-1,15,-1,1.0,2,0.2,0.4666666666666667,0.06666666666666667,-0.6,0.0,0.0,0.0,0.06666666666666667
stage1d_single_agent_carry_bootstrap,4,1,107170,1629,1,120,100,1,0,59.99599838256836,0.0,0.0,1.0,0.03333333333333333,0.0,0,0,0,1,-1,1,-1,1.0,0,0.0,0.0,0.0,0.0,0.0,0.0,0.0,1.0
stage1d_single_agent_carry_bootstrap,4,1,107192,1630,1,120,100,1,0,57.01520919799805,0.0,0.0,1.0,0.13333333333333333,0.0,0,0,0,22,-1,22,-1,1.0,4,0.36363636363636365,0.5454545454545454,0.0,-0.9599999999999999,0.0,0.0,0.0,0.045454545454545456
stage1d_single_agent_carry_bootstrap,4,1,107221,1631,1,120,100,1,0,56.77095031738281,0.0,0.0,1.0,0.3,0.0,0,0,0,29,-1,29,-1,1.0,5,0.27586206896551724,0.4827586206896552,0.034482758620689655,-1.16,0.0,0.0,0.0,0.034482758620689655
stage1d_single_agent_carry_bootstrap,4,1,107225,1632,1,120,100,1,0,60.06068801879883,0.0,0.0,1.0,0.06666666666666667,0.0,0,0,0,4,-1,4,-1,1.0,0,0.0,0.0,0.0,0.0,0.0,0.0,0.0,0.25
stage1d_single_agent_carry_bootstrap,4,1,107233,1633,1,120,100,1,0,59.451881408691406,0.0,0.0,1.0,0.1,0.0,0,0,0,8,-1,8,-1,1.0,1,0.125,0.25,0.125,-0.2,0.0,0.0,0.0,0.125
stage1d_single_agent_carry_bootstrap,4,1,107261,1634,1,120,100,1,0,56.97688293457031,0.0,0.0,1.0,0.23333333333333334,0.0,0,0,0,28,-1,28,-1,1.0,3,0.25,0.4642857142857143,0.0,-1.0399999999999998,0.0,0.0,0.0,0.03571428571428571
stage1d_single_agent_carry_bootstrap,4,1,107285,1635,1,120,100,1,0,58.15013122558594,0.0,0.0,1.0,0.23333333333333334,0.0,0,0,0,24,-1,24,-1,1.0,3,0.20833333333333334,0.375,0.0,-0.72,0.0,0.0,0.0,0.041666666666666664
stage1d_single_agent_carry_bootstrap,4,1,107306,1636,1,120,100,1,0,58.33717346191406,0.0,0.0,1.0,0.26666666666666666,0.0,0,0,0,21,-1,21,-1,1.0,1,0.38095238095238093,0.47619047619047616,0.047619047619047616,-0.8399999999999999,0.0,0.0,0.0,0.047619047619047616
stage1d_single_agent_carry_bootstrap,4,1,107324,1637,1,120,100,1,0,58.85265350341797,0.0,0.0,1.0,0.3,0.0,0,0,0,18,-1,18,-1,1.0,1,0.4444444444444444,0.5555555555555556,0.0,-0.7999999999999999,0.0,0.0,0.0,0.05555555555555555
stage1d_single_agent_carry_bootstrap,4,1,107339,1638,1,120,100,1,0,58.33200454711914,0.0,0.0,1.0,0.13333333333333333,0.0,0,0,0,15,-1,15,-1,1.0,1,0.4666666666666667,0.6,0.13333333333333333,-0.7999999999999999,0.0,0.0,0.0,0.06666666666666667
stage1d_single_agent_carry_bootstrap,4,1,107343,1639,1,120,100,1,0,60.035892486572266,0.0,0.0,1.0,0.06666666666666667,0.0,0,0,0,4,-1,4,-1,1.0,0,0.0,0.0,0.0,0.0,0.0,0.0,0.0,0.25
stage1d_single_agent_carry_bootstrap,4,1,107360,1640,1,120,100,1,0,59.02861022949219,0.0,0.0,1.0,0.23333333333333334,0.0,0,0,0,17,-1,17,-1,1.0,1,0.35294117647058826,0.47058823529411764,0.0,-0.64,0.0,0.0,0.0,0.058823529411764705
stage1d_single_agent_carry_bootstrap,4,1,107383,1641,1,120,100,1,0,56.982059478759766,0.0,0.0,1.0,0.13333333333333333,0.0,0,0,0,23,-1,23,-1,1.0,2,0.08695652173913043,0.34782608695652173,0.13043478260869565,-0.7599999999999999,0.0,0.0,0.0,0.043478260869565216
stage1d_single_agent_carry_bootstrap,4,1,107427,1642,1,120,100,1,0,55.741615295410156,0.0,0.0,1.0,0.36666666666666664,0.0,0,0,0,44,-1,44,-1,1.0,4,0.3409090909090909,0.5227272727272727,0.045454545454545456,-1.9200000000000006,0.0,0.0,0.0,0.022727272727272728
stage1d_single_agent_carry_bootstrap,4,1,107445,1643,1,120,100,1,0,57.41684341430664,0.0,0.0,1.0,0.13333333333333333,0.0,0,0,0,18,-1,18,-1,1.0,3,0.16666666666666666,0.4444444444444444,0.0,-0.64,0.0,0.0,0.0,0.05555555555555555
stage1d_single_agent_carry_bootstrap,4,1,107447,1644,1,120,100,1,0,59.86199951171875,0.0,0.0,1.0,0.03333333333333333,0.0,0,0,0,2,-1,2,-1,1.0,0,0.0,0.5,0.5,-0.12,0.0,0.0,0.0,0.5
stage1d_single_agent_carry_bootstrap,4,1,107469,1645,1,120,100,1,0,58.46729278564453,0.0,0.0,1.0,0.3,0.0,0,0,0,22,-1,22,-1,1.0,1,0.5,0.5454545454545454,0.09090909090909091,-1.0399999999999998,0.0,0.0,0.0,0.045454545454545456
stage1d_single_agent_carry_bootstrap,4,1,107486,1646,1,120,100,1,0,58.52569580078125,0.0,0.0,1.0,0.16666666666666666,0.0,0,0,0,17,-1,17,-1,1.0,2,0.29411764705882354,0.47058823529411764,0.058823529411764705,-0.6799999999999999,0.0,0.0,0.0,0.058823529411764705
stage1d_single_agent_carry_bootstrap,4,1,107513,1647,1,120,100,1,0,57.23113250732422,0.0,0.0,1.0,0.3,0.0,0,0,0,27,-1,27,-1,1.0,3,0.14814814814814814,0.37037037037037035,0.0,-0.7999999999999999,0.0,0.0,0.0,0.037037037037037035
stage1d_single_agent_carry_bootstrap,4,1,107525,1648,1,120,100,1,0,59.86441421508789,0.0,0.0,1.0,0.1,0.0,0,0,0,12,-1,12,-1,1.0,1,0.16666666666666666,0.25,0.08333333333333333,-0.28,0.0,0.0,0.0,0.08333333333333333
stage1d_single_agent_carry_bootstrap,4,1,107543,1649,1,120,100,1,0,58.04838180541992,0.0,0.0,1.0,0.2,0.0,0,0,0,18,-1,18,-1,1.0,2,0.3333333333333333,0.5,0.05555555555555555,-0.7599999999999999,0.0,0.0,0.0,0.05555555555555555
stage1d_single_agent_carry_bootstrap,4,1,107548,1650,1,120,100,1,0,60.09774398803711,0.0,0.0,1.0,0.13333333333333333,0.0,0,0,0,5,-1,5,-1,1.0,0,0.0,0.0,0.0,0.0,0.0,0.0,0.0,0.2
stage1d_single_agent_carry_bootstrap,4,1,107572,1651,1,120,100,1,0,57.13066482543945,0.0,0.0,1.0,0.16666666666666666,0.0,0,0,0,24,-1,24,-1,1.0,3,0.2916666666666667,0.5,0.0,-0.9599999999999999,0.0,0.0,0.0,0.041666666666666664
stage1d_single_agent_carry_bootstrap,4,1,107576,1652,1,120,100,1,0,60.03969955444336,0.0,0.0,1.0,0.06666666666666667,0.0,0,0,0,4,-1,4,-1,1.0,0,0.0,0.0,0.0,0.0,0.0,0.0,0.0,0.25
stage1d_single_agent_carry_bootstrap,4,1,107606,1653,1,120,100,1,0,57.796592712402344,0.0,0.0,1.0,0.4,0.0,0,0,0,30,-1,30,-1,1.0,3,0.26666666666666666,0.4,0.03333333333333333,-0.9999999999999998,0.0,0.0,0.0,0.03333333333333333
stage1d_single_agent_carry_bootstrap,4,1,107637,1654,1,120,100,1,0,57.529605865478516,0.0,0.0,1.0,0.3,0.0,0,0,0,31,-1,31,-1,1.0,5,0.22580645161290322,0.3870967741935484,0.03225806451612903,-0.9999999999999999,0.0,0.0,0.0,0.03225806451612903
stage1d_single_agent_carry_bootstrap,4,1,107647,1655,1,120,100,1,0,59.59531021118164,0.0,0.0,1.0,0.13333333333333333,0.0,0,0,0,10,-1,10,-1,1.0,0,0.0,0.2,0.0,-0.16,0.0,0.0,0.0,0.1
stage1d_single_agent_carry_bootstrap,4,1,107673,1656,1,120,100,1,0,57.280479431152344,0.0,0.0,1.0,0.26666666666666666,0.0,0,0,0,26,-1,26,-1,1.0,2,0.34615384615384615,0.5384615384615384,0.038461538461538464,-1.16,0.0,0.0,0.0,0.038461538461538464
stage1d_single_agent_carry_bootstrap,4,1,107685,1657,1,120,100,1,0,59.289451599121094,0.0,0.0,1.0,0.2,0.0,0,0,0,12,-1,12,-1,1.0,0,0.0,0.16666666666666666,0.0,-0.16,0.0,0.0,0.0,0.08333333333333333
stage1d_single_agent_carry_bootstrap,4,1,107699,1658,1,120,100,1,0,59.27690887451172,0.0,0.0,1.0,0.23333333333333334,0.0,0,0,0,14,-1,14,-1,1.0,1,0.21428571428571427,0.2857142857142857,0.07142857142857142,-0.36000000000000004,0.0,0.0,0.0,0.07142857142857142
stage1d_single_agent_carry_bootstrap,4,1,107725,1659,1,120,100,1,0,58.09695816040039,0.0,0.0,1.0,0.3,0.0,0,0,0,26,-1,26,-1,1.0,3,0.23076923076923078,0.38461538461538464,0.038461538461538464,-0.84,0.0,0.0,0.0,0.038461538461538464
stage1d_single_agent_carry_bootstrap,4,1,107732,1660,1,120,100,1,0,59.398826599121094,0.0,0.0,1.0,0.1,0.0,0,0,0,7,-1,7,-1,1.0,1,0.14285714285714285,0.2857142857142857,0.14285714285714285,-0.2,0.0,0.0,0.0,0.14285714285714285
stage1d_single_agent_carry_bootstrap,4,1,107736,1661,1,120,100,1,0,59.8858642578125,0.0,0.0,1.0,0.06666666666666667,0.0,0,0,0,4,-1,4,-1,1.0,0,0.0,0.25,0.25,-0.12,0.0,0.0,0.0,0.25
stage1d_single_agent_carry_bootstrap,4,1,107758,1662,1,120,100,1,0,58.438926696777344,0.0,0.0,1.0,0.26666666666666666,0.0,0,0,0,22,-1,22,-1,1.0,3,0.3181818181818182,0.45454545454545453,0.0,-0.7999999999999999,0.0,0.0,0.0,0.045454545454545456
stage1d_single_agent_carry_bootstrap,4,1,107780,1663,1,120,100,1,0,58.17499923706055,0.0,0.0,1.0,0.2,0.0,0,0,0,22,-1,22,-1,1.0,3,0.18181818181818182,0.36363636363636365,0.09090909090909091,-0.72,0.0,0.0,0.0,0.045454545454545456
stage1d_single_agent_carry_bootstrap,4,1,107796,1664,1,120,100,1,0,57.79451370239258,0.0,0.0,1.0,0.06666666666666667,0.0,0,0,0,16,-1,16,-1,1.0,1,0.1875,0.4375,0.0625,-0.6,0.0,0.0,0.0,0.0625
stage1d_single_agent_carry_bootstrap,4,1,107798,1665,1,120,100,1,0,59.86199951171875,0.0,0.0,1.0,0.03333333333333333,0.0,0,0,0,2,-1,2,-1,1.0,0,0.0,0.5,0.5,-0.12,0.0,0.0,0.0,0.5
stage1d_single_agent_carry_bootstrap,4,1,107815,1666,1,120,100,1,0,57.67912673950195,0.0,0.0,1.0,0.1,0.0,0,0,0,17,-1,17,-1,1.0,2,0.4117647058823529,0.5294117647058824,0.058823529411764705,-0.7599999999999999,0.0,0.0,0.0,0.058823529411764705
stage1d_single_agent_carry_bootstrap,4,1,107835,1667,1,120,100,1,0,58.18253707885742,0.0,0.0,1.0,0.3333333333333333,0.0,0,0,0,20,-1,20,-1,1.0,2,0.5,0.6,0.05,-0.9999999999999998,0.0,0.0,0.0,0.05
stage1d_single_agent_carry_bootstrap,4,1,107839,1668,1,120,100,1,0,59.878814697265625,0.0,0.0,1.0,0.1,0.0,0,0,0,4,-1,4,-1,1.0,0,0.0,0.25,0.25,-0.12,0.0,0.0,0.0,0.25
stage1d_single_agent_carry_bootstrap,4,1,107863,1669,1,120,100,1,0,57.5259895324707,0.0,0.0,1.0,0.2,0.0,0,0,0,24,-1,24,-1,1.0,4,0.25,0.4583333333333333,0.041666666666666664,-0.9199999999999998,0.0,0.0,0.0,0.041666666666666664
stage1d_single_agent_carry_bootstrap,4,1,107865,1670,1,120,100,1,0,60.000274658203125,0.0,0.0,1.0,0.03333333333333333,0.0,0,0,0,2,-1,2,-1,1.0,0,0.0,0.0,0.0,0.0,0.0,0.0,0.0,0.5
stage1d_single_agent_carry_bootstrap,4,1,107868,1671,1,120,100,1,0,60.001121520996094,0.0,0.0,1.0,0.06666666666666667,0.0,0,0,0,3,-1,3,-1,1.0,0,0.0,0.0,0.0,0.0,0.0,0.0,0.0,0.3333333333333333
stage1d_single_agent_carry_bootstrap,4,1,107889,1672,1,120,100,1,0,57.88640213012695,0.0,0.0,1.0,0.16666666666666666,0.0,0,0,0,21,-1,21,-1,1.0,3,0.38095238095238093,0.5238095238095238,0.0,-0.8799999999999999,0.0,0.0,0.0,0.047619047619047616
stage1d_single_agent_carry_bootstrap,4,1,107899,1673,1,120,100,1,0,59.61307144165039,0.0,0.0,1.0,0.13333333333333333,0.0,0,0,0,10,-1,10,-1,1.0,0,0.0,0.1,0.0,-0.08,0.0,0.0,0.0,0.1
stage1d_single_agent_carry_bootstrap,4,1,107924,1674,1,120,100,1,0,56.61344909667969,0.0,0.0,1.0,0.2,0.0,0,0,0,25,-1,25,-1,1.0,3,0.12,0.36,0.0,-0.72,0.0,0.0,0.0,0.04
stage1d_single_agent_carry_bootstrap,4,1,107930,1675,1,120,100,1,0,59.590641021728516,0.0,0.0,1.0,0.06666666666666667,0.0,0,0,0,6,-1,6,-1,1.0,0,0.0,0.16666666666666666,0.0,-0.08,0.0,0.0,0.0,0.16666666666666666
stage1d_single_agent_carry_bootstrap,4,1,107943,1676,1,120,100,1,0,59.168609619140625,0.0,0.0,1.0,0.2,0.0,0,0,0,13,-1,13,-1,1.0,1,0.38461538461538464,0.46153846153846156,0.07692307692307693,-0.52,0.0,0.0,0.0,0.07692307692307693
stage1d_single_agent_carry_bootstrap,4,1,107967,1677,1,120,100,1,0,58.0882453918457,0.0,0.0,1.0,0.26666666666666666,0.0,0,0,0,24,-1,24,-1,1.0,3,0.25,0.4166666666666667,0.0,-0.7999999999999999,0.0,0.0,0.0,0.041666666666666664
stage1d_single_agent_carry_bootstrap,4,1,107971,1678,1,120,100,1,0,60.05364227294922,0.0,0.0,1.0,0.06666666666666667,0.0,0,0,0,4,-1,4,-1,1.0,0,0.0,0.0,0.0,0.0,0.0,0.0,0.0,0.25
stage1d_single_agent_carry_bootstrap,4,1,107988,1679,1,120,100,1,0,57.80997848510742,0.0,0.0,1.0,0.16666666666666666,0.0,0,0,0,17,-1,17,-1,1.0,2,0.5294117647058824,0.6470588235294118,0.058823529411764705,-0.9199999999999998,0.0,0.0,0.0,0.058823529411764705
stage1d_single_agent_carry_bootstrap,4,1,108010,1680,1,120,100,1,0,58.05542755126953,0.0,0.0,1.0,0.26666666666666666,0.0,0,0,0,22,-1,22,-1,1.0,2,0.5454545454545454,0.6363636363636364,0.0,-1.1199999999999999,0.0,0.0,0.0,0.045454545454545456
stage1d_single_agent_carry_bootstrap,4,1,108023,1681,1,120,100,1,0,58.7529182434082,0.0,0.0,1.0,0.16666666666666666,0.0,0,0,0,13,-1,13,-1,1.0,1,0.3076923076923077,0.46153846153846156,0.07692307692307693,-0.52,0.0,0.0,0.0,0.07692307692307693
stage1d_single_agent_carry_bootstrap,4,1,108046,1682,1,120,100,1,0,58.18328094482422,0.0,0.0,1.0,0.3333333333333333,0.0,0,0,0,23,-1,23,-1,1.0,3,0.391304347826087,0.5217391304347826,0.0,-0.9599999999999999,0.0,0.0,0.0,0.043478260869565216
stage1d_single_agent_carry_bootstrap,4,1,108067,1683,1,120,100,1,0,57.360958099365234,0.0,0.0,1.0,0.2,0.0,0,0,0,21,-1,21,-1,1.0,3,0.38095238095238093,0.5238095238095238,0.09523809523809523,-0.9599999999999999,0.0,0.0,0.0,0.047619047619047616
stage1d_single_agent_carry_bootstrap,4,1,108099,1684,1,120,100,1,0,57.544097900390625,0.0,0.0,1.0,0.36666666666666664,0.0,0,0,0,32,-1,32,-1,1.0,4,0.28125,0.40625,0.0,-1.0399999999999998,0.0,0.0,0.0,0.03125
stage1d_single_agent_carry_bootstrap,4,1,108132,1685,1,120,100,1,0,56.35886764526367,0.0,0.0,1.0,0.36666666666666664,0.0,0,0,0,33,-1,33,-1,1.0,3,0.30303030303030304,0.45454545454545453,0.0,-1.2,0.0,0.0,0.0,0.030303030303030304
stage1d_single_agent_carry_bootstrap,4,1,108155,1686,1,120,100,1,0,57.38072204589844,0.0,0.0,1.0,0.23333333333333334,0.0,0,0,0,23,-1,23,-1,1.0,2,0.13043478260869565,0.34782608695652173,0.0,-0.64,0.0,0.0,0.0,0.043478260869565216
stage1d_single_agent_carry_bootstrap,4,1,108182,1687,1,120,100,1,0,57.71963882446289,0.0,0.0,1.0,0.36666666666666664,0.0,0,0,0,27,-1,27,-1,1.0,3,0.2962962962962963,0.48148148148148145,0.037037037037037035,-1.0799999999999998,0.0,0.0,0.0,0.037037037037037035
stage1d_single_agent_carry_bootstrap,4,1,108197,1688,1,120,100,1,0,58.53312301635742,0.0,0.0,1.0,0.23333333333333334,0.0,0,0,0,15,-1,15,-1,1.0,1,0.4,0.5333333333333333,0.0,-0.64,0.0,0.0,0.0,0.06666666666666667
stage1d_single_agent_carry_bootstrap,4,1,108218,1689,1,120,100,1,0,58.11127471923828,0.0,0.0,1.0,0.26666666666666666,0.0,0,0,0,21,-1,21,-1,1.0,2,0.5238095238095238,0.6190476190476191,0.0,-1.0399999999999998,0.0,0.0,0.0,0.047619047619047616
stage1d_single_agent_carry_bootstrap,4,1,108241,1690,1,120,100,1,0,56.7962646484375,0.0,0.0,1.0,0.16666666666666666,0.0,0,0,0,23,-1,23,-1,1.0,4,0.2608695652173913,0.4782608695652174,0.0,-0.8799999999999999,0.0,0.0,0.0,0.043478260869565216
stage1d_single_agent_carry_bootstrap,4,1,108247,1691,1,120,100,1,0,59.66780090332031,0.0,0.0,1.0,0.06666666666666667,0.0,0,0,0,6,-1,6,-1,1.0,0,0.0,0.0,0.0,0.0,0.0,0.0,0.0,0.16666666666666666
stage1d_single_agent_carry_bootstrap,4,1,108271,1692,1,120,100,1,0,57.273372650146484,0.0,0.0,1.0,0.16666666666666666,0.0,0,0,0,24,-1,24,-1,1.0,3,0.16666666666666666,0.4166666666666667,0.0,-0.7999999999999999,0.0,0.0,0.0,0.041666666666666664
stage1d_single_agent_carry_bootstrap,4,1,108284,1693,1,120,100,1,0,58.62399673461914,0.0,0.0,1.0,0.13333333333333333,0.0,0,0,0,13,-1,13,-1,1.0,1,0.07692307692307693,0.3076923076923077,0.0,-0.32,0.0,0.0,0.0,0.07692307692307693
stage1d_single_agent_carry_bootstrap,4,1,108307,1694,1,120,100,1,0,57.87074661254883,0.0,0.0,1.0,0.23333333333333334,0.0,0,0,0,23,-1,23,-1,1.0,3,0.30434782608695654,0.4782608695652174,0.043478260869565216,-0.9199999999999998,0.0,0.0,0.0,0.043478260869565216
stage1d_single_agent_carry_bootstrap,4,1,108325,1695,1,120,100,1,0,58.38139343261719,0.0,0.0,1.0,0.16666666666666666,0.0,0,0,0,18,-1,18,-1,1.0,1,0.3888888888888889,0.5,0.05555555555555555,-0.7599999999999999,0.0,0.0,0.0,0.05555555555555555
stage1d_single_agent_carry_bootstrap,4,1,108334,1696,1,120,100,1,0,59.97504806518555,0.0,0.0,1.0,0.16666666666666666,0.0,0,0,0,9,-1,9,-1,1.0,1,0.1111111111111111,0.2222222222222222,0.1111111111111111,-0.2,0.0,0.0,0.0,0.1111111111111111
stage1d_single_agent_carry_bootstrap,4,1,108363,1697,1,120,100,1,0,57.497982025146484,0.0,0.0,1.0,0.3333333333333333,0.0,0,0,0,29,-1,29,-1,1.0,4,0.27586206896551724,0.41379310344827586,0.0,-0.9599999999999999,0.0,0.0,0.0,0.034482758620689655
stage1d_single_agent_carry_bootstrap,4,1,108384,1698,1,120,100,1,0,57.68310546875,0.0,0.0,1.0,0.2,0.0,0,0,0,21,-1,21,-1,1.0,4,0.19047619047619047,0.42857142857142855,0.0,-0.72,0.0,0.0,0.0,0.047619047619047616
stage1d_single_agent_carry_bootstrap,4,1,108390,1699,1,120,100,1,0,60.111446380615234,0.0,0.0,1.0,0.1,0.0,0,0,0,6,-1,6,-1,1.0,0,0.0,0.0,0.0,0.0,0.0,0.0,0.0,0.16666666666666666
stage1d_single_agent_carry_bootstrap,4,1,108403,1700,1,120,100,1,0,59.65470504760742,0.0,0.0,1.0,0.16666666666666666,0.0,0,0,0,13,-1,13,-1,1.0,1,0.3076923076923077,0.38461538461538464,0.15384615384615385,-0.48000000000000004,0.0,0.0,0.0,0.07692307692307693
stage1d_single_agent_carry_bootstrap,4,1,108425,1701,1,120,100,1,0,58.248592376708984,0.0,0.0,1.0,0.3,0.0,0,0,0,22,-1,22,-1,1.0,2,0.36363636363636365,0.5,0.045454545454545456,-0.9199999999999998,0.0,0.0,0.0,0.045454545454545456
stage1d_single_agent_carry_bootstrap,4,1,108438,1702,1,120,100,1,0,58.572444915771484,0.0,0.0,1.0,0.1,0.0,0,0,0,13,-1,13,-1,1.0,1,0.38461538461538464,0.5384615384615384,0.07692307692307693,-0.6,0.0,0.0,0.0,0.07692307692307693
stage1d_single_agent_carry_bootstrap,4,1,108466,1703,1,120,100,1,0,57.5386962890625,0.0,0.0,1.0,0.3333333333333333,0.0,0,0,0,28,-1,28,-1,1.0,2,0.32142857142857145,0.42857142857142855,0.0,-0.9599999999999999,0.0,0.0,0.0,0.03571428571428571
stage1d_single_agent_carry_bootstrap,4,1,108484,1704,1,120,100,1,0,57.29711151123047,0.0,0.0,1.0,0.1,0.0,0,0,0,18,-1,18,-1,1.0,2,0.16666666666666666,0.4444444444444444,0.05555555555555555,-0.6799999999999999,0.0,0.0,0.0,0.05555555555555555
stage1d_single_agent_carry_bootstrap,4,1,108496,1705,1,120,100,1,0,59.40757369995117,0.0,0.0,1.0,0.2,0.0,0,0,0,12,-1,12,-1,1.0,1,0.16666666666666666,0.25,0.08333333333333333,-0.28,0.0,0.0,0.0,0.08333333333333333
stage1d_single_agent_carry_bootstrap,4,1,108523,1706,1,120,100,1,0,56.65850067138672,0.0,0.0,1.0,0.3,0.0,0,0,0,27,-1,27,-1,1.0,3,0.3333333333333333,0.5925925925925926,0.0,-1.28,0.0,0.0,0.0,0.037037037037037035
stage1d_single_agent_carry_bootstrap,4,1,108544,1707,1,120,100,1,0,58.455997467041016,0.0,0.0,1.0,0.3,0.0,0,0,0,21,-1,21,-1,1.0,1,0.5714285714285714,0.6190476190476191,0.09523809523809523,-1.1199999999999999,0.0,0.0,0.0,0.047619047619047616
stage1d_single_agent_carry_bootstrap,4,1,108573,1708,1,120,100,1,0,57.30937957763672,0.0,0.0,1.0,0.36666666666666664,0.0,0,0,0,29,-1,29,-1,1.0,4,0.27586206896551724,0.4482758620689655,0.0,-1.0399999999999998,0.0,0.0,0.0,0.034482758620689655
stage1d_single_agent_carry_bootstrap,4,1,108598,1709,1,120,100,1,0,58.21572494506836,0.0,0.0,1.0,0.3333333333333333,0.0,0,0,0,25,-1,25,-1,1.0,2,0.2,0.36,0.0,-0.72,0.0,0.0,0.0,0.04
stage1d_single_agent_carry_bootstrap,4,1,108602,1710,1,120,100,1,0,60.0604248046875,0.0,0.0,1.0,0.1,0.0,0,0,0,4,-1,4,-1,1.0,0,0.0,0.0,0.0,0.0,0.0,0.0,0.0,0.25
stage1d_single_agent_carry_bootstrap,4,1,108624,1711,1,120,100,1,0,57.88364791870117,0.0,0.0,1.0,0.2,0.0,0,0,0,22,-1,22,-1,1.0,2,0.3181818181818182,0.5,0.045454545454545456,-0.9199999999999998,0.0,0.0,0.0,0.045454545454545456
stage1d_single_agent_carry_bootstrap,4,1,108649,1712,1,120,100,1,0,57.736412048339844,0.0,0.0,1.0,0.3333333333333333,0.0,0,0,0,25,-1,25,-1,1.0,3,0.32,0.48,0.04,-0.9999999999999998,0.0,0.0,0.0,0.04
stage1d_single_agent_carry_bootstrap,4,1,108657,1713,1,120,100,1,0,60.107601165771484,0.0,0.0,1.0,0.1,0.0,0,0,0,8,-1,8,-1,1.0,0,0.0,0.125,0.0,-0.08,0.0,0.0,0.0,0.125
stage1d_single_agent_carry_bootstrap,4,1,108682,1714,1,120,100,1,0,56.868621826171875,0.0,0.0,1.0,0.2,0.0,0,0,0,25,-1,25,-1,1.0,2,0.12,0.4,0.0,-0.7999999999999999,0.0,0.0,0.0,0.04
stage1d_single_agent_carry_bootstrap,4,1,108706,1715,1,120,100,1,0,57.45572280883789,0.0,0.0,1.0,0.23333333333333334,0.0,0,0,0,24,-1,24,-1,1.0,4,0.3333333333333333,0.5,0.041666666666666664,-0.9999999999999998,0.0,0.0,0.0,0.041666666666666664
stage1d_single_agent_carry_bootstrap,4,1,108719,1716,1,120,100,1,0,58.88617706298828,0.0,0.0,1.0,0.2,0.0,0,0,0,13,-1,13,-1,1.0,1,0.3076923076923077,0.38461538461538464,0.07692307692307693,-0.44,0.0,0.0,0.0,0.07692307692307693
stage1d_single_agent_carry_bootstrap,4,1,108739,1717,1,120,100,1,0,58.50290298461914,0.0,0.0,1.0,0.26666666666666666,0.0,0,0,0,20,-1,20,-1,1.0,3,0.3,0.45,0.0,-0.72,0.0,0.0,0.0,0.05
stage1d_single_agent_carry_bootstrap,4,1,108763,1718,1,120,100,1,0,58.06353759765625,0.0,0.0,1.0,0.23333333333333334,0.0,0,0,0,24,-1,24,-1,1.0,3,0.2916666666666667,0.4166666666666667,0.0,-0.7999999999999999,0.0,0.0,0.0,0.041666666666666664
stage1d_single_agent_carry_bootstrap,4,1,108769,1719,1,120,100,1,0,60.10183334350586,0.0,0.0,1.0,0.1,0.0,0,0,0,6,-1,6,-1,1.0,0,0.0,0.0,0.0,0.0,0.0,0.0,0.0,0.16666666666666666
stage1d_single_agent_carry_bootstrap,4,1,108773,1720,1,120,100,1,0,60.04704666137695,0.0,0.0,1.0,0.06666666666666667,0.0,0,0,0,4,-1,4,-1,1.0,0,0.0,0.0,0.0,0.0,0.0,0.0,0.0,0.25
stage1d_single_agent_carry_bootstrap,4,1,108791,1721,1,120,100,1,0,58.54961013793945,0.0,0.0,1.0,0.23333333333333334,0.0,0,0,0,18,-1,18,-1,1.0,1,0.1111111111111111,0.2777777777777778,0.0,-0.4,0.0,0.0,0.0,0.05555555555555555
stage1d_single_agent_carry_bootstrap,4,1,108793,1722,1,120,100,1,0,59.498382568359375,0.0,0.0,1.0,0.03333333333333333,0.0,0,0,0,2,-1,2,-1,1.0,0,0.0,0.5,0.0,-0.08,0.0,0.0,0.0,0.5
stage1d_single_agent_carry_bootstrap,4,1,108815,1723,1,120,100,1,0,57.813262939453125,0.0,0.0,1.0,0.23333333333333334,0.0,0,0,0,22,-1,22,-1,1.0,3,0.22727272727272727,0.4090909090909091,0.0,-0.72,0.0,0.0,0.0,0.045454545454545456
stage1d_single_agent_carry_bootstrap,4,1,108818,1724,1,120,100,1,0,59.862945556640625,0.0,0.0,1.0,0.03333333333333333,0.0,0,0,0,3,-1,3,-1,1.0,0,0.0,0.3333333333333333,0.3333333333333333,-0.12,0.0,0.0,0.0,0.3333333333333333
stage1d_single_agent_carry_bootstrap,4,1,108838,1725,1,120,100,1,0,58.295475006103516,0.0,0.0,1.0,0.3,0.0,0,0,0,20,-1,20,-1,1.0,3,0.2,0.4,0.0,-0.64,0.0,0.0,0.0,0.05
stage1d_single_agent_carry_bootstrap,4,1,108855,1726,1,120,100,1,0,58.12957000732422,0.0,0.0,1.0,0.16666666666666666,0.0,0,0,0,17,-1,17,-1,1.0,2,0.35294117647058826,0.47058823529411764,0.0,-0.64,0.0,0.0,0.0,0.058823529411764705
stage1d_single_agent_carry_bootstrap,4,1,108886,1727,1,120,100,1,0,56.27591323852539,0.0,0.0,1.0,0.23333333333333334,0.0,0,0,0,31,-1,31,-1,1.0,3,0.3225806451612903,0.5161290322580645,0.03225806451612903,-1.32,0.0,0.0,0.0,0.03225806451612903
stage1d_single_agent_carry_bootstrap,4,1,108902,1728,1,120,100,1,0,59.0997428894043,0.0,0.0,1.0,0.26666666666666666,0.0,0,0,0,16,-1,16,-1,1.0,1,0.375,0.4375,0.0,-0.56,0.0,0.0,0.0,0.0625
stage1d_single_agent_carry_bootstrap,4,1,108927,1729,1,120,100,1,0,57.65342712402344,0.0,0.0,1.0,0.23333333333333334,0.0,0,0,0,25,-1,25,-1,1.0,3,0.36,0.52,0.04,-1.0799999999999998,0.0,0.0,0.0,0.04
stage1d_single_agent_carry_bootstrap,4,1,108946,1730,1,120,100,1,0,57.63200759887695,0.0,0.0,1.0,0.13333333333333333,0.0,0,0,0,19,-1,19,-1,1.0,3,0.3157894736842105,0.47368421052631576,0.10526315789473684,-0.7999999999999999,0.0,0.0,0.0,0.05263157894736842
stage1d_single_agent_carry_bootstrap,4,1,108972,1731,1,120,100,1,0,58.11811065673828,0.0,0.0,1.0,0.3,0.0,0,0,0,26,-1,26,-1,1.0,3,0.2692307692307692,0.38461538461538464,0.0,-0.7999999999999999,0.0,0.0,0.0,0.038461538461538464
stage1d_single_agent_carry_bootstrap,4,1,108989,1732,1,120,100,1,0,58.60334014892578,0.0,0.0,1.0,0.23333333333333334,0.0,0,0,0,17,-1,17,-1,1.0,2,0.29411764705882354,0.4117647058823529,0.0,-0.56,0.0,0.0,0.0,0.058823529411764705
stage1d_single_agent_carry_bootstrap,4,1,109008,1733,1,120,100,1,0,58.12190246582031,0.0,0.0,1.0,0.16666666666666666,0.0,0,0,0,19,-1,19,-1,1.0,2,0.2631578947368421,0.42105263157894735,0.05263157894736842,-0.6799999999999999,0.0,0.0,0.0,0.05263157894736842
stage1d_single_agent_carry_bootstrap,4,1,109040,1734,1,120,100,1,0,57.8709716796875,0.0,0.0,1.0,0.4,0.0,0,0,0,32,-1,32,-1,1.0,3,0.3125,0.4375,0.0,-1.1199999999999999,0.0,0.0,0.0,0.03125
stage1d_single_agent_carry_bootstrap,4,1,109043,1735,1,120,100,1,0,60.01026916503906,0.0,0.0,1.0,0.06666666666666667,0.0,0,0,0,3,-1,3,-1,1.0,0,0.0,0.0,0.0,0.0,0.0,0.0,0.0,0.3333333333333333
stage1d_single_agent_carry_bootstrap,4,1,109061,1736,1,120,100,1,0,57.644065856933594,0.0,0.0,1.0,0.13333333333333333,0.0,0,0,0,18,-1,18,-1,1.0,3,0.2777777777777778,0.5,0.0,-0.72,0.0,0.0,0.0,0.05555555555555555
stage1d_single_agent_carry_bootstrap,4,1,109080,1737,1,120,100,1,0,58.00914764404297,0.0,0.0,1.0,0.2,0.0,0,0,0,19,-1,19,-1,1.0,2,0.3157894736842105,0.47368421052631576,0.10526315789473684,-0.7999999999999999,0.0,0.0,0.0,0.05263157894736842
stage1d_single_agent_carry_bootstrap,4,1,109084,1738,1,120,100,1,0,60.04801559448242,0.0,0.0,1.0,0.1,0.0,0,0,0,4,-1,4,-1,1.0,0,0.0,0.0,0.0,0.0,0.0,0.0,0.0,0.25
stage1d_single_agent_carry_bootstrap,4,1,109102,1739,1,120,100,1,0,57.898868560791016,0.0,0.0,1.0,0.2,0.0,0,0,0,18,-1,18,-1,1.0,1,0.5,0.6111111111111112,0.05555555555555555,-0.9199999999999998,0.0,0.0,0.0,0.05555555555555555
stage1d_single_agent_carry_bootstrap,4,1,109137,1740,1,120,100,1,0,55.223697662353516,0.0,0.0,1.0,0.3,0.0,0,0,0,35,-1,35,-1,1.0,3,0.37142857142857144,0.5428571428571428,0.0,-1.5200000000000002,0.0,0.0,0.0,0.02857142857142857
stage1d_single_agent_carry_bootstrap,4,1,109143,1741,1,120,100,1,0,60.160945892333984,0.0,0.0,1.0,0.13333333333333333,0.0,0,0,0,6,-1,6,-1,1.0,0,0.0,0.0,0.0,0.0,0.0,0.0,0.0,0.16666666666666666
stage1d_single_agent_carry_bootstrap,4,1,109164,1742,1,120,100,1,0,58.09627151489258,0.0,0.0,1.0,0.2,0.0,0,0,0,21,-1,21,-1,1.0,2,0.23809523809523808,0.42857142857142855,0.09523809523809523,-0.7999999999999999,0.0,0.0,0.0,0.047619047619047616
stage1d_single_agent_carry_bootstrap,4,1,109186,1743,1,120,100,1,0,57.390018463134766,0.0,0.0,1.0,0.16666666666666666,0.0,0,0,0,22,-1,22,-1,1.0,4,0.18181818181818182,0.4090909090909091,0.0,-0.72,0.0,0.0,0.0,0.045454545454545456
stage1d_single_agent_carry_bootstrap,4,1,109195,1744,1,120,100,1,0,60.12202072143555,0.0,0.0,1.0,0.16666666666666666,0.0,0,0,0,9,-1,9,-1,1.0,0,0.0,0.1111111111111111,0.1111111111111111,-0.12,0.0,0.0,0.0,0.1111111111111111
stage1d_single_agent_carry_bootstrap,4,1,109198,1745,1,120,100,1,0,60.02078628540039,0.0,0.0,1.0,0.03333333333333333,0.0,0,0,0,3,-1,3,-1,1.0,0,0.0,0.0,0.0,0.0,0.0,0.0,0.0,0.3333333333333333
stage1d_single_agent_carry_bootstrap,4,1,109200,1746,1,120,100,1,0,59.989891052246094,0.0,0.0,1.0,0.06666666666666667,0.0,0,0,0,2,-1,2,-1,1.0,0,0.0,0.0,0.0,0.0,0.0,0.0,0.0,0.5
stage1d_single_agent_carry_bootstrap,4,1,109221,1747,1,120,100,1,0,57.34801483154297,0.0,0.0,1.0,0.13333333333333333,0.0,0,0,0,21,-1,21,-1,1.0,3,0.14285714285714285,0.42857142857142855,0.047619047619047616,-0.7599999999999999,0.0,0.0,0.0,0.047619047619047616
stage1d_single_agent_carry_bootstrap,4,1,109254,1748,1,120,100,1,0,56.212703704833984,0.0,0.0,1.0,0.2,0.0,0,0,0,33,-1,33,-1,1.0,5,0.18181818181818182,0.36363636363636365,0.030303030303030304,-0.9999999999999998,0.0,0.0,0.0,0.030303030303030304
stage1d_single_agent_carry_bootstrap,4,1,109274,1749,1,120,100,1,0,57.73324966430664,0.0,0.0,1.0,0.13333333333333333,0.0,0,0,0,20,-1,20,-1,1.0,3,0.25,0.45,0.0,-0.72,0.0,0.0,0.0,0.05
stage1d_single_agent_carry_bootstrap,4,1,109301,1750,1,120,100,1,0,57.269752502441406,0.0,0.0,1.0,0.26666666666666666,0.0,0,0,0,27,-1,27,-1,1.0,3,0.25925925925925924,0.4074074074074074,0.0,-0.8799999999999999,0.0,0.0,0.0,0.037037037037037035
stage1d_single_agent_carry_bootstrap,4,1,109314,1751,1,120,100,1,0,58.99121856689453,0.0,0.0,1.0,0.2,0.0,0,0,0,13,-1,13,-1,1.0,2,0.15384615384615385,0.3076923076923077,0.07692307692307693,-0.36000000000000004,0.0,0.0,0.0,0.07692307692307693
stage1d_single_agent_carry_bootstrap,4,1,109320,1752,1,120,100,1,0,60.128414154052734,0.0,0.0,1.0,0.13333333333333333,0.0,0,0,0,6,-1,6,-1,1.0,0,0.0,0.0,0.0,0.0,0.0,0.0,0.0,0.16666666666666666
stage1d_single_agent_carry_bootstrap,4,1,109324,1753,1,120,100,1,0,60.04481506347656,0.0,0.0,1.0,0.06666666666666667,0.0,0,0,0,4,-1,4,-1,1.0,0,0.0,0.0,0.0,0.0,0.0,0.0,0.0,0.25
stage1d_single_agent_carry_bootstrap,4,1,109343,1754,1,120,100,1,0,58.06719207763672,0.0,0.0,1.0,0.23333333333333334,0.0,0,0,0,19,-1,19,-1,1.0,2,0.3157894736842105,0.47368421052631576,0.0,-0.72,0.0,0.0,0.0,0.05263157894736842
stage1d_single_agent_carry_bootstrap,4,1,109350,1755,1,120,100,1,0,59.85329055786133,0.0,0.0,1.0,0.13333333333333333,0.0,0,0,0,7,-1,7,-1,1.0,1,0.14285714285714285,0.2857142857142857,0.14285714285714285,-0.2,0.0,0.0,0.0,0.14285714285714285
stage1d_single_agent_carry_bootstrap,4,1,109364,1756,1,120,100,1,0,59.29512023925781,0.0,0.0,1.0,0.3,0.0,0,0,0,14,-1,14,-1,1.0,1,0.2857142857142857,0.35714285714285715,0.0,-0.4,0.0,0.0,0.0,0.07142857142857142
stage1d_single_agent_carry_bootstrap,4,1,109378,1757,1,120,100,1,0,58.81217575073242,0.0,0.0,1.0,0.23333333333333334,0.0,0,0,0,14,-1,14,-1,1.0,1,0.35714285714285715,0.42857142857142855,0.0,-0.48000000000000004,0.0,0.0,0.0,0.07142857142857142
stage1d_single_agent_carry_bootstrap,4,1,109405,1758,1,120,100,1,0,57.033424377441406,0.0,0.0,1.0,0.3333333333333333,0.0,0,0,0,27,-1,27,-1,1.0,4,0.25925925925925924,0.4444444444444444,0.0,-0.9599999999999999,0.0,0.0,0.0,0.037037037037037035
stage1d_single_agent_carry_bootstrap,4,1,109420,1759,1,120,100,1,0,59.46370315551758,0.0,0.0,1.0,0.26666666666666666,0.0,0,0,0,15,-1,15,-1,1.0,1,0.13333333333333333,0.2,0.0,-0.24,0.0,0.0,0.0,0.06666666666666667
stage1d_single_agent_carry_bootstrap,4,1,109436,1760,1,120,100,1,0,58.303855895996094,0.0,0.0,1.0,0.16666666666666666,0.0,0,0,0,16,-1,16,-1,1.0,1,0.5,0.625,0.0,-0.7999999999999999,0.0,0.0,0.0,0.0625
stage1d_single_agent_carry_bootstrap,4,1,109462,1761,1,120,100,1,0,56.59366989135742,0.0,0.0,1.0,0.23333333333333334,0.0,0,0,0,26,-1,26,-1,1.0,2,0.07692307692307693,0.34615384615384615,0.038461538461538464,-0.7599999999999999,0.0,0.0,0.0,0.038461538461538464
stage1d_single_agent_carry_bootstrap,4,1,109476,1762,1,120,100,1,0,58.720176696777344,0.0,0.0,1.0,0.16666666666666666,0.0,0,0,0,14,-1,14,-1,1.0,1,0.2857142857142857,0.42857142857142855,0.07142857142857142,-0.52,0.0,0.0,0.0,0.07142857142857142
stage1d_single_agent_carry_bootstrap,4,1,109491,1763,1,120,100,1,0,58.54789352416992,0.0,0.0,1.0,0.2,0.0,0,0,0,15,-1,15,-1,1.0,1,0.4,0.5333333333333333,0.0,-0.64,0.0,0.0,0.0,0.06666666666666667
stage1d_single_agent_carry_bootstrap,4,1,109509,1764,1,120,100,1,0,58.724281311035156,0.0,0.0,1.0,0.26666666666666666,0.0,0,0,0,18,-1,18,-1,1.0,1,0.3333333333333333,0.3888888888888889,0.0,-0.56,0.0,0.0,0.0,0.05555555555555555
stage1d_single_agent_carry_bootstrap,4,1,109540,1765,1,120,100,1,0,56.672523498535156,0.0,0.0,1.0,0.26666666666666666,0.0,0,0,0,31,-1,31,-1,1.0,3,0.3225806451612903,0.5161290322580645,0.03225806451612903,-1.32,0.0,0.0,0.0,0.03225806451612903
stage1d_single_agent_carry_bootstrap,4,1,109545,1766,1,120,100,1,0,59.790733337402344,0.0,0.0,1.0,0.06666666666666667,0.0,0,0,0,5,-1,5,-1,1.0,1,0.2,0.4,0.2,-0.2,0.0,0.0,0.0,0.2
stage1d_single_agent_carry_bootstrap,4,1,109561,1767,1,120,100,1,0,58.60740661621094,0.0,0.0,1.0,0.2,0.0,0,0,0,16,-1,16,-1,1.0,2,0.125,0.3125,0.0,-0.4,0.0,0.0,0.0,0.0625
stage1d_single_agent_carry_bootstrap,4,1,109566,1768,1,120,100,1,0,60.096107482910156,0.0,0.0,1.0,0.1,0.0,0,0,0,5,-1,5,-1,1.0,0,0.0,0.0,0.0,0.0,0.0,0.0,0.0,0.2
stage1d_single_agent_carry_bootstrap,4,1,109584,1769,1,120,100,1,0,57.79700469970703,0.0,0.0,1.0,0.13333333333333333,0.0,0,0,0,18,-1,18,-1,1.0,2,0.16666666666666666,0.3888888888888889,0.0,-0.56,0.0,0.0,0.0,0.05555555555555555
stage1d_single_agent_carry_bootstrap,4,1,109585,1770,1,120,100,1,0,59.99599838256836,0.0,0.0,1.0,0.03333333333333333,0.0,0,0,0,1,-1,1,-1,1.0,0,0.0,0.0,0.0,0.0,0.0,0.0,0.0,1.0
stage1d_single_agent_carry_bootstrap,4,1,109612,1771,1,120,100,1,0,57.147247314453125,0.0,0.0,1.0,0.23333333333333334,0.0,0,0,0,27,-1,27,-1,1.0,4,0.2222222222222222,0.4074074074074074,0.0,-0.8799999999999999,0.0,0.0,0.0,0.037037037037037035
stage1d_single_agent_carry_bootstrap,4,1,109630,1772,1,120,100,1,0,57.48349380493164,0.0,0.0,1.0,0.16666666666666666,0.0,0,0,0,18,-1,18,-1,1.0,2,0.16666666666666666,0.4444444444444444,0.0,-0.64,0.0,0.0,0.0,0.05555555555555555
stage1d_single_agent_carry_bootstrap,4,1,109658,1773,1,120,100,1,0,57.4959716796875,0.0,0.0,1.0,0.26666666666666666,0.0,0,0,0,28,-1,28,-1,1.0,4,0.25,0.42857142857142855,0.03571428571428571,-0.9999999999999998,0.0,0.0,0.0,0.03571428571428571
stage1d_single_agent_carry_bootstrap,4,1,109661,1774,1,120,100,1,0,60.021602630615234,0.0,0.0,1.0,0.06666666666666667,0.0,0,0,0,3,-1,3,-1,1.0,0,0.0,0.0,0.0,0.0,0.0,0.0,0.0,0.3333333333333333
stage1d_single_agent_carry_bootstrap,4,1,109665,1775,1,120,100,1,0,60.06006622314453,0.0,0.0,1.0,0.1,0.0,0,0,0,4,-1,4,-1,1.0,0,0.0,0.0,0.0,0.0,0.0,0.0,0.0,0.25
stage1d_single_agent_carry_bootstrap,4,1,109692,1776,1,120,100,1,0,58.033023834228516,0.0,0.0,1.0,0.3333333333333333,0.0,0,0,0,27,-1,27,-1,1.0,3,0.2962962962962963,0.4074074074074074,0.0,-0.8799999999999999,0.0,0.0,0.0,0.037037037037037035
stage1d_single_agent_carry_bootstrap,4,1,109708,1777,1,120,100,1,0,58.825645446777344,0.0,0.0,1.0,0.26666666666666666,0.0,0,0,0,16,-1,16,-1,1.0,2,0.25,0.375,0.0,-0.48000000000000004,0.0,0.0,0.0,0.0625
stage1d_single_agent_carry_bootstrap,4,1,109732,1778,1,120,100,1,0,57.77170181274414,0.0,0.0,1.0,0.23333333333333334,0.0,0,0,0,24,-1,24,-1,1.0,4,0.20833333333333334,0.375,0.0,-0.72,0.0,0.0,0.0,0.041666666666666664
stage1d_single_agent_carry_bootstrap,4,1,109756,1779,1,120,100,1,0,57.83082580566406,0.0,0.0,1.0,0.3,0.0,0,0,0,24,-1,24,-1,1.0,3,0.375,0.5,0.041666666666666664,-0.9999999999999998,0.0,0.0,0.0,0.041666666666666664
stage1d_single_agent_carry_bootstrap,4,1,109763,1780,1,120,100,1,0,59.709930419921875,0.0,0.0,1.0,0.1,0.0,0,0,0,7,-1,7,-1,1.0,0,0.0,0.0,0.0,0.0,0.0,0.0,0.0,0.14285714285714285
stage1d_single_agent_carry_bootstrap,4,1,109789,1781,1,120,100,1,0,57.00333023071289,0.0,0.0,1.0,0.16666666666666666,0.0,0,0,0,26,-1,26,-1,1.0,3,0.15384615384615385,0.34615384615384615,0.0,-0.72,0.0,0.0,0.0,0.038461538461538464
stage1d_single_agent_carry_bootstrap,4,1,109805,1782,1,120,100,1,0,58.88895797729492,0.0,0.0,1.0,0.23333333333333334,0.0,0,0,0,16,-1,16,-1,1.0,2,0.125,0.3125,0.0625,-0.44000000000000006,0.0,0.0,0.0,0.0625
stage1d_single_agent_carry_bootstrap,4,1,109811,1783,1,120,100,1,0,60.157989501953125,0.0,0.0,1.0,0.1,0.0,0,0,0,6,-1,6,-1,1.0,0,0.0,0.0,0.0,0.0,0.0,0.0,0.0,0.16666666666666666
stage1d_single_agent_carry_bootstrap,4,1,109816,1784,1,120,100,1,0,60.10457229614258,0.0,0.0,1.0,0.13333333333333333,0.0,0,0,0,5,-1,5,-1,1.0,0,0.0,0.0,0.0,0.0,0.0,0.0,0.0,0.2
stage1d_single_agent_carry_bootstrap,4,1,109843,1785,1,120,100,1,0,57.603450775146484,0.0,0.0,1.0,0.26666666666666666,0.0,0,0,0,27,-1,27,-1,1.0,3,0.37037037037037035,0.5185185185185185,0.037037037037037035,-1.16,0.0,0.0,0.0,0.037037037037037035
stage1d_single_agent_carry_bootstrap,4,1,109859,1786,1,120,100,1,0,58.96408462524414,0.0,0.0,1.0,0.26666666666666666,0.0,0,0,0,16,-1,16,-1,1.0,1,0.4375,0.5,0.0,-0.64,0.0,0.0,0.0,0.0625
stage1d_single_agent_carry_bootstrap,4,1,109862,1787,1,120,100,1,0,59.86304473876953,0.0,0.0,1.0,0.03333333333333333,0.0,0,0,0,3,-1,3,-1,1.0,0,0.0,0.3333333333333333,0.3333333333333333,-0.12,0.0,0.0,0.0,0.3333333333333333
stage1d_single_agent_carry_bootstrap,4,1,109878,1788,1,120,100,1,0,58.63728713989258,0.0,0.0,1.0,0.2,0.0,0,0,0,16,-1,16,-1,1.0,2,0.3125,0.4375,0.0,-0.56,0.0,0.0,0.0,0.0625
stage1d_single_agent_carry_bootstrap,4,1,109907,1789,1,120,100,1,0,57.35710144042969,0.0,0.0,1.0,0.3333333333333333,0.0,0,0,0,29,-1,29,-1,1.0,3,0.3103448275862069,0.4482758620689655,0.034482758620689655,-1.0799999999999998,0.0,0.0,0.0,0.034482758620689655
stage1d_single_agent_carry_bootstrap,4,1,109908,1790,1,120,100,1,0,59.99599838256836,0.0,0.0,1.0,0.03333333333333333,0.0,0,0,0,1,-1,1,-1,1.0,0,0.0,0.0,0.0,0.0,0.0,0.0,0.0,1.0
stage1d_single_agent_carry_bootstrap,4,1,109916,1791,1,120,100,1,0,59.910465240478516,0.0,0.0,1.0,0.1,0.0,0,0,0,8,-1,8,-1,1.0,1,0.125,0.25,0.125,-0.2,0.0,0.0,0.0,0.125
stage1d_single_agent_carry_bootstrap,4,1,109930,1792,1,120,100,1,0,58.98176574707031,0.0,0.0,1.0,0.23333333333333334,0.0,0,0,0,14,-1,14,-1,1.0,1,0.5,0.5714285714285714,0.0,-0.64,0.0,0.0,0.0,0.07142857142857142
stage1d_single_agent_carry_bootstrap,4,1,109946,1793,1,120,100,1,0,58.31010055541992,0.0,0.0,1.0,0.2,0.0,0,0,0,16,-1,16,-1,1.0,1,0.5625,0.625,0.0625,-0.84,0.0,0.0,0.0,0.0625
stage1d_single_agent_carry_bootstrap,4,1,109972,1794,1,120,100,1,0,57.17985153198242,0.0,0.0,1.0,0.26666666666666666,0.0,0,0,0,26,-1,26,-1,1.0,4,0.38461538461538464,0.5769230769230769,0.0,-1.2,0.0,0.0,0.0,0.038461538461538464
stage1d_single_agent_carry_bootstrap,4,1,109977,1795,1,120,100,1,0,60.11067581176758,0.0,0.0,1.0,0.13333333333333333,0.0,0,0,0,5,-1,5,-1,1.0,0,0.0,0.0,0.0,0.0,0.0,0.0,0.0,0.2
stage1d_single_agent_carry_bootstrap,4,1,110007,1796,1,120,100,1,0,56.80099105834961,0.0,0.0,1.0,0.23333333333333334,0.0,0,0,0,30,-1,30,-1,1.0,3,0.23333333333333334,0.36666666666666664,0.0,-0.8799999999999999,0.0,0.0,0.0,0.03333333333333333
stage1d_single_agent_carry_bootstrap,4,1,110026,1797,1,120,100,1,0,58.69451904296875,0.0,0.0,1.0,0.3333333333333333,0.0,0,0,0,19,-1,19,-1,1.0,1,0.5263157894736842,0.5789473684210527,0.0,-0.8799999999999999,0.0,0.0,0.0,0.05263157894736842
stage1d_single_agent_carry_bootstrap,4,1,110052,1798,1,120,100,1,0,57.43778610229492,0.0,0.0,1.0,0.3333333333333333,0.0,0,0,0,26,-1,26,-1,1.0,3,0.2692307692307692,0.46153846153846156,0.0,-0.9599999999999999,0.0,0.0,0.0,0.038461538461538464
stage1d_single_agent_carry_bootstrap,4,1,110072,1799,1,120,100,1,0,57.854583740234375,0.0,0.0,1.0,0.13333333333333333,0.0,0,0,0,20,-1,20,-1,1.0,2,0.2,0.4,0.0,-0.64,0.0,0.0,0.0,0.05
stage1d_single_agent_carry_bootstrap,4,1,110096,1800,1,120,100,1,0,56.34921646118164,0.0,0.0,1.0,0.13333333333333333,0.0,0,0,0,24,-1,24,-1,1.0,2,0.20833333333333334,0.5,0.0,-0.9599999999999999,0.0,0.0,0.0,0.041666666666666664
stage1d_single_agent_carry_bootstrap,4,1,110114,1801,1,120,100,1,0,58.14808654785156,0.0,0.0,1.0,0.23333333333333334,0.0,0,0,0,18,-1,18,-1,1.0,2,0.2777777777777778,0.4444444444444444,0.0,-0.64,0.0,0.0,0.0,0.05555555555555555
stage1d_single_agent_carry_bootstrap,4,1,110132,1802,1,120,100,1,0,58.375797271728516,0.0,0.0,1.0,0.2,0.0,0,0,0,18,-1,18,-1,1.0,2,0.4444444444444444,0.5555555555555556,0.05555555555555555,-0.8399999999999999,0.0,0.0,0.0,0.05555555555555555
stage1d_single_agent_carry_bootstrap,4,1,110151,1803,1,120,100,1,0,57.91862106323242,0.0,0.0,1.0,0.16666666666666666,0.0,0,0,0,19,-1,19,-1,1.0,2,0.10526315789473684,0.3684210526315789,0.05263157894736842,-0.6,0.0,0.0,0.0,0.05263157894736842
stage1d_single_agent_carry_bootstrap,4,1,110167,1804,1,120,100,1,0,58.82295608520508,0.0,0.0,1.0,0.23333333333333334,0.0,0,0,0,16,-1,16,-1,1.0,2,0.25,0.375,0.0,-0.48000000000000004,0.0,0.0,0.0,0.0625
stage1d_single_agent_carry_bootstrap,4,1,110197,1805,1,120,100,1,0,56.0399284362793,0.0,0.0,1.0,0.3333333333333333,0.0,0,0,0,30,-1,30,-1,1.0,3,0.4,0.6,0.0,-1.4400000000000002,0.0,0.0,0.0,0.03333333333333333
stage1d_single_agent_carry_bootstrap,4,1,110209,1806,1,120,100,1,0,59.28620529174805,0.0,0.0,1.0,0.16666666666666666,0.0,0,0,0,12,-1,12,-1,1.0,1,0.3333333333333333,0.4166666666666667,0.0,-0.4,0.0,0.0,0.0,0.08333333333333333
stage1d_single_agent_carry_bootstrap,4,1,110235,1807,1,120,100,1,0,58.00585174560547,0.0,0.0,1.0,0.3333333333333333,0.0,0,0,0,26,-1,26,-1,1.0,3,0.3076923076923077,0.4230769230769231,0.0,-0.8799999999999999,0.0,0.0,0.0,0.038461538461538464
stage1d_single_agent_carry_bootstrap,4,1,110258,1808,1,120,100,1,0,57.43873977661133,0.0,0.0,1.0,0.2,0.0,0,0,0,23,-1,23,-1,1.0,2,0.08695652173913043,0.34782608695652173,0.0,-0.64,0.0,0.0,0.0,0.043478260869565216
stage1d_single_agent_carry_bootstrap,4,1,110274,1809,1,120,100,1,0,58.18375015258789,0.0,0.0,1.0,0.23333333333333334,0.0,0,0,0,16,-1,16,-1,1.0,2,0.3125,0.4375,0.0,-0.56,0.0,0.0,0.0,0.0625
stage1d_single_agent_carry_bootstrap,4,1,110296,1810,1,120,100,1,0,56.72362518310547,0.0,0.0,1.0,0.1,0.0,0,0,0,22,-1,22,-1,1.0,3,0.22727272727272727,0.5,0.0,-0.8799999999999999,0.0,0.0,0.0,0.045454545454545456
stage1d_single_agent_carry_bootstrap,4,1,110315,1811,1,120,100,1,0,58.96044158935547,0.0,0.0,1.0,0.3,0.0,0,0,0,19,-1,19,-1,1.0,2,0.3157894736842105,0.42105263157894735,0.0,-0.64,0.0,0.0,0.0,0.05263157894736842
stage1d_single_agent_carry_bootstrap,4,1,110338,1812,1,120,100,1,0,57.070796966552734,0.0,0.0,1.0,0.13333333333333333,0.0,0,0,0,23,-1,23,-1,1.0,3,0.2608695652173913,0.5217391304347826,0.043478260869565216,-0.9999999999999998,0.0,0.0,0.0,0.043478260869565216
stage1d_single_agent_carry_bootstrap,4,1,110360,1813,1,120,100,1,0,57.3994026184082,0.0,0.0,1.0,0.16666666666666666,0.0,0,0,0,22,-1,22,-1,1.0,2,0.18181818181818182,0.4090909090909091,0.0,-0.72,0.0,0.0,0.0,0.045454545454545456
stage1d_single_agent_carry_bootstrap,4,1,110372,1814,1,120,100,1,0,58.57422637939453,0.0,0.0,1.0,0.13333333333333333,0.0,0,0,0,12,-1,12,-1,1.0,1,0.5,0.5833333333333334,0.08333333333333333,-0.6000000000000001,0.0,0.0,0.0,0.08333333333333333
stage1d_single_agent_carry_bootstrap,4,1,110378,1815,1,120,100,1,0,60.14620590209961,0.0,0.0,1.0,0.1,0.0,0,0,0,6,-1,6,-1,1.0,0,0.0,0.0,0.0,0.0,0.0,0.0,0.0,0.16666666666666666
stage1d_single_agent_carry_bootstrap,4,1,110389,1816,1,120,100,1,0,58.92375564575195,0.0,0.0,1.0,0.16666666666666666,0.0,0,0,0,11,-1,11,-1,1.0,1,0.18181818181818182,0.36363636363636365,0.0,-0.32,0.0,0.0,0.0,0.09090909090909091
stage1d_single_agent_carry_bootstrap,4,1,110407,1817,1,120,100,1,0,58.06728744506836,0.0,0.0,1.0,0.13333333333333333,0.0,0,0,0,18,-1,18,-1,1.0,2,0.1111111111111111,0.3333333333333333,0.0,-0.48000000000000004,0.0,0.0,0.0,0.05555555555555555
stage1d_single_agent_carry_bootstrap,4,1,110434,1818,1,120,100,1,0,57.38639450073242,0.0,0.0,1.0,0.3,0.0,0,0,0,27,-1,27,-1,1.0,3,0.25925925925925924,0.4444444444444444,0.037037037037037035,-0.9999999999999998,0.0,0.0,0.0,0.037037037037037035
stage1d_single_agent_carry_bootstrap,4,1,110452,1819,1,120,100,1,0,58.304908752441406,0.0,0.0,1.0,0.23333333333333334,0.0,0,0,0,18,-1,18,-1,1.0,2,0.2222222222222222,0.3888888888888889,0.0,-0.56,0.0,0.0,0.0,0.05555555555555555
stage1d_single_agent_carry_bootstrap,4,1,110470,1820,1,120,100,1,0,58.40126037597656,0.0,0.0,1.0,0.3,0.0,0,0,0,18,-1,18,-1,1.0,2,0.3888888888888889,0.5,0.05555555555555555,-0.7599999999999999,0.0,0.0,0.0,0.05555555555555555
stage1d_single_agent_carry_bootstrap,4,1,110492,1821,1,120,100,1,0,57.60210418701172,0.0,0.0,1.0,0.23333333333333334,0.0,0,0,0,22,-1,22,-1,1.0,3,0.5,0.6363636363636364,0.0,-1.1199999999999999,0.0,0.0,0.0,0.045454545454545456
stage1d_single_agent_carry_bootstrap,4,1,110507,1822,1,120,100,1,0,58.6546516418457,0.0,0.0,1.0,0.2,0.0,0,0,0,15,-1,15,-1,1.0,2,0.3333333333333333,0.4666666666666667,0.0,-0.56,0.0,0.0,0.0,0.06666666666666667
stage1d_single_agent_carry_bootstrap,4,1,110528,1823,1,120,100,1,0,58.69546890258789,0.0,0.0,1.0,0.3333333333333333,0.0,0,0,0,21,-1,21,-1,1.0,2,0.42857142857142855,0.5238095238095238,0.0,-0.8799999999999999,0.0,0.0,0.0,0.047619047619047616
stage1d_single_agent_carry_bootstrap,4,1,110547,1824,1,120,100,1,0,58.36370849609375,0.0,0.0,1.0,0.16666666666666666,0.0,0,0,0,19,-1,19,-1,1.0,3,0.15789473684210525,0.3684210526315789,0.10526315789473684,-0.64,0.0,0.0,0.0,0.05263157894736842
stage1d_single_agent_carry_bootstrap,4,1,110563,1825,1,120,100,1,0,58.664859771728516,0.0,0.0,1.0,0.16666666666666666,0.0,0,0,0,16,-1,16,-1,1.0,1,0.0625,0.25,0.0,-0.32,0.0,0.0,0.0,0.0625
stage1d_single_agent_carry_bootstrap,4,1,110590,1826,1,120,100,1,0,57.19303894042969,0.0,0.0,1.0,0.26666666666666666,0.0,0,0,0,27,-1,27,-1,1.0,3,0.37037037037037035,0.5185185185185185,0.037037037037037035,-1.16,0.0,0.0,0.0,0.037037037037037035
stage1d_single_agent_carry_bootstrap,4,1,110604,1827,1,120,100,1,0,59.20429611206055,0.0,0.0,1.0,0.23333333333333334,0.0,0,0,0,14,-1,14,-1,1.0,1,0.2857142857142857,0.35714285714285715,0.14285714285714285,-0.48000000000000004,0.0,0.0,0.0,0.07142857142857142
stage1d_single_agent_carry_bootstrap,4,1,110622,1828,1,120,100,1,0,57.7132453918457,0.0,0.0,1.0,0.1,0.0,0,0,0,18,-1,18,-1,1.0,1,0.05555555555555555,0.2777777777777778,0.05555555555555555,-0.44000000000000006,0.0,0.0,0.0,0.05555555555555555
stage1d_single_agent_carry_bootstrap,4,1,110628,1829,1,120,100,1,0,60.162109375,0.0,0.0,1.0,0.13333333333333333,0.0,0,0,0,6,-1,6,-1,1.0,0,0.0,0.0,0.0,0.0,0.0,0.0,0.0,0.16666666666666666
stage1d_single_agent_carry_bootstrap,4,1,110655,1830,1,120,100,1,0,57.450233459472656,0.0,0.0,1.0,0.3,0.0,0,0,0,27,-1,27,-1,1.0,3,0.25925925925925924,0.4444444444444444,0.037037037037037035,-0.9999999999999998,0.0,0.0,0.0,0.037037037037037035
stage1d_single_agent_carry_bootstrap,4,1,110656,1831,1,120,100,1,0,59.99599838256836,0.0,0.0,1.0,0.03333333333333333,0.0,0,0,0,1,-1,1,-1,1.0,0,0.0,0.0,0.0,0.0,0.0,0.0,0.0,1.0
stage1d_single_agent_carry_bootstrap,4,1,110686,1832,1,120,100,1,0,57.342960357666016,0.0,0.0,1.0,0.36666666666666664,0.0,0,0,0,30,-1,30,-1,1.0,3,0.3333333333333333,0.4666666666666667,0.0,-1.1199999999999999,0.0,0.0,0.0,0.03333333333333333
stage1d_single_agent_carry_bootstrap,4,1,110710,1833,1,120,100,1,0,57.5689811706543,0.0,0.0,1.0,0.26666666666666666,0.0,0,0,0,24,-1,24,-1,1.0,3,0.4166666666666667,0.5833333333333334,0.0,-1.1199999999999999,0.0,0.0,0.0,0.041666666666666664
stage1d_single_agent_carry_bootstrap,4,1,110727,1834,1,120,100,1,0,58.74102020263672,0.0,0.0,1.0,0.23333333333333334,0.0,0,0,0,17,-1,17,-1,1.0,1,0.5294117647058824,0.5882352941176471,0.058823529411764705,-0.8399999999999999,0.0,0.0,0.0,0.058823529411764705
stage1d_single_agent_carry_bootstrap,4,1,110738,1835,1,120,100,1,0,58.635047912597656,0.0,0.0,1.0,0.1,0.0,0,0,0,11,-1,11,-1,1.0,1,0.09090909090909091,0.2727272727272727,0.0,-0.24,0.0,0.0,0.0,0.09090909090909091
stage1d_single_agent_carry_bootstrap,4,1,110741,1836,1,120,100,1,0,60.00810623168945,0.0,0.0,1.0,0.1,0.0,0,0,0,3,-1,3,-1,1.0,0,0.0,0.0,0.0,0.0,0.0,0.0,0.0,0.3333333333333333
stage1d_single_agent_carry_bootstrap,4,1,110745,1837,1,120,100,1,0,59.77630615234375,0.0,0.0,1.0,0.03333333333333333,0.0,0,0,0,4,-1,4,-1,1.0,1,0.25,0.5,0.25,-0.2,0.0,0.0,0.0,0.25
stage1d_single_agent_carry_bootstrap,4,1,110750,1838,1,120,100,1,0,60.104190826416016,0.0,0.0,1.0,0.1,0.0,0,0,0,5,-1,5,-1,1.0,0,0.0,0.0,0.0,0.0,0.0,0.0,0.0,0.2
stage1d_single_agent_carry_bootstrap,4,1,110757,1839,1,120,100,1,0,59.708988189697266,0.0,0.0,1.0,0.1,0.0,0,0,0,7,-1,7,-1,1.0,0,0.0,0.0,0.0,0.0,0.0,0.0,0.0,0.14285714285714285
stage1d_single_agent_carry_bootstrap,4,1,110767,1840,1,120,100,1,0,58.76411056518555,0.0,0.0,1.0,0.1,0.0,0,0,0,10,-1,10,-1,1.0,0,0.0,0.2,0.0,-0.16,0.0,0.0,0.0,0.1
stage1d_single_agent_carry_bootstrap,4,1,110798,1841,1,120,100,1,0,56.60323715209961,0.0,0.0,1.0,0.3,0.0,0,0,0,31,-1,31,-1,1.0,2,0.3870967741935484,0.5483870967741935,0.0,-1.36,0.0,0.0,0.0,0.03225806451612903
stage1d_single_agent_carry_bootstrap,4,1,110820,1842,1,120,100,1,0,57.665096282958984,0.0,0.0,1.0,0.13333333333333333,0.0,0,0,0,22,-1,22,-1,1.0,3,0.2727272727272727,0.45454545454545453,0.0,-0.7999999999999999,0.0,0.0,0.0,0.045454545454545456
stage1d_single_agent_carry_bootstrap,4,1,110826,1843,1,120,100,1,0,59.948150634765625,0.0,0.0,1.0,0.1,0.0,0,0,0,6,-1,6,-1,1.0,0,0.0,0.16666666666666666,0.16666666666666666,-0.12,0.0,0.0,0.0,0.16666666666666666
stage1d_single_agent_carry_bootstrap,4,1,110852,1844,1,120,100,1,0,57.4735221862793,0.0,0.0,1.0,0.26666666666666666,0.0,0,0,0,26,-1,26,-1,1.0,5,0.23076923076923078,0.46153846153846156,0.038461538461538464,-0.9999999999999998,0.0,0.0,0.0,0.038461538461538464
stage1d_single_agent_carry_bootstrap,4,1,110869,1845,1,120,100,1,0,58.37568283081055,0.0,0.0,1.0,0.2,0.0,0,0,0,17,-1,17,-1,1.0,2,0.4117647058823529,0.5294117647058824,0.058823529411764705,-0.7599999999999999,0.0,0.0,0.0,0.058823529411764705
stage1d_single_agent_carry_bootstrap,4,1,110874,1846,1,120,100,1,0,59.89707946777344,0.0,0.0,1.0,0.1,0.0,0,0,0,5,-1,5,-1,1.0,0,0.0,0.2,0.2,-0.12,0.0,0.0,0.0,0.2
stage1d_single_agent_carry_bootstrap,4,1,110896,1847,1,120,100,1,0,57.88249206542969,0.0,0.0,1.0,0.13333333333333333,0.0,0,0,0,22,-1,22,-1,1.0,2,0.36363636363636365,0.5,0.045454545454545456,-0.9199999999999999,0.0,0.0,0.0,0.045454545454545456
stage1d_single_agent_carry_bootstrap,4,1,110910,1848,1,120,100,1,0,58.48629379272461,0.0,0.0,1.0,0.16666666666666666,0.0,0,0,0,14,-1,14,-1,1.0,1,0.5,0.6428571428571429,0.0,-0.72,0.0,0.0,0.0,0.07142857142857142
stage1d_single_agent_carry_bootstrap,4,1,110930,1849,1,120,100,1,0,56.88291931152344,0.0,0.0,1.0,0.1,0.0,0,0,0,20,-1,20,-1,1.0,3,0.15,0.45,0.05,-0.7599999999999999,0.0,0.0,0.0,0.05
stage1d_single_agent_carry_bootstrap,4,1,110936,1850,1,120,100,1,0,60.16206741333008,0.0,0.0,1.0,0.13333333333333333,0.0,0,0,0,6,-1,6,-1,1.0,0,0.0,0.0,0.0,0.0,0.0,0.0,0.0,0.16666666666666666
stage1d_single_agent_carry_bootstrap,4,1,110958,1851,1,120,100,1,0,57.595359802246094,0.0,0.0,1.0,0.2,0.0,0,0,0,22,-1,22,-1,1.0,2,0.09090909090909091,0.36363636363636365,0.0,-0.64,0.0,0.0,0.0,0.045454545454545456
stage1d_single_agent_carry_bootstrap,4,1,110959,1852,1,120,100,1,0,59.99599838256836,0.0,0.0,1.0,0.03333333333333333,0.0,0,0,0,1,-1,1,-1,1.0,0,0.0,0.0,0.0,0.0,0.0,0.0,0.0,1.0
stage1d_single_agent_carry_bootstrap,4,1,110983,1853,1,120,100,1,0,57.486087799072266,0.0,0.0,1.0,0.23333333333333334,0.0,0,0,0,24,-1,24,-1,1.0,3,0.3333333333333333,0.5,0.041666666666666664,-0.9999999999999998,0.0,0.0,0.0,0.041666666666666664
stage1d_single_agent_carry_bootstrap,4,1,111009,1854,1,120,100,1,0,58.00254821777344,0.0,0.0,1.0,0.26666666666666666,0.0,0,0,0,26,-1,26,-1,1.0,2,0.23076923076923078,0.38461538461538464,0.0,-0.7999999999999999,0.0,0.0,0.0,0.038461538461538464
stage1d_single_agent_carry_bootstrap,4,1,111037,1855,1,120,100,1,0,56.99773406982422,0.0,0.0,1.0,0.26666666666666666,0.0,0,0,0,28,-1,28,-1,1.0,4,0.21428571428571427,0.42857142857142855,0.0,-0.9599999999999999,0.0,0.0,0.0,0.03571428571428571
stage1d_single_agent_carry_bootstrap,4,1,111046,1856,1,120,100,1,0,60.20881652832031,0.0,0.0,1.0,0.13333333333333333,0.0,0,0,0,9,-1,9,-1,1.0,0,0.0,0.0,0.0,0.0,0.0,0.0,0.0,0.1111111111111111
stage1d_single_agent_carry_bootstrap,4,1,111078,1857,1,120,100,1,0,56.12553405761719,0.0,0.0,1.0,0.3,0.0,0,0,0,32,-1,32,-1,1.0,2,0.375,0.53125,0.03125,-1.4000000000000001,0.0,0.0,0.0,0.03125
stage1d_single_agent_carry_bootstrap,4,1,111094,1858,1,120,100,1,0,59.29210662841797,0.0,0.0,1.0,0.2,0.0,0,0,0,16,-1,16,-1,1.0,1,0.1875,0.25,0.0625,-0.36000000000000004,0.0,0.0,0.0,0.0625
stage1d_single_agent_carry_bootstrap,4,1,111097,1859,1,120,100,1,0,60.01557922363281,0.0,0.0,1.0,0.03333333333333333,0.0,0,0,0,3,-1,3,-1,1.0,0,0.0,0.0,0.0,0.0,0.0,0.0,0.0,0.3333333333333333
stage1d_single_agent_carry_bootstrap,4,1,111121,1860,1,120,100,1,0,56.92467498779297,0.0,0.0,1.0,0.23333333333333334,0.0,0,0,0,24,-1,24,-1,1.0,3,0.16666666666666666,0.4166666666666667,0.0,-0.7999999999999999,0.0,0.0,0.0,0.041666666666666664
stage1d_single_agent_carry_bootstrap,4,1,111146,1861,1,120,100,1,0,56.69929122924805,0.0,0.0,1.0,0.13333333333333333,0.0,0,0,0,25,-1,25,-1,1.0,2,0.08,0.36,0.0,-0.72,0.0,0.0,0.0,0.04
stage1d_single_agent_carry_bootstrap,4,1,111165,1862,1,120,100,1,0,58.13233947753906,0.0,0.0,1.0,0.16666666666666666,0.0,0,0,0,19,-1,19,-1,1.0,2,0.10526315789473684,0.3157894736842105,0.0,-0.48000000000000004,0.0,0.0,0.0,0.05263157894736842
stage1d_single_agent_carry_bootstrap,4,1,111169,1863,1,120,100,1,0,60.044769287109375,0.0,0.0,1.0,0.1,0.0,0,0,0,4,-1,4,-1,1.0,0,0.0,0.0,0.0,0.0,0.0,0.0,0.0,0.25
stage1d_single_agent_carry_bootstrap,4,1,111188,1864,1,120,100,1,0,58.23344802856445,0.0,0.0,1.0,0.2,0.0,0,0,0,19,-1,19,-1,1.0,2,0.2631578947368421,0.42105263157894735,0.05263157894736842,-0.6799999999999999,0.0,0.0,0.0,0.05263157894736842
stage1d_single_agent_carry_bootstrap,4,1,111219,1865,1,120,100,1,0,57.375938415527344,0.0,0.0,1.0,0.36666666666666664,0.0,0,0,0,31,-1,31,-1,1.0,2,0.3225806451612903,0.45161290322580644,0.0,-1.1199999999999999,0.0,0.0,0.0,0.03225806451612903
stage1d_single_agent_carry_bootstrap,4,1,111223,1866,1,120,100,1,0,59.88233947753906,0.0,0.0,1.0,0.06666666666666667,0.0,0,0,0,4,-1,4,-1,1.0,0,0.0,0.25,0.25,-0.12,0.0,0.0,0.0,0.25
stage1d_single_agent_carry_bootstrap,4,1,111236,1867,1,120,100,1,0,58.26368713378906,0.0,0.0,1.0,0.1,0.0,0,0,0,13,-1,13,-1,1.0,2,0.23076923076923078,0.46153846153846156,0.07692307692307693,-0.52,0.0,0.0,0.0,0.07692307692307693
stage1d_single_agent_carry_bootstrap,4,1,111251,1868,1,120,100,1,0,57.96449279785156,0.0,0.0,1.0,0.1,0.0,0,0,0,15,-1,15,-1,1.0,2,0.13333333333333333,0.4,0.0,-0.48000000000000004,0.0,0.0,0.0,0.06666666666666667
stage1d_single_agent_carry_bootstrap,4,1,111272,1869,1,120,100,1,0,57.9909782409668,0.0,0.0,1.0,0.26666666666666666,0.0,0,0,0,21,-1,21,-1,1.0,2,0.2857142857142857,0.47619047619047616,0.0,-0.7999999999999999,0.0,0.0,0.0,0.047619047619047616
stage1d_single_agent_carry_bootstrap,4,1,111294,1870,1,120,100,1,0,58.025657653808594,0.0,0.0,1.0,0.36666666666666664,0.0,0,0,0,22,-1,22,-1,1.0,1,0.5909090909090909,0.6363636363636364,0.0,-1.1199999999999999,0.0,0.0,0.0,0.045454545454545456
stage1d_single_agent_carry_bootstrap,4,1,111316,1871,1,120,100,1,0,57.35102081298828,0.0,0.0,1.0,0.2,0.0,0,0,0,22,-1,22,-1,1.0,3,0.13636363636363635,0.4090909090909091,0.0,-0.72,0.0,0.0,0.0,0.045454545454545456
stage1d_single_agent_carry_bootstrap,4,1,111329,1872,1,120,100,1,0,59.89302444458008,0.0,0.0,1.0,0.23333333333333334,0.0,0,0,0,13,-1,13,-1,1.0,1,0.15384615384615385,0.23076923076923078,0.0,-0.24,0.0,0.0,0.0,0.07692307692307693
stage1d_single_agent_carry_bootstrap,4,1,111343,1873,1,120,100,1,0,58.276763916015625,0.0,0.0,1.0,0.13333333333333333,0.0,0,0,0,14,-1,14,-1,1.0,0,0.0,0.21428571428571427,0.0,-0.24,0.0,0.0,0.0,0.07142857142857142
stage1d_single_agent_carry_bootstrap,4,1,111346,1874,1,120,100,1,0,60.02064895629883,0.0,0.0,1.0,0.03333333333333333,0.0,0,0,0,3,-1,3,-1,1.0,0,0.0,0.0,0.0,0.0,0.0,0.0,0.0,0.3333333333333333
stage1d_single_agent_carry_bootstrap,4,1,111366,1875,1,120,100,1,0,58.47121047973633,0.0,0.0,1.0,0.3,0.0,0,0,0,20,-1,20,-1,1.0,1,0.6,0.65,0.05,-1.0799999999999998,0.0,0.0,0.0,0.05
stage1d_single_agent_carry_bootstrap,4,1,111383,1876,1,120,100,1,0,58.84252166748047,0.0,0.0,1.0,0.16666666666666666,0.0,0,0,0,17,-1,17,-1,1.0,3,0.17647058823529413,0.35294117647058826,0.058823529411764705,-0.52,0.0,0.0,0.0,0.058823529411764705
stage1d_single_agent_carry_bootstrap,4,1,111397,1877,1,120,100,1,0,58.99660110473633,0.0,0.0,1.0,0.2,0.0,0,0,0,14,-1,14,-1,1.0,1,0.14285714285714285,0.21428571428571427,0.0,-0.24,0.0,0.0,0.0,0.07142857142857142
stage1d_single_agent_carry_bootstrap,4,1,111419,1878,1,120,100,1,0,57.854244232177734,0.0,0.0,1.0,0.23333333333333334,0.0,0,0,0,22,-1,22,-1,1.0,1,0.4090909090909091,0.5454545454545454,0.0,-0.9599999999999999,0.0,0.0,0.0,0.045454545454545456
stage1d_single_agent_carry_bootstrap,4,1,111440,1879,1,120,100,1,0,57.77885437011719,0.0,0.0,1.0,0.2,0.0,0,0,0,21,-1,21,-1,1.0,2,0.23809523809523808,0.42857142857142855,0.0,-0.72,0.0,0.0,0.0,0.047619047619047616
stage1d_single_agent_carry_bootstrap,4,1,111445,1880,1,120,100,1,0,60.05064392089844,0.0,0.0,1.0,0.1,0.0,0,0,0,5,-1,5,-1,1.0,0,0.0,0.0,0.0,0.0,0.0,0.0,0.0,0.2
stage1d_single_agent_carry_bootstrap,4,1,111464,1881,1,120,100,1,0,58.22257614135742,0.0,0.0,1.0,0.2,0.0,0,0,0,19,-1,19,-1,1.0,2,0.21052631578947367,0.42105263157894735,0.0,-0.64,0.0,0.0,0.0,0.05263157894736842
stage1d_single_agent_carry_bootstrap,4,1,111471,1882,1,120,100,1,0,59.9650764465332,0.0,0.0,1.0,0.1,0.0,0,0,0,7,-1,7,-1,1.0,0,0.0,0.14285714285714285,0.14285714285714285,-0.12,0.0,0.0,0.0,0.14285714285714285
stage1d_single_agent_carry_bootstrap,4,1,111499,1883,1,120,100,1,0,57.649574279785156,0.0,0.0,1.0,0.3,0.0,0,0,0,28,-1,28,-1,1.0,4,0.21428571428571427,0.35714285714285715,0.0,-0.7999999999999999,0.0,0.0,0.0,0.03571428571428571
stage1d_single_agent_carry_bootstrap,4,1,111513,1884,1,120,100,1,0,59.26323318481445,0.0,0.0,1.0,0.16666666666666666,0.0,0,0,0,14,-1,14,-1,1.0,1,0.21428571428571427,0.35714285714285715,0.07142857142857142,-0.44000000000000006,0.0,0.0,0.0,0.07142857142857142
stage1d_single_agent_carry_bootstrap,4,1,111539,1885,1,120,100,1,0,57.124420166015625,0.0,0.0,1.0,0.3,0.0,0,0,0,26,-1,26,-1,1.0,3,0.4230769230769231,0.5769230769230769,0.0,-1.2,0.0,0.0,0.0,0.038461538461538464
stage1d_single_agent_carry_bootstrap,4,1,111554,1886,1,120,100,1,0,56.61445617675781,0.0,0.0,1.0,0.03333333333333333,0.0,0,0,0,15,-1,15,-1,1.0,1,0.06666666666666667,0.4666666666666667,0.0,-0.56,0.0,0.0,0.0,0.06666666666666667
stage1d_single_agent_carry_bootstrap,4,1,111559,1887,1,120,100,1,0,60.09620666503906,0.0,0.0,1.0,0.1,0.0,0,0,0,5,-1,5,-1,1.0,0,0.0,0.0,0.0,0.0,0.0,0.0,0.0,0.2
stage1d_single_agent_carry_bootstrap,4,1,111566,1888,1,120,100,1,0,60.125732421875,0.0,0.0,1.0,0.13333333333333333,0.0,0,0,0,7,-1,7,-1,1.0,0,0.0,0.0,0.0,0.0,0.0,0.0,0.0,0.14285714285714285
stage1d_single_agent_carry_bootstrap,4,1,111575,1889,1,120,100,1,0,59.930992126464844,0.0,0.0,1.0,0.13333333333333333,0.0,0,0,0,9,-1,9,-1,1.0,1,0.1111111111111111,0.2222222222222222,0.1111111111111111,-0.2,0.0,0.0,0.0,0.1111111111111111
stage1d_single_agent_carry_bootstrap,4,1,111585,1890,1,120,100,1,0,59.050743103027344,0.0,0.0,1.0,0.13333333333333333,0.0,0,0,0,10,-1,10,-1,1.0,1,0.1,0.2,0.0,-0.16,0.0,0.0,0.0,0.1
stage1d_single_agent_carry_bootstrap,4,1,111616,1891,1,120,100,1,0,57.18199920654297,0.0,0.0,1.0,0.3333333333333333,0.0,0,0,0,31,-1,31,-1,1.0,3,0.22580645161290322,0.3870967741935484,0.0,-0.9599999999999999,0.0,0.0,0.0,0.03225806451612903
stage1d_single_agent_carry_bootstrap,4,1,111637,1892,1,120,100,1,0,57.75616455078125,0.0,0.0,1.0,0.16666666666666666,0.0,0,0,0,21,-1,21,-1,1.0,2,0.2857142857142857,0.42857142857142855,0.047619047619047616,-0.7599999999999999,0.0,0.0,0.0,0.047619047619047616
stage1d_single_agent_carry_bootstrap,4,1,111648,1893,1,120,100,1,0,59.15351486206055,0.0,0.0,1.0,0.16666666666666666,0.0,0,0,0,11,-1,11,-1,1.0,2,0.18181818181818182,0.45454545454545453,0.09090909090909091,-0.44000000000000006,0.0,0.0,0.0,0.09090909090909091
stage1d_single_agent_carry_bootstrap,4,1,111664,1894,1,120,100,1,0,58.205604553222656,0.0,0.0,1.0,0.16666666666666666,0.0,0,0,0,16,-1,16,-1,1.0,2,0.25,0.4375,0.0625,-0.6,0.0,0.0,0.0,0.0625
stage1d_single_agent_carry_bootstrap,4,1,111667,1895,1,120,100,1,0,59.86924743652344,0.0,0.0,1.0,0.06666666666666667,0.0,0,0,0,3,-1,3,-1,1.0,0,0.0,0.3333333333333333,0.3333333333333333,-0.12,0.0,0.0,0.0,0.3333333333333333
stage1d_single_agent_carry_bootstrap,4,1,111690,1896,1,120,100,1,0,57.61595153808594,0.0,0.0,1.0,0.23333333333333334,0.0,0,0,0,23,-1,23,-1,1.0,3,0.2608695652173913,0.4782608695652174,0.0,-0.8799999999999999,0.0,0.0,0.0,0.043478260869565216
stage1d_single_agent_carry_bootstrap,4,1,111713,1897,1,120,100,1,0,58.032649993896484,0.0,0.0,1.0,0.3,0.0,0,0,0,23,-1,23,-1,1.0,2,0.30434782608695654,0.391304347826087,0.0,-0.72,0.0,0.0,0.0,0.043478260869565216
stage1d_single_agent_carry_bootstrap,4,1,111740,1898,1,120,100,1,0,58.09018325805664,0.0,0.0,1.0,0.3333333333333333,0.0,0,0,0,27,-1,27,-1,1.0,3,0.25925925925925924,0.37037037037037035,0.0,-0.7999999999999999,0.0,0.0,0.0,0.037037037037037035
stage1d_single_agent_carry_bootstrap,4,1,111754,1899,1,120,100,1,0,59.089839935302734,0.0,0.0,1.0,0.2,0.0,0,0,0,14,-1,14,-1,1.0,1,0.07142857142857142,0.21428571428571427,0.0,-0.24,0.0,0.0,0.0,0.07142857142857142
stage1d_single_agent_carry_bootstrap,4,1,111785,1900,1,120,100,1,0,56.714176177978516,0.0,0.0,1.0,0.3,0.0,0,0,0,31,-1,31,-1,1.0,4,0.1935483870967742,0.3548387096774194,0.0,-0.8799999999999999,0.0,0.0,0.0,0.03225806451612903
stage1d_single_agent_carry_bootstrap,4,1,111804,1901,1,120,100,1,0,58.69292068481445,0.0,0.0,1.0,0.36666666666666664,0.0,0,0,0,19,-1,19,-1,1.0,1,0.5263157894736842,0.5789473684210527,0.0,-0.8799999999999999,0.0,0.0,0.0,0.05263157894736842
stage1d_single_agent_carry_bootstrap,4,1,111820,1902,1,120,100,1,0,58.6605339050293,0.0,0.0,1.0,0.16666666666666666,0.0,0,0,0,16,-1,16,-1,1.0,1,0.0625,0.25,0.0,-0.32,0.0,0.0,0.0,0.0625
stage1d_single_agent_carry_bootstrap,4,1,111833,1903,1,120,100,1,0,59.25169372558594,0.0,0.0,1.0,0.23333333333333334,0.0,0,0,0,13,-1,13,-1,1.0,1,0.3076923076923077,0.38461538461538464,0.0,-0.4,0.0,0.0,0.0,0.07692307692307693
stage1d_single_agent_carry_bootstrap,4,1,111852,1904,1,120,100,1,0,57.662071228027344,0.0,0.0,1.0,0.16666666666666666,0.0,0,0,0,19,-1,19,-1,1.0,2,0.10526315789473684,0.3157894736842105,0.0,-0.48000000000000004,0.0,0.0,0.0,0.05263157894736842
stage1d_single_agent_carry_bootstrap,4,1,111872,1905,1,120,100,1,0,58.408260345458984,0.0,0.0,1.0,0.23333333333333334,0.0,0,0,0,20,-1,20,-1,1.0,2,0.3,0.45,0.05,-0.7599999999999999,0.0,0.0,0.0,0.05
stage1d_single_agent_carry_bootstrap,4,1,111893,1906,1,120,100,1,0,57.626708984375,0.0,0.0,1.0,0.13333333333333333,0.0,0,0,0,21,-1,21,-1,1.0,2,0.23809523809523808,0.47619047619047616,0.0,-0.7999999999999999,0.0,0.0,0.0,0.047619047619047616
stage1d_single_agent_carry_bootstrap,4,1,111914,1907,1,120,100,1,0,58.7579231262207,0.0,0.0,1.0,0.3333333333333333,0.0,0,0,0,21,-1,21,-1,1.0,2,0.38095238095238093,0.47619047619047616,0.047619047619047616,-0.8399999999999999,0.0,0.0,0.0,0.047619047619047616
stage1d_single_agent_carry_bootstrap,4,1,111941,1908,1,120,100,1,0,56.28607177734375,0.0,0.0,1.0,0.2,0.0,0,0,0,27,-1,27,-1,1.0,4,0.14814814814814814,0.4444444444444444,0.037037037037037035,-0.9999999999999998,0.0,0.0,0.0,0.037037037037037035
stage1d_single_agent_carry_bootstrap,4,1,111969,1909,1,120,100,1,0,57.606388092041016,0.0,0.0,1.0,0.3,0.0,0,0,0,28,-1,28,-1,1.0,2,0.25,0.39285714285714285,0.0,-0.8799999999999999,0.0,0.0,0.0,0.03571428571428571
stage1d_single_agent_carry_bootstrap,4,1,111999,1910,1,120,100,1,0,57.48106384277344,0.0,0.0,1.0,0.36666666666666664,0.0,0,0,0,30,-1,30,-1,1.0,4,0.3,0.43333333333333335,0.0,-1.0399999999999998,0.0,0.0,0.0,0.03333333333333333
stage1d_single_agent_carry_bootstrap,4,1,112015,1911,1,120,100,1,0,58.91439437866211,0.0,0.0,1.0,0.2,0.0,0,0,0,16,-1,16,-1,1.0,2,0.125,0.3125,0.0625,-0.44000000000000006,0.0,0.0,0.0,0.0625
stage1d_single_agent_carry_bootstrap,4,1,112040,1912,1,120,100,1,0,57.57201385498047,0.0,0.0,1.0,0.26666666666666666,0.0,0,0,0,25,-1,25,-1,1.0,4,0.24,0.44,0.04,-0.9199999999999998,0.0,0.0,0.0,0.04
stage1d_single_agent_carry_bootstrap,4,1,112056,1913,1,120,100,1,0,58.33018493652344,0.0,0.0,1.0,0.23333333333333334,0.0,0,0,0,16,-1,16,-1,1.0,2,0.5,0.625,0.0,-0.7999999999999999,0.0,0.0,0.0,0.0625
stage1d_single_agent_carry_bootstrap,4,1,112098,1914,1,120,100,1,0,55.43706130981445,0.0,0.0,1.0,0.4,0.0,0,0,0,42,-1,42,-1,1.0,5,0.35714285714285715,0.5238095238095238,0.023809523809523808,-1.8000000000000005,0.0,0.0,0.0,0.023809523809523808
stage1d_single_agent_carry_bootstrap,4,1,112118,1915,1,120,100,1,0,57.5975341796875,0.0,0.0,1.0,0.2,0.0,0,0,0,20,-1,20,-1,1.0,3,0.3,0.5,0.0,-0.7999999999999999,0.0,0.0,0.0,0.05
stage1d_single_agent_carry_bootstrap,4,1,112144,1916,1,120,100,1,0,56.72132873535156,0.0,0.0,1.0,0.23333333333333334,0.0,0,0,0,26,-1,26,-1,1.0,2,0.19230769230769232,0.46153846153846156,0.0,-0.9599999999999999,0.0,0.0,0.0,0.038461538461538464
stage1d_single_agent_carry_bootstrap,4,1,112168,1917,1,120,100,1,0,57.56532669067383,0.0,0.0,1.0,0.23333333333333334,0.0,0,0,0,24,-1,24,-1,1.0,3,0.3333333333333333,0.5,0.0,-0.9599999999999999,0.0,0.0,0.0,0.041666666666666664
stage1d_single_agent_carry_bootstrap,4,1,112169,1918,1,120,100,1,0,59.99599838256836,0.0,0.0,1.0,0.03333333333333333,0.0,0,0,0,1,-1,1,-1,1.0,0,0.0,0.0,0.0,0.0,0.0,0.0,0.0,1.0
stage1d_single_agent_carry_bootstrap,4,1,112194,1919,1,120,100,1,0,57.34703063964844,0.0,0.0,1.0,0.2,0.0,0,0,0,25,-1,25,-1,1.0,3,0.16,0.36,0.0,-0.72,0.0,0.0,0.0,0.04
stage1d_single_agent_carry_bootstrap,4,1,112204,1920,1,120,100,1,0,60.154109954833984,0.0,0.0,1.0,0.16666666666666666,0.0,0,0,0,10,-1,10,-1,1.0,0,0.0,0.1,0.0,-0.08,0.0,0.0,0.0,0.1
stage1d_single_agent_carry_bootstrap,4,1,112224,1921,1,120,100,1,0,57.67274856567383,0.0,0.0,1.0,0.13333333333333333,0.0,0,0,0,20,-1,20,-1,1.0,2,0.25,0.45,0.05,-0.7599999999999999,0.0,0.0,0.0,0.05
stage1d_single_agent_carry_bootstrap,4,1,112247,1922,1,120,100,1,0,57.92595291137695,0.0,0.0,1.0,0.3,0.0,0,0,0,23,-1,23,-1,1.0,3,0.30434782608695654,0.4782608695652174,0.0,-0.8799999999999999,0.0,0.0,0.0,0.043478260869565216
stage1d_single_agent_carry_bootstrap,4,1,112250,1923,1,120,100,1,0,60.021034240722656,0.0,0.0,1.0,0.06666666666666667,0.0,0,0,0,3,-1,3,-1,1.0,0,0.0,0.0,0.0,0.0,0.0,0.0,0.0,0.3333333333333333
stage1d_single_agent_carry_bootstrap,4,1,112254,1924,1,120,100,1,0,60.037418365478516,0.0,0.0,1.0,0.06666666666666667,0.0,0,0,0,4,-1,4,-1,1.0,0,0.0,0.0,0.0,0.0,0.0,0.0,0.0,0.25
stage1d_single_agent_carry_bootstrap,4,1,112277,1925,1,120,100,1,0,57.3835334777832,0.0,0.0,1.0,0.16666666666666666,0.0,0,0,0,23,-1,23,-1,1.0,3,0.13043478260869565,0.391304347826087,0.0,-0.72,0.0,0.0,0.0,0.043478260869565216
stage1d_single_agent_carry_bootstrap,4,1,112281,1926,1,120,100,1,0,60.0321159362793,0.0,0.0,1.0,0.1,0.0,0,0,0,4,-1,4,-1,1.0,0,0.0,0.0,0.0,0.0,0.0,0.0,0.0,0.25
stage1d_single_agent_carry_bootstrap,4,1,112299,1927,1,120,100,1,0,58.601905822753906,0.0,0.0,1.0,0.26666666666666666,0.0,0,0,0,18,-1,18,-1,1.0,2,0.2777777777777778,0.4444444444444444,0.0,-0.64,0.0,0.0,0.0,0.05555555555555555
stage1d_single_agent_carry_bootstrap,4,1,112301,1928,1,120,100,1,0,60.002586364746094,0.0,0.0,1.0,0.06666666666666667,0.0,0,0,0,2,-1,2,-1,1.0,0,0.0,0.0,0.0,0.0,0.0,0.0,0.0,0.5
stage1d_single_agent_carry_bootstrap,4,1,112325,1929,1,120,100,1,0,56.812110900878906,0.0,0.0,1.0,0.23333333333333334,0.0,0,0,0,24,-1,24,-1,1.0,3,0.20833333333333334,0.4583333333333333,0.041666666666666664,-0.9199999999999998,0.0,0.0,0.0,0.041666666666666664
stage1d_single_agent_carry_bootstrap,4,1,112337,1930,1,120,100,1,0,59.732845306396484,0.0,0.0,1.0,0.16666666666666666,0.0,0,0,0,12,-1,12,-1,1.0,1,0.08333333333333333,0.16666666666666666,0.0,-0.16,0.0,0.0,0.0,0.08333333333333333
stage1d_single_agent_carry_bootstrap,4,1,112347,1931,1,120,100,1,0,59.35943603515625,0.0,0.0,1.0,0.13333333333333333,0.0,0,0,0,10,-1,10,-1,1.0,1,0.2,0.3,0.1,-0.28,0.0,0.0,0.0,0.1
stage1d_single_agent_carry_bootstrap,4,1,112363,1932,1,120,100,1,0,58.19371795654297,0.0,0.0,1.0,0.16666666666666666,0.0,0,0,0,16,-1,16,-1,1.0,1,0.25,0.4375,0.0,-0.56,0.0,0.0,0.0,0.0625
stage1d_single_agent_carry_bootstrap,4,1,112382,1933,1,120,100,1,0,57.40093994140625,0.0,0.0,1.0,0.16666666666666666,0.0,0,0,0,19,-1,19,-1,1.0,3,0.42105263157894735,0.5789473684210527,0.05263157894736842,-0.9199999999999998,0.0,0.0,0.0,0.05263157894736842
stage1d_single_agent_carry_bootstrap,4,1,112408,1934,1,120,100,1,0,57.19611358642578,0.0,0.0,1.0,0.16666666666666666,0.0,0,0,0,26,-1,26,-1,1.0,3,0.19230769230769232,0.4230769230769231,0.038461538461538464,-0.9199999999999998,0.0,0.0,0.0,0.038461538461538464
stage1d_single_agent_carry_bootstrap,4,1,112435,1935,1,120,100,1,0,56.948699951171875,0.0,0.0,1.0,0.3,0.0,0,0,0,27,-1,27,-1,1.0,4,0.25925925925925924,0.48148148148148145,0.037037037037037035,-1.0799999999999998,0.0,0.0,0.0,0.037037037037037035
stage1d_single_agent_carry_bootstrap,4,1,112441,1936,1,120,100,1,0,60.14815902709961,0.0,0.0,1.0,0.13333333333333333,0.0,0,0,0,6,-1,6,-1,1.0,0,0.0,0.0,0.0,0.0,0.0,0.0,0.0,0.16666666666666666
stage1d_single_agent_carry_bootstrap,4,1,112466,1937,1,120,100,1,0,57.58256530761719,0.0,0.0,1.0,0.2,0.0,0,0,0,25,-1,25,-1,1.0,3,0.2,0.4,0.04,-0.8399999999999999,0.0,0.0,0.0,0.04
stage1d_single_agent_carry_bootstrap,4,1,112472,1938,1,120,100,1,0,60.15793991088867,0.0,0.0,1.0,0.1,0.0,0,0,0,6,-1,6,-1,1.0,0,0.0,0.0,0.0,0.0,0.0,0.0,0.0,0.16666666666666666
stage1d_single_agent_carry_bootstrap,4,1,112476,1939,1,120,100,1,0,60.06062316894531,0.0,0.0,1.0,0.06666666666666667,0.0,0,0,0,4,-1,4,-1,1.0,0,0.0,0.0,0.0,0.0,0.0,0.0,0.0,0.25
stage1d_single_agent_carry_bootstrap,4,1,112502,1940,1,120,100,1,0,57.746192932128906,0.0,0.0,1.0,0.26666666666666666,0.0,0,0,0,26,-1,26,-1,1.0,4,0.19230769230769232,0.38461538461538464,0.0,-0.7999999999999999,0.0,0.0,0.0,0.038461538461538464
stage1d_single_agent_carry_bootstrap,4,1,112524,1941,1,120,100,1,0,57.354827880859375,0.0,0.0,1.0,0.2,0.0,0,0,0,22,-1,22,-1,1.0,3,0.13636363636363635,0.4090909090909091,0.0,-0.72,0.0,0.0,0.0,0.045454545454545456
stage1d_single_agent_carry_bootstrap,4,1,112540,1942,1,120,100,1,0,58.47370147705078,0.0,0.0,1.0,0.16666666666666666,0.0,0,0,0,16,-1,16,-1,1.0,2,0.1875,0.375,0.0,-0.48000000000000004,0.0,0.0,0.0,0.0625
stage1d_single_agent_carry_bootstrap,4,1,112556,1943,1,120,100,1,0,58.453182220458984,0.0,0.0,1.0,0.2,0.0,0,0,0,16,-1,16,-1,1.0,2,0.1875,0.375,0.0,-0.48000000000000004,0.0,0.0,0.0,0.0625
stage1d_single_agent_carry_bootstrap,4,1,112588,1944,1,120,100,1,0,57.24396514892578,0.0,0.0,1.0,0.3333333333333333,0.0,0,0,0,32,-1,32,-1,1.0,5,0.25,0.4375,0.03125,-1.16,0.0,0.0,0.0,0.03125
stage1d_single_agent_carry_bootstrap,4,1,112611,1945,1,120,100,1,0,56.899383544921875,0.0,0.0,1.0,0.13333333333333333,0.0,0,0,0,23,-1,23,-1,1.0,3,0.13043478260869565,0.43478260869565216,0.0,-0.7999999999999999,0.0,0.0,0.0,0.043478260869565216
stage1d_single_agent_carry_bootstrap,4,1,112628,1946,1,120,100,1,0,57.42755889892578,0.0,0.0,1.0,0.1,0.0,0,0,0,17,-1,17,-1,1.0,1,0.11764705882352941,0.4117647058823529,0.0,-0.56,0.0,0.0,0.0,0.058823529411764705
stage1d_single_agent_carry_bootstrap,4,1,112653,1947,1,120,100,1,0,57.266273498535156,0.0,0.0,1.0,0.26666666666666666,0.0,0,0,0,25,-1,25,-1,1.0,2,0.16,0.4,0.0,-0.7999999999999999,0.0,0.0,0.0,0.04
stage1d_single_agent_carry_bootstrap,4,1,112655,1948,1,120,100,1,0,60.00217819213867,0.0,0.0,1.0,0.03333333333333333,0.0,0,0,0,2,-1,2,-1,1.0,0,0.0,0.0,0.0,0.0,0.0,0.0,0.0,0.5
stage1d_single_agent_carry_bootstrap,4,1,112680,1949,1,120,100,1,0,57.83771514892578,0.0,0.0,1.0,0.23333333333333334,0.0,0,0,0,25,-1,25,-1,1.0,3,0.2,0.36,0.0,-0.72,0.0,0.0,0.0,0.04
stage1d_single_agent_carry_bootstrap,4,1,112705,1950,1,120,100,1,0,58.18260955810547,0.0,0.0,1.0,0.3333333333333333,0.0,0,0,0,25,-1,25,-1,1.0,2,0.2,0.36,0.0,-0.72,0.0,0.0,0.0,0.04
stage1d_single_agent_carry_bootstrap,4,1,112722,1951,1,120,100,1,0,58.32759475708008,0.0,0.0,1.0,0.23333333333333334,0.0,0,0,0,17,-1,17,-1,1.0,2,0.23529411764705882,0.4117647058823529,0.0,-0.56,0.0,0.0,0.0,0.058823529411764705
stage1d_single_agent_carry_bootstrap,4,1,112724,1952,1,120,100,1,0,60.00276184082031,0.0,0.0,1.0,0.06666666666666667,0.0,0,0,0,2,-1,2,-1,1.0,0,0.0,0.0,0.0,0.0,0.0,0.0,0.0,0.5
stage1d_single_agent_carry_bootstrap,4,1,112729,1953,1,120,100,1,0,60.112213134765625,0.0,0.0,1.0,0.1,0.0,0,0,0,5,-1,5,-1,1.0,0,0.0,0.0,0.0,0.0,0.0,0.0,0.0,0.2
stage1d_single_agent_carry_bootstrap,4,1,112757,1954,1,120,100,1,0,57.74546813964844,0.0,0.0,1.0,0.36666666666666664,0.0,0,0,0,28,-1,28,-1,1.0,3,0.32142857142857145,0.4642857142857143,0.0,-1.0399999999999998,0.0,0.0,0.0,0.03571428571428571
stage1d_single_agent_carry_bootstrap,4,1,112801,1955,1,120,100,1,0,56.33766174316406,0.0,0.0,1.0,0.5,0.0,0,0,0,44,-1,44,-1,1.0,3,0.36363636363636365,0.4772727272727273,0.022727272727272728,-1.7200000000000004,0.0,0.0,0.0,0.022727272727272728
stage1d_single_agent_carry_bootstrap,4,1,112817,1956,1,120,100,1,0,58.661376953125,0.0,0.0,1.0,0.16666666666666666,0.0,0,0,0,16,-1,16,-1,1.0,2,0.3125,0.4375,0.0,-0.56,0.0,0.0,0.0,0.0625
stage1d_single_agent_carry_bootstrap,4,1,112826,1957,1,120,100,1,0,59.5994873046875,0.0,0.0,1.0,0.13333333333333333,0.0,0,0,0,9,-1,9,-1,1.0,0,0.0,0.1111111111111111,0.0,-0.08,0.0,0.0,0.0,0.1111111111111111
stage1d_single_agent_carry_bootstrap,4,1,112840,1958,1,120,100,1,0,58.358978271484375,0.0,0.0,1.0,0.13333333333333333,0.0,0,0,0,14,-1,14,-1,1.0,2,0.21428571428571427,0.42857142857142855,0.0,-0.48000000000000004,0.0,0.0,0.0,0.07142857142857142
stage1d_single_agent_carry_bootstrap,4,1,112863,1959,1,120,100,1,0,58.12620162963867,0.0,0.0,1.0,0.23333333333333334,0.0,0,0,0,23,-1,23,-1,1.0,3,0.2608695652173913,0.391304347826087,0.0,-0.72,0.0,0.0,0.0,0.043478260869565216
stage1d_single_agent_carry_bootstrap,4,1,112872,1960,1,120,100,1,0,59.56340408325195,0.0,0.0,1.0,0.1,0.0,0,0,0,9,-1,9,-1,1.0,1,0.1111111111111111,0.2222222222222222,0.0,-0.16,0.0,0.0,0.0,0.1111111111111111
stage1d_single_agent_carry_bootstrap,4,1,112891,1961,1,120,100,1,0,58.539066314697266,0.0,0.0,1.0,0.26666666666666666,0.0,0,0,0,19,-1,19,-1,1.0,1,0.2631578947368421,0.42105263157894735,0.0,-0.64,0.0,0.0,0.0,0.05263157894736842
stage1d_single_agent_carry_bootstrap,4,1,112914,1962,1,120,100,1,0,57.55152893066406,0.0,0.0,1.0,0.3333333333333333,0.0,0,0,0,23,-1,23,-1,1.0,2,0.34782608695652173,0.4782608695652174,0.0,-0.8799999999999999,0.0,0.0,0.0,0.043478260869565216
stage1d_single_agent_carry_bootstrap,4,1,112945,1963,1,120,100,1,0,57.289920806884766,0.0,0.0,1.0,0.3333333333333333,0.0,0,0,0,31,-1,31,-1,1.0,3,0.3548387096774194,0.4838709677419355,0.0,-1.2,0.0,0.0,0.0,0.03225806451612903
stage1d_single_agent_carry_bootstrap,4,1,112967,1964,1,120,100,1,0,57.87186813354492,0.0,0.0,1.0,0.26666666666666666,0.0,0,0,0,22,-1,22,-1,1.0,3,0.36363636363636365,0.5,0.0,-0.8799999999999999,0.0,0.0,0.0,0.045454545454545456
stage1d_single_agent_carry_bootstrap,4,1,112970,1965,1,120,100,1,0,60.00185012817383,0.0,0.0,1.0,0.06666666666666667,0.0,0,0,0,3,-1,3,-1,1.0,0,0.0,0.0,0.0,0.0,0.0,0.0,0.0,0.3333333333333333
stage1d_single_agent_carry_bootstrap,4,1,112990,1966,1,120,100,1,0,57.09363555908203,0.0,0.0,1.0,0.16666666666666666,0.0,0,0,0,20,-1,20,-1,1.0,1,0.05,0.35,0.0,-0.56,0.0,0.0,0.0,0.05
stage1d_single_agent_carry_bootstrap,4,1,113008,1967,1,120,100,1,0,58.65912628173828,0.0,0.0,1.0,0.26666666666666666,0.0,0,0,0,18,-1,18,-1,1.0,2,0.2777777777777778,0.3888888888888889,0.0,-0.56,0.0,0.0,0.0,0.05555555555555555
stage1d_single_agent_carry_bootstrap,4,1,113022,1968,1,120,100,1,0,58.66048812866211,0.0,0.0,1.0,0.13333333333333333,0.0,0,0,0,14,-1,14,-1,1.0,1,0.21428571428571427,0.42857142857142855,0.07142857142857142,-0.52,0.0,0.0,0.0,0.07142857142857142
stage1d_single_agent_carry_bootstrap,4,1,113044,1969,1,120,100,1,0,58.108646392822266,0.0,0.0,1.0,0.26666666666666666,0.0,0,0,0,22,-1,22,-1,1.0,4,0.22727272727272727,0.4090909090909091,0.0,-0.72,0.0,0.0,0.0,0.045454545454545456
stage1d_single_agent_carry_bootstrap,4,1,113046,1970,1,120,100,1,0,60.00297546386719,0.0,0.0,1.0,0.06666666666666667,0.0,0,0,0,2,-1,2,-1,1.0,0,0.0,0.0,0.0,0.0,0.0,0.0,0.0,0.5
stage1d_single_agent_carry_bootstrap,4,1,113057,1971,1,120,100,1,0,58.464935302734375,0.0,0.0,1.0,0.06666666666666667,0.0,0,0,0,11,-1,11,-1,1.0,2,0.18181818181818182,0.36363636363636365,0.0,-0.32,0.0,0.0,0.0,0.09090909090909091
stage1d_single_agent_carry_bootstrap,4,1,113075,1972,1,120,100,1,0,58.26853561401367,0.0,0.0,1.0,0.3,0.0,0,0,0,18,-1,18,-1,1.0,1,0.5555555555555556,0.6111111111111112,0.0,-0.8799999999999999,0.0,0.0,0.0,0.05555555555555555
stage1d_single_agent_carry_bootstrap,4,1,113078,1973,1,120,100,1,0,60.01799392700195,0.0,0.0,1.0,0.03333333333333333,0.0,0,0,0,3,-1,3,-1,1.0,0,0.0,0.0,0.0,0.0,0.0,0.0,0.0,0.3333333333333333
stage1d_single_agent_carry_bootstrap,4,1,113099,1974,1,120,100,1,0,57.80753707885742,0.0,0.0,1.0,0.16666666666666666,0.0,0,0,0,21,-1,21,-1,1.0,3,0.19047619047619047,0.42857142857142855,0.0,-0.72,0.0,0.0,0.0,0.047619047619047616
stage1d_single_agent_carry_bootstrap,4,1,113125,1975,1,120,100,1,0,57.06184768676758,0.0,0.0,1.0,0.3,0.0,0,0,0,26,-1,26,-1,1.0,3,0.2692307692307692,0.46153846153846156,0.0,-0.9599999999999999,0.0,0.0,0.0,0.038461538461538464
stage1d_single_agent_carry_bootstrap,4,1,113137,1976,1,120,100,1,0,59.293670654296875,0.0,0.0,1.0,0.16666666666666666,0.0,0,0,0,12,-1,12,-1,1.0,1,0.3333333333333333,0.4166666666666667,0.0,-0.4,0.0,0.0,0.0,0.08333333333333333
stage1d_single_agent_carry_bootstrap,4,1,113147,1977,1,120,100,1,0,58.79129409790039,0.0,0.0,1.0,0.1,0.0,0,0,0,10,-1,10,-1,1.0,1,0.3,0.5,0.0,-0.4,0.0,0.0,0.0,0.1
stage1d_single_agent_carry_bootstrap,4,1,113150,1978,1,120,100,1,0,60.01606750488281,0.0,0.0,1.0,0.06666666666666667,0.0,0,0,0,3,-1,3,-1,1.0,0,0.0,0.0,0.0,0.0,0.0,0.0,0.0,0.3333333333333333
stage1d_single_agent_carry_bootstrap,4,1,113169,1979,1,120,100,1,0,57.99895477294922,0.0,0.0,1.0,0.2,0.0,0,0,0,19,-1,19,-1,1.0,2,0.15789473684210525,0.3684210526315789,0.0,-0.56,0.0,0.0,0.0,0.05263157894736842
stage1d_single_agent_carry_bootstrap,4,1,113190,1980,1,120,100,1,0,58.024410247802734,0.0,0.0,1.0,0.26666666666666666,0.0,0,0,0,21,-1,21,-1,1.0,3,0.3333333333333333,0.47619047619047616,0.0,-0.7999999999999999,0.0,0.0,0.0,0.047619047619047616
stage1d_single_agent_carry_bootstrap,4,1,113198,1981,1,120,100,1,0,60.10127639770508,0.0,0.0,1.0,0.13333333333333333,0.0,0,0,0,8,-1,8,-1,1.0,0,0.0,0.125,0.0,-0.08,0.0,0.0,0.0,0.125
stage1d_single_agent_carry_bootstrap,4,1,113230,1982,1,120,100,1,0,57.10111618041992,0.0,0.0,1.0,0.43333333333333335,0.0,0,0,0,32,-1,32,-1,1.0,3,0.34375,0.46875,0.0,-1.2,0.0,0.0,0.0,0.03125
stage1d_single_agent_carry_bootstrap,4,1,113236,1983,1,120,100,1,0,60.159507751464844,0.0,0.0,1.0,0.13333333333333333,0.0,0,0,0,6,-1,6,-1,1.0,0,0.0,0.0,0.0,0.0,0.0,0.0,0.0,0.16666666666666666
stage1d_single_agent_carry_bootstrap,4,1,113241,1984,1,120,100,1,0,59.532283782958984,0.0,0.0,1.0,0.06666666666666667,0.0,0,0,0,5,-1,5,-1,1.0,0,0.0,0.2,0.0,-0.08,0.0,0.0,0.0,0.2
stage1d_single_agent_carry_bootstrap,4,1,113261,1985,1,120,100,1,0,58.11284255981445,0.0,0.0,1.0,0.2,0.0,0,0,0,20,-1,20,-1,1.0,3,0.3,0.45,0.0,-0.72,0.0,0.0,0.0,0.05
stage1d_single_agent_carry_bootstrap,4,1,113266,1986,1,120,100,1,0,60.11247634887695,0.0,0.0,1.0,0.1,0.0,0,0,0,5,-1,5,-1,1.0,0,0.0,0.0,0.0,0.0,0.0,0.0,0.0,0.2
stage1d_single_agent_carry_bootstrap,4,1,113274,1987,1,120,100,1,0,59.55079650878906,0.0,0.0,1.0,0.13333333333333333,0.0,0,0,0,8,-1,8,-1,1.0,0,0.0,0.125,0.0,-0.08,0.0,0.0,0.0,0.125
stage1d_single_agent_carry_bootstrap,4,1,113292,1988,1,120,100,1,0,57.66667175292969,0.0,0.0,1.0,0.13333333333333333,0.0,0,0,0,18,-1,18,-1,1.0,1,0.05555555555555555,0.3333333333333333,0.0,-0.48000000000000004,0.0,0.0,0.0,0.05555555555555555
stage1d_single_agent_carry_bootstrap,4,1,113311,1989,1,120,100,1,0,57.972694396972656,0.0,0.0,1.0,0.2,0.0,0,0,0,19,-1,19,-1,1.0,2,0.15789473684210525,0.3684210526315789,0.0,-0.56,0.0,0.0,0.0,0.05263157894736842
stage1d_single_agent_carry_bootstrap,4,1,113335,1990,1,120,100,1,0,58.343658447265625,0.0,0.0,1.0,0.4,0.0,0,0,0,24,-1,24,-1,1.0,1,0.5833333333333334,0.625,0.0,-1.2,0.0,0.0,0.0,0.041666666666666664
stage1d_single_agent_carry_bootstrap,4,1,113359,1991,1,120,100,1,0,57.441123962402344,0.0,0.0,1.0,0.26666666666666666,0.0,0,0,0,24,-1,24,-1,1.0,3,0.2916666666666667,0.5,0.041666666666666664,-0.9999999999999998,0.0,0.0,0.0,0.041666666666666664
stage1d_single_agent_carry_bootstrap,4,1,113381,1992,1,120,100,1,0,57.70528793334961,0.0,0.0,1.0,0.2,0.0,0,0,0,22,-1,22,-1,1.0,2,0.22727272727272727,0.45454545454545453,0.0,-0.7999999999999999,0.0,0.0,0.0,0.045454545454545456
stage1d_single_agent_carry_bootstrap,4,1,113400,1993,1,120,100,1,0,57.287353515625,0.0,0.0,1.0,0.13333333333333333,0.0,0,0,0,19,-1,19,-1,1.0,2,0.15789473684210525,0.42105263157894735,0.0,-0.64,0.0,0.0,0.0,0.05263157894736842
stage1d_single_agent_carry_bootstrap,4,1,113416,1994,1,120,100,1,0,58.94749069213867,0.0,0.0,1.0,0.23333333333333334,0.0,0,0,0,16,-1,16,-1,1.0,1,0.4375,0.5,0.0625,-0.6799999999999999,0.0,0.0,0.0,0.0625
stage1d_single_agent_carry_bootstrap,4,1,113420,1995,1,120,100,1,0,60.05363082885742,0.0,0.0,1.0,0.1,0.0,0,0,0,4,-1,4,-1,1.0,0,0.0,0.0,0.0,0.0,0.0,0.0,0.0,0.25
stage1d_single_agent_carry_bootstrap,4,1,113431,1996,1,120,100,1,0,59.5600471496582,0.0,0.0,1.0,0.13333333333333333,0.0,0,0,0,11,-1,11,-1,1.0,1,0.18181818181818182,0.2727272727272727,0.0,-0.24,0.0,0.0,0.0,0.09090909090909091
stage1d_single_agent_carry_bootstrap,4,1,113439,1997,1,120,100,1,0,60.047725677490234,0.0,0.0,1.0,0.13333333333333333,0.0,0,0,0,8,-1,8,-1,1.0,0,0.0,0.125,0.0,-0.08,0.0,0.0,0.0,0.125
stage1d_single_agent_carry_bootstrap,4,1,113457,1998,1,120,100,1,0,58.07813262939453,0.0,0.0,1.0,0.16666666666666666,0.0,0,0,0,18,-1,18,-1,1.0,2,0.1111111111111111,0.3333333333333333,0.0,-0.48000000000000004,0.0,0.0,0.0,0.05555555555555555
stage1d_single_agent_carry_bootstrap,4,1,113465,1999,1,120,100,1,0,60.0619010925293,0.0,0.0,1.0,0.2,0.0,0,0,0,8,-1,8,-1,1.0,0,0.0,0.125,0.0,-0.08,0.0,0.0,0.0,0.125
stage1d_single_agent_carry_bootstrap,4,1,113467,2000,1,120,100,1,0,60.00153350830078,0.0,0.0,1.0,0.06666666666666667,0.0,0,0,0,2,-1,2,-1,1.0,0,0.0,0.0,0.0,0.0,0.0,0.0,0.0,0.5
stage1d_single_agent_carry_bootstrap,4,1,113492,2001,1,120,100,1,0,57.48958969116211,0.0,0.0,1.0,0.3333333333333333,0.0,0,0,0,25,-1,25,-1,1.0,3,0.28,0.44,0.0,-0.8799999999999999,0.0,0.0,0.0,0.04
stage1d_single_agent_carry_bootstrap,4,1,113512,2002,1,120,100,1,0,58.25910949707031,0.0,0.0,1.0,0.26666666666666666,0.0,0,0,0,20,-1,20,-1,1.0,3,0.2,0.35,0.0,-0.56,0.0,0.0,0.0,0.05
stage1d_single_agent_carry_bootstrap,4,1,113523,2003,1,120,100,1,0,58.446861267089844,0.0,0.0,1.0,0.1,0.0,0,0,0,11,-1,11,-1,1.0,1,0.09090909090909091,0.36363636363636365,0.09090909090909091,-0.36000000000000004,0.0,0.0,0.0,0.09090909090909091
stage1d_single_agent_carry_bootstrap,4,1,113529,2004,1,120,100,1,0,60.09166717529297,0.0,0.0,1.0,0.13333333333333333,0.0,0,0,0,6,-1,6,-1,1.0,0,0.0,0.0,0.0,0.0,0.0,0.0,0.0,0.16666666666666666
stage1d_single_agent_carry_bootstrap,4,1,113534,2005,1,120,100,1,0,60.10743713378906,0.0,0.0,1.0,0.1,0.0,0,0,0,5,-1,5,-1,1.0,0,0.0,0.0,0.0,0.0,0.0,0.0,0.0,0.2
stage1d_single_agent_carry_bootstrap,4,1,113549,2006,1,120,100,1,0,59.32033920288086,0.0,0.0,1.0,0.23333333333333334,0.0,0,0,0,15,-1,15,-1,1.0,2,0.2,0.3333333333333333,0.0,-0.4,0.0,0.0,0.0,0.06666666666666667
stage1d_single_agent_carry_bootstrap,4,1,113573,2007,1,120,100,1,0,58.127906799316406,0.0,0.0,1.0,0.26666666666666666,0.0,0,0,0,24,-1,24,-1,1.0,3,0.20833333333333334,0.375,0.0,-0.72,0.0,0.0,0.0,0.041666666666666664
stage1d_single_agent_carry_bootstrap,4,1,113600,2008,1,120,100,1,0,57.980186462402344,0.0,0.0,1.0,0.3333333333333333,0.0,0,0,0,27,-1,27,-1,1.0,4,0.25925925925925924,0.4074074074074074,0.0,-0.8799999999999999,0.0,0.0,0.0,0.037037037037037035
stage1d_single_agent_carry_bootstrap,4,1,113621,2009,1,120,100,1,0,57.668540954589844,0.0,0.0,1.0,0.16666666666666666,0.0,0,0,0,21,-1,21,-1,1.0,3,0.2857142857142857,0.47619047619047616,0.0,-0.7999999999999999,0.0,0.0,0.0,0.047619047619047616
stage1d_single_agent_carry_bootstrap,4,1,113648,2010,1,120,100,1,0,58.051509857177734,0.0,0.0,1.0,0.3,0.0,0,0,0,27,-1,27,-1,1.0,3,0.2222222222222222,0.37037037037037035,0.037037037037037035,-0.8399999999999999,0.0,0.0,0.0,0.037037037037037035
stage1d_single_agent_carry_bootstrap,4,1,113666,2011,1,120,100,1,0,58.26845169067383,0.0,0.0,1.0,0.2,0.0,0,0,0,18,-1,18,-1,1.0,2,0.2777777777777778,0.4444444444444444,0.0,-0.64,0.0,0.0,0.0,0.05555555555555555
stage1d_single_agent_carry_bootstrap,4,1,113692,2012,1,120,100,1,0,57.00395584106445,0.0,0.0,1.0,0.26666666666666666,0.0,0,0,0,26,-1,26,-1,1.0,3,0.3076923076923077,0.5,0.0,-1.0399999999999998,0.0,0.0,0.0,0.038461538461538464
stage1d_single_agent_carry_bootstrap,4,1,113718,2013,1,120,100,1,0,58.53567886352539,0.0,0.0,1.0,0.4,0.0,0,0,0,26,-1,26,-1,1.0,2,0.23076923076923078,0.34615384615384615,0.038461538461538464,-0.7599999999999999,0.0,0.0,0.0,0.038461538461538464
stage1d_single_agent_carry_bootstrap,4,1,113723,2014,1,120,100,1,0,60.104549407958984,0.0,0.0,1.0,0.1,0.0,0,0,0,5,-1,5,-1,1.0,0,0.0,0.0,0.0,0.0,0.0,0.0,0.0,0.2
stage1d_single_agent_carry_bootstrap,4,1,113726,2015,1,120,100,1,0,60.011722564697266,0.0,0.0,1.0,0.03333333333333333,0.0,0,0,0,3,-1,3,-1,1.0,0,0.0,0.0,0.0,0.0,0.0,0.0,0.0,0.3333333333333333
stage1d_single_agent_carry_bootstrap,4,1,113730,2016,1,120,100,1,0,60.05968475341797,0.0,0.0,1.0,0.06666666666666667,0.0,0,0,0,4,-1,4,-1,1.0,0,0.0,0.0,0.0,0.0,0.0,0.0,0.0,0.25
stage1d_single_agent_carry_bootstrap,4,1,113740,2017,1,120,100,1,0,59.2755126953125,0.0,0.0,1.0,0.16666666666666666,0.0,0,0,0,10,-1,10,-1,1.0,2,0.2,0.4,0.0,-0.32,0.0,0.0,0.0,0.1
stage1d_single_agent_carry_bootstrap,4,1,113744,2018,1,120,100,1,0,60.04851531982422,0.0,0.0,1.0,0.1,0.0,0,0,0,4,-1,4,-1,1.0,0,0.0,0.0,0.0,0.0,0.0,0.0,0.0,0.25
stage1d_single_agent_carry_bootstrap,4,1,113769,2019,1,120,100,1,0,57.466129302978516,0.0,0.0,1.0,0.3333333333333333,0.0,0,0,0,25,-1,25,-1,1.0,2,0.28,0.44,0.0,-0.8799999999999999,0.0,0.0,0.0,0.04
stage1d_single_agent_carry_bootstrap,4,1,113786,2020,1,120,100,1,0,58.5129508972168,0.0,0.0,1.0,0.23333333333333334,0.0,0,0,0,17,-1,17,-1,1.0,2,0.29411764705882354,0.47058823529411764,0.0,-0.64,0.0,0.0,0.0,0.058823529411764705
stage1d_single_agent_carry_bootstrap,4,1,113788,2021,1,120,100,1,0,60.00082778930664,0.0,0.0,1.0,0.06666666666666667,0.0,0,0,0,2,-1,2,-1,1.0,0,0.0,0.0,0.0,0.0,0.0,0.0,0.0,0.5
stage1d_single_agent_carry_bootstrap,4,1,113813,2022,1,120,100,1,0,57.60908126831055,0.0,0.0,1.0,0.26666666666666666,0.0,0,0,0,25,-1,25,-1,1.0,2,0.28,0.4,0.0,-0.7999999999999999,0.0,0.0,0.0,0.04
stage1d_single_agent_carry_bootstrap,4,1,113821,2023,1,120,100,1,0,60.066558837890625,0.0,0.0,1.0,0.13333333333333333,0.0,0,0,0,8,-1,8,-1,1.0,0,0.0,0.125,0.0,-0.08,0.0,0.0,0.0,0.125
stage1d_single_agent_carry_bootstrap,4,1,113849,2024,1,120,100,1,0,57.918006896972656,0.0,0.0,1.0,0.36666666666666664,0.0,0,0,0,28,-1,28,-1,1.0,3,0.32142857142857145,0.42857142857142855,0.03571428571428571,-0.9999999999999998,0.0,0.0,0.0,0.03571428571428571
stage1d_single_agent_carry_bootstrap,4,1,113863,2025,1,120,100,1,0,59.1300048828125,0.0,0.0,1.0,0.23333333333333334,0.0,0,0,0,14,-1,14,-1,1.0,1,0.2857142857142857,0.42857142857142855,0.0,-0.48000000000000004,0.0,0.0,0.0,0.07142857142857142
stage1d_single_agent_carry_bootstrap,4,1,113886,2026,1,120,100,1,0,57.09246063232422,0.0,0.0,1.0,0.16666666666666666,0.0,0,0,0,23,-1,23,-1,1.0,3,0.2608695652173913,0.4782608695652174,0.043478260869565216,-0.9199999999999998,0.0,0.0,0.0,0.043478260869565216
stage1d_single_agent_carry_bootstrap,4,1,113918,2027,1,120,100,1,0,57.33650588989258,0.0,0.0,1.0,0.36666666666666664,0.0,0,0,0,32,-1,32,-1,1.0,4,0.28125,0.40625,0.0,-1.0399999999999998,0.0,0.0,0.0,0.03125
stage1d_single_agent_carry_bootstrap,4,1,113945,2028,1,120,100,1,0,57.6383171081543,0.0,0.0,1.0,0.3333333333333333,0.0,0,0,0,27,-1,27,-1,1.0,3,0.2222222222222222,0.4074074074074074,0.0,-0.8799999999999999,0.0,0.0,0.0,0.037037037037037035
stage1d_single_agent_carry_bootstrap,4,1,113950,2029,1,120,100,1,0,59.79441833496094,0.0,0.0,1.0,0.06666666666666667,0.0,0,0,0,5,-1,5,-1,1.0,1,0.2,0.4,0.2,-0.2,0.0,0.0,0.0,0.2
stage1d_single_agent_carry_bootstrap,4,1,113976,2030,1,120,100,1,0,56.94406509399414,0.0,0.0,1.0,0.16666666666666666,0.0,0,0,0,26,-1,26,-1,1.0,2,0.19230769230769232,0.38461538461538464,0.0,-0.7999999999999999,0.0,0.0,0.0,0.038461538461538464
stage1d_single_agent_carry_bootstrap,4,1,114000,2031,1,120,100,1,0,57.620853424072266,0.0,0.0,1.0,0.3,0.0,0,0,0,24,-1,24,-1,1.0,4,0.25,0.4583333333333333,0.0,-0.8799999999999999,0.0,0.0,0.0,0.041666666666666664
stage1d_single_agent_carry_bootstrap,4,1,114024,2032,1,120,100,1,0,57.74510955810547,0.0,0.0,1.0,0.23333333333333334,0.0,0,0,0,24,-1,24,-1,1.0,2,0.20833333333333334,0.375,0.0,-0.72,0.0,0.0,0.0,0.041666666666666664
stage1d_single_agent_carry_bootstrap,4,1,114042,2033,1,120,100,1,0,58.126739501953125,0.0,0.0,1.0,0.2,0.0,0,0,0,18,-1,18,-1,1.0,1,0.2777777777777778,0.4444444444444444,0.05555555555555555,-0.68,0.0,0.0,0.0,0.05555555555555555
stage1d_single_agent_carry_bootstrap,4,1,114088,2034,1,120,100,1,0,55.17700958251953,0.0,0.0,1.0,0.4,0.0,0,0,0,46,-1,46,-1,1.0,6,0.3695652173913043,0.5434782608695652,0.021739130434782608,-2.0400000000000005,0.0,0.0,0.0,0.021739130434782608
stage1d_single_agent_carry_bootstrap,4,1,114104,2035,1,120,100,1,0,58.44740295410156,0.0,0.0,1.0,0.2,0.0,0,0,0,16,-1,16,-1,1.0,2,0.1875,0.375,0.0,-0.48000000000000004,0.0,0.0,0.0,0.0625
stage1d_single_agent_carry_bootstrap,4,1,114107,2036,1,120,100,1,0,60.021305084228516,0.0,0.0,1.0,0.06666666666666667,0.0,0,0,0,3,-1,3,-1,1.0,0,0.0,0.0,0.0,0.0,0.0,0.0,0.0,0.3333333333333333
stage1d_single_agent_carry_bootstrap,4,1,114123,2037,1,120,100,1,0,58.86116409301758,0.0,0.0,1.0,0.23333333333333334,0.0,0,0,0,16,-1,16,-1,1.0,2,0.25,0.375,0.0,-0.48000000000000004,0.0,0.0,0.0,0.0625
stage1d_single_agent_carry_bootstrap,4,1,114146,2038,1,120,100,1,0,58.122982025146484,0.0,0.0,1.0,0.3,0.0,0,0,0,23,-1,23,-1,1.0,2,0.21739130434782608,0.391304347826087,0.0,-0.72,0.0,0.0,0.0,0.043478260869565216
stage1d_single_agent_carry_bootstrap,4,1,114164,2039,1,120,100,1,0,58.358299255371094,0.0,0.0,1.0,0.16666666666666666,0.0,0,0,0,18,-1,18,-1,1.0,2,0.2222222222222222,0.3888888888888889,0.05555555555555555,-0.6,0.0,0.0,0.0,0.05555555555555555
stage1d_single_agent_carry_bootstrap,4,1,114181,2040,1,120,100,1,0,58.26772689819336,0.0,0.0,1.0,0.26666666666666666,0.0,0,0,0,17,-1,17,-1,1.0,1,0.5294117647058824,0.6470588235294118,0.0,-0.8799999999999999,0.0,0.0,0.0,0.058823529411764705
stage1d_single_agent_carry_bootstrap,4,1,114201,2041,1,120,100,1,0,58.18998336791992,0.0,0.0,1.0,0.3333333333333333,0.0,0,0,0,20,-1,20,-1,1.0,2,0.2,0.35,0.0,-0.56,0.0,0.0,0.0,0.05
stage1d_single_agent_carry_bootstrap,4,1,114213,2042,1,120,100,1,0,59.92869567871094,0.0,0.0,1.0,0.23333333333333334,0.0,0,0,0,12,-1,12,-1,1.0,1,0.16666666666666666,0.25,0.0,-0.24,0.0,0.0,0.0,0.08333333333333333
stage1d_single_agent_carry_bootstrap,4,1,114219,2043,1,120,100,1,0,59.97867202758789,0.0,0.0,1.0,0.1,0.0,0,0,0,6,-1,6,-1,1.0,0,0.0,0.16666666666666666,0.0,-0.08,0.0,0.0,0.0,0.16666666666666666
stage1d_single_agent_carry_bootstrap,4,1,114237,2044,1,120,100,1,0,58.743709564208984,0.0,0.0,1.0,0.26666666666666666,0.0,0,0,0,18,-1,18,-1,1.0,2,0.2777777777777778,0.3888888888888889,0.0,-0.56,0.0,0.0,0.0,0.05555555555555555
stage1d_single_agent_carry_bootstrap,4,1,114251,2045,1,120,100,1,0,59.35891342163086,0.0,0.0,1.0,0.23333333333333334,0.0,0,0,0,14,-1,14,-1,1.0,1,0.2857142857142857,0.35714285714285715,0.0,-0.4,0.0,0.0,0.0,0.07142857142857142
stage1d_single_agent_carry_bootstrap,4,1,114267,2046,1,120,100,1,0,58.3599853515625,0.0,0.0,1.0,0.2,0.0,0,0,0,16,-1,16,-1,1.0,2,0.1875,0.375,0.0,-0.48000000000000004,0.0,0.0,0.0,0.0625
stage1d_single_agent_carry_bootstrap,4,1,114287,2047,1,120,100,1,0,58.27595901489258,0.0,0.0,1.0,0.2,0.0,0,0,0,20,-1,20,-1,1.0,3,0.2,0.4,0.0,-0.64,0.0,0.0,0.0,0.05
stage1d_single_agent_carry_bootstrap,4,1,114292,2048,1,120,100,1,0,59.650089263916016,0.0,0.0,1.0,0.06666666666666667,0.0,0,0,0,5,-1,5,-1,1.0,0,0.0,0.0,0.0,0.0,0.0,0.0,0.0,0.2
stage1d_single_agent_carry_bootstrap,4,1,114334,2049,1,120,100,1,0,56.21372985839844,0.0,0.0,1.0,0.4,0.0,0,0,0,42,-1,42,-1,1.0,4,0.38095238095238093,0.5238095238095238,0.023809523809523808,-1.8000000000000005,0.0,0.0,0.0,0.023809523809523808
stage1d_single_agent_carry_bootstrap,4,1,114354,2050,1,120,100,1,0,57.75920867919922,0.0,0.0,1.0,0.2,0.0,0,0,0,20,-1,20,-1,1.0,3,0.25,0.45,0.0,-0.72,0.0,0.0,0.0,0.05
stage1d_single_agent_carry_bootstrap,4,1,114369,2051,1,120,100,1,0,58.22126388549805,0.0,0.0,1.0,0.2,0.0,0,0,0,15,-1,15,-1,1.0,3,0.26666666666666666,0.4666666666666667,0.0,-0.56,0.0,0.0,0.0,0.06666666666666667
stage1d_single_agent_carry_bootstrap,4,1,114387,2052,1,120,100,1,0,58.47735595703125,0.0,0.0,1.0,0.26666666666666666,0.0,0,0,0,18,-1,18,-1,1.0,2,0.3888888888888889,0.5,0.0,-0.72,0.0,0.0,0.0,0.05555555555555555
stage1d_single_agent_carry_bootstrap,4,1,114391,2053,1,120,100,1,0,60.0348014831543,0.0,0.0,1.0,0.06666666666666667,0.0,0,0,0,4,-1,4,-1,1.0,0,0.0,0.0,0.0,0.0,0.0,0.0,0.0,0.25
stage1d_single_agent_carry_bootstrap,4,1,114392,2054,1,120,100,1,0,59.99599838256836,0.0,0.0,1.0,0.03333333333333333,0.0,0,0,0,1,-1,1,-1,1.0,0,0.0,0.0,0.0,0.0,0.0,0.0,0.0,1.0
stage1d_single_agent_carry_bootstrap,4,1,114417,2055,1,120,100,1,0,57.60113525390625,0.0,0.0,1.0,0.23333333333333334,0.0,0,0,0,25,-1,25,-1,1.0,4,0.28,0.44,0.04,-0.9199999999999998,0.0,0.0,0.0,0.04
stage1d_single_agent_carry_bootstrap,4,1,114435,2056,1,120,100,1,0,57.81840133666992,0.0,0.0,1.0,0.16666666666666666,0.0,0,0,0,18,-1,18,-1,1.0,2,0.2777777777777778,0.4444444444444444,0.0,-0.64,0.0,0.0,0.0,0.05555555555555555
stage1d_single_agent_carry_bootstrap,4,1,114453,2057,1,120,100,1,0,58.6607551574707,0.0,0.0,1.0,0.26666666666666666,0.0,0,0,0,18,-1,18,-1,1.0,2,0.3333333333333333,0.4444444444444444,0.0,-0.64,0.0,0.0,0.0,0.05555555555555555
stage1d_single_agent_carry_bootstrap,4,1,114482,2058,1,120,100,1,0,56.680110931396484,0.0,0.0,1.0,0.3,0.0,0,0,0,29,-1,29,-1,1.0,2,0.2413793103448276,0.41379310344827586,0.0,-0.9599999999999999,0.0,0.0,0.0,0.034482758620689655
stage1d_single_agent_carry_bootstrap,4,1,114497,2059,1,120,100,1,0,58.73350524902344,0.0,0.0,1.0,0.16666666666666666,0.0,0,0,0,15,-1,15,-1,1.0,2,0.26666666666666666,0.4,0.06666666666666667,-0.52,0.0,0.0,0.0,0.06666666666666667
stage1d_single_agent_carry_bootstrap,4,1,114517,2060,1,120,100,1,0,57.23818588256836,0.0,0.0,1.0,0.13333333333333333,0.0,0,0,0,20,-1,20,-1,1.0,2,0.15,0.45,0.1,-0.7999999999999999,0.0,0.0,0.0,0.05
stage1d_single_agent_carry_bootstrap,4,1,114535,2061,1,120,100,1,0,58.371726989746094,0.0,0.0,1.0,0.26666666666666666,0.0,0,0,0,18,-1,18,-1,1.0,1,0.4444444444444444,0.5555555555555556,0.05555555555555555,-0.8399999999999999,0.0,0.0,0.0,0.05555555555555555
stage1d_single_agent_carry_bootstrap,4,1,114557,2062,1,120,100,1,0,57.757869720458984,0.0,0.0,1.0,0.16666666666666666,0.0,0,0,0,22,-1,22,-1,1.0,3,0.18181818181818182,0.4090909090909091,0.0,-0.72,0.0,0.0,0.0,0.045454545454545456
stage1d_single_agent_carry_bootstrap,4,1,114577,2063,1,120,100,1,0,58.69083786010742,0.0,0.0,1.0,0.3,0.0,0,0,0,20,-1,20,-1,1.0,2,0.25,0.4,0.0,-0.64,0.0,0.0,0.0,0.05
stage1d_single_agent_carry_bootstrap,4,1,114579,2064,1,120,100,1,0,60.00245666503906,0.0,0.0,1.0,0.03333333333333333,0.0,0,0,0,2,-1,2,-1,1.0,0,0.0,0.0,0.0,0.0,0.0,0.0,0.0,0.5
stage1d_single_agent_carry_bootstrap,4,1,114583,2065,1,120,100,1,0,60.06011962890625,0.0,0.0,1.0,0.06666666666666667,0.0,0,0,0,4,-1,4,-1,1.0,0,0.0,0.0,0.0,0.0,0.0,0.0,0.0,0.25
stage1d_single_agent_carry_bootstrap,4,1,114596,2066,1,120,100,1,0,58.92819595336914,0.0,0.0,1.0,0.13333333333333333,0.0,0,0,0,13,-1,13,-1,1.0,2,0.15384615384615385,0.3076923076923077,0.0,-0.32,0.0,0.0,0.0,0.07692307692307693
stage1d_single_agent_carry_bootstrap,4,1,114601,2067,1,120,100,1,0,60.10926055908203,0.0,0.0,1.0,0.1,0.0,0,0,0,5,-1,5,-1,1.0,0,0.0,0.0,0.0,0.0,0.0,0.0,0.0,0.2
stage1d_single_agent_carry_bootstrap,4,1,114608,2068,1,120,100,1,0,60.21034622192383,0.0,0.0,1.0,0.13333333333333333,0.0,0,0,0,7,-1,7,-1,1.0,0,0.0,0.0,0.0,0.0,0.0,0.0,0.0,0.14285714285714285
stage1d_single_agent_carry_bootstrap,4,1,114617,2069,1,120,100,1,0,59.48455047607422,0.0,0.0,1.0,0.13333333333333333,0.0,0,0,0,9,-1,9,-1,1.0,1,0.1111111111111111,0.2222222222222222,0.0,-0.16,0.0,0.0,0.0,0.1111111111111111
stage1d_single_agent_carry_bootstrap,4,1,114632,2070,1,120,100,1,0,58.90157699584961,0.0,0.0,1.0,0.16666666666666666,0.0,0,0,0,15,-1,15,-1,1.0,2,0.2,0.4,0.0,-0.48000000000000004,0.0,0.0,0.0,0.06666666666666667
stage1d_single_agent_carry_bootstrap,4,1,114648,2071,1,120,100,1,0,58.61064147949219,0.0,0.0,1.0,0.2,0.0,0,0,0,16,-1,16,-1,1.0,1,0.375,0.5,0.0,-0.64,0.0,0.0,0.0,0.0625
stage1d_single_agent_carry_bootstrap,4,1,114663,2072,1,120,100,1,0,58.450538635253906,0.0,0.0,1.0,0.16666666666666666,0.0,0,0,0,15,-1,15,-1,1.0,1,0.4666666666666667,0.6,0.0,-0.72,0.0,0.0,0.0,0.06666666666666667
stage1d_single_agent_carry_bootstrap,4,1,114693,2073,1,120,100,1,0,56.678279876708984,0.0,0.0,1.0,0.3333333333333333,0.0,0,0,0,30,-1,30,-1,1.0,3,0.36666666666666664,0.5333333333333333,0.0,-1.28,0.0,0.0,0.0,0.03333333333333333
stage1d_single_agent_carry_bootstrap,4,1,114714,2074,1,120,100,1,0,57.94009780883789,0.0,0.0,1.0,0.23333333333333334,0.0,0,0,0,21,-1,21,-1,1.0,3,0.14285714285714285,0.38095238095238093,0.0,-0.64,0.0,0.0,0.0,0.047619047619047616
stage1d_single_agent_carry_bootstrap,4,1,114734,2075,1,120,100,1,0,57.524620056152344,0.0,0.0,1.0,0.16666666666666666,0.0,0,0,0,20,-1,20,-1,1.0,3,0.35,0.55,0.05,-0.9199999999999999,0.0,0.0,0.0,0.05
stage1d_single_agent_carry_bootstrap,4,1,114754,2076,1,120,100,1,0,57.6290168762207,0.0,0.0,1.0,0.13333333333333333,0.0,0,0,0,20,-1,20,-1,1.0,4,0.3,0.5,0.0,-0.7999999999999999,0.0,0.0,0.0,0.05
stage1d_single_agent_carry_bootstrap,4,1,114760,2077,1,120,100,1,0,60.15800476074219,0.0,0.0,1.0,0.1,0.0,0,0,0,6,-1,6,-1,1.0,0,0.0,0.0,0.0,0.0,0.0,0.0,0.0,0.16666666666666666
stage1d_single_agent_carry_bootstrap,4,1,114775,2078,1,120,100,1,0,58.181068420410156,0.0,0.0,1.0,0.16666666666666666,0.0,0,0,0,15,-1,15,-1,1.0,1,0.6,0.7333333333333333,0.06666666666666667,-0.9199999999999999,0.0,0.0,0.0,0.06666666666666667
stage1d_single_agent_carry_bootstrap,4,1,114780,2079,1,120,100,1,0,60.11030960083008,0.0,0.0,1.0,0.1,0.0,0,0,0,5,-1,5,-1,1.0,0,0.0,0.0,0.0,0.0,0.0,0.0,0.0,0.2
stage1d_single_agent_carry_bootstrap,4,1,114787,2080,1,120,100,1,0,59.83161544799805,0.0,0.0,1.0,0.1,0.0,0,0,0,7,-1,7,-1,1.0,1,0.14285714285714285,0.2857142857142857,0.14285714285714285,-0.2,0.0,0.0,0.0,0.14285714285714285
stage1d_single_agent_carry_bootstrap,4,1,114797,2081,1,120,100,1,0,59.55868911743164,0.0,0.0,1.0,0.13333333333333333,0.0,0,0,0,10,-1,10,-1,1.0,1,0.1,0.2,0.0,-0.16,0.0,0.0,0.0,0.1
stage1d_single_agent_carry_bootstrap,4,1,114803,2082,1,120,100,1,0,60.16240692138672,0.0,0.0,1.0,0.1,0.0,0,0,0,6,-1,6,-1,1.0,0,0.0,0.0,0.0,0.0,0.0,0.0,0.0,0.16666666666666666
stage1d_single_agent_carry_bootstrap,4,1,114826,2083,1,120,100,1,0,58.142982482910156,0.0,0.0,1.0,0.23333333333333334,0.0,0,0,0,23,-1,23,-1,1.0,2,0.21739130434782608,0.391304347826087,0.0,-0.72,0.0,0.0,0.0,0.043478260869565216
stage1d_single_agent_carry_bootstrap,4,1,114853,2084,1,120,100,1,0,57.01057052612305,0.0,0.0,1.0,0.3,0.0,0,0,0,27,-1,27,-1,1.0,3,0.2222222222222222,0.4444444444444444,0.0,-0.9599999999999999,0.0,0.0,0.0,0.037037037037037035
stage1d_single_agent_carry_bootstrap,4,1,114864,2085,1,120,100,1,0,59.232940673828125,0.0,0.0,1.0,0.13333333333333333,0.0,0,0,0,11,-1,11,-1,1.0,0,0.0,0.18181818181818182,0.0,-0.16,0.0,0.0,0.0,0.09090909090909091
stage1d_single_agent_carry_bootstrap,4,1,114867,2086,1,120,100,1,0,60.0162353515625,0.0,0.0,1.0,0.03333333333333333,0.0,0,0,0,3,-1,3,-1,1.0,0,0.0,0.0,0.0,0.0,0.0,0.0,0.0,0.3333333333333333
stage1d_single_agent_carry_bootstrap,4,1,114873,2087,1,120,100,1,0,60.157066345214844,0.0,0.0,1.0,0.1,0.0,0,0,0,6,-1,6,-1,1.0,0,0.0,0.0,0.0,0.0,0.0,0.0,0.0,0.16666666666666666
stage1d_single_agent_carry_bootstrap,4,1,114878,2088,1,120,100,1,0,60.10731887817383,0.0,0.0,1.0,0.13333333333333333,0.0,0,0,0,5,-1,5,-1,1.0,0,0.0,0.0,0.0,0.0,0.0,0.0,0.0,0.2
stage1d_single_agent_carry_bootstrap,4,1,114883,2089,1,120,100,1,0,60.075477600097656,0.0,0.0,1.0,0.1,0.0,0,0,0,5,-1,5,-1,1.0,0,0.0,0.0,0.0,0.0,0.0,0.0,0.0,0.2
stage1d_single_agent_carry_bootstrap,4,1,114901,2090,1,120,100,1,0,58.1760139465332,0.0,0.0,1.0,0.16666666666666666,0.0,0,0,0,18,-1,18,-1,1.0,2,0.2222222222222222,0.4444444444444444,0.0,-0.64,0.0,0.0,0.0,0.05555555555555555
stage1d_single_agent_carry_bootstrap,4,1,114917,2091,1,120,100,1,0,58.87406921386719,0.0,0.0,1.0,0.3,0.0,0,0,0,16,-1,16,-1,1.0,1,0.1875,0.3125,0.0,-0.4,0.0,0.0,0.0,0.0625
stage1d_single_agent_carry_bootstrap,4,1,114938,2092,1,120,100,1,0,58.35688781738281,0.0,0.0,1.0,0.3,0.0,0,0,0,21,-1,21,-1,1.0,3,0.3333333333333333,0.47619047619047616,0.0,-0.7999999999999999,0.0,0.0,0.0,0.047619047619047616
stage1d_single_agent_carry_bootstrap,4,1,114954,2093,1,120,100,1,0,59.075931549072266,0.0,0.0,1.0,0.23333333333333334,0.0,0,0,0,16,-1,16,-1,1.0,1,0.375,0.4375,0.0,-0.56,0.0,0.0,0.0,0.0625
stage1d_single_agent_carry_bootstrap,4,1,114974,2094,1,120,100,1,0,57.4322395324707,0.0,0.0,1.0,0.16666666666666666,0.0,0,0,0,20,-1,20,-1,1.0,2,0.1,0.4,0.0,-0.64,0.0,0.0,0.0,0.05
stage1d_single_agent_carry_bootstrap,4,1,114996,2095,1,120,100,1,0,57.96221923828125,0.0,0.0,1.0,0.26666666666666666,0.0,0,0,0,22,-1,22,-1,1.0,3,0.2727272727272727,0.45454545454545453,0.0,-0.7999999999999999,0.0,0.0,0.0,0.045454545454545456
stage1d_single_agent_carry_bootstrap,4,1,115022,2096,1,120,100,1,0,57.15849304199219,0.0,0.0,1.0,0.23333333333333334,0.0,0,0,0,26,-1,26,-1,1.0,2,0.19230769230769232,0.4230769230769231,0.0,-0.8799999999999999,0.0,0.0,0.0,0.038461538461538464
stage1d_single_agent_carry_bootstrap,4,1,115028,2097,1,120,100,1,0,60.1552734375,0.0,0.0,1.0,0.1,0.0,0,0,0,6,-1,6,-1,1.0,0,0.0,0.0,0.0,0.0,0.0,0.0,0.0,0.16666666666666666
stage1d_single_agent_carry_bootstrap,4,1,115034,2098,1,120,100,1,0,60.120872497558594,0.0,0.0,1.0,0.1,0.0,0,0,0,6,-1,6,-1,1.0,0,0.0,0.0,0.0,0.0,0.0,0.0,0.0,0.16666666666666666
stage1d_single_agent_carry_bootstrap,4,1,115054,2099,1,120,100,1,0,57.172203063964844,0.0,0.0,1.0,0.16666666666666666,0.0,0,0,0,20,-1,20,-1,1.0,2,0.1,0.35,0.0,-0.56,0.0,0.0,0.0,0.05
stage1d_single_agent_carry_bootstrap,4,1,115072,2100,1,120,100,1,0,56.746280670166016,0.0,0.0,1.0,0.1,0.0,0,0,0,18,-1,18,-1,1.0,4,0.2777777777777778,0.5555555555555556,0.0,-0.7999999999999999,0.0,0.0,0.0,0.05555555555555555
stage1d_single_agent_carry_bootstrap,4,1,115077,2101,1,120,100,1,0,60.096988677978516,0.0,0.0,1.0,0.1,0.0,0,0,0,5,-1,5,-1,1.0,0,0.0,0.0,0.0,0.0,0.0,0.0,0.0,0.2
stage1d_single_agent_carry_bootstrap,4,1,115090,2102,1,120,100,1,0,58.94842529296875,0.0,0.0,1.0,0.2,0.0,0,0,0,13,-1,13,-1,1.0,1,0.46153846153846156,0.6153846153846154,0.0,-0.64,0.0,0.0,0.0,0.07692307692307693
stage1d_single_agent_carry_bootstrap,4,1,115095,2103,1,120,100,1,0,60.06901550292969,0.0,0.0,1.0,0.13333333333333333,0.0,0,0,0,5,-1,5,-1,1.0,0,0.0,0.0,0.0,0.0,0.0,0.0,0.0,0.2
stage1d_single_agent_carry_bootstrap,4,1,115116,2104,1,120,100,1,0,57.90654754638672,0.0,0.0,1.0,0.26666666666666666,0.0,0,0,0,21,-1,21,-1,1.0,1,0.6666666666666666,0.7142857142857143,0.047619047619047616,-1.24,0.0,0.0,0.0,0.047619047619047616
stage1d_single_agent_carry_bootstrap,4,1,115137,2105,1,120,100,1,0,57.524070739746094,0.0,0.0,1.0,0.2,0.0,0,0,0,21,-1,21,-1,1.0,2,0.09523809523809523,0.38095238095238093,0.0,-0.64,0.0,0.0,0.0,0.047619047619047616
stage1d_single_agent_carry_bootstrap,4,1,115157,2106,1,120,100,1,0,58.2761116027832,0.0,0.0,1.0,0.23333333333333334,0.0,0,0,0,20,-1,20,-1,1.0,3,0.25,0.4,0.0,-0.64,0.0,0.0,0.0,0.05
stage1d_single_agent_carry_bootstrap,4,1,115176,2107,1,120,100,1,0,57.31574249267578,0.0,0.0,1.0,0.1,0.0,0,0,0,19,-1,19,-1,1.0,1,0.21052631578947367,0.42105263157894735,0.0,-0.64,0.0,0.0,0.0,0.05263157894736842
stage1d_single_agent_carry_bootstrap,4,1,115203,2108,1,120,100,1,0,56.33772277832031,0.0,0.0,1.0,0.26666666666666666,0.0,0,0,0,27,-1,27,-1,1.0,2,0.3333333333333333,0.5555555555555556,0.0,-1.2,0.0,0.0,0.0,0.037037037037037035
stage1d_single_agent_carry_bootstrap,4,1,115233,2109,1,120,100,1,0,57.78016662597656,0.0,0.0,1.0,0.4,0.0,0,0,0,30,-1,30,-1,1.0,3,0.36666666666666664,0.4666666666666667,0.0,-1.1199999999999999,0.0,0.0,0.0,0.03333333333333333
stage1d_single_agent_carry_bootstrap,4,1,115257,2110,1,120,100,1,0,57.656455993652344,0.0,0.0,1.0,0.23333333333333334,0.0,0,0,0,24,-1,24,-1,1.0,3,0.20833333333333334,0.375,0.0,-0.72,0.0,0.0,0.0,0.041666666666666664
stage1d_single_agent_carry_bootstrap,4,1,115288,2111,1,120,100,1,0,57.427391052246094,0.0,0.0,1.0,0.3333333333333333,0.0,0,0,0,31,-1,31,-1,1.0,4,0.2903225806451613,0.45161290322580644,0.0,-1.1199999999999999,0.0,0.0,0.0,0.03225806451612903
stage1d_single_agent_carry_bootstrap,4,1,115308,2112,1,120,100,1,0,58.26726150512695,0.0,0.0,1.0,0.3,0.0,0,0,0,20,-1,20,-1,1.0,1,0.45,0.55,0.0,-0.8799999999999999,0.0,0.0,0.0,0.05
stage1d_single_agent_carry_bootstrap,4,1,115325,2113,1,120,100,1,0,58.75992202758789,0.0,0.0,1.0,0.16666666666666666,0.0,0,0,0,17,-1,17,-1,1.0,2,0.23529411764705882,0.35294117647058826,0.058823529411764705,-0.52,0.0,0.0,0.0,0.058823529411764705
stage1d_single_agent_carry_bootstrap,4,1,115348,2114,1,120,100,1,0,57.5988655090332,0.0,0.0,1.0,0.23333333333333334,0.0,0,0,0,23,-1,23,-1,1.0,4,0.2608695652173913,0.43478260869565216,0.0,-0.7999999999999999,0.0,0.0,0.0,0.043478260869565216
stage1d_single_agent_carry_bootstrap,4,1,115361,2115,1,120,100,1,0,58.08929443359375,0.0,0.0,1.0,0.1,0.0,0,0,0,13,-1,13,-1,1.0,1,0.07692307692307693,0.3076923076923077,0.0,-0.32,0.0,0.0,0.0,0.07692307692307693
stage1d_single_agent_carry_bootstrap,4,1,115371,2116,1,120,100,1,0,58.918357849121094,0.0,0.0,1.0,0.1,0.0,0,0,0,10,-1,10,-1,1.0,2,0.2,0.4,0.0,-0.32,0.0,0.0,0.0,0.1
stage1d_single_agent_carry_bootstrap,4,1,115380,2117,1,120,100,1,0,60.13154983520508,0.0,0.0,1.0,0.16666666666666666,0.0,0,0,0,9,-1,9,-1,1.0,0,0.0,0.1111111111111111,0.0,-0.08,0.0,0.0,0.0,0.1111111111111111
stage1d_single_agent_carry_bootstrap,4,1,115383,2118,1,120,100,1,0,60.00150680541992,0.0,0.0,1.0,0.06666666666666667,0.0,0,0,0,3,-1,3,-1,1.0,0,0.0,0.0,0.0,0.0,0.0,0.0,0.0,0.3333333333333333
stage1d_single_agent_carry_bootstrap,4,1,115386,2119,1,120,100,1,0,60.000732421875,0.0,0.0,1.0,0.1,0.0,0,0,0,3,-1,3,-1,1.0,0,0.0,0.0,0.0,0.0,0.0,0.0,0.0,0.3333333333333333
stage1d_single_agent_carry_bootstrap,4,1,115388,2120,1,120,100,1,0,60.00255584716797,0.0,0.0,1.0,0.03333333333333333,0.0,0,0,0,2,-1,2,-1,1.0,0,0.0,0.0,0.0,0.0,0.0,0.0,0.0,0.5
stage1d_single_agent_carry_bootstrap,4,1,115392,2121,1,120,100,1,0,60.04882049560547,0.0,0.0,1.0,0.06666666666666667,0.0,0,0,0,4,-1,4,-1,1.0,0,0.0,0.0,0.0,0.0,0.0,0.0,0.0,0.25
stage1d_single_agent_carry_bootstrap,4,1,115406,2122,1,120,100,1,0,59.2055549621582,0.0,0.0,1.0,0.2,0.0,0,0,0,14,-1,14,-1,1.0,1,0.07142857142857142,0.21428571428571427,0.0,-0.24,0.0,0.0,0.0,0.07142857142857142
stage1d_single_agent_carry_bootstrap,4,1,115414,2123,1,120,100,1,0,60.076229095458984,0.0,0.0,1.0,0.13333333333333333,0.0,0,0,0,8,-1,8,-1,1.0,0,0.0,0.125,0.0,-0.08,0.0,0.0,0.0,0.125
stage1d_single_agent_carry_bootstrap,4,1,115432,2124,1,120,100,1,0,58.594947814941406,0.0,0.0,1.0,0.23333333333333334,0.0,0,0,0,18,-1,18,-1,1.0,3,0.2777777777777778,0.4444444444444444,0.0,-0.64,0.0,0.0,0.0,0.05555555555555555
stage1d_single_agent_carry_bootstrap,4,1,115435,2125,1,120,100,1,0,60.0117073059082,0.0,0.0,1.0,0.1,0.0,0,0,0,3,-1,3,-1,1.0,0,0.0,0.0,0.0,0.0,0.0,0.0,0.0,0.3333333333333333
stage1d_single_agent_carry_bootstrap,4,1,115462,2126,1,120,100,1,0,56.701751708984375,0.0,0.0,1.0,0.23333333333333334,0.0,0,0,0,27,-1,27,-1,1.0,3,0.25925925925925924,0.4444444444444444,0.0,-0.9599999999999999,0.0,0.0,0.0,0.037037037037037035
stage1d_single_agent_carry_bootstrap,4,1,115476,2127,1,120,100,1,0,59.452919006347656,0.0,0.0,1.0,0.16666666666666666,0.0,0,0,0,14,-1,14,-1,1.0,1,0.21428571428571427,0.2857142857142857,0.07142857142857142,-0.36000000000000004,0.0,0.0,0.0,0.07142857142857142
stage1d_single_agent_carry_bootstrap,4,1,115498,2128,1,120,100,1,0,57.84906005859375,0.0,0.0,1.0,0.2,0.0,0,0,0,22,-1,22,-1,1.0,3,0.18181818181818182,0.36363636363636365,0.045454545454545456,-0.6799999999999999,0.0,0.0,0.0,0.045454545454545456
stage1d_single_agent_carry_bootstrap,4,1,115509,2129,1,120,100,1,0,59.388648986816406,0.0,0.0,1.0,0.13333333333333333,0.0,0,0,0,11,-1,11,-1,1.0,1,0.18181818181818182,0.2727272727272727,0.09090909090909091,-0.28,0.0,0.0,0.0,0.09090909090909091
stage1d_single_agent_carry_bootstrap,4,1,115524,2130,1,120,100,1,0,58.334598541259766,0.0,0.0,1.0,0.16666666666666666,0.0,0,0,0,15,-1,15,-1,1.0,2,0.26666666666666666,0.4,0.0,-0.48000000000000004,0.0,0.0,0.0,0.06666666666666667
stage1d_single_agent_carry_bootstrap,4,1,115547,2131,1,120,100,1,0,57.9809455871582,0.0,0.0,1.0,0.23333333333333334,0.0,0,0,0,23,-1,23,-1,1.0,4,0.30434782608695654,0.4782608695652174,0.0,-0.8799999999999999,0.0,0.0,0.0,0.043478260869565216
stage1d_single_agent_carry_bootstrap,4,1,115561,2132,1,120,100,1,0,59.17206573486328,0.0,0.0,1.0,0.2,0.0,0,0,0,14,-1,14,-1,1.0,1,0.35714285714285715,0.42857142857142855,0.07142857142857142,-0.52,0.0,0.0,0.0,0.07142857142857142
stage1d_single_agent_carry_bootstrap,4,1,115590,2133,1,120,100,1,0,57.16473388671875,0.0,0.0,1.0,0.3333333333333333,0.0,0,0,0,29,-1,29,-1,1.0,3,0.3793103448275862,0.5172413793103449,0.0,-1.2,0.0,0.0,0.0,0.034482758620689655
stage1d_single_agent_carry_bootstrap,4,1,115610,2134,1,120,100,1,0,57.8460578918457,0.0,0.0,1.0,0.2,0.0,0,0,0,20,-1,20,-1,1.0,2,0.2,0.4,0.05,-0.6799999999999999,0.0,0.0,0.0,0.05
stage1d_single_agent_carry_bootstrap,4,1,115635,2135,1,120,100,1,0,57.67915344238281,0.0,0.0,1.0,0.3,0.0,0,0,0,25,-1,25,-1,1.0,3,0.36,0.52,0.0,-1.0399999999999998,0.0,0.0,0.0,0.04
stage1d_single_agent_carry_bootstrap,4,1,115648,2136,1,120,100,1,0,59.350711822509766,0.0,0.0,1.0,0.23333333333333334,0.0,0,0,0,13,-1,13,-1,1.0,1,0.23076923076923078,0.3076923076923077,0.0,-0.32,0.0,0.0,0.0,0.07692307692307693
stage1d_single_agent_carry_bootstrap,4,1,115673,2137,1,120,100,1,0,57.383705139160156,0.0,0.0,1.0,0.26666666666666666,0.0,0,0,0,25,-1,25,-1,1.0,3,0.36,0.52,0.0,-1.0399999999999998,0.0,0.0,0.0,0.04
stage1d_single_agent_carry_bootstrap,4,1,115694,2138,1,120,100,1,0,57.54243087768555,0.0,0.0,1.0,0.16666666666666666,0.0,0,0,0,21,-1,21,-1,1.0,2,0.09523809523809523,0.3333333333333333,0.047619047619047616,-0.6,0.0,0.0,0.0,0.047619047619047616
stage1d_single_agent_carry_bootstrap,4,1,115710,2139,1,120,100,1,0,58.98313903808594,0.0,0.0,1.0,0.26666666666666666,0.0,0,0,0,16,-1,16,-1,1.0,1,0.4375,0.5,0.0,-0.64,0.0,0.0,0.0,0.0625
stage1d_single_agent_carry_bootstrap,4,1,115716,2140,1,120,100,1,0,60.159278869628906,0.0,0.0,1.0,0.13333333333333333,0.0,0,0,0,6,-1,6,-1,1.0,0,0.0,0.0,0.0,0.0,0.0,0.0,0.0,0.16666666666666666
stage1d_single_agent_carry_bootstrap,4,1,115739,2141,1,120,100,1,0,58.32184982299805,0.0,0.0,1.0,0.3333333333333333,0.0,0,0,0,23,-1,23,-1,1.0,3,0.34782608695652173,0.4782608695652174,0.0,-0.8799999999999999,0.0,0.0,0.0,0.043478260869565216
stage1d_single_agent_carry_bootstrap,4,1,115743,2142,1,120,100,1,0,59.62757110595703,0.0,0.0,1.0,0.03333333333333333,0.0,0,0,0,4,-1,4,-1,1.0,0,0.0,0.0,0.0,0.0,0.0,0.0,0.0,0.25
stage1d_single_agent_carry_bootstrap,4,1,115753,2143,1,120,100,1,0,59.23505401611328,0.0,0.0,1.0,0.16666666666666666,0.0,0,0,0,10,-1,10,-1,1.0,1,0.4,0.5,0.0,-0.4,0.0,0.0,0.0,0.1
stage1d_single_agent_carry_bootstrap,4,1,115768,2144,1,120,100,1,0,58.09539794921875,0.0,0.0,1.0,0.1,0.0,0,0,0,15,-1,15,-1,1.0,2,0.13333333333333333,0.3333333333333333,0.0,-0.4,0.0,0.0,0.0,0.06666666666666667
stage1d_single_agent_carry_bootstrap,4,1,115784,2145,1,120,100,1,0,58.859981536865234,0.0,0.0,1.0,0.2,0.0,0,0,0,16,-1,16,-1,1.0,1,0.25,0.375,0.0,-0.48000000000000004,0.0,0.0,0.0,0.0625
stage1d_single_agent_carry_bootstrap,4,1,115807,2146,1,120,100,1,0,56.920196533203125,0.0,0.0,1.0,0.16666666666666666,0.0,0,0,0,23,-1,23,-1,1.0,3,0.17391304347826086,0.43478260869565216,0.0,-0.7999999999999999,0.0,0.0,0.0,0.043478260869565216
stage1d_single_agent_carry_bootstrap,4,1,115844,2147,1,120,100,1,0,55.88031768798828,0.0,0.0,1.0,0.36666666666666664,0.0,0,0,0,37,-1,37,-1,1.0,4,0.32432432432432434,0.4864864864864865,0.0,-1.4400000000000002,0.0,0.0,0.0,0.02702702702702703
stage1d_single_agent_carry_bootstrap,4,1,115848,2148,1,120,100,1,0,60.05809783935547,0.0,0.0,1.0,0.06666666666666667,0.0,0,0,0,4,-1,4,-1,1.0,0,0.0,0.0,0.0,0.0,0.0,0.0,0.0,0.25
stage1d_single_agent_carry_bootstrap,4,1,115851,2149,1,120,100,1,0,59.617618560791016,0.0,0.0,1.0,0.03333333333333333,0.0,0,0,0,3,-1,3,-1,1.0,0,0.0,0.0,0.0,0.0,0.0,0.0,0.0,0.3333333333333333
stage1d_single_agent_carry_bootstrap,4,1,115855,2150,1,120,100,1,0,60.0572395324707,0.0,0.0,1.0,0.06666666666666667,0.0,0,0,0,4,-1,4,-1,1.0,0,0.0,0.0,0.0,0.0,0.0,0.0,0.0,0.25
stage1d_single_agent_carry_bootstrap,4,1,115869,2151,1,120,100,1,0,59.150169372558594,0.0,0.0,1.0,0.2,0.0,0,0,0,14,-1,14,-1,1.0,2,0.14285714285714285,0.2857142857142857,0.0,-0.32,0.0,0.0,0.0,0.07142857142857142
stage1d_single_agent_carry_bootstrap,4,1,115877,2152,1,120,100,1,0,58.96745300292969,0.0,0.0,1.0,0.06666666666666667,0.0,0,0,0,8,-1,8,-1,1.0,1,0.75,0.875,0.125,-0.6,0.0,0.0,0.0,0.125
stage1d_single_agent_carry_bootstrap,4,1,115901,2153,1,120,100,1,0,57.565765380859375,0.0,0.0,1.0,0.3,0.0,0,0,0,24,-1,24,-1,1.0,3,0.2916666666666667,0.4166666666666667,0.0,-0.7999999999999999,0.0,0.0,0.0,0.041666666666666664
stage1d_single_agent_carry_bootstrap,4,1,115917,2154,1,120,100,1,0,58.583248138427734,0.0,0.0,1.0,0.16666666666666666,0.0,0,0,0,16,-1,16,-1,1.0,2,0.3125,0.4375,0.0625,-0.6,0.0,0.0,0.0,0.0625
stage1d_single_agent_carry_bootstrap,4,1,115944,2155,1,120,100,1,0,57.28871154785156,0.0,0.0,1.0,0.3,0.0,0,0,0,27,-1,27,-1,1.0,4,0.2962962962962963,0.4444444444444444,0.07407407407407407,-1.0399999999999998,0.0,0.0,0.0,0.037037037037037035
stage1d_single_agent_carry_bootstrap,4,1,115949,2156,1,120,100,1,0,60.08015060424805,0.0,0.0,1.0,0.1,0.0,0,0,0,5,-1,5,-1,1.0,0,0.0,0.0,0.0,0.0,0.0,0.0,0.0,0.2
stage1d_single_agent_carry_bootstrap,4,1,115959,2157,1,120,100,1,0,59.0659065246582,0.0,0.0,1.0,0.1,0.0,0,0,0,10,-1,10,-1,1.0,1,0.1,0.2,0.0,-0.16,0.0,0.0,0.0,0.1
stage1d_single_agent_carry_bootstrap,4,1,115977,2158,1,120,100,1,0,58.6628303527832,0.0,0.0,1.0,0.3,0.0,0,0,0,18,-1,18,-1,1.0,1,0.5555555555555556,0.6111111111111112,0.0,-0.8799999999999999,0.0,0.0,0.0,0.05555555555555555
stage1d_single_agent_carry_bootstrap,4,1,115990,2159,1,120,100,1,0,58.62068176269531,0.0,0.0,1.0,0.16666666666666666,0.0,0,0,0,13,-1,13,-1,1.0,1,0.07692307692307693,0.3076923076923077,0.0,-0.32,0.0,0.0,0.0,0.07692307692307693
stage1d_single_agent_carry_bootstrap,4,1,116019,2160,1,120,100,1,0,56.33283615112305,0.0,0.0,1.0,0.26666666666666666,0.0,0,0,0,29,-1,29,-1,1.0,3,0.13793103448275862,0.3793103448275862,0.0,-0.8799999999999999,0.0,0.0,0.0,0.034482758620689655
stage1d_single_agent_carry_bootstrap,4,1,116029,2161,1,120,100,1,0,58.99304962158203,0.0,0.0,1.0,0.13333333333333333,0.0,0,0,0,10,-1,10,-1,1.0,1,0.1,0.3,0.1,-0.28,0.0,0.0,0.0,0.1
stage1d_single_agent_carry_bootstrap,4,1,116041,2162,1,120,100,1,0,59.44256591796875,0.0,0.0,1.0,0.23333333333333334,0.0,0,0,0,12,-1,12,-1,1.0,1,0.08333333333333333,0.25,0.0,-0.24,0.0,0.0,0.0,0.08333333333333333
stage1d_single_agent_carry_bootstrap,4,1,116062,2163,1,120,100,1,0,57.62036895751953,0.0,0.0,1.0,0.13333333333333333,0.0,0,0,0,21,-1,21,-1,1.0,3,0.2857142857142857,0.47619047619047616,0.0,-0.7999999999999999,0.0,0.0,0.0,0.047619047619047616
stage1d_single_agent_carry_bootstrap,4,1,116079,2164,1,120,100,1,0,57.706268310546875,0.0,0.0,1.0,0.1,0.0,0,0,0,17,-1,17,-1,1.0,2,0.23529411764705882,0.47058823529411764,0.0,-0.64,0.0,0.0,0.0,0.058823529411764705
stage1d_single_agent_carry_bootstrap,4,1,116103,2165,1,120,100,1,0,57.30585861206055,0.0,0.0,1.0,0.3333333333333333,0.0,0,0,0,24,-1,24,-1,1.0,2,0.625,0.75,0.0,-1.4400000000000002,0.0,0.0,0.0,0.041666666666666664
stage1d_single_agent_carry_bootstrap,4,1,116121,2166,1,120,100,1,0,58.588783264160156,0.0,0.0,1.0,0.26666666666666666,0.0,0,0,0,18,-1,18,-1,1.0,2,0.3333333333333333,0.4444444444444444,0.0,-0.64,0.0,0.0,0.0,0.05555555555555555
stage1d_single_agent_carry_bootstrap,4,1,116146,2167,1,120,100,1,0,57.806949615478516,0.0,0.0,1.0,0.3,0.0,0,0,0,25,-1,25,-1,1.0,4,0.32,0.48,0.0,-0.9599999999999999,0.0,0.0,0.0,0.04
stage1d_single_agent_carry_bootstrap,4,1,116168,2168,1,120,100,1,0,57.07683563232422,0.0,0.0,1.0,0.16666666666666666,0.0,0,0,0,22,-1,22,-1,1.0,4,0.2727272727272727,0.5,0.045454545454545456,-0.9199999999999998,0.0,0.0,0.0,0.045454545454545456
stage1d_single_agent_carry_bootstrap,4,1,116181,2169,1,120,100,1,0,58.98677444458008,0.0,0.0,1.0,0.13333333333333333,0.0,0,0,0,13,-1,13,-1,1.0,2,0.15384615384615385,0.3076923076923077,0.07692307692307693,-0.36000000000000004,0.0,0.0,0.0,0.07692307692307693
stage1d_single_agent_carry_bootstrap,4,1,116182,2170,1,120,100,1,0,59.99599838256836,0.0,0.0,1.0,0.03333333333333333,0.0,0,0,0,1,-1,1,-1,1.0,0,0.0,0.0,0.0,0.0,0.0,0.0,0.0,1.0
stage1d_single_agent_carry_bootstrap,4,1,116193,2171,1,120,100,1,0,59.52741241455078,0.0,0.0,1.0,0.13333333333333333,0.0,0,0,0,11,-1,11,-1,1.0,1,0.18181818181818182,0.2727272727272727,0.0,-0.24,0.0,0.0,0.0,0.09090909090909091
stage1d_single_agent_carry_bootstrap,4,1,116223,2172,1,120,100,1,0,56.957489013671875,0.0,0.0,1.0,0.3,0.0,0,0,0,30,-1,30,-1,1.0,4,0.3,0.4666666666666667,0.0,-1.1199999999999999,0.0,0.0,0.0,0.03333333333333333
stage1d_single_agent_carry_bootstrap,4,1,116238,2173,1,120,100,1,0,57.12021255493164,0.0,0.0,1.0,0.06666666666666667,0.0,0,0,0,15,-1,15,-1,1.0,1,0.06666666666666667,0.4,0.0,-0.48000000000000004,0.0,0.0,0.0,0.06666666666666667
stage1d_single_agent_carry_bootstrap,4,1,116268,2174,1,120,100,1,0,57.91895294189453,0.0,0.0,1.0,0.43333333333333335,0.0,0,0,0,30,-1,30,-1,1.0,2,0.26666666666666666,0.4,0.0,-0.9599999999999999,0.0,0.0,0.0,0.03333333333333333
stage1d_single_agent_carry_bootstrap,4,1,116280,2175,1,120,100,1,0,58.59675216674805,0.0,0.0,1.0,0.1,0.0,0,0,0,12,-1,12,-1,1.0,1,0.5,0.5833333333333334,0.0,-0.56,0.0,0.0,0.0,0.08333333333333333
stage1d_single_agent_carry_bootstrap,4,1,116290,2176,1,120,100,1,0,59.49445343017578,0.0,0.0,1.0,0.16666666666666666,0.0,0,0,0,10,-1,10,-1,1.0,1,0.2,0.3,0.0,-0.24,0.0,0.0,0.0,0.1
stage1d_single_agent_carry_bootstrap,4,1,116295,2177,1,120,100,1,0,60.112918853759766,0.0,0.0,1.0,0.1,0.0,0,0,0,5,-1,5,-1,1.0,0,0.0,0.0,0.0,0.0,0.0,0.0,0.0,0.2
stage1d_single_agent_carry_bootstrap,4,1,116315,2178,1,120,100,1,0,58.4306526184082,0.0,0.0,1.0,0.23333333333333334,0.0,0,0,0,20,-1,20,-1,1.0,2,0.15,0.35,0.05,-0.6,0.0,0.0,0.0,0.05
stage1d_single_agent_carry_bootstrap,4,1,116318,2179,1,120,100,1,0,60.00095748901367,0.0,0.0,1.0,0.06666666666666667,0.0,0,0,0,3,-1,3,-1,1.0,0,0.0,0.0,0.0,0.0,0.0,0.0,0.0,0.3333333333333333
stage1d_single_agent_carry_bootstrap,4,1,116326,2180,1,120,100,1,0,60.075523376464844,0.0,0.0,1.0,0.13333333333333333,0.0,0,0,0,8,-1,8,-1,1.0,0,0.0,0.125,0.0,-0.08,0.0,0.0,0.0,0.125
stage1d_single_agent_carry_bootstrap,4,1,116330,2181,1,120,100,1,0,60.060733795166016,0.0,0.0,1.0,0.1,0.0,0,0,0,4,-1,4,-1,1.0,0,0.0,0.0,0.0,0.0,0.0,0.0,0.0,0.25
stage1d_single_agent_carry_bootstrap,4,1,116335,2182,1,120,100,1,0,60.112918853759766,0.0,0.0,1.0,0.1,0.0,0,0,0,5,-1,5,-1,1.0,0,0.0,0.0,0.0,0.0,0.0,0.0,0.0,0.2
stage1d_single_agent_carry_bootstrap,4,1,116356,2183,1,120,100,1,0,57.807334899902344,0.0,0.0,1.0,0.16666666666666666,0.0,0,0,0,21,-1,21,-1,1.0,2,0.19047619047619047,0.42857142857142855,0.0,-0.72,0.0,0.0,0.0,0.047619047619047616
stage1d_single_agent_carry_bootstrap,4,1,116383,2184,1,120,100,1,0,57.58618927001953,0.0,0.0,1.0,0.26666666666666666,0.0,0,0,0,27,-1,27,-1,1.0,2,0.2222222222222222,0.4074074074074074,0.0,-0.8799999999999999,0.0,0.0,0.0,0.037037037037037035
stage1d_single_agent_carry_bootstrap,4,1,116399,2185,1,120,100,1,0,58.16874313354492,0.0,0.0,1.0,0.16666666666666666,0.0,0,0,0,16,-1,16,-1,1.0,1,0.1875,0.3125,0.0,-0.4,0.0,0.0,0.0,0.0625
stage1d_single_agent_carry_bootstrap,4,1,116411,2186,1,120,100,1,0,59.33692169189453,0.0,0.0,1.0,0.13333333333333333,0.0,0,0,0,12,-1,12,-1,1.0,1,0.25,0.3333333333333333,0.08333333333333333,-0.36000000000000004,0.0,0.0,0.0,0.08333333333333333
stage1d_single_agent_carry_bootstrap,4,1,116440,2187,1,120,100,1,0,57.071903228759766,0.0,0.0,1.0,0.3333333333333333,0.0,0,0,0,29,-1,29,-1,1.0,3,0.2413793103448276,0.41379310344827586,0.0,-0.9599999999999999,0.0,0.0,0.0,0.034482758620689655
stage1d_single_agent_carry_bootstrap,4,1,116442,2188,1,120,100,1,0,59.996864318847656,0.0,0.0,1.0,0.06666666666666667,0.0,0,0,0,2,-1,2,-1,1.0,0,0.0,0.0,0.0,0.0,0.0,0.0,0.0,0.5
stage1d_single_agent_carry_bootstrap,4,1,116454,2189,1,120,100,1,0,58.568603515625,0.0,0.0,1.0,0.16666666666666666,0.0,0,0,0,12,-1,12,-1,1.0,1,0.5,0.5833333333333334,0.08333333333333333,-0.6000000000000001,0.0,0.0,0.0,0.08333333333333333
stage1d_single_agent_carry_bootstrap,4,1,116476,2190,1,120,100,1,0,58.04373550415039,0.0,0.0,1.0,0.26666666666666666,0.0,0,0,0,22,-1,22,-1,1.0,3,0.2727272727272727,0.4090909090909091,0.0,-0.72,0.0,0.0,0.0,0.045454545454545456
stage1d_single_agent_carry_bootstrap,4,1,116479,2191,1,120,100,1,0,60.00236892700195,0.0,0.0,1.0,0.03333333333333333,0.0,0,0,0,3,-1,3,-1,1.0,0,0.0,0.0,0.0,0.0,0.0,0.0,0.0,0.3333333333333333
stage1d_single_agent_carry_bootstrap,4,1,116482,2192,1,120,100,1,0,60.018314361572266,0.0,0.0,1.0,0.06666666666666667,0.0,0,0,0,3,-1,3,-1,1.0,0,0.0,0.0,0.0,0.0,0.0,0.0,0.0,0.3333333333333333
stage1d_single_agent_carry_bootstrap,4,1,116501,2193,1,120,100,1,0,57.823936462402344,0.0,0.0,1.0,0.1,0.0,0,0,0,19,-1,19,-1,1.0,2,0.21052631578947367,0.42105263157894735,0.0,-0.64,0.0,0.0,0.0,0.05263157894736842
stage1d_single_agent_carry_bootstrap,4,1,116512,2194,1,120,100,1,0,59.531700134277344,0.0,0.0,1.0,0.13333333333333333,0.0,0,0,0,11,-1,11,-1,1.0,1,0.09090909090909091,0.18181818181818182,0.0,-0.16,0.0,0.0,0.0,0.09090909090909091
stage1d_single_agent_carry_bootstrap,4,1,116539,2195,1,120,100,1,0,57.93088912963867,0.0,0.0,1.0,0.36666666666666664,0.0,0,0,0,27,-1,27,-1,1.0,4,0.25925925925925924,0.4074074074074074,0.0,-0.8799999999999999,0.0,0.0,0.0,0.037037037037037035
stage1d_single_agent_carry_bootstrap,4,1,116556,2196,1,120,100,1,0,59.183433532714844,0.0,0.0,1.0,0.3,0.0,0,0,0,17,-1,17,-1,1.0,1,0.29411764705882354,0.35294117647058826,0.0,-0.48000000000000004,0.0,0.0,0.0,0.058823529411764705
stage1d_single_agent_carry_bootstrap,4,1,116577,2197,1,120,100,1,0,57.55661392211914,0.0,0.0,1.0,0.2,0.0,0,0,0,21,-1,21,-1,1.0,3,0.2857142857142857,0.47619047619047616,0.0,-0.7999999999999999,0.0,0.0,0.0,0.047619047619047616
stage1d_single_agent_carry_bootstrap,4,1,116602,2198,1,120,100,1,0,57.79109573364258,0.0,0.0,1.0,0.36666666666666664,0.0,0,0,0,25,-1,25,-1,1.0,4,0.32,0.48,0.0,-0.9599999999999999,0.0,0.0,0.0,0.04
stage1d_single_agent_carry_bootstrap,4,1,116605,2199,1,120,100,1,0,60.013816833496094,0.0,0.0,1.0,0.06666666666666667,0.0,0,0,0,3,-1,3,-1,1.0,0,0.0,0.0,0.0,0.0,0.0,0.0,0.0,0.3333333333333333
stage1d_single_agent_carry_bootstrap,4,1,116620,2200,1,120,100,1,0,58.23575210571289,0.0,0.0,1.0,0.16666666666666666,0.0,0,0,0,15,-1,15,-1,1.0,2,0.26666666666666666,0.4666666666666667,0.0,-0.56,0.0,0.0,0.0,0.06666666666666667
stage1d_single_agent_carry_bootstrap,4,1,116645,2201,1,120,100,1,0,57.45316696166992,0.0,0.0,1.0,0.3,0.0,0,0,0,25,-1,25,-1,1.0,3,0.32,0.48,0.0,-0.9599999999999999,0.0,0.0,0.0,0.04
stage1d_single_agent_carry_bootstrap,4,1,116653,2202,1,120,100,1,0,60.05625534057617,0.0,0.0,1.0,0.16666666666666666,0.0,0,0,0,8,-1,8,-1,1.0,0,0.0,0.125,0.0,-0.08,0.0,0.0,0.0,0.125
stage1d_single_agent_carry_bootstrap,4,1,116674,2203,1,120,100,1,0,57.71748352050781,0.0,0.0,1.0,0.13333333333333333,0.0,0,0,0,21,-1,21,-1,1.0,3,0.23809523809523808,0.42857142857142855,0.0,-0.72,0.0,0.0,0.0,0.047619047619047616
stage1d_single_agent_carry_bootstrap,4,1,116694,2204,1,120,100,1,0,57.61400604248047,0.0,0.0,1.0,0.16666666666666666,0.0,0,0,0,20,-1,20,-1,1.0,4,0.3,0.5,0.0,-0.7999999999999999,0.0,0.0,0.0,0.05
stage1d_single_agent_carry_bootstrap,4,1,116700,2205,1,120,100,1,0,59.704322814941406,0.0,0.0,1.0,0.1,0.0,0,0,0,6,-1,6,-1,1.0,0,0.0,0.0,0.0,0.0,0.0,0.0,0.0,0.16666666666666666
stage1d_single_agent_carry_bootstrap,4,1,116720,2206,1,120,100,1,0,58.03133010864258,0.0,0.0,1.0,0.23333333333333334,0.0,0,0,0,20,-1,20,-1,1.0,3,0.25,0.45,0.05,-0.7599999999999999,0.0,0.0,0.0,0.05
stage1d_single_agent_carry_bootstrap,4,1,116740,2207,1,120,100,1,0,57.9503059387207,0.0,0.0,1.0,0.2,0.0,0,0,0,20,-1,20,-1,1.0,3,0.35,0.5,0.05,-0.8399999999999999,0.0,0.0,0.0,0.05
stage1d_single_agent_carry_bootstrap,4,1,116763,2208,1,120,100,1,0,57.46226501464844,0.0,0.0,1.0,0.16666666666666666,0.0,0,0,0,23,-1,23,-1,1.0,4,0.17391304347826086,0.391304347826087,0.0,-0.72,0.0,0.0,0.0,0.043478260869565216
stage1d_single_agent_carry_bootstrap,4,1,116782,2209,1,120,100,1,0,58.25766372680664,0.0,0.0,1.0,0.2,0.0,0,0,0,19,-1,19,-1,1.0,3,0.21052631578947367,0.42105263157894735,0.0,-0.64,0.0,0.0,0.0,0.05263157894736842
stage1d_single_agent_carry_bootstrap,4,1,116798,2210,1,120,100,1,0,58.31037902832031,0.0,0.0,1.0,0.16666666666666666,0.0,0,0,0,16,-1,16,-1,1.0,2,0.3125,0.4375,0.0,-0.56,0.0,0.0,0.0,0.0625
stage1d_single_agent_carry_bootstrap,4,1,116807,2211,1,120,100,1,0,60.018463134765625,0.0,0.0,1.0,0.2,0.0,0,0,0,9,-1,9,-1,1.0,0,0.0,0.1111111111111111,0.0,-0.08,0.0,0.0,0.0,0.1111111111111111
stage1d_single_agent_carry_bootstrap,4,1,116826,2212,1,120,100,1,0,58.08810043334961,0.0,0.0,1.0,0.2,0.0,0,0,0,19,-1,19,-1,1.0,2,0.3157894736842105,0.47368421052631576,0.0,-0.72,0.0,0.0,0.0,0.05263157894736842
stage1d_single_agent_carry_bootstrap,4,1,116857,2213,1,120,100,1,0,57.31977844238281,0.0,0.0,1.0,0.3333333333333333,0.0,0,0,0,31,-1,31,-1,1.0,2,0.3548387096774194,0.45161290322580644,0.0,-1.1199999999999999,0.0,0.0,0.0,0.03225806451612903
stage1d_single_agent_carry_bootstrap,4,1,116858,2214,1,120,100,1,0,59.99599838256836,0.0,0.0,1.0,0.03333333333333333,0.0,0,0,0,1,-1,1,-1,1.0,0,0.0,0.0,0.0,0.0,0.0,0.0,0.0,1.0
stage1d_single_agent_carry_bootstrap,4,1,116876,2215,1,120,100,1,0,58.189117431640625,0.0,0.0,1.0,0.2,0.0,0,0,0,18,-1,18,-1,1.0,2,0.2222222222222222,0.4444444444444444,0.0,-0.64,0.0,0.0,0.0,0.05555555555555555
stage1d_single_agent_carry_bootstrap,4,1,116886,2216,1,120,100,1,0,58.59790802001953,0.0,0.0,1.0,0.1,0.0,0,0,0,10,-1,10,-1,1.0,1,0.1,0.3,0.0,-0.24,0.0,0.0,0.0,0.1
stage1d_single_agent_carry_bootstrap,4,1,116898,2217,1,120,100,1,0,58.7904052734375,0.0,0.0,1.0,0.1,0.0,0,0,0,12,-1,12,-1,1.0,2,0.25,0.4166666666666667,0.0,-0.4,0.0,0.0,0.0,0.08333333333333333
stage1d_single_agent_carry_bootstrap,4,1,116916,2218,1,120,100,1,0,58.55985641479492,0.0,0.0,1.0,0.23333333333333334,0.0,0,0,0,18,-1,18,-1,1.0,2,0.3888888888888889,0.5,0.0,-0.72,0.0,0.0,0.0,0.05555555555555555
stage1d_single_agent_carry_bootstrap,4,1,116921,2219,1,120,100,1,0,60.043460845947266,0.0,0.0,1.0,0.1,0.0,0,0,0,5,-1,5,-1,1.0,0,0.0,0.0,0.0,0.0,0.0,0.0,0.0,0.2
stage1d_single_agent_carry_bootstrap,4,1,116937,2220,1,120,100,1,0,58.57813262939453,0.0,0.0,1.0,0.16666666666666666,0.0,0,0,0,16,-1,16,-1,1.0,1,0.4375,0.5,0.0,-0.64,0.0,0.0,0.0,0.0625
stage1d_single_agent_carry_bootstrap,4,1,116961,2221,1,120,100,1,0,57.692665100097656,0.0,0.0,1.0,0.23333333333333334,0.0,0,0,0,24,-1,24,-1,1.0,3,0.16666666666666666,0.375,0.0,-0.72,0.0,0.0,0.0,0.041666666666666664
stage1d_single_agent_carry_bootstrap,4,1,116980,2222,1,120,100,1,0,58.177513122558594,0.0,0.0,1.0,0.2,0.0,0,0,0,19,-1,19,-1,1.0,2,0.10526315789473684,0.3157894736842105,0.0,-0.48000000000000004,0.0,0.0,0.0,0.05263157894736842
stage1d_single_agent_carry_bootstrap,4,1,116985,2223,1,120,100,1,0,60.111053466796875,0.0,0.0,1.0,0.1,0.0,0,0,0,5,-1,5,-1,1.0,0,0.0,0.0,0.0,0.0,0.0,0.0,0.0,0.2
stage1d_single_agent_carry_bootstrap,4,1,116987,2224,1,120,100,1,0,59.998390197753906,0.0,0.0,1.0,0.03333333333333333,0.0,0,0,0,2,-1,2,-1,1.0,0,0.0,0.0,0.0,0.0,0.0,0.0,0.0,0.5
stage1d_single_agent_carry_bootstrap,4,1,116992,2225,1,120,100,1,0,60.1107292175293,0.0,0.0,1.0,0.1,0.0,0,0,0,5,-1,5,-1,1.0,0,0.0,0.0,0.0,0.0,0.0,0.0,0.0,0.2
stage1d_single_agent_carry_bootstrap,4,1,117022,2226,1,120,100,1,0,57.06753158569336,0.0,0.0,1.0,0.3333333333333333,0.0,0,0,0,30,-1,30,-1,1.0,3,0.23333333333333334,0.43333333333333335,0.0,-1.0399999999999998,0.0,0.0,0.0,0.03333333333333333
stage1d_single_agent_carry_bootstrap,4,1,117046,2227,1,120,100,1,0,58.089683532714844,0.0,0.0,1.0,0.3,0.0,0,0,0,24,-1,24,-1,1.0,3,0.25,0.4166666666666667,0.0,-0.7999999999999999,0.0,0.0,0.0,0.041666666666666664
stage1d_single_agent_carry_bootstrap,4,1,117069,2228,1,120,100,1,0,57.807613372802734,0.0,0.0,1.0,0.26666666666666666,0.0,0,0,0,23,-1,23,-1,1.0,2,0.391304347826087,0.5217391304347826,0.0,-0.9599999999999999,0.0,0.0,0.0,0.043478260869565216
stage1d_single_agent_carry_bootstrap,4,1,117075,2229,1,120,100,1,0,60.157806396484375,0.0,0.0,1.0,0.1,0.0,0,0,0,6,-1,6,-1,1.0,0,0.0,0.0,0.0,0.0,0.0,0.0,0.0,0.16666666666666666
stage1d_single_agent_carry_bootstrap,4,1,117096,2230,1,120,100,1,0,58.08909606933594,0.0,0.0,1.0,0.3333333333333333,0.0,0,0,0,21,-1,21,-1,1.0,3,0.2857142857142857,0.42857142857142855,0.0,-0.72,0.0,0.0,0.0,0.047619047619047616
stage1d_single_agent_carry_bootstrap,4,1,117105,2231,1,120,100,1,0,58.06991958618164,0.0,0.0,1.0,0.06666666666666667,0.0,0,0,0,9,-1,9,-1,1.0,1,0.1111111111111111,0.4444444444444444,0.0,-0.32,0.0,0.0,0.0,0.1111111111111111
stage1d_single_agent_carry_bootstrap,4,1,117135,2232,1,120,100,1,0,56.82766342163086,0.0,0.0,1.0,0.3,0.0,0,0,0,30,-1,30,-1,1.0,3,0.3333333333333333,0.4666666666666667,0.0,-1.1199999999999999,0.0,0.0,0.0,0.03333333333333333
stage1d_single_agent_carry_bootstrap,4,1,117245,2233,1,120,100,1,0,-34.35830307006836,0.0,0.0,0.0,0.43333333333333335,0.0,0,0,0,110,-1,-1,-1,0.0,10,0.4636363636363636,0.6272727272727273,0.0,-5.520000000000003,0.0,0.0,0.0,0.0
stage1d_single_agent_carry_bootstrap,4,1,117270,2234,1,120,100,1,0,57.764610290527344,0.0,0.0,1.0,0.2,0.0,0,0,0,25,-1,25,-1,1.0,3,0.2,0.36,0.0,-0.72,0.0,0.0,0.0,0.04
stage1d_single_agent_carry_bootstrap,4,1,117302,2235,1,120,100,1,0,57.42689895629883,0.0,0.0,1.0,0.43333333333333335,0.0,0,0,0,32,-1,32,-1,1.0,3,0.21875,0.375,0.0,-0.9599999999999999,0.0,0.0,0.0,0.03125
stage1d_single_agent_carry_bootstrap,4,1,117326,2236,1,120,100,1,0,57.89894485473633,0.0,0.0,1.0,0.3,0.0,0,0,0,24,-1,24,-1,1.0,3,0.3333333333333333,0.4583333333333333,0.0,-0.8799999999999999,0.0,0.0,0.0,0.041666666666666664
stage1d_single_agent_carry_bootstrap,4,1,117353,2237,1,120,100,1,0,56.99644470214844,0.0,0.0,1.0,0.2,0.0,0,0,0,27,-1,27,-1,1.0,3,0.18518518518518517,0.37037037037037035,0.0,-0.7999999999999999,0.0,0.0,0.0,0.037037037037037035
stage1d_single_agent_carry_bootstrap,4,1,117375,2238,1,120,100,1,0,57.990657806396484,0.0,0.0,1.0,0.23333333333333334,0.0,0,0,0,22,-1,22,-1,1.0,3,0.36363636363636365,0.5,0.0,-0.8799999999999999,0.0,0.0,0.0,0.045454545454545456
stage1d_single_agent_carry_bootstrap,4,1,117394,2239,1,120,100,1,0,58.437583923339844,0.0,0.0,1.0,0.3,0.0,0,0,0,19,-1,19,-1,1.0,2,0.3684210526315789,0.47368421052631576,0.0,-0.72,0.0,0.0,0.0,0.05263157894736842
stage1d_single_agent_carry_bootstrap,4,1,117425,2240,1,120,100,1,0,57.34580612182617,0.0,0.0,1.0,0.36666666666666664,0.0,0,0,0,31,-1,31,-1,1.0,2,0.3225806451612903,0.45161290322580644,0.0,-1.1199999999999999,0.0,0.0,0.0,0.03225806451612903
stage1d_single_agent_carry_bootstrap,4,1,117448,2241,1,120,100,1,0,57.85076904296875,0.0,0.0,1.0,0.26666666666666666,0.0,0,0,0,23,-1,23,-1,1.0,3,0.391304347826087,0.5217391304347826,0.0,-0.9599999999999999,0.0,0.0,0.0,0.043478260869565216
stage1d_single_agent_carry_bootstrap,4,1,117473,2242,1,120,100,1,0,57.8287467956543,0.0,0.0,1.0,0.2,0.0,0,0,0,25,-1,25,-1,1.0,4,0.2,0.36,0.04,-0.7599999999999999,0.0,0.0,0.0,0.04
stage1d_single_agent_carry_bootstrap,4,1,117507,2243,1,120,100,1,0,55.87815475463867,0.0,0.0,1.0,0.4666666666666667,0.0,0,0,0,34,-1,34,-1,1.0,3,0.4117647058823529,0.5882352941176471,0.0,-1.6000000000000003,0.0,0.0,0.0,0.029411764705882353
stage1d_single_agent_carry_bootstrap,4,1,117528,2244,1,120,100,1,0,57.130348205566406,0.0,0.0,1.0,0.16666666666666666,0.0,0,0,0,21,-1,21,-1,1.0,2,0.09523809523809523,0.38095238095238093,0.0,-0.64,0.0,0.0,0.0,0.047619047619047616
stage1d_single_agent_carry_bootstrap,4,1,117549,2245,1,120,100,1,0,57.224334716796875,0.0,0.0,1.0,0.2,0.0,0,0,0,21,-1,21,-1,1.0,2,0.09523809523809523,0.3333333333333333,0.0,-0.56,0.0,0.0,0.0,0.047619047619047616
stage1d_single_agent_carry_bootstrap,4,1,117564,2246,1,120,100,1,0,58.518218994140625,0.0,0.0,1.0,0.16666666666666666,0.0,0,0,0,15,-1,15,-1,1.0,2,0.4,0.5333333333333333,0.0,-0.64,0.0,0.0,0.0,0.06666666666666667
stage1d_single_agent_carry_bootstrap,4,1,117570,2247,1,120,100,1,0,60.145023345947266,0.0,0.0,1.0,0.1,0.0,0,0,0,6,-1,6,-1,1.0,0,0.0,0.0,0.0,0.0,0.0,0.0,0.0,0.16666666666666666
stage1d_single_agent_carry_bootstrap,4,1,117590,2248,1,120,100,1,0,58.70325469970703,0.0,0.0,1.0,0.26666666666666666,0.0,0,0,0,20,-1,20,-1,1.0,3,0.25,0.4,0.0,-0.64,0.0,0.0,0.0,0.05
stage1d_single_agent_carry_bootstrap,4,1,117609,2249,1,120,100,1,0,58.33992004394531,0.0,0.0,1.0,0.2,0.0,0,0,0,19,-1,19,-1,1.0,2,0.15789473684210525,0.3157894736842105,0.0,-0.48000000000000004,0.0,0.0,0.0,0.05263157894736842
stage1d_single_agent_carry_bootstrap,4,1,117620,2250,1,120,100,1,0,59.47410583496094,0.0,0.0,1.0,0.16666666666666666,0.0,0,0,0,11,-1,11,-1,1.0,0,0.0,0.18181818181818182,0.0,-0.16,0.0,0.0,0.0,0.09090909090909091
stage1d_single_agent_carry_bootstrap,4,1,117635,2251,1,120,100,1,0,59.30464553833008,0.0,0.0,1.0,0.23333333333333334,0.0,0,0,0,15,-1,15,-1,1.0,1,0.2,0.3333333333333333,0.06666666666666667,-0.44000000000000006,0.0,0.0,0.0,0.06666666666666667
stage1d_single_agent_carry_bootstrap,4,1,117658,2252,1,120,100,1,0,57.81085968017578,0.0,0.0,1.0,0.3,0.0,0,0,0,23,-1,23,-1,1.0,3,0.34782608695652173,0.5217391304347826,0.0,-0.9599999999999999,0.0,0.0,0.0,0.043478260869565216
stage1d_single_agent_carry_bootstrap,4,1,117661,2253,1,120,100,1,0,59.596527099609375,0.0,0.0,1.0,0.03333333333333333,0.0,0,0,0,3,-1,3,-1,1.0,0,0.0,0.0,0.0,0.0,0.0,0.0,0.0,0.3333333333333333
stage1d_single_agent_carry_bootstrap,4,1,117678,2254,1,120,100,1,0,58.718353271484375,0.0,0.0,1.0,0.26666666666666666,0.0,0,0,0,17,-1,17,-1,1.0,1,0.29411764705882354,0.4117647058823529,0.0,-0.56,0.0,0.0,0.0,0.058823529411764705
stage1d_single_agent_carry_bootstrap,4,1,117686,2255,1,120,100,1,0,58.96012878417969,0.0,0.0,1.0,0.06666666666666667,0.0,0,0,0,8,-1,8,-1,1.0,1,0.125,0.375,0.0,-0.24,0.0,0.0,0.0,0.125
stage1d_single_agent_carry_bootstrap,4,1,117689,2256,1,120,100,1,0,60.00638961791992,0.0,0.0,1.0,0.06666666666666667,0.0,0,0,0,3,-1,3,-1,1.0,0,0.0,0.0,0.0,0.0,0.0,0.0,0.0,0.3333333333333333
stage1d_single_agent_carry_bootstrap,4,1,117706,2257,1,120,100,1,0,58.24085235595703,0.0,0.0,1.0,0.2,0.0,0,0,0,17,-1,17,-1,1.0,2,0.29411764705882354,0.4117647058823529,0.0,-0.56,0.0,0.0,0.0,0.058823529411764705
stage1d_single_agent_carry_bootstrap,4,1,117726,2258,1,120,100,1,0,57.00399398803711,0.0,0.0,1.0,0.13333333333333333,0.0,0,0,0,20,-1,20,-1,1.0,2,0.1,0.4,0.0,-0.64,0.0,0.0,0.0,0.05
stage1d_single_agent_carry_bootstrap,4,1,117731,2259,1,120,100,1,0,60.07737731933594,0.0,0.0,1.0,0.13333333333333333,0.0,0,0,0,5,-1,5,-1,1.0,0,0.0,0.0,0.0,0.0,0.0,0.0,0.0,0.2
stage1d_single_agent_carry_bootstrap,4,1,117735,2260,1,120,100,1,0,60.058929443359375,0.0,0.0,1.0,0.06666666666666667,0.0,0,0,0,4,-1,4,-1,1.0,0,0.0,0.0,0.0,0.0,0.0,0.0,0.0,0.25
stage1d_single_agent_carry_bootstrap,4,1,117765,2261,1,120,100,1,0,57.90041732788086,0.0,0.0,1.0,0.36666666666666664,0.0,0,0,0,30,-1,30,-1,1.0,3,0.3,0.4,0.03333333333333333,-0.9999999999999998,0.0,0.0,0.0,0.03333333333333333
stage1d_single_agent_carry_bootstrap,4,1,117791,2262,1,120,100,1,0,57.70027160644531,0.0,0.0,1.0,0.3333333333333333,0.0,0,0,0,26,-1,26,-1,1.0,3,0.34615384615384615,0.5,0.038461538461538464,-1.0799999999999998,0.0,0.0,0.0,0.038461538461538464
stage1d_single_agent_carry_bootstrap,4,1,117813,2263,1,120,100,1,0,57.79526901245117,0.0,0.0,1.0,0.16666666666666666,0.0,0,0,0,22,-1,22,-1,1.0,2,0.13636363636363635,0.36363636363636365,0.0,-0.64,0.0,0.0,0.0,0.045454545454545456
stage1d_single_agent_carry_bootstrap,4,1,117815,2264,1,120,100,1,0,59.99918746948242,0.0,0.0,1.0,0.06666666666666667,0.0,0,0,0,2,-1,2,-1,1.0,0,0.0,0.0,0.0,0.0,0.0,0.0,0.0,0.5
stage1d_single_agent_carry_bootstrap,4,1,117818,2265,1,120,100,1,0,60.019805908203125,0.0,0.0,1.0,0.03333333333333333,0.0,0,0,0,3,-1,3,-1,1.0,0,0.0,0.0,0.0,0.0,0.0,0.0,0.0,0.3333333333333333
stage1d_single_agent_carry_bootstrap,4,1,117822,2266,1,120,100,1,0,60.05058288574219,0.0,0.0,1.0,0.1,0.0,0,0,0,4,-1,4,-1,1.0,0,0.0,0.0,0.0,0.0,0.0,0.0,0.0,0.25
stage1d_single_agent_carry_bootstrap,4,1,117834,2267,1,120,100,1,0,59.310760498046875,0.0,0.0,1.0,0.16666666666666666,0.0,0,0,0,12,-1,12,-1,1.0,0,0.0,0.08333333333333333,0.0,-0.08,0.0,0.0,0.0,0.08333333333333333
stage1d_single_agent_carry_bootstrap,4,1,117861,2268,1,120,100,1,0,56.826316833496094,0.0,0.0,1.0,0.23333333333333334,0.0,0,0,0,27,-1,27,-1,1.0,3,0.2222222222222222,0.4074074074074074,0.0,-0.8799999999999999,0.0,0.0,0.0,0.037037037037037035
stage1d_single_agent_carry_bootstrap,4,1,117881,2269,1,120,100,1,0,58.17974853515625,0.0,0.0,1.0,0.26666666666666666,0.0,0,0,0,20,-1,20,-1,1.0,3,0.25,0.4,0.05,-0.6799999999999999,0.0,0.0,0.0,0.05
stage1d_single_agent_carry_bootstrap,4,1,117898,2270,1,120,100,1,0,57.915706634521484,0.0,0.0,1.0,0.16666666666666666,0.0,0,0,0,17,-1,17,-1,1.0,2,0.11764705882352941,0.4117647058823529,0.0,-0.56,0.0,0.0,0.0,0.058823529411764705
stage1d_single_agent_carry_bootstrap,4,1,117913,2271,1,120,100,1,0,58.91148376464844,0.0,0.0,1.0,0.2,0.0,0,0,0,15,-1,15,-1,1.0,1,0.2,0.3333333333333333,0.0,-0.4,0.0,0.0,0.0,0.06666666666666667
stage1d_single_agent_carry_bootstrap,4,1,117923,2272,1,120,100,1,0,59.46943283081055,0.0,0.0,1.0,0.13333333333333333,0.0,0,0,0,10,-1,10,-1,1.0,1,0.1,0.2,0.0,-0.16,0.0,0.0,0.0,0.1
stage1d_single_agent_carry_bootstrap,4,1,117937,2273,1,120,100,1,0,58.563331604003906,0.0,0.0,1.0,0.16666666666666666,0.0,0,0,0,14,-1,14,-1,1.0,1,0.5,0.5714285714285714,0.0,-0.64,0.0,0.0,0.0,0.07142857142857142
stage1d_single_agent_carry_bootstrap,4,1,117941,2274,1,120,100,1,0,60.05926513671875,0.0,0.0,1.0,0.06666666666666667,0.0,0,0,0,4,-1,4,-1,1.0,0,0.0,0.0,0.0,0.0,0.0,0.0,0.0,0.25
stage1d_single_agent_carry_bootstrap,4,1,117967,2275,1,120,100,1,0,57.16794204711914,0.0,0.0,1.0,0.26666666666666666,0.0,0,0,0,26,-1,26,-1,1.0,3,0.23076923076923078,0.4230769230769231,0.0,-0.8799999999999999,0.0,0.0,0.0,0.038461538461538464
stage1d_single_agent_carry_bootstrap,4,1,117971,2276,1,120,100,1,0,60.060585021972656,0.0,0.0,1.0,0.06666666666666667,0.0,0,0,0,4,-1,4,-1,1.0,0,0.0,0.0,0.0,0.0,0.0,0.0,0.0,0.25
stage1d_single_agent_carry_bootstrap,4,1,117980,2277,1,120,100,1,0,59.55458450317383,0.0,0.0,1.0,0.13333333333333333,0.0,0,0,0,9,-1,9,-1,1.0,0,0.0,0.2222222222222222,0.0,-0.16,0.0,0.0,0.0,0.1111111111111111
stage1d_single_agent_carry_bootstrap,4,1,118012,2278,1,120,100,1,0,56.10842514038086,0.0,0.0,1.0,0.43333333333333335,0.0,0,0,0,32,-1,32,-1,1.0,3,0.53125,0.6875,0.0,-1.7600000000000005,0.0,0.0,0.0,0.03125
stage1d_single_agent_carry_bootstrap,4,1,118043,2279,1,120,100,1,0,56.220149993896484,0.0,0.0,1.0,0.26666666666666666,0.0,0,0,0,31,-1,31,-1,1.0,4,0.16129032258064516,0.3870967741935484,0.0,-0.9599999999999999,0.0,0.0,0.0,0.03225806451612903
stage1d_single_agent_carry_bootstrap,4,1,118067,2280,1,120,100,1,0,57.608543395996094,0.0,0.0,1.0,0.23333333333333334,0.0,0,0,0,24,-1,24,-1,1.0,4,0.25,0.4166666666666667,0.041666666666666664,-0.8399999999999999,0.0,0.0,0.0,0.041666666666666664
stage1d_single_agent_carry_bootstrap,4,1,118079,2281,1,120,100,1,0,59.501556396484375,0.0,0.0,1.0,0.2,0.0,0,0,0,12,-1,12,-1,1.0,1,0.16666666666666666,0.25,0.0,-0.24,0.0,0.0,0.0,0.08333333333333333
stage1d_single_agent_carry_bootstrap,4,1,118093,2282,1,120,100,1,0,58.82514190673828,0.0,0.0,1.0,0.2,0.0,0,0,0,14,-1,14,-1,1.0,1,0.2857142857142857,0.42857142857142855,0.0,-0.48000000000000004,0.0,0.0,0.0,0.07142857142857142
stage1d_single_agent_carry_bootstrap,4,1,118108,2283,1,120,100,1,0,58.606956481933594,0.0,0.0,1.0,0.16666666666666666,0.0,0,0,0,15,-1,15,-1,1.0,2,0.3333333333333333,0.4666666666666667,0.0,-0.56,0.0,0.0,0.0,0.06666666666666667
stage1d_single_agent_carry_bootstrap,4,1,118134,2284,1,120,100,1,0,57.48759078979492,0.0,0.0,1.0,0.3,0.0,0,0,0,26,-1,26,-1,1.0,4,0.2692307692307692,0.46153846153846156,0.0,-0.9599999999999999,0.0,0.0,0.0,0.038461538461538464
stage1d_single_agent_carry_bootstrap,4,1,118136,2285,1,120,100,1,0,60.00067901611328,0.0,0.0,1.0,0.03333333333333333,0.0,0,0,0,2,-1,2,-1,1.0,0,0.0,0.0,0.0,0.0,0.0,0.0,0.0,0.5
stage1d_single_agent_carry_bootstrap,4,1,118155,2286,1,120,100,1,0,58.24387741088867,0.0,0.0,1.0,0.26666666666666666,0.0,0,0,0,19,-1,19,-1,1.0,3,0.21052631578947367,0.42105263157894735,0.0,-0.64,0.0,0.0,0.0,0.05263157894736842
stage1d_single_agent_carry_bootstrap,4,1,118179,2287,1,120,100,1,0,58.277130126953125,0.0,0.0,1.0,0.3333333333333333,0.0,0,0,0,24,-1,24,-1,1.0,3,0.3333333333333333,0.4583333333333333,0.0,-0.8799999999999999,0.0,0.0,0.0,0.041666666666666664
stage1d_single_agent_carry_bootstrap,4,1,118203,2288,1,120,100,1,0,57.46916198730469,0.0,0.0,1.0,0.2,0.0,0,0,0,24,-1,24,-1,1.0,4,0.3333333333333333,0.5,0.041666666666666664,-0.9999999999999998,0.0,0.0,0.0,0.041666666666666664
stage1d_single_agent_carry_bootstrap,4,1,118225,2289,1,120,100,1,0,58.06208038330078,0.0,0.0,1.0,0.26666666666666666,0.0,0,0,0,22,-1,22,-1,1.0,3,0.2727272727272727,0.4090909090909091,0.0,-0.72,0.0,0.0,0.0,0.045454545454545456
stage1d_single_agent_carry_bootstrap,4,1,118252,2290,1,120,100,1,0,58.004417419433594,0.0,0.0,1.0,0.3,0.0,0,0,0,27,-1,27,-1,1.0,3,0.25925925925925924,0.4074074074074074,0.0,-0.8799999999999999,0.0,0.0,0.0,0.037037037037037035
stage1d_single_agent_carry_bootstrap,4,1,118289,2291,1,120,100,1,0,56.34504699707031,0.0,0.0,1.0,0.4666666666666667,0.0,0,0,0,37,-1,37,-1,1.0,3,0.40540540540540543,0.5405405405405406,0.0,-1.6000000000000003,0.0,0.0,0.0,0.02702702702702703
stage1d_single_agent_carry_bootstrap,4,1,118303,2292,1,120,100,1,0,58.465057373046875,0.0,0.0,1.0,0.16666666666666666,0.0,0,0,0,14,-1,14,-1,1.0,1,0.5714285714285714,0.6428571428571429,0.0,-0.72,0.0,0.0,0.0,0.07142857142857142
stage1d_single_agent_carry_bootstrap,4,1,118306,2293,1,120,100,1,0,60.020015716552734,0.0,0.0,1.0,0.06666666666666667,0.0,0,0,0,3,-1,3,-1,1.0,0,0.0,0.0,0.0,0.0,0.0,0.0,0.0,0.3333333333333333
stage1d_single_agent_carry_bootstrap,4,1,118324,2294,1,120,100,1,0,58.57841491699219,0.0,0.0,1.0,0.23333333333333334,0.0,0,0,0,18,-1,18,-1,1.0,2,0.2777777777777778,0.4444444444444444,0.0,-0.64,0.0,0.0,0.0,0.05555555555555555
stage1d_single_agent_carry_bootstrap,4,1,118357,2295,1,120,100,1,0,58.05916976928711,0.0,0.0,1.0,0.4,0.0,0,0,0,33,-1,33,-1,1.0,3,0.2727272727272727,0.36363636363636365,0.0,-0.9599999999999999,0.0,0.0,0.0,0.030303030303030304
stage1d_single_agent_carry_bootstrap,4,1,118372,2296,1,120,100,1,0,58.21339797973633,0.0,0.0,1.0,0.13333333333333333,0.0,0,0,0,15,-1,15,-1,1.0,2,0.26666666666666666,0.4666666666666667,0.0,-0.56,0.0,0.0,0.0,0.06666666666666667
stage1d_single_agent_carry_bootstrap,4,1,118380,2297,1,120,100,1,0,58.779869079589844,0.0,0.0,1.0,0.06666666666666667,0.0,0,0,0,8,-1,8,-1,1.0,0,0.0,0.125,0.0,-0.08,0.0,0.0,0.0,0.125
stage1d_single_agent_carry_bootstrap,4,1,118397,2298,1,120,100,1,0,58.657562255859375,0.0,0.0,1.0,0.23333333333333334,0.0,0,0,0,17,-1,17,-1,1.0,2,0.29411764705882354,0.4117647058823529,0.058823529411764705,-0.6,0.0,0.0,0.0,0.058823529411764705
stage1d_single_agent_carry_bootstrap,4,1,118418,2299,1,120,100,1,0,58.18016815185547,0.0,0.0,1.0,0.26666666666666666,0.0,0,0,0,21,-1,21,-1,1.0,3,0.23809523809523808,0.42857142857142855,0.0,-0.72,0.0,0.0,0.0,0.047619047619047616
stage1d_single_agent_carry_bootstrap,4,1,118430,2300,1,120,100,1,0,57.96540451049805,0.0,0.0,1.0,0.03333333333333333,0.0,0,0,0,12,-1,12,-1,1.0,1,0.08333333333333333,0.4166666666666667,0.0,-0.4,0.0,0.0,0.0,0.08333333333333333
stage1d_single_agent_carry_bootstrap,4,1,118435,2301,1,120,100,1,0,59.491695404052734,0.0,0.0,1.0,0.06666666666666667,0.0,0,0,0,5,-1,5,-1,1.0,0,0.0,0.2,0.2,-0.12,0.0,0.0,0.0,0.2
stage1d_single_agent_carry_bootstrap,4,1,118455,2302,1,120,100,1,0,57.81912612915039,0.0,0.0,1.0,0.16666666666666666,0.0,0,0,0,20,-1,20,-1,1.0,2,0.2,0.4,0.05,-0.6799999999999999,0.0,0.0,0.0,0.05
stage1d_single_agent_carry_bootstrap,4,1,118460,2303,1,120,100,1,0,60.10401916503906,0.0,0.0,1.0,0.06666666666666667,0.0,0,0,0,5,-1,5,-1,1.0,0,0.0,0.0,0.0,0.0,0.0,0.0,0.0,0.2
stage1d_single_agent_carry_bootstrap,4,1,118486,2304,1,120,100,1,0,57.27580642700195,0.0,0.0,1.0,0.26666666666666666,0.0,0,0,0,26,-1,26,-1,1.0,2,0.34615384615384615,0.5384615384615384,0.0,-1.1199999999999999,0.0,0.0,0.0,0.038461538461538464
stage1d_single_agent_carry_bootstrap,4,1,118511,2305,1,120,100,1,0,57.78511047363281,0.0,0.0,1.0,0.26666666666666666,0.0,0,0,0,25,-1,25,-1,1.0,2,0.16,0.36,0.0,-0.72,0.0,0.0,0.0,0.04
stage1d_single_agent_carry_bootstrap,4,1,118513,2306,1,120,100,1,0,60.0005989074707,0.0,0.0,1.0,0.03333333333333333,0.0,0,0,0,2,-1,2,-1,1.0,0,0.0,0.0,0.0,0.0,0.0,0.0,0.0,0.5
stage1d_single_agent_carry_bootstrap,4,1,118520,2307,1,120,100,1,0,60.143402099609375,0.0,0.0,1.0,0.16666666666666666,0.0,0,0,0,7,-1,7,-1,1.0,0,0.0,0.0,0.0,0.0,0.0,0.0,0.0,0.14285714285714285
stage1d_single_agent_carry_bootstrap,4,1,118541,2308,1,120,100,1,0,58.049739837646484,0.0,0.0,1.0,0.26666666666666666,0.0,0,0,0,21,-1,21,-1,1.0,3,0.2857142857142857,0.47619047619047616,0.0,-0.7999999999999999,0.0,0.0,0.0,0.047619047619047616
stage1d_single_agent_carry_bootstrap,4,1,118545,2309,1,120,100,1,0,59.92949295043945,0.0,0.0,1.0,0.06666666666666667,0.0,0,0,0,4,-1,4,-1,1.0,0,0.0,0.25,0.0,-0.08,0.0,0.0,0.0,0.25
stage1d_single_agent_carry_bootstrap,4,1,118560,2310,1,120,100,1,0,58.377479553222656,0.0,0.0,1.0,0.16666666666666666,0.0,0,0,0,15,-1,15,-1,1.0,1,0.13333333333333333,0.4,0.0,-0.48000000000000004,0.0,0.0,0.0,0.06666666666666667
stage1d_single_agent_carry_bootstrap,4,1,118572,2311,1,120,100,1,0,59.96075439453125,0.0,0.0,1.0,0.2,0.0,0,0,0,12,-1,12,-1,1.0,1,0.08333333333333333,0.16666666666666666,0.0,-0.16,0.0,0.0,0.0,0.08333333333333333
stage1d_single_agent_carry_bootstrap,4,1,118573,2312,1,120,100,1,0,59.99599838256836,0.0,0.0,1.0,0.03333333333333333,0.0,0,0,0,1,-1,1,-1,1.0,0,0.0,0.0,0.0,0.0,0.0,0.0,0.0,1.0
stage1d_single_agent_carry_bootstrap,4,1,118599,2313,1,120,100,1,0,57.385494232177734,0.0,0.0,1.0,0.3,0.0,0,0,0,26,-1,26,-1,1.0,3,0.3076923076923077,0.46153846153846156,0.0,-0.9599999999999999,0.0,0.0,0.0,0.038461538461538464
stage1d_single_agent_carry_bootstrap,4,1,118626,2314,1,120,100,1,0,57.593204498291016,0.0,0.0,1.0,0.3,0.0,0,0,0,27,-1,27,-1,1.0,3,0.25925925925925924,0.4074074074074074,0.037037037037037035,-0.9199999999999998,0.0,0.0,0.0,0.037037037037037035
stage1d_single_agent_carry_bootstrap,4,1,118650,2315,1,120,100,1,0,57.84371566772461,0.0,0.0,1.0,0.23333333333333334,0.0,0,0,0,24,-1,24,-1,1.0,2,0.16666666666666666,0.3333333333333333,0.0,-0.64,0.0,0.0,0.0,0.041666666666666664
stage1d_single_agent_carry_bootstrap,4,1,118674,2316,1,120,100,1,0,57.951171875,0.0,0.0,1.0,0.23333333333333334,0.0,0,0,0,24,-1,24,-1,1.0,3,0.2916666666666667,0.4166666666666667,0.041666666666666664,-0.84,0.0,0.0,0.0,0.041666666666666664
stage1d_single_agent_carry_bootstrap,4,1,118680,2317,1,120,100,1,0,60.10393142700195,0.0,0.0,1.0,0.1,0.0,0,0,0,6,-1,6,-1,1.0,0,0.0,0.0,0.0,0.0,0.0,0.0,0.0,0.16666666666666666
stage1d_single_agent_carry_bootstrap,4,1,118686,2318,1,120,100,1,0,60.149681091308594,0.0,0.0,1.0,0.13333333333333333,0.0,0,0,0,6,-1,6,-1,1.0,0,0.0,0.0,0.0,0.0,0.0,0.0,0.0,0.16666666666666666
stage1d_single_agent_carry_bootstrap,4,1,118701,2319,1,120,100,1,0,58.55901336669922,0.0,0.0,1.0,0.2,0.0,0,0,0,15,-1,15,-1,1.0,2,0.4,0.5333333333333333,0.0,-0.64,0.0,0.0,0.0,0.06666666666666667
stage1d_single_agent_carry_bootstrap,4,1,118723,2320,1,120,100,1,0,58.2268180847168,0.0,0.0,1.0,0.36666666666666664,0.0,0,0,0,22,-1,22,-1,1.0,2,0.4090909090909091,0.5454545454545454,0.0,-0.9599999999999999,0.0,0.0,0.0,0.045454545454545456
stage1d_single_agent_carry_bootstrap,4,1,118725,2321,1,120,100,1,0,60.00322341918945,0.0,0.0,1.0,0.03333333333333333,0.0,0,0,0,2,-1,2,-1,1.0,0,0.0,0.0,0.0,0.0,0.0,0.0,0.0,0.5
stage1d_single_agent_carry_bootstrap,4,1,118743,2322,1,120,100,1,0,58.913536071777344,0.0,0.0,1.0,0.3,0.0,0,0,0,18,-1,18,-1,1.0,1,0.16666666666666666,0.3333333333333333,0.0,-0.48000000000000004,0.0,0.0,0.0,0.05555555555555555
stage1d_single_agent_carry_bootstrap,4,1,118749,2323,1,120,100,1,0,59.70545196533203,0.0,0.0,1.0,0.1,0.0,0,0,0,6,-1,6,-1,1.0,0,0.0,0.0,0.0,0.0,0.0,0.0,0.0,0.16666666666666666
stage1d_single_agent_carry_bootstrap,4,1,118770,2324,1,120,100,1,0,58.14511489868164,0.0,0.0,1.0,0.3333333333333333,0.0,0,0,0,21,-1,21,-1,1.0,1,0.5238095238095238,0.6190476190476191,0.0,-1.0399999999999998,0.0,0.0,0.0,0.047619047619047616
stage1d_single_agent_carry_bootstrap,4,1,118777,2325,1,120,100,1,0,60.19639205932617,0.0,0.0,1.0,0.16666666666666666,0.0,0,0,0,7,-1,7,-1,1.0,0,0.0,0.0,0.0,0.0,0.0,0.0,0.0,0.14285714285714285
stage1d_single_agent_carry_bootstrap,4,1,118791,2326,1,120,100,1,0,59.35389709472656,0.0,0.0,1.0,0.2,0.0,0,0,0,14,-1,14,-1,1.0,1,0.2857142857142857,0.35714285714285715,0.0,-0.4,0.0,0.0,0.0,0.07142857142857142
stage1d_single_agent_carry_bootstrap,4,1,118811,2327,1,120,100,1,0,58.587608337402344,0.0,0.0,1.0,0.3,0.0,0,0,0,20,-1,20,-1,1.0,2,0.25,0.4,0.0,-0.64,0.0,0.0,0.0,0.05
stage1d_single_agent_carry_bootstrap,4,1,118833,2328,1,120,100,1,0,56.861080169677734,0.0,0.0,1.0,0.13333333333333333,0.0,0,0,0,22,-1,22,-1,1.0,3,0.18181818181818182,0.45454545454545453,0.0,-0.7999999999999999,0.0,0.0,0.0,0.045454545454545456
stage1d_single_agent_carry_bootstrap,4,1,118853,2329,1,120,100,1,0,57.780120849609375,0.0,0.0,1.0,0.16666666666666666,0.0,0,0,0,20,-1,20,-1,1.0,3,0.25,0.45,0.0,-0.72,0.0,0.0,0.0,0.05
stage1d_single_agent_carry_bootstrap,4,1,118883,2330,1,120,100,1,0,57.44852066040039,0.0,0.0,1.0,0.3,0.0,0,0,0,30,-1,30,-1,1.0,3,0.3,0.43333333333333335,0.0,-1.0399999999999998,0.0,0.0,0.0,0.03333333333333333
stage1d_single_agent_carry_bootstrap,4,1,118907,2331,1,120,100,1,0,58.03947830200195,0.0,0.0,1.0,0.3,0.0,0,0,0,24,-1,24,-1,1.0,3,0.25,0.4166666666666667,0.0,-0.7999999999999999,0.0,0.0,0.0,0.041666666666666664
stage1d_single_agent_carry_bootstrap,4,1,118917,2332,1,120,100,1,0,59.479244232177734,0.0,0.0,1.0,0.2,0.0,0,0,0,10,-1,10,-1,1.0,1,0.2,0.3,0.0,-0.24,0.0,0.0,0.0,0.1
stage1d_single_agent_carry_bootstrap,4,1,118942,2333,1,120,100,1,0,57.96883773803711,0.0,0.0,1.0,0.36666666666666664,0.0,0,0,0,25,-1,25,-1,1.0,3,0.32,0.44,0.0,-0.8799999999999999,0.0,0.0,0.0,0.04
stage1d_single_agent_carry_bootstrap,4,1,118965,2334,1,120,100,1,0,58.11589050292969,0.0,0.0,1.0,0.23333333333333334,0.0,0,0,0,23,-1,23,-1,1.0,3,0.21739130434782608,0.391304347826087,0.0,-0.72,0.0,0.0,0.0,0.043478260869565216
stage1d_single_agent_carry_bootstrap,4,1,118990,2335,1,120,100,1,0,56.75028991699219,0.0,0.0,1.0,0.2,0.0,0,0,0,25,-1,25,-1,1.0,2,0.2,0.44,0.0,-0.8799999999999999,0.0,0.0,0.0,0.04
stage1d_single_agent_carry_bootstrap,4,1,118997,2336,1,120,100,1,0,59.57034683227539,0.0,0.0,1.0,0.1,0.0,0,0,0,7,-1,7,-1,1.0,0,0.0,0.14285714285714285,0.0,-0.08,0.0,0.0,0.0,0.14285714285714285
stage1d_single_agent_carry_bootstrap,4,1,119024,2337,1,120,100,1,0,57.103431701660156,0.0,0.0,1.0,0.2,0.0,0,0,0,27,-1,27,-1,1.0,3,0.25925925925925924,0.4074074074074074,0.0,-0.8799999999999999,0.0,0.0,0.0,0.037037037037037035
stage1d_single_agent_carry_bootstrap,4,1,119048,2338,1,120,100,1,0,57.62196731567383,0.0,0.0,1.0,0.26666666666666666,0.0,0,0,0,24,-1,24,-1,1.0,4,0.25,0.4583333333333333,0.0,-0.8799999999999999,0.0,0.0,0.0,0.041666666666666664
stage1d_single_agent_carry_bootstrap,4,1,119069,2339,1,120,100,1,0,58.30326843261719,0.0,0.0,1.0,0.23333333333333334,0.0,0,0,0,21,-1,21,-1,1.0,3,0.19047619047619047,0.3333333333333333,0.0,-0.56,0.0,0.0,0.0,0.047619047619047616
stage1d_single_agent_carry_bootstrap,4,1,119091,2340,1,120,100,1,0,56.981502532958984,0.0,0.0,1.0,0.13333333333333333,0.0,0,0,0,22,-1,22,-1,1.0,4,0.18181818181818182,0.4090909090909091,0.0,-0.72,0.0,0.0,0.0,0.045454545454545456
stage1d_single_agent_carry_bootstrap,4,1,119097,2341,1,120,100,1,0,60.114158630371094,0.0,0.0,1.0,0.1,0.0,0,0,0,6,-1,6,-1,1.0,0,0.0,0.0,0.0,0.0,0.0,0.0,0.0,0.16666666666666666
stage1d_single_agent_carry_bootstrap,4,1,119104,2342,1,120,100,1,0,59.675411224365234,0.0,0.0,1.0,0.1,0.0,0,0,0,7,-1,7,-1,1.0,0,0.0,0.0,0.0,0.0,0.0,0.0,0.0,0.14285714285714285
stage1d_single_agent_carry_bootstrap,4,1,119110,2343,1,120,100,1,0,59.982574462890625,0.0,0.0,1.0,0.13333333333333333,0.0,0,0,0,6,-1,6,-1,1.0,0,0.0,0.16666666666666666,0.0,-0.08,0.0,0.0,0.0,0.16666666666666666
stage1d_single_agent_carry_bootstrap,4,1,119130,2344,1,120,100,1,0,57.81352615356445,0.0,0.0,1.0,0.16666666666666666,0.0,0,0,0,20,-1,20,-1,1.0,3,0.2,0.4,0.05,-0.6799999999999999,0.0,0.0,0.0,0.05
stage1d_single_agent_carry_bootstrap,4,1,119132,2345,1,120,100,1,0,60.00236129760742,0.0,0.0,1.0,0.06666666666666667,0.0,0,0,0,2,-1,2,-1,1.0,0,0.0,0.0,0.0,0.0,0.0,0.0,0.0,0.5
stage1d_single_agent_carry_bootstrap,4,1,119146,2346,1,120,100,1,0,59.478816986083984,0.0,0.0,1.0,0.26666666666666666,0.0,0,0,0,14,-1,14,-1,1.0,1,0.07142857142857142,0.21428571428571427,0.0,-0.24,0.0,0.0,0.0,0.07142857142857142
stage1d_single_agent_carry_bootstrap,4,1,119151,2347,1,120,100,1,0,60.06845474243164,0.0,0.0,1.0,0.06666666666666667,0.0,0,0,0,5,-1,5,-1,1.0,0,0.0,0.0,0.0,0.0,0.0,0.0,0.0,0.2
stage1d_single_agent_carry_bootstrap,4,1,119164,2348,1,120,100,1,0,58.21116256713867,0.0,0.0,1.0,0.1,0.0,0,0,0,13,-1,13,-1,1.0,2,0.3076923076923077,0.5384615384615384,0.0,-0.56,0.0,0.0,0.0,0.07692307692307693
stage1d_single_agent_carry_bootstrap,4,1,119188,2349,1,120,100,1,0,57.53434371948242,0.0,0.0,1.0,0.3,0.0,0,0,0,24,-1,24,-1,1.0,3,0.25,0.4166666666666667,0.0,-0.7999999999999999,0.0,0.0,0.0,0.041666666666666664
stage1d_single_agent_carry_bootstrap,4,1,119209,2350,1,120,100,1,0,58.39927291870117,0.0,0.0,1.0,0.26666666666666666,0.0,0,0,0,21,-1,21,-1,1.0,2,0.38095238095238093,0.47619047619047616,0.0,-0.7999999999999999,0.0,0.0,0.0,0.047619047619047616
stage1d_single_agent_carry_bootstrap,4,1,119227,2351,1,120,100,1,0,58.15292739868164,0.0,0.0,1.0,0.23333333333333334,0.0,0,0,0,18,-1,18,-1,1.0,3,0.2777777777777778,0.4444444444444444,0.0,-0.64,0.0,0.0,0.0,0.05555555555555555
stage1d_single_agent_carry_bootstrap,4,1,119253,2352,1,120,100,1,0,57.12632369995117,0.0,0.0,1.0,0.23333333333333334,0.0,0,0,0,26,-1,26,-1,1.0,4,0.2692307692307692,0.4230769230769231,0.0,-0.8799999999999999,0.0,0.0,0.0,0.038461538461538464
stage1d_single_agent_carry_bootstrap,4,1,119279,2353,1,120,100,1,0,58.00959014892578,0.0,0.0,1.0,0.26666666666666666,0.0,0,0,0,26,-1,26,-1,1.0,3,0.3076923076923077,0.4230769230769231,0.0,-0.8799999999999999,0.0,0.0,0.0,0.038461538461538464
stage1d_single_agent_carry_bootstrap,4,1,119301,2354,1,120,100,1,0,57.44931411743164,0.0,0.0,1.0,0.2,0.0,0,0,0,22,-1,22,-1,1.0,3,0.3181818181818182,0.5454545454545454,0.0,-0.9599999999999999,0.0,0.0,0.0,0.045454545454545456
stage1d_single_agent_carry_bootstrap,4,1,119324,2355,1,120,100,1,0,57.90837478637695,0.0,0.0,1.0,0.3,0.0,0,0,0,23,-1,23,-1,1.0,2,0.34782608695652173,0.4782608695652174,0.0,-0.8799999999999999,0.0,0.0,0.0,0.043478260869565216
stage1d_single_agent_carry_bootstrap,4,1,119351,2356,1,120,100,1,0,57.28314208984375,0.0,0.0,1.0,0.3,0.0,0,0,0,27,-1,27,-1,1.0,4,0.14814814814814814,0.3333333333333333,0.0,-0.72,0.0,0.0,0.0,0.037037037037037035
stage1d_single_agent_carry_bootstrap,4,1,119365,2357,1,120,100,1,0,59.842811584472656,0.0,0.0,1.0,0.3,0.0,0,0,0,14,-1,14,-1,1.0,1,0.21428571428571427,0.2857142857142857,0.0,-0.32,0.0,0.0,0.0,0.07142857142857142
stage1d_single_agent_carry_bootstrap,4,1,119377,2358,1,120,100,1,0,59.58330535888672,0.0,0.0,1.0,0.23333333333333334,0.0,0,0,0,12,-1,12,-1,1.0,1,0.08333333333333333,0.16666666666666666,0.0,-0.16,0.0,0.0,0.0,0.08333333333333333
stage1d_single_agent_carry_bootstrap,4,1,119390,2359,1,120,100,1,0,58.54269027709961,0.0,0.0,1.0,0.13333333333333333,0.0,0,0,0,13,-1,13,-1,1.0,2,0.46153846153846156,0.6153846153846154,0.0,-0.64,0.0,0.0,0.0,0.07692307692307693
stage1d_single_agent_carry_bootstrap,4,1,119410,2360,1,120,100,1,0,57.46176528930664,0.0,0.0,1.0,0.16666666666666666,0.0,0,0,0,20,-1,20,-1,1.0,3,0.4,0.55,0.05,-0.9199999999999998,0.0,0.0,0.0,0.05
stage1d_single_agent_carry_bootstrap,4,1,119433,2361,1,120,100,1,0,57.956050872802734,0.0,0.0,1.0,0.3333333333333333,0.0,0,0,0,23,-1,23,-1,1.0,3,0.30434782608695654,0.4782608695652174,0.0,-0.8799999999999999,0.0,0.0,0.0,0.043478260869565216
stage1d_single_agent_carry_bootstrap,4,1,119454,2362,1,120,100,1,0,57.748046875,0.0,0.0,1.0,0.16666666666666666,0.0,0,0,0,21,-1,21,-1,1.0,3,0.23809523809523808,0.42857142857142855,0.0,-0.72,0.0,0.0,0.0,0.047619047619047616
stage1d_single_agent_carry_bootstrap,4,1,119494,2363,1,120,100,1,0,56.513389587402344,0.0,0.0,1.0,0.4,0.0,0,0,0,40,-1,40,-1,1.0,4,0.225,0.4,0.0,-1.28,0.0,0.0,0.0,0.025
stage1d_single_agent_carry_bootstrap,4,1,119510,2364,1,120,100,1,0,58.65275573730469,0.0,0.0,1.0,0.23333333333333334,0.0,0,0,0,16,-1,16,-1,1.0,1,0.375,0.4375,0.0,-0.56,0.0,0.0,0.0,0.0625
stage1d_single_agent_carry_bootstrap,4,1,119513,2365,1,120,100,1,0,60.01420593261719,0.0,0.0,1.0,0.03333333333333333,0.0,0,0,0,3,-1,3,-1,1.0,0,0.0,0.0,0.0,0.0,0.0,0.0,0.0,0.3333333333333333
stage1d_single_agent_carry_bootstrap,4,1,119530,2366,1,120,100,1,0,59.01701736450195,0.0,0.0,1.0,0.26666666666666666,0.0,0,0,0,17,-1,17,-1,1.0,1,0.35294117647058826,0.47058823529411764,0.0,-0.64,0.0,0.0,0.0,0.058823529411764705
stage1d_single_agent_carry_bootstrap,4,1,119550,2367,1,120,100,1,0,56.96261978149414,0.0,0.0,1.0,0.13333333333333333,0.0,0,0,0,20,-1,20,-1,1.0,2,0.1,0.4,0.0,-0.64,0.0,0.0,0.0,0.05
stage1d_single_agent_carry_bootstrap,4,1,119553,2368,1,120,100,1,0,60.01610565185547,0.0,0.0,1.0,0.1,0.0,0,0,0,3,-1,3,-1,1.0,0,0.0,0.0,0.0,0.0,0.0,0.0,0.0,0.3333333333333333
stage1d_single_agent_carry_bootstrap,4,1,119580,2369,1,120,100,1,0,58.19538879394531,0.0,0.0,1.0,0.36666666666666664,0.0,0,0,0,27,-1,27,-1,1.0,3,0.18518518518518517,0.3333333333333333,0.0,-0.72,0.0,0.0,0.0,0.037037037037037035
stage1d_single_agent_carry_bootstrap,4,1,119599,2370,1,120,100,1,0,57.7364387512207,0.0,0.0,1.0,0.2,0.0,0,0,0,19,-1,19,-1,1.0,3,0.21052631578947367,0.42105263157894735,0.0,-0.64,0.0,0.0,0.0,0.05263157894736842
stage1d_single_agent_carry_bootstrap,4,1,119601,2371,1,120,100,1,0,60.00278854370117,0.0,0.0,1.0,0.03333333333333333,0.0,0,0,0,2,-1,2,-1,1.0,0,0.0,0.0,0.0,0.0,0.0,0.0,0.0,0.5
stage1d_single_agent_carry_bootstrap,4,1,119620,2372,1,120,100,1,0,58.139774322509766,0.0,0.0,1.0,0.2,0.0,0,0,0,19,-1,19,-1,1.0,3,0.3157894736842105,0.47368421052631576,0.0,-0.72,0.0,0.0,0.0,0.05263157894736842
stage1d_single_agent_carry_bootstrap,4,1,119628,2373,1,120,100,1,0,60.071014404296875,0.0,0.0,1.0,0.13333333333333333,0.0,0,0,0,8,-1,8,-1,1.0,0,0.0,0.125,0.0,-0.08,0.0,0.0,0.0,0.125
stage1d_single_agent_carry_bootstrap,4,1,119642,2374,1,120,100,1,0,59.0594596862793,0.0,0.0,1.0,0.16666666666666666,0.0,0,0,0,14,-1,14,-1,1.0,1,0.07142857142857142,0.2857142857142857,0.0,-0.32,0.0,0.0,0.0,0.07142857142857142
stage1d_single_agent_carry_bootstrap,4,1,119677,2375,1,120,100,1,0,55.69022750854492,0.0,0.0,1.0,0.3333333333333333,0.0,0,0,0,35,-1,35,-1,1.0,4,0.42857142857142855,0.6285714285714286,0.02857142857142857,-1.8000000000000005,0.0,0.0,0.0,0.02857142857142857
stage1d_single_agent_carry_bootstrap,4,1,119696,2376,1,120,100,1,0,58.40041732788086,0.0,0.0,1.0,0.26666666666666666,0.0,0,0,0,19,-1,19,-1,1.0,2,0.3684210526315789,0.5263157894736842,0.0,-0.7999999999999999,0.0,0.0,0.0,0.05263157894736842
stage1d_single_agent_carry_bootstrap,4,1,119699,2377,1,120,100,1,0,60.017372131347656,0.0,0.0,1.0,0.06666666666666667,0.0,0,0,0,3,-1,3,-1,1.0,0,0.0,0.0,0.0,0.0,0.0,0.0,0.0,0.3333333333333333
stage1d_single_agent_carry_bootstrap,4,1,119720,2378,1,120,100,1,0,57.706687927246094,0.0,0.0,1.0,0.2,0.0,0,0,0,21,-1,21,-1,1.0,3,0.23809523809523808,0.42857142857142855,0.0,-0.72,0.0,0.0,0.0,0.047619047619047616
stage1d_single_agent_carry_bootstrap,4,1,119738,2379,1,120,100,1,0,57.99856185913086,0.0,0.0,1.0,0.16666666666666666,0.0,0,0,0,18,-1,18,-1,1.0,3,0.3888888888888889,0.5555555555555556,0.0,-0.7999999999999999,0.0,0.0,0.0,0.05555555555555555
stage1d_single_agent_carry_bootstrap,4,1,119752,2380,1,120,100,1,0,59.39530563354492,0.0,0.0,1.0,0.2,0.0,0,0,0,14,-1,14,-1,1.0,1,0.14285714285714285,0.2857142857142857,0.0,-0.32,0.0,0.0,0.0,0.07142857142857142
stage1d_single_agent_carry_bootstrap,4,1,119771,2381,1,120,100,1,0,58.714508056640625,0.0,0.0,1.0,0.3,0.0,0,0,0,19,-1,19,-1,1.0,1,0.47368421052631576,0.5789473684210527,0.0,-0.8799999999999999,0.0,0.0,0.0,0.05263157894736842
stage1d_single_agent_carry_bootstrap,4,1,119792,2382,1,120,100,1,0,57.295074462890625,0.0,0.0,1.0,0.16666666666666666,0.0,0,0,0,21,-1,21,-1,1.0,3,0.19047619047619047,0.42857142857142855,0.0,-0.72,0.0,0.0,0.0,0.047619047619047616
stage1d_single_agent_carry_bootstrap,4,1,119812,2383,1,120,100,1,0,57.91442108154297,0.0,0.0,1.0,0.2,0.0,0,0,0,20,-1,20,-1,1.0,2,0.4,0.55,0.05,-0.9199999999999999,0.0,0.0,0.0,0.05
stage1d_single_agent_carry_bootstrap,4,1,119836,2384,1,120,100,1,0,57.24424362182617,0.0,0.0,1.0,0.26666666666666666,0.0,0,0,0,24,-1,24,-1,1.0,4,0.375,0.5833333333333334,0.0,-1.1199999999999999,0.0,0.0,0.0,0.041666666666666664
stage1d_single_agent_carry_bootstrap,4,1,119839,2385,1,120,100,1,0,60.02069854736328,0.0,0.0,1.0,0.06666666666666667,0.0,0,0,0,3,-1,3,-1,1.0,0,0.0,0.0,0.0,0.0,0.0,0.0,0.0,0.3333333333333333
stage1d_single_agent_carry_bootstrap,4,1,119860,2386,1,120,100,1,0,58.02444076538086,0.0,0.0,1.0,0.23333333333333334,0.0,0,0,0,21,-1,21,-1,1.0,3,0.3333333333333333,0.47619047619047616,0.0,-0.7999999999999999,0.0,0.0,0.0,0.047619047619047616
stage1d_single_agent_carry_bootstrap,4,1,119869,2387,1,120,100,1,0,59.40877151489258,0.0,0.0,1.0,0.1,0.0,0,0,0,9,-1,9,-1,1.0,1,0.1111111111111111,0.3333333333333333,0.0,-0.24,0.0,0.0,0.0,0.1111111111111111
stage1d_single_agent_carry_bootstrap,4,1,119874,2388,1,120,100,1,0,60.11240768432617,0.0,0.0,1.0,0.1,0.0,0,0,0,5,-1,5,-1,1.0,0,0.0,0.0,0.0,0.0,0.0,0.0,0.0,0.2
stage1d_single_agent_carry_bootstrap,4,1,119899,2389,1,120,100,1,0,57.14818572998047,0.0,0.0,1.0,0.3,0.0,0,0,0,25,-1,25,-1,1.0,2,0.24,0.44,0.0,-0.8799999999999999,0.0,0.0,0.0,0.04
stage1d_single_agent_carry_bootstrap,4,1,119918,2390,1,120,100,1,0,58.80139923095703,0.0,0.0,1.0,0.3,0.0,0,0,0,19,-1,19,-1,1.0,1,0.47368421052631576,0.5263157894736842,0.0,-0.7999999999999999,0.0,0.0,0.0,0.05263157894736842
stage1d_single_agent_carry_bootstrap,4,1,119944,2391,1,120,100,1,0,57.9176139831543,0.0,0.0,1.0,0.36666666666666664,0.0,0,0,0,26,-1,26,-1,1.0,3,0.2692307692307692,0.4230769230769231,0.0,-0.8799999999999999,0.0,0.0,0.0,0.038461538461538464
stage1d_single_agent_carry_bootstrap,4,1,119971,2392,1,120,100,1,0,57.21919631958008,0.0,0.0,1.0,0.23333333333333334,0.0,0,0,0,27,-1,27,-1,1.0,2,0.18518518518518517,0.37037037037037035,0.0,-0.7999999999999999,0.0,0.0,0.0,0.037037037037037035
stage1d_single_agent_carry_bootstrap,4,1,119989,2393,1,120,100,1,0,57.695926666259766,0.0,0.0,1.0,0.13333333333333333,0.0,0,0,0,18,-1,18,-1,1.0,3,0.2222222222222222,0.4444444444444444,0.05555555555555555,-0.6799999999999999,0.0,0.0,0.0,0.05555555555555555
stage1d_single_agent_carry_bootstrap,4,1,120008,2394,1,120,100,1,0,58.47840118408203,0.0,0.0,1.0,0.23333333333333334,0.0,0,0,0,19,-1,19,-1,1.0,2,0.3157894736842105,0.47368421052631576,0.0,-0.72,0.0,0.0,0.0,0.05263157894736842
stage1d_single_agent_carry_bootstrap,4,1,120031,2395,1,120,100,1,0,58.165802001953125,0.0,0.0,1.0,0.26666666666666666,0.0,0,0,0,23,-1,23,-1,1.0,3,0.2608695652173913,0.391304347826087,0.0,-0.72,0.0,0.0,0.0,0.043478260869565216
stage1d_single_agent_carry_bootstrap,4,1,120038,2396,1,120,100,1,0,60.046749114990234,0.0,0.0,1.0,0.13333333333333333,0.0,0,0,0,7,-1,7,-1,1.0,0,0.0,0.14285714285714285,0.0,-0.08,0.0,0.0,0.0,0.14285714285714285
stage1d_single_agent_carry_bootstrap,4,1,120063,2397,1,120,100,1,0,57.101295471191406,0.0,0.0,1.0,0.16666666666666666,0.0,0,0,0,25,-1,25,-1,1.0,3,0.12,0.32,0.0,-0.64,0.0,0.0,0.0,0.04
stage1d_single_agent_carry_bootstrap,4,1,120078,2398,1,120,100,1,0,59.29998016357422,0.0,0.0,1.0,0.23333333333333334,0.0,0,0,0,15,-1,15,-1,1.0,1,0.2,0.3333333333333333,0.0,-0.4,0.0,0.0,0.0,0.06666666666666667
stage1d_single_agent_carry_bootstrap,4,1,120097,2399,1,120,100,1,0,58.782840728759766,0.0,0.0,1.0,0.36666666666666664,0.0,0,0,0,19,-1,19,-1,1.0,1,0.42105263157894735,0.5263157894736842,0.0,-0.7999999999999999,0.0,0.0,0.0,0.05263157894736842
stage1d_single_agent_carry_bootstrap,4,1,120123,2400,1,120,100,1,0,57.7384033203125,0.0,0.0,1.0,0.23333333333333334,0.0,0,0,0,26,-1,26,-1,1.0,3,0.23076923076923078,0.38461538461538464,0.0,-0.7999999999999999,0.0,0.0,0.0,0.038461538461538464
stage1d_single_agent_carry_bootstrap,4,1,120140,2401,1,120,100,1,0,58.14186096191406,0.0,0.0,1.0,0.2,0.0,0,0,0,17,-1,17,-1,1.0,2,0.29411764705882354,0.47058823529411764,0.0,-0.64,0.0,0.0,0.0,0.058823529411764705
stage1d_single_agent_carry_bootstrap,4,1,120142,2402,1,120,100,1,0,60.00320053100586,0.0,0.0,1.0,0.03333333333333333,0.0,0,0,0,2,-1,2,-1,1.0,0,0.0,0.0,0.0,0.0,0.0,0.0,0.0,0.5
stage1d_single_agent_carry_bootstrap,4,1,120158,2403,1,120,100,1,0,58.744144439697266,0.0,0.0,1.0,0.2,0.0,0,0,0,16,-1,16,-1,1.0,1,0.25,0.375,0.0,-0.48000000000000004,0.0,0.0,0.0,0.0625
stage1d_single_agent_carry_bootstrap,4,1,120163,2404,1,120,100,1,0,60.09634017944336,0.0,0.0,1.0,0.13333333333333333,0.0,0,0,0,5,-1,5,-1,1.0,0,0.0,0.0,0.0,0.0,0.0,0.0,0.0,0.2
stage1d_single_agent_carry_bootstrap,4,1,120187,2405,1,120,100,1,0,57.98246765136719,0.0,0.0,1.0,0.26666666666666666,0.0,0,0,0,24,-1,24,-1,1.0,3,0.25,0.4166666666666667,0.0,-0.7999999999999999,0.0,0.0,0.0,0.041666666666666664
stage1d_single_agent_carry_bootstrap,4,1,120200,2406,1,120,100,1,0,59.41876220703125,0.0,0.0,1.0,0.23333333333333334,0.0,0,0,0,13,-1,13,-1,1.0,1,0.15384615384615385,0.3076923076923077,0.0,-0.32,0.0,0.0,0.0,0.07692307692307693
stage1d_single_agent_carry_bootstrap,4,1,120224,2407,1,120,100,1,0,57.367496490478516,0.0,0.0,1.0,0.3,0.0,0,0,0,24,-1,24,-1,1.0,2,0.5833333333333334,0.7083333333333334,0.0,-1.36,0.0,0.0,0.0,0.041666666666666664
stage1d_single_agent_carry_bootstrap,4,1,120246,2408,1,120,100,1,0,57.64279556274414,0.0,0.0,1.0,0.26666666666666666,0.0,0,0,0,22,-1,22,-1,1.0,1,0.2727272727272727,0.45454545454545453,0.0,-0.7999999999999999,0.0,0.0,0.0,0.045454545454545456
stage1d_single_agent_carry_bootstrap,4,1,120268,2409,1,120,100,1,0,58.100372314453125,0.0,0.0,1.0,0.3,0.0,0,0,0,22,-1,22,-1,1.0,3,0.2727272727272727,0.45454545454545453,0.0,-0.7999999999999999,0.0,0.0,0.0,0.045454545454545456
stage1d_single_agent_carry_bootstrap,4,1,120291,2410,1,120,100,1,0,58.12789535522461,0.0,0.0,1.0,0.3,0.0,0,0,0,23,-1,23,-1,1.0,2,0.2608695652173913,0.391304347826087,0.0,-0.72,0.0,0.0,0.0,0.043478260869565216
stage1d_single_agent_carry_bootstrap,4,1,120293,2411,1,120,100,1,0,60.00118637084961,0.0,0.0,1.0,0.06666666666666667,0.0,0,0,0,2,-1,2,-1,1.0,0,0.0,0.0,0.0,0.0,0.0,0.0,0.0,0.5
stage1d_single_agent_carry_bootstrap,4,1,120294,2412,1,120,100,1,0,59.99599838256836,0.0,0.0,1.0,0.03333333333333333,0.0,0,0,0,1,-1,1,-1,1.0,0,0.0,0.0,0.0,0.0,0.0,0.0,0.0,1.0
stage1d_single_agent_carry_bootstrap,4,1,120313,2413,1,120,100,1,0,57.81621551513672,0.0,0.0,1.0,0.13333333333333333,0.0,0,0,0,19,-1,19,-1,1.0,2,0.21052631578947367,0.42105263157894735,0.0,-0.64,0.0,0.0,0.0,0.05263157894736842
stage1d_single_agent_carry_bootstrap,4,1,120342,2414,1,120,100,1,0,57.139923095703125,0.0,0.0,1.0,0.3333333333333333,0.0,0,0,0,29,-1,29,-1,1.0,3,0.1724137931034483,0.3448275862068966,0.0,-0.7999999999999999,0.0,0.0,0.0,0.034482758620689655
stage1d_single_agent_carry_bootstrap,4,1,120364,2415,1,120,100,1,0,58.14340591430664,0.0,0.0,1.0,0.26666666666666666,0.0,0,0,0,22,-1,22,-1,1.0,3,0.22727272727272727,0.4090909090909091,0.0,-0.72,0.0,0.0,0.0,0.045454545454545456
stage1d_single_agent_carry_bootstrap,4,1,120384,2416,1,120,100,1,0,57.792388916015625,0.0,0.0,1.0,0.2,0.0,0,0,0,20,-1,20,-1,1.0,3,0.2,0.45,0.0,-0.72,0.0,0.0,0.0,0.05
stage1d_single_agent_carry_bootstrap,4,1,120393,2417,1,120,100,1,0,59.28466033935547,0.0,0.0,1.0,0.13333333333333333,0.0,0,0,0,9,-1,9,-1,1.0,1,0.2222222222222222,0.4444444444444444,0.0,-0.32,0.0,0.0,0.0,0.1111111111111111
stage1d_single_agent_carry_bootstrap,4,1,120411,2418,1,120,100,1,0,58.853416442871094,0.0,0.0,1.0,0.3,0.0,0,0,0,18,-1,18,-1,1.0,1,0.3888888888888889,0.5,0.0,-0.72,0.0,0.0,0.0,0.05555555555555555
stage1d_single_agent_carry_bootstrap,4,1,120431,2419,1,120,100,1,0,57.853431701660156,0.0,0.0,1.0,0.16666666666666666,0.0,0,0,0,20,-1,20,-1,1.0,3,0.15,0.4,0.0,-0.64,0.0,0.0,0.0,0.05
stage1d_single_agent_carry_bootstrap,4,1,120454,2420,1,120,100,1,0,57.876564025878906,0.0,0.0,1.0,0.3,0.0,0,0,0,23,-1,23,-1,1.0,3,0.30434782608695654,0.4782608695652174,0.0,-0.8799999999999999,0.0,0.0,0.0,0.043478260869565216
stage1d_single_agent_carry_bootstrap,4,1,120475,2421,1,120,100,1,0,57.94741439819336,0.0,0.0,1.0,0.23333333333333334,0.0,0,0,0,21,-1,21,-1,1.0,3,0.3333333333333333,0.47619047619047616,0.0,-0.7999999999999999,0.0,0.0,0.0,0.047619047619047616
stage1d_single_agent_carry_bootstrap,4,1,120497,2422,1,120,100,1,0,57.712520599365234,0.0,0.0,1.0,0.2,0.0,0,0,0,22,-1,22,-1,1.0,3,0.2727272727272727,0.45454545454545453,0.0,-0.7999999999999999,0.0,0.0,0.0,0.045454545454545456
stage1d_single_agent_carry_bootstrap,4,1,120506,2423,1,120,100,1,0,59.506683349609375,0.0,0.0,1.0,0.1,0.0,0,0,0,9,-1,9,-1,1.0,1,0.1111111111111111,0.2222222222222222,0.1111111111111111,-0.2,0.0,0.0,0.0,0.1111111111111111
stage1d_single_agent_carry_bootstrap,4,1,120521,2424,1,120,100,1,0,58.919578552246094,0.0,0.0,1.0,0.23333333333333334,0.0,0,0,0,15,-1,15,-1,1.0,2,0.2,0.3333333333333333,0.0,-0.4,0.0,0.0,0.0,0.06666666666666667
stage1d_single_agent_carry_bootstrap,4,1,120523,2425,1,120,100,1,0,59.99604415893555,0.0,0.0,1.0,0.06666666666666667,0.0,0,0,0,2,-1,2,-1,1.0,0,0.0,0.0,0.0,0.0,0.0,0.0,0.0,0.5
stage1d_single_agent_carry_bootstrap,4,1,120546,2426,1,120,100,1,0,57.83136749267578,0.0,0.0,1.0,0.3,0.0,0,0,0,23,-1,23,-1,1.0,3,0.17391304347826086,0.391304347826087,0.0,-0.72,0.0,0.0,0.0,0.043478260869565216
stage1d_single_agent_carry_bootstrap,4,1,120561,2427,1,120,100,1,0,58.35807800292969,0.0,0.0,1.0,0.16666666666666666,0.0,0,0,0,15,-1,15,-1,1.0,2,0.2,0.4,0.0,-0.48000000000000004,0.0,0.0,0.0,0.06666666666666667
stage1d_single_agent_carry_bootstrap,4,1,120588,2428,1,120,100,1,0,58.15786361694336,0.0,0.0,1.0,0.3,0.0,0,0,0,27,-1,27,-1,1.0,4,0.2222222222222222,0.37037037037037035,0.0,-0.7999999999999999,0.0,0.0,0.0,0.037037037037037035
stage1d_single_agent_carry_bootstrap,4,1,120589,2429,1,120,100,1,0,59.99599838256836,0.0,0.0,1.0,0.06666666666666667,0.0,0,0,0,1,-1,1,-1,1.0,0,0.0,0.0,0.0,0.0,0.0,0.0,0.0,1.0
stage1d_single_agent_carry_bootstrap,4,1,120614,2430,1,120,100,1,0,56.85660171508789,0.0,0.0,1.0,0.2,0.0,0,0,0,25,-1,25,-1,1.0,4,0.2,0.4,0.0,-0.7999999999999999,0.0,0.0,0.0,0.04
stage1d_single_agent_carry_bootstrap,4,1,120628,2431,1,120,100,1,0,59.07435607910156,0.0,0.0,1.0,0.16666666666666666,0.0,0,0,0,14,-1,14,-1,1.0,1,0.14285714285714285,0.2857142857142857,0.0,-0.32,0.0,0.0,0.0,0.07142857142857142
stage1d_single_agent_carry_bootstrap,4,1,120658,2432,1,120,100,1,0,57.52734375,0.0,0.0,1.0,0.36666666666666664,0.0,0,0,0,30,-1,30,-1,1.0,4,0.26666666666666666,0.4,0.0,-0.9599999999999999,0.0,0.0,0.0,0.03333333333333333
stage1d_single_agent_carry_bootstrap,4,1,120662,2433,1,120,100,1,0,60.05767822265625,0.0,0.0,1.0,0.1,0.0,0,0,0,4,-1,4,-1,1.0,0,0.0,0.0,0.0,0.0,0.0,0.0,0.0,0.25
stage1d_single_agent_carry_bootstrap,4,1,120675,2434,1,120,100,1,0,59.1324348449707,0.0,0.0,1.0,0.13333333333333333,0.0,0,0,0,13,-1,13,-1,1.0,1,0.07692307692307693,0.23076923076923078,0.0,-0.24,0.0,0.0,0.0,0.07692307692307693
stage1d_single_agent_carry_bootstrap,4,1,120676,2435,1,120,100,1,0,59.99599838256836,0.0,0.0,1.0,0.03333333333333333,0.0,0,0,0,1,-1,1,-1,1.0,0,0.0,0.0,0.0,0.0,0.0,0.0,0.0,1.0
stage1d_single_agent_carry_bootstrap,4,1,120701,2436,1,120,100,1,0,56.714237213134766,0.0,0.0,1.0,0.16666666666666666,0.0,0,0,0,25,-1,25,-1,1.0,2,0.08,0.36,0.0,-0.72,0.0,0.0,0.0,0.04
stage1d_single_agent_carry_bootstrap,4,1,120723,2437,1,120,100,1,0,57.95097351074219,0.0,0.0,1.0,0.3333333333333333,0.0,0,0,0,22,-1,22,-1,1.0,3,0.3181818181818182,0.5,0.0,-0.8799999999999999,0.0,0.0,0.0,0.045454545454545456
stage1d_single_agent_carry_bootstrap,4,1,120728,2438,1,120,100,1,0,60.038883209228516,0.0,0.0,1.0,0.1,0.0,0,0,0,5,-1,5,-1,1.0,0,0.0,0.0,0.0,0.0,0.0,0.0,0.0,0.2
stage1d_single_agent_carry_bootstrap,4,1,120732,2439,1,120,100,1,0,60.060733795166016,0.0,0.0,1.0,0.1,0.0,0,0,0,4,-1,4,-1,1.0,0,0.0,0.0,0.0,0.0,0.0,0.0,0.0,0.25
stage1d_single_agent_carry_bootstrap,4,1,120734,2440,1,120,100,1,0,59.99782943725586,0.0,0.0,1.0,0.06666666666666667,0.0,0,0,0,2,-1,2,-1,1.0,0,0.0,0.0,0.0,0.0,0.0,0.0,0.0,0.5
stage1d_single_agent_carry_bootstrap,4,1,120752,2441,1,120,100,1,0,58.164756774902344,0.0,0.0,1.0,0.2,0.0,0,0,0,18,-1,18,-1,1.0,3,0.2222222222222222,0.4444444444444444,0.05555555555555555,-0.6799999999999999,0.0,0.0,0.0,0.05555555555555555
stage1d_single_agent_carry_bootstrap,4,1,120766,2442,1,120,100,1,0,58.551116943359375,0.0,0.0,1.0,0.16666666666666666,0.0,0,0,0,14,-1,14,-1,1.0,1,0.42857142857142855,0.5714285714285714,0.0,-0.64,0.0,0.0,0.0,0.07142857142857142
stage1d_single_agent_carry_bootstrap,4,1,120772,2443,1,120,100,1,0,60.0888557434082,0.0,0.0,1.0,0.16666666666666666,0.0,0,0,0,6,-1,6,-1,1.0,0,0.0,0.0,0.0,0.0,0.0,0.0,0.0,0.16666666666666666
stage1d_single_agent_carry_bootstrap,4,1,120792,2444,1,120,100,1,0,57.769989013671875,0.0,0.0,1.0,0.2,0.0,0,0,0,20,-1,20,-1,1.0,2,0.2,0.45,0.0,-0.72,0.0,0.0,0.0,0.05
stage1d_single_agent_carry_bootstrap,4,1,120800,2445,1,120,100,1,0,59.576358795166016,0.0,0.0,1.0,0.13333333333333333,0.0,0,0,0,8,-1,8,-1,1.0,0,0.0,0.125,0.0,-0.08,0.0,0.0,0.0,0.125
stage1d_single_agent_carry_bootstrap,4,1,120810,2446,1,120,100,1,0,59.45691680908203,0.0,0.0,1.0,0.13333333333333333,0.0,0,0,0,10,-1,10,-1,1.0,1,0.2,0.3,0.0,-0.24,0.0,0.0,0.0,0.1
stage1d_single_agent_carry_bootstrap,4,1,120825,2447,1,120,100,1,0,59.30697250366211,0.0,0.0,1.0,0.26666666666666666,0.0,0,0,0,15,-1,15,-1,1.0,1,0.26666666666666666,0.3333333333333333,0.0,-0.4,0.0,0.0,0.0,0.06666666666666667
stage1d_single_agent_carry_bootstrap,4,1,120852,2448,1,120,100,1,0,57.64570236206055,0.0,0.0,1.0,0.43333333333333335,0.0,0,0,0,27,-1,27,-1,1.0,3,0.4074074074074074,0.5185185185185185,0.0,-1.1199999999999999,0.0,0.0,0.0,0.037037037037037035
stage1d_single_agent_carry_bootstrap,4,1,120884,2449,1,120,100,1,0,56.87623977661133,0.0,0.0,1.0,0.36666666666666664,0.0,0,0,0,32,-1,32,-1,1.0,2,0.3125,0.46875,0.0,-1.2,0.0,0.0,0.0,0.03125
stage1d_single_agent_carry_bootstrap,4,1,120890,2450,1,120,100,1,0,60.15354537963867,0.0,0.0,1.0,0.13333333333333333,0.0,0,0,0,6,-1,6,-1,1.0,0,0.0,0.0,0.0,0.0,0.0,0.0,0.0,0.16666666666666666
stage1d_single_agent_carry_bootstrap,4,1,120921,2451,1,120,100,1,0,56.81495666503906,0.0,0.0,1.0,0.3,0.0,0,0,0,31,-1,31,-1,1.0,3,0.3548387096774194,0.4838709677419355,0.0,-1.2,0.0,0.0,0.0,0.03225806451612903
stage1d_single_agent_carry_bootstrap,4,1,120939,2452,1,120,100,1,0,58.25237274169922,0.0,0.0,1.0,0.2,0.0,0,0,0,18,-1,18,-1,1.0,3,0.2777777777777778,0.4444444444444444,0.0,-0.64,0.0,0.0,0.0,0.05555555555555555
stage1d_single_agent_carry_bootstrap,4,1,120943,2453,1,120,100,1,0,60.0181884765625,0.0,0.0,1.0,0.1,0.0,0,0,0,4,-1,4,-1,1.0,0,0.0,0.0,0.0,0.0,0.0,0.0,0.0,0.25
stage1d_single_agent_carry_bootstrap,4,1,120965,2454,1,120,100,1,0,58.202423095703125,0.0,0.0,1.0,0.26666666666666666,0.0,0,0,0,22,-1,22,-1,1.0,2,0.22727272727272727,0.4090909090909091,0.0,-0.72,0.0,0.0,0.0,0.045454545454545456
stage1d_single_agent_carry_bootstrap,4,1,120983,2455,1,120,100,1,0,57.68152618408203,0.0,0.0,1.0,0.1,0.0,0,0,0,18,-1,18,-1,1.0,3,0.2777777777777778,0.5,0.0,-0.72,0.0,0.0,0.0,0.05555555555555555
stage1d_single_agent_carry_bootstrap,4,1,121004,2456,1,120,100,1,0,58.27251434326172,0.0,0.0,1.0,0.3333333333333333,0.0,0,0,0,21,-1,21,-1,1.0,2,0.42857142857142855,0.5238095238095238,0.047619047619047616,-0.9199999999999998,0.0,0.0,0.0,0.047619047619047616
stage1d_single_agent_carry_bootstrap,4,1,121016,2457,1,120,100,1,0,59.125457763671875,0.0,0.0,1.0,0.2,0.0,0,0,0,12,-1,12,-1,1.0,2,0.3333333333333333,0.5,0.0,-0.48000000000000004,0.0,0.0,0.0,0.08333333333333333
stage1d_single_agent_carry_bootstrap,4,1,121038,2458,1,120,100,1,0,57.850303649902344,0.0,0.0,1.0,0.26666666666666666,0.0,0,0,0,22,-1,22,-1,1.0,3,0.3181818181818182,0.5,0.045454545454545456,-0.9199999999999999,0.0,0.0,0.0,0.045454545454545456
stage1d_single_agent_carry_bootstrap,4,1,121068,2459,1,120,100,1,0,56.76707458496094,0.0,0.0,1.0,0.23333333333333334,0.0,0,0,0,30,-1,30,-1,1.0,3,0.16666666666666666,0.3333333333333333,0.03333333333333333,-0.84,0.0,0.0,0.0,0.03333333333333333
stage1d_single_agent_carry_bootstrap,4,1,121072,2460,1,120,100,1,0,60.05325698852539,0.0,0.0,1.0,0.1,0.0,0,0,0,4,-1,4,-1,1.0,0,0.0,0.0,0.0,0.0,0.0,0.0,0.0,0.25
stage1d_single_agent_carry_bootstrap,4,1,121090,2461,1,120,100,1,0,58.182647705078125,0.0,0.0,1.0,0.2,0.0,0,0,0,18,-1,18,-1,1.0,2,0.2777777777777778,0.4444444444444444,0.0,-0.64,0.0,0.0,0.0,0.05555555555555555
stage1d_single_agent_carry_bootstrap,4,1,121110,2462,1,120,100,1,0,57.93084716796875,0.0,0.0,1.0,0.23333333333333334,0.0,0,0,0,20,-1,20,-1,1.0,2,0.2,0.4,0.0,-0.64,0.0,0.0,0.0,0.05
stage1d_single_agent_carry_bootstrap,4,1,121134,2463,1,120,100,1,0,57.55498504638672,0.0,0.0,1.0,0.3333333333333333,0.0,0,0,0,24,-1,24,-1,1.0,2,0.2916666666666667,0.4166666666666667,0.0,-0.7999999999999999,0.0,0.0,0.0,0.041666666666666664
stage1d_single_agent_carry_bootstrap,4,1,121150,2464,1,120,100,1,0,59.09843444824219,0.0,0.0,1.0,0.26666666666666666,0.0,0,0,0,16,-1,16,-1,1.0,1,0.375,0.4375,0.0,-0.56,0.0,0.0,0.0,0.0625
stage1d_single_agent_carry_bootstrap,4,1,121153,2465,1,120,100,1,0,60.009071350097656,0.0,0.0,1.0,0.06666666666666667,0.0,0,0,0,3,-1,3,-1,1.0,0,0.0,0.0,0.0,0.0,0.0,0.0,0.0,0.3333333333333333
stage1d_single_agent_carry_bootstrap,4,1,121173,2466,1,120,100,1,0,57.171958923339844,0.0,0.0,1.0,0.13333333333333333,0.0,0,0,0,20,-1,20,-1,1.0,3,0.3,0.5,0.0,-0.7999999999999999,0.0,0.0,0.0,0.05
stage1d_single_agent_carry_bootstrap,4,1,121194,2467,1,120,100,1,0,57.6546516418457,0.0,0.0,1.0,0.16666666666666666,0.0,0,0,0,21,-1,21,-1,1.0,2,0.09523809523809523,0.3333333333333333,0.0,-0.56,0.0,0.0,0.0,0.047619047619047616
stage1d_single_agent_carry_bootstrap,4,1,121216,2468,1,120,100,1,0,57.74265670776367,0.0,0.0,1.0,0.26666666666666666,0.0,0,0,0,22,-1,22,-1,1.0,3,0.18181818181818182,0.36363636363636365,0.0,-0.64,0.0,0.0,0.0,0.045454545454545456
stage1d_single_agent_carry_bootstrap,4,1,121251,2469,1,120,100,1,0,56.446380615234375,0.0,0.0,1.0,0.3333333333333333,0.0,0,0,0,35,-1,35,-1,1.0,5,0.37142857142857144,0.5428571428571428,0.0,-1.5200000000000002,0.0,0.0,0.0,0.02857142857142857
stage1d_single_agent_carry_bootstrap,4,1,121279,2470,1,120,100,1,0,57.436012268066406,0.0,0.0,1.0,0.3,0.0,0,0,0,28,-1,28,-1,1.0,3,0.2857142857142857,0.42857142857142855,0.0,-0.9599999999999999,0.0,0.0,0.0,0.03571428571428571
stage1d_single_agent_carry_bootstrap,4,1,121287,2471,1,120,100,1,0,60.22574234008789,0.0,0.0,1.0,0.16666666666666666,0.0,0,0,0,8,-1,8,-1,1.0,0,0.0,0.0,0.0,0.0,0.0,0.0,0.0,0.125
stage1d_single_agent_carry_bootstrap,4,1,121290,2472,1,120,100,1,0,60.01594543457031,0.0,0.0,1.0,0.06666666666666667,0.0,0,0,0,3,-1,3,-1,1.0,0,0.0,0.0,0.0,0.0,0.0,0.0,0.0,0.3333333333333333
stage1d_single_agent_carry_bootstrap,4,1,121304,2473,1,120,100,1,0,58.849822998046875,0.0,0.0,1.0,0.2,0.0,0,0,0,14,-1,14,-1,1.0,2,0.21428571428571427,0.35714285714285715,0.07142857142857142,-0.44,0.0,0.0,0.0,0.07142857142857142
stage1d_single_agent_carry_bootstrap,4,1,121321,2474,1,120,100,1,0,58.17232894897461,0.0,0.0,1.0,0.2,0.0,0,0,0,17,-1,17,-1,1.0,1,0.29411764705882354,0.47058823529411764,0.0,-0.64,0.0,0.0,0.0,0.058823529411764705
stage1d_single_agent_carry_bootstrap,4,1,121347,2475,1,120,100,1,0,57.43132019042969,0.0,0.0,1.0,0.3,0.0,0,0,0,26,-1,26,-1,1.0,4,0.3076923076923077,0.46153846153846156,0.0,-0.9599999999999999,0.0,0.0,0.0,0.038461538461538464
stage1d_single_agent_carry_bootstrap,4,1,121351,2476,1,120,100,1,0,60.057472229003906,0.0,0.0,1.0,0.1,0.0,0,0,0,4,-1,4,-1,1.0,0,0.0,0.0,0.0,0.0,0.0,0.0,0.0,0.25
stage1d_single_agent_carry_bootstrap,4,1,121372,2477,1,120,100,1,0,57.872833251953125,0.0,0.0,1.0,0.2,0.0,0,0,0,21,-1,21,-1,1.0,3,0.38095238095238093,0.5238095238095238,0.0,-0.8799999999999999,0.0,0.0,0.0,0.047619047619047616
stage1d_single_agent_carry_bootstrap,4,1,121395,2478,1,120,100,1,0,57.61442947387695,0.0,0.0,1.0,0.23333333333333334,0.0,0,0,0,23,-1,23,-1,1.0,3,0.30434782608695654,0.4782608695652174,0.0,-0.8799999999999999,0.0,0.0,0.0,0.043478260869565216
stage1d_single_agent_carry_bootstrap,4,1,121402,2479,1,120,100,1,0,60.14461898803711,0.0,0.0,1.0,0.13333333333333333,0.0,0,0,0,7,-1,7,-1,1.0,0,0.0,0.0,0.0,0.0,0.0,0.0,0.0,0.14285714285714285
stage1d_single_agent_carry_bootstrap,4,1,121421,2480,1,120,100,1,0,58.59309387207031,0.0,0.0,1.0,0.3333333333333333,0.0,0,0,0,19,-1,19,-1,1.0,2,0.3157894736842105,0.42105263157894735,0.0,-0.64,0.0,0.0,0.0,0.05263157894736842
stage1d_single_agent_carry_bootstrap,4,1,121435,2481,1,120,100,1,0,59.09234619140625,0.0,0.0,1.0,0.16666666666666666,0.0,0,0,0,14,-1,14,-1,1.0,1,0.21428571428571427,0.2857142857142857,0.0,-0.32,0.0,0.0,0.0,0.07142857142857142
stage1d_single_agent_carry_bootstrap,4,1,121460,2482,1,120,100,1,0,57.73404312133789,0.0,0.0,1.0,0.23333333333333334,0.0,0,0,0,25,-1,25,-1,1.0,4,0.16,0.36,0.0,-0.72,0.0,0.0,0.0,0.04
stage1d_single_agent_carry_bootstrap,4,1,121464,2483,1,120,100,1,0,60.056800842285156,0.0,0.0,1.0,0.1,0.0,0,0,0,4,-1,4,-1,1.0,0,0.0,0.0,0.0,0.0,0.0,0.0,0.0,0.25
stage1d_single_agent_carry_bootstrap,4,1,121492,2484,1,120,100,1,0,57.85803985595703,0.0,0.0,1.0,0.3,0.0,0,0,0,28,-1,28,-1,1.0,3,0.2857142857142857,0.42857142857142855,0.0,-0.9599999999999999,0.0,0.0,0.0,0.03571428571428571
stage1d_single_agent_carry_bootstrap,4,1,121514,2485,1,120,100,1,0,57.49669647216797,0.0,0.0,1.0,0.2,0.0,0,0,0,22,-1,22,-1,1.0,3,0.3181818181818182,0.5,0.045454545454545456,-0.9199999999999998,0.0,0.0,0.0,0.045454545454545456
stage1d_single_agent_carry_bootstrap,4,1,121524,2486,1,120,100,1,0,59.53965377807617,0.0,0.0,1.0,0.16666666666666666,0.0,0,0,0,10,-1,10,-1,1.0,1,0.1,0.2,0.0,-0.16,0.0,0.0,0.0,0.1
stage1d_single_agent_carry_bootstrap,4,1,121544,2487,1,120,100,1,0,57.96628952026367,0.0,0.0,1.0,0.2,0.0,0,0,0,20,-1,20,-1,1.0,3,0.3,0.5,0.05,-0.84,0.0,0.0,0.0,0.05
stage1d_single_agent_carry_bootstrap,4,1,121560,2488,1,120,100,1,0,59.263065338134766,0.0,0.0,1.0,0.26666666666666666,0.0,0,0,0,16,-1,16,-1,1.0,1,0.3125,0.375,0.0,-0.48000000000000004,0.0,0.0,0.0,0.0625
stage1d_single_agent_carry_bootstrap,4,1,121581,2489,1,120,100,1,0,58.03120040893555,0.0,0.0,1.0,0.3,0.0,0,0,0,21,-1,21,-1,1.0,3,0.3333333333333333,0.47619047619047616,0.0,-0.7999999999999999,0.0,0.0,0.0,0.047619047619047616
stage1d_single_agent_carry_bootstrap,4,1,121585,2490,1,120,100,1,0,60.05021667480469,0.0,0.0,1.0,0.06666666666666667,0.0,0,0,0,4,-1,4,-1,1.0,0,0.0,0.0,0.0,0.0,0.0,0.0,0.0,0.25
stage1d_single_agent_carry_bootstrap,4,1,121611,2491,1,120,100,1,0,57.99748992919922,0.0,0.0,1.0,0.36666666666666664,0.0,0,0,0,26,-1,26,-1,1.0,3,0.2692307692307692,0.4230769230769231,0.0,-0.8799999999999999,0.0,0.0,0.0,0.038461538461538464
stage1d_single_agent_carry_bootstrap,4,1,121613,2492,1,120,100,1,0,60.00322723388672,0.0,0.0,1.0,0.03333333333333333,0.0,0,0,0,2,-1,2,-1,1.0,0,0.0,0.0,0.0,0.0,0.0,0.0,0.0,0.5
stage1d_single_agent_carry_bootstrap,4,1,121628,2493,1,120,100,1,0,58.86060333251953,0.0,0.0,1.0,0.2,0.0,0,0,0,15,-1,15,-1,1.0,1,0.26666666666666666,0.4,0.0,-0.48000000000000004,0.0,0.0,0.0,0.06666666666666667
stage1d_single_agent_carry_bootstrap,4,1,121640,2494,1,120,100,1,0,58.32121658325195,0.0,0.0,1.0,0.13333333333333333,0.0,0,0,0,12,-1,12,-1,1.0,1,0.3333333333333333,0.5,0.0,-0.48000000000000004,0.0,0.0,0.0,0.08333333333333333
stage1d_single_agent_carry_bootstrap,4,1,121670,2495,1,120,100,1,0,57.178890228271484,0.0,0.0,1.0,0.23333333333333334,0.0,0,0,0,30,-1,30,-1,1.0,3,0.23333333333333334,0.36666666666666664,0.0,-0.8799999999999999,0.0,0.0,0.0,0.03333333333333333
stage1d_single_agent_carry_bootstrap,4,1,121691,2496,1,120,100,1,0,57.76382827758789,0.0,0.0,1.0,0.23333333333333334,0.0,0,0,0,21,-1,21,-1,1.0,3,0.23809523809523808,0.42857142857142855,0.0,-0.72,0.0,0.0,0.0,0.047619047619047616
stage1d_single_agent_carry_bootstrap,4,1,121721,2497,1,120,100,1,0,57.08829879760742,0.0,0.0,1.0,0.3,0.0,0,0,0,30,-1,30,-1,1.0,5,0.2,0.4,0.0,-0.9599999999999999,0.0,0.0,0.0,0.03333333333333333
stage1d_single_agent_carry_bootstrap,4,1,121750,2498,1,120,100,1,0,57.466434478759766,0.0,0.0,1.0,0.3333333333333333,0.0,0,0,0,29,-1,29,-1,1.0,4,0.2413793103448276,0.41379310344827586,0.0,-0.9599999999999999,0.0,0.0,0.0,0.034482758620689655
stage1d_single_agent_carry_bootstrap,4,1,121773,2499,1,120,100,1,0,58.0837516784668,0.0,0.0,1.0,0.3333333333333333,0.0,0,0,0,23,-1,23,-1,1.0,3,0.2608695652173913,0.391304347826087,0.0,-0.72,0.0,0.0,0.0,0.043478260869565216
stage1d_single_agent_carry_bootstrap,4,1,121777,2500,1,120,100,1,0,60.04476547241211,0.0,0.0,1.0,0.1,0.0,0,0,0,4,-1,4,-1,1.0,0,0.0,0.0,0.0,0.0,0.0,0.0,0.0,0.25
stage1d_single_agent_carry_bootstrap,4,1,121779,2501,1,120,100,1,0,60.00218200683594,0.0,0.0,1.0,0.03333333333333333,0.0,0,0,0,2,-1,2,-1,1.0,0,0.0,0.0,0.0,0.0,0.0,0.0,0.0,0.5
stage1d_single_agent_carry_bootstrap,4,1,121814,2502,1,120,100,1,0,56.746337890625,0.0,0.0,1.0,0.36666666666666664,0.0,0,0,0,35,-1,35,-1,1.0,3,0.34285714285714286,0.4857142857142857,0.0,-1.36,0.0,0.0,0.0,0.02857142857142857
stage1d_single_agent_carry_bootstrap,4,1,121821,2503,1,120,100,1,0,60.122955322265625,0.0,0.0,1.0,0.13333333333333333,0.0,0,0,0,7,-1,7,-1,1.0,0,0.0,0.0,0.0,0.0,0.0,0.0,0.0,0.14285714285714285
stage1d_single_agent_carry_bootstrap,4,1,121834,2504,1,120,100,1,0,59.34343338012695,0.0,0.0,1.0,0.16666666666666666,0.0,0,0,0,13,-1,13,-1,1.0,1,0.23076923076923078,0.38461538461538464,0.0,-0.4,0.0,0.0,0.0,0.07692307692307693
stage1d_single_agent_carry_bootstrap,4,1,121840,2505,1,120,100,1,0,59.99269485473633,0.0,0.0,1.0,0.13333333333333333,0.0,0,0,0,6,-1,6,-1,1.0,0,0.0,0.16666666666666666,0.0,-0.08,0.0,0.0,0.0,0.16666666666666666
stage1d_single_agent_carry_bootstrap,4,1,121845,2506,1,120,100,1,0,60.063724517822266,0.0,0.0,1.0,0.1,0.0,0,0,0,5,-1,5,-1,1.0,0,0.0,0.0,0.0,0.0,0.0,0.0,0.0,0.2
stage1d_single_agent_carry_bootstrap,4,1,121876,2507,1,120,100,1,0,57.62260818481445,0.0,0.0,1.0,0.36666666666666664,0.0,0,0,0,31,-1,31,-1,1.0,3,0.22580645161290322,0.3870967741935484,0.0,-0.9599999999999999,0.0,0.0,0.0,0.03225806451612903
stage1d_single_agent_carry_bootstrap,4,1,121901,2508,1,120,100,1,0,57.80748748779297,0.0,0.0,1.0,0.3333333333333333,0.0,0,0,0,25,-1,25,-1,1.0,3,0.32,0.48,0.04,-0.9999999999999998,0.0,0.0,0.0,0.04
stage1d_single_agent_carry_bootstrap,4,1,121904,2509,1,120,100,1,0,60.01810073852539,0.0,0.0,1.0,0.03333333333333333,0.0,0,0,0,3,-1,3,-1,1.0,0,0.0,0.0,0.0,0.0,0.0,0.0,0.0,0.3333333333333333
stage1d_single_agent_carry_bootstrap,4,1,121910,2510,1,120,100,1,0,60.114044189453125,0.0,0.0,1.0,0.13333333333333333,0.0,0,0,0,6,-1,6,-1,1.0,0,0.0,0.0,0.0,0.0,0.0,0.0,0.0,0.16666666666666666
stage1d_single_agent_carry_bootstrap,4,1,121926,2511,1,120,100,1,0,58.5235595703125,0.0,0.0,1.0,0.2,0.0,0,0,0,16,-1,16,-1,1.0,2,0.375,0.5,0.0,-0.64,0.0,0.0,0.0,0.0625
stage1d_single_agent_carry_bootstrap,4,1,121933,2512,1,120,100,1,0,60.15961837768555,0.0,0.0,1.0,0.13333333333333333,0.0,0,0,0,7,-1,7,-1,1.0,0,0.0,0.0,0.0,0.0,0.0,0.0,0.0,0.14285714285714285
stage1d_single_agent_carry_bootstrap,4,1,121953,2513,1,120,100,1,0,58.609230041503906,0.0,0.0,1.0,0.3,0.0,0,0,0,20,-1,20,-1,1.0,3,0.25,0.4,0.0,-0.64,0.0,0.0,0.0,0.05
stage1d_single_agent_carry_bootstrap,4,1,121972,2514,1,120,100,1,0,57.40473556518555,0.0,0.0,1.0,0.16666666666666666,0.0,0,0,0,19,-1,19,-1,1.0,3,0.15789473684210525,0.42105263157894735,0.0,-0.64,0.0,0.0,0.0,0.05263157894736842
stage1d_single_agent_carry_bootstrap,4,1,121990,2515,1,120,100,1,0,58.24890899658203,0.0,0.0,1.0,0.2,0.0,0,0,0,18,-1,18,-1,1.0,2,0.2777777777777778,0.4444444444444444,0.0,-0.64,0.0,0.0,0.0,0.05555555555555555
stage1d_single_agent_carry_bootstrap,4,1,122017,2516,1,120,100,1,0,55.99806213378906,0.0,0.0,1.0,0.23333333333333334,0.0,0,0,0,27,-1,27,-1,1.0,3,0.1111111111111111,0.37037037037037035,0.0,-0.7999999999999999,0.0,0.0,0.0,0.037037037037037035
stage1d_single_agent_carry_bootstrap,4,1,122028,2517,1,120,100,1,0,59.24746322631836,0.0,0.0,1.0,0.13333333333333333,0.0,0,0,0,11,-1,11,-1,1.0,1,0.09090909090909091,0.18181818181818182,0.0,-0.16,0.0,0.0,0.0,0.09090909090909091
stage1d_single_agent_carry_bootstrap,4,1,122055,2518,1,120,100,1,0,57.89030838012695,0.0,0.0,1.0,0.23333333333333334,0.0,0,0,0,27,-1,27,-1,1.0,3,0.14814814814814814,0.3333333333333333,0.0,-0.72,0.0,0.0,0.0,0.037037037037037035
stage1d_single_agent_carry_bootstrap,4,1,122075,2519,1,120,100,1,0,57.33290481567383,0.0,0.0,1.0,0.16666666666666666,0.0,0,0,0,20,-1,20,-1,1.0,4,0.2,0.45,0.0,-0.72,0.0,0.0,0.0,0.05
stage1d_single_agent_carry_bootstrap,4,1,122081,2520,1,120,100,1,0,59.97227096557617,0.0,0.0,1.0,0.13333333333333333,0.0,0,0,0,6,-1,6,-1,1.0,0,0.0,0.16666666666666666,0.0,-0.08,0.0,0.0,0.0,0.16666666666666666
stage1d_single_agent_carry_bootstrap,4,1,122098,2521,1,120,100,1,0,58.7813720703125,0.0,0.0,1.0,0.3,0.0,0,0,0,17,-1,17,-1,1.0,1,0.29411764705882354,0.35294117647058826,0.0,-0.48000000000000004,0.0,0.0,0.0,0.058823529411764705
stage1d_single_agent_carry_bootstrap,4,1,122104,2522,1,120,100,1,0,59.979576110839844,0.0,0.0,1.0,0.1,0.0,0,0,0,6,-1,6,-1,1.0,0,0.0,0.16666666666666666,0.0,-0.08,0.0,0.0,0.0,0.16666666666666666
stage1d_single_agent_carry_bootstrap,4,1,122127,2523,1,120,100,1,0,56.9298210144043,0.0,0.0,1.0,0.16666666666666666,0.0,0,0,0,23,-1,23,-1,1.0,3,0.13043478260869565,0.43478260869565216,0.0,-0.7999999999999999,0.0,0.0,0.0,0.043478260869565216
stage1d_single_agent_carry_bootstrap,4,1,122142,2524,1,120,100,1,0,59.269264221191406,0.0,0.0,1.0,0.23333333333333334,0.0,0,0,0,15,-1,15,-1,1.0,1,0.2,0.3333333333333333,0.0,-0.4,0.0,0.0,0.0,0.06666666666666667
stage1d_single_agent_carry_bootstrap,4,1,122157,2525,1,120,100,1,0,58.5174560546875,0.0,0.0,1.0,0.16666666666666666,0.0,0,0,0,15,-1,15,-1,1.0,2,0.13333333333333333,0.3333333333333333,0.0,-0.4,0.0,0.0,0.0,0.06666666666666667
stage1d_single_agent_carry_bootstrap,4,1,122179,2526,1,120,100,1,0,57.30261993408203,0.0,0.0,1.0,0.2,0.0,0,0,0,22,-1,22,-1,1.0,3,0.22727272727272727,0.45454545454545453,0.0,-0.7999999999999999,0.0,0.0,0.0,0.045454545454545456
stage1d_single_agent_carry_bootstrap,4,1,122184,2527,1,120,100,1,0,60.10383605957031,0.0,0.0,1.0,0.1,0.0,0,0,0,5,-1,5,-1,1.0,0,0.0,0.0,0.0,0.0,0.0,0.0,0.0,0.2
stage1d_single_agent_carry_bootstrap,4,1,122191,2528,1,120,100,1,0,60.161895751953125,0.0,0.0,1.0,0.16666666666666666,0.0,0,0,0,7,-1,7,-1,1.0,0,0.0,0.0,0.0,0.0,0.0,0.0,0.0,0.14285714285714285
stage1d_single_agent_carry_bootstrap,4,1,122197,2529,1,120,100,1,0,60.15218734741211,0.0,0.0,1.0,0.1,0.0,0,0,0,6,-1,6,-1,1.0,0,0.0,0.0,0.0,0.0,0.0,0.0,0.0,0.16666666666666666
stage1d_single_agent_carry_bootstrap,4,1,122219,2530,1,120,100,1,0,56.43426513671875,0.0,0.0,1.0,0.13333333333333333,0.0,0,0,0,22,-1,22,-1,1.0,3,0.13636363636363635,0.45454545454545453,0.0,-0.7999999999999999,0.0,0.0,0.0,0.045454545454545456
stage1d_single_agent_carry_bootstrap,4,1,122228,2531,1,120,100,1,0,59.54788589477539,0.0,0.0,1.0,0.13333333333333333,0.0,0,0,0,9,-1,9,-1,1.0,1,0.1111111111111111,0.2222222222222222,0.0,-0.16,0.0,0.0,0.0,0.1111111111111111
stage1d_single_agent_carry_bootstrap,4,1,122250,2532,1,120,100,1,0,57.600650787353516,0.0,0.0,1.0,0.3,0.0,0,0,0,22,-1,22,-1,1.0,2,0.22727272727272727,0.4090909090909091,0.045454545454545456,-0.7599999999999999,0.0,0.0,0.0,0.045454545454545456
stage1d_single_agent_carry_bootstrap,4,1,122269,2533,1,120,100,1,0,58.22178268432617,0.0,0.0,1.0,0.2,0.0,0,0,0,19,-1,19,-1,1.0,3,0.21052631578947367,0.42105263157894735,0.0,-0.64,0.0,0.0,0.0,0.05263157894736842
stage1d_single_agent_carry_bootstrap,4,1,122274,2534,1,120,100,1,0,60.10719299316406,0.0,0.0,1.0,0.1,0.0,0,0,0,5,-1,5,-1,1.0,0,0.0,0.0,0.0,0.0,0.0,0.0,0.0,0.2
stage1d_single_agent_carry_bootstrap,4,1,122292,2535,1,120,100,1,0,58.86024475097656,0.0,0.0,1.0,0.2,0.0,0,0,0,18,-1,18,-1,1.0,2,0.16666666666666666,0.3333333333333333,0.0,-0.48000000000000004,0.0,0.0,0.0,0.05555555555555555
stage1d_single_agent_carry_bootstrap,4,1,122304,2536,1,120,100,1,0,59.09178161621094,0.0,0.0,1.0,0.16666666666666666,0.0,0,0,0,12,-1,12,-1,1.0,1,0.16666666666666666,0.25,0.0,-0.24,0.0,0.0,0.0,0.08333333333333333
stage1d_single_agent_carry_bootstrap,4,1,122321,2537,1,120,100,1,0,58.301673889160156,0.0,0.0,1.0,0.16666666666666666,0.0,0,0,0,17,-1,17,-1,1.0,2,0.17647058823529413,0.4117647058823529,0.0,-0.56,0.0,0.0,0.0,0.058823529411764705
stage1d_single_agent_carry_bootstrap,4,1,122325,2538,1,120,100,1,0,60.051727294921875,0.0,0.0,1.0,0.06666666666666667,0.0,0,0,0,4,-1,4,-1,1.0,0,0.0,0.0,0.0,0.0,0.0,0.0,0.0,0.25
stage1d_single_agent_carry_bootstrap,4,1,122344,2539,1,120,100,1,0,58.73970031738281,0.0,0.0,1.0,0.3333333333333333,0.0,0,0,0,19,-1,19,-1,1.0,3,0.21052631578947367,0.3684210526315789,0.0,-0.56,0.0,0.0,0.0,0.05263157894736842
stage1d_single_agent_carry_bootstrap,4,1,122365,2540,1,120,100,1,0,58.52217102050781,0.0,0.0,1.0,0.26666666666666666,0.0,0,0,0,21,-1,21,-1,1.0,3,0.2857142857142857,0.42857142857142855,0.0,-0.72,0.0,0.0,0.0,0.047619047619047616
stage1d_single_agent_carry_bootstrap,4,1,122393,2541,1,120,100,1,0,57.72737121582031,0.0,0.0,1.0,0.36666666666666664,0.0,0,0,0,28,-1,28,-1,1.0,3,0.35714285714285715,0.4642857142857143,0.03571428571428571,-1.0799999999999998,0.0,0.0,0.0,0.03571428571428571
stage1d_single_agent_carry_bootstrap,4,1,122411,2542,1,120,100,1,0,58.19807434082031,0.0,0.0,1.0,0.23333333333333334,0.0,0,0,0,18,-1,18,-1,1.0,3,0.2777777777777778,0.4444444444444444,0.0,-0.64,0.0,0.0,0.0,0.05555555555555555
stage1d_single_agent_carry_bootstrap,4,1,122413,2543,1,120,100,1,0,59.99943161010742,0.0,0.0,1.0,0.06666666666666667,0.0,0,0,0,2,-1,2,-1,1.0,0,0.0,0.0,0.0,0.0,0.0,0.0,0.0,0.5
stage1d_single_agent_carry_bootstrap,4,1,122434,2544,1,120,100,1,0,57.83552169799805,0.0,0.0,1.0,0.23333333333333334,0.0,0,0,0,21,-1,21,-1,1.0,2,0.19047619047619047,0.38095238095238093,0.0,-0.64,0.0,0.0,0.0,0.047619047619047616
stage1d_single_agent_carry_bootstrap,4,1,122451,2545,1,120,100,1,0,58.14815902709961,0.0,0.0,1.0,0.16666666666666666,0.0,0,0,0,17,-1,17,-1,1.0,2,0.29411764705882354,0.47058823529411764,0.0,-0.64,0.0,0.0,0.0,0.058823529411764705
stage1d_single_agent_carry_bootstrap,4,1,122472,2546,1,120,100,1,0,57.805015563964844,0.0,0.0,1.0,0.26666666666666666,0.0,0,0,0,21,-1,21,-1,1.0,2,0.47619047619047616,0.5714285714285714,0.0,-0.9599999999999999,0.0,0.0,0.0,0.047619047619047616
stage1d_single_agent_carry_bootstrap,4,1,122504,2547,1,120,100,1,0,57.85768127441406,0.0,0.0,1.0,0.4666666666666667,0.0,0,0,0,32,-1,32,-1,1.0,3,0.28125,0.40625,0.03125,-1.0799999999999998,0.0,0.0,0.0,0.03125
stage1d_single_agent_carry_bootstrap,4,1,122529,2548,1,120,100,1,0,57.299957275390625,0.0,0.0,1.0,0.2,0.0,0,0,0,25,-1,25,-1,1.0,2,0.2,0.4,0.0,-0.7999999999999999,0.0,0.0,0.0,0.04
stage1d_single_agent_carry_bootstrap,4,1,122542,2549,1,120,100,1,0,58.62152099609375,0.0,0.0,1.0,0.13333333333333333,0.0,0,0,0,13,-1,13,-1,1.0,1,0.07692307692307693,0.3076923076923077,0.0,-0.32,0.0,0.0,0.0,0.07692307692307693
stage1d_single_agent_carry_bootstrap,4,1,122564,2550,1,120,100,1,0,57.91990661621094,0.0,0.0,1.0,0.3333333333333333,0.0,0,0,0,22,-1,22,-1,1.0,3,0.3181818181818182,0.5,0.0,-0.8799999999999999,0.0,0.0,0.0,0.045454545454545456
stage1d_single_agent_carry_bootstrap,4,1,122573,2551,1,120,100,1,0,58.38184356689453,0.0,0.0,1.0,0.06666666666666667,0.0,0,0,0,9,-1,9,-1,1.0,2,0.2222222222222222,0.5555555555555556,0.0,-0.4,0.0,0.0,0.0,0.1111111111111111
stage1d_single_agent_carry_bootstrap,4,1,122584,2552,1,120,100,1,0,59.00333786010742,0.0,0.0,1.0,0.1,0.0,0,0,0,11,-1,11,-1,1.0,1,0.2727272727272727,0.36363636363636365,0.0,-0.32,0.0,0.0,0.0,0.09090909090909091
stage1d_single_agent_carry_bootstrap,4,1,122588,2553,1,120,100,1,0,60.058189392089844,0.0,0.0,1.0,0.1,0.0,0,0,0,4,-1,4,-1,1.0,0,0.0,0.0,0.0,0.0,0.0,0.0,0.0,0.25
stage1d_single_agent_carry_bootstrap,4,1,122622,2554,1,120,100,1,0,56.32651901245117,0.0,0.0,1.0,0.36666666666666664,0.0,0,0,0,34,-1,34,-1,1.0,2,0.23529411764705882,0.4411764705882353,0.0,-1.2,0.0,0.0,0.0,0.029411764705882353
stage1d_single_agent_carry_bootstrap,4,1,122631,2555,1,120,100,1,0,60.05023956298828,0.0,0.0,1.0,0.16666666666666666,0.0,0,0,0,9,-1,9,-1,1.0,0,0.0,0.1111111111111111,0.0,-0.08,0.0,0.0,0.0,0.1111111111111111
stage1d_single_agent_carry_bootstrap,4,1,122638,2556,1,120,100,1,0,60.20121383666992,0.0,0.0,1.0,0.13333333333333333,0.0,0,0,0,7,-1,7,-1,1.0,0,0.0,0.0,0.0,0.0,0.0,0.0,0.0,0.14285714285714285
stage1d_single_agent_carry_bootstrap,4,1,122639,2557,1,120,100,1,0,59.99599838256836,0.0,0.0,1.0,0.06666666666666667,0.0,0,0,0,1,-1,1,-1,1.0,0,0.0,0.0,0.0,0.0,0.0,0.0,0.0,1.0
stage1d_single_agent_carry_bootstrap,4,1,122660,2558,1,120,100,1,0,58.04328918457031,0.0,0.0,1.0,0.2,0.0,0,0,0,21,-1,21,-1,1.0,3,0.2857142857142857,0.42857142857142855,0.0,-0.72,0.0,0.0,0.0,0.047619047619047616
stage1d_single_agent_carry_bootstrap,4,1,122665,2559,1,120,100,1,0,60.10578536987305,0.0,0.0,1.0,0.13333333333333333,0.0,0,0,0,5,-1,5,-1,1.0,0,0.0,0.0,0.0,0.0,0.0,0.0,0.0,0.2
stage1d_single_agent_carry_bootstrap,4,1,122668,2560,1,120,100,1,0,60.020816802978516,0.0,0.0,1.0,0.1,0.0,0,0,0,3,-1,3,-1,1.0,0,0.0,0.0,0.0,0.0,0.0,0.0,0.0,0.3333333333333333
stage1d_single_agent_carry_bootstrap,4,1,122688,2561,1,120,100,1,0,58.16840744018555,0.0,0.0,1.0,0.16666666666666666,0.0,0,0,0,20,-1,20,-1,1.0,3,0.25,0.45,0.0,-0.72,0.0,0.0,0.0,0.05
stage1d_single_agent_carry_bootstrap,4,1,122693,2562,1,120,100,1,0,60.09667205810547,0.0,0.0,1.0,0.06666666666666667,0.0,0,0,0,5,-1,5,-1,1.0,0,0.0,0.0,0.0,0.0,0.0,0.0,0.0,0.2
stage1d_single_agent_carry_bootstrap,4,1,122723,2563,1,120,100,1,0,57.334754943847656,0.0,0.0,1.0,0.26666666666666666,0.0,0,0,0,30,-1,30,-1,1.0,4,0.2,0.36666666666666664,0.0,-0.8799999999999999,0.0,0.0,0.0,0.03333333333333333
stage1d_single_agent_carry_bootstrap,4,1,122736,2564,1,120,100,1,0,58.56549835205078,0.0,0.0,1.0,0.13333333333333333,0.0,0,0,0,13,-1,13,-1,1.0,1,0.07692307692307693,0.3076923076923077,0.0,-0.32,0.0,0.0,0.0,0.07692307692307693
stage1d_single_agent_carry_bootstrap,4,1,122755,2565,1,120,100,1,0,56.859962463378906,0.0,0.0,1.0,0.06666666666666667,0.0,0,0,0,19,-1,19,-1,1.0,3,0.15789473684210525,0.47368421052631576,0.0,-0.72,0.0,0.0,0.0,0.05263157894736842
stage1d_single_agent_carry_bootstrap,4,1,122782,2566,1,120,100,1,0,57.75456619262695,0.0,0.0,1.0,0.3333333333333333,0.0,0,0,0,27,-1,27,-1,1.0,3,0.14814814814814814,0.3333333333333333,0.0,-0.72,0.0,0.0,0.0,0.037037037037037035
stage1d_single_agent_carry_bootstrap,4,1,122797,2567,1,120,100,1,0,58.56929016113281,0.0,0.0,1.0,0.16666666666666666,0.0,0,0,0,15,-1,15,-1,1.0,1,0.4,0.5333333333333333,0.0,-0.64,0.0,0.0,0.0,0.06666666666666667
stage1d_single_agent_carry_bootstrap,4,1,122818,2568,1,120,100,1,0,57.238182067871094,0.0,0.0,1.0,0.13333333333333333,0.0,0,0,0,21,-1,21,-1,1.0,4,0.23809523809523808,0.47619047619047616,0.0,-0.7999999999999999,0.0,0.0,0.0,0.047619047619047616
stage1d_single_agent_carry_bootstrap,4,1,122827,2569,1,120,100,1,0,59.84431457519531,0.0,0.0,1.0,0.16666666666666666,0.0,0,0,0,9,-1,9,-1,1.0,0,0.0,0.0,0.0,0.0,0.0,0.0,0.0,0.1111111111111111
stage1d_single_agent_carry_bootstrap,4,1,122848,2570,1,120,100,1,0,56.71433639526367,0.0,0.0,1.0,0.1,0.0,0,0,0,21,-1,21,-1,1.0,3,0.2857142857142857,0.5238095238095238,0.047619047619047616,-0.9199999999999998,0.0,0.0,0.0,0.047619047619047616
stage1d_single_agent_carry_bootstrap,4,1,122869,2571,1,120,100,1,0,57.788055419921875,0.0,0.0,1.0,0.16666666666666666,0.0,0,0,0,21,-1,21,-1,1.0,2,0.19047619047619047,0.42857142857142855,0.0,-0.72,0.0,0.0,0.0,0.047619047619047616
stage1d_single_agent_carry_bootstrap,4,1,122887,2572,1,120,100,1,0,58.49296951293945,0.0,0.0,1.0,0.16666666666666666,0.0,0,0,0,18,-1,18,-1,1.0,2,0.16666666666666666,0.3333333333333333,0.0,-0.48000000000000004,0.0,0.0,0.0,0.05555555555555555
stage1d_single_agent_carry_bootstrap,4,1,122888,2573,1,120,100,1,0,59.99599838256836,0.0,0.0,1.0,0.03333333333333333,0.0,0,0,0,1,-1,1,-1,1.0,0,0.0,0.0,0.0,0.0,0.0,0.0,0.0,1.0
stage1d_single_agent_carry_bootstrap,4,1,122912,2574,1,120,100,1,0,57.255313873291016,0.0,0.0,1.0,0.2,0.0,0,0,0,24,-1,24,-1,1.0,4,0.20833333333333334,0.4166666666666667,0.0,-0.7999999999999999,0.0,0.0,0.0,0.041666666666666664
stage1d_single_agent_carry_bootstrap,4,1,122918,2575,1,120,100,1,0,60.15593719482422,0.0,0.0,1.0,0.13333333333333333,0.0,0,0,0,6,-1,6,-1,1.0,0,0.0,0.0,0.0,0.0,0.0,0.0,0.0,0.16666666666666666
stage1d_single_agent_carry_bootstrap,4,1,122964,2576,1,120,100,1,0,55.55378341674805,0.0,0.0,1.0,0.36666666666666664,0.0,0,0,0,46,-1,46,-1,1.0,5,0.34782608695652173,0.5217391304347826,0.021739130434782608,-1.9600000000000006,0.0,0.0,0.0,0.021739130434782608
stage1d_single_agent_carry_bootstrap,4,1,122969,2577,1,120,100,1,0,58.94861602783203,0.0,0.0,1.0,0.06666666666666667,0.0,0,0,0,5,-1,5,-1,1.0,1,0.2,0.6,0.0,-0.24,0.0,0.0,0.0,0.2
stage1d_single_agent_carry_bootstrap,4,1,122994,2578,1,120,100,1,0,57.83512878417969,0.0,0.0,1.0,0.3333333333333333,0.0,0,0,0,25,-1,25,-1,1.0,3,0.36,0.48,0.0,-0.9599999999999999,0.0,0.0,0.0,0.04
stage1d_single_agent_carry_bootstrap,4,1,123026,2579,1,120,100,1,0,55.37627029418945,0.0,0.0,1.0,0.26666666666666666,0.0,0,0,0,32,-1,32,-1,1.0,5,0.28125,0.53125,0.0,-1.36,0.0,0.0,0.0,0.03125
stage1d_single_agent_carry_bootstrap,4,1,123049,2580,1,120,100,1,0,56.942474365234375,0.0,0.0,1.0,0.13333333333333333,0.0,0,0,0,23,-1,23,-1,1.0,2,0.13043478260869565,0.391304347826087,0.0,-0.72,0.0,0.0,0.0,0.043478260869565216
stage1d_single_agent_carry_bootstrap,4,1,123055,2581,1,120,100,1,0,60.135128021240234,0.0,0.0,1.0,0.13333333333333333,0.0,0,0,0,6,-1,6,-1,1.0,0,0.0,0.0,0.0,0.0,0.0,0.0,0.0,0.16666666666666666
stage1d_single_agent_carry_bootstrap,4,1,123076,2582,1,120,100,1,0,57.55865478515625,0.0,0.0,1.0,0.2,0.0,0,0,0,21,-1,21,-1,1.0,3,0.14285714285714285,0.38095238095238093,0.0,-0.64,0.0,0.0,0.0,0.047619047619047616
stage1d_single_agent_carry_bootstrap,4,1,123094,2583,1,120,100,1,0,58.54957962036133,0.0,0.0,1.0,0.2,0.0,0,0,0,18,-1,18,-1,1.0,2,0.16666666666666666,0.3333333333333333,0.0,-0.48000000000000004,0.0,0.0,0.0,0.05555555555555555
stage1d_single_agent_carry_bootstrap,4,1,123107,2584,1,120,100,1,0,59.446048736572266,0.0,0.0,1.0,0.23333333333333334,0.0,0,0,0,13,-1,13,-1,1.0,1,0.15384615384615385,0.23076923076923078,0.0,-0.24,0.0,0.0,0.0,0.07692307692307693
stage1d_single_agent_carry_bootstrap,4,1,123119,2585,1,120,100,1,0,58.94341278076172,0.0,0.0,1.0,0.13333333333333333,0.0,0,0,0,12,-1,12,-1,1.0,2,0.16666666666666666,0.3333333333333333,0.0,-0.32,0.0,0.0,0.0,0.08333333333333333
stage1d_single_agent_carry_bootstrap,4,1,123124,2586,1,120,100,1,0,60.09707260131836,0.0,0.0,1.0,0.13333333333333333,0.0,0,0,0,5,-1,5,-1,1.0,0,0.0,0.0,0.0,0.0,0.0,0.0,0.0,0.2
stage1d_single_agent_carry_bootstrap,4,1,123151,2587,1,120,100,1,0,57.89674758911133,0.0,0.0,1.0,0.36666666666666664,0.0,0,0,0,27,-1,27,-1,1.0,4,0.25925925925925924,0.4074074074074074,0.037037037037037035,-0.9199999999999998,0.0,0.0,0.0,0.037037037037037035
stage1d_single_agent_carry_bootstrap,4,1,123167,2588,1,120,100,1,0,57.89165115356445,0.0,0.0,1.0,0.16666666666666666,0.0,0,0,0,16,-1,16,-1,1.0,3,0.1875,0.4375,0.0,-0.56,0.0,0.0,0.0,0.0625
stage1d_single_agent_carry_bootstrap,4,1,123171,2589,1,120,100,1,0,60.060646057128906,0.0,0.0,1.0,0.13333333333333333,0.0,0,0,0,4,-1,4,-1,1.0,0,0.0,0.0,0.0,0.0,0.0,0.0,0.0,0.25
stage1d_single_agent_carry_bootstrap,4,1,123184,2590,1,120,100,1,0,58.12215042114258,0.0,0.0,1.0,0.1,0.0,0,0,0,13,-1,13,-1,1.0,1,0.3076923076923077,0.38461538461538464,0.0,-0.4,0.0,0.0,0.0,0.07692307692307693
stage1d_single_agent_carry_bootstrap,4,1,123196,2591,1,120,100,1,0,59.59685134887695,0.0,0.0,1.0,0.23333333333333334,0.0,0,0,0,12,-1,12,-1,1.0,1,0.16666666666666666,0.25,0.0,-0.24,0.0,0.0,0.0,0.08333333333333333
stage1d_single_agent_carry_bootstrap,4,1,123203,2592,1,120,100,1,0,60.186561584472656,0.0,0.0,1.0,0.13333333333333333,0.0,0,0,0,7,-1,7,-1,1.0,0,0.0,0.0,0.0,0.0,0.0,0.0,0.0,0.14285714285714285
stage1d_single_agent_carry_bootstrap,4,1,123221,2593,1,120,100,1,0,58.56040573120117,0.0,0.0,1.0,0.26666666666666666,0.0,0,0,0,18,-1,18,-1,1.0,1,0.2777777777777778,0.4444444444444444,0.0,-0.64,0.0,0.0,0.0,0.05555555555555555
stage1d_single_agent_carry_bootstrap,4,1,123224,2594,1,120,100,1,0,60.01338195800781,0.0,0.0,1.0,0.06666666666666667,0.0,0,0,0,3,-1,3,-1,1.0,0,0.0,0.0,0.0,0.0,0.0,0.0,0.0,0.3333333333333333
stage1d_single_agent_carry_bootstrap,4,1,123231,2595,1,120,100,1,0,60.20674514770508,0.0,0.0,1.0,0.1,0.0,0,0,0,7,-1,7,-1,1.0,0,0.0,0.0,0.0,0.0,0.0,0.0,0.0,0.14285714285714285
stage1d_single_agent_carry_bootstrap,4,1,123238,2596,1,120,100,1,0,60.15793228149414,0.0,0.0,1.0,0.16666666666666666,0.0,0,0,0,7,-1,7,-1,1.0,0,0.0,0.0,0.0,0.0,0.0,0.0,0.0,0.14285714285714285
stage1d_single_agent_carry_bootstrap,4,1,123253,2597,1,120,100,1,0,58.323699951171875,0.0,0.0,1.0,0.16666666666666666,0.0,0,0,0,15,-1,15,-1,1.0,1,0.4,0.4666666666666667,0.0,-0.56,0.0,0.0,0.0,0.06666666666666667
stage1d_single_agent_carry_bootstrap,4,1,123266,2598,1,120,100,1,0,58.847434997558594,0.0,0.0,1.0,0.13333333333333333,0.0,0,0,0,13,-1,13,-1,1.0,2,0.15384615384615385,0.38461538461538464,0.0,-0.4,0.0,0.0,0.0,0.07692307692307693
stage1d_single_agent_carry_bootstrap,4,1,123278,2599,1,120,100,1,0,58.10761260986328,0.0,0.0,1.0,0.06666666666666667,0.0,0,0,0,12,-1,12,-1,1.0,0,0.0,0.3333333333333333,0.0,-0.32,0.0,0.0,0.0,0.08333333333333333
stage1d_single_agent_carry_bootstrap,4,1,123298,2600,1,120,100,1,0,57.34654235839844,0.0,0.0,1.0,0.13333333333333333,0.0,0,0,0,20,-1,20,-1,1.0,3,0.2,0.45,0.0,-0.72,0.0,0.0,0.0,0.05
stage1d_single_agent_carry_bootstrap,4,1,123315,2601,1,120,100,1,0,57.73098373413086,0.0,0.0,1.0,0.13333333333333333,0.0,0,0,0,17,-1,17,-1,1.0,3,0.23529411764705882,0.47058823529411764,0.0,-0.64,0.0,0.0,0.0,0.058823529411764705
stage1d_single_agent_carry_bootstrap,4,1,123326,2602,1,120,100,1,0,60.11179733276367,0.0,0.0,1.0,0.2,0.0,0,0,0,11,-1,11,-1,1.0,1,0.09090909090909091,0.18181818181818182,0.0,-0.16,0.0,0.0,0.0,0.09090909090909091
stage1d_single_agent_carry_bootstrap,4,1,123329,2603,1,120,100,1,0,60.01448059082031,0.0,0.0,1.0,0.06666666666666667,0.0,0,0,0,3,-1,3,-1,1.0,0,0.0,0.0,0.0,0.0,0.0,0.0,0.0,0.3333333333333333
stage1d_single_agent_carry_bootstrap,4,1,123351,2604,1,120,100,1,0,57.95366287231445,0.0,0.0,1.0,0.23333333333333334,0.0,0,0,0,22,-1,22,-1,1.0,2,0.3181818181818182,0.5,0.0,-0.8799999999999999,0.0,0.0,0.0,0.045454545454545456
stage1d_single_agent_carry_bootstrap,4,1,123377,2605,1,120,100,1,0,57.299556732177734,0.0,0.0,1.0,0.23333333333333334,0.0,0,0,0,26,-1,26,-1,1.0,3,0.19230769230769232,0.38461538461538464,0.0,-0.7999999999999999,0.0,0.0,0.0,0.038461538461538464
stage1d_single_agent_carry_bootstrap,4,1,123394,2606,1,120,100,1,0,58.744022369384766,0.0,0.0,1.0,0.3,0.0,0,0,0,17,-1,17,-1,1.0,1,0.5294117647058824,0.6470588235294118,0.0,-0.8799999999999999,0.0,0.0,0.0,0.058823529411764705
stage1d_single_agent_carry_bootstrap,4,1,123400,2607,1,120,100,1,0,60.11337661743164,0.0,0.0,1.0,0.1,0.0,0,0,0,6,-1,6,-1,1.0,0,0.0,0.0,0.0,0.0,0.0,0.0,0.0,0.16666666666666666
stage1d_single_agent_carry_bootstrap,4,1,123407,2608,1,120,100,1,0,59.07838439941406,0.0,0.0,1.0,0.06666666666666667,0.0,0,0,0,7,-1,7,-1,1.0,1,0.14285714285714285,0.2857142857142857,0.0,-0.16,0.0,0.0,0.0,0.14285714285714285
stage1d_single_agent_carry_bootstrap,4,1,123421,2609,1,120,100,1,0,59.31639099121094,0.0,0.0,1.0,0.2,0.0,0,0,0,14,-1,14,-1,1.0,2,0.21428571428571427,0.35714285714285715,0.0,-0.4,0.0,0.0,0.0,0.07142857142857142
stage1d_single_agent_carry_bootstrap,4,1,123438,2610,1,120,100,1,0,57.610389709472656,0.0,0.0,1.0,0.13333333333333333,0.0,0,0,0,17,-1,17,-1,1.0,3,0.29411764705882354,0.5294117647058824,0.0,-0.72,0.0,0.0,0.0,0.058823529411764705
stage1d_single_agent_carry_bootstrap,4,1,123449,2611,1,120,100,1,0,58.64004898071289,0.0,0.0,1.0,0.1,0.0,0,0,0,11,-1,11,-1,1.0,0,0.0,0.2727272727272727,0.0,-0.24,0.0,0.0,0.0,0.09090909090909091
stage1d_single_agent_carry_bootstrap,4,1,123469,2612,1,120,100,1,0,58.199764251708984,0.0,0.0,1.0,0.23333333333333334,0.0,0,0,0,20,-1,20,-1,1.0,3,0.3,0.45,0.0,-0.72,0.0,0.0,0.0,0.05
stage1d_single_agent_carry_bootstrap,4,1,123485,2613,1,120,100,1,0,58.34036636352539,0.0,0.0,1.0,0.2,0.0,0,0,0,16,-1,16,-1,1.0,2,0.3125,0.4375,0.0,-0.56,0.0,0.0,0.0,0.0625
stage1d_single_agent_carry_bootstrap,4,1,123530,2614,1,120,100,1,0,55.96561050415039,0.0,0.0,1.0,0.43333333333333335,0.0,0,0,0,45,-1,45,-1,1.0,5,0.3111111111111111,0.4444444444444444,0.0,-1.6000000000000003,0.0,0.0,0.0,0.022222222222222223
stage1d_single_agent_carry_bootstrap,4,1,123535,2615,1,120,100,1,0,60.10441207885742,0.0,0.0,1.0,0.13333333333333333,0.0,0,0,0,5,-1,5,-1,1.0,0,0.0,0.0,0.0,0.0,0.0,0.0,0.0,0.2
stage1d_single_agent_carry_bootstrap,4,1,123548,2616,1,120,100,1,0,58.80339431762695,0.0,0.0,1.0,0.16666666666666666,0.0,0,0,0,13,-1,13,-1,1.0,2,0.23076923076923078,0.38461538461538464,0.0,-0.4,0.0,0.0,0.0,0.07692307692307693
stage1d_single_agent_carry_bootstrap,4,1,123562,2617,1,120,100,1,0,58.885921478271484,0.0,0.0,1.0,0.16666666666666666,0.0,0,0,0,14,-1,14,-1,1.0,2,0.21428571428571427,0.35714285714285715,0.0,-0.4,0.0,0.0,0.0,0.07142857142857142
stage1d_single_agent_carry_bootstrap,4,1,123586,2618,1,120,100,1,0,58.26271057128906,0.0,0.0,1.0,0.26666666666666666,0.0,0,0,0,24,-1,24,-1,1.0,3,0.20833333333333334,0.3333333333333333,0.0,-0.64,0.0,0.0,0.0,0.041666666666666664
stage1d_single_agent_carry_bootstrap,4,1,123614,2619,1,120,100,1,0,56.65107345581055,0.0,0.0,1.0,0.3333333333333333,0.0,0,0,0,28,-1,28,-1,1.0,2,0.5357142857142857,0.6071428571428571,0.0,-1.36,0.0,0.0,0.0,0.03571428571428571
stage1d_single_agent_carry_bootstrap,4,1,123632,2620,1,120,100,1,0,57.67010498046875,0.0,0.0,1.0,0.1,0.0,0,0,0,18,-1,18,-1,1.0,3,0.2777777777777778,0.5,0.0,-0.72,0.0,0.0,0.0,0.05555555555555555
stage1d_single_agent_carry_bootstrap,4,1,123656,2621,1,120,100,1,0,58.0309944152832,0.0,0.0,1.0,0.26666666666666666,0.0,0,0,0,24,-1,24,-1,1.0,3,0.2916666666666667,0.4166666666666667,0.0,-0.7999999999999999,0.0,0.0,0.0,0.041666666666666664
stage1d_single_agent_carry_bootstrap,4,1,123673,2622,1,120,100,1,0,59.13709259033203,0.0,0.0,1.0,0.23333333333333334,0.0,0,0,0,17,-1,17,-1,1.0,1,0.29411764705882354,0.4117647058823529,0.0,-0.56,0.0,0.0,0.0,0.058823529411764705
stage1d_single_agent_carry_bootstrap,4,1,123681,2623,1,120,100,1,0,60.22709274291992,0.0,0.0,1.0,0.16666666666666666,0.0,0,0,0,8,-1,8,-1,1.0,0,0.0,0.0,0.0,0.0,0.0,0.0,0.0,0.125
stage1d_single_agent_carry_bootstrap,4,1,123703,2624,1,120,100,1,0,57.536163330078125,0.0,0.0,1.0,0.2,0.0,0,0,0,22,-1,22,-1,1.0,4,0.3181818181818182,0.5,0.045454545454545456,-0.9199999999999998,0.0,0.0,0.0,0.045454545454545456
stage1d_single_agent_carry_bootstrap,4,1,123718,2625,1,120,100,1,0,57.48265075683594,0.0,0.0,1.0,0.1,0.0,0,0,0,15,-1,15,-1,1.0,2,0.13333333333333333,0.4,0.0,-0.48000000000000004,0.0,0.0,0.0,0.06666666666666667
stage1d_single_agent_carry_bootstrap,4,1,123741,2626,1,120,100,1,0,57.10711669921875,0.0,0.0,1.0,0.16666666666666666,0.0,0,0,0,23,-1,23,-1,1.0,3,0.2608695652173913,0.5217391304347826,0.0,-0.9599999999999999,0.0,0.0,0.0,0.043478260869565216
stage1d_single_agent_carry_bootstrap,4,1,123760,2627,1,120,100,1,0,57.59437942504883,0.0,0.0,1.0,0.13333333333333333,0.0,0,0,0,19,-1,19,-1,1.0,2,0.10526315789473684,0.3684210526315789,0.0,-0.56,0.0,0.0,0.0,0.05263157894736842
stage1d_single_agent_carry_bootstrap,4,1,123767,2628,1,120,100,1,0,59.99509048461914,0.0,0.0,1.0,0.13333333333333333,0.0,0,0,0,7,-1,7,-1,1.0,0,0.0,0.14285714285714285,0.0,-0.08,0.0,0.0,0.0,0.14285714285714285
stage1d_single_agent_carry_bootstrap,4,1,123778,2629,1,120,100,1,0,59.56546401977539,0.0,0.0,1.0,0.13333333333333333,0.0,0,0,0,11,-1,11,-1,1.0,0,0.0,0.18181818181818182,0.0,-0.16,0.0,0.0,0.0,0.09090909090909091
stage1d_single_agent_carry_bootstrap,4,1,123800,2630,1,120,100,1,0,57.11806106567383,0.0,0.0,1.0,0.13333333333333333,0.0,0,0,0,22,-1,22,-1,1.0,3,0.13636363636363635,0.36363636363636365,0.0,-0.64,0.0,0.0,0.0,0.045454545454545456
stage1d_single_agent_carry_bootstrap,4,1,123804,2631,1,120,100,1,0,59.928070068359375,0.0,0.0,1.0,0.06666666666666667,0.0,0,0,0,4,-1,4,-1,1.0,0,0.0,0.25,0.0,-0.08,0.0,0.0,0.0,0.25
stage1d_single_agent_carry_bootstrap,4,1,123833,2632,1,120,100,1,0,57.39830780029297,0.0,0.0,1.0,0.3,0.0,0,0,0,29,-1,29,-1,1.0,3,0.3103448275862069,0.4482758620689655,0.0,-1.0399999999999998,0.0,0.0,0.0,0.034482758620689655
stage1d_single_agent_carry_bootstrap,4,1,123849,2633,1,120,100,1,0,58.81484603881836,0.0,0.0,1.0,0.23333333333333334,0.0,0,0,0,16,-1,16,-1,1.0,2,0.1875,0.375,0.0625,-0.52,0.0,0.0,0.0,0.0625
stage1d_single_agent_carry_bootstrap,4,1,123852,2634,1,120,100,1,0,60.01535415649414,0.0,0.0,1.0,0.03333333333333333,0.0,0,0,0,3,-1,3,-1,1.0,0,0.0,0.0,0.0,0.0,0.0,0.0,0.0,0.3333333333333333
stage1d_single_agent_carry_bootstrap,4,1,123857,2635,1,120,100,1,0,60.08955383300781,0.0,0.0,1.0,0.1,0.0,0,0,0,5,-1,5,-1,1.0,0,0.0,0.0,0.0,0.0,0.0,0.0,0.0,0.2
stage1d_single_agent_carry_bootstrap,4,1,123864,2636,1,120,100,1,0,60.21033477783203,0.0,0.0,1.0,0.13333333333333333,0.0,0,0,0,7,-1,7,-1,1.0,0,0.0,0.0,0.0,0.0,0.0,0.0,0.0,0.14285714285714285
stage1d_single_agent_carry_bootstrap,4,1,123891,2637,1,120,100,1,0,58.15482711791992,0.0,0.0,1.0,0.3,0.0,0,0,0,27,-1,27,-1,1.0,3,0.18518518518518517,0.3333333333333333,0.0,-0.72,0.0,0.0,0.0,0.037037037037037035
stage1d_single_agent_carry_bootstrap,4,1,123923,2638,1,120,100,1,0,56.71670150756836,0.0,0.0,1.0,0.36666666666666664,0.0,0,0,0,32,-1,32,-1,1.0,4,0.34375,0.5,0.0,-1.28,0.0,0.0,0.0,0.03125
stage1d_single_agent_carry_bootstrap,4,1,123946,2639,1,120,100,1,0,57.56340026855469,0.0,0.0,1.0,0.26666666666666666,0.0,0,0,0,23,-1,23,-1,1.0,3,0.2608695652173913,0.43478260869565216,0.0,-0.7999999999999999,0.0,0.0,0.0,0.043478260869565216
stage1d_single_agent_carry_bootstrap,4,1,123975,2640,1,120,100,1,0,56.786441802978516,0.0,0.0,1.0,0.3,0.0,0,0,0,29,-1,29,-1,1.0,4,0.13793103448275862,0.3448275862068966,0.0,-0.7999999999999999,0.0,0.0,0.0,0.034482758620689655
stage1d_single_agent_carry_bootstrap,4,1,123993,2641,1,120,100,1,0,58.368675231933594,0.0,0.0,1.0,0.16666666666666666,0.0,0,0,0,18,-1,18,-1,1.0,3,0.16666666666666666,0.3888888888888889,0.0,-0.56,0.0,0.0,0.0,0.05555555555555555
stage1d_single_agent_carry_bootstrap,4,1,123997,2642,1,120,100,1,0,60.057708740234375,0.0,0.0,1.0,0.1,0.0,0,0,0,4,-1,4,-1,1.0,0,0.0,0.0,0.0,0.0,0.0,0.0,0.0,0.25
stage1d_single_agent_carry_bootstrap,4,1,124017,2643,1,120,100,1,0,57.60978317260742,0.0,0.0,1.0,0.16666666666666666,0.0,0,0,0,20,-1,20,-1,1.0,3,0.25,0.5,0.0,-0.7999999999999999,0.0,0.0,0.0,0.05
stage1d_single_agent_carry_bootstrap,4,1,124024,2644,1,120,100,1,0,60.13839340209961,0.0,0.0,1.0,0.16666666666666666,0.0,0,0,0,7,-1,7,-1,1.0,0,0.0,0.0,0.0,0.0,0.0,0.0,0.0,0.14285714285714285
stage1d_single_agent_carry_bootstrap,4,1,124048,2645,1,120,100,1,0,56.94447708129883,0.0,0.0,1.0,0.16666666666666666,0.0,0,0,0,24,-1,24,-1,1.0,2,0.08333333333333333,0.375,0.0,-0.72,0.0,0.0,0.0,0.041666666666666664
stage1d_single_agent_carry_bootstrap,4,1,124069,2646,1,120,100,1,0,57.17201614379883,0.0,0.0,1.0,0.13333333333333333,0.0,0,0,0,21,-1,21,-1,1.0,3,0.23809523809523808,0.5238095238095238,0.0,-0.8799999999999999,0.0,0.0,0.0,0.047619047619047616
stage1d_single_agent_carry_bootstrap,4,1,124113,2647,1,120,100,1,0,56.092674255371094,0.0,0.0,1.0,0.4,0.0,0,0,0,44,-1,44,-1,1.0,5,0.36363636363636365,0.5227272727272727,0.0,-1.8400000000000005,0.0,0.0,0.0,0.022727272727272728
stage1d_single_agent_carry_bootstrap,4,1,124134,2648,1,120,100,1,0,57.77193069458008,0.0,0.0,1.0,0.13333333333333333,0.0,0,0,0,21,-1,21,-1,1.0,2,0.19047619047619047,0.38095238095238093,0.0,-0.64,0.0,0.0,0.0,0.047619047619047616
stage1d_single_agent_carry_bootstrap,4,1,124150,2649,1,120,100,1,0,58.745643615722656,0.0,0.0,1.0,0.23333333333333334,0.0,0,0,0,16,-1,16,-1,1.0,2,0.25,0.375,0.0625,-0.52,0.0,0.0,0.0,0.0625
stage1d_single_agent_carry_bootstrap,4,1,124183,2650,1,120,100,1,0,55.65843200683594,0.0,0.0,1.0,0.26666666666666666,0.0,0,0,0,33,-1,33,-1,1.0,8,0.30303030303030304,0.5454545454545454,0.0,-1.4400000000000002,0.0,0.0,0.0,0.030303030303030304
stage1d_single_agent_carry_bootstrap,4,1,124207,2651,1,120,100,1,0,58.2103157043457,0.0,0.0,1.0,0.4,0.0,0,0,0,24,-1,24,-1,1.0,3,0.375,0.5,0.041666666666666664,-0.9999999999999998,0.0,0.0,0.0,0.041666666666666664
stage1d_single_agent_carry_bootstrap,4,1,124222,2652,1,120,100,1,0,58.916194915771484,0.0,0.0,1.0,0.13333333333333333,0.0,0,0,0,15,-1,15,-1,1.0,2,0.2,0.3333333333333333,0.0,-0.4,0.0,0.0,0.0,0.06666666666666667
stage1d_single_agent_carry_bootstrap,4,1,124232,2653,1,120,100,1,0,58.916011810302734,0.0,0.0,1.0,0.1,0.0,0,0,0,10,-1,10,-1,1.0,1,0.3,0.4,0.0,-0.32,0.0,0.0,0.0,0.1
stage1d_single_agent_carry_bootstrap,4,1,124235,2654,1,120,100,1,0,60.02033615112305,0.0,0.0,1.0,0.06666666666666667,0.0,0,0,0,3,-1,3,-1,1.0,0,0.0,0.0,0.0,0.0,0.0,0.0,0.0,0.3333333333333333
stage1d_single_agent_carry_bootstrap,4,1,124246,2655,1,120,100,1,0,59.37578582763672,0.0,0.0,1.0,0.16666666666666666,0.0,0,0,0,11,-1,11,-1,1.0,1,0.2727272727272727,0.36363636363636365,0.0,-0.32,0.0,0.0,0.0,0.09090909090909091
stage1d_single_agent_carry_bootstrap,4,1,124250,2656,1,120,100,1,0,60.048824310302734,0.0,0.0,1.0,0.1,0.0,0,0,0,4,-1,4,-1,1.0,0,0.0,0.0,0.0,0.0,0.0,0.0,0.0,0.25
stage1d_single_agent_carry_bootstrap,4,1,124265,2657,1,120,100,1,0,59.34939956665039,0.0,0.0,1.0,0.26666666666666666,0.0,0,0,0,15,-1,15,-1,1.0,2,0.2,0.3333333333333333,0.0,-0.4,0.0,0.0,0.0,0.06666666666666667
stage1d_single_agent_carry_bootstrap,4,1,124285,2658,1,120,100,1,0,58.19597244262695,0.0,0.0,1.0,0.26666666666666666,0.0,0,0,0,20,-1,20,-1,1.0,3,0.25,0.4,0.0,-0.64,0.0,0.0,0.0,0.05
stage1d_single_agent_carry_bootstrap,4,1,124310,2659,1,120,100,1,0,57.199974060058594,0.0,0.0,1.0,0.3,0.0,0,0,0,25,-1,25,-1,1.0,3,0.28,0.44,0.0,-0.8799999999999999,0.0,0.0,0.0,0.04
stage1d_single_agent_carry_bootstrap,4,1,124335,2660,1,120,100,1,0,57.16788101196289,0.0,0.0,1.0,0.3,0.0,0,0,0,25,-1,25,-1,1.0,2,0.2,0.44,0.0,-0.8799999999999999,0.0,0.0,0.0,0.04
stage1d_single_agent_carry_bootstrap,4,1,124353,2661,1,120,100,1,0,58.72563171386719,0.0,0.0,1.0,0.3,0.0,0,0,0,18,-1,18,-1,1.0,1,0.5555555555555556,0.6111111111111112,0.0,-0.8799999999999999,0.0,0.0,0.0,0.05555555555555555
stage1d_single_agent_carry_bootstrap,4,1,124360,2662,1,120,100,1,0,58.94829177856445,0.0,0.0,1.0,0.06666666666666667,0.0,0,0,0,7,-1,7,-1,1.0,1,0.14285714285714285,0.42857142857142855,0.0,-0.24,0.0,0.0,0.0,0.14285714285714285
stage1d_single_agent_carry_bootstrap,4,1,124365,2663,1,120,100,1,0,60.09333038330078,0.0,0.0,1.0,0.06666666666666667,0.0,0,0,0,5,-1,5,-1,1.0,0,0.0,0.0,0.0,0.0,0.0,0.0,0.0,0.2
stage1d_single_agent_carry_bootstrap,4,1,124398,2664,1,120,100,1,0,56.85043716430664,0.0,0.0,1.0,0.36666666666666664,0.0,0,0,0,33,-1,33,-1,1.0,3,0.30303030303030304,0.45454545454545453,0.0,-1.2,0.0,0.0,0.0,0.030303030303030304
stage1e_single_agent_guaranteed_homing,5,1,124556,2665,1,140,110,1,0,120.54644012451172,2.0,2.0,2.0,0.8,0.0,0,0,2,140,29,51,22,1.0,3,0.15,0.19285714285714287,0.02142857142857143,-1.7100000000000006,0.0,0.0,0.0,0.014285714285714285
stage1e_single_agent_guaranteed_homing,5,1,124696,2666,1,140,110,1,0,183.0221710205078,3.0,3.0,3.0,0.6333333333333333,0.0,0,0,1,140,5,19,14,1.0,2,0.03571428571428571,0.05714285714285714,0.05714285714285714,-0.7199999999999999,0.0,0.0,0.0,0.02142857142857143
stage1e_single_agent_guaranteed_homing,5,1,124836,2667,1,140,110,1,0,59.427799224853516,1.0,1.0,1.0,0.7666666666666667,0.0,0,0,3,140,21,35,14,1.0,1,0.04285714285714286,0.05714285714285714,0.014285714285714285,-0.54,0.0,0.0,0.0,0.007142857142857143
stage1e_single_agent_guaranteed_homing,5,1,124976,2668,1,140,110,1,0,119.42061614990234,2.0,2.0,2.0,0.8666666666666667,0.0,0,0,2,140,12,34,22,1.0,4,0.2,0.2642857142857143,0.014285714285714285,-2.2800000000000016,0.0,0.0,0.0,0.014285714285714285
stage1e_single_agent_guaranteed_homing,5,1,125116,2669,1,140,110,1,0,184.96127319335938,3.0,3.0,3.0,0.8666666666666667,0.0,0,0,1,140,3,30,27,1.0,1,0.03571428571428571,0.1,0.03571428571428571,-0.99,0.0,0.0,0.0,0.02142857142857143
stage1e_single_agent_guaranteed_homing,5,1,125256,2670,1,140,110,1,0,46.11924362182617,2.0,2.0,1.0,0.7666666666666667,0.0,0,0,2,140,2,9,7,0.5,1,0.007142857142857143,0.02857142857142857,0.014285714285714285,-0.3,0.0,0.0,0.0,0.007142857142857143
stage1e_single_agent_guaranteed_homing,5,1,125396,2671,1,140,110,1,0,184.94776916503906,3.0,3.0,3.0,0.8333333333333334,0.0,0,0,1,140,23,26,3,1.0,1,0.1357142857142857,0.15714285714285714,0.0,-1.3200000000000007,0.0,0.0,0.0,0.02142857142857143
stage1e_single_agent_guaranteed_homing,5,1,125536,2672,1,140,110,1,0,120.7369155883789,2.0,2.0,2.0,0.7333333333333333,0.0,0,0,2,140,45,48,3,1.0,1,0.02142857142857143,0.06428571428571428,0.0,-0.54,0.0,0.0,0.0,0.014285714285714285
stage1e_single_agent_guaranteed_homing,5,1,125619,2673,1,140,110,1,0,250.16082763671875,4.0,4.0,4.0,0.6,0.0,0,0,0,83,2,8,6,1.0,0,0.0,0.012048192771084338,0.0,-0.06,0.0,0.0,0.0,0.04819277108433735
stage1e_single_agent_guaranteed_homing,5,1,125759,2674,1,140,110,1,0,59.60825729370117,1.0,1.0,1.0,0.8333333333333334,0.0,0,0,3,140,84,103,19,1.0,1,0.06428571428571428,0.07857142857142857,0.0,-0.6600000000000001,0.0,0.0,0.0,0.007142857142857143
stage1e_single_agent_guaranteed_homing,5,1,125899,2675,1,140,110,1,0,59.64878845214844,1.0,1.0,1.0,0.7666666666666667,0.0,0,0,3,140,41,66,25,1.0,3,0.05,0.09285714285714286,0.007142857142857143,-0.8100000000000003,0.0,0.0,0.0,0.007142857142857143
stage1e_single_agent_guaranteed_homing,5,1,126039,2676,1,140,110,1,0,58.798370361328125,1.0,1.0,1.0,0.7333333333333333,0.0,0,0,3,140,88,109,21,1.0,1,0.04285714285714286,0.07857142857142857,0.007142857142857143,-0.69,0.0,0.0,0.0,0.007142857142857143
stage1e_single_agent_guaranteed_homing,5,1,126179,2677,1,140,110,1,0,185.28759765625,3.0,3.0,3.0,0.6333333333333333,0.0,0,0,1,140,62,69,7,1.0,3,0.06428571428571428,0.12857142857142856,0.03571428571428571,-1.2300000000000004,0.0,0.0,0.0,0.02142857142857143
stage1e_single_agent_guaranteed_homing,5,1,126319,2678,1,140,110,1,0,-5.331009387969971,0.0,0.0,0.0,0.8,0.0,0,0,4,140,-1,-1,-1,0.0,0,0.0,0.0,0.0,0.0,0.0,0.0,0.0,0.0
stage1e_single_agent_guaranteed_homing,5,1,126459,2679,1,140,110,1,0,42.03608703613281,2.0,2.0,1.0,0.5666666666666667,0.0,0,0,2,140,23,71,48,0.5,7,0.19285714285714287,0.36428571428571427,0.15,-3.69,0.0,0.0,0.0,0.007142857142857143
stage1e_single_agent_guaranteed_homing,5,1,126599,2680,1,140,110,1,0,121.6353759765625,2.0,2.0,2.0,0.6666666666666666,0.0,0,0,2,140,2,21,19,1.0,3,0.12857142857142856,0.17142857142857143,0.02857142857142857,-1.5600000000000005,0.0,0.0,0.0,0.014285714285714285
stage1e_single_agent_guaranteed_homing,5,1,126739,2681,1,140,110,1,0,60.27989959716797,1.0,1.0,1.0,0.6,0.0,0,0,3,140,36,66,30,1.0,1,0.08571428571428572,0.11428571428571428,0.014285714285714285,-1.0200000000000002,0.0,0.0,0.0,0.007142857142857143
stage1e_single_agent_guaranteed_homing,5,1,126879,2682,1,140,110,1,0,182.10336303710938,3.0,3.0,3.0,0.8,0.0,0,0,1,140,4,32,28,1.0,5,0.20714285714285716,0.3142857142857143,0.03571428571428571,-2.7900000000000014,0.0,0.0,0.0,0.02142857142857143
stage1e_single_agent_guaranteed_homing,5,1,126940,2683,1,140,110,1,0,250.42788696289062,4.0,4.0,4.0,0.3,0.0,0,0,0,61,4,6,2,1.0,0,0.0,0.0,0.0,0.0,0.0,0.0,0.0,0.06557377049180328
stage1e_single_agent_guaranteed_homing,5,1,127080,2684,1,140,110,1,0,165.4049072265625,4.0,4.0,3.0,0.6666666666666666,0.0,0,0,0,140,2,11,9,0.75,9,0.37857142857142856,0.5642857142857143,0.09285714285714286,-5.1299999999999955,0.0,0.0,0.0,0.02142857142857143
stage1e_single_agent_guaranteed_homing,5,1,127220,2685,1,140,110,1,0,-14.884937286376953,1.0,1.0,0.0,0.6333333333333333,0.0,0,0,3,140,128,-1,-1,0.0,1,0.03571428571428571,0.05714285714285714,0.0,-0.48,0.0,0.0,0.0,0.0
stage1e_single_agent_guaranteed_homing,5,1,127359,2686,1,140,110,1,0,246.38258361816406,4.0,4.0,4.0,0.7,0.0,0,0,0,139,57,60,3,1.0,3,0.18705035971223022,0.2446043165467626,0.007194244604316547,-2.070000000000001,0.0,0.0,0.0,0.02877697841726619
stage1e_single_agent_guaranteed_homing,5,1,127487,2687,1,140,110,1,0,246.3528289794922,4.0,4.0,4.0,0.6,0.0,0,0,0,128,8,11,3,1.0,3,0.125,0.25,0.0625,-2.160000000000001,0.0,0.0,0.0,0.03125
stage1e_single_agent_guaranteed_homing,5,1,127627,2688,1,140,110,1,0,107.49220275878906,3.0,3.0,2.0,0.5333333333333333,0.0,0,0,1,140,80,97,17,0.6666666666666666,4,0.06428571428571428,0.12857142857142856,0.04285714285714286,-1.26,0.0,0.0,0.0,0.014285714285714285
stage1e_single_agent_guaranteed_homing,5,1,127767,2689,1,140,110,1,0,58.749053955078125,1.0,1.0,1.0,0.5666666666666667,0.0,0,0,3,140,46,83,37,1.0,2,0.12857142857142856,0.17142857142857143,0.007142857142857143,-1.4700000000000009,0.0,0.0,0.0,0.007142857142857143
stage1e_single_agent_guaranteed_homing,5,1,127907,2690,1,140,110,1,0,39.25326919555664,2.0,2.0,1.0,0.26666666666666666,0.0,0,0,2,140,19,71,52,0.5,13,0.34285714285714286,0.5428571428571428,0.3,-5.819999999999993,0.0,0.0,0.0,0.007142857142857143
stage1e_single_agent_guaranteed_homing,5,1,128047,2691,1,140,110,1,0,-3.0040860176086426,0.0,0.0,0.0,0.5666666666666667,0.0,0,0,4,140,-1,-1,-1,0.0,0,0.0,0.0,0.0,0.0,0.0,0.0,0.0,0.0
stage1e_single_agent_guaranteed_homing,5,1,128187,2692,1,140,110,1,0,108.52828216552734,3.0,3.0,2.0,0.36666666666666664,0.0,0,0,1,140,2,14,12,0.6666666666666666,2,0.09285714285714286,0.12857142857142856,0.02142857142857143,-1.1700000000000004,0.0,0.0,0.0,0.014285714285714285
stage1e_single_agent_guaranteed_homing,5,1,128327,2693,1,140,110,1,0,121.30607604980469,2.0,2.0,2.0,0.5666666666666667,0.0,0,0,2,140,25,45,20,1.0,4,0.08571428571428572,0.15714285714285714,0.05,-1.5300000000000005,0.0,0.0,0.0,0.014285714285714285
stage1e_single_agent_guaranteed_homing,5,1,128467,2694,1,140,110,1,0,185.0207061767578,3.0,3.0,3.0,0.6666666666666666,0.0,0,0,1,140,6,17,11,1.0,5,0.12142857142857143,0.20714285714285716,0.014285714285714285,-1.8000000000000012,0.0,0.0,0.0,0.02142857142857143
stage1e_single_agent_guaranteed_homing,5,1,128607,2695,1,140,110,1,0,121.41142272949219,2.0,2.0,2.0,0.7,0.0,0,0,2,140,2,12,10,1.0,2,0.1,0.12857142857142856,0.03571428571428571,-1.2300000000000006,0.0,0.0,0.0,0.014285714285714285
stage1e_single_agent_guaranteed_homing,5,1,128692,2696,1,140,110,1,0,247.66546630859375,4.0,4.0,4.0,0.6666666666666666,0.0,0,0,0,85,4,11,7,1.0,4,0.29411764705882354,0.4117647058823529,0.023529411764705882,-2.160000000000001,0.0,0.0,0.0,0.047058823529411764
stage1e_single_agent_guaranteed_homing,5,1,128832,2697,1,140,110,1,0,-3.4734673500061035,0.0,0.0,0.0,0.26666666666666666,0.0,0,0,4,140,-1,-1,-1,0.0,0,0.0,0.0,0.0,0.0,0.0,0.0,0.0,0.0
stage1e_single_agent_guaranteed_homing,5,1,128972,2698,1,140,110,1,0,46.721946716308594,2.0,2.0,1.0,0.4,0.0,0,0,2,140,1,4,3,0.5,2,0.04285714285714286,0.07142857142857142,0.0,-0.6000000000000001,0.0,0.0,0.0,0.007142857142857143
stage1e_single_agent_guaranteed_homing,5,1,129112,2699,1,140,110,1,0,122.89615631103516,2.0,2.0,2.0,0.7333333333333333,0.0,0,0,2,140,31,59,28,1.0,3,0.24285714285714285,0.2857142857142857,0.02142857142857143,-2.4900000000000015,0.0,0.0,0.0,0.014285714285714285
stage1e_single_agent_guaranteed_homing,5,1,129123,2700,1,140,110,1,0,251.29269409179688,4.0,4.0,4.0,0.03333333333333333,0.0,0,0,0,11,1,6,5,1.0,1,0.09090909090909091,0.2727272727272727,0.09090909090909091,-0.21,0.0,0.0,0.0,0.36363636363636365
stage1e_single_agent_guaranteed_homing,5,1,129263,2701,1,140,110,1,0,108.90995025634766,3.0,3.0,2.0,0.4666666666666667,0.0,0,0,1,140,4,28,24,0.6666666666666666,3,0.05714285714285714,0.11428571428571428,0.05714285714285714,-1.2000000000000004,0.0,0.0,0.0,0.014285714285714285
stage1e_single_agent_guaranteed_homing,5,1,129403,2702,1,140,110,1,0,108.74140930175781,3.0,3.0,2.0,0.43333333333333335,0.0,0,0,1,140,10,20,10,0.6666666666666666,3,0.1,0.14285714285714285,0.03571428571428571,-1.3500000000000005,0.0,0.0,0.0,0.014285714285714285
stage1e_single_agent_guaranteed_homing,5,1,129543,2703,1,140,110,1,0,-3.6582963466644287,0.0,0.0,0.0,0.6,0.0,0,0,4,140,-1,-1,-1,0.0,0,0.0,0.0,0.0,0.0,0.0,0.0,0.0,0.0
stage1e_single_agent_guaranteed_homing,5,1,129683,2704,1,140,110,1,0,56.762454986572266,1.0,1.0,1.0,0.8,0.0,0,0,3,140,86,126,40,1.0,2,0.11428571428571428,0.17857142857142858,0.07142857142857142,-1.8000000000000005,0.0,0.0,0.0,0.007142857142857143
stage1e_single_agent_guaranteed_homing,5,1,129823,2705,1,140,110,1,0,46.184749603271484,2.0,2.0,1.0,0.43333333333333335,0.0,0,0,2,140,103,117,14,0.5,3,0.07857142857142857,0.12142857142857143,0.02857142857142857,-1.1400000000000003,0.0,0.0,0.0,0.007142857142857143
stage1e_single_agent_guaranteed_homing,5,1,129963,2706,1,140,110,1,0,106.75636291503906,3.0,3.0,2.0,0.43333333333333335,0.0,0,0,1,140,9,46,37,0.6666666666666666,8,0.22142857142857142,0.3357142857142857,0.1357142857142857,-3.39,0.0,0.0,0.0,0.014285714285714285
stage1e_single_agent_guaranteed_homing,5,1,130103,2707,1,140,110,1,0,-2.8685081005096436,0.0,0.0,0.0,0.36666666666666664,0.0,0,0,4,140,-1,-1,-1,0.0,0,0.0,0.0,0.0,0.0,0.0,0.0,0.0,0.0
stage1e_single_agent_guaranteed_homing,5,1,130243,2708,1,140,110,1,0,185.24342346191406,3.0,3.0,3.0,0.4666666666666667,0.0,0,0,1,140,7,12,5,1.0,2,0.02142857142857143,0.07142857142857142,0.03571428571428571,-0.75,0.0,0.0,0.0,0.02142857142857143
stage1e_single_agent_guaranteed_homing,5,1,130383,2709,1,140,110,1,0,53.8121223449707,1.0,1.0,1.0,0.5333333333333333,0.0,0,0,3,140,11,129,118,1.0,8,0.4,0.5571428571428572,0.19285714285714287,-5.489999999999993,0.0,0.0,0.0,0.007142857142857143
stage1e_single_agent_guaranteed_homing,5,1,130523,2710,1,140,110,1,0,37.996726989746094,2.0,2.0,1.0,0.5666666666666667,0.0,0,0,2,140,28,131,103,0.5,11,0.36428571428571427,0.5571428571428572,0.14285714285714285,-5.279999999999992,0.0,0.0,0.0,0.007142857142857143
stage1e_single_agent_guaranteed_homing,5,1,130663,2711,1,140,110,1,0,58.7736701965332,1.0,1.0,1.0,0.43333333333333335,0.0,0,0,3,140,3,24,21,1.0,2,0.05,0.09285714285714286,0.02857142857142857,-0.9000000000000001,0.0,0.0,0.0,0.007142857142857143
stage1e_single_agent_guaranteed_homing,5,1,130803,2712,1,140,110,1,0,184.78598022460938,3.0,3.0,3.0,0.6333333333333333,0.0,0,0,1,140,3,5,2,1.0,1,0.12857142857142856,0.14285714285714285,0.05,-1.4100000000000006,0.0,0.0,0.0,0.02142857142857143
stage1e_single_agent_guaranteed_homing,5,1,130943,2713,1,140,110,1,0,183.691650390625,3.0,3.0,3.0,0.6333333333333333,0.0,0,0,1,140,18,29,11,1.0,2,0.12142857142857143,0.17857142857142858,0.02142857142857143,-1.5900000000000007,0.0,0.0,0.0,0.02142857142857143
stage1e_single_agent_guaranteed_homing,5,1,131083,2714,1,140,110,1,0,59.03713607788086,1.0,1.0,1.0,0.6333333333333333,0.0,0,0,3,140,12,43,31,1.0,2,0.10714285714285714,0.15,0.02857142857142857,-1.3800000000000008,0.0,0.0,0.0,0.007142857142857143
stage1e_single_agent_guaranteed_homing,5,1,131219,2715,1,140,110,1,0,247.0992431640625,4.0,4.0,4.0,0.5333333333333333,0.0,0,0,0,136,5,17,12,1.0,4,0.0661764705882353,0.13970588235294118,0.04411764705882353,-1.3200000000000005,0.0,0.0,0.0,0.029411764705882353
stage1e_single_agent_guaranteed_homing,5,1,131359,2716,1,140,110,1,0,182.72438049316406,3.0,3.0,3.0,0.5,0.0,0,0,1,140,5,22,17,1.0,5,0.1357142857142857,0.24285714285714285,0.03571428571428571,-2.190000000000001,0.0,0.0,0.0,0.02142857142857143
stage1e_single_agent_guaranteed_homing,5,1,131499,2717,1,140,110,1,0,169.17091369628906,4.0,4.0,3.0,0.6666666666666666,0.0,0,0,0,140,2,3,1,0.75,5,0.24285714285714285,0.30714285714285716,0.02857142857142857,-2.700000000000001,0.0,0.0,0.0,0.02142857142857143
stage1e_single_agent_guaranteed_homing,5,1,131639,2718,1,140,110,1,0,58.137325286865234,1.0,1.0,1.0,0.7333333333333333,0.0,0,0,3,140,44,64,20,1.0,2,0.05,0.1,0.02857142857142857,-0.9600000000000001,0.0,0.0,0.0,0.007142857142857143
stage1e_single_agent_guaranteed_homing,5,1,131779,2719,1,140,110,1,0,120.6711196899414,2.0,2.0,2.0,0.5666666666666667,0.0,0,0,2,140,5,21,16,1.0,3,0.1357142857142857,0.2,0.05,-1.8900000000000008,0.0,0.0,0.0,0.014285714285714285
stage1e_single_agent_guaranteed_homing,5,1,131919,2720,1,140,110,1,0,184.51528930664062,3.0,3.0,3.0,0.5666666666666667,0.0,0,0,1,140,1,10,9,1.0,3,0.04285714285714286,0.09285714285714286,0.02142857142857143,-0.8700000000000003,0.0,0.0,0.0,0.02142857142857143
stage1e_single_agent_guaranteed_homing,5,1,132059,2721,1,140,110,1,0,121.35794830322266,2.0,2.0,2.0,0.8,0.0,0,0,2,140,2,20,18,1.0,5,0.18571428571428572,0.2571428571428571,0.05714285714285714,-2.4000000000000012,0.0,0.0,0.0,0.014285714285714285
stage1e_single_agent_guaranteed_homing,5,1,132199,2722,1,140,110,1,0,58.6117057800293,1.0,1.0,1.0,0.6666666666666666,0.0,0,0,3,140,96,102,6,1.0,0,0.0,0.0,0.0,0.0,0.0,0.0,0.0,0.007142857142857143
stage1e_single_agent_guaranteed_homing,5,1,132339,2723,1,140,110,1,0,120.78197479248047,2.0,2.0,2.0,0.6666666666666666,0.0,0,0,2,140,2,28,26,1.0,4,0.11428571428571428,0.18571428571428572,0.02857142857142857,-1.6800000000000008,0.0,0.0,0.0,0.014285714285714285
stage1e_single_agent_guaranteed_homing,5,1,132479,2724,1,140,110,1,0,120.6126480102539,2.0,2.0,2.0,0.6333333333333333,0.0,0,0,2,140,25,27,2,1.0,0,0.0,0.0,0.0,0.0,0.0,0.0,0.0,0.014285714285714285
stage1e_single_agent_guaranteed_homing,5,1,132619,2725,1,140,110,1,0,120.86451721191406,2.0,2.0,2.0,0.4666666666666667,0.0,0,0,2,140,2,11,9,1.0,1,0.014285714285714285,0.02857142857142857,0.007142857142857143,-0.27,0.0,0.0,0.0,0.014285714285714285
stage1e_single_agent_guaranteed_homing,5,1,132759,2726,1,140,110,1,0,59.26543045043945,1.0,1.0,1.0,0.5333333333333333,0.0,0,0,3,140,19,22,3,1.0,0,0.0,0.0,0.0,0.0,0.0,0.0,0.0,0.007142857142857143
stage1e_single_agent_guaranteed_homing,5,1,132899,2727,1,140,110,1,0,57.941490173339844,1.0,1.0,1.0,0.5333333333333333,0.0,0,0,3,140,49,60,11,1.0,1,0.02142857142857143,0.05,0.014285714285714285,-0.48,0.0,0.0,0.0,0.007142857142857143
stage1e_single_agent_guaranteed_homing,5,1,133039,2728,1,140,110,1,0,186.4374542236328,3.0,3.0,3.0,0.6666666666666666,0.0,0,0,1,140,61,63,2,1.0,0,0.0,0.0,0.0,0.0,0.0,0.0,0.0,0.02142857142857143
stage1e_single_agent_guaranteed_homing,5,1,133179,2729,1,140,110,1,0,171.1129150390625,4.0,4.0,3.0,0.6333333333333333,0.0,0,0,0,140,1,4,3,0.75,2,0.07142857142857142,0.11428571428571428,0.007142857142857143,-0.9900000000000004,0.0,0.0,0.0,0.02142857142857143
stage1e_single_agent_guaranteed_homing,5,1,133319,2730,1,140,110,1,0,-3.402557373046875,0.0,0.0,0.0,0.6666666666666666,0.0,0,0,4,140,-1,-1,-1,0.0,0,0.0,0.0,0.0,0.0,0.0,0.0,0.0,0.0
stage1e_single_agent_guaranteed_homing,5,1,133459,2731,1,140,110,1,0,105.8177719116211,3.0,3.0,2.0,0.5333333333333333,0.0,0,0,1,140,2,28,26,0.6666666666666666,4,0.11428571428571428,0.21428571428571427,0.05,-2.0100000000000007,0.0,0.0,0.0,0.014285714285714285
stage1e_single_agent_guaranteed_homing,5,1,133592,2732,1,140,110,1,0,245.48126220703125,4.0,4.0,4.0,0.7,0.0,0,0,0,133,33,54,21,1.0,7,0.21052631578947367,0.3233082706766917,0.007518796992481203,-2.6100000000000017,0.0,0.0,0.0,0.03007518796992481
stage1e_single_agent_guaranteed_homing,5,1,133732,2733,1,140,110,1,0,58.233123779296875,1.0,1.0,1.0,0.6333333333333333,0.0,0,0,3,140,119,123,4,1.0,0,0.0,0.007142857142857143,0.0,-0.06,0.0,0.0,0.0,0.007142857142857143
stage1e_single_agent_guaranteed_homing,5,1,133872,2734,1,140,110,1,0,120.53628540039062,2.0,2.0,2.0,0.6666666666666666,0.0,0,0,2,140,3,30,27,1.0,3,0.04285714285714286,0.1,0.014285714285714285,-0.9000000000000002,0.0,0.0,0.0,0.014285714285714285
stage1e_single_agent_guaranteed_homing,5,1,134012,2735,1,140,110,1,0,58.47713088989258,1.0,1.0,1.0,0.6666666666666666,0.0,0,0,3,140,109,131,22,1.0,3,0.03571428571428571,0.07857142857142857,0.0,-0.6600000000000001,0.0,0.0,0.0,0.007142857142857143
stage1e_single_agent_guaranteed_homing,5,1,134152,2736,1,140,110,1,0,121.0363540649414,2.0,2.0,2.0,0.7666666666666667,0.0,0,0,2,140,20,40,20,1.0,3,0.08571428571428572,0.15,0.0,-1.2600000000000007,0.0,0.0,0.0,0.014285714285714285
stage1e_single_agent_guaranteed_homing,5,1,134292,2737,1,140,110,1,0,121.39270782470703,2.0,2.0,2.0,0.7,0.0,0,0,2,140,3,14,11,1.0,2,0.03571428571428571,0.07857142857142857,0.007142857142857143,-0.6900000000000002,0.0,0.0,0.0,0.014285714285714285
stage1e_single_agent_guaranteed_homing,5,1,134417,2738,1,140,110,1,0,248.27215576171875,4.0,4.0,4.0,0.6333333333333333,0.0,0,0,0,125,17,44,27,1.0,2,0.064,0.112,0.016,-0.9000000000000001,0.0,0.0,0.0,0.032
stage1e_single_agent_guaranteed_homing,5,1,134557,2739,1,140,110,1,0,41.38729476928711,2.0,2.0,1.0,0.5333333333333333,0.0,0,0,2,140,20,35,15,0.5,9,0.37857142857142856,0.5071428571428571,0.0,-4.260000000000002,0.0,0.0,0.0,0.007142857142857143
stage1e_single_agent_guaranteed_homing,5,1,134674,2740,1,140,110,1,0,250.04405212402344,4.0,4.0,4.0,0.8,0.0,0,0,0,117,2,9,7,1.0,0,0.0,0.03418803418803419,0.0,-0.24,0.0,0.0,0.0,0.03418803418803419
stage1e_single_agent_guaranteed_homing,5,1,134789,2741,1,140,110,1,0,248.70840454101562,4.0,4.0,4.0,0.6333333333333333,0.0,0,0,0,115,2,31,29,1.0,2,0.10434782608695652,0.1391304347826087,0.008695652173913044,-0.9900000000000004,0.0,0.0,0.0,0.034782608695652174
stage1e_single_agent_guaranteed_homing,5,1,134929,2742,1,140,110,1,0,184.2284393310547,3.0,3.0,3.0,0.8666666666666667,0.0,0,0,1,140,17,21,4,1.0,1,0.014285714285714285,0.05,0.007142857142857143,-0.44999999999999996,0.0,0.0,0.0,0.02142857142857143
stage1e_single_agent_guaranteed_homing,5,1,135069,2743,1,140,110,1,0,106.86344146728516,3.0,3.0,2.0,0.6666666666666666,0.0,0,0,1,140,49,67,18,0.6666666666666666,5,0.12142857142857143,0.20714285714285716,0.014285714285714285,-1.800000000000001,0.0,0.0,0.0,0.014285714285714285
stage1e_single_agent_guaranteed_homing,5,1,135209,2744,1,140,110,1,0,58.577972412109375,1.0,1.0,1.0,0.8,0.0,0,0,3,140,2,23,21,1.0,2,0.03571428571428571,0.07857142857142857,0.0,-0.6600000000000001,0.0,0.0,0.0,0.007142857142857143
stage1e_single_agent_guaranteed_homing,5,1,135349,2745,1,140,110,1,0,120.26878356933594,2.0,2.0,2.0,0.7666666666666667,0.0,0,0,2,140,6,30,24,1.0,3,0.12142857142857143,0.17142857142857143,0.007142857142857143,-1.4700000000000009,0.0,0.0,0.0,0.014285714285714285
stage1e_single_agent_guaranteed_homing,5,1,135489,2746,1,140,110,1,0,185.06585693359375,3.0,3.0,3.0,0.7333333333333333,0.0,0,0,1,140,9,28,19,1.0,2,0.04285714285714286,0.08571428571428572,0.014285714285714285,-0.7800000000000002,0.0,0.0,0.0,0.02142857142857143
stage1e_single_agent_guaranteed_homing,5,1,135629,2747,1,140,110,1,0,185.649658203125,3.0,3.0,3.0,0.7666666666666667,0.0,0,0,1,140,33,34,1,1.0,0,0.0,0.0,0.0,0.0,0.0,0.0,0.0,0.02142857142857143
stage1e_single_agent_guaranteed_homing,5,1,135769,2748,1,140,110,1,0,-20.666582107543945,1.0,1.0,0.0,0.6666666666666666,0.0,0,0,3,140,56,-1,-1,0.0,7,0.32142857142857145,0.42857142857142855,0.0,-3.6000000000000028,0.0,0.0,0.0,0.0
stage1e_single_agent_guaranteed_homing,5,1,135879,2749,1,140,110,1,0,244.2509002685547,4.0,4.0,4.0,0.7,0.0,0,0,0,110,2,33,31,1.0,4,0.33636363636363636,0.5,0.01818181818181818,-3.360000000000002,0.0,0.0,0.0,0.03636363636363636
stage1e_single_agent_guaranteed_homing,5,1,136019,2750,1,140,110,1,0,169.60205078125,4.0,4.0,3.0,0.7333333333333333,0.0,0,0,0,140,1,4,3,0.75,2,0.11428571428571428,0.17142857142857143,0.0,-1.4400000000000008,0.0,0.0,0.0,0.02142857142857143
stage1e_single_agent_guaranteed_homing,5,1,136146,2751,1,140,110,1,0,246.69920349121094,4.0,4.0,4.0,0.8,0.0,0,0,0,127,2,3,1,1.0,2,0.09448818897637795,0.14173228346456693,0.0,-1.0800000000000005,0.0,0.0,0.0,0.031496062992125984
stage1e_single_agent_guaranteed_homing,5,1,136286,2752,1,140,110,1,0,-4.112491607666016,0.0,0.0,0.0,0.6666666666666666,0.0,0,0,4,140,-1,-1,-1,0.0,0,0.0,0.0,0.0,0.0,0.0,0.0,0.0,0.0
stage1e_single_agent_guaranteed_homing,5,1,136426,2753,1,140,110,1,0,-3.185865879058838,0.0,0.0,0.0,0.7,0.0,0,0,4,140,-1,-1,-1,0.0,0,0.0,0.0,0.0,0.0,0.0,0.0,0.0,0.0
stage1e_single_agent_guaranteed_homing,5,1,136566,2754,1,140,110,1,0,-4.425601959228516,0.0,0.0,0.0,0.7,0.0,0,0,4,140,-1,-1,-1,0.0,0,0.0,0.0,0.0,0.0,0.0,0.0,0.0,0.0
stage1e_single_agent_guaranteed_homing,5,1,136666,2755,1,140,110,1,0,248.64492797851562,4.0,4.0,4.0,0.6,0.0,0,0,0,100,2,4,2,1.0,2,0.05,0.09,0.0,-0.54,0.0,0.0,0.0,0.04
stage1e_single_agent_guaranteed_homing,5,1,136786,2756,1,140,110,1,0,244.7696075439453,4.0,4.0,4.0,0.7333333333333333,0.0,0,0,0,120,3,29,26,1.0,4,0.20833333333333334,0.30833333333333335,0.016666666666666666,-2.2800000000000016,0.0,0.0,0.0,0.03333333333333333
stage1e_single_agent_guaranteed_homing,5,1,136853,2757,1,140,110,1,0,249.2608184814453,4.0,4.0,4.0,0.6333333333333333,0.0,0,0,0,67,5,5,0,1.0,2,0.04477611940298507,0.13432835820895522,0.0,-0.54,0.0,0.0,0.0,0.05970149253731343
stage1e_single_agent_guaranteed_homing,5,1,136993,2758,1,140,110,1,0,120.41169738769531,2.0,2.0,2.0,0.6666666666666666,0.0,0,0,2,140,52,67,15,1.0,2,0.07142857142857142,0.12142857142857143,0.007142857142857143,-1.0500000000000003,0.0,0.0,0.0,0.014285714285714285
stage1e_single_agent_guaranteed_homing,5,1,137064,2759,1,140,110,1,0,249.81631469726562,4.0,4.0,4.0,0.4666666666666667,0.0,0,0,0,71,19,20,1,1.0,1,0.028169014084507043,0.056338028169014086,0.014084507042253521,-0.27,0.0,0.0,0.0,0.056338028169014086
stage1e_single_agent_guaranteed_homing,5,1,137204,2760,1,140,110,1,0,-20.37679100036621,1.0,1.0,0.0,0.5666666666666667,0.0,0,0,3,140,32,-1,-1,0.0,8,0.2785714285714286,0.40714285714285714,0.007142857142857143,-3.4500000000000024,0.0,0.0,0.0,0.0
stage1e_single_agent_guaranteed_homing,5,1,137344,2761,1,140,110,1,0,-22.157649993896484,1.0,1.0,0.0,0.5,0.0,0,0,3,140,21,-1,-1,0.0,9,0.37142857142857144,0.5214285714285715,0.0,-4.380000000000001,0.0,0.0,0.0,0.0
stage1e_single_agent_guaranteed_homing,5,1,137484,2762,1,140,110,1,0,122.74987030029297,2.0,2.0,2.0,0.5666666666666667,0.0,0,0,2,140,34,62,28,1.0,1,0.06428571428571428,0.10714285714285714,0.007142857142857143,-0.9300000000000004,0.0,0.0,0.0,0.014285714285714285
stage1e_single_agent_guaranteed_homing,5,1,137624,2763,1,140,110,1,0,121.50806427001953,2.0,2.0,2.0,0.5333333333333333,0.0,0,0,2,140,1,4,3,1.0,1,0.02142857142857143,0.06428571428571428,0.007142857142857143,-0.5700000000000001,0.0,0.0,0.0,0.014285714285714285
stage1e_single_agent_guaranteed_homing,5,1,137680,2764,1,140,110,1,0,247.23995971679688,4.0,4.0,4.0,0.43333333333333335,0.0,0,0,0,56,2,5,3,1.0,4,0.19642857142857142,0.4107142857142857,0.0,-1.3800000000000008,0.0,0.0,0.0,0.07142857142857142
stage1e_single_agent_guaranteed_homing,5,1,137820,2765,1,140,110,1,0,183.90771484375,3.0,3.0,3.0,0.5333333333333333,0.0,0,0,1,140,7,15,8,1.0,2,0.02857142857142857,0.07857142857142857,0.014285714285714285,-0.72,0.0,0.0,0.0,0.02142857142857143
stage1e_single_agent_guaranteed_homing,5,1,137935,2766,1,140,110,1,0,248.4977569580078,4.0,4.0,4.0,0.6666666666666666,0.0,0,0,0,115,4,5,1,1.0,2,0.02608695652173913,0.06086956521739131,0.017391304347826087,-0.48,0.0,0.0,0.0,0.034782608695652174
stage1e_single_agent_guaranteed_homing,5,1,138075,2767,1,140,110,1,0,169.72911071777344,4.0,4.0,3.0,0.5666666666666667,0.0,0,0,0,140,53,74,21,0.75,8,0.17857142857142858,0.3,0.0,-2.520000000000002,0.0,0.0,0.0,0.02142857142857143
stage1e_single_agent_guaranteed_homing,5,1,138215,2768,1,140,110,1,0,185.22592163085938,3.0,3.0,3.0,0.8,0.0,0,0,1,140,18,32,14,1.0,2,0.02857142857142857,0.07142857142857142,0.014285714285714285,-0.6600000000000001,0.0,0.0,0.0,0.02142857142857143
stage1e_single_agent_guaranteed_homing,5,1,138355,2769,1,140,110,1,0,183.8543243408203,3.0,3.0,3.0,0.7333333333333333,0.0,0,0,1,140,3,23,20,1.0,3,0.15,0.2,0.007142857142857143,-1.710000000000001,0.0,0.0,0.0,0.02142857142857143
stage1e_single_agent_guaranteed_homing,5,1,138495,2770,1,140,110,1,0,58.383270263671875,1.0,1.0,1.0,0.5666666666666667,0.0,0,0,3,140,105,108,3,1.0,0,0.0,0.0,0.0,0.0,0.0,0.0,0.0,0.007142857142857143
stage1e_single_agent_guaranteed_homing,5,1,138601,2771,1,140,110,1,0,246.1948699951172,4.0,4.0,4.0,0.8,0.0,0,0,0,106,16,22,6,1.0,6,0.12264150943396226,0.2641509433962264,0.018867924528301886,-1.740000000000001,0.0,0.0,0.0,0.03773584905660377
stage1e_single_agent_guaranteed_homing,5,1,138741,2772,1,140,110,1,0,121.67221069335938,2.0,2.0,2.0,0.6333333333333333,0.0,0,0,2,140,17,21,4,1.0,0,0.0,0.007142857142857143,0.0,-0.06,0.0,0.0,0.0,0.014285714285714285
stage1e_single_agent_guaranteed_homing,5,1,138881,2773,1,140,110,1,0,183.87767028808594,3.0,3.0,3.0,0.7333333333333333,0.0,0,0,1,140,2,5,3,1.0,3,0.10714285714285714,0.16428571428571428,0.02142857142857143,-1.4700000000000006,0.0,0.0,0.0,0.02142857142857143
stage1e_single_agent_guaranteed_homing,5,1,139021,2774,1,140,110,1,0,186.0638885498047,3.0,3.0,3.0,0.6666666666666666,0.0,0,0,1,140,3,7,4,1.0,1,0.014285714285714285,0.02857142857142857,0.014285714285714285,-0.3,0.0,0.0,0.0,0.02142857142857143
stage1e_single_agent_guaranteed_homing,5,1,139161,2775,1,140,110,1,0,168.82618713378906,4.0,4.0,3.0,0.7,0.0,0,0,0,140,53,70,17,0.75,4,0.1357142857142857,0.22857142857142856,0.007142857142857143,-1.9500000000000013,0.0,0.0,0.0,0.02142857142857143
stage1e_single_agent_guaranteed_homing,5,1,139301,2776,1,140,110,1,0,106.61412048339844,3.0,3.0,2.0,0.6333333333333333,0.0,0,0,1,140,3,22,19,0.6666666666666666,6,0.15714285714285714,0.25,0.04285714285714286,-2.280000000000001,0.0,0.0,0.0,0.014285714285714285
stage1e_single_agent_guaranteed_homing,5,1,139441,2777,1,140,110,1,0,58.764095306396484,1.0,1.0,1.0,0.7333333333333333,0.0,0,0,3,140,37,38,1,1.0,0,0.0,0.0,0.0,0.0,0.0,0.0,0.0,0.007142857142857143
stage1e_single_agent_guaranteed_homing,5,1,139581,2778,1,140,110,1,0,58.315330505371094,1.0,1.0,1.0,0.6666666666666666,0.0,0,0,3,140,2,24,22,1.0,2,0.03571428571428571,0.07142857142857142,0.02857142857142857,-0.72,0.0,0.0,0.0,0.007142857142857143
stage1e_single_agent_guaranteed_homing,5,1,139700,2779,1,140,110,1,0,245.4875030517578,4.0,4.0,4.0,0.8666666666666667,0.0,0,0,0,119,1,31,30,1.0,4,0.25210084033613445,0.35294117647058826,0.03361344537815126,-2.640000000000002,0.0,0.0,0.0,0.03361344537815126
stage1e_single_agent_guaranteed_homing,5,1,139840,2780,1,140,110,1,0,58.732879638671875,1.0,1.0,1.0,0.6666666666666666,0.0,0,0,3,140,2,2,0,1.0,0,0.0,0.0,0.0,0.0,0.0,0.0,0.0,0.007142857142857143
stage1e_single_agent_guaranteed_homing,5,1,139964,2781,1,140,110,1,0,245.34742736816406,4.0,4.0,4.0,0.7666666666666667,0.0,0,0,0,124,2,30,28,1.0,6,0.20161290322580644,0.3467741935483871,0.024193548387096774,-2.6700000000000013,0.0,0.0,0.0,0.03225806451612903
stage1e_single_agent_guaranteed_homing,5,1,140104,2782,1,140,110,1,0,108.50218963623047,3.0,3.0,2.0,0.7666666666666667,0.0,0,0,1,140,77,96,19,0.6666666666666666,3,0.1,0.15,0.0,-1.2600000000000007,0.0,0.0,0.0,0.014285714285714285
stage1e_single_agent_guaranteed_homing,5,1,140244,2783,1,140,110,1,0,240.8219757080078,4.0,4.0,4.0,0.5,0.0,0,0,0,140,8,8,0,1.0,1,0.1,0.15714285714285714,0.014285714285714285,-1.3800000000000008,0.0,0.0,0.0,0.02857142857142857
stage1e_single_agent_guaranteed_homing,5,1,140384,2784,1,140,110,1,0,-4.661660671234131,0.0,0.0,0.0,0.5333333333333333,0.0,0,0,4,140,-1,-1,-1,0.0,0,0.0,0.0,0.0,0.0,0.0,0.0,0.0,0.0
stage1e_single_agent_guaranteed_homing,5,1,140524,2785,1,140,110,1,0,59.75046157836914,1.0,1.0,1.0,0.7666666666666667,0.0,0,0,3,140,2,5,3,1.0,0,0.0,0.007142857142857143,0.0,-0.06,0.0,0.0,0.0,0.007142857142857143
stage1e_single_agent_guaranteed_homing,5,1,140623,2786,1,140,110,1,0,246.41586303710938,4.0,4.0,4.0,0.5333333333333333,0.0,0,0,0,99,2,23,21,1.0,8,0.13131313131313133,0.30303030303030304,0.010101010101010102,-1.8300000000000012,0.0,0.0,0.0,0.04040404040404041
stage1e_single_agent_guaranteed_homing,5,1,140763,2787,1,140,110,1,0,-3.31130051612854,0.0,0.0,0.0,0.6666666666666666,0.0,0,0,4,140,-1,-1,-1,0.0,0,0.0,0.0,0.0,0.0,0.0,0.0,0.0,0.0
stage1e_single_agent_guaranteed_homing,5,1,140903,2788,1,140,110,1,0,105.725830078125,3.0,3.0,2.0,0.7666666666666667,0.0,0,0,1,140,11,41,30,0.6666666666666666,7,0.15714285714285714,0.2857142857142857,0.014285714285714285,-2.4600000000000013,0.0,0.0,0.0,0.014285714285714285
stage1e_single_agent_guaranteed_homing,5,1,141043,2789,1,140,110,1,0,59.119728088378906,1.0,1.0,1.0,0.7,0.0,0,0,3,140,123,139,16,1.0,1,0.04285714285714286,0.06428571428571428,0.0,-0.54,0.0,0.0,0.0,0.007142857142857143
stage1e_single_agent_guaranteed_homing,5,1,141126,2790,1,140,110,1,0,247.51513671875,4.0,4.0,4.0,0.4666666666666667,0.0,0,0,0,83,2,3,1,1.0,3,0.24096385542168675,0.3253012048192771,0.0,-1.620000000000001,0.0,0.0,0.0,0.04819277108433735
stage1e_single_agent_guaranteed_homing,5,1,141197,2791,1,140,110,1,0,248.04612731933594,4.0,4.0,4.0,0.4666666666666667,0.0,0,0,0,71,3,21,18,1.0,3,0.30985915492957744,0.4084507042253521,0.0,-1.740000000000001,0.0,0.0,0.0,0.056338028169014086
stage1e_single_agent_guaranteed_homing,5,1,141325,2792,1,140,110,1,0,247.57102966308594,4.0,4.0,4.0,0.7333333333333333,0.0,0,0,0,128,21,23,2,1.0,1,0.015625,0.046875,0.0,-0.36,0.0,0.0,0.0,0.03125
stage1e_single_agent_guaranteed_homing,5,1,141465,2793,1,140,110,1,0,59.930458068847656,1.0,1.0,1.0,0.7666666666666667,0.0,0,0,3,140,65,68,3,1.0,0,0.0,0.0,0.0,0.0,0.0,0.0,0.0,0.007142857142857143
stage1e_single_agent_guaranteed_homing,5,1,141605,2794,1,140,110,1,0,106.95341491699219,3.0,3.0,2.0,0.7,0.0,0,0,1,140,72,93,21,0.6666666666666666,3,0.17857142857142858,0.2571428571428571,0.0,-2.1600000000000015,0.0,0.0,0.0,0.014285714285714285
stage1e_single_agent_guaranteed_homing,5,1,141745,2795,1,140,110,1,0,120.87016296386719,2.0,2.0,2.0,0.8666666666666667,0.0,0,0,2,140,1,25,24,1.0,2,0.06428571428571428,0.09285714285714286,0.007142857142857143,-0.81,0.0,0.0,0.0,0.014285714285714285
stage1e_single_agent_guaranteed_homing,5,1,141885,2796,1,140,110,1,0,123.10663604736328,2.0,2.0,2.0,0.6666666666666666,0.0,0,0,2,140,2,7,5,1.0,1,0.007142857142857143,0.02142857142857143,0.007142857142857143,-0.21,0.0,0.0,0.0,0.014285714285714285
stage1e_single_agent_guaranteed_homing,5,1,142025,2797,1,140,110,1,0,56.14397048950195,1.0,1.0,1.0,0.36666666666666664,0.0,0,0,3,140,103,111,8,1.0,0,0.0,0.007142857142857143,0.0,-0.06,0.0,0.0,0.0,0.007142857142857143
stage1e_single_agent_guaranteed_homing,5,1,142165,2798,1,140,110,1,0,184.45263671875,3.0,3.0,3.0,0.8333333333333334,0.0,0,0,1,140,2,10,8,1.0,3,0.10714285714285714,0.18571428571428572,0.007142857142857143,-1.590000000000001,0.0,0.0,0.0,0.02142857142857143
stage1e_single_agent_guaranteed_homing,5,1,142305,2799,1,140,110,1,0,171.94137573242188,4.0,4.0,3.0,0.6666666666666666,0.0,0,0,0,140,3,5,2,0.75,2,0.07142857142857142,0.11428571428571428,0.0,-0.9600000000000004,0.0,0.0,0.0,0.02142857142857143
stage1e_single_agent_guaranteed_homing,5,1,142445,2800,1,140,110,1,0,57.59568405151367,1.0,1.0,1.0,0.7,0.0,0,0,3,140,2,24,22,1.0,2,0.05,0.07857142857142857,0.014285714285714285,-0.72,0.0,0.0,0.0,0.007142857142857143
stage1e_single_agent_guaranteed_homing,5,1,142454,2801,1,140,110,1,0,251.14505004882812,4.0,4.0,4.0,0.06666666666666667,0.0,0,0,0,9,4,4,0,1.0,0,0.0,0.2222222222222222,0.0,-0.12,0.0,0.0,0.0,0.4444444444444444
stage1e_single_agent_guaranteed_homing,5,1,142571,2802,1,140,110,1,0,246.4822540283203,4.0,4.0,4.0,0.5333333333333333,0.0,0,0,0,117,2,10,8,1.0,3,0.1623931623931624,0.2564102564102564,0.03418803418803419,-1.920000000000001,0.0,0.0,0.0,0.03418803418803419
stage1e_single_agent_guaranteed_homing,5,1,142682,2803,1,140,110,1,0,244.95034790039062,4.0,4.0,4.0,0.6666666666666666,0.0,0,0,0,111,2,26,24,1.0,6,0.3333333333333333,0.4954954954954955,0.036036036036036036,-3.4200000000000017,0.0,0.0,0.0,0.036036036036036036
stage1e_single_agent_guaranteed_homing,5,1,142790,2804,1,140,110,1,0,243.54881286621094,4.0,4.0,4.0,0.26666666666666666,0.0,0,0,0,108,8,24,16,1.0,3,0.027777777777777776,0.19444444444444445,0.046296296296296294,-1.4100000000000006,0.0,0.0,0.0,0.037037037037037035
stage1e_single_agent_guaranteed_homing,5,1,142898,2805,1,140,110,1,0,245.22415161132812,4.0,4.0,4.0,0.5666666666666667,0.0,0,0,0,108,2,27,25,1.0,8,0.17592592592592593,0.37037037037037035,0.037037037037037035,-2.5200000000000014,0.0,0.0,0.0,0.037037037037037035
stage1e_single_agent_guaranteed_homing,5,1,143038,2806,1,140,110,1,0,120.8657455444336,2.0,2.0,2.0,0.6333333333333333,0.0,0,0,2,140,20,23,3,1.0,2,0.05714285714285714,0.08571428571428572,0.0,-0.7200000000000002,0.0,0.0,0.0,0.014285714285714285
stage1e_single_agent_guaranteed_homing,5,1,143138,2807,1,140,110,1,0,246.134033203125,4.0,4.0,4.0,0.7333333333333333,0.0,0,0,0,100,2,31,29,1.0,5,0.3,0.45,0.03,-2.7900000000000014,0.0,0.0,0.0,0.04
stage1e_single_agent_guaranteed_homing,5,1,143278,2808,1,140,110,1,0,170.3923797607422,4.0,4.0,3.0,0.5666666666666667,0.0,0,0,0,140,46,65,19,0.75,2,0.10714285714285714,0.15,0.0,-1.2600000000000007,0.0,0.0,0.0,0.02142857142857143
stage1e_single_agent_guaranteed_homing,5,1,143418,2809,1,140,110,1,0,-18.3420352935791,1.0,1.0,0.0,0.8333333333333334,0.0,0,0,3,140,97,-1,-1,0.0,4,0.10714285714285714,0.18571428571428572,0.02142857142857143,-1.6500000000000006,0.0,0.0,0.0,0.0
stage1e_single_agent_guaranteed_homing,5,1,143555,2810,1,140,110,1,0,245.3484344482422,4.0,4.0,4.0,0.6,0.0,0,0,0,137,2,47,45,1.0,7,0.2116788321167883,0.3357664233576642,0.06569343065693431,-3.030000000000001,0.0,0.0,0.0,0.029197080291970802
stage1e_single_agent_guaranteed_homing,5,1,143695,2811,1,140,110,1,0,170.04547119140625,4.0,4.0,3.0,0.6333333333333333,0.0,0,0,0,140,45,51,6,0.75,5,0.1,0.15714285714285714,0.05,-1.5300000000000005,0.0,0.0,0.0,0.02142857142857143
stage1e_single_agent_guaranteed_homing,5,1,143835,2812,1,140,110,1,0,170.04238891601562,4.0,4.0,3.0,0.7,0.0,0,0,0,140,2,5,3,0.75,4,0.2,0.2714285714285714,0.04285714285714286,-2.4600000000000013,0.0,0.0,0.0,0.02142857142857143
stage1e_single_agent_guaranteed_homing,5,1,143975,2813,1,140,110,1,0,46.34809112548828,2.0,2.0,1.0,0.6333333333333333,0.0,0,0,2,140,81,120,39,0.5,3,0.10714285714285714,0.15714285714285714,0.014285714285714285,-1.3800000000000006,0.0,0.0,0.0,0.007142857142857143
stage1e_single_agent_guaranteed_homing,5,1,144065,2814,1,140,110,1,0,246.94183349609375,4.0,4.0,4.0,0.6333333333333333,0.0,0,0,0,90,4,54,50,1.0,5,0.36666666666666664,0.5111111111111111,0.07777777777777778,-2.9700000000000015,0.0,0.0,0.0,0.044444444444444446
stage1e_single_agent_guaranteed_homing,5,1,144205,2815,1,140,110,1,0,121.639404296875,2.0,2.0,2.0,0.6666666666666666,0.0,0,0,2,140,2,31,29,1.0,5,0.10714285714285714,0.17857142857142858,0.05714285714285714,-1.7400000000000007,0.0,0.0,0.0,0.014285714285714285
stage1e_single_agent_guaranteed_homing,5,1,144345,2816,1,140,110,1,0,185.18478393554688,3.0,3.0,3.0,0.4666666666666667,0.0,0,0,1,140,3,7,4,1.0,3,0.09285714285714286,0.15,0.03571428571428571,-1.4100000000000006,0.0,0.0,0.0,0.02142857142857143
stage1e_single_agent_guaranteed_homing,5,1,144485,2817,1,140,110,1,0,120.7945327758789,2.0,2.0,2.0,0.5333333333333333,0.0,0,0,2,140,3,38,35,1.0,2,0.1,0.18571428571428572,0.02857142857142857,-1.680000000000001,0.0,0.0,0.0,0.014285714285714285
stage1e_single_agent_guaranteed_homing,5,1,144625,2818,1,140,110,1,0,184.355712890625,3.0,3.0,3.0,0.7,0.0,0,0,1,140,2,21,19,1.0,3,0.08571428571428572,0.17142857142857143,0.014285714285714285,-1.5000000000000007,0.0,0.0,0.0,0.02142857142857143
stage1e_single_agent_guaranteed_homing,5,1,144765,2819,1,140,110,1,0,-1.2054243087768555,0.0,0.0,0.0,0.7,0.0,0,0,4,140,-1,-1,-1,0.0,0,0.0,0.0,0.0,0.0,0.0,0.0,0.0,0.0
stage1e_single_agent_guaranteed_homing,5,1,144905,2820,1,140,110,1,0,45.768028259277344,2.0,2.0,1.0,0.6333333333333333,0.0,0,0,2,140,3,19,16,0.5,5,0.15,0.22142857142857142,0.03571428571428571,-2.010000000000001,0.0,0.0,0.0,0.007142857142857143
stage1e_single_agent_guaranteed_homing,5,1,145045,2821,1,140,110,1,0,42.81257629394531,2.0,2.0,1.0,0.6333333333333333,0.0,0,0,2,140,28,59,31,0.5,10,0.25,0.4142857142857143,0.07142857142857142,-3.780000000000001,0.0,0.0,0.0,0.007142857142857143
stage1f_single_agent_delivery_bridge,6,1,145312,2822,1,190,160,1,1,111.53656005859375,3.0,3.0,2.0,0.42857142857142855,0.0,0,0,1,160,4,26,22,0.6666666666666666,3,0.09375,0.11875,0.00625,-1.3650000000000007,0.0,0.0,0.0,0.0125
stage1f_single_agent_delivery_bridge,6,1,145453,2823,1,190,160,1,1,254.04368591308594,4.0,4.0,4.0,0.35714285714285715,0.0,0,0,0,141,42,68,26,1.0,4,0.18439716312056736,0.22695035460992907,0.0070921985815602835,-2.275000000000001,0.0,0.0,0.0,0.028368794326241134
stage1f_single_agent_delivery_bridge,6,1,145613,2824,1,190,160,1,1,-29.144437789916992,1.0,1.0,0.0,0.2857142857142857,0.0,0,0,3,160,5,-1,-1,0.0,23,0.39375,0.54375,0.08125,-6.545000000000008,0.0,0.0,0.0,0.0
stage1f_single_agent_delivery_bridge,6,1,145773,2825,1,190,160,1,1,187.7176971435547,3.0,3.0,3.0,0.3392857142857143,0.0,0,0,1,160,2,3,1,1.0,5,0.08125,0.1125,0.00625,-1.2950000000000006,0.0,0.0,0.0,0.01875
stage1f_single_agent_delivery_bridge,6,1,145927,2826,1,190,160,1,1,253.70191955566406,4.0,4.0,4.0,0.3392857142857143,0.0,0,0,0,154,60,77,17,1.0,6,0.16233766233766234,0.2077922077922078,0.006493506493506494,-2.275000000000001,0.0,0.0,0.0,0.025974025974025976
stage1f_single_agent_delivery_bridge,6,1,146087,2827,1,190,160,1,1,45.39176940917969,2.0,2.0,1.0,0.44642857142857145,0.0,0,0,2,160,134,151,17,0.5,2,0.075,0.0875,0.0,-0.9800000000000004,0.0,0.0,0.0,0.00625
stage1f_single_agent_delivery_bridge,6,1,146247,2828,1,190,160,1,1,-4.890625953674316,0.0,0.0,0.0,0.32142857142857145,0.0,0,0,4,160,-1,-1,-1,0.0,0,0.0,0.0,0.0,0.0,0.0,0.0,0.0,0.0
stage1f_single_agent_delivery_bridge,6,1,146407,2829,1,190,160,1,1,-7.327009201049805,0.0,0.0,0.0,0.42857142857142855,0.0,0,0,4,160,-1,-1,-1,0.0,0,0.0,0.0,0.0,0.0,0.0,0.0,0.0,0.0
stage1f_single_agent_delivery_bridge,6,1,146567,2830,1,190,160,1,1,61.114891052246094,1.0,1.0,1.0,0.39285714285714285,0.0,0,0,3,160,3,25,22,1.0,2,0.0625,0.08125,0.00625,-0.9450000000000003,0.0,0.0,0.0,0.00625
stage1f_single_agent_delivery_bridge,6,1,146727,2831,1,190,160,1,1,-30.746925354003906,1.0,1.0,0.0,0.375,0.0,0,0,3,160,3,-1,-1,0.0,19,0.4375,0.55625,0.0625,-6.580000000000008,0.0,0.0,0.0,0.0
stage1f_single_agent_delivery_bridge,6,1,146887,2832,1,190,160,1,1,-7.551998615264893,0.0,0.0,0.0,0.30357142857142855,0.0,0,0,4,160,-1,-1,-1,0.0,0,0.0,0.0,0.0,0.0,0.0,0.0,0.0,0.0
stage1f_single_agent_delivery_bridge,6,1,147047,2833,1,190,160,1,1,-7.785053253173828,0.0,0.0,0.0,0.2857142857142857,0.0,0,0,4,160,-1,-1,-1,0.0,0,0.0,0.0,0.0,0.0,0.0,0.0,0.0,0.0
stage1f_single_agent_delivery_bridge,6,1,147207,2834,1,190,160,1,1,186.8807373046875,3.0,3.0,3.0,0.5,0.0,0,0,1,160,25,27,2,1.0,0,0.0,0.0,0.0,0.0,0.0,0.0,0.0,0.01875
stage1f_single_agent_delivery_bridge,6,1,147367,2835,1,190,160,1,1,170.9520721435547,4.0,4.0,3.0,0.4107142857142857,0.0,0,0,0,160,5,33,28,0.75,10,0.31875,0.375,0.01875,-4.304999999999998,0.0,0.0,0.0,0.01875
stage1f_single_agent_delivery_bridge,6,1,147453,2836,1,190,160,1,1,256.77764892578125,4.0,4.0,4.0,0.23214285714285715,0.0,0,0,0,86,4,11,7,1.0,1,0.023255813953488372,0.046511627906976744,0.0,-0.28,0.0,0.0,0.0,0.046511627906976744
stage1f_single_agent_delivery_bridge,6,1,147613,2837,1,190,160,1,1,33.129173278808594,2.0,2.0,1.0,0.23214285714285715,0.0,0,0,2,160,7,74,67,0.5,22,0.3625,0.5375,0.0875,-6.510000000000007,0.0,0.0,0.0,0.00625
stage1f_single_agent_delivery_bridge,6,1,147773,2838,1,190,160,1,1,31.962289810180664,2.0,2.0,1.0,0.21428571428571427,0.0,0,0,2,160,4,21,17,0.5,22,0.3375,0.55625,0.09375,-6.755000000000009,0.0,0.0,0.0,0.00625
stage1f_single_agent_delivery_bridge,6,1,147933,2839,1,190,160,1,1,-29.608915328979492,1.0,1.0,0.0,0.3392857142857143,0.0,0,0,3,160,2,-1,-1,0.0,22,0.4375,0.5625,0.1125,-6.9300000000000095,0.0,0.0,0.0,0.0
stage1f_single_agent_delivery_bridge,6,1,148093,2840,1,190,160,1,1,122.17231750488281,2.0,2.0,2.0,0.4642857142857143,0.0,0,0,2,160,19,36,17,1.0,3,0.1125,0.1375,0.0125,-1.6100000000000008,0.0,0.0,0.0,0.0125
stage1f_single_agent_delivery_bridge,6,1,148253,2841,1,190,160,1,1,-7.855551242828369,0.0,0.0,0.0,0.6071428571428571,0.0,0,0,4,160,-1,-1,-1,0.0,0,0.0,0.0,0.0,0.0,0.0,0.0,0.0,0.0
stage1f_single_agent_delivery_bridge,6,1,148413,2842,1,190,160,1,1,40.16926574707031,2.0,2.0,1.0,0.3392857142857143,0.0,0,0,2,160,126,126,0,0.5,4,0.10625,0.14375,0.0125,-1.6800000000000008,0.0,0.0,0.0,0.00625
stage1f_single_agent_delivery_bridge,6,1,148573,2843,1,190,160,1,1,-26.253528594970703,1.0,1.0,0.0,0.39285714285714285,0.0,0,0,3,160,2,-1,-1,0.0,16,0.4375,0.55,0.03125,-6.335000000000006,0.0,0.0,0.0,0.0
stage1f_single_agent_delivery_bridge,6,1,148708,2844,1,190,160,1,1,254.4051055908203,4.0,4.0,4.0,0.2857142857142857,0.0,0,0,0,135,2,7,5,1.0,0,0.0,0.014814814814814815,0.0,-0.14,0.0,0.0,0.0,0.02962962962962963
stage1f_single_agent_delivery_bridge,6,1,148868,2845,1,190,160,1,1,124.24349212646484,2.0,2.0,2.0,0.48214285714285715,0.0,0,0,2,160,20,41,21,1.0,2,0.14375,0.16875,0.0125,-1.960000000000001,0.0,0.0,0.0,0.0125
stage1f_single_agent_delivery_bridge,6,1,149028,2846,1,190,160,1,1,189.99497985839844,3.0,3.0,3.0,0.35714285714285715,0.0,0,0,1,160,3,6,3,1.0,3,0.08125,0.10625,0.01875,-1.2950000000000006,0.0,0.0,0.0,0.01875
stage1f_single_agent_delivery_bridge,6,1,149188,2847,1,190,160,1,1,188.7655792236328,3.0,3.0,3.0,0.35714285714285715,0.0,0,0,1,160,61,80,19,1.0,4,0.15625,0.19375,0.01875,-2.2750000000000004,0.0,0.0,0.0,0.01875
stage1f_single_agent_delivery_bridge,6,1,149348,2848,1,190,160,1,1,62.745426177978516,1.0,1.0,1.0,0.44642857142857145,0.0,0,0,3,160,31,45,14,1.0,1,0.03125,0.04375,0.0,-0.49000000000000005,0.0,0.0,0.0,0.00625
stage1f_single_agent_delivery_bridge,6,1,149508,2849,1,190,160,1,1,187.85000610351562,3.0,3.0,3.0,0.32142857142857145,0.0,0,0,1,160,2,4,2,1.0,2,0.0125,0.025,0.00625,-0.31500000000000006,0.0,0.0,0.0,0.01875
stage1f_single_agent_delivery_bridge,6,1,149668,2850,1,190,160,1,1,58.03445816040039,1.0,1.0,1.0,0.4107142857142857,0.0,0,0,3,160,21,23,2,1.0,0,0.0,0.0,0.0,0.0,0.0,0.0,0.0,0.00625
stage1f_single_agent_delivery_bridge,6,1,149803,2851,1,190,160,1,1,256.378173828125,4.0,4.0,4.0,0.3392857142857143,0.0,0,0,0,135,59,61,2,1.0,0,0.0,0.0,0.0,0.0,0.0,0.0,0.0,0.02962962962962963
stage1f_single_agent_delivery_bridge,6,1,149963,2852,1,190,160,1,1,45.423606872558594,2.0,2.0,1.0,0.32142857142857145,0.0,0,0,2,160,6,9,3,0.5,5,0.38125,0.4125,0.0,-4.619999999999999,0.0,0.0,0.0,0.00625
stage1f_single_agent_delivery_bridge,6,1,150123,2853,1,190,160,1,1,173.618408203125,4.0,4.0,3.0,0.42857142857142855,0.0,0,0,0,160,20,24,4,0.75,3,0.05,0.06875,0.0125,-0.8400000000000003,0.0,0.0,0.0,0.01875
stage1f_single_agent_delivery_bridge,6,1,150283,2854,1,190,160,1,1,-7.686657428741455,0.0,0.0,0.0,0.2857142857142857,0.0,0,0,4,160,-1,-1,-1,0.0,0,0.0,0.0,0.0,0.0,0.0,0.0,0.0,0.0
stage1f_single_agent_delivery_bridge,6,1,150443,2855,1,190,160,1,1,188.93238830566406,3.0,3.0,3.0,0.3392857142857143,0.0,0,0,1,160,7,28,21,1.0,3,0.05625,0.075,0.03125,-1.0150000000000003,0.0,0.0,0.0,0.01875
stage1f_single_agent_delivery_bridge,6,1,150603,2856,1,190,160,1,1,59.435943603515625,1.0,1.0,1.0,0.4107142857142857,0.0,0,0,3,160,14,18,4,1.0,0,0.0,0.0,0.0,0.0,0.0,0.0,0.0,0.00625
stage1f_single_agent_delivery_bridge,6,1,150749,2857,1,190,160,1,1,254.82704162597656,4.0,4.0,4.0,0.4107142857142857,0.0,0,0,0,146,26,46,20,1.0,5,0.2876712328767123,0.3219178082191781,0.0,-3.2899999999999983,0.0,0.0,0.0,0.0273972602739726
stage1f_single_agent_delivery_bridge,6,1,150909,2858,1,190,160,1,1,124.45490264892578,2.0,2.0,2.0,0.4642857142857143,0.0,0,0,2,160,20,21,1,1.0,2,0.01875,0.03125,0.00625,-0.38500000000000006,0.0,0.0,0.0,0.0125
stage1f_single_agent_delivery_bridge,6,1,151069,2859,1,190,160,1,1,-6.281947612762451,0.0,0.0,0.0,0.2857142857142857,0.0,0,0,4,160,-1,-1,-1,0.0,0,0.0,0.0,0.0,0.0,0.0,0.0,0.0,0.0
stage1f_single_agent_delivery_bridge,6,1,151229,2860,1,190,160,1,1,61.57659912109375,1.0,1.0,1.0,0.42857142857142855,0.0,0,0,3,160,30,51,21,1.0,2,0.05625,0.06875,0.00625,-0.8050000000000002,0.0,0.0,0.0,0.00625
stage1f_single_agent_delivery_bridge,6,1,151389,2861,1,190,160,1,1,43.51338195800781,2.0,2.0,1.0,0.35714285714285715,0.0,0,0,2,160,25,73,48,0.5,7,0.1625,0.2125,0.01875,-2.485,0.0,0.0,0.0,0.00625
stage1f_single_agent_delivery_bridge,6,1,151481,2862,1,190,160,1,1,256.81072998046875,4.0,4.0,4.0,0.21428571428571427,0.0,0,0,0,92,15,17,2,1.0,0,0.0,0.010869565217391304,0.0,-0.07,0.0,0.0,0.0,0.043478260869565216
stage1f_single_agent_delivery_bridge,6,1,151641,2863,1,190,160,1,1,60.967140197753906,1.0,1.0,1.0,0.39285714285714285,0.0,0,0,3,160,12,15,3,1.0,0,0.0,0.0,0.0,0.0,0.0,0.0,0.0,0.00625
stage1f_single_agent_delivery_bridge,6,1,151739,2864,1,190,160,1,1,253.75381469726562,4.0,4.0,4.0,0.26785714285714285,0.0,0,0,0,98,22,30,8,1.0,6,0.16326530612244897,0.22448979591836735,0.030612244897959183,-1.6450000000000007,0.0,0.0,0.0,0.04081632653061224
stage1f_single_agent_delivery_bridge,6,1,151899,2865,1,190,160,1,1,187.8760223388672,3.0,3.0,3.0,0.23214285714285715,0.0,0,0,1,160,7,9,2,1.0,1,0.00625,0.01875,0.00625,-0.24500000000000002,0.0,0.0,0.0,0.01875
stage1f_single_agent_delivery_bridge,6,1,152059,2866,1,190,160,1,1,-5.84464693069458,0.0,0.0,0.0,0.23214285714285715,0.0,0,0,4,160,-1,-1,-1,0.0,0,0.0,0.0,0.0,0.0,0.0,0.0,0.0,0.0
stage1f_single_agent_delivery_bridge,6,1,152219,2867,1,190,160,1,1,190.94827270507812,3.0,3.0,3.0,0.32142857142857145,0.0,0,0,1,160,21,30,9,1.0,2,0.025,0.05,0.00625,-0.5950000000000002,0.0,0.0,0.0,0.01875
stage1f_single_agent_delivery_bridge,6,1,152379,2868,1,190,160,1,1,125.34574890136719,2.0,2.0,2.0,0.39285714285714285,0.0,0,0,2,160,81,96,15,1.0,2,0.0375,0.05,0.0125,-0.6300000000000001,0.0,0.0,0.0,0.0125
stage1f_single_agent_delivery_bridge,6,1,152519,2869,1,190,160,1,1,255.12355041503906,4.0,4.0,4.0,0.19642857142857142,0.0,0,0,0,140,6,12,6,1.0,3,0.02857142857142857,0.05714285714285714,0.007142857142857143,-0.595,0.0,0.0,0.0,0.02857142857142857
stage1f_single_agent_delivery_bridge,6,1,152679,2870,1,190,160,1,1,39.3987922668457,2.0,2.0,1.0,0.30357142857142855,0.0,0,0,2,160,8,41,33,0.5,10,0.4875,0.58125,0.0625,-6.860000000000008,0.0,0.0,0.0,0.00625
stage1f_single_agent_delivery_bridge,6,1,152839,2871,1,190,160,1,1,38.584815979003906,2.0,2.0,1.0,0.25,0.0,0,0,2,160,47,142,95,0.5,12,0.38125,0.48125,0.125,-6.090000000000006,0.0,0.0,0.0,0.00625
stage1f_single_agent_delivery_bridge,6,1,152999,2872,1,190,160,1,1,174.75672912597656,4.0,4.0,3.0,0.26785714285714285,0.0,0,0,0,160,51,68,17,0.75,5,0.16875,0.21875,0.01875,-2.555,0.0,0.0,0.0,0.01875
stage1f_single_agent_delivery_bridge,6,1,153159,2873,1,190,160,1,1,-28.035446166992188,1.0,1.0,0.0,0.32142857142857145,0.0,0,0,3,160,13,-1,-1,0.0,15,0.51875,0.63125,0.23125,-8.365000000000014,0.0,0.0,0.0,0.0
stage1f_single_agent_delivery_bridge,6,1,153319,2874,1,190,160,1,1,61.585506439208984,1.0,1.0,1.0,0.19642857142857142,0.0,0,0,3,160,7,32,25,1.0,1,0.09375,0.10625,0.04375,-1.4350000000000003,0.0,0.0,0.0,0.00625
stage1f_single_agent_delivery_bridge,6,1,153479,2875,1,190,160,1,1,-0.6068713665008545,0.0,0.0,0.0,0.125,0.0,0,0,4,160,-1,-1,-1,0.0,0,0.0,0.0,0.0,0.0,0.0,0.0,0.0,0.0
stage1f_single_agent_delivery_bridge,6,1,153621,2876,1,190,160,1,1,253.43417358398438,4.0,4.0,4.0,0.08928571428571429,0.0,0,0,0,142,10,13,3,1.0,6,0.38028169014084506,0.4225352112676056,0.3591549295774648,-5.985000000000007,0.0,0.0,0.0,0.028169014084507043
stage1f_single_agent_delivery_bridge,6,1,153781,2877,1,190,160,1,1,60.35115051269531,1.0,1.0,1.0,0.08928571428571429,0.0,0,0,3,160,93,134,41,1.0,3,0.2125,0.23125,0.16875,-3.5349999999999993,0.0,0.0,0.0,0.00625
stage1f_single_agent_delivery_bridge,6,1,153941,2878,1,190,160,1,1,-1.3706271648406982,0.0,0.0,0.0,0.10714285714285714,0.0,0,0,4,160,-1,-1,-1,0.0,0,0.0,0.0,0.0,0.0,0.0,0.0,0.0,0.0
stage1f_single_agent_delivery_bridge,6,1,154101,2879,1,190,160,1,1,190.59596252441406,3.0,3.0,3.0,0.19642857142857142,0.0,0,0,1,160,25,30,5,1.0,3,0.03125,0.05625,0.03125,-0.8049999999999999,0.0,0.0,0.0,0.01875
stage1f_single_agent_delivery_bridge,6,1,154261,2880,1,190,160,1,1,58.940147399902344,1.0,1.0,1.0,0.2857142857142857,0.0,0,0,3,160,1,65,64,1.0,10,0.20625,0.275,0.175,-4.06,0.0,0.0,0.0,0.00625
stage1f_single_agent_delivery_bridge,6,1,154421,2881,1,190,160,1,1,63.12593460083008,1.0,1.0,1.0,0.21428571428571427,0.0,0,0,3,160,7,22,15,1.0,1,0.05625,0.0625,0.03125,-0.875,0.0,0.0,0.0,0.00625
stage1f_single_agent_delivery_bridge,6,1,154581,2882,1,190,160,1,1,56.09457778930664,1.0,1.0,1.0,0.25,0.0,0,0,3,160,60,132,72,1.0,7,0.2375,0.3,0.13125,-4.094999999999999,0.0,0.0,0.0,0.00625
stage1f_single_agent_delivery_bridge,6,1,154731,2883,1,190,160,1,1,252.74131774902344,4.0,4.0,4.0,0.14285714285714285,0.0,0,0,0,150,23,25,2,1.0,9,0.22666666666666666,0.29333333333333333,0.11333333333333333,-3.674999999999998,0.0,0.0,0.0,0.02666666666666667
stage1f_single_agent_delivery_bridge,6,1,154891,2884,1,190,160,1,1,-1.9037632942199707,0.0,0.0,0.0,0.30357142857142855,0.0,0,0,4,160,-1,-1,-1,0.0,0,0.0,0.0,0.0,0.0,0.0,0.0,0.0,0.0
stage1f_single_agent_delivery_bridge,6,1,155051,2885,1,190,160,1,1,172.84942626953125,4.0,4.0,3.0,0.16071428571428573,0.0,0,0,0,160,4,23,19,0.75,10,0.1375,0.2125,0.1,-2.939999999999999,0.0,0.0,0.0,0.01875
stage1f_single_agent_delivery_bridge,6,1,155211,2886,1,190,160,1,1,-27.888320922851562,1.0,1.0,0.0,0.42857142857142855,0.0,0,0,3,160,9,-1,-1,0.0,14,0.525,0.625,0.1625,-7.9100000000000135,0.0,0.0,0.0,0.0
stage1f_single_agent_delivery_bridge,6,1,155371,2887,1,190,160,1,1,62.107765197753906,1.0,1.0,1.0,0.26785714285714285,0.0,0,0,3,160,23,33,10,1.0,1,0.0375,0.04375,0.01875,-0.5950000000000001,0.0,0.0,0.0,0.00625
stage1f_single_agent_delivery_bridge,6,1,155531,2888,1,190,160,1,1,41.34319305419922,2.0,2.0,1.0,0.30357142857142855,0.0,0,0,2,160,7,72,65,0.5,9,0.28125,0.3625,0.11875,-4.725000000000001,0.0,0.0,0.0,0.00625
stage1f_single_agent_delivery_bridge,6,1,155691,2889,1,190,160,1,1,188.01919555664062,3.0,3.0,3.0,0.375,0.0,0,0,1,160,2,11,9,1.0,8,0.2375,0.29375,0.1125,-3.9199999999999977,0.0,0.0,0.0,0.01875
stage1f_single_agent_delivery_bridge,6,1,155851,2890,1,190,160,1,1,124.18053436279297,2.0,2.0,2.0,0.375,0.0,0,0,2,160,2,27,25,1.0,4,0.1,0.13125,0.01875,-1.5750000000000006,0.0,0.0,0.0,0.0125
stage1f_single_agent_delivery_bridge,6,1,156009,2891,1,190,160,1,1,255.23876953125,4.0,4.0,4.0,0.42857142857142855,0.0,0,0,0,158,65,82,17,1.0,3,0.11392405063291139,0.14556962025316456,0.02531645569620253,-1.7500000000000009,0.0,0.0,0.0,0.02531645569620253
stage1f_single_agent_delivery_bridge,6,1,156169,2892,1,190,160,1,1,-18.953266143798828,1.0,1.0,0.0,0.35714285714285715,0.0,0,0,3,160,152,-1,-1,0.0,1,0.05,0.05625,0.0,-0.6300000000000001,0.0,0.0,0.0,0.0
stage1f_single_agent_delivery_bridge,6,1,156184,2893,1,190,160,1,1,260.0382385253906,4.0,4.0,4.0,0.05357142857142857,0.0,0,0,0,15,10,12,2,1.0,0,0.0,0.0,0.0,0.0,0.0,0.0,0.0,0.26666666666666666
stage1f_single_agent_delivery_bridge,6,1,156344,2894,1,190,160,1,1,174.22802734375,4.0,4.0,3.0,0.3392857142857143,0.0,0,0,0,160,62,62,0,0.75,5,0.16875,0.21875,0.0125,-2.52,0.0,0.0,0.0,0.01875
stage1f_single_agent_delivery_bridge,6,1,156443,2895,1,190,160,1,1,255.902587890625,4.0,4.0,4.0,0.17857142857142858,0.0,0,0,0,99,20,22,2,1.0,5,0.16161616161616163,0.2222222222222222,0.09090909090909091,-1.8550000000000004,0.0,0.0,0.0,0.04040404040404041
stage1f_single_agent_delivery_bridge,6,1,156603,2896,1,190,160,1,1,185.1012725830078,3.0,3.0,3.0,0.30357142857142855,0.0,0,0,1,160,2,36,34,1.0,11,0.3125,0.4,0.075,-4.900000000000001,0.0,0.0,0.0,0.01875
stage1f_single_agent_delivery_bridge,6,1,156763,2897,1,190,160,1,1,191.8624267578125,3.0,3.0,3.0,0.2857142857142857,0.0,0,0,1,160,37,53,16,1.0,7,0.1,0.15,0.0375,-1.8900000000000008,0.0,0.0,0.0,0.01875
stage1f_single_agent_delivery_bridge,6,1,156923,2898,1,190,160,1,1,62.62701416015625,1.0,1.0,1.0,0.35714285714285715,0.0,0,0,3,160,56,60,4,1.0,1,0.00625,0.0125,0.0,-0.14,0.0,0.0,0.0,0.00625
stage1f_single_agent_delivery_bridge,6,1,157083,2899,1,190,160,1,1,107.6023941040039,3.0,3.0,2.0,0.23214285714285715,0.0,0,0,1,160,10,38,28,0.6666666666666666,7,0.275,0.325,0.15625,-4.5150000000000015,0.0,0.0,0.0,0.0125
stage1f_single_agent_delivery_bridge,6,1,157156,2900,1,190,160,1,1,256.3231506347656,4.0,4.0,4.0,0.14285714285714285,0.0,0,0,0,73,13,34,21,1.0,4,0.2328767123287671,0.3150684931506849,0.1095890410958904,-1.8900000000000003,0.0,0.0,0.0,0.0547945205479452
stage1f_single_agent_delivery_bridge,6,1,157316,2901,1,190,160,1,1,126.28289794921875,2.0,2.0,2.0,0.19642857142857142,0.0,0,0,2,160,79,100,21,1.0,2,0.11875,0.14375,0.05,-1.8900000000000006,0.0,0.0,0.0,0.0125
stage1f_single_agent_delivery_bridge,6,1,157476,2902,1,190,160,1,1,125.63482666015625,2.0,2.0,2.0,0.39285714285714285,0.0,0,0,2,160,9,37,28,1.0,5,0.15,0.18125,0.05,-2.31,0.0,0.0,0.0,0.0125
stage1f_single_agent_delivery_bridge,6,1,157636,2903,1,190,160,1,1,184.8411102294922,3.0,3.0,3.0,0.26785714285714285,0.0,0,0,1,160,25,58,33,1.0,14,0.24375,0.34375,0.10625,-4.444999999999999,0.0,0.0,0.0,0.01875
stage1f_single_agent_delivery_bridge,6,1,157794,2904,1,190,160,1,1,253.9701690673828,4.0,4.0,4.0,0.25,0.0,0,0,0,158,48,64,16,1.0,8,0.21518987341772153,0.27848101265822783,0.10126582278481013,-3.6399999999999983,0.0,0.0,0.0,0.02531645569620253
stage1f_single_agent_delivery_bridge,6,1,157954,2905,1,190,160,1,1,188.97337341308594,3.0,3.0,3.0,0.44642857142857145,0.0,0,0,1,160,3,23,20,1.0,6,0.16875,0.225,0.04375,-2.7650000000000006,0.0,0.0,0.0,0.01875
stage1f_single_agent_delivery_bridge,6,1,158114,2906,1,190,160,1,1,190.7307586669922,3.0,3.0,3.0,0.2857142857142857,0.0,0,0,1,160,11,15,4,1.0,3,0.09375,0.11875,0.03125,-1.5050000000000003,0.0,0.0,0.0,0.01875
stage1f_single_agent_delivery_bridge,6,1,158274,2907,1,190,160,1,1,190.4407958984375,3.0,3.0,3.0,0.19642857142857142,0.0,0,0,1,160,1,7,6,1.0,1,0.05,0.06875,0.01875,-0.8750000000000002,0.0,0.0,0.0,0.01875
stage1f_single_agent_delivery_bridge,6,1,158434,2908,1,190,160,1,1,172.64471435546875,4.0,4.0,3.0,0.2857142857142857,0.0,0,0,0,160,56,81,25,0.75,10,0.175,0.25,0.0625,-3.15,0.0,0.0,0.0,0.01875
stage1f_single_agent_delivery_bridge,6,1,158544,2909,1,190,160,1,1,256.2832946777344,4.0,4.0,4.0,0.2857142857142857,0.0,0,0,0,110,6,10,4,1.0,4,0.19090909090909092,0.24545454545454545,0.00909090909090909,-1.9250000000000012,0.0,0.0,0.0,0.03636363636363636
stage1f_single_agent_delivery_bridge,6,1,158681,2910,1,190,160,1,1,255.88421630859375,4.0,4.0,4.0,0.21428571428571427,0.0,0,0,0,137,23,29,6,1.0,5,0.10218978102189781,0.1386861313868613,0.058394160583941604,-1.6100000000000003,0.0,0.0,0.0,0.029197080291970802
stage1f_single_agent_delivery_bridge,6,1,158792,2911,1,190,160,1,1,253.43203735351562,4.0,4.0,4.0,0.21428571428571427,0.0,0,0,0,111,65,81,16,1.0,3,0.17117117117117117,0.2072072072072072,0.018018018018018018,-1.6800000000000008,0.0,0.0,0.0,0.036036036036036036
stage1f_single_agent_delivery_bridge,6,1,158952,2912,1,190,160,1,1,125.97599029541016,2.0,2.0,2.0,0.4107142857142857,0.0,0,0,2,160,2,16,14,1.0,4,0.0875,0.1125,0.0125,-1.3300000000000005,0.0,0.0,0.0,0.0125
stage1f_single_agent_delivery_bridge,6,1,159106,2913,1,190,160,1,1,255.20875549316406,4.0,4.0,4.0,0.42857142857142855,0.0,0,0,0,154,49,51,2,1.0,4,0.11688311688311688,0.14935064935064934,0.0,-1.610000000000001,0.0,0.0,0.0,0.025974025974025976
stage1f_single_agent_delivery_bridge,6,1,159266,2914,1,190,160,1,1,107.54820251464844,3.0,3.0,2.0,0.32142857142857145,0.0,0,0,1,160,8,34,26,0.6666666666666666,8,0.16875,0.21875,0.03125,-2.6249999999999996,0.0,0.0,0.0,0.0125
stage1f_single_agent_delivery_bridge,6,1,159426,2915,1,190,160,1,1,175.25894165039062,4.0,4.0,3.0,0.4107142857142857,0.0,0,0,0,160,2,30,28,0.75,6,0.15,0.19375,0.0125,-2.2400000000000007,0.0,0.0,0.0,0.01875
stage1f_single_agent_delivery_bridge,6,1,159522,2916,1,190,160,1,1,255.80441284179688,4.0,4.0,4.0,0.23214285714285715,0.0,0,0,0,96,22,44,22,1.0,4,0.1875,0.23958333333333334,0.041666666666666664,-1.7500000000000009,0.0,0.0,0.0,0.041666666666666664
stage1f_single_agent_delivery_bridge,6,1,159682,2917,1,190,160,1,1,44.84178924560547,2.0,2.0,1.0,0.23214285714285715,0.0,0,0,2,160,28,36,8,0.5,2,0.03125,0.04375,0.00625,-0.5250000000000001,0.0,0.0,0.0,0.00625
stage1f_single_agent_delivery_bridge,6,1,159842,2918,1,190,160,1,1,59.39856719970703,1.0,1.0,1.0,0.19642857142857142,0.0,0,0,3,160,85,94,9,1.0,0,0.0,0.025,0.00625,-0.31500000000000006,0.0,0.0,0.0,0.00625
stage1f_single_agent_delivery_bridge,6,1,159976,2919,1,190,160,1,1,249.03176879882812,4.0,4.0,4.0,0.25,0.0,0,0,0,134,6,33,27,1.0,11,0.3283582089552239,0.4552238805970149,0.08208955223880597,-4.654999999999999,0.0,0.0,0.0,0.029850746268656716
stage1f_single_agent_delivery_bridge,6,1,160136,2920,1,190,160,1,1,188.12899780273438,3.0,3.0,3.0,0.375,0.0,0,0,1,160,2,4,2,1.0,5,0.18125,0.225,0.01875,-2.6249999999999996,0.0,0.0,0.0,0.01875
stage1f_single_agent_delivery_bridge,6,1,160248,2921,1,190,160,1,1,255.341064453125,4.0,4.0,4.0,0.3392857142857143,0.0,0,0,0,112,2,5,3,1.0,7,0.21428571428571427,0.2767857142857143,0.017857142857142856,-2.2400000000000007,0.0,0.0,0.0,0.03571428571428571
stage1f_single_agent_delivery_bridge,6,1,160395,2922,1,190,160,1,1,256.03021240234375,4.0,4.0,4.0,0.3392857142857143,0.0,0,0,0,147,21,40,19,1.0,4,0.14965986394557823,0.1836734693877551,0.0,-1.8900000000000012,0.0,0.0,0.0,0.027210884353741496
stage1f_single_agent_delivery_bridge,6,1,160507,2923,1,190,160,1,1,252.50485229492188,4.0,4.0,4.0,0.23214285714285715,0.0,0,0,0,112,22,37,15,1.0,8,0.25892857142857145,0.39285714285714285,0.017857142857142856,-3.149999999999999,0.0,0.0,0.0,0.03571428571428571
stage1f_single_agent_delivery_bridge,6,1,160667,2924,1,190,160,1,1,-18.631790161132812,1.0,1.0,0.0,0.3392857142857143,0.0,0,0,3,160,139,-1,-1,0.0,3,0.075,0.09375,0.00625,-1.0850000000000004,0.0,0.0,0.0,0.0
stage1f_single_agent_delivery_bridge,6,1,160827,2925,1,190,160,1,1,-28.786602020263672,1.0,1.0,0.0,0.375,0.0,0,0,3,160,21,-1,-1,0.0,20,0.3625,0.49375,0.05625,-5.845000000000005,0.0,0.0,0.0,0.0
stage1f_single_agent_delivery_bridge,6,1,160963,2926,1,190,160,1,1,255.42916870117188,4.0,4.0,4.0,0.3392857142857143,0.0,0,0,0,136,41,56,15,1.0,3,0.15441176470588236,0.19117647058823528,0.014705882352941176,-1.890000000000001,0.0,0.0,0.0,0.029411764705882353
stage1f_single_agent_delivery_bridge,6,1,161123,2927,1,190,160,1,1,45.13841247558594,2.0,2.0,1.0,0.3392857142857143,0.0,0,0,2,160,56,63,7,0.5,1,0.00625,0.0125,0.0,-0.14,0.0,0.0,0.0,0.00625
stage1f_single_agent_delivery_bridge,6,1,161227,2928,1,190,160,1,1,256.7908935546875,4.0,4.0,4.0,0.25,0.0,0,0,0,104,24,28,4,1.0,3,0.028846153846153848,0.07692307692307693,0.0,-0.56,0.0,0.0,0.0,0.038461538461538464
stage1f_single_agent_delivery_bridge,6,1,161387,2929,1,190,160,1,1,174.9464874267578,4.0,4.0,3.0,0.42857142857142855,0.0,0,0,0,160,22,39,17,0.75,4,0.2,0.2375,0.0,-2.6599999999999997,0.0,0.0,0.0,0.01875
stage1f_single_agent_delivery_bridge,6,1,161547,2930,1,190,160,1,1,-18.58892822265625,1.0,1.0,0.0,0.5892857142857143,0.0,0,0,3,160,126,-1,-1,0.0,2,0.1375,0.15,0.0,-1.680000000000001,0.0,0.0,0.0,0.0
stage1f_single_agent_delivery_bridge,6,1,161690,2931,1,190,160,1,1,256.7189025878906,4.0,4.0,4.0,0.42857142857142855,0.0,0,0,0,143,66,68,2,1.0,0,0.0,0.0,0.0,0.0,0.0,0.0,0.0,0.027972027972027972
stage1f_single_agent_delivery_bridge,6,1,161850,2932,1,190,160,1,1,109.08702087402344,3.0,3.0,2.0,0.5,0.0,0,0,1,160,2,28,26,0.6666666666666666,7,0.31875,0.375,0.0125,-4.269999999999998,0.0,0.0,0.0,0.0125
stage1f_single_agent_delivery_bridge,6,1,162010,2933,1,190,160,1,1,175.46665954589844,4.0,4.0,3.0,0.5714285714285714,0.0,0,0,0,160,67,69,2,0.75,2,0.08125,0.1125,0.0,-1.2600000000000007,0.0,0.0,0.0,0.01875
stage1f_single_agent_delivery_bridge,6,1,162170,2934,1,190,160,1,1,40.91751480102539,2.0,2.0,1.0,0.39285714285714285,0.0,0,0,2,160,2,6,4,0.5,11,0.3375,0.4375,0.00625,-4.9350000000000005,0.0,0.0,0.0,0.00625
stage1f_single_agent_delivery_bridge,6,1,162314,2935,1,190,160,1,1,254.22244262695312,4.0,4.0,4.0,0.2857142857142857,0.0,0,0,0,144,29,43,14,1.0,4,0.1388888888888889,0.16666666666666666,0.020833333333333332,-1.7850000000000008,0.0,0.0,0.0,0.027777777777777776
stage1f_single_agent_delivery_bridge,6,1,162448,2936,1,190,160,1,1,255.7893524169922,4.0,4.0,4.0,0.25,0.0,0,0,0,134,2,5,3,1.0,0,0.0,0.0,0.0,0.0,0.0,0.0,0.0,0.029850746268656716
stage1f_single_agent_delivery_bridge,6,1,162608,2937,1,190,160,1,1,191.78407287597656,3.0,3.0,3.0,0.3392857142857143,0.0,0,0,1,160,2,19,17,1.0,4,0.06875,0.10625,0.00625,-1.2250000000000008,0.0,0.0,0.0,0.01875
stage1f_single_agent_delivery_bridge,6,1,162768,2938,1,190,160,1,1,-28.038005828857422,1.0,1.0,0.0,0.39285714285714285,0.0,0,0,3,160,2,-1,-1,0.0,14,0.4875,0.59375,0.01875,-6.755000000000008,0.0,0.0,0.0,0.0
stage1f_single_agent_delivery_bridge,6,1,162928,2939,1,190,160,1,1,108.5882568359375,3.0,3.0,2.0,0.26785714285714285,0.0,0,0,1,160,2,14,12,0.6666666666666666,2,0.05625,0.075,0.00625,-0.8750000000000004,0.0,0.0,0.0,0.0125
stage1f_single_agent_delivery_bridge,6,1,163088,2940,1,190,160,1,1,109.45511627197266,3.0,3.0,2.0,0.32142857142857145,0.0,0,0,1,160,3,26,23,0.6666666666666666,5,0.0625,0.1,0.0125,-1.1900000000000006,0.0,0.0,0.0,0.0125
stage1f_single_agent_delivery_bridge,6,1,163248,2941,1,190,160,1,1,33.34055709838867,2.0,2.0,1.0,0.39285714285714285,0.0,0,0,2,160,2,10,8,0.5,18,0.31875,0.525,0.05625,-6.195000000000006,0.0,0.0,0.0,0.00625
stage1f_single_agent_delivery_bridge,6,1,163408,2942,1,190,160,1,1,187.54954528808594,3.0,3.0,3.0,0.375,0.0,0,0,1,160,2,26,24,1.0,9,0.19375,0.26875,0.00625,-3.044999999999999,0.0,0.0,0.0,0.01875
stage1f_single_agent_delivery_bridge,6,1,163568,2943,1,190,160,1,1,191.00241088867188,3.0,3.0,3.0,0.3392857142857143,0.0,0,0,1,160,1,4,3,1.0,0,0.0,0.0,0.0,0.0,0.0,0.0,0.0,0.01875
stage1f_single_agent_delivery_bridge,6,1,163686,2944,1,190,160,1,1,252.88125610351562,4.0,4.0,4.0,0.2857142857142857,0.0,0,0,0,118,29,42,13,1.0,5,0.3220338983050847,0.3644067796610169,0.025423728813559324,-3.114999999999999,0.0,0.0,0.0,0.03389830508474576
stage1f_single_agent_delivery_bridge,6,1,163769,2945,1,190,160,1,1,254.41587829589844,4.0,4.0,4.0,0.21428571428571427,0.0,0,0,0,83,2,5,3,1.0,3,0.30120481927710846,0.3614457831325301,0.03614457831325301,-2.205000000000001,0.0,0.0,0.0,0.04819277108433735
stage1f_single_agent_delivery_bridge,6,1,163929,2946,1,190,160,1,1,185.55572509765625,3.0,3.0,3.0,0.5892857142857143,0.0,0,0,1,160,2,80,78,1.0,6,0.3125,0.38125,0.0625,-4.62,0.0,0.0,0.0,0.01875
stage1f_single_agent_delivery_bridge,6,1,164058,2947,1,190,160,1,1,252.17430114746094,4.0,4.0,4.0,0.25,0.0,0,0,0,129,19,28,9,1.0,6,0.17054263565891473,0.2248062015503876,0.05426356589147287,-2.2750000000000004,0.0,0.0,0.0,0.031007751937984496
stage1f_single_agent_delivery_bridge,6,1,164216,2948,1,190,160,1,1,255.23733520507812,4.0,4.0,4.0,0.26785714285714285,0.0,0,0,0,158,19,32,13,1.0,7,0.0949367088607595,0.1518987341772152,0.02531645569620253,-1.8200000000000007,0.0,0.0,0.0,0.02531645569620253
stage1f_single_agent_delivery_bridge,6,1,164376,2949,1,190,160,1,1,47.875396728515625,2.0,2.0,1.0,0.3392857142857143,0.0,0,0,2,160,69,74,5,0.5,1,0.05625,0.06875,0.0,-0.7700000000000002,0.0,0.0,0.0,0.00625
stage1f_single_agent_delivery_bridge,6,1,164536,2950,1,190,160,1,1,191.68641662597656,3.0,3.0,3.0,0.30357142857142855,0.0,0,0,1,160,42,51,9,1.0,2,0.0625,0.0875,0.0,-0.9800000000000004,0.0,0.0,0.0,0.01875
stage1f_single_agent_delivery_bridge,6,1,164652,2951,1,190,160,1,1,256.2024230957031,4.0,4.0,4.0,0.42857142857142855,0.0,0,0,0,116,4,36,32,1.0,6,0.21551724137931033,0.27586206896551724,0.008620689655172414,-2.275000000000001,0.0,0.0,0.0,0.034482758620689655
stage1f_single_agent_delivery_bridge,6,1,164798,2952,1,190,160,1,1,255.74148559570312,4.0,4.0,4.0,0.26785714285714285,0.0,0,0,0,146,6,14,8,1.0,3,0.0684931506849315,0.0958904109589041,0.0136986301369863,-1.0500000000000005,0.0,0.0,0.0,0.0273972602739726
stage1f_single_agent_delivery_bridge,6,1,164958,2953,1,190,160,1,1,126.16090393066406,2.0,2.0,2.0,0.375,0.0,0,0,2,160,77,99,22,1.0,4,0.0875,0.11875,0.00625,-1.3650000000000007,0.0,0.0,0.0,0.0125
stage1f_single_agent_delivery_bridge,6,1,165118,2954,1,190,160,1,1,124.38219451904297,2.0,2.0,2.0,0.32142857142857145,0.0,0,0,2,160,2,12,10,1.0,1,0.03125,0.0375,0.00625,-0.45500000000000007,0.0,0.0,0.0,0.0125
stage1f_single_agent_delivery_bridge,6,1,165278,2955,1,190,160,1,1,-29.112028121948242,1.0,1.0,0.0,0.32142857142857145,0.0,0,0,3,160,2,-1,-1,0.0,11,0.4625,0.59375,0.075,-7.07000000000001,0.0,0.0,0.0,0.0
stage1f_single_agent_delivery_bridge,6,1,165401,2956,1,190,160,1,1,255.49122619628906,4.0,4.0,4.0,0.30357142857142855,0.0,0,0,0,123,17,29,12,1.0,3,0.07317073170731707,0.10569105691056911,0.008130081300813009,-0.9450000000000005,0.0,0.0,0.0,0.032520325203252036
stage1f_single_agent_delivery_bridge,6,1,165519,2957,1,190,160,1,1,252.57525634765625,4.0,4.0,4.0,0.17857142857142858,0.0,0,0,0,118,25,38,13,1.0,4,0.23728813559322035,0.2966101694915254,0.03389830508474576,-2.59,0.0,0.0,0.0,0.03389830508474576
stage1f_single_agent_delivery_bridge,6,1,165679,2958,1,190,160,1,1,112.11576843261719,3.0,3.0,2.0,0.3392857142857143,0.0,0,0,1,160,55,65,10,0.6666666666666666,2,0.05,0.0625,0.00625,-0.7350000000000001,0.0,0.0,0.0,0.0125
stage1f_single_agent_delivery_bridge,6,1,165839,2959,1,190,160,1,1,52.408905029296875,1.0,1.0,1.0,0.23214285714285715,0.0,0,0,3,160,2,94,92,1.0,13,0.15625,0.275,0.0375,-3.2899999999999987,0.0,0.0,0.0,0.00625
stage1f_single_agent_delivery_bridge,6,1,165999,2960,1,190,160,1,1,-5.564048767089844,0.0,0.0,0.0,0.35714285714285715,0.0,0,0,4,160,-1,-1,-1,0.0,0,0.0,0.0,0.0,0.0,0.0,0.0,0.0,0.0
stage1f_single_agent_delivery_bridge,6,1,166159,2961,1,190,160,1,1,173.0209197998047,4.0,4.0,3.0,0.35714285714285715,0.0,0,0,0,160,31,32,1,0.75,4,0.15625,0.19375,0.01875,-2.275000000000001,0.0,0.0,0.0,0.01875
stage1f_single_agent_delivery_bridge,6,1,166319,2962,1,190,160,1,1,-3.0652480125427246,0.0,0.0,0.0,0.39285714285714285,0.0,0,0,4,160,-1,-1,-1,0.0,0,0.0,0.0,0.0,0.0,0.0,0.0,0.0,0.0
stage1f_single_agent_delivery_bridge,6,1,166415,2963,1,190,160,1,1,256.23114013671875,4.0,4.0,4.0,0.39285714285714285,0.0,0,0,0,96,2,21,19,1.0,2,0.0625,0.10416666666666667,0.020833333333333332,-0.7700000000000002,0.0,0.0,0.0,0.041666666666666664
stage1f_single_agent_delivery_bridge,6,1,166575,2964,1,190,160,1,1,-27.3983211517334,1.0,1.0,0.0,0.19642857142857142,0.0,0,0,3,160,73,-1,-1,0.0,9,0.26875,0.34375,0.03125,-4.024999999999998,0.0,0.0,0.0,0.0
stage1f_single_agent_delivery_bridge,6,1,166696,2965,1,190,160,1,1,252.11260986328125,4.0,4.0,4.0,0.17857142857142858,0.0,0,0,0,121,30,45,15,1.0,7,0.18181818181818182,0.24793388429752067,0.03305785123966942,-2.2400000000000007,0.0,0.0,0.0,0.03305785123966942
stage1f_single_agent_delivery_bridge,6,1,166856,2966,1,190,160,1,1,168.32716369628906,4.0,4.0,3.0,0.375,0.0,0,0,0,160,25,43,18,0.75,8,0.2875,0.35625,0.03125,-4.164999999999998,0.0,0.0,0.0,0.01875
stage1f_single_agent_delivery_bridge,6,1,167016,2967,1,190,160,1,1,191.87937927246094,3.0,3.0,3.0,0.5357142857142857,0.0,0,0,1,160,57,59,2,1.0,0,0.0,0.0,0.0,0.0,0.0,0.0,0.0,0.01875
stage1f_single_agent_delivery_bridge,6,1,167176,2968,1,190,160,1,1,101.23698425292969,3.0,3.0,2.0,0.3392857142857143,0.0,0,0,1,160,18,30,12,0.6666666666666666,16,0.29375,0.4,0.05,-4.76,0.0,0.0,0.0,0.0125
stage1f_single_agent_delivery_bridge,6,1,167336,2969,1,190,160,1,1,-8.7023344039917,0.0,0.0,0.0,0.32142857142857145,0.0,0,0,4,160,-1,-1,-1,0.0,0,0.0,0.0,0.0,0.0,0.0,0.0,0.0,0.0
stage1f_single_agent_delivery_bridge,6,1,167496,2970,1,190,160,1,1,120.15504455566406,2.0,2.0,2.0,0.3392857142857143,0.0,0,0,2,160,41,49,8,1.0,3,0.01875,0.05,0.00625,-0.5950000000000002,0.0,0.0,0.0,0.0125
stage1f_single_agent_delivery_bridge,6,1,167580,2971,1,190,160,1,1,255.91651916503906,4.0,4.0,4.0,0.23214285714285715,0.0,0,0,0,84,2,5,3,1.0,3,0.10714285714285714,0.17857142857142858,0.023809523809523808,-1.1200000000000003,0.0,0.0,0.0,0.047619047619047616
stage1f_single_agent_delivery_bridge,6,1,167740,2972,1,190,160,1,1,-7.43439245223999,0.0,0.0,0.0,0.44642857142857145,0.0,0,0,4,160,-1,-1,-1,0.0,0,0.0,0.0,0.0,0.0,0.0,0.0,0.0,0.0
stage1f_single_agent_delivery_bridge,6,1,167900,2973,1,190,160,1,1,-7.499400615692139,0.0,0.0,0.0,0.375,0.0,0,0,4,160,-1,-1,-1,0.0,0,0.0,0.0,0.0,0.0,0.0,0.0,0.0,0.0
stage1f_single_agent_delivery_bridge,6,1,168060,2974,1,190,160,1,1,126.15538024902344,2.0,2.0,2.0,0.48214285714285715,0.0,0,0,2,160,46,51,5,1.0,1,0.00625,0.01875,0.0,-0.21000000000000002,0.0,0.0,0.0,0.0125
stage1f_single_agent_delivery_bridge,6,1,168215,2975,1,190,160,1,1,254.4676971435547,4.0,4.0,4.0,0.4642857142857143,0.0,0,0,0,155,5,33,28,1.0,6,0.2967741935483871,0.32903225806451614,0.012903225806451613,-3.6399999999999975,0.0,0.0,0.0,0.025806451612903226
stage1f_single_agent_delivery_bridge,6,1,168375,2976,1,190,160,1,1,125.09098052978516,2.0,2.0,2.0,0.4107142857142857,0.0,0,0,2,160,2,16,14,1.0,1,0.05,0.0625,0.00625,-0.7350000000000001,0.0,0.0,0.0,0.0125
stage1f_single_agent_delivery_bridge,6,1,168535,2977,1,190,160,1,1,-2.8489973545074463,0.0,0.0,0.0,0.32142857142857145,0.0,0,0,4,160,-1,-1,-1,0.0,0,0.0,0.0,0.0,0.0,0.0,0.0,0.0,0.0
stage1f_single_agent_delivery_bridge,6,1,168642,2978,1,190,160,1,1,253.72642517089844,4.0,4.0,4.0,0.26785714285714285,0.0,0,0,0,107,16,32,16,1.0,4,0.2616822429906542,0.3364485981308411,0.0,-2.52,0.0,0.0,0.0,0.037383177570093455
stage1f_single_agent_delivery_bridge,6,1,168802,2979,1,190,160,1,1,57.65834045410156,1.0,1.0,1.0,0.39285714285714285,0.0,0,0,3,160,5,25,20,1.0,4,0.025,0.0625,0.03125,-0.8750000000000002,0.0,0.0,0.0,0.00625
stage1f_single_agent_delivery_bridge,6,1,168955,2980,1,190,160,1,1,250.77484130859375,4.0,4.0,4.0,0.2857142857142857,0.0,0,0,0,153,3,27,24,1.0,11,0.37254901960784315,0.47058823529411764,0.0196078431372549,-5.145000000000001,0.0,0.0,0.0,0.026143790849673203
stage1f_single_agent_delivery_bridge,6,1,169115,2981,1,190,160,1,1,56.4234619140625,1.0,1.0,1.0,0.3392857142857143,0.0,0,0,3,160,2,28,26,1.0,4,0.03125,0.06875,0.00625,-0.8050000000000004,0.0,0.0,0.0,0.00625
stage1f_single_agent_delivery_bridge,6,1,169275,2982,1,190,160,1,1,107.1046371459961,3.0,3.0,2.0,0.35714285714285715,0.0,0,0,1,160,73,96,23,0.6666666666666666,9,0.11875,0.16875,0.0125,-1.960000000000001,0.0,0.0,0.0,0.0125
stage1f_single_agent_delivery_bridge,6,1,169435,2983,1,190,160,1,1,120.74109649658203,2.0,2.0,2.0,0.3392857142857143,0.0,0,0,2,160,18,36,18,1.0,5,0.13125,0.16875,0.025,-2.030000000000001,0.0,0.0,0.0,0.0125
stage1f_single_agent_delivery_bridge,6,1,169595,2984,1,190,160,1,1,-28.09800148010254,1.0,1.0,0.0,0.23214285714285715,0.0,0,0,3,160,22,-1,-1,0.0,13,0.38125,0.5,0.04375,-5.845000000000005,0.0,0.0,0.0,0.0
stage1f_single_agent_delivery_bridge,6,1,169755,2985,1,190,160,1,1,171.76687622070312,4.0,4.0,3.0,0.4107142857142857,0.0,0,0,0,160,20,91,71,0.75,8,0.2125,0.3,0.0,-3.359999999999998,0.0,0.0,0.0,0.01875
stage1f_single_agent_delivery_bridge,6,1,169915,2986,1,190,160,1,1,191.4570770263672,3.0,3.0,3.0,0.39285714285714285,0.0,0,0,1,160,2,9,7,1.0,2,0.04375,0.075,0.0125,-0.9100000000000001,0.0,0.0,0.0,0.01875
stage1f_single_agent_delivery_bridge,6,1,170056,2987,1,190,160,1,1,252.7144775390625,4.0,4.0,4.0,0.2857142857142857,0.0,0,0,0,141,25,37,12,1.0,6,0.1276595744680851,0.1773049645390071,0.028368794326241134,-1.8900000000000008,0.0,0.0,0.0,0.028368794326241134
stage1f_single_agent_delivery_bridge,6,1,170142,2988,1,190,160,1,1,257.6390380859375,4.0,4.0,4.0,0.35714285714285715,0.0,0,0,0,86,2,5,3,1.0,3,0.06976744186046512,0.13953488372093023,0.011627906976744186,-0.8750000000000002,0.0,0.0,0.0,0.046511627906976744
stage1f_single_agent_delivery_bridge,6,1,170302,2989,1,190,160,1,1,-2.875016689300537,0.0,0.0,0.0,0.5178571428571429,0.0,0,0,4,160,-1,-1,-1,0.0,0,0.0,0.0,0.0,0.0,0.0,0.0,0.0,0.0
stage1f_single_agent_delivery_bridge,6,1,170462,2990,1,190,160,1,1,108.338623046875,3.0,3.0,2.0,0.21428571428571427,0.0,0,0,1,160,2,11,9,0.6666666666666666,4,0.04375,0.06875,0.00625,-0.8050000000000002,0.0,0.0,0.0,0.0125
stage1f_single_agent_delivery_bridge,6,1,170622,2991,1,190,160,1,1,125.39277648925781,2.0,2.0,2.0,0.375,0.0,0,0,2,160,2,16,14,1.0,3,0.0625,0.0875,0.00625,-1.0150000000000006,0.0,0.0,0.0,0.0125
stage1f_single_agent_delivery_bridge,6,1,170719,2992,1,190,160,1,1,253.45651245117188,4.0,4.0,4.0,0.14285714285714285,0.0,0,0,0,97,15,20,5,1.0,4,0.05154639175257732,0.15463917525773196,0.020618556701030927,-1.1200000000000003,0.0,0.0,0.0,0.041237113402061855
stage1f_single_agent_delivery_bridge,6,1,170817,2993,1,190,160,1,1,258.5167541503906,4.0,4.0,4.0,0.23214285714285715,0.0,0,0,0,98,18,22,4,1.0,0,0.0,0.0,0.0,0.0,0.0,0.0,0.0,0.04081632653061224
stage1f_single_agent_delivery_bridge,6,1,170898,2994,1,190,160,1,1,256.5251159667969,4.0,4.0,4.0,0.17857142857142858,0.0,0,0,0,81,2,5,3,1.0,3,0.037037037037037035,0.08641975308641975,0.0,-0.49000000000000005,0.0,0.0,0.0,0.04938271604938271
stage1f_single_agent_delivery_bridge,6,1,171008,2995,1,190,160,1,1,254.29400634765625,4.0,4.0,4.0,0.30357142857142855,0.0,0,0,0,110,2,20,18,1.0,4,0.15454545454545454,0.2,0.01818181818181818,-1.610000000000001,0.0,0.0,0.0,0.03636363636363636
stage1f_single_agent_delivery_bridge,6,1,171168,2996,1,190,160,1,1,50.61457824707031,1.0,1.0,1.0,0.25,0.0,0,0,3,160,10,108,98,1.0,15,0.26875,0.36875,0.06875,-4.515,0.0,0.0,0.0,0.00625
stage1f_single_agent_delivery_bridge,6,1,171298,2997,1,190,160,1,1,258.1800842285156,4.0,4.0,4.0,0.35714285714285715,0.0,0,0,0,130,26,28,2,1.0,0,0.0,0.0,0.0,0.0,0.0,0.0,0.0,0.03076923076923077
stage1f_single_agent_delivery_bridge,6,1,171458,2998,1,190,160,1,1,-2.889394760131836,0.0,0.0,0.0,0.4107142857142857,0.0,0,0,4,160,-1,-1,-1,0.0,0,0.0,0.0,0.0,0.0,0.0,0.0,0.0,0.0
stage1f_single_agent_delivery_bridge,6,1,171550,2999,1,190,160,1,1,254.23207092285156,4.0,4.0,4.0,0.23214285714285715,0.0,0,0,0,92,2,12,10,1.0,3,0.20652173913043478,0.25,0.021739130434782608,-1.680000000000001,0.0,0.0,0.0,0.043478260869565216
stage1f_single_agent_delivery_bridge,6,1,171710,3000,1,190,160,1,1,60.408790588378906,1.0,1.0,1.0,0.5,0.0,0,0,3,160,48,64,16,1.0,2,0.04375,0.05625,0.0,-0.6300000000000001,0.0,0.0,0.0,0.00625
stage1f_single_agent_delivery_bridge,6,1,171813,3001,1,190,160,1,1,258.3341369628906,4.0,4.0,4.0,0.25,0.0,0,0,0,103,24,27,3,1.0,0,0.0,0.0,0.0,0.0,0.0,0.0,0.0,0.038834951456310676
stage1f_single_agent_delivery_bridge,6,1,171973,3002,1,190,160,1,1,58.359066009521484,1.0,1.0,1.0,0.35714285714285715,0.0,0,0,3,160,76,122,46,1.0,4,0.1125,0.15,0.0,-1.680000000000001,0.0,0.0,0.0,0.00625
stage1f_single_agent_delivery_bridge,6,1,172133,3003,1,190,160,1,1,-3.8068935871124268,0.0,0.0,0.0,0.21428571428571427,0.0,0,0,4,160,-1,-1,-1,0.0,0,0.0,0.0,0.0,0.0,0.0,0.0,0.0,0.0
stage1f_single_agent_delivery_bridge,6,1,172293,3004,1,190,160,1,1,123.73155975341797,2.0,2.0,2.0,0.4642857142857143,0.0,0,0,2,160,1,12,11,1.0,2,0.01875,0.03125,0.01875,-0.455,0.0,0.0,0.0,0.0125
stage1f_single_agent_delivery_bridge,6,1,172453,3005,1,190,160,1,1,120.43583679199219,2.0,2.0,2.0,0.42857142857142855,0.0,0,0,2,160,1,71,70,1.0,6,0.18125,0.25,0.025,-2.9399999999999995,0.0,0.0,0.0,0.0125
stage1f_single_agent_delivery_bridge,6,1,172613,3006,1,190,160,1,1,126.42523193359375,2.0,2.0,2.0,0.30357142857142855,0.0,0,0,2,160,31,42,11,1.0,2,0.05625,0.08125,0.0,-0.9100000000000004,0.0,0.0,0.0,0.0125
stage1f_single_agent_delivery_bridge,6,1,172773,3007,1,190,160,1,1,192.805419921875,3.0,3.0,3.0,0.375,0.0,0,0,1,160,2,6,4,1.0,0,0.0,0.0,0.0,0.0,0.0,0.0,0.0,0.01875
stage1f_single_agent_delivery_bridge,6,1,172933,3008,1,190,160,1,1,125.27201843261719,2.0,2.0,2.0,0.42857142857142855,0.0,0,0,2,160,2,24,22,1.0,4,0.05,0.075,0.0125,-0.9100000000000001,0.0,0.0,0.0,0.0125
stage1f_single_agent_delivery_bridge,6,1,173067,3009,1,190,160,1,1,255.95753479003906,4.0,4.0,4.0,0.26785714285714285,0.0,0,0,0,134,48,53,5,1.0,3,0.04477611940298507,0.06716417910447761,0.014925373134328358,-0.7000000000000002,0.0,0.0,0.0,0.029850746268656716
stage1f_single_agent_delivery_bridge,6,1,173227,3010,1,190,160,1,1,166.99258422851562,4.0,4.0,3.0,0.26785714285714285,0.0,0,0,0,160,18,31,13,0.75,10,0.275,0.375,0.025,-4.339999999999998,0.0,0.0,0.0,0.01875
stage1f_single_agent_delivery_bridge,6,1,173387,3011,1,190,160,1,1,60.970123291015625,1.0,1.0,1.0,0.375,0.0,0,0,3,160,89,96,7,1.0,1,0.0125,0.025,0.0,-0.28,0.0,0.0,0.0,0.00625
stage1f_single_agent_delivery_bridge,6,1,173494,3012,1,190,160,1,1,255.39173889160156,4.0,4.0,4.0,0.16071428571428573,0.0,0,0,0,107,14,28,14,1.0,2,0.14018691588785046,0.16822429906542055,0.018691588785046728,-1.3300000000000005,0.0,0.0,0.0,0.037383177570093455
stage1f_single_agent_delivery_bridge,6,1,173654,3013,1,190,160,1,1,190.14788818359375,3.0,3.0,3.0,0.17857142857142858,0.0,0,0,1,160,31,33,2,1.0,0,0.0,0.0,0.0,0.0,0.0,0.0,0.0,0.01875
stage1f_single_agent_delivery_bridge,6,1,173792,3014,1,190,160,1,1,255.7498016357422,4.0,4.0,4.0,0.32142857142857145,0.0,0,0,0,138,10,15,5,1.0,4,0.07246376811594203,0.10869565217391304,0.014492753623188406,-1.1200000000000006,0.0,0.0,0.0,0.028985507246376812
stage1f_single_agent_delivery_bridge,6,1,173952,3015,1,190,160,1,1,125.44461822509766,2.0,2.0,2.0,0.48214285714285715,0.0,0,0,2,160,1,29,28,1.0,2,0.08125,0.09375,0.01875,-1.1550000000000005,0.0,0.0,0.0,0.0125
stage1f_single_agent_delivery_bridge,6,1,174112,3016,1,190,160,1,1,128.8626251220703,2.0,2.0,2.0,0.35714285714285715,0.0,0,0,2,160,31,32,1,1.0,0,0.0,0.0,0.0,0.0,0.0,0.0,0.0,0.0125
stage1f_single_agent_delivery_bridge,6,1,174213,3017,1,190,160,1,1,255.0123291015625,4.0,4.0,4.0,0.19642857142857142,0.0,0,0,0,101,13,26,13,1.0,5,0.16831683168316833,0.24752475247524752,0.019801980198019802,-1.820000000000001,0.0,0.0,0.0,0.039603960396039604
stage1f_single_agent_delivery_bridge,6,1,174373,3018,1,190,160,1,1,60.3657341003418,1.0,1.0,1.0,0.35714285714285715,0.0,0,0,3,160,23,35,12,1.0,2,0.01875,0.0375,0.00625,-0.45500000000000007,0.0,0.0,0.0,0.00625
stage1f_single_agent_delivery_bridge,6,1,174533,3019,1,190,160,1,1,192.6252899169922,3.0,3.0,3.0,0.4642857142857143,0.0,0,0,1,160,10,26,16,1.0,2,0.09375,0.11875,0.0,-1.3300000000000007,0.0,0.0,0.0,0.01875
stage1f_single_agent_delivery_bridge,6,1,174625,3020,1,190,160,1,1,256.1134948730469,4.0,4.0,4.0,0.26785714285714285,0.0,0,0,0,92,2,11,9,1.0,5,0.10869565217391304,0.17391304347826086,0.043478260869565216,-1.2600000000000005,0.0,0.0,0.0,0.043478260869565216
stage1f_single_agent_delivery_bridge,6,1,174785,3021,1,190,160,1,1,128.88539123535156,2.0,2.0,2.0,0.39285714285714285,0.0,0,0,2,160,13,20,7,1.0,2,0.0375,0.05625,0.00625,-0.6650000000000003,0.0,0.0,0.0,0.0125
stage1f_single_agent_delivery_bridge,6,1,174945,3022,1,190,160,1,1,125.12812805175781,2.0,2.0,2.0,0.4107142857142857,0.0,0,0,2,160,58,78,20,1.0,3,0.11875,0.1375,0.0,-1.540000000000001,0.0,0.0,0.0,0.0125
stage1f_single_agent_delivery_bridge,6,1,175105,3023,1,190,160,1,1,127.75364685058594,2.0,2.0,2.0,0.30357142857142855,0.0,0,0,2,160,110,122,12,1.0,1,0.0375,0.05,0.00625,-0.5950000000000001,0.0,0.0,0.0,0.0125
stage1f_single_agent_delivery_bridge,6,1,175219,3024,1,190,160,1,1,254.01992797851562,4.0,4.0,4.0,0.2857142857142857,0.0,0,0,0,114,9,35,26,1.0,7,0.11403508771929824,0.21052631578947367,0.06140350877192982,-1.925000000000001,0.0,0.0,0.0,0.03508771929824561
stage1f_single_agent_delivery_bridge,6,1,175337,3025,1,190,160,1,1,256.32611083984375,4.0,4.0,4.0,0.25,0.0,0,0,0,118,27,29,2,1.0,5,0.07627118644067797,0.13559322033898305,0.01694915254237288,-1.1900000000000004,0.0,0.0,0.0,0.03389830508474576
stage1f_single_agent_delivery_bridge,6,1,175482,3026,1,190,160,1,1,255.7407989501953,4.0,4.0,4.0,0.21428571428571427,0.0,0,0,0,145,2,4,2,1.0,5,0.1103448275862069,0.15172413793103448,0.020689655172413793,-1.6450000000000007,0.0,0.0,0.0,0.027586206896551724
stage1f_single_agent_delivery_bridge,6,1,175642,3027,1,190,160,1,1,38.741050720214844,2.0,2.0,1.0,0.4107142857142857,0.0,0,0,2,160,16,31,15,0.5,14,0.2875,0.39375,0.05625,-4.725,0.0,0.0,0.0,0.00625
stage1f_single_agent_delivery_bridge,6,1,175802,3028,1,190,160,1,1,101.60575103759766,3.0,3.0,2.0,0.2857142857142857,0.0,0,0,1,160,3,24,21,0.6666666666666666,19,0.40625,0.5125,0.0875,-6.230000000000007,0.0,0.0,0.0,0.0125
stage1f_single_agent_delivery_bridge,6,1,175940,3029,1,190,160,1,1,255.6333770751953,4.0,4.0,4.0,0.19642857142857142,0.0,0,0,0,138,34,38,4,1.0,6,0.050724637681159424,0.10144927536231885,0.036231884057971016,-1.1550000000000002,0.0,0.0,0.0,0.028985507246376812
stage1f_single_agent_delivery_bridge,6,1,175998,3030,1,190,160,1,1,256.9466247558594,4.0,4.0,4.0,0.14285714285714285,0.0,0,0,0,58,10,11,1,1.0,2,0.1896551724137931,0.22413793103448276,0.05172413793103448,-1.0150000000000003,0.0,0.0,0.0,0.06896551724137931
stage1f_single_agent_delivery_bridge,6,1,176158,3031,1,190,160,1,1,39.99656295776367,2.0,2.0,1.0,0.30357142857142855,0.0,0,0,2,160,10,53,43,0.5,12,0.31875,0.425,0.05,-5.040000000000002,0.0,0.0,0.0,0.00625
stage1f_single_agent_delivery_bridge,6,1,176251,3032,1,190,160,1,1,255.3529052734375,4.0,4.0,4.0,0.19642857142857142,0.0,0,0,0,93,5,19,14,1.0,5,0.11827956989247312,0.22580645161290322,0.03225806451612903,-1.5750000000000008,0.0,0.0,0.0,0.043010752688172046
stage1f_single_agent_delivery_bridge,6,1,176411,3033,1,190,160,1,1,63.75151443481445,1.0,1.0,1.0,0.375,0.0,0,0,3,160,61,63,2,1.0,0,0.0,0.0,0.0,0.0,0.0,0.0,0.0,0.00625
stage1f_single_agent_delivery_bridge,6,1,176534,3034,1,190,160,1,1,257.6924743652344,4.0,4.0,4.0,0.23214285714285715,0.0,0,0,0,123,17,18,1,1.0,2,0.016260162601626018,0.04065040650406504,0.0,-0.35000000000000003,0.0,0.0,0.0,0.032520325203252036
stage1f_single_agent_delivery_bridge,6,1,176694,3035,1,190,160,1,1,116.38642883300781,2.0,2.0,2.0,0.30357142857142855,0.0,0,0,2,160,2,39,37,1.0,15,0.40625,0.5125,0.125,-6.4400000000000075,0.0,0.0,0.0,0.0125
stage1f_single_agent_delivery_bridge,6,1,176780,3036,1,190,160,1,1,256.235595703125,4.0,4.0,4.0,0.16071428571428573,0.0,0,0,0,86,8,12,4,1.0,5,0.08139534883720931,0.16279069767441862,0.06976744186046512,-1.1900000000000002,0.0,0.0,0.0,0.046511627906976744
stage1f_single_agent_delivery_bridge,6,1,176940,3037,1,190,160,1,1,194.0453338623047,3.0,3.0,3.0,0.21428571428571427,0.0,0,0,1,160,12,16,4,1.0,2,0.01875,0.04375,0.00625,-0.5250000000000001,0.0,0.0,0.0,0.01875
stage1f_single_agent_delivery_bridge,6,1,177100,3038,1,190,160,1,1,108.4923095703125,3.0,3.0,2.0,0.30357142857142855,0.0,0,0,1,160,18,31,13,0.6666666666666666,7,0.225,0.26875,0.0375,-3.219999999999999,0.0,0.0,0.0,0.0125
stage1f_single_agent_delivery_bridge,6,1,177227,3039,1,190,160,1,1,257.25128173828125,4.0,4.0,4.0,0.4107142857142857,0.0,0,0,0,127,19,39,20,1.0,1,0.11023622047244094,0.13385826771653545,0.007874015748031496,-1.2250000000000005,0.0,0.0,0.0,0.031496062992125984
stage1f_single_agent_delivery_bridge,6,1,177371,3040,1,190,160,1,1,256.2219543457031,4.0,4.0,4.0,0.3392857142857143,0.0,0,0,0,144,24,41,17,1.0,4,0.1111111111111111,0.16666666666666666,0.020833333333333332,-1.785000000000001,0.0,0.0,0.0,0.027777777777777776
stage1f_single_agent_delivery_bridge,6,1,177531,3041,1,190,160,1,1,126.0584487915039,2.0,2.0,2.0,0.2857142857142857,0.0,0,0,2,160,31,40,9,1.0,3,0.01875,0.0375,0.0,-0.42000000000000004,0.0,0.0,0.0,0.0125
stage1f_single_agent_delivery_bridge,6,1,177668,3042,1,190,160,1,1,252.80068969726562,4.0,4.0,4.0,0.32142857142857145,0.0,0,0,0,137,37,62,25,1.0,7,0.291970802919708,0.35766423357664234,0.0364963503649635,-3.6049999999999978,0.0,0.0,0.0,0.029197080291970802
stage1f_single_agent_delivery_bridge,6,1,177828,3043,1,190,160,1,1,184.7762451171875,3.0,3.0,3.0,0.3392857142857143,0.0,0,0,1,160,59,76,17,1.0,8,0.275,0.35,0.05,-4.199999999999999,0.0,0.0,0.0,0.01875
stage1f_single_agent_delivery_bridge,6,1,177988,3044,1,190,160,1,1,127.23542022705078,2.0,2.0,2.0,0.19642857142857142,0.0,0,0,2,160,24,39,15,1.0,3,0.05,0.075,0.01875,-0.9450000000000003,0.0,0.0,0.0,0.0125
stage1f_single_agent_delivery_bridge,6,1,178148,3045,1,190,160,1,1,-25.81993293762207,1.0,1.0,0.0,0.5714285714285714,0.0,0,0,3,160,19,-1,-1,0.0,11,0.46875,0.5375,0.075,-6.440000000000007,0.0,0.0,0.0,0.0
stage1f_single_agent_delivery_bridge,6,1,178308,3046,1,190,160,1,1,112.39320373535156,3.0,3.0,2.0,0.35714285714285715,0.0,0,0,1,160,18,29,11,0.6666666666666666,2,0.125,0.1375,0.01875,-1.6450000000000007,0.0,0.0,0.0,0.0125
stage1f_single_agent_delivery_bridge,6,1,178344,3047,1,190,160,1,1,257.9170227050781,4.0,4.0,4.0,0.16071428571428573,0.0,0,0,0,36,2,3,1,1.0,3,0.4444444444444444,0.5277777777777778,0.19444444444444445,-1.5750000000000002,0.0,0.0,0.0,0.1111111111111111
stage1f_single_agent_delivery_bridge,6,1,178464,3048,1,190,160,1,1,254.8934326171875,4.0,4.0,4.0,0.23214285714285715,0.0,0,0,0,120,2,12,10,1.0,3,0.15833333333333333,0.2,0.041666666666666664,-1.8550000000000009,0.0,0.0,0.0,0.03333333333333333
stage1f_single_agent_delivery_bridge,6,1,178620,3049,1,190,160,1,1,251.68069458007812,4.0,4.0,4.0,0.5178571428571429,0.0,0,0,0,156,31,45,14,1.0,7,0.3782051282051282,0.4358974358974359,0.038461538461538464,-4.9700000000000015,0.0,0.0,0.0,0.02564102564102564
stage1f_single_agent_delivery_bridge,6,1,178681,3050,1,190,160,1,1,258.61181640625,4.0,4.0,4.0,0.23214285714285715,0.0,0,0,0,61,38,38,0,1.0,1,0.01639344262295082,0.04918032786885246,0.0,-0.21000000000000002,0.0,0.0,0.0,0.06557377049180328
stage1f_single_agent_delivery_bridge,6,1,178841,3051,1,190,160,1,1,121.68505859375,2.0,2.0,2.0,0.48214285714285715,0.0,0,0,2,160,47,117,70,1.0,8,0.275,0.3375,0.05,-4.059999999999997,0.0,0.0,0.0,0.0125
stage1f_single_agent_delivery_bridge,6,1,179001,3052,1,190,160,1,1,63.8449592590332,1.0,1.0,1.0,0.39285714285714285,0.0,0,0,3,160,70,86,16,1.0,1,0.04375,0.05625,0.0,-0.6300000000000001,0.0,0.0,0.0,0.00625
stage1f_single_agent_delivery_bridge,6,1,179161,3053,1,190,160,1,1,176.80831909179688,4.0,4.0,3.0,0.2857142857142857,0.0,0,0,0,160,3,4,1,0.75,2,0.1,0.11875,0.03125,-1.5050000000000008,0.0,0.0,0.0,0.01875
stage1f_single_agent_delivery_bridge,6,1,179321,3054,1,190,160,1,1,-18.06975555419922,1.0,1.0,0.0,0.32142857142857145,0.0,0,0,3,160,131,-1,-1,0.0,2,0.1125,0.13125,0.01875,-1.5750000000000006,0.0,0.0,0.0,0.0
stage1f_single_agent_delivery_bridge,6,1,179473,3055,1,190,160,1,1,250.81082153320312,4.0,4.0,4.0,0.26785714285714285,0.0,0,0,0,152,8,11,3,1.0,11,0.27631578947368424,0.375,0.08552631578947369,-4.444999999999999,0.0,0.0,0.0,0.02631578947368421
stage1f_single_agent_delivery_bridge,6,1,179607,3056,1,190,160,1,1,257.20343017578125,4.0,4.0,4.0,0.39285714285714285,0.0,0,0,0,134,63,84,21,1.0,1,0.09701492537313433,0.1044776119402985,0.0,-0.9800000000000004,0.0,0.0,0.0,0.029850746268656716
stage1f_single_agent_delivery_bridge,6,1,179767,3057,1,190,160,1,1,193.33038330078125,3.0,3.0,3.0,0.375,0.0,0,0,1,160,2,3,1,1.0,2,0.05,0.0625,0.0125,-0.77,0.0,0.0,0.0,0.01875
stage1f_single_agent_delivery_bridge,6,1,179927,3058,1,190,160,1,1,186.6443328857422,3.0,3.0,3.0,0.26785714285714285,0.0,0,0,1,160,12,57,45,1.0,7,0.2875,0.3625,0.05625,-4.374999999999998,0.0,0.0,0.0,0.01875
stage1f_single_agent_delivery_bridge,6,1,180087,3059,1,190,160,1,1,60.56694030761719,1.0,1.0,1.0,0.5714285714285714,0.0,0,0,3,160,14,17,3,1.0,0,0.0,0.0,0.0,0.0,0.0,0.0,0.0,0.00625
stage1f_single_agent_delivery_bridge,6,1,180232,3060,1,190,160,1,1,250.30738830566406,4.0,4.0,4.0,0.4107142857142857,0.0,0,0,0,145,2,9,7,1.0,10,0.3448275862068966,0.4413793103448276,0.09655172413793103,-4.970000000000002,0.0,0.0,0.0,0.027586206896551724
stage1f_single_agent_delivery_bridge,6,1,180392,3061,1,190,160,1,1,128.3778839111328,2.0,2.0,2.0,0.44642857142857145,0.0,0,0,2,160,5,11,6,1.0,2,0.025,0.0375,0.01875,-0.525,0.0,0.0,0.0,0.0125
stage1f_single_agent_delivery_bridge,6,1,180513,3062,1,190,160,1,1,253.8766632080078,4.0,4.0,4.0,0.32142857142857145,0.0,0,0,0,121,41,46,5,1.0,5,0.2231404958677686,0.2809917355371901,0.05785123966942149,-2.6249999999999996,0.0,0.0,0.0,0.03305785123966942
stage1f_single_agent_delivery_bridge,6,1,180673,3063,1,190,160,1,1,105.05178833007812,3.0,3.0,2.0,0.32142857142857145,0.0,0,0,1,160,19,102,83,0.6666666666666666,7,0.35625,0.4,0.10625,-5.075000000000003,0.0,0.0,0.0,0.0125
stage1f_single_agent_delivery_bridge,6,1,180800,3064,1,190,160,1,1,246.69012451171875,4.0,4.0,4.0,0.14285714285714285,0.0,0,0,0,127,14,55,41,1.0,14,0.3858267716535433,0.5039370078740157,0.11023622047244094,-4.9700000000000015,0.0,0.0,0.0,0.031496062992125984
stage1f_single_agent_delivery_bridge,6,1,180960,3065,1,190,160,1,1,121.57846069335938,2.0,2.0,2.0,0.44642857142857145,0.0,0,0,2,160,16,83,67,1.0,6,0.43125,0.4875,0.03125,-5.635000000000003,0.0,0.0,0.0,0.0125
stage1f_single_agent_delivery_bridge,6,1,181060,3066,1,190,160,1,1,253.59054565429688,4.0,4.0,4.0,0.19642857142857142,0.0,0,0,0,100,11,25,14,1.0,6,0.21,0.3,0.04,-2.240000000000001,0.0,0.0,0.0,0.04
stage1f_single_agent_delivery_bridge,6,1,181220,3067,1,190,160,1,1,34.55638885498047,2.0,2.0,1.0,0.30357142857142855,0.0,0,0,2,160,1,22,21,0.5,16,0.3375,0.51875,0.0625,-6.1600000000000055,0.0,0.0,0.0,0.00625
stage1f_single_agent_delivery_bridge,6,1,181380,3068,1,190,160,1,1,-30.150014877319336,1.0,1.0,0.0,0.3392857142857143,0.0,0,0,3,160,6,-1,-1,0.0,17,0.46875,0.56875,0.0875,-6.860000000000009,0.0,0.0,0.0,0.0
stage1f_single_agent_delivery_bridge,6,1,181540,3069,1,190,160,1,1,191.3076934814453,3.0,3.0,3.0,0.23214285714285715,0.0,0,0,1,160,51,52,1,1.0,1,0.025,0.04375,0.0,-0.49000000000000005,0.0,0.0,0.0,0.01875
stage1f_single_agent_delivery_bridge,6,1,181700,3070,1,190,160,1,1,173.07254028320312,4.0,4.0,3.0,0.35714285714285715,0.0,0,0,0,160,6,9,3,0.75,11,0.23125,0.3,0.04375,-3.604999999999998,0.0,0.0,0.0,0.01875
stage1f_single_agent_delivery_bridge,6,1,181860,3071,1,190,160,1,1,183.24014282226562,3.0,3.0,3.0,0.30357142857142855,0.0,0,0,1,160,14,28,14,1.0,10,0.31875,0.3875,0.04375,-4.585,0.0,0.0,0.0,0.01875
stage1f_single_agent_delivery_bridge,6,1,182020,3072,1,190,160,1,1,110.33529663085938,3.0,3.0,2.0,0.375,0.0,0,0,1,160,58,59,1,0.6666666666666666,7,0.2125,0.25625,0.04375,-3.1149999999999984,0.0,0.0,0.0,0.0125
stage1f_single_agent_delivery_bridge,6,1,182180,3073,1,190,160,1,1,120.78966522216797,2.0,2.0,2.0,0.625,0.0,0,0,2,160,8,35,27,1.0,10,0.35,0.43125,0.025,-4.970000000000001,0.0,0.0,0.0,0.0125
stage1f_single_agent_delivery_bridge,6,1,182335,3074,1,190,160,1,1,251.28982543945312,4.0,4.0,4.0,0.35714285714285715,0.0,0,0,0,155,2,53,51,1.0,8,0.3161290322580645,0.3741935483870968,0.05806451612903226,-4.374999999999998,0.0,0.0,0.0,0.025806451612903226
stage1f_single_agent_delivery_bridge,6,1,182491,3075,1,190,160,1,1,254.9482879638672,4.0,4.0,4.0,0.26785714285714285,0.0,0,0,0,156,15,32,17,1.0,7,0.14102564102564102,0.19230769230769232,0.05128205128205128,-2.38,0.0,0.0,0.0,0.02564102564102564
stage1f_single_agent_delivery_bridge,6,1,182651,3076,1,190,160,1,1,-27.83837127685547,1.0,1.0,0.0,0.39285714285714285,0.0,0,0,3,160,4,-1,-1,0.0,13,0.45,0.58125,0.05625,-6.825000000000008,0.0,0.0,0.0,0.0
stage1f_single_agent_delivery_bridge,6,1,182735,3077,1,190,160,1,1,256.4709167480469,4.0,4.0,4.0,0.17857142857142858,0.0,0,0,0,84,2,7,5,1.0,5,0.11904761904761904,0.20238095238095238,0.047619047619047616,-1.3300000000000005,0.0,0.0,0.0,0.047619047619047616
stage1f_single_agent_delivery_bridge,6,1,182744,3078,1,190,160,1,1,259.9713439941406,4.0,4.0,4.0,0.03571428571428571,0.0,0,0,0,9,4,6,2,1.0,0,0.0,0.0,0.0,0.0,0.0,0.0,0.0,0.4444444444444444
stage1f_single_agent_delivery_bridge,6,1,182822,3079,1,190,160,1,1,256.94598388671875,4.0,4.0,4.0,0.16071428571428573,0.0,0,0,0,78,2,4,2,1.0,5,0.07692307692307693,0.16666666666666666,0.02564102564102564,-0.9800000000000002,0.0,0.0,0.0,0.05128205128205128
stage1f_single_agent_delivery_bridge,6,1,182827,3080,1,190,160,1,1,259.6622009277344,4.0,4.0,4.0,0.03571428571428571,0.0,0,0,0,5,2,2,0,1.0,0,0.0,0.0,0.0,0.0,0.0,0.0,0.0,0.8
stage1f_single_agent_delivery_bridge,6,1,182987,3081,1,190,160,1,1,106.472412109375,3.0,3.0,2.0,0.30357142857142855,0.0,0,0,1,160,7,10,3,0.6666666666666666,9,0.2625,0.34375,0.075,-4.27,0.0,0.0,0.0,0.0125
stage1f_single_agent_delivery_bridge,6,1,183115,3082,1,190,160,1,1,254.46905517578125,4.0,4.0,4.0,0.25,0.0,0,0,0,128,2,26,24,1.0,6,0.2421875,0.296875,0.0546875,-2.905,0.0,0.0,0.0,0.03125
stage1f_single_agent_delivery_bridge,6,1,183219,3083,1,190,160,1,1,253.69598388671875,4.0,4.0,4.0,0.21428571428571427,0.0,0,0,0,104,2,35,33,1.0,10,0.27884615384615385,0.3942307692307692,0.057692307692307696,-3.0799999999999996,0.0,0.0,0.0,0.038461538461538464
stage1f_single_agent_delivery_bridge,6,1,183369,3084,1,190,160,1,1,253.4055938720703,4.0,4.0,4.0,0.2857142857142857,0.0,0,0,0,150,2,24,22,1.0,9,0.3,0.37333333333333335,0.06666666666666667,-4.269999999999999,0.0,0.0,0.0,0.02666666666666667
stage1f_single_agent_delivery_bridge,6,1,183420,3085,1,190,160,1,1,258.8832702636719,4.0,4.0,4.0,0.14285714285714285,0.0,0,0,0,51,7,7,0,1.0,2,0.11764705882352941,0.17647058823529413,0.0196078431372549,-0.665,0.0,0.0,0.0,0.0784313725490196
stage1f_single_agent_delivery_bridge,6,1,183580,3086,1,190,160,1,1,104.21965026855469,3.0,3.0,2.0,0.23214285714285715,0.0,0,0,1,160,2,9,7,0.6666666666666666,12,0.41875,0.49375,0.13125,-6.265000000000008,0.0,0.0,0.0,0.0125
stage1f_single_agent_delivery_bridge,6,1,183740,3087,1,190,160,1,1,172.61080932617188,4.0,4.0,3.0,0.17857142857142858,0.0,0,0,0,160,2,5,3,0.75,9,0.175,0.2625,0.09375,-3.4649999999999985,0.0,0.0,0.0,0.01875
stage1f_single_agent_delivery_bridge,6,1,183900,3088,1,190,160,1,1,170.93228149414062,4.0,4.0,3.0,0.17857142857142858,0.0,0,0,0,160,2,15,13,0.75,9,0.375,0.45625,0.2,-6.230000000000007,0.0,0.0,0.0,0.01875
stage1f_single_agent_delivery_bridge,6,1,183948,3089,1,190,160,1,1,259.3135681152344,4.0,4.0,4.0,0.08928571428571429,0.0,0,0,0,48,16,27,11,1.0,1,0.125,0.14583333333333334,0.08333333333333333,-0.6300000000000001,0.0,0.0,0.0,0.08333333333333333
stage1f_single_agent_delivery_bridge,6,1,184108,3090,1,190,160,1,1,109.95113372802734,3.0,3.0,2.0,0.23214285714285715,0.0,0,0,1,160,16,19,3,0.6666666666666666,5,0.2,0.2375,0.05,-2.939999999999999,0.0,0.0,0.0,0.0125
stage1f_single_agent_delivery_bridge,6,1,184268,3091,1,190,160,1,1,37.751773834228516,2.0,2.0,1.0,0.30357142857142855,0.0,0,0,2,160,1,18,17,0.5,16,0.60625,0.73125,0.0625,-8.540000000000015,0.0,0.0,0.0,0.00625
stage1f_single_agent_delivery_bridge,6,1,184386,3092,1,190,160,1,1,254.85696411132812,4.0,4.0,4.0,0.3392857142857143,0.0,0,0,0,118,5,20,15,1.0,7,0.3050847457627119,0.3728813559322034,0.07627118644067797,-3.395,0.0,0.0,0.0,0.03389830508474576
stage1f_single_agent_delivery_bridge,6,1,184546,3093,1,190,160,1,1,173.93576049804688,4.0,4.0,3.0,0.2857142857142857,0.0,0,0,0,160,2,14,12,0.75,7,0.30625,0.34375,0.1,-4.409999999999999,0.0,0.0,0.0,0.01875
stage1f_single_agent_delivery_bridge,6,1,184706,3094,1,190,160,1,1,171.94615173339844,4.0,4.0,3.0,0.17857142857142858,0.0,0,0,0,160,6,23,17,0.75,5,0.13125,0.175,0.06875,-2.345,0.0,0.0,0.0,0.01875
stage1f_single_agent_delivery_bridge,6,1,184866,3095,1,190,160,1,1,174.31277465820312,4.0,4.0,3.0,0.17857142857142858,0.0,0,0,0,160,4,19,15,0.75,8,0.175,0.23125,0.0625,-2.9399999999999995,0.0,0.0,0.0,0.01875
stage1f_single_agent_delivery_bridge,6,1,184993,3096,1,190,160,1,1,254.64224243164062,4.0,4.0,4.0,0.25,0.0,0,0,0,127,5,27,22,1.0,4,0.3464566929133858,0.3779527559055118,0.13385826771653545,-3.9549999999999974,0.0,0.0,0.0,0.031496062992125984
stage1f_single_agent_delivery_bridge,6,1,185153,3097,1,190,160,1,1,162.3273162841797,4.0,4.0,3.0,0.19642857142857142,0.0,0,0,0,160,3,22,19,0.75,21,0.38125,0.56875,0.1125,-7.00000000000001,0.0,0.0,0.0,0.01875
stage1f_single_agent_delivery_bridge,6,1,185250,3098,1,190,160,1,1,255.28634643554688,4.0,4.0,4.0,0.42857142857142855,0.0,0,0,0,97,4,23,19,1.0,5,0.36082474226804123,0.41237113402061853,0.010309278350515464,-2.8349999999999995,0.0,0.0,0.0,0.041237113402061855
stage1f_single_agent_delivery_bridge,6,1,185410,3099,1,190,160,1,1,120.66227722167969,2.0,2.0,2.0,0.3392857142857143,0.0,0,0,2,160,2,102,100,1.0,15,0.34375,0.4375,0.06875,-5.285000000000003,0.0,0.0,0.0,0.0125
stage1f_single_agent_delivery_bridge,6,1,185530,3100,1,190,160,1,1,252.0041046142578,4.0,4.0,4.0,0.25,0.0,0,0,0,120,15,46,31,1.0,10,0.30833333333333335,0.425,0.025,-3.6749999999999976,0.0,0.0,0.0,0.03333333333333333
stage1f_single_agent_delivery_bridge,6,1,185690,3101,1,190,160,1,1,102.56880950927734,3.0,3.0,2.0,0.42857142857142855,0.0,0,0,1,160,16,19,3,0.6666666666666666,8,0.38125,0.45625,0.05,-5.390000000000003,0.0,0.0,0.0,0.0125
stage1f_single_agent_delivery_bridge,6,1,185838,3102,1,190,160,1,1,252.11683654785156,4.0,4.0,4.0,0.17857142857142858,0.0,0,0,0,148,2,19,17,1.0,9,0.11486486486486487,0.21621621621621623,0.06756756756756757,-2.59,0.0,0.0,0.0,0.02702702702702703
stage1f_single_agent_delivery_bridge,6,1,185923,3103,1,190,160,1,1,255.99057006835938,4.0,4.0,4.0,0.14285714285714285,0.0,0,0,0,85,1,8,7,1.0,6,0.16470588235294117,0.27058823529411763,0.12941176470588237,-1.9950000000000003,0.0,0.0,0.0,0.047058823529411764
stage1f_single_agent_delivery_bridge,6,1,185954,3104,1,190,160,1,1,260.0699462890625,4.0,4.0,4.0,0.19642857142857142,0.0,0,0,0,31,28,28,0,1.0,0,0.0,0.0,0.0,0.0,0.0,0.0,0.0,0.12903225806451613
stage1f_single_agent_delivery_bridge,6,1,186114,3105,1,190,160,1,1,181.42913818359375,3.0,3.0,3.0,0.26785714285714285,0.0,0,0,1,160,3,27,24,1.0,16,0.425,0.5625,0.08125,-6.755000000000009,0.0,0.0,0.0,0.01875
stage1f_single_agent_delivery_bridge,6,1,186274,3106,1,190,160,1,1,188.82435607910156,3.0,3.0,3.0,0.3392857142857143,0.0,0,0,1,160,2,25,23,1.0,6,0.2125,0.26875,0.04375,-3.254999999999999,0.0,0.0,0.0,0.01875
stage1f_single_agent_delivery_bridge,6,1,186423,3107,1,190,160,1,1,253.79940795898438,4.0,4.0,4.0,0.39285714285714285,0.0,0,0,0,149,4,6,2,1.0,5,0.348993288590604,0.3959731543624161,0.006711409395973154,-4.164999999999997,0.0,0.0,0.0,0.026845637583892617
stage1f_single_agent_delivery_bridge,6,1,186583,3108,1,190,160,1,1,38.301116943359375,2.0,2.0,1.0,0.5178571428571429,0.0,0,0,2,160,5,60,55,0.5,15,0.3625,0.4875,0.075,-5.880000000000005,0.0,0.0,0.0,0.00625
stage1g_single_agent_delivery_obstacles,7,1,186771,3109,1,300,240,1,2,232.60494995117188,4.0,4.0,4.0,0.1048951048951049,0.0,0,0,0,147,2,5,3,1.0,0,0.0,0.013605442176870748,0.013605442176870748,-0.21000000000000002,0.0,0.0,0.0,0.027210884353741496
stage1g_single_agent_delivery_obstacles,7,1,186929,3110,1,300,240,1,2,230.4791717529297,4.0,4.0,4.0,0.14685314685314685,0.0,0,0,0,158,5,26,21,1.0,3,0.16455696202531644,0.1962025316455696,0.0189873417721519,-2.275000000000001,0.0,0.0,0.0,0.02531645569620253
stage1g_single_agent_delivery_obstacles,7,1,187129,3111,1,300,240,1,2,151.28196716308594,4.0,4.0,3.0,0.18181818181818182,0.0,0,0,0,200,23,53,30,0.75,10,0.225,0.36,0.095,-5.7050000000000045,0.0,0.0,0.0,0.015
stage1g_single_agent_delivery_obstacles,7,1,187292,3112,1,300,240,1,2,229.5696258544922,4.0,4.0,4.0,0.14685314685314685,0.0,0,0,0,163,2,6,4,1.0,3,0.08588957055214724,0.15337423312883436,0.024539877300613498,-1.890000000000001,0.0,0.0,0.0,0.024539877300613498
stage1g_single_agent_delivery_obstacles,7,1,187492,3113,1,300,240,1,2,24.71160125732422,2.0,2.0,1.0,0.15384615384615385,0.0,0,0,2,200,9,96,87,0.5,10,0.195,0.375,0.12,-6.090000000000006,0.0,0.0,0.0,0.005
stage1g_single_agent_delivery_obstacles,7,1,187631,3114,1,300,240,1,2,231.19366455078125,4.0,4.0,4.0,0.11888111888111888,0.0,0,0,0,139,21,33,12,1.0,3,0.12949640287769784,0.19424460431654678,0.02158273381294964,-1.995000000000001,0.0,0.0,0.0,0.02877697841726619
stage1g_single_agent_delivery_obstacles,7,1,187725,3115,1,300,240,1,2,229.9529266357422,4.0,4.0,4.0,0.1258741258741259,0.0,0,0,0,94,2,17,15,1.0,5,0.2765957446808511,0.3723404255319149,0.0425531914893617,-2.5899999999999994,0.0,0.0,0.0,0.0425531914893617
stage1g_single_agent_delivery_obstacles,7,1,187925,3116,1,300,240,1,2,112.5857925415039,2.0,2.0,2.0,0.18181818181818182,0.0,0,0,2,200,16,25,9,1.0,2,0.03,0.05,0.01,-0.7700000000000002,0.0,0.0,0.0,0.01
stage1g_single_agent_delivery_obstacles,7,1,188125,3117,1,300,240,1,2,115.67466735839844,2.0,2.0,2.0,0.13986013986013987,0.0,0,0,2,200,3,8,5,1.0,1,0.01,0.015,0.015,-0.31500000000000006,0.0,0.0,0.0,0.01
stage1g_single_agent_delivery_obstacles,7,1,188325,3118,1,300,240,1,2,98.27638244628906,3.0,3.0,2.0,0.16783216783216784,0.0,0,0,1,200,4,23,19,0.6666666666666666,6,0.355,0.42,0.02,-6.020000000000004,0.0,0.0,0.0,0.01
stage1g_single_agent_delivery_obstacles,7,1,188475,3119,1,300,240,1,2,229.32801818847656,4.0,4.0,4.0,0.16083916083916083,0.0,0,0,0,150,4,22,18,1.0,5,0.19333333333333333,0.3,0.07333333333333333,-3.5349999999999993,0.0,0.0,0.0,0.02666666666666667
stage1g_single_agent_delivery_obstacles,7,1,188675,3120,1,300,240,1,2,-31.760801315307617,1.0,1.0,0.0,0.13986013986013987,0.0,0,0,3,200,7,-1,-1,0.0,17,0.36,0.59,0.105,-8.995000000000017,0.0,0.0,0.0,0.0
stage1g_single_agent_delivery_obstacles,7,1,188793,3121,1,300,240,1,2,231.48880004882812,4.0,4.0,4.0,0.14685314685314685,0.0,0,0,0,118,28,44,16,1.0,4,0.211864406779661,0.288135593220339,0.00847457627118644,-2.4150000000000005,0.0,0.0,0.0,0.03389830508474576
stage1g_single_agent_delivery_obstacles,7,1,188993,3122,1,300,240,1,2,166.17745971679688,3.0,3.0,3.0,0.1258741258741259,0.0,0,0,1,200,9,26,17,1.0,4,0.055,0.115,0.045,-1.9250000000000005,0.0,0.0,0.0,0.015
stage1g_single_agent_delivery_obstacles,7,1,189156,3123,1,300,240,1,2,225.34329223632812,4.0,4.0,4.0,0.09090909090909091,0.0,0,0,0,163,8,29,21,1.0,3,0.05521472392638037,0.1411042944785276,0.049079754601226995,-1.8900000000000006,0.0,0.0,0.0,0.024539877300613498
stage1g_single_agent_delivery_obstacles,7,1,189293,3124,1,300,240,1,2,231.30397033691406,4.0,4.0,4.0,0.14685314685314685,0.0,0,0,0,137,6,16,10,1.0,6,0.0948905109489051,0.1897810218978102,0.058394160583941604,-2.100000000000001,0.0,0.0,0.0,0.029197080291970802
stage1g_single_agent_delivery_obstacles,7,1,189471,3125,1,300,240,1,2,232.98448181152344,4.0,4.0,4.0,0.14685314685314685,0.0,0,0,0,178,71,74,3,1.0,1,0.016853932584269662,0.03932584269662921,0.02247191011235955,-0.6300000000000001,0.0,0.0,0.0,0.02247191011235955
stage1g_single_agent_delivery_obstacles,7,1,189671,3126,1,300,240,1,2,-18.160188674926758,1.0,1.0,0.0,0.13986013986013987,0.0,0,0,3,200,78,-1,-1,0.0,5,0.3,0.35,0.0,-4.9,0.0,0.0,0.0,0.0
stage1g_single_agent_delivery_obstacles,7,1,189871,3127,1,300,240,1,2,148.54547119140625,4.0,4.0,3.0,0.14685314685314685,0.0,0,0,0,200,10,63,53,0.75,7,0.175,0.285,0.095,-4.655000000000001,0.0,0.0,0.0,0.015
stage1g_single_agent_delivery_obstacles,7,1,190071,3128,1,300,240,1,2,54.47139358520508,1.0,1.0,1.0,0.13986013986013987,0.0,0,0,3,200,152,166,14,1.0,2,0.015,0.035,0.015,-0.595,0.0,0.0,0.0,0.005
stage1g_single_agent_delivery_obstacles,7,1,190271,3129,1,300,240,1,2,113.41020965576172,2.0,2.0,2.0,0.16083916083916083,0.0,0,0,2,200,17,43,26,1.0,3,0.05,0.095,0.02,-1.4700000000000004,0.0,0.0,0.0,0.01
stage1g_single_agent_delivery_obstacles,7,1,190471,3130,1,300,240,1,2,-30.783437728881836,1.0,1.0,0.0,0.18181818181818182,0.0,0,0,3,200,2,-1,-1,0.0,16,0.375,0.58,0.1,-8.820000000000018,0.0,0.0,0.0,0.0
stage1g_single_agent_delivery_obstacles,7,1,190671,3131,1,300,240,1,2,109.84939575195312,2.0,2.0,2.0,0.16083916083916083,0.0,0,0,2,200,2,5,3,1.0,3,0.135,0.175,0.03,-2.6599999999999997,0.0,0.0,0.0,0.01
stage1g_single_agent_delivery_obstacles,7,1,190871,3132,1,300,240,1,2,39.89169692993164,2.0,2.0,1.0,0.1888111888111888,0.0,0,0,2,200,127,178,51,0.5,3,0.125,0.16,0.03,-2.4499999999999997,0.0,0.0,0.0,0.005
stage1g_single_agent_delivery_obstacles,7,1,191071,3133,1,300,240,1,2,100.48786163330078,2.0,2.0,2.0,0.11888111888111888,0.0,0,0,2,200,39,168,129,1.0,7,0.285,0.445,0.09,-6.860000000000009,0.0,0.0,0.0,0.01
stage1g_single_agent_delivery_obstacles,7,1,191176,3134,1,300,240,1,2,230.89720153808594,4.0,4.0,4.0,0.11188811188811189,0.0,0,0,0,105,5,30,25,1.0,4,0.3047619047619048,0.42857142857142855,0.02857142857142857,-3.2549999999999986,0.0,0.0,0.0,0.0380952380952381
stage1g_single_agent_delivery_obstacles,7,1,191376,3135,1,300,240,1,2,33.992313385009766,2.0,2.0,1.0,0.20279720279720279,0.0,0,0,2,200,16,138,122,0.5,7,0.39,0.485,0.025,-6.965000000000009,0.0,0.0,0.0,0.005
stage1g_single_agent_delivery_obstacles,7,1,191576,3136,1,300,240,1,2,113.8624496459961,2.0,2.0,2.0,0.13286713286713286,0.0,0,0,2,200,5,18,13,1.0,3,0.06,0.085,0.04,-1.4700000000000002,0.0,0.0,0.0,0.01
stage1g_single_agent_delivery_obstacles,7,1,191776,3137,1,300,240,1,2,107.54962158203125,2.0,2.0,2.0,0.16783216783216784,0.0,0,0,2,200,92,160,68,1.0,5,0.155,0.235,0.085,-3.884999999999998,0.0,0.0,0.0,0.01
stage1g_single_agent_delivery_obstacles,7,1,191976,3138,1,300,240,1,2,166.9158477783203,3.0,3.0,3.0,0.1958041958041958,0.0,0,0,1,200,29,39,10,1.0,7,0.225,0.305,0.055,-4.655000000000001,0.0,0.0,0.0,0.015
stage1g_single_agent_delivery_obstacles,7,1,192148,3139,1,300,240,1,2,229.53860473632812,4.0,4.0,4.0,0.13986013986013987,0.0,0,0,0,172,1,39,38,1.0,8,0.19767441860465115,0.29069767441860467,0.09883720930232558,-4.094999999999999,0.0,0.0,0.0,0.023255813953488372
stage1g_single_agent_delivery_obstacles,7,1,192328,3140,1,300,240,1,2,219.70370483398438,4.0,4.0,4.0,0.055944055944055944,0.0,0,0,0,180,8,25,17,1.0,7,0.09444444444444444,0.3055555555555556,0.14444444444444443,-4.760000000000002,0.0,0.0,0.0,0.022222222222222223
stage1g_single_agent_delivery_obstacles,7,1,192528,3141,1,300,240,1,2,54.901432037353516,1.0,1.0,1.0,0.20279720279720279,0.0,0,0,3,200,2,33,31,1.0,2,0.05,0.075,0.01,-1.1200000000000006,0.0,0.0,0.0,0.005
stage1g_single_agent_delivery_obstacles,7,1,192728,3142,1,300,240,1,2,-24.006607055664062,1.0,1.0,0.0,0.16783216783216784,0.0,0,0,3,200,4,-1,-1,0.0,9,0.455,0.57,0.025,-8.155000000000014,0.0,0.0,0.0,0.0
stage1g_single_agent_delivery_obstacles,7,1,192928,3143,1,300,240,1,2,151.402587890625,4.0,4.0,3.0,0.13986013986013987,0.0,0,0,0,200,21,116,95,0.75,9,0.24,0.355,0.025,-5.145000000000001,0.0,0.0,0.0,0.015
stage1g_single_agent_delivery_obstacles,7,1,193128,3144,1,300,240,1,2,96.65846252441406,3.0,3.0,2.0,0.2867132867132867,0.0,0,0,1,200,18,27,9,0.6666666666666666,7,0.31,0.405,0.035,-5.9150000000000045,0.0,0.0,0.0,0.01
stage1g_single_agent_delivery_obstacles,7,1,193328,3145,1,300,240,1,2,110.87920379638672,2.0,2.0,2.0,0.16783216783216784,0.0,0,0,2,200,99,103,4,1.0,0,0.0,0.0,0.0,0.0,0.0,0.0,0.0,0.01
stage1g_single_agent_delivery_obstacles,7,1,193528,3146,1,300,240,1,2,96.80018615722656,3.0,3.0,2.0,0.13286713286713286,0.0,0,0,1,200,129,154,25,0.6666666666666666,4,0.115,0.165,0.025,-2.4850000000000003,0.0,0.0,0.0,0.01
stage1g_single_agent_delivery_obstacles,7,1,193626,3147,1,300,240,1,2,232.83824157714844,4.0,4.0,4.0,0.1258741258741259,0.0,0,0,0,98,3,22,19,1.0,4,0.3469387755102041,0.42857142857142855,0.0,-2.939999999999999,0.0,0.0,0.0,0.04081632653061224
stage1g_single_agent_delivery_obstacles,7,1,193826,3148,1,300,240,1,2,115.7482681274414,2.0,2.0,2.0,0.1958041958041958,0.0,0,0,2,200,3,21,18,1.0,2,0.075,0.105,0.0,-1.4700000000000009,0.0,0.0,0.0,0.01
stage1g_single_agent_delivery_obstacles,7,1,194026,3149,1,300,240,1,2,168.77210998535156,3.0,3.0,3.0,0.18181818181818182,0.0,0,0,1,200,26,74,48,1.0,6,0.145,0.235,0.01,-3.3599999999999985,0.0,0.0,0.0,0.015
stage1g_single_agent_delivery_obstacles,7,1,194226,3150,1,300,240,1,2,107.91783142089844,2.0,2.0,2.0,0.1958041958041958,0.0,0,0,2,200,67,87,20,1.0,4,0.225,0.26,0.045,-3.954999999999998,0.0,0.0,0.0,0.01
stage1g_single_agent_delivery_obstacles,7,1,194426,3151,1,300,240,1,2,89.60047149658203,3.0,3.0,2.0,0.0979020979020979,0.0,0,0,1,200,50,54,4,0.6666666666666666,8,0.135,0.3,0.08,-4.760000000000001,0.0,0.0,0.0,0.01
stage1g_single_agent_delivery_obstacles,7,1,194626,3152,1,300,240,1,2,-22.33763885498047,1.0,1.0,0.0,0.17482517482517482,0.0,0,0,3,200,20,-1,-1,0.0,9,0.41,0.51,0.0,-7.1400000000000095,0.0,0.0,0.0,0.0
stage1g_single_agent_delivery_obstacles,7,1,194724,3153,1,300,240,1,2,229.90646362304688,4.0,4.0,4.0,0.11888111888111888,0.0,0,0,0,98,3,22,19,1.0,7,0.2653061224489796,0.45918367346938777,0.10204081632653061,-3.499999999999999,0.0,0.0,0.0,0.04081632653061224
stage1g_single_agent_delivery_obstacles,7,1,194905,3154,1,300,240,1,2,229.1151885986328,4.0,4.0,4.0,0.16783216783216784,0.0,0,0,0,181,66,106,40,1.0,6,0.27071823204419887,0.3259668508287293,0.04419889502762431,-4.4099999999999975,0.0,0.0,0.0,0.022099447513812154
stage1g_single_agent_delivery_obstacles,7,1,195105,3155,1,300,240,1,2,51.89632034301758,1.0,1.0,1.0,0.11188811188811189,0.0,0,0,3,200,5,13,8,1.0,0,0.0,0.015,0.005,-0.24500000000000002,0.0,0.0,0.0,0.005
stage1g_single_agent_delivery_obstacles,7,1,195305,3156,1,300,240,1,2,109.89002227783203,2.0,2.0,2.0,0.13286713286713286,0.0,0,0,2,200,43,53,10,1.0,2,0.01,0.04,0.025,-0.7350000000000001,0.0,0.0,0.0,0.01
stage1g_single_agent_delivery_obstacles,7,1,195492,3157,1,300,240,1,2,226.3840789794922,4.0,4.0,4.0,0.1258741258741259,0.0,0,0,0,187,6,28,22,1.0,6,0.11764705882352941,0.18716577540106952,0.0962566844919786,-3.0799999999999996,0.0,0.0,0.0,0.0213903743315508
stage1g_single_agent_delivery_obstacles,7,1,195692,3158,1,300,240,1,2,55.89748764038086,1.0,1.0,1.0,0.1888111888111888,0.0,0,0,3,200,61,73,12,1.0,1,0.005,0.015,0.015,-0.31500000000000006,0.0,0.0,0.0,0.005
stage1g_single_agent_delivery_obstacles,7,1,195892,3159,1,300,240,1,2,-6.447000503540039,0.0,0.0,0.0,0.1048951048951049,0.0,0,0,4,200,-1,-1,-1,0.0,0,0.0,0.0,0.0,0.0,0.0,0.0,0.0,0.0
stage1g_single_agent_delivery_obstacles,7,1,196092,3160,1,300,240,1,2,111.5859146118164,2.0,2.0,2.0,0.13286713286713286,0.0,0,0,2,200,71,78,7,1.0,3,0.07,0.1,0.035,-1.6450000000000005,0.0,0.0,0.0,0.01
stage1g_single_agent_delivery_obstacles,7,1,196232,3161,1,300,240,1,2,229.09521484375,4.0,4.0,4.0,0.06293706293706294,0.0,0,0,0,140,12,27,15,1.0,5,0.1357142857142857,0.22142857142857142,0.11428571428571428,-2.7300000000000004,0.0,0.0,0.0,0.02857142857142857
stage1g_single_agent_delivery_obstacles,7,1,196432,3162,1,300,240,1,2,53.13262176513672,1.0,1.0,1.0,0.13986013986013987,0.0,0,0,3,200,142,155,13,1.0,1,0.025,0.035,0.025,-0.665,0.0,0.0,0.0,0.005
stage1g_single_agent_delivery_obstacles,7,1,196632,3163,1,300,240,1,2,114.44390869140625,2.0,2.0,2.0,0.20279720279720279,0.0,0,0,2,200,13,18,5,1.0,2,0.085,0.105,0.035,-1.7150000000000003,0.0,0.0,0.0,0.01
stage1g_single_agent_delivery_obstacles,7,1,196832,3164,1,300,240,1,2,169.63772583007812,3.0,3.0,3.0,0.1048951048951049,0.0,0,0,1,200,64,97,33,1.0,4,0.08,0.13,0.09,-2.4499999999999997,0.0,0.0,0.0,0.015
stage1g_single_agent_delivery_obstacles,7,1,196976,3165,1,300,240,1,2,223.52276611328125,4.0,4.0,4.0,0.027972027972027972,0.0,0,0,0,144,26,46,20,1.0,4,0.0763888888888889,0.22916666666666666,0.11805555555555555,-2.905,0.0,0.0,0.0,0.027777777777777776
stage1g_single_agent_delivery_obstacles,7,1,197176,3166,1,300,240,1,2,107.21141052246094,2.0,2.0,2.0,0.13986013986013987,0.0,0,0,2,200,42,100,58,1.0,6,0.165,0.24,0.085,-3.9549999999999987,0.0,0.0,0.0,0.01
stage1g_single_agent_delivery_obstacles,7,1,197339,3167,1,300,240,1,2,227.01715087890625,4.0,4.0,4.0,0.1048951048951049,0.0,0,0,0,163,4,6,2,1.0,5,0.24539877300613497,0.34355828220858897,0.1656441717791411,-4.865000000000002,0.0,0.0,0.0,0.024539877300613498
stage1g_single_agent_delivery_obstacles,7,1,197539,3168,1,300,240,1,2,95.78536987304688,3.0,3.0,2.0,0.22377622377622378,0.0,0,0,1,200,3,10,7,0.6666666666666666,5,0.24,0.29,0.075,-4.584999999999999,0.0,0.0,0.0,0.01
stage1g_single_agent_delivery_obstacles,7,1,197739,3169,1,300,240,1,2,96.78721618652344,3.0,3.0,2.0,0.13986013986013987,0.0,0,0,1,200,39,56,17,0.6666666666666666,9,0.11,0.2,0.07,-3.2899999999999987,0.0,0.0,0.0,0.01
stage1g_single_agent_delivery_obstacles,7,1,197939,3170,1,300,240,1,2,54.86201095581055,1.0,1.0,1.0,0.20279720279720279,0.0,0,0,3,200,53,75,22,1.0,2,0.04,0.06,0.03,-1.05,0.0,0.0,0.0,0.005
stage1g_single_agent_delivery_obstacles,7,1,198139,3171,1,300,240,1,2,109.94336700439453,2.0,2.0,2.0,0.11188811188811189,0.0,0,0,2,200,106,142,36,1.0,6,0.15,0.18,0.095,-3.1849999999999996,0.0,0.0,0.0,0.01
stage1g_single_agent_delivery_obstacles,7,1,198339,3172,1,300,240,1,2,152.65505981445312,4.0,4.0,3.0,0.11188811188811189,0.0,0,0,0,200,3,31,28,0.75,12,0.225,0.345,0.205,-6.265000000000008,0.0,0.0,0.0,0.015
stage1g_single_agent_delivery_obstacles,7,1,198539,3173,1,300,240,1,2,41.90742492675781,2.0,2.0,1.0,0.16783216783216784,0.0,0,0,2,200,141,187,46,0.5,3,0.115,0.155,0.07,-2.659999999999999,0.0,0.0,0.0,0.005
stage1g_single_agent_delivery_obstacles,7,1,198739,3174,1,300,240,1,2,55.395870208740234,1.0,1.0,1.0,0.20279720279720279,0.0,0,0,3,200,58,75,17,1.0,2,0.035,0.06,0.04,-1.12,0.0,0.0,0.0,0.005
stage1g_single_agent_delivery_obstacles,7,1,198939,3175,1,300,240,1,2,96.3487777709961,3.0,3.0,2.0,0.20279720279720279,0.0,0,0,1,200,3,4,1,0.6666666666666666,8,0.315,0.38,0.155,-6.405000000000008,0.0,0.0,0.0,0.01
stage1g_single_agent_delivery_obstacles,7,1,199139,3176,1,300,240,1,2,168.30120849609375,3.0,3.0,3.0,0.2097902097902098,0.0,0,0,1,200,2,45,43,1.0,7,0.27,0.325,0.13,-5.460000000000004,0.0,0.0,0.0,0.015
stage1g_single_agent_delivery_obstacles,7,1,199269,3177,1,300,240,1,2,230.27981567382812,4.0,4.0,4.0,0.055944055944055944,0.0,0,0,0,130,6,9,3,1.0,5,0.14615384615384616,0.2230769230769231,0.13846153846153847,-2.66,0.0,0.0,0.0,0.03076923076923077
stage1g_single_agent_delivery_obstacles,7,1,199469,3178,1,300,240,1,2,100.8898696899414,3.0,3.0,2.0,0.13286713286713286,0.0,0,0,1,200,97,99,2,0.6666666666666666,2,0.055,0.06,0.045,-1.155,0.0,0.0,0.0,0.01
stage1g_single_agent_delivery_obstacles,7,1,199669,3179,1,300,240,1,2,38.36505126953125,2.0,2.0,1.0,0.11888111888111888,0.0,0,0,2,200,128,149,21,0.5,3,0.055,0.085,0.01,-1.2600000000000007,0.0,0.0,0.0,0.005
stage1g_single_agent_delivery_obstacles,7,1,199869,3180,1,300,240,1,2,100.20001983642578,3.0,3.0,2.0,0.14685314685314685,0.0,0,0,1,200,55,86,31,0.6666666666666666,5,0.125,0.17,0.085,-2.975,0.0,0.0,0.0,0.01
stage1g_single_agent_delivery_obstacles,7,1,200069,3181,1,300,240,1,2,111.2585678100586,2.0,2.0,2.0,0.1258741258741259,0.0,0,0,2,200,45,66,21,1.0,3,0.105,0.145,0.06,-2.4499999999999997,0.0,0.0,0.0,0.01
stage1g_single_agent_delivery_obstacles,7,1,200269,3182,1,300,240,1,2,51.75449752807617,1.0,1.0,1.0,0.21678321678321677,0.0,0,0,3,200,25,96,71,1.0,4,0.14,0.195,0.035,-2.9750000000000005,0.0,0.0,0.0,0.005
stage1g_single_agent_delivery_obstacles,7,1,200413,3183,1,300,240,1,2,230.05104064941406,4.0,4.0,4.0,0.16083916083916083,0.0,0,0,0,144,3,24,21,1.0,4,0.2013888888888889,0.2777777777777778,0.020833333333333332,-2.904999999999999,0.0,0.0,0.0,0.027777777777777776
stage1g_single_agent_delivery_obstacles,7,1,200613,3184,1,300,240,1,2,155.8323211669922,4.0,4.0,3.0,0.13286713286713286,0.0,0,0,0,200,47,78,31,0.75,5,0.155,0.225,0.085,-3.7449999999999988,0.0,0.0,0.0,0.015
stage1g_single_agent_delivery_obstacles,7,1,200813,3185,1,300,240,1,2,111.96566009521484,2.0,2.0,2.0,0.1888111888111888,0.0,0,0,2,200,75,100,25,1.0,2,0.085,0.105,0.02,-1.6100000000000005,0.0,0.0,0.0,0.01
stage1g_single_agent_delivery_obstacles,7,1,201013,3186,1,300,240,1,2,-21.689355850219727,1.0,1.0,0.0,0.20279720279720279,0.0,0,0,3,200,88,-1,-1,0.0,1,0.545,0.555,0.0,-7.770000000000012,0.0,0.0,0.0,0.0
stage1g_single_agent_delivery_obstacles,7,1,201213,3187,1,300,240,1,2,113.59864044189453,2.0,2.0,2.0,0.1258741258741259,0.0,0,0,2,200,63,79,16,1.0,2,0.015,0.055,0.01,-0.8400000000000003,0.0,0.0,0.0,0.01
stage1g_single_agent_delivery_obstacles,7,1,201338,3188,1,300,240,1,2,228.49819946289062,4.0,4.0,4.0,0.11888111888111888,0.0,0,0,0,125,13,19,6,1.0,6,0.208,0.32,0.056,-3.0449999999999995,0.0,0.0,0.0,0.032
stage1g_single_agent_delivery_obstacles,7,1,201538,3189,1,300,240,1,2,39.732547760009766,1.0,1.0,1.0,0.1888111888111888,0.0,0,0,3,200,14,184,170,1.0,18,0.29,0.495,0.18,-8.190000000000015,0.0,0.0,0.0,0.005
stage1g_single_agent_delivery_obstacles,7,1,201738,3190,1,300,240,1,2,32.00732421875,2.0,2.0,1.0,0.13286713286713286,0.0,0,0,2,200,24,37,13,0.5,8,0.22,0.31,0.09,-4.970000000000002,0.0,0.0,0.0,0.005
stage1g_single_agent_delivery_obstacles,7,1,201938,3191,1,300,240,1,2,36.82462692260742,2.0,2.0,1.0,0.2097902097902098,0.0,0,0,2,200,27,32,5,0.5,6,0.25,0.305,0.01,-4.339999999999998,0.0,0.0,0.0,0.005
stage1g_single_agent_delivery_obstacles,7,1,202085,3192,1,300,240,1,2,231.53868103027344,4.0,4.0,4.0,0.1258741258741259,0.0,0,0,0,147,2,12,10,1.0,3,0.08163265306122448,0.1292517006802721,0.006802721088435374,-1.3650000000000007,0.0,0.0,0.0,0.027210884353741496
stage1g_single_agent_delivery_obstacles,7,1,202285,3193,1,300,240,1,2,98.45408630371094,2.0,2.0,2.0,0.11888111888111888,0.0,0,0,2,200,24,53,29,1.0,5,0.325,0.385,0.085,-5.985000000000006,0.0,0.0,0.0,0.01
stage1g_single_agent_delivery_obstacles,7,1,202485,3194,1,300,240,1,2,24.733715057373047,2.0,2.0,1.0,0.16083916083916083,0.0,0,0,2,200,3,8,5,0.5,12,0.27,0.45,0.145,-7.315000000000011,0.0,0.0,0.0,0.005
stage1g_single_agent_delivery_obstacles,7,1,202685,3195,1,300,240,1,2,96.27693939208984,3.0,3.0,2.0,0.16783216783216784,0.0,0,0,1,200,7,12,5,0.6666666666666666,7,0.475,0.55,0.01,-7.770000000000012,0.0,0.0,0.0,0.01
stage1g_single_agent_delivery_obstacles,7,1,202885,3196,1,300,240,1,2,105.29161071777344,2.0,2.0,2.0,0.2097902097902098,0.0,0,0,2,200,14,40,26,1.0,7,0.14,0.265,0.035,-3.9549999999999974,0.0,0.0,0.0,0.01
stage1g_single_agent_delivery_obstacles,7,1,203085,3197,1,300,240,1,2,152.72909545898438,4.0,4.0,3.0,0.17482517482517482,0.0,0,0,0,200,2,30,28,0.75,7,0.35,0.455,0.02,-6.510000000000007,0.0,0.0,0.0,0.015
stage1g_single_agent_delivery_obstacles,7,1,203232,3198,1,300,240,1,2,231.95046997070312,4.0,4.0,4.0,0.14685314685314685,0.0,0,0,0,147,51,71,20,1.0,5,0.23129251700680273,0.29931972789115646,0.0,-3.0799999999999987,0.0,0.0,0.0,0.027210884353741496
stage1g_single_agent_delivery_obstacles,7,1,203432,3199,1,300,240,1,2,107.28679656982422,2.0,2.0,2.0,0.21678321678321677,0.0,0,0,2,200,3,22,19,1.0,1,0.065,0.075,0.055,-1.4349999999999998,0.0,0.0,0.0,0.01
stage1g_single_agent_delivery_obstacles,7,1,203546,3200,1,300,240,1,2,230.67730712890625,4.0,4.0,4.0,0.11188811188811189,0.0,0,0,0,114,25,38,13,1.0,4,0.21929824561403508,0.2894736842105263,0.0,-2.3100000000000005,0.0,0.0,0.0,0.03508771929824561
stage1g_single_agent_delivery_obstacles,7,1,203746,3201,1,300,240,1,2,173.99464416503906,3.0,3.0,3.0,0.1958041958041958,0.0,0,0,1,200,44,46,2,1.0,1,0.065,0.075,0.0,-1.0500000000000005,0.0,0.0,0.0,0.015
stage1g_single_agent_delivery_obstacles,7,1,203946,3202,1,300,240,1,2,171.22088623046875,3.0,3.0,3.0,0.13286713286713286,0.0,0,0,1,200,13,15,2,1.0,5,0.04,0.095,0.015,-1.4350000000000005,0.0,0.0,0.0,0.015
stage1g_single_agent_delivery_obstacles,7,1,204146,3203,1,300,240,1,2,41.390018463134766,2.0,2.0,1.0,0.1888111888111888,0.0,0,0,2,200,67,83,16,0.5,0,0.0,0.04,0.005,-0.595,0.0,0.0,0.0,0.005
stage1g_single_agent_delivery_obstacles,7,1,204344,3204,1,300,240,1,2,227.79733276367188,4.0,4.0,4.0,0.26573426573426573,0.0,0,0,0,198,23,43,20,1.0,8,0.20202020202020202,0.31313131313131315,0.020202020202020204,-4.479999999999999,0.0,0.0,0.0,0.020202020202020204
stage1g_single_agent_delivery_obstacles,7,1,204544,3205,1,300,240,1,2,55.512699127197266,1.0,1.0,1.0,0.13986013986013987,0.0,0,0,3,200,8,12,4,1.0,0,0.0,0.0,0.0,0.0,0.0,0.0,0.0,0.005
stage1g_single_agent_delivery_obstacles,7,1,204744,3206,1,300,240,1,2,98.89228820800781,3.0,3.0,2.0,0.17482517482517482,0.0,0,0,1,200,14,32,18,0.6666666666666666,4,0.09,0.135,0.04,-2.170000000000001,0.0,0.0,0.0,0.01
stage1g_single_agent_delivery_obstacles,7,1,204944,3207,1,300,240,1,2,83.84866333007812,3.0,3.0,2.0,0.07692307692307693,0.0,0,0,1,200,9,34,25,0.6666666666666666,9,0.335,0.51,0.15,-8.190000000000014,0.0,0.0,0.0,0.01
stage1g_single_agent_delivery_obstacles,7,1,205144,3208,1,300,240,1,2,-3.303098678588867,0.0,0.0,0.0,0.15384615384615385,0.0,0,0,4,200,-1,-1,-1,0.0,0,0.0,0.0,0.0,0.0,0.0,0.0,0.0,0.0
stage1g_single_agent_delivery_obstacles,7,1,205344,3209,1,300,240,1,2,108.4531021118164,2.0,2.0,2.0,0.1888111888111888,0.0,0,0,2,200,6,74,68,1.0,8,0.155,0.245,0.075,-3.9549999999999987,0.0,0.0,0.0,0.01
stage1g_single_agent_delivery_obstacles,7,1,205518,3210,1,300,240,1,2,227.5044403076172,4.0,4.0,4.0,0.0979020979020979,0.0,0,0,0,174,4,26,22,1.0,3,0.022988505747126436,0.08045977011494253,0.017241379310344827,-1.0850000000000004,0.0,0.0,0.0,0.022988505747126436
stage1g_single_agent_delivery_obstacles,7,1,205689,3211,1,300,240,1,2,227.46377563476562,4.0,4.0,4.0,0.2097902097902098,0.0,0,0,0,171,6,37,31,1.0,8,0.2631578947368421,0.38011695906432746,0.023391812865497075,-4.689999999999999,0.0,0.0,0.0,0.023391812865497075
stage1g_single_agent_delivery_obstacles,7,1,205856,3212,1,300,240,1,2,230.11224365234375,4.0,4.0,4.0,0.13286713286713286,0.0,0,0,0,167,2,9,7,1.0,0,0.0,0.023952095808383235,0.005988023952095809,-0.31500000000000006,0.0,0.0,0.0,0.023952095808383235
stage1g_single_agent_delivery_obstacles,7,1,206056,3213,1,300,240,1,2,37.486026763916016,2.0,2.0,1.0,0.2097902097902098,0.0,0,0,2,200,34,63,29,0.5,5,0.32,0.39,0.045,-5.775000000000005,0.0,0.0,0.0,0.005
stage1g_single_agent_delivery_obstacles,7,1,206256,3214,1,300,240,1,2,113.04173278808594,2.0,2.0,2.0,0.16783216783216784,0.0,0,0,2,200,2,4,2,1.0,1,0.025,0.035,0.005,-0.525,0.0,0.0,0.0,0.01
stage1g_single_agent_delivery_obstacles,7,1,206456,3215,1,300,240,1,2,46.889835357666016,1.0,1.0,1.0,0.20279720279720279,0.0,0,0,3,200,3,42,39,1.0,3,0.045,0.1,0.015,-1.5050000000000008,0.0,0.0,0.0,0.005
stage1g_single_agent_delivery_obstacles,7,1,206656,3216,1,300,240,1,2,143.60568237304688,4.0,4.0,3.0,0.13986013986013987,0.0,0,0,0,200,23,42,19,0.75,11,0.28,0.475,0.135,-7.595000000000012,0.0,0.0,0.0,0.015
stage1g_single_agent_delivery_obstacles,7,1,206754,3217,1,300,240,1,2,231.16908264160156,4.0,4.0,4.0,0.13286713286713286,0.0,0,0,0,98,3,17,14,1.0,1,0.04081632653061224,0.08163265306122448,0.0,-0.56,0.0,0.0,0.0,0.04081632653061224
stage1g_single_agent_delivery_obstacles,7,1,206954,3218,1,300,240,1,2,-34.82875442504883,1.0,1.0,0.0,0.1048951048951049,0.0,0,0,3,200,8,-1,-1,0.0,15,0.275,0.535,0.08,-8.050000000000013,0.0,0.0,0.0,0.0
stage1g_single_agent_delivery_obstacles,7,1,207154,3219,1,300,240,1,2,32.52965545654297,2.0,2.0,1.0,0.1958041958041958,0.0,0,0,2,200,24,47,23,0.5,5,0.25,0.32,0.03,-4.69,0.0,0.0,0.0,0.005
stage1g_single_agent_delivery_obstacles,7,1,207354,3220,1,300,240,1,2,151.34620666503906,4.0,4.0,3.0,0.1888111888111888,0.0,0,0,0,200,17,40,23,0.75,7,0.385,0.505,0.015,-7.17500000000001,0.0,0.0,0.0,0.015
stage1g_single_agent_delivery_obstacles,7,1,207536,3221,1,300,240,1,2,220.63255310058594,4.0,4.0,4.0,0.0979020979020979,0.0,0,0,0,182,3,29,26,1.0,7,0.11538461538461539,0.2692307692307692,0.06043956043956044,-3.8149999999999973,0.0,0.0,0.0,0.02197802197802198
stage1g_single_agent_delivery_obstacles,7,1,207736,3222,1,300,240,1,2,-16.233901977539062,1.0,1.0,0.0,0.16083916083916083,0.0,0,0,3,200,188,-1,-1,0.0,1,0.045,0.055,0.025,-0.9450000000000001,0.0,0.0,0.0,0.0
stage1g_single_agent_delivery_obstacles,7,1,207936,3223,1,300,240,1,2,148.05349731445312,4.0,4.0,3.0,0.0979020979020979,0.0,0,0,0,200,9,32,23,0.75,8,0.28,0.405,0.095,-6.335000000000007,0.0,0.0,0.0,0.015
stage1g_single_agent_delivery_obstacles,7,1,208136,3224,1,300,240,1,2,49.599853515625,1.0,1.0,1.0,0.11188811188811189,0.0,0,0,3,200,23,83,60,1.0,7,0.105,0.185,0.1,-3.289999999999999,0.0,0.0,0.0,0.005
stage1g_single_agent_delivery_obstacles,7,1,208336,3225,1,300,240,1,2,-23.39634132385254,1.0,1.0,0.0,0.11188811188811189,0.0,0,0,3,200,13,-1,-1,0.0,8,0.615,0.695,0.0,-9.73000000000002,0.0,0.0,0.0,0.0
stage1g_single_agent_delivery_obstacles,7,1,208536,3226,1,300,240,1,2,-26.044029235839844,1.0,1.0,0.0,0.23776223776223776,0.0,0,0,3,200,11,-1,-1,0.0,8,0.46,0.57,0.04,-8.260000000000014,0.0,0.0,0.0,0.0
stage1g_single_agent_delivery_obstacles,7,1,208736,3227,1,300,240,1,2,171.59742736816406,3.0,3.0,3.0,0.13286713286713286,0.0,0,0,1,200,58,73,15,1.0,2,0.02,0.065,0.01,-0.9800000000000002,0.0,0.0,0.0,0.015
stage1g_single_agent_delivery_obstacles,7,1,208936,3228,1,300,240,1,2,17.507951736450195,2.0,2.0,1.0,0.08391608391608392,0.0,0,0,2,200,4,117,113,0.5,11,0.235,0.53,0.175,-8.645000000000017,0.0,0.0,0.0,0.005
stage1g_single_agent_delivery_obstacles,7,1,209136,3229,1,300,240,1,2,108.02779388427734,2.0,2.0,2.0,0.23076923076923078,0.0,0,0,2,200,40,127,87,1.0,8,0.23,0.345,0.105,-5.565000000000005,0.0,0.0,0.0,0.01
stage1g_single_agent_delivery_obstacles,7,1,209336,3230,1,300,240,1,2,114.85604095458984,2.0,2.0,2.0,0.16783216783216784,0.0,0,0,2,200,1,5,4,1.0,1,0.05,0.06,0.015,-0.9450000000000003,0.0,0.0,0.0,0.01
stage1g_single_agent_delivery_obstacles,7,1,209536,3231,1,300,240,1,2,-34.40941619873047,1.0,1.0,0.0,0.09090909090909091,0.0,0,0,3,200,27,-1,-1,0.0,21,0.315,0.55,0.225,-9.275000000000018,0.0,0.0,0.0,0.0
stage1g_single_agent_delivery_obstacles,7,1,209613,3232,1,300,240,1,2,230.10362243652344,4.0,4.0,4.0,0.04195804195804196,0.0,0,0,0,77,2,5,3,1.0,6,0.19480519480519481,0.38961038961038963,0.24675324675324675,-2.765,0.0,0.0,0.0,0.05194805194805195
stage1g_single_agent_delivery_obstacles,7,1,209813,3233,1,300,240,1,2,169.68515014648438,3.0,3.0,3.0,0.13986013986013987,0.0,0,0,1,200,29,69,40,1.0,6,0.145,0.205,0.085,-3.464999999999997,0.0,0.0,0.0,0.015
stage1g_single_agent_delivery_obstacles,7,1,210013,3234,1,300,240,1,2,97.76565551757812,3.0,3.0,2.0,0.18181818181818182,0.0,0,0,1,200,3,9,6,0.6666666666666666,2,0.095,0.115,0.025,-1.7850000000000008,0.0,0.0,0.0,0.01
stage1g_single_agent_delivery_obstacles,7,1,210213,3235,1,300,240,1,2,95.39453125,3.0,3.0,2.0,0.11888111888111888,0.0,0,0,1,200,47,59,12,0.6666666666666666,3,0.04,0.14,0.055,-2.3450000000000006,0.0,0.0,0.0,0.01
stage1g_single_agent_delivery_obstacles,7,1,210413,3236,1,300,240,1,2,170.70652770996094,3.0,3.0,3.0,0.1958041958041958,0.0,0,0,1,200,32,76,44,1.0,6,0.15,0.225,0.005,-3.1849999999999987,0.0,0.0,0.0,0.015
stage1g_single_agent_delivery_obstacles,7,1,210613,3237,1,300,240,1,2,170.72132873535156,3.0,3.0,3.0,0.13286713286713286,0.0,0,0,1,200,61,84,23,1.0,4,0.08,0.15,0.035,-2.345,0.0,0.0,0.0,0.015
stage1g_single_agent_delivery_obstacles,7,1,210813,3238,1,300,240,1,2,100.19438171386719,3.0,3.0,2.0,0.14685314685314685,0.0,0,0,1,200,2,25,23,0.6666666666666666,3,0.12,0.15,0.07,-2.59,0.0,0.0,0.0,0.01
stage1g_single_agent_delivery_obstacles,7,1,210983,3239,1,300,240,1,2,228.76612854003906,4.0,4.0,4.0,0.1258741258741259,0.0,0,0,0,170,2,20,18,1.0,10,0.27647058823529413,0.38235294117647056,0.13529411764705881,-5.355000000000003,0.0,0.0,0.0,0.023529411764705882
stage1g_single_agent_delivery_obstacles,7,1,211118,3240,1,300,240,1,2,230.0332794189453,4.0,4.0,4.0,0.07692307692307693,0.0,0,0,0,135,20,32,12,1.0,5,0.17037037037037037,0.2518518518518518,0.16296296296296298,-3.149999999999999,0.0,0.0,0.0,0.02962962962962963
stage1g_single_agent_delivery_obstacles,7,1,211318,3241,1,300,240,1,2,166.8961181640625,3.0,3.0,3.0,0.11188811188811189,0.0,0,0,1,200,3,50,47,1.0,6,0.18,0.255,0.09,-4.199999999999999,0.0,0.0,0.0,0.015
stage1g_single_agent_delivery_obstacles,7,1,211504,3242,1,300,240,1,2,217.10617065429688,4.0,4.0,4.0,0.055944055944055944,0.0,0,0,0,186,2,27,25,1.0,6,0.08064516129032258,0.1827956989247312,0.0967741935483871,-3.01,0.0,0.0,0.0,0.021505376344086023
stage1g_single_agent_delivery_obstacles,7,1,211704,3243,1,300,240,1,2,95.38742065429688,3.0,3.0,2.0,0.0979020979020979,0.0,0,0,1,200,71,101,30,0.6666666666666666,7,0.18,0.235,0.09,-3.9199999999999986,0.0,0.0,0.0,0.01
stage1g_single_agent_delivery_obstacles,7,1,211904,3244,1,300,240,1,2,106.77196502685547,2.0,2.0,2.0,0.1048951048951049,0.0,0,0,2,200,105,128,23,1.0,5,0.115,0.15,0.065,-2.555,0.0,0.0,0.0,0.01
stage1g_single_agent_delivery_obstacles,7,1,212104,3245,1,300,240,1,2,151.30767822265625,4.0,4.0,3.0,0.11888111888111888,0.0,0,0,0,200,2,12,10,0.75,4,0.095,0.135,0.085,-2.4849999999999994,0.0,0.0,0.0,0.015
stage1g_single_agent_delivery_obstacles,7,1,212304,3246,1,300,240,1,2,48.68391799926758,1.0,1.0,1.0,0.1258741258741259,0.0,0,0,3,200,2,7,5,1.0,1,0.01,0.015,0.01,-0.28,0.0,0.0,0.0,0.005
stage1g_single_agent_delivery_obstacles,7,1,212504,3247,1,300,240,1,2,53.48462677001953,1.0,1.0,1.0,0.18181818181818182,0.0,0,0,3,200,7,33,26,1.0,3,0.055,0.075,0.045,-1.365,0.0,0.0,0.0,0.005
stage1g_single_agent_delivery_obstacles,7,1,212680,3248,1,300,240,1,2,228.43820190429688,4.0,4.0,4.0,0.15384615384615385,0.0,0,0,0,176,12,84,72,1.0,6,0.38636363636363635,0.42045454545454547,0.1875,-6.335000000000008,0.0,0.0,0.0,0.022727272727272728
stage1g_single_agent_delivery_obstacles,7,1,212880,3249,1,300,240,1,2,156.7690887451172,4.0,4.0,3.0,0.1258741258741259,0.0,0,0,0,200,2,23,21,0.75,8,0.175,0.235,0.09,-3.919999999999999,0.0,0.0,0.0,0.015
stage1g_single_agent_delivery_obstacles,7,1,213080,3250,1,300,240,1,2,113.81468200683594,2.0,2.0,2.0,0.11188811188811189,0.0,0,0,2,200,106,123,17,1.0,6,0.06,0.125,0.075,-2.275,0.0,0.0,0.0,0.01
stage1g_single_agent_delivery_obstacles,7,1,213280,3251,1,300,240,1,2,157.9959259033203,4.0,4.0,3.0,0.18181818181818182,0.0,0,0,0,200,3,46,43,0.75,10,0.215,0.3,0.095,-4.865000000000002,0.0,0.0,0.0,0.015
stage1g_single_agent_delivery_obstacles,7,1,213441,3252,1,300,240,1,2,227.9822235107422,4.0,4.0,4.0,0.07692307692307693,0.0,0,0,0,161,2,5,3,1.0,6,0.21739130434782608,0.3105590062111801,0.12422360248447205,-4.199999999999999,0.0,0.0,0.0,0.024844720496894408
stage1g_single_agent_delivery_obstacles,7,1,213641,3253,1,300,240,1,2,95.07937622070312,3.0,3.0,2.0,0.1048951048951049,0.0,0,0,1,200,97,127,30,0.6666666666666666,5,0.185,0.24,0.085,-3.9549999999999983,0.0,0.0,0.0,0.01
stage1g_single_agent_delivery_obstacles,7,1,213841,3254,1,300,240,1,2,103.6327133178711,2.0,2.0,2.0,0.11188811188811189,0.0,0,0,2,200,18,104,86,1.0,13,0.2,0.37,0.12,-6.020000000000007,0.0,0.0,0.0,0.01
stage1g_single_agent_delivery_obstacles,7,1,214041,3255,1,300,240,1,2,159.18109130859375,4.0,4.0,3.0,0.17482517482517482,0.0,0,0,0,200,2,23,21,0.75,6,0.19,0.23,0.12,-4.059999999999999,0.0,0.0,0.0,0.015
stage1g_single_agent_delivery_obstacles,7,1,214241,3256,1,300,240,1,2,41.38549041748047,2.0,2.0,1.0,0.15384615384615385,0.0,0,0,2,200,42,68,26,0.5,3,0.08,0.1,0.03,-1.6100000000000003,0.0,0.0,0.0,0.005
stage1g_single_agent_delivery_obstacles,7,1,214394,3257,1,300,240,1,2,226.04611206054688,4.0,4.0,4.0,0.11888111888111888,0.0,0,0,0,153,40,76,36,1.0,9,0.19607843137254902,0.35294117647058826,0.16339869281045752,-4.655000000000001,0.0,0.0,0.0,0.026143790849673203
stage1g_single_agent_delivery_obstacles,7,1,214594,3258,1,300,240,1,2,46.288818359375,1.0,1.0,1.0,0.11188811188811189,0.0,0,0,3,200,22,32,10,1.0,0,0.0,0.025,0.005,-0.38500000000000006,0.0,0.0,0.0,0.005
stage1g_single_agent_delivery_obstacles,7,1,214794,3259,1,300,240,1,2,152.9794921875,4.0,4.0,3.0,0.18181818181818182,0.0,0,0,0,200,3,7,4,0.75,7,0.275,0.37,0.11,-5.9500000000000055,0.0,0.0,0.0,0.015
stage1g_single_agent_delivery_obstacles,7,1,214994,3260,1,300,240,1,2,151.94180297851562,4.0,4.0,3.0,0.20279720279720279,0.0,0,0,0,200,16,26,10,0.75,10,0.33,0.455,0.185,-7.665000000000013,0.0,0.0,0.0,0.015
stage1g_single_agent_delivery_obstacles,7,1,215130,3261,1,300,240,1,2,231.56764221191406,4.0,4.0,4.0,0.06993006993006994,0.0,0,0,0,136,31,48,17,1.0,4,0.2647058823529412,0.29411764705882354,0.11029411764705882,-3.3249999999999997,0.0,0.0,0.0,0.029411764705882353
stage1g_single_agent_delivery_obstacles,7,1,215261,3262,1,300,240,1,2,227.50161743164062,4.0,4.0,4.0,0.07692307692307693,0.0,0,0,0,131,2,24,22,1.0,6,0.2748091603053435,0.3893129770992366,0.16030534351145037,-4.305000000000001,0.0,0.0,0.0,0.030534351145038167
stage1g_single_agent_delivery_obstacles,7,1,215461,3263,1,300,240,1,2,167.76077270507812,3.0,3.0,3.0,0.11888111888111888,0.0,0,0,1,200,46,60,14,1.0,5,0.205,0.245,0.07,-3.919999999999998,0.0,0.0,0.0,0.015
stage1g_single_agent_delivery_obstacles,7,1,215615,3264,1,300,240,1,2,232.25723266601562,4.0,4.0,4.0,0.1258741258741259,0.0,0,0,0,154,2,5,3,1.0,6,0.14285714285714285,0.22077922077922077,0.07142857142857142,-2.7650000000000006,0.0,0.0,0.0,0.025974025974025976
stage1g_single_agent_delivery_obstacles,7,1,215815,3265,1,300,240,1,2,173.35841369628906,3.0,3.0,3.0,0.07692307692307693,0.0,0,0,1,200,38,41,3,1.0,1,0.02,0.03,0.01,-0.49000000000000005,0.0,0.0,0.0,0.015
stage1g_single_agent_delivery_obstacles,7,1,215914,3266,1,300,240,1,2,233.14508056640625,4.0,4.0,4.0,0.08391608391608392,0.0,0,0,0,99,2,4,2,1.0,3,0.030303030303030304,0.1111111111111111,0.030303030303030304,-0.8750000000000002,0.0,0.0,0.0,0.04040404040404041
stage1g_single_agent_delivery_obstacles,7,1,216066,3267,1,300,240,1,2,231.19287109375,4.0,4.0,4.0,0.13986013986013987,0.0,0,0,0,152,2,24,22,1.0,7,0.19736842105263158,0.2631578947368421,0.1118421052631579,-3.394999999999999,0.0,0.0,0.0,0.02631578947368421
stage1g_single_agent_delivery_obstacles,7,1,216266,3268,1,300,240,1,2,110.42533874511719,2.0,2.0,2.0,0.06293706293706294,0.0,0,0,2,200,2,26,24,1.0,5,0.065,0.12,0.045,-1.9950000000000006,0.0,0.0,0.0,0.01
stage1g_single_agent_delivery_obstacles,7,1,216466,3269,1,300,240,1,2,158.89794921875,4.0,4.0,3.0,0.11188811188811189,0.0,0,0,0,200,42,65,23,0.75,7,0.15,0.225,0.115,-3.954999999999998,0.0,0.0,0.0,0.015
stage1g_single_agent_delivery_obstacles,7,1,216599,3270,1,300,240,1,2,230.90695190429688,4.0,4.0,4.0,0.09090909090909091,0.0,0,0,0,133,2,11,9,1.0,7,0.17293233082706766,0.2631578947368421,0.09022556390977443,-2.870000000000001,0.0,0.0,0.0,0.03007518796992481
stage1g_single_agent_delivery_obstacles,7,1,216788,3271,1,300,240,1,2,231.97103881835938,4.0,4.0,4.0,0.1048951048951049,0.0,0,0,0,189,14,46,32,1.0,6,0.13227513227513227,0.18518518518518517,0.07407407407407407,-2.9399999999999995,0.0,0.0,0.0,0.021164021164021163
stage1g_single_agent_delivery_obstacles,7,1,216988,3272,1,300,240,1,2,173.54132080078125,3.0,3.0,3.0,0.0979020979020979,0.0,0,0,1,200,66,81,15,1.0,3,0.095,0.125,0.035,-1.9950000000000008,0.0,0.0,0.0,0.015
stage1g_single_agent_delivery_obstacles,7,1,217153,3273,1,300,240,1,2,230.18795776367188,4.0,4.0,4.0,0.07692307692307693,0.0,0,0,0,165,17,37,20,1.0,7,0.26666666666666666,0.3333333333333333,0.22424242424242424,-5.145000000000004,0.0,0.0,0.0,0.024242424242424242
stage1g_single_agent_delivery_obstacles,7,1,217353,3274,1,300,240,1,2,155.00245666503906,4.0,4.0,3.0,0.09090909090909091,0.0,0,0,0,200,2,120,118,0.75,11,0.325,0.445,0.195,-7.595000000000012,0.0,0.0,0.0,0.015
stage1g_single_agent_delivery_obstacles,7,1,217487,3275,1,300,240,1,2,229.03787231445312,4.0,4.0,4.0,0.06993006993006994,0.0,0,0,0,134,2,15,13,1.0,1,0.09701492537313433,0.20149253731343283,0.08955223880597014,-2.31,0.0,0.0,0.0,0.029850746268656716
stage1g_single_agent_delivery_obstacles,7,1,217687,3276,1,300,240,1,2,154.02023315429688,4.0,4.0,3.0,0.09090909090909091,0.0,0,0,0,200,8,61,53,0.75,11,0.44,0.505,0.31,-9.240000000000018,0.0,0.0,0.0,0.015
stage1g_single_agent_delivery_obstacles,7,1,217887,3277,1,300,240,1,2,148.1073760986328,4.0,4.0,3.0,0.0979020979020979,0.0,0,0,0,200,1,18,17,0.75,13,0.475,0.585,0.395,-10.955000000000027,0.0,0.0,0.0,0.015
stage1g_single_agent_delivery_obstacles,7,1,218009,3278,1,300,240,1,2,234.63885498046875,4.0,4.0,4.0,0.11188811188811189,0.0,0,0,0,122,9,12,3,1.0,2,0.10655737704918032,0.13934426229508196,0.02459016393442623,-1.2950000000000004,0.0,0.0,0.0,0.03278688524590164
stage1g_single_agent_delivery_obstacles,7,1,218126,3279,1,300,240,1,2,232.54376220703125,4.0,4.0,4.0,0.0979020979020979,0.0,0,0,0,117,11,35,24,1.0,4,0.1111111111111111,0.20512820512820512,0.06837606837606838,-1.9600000000000006,0.0,0.0,0.0,0.03418803418803419
stage1g_single_agent_delivery_obstacles,7,1,218326,3280,1,300,240,1,2,160.28909301757812,4.0,4.0,3.0,0.1258741258741259,0.0,0,0,0,200,14,20,6,0.75,6,0.12,0.175,0.075,-2.9749999999999996,0.0,0.0,0.0,0.015
stage1g_single_agent_delivery_obstacles,7,1,218526,3281,1,300,240,1,2,151.6986846923828,4.0,4.0,3.0,0.08391608391608392,0.0,0,0,0,200,11,40,29,0.75,12,0.385,0.49,0.26,-8.680000000000017,0.0,0.0,0.0,0.015
stage1g_single_agent_delivery_obstacles,7,1,218646,3282,1,300,240,1,2,231.13534545898438,4.0,4.0,4.0,0.06993006993006994,0.0,0,0,0,120,7,28,21,1.0,6,0.225,0.30833333333333335,0.11666666666666667,-3.0799999999999996,0.0,0.0,0.0,0.03333333333333333
stage1g_single_agent_delivery_obstacles,7,1,218777,3283,1,300,240,1,2,223.98724365234375,4.0,4.0,4.0,0.04895104895104895,0.0,0,0,0,131,3,31,28,1.0,9,0.1984732824427481,0.4122137404580153,0.21374045801526717,-4.7600000000000025,0.0,0.0,0.0,0.030534351145038167
stage1g_single_agent_delivery_obstacles,7,1,218977,3284,1,300,240,1,2,146.839599609375,4.0,4.0,3.0,0.06993006993006994,0.0,0,0,0,200,2,27,25,0.75,13,0.42,0.565,0.23,-9.520000000000021,0.0,0.0,0.0,0.015
stage1g_single_agent_delivery_obstacles,7,1,219177,3285,1,300,240,1,2,150.5543975830078,4.0,4.0,3.0,0.06993006993006994,0.0,0,0,0,200,2,65,63,0.75,13,0.395,0.515,0.225,-8.785000000000016,0.0,0.0,0.0,0.015
stage1g_single_agent_delivery_obstacles,7,1,219371,3286,1,300,240,1,2,227.25039672851562,4.0,4.0,4.0,0.15384615384615385,0.0,0,0,0,194,37,52,15,1.0,8,0.28350515463917525,0.4020618556701031,0.07731958762886598,-5.985000000000004,0.0,0.0,0.0,0.020618556701030927
stage1g_single_agent_delivery_obstacles,7,1,219464,3287,1,300,240,1,2,233.0838623046875,4.0,4.0,4.0,0.06993006993006994,0.0,0,0,0,93,2,12,10,1.0,5,0.20430107526881722,0.2903225806451613,0.13978494623655913,-2.345,0.0,0.0,0.0,0.043010752688172046
stage1g_single_agent_delivery_obstacles,7,1,219635,3288,1,300,240,1,2,232.65090942382812,4.0,4.0,4.0,0.07692307692307693,0.0,0,0,0,171,27,31,4,1.0,3,0.023391812865497075,0.08187134502923976,0.017543859649122806,-1.0850000000000004,0.0,0.0,0.0,0.023391812865497075
stage1g_single_agent_delivery_obstacles,7,1,219764,3289,1,300,240,1,2,232.85653686523438,4.0,4.0,4.0,0.11888111888111888,0.0,0,0,0,129,2,20,18,1.0,6,0.14728682170542637,0.23255813953488372,0.08527131782945736,-2.4850000000000008,0.0,0.0,0.0,0.031007751937984496
stage1g_single_agent_delivery_obstacles,7,1,219964,3290,1,300,240,1,2,100.87714385986328,3.0,3.0,2.0,0.16783216783216784,0.0,0,0,1,200,107,120,13,0.6666666666666666,5,0.17,0.22,0.04,-3.3599999999999977,0.0,0.0,0.0,0.01
stage1g_single_agent_delivery_obstacles,7,1,220050,3291,1,300,240,1,2,233.4873504638672,4.0,4.0,4.0,0.06293706293706294,0.0,0,0,0,86,3,6,3,1.0,2,0.08139534883720931,0.16279069767441862,0.06976744186046512,-1.1900000000000002,0.0,0.0,0.0,0.046511627906976744
stage1g_single_agent_delivery_obstacles,7,1,220188,3292,1,300,240,1,2,231.62973022460938,4.0,4.0,4.0,0.14685314685314685,0.0,0,0,0,138,18,34,16,1.0,6,0.2391304347826087,0.3188405797101449,0.057971014492753624,-3.3599999999999977,0.0,0.0,0.0,0.028985507246376812
stage1g_single_agent_delivery_obstacles,7,1,220388,3293,1,300,240,1,2,167.76708984375,3.0,3.0,3.0,0.1258741258741259,0.0,0,0,1,200,44,64,20,1.0,6,0.09,0.17,0.075,-2.9049999999999994,0.0,0.0,0.0,0.015
stage1g_single_agent_delivery_obstacles,7,1,220500,3294,1,300,240,1,2,229.5559844970703,4.0,4.0,4.0,0.055944055944055944,0.0,0,0,0,112,5,8,3,1.0,3,0.09821428571428571,0.21428571428571427,0.07142857142857142,-1.9600000000000006,0.0,0.0,0.0,0.03571428571428571
stage1g_single_agent_delivery_obstacles,7,1,220657,3295,1,300,240,1,2,223.38870239257812,4.0,4.0,4.0,0.0979020979020979,0.0,0,0,0,157,2,29,27,1.0,13,0.4140127388535032,0.6050955414012739,0.25477707006369427,-8.050000000000015,0.0,0.0,0.0,0.025477707006369428
stage1g_single_agent_delivery_obstacles,7,1,220780,3296,1,300,240,1,2,230.1057891845703,4.0,4.0,4.0,0.06293706293706294,0.0,0,0,0,123,7,12,5,1.0,1,0.016260162601626018,0.08943089430894309,0.024390243902439025,-0.8750000000000002,0.0,0.0,0.0,0.032520325203252036
stage1g_single_agent_delivery_obstacles,7,1,220980,3297,1,300,240,1,2,152.4697265625,4.0,4.0,3.0,0.11888111888111888,0.0,0,0,0,200,9,36,27,0.75,9,0.265,0.375,0.21,-6.7200000000000095,0.0,0.0,0.0,0.015
stage1g_single_agent_delivery_obstacles,7,1,221180,3298,1,300,240,1,2,43.04045104980469,2.0,2.0,1.0,0.15384615384615385,0.0,0,0,2,200,21,47,26,0.5,2,0.11,0.135,0.04,-2.170000000000001,0.0,0.0,0.0,0.005
stage1g_single_agent_delivery_obstacles,7,1,221332,3299,1,300,240,1,2,231.56491088867188,4.0,4.0,4.0,0.11188811188811189,0.0,0,0,0,152,5,8,3,1.0,3,0.09868421052631579,0.13157894736842105,0.046052631578947366,-1.6450000000000005,0.0,0.0,0.0,0.02631578947368421
stage1g_single_agent_delivery_obstacles,7,1,221458,3300,1,300,240,1,2,232.42282104492188,4.0,4.0,4.0,0.1048951048951049,0.0,0,0,0,126,3,40,37,1.0,5,0.23809523809523808,0.31746031746031744,0.11904761904761904,-3.324999999999999,0.0,0.0,0.0,0.031746031746031744
stage1g_single_agent_delivery_obstacles,7,1,221658,3301,1,300,240,1,2,35.22430419921875,2.0,2.0,1.0,0.13986013986013987,0.0,0,0,2,200,57,78,21,0.5,10,0.245,0.34,0.135,-5.7050000000000045,0.0,0.0,0.0,0.005
stage1g_single_agent_delivery_obstacles,7,1,221775,3302,1,300,240,1,2,232.33285522460938,4.0,4.0,4.0,0.11188811188811189,0.0,0,0,0,117,2,12,10,1.0,6,0.19658119658119658,0.29914529914529914,0.17094017094017094,-3.15,0.0,0.0,0.0,0.03418803418803419
stage1g_single_agent_delivery_obstacles,7,1,221935,3303,1,300,240,1,2,226.09481811523438,4.0,4.0,4.0,0.1048951048951049,0.0,0,0,0,160,9,33,24,1.0,7,0.19375,0.2875,0.1,-3.779999999999999,0.0,0.0,0.0,0.025
stage1g_single_agent_delivery_obstacles,7,1,222135,3304,1,300,240,1,2,155.19065856933594,4.0,4.0,3.0,0.08391608391608392,0.0,0,0,0,200,23,31,8,0.75,7,0.285,0.38,0.165,-6.4750000000000085,0.0,0.0,0.0,0.015
stage1g_single_agent_delivery_obstacles,7,1,222335,3305,1,300,240,1,2,35.376976013183594,2.0,2.0,1.0,0.1048951048951049,0.0,0,0,2,200,8,127,119,0.5,13,0.425,0.54,0.205,-8.995000000000019,0.0,0.0,0.0,0.005
stage1g_single_agent_delivery_obstacles,7,1,222535,3306,1,300,240,1,2,156.81100463867188,4.0,4.0,3.0,0.1048951048951049,0.0,0,0,0,200,33,36,3,0.75,8,0.35,0.41,0.175,-6.965000000000011,0.0,0.0,0.0,0.015
stage1g_single_agent_delivery_obstacles,7,1,222735,3307,1,300,240,1,2,90.75830841064453,3.0,3.0,2.0,0.09090909090909091,0.0,0,0,1,200,7,25,18,0.6666666666666666,12,0.385,0.52,0.285,-9.275000000000018,0.0,0.0,0.0,0.01
stage1g_single_agent_delivery_obstacles,7,1,222830,3308,1,300,240,1,2,234.90037536621094,4.0,4.0,4.0,0.04895104895104895,0.0,0,0,0,95,13,16,3,1.0,2,0.14736842105263157,0.16842105263157894,0.08421052631578947,-1.4000000000000001,0.0,0.0,0.0,0.042105263157894736
stage1g_single_agent_delivery_obstacles,7,1,223011,3309,1,300,240,1,2,228.37335205078125,4.0,4.0,4.0,0.0979020979020979,0.0,0,0,0,181,46,74,28,1.0,7,0.2265193370165746,0.2983425414364641,0.143646408839779,-4.690000000000001,0.0,0.0,0.0,0.022099447513812154
stage1g_single_agent_delivery_obstacles,7,1,223208,3310,1,300,240,1,2,224.2430419921875,4.0,4.0,4.0,0.11188811188811189,0.0,0,0,0,197,7,16,9,1.0,11,0.37055837563451777,0.47715736040609136,0.30456852791878175,-8.680000000000017,0.0,0.0,0.0,0.02030456852791878
stage1g_single_agent_delivery_obstacles,7,1,223408,3311,1,300,240,1,2,149.70970153808594,4.0,4.0,3.0,0.09090909090909091,0.0,0,0,0,200,2,13,11,0.75,10,0.305,0.415,0.18,-7.070000000000011,0.0,0.0,0.0,0.015
stage1g_single_agent_delivery_obstacles,7,1,223553,3312,1,300,240,1,2,232.80300903320312,4.0,4.0,4.0,0.1048951048951049,0.0,0,0,0,145,22,25,3,1.0,4,0.1793103448275862,0.2413793103448276,0.09655172413793103,-2.9400000000000004,0.0,0.0,0.0,0.027586206896551724
stage1g_single_agent_delivery_obstacles,7,1,223691,3313,1,300,240,1,2,232.85354614257812,4.0,4.0,4.0,0.07692307692307693,0.0,0,0,0,138,12,24,12,1.0,4,0.2028985507246377,0.2391304347826087,0.15217391304347827,-3.045000000000001,0.0,0.0,0.0,0.028985507246376812
stage1g_single_agent_delivery_obstacles,7,1,223774,3314,1,300,240,1,2,231.28750610351562,4.0,4.0,4.0,0.07692307692307693,0.0,0,0,0,83,3,7,4,1.0,4,0.18072289156626506,0.3253012048192771,0.12048192771084337,-2.2400000000000007,0.0,0.0,0.0,0.04819277108433735
stage1g_single_agent_delivery_obstacles,7,1,223908,3315,1,300,240,1,2,230.5625,4.0,4.0,4.0,0.09090909090909091,0.0,0,0,0,134,1,20,19,1.0,5,0.208955223880597,0.27611940298507465,0.1417910447761194,-3.2549999999999994,0.0,0.0,0.0,0.029850746268656716
stage1g_single_agent_delivery_obstacles,7,1,224038,3316,1,300,240,1,2,231.92933654785156,4.0,4.0,4.0,0.1258741258741259,0.0,0,0,0,130,3,21,18,1.0,8,0.26153846153846155,0.34615384615384615,0.15384615384615385,-3.8499999999999988,0.0,0.0,0.0,0.03076923076923077
stage1g_single_agent_delivery_obstacles,7,1,224142,3317,1,300,240,1,2,233.58970642089844,4.0,4.0,4.0,0.0979020979020979,0.0,0,0,0,104,2,29,27,1.0,3,0.23076923076923078,0.27884615384615385,0.11538461538461539,-2.4500000000000006,0.0,0.0,0.0,0.038461538461538464
stage1g_single_agent_delivery_obstacles,7,1,224276,3318,1,300,240,1,2,231.68453979492188,4.0,4.0,4.0,0.11888111888111888,0.0,0,0,0,134,2,20,18,1.0,7,0.1417910447761194,0.2537313432835821,0.08208955223880597,-2.7649999999999997,0.0,0.0,0.0,0.029850746268656716
stage1g_single_agent_delivery_obstacles,7,1,224397,3319,1,300,240,1,2,229.96884155273438,4.0,4.0,4.0,0.06293706293706294,0.0,0,0,0,121,16,44,28,1.0,5,0.371900826446281,0.4049586776859504,0.19834710743801653,-4.27,0.0,0.0,0.0,0.03305785123966942
stage1g_single_agent_delivery_obstacles,7,1,224504,3320,1,300,240,1,2,233.4009246826172,4.0,4.0,4.0,0.1048951048951049,0.0,0,0,0,107,14,25,11,1.0,3,0.18691588785046728,0.2523364485981308,0.11214953271028037,-2.310000000000001,0.0,0.0,0.0,0.037383177570093455
stage1g_single_agent_delivery_obstacles,7,1,224642,3321,1,300,240,1,2,232.56280517578125,4.0,4.0,4.0,0.08391608391608392,0.0,0,0,0,138,3,5,2,1.0,3,0.13768115942028986,0.18840579710144928,0.06521739130434782,-2.1350000000000002,0.0,0.0,0.0,0.028985507246376812
stage1g_single_agent_delivery_obstacles,7,1,224822,3322,1,300,240,1,2,225.5629425048828,4.0,4.0,4.0,0.09090909090909091,0.0,0,0,0,180,41,55,14,1.0,9,0.12222222222222222,0.23333333333333334,0.1,-3.5699999999999985,0.0,0.0,0.0,0.022222222222222223
stage1g_single_agent_delivery_obstacles,7,1,224964,3323,1,300,240,1,2,234.73007202148438,4.0,4.0,4.0,0.08391608391608392,0.0,0,0,0,142,15,17,2,1.0,2,0.1056338028169014,0.13380281690140844,0.04225352112676056,-1.5400000000000003,0.0,0.0,0.0,0.028169014084507043
stage1g_single_agent_delivery_obstacles,7,1,225094,3324,1,300,240,1,2,232.71791076660156,4.0,4.0,4.0,0.0979020979020979,0.0,0,0,0,130,2,21,19,1.0,6,0.2076923076923077,0.2923076923076923,0.06923076923076923,-2.974999999999999,0.0,0.0,0.0,0.03076923076923077
stage1g_single_agent_delivery_obstacles,7,1,225205,3325,1,300,240,1,2,230.67779541015625,4.0,4.0,4.0,0.11188811188811189,0.0,0,0,0,111,3,33,30,1.0,4,0.34234234234234234,0.43243243243243246,0.12612612612612611,-3.849999999999998,0.0,0.0,0.0,0.036036036036036036
stage1g_single_agent_delivery_obstacles,7,1,225299,3326,1,300,240,1,2,231.7028045654297,4.0,4.0,4.0,0.055944055944055944,0.0,0,0,0,94,2,8,6,1.0,3,0.0425531914893617,0.19148936170212766,0.0851063829787234,-1.5400000000000005,0.0,0.0,0.0,0.0425531914893617
stage1g_single_agent_delivery_obstacles,7,1,225441,3327,1,300,240,1,2,228.64633178710938,4.0,4.0,4.0,0.04895104895104895,0.0,0,0,0,142,10,16,6,1.0,4,0.1267605633802817,0.2535211267605634,0.11971830985915492,-3.1149999999999998,0.0,0.0,0.0,0.028169014084507043
stage1g_single_agent_delivery_obstacles,7,1,225518,3328,1,300,240,1,2,233.83885192871094,4.0,4.0,4.0,0.06293706293706294,0.0,0,0,0,77,2,11,9,1.0,3,0.2077922077922078,0.2857142857142857,0.09090909090909091,-1.7850000000000006,0.0,0.0,0.0,0.05194805194805195
stage1g_single_agent_delivery_obstacles,7,1,225693,3329,1,300,240,1,2,230.1233367919922,4.0,4.0,4.0,0.11188811188811189,0.0,0,0,0,175,27,49,22,1.0,10,0.25142857142857145,0.33714285714285713,0.19428571428571428,-5.320000000000004,0.0,0.0,0.0,0.022857142857142857
stage1g_single_agent_delivery_obstacles,7,1,225868,3330,1,300,240,1,2,221.35037231445312,4.0,4.0,4.0,0.06293706293706294,0.0,0,0,0,175,3,50,47,1.0,9,0.49142857142857144,0.5542857142857143,0.2857142857142857,-8.540000000000015,0.0,0.0,0.0,0.022857142857142857
stage1g_single_agent_delivery_obstacles,7,1,226047,3331,1,300,240,1,2,232.05905151367188,4.0,4.0,4.0,0.11188811188811189,0.0,0,0,0,179,49,73,24,1.0,7,0.20670391061452514,0.2737430167597765,0.08379888268156424,-3.954999999999998,0.0,0.0,0.0,0.0223463687150838
stage1g_single_agent_delivery_obstacles,7,1,226247,3332,1,300,240,1,2,83.65032196044922,3.0,3.0,2.0,0.06993006993006994,0.0,0,0,1,200,2,66,64,0.6666666666666666,13,0.42,0.58,0.215,-9.625000000000021,0.0,0.0,0.0,0.01
stage1g_single_agent_delivery_obstacles,7,1,226403,3333,1,300,240,1,2,226.60098266601562,4.0,4.0,4.0,0.11188811188811189,0.0,0,0,0,156,2,30,28,1.0,6,0.20512820512820512,0.32051282051282054,0.1282051282051282,-4.199999999999998,0.0,0.0,0.0,0.02564102564102564
stage1g_single_agent_delivery_obstacles,7,1,226545,3334,1,300,240,1,2,233.87916564941406,4.0,4.0,4.0,0.08391608391608392,0.0,0,0,0,142,26,28,2,1.0,4,0.13380281690140844,0.18309859154929578,0.09154929577464789,-2.2750000000000004,0.0,0.0,0.0,0.028169014084507043
stage1g_single_agent_delivery_obstacles,7,1,226728,3335,1,300,240,1,2,230.144775390625,4.0,4.0,4.0,0.09090909090909091,0.0,0,0,0,183,58,83,25,1.0,6,0.14754098360655737,0.2185792349726776,0.060109289617486336,-3.184999999999999,0.0,0.0,0.0,0.02185792349726776
stage1g_single_agent_delivery_obstacles,7,1,226826,3336,1,300,240,1,2,229.6134033203125,4.0,4.0,4.0,0.055944055944055944,0.0,0,0,0,98,3,25,22,1.0,5,0.2755102040816326,0.40816326530612246,0.1836734693877551,-3.4299999999999997,0.0,0.0,0.0,0.04081632653061224
stage1g_single_agent_delivery_obstacles,7,1,226940,3337,1,300,240,1,2,232.8348388671875,4.0,4.0,4.0,0.09090909090909091,0.0,0,0,0,114,1,9,8,1.0,4,0.12280701754385964,0.19298245614035087,0.12280701754385964,-2.0300000000000002,0.0,0.0,0.0,0.03508771929824561
stage1g_single_agent_delivery_obstacles,7,1,227075,3338,1,300,240,1,2,228.01393127441406,4.0,4.0,4.0,0.06993006993006994,0.0,0,0,0,135,3,35,32,1.0,11,0.1925925925925926,0.3333333333333333,0.14074074074074075,-3.814999999999998,0.0,0.0,0.0,0.02962962962962963
stage1g_single_agent_delivery_obstacles,7,1,227199,3339,1,300,240,1,2,226.72488403320312,4.0,4.0,4.0,0.08391608391608392,0.0,0,0,0,124,4,22,18,1.0,6,0.1693548387096774,0.3467741935483871,0.08870967741935484,-3.394999999999999,0.0,0.0,0.0,0.03225806451612903
stage1g_single_agent_delivery_obstacles,7,1,227311,3340,1,300,240,1,2,231.10052490234375,4.0,4.0,4.0,0.11888111888111888,0.0,0,0,0,112,3,28,25,1.0,7,0.25892857142857145,0.375,0.09821428571428571,-3.3249999999999975,0.0,0.0,0.0,0.03571428571428571
stage1g_single_agent_delivery_obstacles,7,1,227406,3341,1,300,240,1,2,233.82583618164062,4.0,4.0,4.0,0.09090909090909091,0.0,0,0,0,95,2,21,19,1.0,3,0.25263157894736843,0.30526315789473685,0.10526315789473684,-2.3800000000000003,0.0,0.0,0.0,0.042105263157894736
stage1g_single_agent_delivery_obstacles,7,1,227502,3342,1,300,240,1,2,233.92974853515625,4.0,4.0,4.0,0.11888111888111888,0.0,0,0,0,96,11,23,12,1.0,5,0.15625,0.2604166666666667,0.07291666666666667,-1.9950000000000006,0.0,0.0,0.0,0.041666666666666664
stage1g_single_agent_delivery_obstacles,7,1,227641,3343,1,300,240,1,2,231.61911010742188,4.0,4.0,4.0,0.11188811188811189,0.0,0,0,0,139,31,65,34,1.0,6,0.2589928057553957,0.34532374100719426,0.12949640287769784,-3.9899999999999975,0.0,0.0,0.0,0.02877697841726619
stage1g_single_agent_delivery_obstacles,7,1,227757,3344,1,300,240,1,2,228.67922973632812,4.0,4.0,4.0,0.07692307692307693,0.0,0,0,0,116,2,9,7,1.0,6,0.3017241379310345,0.4482758620689655,0.10344827586206896,-4.059999999999997,0.0,0.0,0.0,0.034482758620689655
stage1g_single_agent_delivery_obstacles,7,1,227952,3345,1,300,240,1,2,225.1651611328125,4.0,4.0,4.0,0.13986013986013987,0.0,0,0,0,195,28,65,37,1.0,6,0.28205128205128205,0.4,0.03076923076923077,-5.6700000000000035,0.0,0.0,0.0,0.020512820512820513
stage1g_single_agent_delivery_obstacles,7,1,228059,3346,1,300,240,1,2,231.43174743652344,4.0,4.0,4.0,0.06293706293706294,0.0,0,0,0,107,16,33,17,1.0,5,0.09345794392523364,0.21495327102803738,0.08411214953271028,-1.9250000000000005,0.0,0.0,0.0,0.037383177570093455
stage1g_single_agent_delivery_obstacles,7,1,228224,3347,1,300,240,1,2,227.12469482421875,4.0,4.0,4.0,0.11888111888111888,0.0,0,0,0,165,6,39,33,1.0,7,0.24848484848484848,0.3393939393939394,0.09696969696969697,-4.4799999999999995,0.0,0.0,0.0,0.024242424242424242
stage1g_single_agent_delivery_obstacles,7,1,228310,3348,1,300,240,1,2,232.2961883544922,4.0,4.0,4.0,0.11188811188811189,0.0,0,0,0,86,2,16,14,1.0,4,0.20930232558139536,0.313953488372093,0.10465116279069768,-2.205000000000001,0.0,0.0,0.0,0.046511627906976744
stage1g_single_agent_delivery_obstacles,7,1,228423,3349,1,300,240,1,2,231.9600372314453,4.0,4.0,4.0,0.11188811188811189,0.0,0,0,0,113,17,36,19,1.0,4,0.25663716814159293,0.3274336283185841,0.09734513274336283,-2.9749999999999988,0.0,0.0,0.0,0.035398230088495575
stage1g_single_agent_delivery_obstacles,7,1,228508,3350,1,300,240,1,2,232.07875061035156,4.0,4.0,4.0,0.09090909090909091,0.0,0,0,0,85,2,13,11,1.0,3,0.23529411764705882,0.35294117647058826,0.058823529411764705,-2.275000000000001,0.0,0.0,0.0,0.047058823529411764
stage1g_single_agent_delivery_obstacles,7,1,228638,3351,1,300,240,1,2,233.71327209472656,4.0,4.0,4.0,0.1048951048951049,0.0,0,0,0,130,35,53,18,1.0,5,0.16153846153846155,0.23076923076923078,0.09230769230769231,-2.5199999999999996,0.0,0.0,0.0,0.03076923076923077
stage1g_single_agent_delivery_obstacles,7,1,228798,3352,1,300,240,1,2,230.54856872558594,4.0,4.0,4.0,0.08391608391608392,0.0,0,0,0,160,19,57,38,1.0,5,0.2125,0.26875,0.1,-3.569999999999999,0.0,0.0,0.0,0.025
stage1g_single_agent_delivery_obstacles,7,1,228900,3353,1,300,240,1,2,233.8017120361328,4.0,4.0,4.0,0.09090909090909091,0.0,0,0,0,102,2,5,3,1.0,3,0.24509803921568626,0.29411764705882354,0.09803921568627451,-2.45,0.0,0.0,0.0,0.0392156862745098
stage1g_single_agent_delivery_obstacles,7,1,228994,3354,1,300,240,1,2,232.17593383789062,4.0,4.0,4.0,0.08391608391608392,0.0,0,0,0,94,5,15,10,1.0,4,0.24468085106382978,0.3404255319148936,0.1595744680851064,-2.7649999999999997,0.0,0.0,0.0,0.0425531914893617
stage1g_single_agent_delivery_obstacles,7,1,229090,3355,1,300,240,1,2,231.93789672851562,4.0,4.0,4.0,0.06993006993006994,0.0,0,0,0,96,8,21,13,1.0,4,0.3020833333333333,0.375,0.14583333333333334,-3.01,0.0,0.0,0.0,0.041666666666666664
stage1g_single_agent_delivery_obstacles,7,1,229185,3356,1,300,240,1,2,233.1980438232422,4.0,4.0,4.0,0.06293706293706294,0.0,0,0,0,95,3,21,18,1.0,4,0.2631578947368421,0.3473684210526316,0.16842105263157894,-2.8699999999999997,0.0,0.0,0.0,0.042105263157894736
stage1g_single_agent_delivery_obstacles,7,1,229306,3357,1,300,240,1,2,231.75750732421875,4.0,4.0,4.0,0.07692307692307693,0.0,0,0,0,121,19,48,29,1.0,6,0.30578512396694213,0.38016528925619836,0.1322314049586777,-3.7799999999999985,0.0,0.0,0.0,0.03305785123966942
stage1g_single_agent_delivery_obstacles,7,1,229392,3358,1,300,240,1,2,233.89901733398438,4.0,4.0,4.0,0.06993006993006994,0.0,0,0,0,86,2,9,7,1.0,3,0.23255813953488372,0.3023255813953488,0.12790697674418605,-2.2050000000000005,0.0,0.0,0.0,0.046511627906976744
stage1g_single_agent_delivery_obstacles,7,1,229572,3359,1,300,240,1,2,230.2303466796875,4.0,4.0,4.0,0.16083916083916083,0.0,0,0,0,180,3,26,23,1.0,9,0.32222222222222224,0.39444444444444443,0.10555555555555556,-5.635000000000003,0.0,0.0,0.0,0.022222222222222223
stage1g_single_agent_delivery_obstacles,7,1,229682,3360,1,300,240,1,2,231.563232421875,4.0,4.0,4.0,0.08391608391608392,0.0,0,0,0,110,3,10,7,1.0,5,0.24545454545454545,0.33636363636363636,0.1,-2.974999999999999,0.0,0.0,0.0,0.03636363636363636
stage1g_single_agent_delivery_obstacles,7,1,229795,3361,1,300,240,1,2,233.65866088867188,4.0,4.0,4.0,0.06993006993006994,0.0,0,0,0,113,3,10,7,1.0,4,0.20353982300884957,0.25663716814159293,0.1415929203539823,-2.5900000000000003,0.0,0.0,0.0,0.035398230088495575
stage1g_single_agent_delivery_obstacles,7,1,229902,3362,1,300,240,1,2,230.1319580078125,4.0,4.0,4.0,0.11188811188811189,0.0,0,0,0,107,3,35,32,1.0,5,0.29906542056074764,0.4205607476635514,0.1308411214953271,-3.6399999999999975,0.0,0.0,0.0,0.037383177570093455
stage1g_single_agent_delivery_obstacles,7,1,230007,3363,1,300,240,1,2,231.9207305908203,4.0,4.0,4.0,0.06293706293706294,0.0,0,0,0,105,8,26,18,1.0,4,0.17142857142857143,0.23809523809523808,0.11428571428571428,-2.1700000000000004,0.0,0.0,0.0,0.0380952380952381
stage1g_single_agent_delivery_obstacles,7,1,230112,3364,1,300,240,1,2,230.70626831054688,4.0,4.0,4.0,0.06993006993006994,0.0,0,0,0,105,4,27,23,1.0,5,0.23809523809523808,0.3142857142857143,0.14285714285714285,-2.835,0.0,0.0,0.0,0.0380952380952381
stage1g_single_agent_delivery_obstacles,7,1,230213,3365,1,300,240,1,2,232.4080810546875,4.0,4.0,4.0,0.11188811188811189,0.0,0,0,0,101,8,22,14,1.0,4,0.1485148514851485,0.27722772277227725,0.09900990099009901,-2.3100000000000005,0.0,0.0,0.0,0.039603960396039604
stage1g_single_agent_delivery_obstacles,7,1,230364,3366,1,300,240,1,2,231.39205932617188,4.0,4.0,4.0,0.13986013986013987,0.0,0,0,0,151,9,78,69,1.0,5,0.2847682119205298,0.3509933774834437,0.033112582781456956,-3.884999999999998,0.0,0.0,0.0,0.026490066225165563
stage1g_single_agent_delivery_obstacles,7,1,230470,3367,1,300,240,1,2,232.152587890625,4.0,4.0,4.0,0.09090909090909091,0.0,0,0,0,106,2,30,28,1.0,4,0.25471698113207547,0.3113207547169811,0.07547169811320754,-2.59,0.0,0.0,0.0,0.03773584905660377
stage1g_single_agent_delivery_obstacles,7,1,230627,3368,1,300,240,1,2,234.16827392578125,4.0,4.0,4.0,0.11188811188811189,0.0,0,0,0,157,2,31,29,1.0,4,0.17197452229299362,0.21656050955414013,0.05732484076433121,-2.6950000000000003,0.0,0.0,0.0,0.025477707006369428
stage1g_single_agent_delivery_obstacles,7,1,230764,3369,1,300,240,1,2,230.1996612548828,4.0,4.0,4.0,0.08391608391608392,0.0,0,0,0,137,12,34,22,1.0,5,0.16058394160583941,0.24087591240875914,0.10218978102189781,-2.799999999999999,0.0,0.0,0.0,0.029197080291970802
stage1g_single_agent_delivery_obstacles,7,1,230926,3370,1,300,240,1,2,233.86776733398438,4.0,4.0,4.0,0.11888111888111888,0.0,0,0,0,162,14,34,20,1.0,4,0.16666666666666666,0.21604938271604937,0.043209876543209874,-2.695,0.0,0.0,0.0,0.024691358024691357
stage1g_single_agent_delivery_obstacles,7,1,231021,3371,1,300,240,1,2,231.5789794921875,4.0,4.0,4.0,0.07692307692307693,0.0,0,0,0,95,2,20,18,1.0,4,0.21052631578947367,0.3157894736842105,0.12631578947368421,-2.52,0.0,0.0,0.0,0.042105263157894736
stage1g_single_agent_delivery_obstacles,7,1,231106,3372,1,300,240,1,2,234.41172790527344,4.0,4.0,4.0,0.09090909090909091,0.0,0,0,0,85,2,15,13,1.0,3,0.2,0.27058823529411763,0.07058823529411765,-1.8200000000000005,0.0,0.0,0.0,0.047058823529411764
stage1g_single_agent_delivery_obstacles,7,1,231206,3373,1,300,240,1,2,228.2851104736328,4.0,4.0,4.0,0.04895104895104895,0.0,0,0,0,100,1,24,23,1.0,6,0.14,0.35,0.13,-2.9049999999999994,0.0,0.0,0.0,0.04
stage1g_single_agent_delivery_obstacles,7,1,231316,3374,1,300,240,1,2,230.62925720214844,4.0,4.0,4.0,0.07692307692307693,0.0,0,0,0,110,7,35,28,1.0,6,0.2909090909090909,0.39090909090909093,0.17272727272727273,-3.674999999999999,0.0,0.0,0.0,0.03636363636363636
stage1g_single_agent_delivery_obstacles,7,1,231447,3375,1,300,240,1,2,232.35321044921875,4.0,4.0,4.0,0.0979020979020979,0.0,0,0,0,131,17,23,6,1.0,5,0.1450381679389313,0.20610687022900764,0.13740458015267176,-2.5200000000000005,0.0,0.0,0.0,0.030534351145038167
stage1g_single_agent_delivery_obstacles,7,1,231538,3376,1,300,240,1,2,232.89080810546875,4.0,4.0,4.0,0.055944055944055944,0.0,0,0,0,91,8,14,6,1.0,3,0.08791208791208792,0.15384615384615385,0.04395604395604396,-1.12,0.0,0.0,0.0,0.04395604395604396
stage1g_single_agent_delivery_obstacles,7,1,231637,3377,1,300,240,1,2,233.26609802246094,4.0,4.0,4.0,0.0979020979020979,0.0,0,0,0,99,3,22,19,1.0,5,0.24242424242424243,0.3333333333333333,0.16161616161616163,-2.8699999999999997,0.0,0.0,0.0,0.04040404040404041
stage1g_single_agent_delivery_obstacles,7,1,231727,3378,1,300,240,1,2,234.8844757080078,4.0,4.0,4.0,0.1048951048951049,0.0,0,0,0,90,11,15,4,1.0,3,0.13333333333333333,0.18888888888888888,0.1,-1.5050000000000001,0.0,0.0,0.0,0.044444444444444446
stage1g_single_agent_delivery_obstacles,7,1,231874,3379,1,300,240,1,2,230.94818115234375,4.0,4.0,4.0,0.1048951048951049,0.0,0,0,0,147,24,48,24,1.0,6,0.2585034013605442,0.32653061224489793,0.1360544217687075,-4.059999999999999,0.0,0.0,0.0,0.027210884353741496
stage1g_single_agent_delivery_obstacles,7,1,232074,3380,1,300,240,1,2,159.5445556640625,4.0,4.0,3.0,0.14685314685314685,0.0,0,0,0,200,39,56,17,0.75,10,0.15,0.235,0.08,-3.8499999999999988,0.0,0.0,0.0,0.015
stage1g_single_agent_delivery_obstacles,7,1,232170,3381,1,300,240,1,2,232.83912658691406,4.0,4.0,4.0,0.07692307692307693,0.0,0,0,0,96,6,21,15,1.0,4,0.2708333333333333,0.3541666666666667,0.125,-2.8,0.0,0.0,0.0,0.041666666666666664
stage1g_single_agent_delivery_obstacles,7,1,232309,3382,1,300,240,1,2,233.30784606933594,4.0,4.0,4.0,0.1048951048951049,0.0,0,0,0,139,9,12,3,1.0,5,0.1510791366906475,0.22302158273381295,0.09352517985611511,-2.6250000000000004,0.0,0.0,0.0,0.02877697841726619
stage1g_single_agent_delivery_obstacles,7,1,232509,3383,1,300,240,1,2,104.45243835449219,2.0,2.0,2.0,0.06293706293706294,0.0,0,0,2,200,172,176,4,1.0,2,0.015,0.03,0.01,-0.4900000000000001,0.0,0.0,0.0,0.01
stage1g_single_agent_delivery_obstacles,7,1,232641,3384,1,300,240,1,2,228.72711181640625,4.0,4.0,4.0,0.04895104895104895,0.0,0,0,0,132,4,29,25,1.0,11,0.29545454545454547,0.4166666666666667,0.3106060606060606,-5.285000000000005,0.0,0.0,0.0,0.030303030303030304
stage1g_single_agent_delivery_obstacles,7,1,232841,3385,1,300,240,1,2,170.4464111328125,3.0,3.0,3.0,0.07692307692307693,0.0,0,0,1,200,37,64,27,1.0,11,0.26,0.36,0.205,-6.475000000000008,0.0,0.0,0.0,0.015
stage1g_single_agent_delivery_obstacles,7,1,233041,3386,1,300,240,1,2,115.76146697998047,2.0,2.0,2.0,0.08391608391608392,0.0,0,0,2,200,16,43,27,1.0,3,0.1,0.14,0.075,-2.485,0.0,0.0,0.0,0.01
stage1g_single_agent_delivery_obstacles,7,1,233111,3387,1,300,240,1,2,232.9668731689453,4.0,4.0,4.0,0.04195804195804196,0.0,0,0,0,70,6,10,4,1.0,1,0.07142857142857142,0.18571428571428572,0.07142857142857142,-1.0850000000000002,0.0,0.0,0.0,0.05714285714285714
stage1g_single_agent_delivery_obstacles,7,1,233236,3388,1,300,240,1,2,232.82192993164062,4.0,4.0,4.0,0.07692307692307693,0.0,0,0,0,125,2,10,8,1.0,7,0.184,0.24,0.144,-2.7299999999999995,0.0,0.0,0.0,0.032
stage1g_single_agent_delivery_obstacles,7,1,233371,3389,1,300,240,1,2,230.86468505859375,4.0,4.0,4.0,0.08391608391608392,0.0,0,0,0,135,6,21,15,1.0,8,0.24444444444444444,0.3333333333333333,0.15555555555555556,-3.8849999999999985,0.0,0.0,0.0,0.02962962962962963
stage1g_single_agent_delivery_obstacles,7,1,233449,3390,1,300,240,1,2,234.80250549316406,4.0,4.0,4.0,0.04895104895104895,0.0,0,0,0,78,5,10,5,1.0,4,0.07692307692307693,0.20512820512820512,0.1282051282051282,-1.47,0.0,0.0,0.0,0.05128205128205128
stage1g_single_agent_delivery_obstacles,7,1,233549,3391,1,300,240,1,2,230.7266082763672,4.0,4.0,4.0,0.04195804195804196,0.0,0,0,0,100,3,15,12,1.0,5,0.07,0.23,0.12,-2.0300000000000007,0.0,0.0,0.0,0.04
stage1g_single_agent_delivery_obstacles,7,1,233668,3392,1,300,240,1,2,229.8206024169922,4.0,4.0,4.0,0.04195804195804196,0.0,0,0,0,119,27,42,15,1.0,5,0.21008403361344538,0.2857142857142857,0.12605042016806722,-2.9049999999999994,0.0,0.0,0.0,0.03361344537815126
stage1g_single_agent_delivery_obstacles,7,1,233833,3393,1,300,240,1,2,231.3218536376953,4.0,4.0,4.0,0.055944055944055944,0.0,0,0,0,165,24,49,25,1.0,6,0.21212121212121213,0.2606060606060606,0.1696969696969697,-3.9900000000000007,0.0,0.0,0.0,0.024242424242424242
stage1g_single_agent_delivery_obstacles,7,1,233943,3394,1,300,240,1,2,233.0040283203125,4.0,4.0,4.0,0.07692307692307693,0.0,0,0,0,110,9,35,26,1.0,3,0.20909090909090908,0.2909090909090909,0.11818181818181818,-2.6949999999999994,0.0,0.0,0.0,0.03636363636363636
stage1g_single_agent_delivery_obstacles,7,1,234038,3395,1,300,240,1,2,234.85321044921875,4.0,4.0,4.0,0.06993006993006994,0.0,0,0,0,95,7,11,4,1.0,3,0.17894736842105263,0.21052631578947367,0.11578947368421053,-1.7850000000000001,0.0,0.0,0.0,0.042105263157894736
stage1g_single_agent_delivery_obstacles,7,1,234170,3396,1,300,240,1,2,235.79098510742188,4.0,4.0,4.0,0.0979020979020979,0.0,0,0,0,132,2,6,4,1.0,2,0.09090909090909091,0.11363636363636363,0.030303030303030304,-1.1900000000000004,0.0,0.0,0.0,0.030303030303030304
stage1g_single_agent_delivery_obstacles,7,1,234297,3397,1,300,240,1,2,234.00381469726562,4.0,4.0,4.0,0.06993006993006994,0.0,0,0,0,127,41,53,12,1.0,4,0.14960629921259844,0.2125984251968504,0.07874015748031496,-2.2400000000000007,0.0,0.0,0.0,0.031496062992125984
stage1g_single_agent_delivery_obstacles,7,1,234394,3398,1,300,240,1,2,232.9505615234375,4.0,4.0,4.0,0.07692307692307693,0.0,0,0,0,97,3,20,17,1.0,4,0.1958762886597938,0.27835051546391754,0.07216494845360824,-2.1350000000000007,0.0,0.0,0.0,0.041237113402061855
stage1g_single_agent_delivery_obstacles,7,1,234518,3399,1,300,240,1,2,227.55197143554688,4.0,4.0,4.0,0.07692307692307693,0.0,0,0,0,124,3,24,21,1.0,6,0.1935483870967742,0.31451612903225806,0.12096774193548387,-3.2549999999999994,0.0,0.0,0.0,0.03225806451612903
stage1g_single_agent_delivery_obstacles,7,1,234619,3400,1,300,240,1,2,227.5939483642578,4.0,4.0,4.0,0.055944055944055944,0.0,0,0,0,101,3,26,23,1.0,5,0.1485148514851485,0.32673267326732675,0.1485148514851485,-2.8350000000000004,0.0,0.0,0.0,0.039603960396039604
stage1g_single_agent_delivery_obstacles,7,1,234759,3401,1,300,240,1,2,232.15423583984375,4.0,4.0,4.0,0.09090909090909091,0.0,0,0,0,140,9,37,28,1.0,7,0.25,0.34285714285714286,0.11428571428571428,-3.919999999999998,0.0,0.0,0.0,0.02857142857142857
stage1g_single_agent_delivery_obstacles,7,1,234887,3402,1,300,240,1,2,231.4622039794922,4.0,4.0,4.0,0.06993006993006994,0.0,0,0,0,128,9,33,24,1.0,6,0.203125,0.296875,0.1328125,-3.255,0.0,0.0,0.0,0.03125
stage1g_single_agent_delivery_obstacles,7,1,235050,3403,1,300,240,1,2,232.49842834472656,4.0,4.0,4.0,0.0979020979020979,0.0,0,0,0,163,2,10,8,1.0,6,0.147239263803681,0.22085889570552147,0.09815950920245399,-3.0799999999999996,0.0,0.0,0.0,0.024539877300613498
stage1g_single_agent_delivery_obstacles,7,1,235156,3404,1,300,240,1,2,235.61187744140625,4.0,4.0,4.0,0.06293706293706294,0.0,0,0,0,106,14,31,17,1.0,1,0.10377358490566038,0.10377358490566038,0.05660377358490566,-0.9800000000000001,0.0,0.0,0.0,0.03773584905660377
stage1g_single_agent_delivery_obstacles,7,1,235356,3405,1,300,240,1,2,58.6611213684082,1.0,1.0,1.0,0.14685314685314685,0.0,0,0,3,200,1,21,20,1.0,2,0.02,0.04,0.025,-0.735,0.0,0.0,0.0,0.005
stage1g_single_agent_delivery_obstacles,7,1,235491,3406,1,300,240,1,2,232.86544799804688,4.0,4.0,4.0,0.09090909090909091,0.0,0,0,0,135,19,33,14,1.0,4,0.17037037037037037,0.2222222222222222,0.08888888888888889,-2.52,0.0,0.0,0.0,0.02962962962962963
stage1g_single_agent_delivery_obstacles,7,1,235626,3407,1,300,240,1,2,231.4254150390625,4.0,4.0,4.0,0.09090909090909091,0.0,0,0,0,135,11,35,24,1.0,7,0.2962962962962963,0.3925925925925926,0.14074074074074075,-4.374999999999998,0.0,0.0,0.0,0.02962962962962963
stage1g_single_agent_delivery_obstacles,7,1,235748,3408,1,300,240,1,2,232.09811401367188,4.0,4.0,4.0,0.08391608391608392,0.0,0,0,0,122,30,48,18,1.0,4,0.22950819672131148,0.29508196721311475,0.09016393442622951,-2.9049999999999994,0.0,0.0,0.0,0.03278688524590164
stage1g_single_agent_delivery_obstacles,7,1,235898,3409,1,300,240,1,2,233.68641662597656,4.0,4.0,4.0,0.1048951048951049,0.0,0,0,0,150,33,49,16,1.0,6,0.14,0.21333333333333335,0.09333333333333334,-2.73,0.0,0.0,0.0,0.02666666666666667
stage1g_single_agent_delivery_obstacles,7,1,236018,3410,1,300,240,1,2,228.7421112060547,4.0,4.0,4.0,0.06293706293706294,0.0,0,0,0,120,8,47,39,1.0,6,0.21666666666666667,0.36666666666666664,0.08333333333333333,-3.4299999999999984,0.0,0.0,0.0,0.03333333333333333
stage1g_single_agent_delivery_obstacles,7,1,236217,3411,1,300,240,1,2,227.256591796875,4.0,4.0,4.0,0.09090909090909091,0.0,0,0,0,199,2,23,21,1.0,9,0.27638190954773867,0.34673366834170855,0.1658291457286432,-5.9850000000000065,0.0,0.0,0.0,0.020100502512562814
stage1g_single_agent_delivery_obstacles,7,1,236353,3412,1,300,240,1,2,233.8903045654297,4.0,4.0,4.0,0.1048951048951049,0.0,0,0,0,136,18,35,17,1.0,3,0.15441176470588236,0.19117647058823528,0.08088235294117647,-2.205000000000001,0.0,0.0,0.0,0.029411764705882353
stage1g_single_agent_delivery_obstacles,7,1,236452,3413,1,300,240,1,2,234.26446533203125,4.0,4.0,4.0,0.08391608391608392,0.0,0,0,0,99,16,21,5,1.0,3,0.18181818181818182,0.24242424242424243,0.08080808080808081,-1.9600000000000006,0.0,0.0,0.0,0.04040404040404041
stage1g_single_agent_delivery_obstacles,7,1,236652,3414,1,300,240,1,2,160.22225952148438,4.0,4.0,3.0,0.08391608391608392,0.0,0,0,0,200,6,15,9,0.75,1,0.02,0.05,0.01,-0.7700000000000002,0.0,0.0,0.0,0.015
stage1g_single_agent_delivery_obstacles,7,1,236799,3415,1,300,240,1,2,231.91592407226562,4.0,4.0,4.0,0.1048951048951049,0.0,0,0,0,147,23,36,13,1.0,5,0.17006802721088435,0.23129251700680273,0.09523809523809523,-2.8699999999999997,0.0,0.0,0.0,0.027210884353741496
stage1g_single_agent_delivery_obstacles,7,1,236903,3416,1,300,240,1,2,232.91778564453125,4.0,4.0,4.0,0.08391608391608392,0.0,0,0,0,104,5,30,25,1.0,6,0.28846153846153844,0.38461538461538464,0.125,-3.2549999999999994,0.0,0.0,0.0,0.038461538461538464
stage1g_single_agent_delivery_obstacles,7,1,237058,3417,1,300,240,1,2,232.29684448242188,4.0,4.0,4.0,0.07692307692307693,0.0,0,0,0,155,2,6,4,1.0,1,0.05161290322580645,0.05806451612903226,0.03870967741935484,-0.84,0.0,0.0,0.0,0.025806451612903226
stage1g_single_agent_delivery_obstacles,7,1,237197,3418,1,300,240,1,2,230.76284790039062,4.0,4.0,4.0,0.07692307692307693,0.0,0,0,0,139,27,42,15,1.0,5,0.28776978417266186,0.35251798561151076,0.15827338129496402,-4.199999999999999,0.0,0.0,0.0,0.02877697841726619
stage1g_single_agent_delivery_obstacles,7,1,237327,3419,1,300,240,1,2,231.70443725585938,4.0,4.0,4.0,0.0979020979020979,0.0,0,0,0,130,7,27,20,1.0,9,0.2692307692307692,0.36923076923076925,0.15384615384615385,-4.059999999999998,0.0,0.0,0.0,0.03076923076923077
stage1g_single_agent_delivery_obstacles,7,1,237490,3420,1,300,240,1,2,228.53298950195312,4.0,4.0,4.0,0.055944055944055944,0.0,0,0,0,163,30,33,3,1.0,4,0.09202453987730061,0.147239263803681,0.05521472392638037,-1.9950000000000006,0.0,0.0,0.0,0.024539877300613498
stage1g_single_agent_delivery_obstacles,7,1,237690,3421,1,300,240,1,2,175.48944091796875,3.0,3.0,3.0,0.1258741258741259,0.0,0,0,1,200,7,31,24,1.0,4,0.09,0.12,0.065,-2.1350000000000007,0.0,0.0,0.0,0.015
stage1g_single_agent_delivery_obstacles,7,1,237867,3422,1,300,240,1,2,232.86764526367188,4.0,4.0,4.0,0.1258741258741259,0.0,0,0,0,177,2,11,9,1.0,7,0.11864406779661017,0.1807909604519774,0.0847457627118644,-2.7649999999999997,0.0,0.0,0.0,0.022598870056497175
stage1g_single_agent_delivery_obstacles,7,1,238047,3423,1,300,240,1,2,230.1667022705078,4.0,4.0,4.0,0.15384615384615385,0.0,0,0,0,180,2,66,64,1.0,7,0.3277777777777778,0.40555555555555556,0.03888888888888889,-5.355000000000002,0.0,0.0,0.0,0.022222222222222223
stage1g_single_agent_delivery_obstacles,7,1,238224,3424,1,300,240,1,2,231.8725128173828,4.0,4.0,4.0,0.0979020979020979,0.0,0,0,0,177,34,38,4,1.0,7,0.1807909604519774,0.24858757062146894,0.0903954802259887,-3.639999999999998,0.0,0.0,0.0,0.022598870056497175
stage1g_single_agent_delivery_obstacles,7,1,238424,3425,1,300,240,1,2,174.21090698242188,3.0,3.0,3.0,0.11188811188811189,0.0,0,0,1,200,50,76,26,1.0,5,0.12,0.155,0.085,-2.765,0.0,0.0,0.0,0.015
stage1g_single_agent_delivery_obstacles,7,1,238548,3426,1,300,240,1,2,231.6238555908203,4.0,4.0,4.0,0.08391608391608392,0.0,0,0,0,124,2,20,18,1.0,7,0.1693548387096774,0.25,0.12903225806451613,-2.7299999999999995,0.0,0.0,0.0,0.03225806451612903
stage1g_single_agent_delivery_obstacles,7,1,238657,3427,1,300,240,1,2,232.65223693847656,4.0,4.0,4.0,0.06293706293706294,0.0,0,0,0,109,2,8,6,1.0,3,0.1559633027522936,0.21100917431192662,0.10091743119266056,-1.9950000000000003,0.0,0.0,0.0,0.03669724770642202
stage1g_single_agent_delivery_obstacles,7,1,238748,3428,1,300,240,1,2,232.9740753173828,4.0,4.0,4.0,0.06993006993006994,0.0,0,0,0,91,3,17,14,1.0,4,0.25274725274725274,0.3516483516483517,0.12087912087912088,-2.6249999999999996,0.0,0.0,0.0,0.04395604395604396
stage1g_single_agent_delivery_obstacles,7,1,238877,3429,1,300,240,1,2,233.2545928955078,4.0,4.0,4.0,0.06993006993006994,0.0,0,0,0,129,16,26,10,1.0,5,0.17054263565891473,0.23255813953488372,0.11627906976744186,-2.625,0.0,0.0,0.0,0.031007751937984496
stage1g_single_agent_delivery_obstacles,7,1,238983,3430,1,300,240,1,2,229.9949951171875,4.0,4.0,4.0,0.055944055944055944,0.0,0,0,0,106,2,20,18,1.0,4,0.16037735849056603,0.2830188679245283,0.11320754716981132,-2.5200000000000005,0.0,0.0,0.0,0.03773584905660377
stage1g_single_agent_delivery_obstacles,7,1,239183,3431,1,300,240,1,2,173.9419403076172,3.0,3.0,3.0,0.0979020979020979,0.0,0,0,1,200,41,72,31,1.0,6,0.15,0.19,0.11,-3.4299999999999997,0.0,0.0,0.0,0.015
stage1g_single_agent_delivery_obstacles,7,1,239292,3432,1,300,240,1,2,231.67608642578125,4.0,4.0,4.0,0.0979020979020979,0.0,0,0,0,109,10,33,23,1.0,5,0.24770642201834864,0.3669724770642202,0.14678899082568808,-3.359999999999999,0.0,0.0,0.0,0.03669724770642202
stage1g_single_agent_delivery_obstacles,7,1,239446,3433,1,300,240,1,2,234.51373291015625,4.0,4.0,4.0,0.08391608391608392,0.0,0,0,0,154,49,52,3,1.0,5,0.08441558441558442,0.14935064935064934,0.05194805194805195,-1.8900000000000006,0.0,0.0,0.0,0.025974025974025976
stage1g_single_agent_delivery_obstacles,7,1,239541,3434,1,300,240,1,2,233.55857849121094,4.0,4.0,4.0,0.0979020979020979,0.0,0,0,0,95,11,25,14,1.0,4,0.24210526315789474,0.3157894736842105,0.14736842105263157,-2.59,0.0,0.0,0.0,0.042105263157894736
stage1g_single_agent_delivery_obstacles,7,1,239653,3435,1,300,240,1,2,229.83767700195312,4.0,4.0,4.0,0.04895104895104895,0.0,0,0,0,112,8,37,29,1.0,5,0.35714285714285715,0.4375,0.17857142857142858,-4.129999999999998,0.0,0.0,0.0,0.03571428571428571
stage1g_single_agent_delivery_obstacles,7,1,239810,3436,1,300,240,1,2,225.43161010742188,4.0,4.0,4.0,0.07692307692307693,0.0,0,0,0,157,18,60,42,1.0,9,0.3375796178343949,0.45222929936305734,0.17834394904458598,-5.9500000000000055,0.0,0.0,0.0,0.025477707006369428
stage1g_single_agent_delivery_obstacles,7,1,239908,3437,1,300,240,1,2,232.68585205078125,4.0,4.0,4.0,0.055944055944055944,0.0,0,0,0,98,12,18,6,1.0,3,0.22448979591836735,0.2755102040816326,0.12244897959183673,-2.3100000000000005,0.0,0.0,0.0,0.04081632653061224
stage1g_single_agent_delivery_obstacles,7,1,240017,3438,1,300,240,1,2,232.76651000976562,4.0,4.0,4.0,0.0979020979020979,0.0,0,0,0,109,6,24,18,1.0,6,0.13761467889908258,0.26605504587155965,0.10091743119266056,-2.4150000000000005,0.0,0.0,0.0,0.03669724770642202
stage1g_single_agent_delivery_obstacles,7,1,240124,3439,1,300,240,1,2,232.80258178710938,4.0,4.0,4.0,0.08391608391608392,0.0,0,0,0,107,6,34,28,1.0,5,0.3177570093457944,0.38317757009345793,0.16822429906542055,-3.4999999999999996,0.0,0.0,0.0,0.037383177570093455
stage1g_single_agent_delivery_obstacles,7,1,240253,3440,1,300,240,1,2,232.788330078125,4.0,4.0,4.0,0.08391608391608392,0.0,0,0,0,129,2,28,26,1.0,6,0.21705426356589147,0.31007751937984496,0.11627906976744186,-3.3249999999999997,0.0,0.0,0.0,0.031007751937984496
stage1g_single_agent_delivery_obstacles,7,1,240352,3441,1,300,240,1,2,230.67376708984375,4.0,4.0,4.0,0.04195804195804196,0.0,0,0,0,99,4,9,5,1.0,4,0.1111111111111111,0.21212121212121213,0.09090909090909091,-1.7850000000000004,0.0,0.0,0.0,0.04040404040404041
stage1g_single_agent_delivery_obstacles,7,1,240552,3442,1,300,240,1,2,171.39993286132812,3.0,3.0,3.0,0.06293706293706294,0.0,0,0,1,200,3,11,8,1.0,2,0.055,0.065,0.035,-1.1550000000000005,0.0,0.0,0.0,0.015
stage1g_single_agent_delivery_obstacles,7,1,240627,3443,1,300,240,1,2,233.7653045654297,4.0,4.0,4.0,0.06293706293706294,0.0,0,0,0,75,1,4,3,1.0,5,0.26666666666666666,0.3466666666666667,0.18666666666666668,-2.3100000000000005,0.0,0.0,0.0,0.05333333333333334
stage1g_single_agent_delivery_obstacles,7,1,240739,3444,1,300,240,1,2,233.93511962890625,4.0,4.0,4.0,0.08391608391608392,0.0,0,0,0,112,3,12,9,1.0,4,0.21428571428571427,0.2857142857142857,0.0625,-2.485,0.0,0.0,0.0,0.03571428571428571
stage1g_single_agent_delivery_obstacles,7,1,240934,3445,1,300,240,1,2,221.0804901123047,4.0,4.0,4.0,0.04895104895104895,0.0,0,0,0,195,2,13,11,1.0,8,0.11794871794871795,0.21025641025641026,0.11282051282051282,-3.6399999999999983,0.0,0.0,0.0,0.020512820512820513
stage1g_single_agent_delivery_obstacles,7,1,241090,3446,1,300,240,1,2,230.0155487060547,4.0,4.0,4.0,0.07692307692307693,0.0,0,0,0,156,83,85,2,1.0,6,0.09615384615384616,0.19230769230769232,0.09615384615384616,-2.625,0.0,0.0,0.0,0.02564102564102564
stage1g_single_agent_delivery_obstacles,7,1,241281,3447,1,300,240,1,2,226.51535034179688,4.0,4.0,4.0,0.09090909090909091,0.0,0,0,0,191,2,31,29,1.0,14,0.36649214659685864,0.4973821989528796,0.2513089005235602,-8.330000000000014,0.0,0.0,0.0,0.020942408376963352
stage1g_single_agent_delivery_obstacles,7,1,241481,3448,1,300,240,1,2,176.85377502441406,3.0,3.0,3.0,0.08391608391608392,0.0,0,0,1,200,38,52,14,1.0,2,0.025,0.04,0.04,-0.8400000000000001,0.0,0.0,0.0,0.015
stage1g_single_agent_delivery_obstacles,7,1,241664,3449,1,300,240,1,2,232.1156005859375,4.0,4.0,4.0,0.08391608391608392,0.0,0,0,0,183,13,47,34,1.0,8,0.18579234972677597,0.2677595628415301,0.09289617486338798,-4.024999999999999,0.0,0.0,0.0,0.02185792349726776
stage1g_single_agent_delivery_obstacles,7,1,241789,3450,1,300,240,1,2,231.49478149414062,4.0,4.0,4.0,0.08391608391608392,0.0,0,0,0,125,9,24,15,1.0,8,0.248,0.36,0.16,-3.8499999999999988,0.0,0.0,0.0,0.032
stage1g_single_agent_delivery_obstacles,7,1,241941,3451,1,300,240,1,2,231.6864471435547,4.0,4.0,4.0,0.07692307692307693,0.0,0,0,0,152,14,44,30,1.0,8,0.23026315789473684,0.29605263157894735,0.21052631578947367,-4.2700000000000005,0.0,0.0,0.0,0.02631578947368421
stage1g_single_agent_delivery_obstacles,7,1,242065,3452,1,300,240,1,2,230.3168182373047,4.0,4.0,4.0,0.04895104895104895,0.0,0,0,0,124,3,12,9,1.0,5,0.04838709677419355,0.1693548387096774,0.08870967741935484,-1.8550000000000004,0.0,0.0,0.0,0.03225806451612903
stage1g_single_agent_delivery_obstacles,7,1,242184,3453,1,300,240,1,2,232.83685302734375,4.0,4.0,4.0,0.09090909090909091,0.0,0,0,0,119,2,8,6,1.0,3,0.19327731092436976,0.25210084033613445,0.12605042016806722,-2.6250000000000004,0.0,0.0,0.0,0.03361344537815126
stage1g_single_agent_delivery_obstacles,7,1,242379,3454,1,300,240,1,2,233.1591796875,4.0,4.0,4.0,0.07692307692307693,0.0,0,0,0,195,6,23,17,1.0,4,0.07692307692307693,0.10256410256410256,0.05641025641025641,-1.785,0.0,0.0,0.0,0.020512820512820513
stage1g_single_agent_delivery_obstacles,7,1,242579,3455,1,300,240,1,2,32.59858703613281,2.0,2.0,1.0,0.07692307692307693,0.0,0,0,2,200,6,76,70,0.5,14,0.325,0.495,0.22,-8.470000000000015,0.0,0.0,0.0,0.005
stage1g_single_agent_delivery_obstacles,7,1,242757,3456,1,300,240,1,2,232.92178344726562,4.0,4.0,4.0,0.0979020979020979,0.0,0,0,0,178,8,24,16,1.0,8,0.11235955056179775,0.19101123595505617,0.07865168539325842,-2.869999999999999,0.0,0.0,0.0,0.02247191011235955
stage1g_single_agent_delivery_obstacles,7,1,242903,3457,1,300,240,1,2,233.29534912109375,4.0,4.0,4.0,0.07692307692307693,0.0,0,0,0,146,25,39,14,1.0,5,0.1643835616438356,0.2328767123287671,0.10273972602739725,-2.9049999999999994,0.0,0.0,0.0,0.0273972602739726
stage1g_single_agent_delivery_obstacles,7,1,243094,3458,1,300,240,1,2,226.69149780273438,4.0,4.0,4.0,0.06993006993006994,0.0,0,0,0,191,6,28,22,1.0,7,0.07329842931937172,0.20418848167539266,0.09947643979057591,-3.3949999999999982,0.0,0.0,0.0,0.020942408376963352
stage1g_single_agent_delivery_obstacles,7,1,243257,3459,1,300,240,1,2,231.43130493164062,4.0,4.0,4.0,0.07692307692307693,0.0,0,0,0,163,5,14,9,1.0,7,0.24539877300613497,0.3006134969325153,0.13496932515337423,-4.199999999999998,0.0,0.0,0.0,0.024539877300613498
stage1g_single_agent_delivery_obstacles,7,1,243457,3460,1,300,240,1,2,149.4353485107422,4.0,4.0,3.0,0.13986013986013987,0.0,0,0,0,200,14,31,17,0.75,6,0.075,0.165,0.07,-2.8,0.0,0.0,0.0,0.015
stage1g_single_agent_delivery_obstacles,7,1,243654,3461,1,300,240,1,2,224.1023406982422,4.0,4.0,4.0,0.08391608391608392,0.0,0,0,0,197,30,49,19,1.0,9,0.14213197969543148,0.25888324873096447,0.14720812182741116,-4.585000000000001,0.0,0.0,0.0,0.02030456852791878
stage1g_single_agent_delivery_obstacles,7,1,243804,3462,1,300,240,1,2,231.15574645996094,4.0,4.0,4.0,0.0979020979020979,0.0,0,0,0,150,2,13,11,1.0,9,0.28,0.36,0.18666666666666668,-4.760000000000001,0.0,0.0,0.0,0.02666666666666667
stage1g_single_agent_delivery_obstacles,7,1,243919,3463,1,300,240,1,2,228.48544311523438,4.0,4.0,4.0,0.06993006993006994,0.0,0,0,0,115,2,14,12,1.0,6,0.33043478260869563,0.4260869565217391,0.16521739130434782,-4.094999999999998,0.0,0.0,0.0,0.034782608695652174
stage1g_single_agent_delivery_obstacles,7,1,244081,3464,1,300,240,1,2,226.8085174560547,4.0,4.0,4.0,0.04895104895104895,0.0,0,0,0,162,5,26,21,1.0,11,0.13580246913580246,0.3148148148148148,0.1728395061728395,-4.550000000000001,0.0,0.0,0.0,0.024691358024691357
stage1g_single_agent_delivery_obstacles,7,1,244273,3465,1,300,240,1,2,232.41539001464844,4.0,4.0,4.0,0.13986013986013987,0.0,0,0,0,192,7,27,20,1.0,7,0.15104166666666666,0.19791666666666666,0.09375,-3.289999999999999,0.0,0.0,0.0,0.020833333333333332
stage1g_single_agent_delivery_obstacles,7,1,244473,3466,1,300,240,1,2,116.49516296386719,2.0,2.0,2.0,0.14685314685314685,0.0,0,0,2,200,2,18,16,1.0,4,0.08,0.12,0.045,-1.9950000000000006,0.0,0.0,0.0,0.01
stage1g_single_agent_delivery_obstacles,7,1,244670,3467,1,300,240,1,2,230.67538452148438,4.0,4.0,4.0,0.11888111888111888,0.0,0,0,0,197,3,26,23,1.0,8,0.18274111675126903,0.25380710659898476,0.1065989847715736,-4.234999999999999,0.0,0.0,0.0,0.02030456852791878
stage1g_single_agent_delivery_obstacles,7,1,244847,3468,1,300,240,1,2,227.28106689453125,4.0,4.0,4.0,0.055944055944055944,0.0,0,0,0,177,79,93,14,1.0,6,0.11864406779661017,0.1807909604519774,0.06779661016949153,-2.66,0.0,0.0,0.0,0.022598870056497175
stage1g_single_agent_delivery_obstacles,7,1,245036,3469,1,300,240,1,2,231.5386962890625,4.0,4.0,4.0,0.08391608391608392,0.0,0,0,0,189,16,26,10,1.0,6,0.164021164021164,0.21164021164021163,0.1164021164021164,-3.5699999999999994,0.0,0.0,0.0,0.021164021164021163
stage1g_single_agent_delivery_obstacles,7,1,245198,3470,1,300,240,1,2,233.07879638671875,4.0,4.0,4.0,0.07692307692307693,0.0,0,0,0,162,25,46,21,1.0,6,0.1728395061728395,0.22839506172839505,0.09259259259259259,-3.1149999999999998,0.0,0.0,0.0,0.024691358024691357
stage1g_single_agent_delivery_obstacles,7,1,245354,3471,1,300,240,1,2,232.83135986328125,4.0,4.0,4.0,0.09090909090909091,0.0,0,0,0,156,8,52,44,1.0,5,0.1987179487179487,0.23717948717948717,0.10897435897435898,-3.1849999999999996,0.0,0.0,0.0,0.02564102564102564
stage1g_single_agent_delivery_obstacles,7,1,245533,3472,1,300,240,1,2,227.85443115234375,4.0,4.0,4.0,0.06293706293706294,0.0,0,0,0,179,39,74,35,1.0,7,0.20670391061452514,0.2905027932960894,0.11731843575418995,-4.374999999999999,0.0,0.0,0.0,0.0223463687150838
stage1g_single_agent_delivery_obstacles,7,1,245733,3473,1,300,240,1,2,-34.12824630737305,1.0,1.0,0.0,0.03496503496503497,0.0,0,0,3,200,21,-1,-1,0.0,19,0.27,0.56,0.275,-9.765000000000022,0.0,0.0,0.0,0.0
stage1g_single_agent_delivery_obstacles,7,1,245921,3474,1,300,240,1,2,232.69415283203125,4.0,4.0,4.0,0.0979020979020979,0.0,0,0,0,188,3,21,18,1.0,5,0.10638297872340426,0.15425531914893617,0.05319148936170213,-2.38,0.0,0.0,0.0,0.02127659574468085
stage1g_single_agent_delivery_obstacles,7,1,246121,3475,1,300,240,1,2,79.86672973632812,3.0,3.0,2.0,0.055944055944055944,0.0,0,0,1,200,3,51,48,0.6666666666666666,20,0.365,0.6,0.295,-10.465000000000025,0.0,0.0,0.0,0.01
stage1g_single_agent_delivery_obstacles,7,1,246260,3476,1,300,240,1,2,232.04800415039062,4.0,4.0,4.0,0.1258741258741259,0.0,0,0,0,139,2,16,14,1.0,5,0.19424460431654678,0.2949640287769784,0.05755395683453238,-3.1499999999999986,0.0,0.0,0.0,0.02877697841726619
stage1g_single_agent_delivery_obstacles,7,1,246381,3477,1,300,240,1,2,232.07667541503906,4.0,4.0,4.0,0.07692307692307693,0.0,0,0,0,121,2,16,14,1.0,4,0.1487603305785124,0.2396694214876033,0.08264462809917356,-2.3800000000000003,0.0,0.0,0.0,0.03305785123966942
stage1g_single_agent_delivery_obstacles,7,1,246561,3478,1,300,240,1,2,226.0503387451172,4.0,4.0,4.0,0.08391608391608392,0.0,0,0,0,180,2,5,3,1.0,13,0.4111111111111111,0.49444444444444446,0.26666666666666666,-7.910000000000014,0.0,0.0,0.0,0.022222222222222223
stage1g_single_agent_delivery_obstacles,7,1,246740,3479,1,300,240,1,2,233.2360076904297,4.0,4.0,4.0,0.09090909090909091,0.0,0,0,0,179,18,19,1,1.0,5,0.11731843575418995,0.16759776536312848,0.061452513966480445,-2.4849999999999994,0.0,0.0,0.0,0.0223463687150838
stage1g_single_agent_delivery_obstacles,7,1,246940,3480,1,300,240,1,2,174.66104125976562,3.0,3.0,3.0,0.1048951048951049,0.0,0,0,1,200,23,44,21,1.0,5,0.1,0.145,0.055,-2.415,0.0,0.0,0.0,0.015
stage1g_single_agent_delivery_obstacles,7,1,247077,3481,1,300,240,1,2,228.8626251220703,4.0,4.0,4.0,0.055944055944055944,0.0,0,0,0,137,2,25,23,1.0,8,0.2116788321167883,0.31386861313868614,0.145985401459854,-3.709999999999999,0.0,0.0,0.0,0.029197080291970802
stage1g_single_agent_delivery_obstacles,7,1,247277,3482,1,300,240,1,2,112.05272674560547,2.0,2.0,2.0,0.06993006993006994,0.0,0,0,2,200,5,14,9,1.0,3,0.04,0.06,0.035,-1.0850000000000004,0.0,0.0,0.0,0.01
stage1g_single_agent_delivery_obstacles,7,1,247473,3483,1,300,240,1,2,229.39138793945312,4.0,4.0,4.0,0.07692307692307693,0.0,0,0,0,196,7,80,73,1.0,10,0.2193877551020408,0.32142857142857145,0.11224489795918367,-5.180000000000003,0.0,0.0,0.0,0.02040816326530612
stage1g_single_agent_delivery_obstacles,7,1,247622,3484,1,300,240,1,2,232.3819580078125,4.0,4.0,4.0,0.08391608391608392,0.0,0,0,0,149,5,7,2,1.0,2,0.0738255033557047,0.11409395973154363,0.06040268456375839,-1.5050000000000003,0.0,0.0,0.0,0.026845637583892617
stage1g_single_agent_delivery_obstacles,7,1,247815,3485,1,300,240,1,2,231.71511840820312,4.0,4.0,4.0,0.07692307692307693,0.0,0,0,0,193,9,33,24,1.0,6,0.18652849740932642,0.22797927461139897,0.11398963730569948,-3.849999999999999,0.0,0.0,0.0,0.02072538860103627
stage1g_single_agent_delivery_obstacles,7,1,247909,3486,1,300,240,1,2,233.6186065673828,4.0,4.0,4.0,0.06293706293706294,0.0,0,0,0,94,14,17,3,1.0,3,0.22340425531914893,0.2765957446808511,0.09574468085106383,-2.1350000000000007,0.0,0.0,0.0,0.0425531914893617
stage1g_single_agent_delivery_obstacles,7,1,247993,3487,1,300,240,1,2,233.05348205566406,4.0,4.0,4.0,0.055944055944055944,0.0,0,0,0,84,3,6,3,1.0,3,0.23809523809523808,0.3333333333333333,0.10714285714285714,-2.275000000000001,0.0,0.0,0.0,0.047619047619047616
stage1g_single_agent_delivery_obstacles,7,1,248147,3488,1,300,240,1,2,230.9352264404297,4.0,4.0,4.0,0.07692307692307693,0.0,0,0,0,154,4,23,19,1.0,6,0.16233766233766234,0.2532467532467532,0.11688311688311688,-3.3599999999999985,0.0,0.0,0.0,0.025974025974025976
stage1g_single_agent_delivery_obstacles,7,1,248290,3489,1,300,240,1,2,232.85926818847656,4.0,4.0,4.0,0.11888111888111888,0.0,0,0,0,143,4,19,15,1.0,8,0.17482517482517482,0.26573426573426573,0.13986013986013987,-3.3599999999999985,0.0,0.0,0.0,0.027972027972027972
stage1g_single_agent_delivery_obstacles,7,1,248483,3490,1,300,240,1,2,222.14779663085938,4.0,4.0,4.0,0.07692307692307693,0.0,0,0,0,193,21,47,26,1.0,7,0.20725388601036268,0.35751295336787564,0.14507772020725387,-5.810000000000005,0.0,0.0,0.0,0.02072538860103627
stage1g_single_agent_delivery_obstacles,7,1,248635,3491,1,300,240,1,2,230.88470458984375,4.0,4.0,4.0,0.09090909090909091,0.0,0,0,0,152,3,11,8,1.0,8,0.18421052631578946,0.2631578947368421,0.1513157894736842,-3.604999999999999,0.0,0.0,0.0,0.02631578947368421
stage2a_small_swarm_carry_bootstrap,8,1,248773,3492,3,260,220,1,0,59.64683151245117,0.0,0.0,3.0,0.16363636363636364,0.0,0,0,0,23,-1,10,-1,3.0,3,0.17391304347826086,0.6086956521739131,0.43478260869565216,-1.5200000000000005,0.0,0.0,0.0,0.13043478260869565
stage2a_small_swarm_carry_bootstrap,8,1,248962,3493,3,260,220,1,0,56.87540817260742,0.0,0.0,3.0,0.22727272727272727,0.0,0,0,0,63,-1,7,-1,3.0,8,0.23809523809523808,0.5714285714285714,0.42857142857142855,-3.9600000000000026,0.0,0.0,0.0,0.047619047619047616
stage2a_small_swarm_carry_bootstrap,8,1,249055,3494,3,260,220,1,0,59.5930290222168,0.0,0.0,3.0,0.2818181818181818,0.0,0,0,0,31,-1,14,-1,3.0,3,0.22580645161290322,0.7419354838709677,0.3548387096774194,-2.2800000000000007,0.0,0.0,0.0,0.0967741935483871
stage2a_small_swarm_carry_bootstrap,8,1,249217,3495,3,260,220,1,0,56.53975296020508,0.0,0.0,3.0,0.2545454545454545,0.0,0,0,0,54,-1,26,-1,3.0,9,0.3333333333333333,0.8518518518518519,0.42592592592592593,-4.600000000000002,0.0,0.0,0.0,0.05555555555555555
stage2a_small_swarm_carry_bootstrap,8,1,249427,3496,3,260,220,1,0,57.44944763183594,0.0,0.0,3.0,0.32727272727272727,0.0,0,0,0,70,-1,4,-1,3.0,9,0.4714285714285714,0.8285714285714286,0.45714285714285713,-5.9200000000000035,0.0,0.0,0.0,0.04285714285714286
stage2a_small_swarm_carry_bootstrap,8,1,249487,3497,3,260,220,1,0,59.698028564453125,0.0,0.0,3.0,0.2,0.0,0,0,0,20,-1,3,-1,3.0,3,0.25,0.6,0.4,-1.2800000000000002,0.0,0.0,0.0,0.15
stage2a_small_swarm_carry_bootstrap,8,1,249556,3498,3,260,220,1,0,59.820098876953125,0.0,0.0,3.0,0.18181818181818182,0.0,0,0,0,23,-1,8,-1,3.0,2,0.13043478260869565,0.43478260869565216,0.34782608695652173,-1.12,0.0,0.0,0.0,0.13043478260869565
stage2a_small_swarm_carry_bootstrap,8,1,249607,3499,3,260,220,1,0,59.9701042175293,0.0,0.0,3.0,0.14545454545454545,0.0,0,0,0,17,-1,3,-1,3.0,2,0.11764705882352941,0.35294117647058826,0.35294117647058826,-0.7200000000000001,0.0,0.0,0.0,0.17647058823529413
stage2a_small_swarm_carry_bootstrap,8,1,249712,3500,3,260,220,1,0,59.11129379272461,0.0,0.0,3.0,0.2636363636363636,0.0,0,0,0,35,-1,12,-1,3.0,5,0.17142857142857143,0.6285714285714286,0.5428571428571428,-2.5200000000000005,0.0,0.0,0.0,0.08571428571428572
stage2a_small_swarm_carry_bootstrap,8,1,249829,3501,3,260,220,1,0,58.35036087036133,0.0,0.0,3.0,0.22727272727272727,0.0,0,0,0,39,-1,21,-1,3.0,6,0.28205128205128205,0.9230769230769231,0.46153846153846156,-3.600000000000002,0.0,0.0,0.0,0.07692307692307693
stage2a_small_swarm_carry_bootstrap,8,1,250030,3502,3,260,220,1,0,58.06158447265625,0.0,0.0,3.0,0.45454545454545453,0.0,0,0,0,67,-1,11,-1,3.0,8,0.34328358208955223,0.746268656716418,0.5074626865671642,-5.360000000000003,0.0,0.0,0.0,0.04477611940298507
stage2a_small_swarm_carry_bootstrap,8,1,250129,3503,3,260,220,1,0,58.5600700378418,0.0,0.0,3.0,0.19090909090909092,0.0,0,0,0,33,-1,9,-1,3.0,2,0.15151515151515152,0.45454545454545453,0.36363636363636365,-1.6800000000000006,0.0,0.0,0.0,0.09090909090909091
stage2a_small_swarm_carry_bootstrap,8,1,250168,3504,3,260,220,1,0,59.83597946166992,0.0,0.0,3.0,0.10909090909090909,0.0,0,0,0,13,-1,4,-1,3.0,0,0.0,0.5384615384615384,0.38461538461538464,-0.76,0.0,0.0,0.0,0.23076923076923078
stage2a_small_swarm_carry_bootstrap,8,1,250279,3505,3,260,220,1,0,58.541961669921875,0.0,0.0,3.0,0.2545454545454545,0.0,0,0,0,37,-1,21,-1,3.0,5,0.1891891891891892,0.8648648648648649,0.5405405405405406,-3.3600000000000008,0.0,0.0,0.0,0.08108108108108109
stage2a_small_swarm_carry_bootstrap,8,1,250315,3506,3,260,220,1,0,59.90997314453125,0.0,0.0,3.0,0.12727272727272726,0.0,0,0,0,12,-1,4,-1,3.0,0,0.0,0.5,0.4166666666666667,-0.68,0.0,0.0,0.0,0.25
stage2a_small_swarm_carry_bootstrap,8,1,250363,3507,3,260,220,1,0,59.8221435546875,0.0,0.0,3.0,0.11818181818181818,0.0,0,0,0,16,-1,4,-1,3.0,1,0.125,0.4375,0.375,-0.7999999999999999,0.0,0.0,0.0,0.1875
stage2a_small_swarm_carry_bootstrap,8,1,250420,3508,3,260,220,1,0,59.3339958190918,0.0,0.0,3.0,0.13636363636363635,0.0,0,0,0,19,-1,11,-1,3.0,3,0.3157894736842105,0.8947368421052632,0.7894736842105263,-1.96,0.0,0.0,0.0,0.15789473684210525
stage2a_small_swarm_carry_bootstrap,8,1,250513,3509,3,260,220,1,0,59.055023193359375,0.0,0.0,3.0,0.23636363636363636,0.0,0,0,0,31,-1,9,-1,3.0,3,0.2903225806451613,0.7096774193548387,0.5483870967741935,-2.4400000000000004,0.0,0.0,0.0,0.0967741935483871
stage2a_small_swarm_carry_bootstrap,8,1,250645,3510,3,260,220,1,0,58.83726501464844,0.0,0.0,3.0,0.24545454545454545,0.0,0,0,0,44,-1,24,-1,3.0,7,0.5,0.9772727272727273,0.6136363636363636,-4.520000000000002,0.0,0.0,0.0,0.06818181818181818
stage2a_small_swarm_carry_bootstrap,8,1,250726,3511,3,260,220,1,0,58.7370491027832,0.0,0.0,3.0,0.16363636363636364,0.0,0,0,0,27,-1,12,-1,3.0,4,0.4074074074074074,0.8888888888888888,0.7407407407407407,-2.7200000000000006,0.0,0.0,0.0,0.1111111111111111
stage2a_small_swarm_carry_bootstrap,8,1,250816,3512,3,260,220,1,0,58.01576614379883,0.0,0.0,3.0,0.16363636363636364,0.0,0,0,0,30,-1,13,-1,3.0,4,0.5333333333333333,1.1333333333333333,0.9,-3.8000000000000016,0.0,0.0,0.0,0.1
stage2a_small_swarm_carry_bootstrap,8,1,250897,3513,3,260,220,1,0,59.79248046875,0.0,0.0,3.0,0.2636363636363636,0.0,0,0,0,27,-1,10,-1,3.0,2,0.1111111111111111,0.48148148148148145,0.18518518518518517,-1.2399999999999998,0.0,0.0,0.0,0.1111111111111111
stage2a_small_swarm_carry_bootstrap,8,1,250969,3514,3,260,220,1,0,58.90290451049805,0.0,0.0,3.0,0.11818181818181818,0.0,0,0,0,24,-1,19,-1,3.0,5,0.5833333333333334,1.3333333333333333,0.75,-3.2800000000000007,0.0,0.0,0.0,0.125
stage2a_small_swarm_carry_bootstrap,8,1,251029,3515,3,260,220,1,0,59.76726150512695,0.0,0.0,3.0,0.17272727272727273,0.0,0,0,0,20,-1,12,-1,3.0,2,0.1,0.6,0.45,-1.3200000000000003,0.0,0.0,0.0,0.15
stage2a_small_swarm_carry_bootstrap,8,1,251140,3516,3,260,220,1,0,59.1952018737793,0.0,0.0,3.0,0.2909090909090909,0.0,0,0,0,37,-1,12,-1,3.0,4,0.1891891891891892,0.5405405405405406,0.2972972972972973,-2.0400000000000005,0.0,0.0,0.0,0.08108108108108109
stage2a_small_swarm_carry_bootstrap,8,1,251215,3517,3,260,220,1,0,59.42303466796875,0.0,0.0,3.0,0.17272727272727273,0.0,0,0,0,25,-1,5,-1,3.0,2,0.36,0.76,0.48,-2.0,0.0,0.0,0.0,0.12
stage2a_small_swarm_carry_bootstrap,8,1,251344,3518,3,260,220,1,0,57.993408203125,0.0,0.0,3.0,0.21818181818181817,0.0,0,0,0,43,-1,24,-1,3.0,5,0.627906976744186,1.0232558139534884,0.7906976744186046,-4.880000000000002,0.0,0.0,0.0,0.06976744186046512
stage2a_small_swarm_carry_bootstrap,8,1,251437,3519,3,260,220,1,0,59.372615814208984,0.0,0.0,3.0,0.23636363636363636,0.0,0,0,0,31,-1,17,-1,3.0,2,0.06451612903225806,0.5483870967741935,0.45161290322580644,-1.9200000000000004,0.0,0.0,0.0,0.0967741935483871
stage2a_small_swarm_carry_bootstrap,8,1,251512,3520,3,260,220,1,0,59.46931838989258,0.0,0.0,3.0,0.24545454545454545,0.0,0,0,0,25,-1,8,-1,3.0,3,0.2,0.56,0.36,-1.4800000000000004,0.0,0.0,0.0,0.12
stage2a_small_swarm_carry_bootstrap,8,1,251596,3521,3,260,220,1,0,58.93620681762695,0.0,0.0,3.0,0.18181818181818182,0.0,0,0,0,28,-1,21,-1,3.0,5,0.6071428571428571,1.1785714285714286,0.8571428571428571,-3.600000000000001,0.0,0.0,0.0,0.10714285714285714
stage2a_small_swarm_carry_bootstrap,8,1,251680,3522,3,260,220,1,0,59.55842590332031,0.0,0.0,3.0,0.22727272727272727,0.0,0,0,0,28,-1,19,-1,3.0,2,0.2857142857142857,0.7142857142857143,0.5,-2.1600000000000006,0.0,0.0,0.0,0.10714285714285714
stage2a_small_swarm_carry_bootstrap,8,1,251800,3523,3,260,220,1,0,58.55048751831055,0.0,0.0,3.0,0.3,0.0,0,0,0,40,-1,18,-1,3.0,6,0.375,0.925,0.525,-3.8000000000000016,0.0,0.0,0.0,0.075
stage2a_small_swarm_carry_bootstrap,8,1,252340,3524,3,260,220,1,0,-41.68083190917969,0.0,0.0,0.0,0.2818181818181818,0.0,0,0,0,180,-1,-1,-1,0.0,39,1.5166666666666666,2.172222222222222,1.538888888888889,-42.36000000000001,0.0,0.0,0.0,0.0
stage2a_small_swarm_carry_bootstrap,8,1,252418,3525,3,260,220,1,0,59.25285720825195,0.0,0.0,3.0,0.18181818181818182,0.0,0,0,0,26,-1,7,-1,3.0,3,0.5769230769230769,0.9230769230769231,0.46153846153846156,-2.4000000000000004,0.0,0.0,0.0,0.11538461538461539
stage2a_small_swarm_carry_bootstrap,8,1,252505,3526,3,260,220,1,0,57.908145904541016,0.0,0.0,3.0,0.18181818181818182,0.0,0,0,0,29,-1,2,-1,3.0,2,0.10344827586206896,0.41379310344827586,0.27586206896551724,-1.2800000000000002,0.0,0.0,0.0,0.10344827586206896
stage2a_small_swarm_carry_bootstrap,8,1,252538,3527,3,260,220,1,0,60.08674240112305,0.0,0.0,3.0,0.17272727272727273,0.0,0,0,0,11,-1,5,-1,3.0,0,0.0,0.18181818181818182,0.09090909090909091,-0.2,0.0,0.0,0.0,0.2727272727272727
stage2a_small_swarm_carry_bootstrap,8,1,252640,3528,3,260,220,1,0,59.52169418334961,0.0,0.0,3.0,0.23636363636363636,0.0,0,0,0,34,-1,31,-1,3.0,4,0.20588235294117646,0.8529411764705882,0.5294117647058824,-3.0400000000000005,0.0,0.0,0.0,0.08823529411764706
stage2a_small_swarm_carry_bootstrap,8,1,252706,3529,3,260,220,1,0,59.69207763671875,0.0,0.0,3.0,0.2,0.0,0,0,0,22,-1,14,-1,3.0,2,0.09090909090909091,0.6818181818181818,0.45454545454545453,-1.6000000000000005,0.0,0.0,0.0,0.13636363636363635
stage2a_small_swarm_carry_bootstrap,8,1,252820,3530,3,260,220,1,0,59.07942581176758,0.0,0.0,3.0,0.24545454545454545,0.0,0,0,0,38,-1,6,-1,3.0,5,0.2894736842105263,0.7368421052631579,0.631578947368421,-3.200000000000001,0.0,0.0,0.0,0.07894736842105263
stage2a_small_swarm_carry_bootstrap,8,1,253132,3531,3,260,220,1,0,54.691829681396484,0.0,0.0,3.0,0.36363636363636365,0.0,0,0,0,104,-1,19,-1,3.0,13,0.6442307692307693,1.1057692307692308,0.6730769230769231,-11.99999999999999,0.0,0.0,0.0,0.028846153846153848
stage2a_small_swarm_carry_bootstrap,8,1,253189,3532,3,260,220,1,0,59.80897521972656,0.0,0.0,3.0,0.2,0.0,0,0,0,19,-1,2,-1,3.0,1,0.10526315789473684,0.42105263157894735,0.47368421052631576,-1.0,0.0,0.0,0.0,0.15789473684210525
stage2a_small_swarm_carry_bootstrap,8,1,253291,3533,3,260,220,1,0,59.09443664550781,0.0,0.0,3.0,0.2636363636363636,0.0,0,0,0,34,-1,15,-1,3.0,4,0.23529411764705882,0.6764705882352942,0.47058823529411764,-2.4800000000000004,0.0,0.0,0.0,0.08823529411764706
stage2a_small_swarm_carry_bootstrap,8,1,253408,3534,3,260,220,1,0,58.41353988647461,0.0,0.0,3.0,0.23636363636363636,0.0,0,0,0,39,-1,32,-1,3.0,6,0.717948717948718,1.1794871794871795,0.7692307692307693,-4.880000000000003,0.0,0.0,0.0,0.07692307692307693
stage2a_small_swarm_carry_bootstrap,8,1,253630,3535,3,260,220,1,0,57.61395263671875,0.0,0.0,3.0,0.4,0.0,0,0,0,74,-1,24,-1,3.0,8,0.40540540540540543,0.7162162162162162,0.4594594594594595,-5.600000000000003,0.0,0.0,0.0,0.04054054054054054
stage2a_small_swarm_carry_bootstrap,8,1,253798,3536,3,260,220,1,0,58.22275924682617,0.0,0.0,3.0,0.33636363636363636,0.0,0,0,0,56,-1,7,-1,3.0,4,0.2857142857142857,0.6964285714285714,0.44642857142857145,-4.120000000000002,0.0,0.0,0.0,0.05357142857142857
stage2a_small_swarm_carry_bootstrap,8,1,254110,3537,3,260,220,1,0,53.34721374511719,0.0,0.0,3.0,0.3,0.0,0,0,0,104,-1,26,-1,3.0,11,0.6057692307692307,0.8942307692307693,0.6826923076923077,-10.279999999999994,0.0,0.0,0.0,0.028846153846153848
stage2a_small_swarm_carry_bootstrap,8,1,254209,3538,3,260,220,1,0,59.14781188964844,0.0,0.0,3.0,0.23636363636363636,0.0,0,0,0,33,-1,17,-1,3.0,3,0.42424242424242425,0.9090909090909091,0.45454545454545453,-3.0000000000000018,0.0,0.0,0.0,0.09090909090909091
stage2a_small_swarm_carry_bootstrap,8,1,254362,3539,3,260,220,1,0,58.560882568359375,0.0,0.0,3.0,0.2818181818181818,0.0,0,0,0,51,-1,3,-1,3.0,3,0.3137254901960784,0.5490196078431373,0.49019607843137253,-3.240000000000002,0.0,0.0,0.0,0.058823529411764705
stage2a_small_swarm_carry_bootstrap,8,1,254500,3540,3,260,220,1,0,57.90765380859375,0.0,0.0,3.0,0.2636363636363636,0.0,0,0,0,46,-1,27,-1,3.0,7,0.4782608695652174,0.8913043478260869,0.6739130434782609,-4.520000000000002,0.0,0.0,0.0,0.06521739130434782
stage2a_small_swarm_carry_bootstrap,8,1,254698,3541,3,260,220,1,0,57.70237350463867,0.0,0.0,3.0,0.39090909090909093,0.0,0,0,0,66,-1,28,-1,3.0,6,0.22727272727272727,0.7575757575757576,0.6060606060606061,-5.600000000000003,0.0,0.0,0.0,0.045454545454545456
stage2a_small_swarm_carry_bootstrap,8,1,254836,3542,3,260,220,1,0,58.36516189575195,0.0,0.0,3.0,0.3181818181818182,0.0,0,0,0,46,-1,4,-1,3.0,5,0.30434782608695654,0.6521739130434783,0.391304347826087,-3.1200000000000014,0.0,0.0,0.0,0.06521739130434782
stage2a_small_swarm_carry_bootstrap,8,1,254950,3543,3,260,220,1,0,59.25960159301758,0.0,0.0,3.0,0.23636363636363636,0.0,0,0,0,38,-1,6,-1,3.0,2,0.34210526315789475,0.6578947368421053,0.34210526315789475,-2.520000000000001,0.0,0.0,0.0,0.07894736842105263
stage2a_small_swarm_carry_bootstrap,8,1,255031,3544,3,260,220,1,0,58.835269927978516,0.0,0.0,3.0,0.18181818181818182,0.0,0,0,0,27,-1,4,-1,3.0,2,0.18518518518518517,0.5185185185185185,0.25925925925925924,-1.4000000000000004,0.0,0.0,0.0,0.1111111111111111
stage2a_small_swarm_carry_bootstrap,8,1,255109,3545,3,260,220,1,0,59.74955749511719,0.0,0.0,3.0,0.23636363636363636,0.0,0,0,0,26,-1,10,-1,3.0,2,0.23076923076923078,0.5769230769230769,0.34615384615384615,-1.56,0.0,0.0,0.0,0.11538461538461539
stage2a_small_swarm_carry_bootstrap,8,1,255208,3546,3,260,220,1,0,59.64358139038086,0.0,0.0,3.0,0.3090909090909091,0.0,0,0,0,33,-1,26,-1,3.0,4,0.18181818181818182,0.7272727272727273,0.42424242424242425,-2.4800000000000004,0.0,0.0,0.0,0.09090909090909091
stage2a_small_swarm_carry_bootstrap,8,1,255361,3547,3,260,220,1,0,59.127071380615234,0.0,0.0,3.0,0.36363636363636365,0.0,0,0,0,51,-1,17,-1,3.0,2,0.27450980392156865,0.5882352941176471,0.35294117647058826,-3.1200000000000014,0.0,0.0,0.0,0.058823529411764705
stage2a_small_swarm_carry_bootstrap,8,1,255469,3548,3,260,220,1,0,58.9039192199707,0.0,0.0,3.0,0.22727272727272727,0.0,0,0,0,36,-1,11,-1,3.0,2,0.3888888888888889,0.8055555555555556,0.5277777777777778,-3.0800000000000014,0.0,0.0,0.0,0.08333333333333333
stage2a_small_swarm_carry_bootstrap,8,1,255574,3549,3,260,220,1,0,58.83394241333008,0.0,0.0,3.0,0.2727272727272727,0.0,0,0,0,35,-1,24,-1,3.0,5,0.5714285714285714,0.9714285714285714,0.5714285714285714,-3.5200000000000014,0.0,0.0,0.0,0.08571428571428572
stage2a_small_swarm_carry_bootstrap,8,1,255850,3550,3,260,220,1,0,53.91673278808594,0.0,0.0,3.0,0.23636363636363636,0.0,0,0,0,92,-1,40,-1,3.0,9,0.8586956521739131,1.2717391304347827,0.9891304347826086,-12.999999999999982,0.0,0.0,0.0,0.03260869565217391
stage2a_small_swarm_carry_bootstrap,8,1,256390,3551,3,260,220,1,0,25.98439598083496,0.0,0.0,2.0,0.33636363636363636,0.0,0,0,0,180,-1,9,-1,2.0,14,0.4777777777777778,0.7055555555555556,0.4722222222222222,-13.559999999999981,0.0,0.0,0.0,0.011111111111111112
stage2a_small_swarm_carry_bootstrap,8,1,256456,3552,3,260,220,1,0,59.461334228515625,0.0,0.0,3.0,0.18181818181818182,0.0,0,0,0,22,-1,10,-1,3.0,3,0.18181818181818182,0.6363636363636364,0.5909090909090909,-1.6400000000000001,0.0,0.0,0.0,0.13636363636363635
stage2a_small_swarm_carry_bootstrap,8,1,256495,3553,3,260,220,1,0,59.94675827026367,0.0,0.0,3.0,0.11818181818181818,0.0,0,0,0,13,-1,5,-1,3.0,0,0.0,0.38461538461538464,0.3076923076923077,-0.56,0.0,0.0,0.0,0.23076923076923078
stage2a_small_swarm_carry_bootstrap,8,1,256618,3554,3,260,220,1,0,59.20285415649414,0.0,0.0,3.0,0.32727272727272727,0.0,0,0,0,41,-1,8,-1,3.0,5,0.34146341463414637,0.8048780487804879,0.4146341463414634,-3.3200000000000016,0.0,0.0,0.0,0.07317073170731707
stage2a_small_swarm_carry_bootstrap,8,1,256699,3555,3,260,220,1,0,59.302734375,0.0,0.0,3.0,0.18181818181818182,0.0,0,0,0,27,-1,23,-1,3.0,3,0.2222222222222222,0.9259259259259259,0.6666666666666666,-2.720000000000001,0.0,0.0,0.0,0.1111111111111111
stage2a_small_swarm_carry_bootstrap,8,1,256828,3556,3,260,220,1,0,58.20603942871094,0.0,0.0,3.0,0.3,0.0,0,0,0,43,-1,12,-1,3.0,5,0.20930232558139536,0.5581395348837209,0.37209302325581395,-2.5600000000000005,0.0,0.0,0.0,0.06976744186046512
stage2a_small_swarm_carry_bootstrap,8,1,256966,3557,3,260,220,1,0,58.886505126953125,0.0,0.0,3.0,0.35454545454545455,0.0,0,0,0,46,-1,11,-1,3.0,3,0.34782608695652173,0.6086956521739131,0.5,-3.160000000000002,0.0,0.0,0.0,0.06521739130434782
stage2a_small_swarm_carry_bootstrap,8,1,257506,3558,3,260,220,1,0,23.396520614624023,0.0,0.0,2.0,0.34545454545454546,0.0,0,0,0,180,-1,39,-1,2.0,16,0.7666666666666667,1.0444444444444445,0.7388888888888889,-20.359999999999978,0.0,0.0,0.0,0.011111111111111112
stage2a_small_swarm_carry_bootstrap,8,1,257623,3559,3,260,220,1,0,59.04807662963867,0.0,0.0,3.0,0.2636363636363636,0.0,0,0,0,39,-1,24,-1,3.0,4,0.358974358974359,0.8974358974358975,0.48717948717948717,-3.5600000000000014,0.0,0.0,0.0,0.07692307692307693
stage2a_small_swarm_carry_bootstrap,8,1,258163,3560,3,260,220,1,0,21.23471450805664,0.0,0.0,2.0,0.39090909090909093,0.0,0,0,0,180,-1,16,-1,2.0,20,0.8277777777777777,1.1333333333333333,0.85,-22.439999999999984,0.0,0.0,0.0,0.011111111111111112
stage2a_small_swarm_carry_bootstrap,8,1,258223,3561,3,260,220,1,0,59.41328811645508,0.0,0.0,3.0,0.16363636363636364,0.0,0,0,0,20,-1,13,-1,3.0,3,0.3,0.9,0.65,-1.9600000000000009,0.0,0.0,0.0,0.15
stage2a_small_swarm_carry_bootstrap,8,1,258763,3562,3,260,220,1,0,21.3419132232666,0.0,0.0,2.0,0.33636363636363636,0.0,0,0,0,180,-1,10,-1,2.0,18,0.8666666666666667,1.1277777777777778,0.7777777777777778,-21.83999999999997,0.0,0.0,0.0,0.011111111111111112
stage2a_small_swarm_carry_bootstrap,8,1,258958,3563,3,260,220,1,0,57.38734436035156,0.0,0.0,3.0,0.23636363636363636,0.0,0,0,0,65,-1,9,-1,3.0,6,0.4,0.8769230769230769,0.6461538461538462,-6.240000000000004,0.0,0.0,0.0,0.046153846153846156
stage2a_small_swarm_carry_bootstrap,8,1,259033,3564,3,260,220,1,0,59.327667236328125,0.0,0.0,3.0,0.15454545454545454,0.0,0,0,0,25,-1,8,-1,3.0,3,0.4,0.76,0.56,-2.080000000000001,0.0,0.0,0.0,0.12
stage2a_small_swarm_carry_bootstrap,8,1,259174,3565,3,260,220,1,0,58.34443283081055,0.0,0.0,3.0,0.3,0.0,0,0,0,47,-1,2,-1,3.0,2,0.5319148936170213,0.7659574468085106,0.425531914893617,-3.6800000000000015,0.0,0.0,0.0,0.06382978723404255
stage2a_small_swarm_carry_bootstrap,8,1,259714,3566,3,260,220,1,0,-8.220107078552246,0.0,0.0,1.0,0.3,0.0,0,0,0,180,-1,9,-1,1.0,27,1.0055555555555555,1.4388888888888889,1.0555555555555556,-28.319999999999947,0.0,0.0,0.0,0.005555555555555556
stage2a_small_swarm_carry_bootstrap,8,1,259786,3567,3,260,220,1,0,58.98104476928711,0.0,0.0,3.0,0.15454545454545454,0.0,0,0,0,24,-1,15,-1,3.0,4,0.4583333333333333,1.0833333333333333,1.0833333333333333,-3.120000000000001,0.0,0.0,0.0,0.125
stage2a_small_swarm_carry_bootstrap,8,1,259894,3568,3,260,220,1,0,59.74570846557617,0.0,0.0,3.0,0.2727272727272727,0.0,0,0,0,36,-1,22,-1,3.0,2,0.05555555555555555,0.6111111111111112,0.3888888888888889,-2.3200000000000003,0.0,0.0,0.0,0.08333333333333333
stage2a_small_swarm_carry_bootstrap,8,1,260110,3569,3,260,220,1,0,57.5806770324707,0.0,0.0,3.0,0.34545454545454546,0.0,0,0,0,72,-1,13,-1,3.0,7,0.3611111111111111,0.8333333333333334,0.5416666666666666,-6.360000000000003,0.0,0.0,0.0,0.041666666666666664
stage2a_small_swarm_carry_bootstrap,8,1,260650,3570,3,260,220,1,0,-6.906968593597412,0.0,0.0,1.0,0.33636363636363636,0.0,0,0,0,180,-1,9,-1,1.0,29,0.9,1.3777777777777778,0.9,-26.319999999999947,0.0,0.0,0.0,0.005555555555555556
stage2a_small_swarm_carry_bootstrap,8,1,260692,3571,3,260,220,1,0,59.734130859375,0.0,0.0,3.0,0.12727272727272726,0.0,0,0,0,14,-1,11,-1,3.0,1,0.14285714285714285,0.7857142857142857,0.35714285714285715,-1.08,0.0,0.0,0.0,0.21428571428571427
stage2a_small_swarm_carry_bootstrap,8,1,260734,3572,3,260,220,1,0,59.78194046020508,0.0,0.0,3.0,0.15454545454545454,0.0,0,0,0,14,-1,8,-1,3.0,2,0.2857142857142857,0.7142857142857143,0.5714285714285714,-1.12,0.0,0.0,0.0,0.21428571428571427
stage2a_small_swarm_carry_bootstrap,8,1,260851,3573,3,260,220,1,0,59.02299880981445,0.0,0.0,3.0,0.2909090909090909,0.0,0,0,0,39,-1,5,-1,3.0,5,0.3076923076923077,0.717948717948718,0.41025641025641024,-2.8800000000000012,0.0,0.0,0.0,0.07692307692307693
stage2a_small_swarm_carry_bootstrap,8,1,260890,3574,3,260,220,1,0,59.40544509887695,0.0,0.0,3.0,0.11818181818181818,0.0,0,0,0,13,-1,4,-1,3.0,2,0.38461538461538464,0.6153846153846154,0.46153846153846156,-0.88,0.0,0.0,0.0,0.23076923076923078
stage2a_small_swarm_carry_bootstrap,8,1,261430,3575,3,260,220,1,0,21.214048385620117,0.0,0.0,2.0,0.3,0.0,0,0,0,180,-1,8,-1,2.0,16,0.6611111111111111,0.9277777777777778,0.6222222222222222,-17.83999999999997,0.0,0.0,0.0,0.011111111111111112
stage2a_small_swarm_carry_bootstrap,8,1,261580,3576,3,260,220,1,0,58.611270904541016,0.0,0.0,3.0,0.2909090909090909,0.0,0,0,0,50,-1,25,-1,3.0,7,0.52,1.0,0.62,-5.240000000000002,0.0,0.0,0.0,0.06
stage2a_small_swarm_carry_bootstrap,8,1,261715,3577,3,260,220,1,0,58.5109748840332,0.0,0.0,3.0,0.3,0.0,0,0,0,45,-1,18,-1,3.0,5,0.4666666666666667,0.9111111111111111,0.5777777777777777,-4.320000000000003,0.0,0.0,0.0,0.06666666666666667
stage2a_small_swarm_carry_bootstrap,8,1,261847,3578,3,260,220,1,0,57.97403335571289,0.0,0.0,3.0,0.18181818181818182,0.0,0,0,0,44,-1,14,-1,3.0,4,0.4772727272727273,0.9772727272727273,0.6363636363636364,-4.560000000000002,0.0,0.0,0.0,0.06818181818181818
stage2a_small_swarm_carry_bootstrap,8,1,262141,3579,3,260,220,1,0,55.77214050292969,0.0,0.0,3.0,0.33636363636363636,0.0,0,0,0,98,-1,30,-1,3.0,13,0.7040816326530612,1.0918367346938775,0.7448979591836735,-11.479999999999992,0.0,0.0,0.0,0.030612244897959183
stage2a_small_swarm_carry_bootstrap,8,1,262279,3580,3,260,220,1,0,58.36106491088867,0.0,0.0,3.0,0.34545454545454546,0.0,0,0,0,46,-1,6,-1,3.0,5,0.2608695652173913,0.5869565217391305,0.34782608695652173,-2.8000000000000016,0.0,0.0,0.0,0.06521739130434782
stage2a_small_swarm_carry_bootstrap,8,1,262411,3581,3,260,220,1,0,56.2076301574707,0.0,0.0,3.0,0.18181818181818182,0.0,0,0,0,44,-1,12,-1,3.0,5,0.4090909090909091,0.9545454545454546,0.6136363636363636,-4.440000000000002,0.0,0.0,0.0,0.06818181818181818
stage2a_small_swarm_carry_bootstrap,8,1,262795,3582,3,260,220,1,0,53.64533615112305,0.0,0.0,3.0,0.42727272727272725,0.0,0,0,0,128,-1,20,-1,3.0,17,0.7265625,1.15625,0.6875,-15.359999999999989,0.0,0.0,0.0,0.0234375
stage2a_small_swarm_carry_bootstrap,8,1,262921,3583,3,260,220,1,0,58.78291320800781,0.0,0.0,3.0,0.2545454545454545,0.0,0,0,0,42,-1,11,-1,3.0,2,0.35714285714285715,0.6904761904761905,0.4523809523809524,-3.080000000000001,0.0,0.0,0.0,0.07142857142857142
stage2a_small_swarm_carry_bootstrap,8,1,263056,3584,3,260,220,1,0,58.88902282714844,0.0,0.0,3.0,0.35454545454545455,0.0,0,0,0,45,-1,28,-1,3.0,6,0.24444444444444444,0.7333333333333333,0.3333333333333333,-3.2400000000000015,0.0,0.0,0.0,0.06666666666666667
stage2a_small_swarm_carry_bootstrap,8,1,263122,3585,3,260,220,1,0,59.511837005615234,0.0,0.0,3.0,0.2,0.0,0,0,0,22,-1,12,-1,3.0,1,0.45454545454545453,0.7272727272727273,0.36363636363636365,-1.6,0.0,0.0,0.0,0.13636363636363635
stage2a_small_swarm_carry_bootstrap,8,1,263662,3586,3,260,220,1,0,-6.696356296539307,0.0,0.0,1.0,0.41818181818181815,0.0,0,0,0,180,-1,89,-1,1.0,30,1.0722222222222222,1.5277777777777777,1.0,-29.199999999999957,0.0,0.0,0.0,0.005555555555555556
stage2a_small_swarm_carry_bootstrap,8,1,263713,3587,3,260,220,1,0,59.71976852416992,0.0,0.0,3.0,0.13636363636363635,0.0,0,0,0,17,-1,3,-1,3.0,1,0.058823529411764705,0.5294117647058824,0.4117647058823529,-1.0,0.0,0.0,0.0,0.17647058823529413
stage2a_small_swarm_carry_bootstrap,8,1,263794,3588,3,260,220,1,0,59.7533073425293,0.0,0.0,3.0,0.21818181818181817,0.0,0,0,0,27,-1,9,-1,3.0,1,0.037037037037037035,0.5185185185185185,0.4074074074074074,-1.5600000000000005,0.0,0.0,0.0,0.1111111111111111
stage2a_small_swarm_carry_bootstrap,8,1,264163,3589,3,260,220,1,0,51.778141021728516,0.0,0.0,3.0,0.2,0.0,0,0,0,123,-1,22,-1,3.0,15,0.5772357723577236,0.9186991869918699,0.7317073170731707,-12.639999999999977,0.0,0.0,0.0,0.024390243902439025
stage2a_small_swarm_carry_bootstrap,8,1,264283,3590,3,260,220,1,0,59.08151626586914,0.0,0.0,3.0,0.2909090909090909,0.0,0,0,0,40,-1,4,-1,3.0,3,0.325,0.625,0.4,-2.6400000000000015,0.0,0.0,0.0,0.075
stage2a_small_swarm_carry_bootstrap,8,1,264367,3591,3,260,220,1,0,59.32204055786133,0.0,0.0,3.0,0.20909090909090908,0.0,0,0,0,28,-1,15,-1,3.0,2,0.10714285714285714,0.5357142857142857,0.4642857142857143,-1.7200000000000006,0.0,0.0,0.0,0.10714285714285714
stage2a_small_swarm_carry_bootstrap,8,1,264907,3592,3,260,220,1,0,-9.680591583251953,0.0,0.0,1.0,0.3181818181818182,0.0,0,0,0,180,-1,4,-1,1.0,26,1.011111111111111,1.3666666666666667,0.95,-26.519999999999953,0.0,0.0,0.0,0.005555555555555556
stage2a_small_swarm_carry_bootstrap,8,1,265027,3593,3,260,220,1,0,58.73173522949219,0.0,0.0,3.0,0.2545454545454545,0.0,0,0,0,40,-1,21,-1,3.0,6,0.55,0.95,0.75,-4.240000000000001,0.0,0.0,0.0,0.075
stage2a_small_swarm_carry_bootstrap,8,1,265150,3594,3,260,220,1,0,59.258209228515625,0.0,0.0,3.0,0.20909090909090908,0.0,0,0,0,41,-1,16,-1,3.0,5,0.14634146341463414,0.6829268292682927,0.4634146341463415,-3.000000000000001,0.0,0.0,0.0,0.07317073170731707
stage2a_small_swarm_carry_bootstrap,8,1,265255,3595,3,260,220,1,0,58.5815315246582,0.0,0.0,3.0,0.19090909090909092,0.0,0,0,0,35,-1,9,-1,3.0,7,0.6,1.1142857142857143,0.7428571428571429,-4.160000000000002,0.0,0.0,0.0,0.08571428571428572
stage2a_small_swarm_carry_bootstrap,8,1,265306,3596,3,260,220,1,0,59.671661376953125,0.0,0.0,3.0,0.12727272727272726,0.0,0,0,0,17,-1,9,-1,3.0,1,0.17647058823529413,0.7647058823529411,0.5882352941176471,-1.4400000000000004,0.0,0.0,0.0,0.17647058823529413
stage2a_small_swarm_carry_bootstrap,8,1,265522,3597,3,260,220,1,0,57.43852615356445,0.0,0.0,3.0,0.2818181818181818,0.0,0,0,0,72,-1,29,-1,3.0,5,0.4166666666666667,0.8611111111111112,0.5555555555555556,-6.560000000000003,0.0,0.0,0.0,0.041666666666666664
stage2a_small_swarm_carry_bootstrap,8,1,265573,3598,3,260,220,1,0,59.40153884887695,0.0,0.0,3.0,0.16363636363636364,0.0,0,0,0,17,-1,8,-1,3.0,2,0.47058823529411764,0.8823529411764706,0.5294117647058824,-1.56,0.0,0.0,0.0,0.17647058823529413
stage2a_small_swarm_carry_bootstrap,8,1,265744,3599,3,260,220,1,0,56.76273727416992,0.0,0.0,3.0,0.21818181818181817,0.0,0,0,0,57,-1,20,-1,3.0,9,0.5789473684210527,1.087719298245614,0.6842105263157895,-6.520000000000004,0.0,0.0,0.0,0.05263157894736842
stage2a_small_swarm_carry_bootstrap,8,1,265885,3600,3,260,220,1,0,58.35121154785156,0.0,0.0,3.0,0.3181818181818182,0.0,0,0,0,47,-1,11,-1,3.0,3,0.0851063829787234,0.5531914893617021,0.3191489361702128,-2.6800000000000006,0.0,0.0,0.0,0.06382978723404255
stage2a_small_swarm_carry_bootstrap,8,1,266023,3601,3,260,220,1,0,58.78267288208008,0.0,0.0,3.0,0.2818181818181818,0.0,0,0,0,46,-1,11,-1,3.0,4,0.5652173913043478,0.782608695652174,0.391304347826087,-3.6000000000000023,0.0,0.0,0.0,0.06521739130434782
stage2a_small_swarm_carry_bootstrap,8,1,266107,3602,3,260,220,1,0,59.08135986328125,0.0,0.0,3.0,0.21818181818181817,0.0,0,0,0,28,-1,15,-1,3.0,3,0.5,1.0357142857142858,0.7857142857142857,-3.200000000000001,0.0,0.0,0.0,0.10714285714285714
stage2a_small_swarm_carry_bootstrap,8,1,266239,3603,3,260,220,1,0,58.09360885620117,0.0,0.0,3.0,0.24545454545454545,0.0,0,0,0,44,-1,8,-1,3.0,5,0.18181818181818182,0.5,0.4090909090909091,-2.480000000000001,0.0,0.0,0.0,0.06818181818181818
stage2a_small_swarm_carry_bootstrap,8,1,266314,3604,3,260,220,1,0,59.581573486328125,0.0,0.0,3.0,0.2,0.0,0,0,0,25,-1,18,-1,3.0,3,0.28,0.8,0.56,-2.1600000000000006,0.0,0.0,0.0,0.12
stage2a_small_swarm_carry_bootstrap,8,1,266392,3605,3,260,220,1,0,59.36293029785156,0.0,0.0,3.0,0.19090909090909092,0.0,0,0,0,26,-1,19,-1,3.0,4,0.19230769230769232,0.8076923076923077,0.46153846153846156,-2.16,0.0,0.0,0.0,0.11538461538461539
stage2a_small_swarm_carry_bootstrap,8,1,266464,3606,3,260,220,1,0,59.29644775390625,0.0,0.0,3.0,0.17272727272727273,0.0,0,0,0,24,-1,11,-1,3.0,3,0.16666666666666666,0.625,0.4583333333333333,-1.6400000000000001,0.0,0.0,0.0,0.125
stage2a_small_swarm_carry_bootstrap,8,1,266563,3607,3,260,220,1,0,59.04949951171875,0.0,0.0,3.0,0.2,0.0,0,0,0,33,-1,32,-1,3.0,6,0.36363636363636365,1.0606060606060606,0.9393939393939394,-4.040000000000001,0.0,0.0,0.0,0.09090909090909091
stage2a_small_swarm_carry_bootstrap,8,1,266785,3608,3,260,220,1,0,55.87272644042969,0.0,0.0,3.0,0.2909090909090909,0.0,0,0,0,74,-1,3,-1,3.0,7,0.2702702702702703,0.5675675675675675,0.32432432432432434,-4.320000000000003,0.0,0.0,0.0,0.04054054054054054
stage2a_small_swarm_carry_bootstrap,8,1,266866,3609,3,260,220,1,0,59.225067138671875,0.0,0.0,3.0,0.20909090909090908,0.0,0,0,0,27,-1,11,-1,3.0,4,0.2222222222222222,0.8148148148148148,0.48148148148148145,-2.2800000000000007,0.0,0.0,0.0,0.1111111111111111
stage2a_small_swarm_carry_bootstrap,8,1,266929,3610,3,260,220,1,0,59.53681564331055,0.0,0.0,3.0,0.16363636363636364,0.0,0,0,0,21,-1,3,-1,3.0,2,0.3333333333333333,0.7142857142857143,0.5714285714285714,-1.6800000000000002,0.0,0.0,0.0,0.14285714285714285
stage2a_small_swarm_carry_bootstrap,8,1,267316,3611,3,260,220,1,0,55.3617057800293,0.0,0.0,3.0,0.32727272727272727,0.0,0,0,0,129,-1,3,-1,3.0,13,0.40310077519379844,0.7286821705426356,0.5503875968992248,-10.359999999999992,0.0,0.0,0.0,0.023255813953488372
stage2a_small_swarm_carry_bootstrap,8,1,267373,3612,3,260,220,1,0,59.495574951171875,0.0,0.0,3.0,0.16363636363636364,0.0,0,0,0,19,-1,9,-1,3.0,3,0.2631578947368421,0.7368421052631579,0.7368421052631579,-1.6800000000000002,0.0,0.0,0.0,0.15789473684210525
stage2a_small_swarm_carry_bootstrap,8,1,267550,3613,3,260,220,1,0,56.55712890625,0.0,0.0,3.0,0.2727272727272727,0.0,0,0,0,59,-1,43,-1,3.0,12,0.5084745762711864,1.2203389830508475,0.8135593220338984,-7.680000000000005,0.0,0.0,0.0,0.05084745762711865
stage2a_small_swarm_carry_bootstrap,8,1,267610,3614,3,260,220,1,0,59.5665283203125,0.0,0.0,3.0,0.13636363636363635,0.0,0,0,0,20,-1,16,-1,3.0,1,0.35,0.85,0.7,-1.92,0.0,0.0,0.0,0.15
stage2a_small_swarm_carry_bootstrap,8,1,267730,3615,3,260,220,1,0,57.247615814208984,0.0,0.0,3.0,0.2,0.0,0,0,0,40,-1,10,-1,3.0,6,0.3,0.725,0.5,-3.120000000000002,0.0,0.0,0.0,0.075
stage2a_small_swarm_carry_bootstrap,8,1,268057,3616,3,260,220,1,0,53.81660079956055,0.0,0.0,3.0,0.33636363636363636,0.0,0,0,0,109,-1,23,-1,3.0,12,0.6513761467889908,0.9908256880733946,0.6330275229357798,-11.399999999999986,0.0,0.0,0.0,0.027522935779816515
stage2a_small_swarm_carry_bootstrap,8,1,268120,3617,3,260,220,1,0,59.048583984375,0.0,0.0,3.0,0.14545454545454545,0.0,0,0,0,21,-1,8,-1,3.0,4,0.7619047619047619,1.1904761904761905,0.8571428571428571,-2.7200000000000006,0.0,0.0,0.0,0.14285714285714285
stage2a_small_swarm_carry_bootstrap,8,1,268201,3618,3,260,220,1,0,59.59561538696289,0.0,0.0,3.0,0.21818181818181817,0.0,0,0,0,27,-1,6,-1,3.0,2,0.18518518518518517,0.5185185185185185,0.25925925925925924,-1.4000000000000004,0.0,0.0,0.0,0.1111111111111111
stage2a_small_swarm_carry_bootstrap,8,1,268741,3619,3,260,220,1,0,25.73818016052246,0.0,0.0,2.0,0.35454545454545455,0.0,0,0,0,180,-1,9,-1,2.0,14,0.5166666666666667,0.7166666666666667,0.49444444444444446,-13.87999999999997,0.0,0.0,0.0,0.011111111111111112
stage2a_small_swarm_carry_bootstrap,8,1,268828,3620,3,260,220,1,0,59.388397216796875,0.0,0.0,3.0,0.19090909090909092,0.0,0,0,0,29,-1,6,-1,3.0,3,0.20689655172413793,0.6206896551724138,0.7241379310344828,-2.2800000000000002,0.0,0.0,0.0,0.10344827586206896
stage2a_small_swarm_carry_bootstrap,8,1,268987,3621,3,260,220,1,0,58.43479919433594,0.0,0.0,3.0,0.2818181818181818,0.0,0,0,0,53,-1,6,-1,3.0,6,0.37735849056603776,0.7169811320754716,0.5660377358490566,-4.240000000000002,0.0,0.0,0.0,0.05660377358490566
stage2a_small_swarm_carry_bootstrap,8,1,269125,3622,3,260,220,1,0,58.50518798828125,0.0,0.0,3.0,0.2818181818181818,0.0,0,0,0,46,-1,11,-1,3.0,4,0.5869565217391305,0.9130434782608695,0.717391304347826,-4.680000000000002,0.0,0.0,0.0,0.06521739130434782
stage2a_small_swarm_carry_bootstrap,8,1,269227,3623,3,260,220,1,0,58.32918167114258,0.0,0.0,3.0,0.24545454545454545,0.0,0,0,0,34,-1,23,-1,3.0,6,0.5294117647058824,1.0588235294117647,0.6764705882352942,-3.8000000000000003,0.0,0.0,0.0,0.08823529411764706
stage2a_small_swarm_carry_bootstrap,8,1,269362,3624,3,260,220,1,0,58.518001556396484,0.0,0.0,3.0,0.21818181818181817,0.0,0,0,0,45,-1,21,-1,3.0,7,0.4888888888888889,0.9555555555555556,0.7111111111111111,-4.720000000000002,0.0,0.0,0.0,0.06666666666666667
stage2a_small_swarm_carry_bootstrap,8,1,269425,3625,3,260,220,1,0,59.28300857543945,0.0,0.0,3.0,0.16363636363636364,0.0,0,0,0,21,-1,18,-1,3.0,5,0.5238095238095238,1.0476190476190477,1.0,-2.6,0.0,0.0,0.0,0.14285714285714285
stage2a_small_swarm_carry_bootstrap,8,1,269626,3626,3,260,220,1,0,56.16636276245117,0.0,0.0,3.0,0.2545454545454545,0.0,0,0,0,67,-1,21,-1,3.0,10,0.44776119402985076,0.8059701492537313,0.6417910447761194,-6.040000000000003,0.0,0.0,0.0,0.04477611940298507
stage2a_small_swarm_carry_bootstrap,8,1,269761,3627,3,260,220,1,0,58.41676712036133,0.0,0.0,3.0,0.3,0.0,0,0,0,45,-1,8,-1,3.0,6,0.5111111111111111,0.9333333333333333,0.7333333333333333,-4.680000000000002,0.0,0.0,0.0,0.06666666666666667
stage2a_small_swarm_carry_bootstrap,8,1,269830,3628,3,260,220,1,0,59.58642578125,0.0,0.0,3.0,0.18181818181818182,0.0,0,0,0,23,-1,3,-1,3.0,1,0.043478260869565216,0.391304347826087,0.34782608695652173,-1.04,0.0,0.0,0.0,0.13043478260869565
stage2a_small_swarm_carry_bootstrap,8,1,269941,3629,3,260,220,1,0,59.22080612182617,0.0,0.0,3.0,0.23636363636363636,0.0,0,0,0,37,-1,17,-1,3.0,4,0.2972972972972973,0.7027027027027027,0.5675675675675675,-2.9200000000000013,0.0,0.0,0.0,0.08108108108108109
stage2a_small_swarm_carry_bootstrap,8,1,270172,3630,3,260,220,1,0,55.865264892578125,0.0,0.0,3.0,0.33636363636363636,0.0,0,0,0,77,-1,12,-1,3.0,7,0.4155844155844156,0.7922077922077922,0.5844155844155844,-6.680000000000003,0.0,0.0,0.0,0.03896103896103896
stage2a_small_swarm_carry_bootstrap,8,1,270307,3631,3,260,220,1,0,57.53544998168945,0.0,0.0,3.0,0.2909090909090909,0.0,0,0,0,45,-1,24,-1,3.0,5,0.17777777777777778,0.6444444444444445,0.5111111111111111,-3.2400000000000007,0.0,0.0,0.0,0.06666666666666667
stage2a_small_swarm_carry_bootstrap,8,1,270460,3632,3,260,220,1,0,57.3891487121582,0.0,0.0,3.0,0.2818181818181818,0.0,0,0,0,51,-1,28,-1,3.0,7,0.5294117647058824,1.1176470588235294,0.9019607843137255,-6.400000000000004,0.0,0.0,0.0,0.058823529411764705
stage2a_small_swarm_carry_bootstrap,8,1,270568,3633,3,260,220,1,0,59.2728385925293,0.0,0.0,3.0,0.24545454545454545,0.0,0,0,0,36,-1,4,-1,3.0,3,0.19444444444444445,0.5833333333333334,0.4722222222222222,-2.3600000000000008,0.0,0.0,0.0,0.08333333333333333
stage2a_small_swarm_carry_bootstrap,8,1,270661,3634,3,260,220,1,0,59.178165435791016,0.0,0.0,3.0,0.2545454545454545,0.0,0,0,0,31,-1,21,-1,3.0,4,0.16129032258064516,0.6774193548387096,0.3225806451612903,-2.08,0.0,0.0,0.0,0.0967741935483871
stage2a_small_swarm_carry_bootstrap,8,1,270790,3635,3,260,220,1,0,59.11293411254883,0.0,0.0,3.0,0.2545454545454545,0.0,0,0,0,43,-1,8,-1,3.0,2,0.32558139534883723,0.5581395348837209,0.5581395348837209,-2.8800000000000017,0.0,0.0,0.0,0.06976744186046512
stage2a_small_swarm_carry_bootstrap,8,1,271159,3636,3,260,220,1,0,49.528076171875,0.0,0.0,3.0,0.2909090909090909,0.0,0,0,0,123,-1,10,-1,3.0,17,0.943089430894309,1.3170731707317074,1.1788617886178863,-18.75999999999999,0.0,0.0,0.0,0.024390243902439025
stage2a_small_swarm_carry_bootstrap,8,1,271699,3637,3,260,220,1,0,23.64080810546875,0.0,0.0,2.0,0.2909090909090909,0.0,0,0,0,180,-1,14,-1,2.0,16,0.7388888888888889,1.038888888888889,0.9222222222222223,-21.599999999999994,0.0,0.0,0.0,0.011111111111111112
stage2a_small_swarm_carry_bootstrap,8,1,271822,3638,3,260,220,1,0,58.79050827026367,0.0,0.0,3.0,0.3090909090909091,0.0,0,0,0,41,-1,13,-1,3.0,4,0.14634146341463414,0.7317073170731707,0.4634146341463415,-3.160000000000002,0.0,0.0,0.0,0.07317073170731707
stage2a_small_swarm_carry_bootstrap,8,1,271981,3639,3,260,220,1,0,56.968292236328125,0.0,0.0,3.0,0.2545454545454545,0.0,0,0,0,53,-1,13,-1,3.0,8,0.5283018867924528,0.8679245283018868,0.9245283018867925,-5.640000000000003,0.0,0.0,0.0,0.05660377358490566
stage2a_small_swarm_carry_bootstrap,8,1,272521,3640,3,260,220,1,0,-41.9350471496582,0.0,0.0,0.0,0.13636363636363635,0.0,0,0,0,180,-1,-1,-1,0.0,32,1.9722222222222223,2.3944444444444444,2.1,-49.60000000000002,0.0,0.0,0.0,0.0
stage2a_small_swarm_carry_bootstrap,8,1,272641,3641,3,260,220,1,0,59.174835205078125,0.0,0.0,3.0,0.22727272727272727,0.0,0,0,0,40,-1,12,-1,3.0,6,0.275,0.625,0.6,-2.9600000000000013,0.0,0.0,0.0,0.075
stage2a_small_swarm_carry_bootstrap,8,1,273181,3642,3,260,220,1,0,19.015758514404297,0.0,0.0,2.0,0.3090909090909091,0.0,0,0,0,180,-1,62,-1,2.0,23,0.8666666666666667,1.211111111111111,0.9888888888888889,-24.56000000000001,0.0,0.0,0.0,0.011111111111111112
stage2a_small_swarm_carry_bootstrap,8,1,273352,3643,3,260,220,1,0,57.77619552612305,0.0,0.0,3.0,0.3,0.0,0,0,0,57,-1,38,-1,3.0,7,0.5964912280701754,1.1578947368421053,1.105263157894737,-7.800000000000004,0.0,0.0,0.0,0.05263157894736842
stage2a_small_swarm_carry_bootstrap,8,1,273493,3644,3,260,220,1,0,58.025516510009766,0.0,0.0,3.0,0.24545454545454545,0.0,0,0,0,47,-1,3,-1,3.0,4,0.23404255319148937,0.5531914893617021,0.5319148936170213,-3.080000000000001,0.0,0.0,0.0,0.06382978723404255
stage2a_small_swarm_carry_bootstrap,8,1,274033,3645,3,260,220,1,0,-8.932238578796387,0.0,0.0,1.0,0.22727272727272727,0.0,0,0,0,180,-1,8,-1,1.0,19,1.45,1.6555555555555554,1.5055555555555555,-34.679999999999914,0.0,0.0,0.0,0.005555555555555556
stage2a_small_swarm_carry_bootstrap,8,1,274180,3646,3,260,220,1,0,58.65647506713867,0.0,0.0,3.0,0.2909090909090909,0.0,0,0,0,49,-1,11,-1,3.0,6,0.32653061224489793,0.7346938775510204,0.5714285714285714,-4.000000000000002,0.0,0.0,0.0,0.061224489795918366
stage2a_small_swarm_carry_bootstrap,8,1,274609,3647,3,260,220,1,0,53.17018508911133,0.0,0.0,3.0,0.35454545454545455,0.0,0,0,0,143,-1,24,-1,3.0,13,0.7132867132867133,0.951048951048951,0.8461538461538461,-15.71999999999996,0.0,0.0,0.0,0.02097902097902098
stage2a_small_swarm_carry_bootstrap,8,1,274741,3648,3,260,220,1,0,59.0632438659668,0.0,0.0,3.0,0.34545454545454546,0.0,0,0,0,44,-1,19,-1,3.0,6,0.2727272727272727,0.7727272727272727,0.3409090909090909,-3.320000000000001,0.0,0.0,0.0,0.06818181818181818
stage2a_small_swarm_carry_bootstrap,8,1,274969,3649,3,260,220,1,0,56.655303955078125,0.0,0.0,3.0,0.3,0.0,0,0,0,76,-1,22,-1,3.0,8,0.6578947368421053,1.013157894736842,0.9078947368421053,-8.92,0.0,0.0,0.0,0.039473684210526314
stage2a_small_swarm_carry_bootstrap,8,1,275509,3650,3,260,220,1,0,-41.61483383178711,0.0,0.0,0.0,0.18181818181818182,0.0,0,0,0,180,-1,-1,-1,0.0,29,1.9666666666666666,2.438888888888889,1.9722222222222223,-49.32,0.0,0.0,0.0,0.0
stage2a_small_swarm_carry_bootstrap,8,1,275872,3651,3,260,220,1,0,49.25519943237305,0.0,0.0,3.0,0.2727272727272727,0.0,0,0,0,121,-1,7,-1,3.0,17,0.9090909090909091,1.3140495867768596,1.1074380165289257,-18.08000000000001,0.0,0.0,0.0,0.024793388429752067
stage2a_small_swarm_carry_bootstrap,8,1,275926,3652,3,260,220,1,0,59.552677154541016,0.0,0.0,3.0,0.15454545454545454,0.0,0,0,0,18,-1,9,-1,3.0,2,0.2777777777777778,0.7222222222222222,0.7222222222222222,-1.5600000000000005,0.0,0.0,0.0,0.16666666666666666
stage2a_small_swarm_carry_bootstrap,8,1,276466,3653,3,260,220,1,0,24.10249137878418,0.0,0.0,2.0,0.3090909090909091,0.0,0,0,0,180,-1,23,-1,2.0,12,0.7777777777777778,0.9666666666666667,0.8611111111111112,-20.119999999999976,0.0,0.0,0.0,0.011111111111111112
stage2a_small_swarm_carry_bootstrap,8,1,276622,3654,3,260,220,1,0,57.04032897949219,0.0,0.0,3.0,0.2545454545454545,0.0,0,0,0,52,-1,11,-1,3.0,6,0.3269230769230769,0.6923076923076923,0.5961538461538461,-4.120000000000001,0.0,0.0,0.0,0.057692307692307696
stage2a_small_swarm_carry_bootstrap,8,1,276742,3655,3,260,220,1,0,58.61862564086914,0.0,0.0,3.0,0.24545454545454545,0.0,0,0,0,40,-1,13,-1,3.0,4,0.575,0.875,0.775,-4.040000000000002,0.0,0.0,0.0,0.075
stage2a_small_swarm_carry_bootstrap,8,1,277120,3656,3,260,220,1,0,52.73820877075195,0.0,0.0,3.0,0.21818181818181817,0.0,0,0,0,126,-1,9,-1,3.0,11,0.6587301587301587,0.9047619047619048,0.7777777777777778,-13.039999999999978,0.0,0.0,0.0,0.023809523809523808
stage2a_small_swarm_carry_bootstrap,8,1,277363,3657,3,260,220,1,0,56.48118591308594,0.0,0.0,3.0,0.32727272727272727,0.0,0,0,0,81,-1,35,-1,3.0,8,0.7283950617283951,1.0740740740740742,1.0246913580246915,-10.279999999999989,0.0,0.0,0.0,0.037037037037037035
stage2a_small_swarm_carry_bootstrap,8,1,277435,3658,3,260,220,1,0,59.0599250793457,0.0,0.0,3.0,0.13636363636363635,0.0,0,0,0,24,-1,13,-1,3.0,4,0.6666666666666666,1.125,0.8333333333333334,-2.960000000000001,0.0,0.0,0.0,0.125
stage2a_small_swarm_carry_bootstrap,8,1,277975,3659,3,260,220,1,0,-13.142684936523438,0.0,0.0,1.0,0.24545454545454545,0.0,0,0,0,180,-1,166,-1,1.0,24,1.961111111111111,2.316666666666667,2.1222222222222222,-48.64000000000002,0.0,0.0,0.0,0.005555555555555556
stage2a_small_swarm_carry_bootstrap,8,1,278515,3660,3,260,220,1,0,19.963645935058594,0.0,0.0,2.0,0.24545454545454545,0.0,0,0,0,180,-1,10,-1,2.0,18,0.9222222222222223,1.1777777777777778,1.0944444444444446,-24.840000000000032,0.0,0.0,0.0,0.011111111111111112
stage2a_small_swarm_carry_bootstrap,8,1,279055,3661,3,260,220,1,0,17.579954147338867,0.0,0.0,2.0,0.2545454545454545,0.0,0,0,0,180,-1,54,-1,2.0,16,1.6,1.7666666666666666,1.7333333333333334,-37.91999999999992,0.0,0.0,0.0,0.011111111111111112
stage2a_small_swarm_carry_bootstrap,8,1,279163,3662,3,260,220,1,0,59.08891677856445,0.0,0.0,3.0,0.2545454545454545,0.0,0,0,0,36,-1,8,-1,3.0,3,0.2777777777777778,0.6944444444444444,0.6666666666666666,-2.9600000000000017,0.0,0.0,0.0,0.08333333333333333
stage2a_small_swarm_carry_bootstrap,8,1,279256,3663,3,260,220,1,0,59.06837463378906,0.0,0.0,3.0,0.24545454545454545,0.0,0,0,0,31,-1,21,-1,3.0,4,0.45161290322580644,0.8387096774193549,0.8064516129032258,-3.0800000000000014,0.0,0.0,0.0,0.0967741935483871
stage2a_small_swarm_carry_bootstrap,8,1,279445,3664,3,260,220,1,0,56.62419509887695,0.0,0.0,3.0,0.24545454545454545,0.0,0,0,0,63,-1,47,-1,3.0,10,0.8571428571428571,1.3968253968253967,1.3968253968253967,-10.559999999999993,0.0,0.0,0.0,0.047619047619047616
stage2a_small_swarm_carry_bootstrap,8,1,279526,3665,3,260,220,1,0,59.24787521362305,0.0,0.0,3.0,0.15454545454545454,0.0,0,0,0,27,-1,12,-1,3.0,3,0.4074074074074074,0.7407407407407407,0.8148148148148148,-2.4800000000000013,0.0,0.0,0.0,0.1111111111111111
stage2a_small_swarm_carry_bootstrap,8,1,279622,3666,3,260,220,1,0,59.36275863647461,0.0,0.0,3.0,0.2,0.0,0,0,0,32,-1,15,-1,3.0,3,0.375,0.625,0.5625,-2.3200000000000007,0.0,0.0,0.0,0.09375
stage2a_small_swarm_carry_bootstrap,8,1,280162,3667,3,260,220,1,0,24.310815811157227,0.0,0.0,2.0,0.33636363636363636,0.0,0,0,0,180,-1,12,-1,2.0,14,0.5833333333333334,0.8222222222222222,0.7,-16.879999999999953,0.0,0.0,0.0,0.011111111111111112
stage2a_small_swarm_carry_bootstrap,8,1,280276,3668,3,260,220,1,0,58.98383712768555,0.0,0.0,3.0,0.24545454545454545,0.0,0,0,0,38,-1,10,-1,3.0,2,0.05263157894736842,0.42105263157894735,0.34210526315789475,-1.8000000000000007,0.0,0.0,0.0,0.07894736842105263
stage2a_small_swarm_carry_bootstrap,8,1,280459,3669,3,260,220,1,0,56.072235107421875,0.0,0.0,3.0,0.19090909090909092,0.0,0,0,0,61,-1,9,-1,3.0,6,1.0491803278688525,1.4098360655737705,1.3770491803278688,-10.240000000000002,0.0,0.0,0.0,0.04918032786885246
stage2a_small_swarm_carry_bootstrap,8,1,280525,3670,3,260,220,1,0,59.32558059692383,0.0,0.0,3.0,0.13636363636363635,0.0,0,0,0,22,-1,11,-1,3.0,3,0.4090909090909091,0.8636363636363636,0.9545454545454546,-2.3600000000000008,0.0,0.0,0.0,0.13636363636363635
stage2a_small_swarm_carry_bootstrap,8,1,281065,3671,3,260,220,1,0,-8.721814155578613,0.0,0.0,1.0,0.2818181818181818,0.0,0,0,0,180,-1,2,-1,1.0,20,1.3666666666666667,1.6055555555555556,1.5222222222222221,-34.07999999999994,0.0,0.0,0.0,0.005555555555555556
stage2a_small_swarm_carry_bootstrap,8,1,281293,3672,3,260,220,1,0,57.04484939575195,0.0,0.0,3.0,0.21818181818181817,0.0,0,0,0,76,-1,19,-1,3.0,9,0.5921052631578947,0.8947368421052632,0.881578947368421,-8.120000000000005,0.0,0.0,0.0,0.039473684210526314
stage2a_small_swarm_carry_bootstrap,8,1,281428,3673,3,260,220,1,0,58.505435943603516,0.0,0.0,3.0,0.21818181818181817,0.0,0,0,0,45,-1,5,-1,3.0,3,0.26666666666666666,0.7555555555555555,0.7555555555555555,-4.080000000000002,0.0,0.0,0.0,0.06666666666666667
stage2a_small_swarm_carry_bootstrap,8,1,281968,3674,3,260,220,1,0,17.523347854614258,0.0,0.0,2.0,0.21818181818181817,0.0,0,0,0,180,-1,84,-1,2.0,19,1.2777777777777777,1.5777777777777777,1.461111111111111,-33.239999999999974,0.0,0.0,0.0,0.011111111111111112
stage2a_small_swarm_carry_bootstrap,8,1,282031,3675,3,260,220,1,0,59.44659423828125,0.0,0.0,3.0,0.13636363636363635,0.0,0,0,0,21,-1,4,-1,3.0,2,0.47619047619047616,0.6190476190476191,0.8571428571428571,-1.7600000000000007,0.0,0.0,0.0,0.14285714285714285
stage2a_small_swarm_carry_bootstrap,8,1,282166,3676,3,260,220,1,0,57.75065612792969,0.0,0.0,3.0,0.20909090909090908,0.0,0,0,0,45,-1,12,-1,3.0,5,0.8666666666666667,1.2444444444444445,1.1777777777777778,-6.600000000000004,0.0,0.0,0.0,0.06666666666666667
stage2a_small_swarm_carry_bootstrap,8,1,282346,3677,3,260,220,1,0,57.33241653442383,0.0,0.0,3.0,0.20909090909090908,0.0,0,0,0,60,-1,27,-1,3.0,6,0.8833333333333333,1.1833333333333333,1.0166666666666666,-8.120000000000003,0.0,0.0,0.0,0.05
stage2a_small_swarm_carry_bootstrap,8,1,282394,3678,3,260,220,1,0,59.68635559082031,0.0,0.0,3.0,0.10909090909090909,0.0,0,0,0,16,-1,10,-1,3.0,1,0.125,0.625,0.25,-0.9599999999999999,0.0,0.0,0.0,0.1875
stage2a_small_swarm_carry_bootstrap,8,1,282583,3679,3,260,220,1,0,57.76564025878906,0.0,0.0,3.0,0.3090909090909091,0.0,0,0,0,63,-1,8,-1,3.0,8,0.5396825396825397,0.9682539682539683,0.8888888888888888,-7.1200000000000045,0.0,0.0,0.0,0.047619047619047616
stage2a_small_swarm_carry_bootstrap,8,1,282646,3680,3,260,220,1,0,59.219364166259766,0.0,0.0,3.0,0.15454545454545454,0.0,0,0,0,21,-1,11,-1,3.0,2,0.6190476190476191,1.0952380952380953,1.0,-2.680000000000001,0.0,0.0,0.0,0.14285714285714285
stage2a_small_swarm_carry_bootstrap,8,1,282832,3681,3,260,220,1,0,57.291107177734375,0.0,0.0,3.0,0.33636363636363636,0.0,0,0,0,62,-1,21,-1,3.0,9,0.5967741935483871,1.1129032258064515,1.032258064516129,-8.080000000000004,0.0,0.0,0.0,0.04838709677419355
stage2a_small_swarm_carry_bootstrap,8,1,283372,3682,3,260,220,1,0,24.147811889648438,0.0,0.0,2.0,0.23636363636363636,0.0,0,0,0,180,-1,11,-1,2.0,11,0.7,0.9444444444444444,0.8888888888888888,-19.999999999999982,0.0,0.0,0.0,0.011111111111111112
stage2a_small_swarm_carry_bootstrap,8,1,283516,3683,3,260,220,1,0,58.35200119018555,0.0,0.0,3.0,0.2545454545454545,0.0,0,0,0,48,-1,6,-1,3.0,4,0.20833333333333334,0.5208333333333334,0.4375,-2.840000000000001,0.0,0.0,0.0,0.0625
stage2a_small_swarm_carry_bootstrap,8,1,283603,3684,3,260,220,1,0,59.17193603515625,0.0,0.0,3.0,0.14545454545454545,0.0,0,0,0,29,-1,14,-1,3.0,6,0.27586206896551724,0.8275862068965517,0.7931034482758621,-2.840000000000001,0.0,0.0,0.0,0.10344827586206896
stage2a_small_swarm_carry_bootstrap,8,1,284143,3685,3,260,220,1,0,-9.26187801361084,0.0,0.0,1.0,0.2636363636363636,0.0,0,0,0,180,-1,14,-1,1.0,15,1.488888888888889,1.7333333333333334,1.6666666666666667,-36.95999999999995,0.0,0.0,0.0,0.005555555555555556
stage2a_small_swarm_carry_bootstrap,8,1,284683,3686,3,260,220,1,0,20.442121505737305,0.0,0.0,2.0,0.2909090909090909,0.0,0,0,0,180,-1,35,-1,2.0,18,1.1555555555555554,1.4777777777777779,1.4388888888888889,-31.64000000000001,0.0,0.0,0.0,0.011111111111111112
stage2a_small_swarm_carry_bootstrap,8,1,285223,3687,3,260,220,1,0,-9.626705169677734,0.0,0.0,1.0,0.2,0.0,0,0,0,180,-1,3,-1,1.0,11,1.6055555555555556,1.738888888888889,1.7166666666666666,-37.39999999999995,0.0,0.0,0.0,0.005555555555555556
stage2a_small_swarm_carry_bootstrap,8,1,285763,3688,3,260,220,1,0,-14.174704551696777,0.0,0.0,1.0,0.17272727272727273,0.0,0,0,0,180,-1,122,-1,1.0,15,2.1222222222222222,2.2888888888888888,2.272222222222222,-49.32000000000008,0.0,0.0,0.0,0.005555555555555556
stage2a_small_swarm_carry_bootstrap,8,1,285910,3689,3,260,220,1,0,57.85652160644531,0.0,0.0,3.0,0.19090909090909092,0.0,0,0,0,49,-1,26,-1,3.0,6,0.6938775510204082,1.2244897959183674,1.183673469387755,-7.120000000000004,0.0,0.0,0.0,0.061224489795918366
stage2a_small_swarm_carry_bootstrap,8,1,286120,3690,3,260,220,1,0,56.356414794921875,0.0,0.0,3.0,0.15454545454545454,0.0,0,0,0,70,-1,1,-1,3.0,6,0.8857142857142857,1.1857142857142857,1.1714285714285715,-9.919999999999991,0.0,0.0,0.0,0.04285714285714286
stage2a_small_swarm_carry_bootstrap,8,1,286456,3691,3,260,220,1,0,54.14155197143555,0.0,0.0,3.0,0.34545454545454546,0.0,0,0,0,112,-1,25,-1,3.0,8,0.9821428571428571,1.2053571428571428,1.1785714285714286,-16.079999999999977,0.0,0.0,0.0,0.026785714285714284
stage2a_small_swarm_carry_bootstrap,8,1,286996,3692,3,260,220,1,0,19.288970947265625,0.0,0.0,2.0,0.24545454545454545,0.0,0,0,0,180,-1,53,-1,2.0,14,1.4333333333333333,1.6222222222222222,1.5777777777777777,-34.71999999999991,0.0,0.0,0.0,0.011111111111111112
stage2a_small_swarm_carry_bootstrap,8,1,287308,3693,3,260,220,1,0,54.80734634399414,0.0,0.0,3.0,0.19090909090909092,0.0,0,0,0,104,-1,5,-1,3.0,7,0.8269230769230769,1.0480769230769231,1.0865384615384615,-13.239999999999972,0.0,0.0,0.0,0.028846153846153848
stage2a_small_swarm_carry_bootstrap,8,1,287848,3694,3,260,220,1,0,-43.23737716674805,0.0,0.0,0.0,0.14545454545454545,0.0,0,0,0,180,-1,-1,-1,0.0,25,2.238888888888889,2.566666666666667,2.577777777777778,-55.51999999999995,0.0,0.0,0.0,0.0
stage2a_small_swarm_carry_bootstrap,8,1,287944,3695,3,260,220,1,0,59.10929489135742,0.0,0.0,3.0,0.15454545454545454,0.0,0,0,0,32,-1,13,-1,3.0,3,0.21875,0.6875,0.75,-2.720000000000001,0.0,0.0,0.0,0.09375
stage2a_small_swarm_carry_bootstrap,8,1,288031,3696,3,260,220,1,0,59.660980224609375,0.0,0.0,3.0,0.20909090909090908,0.0,0,0,0,29,-1,8,-1,3.0,1,0.10344827586206896,0.4827586206896552,0.41379310344827586,-1.6000000000000005,0.0,0.0,0.0,0.10344827586206896
stage2a_small_swarm_carry_bootstrap,8,1,288424,3697,3,260,220,1,0,50.421295166015625,0.0,0.0,3.0,0.2909090909090909,0.0,0,0,0,131,-1,73,-1,3.0,21,1.2595419847328244,1.7557251908396947,1.702290076335878,-27.31999999999999,0.0,0.0,0.0,0.022900763358778626
stage2a_small_swarm_carry_bootstrap,8,1,288610,3698,3,260,220,1,0,56.772212982177734,0.0,0.0,3.0,0.21818181818181817,0.0,0,0,0,62,-1,23,-1,3.0,8,0.7903225806451613,1.2419354838709677,1.2419354838709677,-9.239999999999995,0.0,0.0,0.0,0.04838709677419355
stage2a_small_swarm_carry_bootstrap,8,1,288916,3699,3,260,220,1,0,53.453128814697266,0.0,0.0,3.0,0.23636363636363636,0.0,0,0,0,102,-1,43,-1,3.0,13,1.2450980392156863,1.4901960784313726,1.607843137254902,-18.72000000000002,0.0,0.0,0.0,0.029411764705882353
stage2a_small_swarm_carry_bootstrap,8,1,289039,3700,3,260,220,1,0,58.70522689819336,0.0,0.0,3.0,0.21818181818181817,0.0,0,0,0,41,-1,11,-1,3.0,5,0.4146341463414634,0.8536585365853658,0.7073170731707317,-3.960000000000002,0.0,0.0,0.0,0.07317073170731707
stage2a_small_swarm_carry_bootstrap,8,1,289345,3701,3,260,220,1,0,54.317989349365234,0.0,0.0,3.0,0.24545454545454545,0.0,0,0,0,102,-1,15,-1,3.0,11,0.9607843137254902,1.2058823529411764,1.2254901960784315,-14.839999999999968,0.0,0.0,0.0,0.029411764705882353
stage2a_small_swarm_carry_bootstrap,8,1,289621,3702,3,260,220,1,0,55.87734603881836,0.0,0.0,3.0,0.23636363636363636,0.0,0,0,0,92,-1,13,-1,3.0,8,0.6739130434782609,1.0,1.0,-11.039999999999987,0.0,0.0,0.0,0.03260869565217391
stage2a_small_swarm_carry_bootstrap,8,1,289765,3703,3,260,220,1,0,57.336177825927734,0.0,0.0,3.0,0.2,0.0,0,0,0,48,-1,12,-1,3.0,5,0.7291666666666666,1.0625,1.125,-6.240000000000004,0.0,0.0,0.0,0.0625
stage2a_small_swarm_carry_bootstrap,8,1,289870,3704,3,260,220,1,0,58.40837097167969,0.0,0.0,3.0,0.15454545454545454,0.0,0,0,0,35,-1,29,-1,3.0,6,0.6285714285714286,1.2857142857142858,1.2857142857142858,-5.400000000000002,0.0,0.0,0.0,0.08571428571428572
stage2b_small_swarm_delivery_easy,9,1,290530,3705,3,360,260,1,0,66.97925567626953,4.0,4.0,4.0,0.11931818181818182,0.0,0,0,0,118,3,59,56,1.0,17,0.9830508474576272,1.3559322033898304,0.6186440677966102,-11.790000000000004,0.0,0.0,0.0,0.03389830508474576
stage2b_small_swarm_delivery_easy,9,1,290884,3706,3,360,260,1,0,68.62012481689453,4.0,4.0,4.0,0.125,0.0,0,0,0,118,3,85,82,1.0,17,0.9661016949152542,1.4152542372881356,0.6694915254237288,-12.39,0.0,0.0,0.0,0.03389830508474576
stage2b_small_swarm_delivery_easy,9,1,291604,3707,3,360,260,1,0,-29.329946517944336,3.0,3.0,0.0,0.0625,0.0,0,0,1,240,1,-1,-1,0.0,37,1.1958333333333333,1.7916666666666667,0.5916666666666667,-30.05999999999997,0.0,0.0,0.0,0.0
stage2b_small_swarm_delivery_easy,9,1,291847,3708,3,360,260,1,0,71.96649932861328,4.0,4.0,4.0,0.1590909090909091,0.0,0,0,0,81,3,22,19,1.0,8,0.4444444444444444,0.7037037037037037,0.2962962962962963,-4.14,0.0,0.0,0.0,0.04938271604938271
stage2b_small_swarm_delivery_easy,9,1,292519,3709,3,360,260,1,0,52.76060104370117,4.0,4.0,4.0,0.10227272727272728,0.0,0,0,0,224,1,120,119,1.0,25,1.0892857142857142,1.4866071428571428,0.6517857142857143,-24.359999999999953,0.0,0.0,0.0,0.017857142857142856
stage2b_small_swarm_delivery_easy,9,1,292705,3710,3,360,260,1,0,70.23653411865234,4.0,4.0,4.0,0.125,0.0,0,0,0,62,3,28,25,1.0,5,0.14516129032258066,0.6451612903225806,0.27419354838709675,-2.9099999999999997,0.0,0.0,0.0,0.06451612903225806
stage2b_small_swarm_delivery_easy,9,1,292993,3711,3,360,260,1,0,71.85352325439453,4.0,4.0,4.0,0.08522727272727272,0.0,0,0,0,96,3,28,25,1.0,6,0.28125,0.6041666666666666,0.34375,-4.47,0.0,0.0,0.0,0.041666666666666664
stage2b_small_swarm_delivery_easy,9,1,293179,3712,3,360,260,1,0,71.99463653564453,4.0,4.0,4.0,0.10795454545454546,0.0,0,0,0,62,3,25,22,1.0,7,0.4032258064516129,0.7419354838709677,0.3225806451612903,-3.36,0.0,0.0,0.0,0.06451612903225806
stage2b_small_swarm_delivery_easy,9,1,293587,3713,3,360,260,1,0,68.1365966796875,4.0,4.0,4.0,0.13636363636363635,0.0,0,0,0,136,2,84,82,1.0,18,0.9705882352941176,1.3897058823529411,0.5882352941176471,-13.739999999999997,0.0,0.0,0.0,0.029411764705882353
stage2b_small_swarm_delivery_easy,9,1,294307,3714,3,360,260,1,0,-23.69695281982422,3.0,3.0,0.0,0.06818181818181818,0.0,0,0,1,240,3,-1,-1,0.0,46,1.3375,1.9041666666666666,0.8708333333333333,-33.68999999999997,0.0,0.0,0.0,0.0
stage2b_small_swarm_delivery_easy,9,1,294436,3715,3,360,260,1,0,70.02911376953125,4.0,4.0,4.0,0.03977272727272727,0.0,0,0,0,43,2,17,15,1.0,8,0.627906976744186,1.3953488372093024,1.0930232558139534,-5.010000000000001,0.0,0.0,0.0,0.09302325581395349
stage2b_small_swarm_delivery_easy,9,1,294583,3716,3,360,260,1,0,72.40349578857422,4.0,4.0,4.0,0.07954545454545454,0.0,0,0,0,49,3,19,16,1.0,4,0.40816326530612246,0.7551020408163265,0.2857142857142857,-2.6400000000000006,0.0,0.0,0.0,0.08163265306122448
stage2b_small_swarm_delivery_easy,9,1,295099,3717,3,360,260,1,0,72.62593078613281,4.0,4.0,4.0,0.13636363636363635,0.0,0,0,0,172,2,11,9,1.0,5,0.05232558139534884,0.1569767441860465,0.09302325581395349,-2.1000000000000005,0.0,0.0,0.0,0.023255813953488372
stage2b_small_swarm_delivery_easy,9,1,295366,3718,3,360,260,1,0,72.01042175292969,4.0,4.0,4.0,0.13636363636363635,0.0,0,0,0,89,26,47,21,1.0,7,0.34831460674157305,0.5617977528089888,0.24719101123595505,-3.6599999999999997,0.0,0.0,0.0,0.0449438202247191
stage2b_small_swarm_delivery_easy,9,1,295459,3719,3,360,260,1,0,72.27168273925781,4.0,4.0,4.0,0.0625,0.0,0,0,0,31,2,7,5,1.0,7,0.7419354838709677,1.3225806451612903,0.6451612903225806,-3.0600000000000005,0.0,0.0,0.0,0.12903225806451613
stage2b_small_swarm_delivery_easy,9,1,296140,3720,3,360,260,1,0,62.44382858276367,4.0,4.0,4.0,0.16477272727272727,0.0,0,0,0,227,3,76,73,1.0,18,0.31718061674008813,0.6960352422907489,0.30837004405286345,-11.579999999999998,0.0,0.0,0.0,0.01762114537444934
stage2b_small_swarm_delivery_easy,9,1,296860,3721,3,360,260,1,0,-33.84836959838867,3.0,3.0,0.0,0.056818181818181816,0.0,0,0,1,240,2,-1,-1,0.0,34,1.7416666666666667,2.1166666666666667,0.8583333333333333,-36.65999999999997,0.0,0.0,0.0,0.0
stage2b_small_swarm_delivery_easy,9,1,297058,3722,3,360,260,1,0,71.99777221679688,4.0,4.0,4.0,0.11363636363636363,0.0,0,0,0,66,2,19,17,1.0,4,0.3333333333333333,0.5909090909090909,0.24242424242424243,-2.8200000000000007,0.0,0.0,0.0,0.06060606060606061
stage2b_small_swarm_delivery_easy,9,1,297778,3723,3,360,260,1,0,-22.884498596191406,3.0,3.0,0.0,0.08522727272727272,0.0,0,0,1,240,2,-1,-1,0.0,43,1.2791666666666666,1.8333333333333333,0.775,-31.979999999999976,0.0,0.0,0.0,0.0
stage2b_small_swarm_delivery_easy,9,1,298129,3724,3,360,260,1,0,69.16985321044922,4.0,4.0,4.0,0.10795454545454546,0.0,0,0,0,117,2,72,70,1.0,17,0.9316239316239316,1.3162393162393162,0.6581196581196581,-11.550000000000002,0.0,0.0,0.0,0.03418803418803419
stage2b_small_swarm_delivery_easy,9,1,298750,3725,3,360,260,1,0,63.91768264770508,4.0,4.0,4.0,0.14204545454545456,0.0,0,0,0,207,2,20,18,1.0,26,0.6183574879227053,0.9468599033816425,0.5893719806763285,-15.420000000000005,0.0,0.0,0.0,0.01932367149758454
stage2b_small_swarm_delivery_easy,9,1,298915,3726,3,360,260,1,0,71.9615249633789,4.0,4.0,4.0,0.09659090909090909,0.0,0,0,0,55,3,27,24,1.0,7,0.45454545454545453,0.9272727272727272,0.4909090909090909,-3.8699999999999997,0.0,0.0,0.0,0.07272727272727272
stage2b_small_swarm_delivery_easy,9,1,299635,3727,3,360,260,1,0,-24.04747772216797,3.0,3.0,0.0,0.07954545454545454,0.0,0,0,1,240,2,-1,-1,0.0,36,1.5166666666666666,1.9916666666666667,0.8416666666666667,-34.73999999999995,0.0,0.0,0.0,0.0
stage2b_small_swarm_delivery_easy,9,1,299860,3728,3,360,260,1,0,71.96884155273438,4.0,4.0,4.0,0.13636363636363635,0.0,0,0,0,75,2,15,13,1.0,6,0.18666666666666668,0.5466666666666666,0.28,-3.089999999999999,0.0,0.0,0.0,0.05333333333333334
stage2b_small_swarm_delivery_easy,9,1,300124,3729,3,360,260,1,0,71.64130401611328,4.0,4.0,4.0,0.1590909090909091,0.0,0,0,0,88,14,40,26,1.0,11,0.3977272727272727,0.7272727272727273,0.3068181818181818,-4.649999999999999,0.0,0.0,0.0,0.045454545454545456
stage2b_small_swarm_delivery_easy,9,1,300844,3730,3,360,260,1,0,54.12314987182617,3.0,3.0,3.0,0.09090909090909091,0.0,0,0,1,240,44,67,23,1.0,3,0.08333333333333333,0.14166666666666666,0.07916666666666666,-2.6100000000000008,0.0,0.0,0.0,0.0125
stage2b_small_swarm_delivery_easy,9,1,301225,3731,3,360,260,1,0,70.04790496826172,4.0,4.0,4.0,0.11363636363636363,0.0,0,0,0,127,10,72,62,1.0,11,0.5354330708661418,0.8661417322834646,0.41732283464566927,-8.189999999999992,0.0,0.0,0.0,0.031496062992125984
stage2b_small_swarm_delivery_easy,9,1,301372,3732,3,360,260,1,0,71.0078125,4.0,4.0,4.0,0.10795454545454546,0.0,0,0,0,49,7,15,8,1.0,5,0.40816326530612246,0.6938775510204082,0.2653061224489796,-2.43,0.0,0.0,0.0,0.08163265306122448
stage2b_small_swarm_delivery_easy,9,1,301678,3733,3,360,260,1,0,69.69943237304688,4.0,4.0,4.0,0.09659090909090909,0.0,0,0,0,102,4,61,57,1.0,15,0.9117647058823529,1.3725490196078431,0.5196078431372549,-9.990000000000004,0.0,0.0,0.0,0.0392156862745098
stage2b_small_swarm_delivery_easy,9,1,302398,3734,3,360,260,1,0,-4.006681442260742,4.0,4.0,1.0,0.09090909090909091,0.0,0,0,0,240,18,218,200,0.25,34,1.3583333333333334,1.7708333333333333,0.6541666666666667,-30.209999999999997,0.0,0.0,0.0,0.004166666666666667
stage2b_small_swarm_delivery_easy,9,1,302803,3735,3,360,260,1,0,71.17242431640625,4.0,4.0,4.0,0.08522727272727272,0.0,0,0,0,135,8,25,17,1.0,7,0.14074074074074075,0.31851851851851853,0.1111111111111111,-3.0300000000000007,0.0,0.0,0.0,0.02962962962962963
stage2b_small_swarm_delivery_easy,9,1,303148,3736,3,360,260,1,0,72.43999481201172,4.0,4.0,4.0,0.14772727272727273,0.0,0,0,0,115,8,30,22,1.0,7,0.1565217391304348,0.3130434782608696,0.1391304347826087,-2.64,0.0,0.0,0.0,0.034782608695652174
stage2b_small_swarm_delivery_easy,9,1,303562,3737,3,360,260,1,0,71.49541473388672,4.0,4.0,4.0,0.13068181818181818,0.0,0,0,0,138,3,21,18,1.0,8,0.2898550724637681,0.5,0.21014492753623187,-5.009999999999995,0.0,0.0,0.0,0.028985507246376812
stage2b_small_swarm_delivery_easy,9,1,304060,3738,3,360,260,1,0,70.98892211914062,4.0,4.0,4.0,0.09090909090909091,0.0,0,0,0,166,47,59,12,1.0,2,0.030120481927710843,0.1144578313253012,0.018072289156626505,-1.2300000000000004,0.0,0.0,0.0,0.024096385542168676
stage2b_small_swarm_delivery_easy,9,1,304267,3739,3,360,260,1,0,73.35407257080078,4.0,4.0,4.0,0.10795454545454546,0.0,0,0,0,69,2,18,16,1.0,3,0.07246376811594203,0.21739130434782608,0.043478260869565216,-0.9900000000000001,0.0,0.0,0.0,0.057971014492753624
stage2b_small_swarm_delivery_easy,9,1,304420,3740,3,360,260,1,0,72.24154663085938,4.0,4.0,4.0,0.10227272727272728,0.0,0,0,0,51,1,21,20,1.0,7,0.5686274509803921,0.9215686274509803,0.39215686274509803,-3.4200000000000004,0.0,0.0,0.0,0.0784313725490196
stage2b_small_swarm_delivery_easy,9,1,304690,3741,3,360,260,1,0,72.78880310058594,4.0,4.0,4.0,0.11363636363636363,0.0,0,0,0,90,20,25,5,1.0,4,0.26666666666666666,0.4111111111111111,0.15555555555555556,-2.6399999999999997,0.0,0.0,0.0,0.044444444444444446
stage2b_small_swarm_delivery_easy,9,1,304873,3742,3,360,260,1,0,72.17433166503906,4.0,4.0,4.0,0.09659090909090909,0.0,0,0,0,61,4,19,15,1.0,6,0.39344262295081966,0.7213114754098361,0.3114754098360656,-3.2099999999999995,0.0,0.0,0.0,0.06557377049180328
stage2b_small_swarm_delivery_easy,9,1,304990,3743,3,360,260,1,0,72.45934295654297,4.0,4.0,4.0,0.06818181818181818,0.0,0,0,0,39,2,13,11,1.0,5,0.6410256410256411,0.9230769230769231,0.4358974358974359,-2.670000000000001,0.0,0.0,0.0,0.10256410256410256
stage2b_small_swarm_delivery_easy,9,1,305137,3744,3,360,260,1,0,72.47312927246094,4.0,4.0,4.0,0.10795454545454546,0.0,0,0,0,49,3,14,11,1.0,5,0.3673469387755102,0.7142857142857143,0.3877551020408163,-2.6700000000000013,0.0,0.0,0.0,0.08163265306122448
stage2b_small_swarm_delivery_easy,9,1,305635,3745,3,360,260,1,0,70.92704772949219,4.0,4.0,4.0,0.17045454545454544,0.0,0,0,0,166,3,12,9,1.0,9,0.18072289156626506,0.3614457831325301,0.14457831325301204,-4.319999999999999,0.0,0.0,0.0,0.024096385542168676
stage2b_small_swarm_delivery_easy,9,1,305839,3746,3,360,260,1,0,72.50908660888672,4.0,4.0,4.0,0.14204545454545456,0.0,0,0,0,68,14,35,21,1.0,3,0.23529411764705882,0.45588235294117646,0.11764705882352941,-2.1000000000000005,0.0,0.0,0.0,0.058823529411764705
stage2b_small_swarm_delivery_easy,9,1,306088,3747,3,360,260,1,0,71.8277816772461,4.0,4.0,4.0,0.09659090909090909,0.0,0,0,0,83,10,39,29,1.0,11,0.3855421686746988,0.7349397590361446,0.37349397590361444,-4.589999999999999,0.0,0.0,0.0,0.04819277108433735
stage2b_small_swarm_delivery_easy,9,1,306478,3748,3,360,260,1,0,71.16999053955078,4.0,4.0,4.0,0.19318181818181818,0.0,0,0,0,130,2,9,7,1.0,7,0.3769230769230769,0.5461538461538461,0.27692307692307694,-5.3399999999999945,0.0,0.0,0.0,0.03076923076923077
stage2b_small_swarm_delivery_easy,9,1,306685,3749,3,360,260,1,0,71.74591064453125,4.0,4.0,4.0,0.09090909090909091,0.0,0,0,0,69,2,14,12,1.0,4,0.4057971014492754,0.7101449275362319,0.2463768115942029,-3.4500000000000015,0.0,0.0,0.0,0.057971014492753624
stage2b_small_swarm_delivery_easy,9,1,307405,3750,3,360,260,1,0,45.00439453125,4.0,4.0,3.0,0.13636363636363635,0.0,0,0,0,240,7,20,13,0.75,22,0.5583333333333333,0.7916666666666666,0.4791666666666667,-14.850000000000007,0.0,0.0,0.0,0.0125
stage2b_small_swarm_delivery_easy,9,1,307801,3751,3,360,260,1,0,68.73890686035156,4.0,4.0,4.0,0.17045454545454544,0.0,0,0,0,132,2,33,31,1.0,19,0.8181818181818182,1.2045454545454546,0.5909090909090909,-11.879999999999994,0.0,0.0,0.0,0.030303030303030304
stage2b_small_swarm_delivery_easy,9,1,308398,3752,3,360,260,1,0,66.68289947509766,4.0,4.0,4.0,0.1534090909090909,0.0,0,0,0,199,3,42,39,1.0,23,0.7738693467336684,1.100502512562814,0.5678391959798995,-16.53,0.0,0.0,0.0,0.020100502512562814
stage2b_small_swarm_delivery_easy,9,1,308509,3753,3,360,260,1,0,71.890380859375,4.0,4.0,4.0,0.0625,0.0,0,0,0,37,2,14,12,1.0,4,0.13513513513513514,0.5945945945945946,0.21621621621621623,-1.5600000000000003,0.0,0.0,0.0,0.10810810810810811
stage2b_small_swarm_delivery_easy,9,1,308758,3754,3,360,260,1,0,72.64794921875,4.0,4.0,4.0,0.09659090909090909,0.0,0,0,0,83,46,56,10,1.0,5,0.20481927710843373,0.43373493975903615,0.14457831325301204,-2.52,0.0,0.0,0.0,0.04819277108433735
stage2b_small_swarm_delivery_easy,9,1,308893,3755,3,360,260,1,0,72.03119659423828,4.0,4.0,4.0,0.09090909090909091,0.0,0,0,0,45,4,18,14,1.0,5,0.37777777777777777,0.7555555555555555,0.26666666666666666,-2.4000000000000004,0.0,0.0,0.0,0.08888888888888889
stage2b_small_swarm_delivery_easy,9,1,309613,3756,3,360,260,1,0,18.485443115234375,4.0,4.0,2.0,0.1875,0.0,0,0,0,240,2,31,29,0.5,32,0.975,1.3875,0.8,-25.73999999999997,0.0,0.0,0.0,0.008333333333333333
stage2b_small_swarm_delivery_easy,9,1,309799,3757,3,360,260,1,0,72.01180267333984,4.0,4.0,4.0,0.10227272727272728,0.0,0,0,0,62,4,19,15,1.0,5,0.5645161290322581,0.7741935483870968,0.4032258064516129,-3.630000000000001,0.0,0.0,0.0,0.06451612903225806
stage2b_small_swarm_delivery_easy,9,1,310066,3758,3,360,260,1,0,71.79573822021484,4.0,4.0,4.0,0.07954545454545454,0.0,0,0,0,89,3,13,10,1.0,3,0.25842696629213485,0.39325842696629215,0.19101123595505617,-2.6099999999999994,0.0,0.0,0.0,0.0449438202247191
stage2b_small_swarm_delivery_easy,9,1,310282,3759,3,360,260,1,0,71.42473602294922,4.0,4.0,4.0,0.09090909090909091,0.0,0,0,0,72,2,33,31,1.0,10,0.5277777777777778,0.9444444444444444,0.3611111111111111,-4.859999999999997,0.0,0.0,0.0,0.05555555555555555
stage2b_small_swarm_delivery_easy,9,1,310633,3760,3,360,260,1,0,67.96240234375,4.0,4.0,4.0,0.14204545454545456,0.0,0,0,0,117,3,23,20,1.0,19,0.7777777777777778,1.264957264957265,0.6666666666666666,-11.220000000000004,0.0,0.0,0.0,0.03418803418803419
stage2b_small_swarm_delivery_easy,9,1,310777,3761,3,360,260,1,0,72.20068359375,4.0,4.0,4.0,0.10795454545454546,0.0,0,0,0,48,2,22,20,1.0,3,0.4375,0.7291666666666666,0.4375,-2.7299999999999995,0.0,0.0,0.0,0.08333333333333333
stage2b_small_swarm_delivery_easy,9,1,311497,3762,3,360,260,1,0,17.871633529663086,4.0,4.0,2.0,0.16477272727272727,0.0,0,0,0,240,2,28,26,0.5,33,0.9208333333333333,1.3208333333333333,0.7291666666666666,-24.269999999999957,0.0,0.0,0.0,0.008333333333333333
stage2b_small_swarm_delivery_easy,9,1,312091,3763,3,360,260,1,0,68.02696990966797,4.0,4.0,4.0,0.19318181818181818,0.0,0,0,0,198,2,19,17,1.0,14,0.3181818181818182,0.494949494949495,0.2676767676767677,-7.4699999999999935,0.0,0.0,0.0,0.020202020202020204
stage2b_small_swarm_delivery_easy,9,1,312259,3764,3,360,260,1,0,71.52465057373047,4.0,4.0,4.0,0.09090909090909091,0.0,0,0,0,56,6,27,21,1.0,8,0.7321428571428571,1.2678571428571428,0.5714285714285714,-5.220000000000002,0.0,0.0,0.0,0.07142857142857142
stage2b_small_swarm_delivery_easy,9,1,312664,3765,3,360,260,1,0,68.05313110351562,4.0,4.0,4.0,0.13636363636363635,0.0,0,0,0,135,5,45,40,1.0,19,0.6888888888888889,1.0814814814814815,0.5333333333333333,-10.919999999999996,0.0,0.0,0.0,0.02962962962962963
stage2b_small_swarm_delivery_easy,9,1,312988,3766,3,360,260,1,0,71.1799087524414,4.0,4.0,4.0,0.14204545454545456,0.0,0,0,0,108,28,55,27,1.0,12,0.49074074074074076,0.8055555555555556,0.42592592592592593,-6.599999999999997,0.0,0.0,0.0,0.037037037037037035
stage2b_small_swarm_delivery_easy,9,1,313624,3767,3,360,260,1,0,65.28170013427734,4.0,4.0,4.0,0.18181818181818182,0.0,0,0,0,212,2,28,26,1.0,35,0.7358490566037735,1.1603773584905661,0.5518867924528302,-18.26999999999998,0.0,0.0,0.0,0.018867924528301886
stage2b_small_swarm_delivery_easy,9,1,313888,3768,3,360,260,1,0,72.03614807128906,4.0,4.0,4.0,0.10227272727272728,0.0,0,0,0,88,16,43,27,1.0,5,0.4090909090909091,0.6136363636363636,0.2727272727272727,-3.9599999999999995,0.0,0.0,0.0,0.045454545454545456
stage2b_small_swarm_delivery_easy,9,1,314224,3769,3,360,260,1,0,70.3304672241211,4.0,4.0,4.0,0.16477272727272727,0.0,0,0,0,112,3,23,20,1.0,11,0.5178571428571429,0.7946428571428571,0.4017857142857143,-6.68999999999999,0.0,0.0,0.0,0.03571428571428571
stage2b_small_swarm_delivery_easy,9,1,314944,3770,3,360,260,1,0,43.72420120239258,4.0,4.0,3.0,0.07954545454545454,0.0,0,0,0,240,3,14,11,0.75,1,0.004166666666666667,0.07083333333333333,0.03333333333333333,-1.2600000000000002,0.0,0.0,0.0,0.0125
stage2b_small_swarm_delivery_easy,9,1,315274,3771,3,360,260,1,0,67.8943099975586,4.0,4.0,4.0,0.17045454545454544,0.0,0,0,0,110,2,51,49,1.0,13,0.8454545454545455,1.2818181818181817,0.5818181818181818,-10.380000000000004,0.0,0.0,0.0,0.03636363636363636
stage2b_small_swarm_delivery_easy,9,1,315604,3772,3,360,260,1,0,69.53789520263672,4.0,4.0,4.0,0.125,0.0,0,0,0,110,3,14,11,1.0,8,0.17272727272727273,0.4090909090909091,0.20909090909090908,-3.3899999999999997,0.0,0.0,0.0,0.03636363636363636
stage2b_small_swarm_delivery_easy,9,1,316324,3773,3,360,260,1,0,-25.67464256286621,3.0,3.0,0.0,0.06818181818181818,0.0,0,0,1,240,4,-1,-1,0.0,40,1.5416666666666667,1.975,0.8208333333333333,-34.349999999999994,0.0,0.0,0.0,0.0
stage2b_small_swarm_delivery_easy,9,1,316645,3774,3,360,260,1,0,71.57618713378906,4.0,4.0,4.0,0.13068181818181818,0.0,0,0,0,107,2,49,47,1.0,8,0.42990654205607476,0.6728971962616822,0.2897196261682243,-5.249999999999997,0.0,0.0,0.0,0.037383177570093455
stage2b_small_swarm_delivery_easy,9,1,317002,3775,3,360,260,1,0,70.36431121826172,4.0,4.0,4.0,0.19318181818181818,0.0,0,0,0,119,8,22,14,1.0,11,0.3445378151260504,0.6302521008403361,0.2773109243697479,-5.489999999999994,0.0,0.0,0.0,0.03361344537815126
stage2b_small_swarm_delivery_easy,9,1,317212,3776,3,360,260,1,0,71.83136749267578,4.0,4.0,4.0,0.10227272727272728,0.0,0,0,0,70,7,37,30,1.0,7,0.5,0.8,0.37142857142857144,-4.139999999999999,0.0,0.0,0.0,0.05714285714285714
stage2b_small_swarm_delivery_easy,9,1,317932,3777,3,360,260,1,0,-24.679353713989258,3.0,3.0,0.0,0.09659090909090909,0.0,0,0,1,240,3,-1,-1,0.0,39,1.15,1.75,0.6833333333333333,-30.119999999999987,0.0,0.0,0.0,0.0
stage2b_small_swarm_delivery_easy,9,1,318202,3778,3,360,260,1,0,71.3084716796875,4.0,4.0,4.0,0.09090909090909091,0.0,0,0,0,90,3,48,45,1.0,9,0.5333333333333333,0.8555555555555555,0.4222222222222222,-5.759999999999995,0.0,0.0,0.0,0.044444444444444446
stage2b_small_swarm_delivery_easy,9,1,318922,3779,3,360,260,1,0,24.948957443237305,4.0,4.0,2.0,0.14204545454545456,0.0,0,0,0,240,19,52,33,0.5,18,0.55,0.7625,0.3125,-13.229999999999992,0.0,0.0,0.0,0.008333333333333333
stage2b_small_swarm_delivery_easy,9,1,319081,3780,3,360,260,1,0,72.73455047607422,4.0,4.0,4.0,0.07386363636363637,0.0,0,0,0,53,3,21,18,1.0,4,0.22641509433962265,0.5094339622641509,0.2830188679245283,-2.0700000000000003,0.0,0.0,0.0,0.07547169811320754
stage2b_small_swarm_delivery_easy,9,1,319258,3781,3,360,260,1,0,72.01531219482422,4.0,4.0,4.0,0.07954545454545454,0.0,0,0,0,59,6,26,20,1.0,5,0.5084745762711864,0.8813559322033898,0.3728813559322034,-3.7800000000000007,0.0,0.0,0.0,0.06779661016949153
stage2b_small_swarm_delivery_easy,9,1,319492,3782,3,360,260,1,0,70.9175033569336,4.0,4.0,4.0,0.11363636363636363,0.0,0,0,0,78,2,29,27,1.0,13,0.5256410256410257,1.0,0.6666666666666666,-6.239999999999999,0.0,0.0,0.0,0.05128205128205128
stage2b_small_swarm_delivery_easy,9,1,320212,3783,3,360,260,1,0,-23.617040634155273,3.0,3.0,0.0,0.09090909090909091,0.0,0,0,1,240,1,-1,-1,0.0,41,1.4875,1.9625,0.7375,-33.57,0.0,0.0,0.0,0.0
stage2b_small_swarm_delivery_easy,9,1,320932,3784,3,360,260,1,0,-32.94662094116211,3.0,3.0,0.0,0.06818181818181818,0.0,0,0,1,240,3,-1,-1,0.0,46,1.1791666666666667,1.8666666666666667,0.7916666666666666,-32.57999999999998,0.0,0.0,0.0,0.0
stage2b_small_swarm_delivery_easy,9,1,321181,3785,3,360,260,1,0,71.86509704589844,4.0,4.0,4.0,0.09090909090909091,0.0,0,0,0,83,2,20,18,1.0,8,0.37349397590361444,0.6987951807228916,0.3614457831325301,-4.38,0.0,0.0,0.0,0.04819277108433735
stage2b_small_swarm_delivery_easy,9,1,321475,3786,3,360,260,1,0,70.31768035888672,4.0,4.0,4.0,0.11363636363636363,0.0,0,0,0,98,3,20,17,1.0,14,0.6020408163265306,0.9387755102040817,0.5510204081632653,-7.139999999999995,0.0,0.0,0.0,0.04081632653061224
stage2b_small_swarm_delivery_easy,9,1,321739,3787,3,360,260,1,0,71.04158782958984,4.0,4.0,4.0,0.14204545454545456,0.0,0,0,0,88,4,29,25,1.0,9,0.4659090909090909,0.7386363636363636,0.36363636363636365,-4.8599999999999985,0.0,0.0,0.0,0.045454545454545456
stage2b_small_swarm_delivery_easy,9,1,321916,3788,3,360,260,1,0,71.97581481933594,4.0,4.0,4.0,0.13636363636363635,0.0,0,0,0,59,11,22,11,1.0,5,0.11864406779661017,0.4745762711864407,0.1864406779661017,-2.0100000000000007,0.0,0.0,0.0,0.06779661016949153
stage2b_small_swarm_delivery_easy,9,1,322048,3789,3,360,260,1,0,70.46666717529297,4.0,4.0,4.0,0.056818181818181816,0.0,0,0,0,44,4,12,8,1.0,1,0.09090909090909091,0.2727272727272727,0.09090909090909091,-0.8399999999999999,0.0,0.0,0.0,0.09090909090909091
stage2b_small_swarm_delivery_easy,9,1,322336,3790,3,360,260,1,0,70.92919158935547,4.0,4.0,4.0,0.07386363636363637,0.0,0,0,0,96,17,26,9,1.0,9,0.625,0.9375,0.4375,-6.660000000000002,0.0,0.0,0.0,0.041666666666666664
stage2b_small_swarm_delivery_easy,9,1,322846,3791,3,360,260,1,0,65.64034271240234,4.0,4.0,4.0,0.1534090909090909,0.0,0,0,0,170,4,112,108,1.0,26,1.1647058823529413,1.5941176470588236,0.7588235294117647,-20.129999999999967,0.0,0.0,0.0,0.023529411764705882
stage2b_small_swarm_delivery_easy,9,1,323137,3792,3,360,260,1,0,70.74300384521484,4.0,4.0,4.0,0.13636363636363635,0.0,0,0,0,97,7,39,32,1.0,13,0.6494845360824743,0.9896907216494846,0.5360824742268041,-7.319999999999991,0.0,0.0,0.0,0.041237113402061855
stage2b_small_swarm_delivery_easy,9,1,323314,3793,3,360,260,1,0,71.36737823486328,4.0,4.0,4.0,0.11931818181818182,0.0,0,0,0,59,3,33,30,1.0,6,0.7796610169491526,1.0847457627118644,0.3728813559322034,-4.499999999999999,0.0,0.0,0.0,0.06779661016949153
stage2b_small_swarm_delivery_easy,9,1,324028,3794,3,360,260,1,0,71.64884185791016,4.0,4.0,4.0,0.13636363636363635,0.0,0,0,0,238,10,32,22,1.0,4,0.06722689075630252,0.13025210084033614,0.06722689075630252,-2.3400000000000007,0.0,0.0,0.0,0.01680672268907563
stage2b_small_swarm_delivery_easy,9,1,324181,3795,3,360,260,1,0,71.66925048828125,4.0,4.0,4.0,0.07386363636363637,0.0,0,0,0,51,2,25,23,1.0,7,0.5490196078431373,1.0588235294117647,0.47058823529411764,-3.959999999999999,0.0,0.0,0.0,0.0784313725490196
stage2b_small_swarm_delivery_easy,9,1,324559,3796,3,360,260,1,0,69.39175415039062,4.0,4.0,4.0,0.14772727272727273,0.0,0,0,0,126,13,51,38,1.0,17,0.7142857142857143,1.119047619047619,0.5634920634920635,-10.59,0.0,0.0,0.0,0.031746031746031744
stage2b_small_swarm_delivery_easy,9,1,324802,3797,3,360,260,1,0,69.41033172607422,4.0,4.0,4.0,0.10227272727272728,0.0,0,0,0,81,15,41,26,1.0,10,0.6049382716049383,1.123456790123457,0.5308641975308642,-6.75,0.0,0.0,0.0,0.04938271604938271
stage2b_small_swarm_delivery_easy,9,1,325216,3798,3,360,260,1,0,67.20764923095703,4.0,4.0,4.0,0.16477272727272727,0.0,0,0,0,138,4,50,46,1.0,21,1.0144927536231885,1.4782608695652173,0.8478260869565217,-15.749999999999995,0.0,0.0,0.0,0.028985507246376812
stage2b_small_swarm_delivery_easy,9,1,325354,3799,3,360,260,1,0,72.4321060180664,4.0,4.0,4.0,0.07954545454545454,0.0,0,0,0,46,4,23,19,1.0,5,0.43478260869565216,0.7391304347826086,0.41304347826086957,-2.61,0.0,0.0,0.0,0.08695652173913043
stage2b_small_swarm_delivery_easy,9,1,326074,3800,3,360,260,1,0,-2.701359987258911,4.0,4.0,1.0,0.09659090909090909,0.0,0,0,0,240,4,153,149,0.25,35,1.1125,1.5458333333333334,0.65,-26.93999999999997,0.0,0.0,0.0,0.004166666666666667
stage2b_small_swarm_delivery_easy,9,1,326335,3801,3,360,260,1,0,71.38460540771484,4.0,4.0,4.0,0.16477272727272727,0.0,0,0,0,87,3,7,4,1.0,7,0.45977011494252873,0.735632183908046,0.5172413793103449,-5.189999999999998,0.0,0.0,0.0,0.04597701149425287
stage2b_small_swarm_delivery_easy,9,1,326479,3802,3,360,260,1,0,72.25137329101562,4.0,4.0,4.0,0.056818181818181816,0.0,0,0,0,48,1,12,11,1.0,4,0.3333333333333333,0.6666666666666666,0.4583333333333333,-2.58,0.0,0.0,0.0,0.08333333333333333
stage2b_small_swarm_delivery_easy,9,1,326671,3803,3,360,260,1,0,72.18954467773438,4.0,4.0,4.0,0.125,0.0,0,0,0,64,7,14,7,1.0,6,0.5,0.78125,0.328125,-3.6300000000000012,0.0,0.0,0.0,0.0625
stage2b_small_swarm_delivery_easy,9,1,327391,3804,3,360,260,1,0,18.18813133239746,4.0,4.0,2.0,0.11363636363636363,0.0,0,0,0,240,3,209,206,0.5,33,1.2958333333333334,1.7125,0.7166666666666667,-29.819999999999975,0.0,0.0,0.0,0.008333333333333333
stage2b_small_swarm_delivery_easy,9,1,327601,3805,3,360,260,1,0,72.72662353515625,4.0,4.0,4.0,0.125,0.0,0,0,0,70,10,15,5,1.0,2,0.11428571428571428,0.24285714285714285,0.05714285714285714,-1.1400000000000003,0.0,0.0,0.0,0.05714285714285714
stage2b_small_swarm_delivery_easy,9,1,327874,3806,3,360,260,1,0,70.13431549072266,4.0,4.0,4.0,0.09659090909090909,0.0,0,0,0,91,2,54,52,1.0,9,0.5934065934065934,1.021978021978022,0.4725274725274725,-6.8699999999999966,0.0,0.0,0.0,0.04395604395604396
stage2b_small_swarm_delivery_easy,9,1,328249,3807,3,360,260,1,0,69.09378814697266,4.0,4.0,4.0,0.07954545454545454,0.0,0,0,0,125,2,6,4,1.0,3,0.032,0.128,0.072,-1.2300000000000002,0.0,0.0,0.0,0.032
stage2b_small_swarm_delivery_easy,9,1,328426,3808,3,360,260,1,0,71.65230560302734,4.0,4.0,4.0,0.09090909090909091,0.0,0,0,0,59,2,32,30,1.0,7,0.5932203389830508,0.9830508474576272,0.5932203389830508,-4.5299999999999985,0.0,0.0,0.0,0.06779661016949153
stage2b_small_swarm_delivery_easy,9,1,328777,3809,3,360,260,1,0,68.3726577758789,4.0,4.0,4.0,0.10795454545454546,0.0,0,0,0,117,1,76,75,1.0,15,0.9230769230769231,1.2478632478632479,0.6239316239316239,-10.949999999999992,0.0,0.0,0.0,0.03418803418803419
stage2b_small_swarm_delivery_easy,9,1,329179,3810,3,360,260,1,0,65.75420379638672,4.0,4.0,4.0,0.11931818181818182,0.0,0,0,0,134,3,19,16,1.0,15,1.1044776119402986,1.492537313432836,0.8283582089552238,-15.33,0.0,0.0,0.0,0.029850746268656716
stage2b_small_swarm_delivery_easy,9,1,329347,3811,3,360,260,1,0,70.8537826538086,4.0,4.0,4.0,0.0625,0.0,0,0,0,56,4,30,26,1.0,7,0.2857142857142857,0.8214285714285714,0.39285714285714285,-3.42,0.0,0.0,0.0,0.07142857142857142
stage2b_small_swarm_delivery_easy,9,1,329797,3812,3,360,260,1,0,69.74385833740234,4.0,4.0,4.0,0.11363636363636363,0.0,0,0,0,150,13,34,21,1.0,5,0.17333333333333334,0.30666666666666664,0.16666666666666666,-3.51,0.0,0.0,0.0,0.02666666666666667
stage2b_small_swarm_delivery_easy,9,1,330064,3813,3,360,260,1,0,70.77544403076172,4.0,4.0,4.0,0.09090909090909091,0.0,0,0,0,89,3,21,18,1.0,8,0.449438202247191,0.7528089887640449,0.4606741573033708,-5.249999999999998,0.0,0.0,0.0,0.0449438202247191
stage2b_small_swarm_delivery_easy,9,1,330331,3814,3,360,260,1,0,69.62003326416016,4.0,4.0,4.0,0.11931818181818182,0.0,0,0,0,89,3,7,4,1.0,8,0.9438202247191011,1.2696629213483146,0.7865168539325843,-8.879999999999997,0.0,0.0,0.0,0.0449438202247191
stage2b_small_swarm_delivery_easy,9,1,330949,3815,3,360,260,1,0,64.31210327148438,4.0,4.0,4.0,0.16477272727272727,0.0,0,0,0,206,5,96,91,1.0,32,1.0242718446601942,1.4611650485436893,0.7815533980582524,-22.889999999999976,0.0,0.0,0.0,0.019417475728155338
stage2c_small_swarm_medium,10,1,332041,3816,3,520,380,1,1,64.23981475830078,4.0,4.0,4.0,0.1875,0.0,0,0,0,131,12,28,16,1.0,10,0.4351145038167939,0.6412213740458015,0.5190839694656488,-6.6599999999999975,0.0,0.0,0.0,0.030534351145038167
stage2c_small_swarm_medium,10,1,332719,3817,3,520,380,1,1,64.77439880371094,4.0,4.0,4.0,0.23579545454545456,0.0,0,0,0,226,100,149,49,1.0,13,0.36283185840707965,0.5176991150442478,0.336283185840708,-8.715,0.0,0.0,0.0,0.017699115044247787
stage2c_small_swarm_medium,10,1,333043,3818,3,520,380,1,1,66.2499008178711,4.0,4.0,4.0,0.17329545454545456,0.0,0,0,0,108,45,61,16,1.0,7,0.3148148148148148,0.4722222222222222,0.26851851851851855,-3.675,0.0,0.0,0.0,0.037037037037037035
stage2c_small_swarm_medium,10,1,334003,3819,3,520,380,1,1,30.233657836914062,2.0,2.0,2.0,0.16477272727272727,0.0,0,0,2,320,72,89,17,1.0,3,0.0375,0.059375,0.053125,-1.5549999999999997,0.0,0.0,0.0,0.00625
stage2c_small_swarm_medium,10,1,334963,3820,3,520,380,1,1,-26.6231746673584,3.0,3.0,0.0,0.1903409090909091,0.0,0,0,1,320,25,-1,-1,0.0,38,1.30625,1.55625,0.9125,-36.15000000000007,0.0,0.0,0.0,0.0
stage2c_small_swarm_medium,10,1,335293,3821,3,520,380,1,1,66.69625091552734,4.0,4.0,4.0,0.08522727272727272,0.0,0,0,0,110,24,45,21,1.0,7,0.18181818181818182,0.38181818181818183,0.2545454545454545,-3.15,0.0,0.0,0.0,0.03636363636363636
stage2c_small_swarm_medium,10,1,335863,3822,3,520,380,1,1,62.88776779174805,4.0,4.0,4.0,0.15625,0.0,0,0,0,190,60,136,76,1.0,16,0.6842105263157895,0.9473684210526315,0.5157894736842106,-12.839999999999996,0.0,0.0,0.0,0.021052631578947368
stage2c_small_swarm_medium,10,1,336823,3823,3,520,380,1,1,-22.067819595336914,3.0,3.0,0.0,0.1875,0.0,0,0,1,320,74,-1,-1,0.0,35,1.2125,1.478125,0.9,-34.655000000000065,0.0,0.0,0.0,0.0
stage2c_small_swarm_medium,10,1,337162,3824,3,520,380,1,1,64.48851776123047,4.0,4.0,4.0,0.11647727272727272,0.0,0,0,0,113,19,73,54,1.0,15,0.7522123893805309,1.0619469026548674,0.6371681415929203,-8.759999999999996,0.0,0.0,0.0,0.035398230088495575
stage2c_small_swarm_medium,10,1,337858,3825,3,520,380,1,1,58.11204528808594,4.0,4.0,4.0,0.21875,0.0,0,0,0,232,35,74,39,1.0,7,0.1206896551724138,0.21120689655172414,0.14224137931034483,-3.685,0.0,0.0,0.0,0.017241379310344827
stage2c_small_swarm_medium,10,1,338119,3826,3,520,380,1,1,66.06336212158203,4.0,4.0,4.0,0.1278409090909091,0.0,0,0,0,87,7,36,29,1.0,6,0.39080459770114945,0.6206896551724138,0.5172413793103449,-4.32,0.0,0.0,0.0,0.04597701149425287
stage2c_small_swarm_medium,10,1,339079,3827,3,520,380,1,1,-26.71137046813965,3.0,3.0,0.0,0.2159090909090909,0.0,0,0,1,320,49,-1,-1,0.0,36,1.328125,1.615625,0.853125,-36.62500000000008,0.0,0.0,0.0,0.0
stage2c_small_swarm_medium,10,1,340039,3828,3,520,380,1,1,-23.64106559753418,3.0,3.0,0.0,0.16761363636363635,0.0,0,0,1,320,13,-1,-1,0.0,39,1.35,1.678125,0.94375,-38.5950000000001,0.0,0.0,0.0,0.0
stage2c_small_swarm_medium,10,1,340999,3829,3,520,380,1,1,-22.709447860717773,3.0,3.0,0.0,0.14772727272727273,0.0,0,0,1,320,67,-1,-1,0.0,38,1.253125,1.54375,0.928125,-36.080000000000084,0.0,0.0,0.0,0.0
stage2c_small_swarm_medium,10,1,341959,3830,3,520,380,1,1,-23.660573959350586,3.0,3.0,0.0,0.08806818181818182,0.0,0,0,1,320,37,-1,-1,0.0,40,1.3625,1.68125,0.934375,-38.56000000000008,0.0,0.0,0.0,0.0
stage2c_small_swarm_medium,10,1,342919,3831,3,520,380,1,1,-23.115509033203125,3.0,3.0,0.0,0.17045454545454544,0.0,0,0,1,320,33,-1,-1,0.0,35,1.303125,1.58125,0.80625,-35.57000000000006,0.0,0.0,0.0,0.0
stage2c_small_swarm_medium,10,1,343624,3832,3,520,380,1,1,58.7285041809082,4.0,4.0,4.0,0.11079545454545454,0.0,0,0,0,235,19,196,177,1.0,27,1.1574468085106382,1.4170212765957446,0.9063829787234042,-24.70500000000002,0.0,0.0,0.0,0.01702127659574468
stage2c_small_swarm_medium,10,1,344584,3833,3,520,380,1,1,49.46533203125,3.0,3.0,3.0,0.1278409090909091,0.0,0,0,1,320,206,223,17,1.0,3,0.05625,0.084375,0.0625,-2.0849999999999995,0.0,0.0,0.0,0.009375
stage2c_small_swarm_medium,10,1,345361,3834,3,520,380,1,1,58.353607177734375,4.0,4.0,4.0,0.20170454545454544,0.0,0,0,0,259,92,106,14,1.0,1,0.019305019305019305,0.05791505791505792,0.03861003861003861,-1.1249999999999998,0.0,0.0,0.0,0.015444015444015444
stage2c_small_swarm_medium,10,1,345877,3835,3,520,380,1,1,61.33854675292969,4.0,4.0,4.0,0.17613636363636365,0.0,0,0,0,172,102,121,19,1.0,7,0.21511627906976744,0.32558139534883723,0.22093023255813954,-4.220000000000001,0.0,0.0,0.0,0.023255813953488372
stage2c_small_swarm_medium,10,1,346837,3836,3,520,380,1,1,-3.2485191822052,2.0,2.0,1.0,0.13636363636363635,0.0,0,0,2,320,181,245,64,0.5,7,0.203125,0.340625,0.1375,-7.314999999999992,0.0,0.0,0.0,0.003125
stage2c_small_swarm_medium,10,1,347185,3837,3,520,380,1,1,66.32257080078125,4.0,4.0,4.0,0.17329545454545456,0.0,0,0,0,116,40,72,32,1.0,8,0.3793103448275862,0.5344827586206896,0.3103448275862069,-4.49,0.0,0.0,0.0,0.034482758620689655
stage2c_small_swarm_medium,10,1,347734,3838,3,520,380,1,1,63.08673095703125,4.0,4.0,4.0,0.1590909090909091,0.0,0,0,0,183,36,124,88,1.0,14,0.73224043715847,0.9453551912568307,0.5355191256830601,-12.455000000000014,0.0,0.0,0.0,0.02185792349726776
stage2c_small_swarm_medium,10,1,348157,3839,3,520,380,1,1,61.828643798828125,4.0,4.0,4.0,0.15056818181818182,0.0,0,0,0,141,26,70,44,1.0,9,0.5602836879432624,0.7801418439716312,0.4397163120567376,-7.909999999999999,0.0,0.0,0.0,0.028368794326241134
stage2c_small_swarm_medium,10,1,348502,3840,3,520,380,1,1,66.25288391113281,4.0,4.0,4.0,0.13920454545454544,0.0,0,0,0,115,38,73,35,1.0,7,0.4434782608695652,0.6,0.3739130434782609,-5.085000000000001,0.0,0.0,0.0,0.034782608695652174
stage2c_small_swarm_medium,10,1,349000,3841,3,520,380,1,1,64.69185638427734,4.0,4.0,4.0,0.1590909090909091,0.0,0,0,0,166,10,50,40,1.0,7,0.24096385542168675,0.37349397590361444,0.13855421686746988,-4.100000000000002,0.0,0.0,0.0,0.024096385542168676
stage2c_small_swarm_medium,10,1,349486,3842,3,520,380,1,1,65.8982925415039,4.0,4.0,4.0,0.20454545454545456,0.0,0,0,0,162,77,92,15,1.0,5,0.12962962962962962,0.20987654320987653,0.06790123456790123,-2.199999999999999,0.0,0.0,0.0,0.024691358024691357
stage2c_small_swarm_medium,10,1,349945,3843,3,520,380,1,1,65.5482177734375,4.0,4.0,4.0,0.20738636363636365,0.0,0,0,0,153,31,62,31,1.0,8,0.23529411764705882,0.37254901960784315,0.16993464052287582,-3.9150000000000027,0.0,0.0,0.0,0.026143790849673203
stage2c_small_swarm_medium,10,1,350410,3844,3,520,380,1,1,64.32288360595703,4.0,4.0,4.0,0.17329545454545456,0.0,0,0,0,155,83,128,45,1.0,7,0.41935483870967744,0.5806451612903226,0.3548387096774194,-6.6000000000000005,0.0,0.0,0.0,0.025806451612903226
stage2c_small_swarm_medium,10,1,351202,3845,3,520,380,1,1,64.03571319580078,4.0,4.0,4.0,0.1590909090909091,0.0,0,0,0,264,67,86,19,1.0,6,0.10984848484848485,0.17803030303030304,0.09090909090909091,-3.305000000000001,0.0,0.0,0.0,0.015151515151515152
stage2c_small_swarm_medium,10,1,351847,3846,3,520,380,1,1,61.8514289855957,4.0,4.0,4.0,0.20170454545454544,0.0,0,0,0,215,54,152,98,1.0,15,0.7255813953488373,0.8976744186046511,0.4232558139534884,-13.345000000000008,0.0,0.0,0.0,0.018604651162790697
stage2c_small_swarm_medium,10,1,352795,3847,3,520,380,1,1,62.42396926879883,4.0,4.0,4.0,0.2215909090909091,0.0,0,0,0,316,169,236,67,1.0,9,0.2563291139240506,0.3512658227848101,0.12341772151898735,-7.274999999999992,0.0,0.0,0.0,0.012658227848101266
stage2c_small_swarm_medium,10,1,353755,3848,3,520,380,1,1,19.19087028503418,2.0,2.0,2.0,0.17045454545454544,0.0,0,0,2,320,88,104,16,1.0,2,0.03125,0.05,0.0125,-1.0000000000000002,0.0,0.0,0.0,0.00625
stage2c_small_swarm_medium,10,1,354229,3849,3,520,380,1,1,60.91367721557617,4.0,4.0,4.0,0.08522727272727272,0.0,0,0,0,158,22,40,18,1.0,9,0.7974683544303798,0.879746835443038,0.7658227848101266,-11.275000000000013,0.0,0.0,0.0,0.02531645569620253
stage2c_small_swarm_medium,10,1,355189,3850,3,520,380,1,1,39.149169921875,4.0,4.0,3.0,0.1846590909090909,0.0,0,0,0,320,67,96,29,0.75,15,0.559375,0.6125,0.5875,-16.420000000000055,0.0,0.0,0.0,0.009375
stage2c_small_swarm_medium,10,1,355597,3851,3,520,380,1,1,62.8847541809082,4.0,4.0,4.0,0.13068181818181818,0.0,0,0,0,136,68,101,33,1.0,10,0.27205882352941174,0.4338235294117647,0.25,-4.265000000000001,0.0,0.0,0.0,0.029411764705882353
stage2c_small_swarm_medium,10,1,356050,3852,3,520,380,1,1,57.83494567871094,4.0,4.0,4.0,0.15625,0.0,0,0,0,151,45,66,21,1.0,5,0.2847682119205298,0.3841059602649007,0.2052980132450331,-4.12,0.0,0.0,0.0,0.026490066225165563
stage2c_small_swarm_medium,10,1,356797,3853,3,520,380,1,1,62.513736724853516,4.0,4.0,4.0,0.24431818181818182,0.0,0,0,0,249,92,121,29,1.0,8,0.46184738955823296,0.5301204819277109,0.43775100401606426,-10.530000000000022,0.0,0.0,0.0,0.01606425702811245
stage2c_small_swarm_medium,10,1,357721,3854,3,520,380,1,1,64.31285095214844,4.0,4.0,4.0,0.2215909090909091,0.0,0,0,0,308,187,229,42,1.0,6,0.1461038961038961,0.20454545454545456,0.06168831168831169,-4.035000000000003,0.0,0.0,0.0,0.012987012987012988
stage2c_small_swarm_medium,10,1,358408,3855,3,520,380,1,1,59.17631912231445,4.0,4.0,4.0,0.21022727272727273,0.0,0,0,0,229,24,143,119,1.0,12,0.48034934497816595,0.6331877729257642,0.13100436681222707,-8.875000000000002,0.0,0.0,0.0,0.017467248908296942
stage2c_small_swarm_medium,10,1,358978,3856,3,520,380,1,1,64.68411254882812,4.0,4.0,4.0,0.26136363636363635,0.0,0,0,0,190,20,38,18,1.0,8,0.34210526315789475,0.48947368421052634,0.30526315789473685,-6.854999999999999,0.0,0.0,0.0,0.021052631578947368
stage2c_small_swarm_medium,10,1,359236,3857,3,520,380,1,1,66.43516540527344,4.0,4.0,4.0,0.13636363636363635,0.0,0,0,0,86,40,57,17,1.0,3,0.22093023255813954,0.313953488372093,0.13953488372093023,-1.8449999999999998,0.0,0.0,0.0,0.046511627906976744
stage2c_small_swarm_medium,10,1,359599,3858,3,520,380,1,1,62.8713493347168,4.0,4.0,4.0,0.1590909090909091,0.0,0,0,0,121,31,62,31,1.0,6,0.2396694214876033,0.4297520661157025,0.1487603305785124,-3.4000000000000026,0.0,0.0,0.0,0.03305785123966942
stage2c_small_swarm_medium,10,1,360106,3859,3,520,380,1,1,63.10020446777344,4.0,4.0,4.0,0.11647727272727272,0.0,0,0,0,169,4,37,33,1.0,9,0.21893491124260356,0.35502958579881655,0.15384615384615385,-4.080000000000002,0.0,0.0,0.0,0.023668639053254437
stage2c_small_swarm_medium,10,1,360556,3860,3,520,380,1,1,57.463687896728516,4.0,4.0,4.0,0.20454545454545456,0.0,0,0,0,150,44,90,46,1.0,7,0.41333333333333333,0.5666666666666667,0.2,-5.5749999999999975,0.0,0.0,0.0,0.02666666666666667
stage2c_small_swarm_medium,10,1,360985,3861,3,520,380,1,1,65.35755157470703,4.0,4.0,4.0,0.17329545454545456,0.0,0,0,0,143,34,68,34,1.0,9,0.23076923076923078,0.3706293706293706,0.18181818181818182,-3.6950000000000003,0.0,0.0,0.0,0.027972027972027972
stage2c_small_swarm_medium,10,1,361534,3862,3,520,380,1,1,63.077484130859375,4.0,4.0,4.0,0.23579545454545456,0.0,0,0,0,183,30,45,15,1.0,4,0.15846994535519127,0.21311475409836064,0.07650273224043716,-2.565,0.0,0.0,0.0,0.02185792349726776
stage2c_small_swarm_medium,10,1,362134,3863,3,520,380,1,1,61.69206619262695,4.0,4.0,4.0,0.2727272727272727,0.0,0,0,0,200,102,121,19,1.0,7,0.345,0.485,0.25,-6.834999999999997,0.0,0.0,0.0,0.02
stage2c_small_swarm_medium,10,1,362710,3864,3,520,380,1,1,62.37074279785156,4.0,4.0,4.0,0.1534090909090909,0.0,0,0,0,192,33,72,39,1.0,15,0.5833333333333334,0.8020833333333334,0.15625,-9.370000000000001,0.0,0.0,0.0,0.020833333333333332
stage2c_small_swarm_medium,10,1,363286,3865,3,520,380,1,1,64.07508087158203,4.0,4.0,4.0,0.14772727272727273,0.0,0,0,0,192,6,20,14,1.0,10,0.4895833333333333,0.6458333333333334,0.09895833333333333,-7.389999999999996,0.0,0.0,0.0,0.020833333333333332
stage2c_small_swarm_medium,10,1,363838,3866,3,520,380,1,1,65.39730072021484,4.0,4.0,4.0,0.1875,0.0,0,0,0,184,38,53,15,1.0,6,0.2826086956521739,0.3695652173913043,0.14130434782608695,-4.519999999999999,0.0,0.0,0.0,0.021739130434782608
stage2c_small_swarm_medium,10,1,364291,3867,3,520,380,1,1,65.8051986694336,4.0,4.0,4.0,0.17045454545454544,0.0,0,0,0,151,33,97,64,1.0,6,0.32450331125827814,0.4304635761589404,0.1390728476821192,-4.204999999999999,0.0,0.0,0.0,0.026490066225165563
stage2c_small_swarm_medium,10,1,364609,3868,3,520,380,1,1,62.669925689697266,4.0,4.0,4.0,0.16761363636363635,0.0,0,0,0,106,56,72,16,1.0,4,0.10377358490566038,0.2169811320754717,0.009433962264150943,-1.295,0.0,0.0,0.0,0.03773584905660377
stage2c_small_swarm_medium,10,1,364984,3869,3,520,380,1,1,60.94892883300781,4.0,4.0,4.0,0.13636363636363635,0.0,0,0,0,125,28,99,71,1.0,12,0.528,0.888,0.328,-7.334999999999999,0.0,0.0,0.0,0.032
stage2c_small_swarm_medium,10,1,365563,3870,3,520,380,1,1,56.89936447143555,4.0,4.0,4.0,0.23579545454545456,0.0,0,0,0,193,29,66,37,1.0,5,0.24870466321243523,0.33678756476683935,0.11398963730569948,-4.235000000000001,0.0,0.0,0.0,0.02072538860103627
stage2c_small_swarm_medium,10,1,366184,3871,3,520,380,1,1,63.50341796875,4.0,4.0,4.0,0.16477272727272727,0.0,0,0,0,207,103,118,15,1.0,3,0.043478260869565216,0.0966183574879227,0.024154589371980676,-1.25,0.0,0.0,0.0,0.01932367149758454
stage2c_small_swarm_medium,10,1,366568,3872,3,520,380,1,1,66.57329559326172,4.0,4.0,4.0,0.125,0.0,0,0,0,128,7,37,30,1.0,6,0.1796875,0.296875,0.15625,-2.6899999999999995,0.0,0.0,0.0,0.03125
stage2c_small_swarm_medium,10,1,366889,3873,3,520,380,1,1,66.09435272216797,4.0,4.0,4.0,0.20454545454545456,0.0,0,0,0,107,4,30,26,1.0,5,0.14018691588785046,0.2616822429906542,0.06542056074766354,-1.7499999999999996,0.0,0.0,0.0,0.037383177570093455
stage2c_small_swarm_medium,10,1,367285,3874,3,520,380,1,1,62.20772171020508,4.0,4.0,4.0,0.1590909090909091,0.0,0,0,0,132,25,45,20,1.0,7,0.42424242424242425,0.5757575757575758,0.1893939393939394,-4.93,0.0,0.0,0.0,0.030303030303030304
stage2c_small_swarm_medium,10,1,367900,3875,3,520,380,1,1,55.15212631225586,4.0,4.0,4.0,0.20738636363636365,0.0,0,0,0,205,86,123,37,1.0,11,0.5219512195121951,0.6487804878048781,0.3073170731707317,-9.205000000000004,0.0,0.0,0.0,0.01951219512195122
stage2c_small_swarm_medium,10,1,368215,3876,3,520,380,1,1,64.53378295898438,4.0,4.0,4.0,0.16193181818181818,0.0,0,0,0,105,47,65,18,1.0,6,0.22857142857142856,0.3619047619047619,0.2,-2.7199999999999993,0.0,0.0,0.0,0.0380952380952381
stage2c_small_swarm_medium,10,1,368848,3877,3,520,380,1,1,64.69298553466797,4.0,4.0,4.0,0.3210227272727273,0.0,0,0,0,211,97,116,19,1.0,11,0.3459715639810427,0.4834123222748815,0.16113744075829384,-6.629999999999998,0.0,0.0,0.0,0.018957345971563982
stage2c_small_swarm_medium,10,1,369139,3878,3,520,380,1,1,64.90459442138672,4.0,4.0,4.0,0.11647727272727272,0.0,0,0,0,97,27,48,21,1.0,8,0.4845360824742268,0.7010309278350515,0.29896907216494845,-4.609999999999999,0.0,0.0,0.0,0.041237113402061855
stage2c_small_swarm_medium,10,1,369856,3879,3,520,380,1,1,62.04768753051758,4.0,4.0,4.0,0.2556818181818182,0.0,0,0,0,239,75,165,90,1.0,19,0.6652719665271967,0.8702928870292888,0.24267782426778242,-13.179999999999994,0.0,0.0,0.0,0.016736401673640166
stage2c_small_swarm_medium,10,1,370402,3880,3,520,380,1,1,60.34944152832031,4.0,4.0,4.0,0.2727272727272727,0.0,0,0,0,182,104,135,31,1.0,11,0.23076923076923078,0.35714285714285715,0.21428571428571427,-4.744999999999998,0.0,0.0,0.0,0.02197802197802198
stage2c_small_swarm_medium,10,1,370900,3881,3,520,380,1,1,64.9522933959961,4.0,4.0,4.0,0.22443181818181818,0.0,0,0,0,166,63,102,39,1.0,8,0.2710843373493976,0.4036144578313253,0.18674698795180722,-4.614999999999998,0.0,0.0,0.0,0.024096385542168676
stage2c_small_swarm_medium,10,1,371494,3882,3,520,380,1,1,64.97412872314453,4.0,4.0,4.0,0.16477272727272727,0.0,0,0,0,198,98,140,42,1.0,11,0.46464646464646464,0.6161616161616161,0.12626262626262627,-7.459999999999999,0.0,0.0,0.0,0.020202020202020204
stage2c_small_swarm_medium,10,1,371905,3883,3,520,380,1,1,66.8602294921875,4.0,4.0,4.0,0.09943181818181818,0.0,0,0,0,137,58,71,13,1.0,6,0.21897810218978103,0.3284671532846715,0.12408759124087591,-2.985,0.0,0.0,0.0,0.029197080291970802
stage2c_small_swarm_medium,10,1,372196,3884,3,520,380,1,1,66.31041717529297,4.0,4.0,4.0,0.17613636363636365,0.0,0,0,0,97,41,58,17,1.0,7,0.23711340206185566,0.41237113402061853,0.20618556701030927,-2.8000000000000003,0.0,0.0,0.0,0.041237113402061855
stage2c_small_swarm_medium,10,1,372685,3885,3,520,380,1,1,65.52739715576172,4.0,4.0,4.0,0.23579545454545456,0.0,0,0,0,163,69,91,22,1.0,10,0.19631901840490798,0.3496932515337423,0.1901840490797546,-4.065000000000001,0.0,0.0,0.0,0.024539877300613498
stage2c_small_swarm_medium,10,1,373048,3886,3,520,380,1,1,67.21864318847656,4.0,4.0,4.0,0.17897727272727273,0.0,0,0,0,121,53,70,17,1.0,6,0.14049586776859505,0.2644628099173554,0.09917355371900827,-2.12,0.0,0.0,0.0,0.03305785123966942
stage2d_small_swarm_large,11,1,375070,3887,3,950,700,3,8,11.446505546569824,4.0,4.0,3.0,0.1275,0.10773341975658415,142,1,12,650,95,122,27,0.75,27,0.34615384615384615,0.5061538461538462,0.24153846153846154,-16.299999999999937,1.1953846153846155,1.5646153846153845,-17.459999999999898,0.004615384615384616
stage2d_small_swarm_large,11,1,377020,3888,3,950,700,3,8,-70.92009735107422,1.0,1.0,0.0,0.09833333333333333,0.1318306695858542,204,0,11,650,12,-1,-1,0.0,32,0.47846153846153844,0.703076923076923,0.3230769230769231,-22.479999999999798,0.7661538461538462,0.033846153846153845,-6.151999999999929,0.0
stage2d_small_swarm_large,11,1,378970,3889,3,950,700,3,8,26.6375732421875,5.0,5.0,5.0,0.11583333333333333,0.14326412778771602,340,1,11,650,17,191,174,1.0,54,0.6230769230769231,1.0123076923076924,0.5030769230769231,-32.859999999999935,0.5215384615384615,0.4015384615384615,-6.155999999999988,0.007692307692307693
stage2d_small_swarm_large,11,1,380920,3890,3,950,700,3,8,-29.298065185546875,0.0,0.0,0.0,0.10416666666666667,0.0,0,0,12,650,-1,-1,-1,0.0,0,0.0,0.0,0.0,0.0,2.629230769230769,2.56,-33.819999999999766,0.0
stage2d_small_swarm_large,11,1,382870,3891,3,950,700,3,8,-61.34101486206055,0.0,0.0,0.0,0.09,0.0,0,0,12,650,-1,-1,-1,0.0,0,0.0,0.0,0.0,0.0,2.6569230769230767,2.5676923076923077,-34.07599999999978,0.0
stage2d_small_swarm_large,11,1,384820,3892,3,950,700,3,8,-93.27474975585938,4.0,4.0,2.0,0.13916666666666666,0.07999248865884372,250,1,12,650,174,210,36,0.5,43,0.6738461538461539,0.9184615384615384,0.4276923076923077,-29.43999999999988,0.19846153846153847,0.12615384615384614,-2.2040000000000015,0.003076923076923077
stage2d_small_swarm_large,11,1,386770,3893,3,950,700,3,8,-25.61664390563965,0.0,0.0,0.0,0.12416666666666666,0.0,0,0,12,650,-1,-1,-1,0.0,0,0.0,0.0,0.0,0.0,1.7923076923076924,2.226153846153846,-25.555999999999777,0.0
stage2d_small_swarm_large,11,1,388720,3894,3,950,700,3,8,-6.083221912384033,2.0,2.0,1.0,0.07916666666666666,0.17990799887535663,108,0,10,650,144,195,51,0.5,22,0.2523076923076923,0.38,0.19846153846153847,-12.459999999999969,0.4153846153846154,0.563076923076923,-6.167999999999972,0.0015384615384615385
stage2d_small_swarm_large,11,1,390670,3895,3,950,700,3,8,-22.015365600585938,0.0,0.0,0.0,0.11,0.0,0,0,12,650,-1,-1,-1,0.0,0,0.0,0.0,0.0,0.0,2.2953846153846156,2.6153846153846154,-31.503999999999724,0.0
stage2d_small_swarm_large,11,1,392620,3896,3,950,700,3,8,-112.66797637939453,0.0,0.0,0.0,0.15666666666666668,0.0,0,0,12,650,-1,-1,-1,0.0,0,0.0,0.0,0.0,0.0,0.7784615384615384,0.7753846153846153,-10.103999999999946,0.0
stage2d_small_swarm_large,11,1,394570,3897,3,950,700,3,8,-40.335723876953125,0.0,0.0,0.0,0.10666666666666667,0.0,0,0,12,650,-1,-1,-1,0.0,0,0.0,0.0,0.0,0.0,2.290769230769231,2.08,-28.683999999999774,0.0
stage2d_small_swarm_large,11,1,396520,3898,3,950,700,3,8,-101.0390625,0.0,0.0,0.0,0.0925,0.0,0,0,12,650,-1,-1,-1,0.0,0,0.0,0.0,0.0,0.0,1.4615384615384615,1.0769230769230769,-16.999999999999826,0.0
stage2d_small_swarm_large,11,1,398470,3899,3,950,700,3,8,18.02412223815918,3.0,3.0,3.0,0.14,0.11856477024415747,72,0,9,650,16,84,68,1.0,7,0.06307692307692307,0.13846153846153847,0.0876923076923077,-4.739999999999998,1.763076923076923,2.1353846153846154,-24.855999999999764,0.004615384615384616
stage2d_small_swarm_large,11,1,400420,3900,3,950,700,3,8,-74.61544036865234,0.0,0.0,0.0,0.0875,0.0,0,0,12,650,-1,-1,-1,0.0,0,0.0,0.0,0.0,0.0,2.3415384615384616,2.4015384615384616,-30.751999999999715,0.0
stage2d_small_swarm_large,11,1,402370,3901,3,950,700,3,8,-23.1242733001709,0.0,0.0,0.0,0.11333333333333333,0.0,0,0,12,650,-1,-1,-1,0.0,0,0.0,0.0,0.0,0.0,2.5523076923076924,2.4615384615384617,-32.707999999999714,0.0
stage2d_small_swarm_large,11,1,404320,3902,3,950,700,3,8,-9.380271911621094,1.0,1.0,1.0,0.12,0.034309384729355,14,0,11,650,331,384,53,1.0,4,0.018461538461538463,0.04923076923076923,0.03076923076923077,-1.6800000000000008,1.1738461538461538,1.6153846153846154,-17.555999999999905,0.0015384615384615385
stage2d_small_swarm_large,11,1,406270,3903,3,950,700,3,8,-32.58378601074219,1.0,1.0,1.0,0.11583333333333333,0.0149297651127936,26,0,11,650,27,102,75,1.0,6,0.024615384615384615,0.05846153846153846,0.03538461538461538,-1.980000000000001,2.3723076923076922,2.4953846153846153,-31.479999999999688,0.0015384615384615385
stage2d_small_swarm_large,11,1,408220,3904,3,950,700,3,8,-5.239266395568848,2.0,2.0,2.0,0.135,0.03566660475955966,93,0,10,650,72,142,70,1.0,15,0.07384615384615385,0.20307692307692307,0.12307692307692308,-6.879999999999991,2.230769230769231,2.164615384615385,-28.655999999999775,0.003076923076923077
stage2d_small_swarm_large,11,1,410170,3905,3,950,700,3,8,-38.80424880981445,0.0,0.0,0.0,0.13916666666666666,0.0,0,0,12,650,-1,-1,-1,0.0,0,0.0,0.0,0.0,0.0,2.1538461538461537,2.227692307692308,-28.383999999999777,0.0
stage2d_small_swarm_large,11,1,412120,3906,3,950,700,3,8,-82.63965606689453,0.0,0.0,0.0,0.035833333333333335,0.0,0,0,12,650,-1,-1,-1,0.0,0,0.0,0.0,0.0,0.0,2.893846153846154,2.896923076923077,-37.63599999999991,0.0
stage2d_small_swarm_large,11,1,414070,3907,3,950,700,3,8,-18.350473403930664,0.0,0.0,0.0,0.07416666666666667,0.0,0,0,12,650,-1,-1,-1,0.0,0,0.0,0.0,0.0,0.0,2.647692307692308,2.726153846153846,-34.8279999999998,0.0
stage2d_small_swarm_large,11,1,416020,3908,3,950,700,3,8,-56.929134368896484,0.0,0.0,0.0,0.08666666666666667,0.0,0,0,12,650,-1,-1,-1,0.0,0,0.0,0.0,0.0,0.0,2.647692307692308,2.6846153846153844,-34.6119999999998,0.0
stage2d_small_swarm_large,11,1,417970,3909,3,950,700,3,8,-7.1645684242248535,1.0,1.0,1.0,0.12583333333333332,0.008989831172526837,44,0,11,650,58,171,113,1.0,5,0.016923076923076923,0.07538461538461538,0.047692307692307694,-2.580000000000002,2.330769230769231,2.332307692307692,-30.307999999999737,0.0015384615384615385
stage2d_small_swarm_large,11,1,419920,3910,3,950,700,3,8,-77.59825134277344,1.0,1.0,0.0,0.07333333333333333,0.13074400131757824,156,0,11,650,115,-1,-1,0.0,37,0.3476923076923077,0.6369230769230769,0.3553846153846154,-21.17999999999985,1.9523076923076923,1.9538461538461538,-25.387999999999636,0.0
stage2d_small_swarm_large,11,1,421870,3911,3,950,700,3,8,-40.3880729675293,0.0,0.0,0.0,0.09583333333333334,0.0,0,0,12,650,-1,-1,-1,0.0,0,0.0,0.0,0.0,0.0,2.6107692307692307,2.5692307692307694,-33.72399999999977,0.0
stage2d_small_swarm_large,11,1,423820,3912,3,950,700,3,8,-17.895784378051758,0.0,0.0,0.0,0.10666666666666667,0.0,0,0,12,650,-1,-1,-1,0.0,0,0.0,0.0,0.0,0.0,1.9876923076923076,2.3815384615384616,-27.887999999999742,0.0
stage2d_small_swarm_large,11,1,425770,3913,3,950,700,3,8,-37.40388107299805,0.0,0.0,0.0,0.11666666666666667,0.0,0,0,12,650,-1,-1,-1,0.0,0,0.0,0.0,0.0,0.0,2.164615384615385,2.116923076923077,-27.891999999999783,0.0
stage2d_small_swarm_large,11,1,427720,3914,3,950,700,3,8,70.07685089111328,8.0,8.0,8.0,0.1,0.03360411669453009,42,2,12,650,54,54,0,1.0,9,0.04461538461538461,0.11384615384615385,0.06923076923076923,-3.8600000000000025,2.1523076923076925,2.2015384615384614,-28.235999999999773,0.012307692307692308
stage2d_small_swarm_large,11,1,429670,3915,3,950,700,3,8,-22.697771072387695,4.0,4.0,4.0,0.11166666666666666,0.09798861993548388,59,1,12,650,165,183,18,1.0,15,0.1276923076923077,0.20923076923076922,0.13076923076923078,-7.139999999999986,2.0215384615384617,2.1338461538461537,-26.863999999999773,0.006153846153846154
stage2d_small_swarm_large,11,1,431620,3916,3,950,700,3,8,-21.234481811523438,0.0,0.0,0.0,0.085,0.0,0,0,12,650,-1,-1,-1,0.0,0,0.0,0.0,0.0,0.0,2.6415384615384614,2.606153846153846,-34.15599999999979,0.0
stage2d_small_swarm_large,11,1,433570,3917,3,950,700,3,8,-25.585725784301758,0.0,0.0,0.0,0.060833333333333336,0.0,0,0,12,650,-1,-1,-1,0.0,0,0.0,0.0,0.0,0.0,2.74,2.7446153846153845,-35.64399999999984,0.0
stage2d_small_swarm_large,11,2,437278,3918,3,950,700,3,8,-19.004819869995117,0.0,0.0,0.0,0.11916666666666667,0.0,0,0,12,650,-1,-1,-1,0.0,0,0.0,0.0,0.0,0.0,2.416923076923077,2.5753846153846154,-32.24399999999969,0.0
stage2d_small_swarm_large,11,2,439228,3919,3,950,700,3,8,48.61882019042969,8.0,8.0,8.0,0.06,0.13209194648222855,43,2,12,650,9,29,20,1.0,6,0.052307692307692305,0.11846153846153847,0.055384615384615386,-3.800000000000003,2.506153846153846,2.5846153846153848,-32.98799999999972,0.012307692307692308
stage2d_small_swarm_large,11,2,441178,3920,3,950,700,3,8,-35.50358200073242,0.0,0.0,0.0,0.10166666666666667,0.0,0,0,12,650,-1,-1,-1,0.0,0,0.0,0.0,0.0,0.0,1.9323076923076923,2.3153846153846156,-27.111999999999778,0.0
stage2d_small_swarm_large,11,2,443128,3921,3,950,700,3,8,-29.9318904876709,0.0,0.0,0.0,0.08833333333333333,0.0,0,0,12,650,-1,-1,-1,0.0,0,0.0,0.0,0.0,0.0,2.644615384615385,2.6615384615384614,-34.467999999999826,0.0
stage2d_small_swarm_large,11,2,445078,3922,3,950,700,3,8,-37.18373107910156,0.0,0.0,0.0,0.12916666666666668,0.0,0,0,12,650,-1,-1,-1,0.0,0,0.0,0.0,0.0,0.0,2.230769230769231,2.289230769230769,-29.30399999999976,0.0
stage2d_small_swarm_large,11,2,447028,3923,3,950,700,3,8,-63.4817008972168,3.0,3.0,0.0,0.07416666666666667,0.27675687288113227,408,0,9,650,43,-1,-1,0.0,65,1.2338461538461538,1.6553846153846155,0.9292307692307692,-55.119999999999905,0.0,0.0,0.0,0.0
stage2d_small_swarm_large,11,2,448978,3924,3,950,700,3,8,-22.6999454498291,0.0,0.0,0.0,0.11166666666666666,0.0,0,0,12,650,-1,-1,-1,0.0,0,0.0,0.0,0.0,0.0,2.4446153846153846,2.52,-32.1719999999997,0.0
stage2d_small_swarm_large,11,2,450928,3925,3,950,700,3,8,-15.61544418334961,0.0,0.0,0.0,0.10333333333333333,0.0,0,0,12,650,-1,-1,-1,0.0,0,0.0,0.0,0.0,0.0,0.5030769230769231,1.113846153846154,-9.715999999999964,0.0
stage2d_small_swarm_large,11,2,452878,3926,3,950,700,3,8,-71.10491180419922,0.0,0.0,0.0,0.09583333333333334,0.0,0,0,12,650,-1,-1,-1,0.0,0,0.0,0.0,0.0,0.0,2.3953846153846152,2.3630769230769233,-30.971999999999735,0.0
stage2d_small_swarm_large,11,2,454828,3927,3,950,700,3,8,-30.583457946777344,3.0,3.0,0.0,0.08,0.14989280165298485,302,0,9,650,270,-1,-1,0.0,59,0.7723076923076924,1.133846153846154,0.64,-37.79999999999996,1.126153846153846,1.0415384615384615,-14.2,0.0
stage2d_small_swarm_large,11,2,456778,3928,3,950,700,3,8,-7.020427227020264,1.0,1.0,1.0,0.1,0.044189068479702255,14,0,11,650,68,104,36,1.0,3,0.018461538461538463,0.033846153846153845,0.021538461538461538,-1.1600000000000006,2.5646153846153847,2.496923076923077,-32.987999999999744,0.0015384615384615385
stage2d_small_swarm_large,11,2,458728,3929,3,950,700,3,8,-19.438947677612305,0.0,0.0,0.0,0.07583333333333334,0.0,0,0,12,650,-1,-1,-1,0.0,0,0.0,0.0,0.0,0.0,2.116923076923077,2.5815384615384613,-29.935999999999705,0.0
stage2d_small_swarm_large,11,2,460678,3930,3,950,700,3,8,-24.879526138305664,0.0,0.0,0.0,0.1125,0.0,0,0,12,650,-1,-1,-1,0.0,0,0.0,0.0,0.0,0.0,2.143076923076923,2.4615384615384617,-29.515999999999668,0.0
stage2d_small_swarm_large,11,2,462628,3931,3,950,700,3,8,26.145475387573242,4.0,4.0,4.0,0.10583333333333333,0.0418620407109698,65,1,12,650,148,265,117,1.0,18,0.19384615384615383,0.3030769230769231,0.17692307692307693,-10.179999999999986,1.5815384615384616,1.8492307692307692,-21.951999999999828,0.006153846153846154
stage2d_small_swarm_large,11,2,464578,3932,3,950,700,3,8,-31.242692947387695,3.0,3.0,0.0,0.060833333333333336,0.25683864562378195,345,0,9,650,18,-1,-1,0.0,67,1.26,1.7030769230769232,1.1015384615384616,-58.59999999999983,0.11384615384615385,0.0,-0.8880000000000006,0.0
stage2d_small_swarm_large,11,2,466528,3933,3,950,700,3,8,-16.828062057495117,1.0,1.0,1.0,0.08083333333333333,0.15379054322970123,34,0,11,650,12,101,89,1.0,5,0.06307692307692307,0.08923076923076922,0.038461538461538464,-2.8200000000000016,2.5076923076923077,2.5076923076923077,-32.599999999999696,0.0015384615384615385
stage2d_small_swarm_large,11,2,468478,3934,3,950,700,3,8,-41.04147720336914,4.0,4.0,1.0,0.1325,0.17231451036450332,396,0,8,650,18,234,216,0.25,69,0.9784615384615385,1.4353846153846155,0.7830769230769231,-47.49999999999987,0.16,0.0,-1.2480000000000009,0.0015384615384615385
stage2d_small_swarm_large,11,2,470428,3935,3,950,700,3,8,-21.576650619506836,1.0,1.0,1.0,0.07833333333333334,0.11996574121861694,15,0,11,650,230,261,31,1.0,2,0.003076923076923077,0.024615384615384615,0.015384615384615385,-0.8400000000000003,2.463076923076923,2.6738461538461538,-33.11599999999966,0.0015384615384615385
stage2d_small_swarm_large,11,2,472378,3936,3,950,700,3,8,-12.497292518615723,0.0,0.0,0.0,0.10666666666666667,0.0,0,0,12,650,-1,-1,-1,0.0,0,0.0,0.0,0.0,0.0,1.0169230769230768,1.3415384615384616,-14.908000000000001,0.0
stage2d_small_swarm_large,11,2,474328,3937,3,950,700,3,8,36.47053146362305,5.0,5.0,5.0,0.10333333333333333,0.12705162960594185,87,1,11,650,31,123,92,1.0,17,0.06307692307692307,0.18461538461538463,0.11538461538461539,-6.299999999999993,2.313846153846154,2.3461538461538463,-30.247999999999646,0.007692307692307693
stage2d_small_swarm_large,11,2,476278,3938,3,950,700,3,8,-75.02876281738281,0.0,0.0,0.0,0.1475,0.0,0,0,12,650,-1,-1,-1,0.0,0,0.0,0.0,0.0,0.0,1.8353846153846154,1.8261538461538462,-23.811999999999898,0.0
stage2d_small_swarm_large,11,2,478228,3939,3,950,700,3,8,25.81462287902832,4.0,4.0,4.0,0.1225,0.14863684960760368,135,1,12,650,170,264,94,1.0,22,0.36615384615384616,0.5415384615384615,0.26615384615384613,-17.539999999999917,1.0569230769230769,0.9753846153846154,-13.31599999999994,0.006153846153846154
stage2d_small_swarm_large,11,2,480178,3940,3,950,700,3,8,-75.9791030883789,0.0,0.0,0.0,0.09333333333333334,0.0,0,0,12,650,-1,-1,-1,0.0,0,0.0,0.0,0.0,0.0,2.206153846153846,2.2046153846153844,-28.671999999999777,0.0
stage2d_small_swarm_large,11,2,482128,3941,3,950,700,3,8,-30.041086196899414,0.0,0.0,0.0,0.0725,0.0,0,0,12,650,-1,-1,-1,0.0,0,0.0,0.0,0.0,0.0,2.3615384615384616,2.5846153846153848,-31.859999999999665,0.0
stage2d_small_swarm_large,11,2,484078,3942,3,950,700,3,8,30.97115135192871,5.0,5.0,4.0,0.16416666666666666,0.0692663981515365,142,0,7,650,228,247,19,0.8,20,0.25846153846153846,0.4153846153846154,0.23692307692307693,-13.879999999999972,1.1153846153846154,1.4461538461538461,-16.219999999999928,0.006153846153846154
stage2d_small_swarm_large,11,2,486028,3943,3,950,700,3,8,14.620326042175293,4.0,4.0,4.0,0.09916666666666667,0.056526660793371354,20,1,12,650,127,138,11,1.0,4,0.018461538461538463,0.04923076923076923,0.03076923076923077,-1.6800000000000008,2.329230769230769,2.3461538461538463,-30.367999999999743,0.006153846153846154
stage2d_small_swarm_large,11,2,487978,3944,3,950,700,3,8,-9.090811729431152,1.0,1.0,1.0,0.0725,0.04040284745275783,28,0,11,650,16,124,108,1.0,10,0.04153846153846154,0.08923076923076922,0.05076923076923077,-2.980000000000002,2.683076923076923,2.6507692307692308,-34.71199999999981,0.0015384615384615385
stage2d_small_swarm_large,11,2,489928,3945,3,950,700,3,8,-45.67032241821289,0.0,0.0,0.0,0.1425,0.0,0,0,12,650,-1,-1,-1,0.0,0,0.0,0.0,0.0,0.0,2.08,2.0892307692307694,-27.087999999999766,0.0
stage2d_small_swarm_large,11,2,491878,3946,3,950,700,3,8,-18.512609481811523,0.0,0.0,0.0,0.1125,0.0,0,0,12,650,-1,-1,-1,0.0,0,0.0,0.0,0.0,0.0,2.3461538461538463,2.3046153846153845,-30.28399999999974,0.0
stage2d_small_swarm_large,11,2,493828,3947,3,950,700,3,8,31.918352127075195,4.0,4.0,4.0,0.15333333333333332,0.07158973033886212,45,1,12,650,188,217,29,1.0,6,0.03538461538461538,0.08153846153846153,0.055384615384615386,-2.840000000000002,1.7323076923076923,1.82,-22.975999999999864,0.006153846153846154
stage2d_small_swarm_large,11,2,495778,3948,3,950,700,3,8,-40.84580993652344,0.0,0.0,0.0,0.12083333333333333,0.0,0,0,12,650,-1,-1,-1,0.0,0,0.0,0.0,0.0,0.0,2.289230769230769,2.266153846153846,-29.639999999999773,0.0
stage3a_full_swarm_large,12,1,501856,3949,6,950,700,3,8,-12.262063026428223,8.0,8.0,8.0,0.14,0.16676960508686736,165,2,12,720,20,79,59,1.0,31,0.2388888888888889,0.44722222222222224,0.25277777777777777,-16.519999999999925,4.004166666666666,4.705555555555556,-61.69999999999967,0.011111111111111112
stage3a_full_swarm_large,12,1,506176,3950,6,950,700,3,8,-42.570491790771484,1.0,1.0,1.0,0.1625,0.0678947723387898,69,0,11,720,22,222,200,1.0,12,0.12083333333333333,0.19166666666666668,0.09722222222222222,-6.919999999999989,4.843055555555556,4.951388888888889,-70.36399999999965,0.001388888888888889
stage3a_full_swarm_large,12,1,510496,3951,6,950,700,3,8,-30.139076232910156,1.0,1.0,1.0,0.12,0.014729805844695807,85,0,11,720,7,227,220,1.0,17,0.08055555555555556,0.18472222222222223,0.09583333333333334,-6.699999999999992,4.144444444444445,4.9430555555555555,-64.27999999999939,0.001388888888888889
stage3a_full_swarm_large,12,1,514816,3952,6,950,700,3,8,-29.76885223388672,0.0,0.0,0.0,0.15833333333333333,0.0,0,0,12,720,-1,-1,-1,0.0,0,0.0,0.0,0.0,0.0,5.161111111111111,5.273611111111111,-74.96799999999979,0.0
stage3a_full_swarm_large,12,1,519136,3953,6,950,700,3,8,-28.539337158203125,1.0,1.0,1.0,0.15166666666666667,0.032395063000095196,143,0,11,720,104,479,375,1.0,28,0.15416666666666667,0.35555555555555557,0.18472222222222223,-12.899999999999952,2.9541666666666666,4.5472222222222225,-51.71600000000004,0.001388888888888889
stage3a_full_swarm_large,12,1,523456,3954,6,950,700,3,8,-33.90336227416992,4.0,4.0,4.0,0.11833333333333333,0.041681215314639745,24,1,12,720,6,17,11,1.0,9,0.05,0.09722222222222222,0.058333333333333334,-3.6400000000000023,4.947222222222222,5.301388888888889,-73.27999999999945,0.005555555555555556
stage3a_full_swarm_large,12,1,527776,3955,6,950,700,3,8,-10.6771240234375,4.0,4.0,4.0,0.22833333333333333,0.04782304056624761,21,1,12,720,73,88,15,1.0,9,0.06527777777777778,0.10833333333333334,0.0625,-4.020000000000003,4.075,4.4625,-60.91199999999949,0.005555555555555556
stage3a_full_swarm_large,12,1,532096,3956,6,950,700,3,8,-50.58425521850586,0.0,0.0,0.0,0.1525,0.0,0,0,12,720,-1,-1,-1,0.0,0,0.0,0.0,0.0,0.0,5.159722222222222,5.309722222222222,-75.16399999999979,0.0
stage3a_full_swarm_large,12,1,536416,3957,6,950,700,3,8,-50.8332633972168,0.0,0.0,0.0,0.18,0.0,0,0,12,720,-1,-1,-1,0.0,0,0.0,0.0,0.0,0.0,3.35,4.030555555555556,-52.15999999999987,0.0
stage3a_full_swarm_large,12,1,540736,3958,6,950,700,3,8,-25.343942642211914,0.0,0.0,0.0,0.145,0.0,0,0,12,720,-1,-1,-1,0.0,0,0.0,0.0,0.0,0.0,4.194444444444445,5.2,-66.19199999999964,0.0
stage3a_full_swarm_large,12,1,545056,3959,6,950,700,3,8,-17.1956729888916,5.0,5.0,5.0,0.18666666666666668,0.10397932087881026,118,1,11,720,36,141,105,1.0,20,0.2111111111111111,0.3472222222222222,0.2013888888888889,-12.89999999999999,2.8430555555555554,3.5708333333333333,-45.131999999999984,0.006944444444444444
stage3a_full_swarm_large,12,1,549376,3960,6,950,700,3,8,-31.543134689331055,0.0,0.0,0.0,0.17583333333333334,0.0,0,0,12,720,-1,-1,-1,0.0,0,0.0,0.0,0.0,0.0,3.011111111111111,4.0472222222222225,-49.32799999999997,0.0
stage3a_full_swarm_large,12,1,553696,3961,6,950,700,3,8,-21.594484329223633,1.0,1.0,0.0,0.14583333333333334,0.05419861333570292,60,0,11,720,439,-1,-1,0.0,19,0.17916666666666667,0.2861111111111111,0.21944444444444444,-11.39999999999999,2.783333333333333,4.205555555555556,-48.27200000000002,0.0
stage3a_full_swarm_large,12,1,558016,3962,6,950,700,3,8,-39.47914123535156,0.0,0.0,0.0,0.1675,0.0,0,0,12,720,-1,-1,-1,0.0,0,0.0,0.0,0.0,0.0,3.4458333333333333,4.498611111111111,-55.68400000000004,0.0
stage3a_full_swarm_large,12,1,562336,3963,6,950,700,3,8,-39.80214309692383,1.0,1.0,1.0,0.16083333333333333,0.000689723385935563,16,0,11,720,18,65,47,1.0,1,0.005555555555555556,0.025,0.016666666666666666,-0.9600000000000004,3.088888888888889,4.259722222222222,-51.22399999999992,0.001388888888888889
stage3a_full_swarm_large,12,1,566656,3964,6,950,700,3,8,-80.60944366455078,7.0,7.0,3.0,0.14916666666666667,0.14652584613598904,88,1,9,720,308,411,103,0.42857142857142855,13,0.09722222222222222,0.19722222222222222,0.13055555555555556,-7.559999999999991,2.186111111111111,3.5652777777777778,-39.42399999999996,0.004166666666666667
stage3a_full_swarm_large,12,1,570976,3965,6,950,700,3,8,-35.746944427490234,0.0,0.0,0.0,0.14666666666666667,0.0,0,0,12,720,-1,-1,-1,0.0,0,0.0,0.0,0.0,0.0,3.6930555555555555,4.781944444444444,-59.45199999999961,0.0
stage3a_full_swarm_large,12,1,575296,3966,6,950,700,3,8,-87.38513946533203,4.0,4.0,4.0,0.16083333333333333,0.11699694091172812,162,1,12,720,30,339,309,1.0,51,0.6319444444444444,0.9069444444444444,0.5611111111111111,-34.19999999999998,1.3888888888888888,1.2805555555555554,-19.37599999999996,0.005555555555555556
stage3a_full_swarm_large,12,1,579616,3967,6,950,700,3,8,-8.29178237915039,4.0,4.0,4.0,0.16583333333333333,0.12532581964467815,179,1,12,720,175,468,293,1.0,51,0.5111111111111111,0.8388888888888889,0.5569444444444445,-32.17999999999989,2.0833333333333335,3.025,-35.42399999999983,0.005555555555555556
stage3b_full_swarm_final,13,1,585280,3968,6,1400,950,3,18,-45.74209976196289,0.0,0.0,0.0,0.07288135593220339,0.0,0,0,12,800,-1,-1,-1,0.0,0,0.0,0.0,0.0,0.0,4.9675,5.15125,-96.84600000000043,0.0
stage3b_full_swarm_final,13,1,590080,3969,6,1400,950,3,18,-79.87071990966797,0.0,0.0,0.0,0.08305084745762711,0.0,0,0,12,800,-1,-1,-1,0.0,0,0.0,0.0,0.0,0.0,5.24375,5.33375,-101.40000000000089,0.0
stage3b_full_swarm_final,13,1,594880,3970,6,1400,950,3,18,-104.0014877319336,0.0,0.0,0.0,0.12372881355932204,0.0,0,0,12,800,-1,-1,-1,0.0,0,0.0,0.0,0.0,0.0,4.24625,4.22125,-81.32800000000005,0.0
stage3b_full_swarm_final,13,1,599680,3971,6,1400,950,3,18,-112.76629638671875,1.0,1.0,1.0,0.10338983050847457,0.021230581876734503,79,0,11,800,53,271,218,1.0,11,0.09625,0.2025,0.155,-8.959999999999983,3.97125,3.975,-76.2779999999999,0.00125
